timestamp,Date,Hour,Year,Month Name,Day Name
01/01/2025 0:00,01/01/2025,0,2025,January,Wednesday
01/01/2025 1:00,01/01/2025,1,2025,January,Wednesday
01/01/2025 2:00,01/01/2025,2,2025,January,Wednesday
01/01/2025 3:00,01/01/2025,3,2025,January,Wednesday
01/01/2025 4:00,01/01/2025,4,2025,January,Wednesday
01/01/2025 5:00,01/01/2025,5,2025,January,Wednesday
01/01/2025 6:00,01/01/2025,6,2025,January,Wednesday
01/01/2025 7:00,01/01/2025,7,2025,January,Wednesday
01/01/2025 8:00,01/01/2025,8,2025,January,Wednesday
01/01/2025 9:00,01/01/2025,9,2025,January,Wednesday
01/01/2025 10:00,01/01/2025,10,2025,January,Wednesday
01/01/2025 11:00,01/01/2025,11,2025,January,Wednesday
01/01/2025 12:00,01/01/2025,12,2025,January,Wednesday
01/01/2025 13:00,01/01/2025,13,2025,January,Wednesday
01/01/2025 14:00,01/01/2025,14,2025,January,Wednesday
01/01/2025 15:00,01/01/2025,15,2025,January,Wednesday
01/01/2025 16:00,01/01/2025,16,2025,January,Wednesday
01/01/2025 17:00,01/01/2025,17,2025,January,Wednesday
01/01/2025 18:00,01/01/2025,18,2025,January,Wednesday
01/01/2025 19:00,01/01/2025,19,2025,January,Wednesday
01/01/2025 20:00,01/01/2025,20,2025,January,Wednesday
01/01/2025 21:00,01/01/2025,21,2025,January,Wednesday
01/01/2025 22:00,01/01/2025,22,2025,January,Wednesday
01/01/2025 23:00,01/01/2025,23,2025,January,Wednesday
02/01/2025 0:00,02/01/2025,0,2025,January,Thursday
02/01/2025 1:00,02/01/2025,1,2025,January,Thursday
02/01/2025 2:00,02/01/2025,2,2025,January,Thursday
02/01/2025 3:00,02/01/2025,3,2025,January,Thursday
02/01/2025 4:00,02/01/2025,4,2025,January,Thursday
02/01/2025 5:00,02/01/2025,5,2025,January,Thursday
02/01/2025 6:00,02/01/2025,6,2025,January,Thursday
02/01/2025 7:00,02/01/2025,7,2025,January,Thursday
02/01/2025 8:00,02/01/2025,8,2025,January,Thursday
02/01/2025 9:00,02/01/2025,9,2025,January,Thursday
02/01/2025 10:00,02/01/2025,10,2025,January,Thursday
02/01/2025 11:00,02/01/2025,11,2025,January,Thursday
02/01/2025 12:00,02/01/2025,12,2025,January,Thursday
02/01/2025 13:00,02/01/2025,13,2025,January,Thursday
02/01/2025 14:00,02/01/2025,14,2025,January,Thursday
02/01/2025 15:00,02/01/2025,15,2025,January,Thursday
02/01/2025 16:00,02/01/2025,16,2025,January,Thursday
02/01/2025 17:00,02/01/2025,17,2025,January,Thursday
02/01/2025 18:00,02/01/2025,18,2025,January,Thursday
02/01/2025 19:00,02/01/2025,19,2025,January,Thursday
02/01/2025 20:00,02/01/2025,20,2025,January,Thursday
02/01/2025 21:00,02/01/2025,21,2025,January,Thursday
02/01/2025 22:00,02/01/2025,22,2025,January,Thursday
02/01/2025 23:00,02/01/2025,23,2025,January,Thursday
03/01/2025 0:00,03/01/2025,0,2025,January,Friday
03/01/2025 1:00,03/01/2025,1,2025,January,Friday
03/01/2025 2:00,03/01/2025,2,2025,January,Friday
03/01/2025 3:00,03/01/2025,3,2025,January,Friday
03/01/2025 4:00,03/01/2025,4,2025,January,Friday
03/01/2025 5:00,03/01/2025,5,2025,January,Friday
03/01/2025 6:00,03/01/2025,6,2025,January,Friday
03/01/2025 7:00,03/01/2025,7,2025,January,Friday
03/01/2025 8:00,03/01/2025,8,2025,January,Friday
03/01/2025 9:00,03/01/2025,9,2025,January,Friday
03/01/2025 10:00,03/01/2025,10,2025,January,Friday
03/01/2025 11:00,03/01/2025,11,2025,January,Friday
03/01/2025 12:00,03/01/2025,12,2025,January,Friday
03/01/2025 13:00,03/01/2025,13,2025,January,Friday
03/01/2025 14:00,03/01/2025,14,2025,January,Friday
03/01/2025 15:00,03/01/2025,15,2025,January,Friday
03/01/2025 16:00,03/01/2025,16,2025,January,Friday
03/01/2025 17:00,03/01/2025,17,2025,January,Friday
03/01/2025 18:00,03/01/2025,18,2025,January,Friday
03/01/2025 19:00,03/01/2025,19,2025,January,Friday
03/01/2025 20:00,03/01/2025,20,2025,January,Friday
03/01/2025 21:00,03/01/2025,21,2025,January,Friday
03/01/2025 22:00,03/01/2025,22,2025,January,Friday
03/01/2025 23:00,03/01/2025,23,2025,January,Friday
04/01/2025 0:00,04/01/2025,0,2025,January,Saturday
04/01/2025 1:00,04/01/2025,1,2025,January,Saturday
04/01/2025 2:00,04/01/2025,2,2025,January,Saturday
04/01/2025 3:00,04/01/2025,3,2025,January,Saturday
04/01/2025 4:00,04/01/2025,4,2025,January,Saturday
04/01/2025 5:00,04/01/2025,5,2025,January,Saturday
04/01/2025 6:00,04/01/2025,6,2025,January,Saturday
04/01/2025 7:00,04/01/2025,7,2025,January,Saturday
04/01/2025 8:00,04/01/2025,8,2025,January,Saturday
04/01/2025 9:00,04/01/2025,9,2025,January,Saturday
04/01/2025 10:00,04/01/2025,10,2025,January,Saturday
04/01/2025 11:00,04/01/2025,11,2025,January,Saturday
04/01/2025 12:00,04/01/2025,12,2025,January,Saturday
04/01/2025 13:00,04/01/2025,13,2025,January,Saturday
04/01/2025 14:00,04/01/2025,14,2025,January,Saturday
04/01/2025 15:00,04/01/2025,15,2025,January,Saturday
04/01/2025 16:00,04/01/2025,16,2025,January,Saturday
04/01/2025 17:00,04/01/2025,17,2025,January,Saturday
04/01/2025 18:00,04/01/2025,18,2025,January,Saturday
04/01/2025 19:00,04/01/2025,19,2025,January,Saturday
04/01/2025 20:00,04/01/2025,20,2025,January,Saturday
04/01/2025 21:00,04/01/2025,21,2025,January,Saturday
04/01/2025 22:00,04/01/2025,22,2025,January,Saturday
04/01/2025 23:00,04/01/2025,23,2025,January,Saturday
05/01/2025 0:00,05/01/2025,0,2025,January,Sunday
05/01/2025 1:00,05/01/2025,1,2025,January,Sunday
05/01/2025 2:00,05/01/2025,2,2025,January,Sunday
05/01/2025 3:00,05/01/2025,3,2025,January,Sunday
05/01/2025 4:00,05/01/2025,4,2025,January,Sunday
05/01/2025 5:00,05/01/2025,5,2025,January,Sunday
05/01/2025 6:00,05/01/2025,6,2025,January,Sunday
05/01/2025 7:00,05/01/2025,7,2025,January,Sunday
05/01/2025 8:00,05/01/2025,8,2025,January,Sunday
05/01/2025 9:00,05/01/2025,9,2025,January,Sunday
05/01/2025 10:00,05/01/2025,10,2025,January,Sunday
05/01/2025 11:00,05/01/2025,11,2025,January,Sunday
05/01/2025 12:00,05/01/2025,12,2025,January,Sunday
05/01/2025 13:00,05/01/2025,13,2025,January,Sunday
05/01/2025 14:00,05/01/2025,14,2025,January,Sunday
05/01/2025 15:00,05/01/2025,15,2025,January,Sunday
05/01/2025 16:00,05/01/2025,16,2025,January,Sunday
05/01/2025 17:00,05/01/2025,17,2025,January,Sunday
05/01/2025 18:00,05/01/2025,18,2025,January,Sunday
05/01/2025 19:00,05/01/2025,19,2025,January,Sunday
05/01/2025 20:00,05/01/2025,20,2025,January,Sunday
05/01/2025 21:00,05/01/2025,21,2025,January,Sunday
05/01/2025 22:00,05/01/2025,22,2025,January,Sunday
05/01/2025 23:00,05/01/2025,23,2025,January,Sunday
06/01/2025 0:00,06/01/2025,0,2025,January,Monday
06/01/2025 1:00,06/01/2025,1,2025,January,Monday
06/01/2025 2:00,06/01/2025,2,2025,January,Monday
06/01/2025 3:00,06/01/2025,3,2025,January,Monday
06/01/2025 4:00,06/01/2025,4,2025,January,Monday
06/01/2025 5:00,06/01/2025,5,2025,January,Monday
06/01/2025 6:00,06/01/2025,6,2025,January,Monday
06/01/2025 7:00,06/01/2025,7,2025,January,Monday
06/01/2025 8:00,06/01/2025,8,2025,January,Monday
06/01/2025 9:00,06/01/2025,9,2025,January,Monday
06/01/2025 10:00,06/01/2025,10,2025,January,Monday
06/01/2025 11:00,06/01/2025,11,2025,January,Monday
06/01/2025 12:00,06/01/2025,12,2025,January,Monday
06/01/2025 13:00,06/01/2025,13,2025,January,Monday
06/01/2025 14:00,06/01/2025,14,2025,January,Monday
06/01/2025 15:00,06/01/2025,15,2025,January,Monday
06/01/2025 16:00,06/01/2025,16,2025,January,Monday
06/01/2025 17:00,06/01/2025,17,2025,January,Monday
06/01/2025 18:00,06/01/2025,18,2025,January,Monday
06/01/2025 19:00,06/01/2025,19,2025,January,Monday
06/01/2025 20:00,06/01/2025,20,2025,January,Monday
06/01/2025 21:00,06/01/2025,21,2025,January,Monday
06/01/2025 22:00,06/01/2025,22,2025,January,Monday
06/01/2025 23:00,06/01/2025,23,2025,January,Monday
07/01/2025 0:00,07/01/2025,0,2025,January,Tuesday
07/01/2025 1:00,07/01/2025,1,2025,January,Tuesday
07/01/2025 2:00,07/01/2025,2,2025,January,Tuesday
07/01/2025 3:00,07/01/2025,3,2025,January,Tuesday
07/01/2025 4:00,07/01/2025,4,2025,January,Tuesday
07/01/2025 5:00,07/01/2025,5,2025,January,Tuesday
07/01/2025 6:00,07/01/2025,6,2025,January,Tuesday
07/01/2025 7:00,07/01/2025,7,2025,January,Tuesday
07/01/2025 8:00,07/01/2025,8,2025,January,Tuesday
07/01/2025 9:00,07/01/2025,9,2025,January,Tuesday
07/01/2025 10:00,07/01/2025,10,2025,January,Tuesday
07/01/2025 11:00,07/01/2025,11,2025,January,Tuesday
07/01/2025 12:00,07/01/2025,12,2025,January,Tuesday
07/01/2025 13:00,07/01/2025,13,2025,January,Tuesday
07/01/2025 14:00,07/01/2025,14,2025,January,Tuesday
07/01/2025 15:00,07/01/2025,15,2025,January,Tuesday
07/01/2025 16:00,07/01/2025,16,2025,January,Tuesday
07/01/2025 17:00,07/01/2025,17,2025,January,Tuesday
07/01/2025 18:00,07/01/2025,18,2025,January,Tuesday
07/01/2025 19:00,07/01/2025,19,2025,January,Tuesday
07/01/2025 20:00,07/01/2025,20,2025,January,Tuesday
07/01/2025 21:00,07/01/2025,21,2025,January,Tuesday
07/01/2025 22:00,07/01/2025,22,2025,January,Tuesday
07/01/2025 23:00,07/01/2025,23,2025,January,Tuesday
08/01/2025 0:00,08/01/2025,0,2025,January,Wednesday
08/01/2025 1:00,08/01/2025,1,2025,January,Wednesday
08/01/2025 2:00,08/01/2025,2,2025,January,Wednesday
08/01/2025 3:00,08/01/2025,3,2025,January,Wednesday
08/01/2025 4:00,08/01/2025,4,2025,January,Wednesday
08/01/2025 5:00,08/01/2025,5,2025,January,Wednesday
08/01/2025 6:00,08/01/2025,6,2025,January,Wednesday
08/01/2025 7:00,08/01/2025,7,2025,January,Wednesday
08/01/2025 8:00,08/01/2025,8,2025,January,Wednesday
08/01/2025 9:00,08/01/2025,9,2025,January,Wednesday
08/01/2025 10:00,08/01/2025,10,2025,January,Wednesday
08/01/2025 11:00,08/01/2025,11,2025,January,Wednesday
08/01/2025 12:00,08/01/2025,12,2025,January,Wednesday
08/01/2025 13:00,08/01/2025,13,2025,January,Wednesday
08/01/2025 14:00,08/01/2025,14,2025,January,Wednesday
08/01/2025 15:00,08/01/2025,15,2025,January,Wednesday
08/01/2025 16:00,08/01/2025,16,2025,January,Wednesday
08/01/2025 17:00,08/01/2025,17,2025,January,Wednesday
08/01/2025 18:00,08/01/2025,18,2025,January,Wednesday
08/01/2025 19:00,08/01/2025,19,2025,January,Wednesday
08/01/2025 20:00,08/01/2025,20,2025,January,Wednesday
08/01/2025 21:00,08/01/2025,21,2025,January,Wednesday
08/01/2025 22:00,08/01/2025,22,2025,January,Wednesday
08/01/2025 23:00,08/01/2025,23,2025,January,Wednesday
09/01/2025 0:00,09/01/2025,0,2025,January,Thursday
09/01/2025 1:00,09/01/2025,1,2025,January,Thursday
09/01/2025 2:00,09/01/2025,2,2025,January,Thursday
09/01/2025 3:00,09/01/2025,3,2025,January,Thursday
09/01/2025 4:00,09/01/2025,4,2025,January,Thursday
09/01/2025 5:00,09/01/2025,5,2025,January,Thursday
09/01/2025 6:00,09/01/2025,6,2025,January,Thursday
09/01/2025 7:00,09/01/2025,7,2025,January,Thursday
09/01/2025 8:00,09/01/2025,8,2025,January,Thursday
09/01/2025 9:00,09/01/2025,9,2025,January,Thursday
09/01/2025 10:00,09/01/2025,10,2025,January,Thursday
09/01/2025 11:00,09/01/2025,11,2025,January,Thursday
09/01/2025 12:00,09/01/2025,12,2025,January,Thursday
09/01/2025 13:00,09/01/2025,13,2025,January,Thursday
09/01/2025 14:00,09/01/2025,14,2025,January,Thursday
09/01/2025 15:00,09/01/2025,15,2025,January,Thursday
09/01/2025 16:00,09/01/2025,16,2025,January,Thursday
09/01/2025 17:00,09/01/2025,17,2025,January,Thursday
09/01/2025 18:00,09/01/2025,18,2025,January,Thursday
09/01/2025 19:00,09/01/2025,19,2025,January,Thursday
09/01/2025 20:00,09/01/2025,20,2025,January,Thursday
09/01/2025 21:00,09/01/2025,21,2025,January,Thursday
09/01/2025 22:00,09/01/2025,22,2025,January,Thursday
09/01/2025 23:00,09/01/2025,23,2025,January,Thursday
10/01/2025 0:00,10/01/2025,0,2025,January,Friday
10/01/2025 1:00,10/01/2025,1,2025,January,Friday
10/01/2025 2:00,10/01/2025,2,2025,January,Friday
10/01/2025 3:00,10/01/2025,3,2025,January,Friday
10/01/2025 4:00,10/01/2025,4,2025,January,Friday
10/01/2025 5:00,10/01/2025,5,2025,January,Friday
10/01/2025 6:00,10/01/2025,6,2025,January,Friday
10/01/2025 7:00,10/01/2025,7,2025,January,Friday
10/01/2025 8:00,10/01/2025,8,2025,January,Friday
10/01/2025 9:00,10/01/2025,9,2025,January,Friday
10/01/2025 10:00,10/01/2025,10,2025,January,Friday
10/01/2025 11:00,10/01/2025,11,2025,January,Friday
10/01/2025 12:00,10/01/2025,12,2025,January,Friday
10/01/2025 13:00,10/01/2025,13,2025,January,Friday
10/01/2025 14:00,10/01/2025,14,2025,January,Friday
10/01/2025 15:00,10/01/2025,15,2025,January,Friday
10/01/2025 16:00,10/01/2025,16,2025,January,Friday
10/01/2025 17:00,10/01/2025,17,2025,January,Friday
10/01/2025 18:00,10/01/2025,18,2025,January,Friday
10/01/2025 19:00,10/01/2025,19,2025,January,Friday
10/01/2025 20:00,10/01/2025,20,2025,January,Friday
10/01/2025 21:00,10/01/2025,21,2025,January,Friday
10/01/2025 22:00,10/01/2025,22,2025,January,Friday
10/01/2025 23:00,10/01/2025,23,2025,January,Friday
11/01/2025 0:00,11/01/2025,0,2025,January,Saturday
11/01/2025 1:00,11/01/2025,1,2025,January,Saturday
11/01/2025 2:00,11/01/2025,2,2025,January,Saturday
11/01/2025 3:00,11/01/2025,3,2025,January,Saturday
11/01/2025 4:00,11/01/2025,4,2025,January,Saturday
11/01/2025 5:00,11/01/2025,5,2025,January,Saturday
11/01/2025 6:00,11/01/2025,6,2025,January,Saturday
11/01/2025 7:00,11/01/2025,7,2025,January,Saturday
11/01/2025 8:00,11/01/2025,8,2025,January,Saturday
11/01/2025 9:00,11/01/2025,9,2025,January,Saturday
11/01/2025 10:00,11/01/2025,10,2025,January,Saturday
11/01/2025 11:00,11/01/2025,11,2025,January,Saturday
11/01/2025 12:00,11/01/2025,12,2025,January,Saturday
11/01/2025 13:00,11/01/2025,13,2025,January,Saturday
11/01/2025 14:00,11/01/2025,14,2025,January,Saturday
11/01/2025 15:00,11/01/2025,15,2025,January,Saturday
11/01/2025 16:00,11/01/2025,16,2025,January,Saturday
11/01/2025 17:00,11/01/2025,17,2025,January,Saturday
11/01/2025 18:00,11/01/2025,18,2025,January,Saturday
11/01/2025 19:00,11/01/2025,19,2025,January,Saturday
11/01/2025 20:00,11/01/2025,20,2025,January,Saturday
11/01/2025 21:00,11/01/2025,21,2025,January,Saturday
11/01/2025 22:00,11/01/2025,22,2025,January,Saturday
11/01/2025 23:00,11/01/2025,23,2025,January,Saturday
12/01/2025 0:00,12/01/2025,0,2025,January,Sunday
12/01/2025 1:00,12/01/2025,1,2025,January,Sunday
12/01/2025 2:00,12/01/2025,2,2025,January,Sunday
12/01/2025 3:00,12/01/2025,3,2025,January,Sunday
12/01/2025 4:00,12/01/2025,4,2025,January,Sunday
12/01/2025 5:00,12/01/2025,5,2025,January,Sunday
12/01/2025 6:00,12/01/2025,6,2025,January,Sunday
12/01/2025 7:00,12/01/2025,7,2025,January,Sunday
12/01/2025 8:00,12/01/2025,8,2025,January,Sunday
12/01/2025 9:00,12/01/2025,9,2025,January,Sunday
12/01/2025 10:00,12/01/2025,10,2025,January,Sunday
12/01/2025 11:00,12/01/2025,11,2025,January,Sunday
12/01/2025 12:00,12/01/2025,12,2025,January,Sunday
12/01/2025 13:00,12/01/2025,13,2025,January,Sunday
12/01/2025 14:00,12/01/2025,14,2025,January,Sunday
12/01/2025 15:00,12/01/2025,15,2025,January,Sunday
12/01/2025 16:00,12/01/2025,16,2025,January,Sunday
12/01/2025 17:00,12/01/2025,17,2025,January,Sunday
12/01/2025 18:00,12/01/2025,18,2025,January,Sunday
12/01/2025 19:00,12/01/2025,19,2025,January,Sunday
12/01/2025 20:00,12/01/2025,20,2025,January,Sunday
12/01/2025 21:00,12/01/2025,21,2025,January,Sunday
12/01/2025 22:00,12/01/2025,22,2025,January,Sunday
12/01/2025 23:00,12/01/2025,23,2025,January,Sunday
13/01/2025 0:00,13/01/2025,0,2025,January,Monday
13/01/2025 1:00,13/01/2025,1,2025,January,Monday
13/01/2025 2:00,13/01/2025,2,2025,January,Monday
13/01/2025 3:00,13/01/2025,3,2025,January,Monday
13/01/2025 4:00,13/01/2025,4,2025,January,Monday
13/01/2025 5:00,13/01/2025,5,2025,January,Monday
13/01/2025 6:00,13/01/2025,6,2025,January,Monday
13/01/2025 7:00,13/01/2025,7,2025,January,Monday
13/01/2025 8:00,13/01/2025,8,2025,January,Monday
13/01/2025 9:00,13/01/2025,9,2025,January,Monday
13/01/2025 10:00,13/01/2025,10,2025,January,Monday
13/01/2025 11:00,13/01/2025,11,2025,January,Monday
13/01/2025 12:00,13/01/2025,12,2025,January,Monday
13/01/2025 13:00,13/01/2025,13,2025,January,Monday
13/01/2025 14:00,13/01/2025,14,2025,January,Monday
13/01/2025 15:00,13/01/2025,15,2025,January,Monday
13/01/2025 16:00,13/01/2025,16,2025,January,Monday
13/01/2025 17:00,13/01/2025,17,2025,January,Monday
13/01/2025 18:00,13/01/2025,18,2025,January,Monday
13/01/2025 19:00,13/01/2025,19,2025,January,Monday
13/01/2025 20:00,13/01/2025,20,2025,January,Monday
13/01/2025 21:00,13/01/2025,21,2025,January,Monday
13/01/2025 22:00,13/01/2025,22,2025,January,Monday
13/01/2025 23:00,13/01/2025,23,2025,January,Monday
14/01/2025 0:00,14/01/2025,0,2025,January,Tuesday
14/01/2025 1:00,14/01/2025,1,2025,January,Tuesday
14/01/2025 2:00,14/01/2025,2,2025,January,Tuesday
14/01/2025 3:00,14/01/2025,3,2025,January,Tuesday
14/01/2025 4:00,14/01/2025,4,2025,January,Tuesday
14/01/2025 5:00,14/01/2025,5,2025,January,Tuesday
14/01/2025 6:00,14/01/2025,6,2025,January,Tuesday
14/01/2025 7:00,14/01/2025,7,2025,January,Tuesday
14/01/2025 8:00,14/01/2025,8,2025,January,Tuesday
14/01/2025 9:00,14/01/2025,9,2025,January,Tuesday
14/01/2025 10:00,14/01/2025,10,2025,January,Tuesday
14/01/2025 11:00,14/01/2025,11,2025,January,Tuesday
14/01/2025 12:00,14/01/2025,12,2025,January,Tuesday
14/01/2025 13:00,14/01/2025,13,2025,January,Tuesday
14/01/2025 14:00,14/01/2025,14,2025,January,Tuesday
14/01/2025 15:00,14/01/2025,15,2025,January,Tuesday
14/01/2025 16:00,14/01/2025,16,2025,January,Tuesday
14/01/2025 17:00,14/01/2025,17,2025,January,Tuesday
14/01/2025 19:00,14/01/2025,19,2025,January,Tuesday
14/01/2025 20:00,14/01/2025,20,2025,January,Tuesday
14/01/2025 21:00,14/01/2025,21,2025,January,Tuesday
14/01/2025 22:00,14/01/2025,22,2025,January,Tuesday
14/01/2025 23:00,14/01/2025,23,2025,January,Tuesday
15/01/2025 0:00,15/01/2025,0,2025,January,Wednesday
15/01/2025 1:00,15/01/2025,1,2025,January,Wednesday
15/01/2025 2:00,15/01/2025,2,2025,January,Wednesday
15/01/2025 3:00,15/01/2025,3,2025,January,Wednesday
15/01/2025 4:00,15/01/2025,4,2025,January,Wednesday
15/01/2025 5:00,15/01/2025,5,2025,January,Wednesday
15/01/2025 6:00,15/01/2025,6,2025,January,Wednesday
15/01/2025 7:00,15/01/2025,7,2025,January,Wednesday
15/01/2025 8:00,15/01/2025,8,2025,January,Wednesday
15/01/2025 9:00,15/01/2025,9,2025,January,Wednesday
15/01/2025 10:00,15/01/2025,10,2025,January,Wednesday
15/01/2025 11:00,15/01/2025,11,2025,January,Wednesday
15/01/2025 12:00,15/01/2025,12,2025,January,Wednesday
15/01/2025 13:00,15/01/2025,13,2025,January,Wednesday
15/01/2025 14:00,15/01/2025,14,2025,January,Wednesday
15/01/2025 15:00,15/01/2025,15,2025,January,Wednesday
15/01/2025 16:00,15/01/2025,16,2025,January,Wednesday
15/01/2025 17:00,15/01/2025,17,2025,January,Wednesday
15/01/2025 18:00,15/01/2025,18,2025,January,Wednesday
15/01/2025 19:00,15/01/2025,19,2025,January,Wednesday
15/01/2025 20:00,15/01/2025,20,2025,January,Wednesday
15/01/2025 21:00,15/01/2025,21,2025,January,Wednesday
15/01/2025 22:00,15/01/2025,22,2025,January,Wednesday
15/01/2025 23:00,15/01/2025,23,2025,January,Wednesday
16/01/2025 0:00,16/01/2025,0,2025,January,Thursday
16/01/2025 1:00,16/01/2025,1,2025,January,Thursday
16/01/2025 2:00,16/01/2025,2,2025,January,Thursday
16/01/2025 3:00,16/01/2025,3,2025,January,Thursday
16/01/2025 4:00,16/01/2025,4,2025,January,Thursday
16/01/2025 5:00,16/01/2025,5,2025,January,Thursday
16/01/2025 6:00,16/01/2025,6,2025,January,Thursday
16/01/2025 7:00,16/01/2025,7,2025,January,Thursday
16/01/2025 8:00,16/01/2025,8,2025,January,Thursday
16/01/2025 9:00,16/01/2025,9,2025,January,Thursday
16/01/2025 10:00,16/01/2025,10,2025,January,Thursday
16/01/2025 11:00,16/01/2025,11,2025,January,Thursday
16/01/2025 12:00,16/01/2025,12,2025,January,Thursday
16/01/2025 13:00,16/01/2025,13,2025,January,Thursday
16/01/2025 14:00,16/01/2025,14,2025,January,Thursday
16/01/2025 15:00,16/01/2025,15,2025,January,Thursday
16/01/2025 16:00,16/01/2025,16,2025,January,Thursday
16/01/2025 17:00,16/01/2025,17,2025,January,Thursday
16/01/2025 18:00,16/01/2025,18,2025,January,Thursday
16/01/2025 19:00,16/01/2025,19,2025,January,Thursday
16/01/2025 20:00,16/01/2025,20,2025,January,Thursday
16/01/2025 21:00,16/01/2025,21,2025,January,Thursday
16/01/2025 22:00,16/01/2025,22,2025,January,Thursday
16/01/2025 23:00,16/01/2025,23,2025,January,Thursday
17/01/2025 0:00,17/01/2025,0,2025,January,Friday
17/01/2025 1:00,17/01/2025,1,2025,January,Friday
17/01/2025 2:00,17/01/2025,2,2025,January,Friday
17/01/2025 3:00,17/01/2025,3,2025,January,Friday
17/01/2025 4:00,17/01/2025,4,2025,January,Friday
17/01/2025 5:00,17/01/2025,5,2025,January,Friday
17/01/2025 6:00,17/01/2025,6,2025,January,Friday
17/01/2025 7:00,17/01/2025,7,2025,January,Friday
17/01/2025 8:00,17/01/2025,8,2025,January,Friday
17/01/2025 9:00,17/01/2025,9,2025,January,Friday
17/01/2025 10:00,17/01/2025,10,2025,January,Friday
17/01/2025 11:00,17/01/2025,11,2025,January,Friday
17/01/2025 12:00,17/01/2025,12,2025,January,Friday
17/01/2025 13:00,17/01/2025,13,2025,January,Friday
17/01/2025 14:00,17/01/2025,14,2025,January,Friday
17/01/2025 15:00,17/01/2025,15,2025,January,Friday
17/01/2025 16:00,17/01/2025,16,2025,January,Friday
17/01/2025 17:00,17/01/2025,17,2025,January,Friday
17/01/2025 18:00,17/01/2025,18,2025,January,Friday
17/01/2025 19:00,17/01/2025,19,2025,January,Friday
17/01/2025 20:00,17/01/2025,20,2025,January,Friday
17/01/2025 21:00,17/01/2025,21,2025,January,Friday
17/01/2025 22:00,17/01/2025,22,2025,January,Friday
17/01/2025 23:00,17/01/2025,23,2025,January,Friday
18/01/2025 0:00,18/01/2025,0,2025,January,Saturday
18/01/2025 1:00,18/01/2025,1,2025,January,Saturday
18/01/2025 2:00,18/01/2025,2,2025,January,Saturday
18/01/2025 3:00,18/01/2025,3,2025,January,Saturday
18/01/2025 4:00,18/01/2025,4,2025,January,Saturday
18/01/2025 5:00,18/01/2025,5,2025,January,Saturday
18/01/2025 6:00,18/01/2025,6,2025,January,Saturday
18/01/2025 7:00,18/01/2025,7,2025,January,Saturday
18/01/2025 8:00,18/01/2025,8,2025,January,Saturday
18/01/2025 9:00,18/01/2025,9,2025,January,Saturday
18/01/2025 10:00,18/01/2025,10,2025,January,Saturday
18/01/2025 11:00,18/01/2025,11,2025,January,Saturday
18/01/2025 12:00,18/01/2025,12,2025,January,Saturday
18/01/2025 13:00,18/01/2025,13,2025,January,Saturday
18/01/2025 14:00,18/01/2025,14,2025,January,Saturday
18/01/2025 15:00,18/01/2025,15,2025,January,Saturday
18/01/2025 16:00,18/01/2025,16,2025,January,Saturday
18/01/2025 17:00,18/01/2025,17,2025,January,Saturday
18/01/2025 18:00,18/01/2025,18,2025,January,Saturday
18/01/2025 19:00,18/01/2025,19,2025,January,Saturday
18/01/2025 20:00,18/01/2025,20,2025,January,Saturday
18/01/2025 21:00,18/01/2025,21,2025,January,Saturday
18/01/2025 22:00,18/01/2025,22,2025,January,Saturday
18/01/2025 23:00,18/01/2025,23,2025,January,Saturday
19/01/2025 0:00,19/01/2025,0,2025,January,Sunday
19/01/2025 1:00,19/01/2025,1,2025,January,Sunday
19/01/2025 2:00,19/01/2025,2,2025,January,Sunday
19/01/2025 3:00,19/01/2025,3,2025,January,Sunday
19/01/2025 4:00,19/01/2025,4,2025,January,Sunday
19/01/2025 5:00,19/01/2025,5,2025,January,Sunday
19/01/2025 6:00,19/01/2025,6,2025,January,Sunday
19/01/2025 7:00,19/01/2025,7,2025,January,Sunday
19/01/2025 8:00,19/01/2025,8,2025,January,Sunday
19/01/2025 9:00,19/01/2025,9,2025,January,Sunday
19/01/2025 10:00,19/01/2025,10,2025,January,Sunday
19/01/2025 11:00,19/01/2025,11,2025,January,Sunday
19/01/2025 12:00,19/01/2025,12,2025,January,Sunday
19/01/2025 13:00,19/01/2025,13,2025,January,Sunday
19/01/2025 14:00,19/01/2025,14,2025,January,Sunday
19/01/2025 15:00,19/01/2025,15,2025,January,Sunday
19/01/2025 16:00,19/01/2025,16,2025,January,Sunday
19/01/2025 17:00,19/01/2025,17,2025,January,Sunday
19/01/2025 18:00,19/01/2025,18,2025,January,Sunday
19/01/2025 19:00,19/01/2025,19,2025,January,Sunday
19/01/2025 20:00,19/01/2025,20,2025,January,Sunday
19/01/2025 21:00,19/01/2025,21,2025,January,Sunday
19/01/2025 22:00,19/01/2025,22,2025,January,Sunday
19/01/2025 23:00,19/01/2025,23,2025,January,Sunday
20/01/2025 0:00,20/01/2025,0,2025,January,Monday
20/01/2025 1:00,20/01/2025,1,2025,January,Monday
20/01/2025 2:00,20/01/2025,2,2025,January,Monday
20/01/2025 3:00,20/01/2025,3,2025,January,Monday
20/01/2025 4:00,20/01/2025,4,2025,January,Monday
20/01/2025 5:00,20/01/2025,5,2025,January,Monday
20/01/2025 6:00,20/01/2025,6,2025,January,Monday
20/01/2025 7:00,20/01/2025,7,2025,January,Monday
20/01/2025 8:00,20/01/2025,8,2025,January,Monday
20/01/2025 9:00,20/01/2025,9,2025,January,Monday
20/01/2025 10:00,20/01/2025,10,2025,January,Monday
20/01/2025 11:00,20/01/2025,11,2025,January,Monday
20/01/2025 12:00,20/01/2025,12,2025,January,Monday
20/01/2025 13:00,20/01/2025,13,2025,January,Monday
20/01/2025 14:00,20/01/2025,14,2025,January,Monday
20/01/2025 15:00,20/01/2025,15,2025,January,Monday
20/01/2025 16:00,20/01/2025,16,2025,January,Monday
20/01/2025 17:00,20/01/2025,17,2025,January,Monday
20/01/2025 18:00,20/01/2025,18,2025,January,Monday
20/01/2025 19:00,20/01/2025,19,2025,January,Monday
20/01/2025 20:00,20/01/2025,20,2025,January,Monday
20/01/2025 21:00,20/01/2025,21,2025,January,Monday
20/01/2025 22:00,20/01/2025,22,2025,January,Monday
20/01/2025 23:00,20/01/2025,23,2025,January,Monday
21/01/2025 0:00,21/01/2025,0,2025,January,Tuesday
21/01/2025 1:00,21/01/2025,1,2025,January,Tuesday
21/01/2025 2:00,21/01/2025,2,2025,January,Tuesday
21/01/2025 3:00,21/01/2025,3,2025,January,Tuesday
21/01/2025 4:00,21/01/2025,4,2025,January,Tuesday
21/01/2025 5:00,21/01/2025,5,2025,January,Tuesday
21/01/2025 6:00,21/01/2025,6,2025,January,Tuesday
21/01/2025 7:00,21/01/2025,7,2025,January,Tuesday
21/01/2025 8:00,21/01/2025,8,2025,January,Tuesday
21/01/2025 9:00,21/01/2025,9,2025,January,Tuesday
21/01/2025 10:00,21/01/2025,10,2025,January,Tuesday
21/01/2025 11:00,21/01/2025,11,2025,January,Tuesday
21/01/2025 12:00,21/01/2025,12,2025,January,Tuesday
21/01/2025 13:00,21/01/2025,13,2025,January,Tuesday
21/01/2025 14:00,21/01/2025,14,2025,January,Tuesday
21/01/2025 15:00,21/01/2025,15,2025,January,Tuesday
21/01/2025 16:00,21/01/2025,16,2025,January,Tuesday
21/01/2025 17:00,21/01/2025,17,2025,January,Tuesday
21/01/2025 18:00,21/01/2025,18,2025,January,Tuesday
21/01/2025 19:00,21/01/2025,19,2025,January,Tuesday
21/01/2025 20:00,21/01/2025,20,2025,January,Tuesday
21/01/2025 21:00,21/01/2025,21,2025,January,Tuesday
21/01/2025 22:00,21/01/2025,22,2025,January,Tuesday
21/01/2025 23:00,21/01/2025,23,2025,January,Tuesday
22/01/2025 0:00,22/01/2025,0,2025,January,Wednesday
22/01/2025 1:00,22/01/2025,1,2025,January,Wednesday
22/01/2025 2:00,22/01/2025,2,2025,January,Wednesday
22/01/2025 3:00,22/01/2025,3,2025,January,Wednesday
22/01/2025 4:00,22/01/2025,4,2025,January,Wednesday
22/01/2025 5:00,22/01/2025,5,2025,January,Wednesday
22/01/2025 6:00,22/01/2025,6,2025,January,Wednesday
22/01/2025 7:00,22/01/2025,7,2025,January,Wednesday
22/01/2025 8:00,22/01/2025,8,2025,January,Wednesday
22/01/2025 9:00,22/01/2025,9,2025,January,Wednesday
22/01/2025 10:00,22/01/2025,10,2025,January,Wednesday
22/01/2025 11:00,22/01/2025,11,2025,January,Wednesday
22/01/2025 12:00,22/01/2025,12,2025,January,Wednesday
22/01/2025 13:00,22/01/2025,13,2025,January,Wednesday
22/01/2025 14:00,22/01/2025,14,2025,January,Wednesday
22/01/2025 15:00,22/01/2025,15,2025,January,Wednesday
22/01/2025 16:00,22/01/2025,16,2025,January,Wednesday
22/01/2025 17:00,22/01/2025,17,2025,January,Wednesday
22/01/2025 18:00,22/01/2025,18,2025,January,Wednesday
22/01/2025 19:00,22/01/2025,19,2025,January,Wednesday
22/01/2025 20:00,22/01/2025,20,2025,January,Wednesday
22/01/2025 21:00,22/01/2025,21,2025,January,Wednesday
22/01/2025 22:00,22/01/2025,22,2025,January,Wednesday
22/01/2025 23:00,22/01/2025,23,2025,January,Wednesday
23/01/2025 0:00,23/01/2025,0,2025,January,Thursday
23/01/2025 1:00,23/01/2025,1,2025,January,Thursday
23/01/2025 2:00,23/01/2025,2,2025,January,Thursday
23/01/2025 3:00,23/01/2025,3,2025,January,Thursday
23/01/2025 4:00,23/01/2025,4,2025,January,Thursday
23/01/2025 5:00,23/01/2025,5,2025,January,Thursday
23/01/2025 6:00,23/01/2025,6,2025,January,Thursday
23/01/2025 7:00,23/01/2025,7,2025,January,Thursday
23/01/2025 8:00,23/01/2025,8,2025,January,Thursday
23/01/2025 9:00,23/01/2025,9,2025,January,Thursday
23/01/2025 10:00,23/01/2025,10,2025,January,Thursday
23/01/2025 11:00,23/01/2025,11,2025,January,Thursday
23/01/2025 12:00,23/01/2025,12,2025,January,Thursday
23/01/2025 13:00,23/01/2025,13,2025,January,Thursday
23/01/2025 14:00,23/01/2025,14,2025,January,Thursday
23/01/2025 15:00,23/01/2025,15,2025,January,Thursday
23/01/2025 16:00,23/01/2025,16,2025,January,Thursday
23/01/2025 17:00,23/01/2025,17,2025,January,Thursday
23/01/2025 18:00,23/01/2025,18,2025,January,Thursday
23/01/2025 19:00,23/01/2025,19,2025,January,Thursday
23/01/2025 20:00,23/01/2025,20,2025,January,Thursday
23/01/2025 21:00,23/01/2025,21,2025,January,Thursday
23/01/2025 22:00,23/01/2025,22,2025,January,Thursday
23/01/2025 23:00,23/01/2025,23,2025,January,Thursday
24/01/2025 0:00,24/01/2025,0,2025,January,Friday
24/01/2025 1:00,24/01/2025,1,2025,January,Friday
24/01/2025 2:00,24/01/2025,2,2025,January,Friday
24/01/2025 3:00,24/01/2025,3,2025,January,Friday
24/01/2025 4:00,24/01/2025,4,2025,January,Friday
24/01/2025 5:00,24/01/2025,5,2025,January,Friday
24/01/2025 6:00,24/01/2025,6,2025,January,Friday
24/01/2025 7:00,24/01/2025,7,2025,January,Friday
24/01/2025 8:00,24/01/2025,8,2025,January,Friday
24/01/2025 9:00,24/01/2025,9,2025,January,Friday
24/01/2025 10:00,24/01/2025,10,2025,January,Friday
24/01/2025 11:00,24/01/2025,11,2025,January,Friday
24/01/2025 12:00,24/01/2025,12,2025,January,Friday
24/01/2025 13:00,24/01/2025,13,2025,January,Friday
24/01/2025 14:00,24/01/2025,14,2025,January,Friday
24/01/2025 15:00,24/01/2025,15,2025,January,Friday
24/01/2025 16:00,24/01/2025,16,2025,January,Friday
24/01/2025 17:00,24/01/2025,17,2025,January,Friday
24/01/2025 18:00,24/01/2025,18,2025,January,Friday
24/01/2025 19:00,24/01/2025,19,2025,January,Friday
24/01/2025 20:00,24/01/2025,20,2025,January,Friday
24/01/2025 21:00,24/01/2025,21,2025,January,Friday
24/01/2025 22:00,24/01/2025,22,2025,January,Friday
24/01/2025 23:00,24/01/2025,23,2025,January,Friday
25/01/2025 0:00,25/01/2025,0,2025,January,Saturday
25/01/2025 1:00,25/01/2025,1,2025,January,Saturday
25/01/2025 2:00,25/01/2025,2,2025,January,Saturday
25/01/2025 3:00,25/01/2025,3,2025,January,Saturday
25/01/2025 4:00,25/01/2025,4,2025,January,Saturday
25/01/2025 5:00,25/01/2025,5,2025,January,Saturday
25/01/2025 6:00,25/01/2025,6,2025,January,Saturday
25/01/2025 7:00,25/01/2025,7,2025,January,Saturday
25/01/2025 8:00,25/01/2025,8,2025,January,Saturday
25/01/2025 9:00,25/01/2025,9,2025,January,Saturday
25/01/2025 10:00,25/01/2025,10,2025,January,Saturday
25/01/2025 11:00,25/01/2025,11,2025,January,Saturday
25/01/2025 12:00,25/01/2025,12,2025,January,Saturday
25/01/2025 13:00,25/01/2025,13,2025,January,Saturday
25/01/2025 14:00,25/01/2025,14,2025,January,Saturday
25/01/2025 15:00,25/01/2025,15,2025,January,Saturday
25/01/2025 16:00,25/01/2025,16,2025,January,Saturday
25/01/2025 17:00,25/01/2025,17,2025,January,Saturday
25/01/2025 18:00,25/01/2025,18,2025,January,Saturday
25/01/2025 19:00,25/01/2025,19,2025,January,Saturday
25/01/2025 20:00,25/01/2025,20,2025,January,Saturday
25/01/2025 21:00,25/01/2025,21,2025,January,Saturday
25/01/2025 22:00,25/01/2025,22,2025,January,Saturday
25/01/2025 23:00,25/01/2025,23,2025,January,Saturday
26/01/2025 0:00,26/01/2025,0,2025,January,Sunday
26/01/2025 1:00,26/01/2025,1,2025,January,Sunday
26/01/2025 2:00,26/01/2025,2,2025,January,Sunday
26/01/2025 3:00,26/01/2025,3,2025,January,Sunday
26/01/2025 4:00,26/01/2025,4,2025,January,Sunday
26/01/2025 5:00,26/01/2025,5,2025,January,Sunday
26/01/2025 6:00,26/01/2025,6,2025,January,Sunday
26/01/2025 7:00,26/01/2025,7,2025,January,Sunday
26/01/2025 8:00,26/01/2025,8,2025,January,Sunday
26/01/2025 9:00,26/01/2025,9,2025,January,Sunday
26/01/2025 10:00,26/01/2025,10,2025,January,Sunday
26/01/2025 11:00,26/01/2025,11,2025,January,Sunday
26/01/2025 12:00,26/01/2025,12,2025,January,Sunday
26/01/2025 13:00,26/01/2025,13,2025,January,Sunday
26/01/2025 14:00,26/01/2025,14,2025,January,Sunday
26/01/2025 15:00,26/01/2025,15,2025,January,Sunday
26/01/2025 16:00,26/01/2025,16,2025,January,Sunday
26/01/2025 17:00,26/01/2025,17,2025,January,Sunday
26/01/2025 18:00,26/01/2025,18,2025,January,Sunday
26/01/2025 19:00,26/01/2025,19,2025,January,Sunday
26/01/2025 20:00,26/01/2025,20,2025,January,Sunday
26/01/2025 21:00,26/01/2025,21,2025,January,Sunday
26/01/2025 22:00,26/01/2025,22,2025,January,Sunday
26/01/2025 23:00,26/01/2025,23,2025,January,Sunday
27/01/2025 0:00,27/01/2025,0,2025,January,Monday
27/01/2025 1:00,27/01/2025,1,2025,January,Monday
27/01/2025 2:00,27/01/2025,2,2025,January,Monday
27/01/2025 3:00,27/01/2025,3,2025,January,Monday
27/01/2025 4:00,27/01/2025,4,2025,January,Monday
27/01/2025 5:00,27/01/2025,5,2025,January,Monday
27/01/2025 6:00,27/01/2025,6,2025,January,Monday
27/01/2025 7:00,27/01/2025,7,2025,January,Monday
27/01/2025 8:00,27/01/2025,8,2025,January,Monday
27/01/2025 9:00,27/01/2025,9,2025,January,Monday
27/01/2025 10:00,27/01/2025,10,2025,January,Monday
27/01/2025 11:00,27/01/2025,11,2025,January,Monday
27/01/2025 12:00,27/01/2025,12,2025,January,Monday
27/01/2025 13:00,27/01/2025,13,2025,January,Monday
27/01/2025 14:00,27/01/2025,14,2025,January,Monday
27/01/2025 15:00,27/01/2025,15,2025,January,Monday
27/01/2025 16:00,27/01/2025,16,2025,January,Monday
27/01/2025 17:00,27/01/2025,17,2025,January,Monday
27/01/2025 18:00,27/01/2025,18,2025,January,Monday
27/01/2025 19:00,27/01/2025,19,2025,January,Monday
27/01/2025 20:00,27/01/2025,20,2025,January,Monday
27/01/2025 21:00,27/01/2025,21,2025,January,Monday
27/01/2025 22:00,27/01/2025,22,2025,January,Monday
27/01/2025 23:00,27/01/2025,23,2025,January,Monday
28/01/2025 0:00,28/01/2025,0,2025,January,Tuesday
28/01/2025 1:00,28/01/2025,1,2025,January,Tuesday
28/01/2025 2:00,28/01/2025,2,2025,January,Tuesday
28/01/2025 3:00,28/01/2025,3,2025,January,Tuesday
28/01/2025 4:00,28/01/2025,4,2025,January,Tuesday
28/01/2025 5:00,28/01/2025,5,2025,January,Tuesday
28/01/2025 6:00,28/01/2025,6,2025,January,Tuesday
28/01/2025 7:00,28/01/2025,7,2025,January,Tuesday
28/01/2025 8:00,28/01/2025,8,2025,January,Tuesday
28/01/2025 9:00,28/01/2025,9,2025,January,Tuesday
28/01/2025 10:00,28/01/2025,10,2025,January,Tuesday
28/01/2025 11:00,28/01/2025,11,2025,January,Tuesday
28/01/2025 12:00,28/01/2025,12,2025,January,Tuesday
28/01/2025 13:00,28/01/2025,13,2025,January,Tuesday
28/01/2025 14:00,28/01/2025,14,2025,January,Tuesday
28/01/2025 15:00,28/01/2025,15,2025,January,Tuesday
28/01/2025 16:00,28/01/2025,16,2025,January,Tuesday
28/01/2025 17:00,28/01/2025,17,2025,January,Tuesday
28/01/2025 18:00,28/01/2025,18,2025,January,Tuesday
28/01/2025 19:00,28/01/2025,19,2025,January,Tuesday
28/01/2025 20:00,28/01/2025,20,2025,January,Tuesday
28/01/2025 21:00,28/01/2025,21,2025,January,Tuesday
28/01/2025 22:00,28/01/2025,22,2025,January,Tuesday
28/01/2025 23:00,28/01/2025,23,2025,January,Tuesday
29/01/2025 0:00,29/01/2025,0,2025,January,Wednesday
29/01/2025 1:00,29/01/2025,1,2025,January,Wednesday
29/01/2025 2:00,29/01/2025,2,2025,January,Wednesday
29/01/2025 3:00,29/01/2025,3,2025,January,Wednesday
29/01/2025 4:00,29/01/2025,4,2025,January,Wednesday
29/01/2025 5:00,29/01/2025,5,2025,January,Wednesday
29/01/2025 6:00,29/01/2025,6,2025,January,Wednesday
29/01/2025 7:00,29/01/2025,7,2025,January,Wednesday
29/01/2025 8:00,29/01/2025,8,2025,January,Wednesday
29/01/2025 9:00,29/01/2025,9,2025,January,Wednesday
29/01/2025 10:00,29/01/2025,10,2025,January,Wednesday
29/01/2025 11:00,29/01/2025,11,2025,January,Wednesday
29/01/2025 12:00,29/01/2025,12,2025,January,Wednesday
29/01/2025 13:00,29/01/2025,13,2025,January,Wednesday
29/01/2025 14:00,29/01/2025,14,2025,January,Wednesday
29/01/2025 15:00,29/01/2025,15,2025,January,Wednesday
29/01/2025 16:00,29/01/2025,16,2025,January,Wednesday
29/01/2025 17:00,29/01/2025,17,2025,January,Wednesday
29/01/2025 18:00,29/01/2025,18,2025,January,Wednesday
29/01/2025 19:00,29/01/2025,19,2025,January,Wednesday
29/01/2025 20:00,29/01/2025,20,2025,January,Wednesday
29/01/2025 21:00,29/01/2025,21,2025,January,Wednesday
29/01/2025 22:00,29/01/2025,22,2025,January,Wednesday
29/01/2025 23:00,29/01/2025,23,2025,January,Wednesday
30/01/2025 0:00,30/01/2025,0,2025,January,Thursday
30/01/2025 1:00,30/01/2025,1,2025,January,Thursday
30/01/2025 2:00,30/01/2025,2,2025,January,Thursday
30/01/2025 3:00,30/01/2025,3,2025,January,Thursday
30/01/2025 4:00,30/01/2025,4,2025,January,Thursday
30/01/2025 5:00,30/01/2025,5,2025,January,Thursday
30/01/2025 6:00,30/01/2025,6,2025,January,Thursday
30/01/2025 7:00,30/01/2025,7,2025,January,Thursday
30/01/2025 8:00,30/01/2025,8,2025,January,Thursday
30/01/2025 9:00,30/01/2025,9,2025,January,Thursday
30/01/2025 10:00,30/01/2025,10,2025,January,Thursday
30/01/2025 11:00,30/01/2025,11,2025,January,Thursday
30/01/2025 12:00,30/01/2025,12,2025,January,Thursday
30/01/2025 13:00,30/01/2025,13,2025,January,Thursday
30/01/2025 14:00,30/01/2025,14,2025,January,Thursday
30/01/2025 15:00,30/01/2025,15,2025,January,Thursday
30/01/2025 16:00,30/01/2025,16,2025,January,Thursday
30/01/2025 17:00,30/01/2025,17,2025,January,Thursday
30/01/2025 18:00,30/01/2025,18,2025,January,Thursday
30/01/2025 19:00,30/01/2025,19,2025,January,Thursday
30/01/2025 20:00,30/01/2025,20,2025,January,Thursday
30/01/2025 21:00,30/01/2025,21,2025,January,Thursday
30/01/2025 22:00,30/01/2025,22,2025,January,Thursday
30/01/2025 23:00,30/01/2025,23,2025,January,Thursday
31/01/2025 0:00,31/01/2025,0,2025,January,Friday
31/01/2025 1:00,31/01/2025,1,2025,January,Friday
31/01/2025 2:00,31/01/2025,2,2025,January,Friday
31/01/2025 3:00,31/01/2025,3,2025,January,Friday
31/01/2025 4:00,31/01/2025,4,2025,January,Friday
31/01/2025 5:00,31/01/2025,5,2025,January,Friday
31/01/2025 6:00,31/01/2025,6,2025,January,Friday
31/01/2025 7:00,31/01/2025,7,2025,January,Friday
31/01/2025 8:00,31/01/2025,8,2025,January,Friday
31/01/2025 9:00,31/01/2025,9,2025,January,Friday
31/01/2025 10:00,31/01/2025,10,2025,January,Friday
31/01/2025 11:00,31/01/2025,11,2025,January,Friday
31/01/2025 12:00,31/01/2025,12,2025,January,Friday
31/01/2025 13:00,31/01/2025,13,2025,January,Friday
31/01/2025 14:00,31/01/2025,14,2025,January,Friday
31/01/2025 15:00,31/01/2025,15,2025,January,Friday
31/01/2025 16:00,31/01/2025,16,2025,January,Friday
31/01/2025 17:00,31/01/2025,17,2025,January,Friday
31/01/2025 18:00,31/01/2025,18,2025,January,Friday
31/01/2025 19:00,31/01/2025,19,2025,January,Friday
31/01/2025 20:00,31/01/2025,20,2025,January,Friday
31/01/2025 21:00,31/01/2025,21,2025,January,Friday
31/01/2025 22:00,31/01/2025,22,2025,January,Friday
31/01/2025 23:00,31/01/2025,23,2025,January,Friday
01/02/2025 0:00,01/02/2025,0,2025,February,Saturday
01/02/2025 1:00,01/02/2025,1,2025,February,Saturday
01/02/2025 2:00,01/02/2025,2,2025,February,Saturday
01/02/2025 3:00,01/02/2025,3,2025,February,Saturday
01/02/2025 4:00,01/02/2025,4,2025,February,Saturday
01/02/2025 5:00,01/02/2025,5,2025,February,Saturday
01/02/2025 6:00,01/02/2025,6,2025,February,Saturday
01/02/2025 7:00,01/02/2025,7,2025,February,Saturday
01/02/2025 8:00,01/02/2025,8,2025,February,Saturday
01/02/2025 9:00,01/02/2025,9,2025,February,Saturday
01/02/2025 10:00,01/02/2025,10,2025,February,Saturday
01/02/2025 11:00,01/02/2025,11,2025,February,Saturday
01/02/2025 12:00,01/02/2025,12,2025,February,Saturday
01/02/2025 13:00,01/02/2025,13,2025,February,Saturday
01/02/2025 14:00,01/02/2025,14,2025,February,Saturday
01/02/2025 15:00,01/02/2025,15,2025,February,Saturday
01/02/2025 16:00,01/02/2025,16,2025,February,Saturday
01/02/2025 17:00,01/02/2025,17,2025,February,Saturday
01/02/2025 18:00,01/02/2025,18,2025,February,Saturday
01/02/2025 19:00,01/02/2025,19,2025,February,Saturday
01/02/2025 20:00,01/02/2025,20,2025,February,Saturday
01/02/2025 21:00,01/02/2025,21,2025,February,Saturday
01/02/2025 22:00,01/02/2025,22,2025,February,Saturday
01/02/2025 23:00,01/02/2025,23,2025,February,Saturday
02/02/2025 0:00,02/02/2025,0,2025,February,Sunday
02/02/2025 1:00,02/02/2025,1,2025,February,Sunday
02/02/2025 2:00,02/02/2025,2,2025,February,Sunday
02/02/2025 3:00,02/02/2025,3,2025,February,Sunday
02/02/2025 4:00,02/02/2025,4,2025,February,Sunday
02/02/2025 5:00,02/02/2025,5,2025,February,Sunday
02/02/2025 6:00,02/02/2025,6,2025,February,Sunday
02/02/2025 7:00,02/02/2025,7,2025,February,Sunday
02/02/2025 8:00,02/02/2025,8,2025,February,Sunday
02/02/2025 9:00,02/02/2025,9,2025,February,Sunday
02/02/2025 10:00,02/02/2025,10,2025,February,Sunday
02/02/2025 11:00,02/02/2025,11,2025,February,Sunday
02/02/2025 12:00,02/02/2025,12,2025,February,Sunday
02/02/2025 13:00,02/02/2025,13,2025,February,Sunday
02/02/2025 14:00,02/02/2025,14,2025,February,Sunday
02/02/2025 15:00,02/02/2025,15,2025,February,Sunday
02/02/2025 16:00,02/02/2025,16,2025,February,Sunday
02/02/2025 17:00,02/02/2025,17,2025,February,Sunday
02/02/2025 18:00,02/02/2025,18,2025,February,Sunday
02/02/2025 19:00,02/02/2025,19,2025,February,Sunday
02/02/2025 20:00,02/02/2025,20,2025,February,Sunday
02/02/2025 21:00,02/02/2025,21,2025,February,Sunday
02/02/2025 22:00,02/02/2025,22,2025,February,Sunday
02/02/2025 23:00,02/02/2025,23,2025,February,Sunday
03/02/2025 0:00,03/02/2025,0,2025,February,Monday
03/02/2025 1:00,03/02/2025,1,2025,February,Monday
03/02/2025 2:00,03/02/2025,2,2025,February,Monday
03/02/2025 3:00,03/02/2025,3,2025,February,Monday
03/02/2025 4:00,03/02/2025,4,2025,February,Monday
03/02/2025 5:00,03/02/2025,5,2025,February,Monday
03/02/2025 6:00,03/02/2025,6,2025,February,Monday
03/02/2025 7:00,03/02/2025,7,2025,February,Monday
03/02/2025 8:00,03/02/2025,8,2025,February,Monday
03/02/2025 9:00,03/02/2025,9,2025,February,Monday
03/02/2025 10:00,03/02/2025,10,2025,February,Monday
03/02/2025 11:00,03/02/2025,11,2025,February,Monday
03/02/2025 12:00,03/02/2025,12,2025,February,Monday
03/02/2025 13:00,03/02/2025,13,2025,February,Monday
03/02/2025 14:00,03/02/2025,14,2025,February,Monday
03/02/2025 15:00,03/02/2025,15,2025,February,Monday
03/02/2025 16:00,03/02/2025,16,2025,February,Monday
03/02/2025 17:00,03/02/2025,17,2025,February,Monday
03/02/2025 18:00,03/02/2025,18,2025,February,Monday
03/02/2025 19:00,03/02/2025,19,2025,February,Monday
03/02/2025 20:00,03/02/2025,20,2025,February,Monday
03/02/2025 21:00,03/02/2025,21,2025,February,Monday
03/02/2025 22:00,03/02/2025,22,2025,February,Monday
03/02/2025 23:00,03/02/2025,23,2025,February,Monday
04/02/2025 0:00,04/02/2025,0,2025,February,Tuesday
04/02/2025 1:00,04/02/2025,1,2025,February,Tuesday
04/02/2025 2:00,04/02/2025,2,2025,February,Tuesday
04/02/2025 3:00,04/02/2025,3,2025,February,Tuesday
04/02/2025 4:00,04/02/2025,4,2025,February,Tuesday
04/02/2025 5:00,04/02/2025,5,2025,February,Tuesday
04/02/2025 6:00,04/02/2025,6,2025,February,Tuesday
04/02/2025 7:00,04/02/2025,7,2025,February,Tuesday
04/02/2025 8:00,04/02/2025,8,2025,February,Tuesday
04/02/2025 9:00,04/02/2025,9,2025,February,Tuesday
04/02/2025 10:00,04/02/2025,10,2025,February,Tuesday
04/02/2025 11:00,04/02/2025,11,2025,February,Tuesday
04/02/2025 12:00,04/02/2025,12,2025,February,Tuesday
04/02/2025 13:00,04/02/2025,13,2025,February,Tuesday
04/02/2025 14:00,04/02/2025,14,2025,February,Tuesday
04/02/2025 15:00,04/02/2025,15,2025,February,Tuesday
04/02/2025 16:00,04/02/2025,16,2025,February,Tuesday
04/02/2025 17:00,04/02/2025,17,2025,February,Tuesday
04/02/2025 18:00,04/02/2025,18,2025,February,Tuesday
04/02/2025 19:00,04/02/2025,19,2025,February,Tuesday
04/02/2025 20:00,04/02/2025,20,2025,February,Tuesday
04/02/2025 21:00,04/02/2025,21,2025,February,Tuesday
04/02/2025 22:00,04/02/2025,22,2025,February,Tuesday
04/02/2025 23:00,04/02/2025,23,2025,February,Tuesday
05/02/2025 0:00,05/02/2025,0,2025,February,Wednesday
05/02/2025 1:00,05/02/2025,1,2025,February,Wednesday
05/02/2025 2:00,05/02/2025,2,2025,February,Wednesday
05/02/2025 3:00,05/02/2025,3,2025,February,Wednesday
05/02/2025 4:00,05/02/2025,4,2025,February,Wednesday
05/02/2025 5:00,05/02/2025,5,2025,February,Wednesday
05/02/2025 6:00,05/02/2025,6,2025,February,Wednesday
05/02/2025 7:00,05/02/2025,7,2025,February,Wednesday
05/02/2025 8:00,05/02/2025,8,2025,February,Wednesday
05/02/2025 9:00,05/02/2025,9,2025,February,Wednesday
05/02/2025 10:00,05/02/2025,10,2025,February,Wednesday
05/02/2025 11:00,05/02/2025,11,2025,February,Wednesday
05/02/2025 12:00,05/02/2025,12,2025,February,Wednesday
05/02/2025 13:00,05/02/2025,13,2025,February,Wednesday
05/02/2025 14:00,05/02/2025,14,2025,February,Wednesday
05/02/2025 15:00,05/02/2025,15,2025,February,Wednesday
05/02/2025 16:00,05/02/2025,16,2025,February,Wednesday
05/02/2025 17:00,05/02/2025,17,2025,February,Wednesday
05/02/2025 18:00,05/02/2025,18,2025,February,Wednesday
05/02/2025 19:00,05/02/2025,19,2025,February,Wednesday
05/02/2025 20:00,05/02/2025,20,2025,February,Wednesday
05/02/2025 21:00,05/02/2025,21,2025,February,Wednesday
05/02/2025 22:00,05/02/2025,22,2025,February,Wednesday
05/02/2025 23:00,05/02/2025,23,2025,February,Wednesday
06/02/2025 0:00,06/02/2025,0,2025,February,Thursday
06/02/2025 1:00,06/02/2025,1,2025,February,Thursday
06/02/2025 2:00,06/02/2025,2,2025,February,Thursday
06/02/2025 3:00,06/02/2025,3,2025,February,Thursday
06/02/2025 4:00,06/02/2025,4,2025,February,Thursday
06/02/2025 5:00,06/02/2025,5,2025,February,Thursday
06/02/2025 7:00,06/02/2025,7,2025,February,Thursday
06/02/2025 8:00,06/02/2025,8,2025,February,Thursday
06/02/2025 9:00,06/02/2025,9,2025,February,Thursday
06/02/2025 10:00,06/02/2025,10,2025,February,Thursday
06/02/2025 11:00,06/02/2025,11,2025,February,Thursday
06/02/2025 12:00,06/02/2025,12,2025,February,Thursday
06/02/2025 13:00,06/02/2025,13,2025,February,Thursday
06/02/2025 14:00,06/02/2025,14,2025,February,Thursday
06/02/2025 15:00,06/02/2025,15,2025,February,Thursday
06/02/2025 16:00,06/02/2025,16,2025,February,Thursday
06/02/2025 17:00,06/02/2025,17,2025,February,Thursday
06/02/2025 18:00,06/02/2025,18,2025,February,Thursday
06/02/2025 19:00,06/02/2025,19,2025,February,Thursday
06/02/2025 20:00,06/02/2025,20,2025,February,Thursday
06/02/2025 21:00,06/02/2025,21,2025,February,Thursday
06/02/2025 22:00,06/02/2025,22,2025,February,Thursday
06/02/2025 23:00,06/02/2025,23,2025,February,Thursday
07/02/2025 0:00,07/02/2025,0,2025,February,Friday
07/02/2025 1:00,07/02/2025,1,2025,February,Friday
07/02/2025 2:00,07/02/2025,2,2025,February,Friday
07/02/2025 3:00,07/02/2025,3,2025,February,Friday
07/02/2025 4:00,07/02/2025,4,2025,February,Friday
07/02/2025 5:00,07/02/2025,5,2025,February,Friday
07/02/2025 6:00,07/02/2025,6,2025,February,Friday
07/02/2025 7:00,07/02/2025,7,2025,February,Friday
07/02/2025 8:00,07/02/2025,8,2025,February,Friday
07/02/2025 9:00,07/02/2025,9,2025,February,Friday
07/02/2025 10:00,07/02/2025,10,2025,February,Friday
07/02/2025 11:00,07/02/2025,11,2025,February,Friday
07/02/2025 12:00,07/02/2025,12,2025,February,Friday
07/02/2025 13:00,07/02/2025,13,2025,February,Friday
07/02/2025 14:00,07/02/2025,14,2025,February,Friday
07/02/2025 15:00,07/02/2025,15,2025,February,Friday
07/02/2025 16:00,07/02/2025,16,2025,February,Friday
07/02/2025 17:00,07/02/2025,17,2025,February,Friday
07/02/2025 18:00,07/02/2025,18,2025,February,Friday
07/02/2025 19:00,07/02/2025,19,2025,February,Friday
07/02/2025 20:00,07/02/2025,20,2025,February,Friday
07/02/2025 21:00,07/02/2025,21,2025,February,Friday
07/02/2025 22:00,07/02/2025,22,2025,February,Friday
07/02/2025 23:00,07/02/2025,23,2025,February,Friday
08/02/2025 0:00,08/02/2025,0,2025,February,Saturday
08/02/2025 1:00,08/02/2025,1,2025,February,Saturday
08/02/2025 2:00,08/02/2025,2,2025,February,Saturday
08/02/2025 3:00,08/02/2025,3,2025,February,Saturday
08/02/2025 4:00,08/02/2025,4,2025,February,Saturday
08/02/2025 5:00,08/02/2025,5,2025,February,Saturday
08/02/2025 6:00,08/02/2025,6,2025,February,Saturday
08/02/2025 7:00,08/02/2025,7,2025,February,Saturday
08/02/2025 8:00,08/02/2025,8,2025,February,Saturday
08/02/2025 9:00,08/02/2025,9,2025,February,Saturday
08/02/2025 10:00,08/02/2025,10,2025,February,Saturday
08/02/2025 11:00,08/02/2025,11,2025,February,Saturday
08/02/2025 12:00,08/02/2025,12,2025,February,Saturday
08/02/2025 13:00,08/02/2025,13,2025,February,Saturday
08/02/2025 14:00,08/02/2025,14,2025,February,Saturday
08/02/2025 15:00,08/02/2025,15,2025,February,Saturday
08/02/2025 16:00,08/02/2025,16,2025,February,Saturday
08/02/2025 17:00,08/02/2025,17,2025,February,Saturday
08/02/2025 18:00,08/02/2025,18,2025,February,Saturday
08/02/2025 19:00,08/02/2025,19,2025,February,Saturday
08/02/2025 20:00,08/02/2025,20,2025,February,Saturday
08/02/2025 21:00,08/02/2025,21,2025,February,Saturday
08/02/2025 22:00,08/02/2025,22,2025,February,Saturday
08/02/2025 23:00,08/02/2025,23,2025,February,Saturday
09/02/2025 0:00,09/02/2025,0,2025,February,Sunday
09/02/2025 1:00,09/02/2025,1,2025,February,Sunday
09/02/2025 2:00,09/02/2025,2,2025,February,Sunday
09/02/2025 3:00,09/02/2025,3,2025,February,Sunday
09/02/2025 4:00,09/02/2025,4,2025,February,Sunday
09/02/2025 5:00,09/02/2025,5,2025,February,Sunday
09/02/2025 6:00,09/02/2025,6,2025,February,Sunday
09/02/2025 7:00,09/02/2025,7,2025,February,Sunday
09/02/2025 8:00,09/02/2025,8,2025,February,Sunday
09/02/2025 9:00,09/02/2025,9,2025,February,Sunday
09/02/2025 10:00,09/02/2025,10,2025,February,Sunday
09/02/2025 11:00,09/02/2025,11,2025,February,Sunday
09/02/2025 12:00,09/02/2025,12,2025,February,Sunday
09/02/2025 13:00,09/02/2025,13,2025,February,Sunday
09/02/2025 14:00,09/02/2025,14,2025,February,Sunday
09/02/2025 15:00,09/02/2025,15,2025,February,Sunday
09/02/2025 16:00,09/02/2025,16,2025,February,Sunday
09/02/2025 17:00,09/02/2025,17,2025,February,Sunday
09/02/2025 18:00,09/02/2025,18,2025,February,Sunday
09/02/2025 19:00,09/02/2025,19,2025,February,Sunday
09/02/2025 20:00,09/02/2025,20,2025,February,Sunday
09/02/2025 21:00,09/02/2025,21,2025,February,Sunday
09/02/2025 22:00,09/02/2025,22,2025,February,Sunday
09/02/2025 23:00,09/02/2025,23,2025,February,Sunday
10/02/2025 0:00,10/02/2025,0,2025,February,Monday
10/02/2025 1:00,10/02/2025,1,2025,February,Monday
10/02/2025 2:00,10/02/2025,2,2025,February,Monday
10/02/2025 3:00,10/02/2025,3,2025,February,Monday
10/02/2025 4:00,10/02/2025,4,2025,February,Monday
10/02/2025 5:00,10/02/2025,5,2025,February,Monday
10/02/2025 6:00,10/02/2025,6,2025,February,Monday
10/02/2025 7:00,10/02/2025,7,2025,February,Monday
10/02/2025 8:00,10/02/2025,8,2025,February,Monday
10/02/2025 9:00,10/02/2025,9,2025,February,Monday
10/02/2025 10:00,10/02/2025,10,2025,February,Monday
10/02/2025 11:00,10/02/2025,11,2025,February,Monday
10/02/2025 12:00,10/02/2025,12,2025,February,Monday
10/02/2025 13:00,10/02/2025,13,2025,February,Monday
10/02/2025 14:00,10/02/2025,14,2025,February,Monday
10/02/2025 15:00,10/02/2025,15,2025,February,Monday
10/02/2025 16:00,10/02/2025,16,2025,February,Monday
10/02/2025 17:00,10/02/2025,17,2025,February,Monday
10/02/2025 18:00,10/02/2025,18,2025,February,Monday
10/02/2025 19:00,10/02/2025,19,2025,February,Monday
10/02/2025 20:00,10/02/2025,20,2025,February,Monday
10/02/2025 21:00,10/02/2025,21,2025,February,Monday
10/02/2025 22:00,10/02/2025,22,2025,February,Monday
10/02/2025 23:00,10/02/2025,23,2025,February,Monday
11/02/2025 0:00,11/02/2025,0,2025,February,Tuesday
11/02/2025 1:00,11/02/2025,1,2025,February,Tuesday
11/02/2025 2:00,11/02/2025,2,2025,February,Tuesday
11/02/2025 3:00,11/02/2025,3,2025,February,Tuesday
11/02/2025 4:00,11/02/2025,4,2025,February,Tuesday
11/02/2025 5:00,11/02/2025,5,2025,February,Tuesday
11/02/2025 6:00,11/02/2025,6,2025,February,Tuesday
11/02/2025 7:00,11/02/2025,7,2025,February,Tuesday
11/02/2025 8:00,11/02/2025,8,2025,February,Tuesday
11/02/2025 9:00,11/02/2025,9,2025,February,Tuesday
11/02/2025 10:00,11/02/2025,10,2025,February,Tuesday
11/02/2025 11:00,11/02/2025,11,2025,February,Tuesday
11/02/2025 12:00,11/02/2025,12,2025,February,Tuesday
11/02/2025 13:00,11/02/2025,13,2025,February,Tuesday
11/02/2025 14:00,11/02/2025,14,2025,February,Tuesday
11/02/2025 15:00,11/02/2025,15,2025,February,Tuesday
11/02/2025 16:00,11/02/2025,16,2025,February,Tuesday
11/02/2025 17:00,11/02/2025,17,2025,February,Tuesday
11/02/2025 18:00,11/02/2025,18,2025,February,Tuesday
11/02/2025 19:00,11/02/2025,19,2025,February,Tuesday
11/02/2025 20:00,11/02/2025,20,2025,February,Tuesday
11/02/2025 21:00,11/02/2025,21,2025,February,Tuesday
11/02/2025 22:00,11/02/2025,22,2025,February,Tuesday
11/02/2025 23:00,11/02/2025,23,2025,February,Tuesday
12/02/2025 0:00,12/02/2025,0,2025,February,Wednesday
12/02/2025 1:00,12/02/2025,1,2025,February,Wednesday
12/02/2025 2:00,12/02/2025,2,2025,February,Wednesday
12/02/2025 3:00,12/02/2025,3,2025,February,Wednesday
12/02/2025 4:00,12/02/2025,4,2025,February,Wednesday
12/02/2025 5:00,12/02/2025,5,2025,February,Wednesday
12/02/2025 6:00,12/02/2025,6,2025,February,Wednesday
12/02/2025 7:00,12/02/2025,7,2025,February,Wednesday
12/02/2025 8:00,12/02/2025,8,2025,February,Wednesday
12/02/2025 9:00,12/02/2025,9,2025,February,Wednesday
12/02/2025 10:00,12/02/2025,10,2025,February,Wednesday
12/02/2025 11:00,12/02/2025,11,2025,February,Wednesday
12/02/2025 12:00,12/02/2025,12,2025,February,Wednesday
12/02/2025 13:00,12/02/2025,13,2025,February,Wednesday
12/02/2025 14:00,12/02/2025,14,2025,February,Wednesday
12/02/2025 15:00,12/02/2025,15,2025,February,Wednesday
12/02/2025 16:00,12/02/2025,16,2025,February,Wednesday
12/02/2025 17:00,12/02/2025,17,2025,February,Wednesday
12/02/2025 18:00,12/02/2025,18,2025,February,Wednesday
12/02/2025 19:00,12/02/2025,19,2025,February,Wednesday
12/02/2025 20:00,12/02/2025,20,2025,February,Wednesday
12/02/2025 21:00,12/02/2025,21,2025,February,Wednesday
12/02/2025 22:00,12/02/2025,22,2025,February,Wednesday
12/02/2025 23:00,12/02/2025,23,2025,February,Wednesday
13/02/2025 0:00,13/02/2025,0,2025,February,Thursday
13/02/2025 1:00,13/02/2025,1,2025,February,Thursday
13/02/2025 2:00,13/02/2025,2,2025,February,Thursday
13/02/2025 3:00,13/02/2025,3,2025,February,Thursday
13/02/2025 4:00,13/02/2025,4,2025,February,Thursday
13/02/2025 5:00,13/02/2025,5,2025,February,Thursday
13/02/2025 6:00,13/02/2025,6,2025,February,Thursday
13/02/2025 7:00,13/02/2025,7,2025,February,Thursday
13/02/2025 8:00,13/02/2025,8,2025,February,Thursday
13/02/2025 9:00,13/02/2025,9,2025,February,Thursday
13/02/2025 10:00,13/02/2025,10,2025,February,Thursday
13/02/2025 11:00,13/02/2025,11,2025,February,Thursday
13/02/2025 12:00,13/02/2025,12,2025,February,Thursday
13/02/2025 13:00,13/02/2025,13,2025,February,Thursday
13/02/2025 14:00,13/02/2025,14,2025,February,Thursday
13/02/2025 15:00,13/02/2025,15,2025,February,Thursday
13/02/2025 16:00,13/02/2025,16,2025,February,Thursday
13/02/2025 17:00,13/02/2025,17,2025,February,Thursday
13/02/2025 18:00,13/02/2025,18,2025,February,Thursday
13/02/2025 19:00,13/02/2025,19,2025,February,Thursday
13/02/2025 20:00,13/02/2025,20,2025,February,Thursday
13/02/2025 21:00,13/02/2025,21,2025,February,Thursday
13/02/2025 22:00,13/02/2025,22,2025,February,Thursday
13/02/2025 23:00,13/02/2025,23,2025,February,Thursday
14/02/2025 0:00,14/02/2025,0,2025,February,Friday
14/02/2025 1:00,14/02/2025,1,2025,February,Friday
14/02/2025 2:00,14/02/2025,2,2025,February,Friday
14/02/2025 3:00,14/02/2025,3,2025,February,Friday
14/02/2025 4:00,14/02/2025,4,2025,February,Friday
14/02/2025 5:00,14/02/2025,5,2025,February,Friday
14/02/2025 6:00,14/02/2025,6,2025,February,Friday
14/02/2025 7:00,14/02/2025,7,2025,February,Friday
14/02/2025 8:00,14/02/2025,8,2025,February,Friday
14/02/2025 9:00,14/02/2025,9,2025,February,Friday
14/02/2025 10:00,14/02/2025,10,2025,February,Friday
14/02/2025 12:00,14/02/2025,12,2025,February,Friday
14/02/2025 13:00,14/02/2025,13,2025,February,Friday
14/02/2025 14:00,14/02/2025,14,2025,February,Friday
14/02/2025 15:00,14/02/2025,15,2025,February,Friday
14/02/2025 16:00,14/02/2025,16,2025,February,Friday
14/02/2025 17:00,14/02/2025,17,2025,February,Friday
14/02/2025 18:00,14/02/2025,18,2025,February,Friday
14/02/2025 19:00,14/02/2025,19,2025,February,Friday
14/02/2025 20:00,14/02/2025,20,2025,February,Friday
14/02/2025 21:00,14/02/2025,21,2025,February,Friday
14/02/2025 22:00,14/02/2025,22,2025,February,Friday
14/02/2025 23:00,14/02/2025,23,2025,February,Friday
15/02/2025 0:00,15/02/2025,0,2025,February,Saturday
15/02/2025 1:00,15/02/2025,1,2025,February,Saturday
15/02/2025 2:00,15/02/2025,2,2025,February,Saturday
15/02/2025 3:00,15/02/2025,3,2025,February,Saturday
15/02/2025 4:00,15/02/2025,4,2025,February,Saturday
15/02/2025 5:00,15/02/2025,5,2025,February,Saturday
15/02/2025 6:00,15/02/2025,6,2025,February,Saturday
15/02/2025 7:00,15/02/2025,7,2025,February,Saturday
15/02/2025 8:00,15/02/2025,8,2025,February,Saturday
15/02/2025 9:00,15/02/2025,9,2025,February,Saturday
15/02/2025 10:00,15/02/2025,10,2025,February,Saturday
15/02/2025 11:00,15/02/2025,11,2025,February,Saturday
15/02/2025 12:00,15/02/2025,12,2025,February,Saturday
15/02/2025 13:00,15/02/2025,13,2025,February,Saturday
15/02/2025 14:00,15/02/2025,14,2025,February,Saturday
15/02/2025 15:00,15/02/2025,15,2025,February,Saturday
15/02/2025 16:00,15/02/2025,16,2025,February,Saturday
15/02/2025 17:00,15/02/2025,17,2025,February,Saturday
15/02/2025 18:00,15/02/2025,18,2025,February,Saturday
15/02/2025 19:00,15/02/2025,19,2025,February,Saturday
15/02/2025 20:00,15/02/2025,20,2025,February,Saturday
15/02/2025 21:00,15/02/2025,21,2025,February,Saturday
15/02/2025 22:00,15/02/2025,22,2025,February,Saturday
15/02/2025 23:00,15/02/2025,23,2025,February,Saturday
16/02/2025 0:00,16/02/2025,0,2025,February,Sunday
16/02/2025 1:00,16/02/2025,1,2025,February,Sunday
16/02/2025 2:00,16/02/2025,2,2025,February,Sunday
16/02/2025 3:00,16/02/2025,3,2025,February,Sunday
16/02/2025 4:00,16/02/2025,4,2025,February,Sunday
16/02/2025 5:00,16/02/2025,5,2025,February,Sunday
16/02/2025 6:00,16/02/2025,6,2025,February,Sunday
16/02/2025 7:00,16/02/2025,7,2025,February,Sunday
16/02/2025 8:00,16/02/2025,8,2025,February,Sunday
16/02/2025 9:00,16/02/2025,9,2025,February,Sunday
16/02/2025 10:00,16/02/2025,10,2025,February,Sunday
16/02/2025 11:00,16/02/2025,11,2025,February,Sunday
16/02/2025 12:00,16/02/2025,12,2025,February,Sunday
16/02/2025 13:00,16/02/2025,13,2025,February,Sunday
16/02/2025 14:00,16/02/2025,14,2025,February,Sunday
16/02/2025 15:00,16/02/2025,15,2025,February,Sunday
16/02/2025 16:00,16/02/2025,16,2025,February,Sunday
16/02/2025 17:00,16/02/2025,17,2025,February,Sunday
16/02/2025 18:00,16/02/2025,18,2025,February,Sunday
16/02/2025 19:00,16/02/2025,19,2025,February,Sunday
16/02/2025 20:00,16/02/2025,20,2025,February,Sunday
16/02/2025 21:00,16/02/2025,21,2025,February,Sunday
16/02/2025 22:00,16/02/2025,22,2025,February,Sunday
16/02/2025 23:00,16/02/2025,23,2025,February,Sunday
17/02/2025 0:00,17/02/2025,0,2025,February,Monday
17/02/2025 1:00,17/02/2025,1,2025,February,Monday
17/02/2025 2:00,17/02/2025,2,2025,February,Monday
17/02/2025 3:00,17/02/2025,3,2025,February,Monday
17/02/2025 4:00,17/02/2025,4,2025,February,Monday
17/02/2025 5:00,17/02/2025,5,2025,February,Monday
17/02/2025 6:00,17/02/2025,6,2025,February,Monday
17/02/2025 7:00,17/02/2025,7,2025,February,Monday
17/02/2025 8:00,17/02/2025,8,2025,February,Monday
17/02/2025 9:00,17/02/2025,9,2025,February,Monday
17/02/2025 10:00,17/02/2025,10,2025,February,Monday
17/02/2025 11:00,17/02/2025,11,2025,February,Monday
17/02/2025 12:00,17/02/2025,12,2025,February,Monday
17/02/2025 13:00,17/02/2025,13,2025,February,Monday
17/02/2025 14:00,17/02/2025,14,2025,February,Monday
17/02/2025 15:00,17/02/2025,15,2025,February,Monday
17/02/2025 16:00,17/02/2025,16,2025,February,Monday
17/02/2025 17:00,17/02/2025,17,2025,February,Monday
17/02/2025 18:00,17/02/2025,18,2025,February,Monday
17/02/2025 19:00,17/02/2025,19,2025,February,Monday
17/02/2025 20:00,17/02/2025,20,2025,February,Monday
17/02/2025 21:00,17/02/2025,21,2025,February,Monday
17/02/2025 22:00,17/02/2025,22,2025,February,Monday
17/02/2025 23:00,17/02/2025,23,2025,February,Monday
18/02/2025 0:00,18/02/2025,0,2025,February,Tuesday
18/02/2025 1:00,18/02/2025,1,2025,February,Tuesday
18/02/2025 2:00,18/02/2025,2,2025,February,Tuesday
18/02/2025 3:00,18/02/2025,3,2025,February,Tuesday
18/02/2025 4:00,18/02/2025,4,2025,February,Tuesday
18/02/2025 5:00,18/02/2025,5,2025,February,Tuesday
18/02/2025 6:00,18/02/2025,6,2025,February,Tuesday
18/02/2025 7:00,18/02/2025,7,2025,February,Tuesday
18/02/2025 8:00,18/02/2025,8,2025,February,Tuesday
18/02/2025 9:00,18/02/2025,9,2025,February,Tuesday
18/02/2025 10:00,18/02/2025,10,2025,February,Tuesday
18/02/2025 11:00,18/02/2025,11,2025,February,Tuesday
18/02/2025 12:00,18/02/2025,12,2025,February,Tuesday
18/02/2025 13:00,18/02/2025,13,2025,February,Tuesday
18/02/2025 14:00,18/02/2025,14,2025,February,Tuesday
18/02/2025 15:00,18/02/2025,15,2025,February,Tuesday
18/02/2025 16:00,18/02/2025,16,2025,February,Tuesday
18/02/2025 17:00,18/02/2025,17,2025,February,Tuesday
18/02/2025 18:00,18/02/2025,18,2025,February,Tuesday
18/02/2025 19:00,18/02/2025,19,2025,February,Tuesday
18/02/2025 20:00,18/02/2025,20,2025,February,Tuesday
18/02/2025 21:00,18/02/2025,21,2025,February,Tuesday
18/02/2025 22:00,18/02/2025,22,2025,February,Tuesday
18/02/2025 23:00,18/02/2025,23,2025,February,Tuesday
19/02/2025 0:00,19/02/2025,0,2025,February,Wednesday
19/02/2025 1:00,19/02/2025,1,2025,February,Wednesday
19/02/2025 2:00,19/02/2025,2,2025,February,Wednesday
19/02/2025 3:00,19/02/2025,3,2025,February,Wednesday
19/02/2025 4:00,19/02/2025,4,2025,February,Wednesday
19/02/2025 5:00,19/02/2025,5,2025,February,Wednesday
19/02/2025 6:00,19/02/2025,6,2025,February,Wednesday
19/02/2025 7:00,19/02/2025,7,2025,February,Wednesday
19/02/2025 8:00,19/02/2025,8,2025,February,Wednesday
19/02/2025 9:00,19/02/2025,9,2025,February,Wednesday
19/02/2025 10:00,19/02/2025,10,2025,February,Wednesday
19/02/2025 11:00,19/02/2025,11,2025,February,Wednesday
19/02/2025 12:00,19/02/2025,12,2025,February,Wednesday
19/02/2025 13:00,19/02/2025,13,2025,February,Wednesday
19/02/2025 14:00,19/02/2025,14,2025,February,Wednesday
19/02/2025 15:00,19/02/2025,15,2025,February,Wednesday
19/02/2025 16:00,19/02/2025,16,2025,February,Wednesday
19/02/2025 17:00,19/02/2025,17,2025,February,Wednesday
19/02/2025 18:00,19/02/2025,18,2025,February,Wednesday
19/02/2025 19:00,19/02/2025,19,2025,February,Wednesday
19/02/2025 20:00,19/02/2025,20,2025,February,Wednesday
19/02/2025 21:00,19/02/2025,21,2025,February,Wednesday
19/02/2025 22:00,19/02/2025,22,2025,February,Wednesday
19/02/2025 23:00,19/02/2025,23,2025,February,Wednesday
20/02/2025 0:00,20/02/2025,0,2025,February,Thursday
20/02/2025 1:00,20/02/2025,1,2025,February,Thursday
20/02/2025 2:00,20/02/2025,2,2025,February,Thursday
20/02/2025 3:00,20/02/2025,3,2025,February,Thursday
20/02/2025 4:00,20/02/2025,4,2025,February,Thursday
20/02/2025 5:00,20/02/2025,5,2025,February,Thursday
20/02/2025 6:00,20/02/2025,6,2025,February,Thursday
20/02/2025 7:00,20/02/2025,7,2025,February,Thursday
20/02/2025 8:00,20/02/2025,8,2025,February,Thursday
20/02/2025 9:00,20/02/2025,9,2025,February,Thursday
20/02/2025 10:00,20/02/2025,10,2025,February,Thursday
20/02/2025 11:00,20/02/2025,11,2025,February,Thursday
20/02/2025 12:00,20/02/2025,12,2025,February,Thursday
20/02/2025 13:00,20/02/2025,13,2025,February,Thursday
20/02/2025 14:00,20/02/2025,14,2025,February,Thursday
20/02/2025 15:00,20/02/2025,15,2025,February,Thursday
20/02/2025 16:00,20/02/2025,16,2025,February,Thursday
20/02/2025 17:00,20/02/2025,17,2025,February,Thursday
20/02/2025 18:00,20/02/2025,18,2025,February,Thursday
20/02/2025 19:00,20/02/2025,19,2025,February,Thursday
20/02/2025 20:00,20/02/2025,20,2025,February,Thursday
20/02/2025 21:00,20/02/2025,21,2025,February,Thursday
20/02/2025 22:00,20/02/2025,22,2025,February,Thursday
20/02/2025 23:00,20/02/2025,23,2025,February,Thursday
21/02/2025 0:00,21/02/2025,0,2025,February,Friday
21/02/2025 1:00,21/02/2025,1,2025,February,Friday
21/02/2025 2:00,21/02/2025,2,2025,February,Friday
21/02/2025 3:00,21/02/2025,3,2025,February,Friday
21/02/2025 4:00,21/02/2025,4,2025,February,Friday
21/02/2025 5:00,21/02/2025,5,2025,February,Friday
21/02/2025 6:00,21/02/2025,6,2025,February,Friday
21/02/2025 7:00,21/02/2025,7,2025,February,Friday
21/02/2025 8:00,21/02/2025,8,2025,February,Friday
21/02/2025 9:00,21/02/2025,9,2025,February,Friday
21/02/2025 10:00,21/02/2025,10,2025,February,Friday
21/02/2025 11:00,21/02/2025,11,2025,February,Friday
21/02/2025 12:00,21/02/2025,12,2025,February,Friday
21/02/2025 13:00,21/02/2025,13,2025,February,Friday
21/02/2025 14:00,21/02/2025,14,2025,February,Friday
21/02/2025 15:00,21/02/2025,15,2025,February,Friday
21/02/2025 16:00,21/02/2025,16,2025,February,Friday
21/02/2025 17:00,21/02/2025,17,2025,February,Friday
21/02/2025 18:00,21/02/2025,18,2025,February,Friday
21/02/2025 19:00,21/02/2025,19,2025,February,Friday
21/02/2025 20:00,21/02/2025,20,2025,February,Friday
21/02/2025 21:00,21/02/2025,21,2025,February,Friday
21/02/2025 22:00,21/02/2025,22,2025,February,Friday
21/02/2025 23:00,21/02/2025,23,2025,February,Friday
22/02/2025 0:00,22/02/2025,0,2025,February,Saturday
22/02/2025 1:00,22/02/2025,1,2025,February,Saturday
22/02/2025 2:00,22/02/2025,2,2025,February,Saturday
22/02/2025 3:00,22/02/2025,3,2025,February,Saturday
22/02/2025 4:00,22/02/2025,4,2025,February,Saturday
22/02/2025 6:00,22/02/2025,6,2025,February,Saturday
22/02/2025 7:00,22/02/2025,7,2025,February,Saturday
22/02/2025 8:00,22/02/2025,8,2025,February,Saturday
22/02/2025 9:00,22/02/2025,9,2025,February,Saturday
22/02/2025 10:00,22/02/2025,10,2025,February,Saturday
22/02/2025 11:00,22/02/2025,11,2025,February,Saturday
22/02/2025 12:00,22/02/2025,12,2025,February,Saturday
22/02/2025 13:00,22/02/2025,13,2025,February,Saturday
22/02/2025 14:00,22/02/2025,14,2025,February,Saturday
22/02/2025 15:00,22/02/2025,15,2025,February,Saturday
22/02/2025 16:00,22/02/2025,16,2025,February,Saturday
22/02/2025 17:00,22/02/2025,17,2025,February,Saturday
22/02/2025 18:00,22/02/2025,18,2025,February,Saturday
22/02/2025 19:00,22/02/2025,19,2025,February,Saturday
22/02/2025 20:00,22/02/2025,20,2025,February,Saturday
22/02/2025 21:00,22/02/2025,21,2025,February,Saturday
22/02/2025 22:00,22/02/2025,22,2025,February,Saturday
22/02/2025 23:00,22/02/2025,23,2025,February,Saturday
23/02/2025 0:00,23/02/2025,0,2025,February,Sunday
23/02/2025 1:00,23/02/2025,1,2025,February,Sunday
23/02/2025 2:00,23/02/2025,2,2025,February,Sunday
23/02/2025 3:00,23/02/2025,3,2025,February,Sunday
23/02/2025 4:00,23/02/2025,4,2025,February,Sunday
23/02/2025 5:00,23/02/2025,5,2025,February,Sunday
23/02/2025 6:00,23/02/2025,6,2025,February,Sunday
23/02/2025 7:00,23/02/2025,7,2025,February,Sunday
23/02/2025 8:00,23/02/2025,8,2025,February,Sunday
23/02/2025 9:00,23/02/2025,9,2025,February,Sunday
23/02/2025 10:00,23/02/2025,10,2025,February,Sunday
23/02/2025 11:00,23/02/2025,11,2025,February,Sunday
23/02/2025 12:00,23/02/2025,12,2025,February,Sunday
23/02/2025 13:00,23/02/2025,13,2025,February,Sunday
23/02/2025 14:00,23/02/2025,14,2025,February,Sunday
23/02/2025 15:00,23/02/2025,15,2025,February,Sunday
23/02/2025 16:00,23/02/2025,16,2025,February,Sunday
23/02/2025 17:00,23/02/2025,17,2025,February,Sunday
23/02/2025 18:00,23/02/2025,18,2025,February,Sunday
23/02/2025 19:00,23/02/2025,19,2025,February,Sunday
23/02/2025 20:00,23/02/2025,20,2025,February,Sunday
23/02/2025 21:00,23/02/2025,21,2025,February,Sunday
23/02/2025 22:00,23/02/2025,22,2025,February,Sunday
23/02/2025 23:00,23/02/2025,23,2025,February,Sunday
24/02/2025 0:00,24/02/2025,0,2025,February,Monday
24/02/2025 1:00,24/02/2025,1,2025,February,Monday
24/02/2025 2:00,24/02/2025,2,2025,February,Monday
24/02/2025 3:00,24/02/2025,3,2025,February,Monday
24/02/2025 4:00,24/02/2025,4,2025,February,Monday
24/02/2025 5:00,24/02/2025,5,2025,February,Monday
24/02/2025 6:00,24/02/2025,6,2025,February,Monday
24/02/2025 7:00,24/02/2025,7,2025,February,Monday
24/02/2025 8:00,24/02/2025,8,2025,February,Monday
24/02/2025 9:00,24/02/2025,9,2025,February,Monday
24/02/2025 10:00,24/02/2025,10,2025,February,Monday
24/02/2025 11:00,24/02/2025,11,2025,February,Monday
24/02/2025 12:00,24/02/2025,12,2025,February,Monday
24/02/2025 13:00,24/02/2025,13,2025,February,Monday
24/02/2025 14:00,24/02/2025,14,2025,February,Monday
24/02/2025 15:00,24/02/2025,15,2025,February,Monday
24/02/2025 16:00,24/02/2025,16,2025,February,Monday
24/02/2025 17:00,24/02/2025,17,2025,February,Monday
24/02/2025 18:00,24/02/2025,18,2025,February,Monday
24/02/2025 19:00,24/02/2025,19,2025,February,Monday
24/02/2025 20:00,24/02/2025,20,2025,February,Monday
24/02/2025 21:00,24/02/2025,21,2025,February,Monday
24/02/2025 22:00,24/02/2025,22,2025,February,Monday
24/02/2025 23:00,24/02/2025,23,2025,February,Monday
25/02/2025 0:00,25/02/2025,0,2025,February,Tuesday
25/02/2025 1:00,25/02/2025,1,2025,February,Tuesday
25/02/2025 2:00,25/02/2025,2,2025,February,Tuesday
25/02/2025 3:00,25/02/2025,3,2025,February,Tuesday
25/02/2025 4:00,25/02/2025,4,2025,February,Tuesday
25/02/2025 5:00,25/02/2025,5,2025,February,Tuesday
25/02/2025 6:00,25/02/2025,6,2025,February,Tuesday
25/02/2025 7:00,25/02/2025,7,2025,February,Tuesday
25/02/2025 8:00,25/02/2025,8,2025,February,Tuesday
25/02/2025 9:00,25/02/2025,9,2025,February,Tuesday
25/02/2025 10:00,25/02/2025,10,2025,February,Tuesday
25/02/2025 11:00,25/02/2025,11,2025,February,Tuesday
25/02/2025 12:00,25/02/2025,12,2025,February,Tuesday
25/02/2025 13:00,25/02/2025,13,2025,February,Tuesday
25/02/2025 14:00,25/02/2025,14,2025,February,Tuesday
25/02/2025 15:00,25/02/2025,15,2025,February,Tuesday
25/02/2025 16:00,25/02/2025,16,2025,February,Tuesday
25/02/2025 17:00,25/02/2025,17,2025,February,Tuesday
25/02/2025 18:00,25/02/2025,18,2025,February,Tuesday
25/02/2025 19:00,25/02/2025,19,2025,February,Tuesday
25/02/2025 20:00,25/02/2025,20,2025,February,Tuesday
25/02/2025 21:00,25/02/2025,21,2025,February,Tuesday
25/02/2025 22:00,25/02/2025,22,2025,February,Tuesday
25/02/2025 23:00,25/02/2025,23,2025,February,Tuesday
26/02/2025 0:00,26/02/2025,0,2025,February,Wednesday
26/02/2025 1:00,26/02/2025,1,2025,February,Wednesday
26/02/2025 2:00,26/02/2025,2,2025,February,Wednesday
26/02/2025 3:00,26/02/2025,3,2025,February,Wednesday
26/02/2025 4:00,26/02/2025,4,2025,February,Wednesday
26/02/2025 5:00,26/02/2025,5,2025,February,Wednesday
26/02/2025 6:00,26/02/2025,6,2025,February,Wednesday
26/02/2025 7:00,26/02/2025,7,2025,February,Wednesday
26/02/2025 8:00,26/02/2025,8,2025,February,Wednesday
26/02/2025 9:00,26/02/2025,9,2025,February,Wednesday
26/02/2025 10:00,26/02/2025,10,2025,February,Wednesday
26/02/2025 11:00,26/02/2025,11,2025,February,Wednesday
26/02/2025 12:00,26/02/2025,12,2025,February,Wednesday
26/02/2025 13:00,26/02/2025,13,2025,February,Wednesday
26/02/2025 14:00,26/02/2025,14,2025,February,Wednesday
26/02/2025 15:00,26/02/2025,15,2025,February,Wednesday
26/02/2025 16:00,26/02/2025,16,2025,February,Wednesday
26/02/2025 17:00,26/02/2025,17,2025,February,Wednesday
26/02/2025 18:00,26/02/2025,18,2025,February,Wednesday
26/02/2025 19:00,26/02/2025,19,2025,February,Wednesday
26/02/2025 20:00,26/02/2025,20,2025,February,Wednesday
26/02/2025 21:00,26/02/2025,21,2025,February,Wednesday
26/02/2025 22:00,26/02/2025,22,2025,February,Wednesday
26/02/2025 23:00,26/02/2025,23,2025,February,Wednesday
27/02/2025 0:00,27/02/2025,0,2025,February,Thursday
27/02/2025 1:00,27/02/2025,1,2025,February,Thursday
27/02/2025 2:00,27/02/2025,2,2025,February,Thursday
27/02/2025 3:00,27/02/2025,3,2025,February,Thursday
27/02/2025 4:00,27/02/2025,4,2025,February,Thursday
27/02/2025 5:00,27/02/2025,5,2025,February,Thursday
27/02/2025 6:00,27/02/2025,6,2025,February,Thursday
27/02/2025 7:00,27/02/2025,7,2025,February,Thursday
27/02/2025 8:00,27/02/2025,8,2025,February,Thursday
27/02/2025 9:00,27/02/2025,9,2025,February,Thursday
27/02/2025 10:00,27/02/2025,10,2025,February,Thursday
27/02/2025 11:00,27/02/2025,11,2025,February,Thursday
27/02/2025 12:00,27/02/2025,12,2025,February,Thursday
27/02/2025 13:00,27/02/2025,13,2025,February,Thursday
27/02/2025 14:00,27/02/2025,14,2025,February,Thursday
27/02/2025 15:00,27/02/2025,15,2025,February,Thursday
27/02/2025 16:00,27/02/2025,16,2025,February,Thursday
27/02/2025 17:00,27/02/2025,17,2025,February,Thursday
27/02/2025 18:00,27/02/2025,18,2025,February,Thursday
27/02/2025 19:00,27/02/2025,19,2025,February,Thursday
27/02/2025 20:00,27/02/2025,20,2025,February,Thursday
27/02/2025 21:00,27/02/2025,21,2025,February,Thursday
27/02/2025 22:00,27/02/2025,22,2025,February,Thursday
27/02/2025 23:00,27/02/2025,23,2025,February,Thursday
28/02/2025 0:00,28/02/2025,0,2025,February,Friday
28/02/2025 1:00,28/02/2025,1,2025,February,Friday
28/02/2025 2:00,28/02/2025,2,2025,February,Friday
28/02/2025 3:00,28/02/2025,3,2025,February,Friday
28/02/2025 4:00,28/02/2025,4,2025,February,Friday
28/02/2025 5:00,28/02/2025,5,2025,February,Friday
28/02/2025 6:00,28/02/2025,6,2025,February,Friday
28/02/2025 7:00,28/02/2025,7,2025,February,Friday
28/02/2025 8:00,28/02/2025,8,2025,February,Friday
28/02/2025 9:00,28/02/2025,9,2025,February,Friday
28/02/2025 10:00,28/02/2025,10,2025,February,Friday
28/02/2025 11:00,28/02/2025,11,2025,February,Friday
28/02/2025 12:00,28/02/2025,12,2025,February,Friday
28/02/2025 13:00,28/02/2025,13,2025,February,Friday
28/02/2025 14:00,28/02/2025,14,2025,February,Friday
28/02/2025 15:00,28/02/2025,15,2025,February,Friday
28/02/2025 16:00,28/02/2025,16,2025,February,Friday
28/02/2025 17:00,28/02/2025,17,2025,February,Friday
28/02/2025 18:00,28/02/2025,18,2025,February,Friday
28/02/2025 19:00,28/02/2025,19,2025,February,Friday
28/02/2025 20:00,28/02/2025,20,2025,February,Friday
28/02/2025 21:00,28/02/2025,21,2025,February,Friday
28/02/2025 22:00,28/02/2025,22,2025,February,Friday
28/02/2025 23:00,28/02/2025,23,2025,February,Friday
01/03/2025 0:00,01/03/2025,0,2025,March,Saturday
01/03/2025 1:00,01/03/2025,1,2025,March,Saturday
01/03/2025 2:00,01/03/2025,2,2025,March,Saturday
01/03/2025 3:00,01/03/2025,3,2025,March,Saturday
01/03/2025 4:00,01/03/2025,4,2025,March,Saturday
01/03/2025 5:00,01/03/2025,5,2025,March,Saturday
01/03/2025 6:00,01/03/2025,6,2025,March,Saturday
01/03/2025 7:00,01/03/2025,7,2025,March,Saturday
01/03/2025 8:00,01/03/2025,8,2025,March,Saturday
01/03/2025 9:00,01/03/2025,9,2025,March,Saturday
01/03/2025 10:00,01/03/2025,10,2025,March,Saturday
01/03/2025 11:00,01/03/2025,11,2025,March,Saturday
01/03/2025 12:00,01/03/2025,12,2025,March,Saturday
01/03/2025 13:00,01/03/2025,13,2025,March,Saturday
01/03/2025 14:00,01/03/2025,14,2025,March,Saturday
01/03/2025 15:00,01/03/2025,15,2025,March,Saturday
01/03/2025 16:00,01/03/2025,16,2025,March,Saturday
01/03/2025 17:00,01/03/2025,17,2025,March,Saturday
01/03/2025 18:00,01/03/2025,18,2025,March,Saturday
01/03/2025 19:00,01/03/2025,19,2025,March,Saturday
01/03/2025 20:00,01/03/2025,20,2025,March,Saturday
01/03/2025 21:00,01/03/2025,21,2025,March,Saturday
01/03/2025 22:00,01/03/2025,22,2025,March,Saturday
01/03/2025 23:00,01/03/2025,23,2025,March,Saturday
02/03/2025 0:00,02/03/2025,0,2025,March,Sunday
02/03/2025 1:00,02/03/2025,1,2025,March,Sunday
02/03/2025 2:00,02/03/2025,2,2025,March,Sunday
02/03/2025 3:00,02/03/2025,3,2025,March,Sunday
02/03/2025 4:00,02/03/2025,4,2025,March,Sunday
02/03/2025 5:00,02/03/2025,5,2025,March,Sunday
02/03/2025 6:00,02/03/2025,6,2025,March,Sunday
02/03/2025 7:00,02/03/2025,7,2025,March,Sunday
02/03/2025 8:00,02/03/2025,8,2025,March,Sunday
02/03/2025 9:00,02/03/2025,9,2025,March,Sunday
02/03/2025 10:00,02/03/2025,10,2025,March,Sunday
02/03/2025 11:00,02/03/2025,11,2025,March,Sunday
02/03/2025 12:00,02/03/2025,12,2025,March,Sunday
02/03/2025 13:00,02/03/2025,13,2025,March,Sunday
02/03/2025 14:00,02/03/2025,14,2025,March,Sunday
02/03/2025 15:00,02/03/2025,15,2025,March,Sunday
02/03/2025 16:00,02/03/2025,16,2025,March,Sunday
02/03/2025 17:00,02/03/2025,17,2025,March,Sunday
02/03/2025 18:00,02/03/2025,18,2025,March,Sunday
02/03/2025 19:00,02/03/2025,19,2025,March,Sunday
02/03/2025 20:00,02/03/2025,20,2025,March,Sunday
02/03/2025 21:00,02/03/2025,21,2025,March,Sunday
02/03/2025 22:00,02/03/2025,22,2025,March,Sunday
02/03/2025 23:00,02/03/2025,23,2025,March,Sunday
03/03/2025 0:00,03/03/2025,0,2025,March,Monday
03/03/2025 1:00,03/03/2025,1,2025,March,Monday
03/03/2025 2:00,03/03/2025,2,2025,March,Monday
03/03/2025 3:00,03/03/2025,3,2025,March,Monday
03/03/2025 4:00,03/03/2025,4,2025,March,Monday
03/03/2025 5:00,03/03/2025,5,2025,March,Monday
03/03/2025 6:00,03/03/2025,6,2025,March,Monday
03/03/2025 7:00,03/03/2025,7,2025,March,Monday
03/03/2025 8:00,03/03/2025,8,2025,March,Monday
03/03/2025 9:00,03/03/2025,9,2025,March,Monday
03/03/2025 10:00,03/03/2025,10,2025,March,Monday
03/03/2025 11:00,03/03/2025,11,2025,March,Monday
03/03/2025 12:00,03/03/2025,12,2025,March,Monday
03/03/2025 13:00,03/03/2025,13,2025,March,Monday
03/03/2025 14:00,03/03/2025,14,2025,March,Monday
03/03/2025 15:00,03/03/2025,15,2025,March,Monday
03/03/2025 16:00,03/03/2025,16,2025,March,Monday
03/03/2025 17:00,03/03/2025,17,2025,March,Monday
03/03/2025 18:00,03/03/2025,18,2025,March,Monday
03/03/2025 19:00,03/03/2025,19,2025,March,Monday
03/03/2025 20:00,03/03/2025,20,2025,March,Monday
03/03/2025 21:00,03/03/2025,21,2025,March,Monday
03/03/2025 22:00,03/03/2025,22,2025,March,Monday
03/03/2025 23:00,03/03/2025,23,2025,March,Monday
04/03/2025 0:00,04/03/2025,0,2025,March,Tuesday
04/03/2025 1:00,04/03/2025,1,2025,March,Tuesday
04/03/2025 2:00,04/03/2025,2,2025,March,Tuesday
04/03/2025 3:00,04/03/2025,3,2025,March,Tuesday
04/03/2025 4:00,04/03/2025,4,2025,March,Tuesday
04/03/2025 5:00,04/03/2025,5,2025,March,Tuesday
04/03/2025 6:00,04/03/2025,6,2025,March,Tuesday
04/03/2025 7:00,04/03/2025,7,2025,March,Tuesday
04/03/2025 8:00,04/03/2025,8,2025,March,Tuesday
04/03/2025 9:00,04/03/2025,9,2025,March,Tuesday
04/03/2025 10:00,04/03/2025,10,2025,March,Tuesday
04/03/2025 11:00,04/03/2025,11,2025,March,Tuesday
04/03/2025 12:00,04/03/2025,12,2025,March,Tuesday
04/03/2025 13:00,04/03/2025,13,2025,March,Tuesday
04/03/2025 14:00,04/03/2025,14,2025,March,Tuesday
04/03/2025 15:00,04/03/2025,15,2025,March,Tuesday
04/03/2025 16:00,04/03/2025,16,2025,March,Tuesday
04/03/2025 17:00,04/03/2025,17,2025,March,Tuesday
04/03/2025 18:00,04/03/2025,18,2025,March,Tuesday
04/03/2025 19:00,04/03/2025,19,2025,March,Tuesday
04/03/2025 20:00,04/03/2025,20,2025,March,Tuesday
04/03/2025 21:00,04/03/2025,21,2025,March,Tuesday
04/03/2025 22:00,04/03/2025,22,2025,March,Tuesday
04/03/2025 23:00,04/03/2025,23,2025,March,Tuesday
05/03/2025 0:00,05/03/2025,0,2025,March,Wednesday
05/03/2025 1:00,05/03/2025,1,2025,March,Wednesday
05/03/2025 2:00,05/03/2025,2,2025,March,Wednesday
05/03/2025 3:00,05/03/2025,3,2025,March,Wednesday
05/03/2025 4:00,05/03/2025,4,2025,March,Wednesday
05/03/2025 5:00,05/03/2025,5,2025,March,Wednesday
05/03/2025 6:00,05/03/2025,6,2025,March,Wednesday
05/03/2025 7:00,05/03/2025,7,2025,March,Wednesday
05/03/2025 8:00,05/03/2025,8,2025,March,Wednesday
05/03/2025 9:00,05/03/2025,9,2025,March,Wednesday
05/03/2025 10:00,05/03/2025,10,2025,March,Wednesday
05/03/2025 11:00,05/03/2025,11,2025,March,Wednesday
05/03/2025 12:00,05/03/2025,12,2025,March,Wednesday
05/03/2025 13:00,05/03/2025,13,2025,March,Wednesday
05/03/2025 14:00,05/03/2025,14,2025,March,Wednesday
05/03/2025 15:00,05/03/2025,15,2025,March,Wednesday
05/03/2025 16:00,05/03/2025,16,2025,March,Wednesday
05/03/2025 17:00,05/03/2025,17,2025,March,Wednesday
05/03/2025 18:00,05/03/2025,18,2025,March,Wednesday
05/03/2025 19:00,05/03/2025,19,2025,March,Wednesday
05/03/2025 20:00,05/03/2025,20,2025,March,Wednesday
05/03/2025 21:00,05/03/2025,21,2025,March,Wednesday
05/03/2025 22:00,05/03/2025,22,2025,March,Wednesday
05/03/2025 23:00,05/03/2025,23,2025,March,Wednesday
06/03/2025 0:00,06/03/2025,0,2025,March,Thursday
06/03/2025 1:00,06/03/2025,1,2025,March,Thursday
06/03/2025 2:00,06/03/2025,2,2025,March,Thursday
06/03/2025 3:00,06/03/2025,3,2025,March,Thursday
06/03/2025 4:00,06/03/2025,4,2025,March,Thursday
06/03/2025 5:00,06/03/2025,5,2025,March,Thursday
06/03/2025 6:00,06/03/2025,6,2025,March,Thursday
06/03/2025 7:00,06/03/2025,7,2025,March,Thursday
06/03/2025 8:00,06/03/2025,8,2025,March,Thursday
06/03/2025 9:00,06/03/2025,9,2025,March,Thursday
06/03/2025 10:00,06/03/2025,10,2025,March,Thursday
06/03/2025 11:00,06/03/2025,11,2025,March,Thursday
06/03/2025 12:00,06/03/2025,12,2025,March,Thursday
06/03/2025 13:00,06/03/2025,13,2025,March,Thursday
06/03/2025 14:00,06/03/2025,14,2025,March,Thursday
06/03/2025 15:00,06/03/2025,15,2025,March,Thursday
06/03/2025 16:00,06/03/2025,16,2025,March,Thursday
06/03/2025 17:00,06/03/2025,17,2025,March,Thursday
06/03/2025 18:00,06/03/2025,18,2025,March,Thursday
06/03/2025 19:00,06/03/2025,19,2025,March,Thursday
06/03/2025 20:00,06/03/2025,20,2025,March,Thursday
06/03/2025 21:00,06/03/2025,21,2025,March,Thursday
06/03/2025 22:00,06/03/2025,22,2025,March,Thursday
06/03/2025 23:00,06/03/2025,23,2025,March,Thursday
07/03/2025 0:00,07/03/2025,0,2025,March,Friday
07/03/2025 1:00,07/03/2025,1,2025,March,Friday
07/03/2025 2:00,07/03/2025,2,2025,March,Friday
07/03/2025 3:00,07/03/2025,3,2025,March,Friday
07/03/2025 4:00,07/03/2025,4,2025,March,Friday
07/03/2025 5:00,07/03/2025,5,2025,March,Friday
07/03/2025 6:00,07/03/2025,6,2025,March,Friday
07/03/2025 7:00,07/03/2025,7,2025,March,Friday
07/03/2025 8:00,07/03/2025,8,2025,March,Friday
07/03/2025 9:00,07/03/2025,9,2025,March,Friday
07/03/2025 10:00,07/03/2025,10,2025,March,Friday
07/03/2025 11:00,07/03/2025,11,2025,March,Friday
07/03/2025 12:00,07/03/2025,12,2025,March,Friday
07/03/2025 13:00,07/03/2025,13,2025,March,Friday
07/03/2025 14:00,07/03/2025,14,2025,March,Friday
07/03/2025 15:00,07/03/2025,15,2025,March,Friday
07/03/2025 16:00,07/03/2025,16,2025,March,Friday
07/03/2025 17:00,07/03/2025,17,2025,March,Friday
07/03/2025 18:00,07/03/2025,18,2025,March,Friday
07/03/2025 19:00,07/03/2025,19,2025,March,Friday
07/03/2025 20:00,07/03/2025,20,2025,March,Friday
07/03/2025 21:00,07/03/2025,21,2025,March,Friday
07/03/2025 22:00,07/03/2025,22,2025,March,Friday
07/03/2025 23:00,07/03/2025,23,2025,March,Friday
08/03/2025 0:00,08/03/2025,0,2025,March,Saturday
08/03/2025 1:00,08/03/2025,1,2025,March,Saturday
08/03/2025 2:00,08/03/2025,2,2025,March,Saturday
08/03/2025 3:00,08/03/2025,3,2025,March,Saturday
08/03/2025 4:00,08/03/2025,4,2025,March,Saturday
08/03/2025 5:00,08/03/2025,5,2025,March,Saturday
08/03/2025 6:00,08/03/2025,6,2025,March,Saturday
08/03/2025 7:00,08/03/2025,7,2025,March,Saturday
08/03/2025 8:00,08/03/2025,8,2025,March,Saturday
08/03/2025 9:00,08/03/2025,9,2025,March,Saturday
08/03/2025 10:00,08/03/2025,10,2025,March,Saturday
08/03/2025 11:00,08/03/2025,11,2025,March,Saturday
08/03/2025 12:00,08/03/2025,12,2025,March,Saturday
08/03/2025 13:00,08/03/2025,13,2025,March,Saturday
08/03/2025 14:00,08/03/2025,14,2025,March,Saturday
08/03/2025 15:00,08/03/2025,15,2025,March,Saturday
08/03/2025 16:00,08/03/2025,16,2025,March,Saturday
08/03/2025 17:00,08/03/2025,17,2025,March,Saturday
08/03/2025 18:00,08/03/2025,18,2025,March,Saturday
08/03/2025 19:00,08/03/2025,19,2025,March,Saturday
08/03/2025 20:00,08/03/2025,20,2025,March,Saturday
08/03/2025 21:00,08/03/2025,21,2025,March,Saturday
08/03/2025 22:00,08/03/2025,22,2025,March,Saturday
08/03/2025 23:00,08/03/2025,23,2025,March,Saturday
09/03/2025 0:00,09/03/2025,0,2025,March,Sunday
09/03/2025 1:00,09/03/2025,1,2025,March,Sunday
09/03/2025 2:00,09/03/2025,2,2025,March,Sunday
09/03/2025 3:00,09/03/2025,3,2025,March,Sunday
09/03/2025 4:00,09/03/2025,4,2025,March,Sunday
09/03/2025 5:00,09/03/2025,5,2025,March,Sunday
09/03/2025 6:00,09/03/2025,6,2025,March,Sunday
09/03/2025 7:00,09/03/2025,7,2025,March,Sunday
09/03/2025 8:00,09/03/2025,8,2025,March,Sunday
09/03/2025 9:00,09/03/2025,9,2025,March,Sunday
09/03/2025 10:00,09/03/2025,10,2025,March,Sunday
09/03/2025 11:00,09/03/2025,11,2025,March,Sunday
09/03/2025 12:00,09/03/2025,12,2025,March,Sunday
09/03/2025 13:00,09/03/2025,13,2025,March,Sunday
09/03/2025 14:00,09/03/2025,14,2025,March,Sunday
09/03/2025 15:00,09/03/2025,15,2025,March,Sunday
09/03/2025 16:00,09/03/2025,16,2025,March,Sunday
09/03/2025 17:00,09/03/2025,17,2025,March,Sunday
09/03/2025 18:00,09/03/2025,18,2025,March,Sunday
09/03/2025 19:00,09/03/2025,19,2025,March,Sunday
09/03/2025 20:00,09/03/2025,20,2025,March,Sunday
09/03/2025 21:00,09/03/2025,21,2025,March,Sunday
09/03/2025 22:00,09/03/2025,22,2025,March,Sunday
09/03/2025 23:00,09/03/2025,23,2025,March,Sunday
10/03/2025 0:00,10/03/2025,0,2025,March,Monday
10/03/2025 1:00,10/03/2025,1,2025,March,Monday
10/03/2025 2:00,10/03/2025,2,2025,March,Monday
10/03/2025 3:00,10/03/2025,3,2025,March,Monday
10/03/2025 4:00,10/03/2025,4,2025,March,Monday
10/03/2025 5:00,10/03/2025,5,2025,March,Monday
10/03/2025 6:00,10/03/2025,6,2025,March,Monday
10/03/2025 7:00,10/03/2025,7,2025,March,Monday
10/03/2025 8:00,10/03/2025,8,2025,March,Monday
10/03/2025 9:00,10/03/2025,9,2025,March,Monday
10/03/2025 10:00,10/03/2025,10,2025,March,Monday
10/03/2025 11:00,10/03/2025,11,2025,March,Monday
10/03/2025 12:00,10/03/2025,12,2025,March,Monday
10/03/2025 13:00,10/03/2025,13,2025,March,Monday
10/03/2025 14:00,10/03/2025,14,2025,March,Monday
10/03/2025 15:00,10/03/2025,15,2025,March,Monday
10/03/2025 16:00,10/03/2025,16,2025,March,Monday
10/03/2025 17:00,10/03/2025,17,2025,March,Monday
10/03/2025 18:00,10/03/2025,18,2025,March,Monday
10/03/2025 19:00,10/03/2025,19,2025,March,Monday
10/03/2025 20:00,10/03/2025,20,2025,March,Monday
10/03/2025 21:00,10/03/2025,21,2025,March,Monday
10/03/2025 22:00,10/03/2025,22,2025,March,Monday
10/03/2025 23:00,10/03/2025,23,2025,March,Monday
11/03/2025 0:00,11/03/2025,0,2025,March,Tuesday
11/03/2025 1:00,11/03/2025,1,2025,March,Tuesday
11/03/2025 2:00,11/03/2025,2,2025,March,Tuesday
11/03/2025 3:00,11/03/2025,3,2025,March,Tuesday
11/03/2025 4:00,11/03/2025,4,2025,March,Tuesday
11/03/2025 5:00,11/03/2025,5,2025,March,Tuesday
11/03/2025 6:00,11/03/2025,6,2025,March,Tuesday
11/03/2025 7:00,11/03/2025,7,2025,March,Tuesday
11/03/2025 8:00,11/03/2025,8,2025,March,Tuesday
11/03/2025 9:00,11/03/2025,9,2025,March,Tuesday
11/03/2025 10:00,11/03/2025,10,2025,March,Tuesday
11/03/2025 11:00,11/03/2025,11,2025,March,Tuesday
11/03/2025 12:00,11/03/2025,12,2025,March,Tuesday
11/03/2025 13:00,11/03/2025,13,2025,March,Tuesday
11/03/2025 14:00,11/03/2025,14,2025,March,Tuesday
11/03/2025 15:00,11/03/2025,15,2025,March,Tuesday
11/03/2025 16:00,11/03/2025,16,2025,March,Tuesday
11/03/2025 17:00,11/03/2025,17,2025,March,Tuesday
11/03/2025 18:00,11/03/2025,18,2025,March,Tuesday
11/03/2025 19:00,11/03/2025,19,2025,March,Tuesday
11/03/2025 20:00,11/03/2025,20,2025,March,Tuesday
11/03/2025 21:00,11/03/2025,21,2025,March,Tuesday
11/03/2025 22:00,11/03/2025,22,2025,March,Tuesday
11/03/2025 23:00,11/03/2025,23,2025,March,Tuesday
12/03/2025 0:00,12/03/2025,0,2025,March,Wednesday
12/03/2025 1:00,12/03/2025,1,2025,March,Wednesday
12/03/2025 2:00,12/03/2025,2,2025,March,Wednesday
12/03/2025 3:00,12/03/2025,3,2025,March,Wednesday
12/03/2025 4:00,12/03/2025,4,2025,March,Wednesday
12/03/2025 5:00,12/03/2025,5,2025,March,Wednesday
12/03/2025 6:00,12/03/2025,6,2025,March,Wednesday
12/03/2025 7:00,12/03/2025,7,2025,March,Wednesday
12/03/2025 8:00,12/03/2025,8,2025,March,Wednesday
12/03/2025 9:00,12/03/2025,9,2025,March,Wednesday
12/03/2025 10:00,12/03/2025,10,2025,March,Wednesday
12/03/2025 11:00,12/03/2025,11,2025,March,Wednesday
12/03/2025 12:00,12/03/2025,12,2025,March,Wednesday
12/03/2025 13:00,12/03/2025,13,2025,March,Wednesday
12/03/2025 14:00,12/03/2025,14,2025,March,Wednesday
12/03/2025 15:00,12/03/2025,15,2025,March,Wednesday
12/03/2025 16:00,12/03/2025,16,2025,March,Wednesday
12/03/2025 17:00,12/03/2025,17,2025,March,Wednesday
12/03/2025 18:00,12/03/2025,18,2025,March,Wednesday
12/03/2025 19:00,12/03/2025,19,2025,March,Wednesday
12/03/2025 20:00,12/03/2025,20,2025,March,Wednesday
12/03/2025 21:00,12/03/2025,21,2025,March,Wednesday
12/03/2025 22:00,12/03/2025,22,2025,March,Wednesday
12/03/2025 23:00,12/03/2025,23,2025,March,Wednesday
13/03/2025 0:00,13/03/2025,0,2025,March,Thursday
13/03/2025 1:00,13/03/2025,1,2025,March,Thursday
13/03/2025 2:00,13/03/2025,2,2025,March,Thursday
13/03/2025 3:00,13/03/2025,3,2025,March,Thursday
13/03/2025 4:00,13/03/2025,4,2025,March,Thursday
13/03/2025 5:00,13/03/2025,5,2025,March,Thursday
13/03/2025 6:00,13/03/2025,6,2025,March,Thursday
13/03/2025 7:00,13/03/2025,7,2025,March,Thursday
13/03/2025 8:00,13/03/2025,8,2025,March,Thursday
13/03/2025 9:00,13/03/2025,9,2025,March,Thursday
13/03/2025 10:00,13/03/2025,10,2025,March,Thursday
13/03/2025 11:00,13/03/2025,11,2025,March,Thursday
13/03/2025 12:00,13/03/2025,12,2025,March,Thursday
13/03/2025 13:00,13/03/2025,13,2025,March,Thursday
13/03/2025 14:00,13/03/2025,14,2025,March,Thursday
13/03/2025 15:00,13/03/2025,15,2025,March,Thursday
13/03/2025 17:00,13/03/2025,17,2025,March,Thursday
13/03/2025 18:00,13/03/2025,18,2025,March,Thursday
13/03/2025 19:00,13/03/2025,19,2025,March,Thursday
13/03/2025 20:00,13/03/2025,20,2025,March,Thursday
13/03/2025 21:00,13/03/2025,21,2025,March,Thursday
13/03/2025 22:00,13/03/2025,22,2025,March,Thursday
13/03/2025 23:00,13/03/2025,23,2025,March,Thursday
14/03/2025 0:00,14/03/2025,0,2025,March,Friday
14/03/2025 1:00,14/03/2025,1,2025,March,Friday
14/03/2025 2:00,14/03/2025,2,2025,March,Friday
14/03/2025 3:00,14/03/2025,3,2025,March,Friday
14/03/2025 4:00,14/03/2025,4,2025,March,Friday
14/03/2025 5:00,14/03/2025,5,2025,March,Friday
14/03/2025 6:00,14/03/2025,6,2025,March,Friday
14/03/2025 7:00,14/03/2025,7,2025,March,Friday
14/03/2025 8:00,14/03/2025,8,2025,March,Friday
14/03/2025 9:00,14/03/2025,9,2025,March,Friday
14/03/2025 10:00,14/03/2025,10,2025,March,Friday
14/03/2025 11:00,14/03/2025,11,2025,March,Friday
14/03/2025 12:00,14/03/2025,12,2025,March,Friday
14/03/2025 13:00,14/03/2025,13,2025,March,Friday
14/03/2025 14:00,14/03/2025,14,2025,March,Friday
14/03/2025 15:00,14/03/2025,15,2025,March,Friday
14/03/2025 16:00,14/03/2025,16,2025,March,Friday
14/03/2025 17:00,14/03/2025,17,2025,March,Friday
14/03/2025 18:00,14/03/2025,18,2025,March,Friday
14/03/2025 19:00,14/03/2025,19,2025,March,Friday
14/03/2025 20:00,14/03/2025,20,2025,March,Friday
14/03/2025 21:00,14/03/2025,21,2025,March,Friday
14/03/2025 22:00,14/03/2025,22,2025,March,Friday
14/03/2025 23:00,14/03/2025,23,2025,March,Friday
15/03/2025 0:00,15/03/2025,0,2025,March,Saturday
15/03/2025 1:00,15/03/2025,1,2025,March,Saturday
15/03/2025 2:00,15/03/2025,2,2025,March,Saturday
15/03/2025 3:00,15/03/2025,3,2025,March,Saturday
15/03/2025 4:00,15/03/2025,4,2025,March,Saturday
15/03/2025 5:00,15/03/2025,5,2025,March,Saturday
15/03/2025 6:00,15/03/2025,6,2025,March,Saturday
15/03/2025 7:00,15/03/2025,7,2025,March,Saturday
15/03/2025 8:00,15/03/2025,8,2025,March,Saturday
15/03/2025 9:00,15/03/2025,9,2025,March,Saturday
15/03/2025 10:00,15/03/2025,10,2025,March,Saturday
15/03/2025 11:00,15/03/2025,11,2025,March,Saturday
15/03/2025 12:00,15/03/2025,12,2025,March,Saturday
15/03/2025 13:00,15/03/2025,13,2025,March,Saturday
15/03/2025 14:00,15/03/2025,14,2025,March,Saturday
15/03/2025 15:00,15/03/2025,15,2025,March,Saturday
15/03/2025 16:00,15/03/2025,16,2025,March,Saturday
15/03/2025 17:00,15/03/2025,17,2025,March,Saturday
15/03/2025 18:00,15/03/2025,18,2025,March,Saturday
15/03/2025 19:00,15/03/2025,19,2025,March,Saturday
15/03/2025 20:00,15/03/2025,20,2025,March,Saturday
15/03/2025 21:00,15/03/2025,21,2025,March,Saturday
15/03/2025 22:00,15/03/2025,22,2025,March,Saturday
15/03/2025 23:00,15/03/2025,23,2025,March,Saturday
16/03/2025 0:00,16/03/2025,0,2025,March,Sunday
16/03/2025 1:00,16/03/2025,1,2025,March,Sunday
16/03/2025 2:00,16/03/2025,2,2025,March,Sunday
16/03/2025 3:00,16/03/2025,3,2025,March,Sunday
16/03/2025 4:00,16/03/2025,4,2025,March,Sunday
16/03/2025 5:00,16/03/2025,5,2025,March,Sunday
16/03/2025 6:00,16/03/2025,6,2025,March,Sunday
16/03/2025 7:00,16/03/2025,7,2025,March,Sunday
16/03/2025 8:00,16/03/2025,8,2025,March,Sunday
16/03/2025 9:00,16/03/2025,9,2025,March,Sunday
16/03/2025 10:00,16/03/2025,10,2025,March,Sunday
16/03/2025 11:00,16/03/2025,11,2025,March,Sunday
16/03/2025 12:00,16/03/2025,12,2025,March,Sunday
16/03/2025 13:00,16/03/2025,13,2025,March,Sunday
16/03/2025 14:00,16/03/2025,14,2025,March,Sunday
16/03/2025 15:00,16/03/2025,15,2025,March,Sunday
16/03/2025 16:00,16/03/2025,16,2025,March,Sunday
16/03/2025 17:00,16/03/2025,17,2025,March,Sunday
16/03/2025 18:00,16/03/2025,18,2025,March,Sunday
16/03/2025 19:00,16/03/2025,19,2025,March,Sunday
16/03/2025 20:00,16/03/2025,20,2025,March,Sunday
16/03/2025 21:00,16/03/2025,21,2025,March,Sunday
16/03/2025 22:00,16/03/2025,22,2025,March,Sunday
16/03/2025 23:00,16/03/2025,23,2025,March,Sunday
17/03/2025 0:00,17/03/2025,0,2025,March,Monday
17/03/2025 1:00,17/03/2025,1,2025,March,Monday
17/03/2025 2:00,17/03/2025,2,2025,March,Monday
17/03/2025 3:00,17/03/2025,3,2025,March,Monday
17/03/2025 4:00,17/03/2025,4,2025,March,Monday
17/03/2025 5:00,17/03/2025,5,2025,March,Monday
17/03/2025 6:00,17/03/2025,6,2025,March,Monday
17/03/2025 7:00,17/03/2025,7,2025,March,Monday
17/03/2025 8:00,17/03/2025,8,2025,March,Monday
17/03/2025 9:00,17/03/2025,9,2025,March,Monday
17/03/2025 10:00,17/03/2025,10,2025,March,Monday
17/03/2025 11:00,17/03/2025,11,2025,March,Monday
17/03/2025 12:00,17/03/2025,12,2025,March,Monday
17/03/2025 13:00,17/03/2025,13,2025,March,Monday
17/03/2025 14:00,17/03/2025,14,2025,March,Monday
17/03/2025 15:00,17/03/2025,15,2025,March,Monday
17/03/2025 16:00,17/03/2025,16,2025,March,Monday
17/03/2025 17:00,17/03/2025,17,2025,March,Monday
17/03/2025 18:00,17/03/2025,18,2025,March,Monday
17/03/2025 19:00,17/03/2025,19,2025,March,Monday
17/03/2025 20:00,17/03/2025,20,2025,March,Monday
17/03/2025 21:00,17/03/2025,21,2025,March,Monday
17/03/2025 22:00,17/03/2025,22,2025,March,Monday
17/03/2025 23:00,17/03/2025,23,2025,March,Monday
18/03/2025 0:00,18/03/2025,0,2025,March,Tuesday
18/03/2025 1:00,18/03/2025,1,2025,March,Tuesday
18/03/2025 2:00,18/03/2025,2,2025,March,Tuesday
18/03/2025 3:00,18/03/2025,3,2025,March,Tuesday
18/03/2025 4:00,18/03/2025,4,2025,March,Tuesday
18/03/2025 5:00,18/03/2025,5,2025,March,Tuesday
18/03/2025 6:00,18/03/2025,6,2025,March,Tuesday
18/03/2025 7:00,18/03/2025,7,2025,March,Tuesday
18/03/2025 8:00,18/03/2025,8,2025,March,Tuesday
18/03/2025 9:00,18/03/2025,9,2025,March,Tuesday
18/03/2025 10:00,18/03/2025,10,2025,March,Tuesday
18/03/2025 11:00,18/03/2025,11,2025,March,Tuesday
18/03/2025 12:00,18/03/2025,12,2025,March,Tuesday
18/03/2025 13:00,18/03/2025,13,2025,March,Tuesday
18/03/2025 14:00,18/03/2025,14,2025,March,Tuesday
18/03/2025 15:00,18/03/2025,15,2025,March,Tuesday
18/03/2025 16:00,18/03/2025,16,2025,March,Tuesday
18/03/2025 17:00,18/03/2025,17,2025,March,Tuesday
18/03/2025 18:00,18/03/2025,18,2025,March,Tuesday
18/03/2025 19:00,18/03/2025,19,2025,March,Tuesday
18/03/2025 20:00,18/03/2025,20,2025,March,Tuesday
18/03/2025 21:00,18/03/2025,21,2025,March,Tuesday
18/03/2025 22:00,18/03/2025,22,2025,March,Tuesday
18/03/2025 23:00,18/03/2025,23,2025,March,Tuesday
19/03/2025 0:00,19/03/2025,0,2025,March,Wednesday
19/03/2025 1:00,19/03/2025,1,2025,March,Wednesday
19/03/2025 2:00,19/03/2025,2,2025,March,Wednesday
19/03/2025 3:00,19/03/2025,3,2025,March,Wednesday
19/03/2025 4:00,19/03/2025,4,2025,March,Wednesday
19/03/2025 5:00,19/03/2025,5,2025,March,Wednesday
19/03/2025 6:00,19/03/2025,6,2025,March,Wednesday
19/03/2025 7:00,19/03/2025,7,2025,March,Wednesday
19/03/2025 8:00,19/03/2025,8,2025,March,Wednesday
19/03/2025 9:00,19/03/2025,9,2025,March,Wednesday
19/03/2025 10:00,19/03/2025,10,2025,March,Wednesday
19/03/2025 11:00,19/03/2025,11,2025,March,Wednesday
19/03/2025 12:00,19/03/2025,12,2025,March,Wednesday
19/03/2025 13:00,19/03/2025,13,2025,March,Wednesday
19/03/2025 14:00,19/03/2025,14,2025,March,Wednesday
19/03/2025 15:00,19/03/2025,15,2025,March,Wednesday
19/03/2025 16:00,19/03/2025,16,2025,March,Wednesday
19/03/2025 17:00,19/03/2025,17,2025,March,Wednesday
19/03/2025 18:00,19/03/2025,18,2025,March,Wednesday
19/03/2025 19:00,19/03/2025,19,2025,March,Wednesday
19/03/2025 20:00,19/03/2025,20,2025,March,Wednesday
19/03/2025 21:00,19/03/2025,21,2025,March,Wednesday
19/03/2025 22:00,19/03/2025,22,2025,March,Wednesday
19/03/2025 23:00,19/03/2025,23,2025,March,Wednesday
20/03/2025 0:00,20/03/2025,0,2025,March,Thursday
20/03/2025 1:00,20/03/2025,1,2025,March,Thursday
20/03/2025 2:00,20/03/2025,2,2025,March,Thursday
20/03/2025 3:00,20/03/2025,3,2025,March,Thursday
20/03/2025 4:00,20/03/2025,4,2025,March,Thursday
20/03/2025 5:00,20/03/2025,5,2025,March,Thursday
20/03/2025 6:00,20/03/2025,6,2025,March,Thursday
20/03/2025 7:00,20/03/2025,7,2025,March,Thursday
20/03/2025 8:00,20/03/2025,8,2025,March,Thursday
20/03/2025 9:00,20/03/2025,9,2025,March,Thursday
20/03/2025 10:00,20/03/2025,10,2025,March,Thursday
20/03/2025 11:00,20/03/2025,11,2025,March,Thursday
20/03/2025 12:00,20/03/2025,12,2025,March,Thursday
20/03/2025 13:00,20/03/2025,13,2025,March,Thursday
20/03/2025 14:00,20/03/2025,14,2025,March,Thursday
20/03/2025 15:00,20/03/2025,15,2025,March,Thursday
20/03/2025 16:00,20/03/2025,16,2025,March,Thursday
20/03/2025 17:00,20/03/2025,17,2025,March,Thursday
20/03/2025 18:00,20/03/2025,18,2025,March,Thursday
20/03/2025 19:00,20/03/2025,19,2025,March,Thursday
20/03/2025 20:00,20/03/2025,20,2025,March,Thursday
20/03/2025 21:00,20/03/2025,21,2025,March,Thursday
20/03/2025 22:00,20/03/2025,22,2025,March,Thursday
20/03/2025 23:00,20/03/2025,23,2025,March,Thursday
21/03/2025 0:00,21/03/2025,0,2025,March,Friday
21/03/2025 1:00,21/03/2025,1,2025,March,Friday
21/03/2025 2:00,21/03/2025,2,2025,March,Friday
21/03/2025 3:00,21/03/2025,3,2025,March,Friday
21/03/2025 4:00,21/03/2025,4,2025,March,Friday
21/03/2025 5:00,21/03/2025,5,2025,March,Friday
21/03/2025 6:00,21/03/2025,6,2025,March,Friday
21/03/2025 7:00,21/03/2025,7,2025,March,Friday
21/03/2025 8:00,21/03/2025,8,2025,March,Friday
21/03/2025 9:00,21/03/2025,9,2025,March,Friday
21/03/2025 10:00,21/03/2025,10,2025,March,Friday
21/03/2025 11:00,21/03/2025,11,2025,March,Friday
21/03/2025 12:00,21/03/2025,12,2025,March,Friday
21/03/2025 13:00,21/03/2025,13,2025,March,Friday
21/03/2025 14:00,21/03/2025,14,2025,March,Friday
21/03/2025 15:00,21/03/2025,15,2025,March,Friday
21/03/2025 16:00,21/03/2025,16,2025,March,Friday
21/03/2025 17:00,21/03/2025,17,2025,March,Friday
21/03/2025 18:00,21/03/2025,18,2025,March,Friday
21/03/2025 19:00,21/03/2025,19,2025,March,Friday
21/03/2025 20:00,21/03/2025,20,2025,March,Friday
21/03/2025 21:00,21/03/2025,21,2025,March,Friday
21/03/2025 22:00,21/03/2025,22,2025,March,Friday
21/03/2025 23:00,21/03/2025,23,2025,March,Friday
22/03/2025 0:00,22/03/2025,0,2025,March,Saturday
22/03/2025 1:00,22/03/2025,1,2025,March,Saturday
22/03/2025 2:00,22/03/2025,2,2025,March,Saturday
22/03/2025 3:00,22/03/2025,3,2025,March,Saturday
22/03/2025 4:00,22/03/2025,4,2025,March,Saturday
22/03/2025 5:00,22/03/2025,5,2025,March,Saturday
22/03/2025 6:00,22/03/2025,6,2025,March,Saturday
22/03/2025 7:00,22/03/2025,7,2025,March,Saturday
22/03/2025 8:00,22/03/2025,8,2025,March,Saturday
22/03/2025 9:00,22/03/2025,9,2025,March,Saturday
22/03/2025 10:00,22/03/2025,10,2025,March,Saturday
22/03/2025 11:00,22/03/2025,11,2025,March,Saturday
22/03/2025 12:00,22/03/2025,12,2025,March,Saturday
22/03/2025 13:00,22/03/2025,13,2025,March,Saturday
22/03/2025 14:00,22/03/2025,14,2025,March,Saturday
22/03/2025 15:00,22/03/2025,15,2025,March,Saturday
22/03/2025 16:00,22/03/2025,16,2025,March,Saturday
22/03/2025 17:00,22/03/2025,17,2025,March,Saturday
22/03/2025 18:00,22/03/2025,18,2025,March,Saturday
22/03/2025 19:00,22/03/2025,19,2025,March,Saturday
22/03/2025 20:00,22/03/2025,20,2025,March,Saturday
22/03/2025 21:00,22/03/2025,21,2025,March,Saturday
22/03/2025 22:00,22/03/2025,22,2025,March,Saturday
22/03/2025 23:00,22/03/2025,23,2025,March,Saturday
23/03/2025 0:00,23/03/2025,0,2025,March,Sunday
23/03/2025 1:00,23/03/2025,1,2025,March,Sunday
23/03/2025 2:00,23/03/2025,2,2025,March,Sunday
23/03/2025 3:00,23/03/2025,3,2025,March,Sunday
23/03/2025 4:00,23/03/2025,4,2025,March,Sunday
23/03/2025 5:00,23/03/2025,5,2025,March,Sunday
23/03/2025 6:00,23/03/2025,6,2025,March,Sunday
23/03/2025 7:00,23/03/2025,7,2025,March,Sunday
23/03/2025 8:00,23/03/2025,8,2025,March,Sunday
23/03/2025 9:00,23/03/2025,9,2025,March,Sunday
23/03/2025 10:00,23/03/2025,10,2025,March,Sunday
23/03/2025 11:00,23/03/2025,11,2025,March,Sunday
23/03/2025 12:00,23/03/2025,12,2025,March,Sunday
23/03/2025 13:00,23/03/2025,13,2025,March,Sunday
23/03/2025 14:00,23/03/2025,14,2025,March,Sunday
23/03/2025 15:00,23/03/2025,15,2025,March,Sunday
23/03/2025 16:00,23/03/2025,16,2025,March,Sunday
23/03/2025 17:00,23/03/2025,17,2025,March,Sunday
23/03/2025 18:00,23/03/2025,18,2025,March,Sunday
23/03/2025 19:00,23/03/2025,19,2025,March,Sunday
23/03/2025 20:00,23/03/2025,20,2025,March,Sunday
23/03/2025 21:00,23/03/2025,21,2025,March,Sunday
23/03/2025 22:00,23/03/2025,22,2025,March,Sunday
23/03/2025 23:00,23/03/2025,23,2025,March,Sunday
24/03/2025 0:00,24/03/2025,0,2025,March,Monday
24/03/2025 1:00,24/03/2025,1,2025,March,Monday
24/03/2025 2:00,24/03/2025,2,2025,March,Monday
24/03/2025 3:00,24/03/2025,3,2025,March,Monday
24/03/2025 4:00,24/03/2025,4,2025,March,Monday
24/03/2025 5:00,24/03/2025,5,2025,March,Monday
24/03/2025 6:00,24/03/2025,6,2025,March,Monday
24/03/2025 7:00,24/03/2025,7,2025,March,Monday
24/03/2025 8:00,24/03/2025,8,2025,March,Monday
24/03/2025 9:00,24/03/2025,9,2025,March,Monday
24/03/2025 10:00,24/03/2025,10,2025,March,Monday
24/03/2025 11:00,24/03/2025,11,2025,March,Monday
24/03/2025 12:00,24/03/2025,12,2025,March,Monday
24/03/2025 13:00,24/03/2025,13,2025,March,Monday
24/03/2025 14:00,24/03/2025,14,2025,March,Monday
24/03/2025 15:00,24/03/2025,15,2025,March,Monday
24/03/2025 16:00,24/03/2025,16,2025,March,Monday
24/03/2025 17:00,24/03/2025,17,2025,March,Monday
24/03/2025 18:00,24/03/2025,18,2025,March,Monday
24/03/2025 19:00,24/03/2025,19,2025,March,Monday
24/03/2025 20:00,24/03/2025,20,2025,March,Monday
24/03/2025 21:00,24/03/2025,21,2025,March,Monday
24/03/2025 22:00,24/03/2025,22,2025,March,Monday
24/03/2025 23:00,24/03/2025,23,2025,March,Monday
25/03/2025 0:00,25/03/2025,0,2025,March,Tuesday
25/03/2025 1:00,25/03/2025,1,2025,March,Tuesday
25/03/2025 2:00,25/03/2025,2,2025,March,Tuesday
25/03/2025 3:00,25/03/2025,3,2025,March,Tuesday
25/03/2025 4:00,25/03/2025,4,2025,March,Tuesday
25/03/2025 5:00,25/03/2025,5,2025,March,Tuesday
25/03/2025 6:00,25/03/2025,6,2025,March,Tuesday
25/03/2025 7:00,25/03/2025,7,2025,March,Tuesday
25/03/2025 8:00,25/03/2025,8,2025,March,Tuesday
25/03/2025 9:00,25/03/2025,9,2025,March,Tuesday
25/03/2025 10:00,25/03/2025,10,2025,March,Tuesday
25/03/2025 11:00,25/03/2025,11,2025,March,Tuesday
25/03/2025 12:00,25/03/2025,12,2025,March,Tuesday
25/03/2025 13:00,25/03/2025,13,2025,March,Tuesday
25/03/2025 14:00,25/03/2025,14,2025,March,Tuesday
25/03/2025 15:00,25/03/2025,15,2025,March,Tuesday
25/03/2025 16:00,25/03/2025,16,2025,March,Tuesday
25/03/2025 17:00,25/03/2025,17,2025,March,Tuesday
25/03/2025 18:00,25/03/2025,18,2025,March,Tuesday
25/03/2025 19:00,25/03/2025,19,2025,March,Tuesday
25/03/2025 20:00,25/03/2025,20,2025,March,Tuesday
25/03/2025 21:00,25/03/2025,21,2025,March,Tuesday
25/03/2025 22:00,25/03/2025,22,2025,March,Tuesday
25/03/2025 23:00,25/03/2025,23,2025,March,Tuesday
26/03/2025 0:00,26/03/2025,0,2025,March,Wednesday
26/03/2025 1:00,26/03/2025,1,2025,March,Wednesday
26/03/2025 2:00,26/03/2025,2,2025,March,Wednesday
26/03/2025 3:00,26/03/2025,3,2025,March,Wednesday
26/03/2025 4:00,26/03/2025,4,2025,March,Wednesday
26/03/2025 5:00,26/03/2025,5,2025,March,Wednesday
26/03/2025 6:00,26/03/2025,6,2025,March,Wednesday
26/03/2025 7:00,26/03/2025,7,2025,March,Wednesday
26/03/2025 8:00,26/03/2025,8,2025,March,Wednesday
26/03/2025 9:00,26/03/2025,9,2025,March,Wednesday
26/03/2025 10:00,26/03/2025,10,2025,March,Wednesday
26/03/2025 11:00,26/03/2025,11,2025,March,Wednesday
26/03/2025 12:00,26/03/2025,12,2025,March,Wednesday
26/03/2025 13:00,26/03/2025,13,2025,March,Wednesday
26/03/2025 14:00,26/03/2025,14,2025,March,Wednesday
26/03/2025 15:00,26/03/2025,15,2025,March,Wednesday
26/03/2025 16:00,26/03/2025,16,2025,March,Wednesday
26/03/2025 17:00,26/03/2025,17,2025,March,Wednesday
26/03/2025 18:00,26/03/2025,18,2025,March,Wednesday
26/03/2025 19:00,26/03/2025,19,2025,March,Wednesday
26/03/2025 20:00,26/03/2025,20,2025,March,Wednesday
26/03/2025 21:00,26/03/2025,21,2025,March,Wednesday
26/03/2025 22:00,26/03/2025,22,2025,March,Wednesday
26/03/2025 23:00,26/03/2025,23,2025,March,Wednesday
27/03/2025 0:00,27/03/2025,0,2025,March,Thursday
27/03/2025 1:00,27/03/2025,1,2025,March,Thursday
27/03/2025 2:00,27/03/2025,2,2025,March,Thursday
27/03/2025 3:00,27/03/2025,3,2025,March,Thursday
27/03/2025 4:00,27/03/2025,4,2025,March,Thursday
27/03/2025 5:00,27/03/2025,5,2025,March,Thursday
27/03/2025 6:00,27/03/2025,6,2025,March,Thursday
27/03/2025 7:00,27/03/2025,7,2025,March,Thursday
27/03/2025 8:00,27/03/2025,8,2025,March,Thursday
27/03/2025 9:00,27/03/2025,9,2025,March,Thursday
27/03/2025 10:00,27/03/2025,10,2025,March,Thursday
27/03/2025 11:00,27/03/2025,11,2025,March,Thursday
27/03/2025 12:00,27/03/2025,12,2025,March,Thursday
27/03/2025 13:00,27/03/2025,13,2025,March,Thursday
27/03/2025 14:00,27/03/2025,14,2025,March,Thursday
27/03/2025 15:00,27/03/2025,15,2025,March,Thursday
27/03/2025 16:00,27/03/2025,16,2025,March,Thursday
27/03/2025 17:00,27/03/2025,17,2025,March,Thursday
27/03/2025 18:00,27/03/2025,18,2025,March,Thursday
27/03/2025 19:00,27/03/2025,19,2025,March,Thursday
27/03/2025 20:00,27/03/2025,20,2025,March,Thursday
27/03/2025 21:00,27/03/2025,21,2025,March,Thursday
27/03/2025 22:00,27/03/2025,22,2025,March,Thursday
27/03/2025 23:00,27/03/2025,23,2025,March,Thursday
28/03/2025 0:00,28/03/2025,0,2025,March,Friday
28/03/2025 1:00,28/03/2025,1,2025,March,Friday
28/03/2025 2:00,28/03/2025,2,2025,March,Friday
28/03/2025 3:00,28/03/2025,3,2025,March,Friday
28/03/2025 4:00,28/03/2025,4,2025,March,Friday
28/03/2025 5:00,28/03/2025,5,2025,March,Friday
28/03/2025 6:00,28/03/2025,6,2025,March,Friday
28/03/2025 7:00,28/03/2025,7,2025,March,Friday
28/03/2025 8:00,28/03/2025,8,2025,March,Friday
28/03/2025 9:00,28/03/2025,9,2025,March,Friday
28/03/2025 10:00,28/03/2025,10,2025,March,Friday
28/03/2025 11:00,28/03/2025,11,2025,March,Friday
28/03/2025 12:00,28/03/2025,12,2025,March,Friday
28/03/2025 13:00,28/03/2025,13,2025,March,Friday
28/03/2025 14:00,28/03/2025,14,2025,March,Friday
28/03/2025 15:00,28/03/2025,15,2025,March,Friday
28/03/2025 16:00,28/03/2025,16,2025,March,Friday
28/03/2025 17:00,28/03/2025,17,2025,March,Friday
28/03/2025 18:00,28/03/2025,18,2025,March,Friday
28/03/2025 19:00,28/03/2025,19,2025,March,Friday
28/03/2025 20:00,28/03/2025,20,2025,March,Friday
28/03/2025 21:00,28/03/2025,21,2025,March,Friday
28/03/2025 22:00,28/03/2025,22,2025,March,Friday
28/03/2025 23:00,28/03/2025,23,2025,March,Friday
29/03/2025 0:00,29/03/2025,0,2025,March,Saturday
29/03/2025 1:00,29/03/2025,1,2025,March,Saturday
29/03/2025 2:00,29/03/2025,2,2025,March,Saturday
29/03/2025 3:00,29/03/2025,3,2025,March,Saturday
29/03/2025 4:00,29/03/2025,4,2025,March,Saturday
29/03/2025 5:00,29/03/2025,5,2025,March,Saturday
29/03/2025 6:00,29/03/2025,6,2025,March,Saturday
29/03/2025 7:00,29/03/2025,7,2025,March,Saturday
29/03/2025 8:00,29/03/2025,8,2025,March,Saturday
29/03/2025 9:00,29/03/2025,9,2025,March,Saturday
29/03/2025 10:00,29/03/2025,10,2025,March,Saturday
29/03/2025 11:00,29/03/2025,11,2025,March,Saturday
29/03/2025 12:00,29/03/2025,12,2025,March,Saturday
29/03/2025 13:00,29/03/2025,13,2025,March,Saturday
29/03/2025 14:00,29/03/2025,14,2025,March,Saturday
29/03/2025 15:00,29/03/2025,15,2025,March,Saturday
29/03/2025 16:00,29/03/2025,16,2025,March,Saturday
29/03/2025 17:00,29/03/2025,17,2025,March,Saturday
29/03/2025 18:00,29/03/2025,18,2025,March,Saturday
29/03/2025 19:00,29/03/2025,19,2025,March,Saturday
29/03/2025 20:00,29/03/2025,20,2025,March,Saturday
29/03/2025 21:00,29/03/2025,21,2025,March,Saturday
29/03/2025 22:00,29/03/2025,22,2025,March,Saturday
29/03/2025 23:00,29/03/2025,23,2025,March,Saturday
30/03/2025 0:00,30/03/2025,0,2025,March,Sunday
30/03/2025 1:00,30/03/2025,1,2025,March,Sunday
30/03/2025 2:00,30/03/2025,2,2025,March,Sunday
30/03/2025 3:00,30/03/2025,3,2025,March,Sunday
30/03/2025 4:00,30/03/2025,4,2025,March,Sunday
30/03/2025 5:00,30/03/2025,5,2025,March,Sunday
30/03/2025 6:00,30/03/2025,6,2025,March,Sunday
30/03/2025 7:00,30/03/2025,7,2025,March,Sunday
30/03/2025 8:00,30/03/2025,8,2025,March,Sunday
30/03/2025 9:00,30/03/2025,9,2025,March,Sunday
30/03/2025 10:00,30/03/2025,10,2025,March,Sunday
30/03/2025 11:00,30/03/2025,11,2025,March,Sunday
30/03/2025 12:00,30/03/2025,12,2025,March,Sunday
30/03/2025 13:00,30/03/2025,13,2025,March,Sunday
30/03/2025 14:00,30/03/2025,14,2025,March,Sunday
30/03/2025 15:00,30/03/2025,15,2025,March,Sunday
30/03/2025 16:00,30/03/2025,16,2025,March,Sunday
30/03/2025 17:00,30/03/2025,17,2025,March,Sunday
30/03/2025 18:00,30/03/2025,18,2025,March,Sunday
30/03/2025 19:00,30/03/2025,19,2025,March,Sunday
30/03/2025 20:00,30/03/2025,20,2025,March,Sunday
30/03/2025 21:00,30/03/2025,21,2025,March,Sunday
30/03/2025 22:00,30/03/2025,22,2025,March,Sunday
30/03/2025 23:00,30/03/2025,23,2025,March,Sunday
31/03/2025 0:00,31/03/2025,0,2025,March,Monday
31/03/2025 1:00,31/03/2025,1,2025,March,Monday
31/03/2025 2:00,31/03/2025,2,2025,March,Monday
31/03/2025 3:00,31/03/2025,3,2025,March,Monday
31/03/2025 4:00,31/03/2025,4,2025,March,Monday
31/03/2025 5:00,31/03/2025,5,2025,March,Monday
31/03/2025 6:00,31/03/2025,6,2025,March,Monday
31/03/2025 7:00,31/03/2025,7,2025,March,Monday
31/03/2025 8:00,31/03/2025,8,2025,March,Monday
31/03/2025 9:00,31/03/2025,9,2025,March,Monday
31/03/2025 10:00,31/03/2025,10,2025,March,Monday
31/03/2025 11:00,31/03/2025,11,2025,March,Monday
31/03/2025 12:00,31/03/2025,12,2025,March,Monday
31/03/2025 13:00,31/03/2025,13,2025,March,Monday
31/03/2025 14:00,31/03/2025,14,2025,March,Monday
31/03/2025 15:00,31/03/2025,15,2025,March,Monday
31/03/2025 16:00,31/03/2025,16,2025,March,Monday
31/03/2025 17:00,31/03/2025,17,2025,March,Monday
31/03/2025 18:00,31/03/2025,18,2025,March,Monday
31/03/2025 19:00,31/03/2025,19,2025,March,Monday
31/03/2025 20:00,31/03/2025,20,2025,March,Monday
31/03/2025 21:00,31/03/2025,21,2025,March,Monday
31/03/2025 22:00,31/03/2025,22,2025,March,Monday
31/03/2025 23:00,31/03/2025,23,2025,March,Monday
01/04/2025 0:00,01/04/2025,0,2025,April,Tuesday
01/04/2025 1:00,01/04/2025,1,2025,April,Tuesday
01/04/2025 2:00,01/04/2025,2,2025,April,Tuesday
01/04/2025 3:00,01/04/2025,3,2025,April,Tuesday
01/04/2025 4:00,01/04/2025,4,2025,April,Tuesday
01/04/2025 5:00,01/04/2025,5,2025,April,Tuesday
01/04/2025 6:00,01/04/2025,6,2025,April,Tuesday
01/04/2025 7:00,01/04/2025,7,2025,April,Tuesday
01/04/2025 8:00,01/04/2025,8,2025,April,Tuesday
01/04/2025 9:00,01/04/2025,9,2025,April,Tuesday
01/04/2025 10:00,01/04/2025,10,2025,April,Tuesday
01/04/2025 11:00,01/04/2025,11,2025,April,Tuesday
01/04/2025 12:00,01/04/2025,12,2025,April,Tuesday
01/04/2025 13:00,01/04/2025,13,2025,April,Tuesday
01/04/2025 14:00,01/04/2025,14,2025,April,Tuesday
01/04/2025 15:00,01/04/2025,15,2025,April,Tuesday
01/04/2025 16:00,01/04/2025,16,2025,April,Tuesday
01/04/2025 17:00,01/04/2025,17,2025,April,Tuesday
01/04/2025 18:00,01/04/2025,18,2025,April,Tuesday
01/04/2025 19:00,01/04/2025,19,2025,April,Tuesday
01/04/2025 20:00,01/04/2025,20,2025,April,Tuesday
01/04/2025 21:00,01/04/2025,21,2025,April,Tuesday
01/04/2025 22:00,01/04/2025,22,2025,April,Tuesday
01/04/2025 23:00,01/04/2025,23,2025,April,Tuesday
02/04/2025 0:00,02/04/2025,0,2025,April,Wednesday
02/04/2025 1:00,02/04/2025,1,2025,April,Wednesday
02/04/2025 2:00,02/04/2025,2,2025,April,Wednesday
02/04/2025 3:00,02/04/2025,3,2025,April,Wednesday
02/04/2025 4:00,02/04/2025,4,2025,April,Wednesday
02/04/2025 5:00,02/04/2025,5,2025,April,Wednesday
02/04/2025 6:00,02/04/2025,6,2025,April,Wednesday
02/04/2025 7:00,02/04/2025,7,2025,April,Wednesday
02/04/2025 8:00,02/04/2025,8,2025,April,Wednesday
02/04/2025 9:00,02/04/2025,9,2025,April,Wednesday
02/04/2025 10:00,02/04/2025,10,2025,April,Wednesday
02/04/2025 11:00,02/04/2025,11,2025,April,Wednesday
02/04/2025 12:00,02/04/2025,12,2025,April,Wednesday
02/04/2025 13:00,02/04/2025,13,2025,April,Wednesday
02/04/2025 14:00,02/04/2025,14,2025,April,Wednesday
02/04/2025 15:00,02/04/2025,15,2025,April,Wednesday
02/04/2025 16:00,02/04/2025,16,2025,April,Wednesday
02/04/2025 17:00,02/04/2025,17,2025,April,Wednesday
02/04/2025 18:00,02/04/2025,18,2025,April,Wednesday
02/04/2025 19:00,02/04/2025,19,2025,April,Wednesday
02/04/2025 20:00,02/04/2025,20,2025,April,Wednesday
02/04/2025 21:00,02/04/2025,21,2025,April,Wednesday
02/04/2025 22:00,02/04/2025,22,2025,April,Wednesday
02/04/2025 23:00,02/04/2025,23,2025,April,Wednesday
03/04/2025 0:00,03/04/2025,0,2025,April,Thursday
03/04/2025 1:00,03/04/2025,1,2025,April,Thursday
03/04/2025 2:00,03/04/2025,2,2025,April,Thursday
03/04/2025 3:00,03/04/2025,3,2025,April,Thursday
03/04/2025 4:00,03/04/2025,4,2025,April,Thursday
03/04/2025 5:00,03/04/2025,5,2025,April,Thursday
03/04/2025 6:00,03/04/2025,6,2025,April,Thursday
03/04/2025 7:00,03/04/2025,7,2025,April,Thursday
03/04/2025 8:00,03/04/2025,8,2025,April,Thursday
03/04/2025 9:00,03/04/2025,9,2025,April,Thursday
03/04/2025 10:00,03/04/2025,10,2025,April,Thursday
03/04/2025 11:00,03/04/2025,11,2025,April,Thursday
03/04/2025 12:00,03/04/2025,12,2025,April,Thursday
03/04/2025 13:00,03/04/2025,13,2025,April,Thursday
03/04/2025 14:00,03/04/2025,14,2025,April,Thursday
03/04/2025 15:00,03/04/2025,15,2025,April,Thursday
03/04/2025 16:00,03/04/2025,16,2025,April,Thursday
03/04/2025 17:00,03/04/2025,17,2025,April,Thursday
03/04/2025 18:00,03/04/2025,18,2025,April,Thursday
03/04/2025 19:00,03/04/2025,19,2025,April,Thursday
03/04/2025 20:00,03/04/2025,20,2025,April,Thursday
03/04/2025 21:00,03/04/2025,21,2025,April,Thursday
03/04/2025 22:00,03/04/2025,22,2025,April,Thursday
03/04/2025 23:00,03/04/2025,23,2025,April,Thursday
04/04/2025 0:00,04/04/2025,0,2025,April,Friday
04/04/2025 1:00,04/04/2025,1,2025,April,Friday
04/04/2025 2:00,04/04/2025,2,2025,April,Friday
04/04/2025 3:00,04/04/2025,3,2025,April,Friday
04/04/2025 4:00,04/04/2025,4,2025,April,Friday
04/04/2025 5:00,04/04/2025,5,2025,April,Friday
04/04/2025 6:00,04/04/2025,6,2025,April,Friday
04/04/2025 7:00,04/04/2025,7,2025,April,Friday
04/04/2025 8:00,04/04/2025,8,2025,April,Friday
04/04/2025 9:00,04/04/2025,9,2025,April,Friday
04/04/2025 10:00,04/04/2025,10,2025,April,Friday
04/04/2025 11:00,04/04/2025,11,2025,April,Friday
04/04/2025 12:00,04/04/2025,12,2025,April,Friday
04/04/2025 13:00,04/04/2025,13,2025,April,Friday
04/04/2025 14:00,04/04/2025,14,2025,April,Friday
04/04/2025 15:00,04/04/2025,15,2025,April,Friday
04/04/2025 16:00,04/04/2025,16,2025,April,Friday
04/04/2025 17:00,04/04/2025,17,2025,April,Friday
04/04/2025 18:00,04/04/2025,18,2025,April,Friday
04/04/2025 19:00,04/04/2025,19,2025,April,Friday
04/04/2025 20:00,04/04/2025,20,2025,April,Friday
04/04/2025 21:00,04/04/2025,21,2025,April,Friday
04/04/2025 22:00,04/04/2025,22,2025,April,Friday
04/04/2025 23:00,04/04/2025,23,2025,April,Friday
05/04/2025 0:00,05/04/2025,0,2025,April,Saturday
05/04/2025 1:00,05/04/2025,1,2025,April,Saturday
05/04/2025 2:00,05/04/2025,2,2025,April,Saturday
05/04/2025 3:00,05/04/2025,3,2025,April,Saturday
05/04/2025 4:00,05/04/2025,4,2025,April,Saturday
05/04/2025 5:00,05/04/2025,5,2025,April,Saturday
05/04/2025 6:00,05/04/2025,6,2025,April,Saturday
05/04/2025 7:00,05/04/2025,7,2025,April,Saturday
05/04/2025 8:00,05/04/2025,8,2025,April,Saturday
05/04/2025 9:00,05/04/2025,9,2025,April,Saturday
05/04/2025 10:00,05/04/2025,10,2025,April,Saturday
05/04/2025 11:00,05/04/2025,11,2025,April,Saturday
05/04/2025 12:00,05/04/2025,12,2025,April,Saturday
05/04/2025 13:00,05/04/2025,13,2025,April,Saturday
05/04/2025 14:00,05/04/2025,14,2025,April,Saturday
05/04/2025 15:00,05/04/2025,15,2025,April,Saturday
05/04/2025 16:00,05/04/2025,16,2025,April,Saturday
05/04/2025 17:00,05/04/2025,17,2025,April,Saturday
05/04/2025 18:00,05/04/2025,18,2025,April,Saturday
05/04/2025 19:00,05/04/2025,19,2025,April,Saturday
05/04/2025 20:00,05/04/2025,20,2025,April,Saturday
05/04/2025 21:00,05/04/2025,21,2025,April,Saturday
05/04/2025 22:00,05/04/2025,22,2025,April,Saturday
05/04/2025 23:00,05/04/2025,23,2025,April,Saturday
06/04/2025 0:00,06/04/2025,0,2025,April,Sunday
06/04/2025 1:00,06/04/2025,1,2025,April,Sunday
06/04/2025 2:00,06/04/2025,2,2025,April,Sunday
06/04/2025 3:00,06/04/2025,3,2025,April,Sunday
06/04/2025 4:00,06/04/2025,4,2025,April,Sunday
06/04/2025 5:00,06/04/2025,5,2025,April,Sunday
06/04/2025 6:00,06/04/2025,6,2025,April,Sunday
06/04/2025 7:00,06/04/2025,7,2025,April,Sunday
06/04/2025 8:00,06/04/2025,8,2025,April,Sunday
06/04/2025 9:00,06/04/2025,9,2025,April,Sunday
06/04/2025 10:00,06/04/2025,10,2025,April,Sunday
06/04/2025 11:00,06/04/2025,11,2025,April,Sunday
06/04/2025 12:00,06/04/2025,12,2025,April,Sunday
06/04/2025 13:00,06/04/2025,13,2025,April,Sunday
06/04/2025 14:00,06/04/2025,14,2025,April,Sunday
06/04/2025 15:00,06/04/2025,15,2025,April,Sunday
06/04/2025 16:00,06/04/2025,16,2025,April,Sunday
06/04/2025 17:00,06/04/2025,17,2025,April,Sunday
06/04/2025 18:00,06/04/2025,18,2025,April,Sunday
06/04/2025 19:00,06/04/2025,19,2025,April,Sunday
06/04/2025 20:00,06/04/2025,20,2025,April,Sunday
06/04/2025 21:00,06/04/2025,21,2025,April,Sunday
06/04/2025 22:00,06/04/2025,22,2025,April,Sunday
06/04/2025 23:00,06/04/2025,23,2025,April,Sunday
07/04/2025 0:00,07/04/2025,0,2025,April,Monday
07/04/2025 1:00,07/04/2025,1,2025,April,Monday
07/04/2025 2:00,07/04/2025,2,2025,April,Monday
07/04/2025 3:00,07/04/2025,3,2025,April,Monday
07/04/2025 4:00,07/04/2025,4,2025,April,Monday
07/04/2025 6:00,07/04/2025,6,2025,April,Monday
07/04/2025 7:00,07/04/2025,7,2025,April,Monday
07/04/2025 8:00,07/04/2025,8,2025,April,Monday
07/04/2025 9:00,07/04/2025,9,2025,April,Monday
07/04/2025 10:00,07/04/2025,10,2025,April,Monday
07/04/2025 11:00,07/04/2025,11,2025,April,Monday
07/04/2025 12:00,07/04/2025,12,2025,April,Monday
07/04/2025 13:00,07/04/2025,13,2025,April,Monday
07/04/2025 14:00,07/04/2025,14,2025,April,Monday
07/04/2025 15:00,07/04/2025,15,2025,April,Monday
07/04/2025 16:00,07/04/2025,16,2025,April,Monday
07/04/2025 17:00,07/04/2025,17,2025,April,Monday
07/04/2025 18:00,07/04/2025,18,2025,April,Monday
07/04/2025 19:00,07/04/2025,19,2025,April,Monday
07/04/2025 20:00,07/04/2025,20,2025,April,Monday
07/04/2025 21:00,07/04/2025,21,2025,April,Monday
07/04/2025 22:00,07/04/2025,22,2025,April,Monday
07/04/2025 23:00,07/04/2025,23,2025,April,Monday
08/04/2025 0:00,08/04/2025,0,2025,April,Tuesday
08/04/2025 1:00,08/04/2025,1,2025,April,Tuesday
08/04/2025 2:00,08/04/2025,2,2025,April,Tuesday
08/04/2025 3:00,08/04/2025,3,2025,April,Tuesday
08/04/2025 4:00,08/04/2025,4,2025,April,Tuesday
08/04/2025 5:00,08/04/2025,5,2025,April,Tuesday
08/04/2025 6:00,08/04/2025,6,2025,April,Tuesday
08/04/2025 7:00,08/04/2025,7,2025,April,Tuesday
08/04/2025 8:00,08/04/2025,8,2025,April,Tuesday
08/04/2025 9:00,08/04/2025,9,2025,April,Tuesday
08/04/2025 10:00,08/04/2025,10,2025,April,Tuesday
08/04/2025 11:00,08/04/2025,11,2025,April,Tuesday
08/04/2025 12:00,08/04/2025,12,2025,April,Tuesday
08/04/2025 13:00,08/04/2025,13,2025,April,Tuesday
08/04/2025 14:00,08/04/2025,14,2025,April,Tuesday
08/04/2025 15:00,08/04/2025,15,2025,April,Tuesday
08/04/2025 16:00,08/04/2025,16,2025,April,Tuesday
08/04/2025 17:00,08/04/2025,17,2025,April,Tuesday
08/04/2025 18:00,08/04/2025,18,2025,April,Tuesday
08/04/2025 19:00,08/04/2025,19,2025,April,Tuesday
08/04/2025 20:00,08/04/2025,20,2025,April,Tuesday
08/04/2025 21:00,08/04/2025,21,2025,April,Tuesday
08/04/2025 22:00,08/04/2025,22,2025,April,Tuesday
08/04/2025 23:00,08/04/2025,23,2025,April,Tuesday
09/04/2025 0:00,09/04/2025,0,2025,April,Wednesday
09/04/2025 1:00,09/04/2025,1,2025,April,Wednesday
09/04/2025 2:00,09/04/2025,2,2025,April,Wednesday
09/04/2025 3:00,09/04/2025,3,2025,April,Wednesday
09/04/2025 4:00,09/04/2025,4,2025,April,Wednesday
09/04/2025 5:00,09/04/2025,5,2025,April,Wednesday
09/04/2025 6:00,09/04/2025,6,2025,April,Wednesday
09/04/2025 7:00,09/04/2025,7,2025,April,Wednesday
09/04/2025 8:00,09/04/2025,8,2025,April,Wednesday
09/04/2025 9:00,09/04/2025,9,2025,April,Wednesday
09/04/2025 10:00,09/04/2025,10,2025,April,Wednesday
09/04/2025 11:00,09/04/2025,11,2025,April,Wednesday
09/04/2025 12:00,09/04/2025,12,2025,April,Wednesday
09/04/2025 13:00,09/04/2025,13,2025,April,Wednesday
09/04/2025 14:00,09/04/2025,14,2025,April,Wednesday
09/04/2025 15:00,09/04/2025,15,2025,April,Wednesday
09/04/2025 16:00,09/04/2025,16,2025,April,Wednesday
09/04/2025 17:00,09/04/2025,17,2025,April,Wednesday
09/04/2025 18:00,09/04/2025,18,2025,April,Wednesday
09/04/2025 19:00,09/04/2025,19,2025,April,Wednesday
09/04/2025 20:00,09/04/2025,20,2025,April,Wednesday
09/04/2025 21:00,09/04/2025,21,2025,April,Wednesday
09/04/2025 22:00,09/04/2025,22,2025,April,Wednesday
09/04/2025 23:00,09/04/2025,23,2025,April,Wednesday
10/04/2025 0:00,10/04/2025,0,2025,April,Thursday
10/04/2025 1:00,10/04/2025,1,2025,April,Thursday
10/04/2025 2:00,10/04/2025,2,2025,April,Thursday
10/04/2025 3:00,10/04/2025,3,2025,April,Thursday
10/04/2025 4:00,10/04/2025,4,2025,April,Thursday
10/04/2025 5:00,10/04/2025,5,2025,April,Thursday
10/04/2025 6:00,10/04/2025,6,2025,April,Thursday
10/04/2025 7:00,10/04/2025,7,2025,April,Thursday
10/04/2025 8:00,10/04/2025,8,2025,April,Thursday
10/04/2025 9:00,10/04/2025,9,2025,April,Thursday
10/04/2025 10:00,10/04/2025,10,2025,April,Thursday
10/04/2025 11:00,10/04/2025,11,2025,April,Thursday
10/04/2025 12:00,10/04/2025,12,2025,April,Thursday
10/04/2025 13:00,10/04/2025,13,2025,April,Thursday
10/04/2025 14:00,10/04/2025,14,2025,April,Thursday
10/04/2025 15:00,10/04/2025,15,2025,April,Thursday
10/04/2025 16:00,10/04/2025,16,2025,April,Thursday
10/04/2025 17:00,10/04/2025,17,2025,April,Thursday
10/04/2025 18:00,10/04/2025,18,2025,April,Thursday
10/04/2025 19:00,10/04/2025,19,2025,April,Thursday
10/04/2025 20:00,10/04/2025,20,2025,April,Thursday
10/04/2025 21:00,10/04/2025,21,2025,April,Thursday
10/04/2025 22:00,10/04/2025,22,2025,April,Thursday
10/04/2025 23:00,10/04/2025,23,2025,April,Thursday
11/04/2025 0:00,11/04/2025,0,2025,April,Friday
11/04/2025 1:00,11/04/2025,1,2025,April,Friday
11/04/2025 2:00,11/04/2025,2,2025,April,Friday
11/04/2025 3:00,11/04/2025,3,2025,April,Friday
11/04/2025 4:00,11/04/2025,4,2025,April,Friday
11/04/2025 5:00,11/04/2025,5,2025,April,Friday
11/04/2025 6:00,11/04/2025,6,2025,April,Friday
11/04/2025 7:00,11/04/2025,7,2025,April,Friday
11/04/2025 8:00,11/04/2025,8,2025,April,Friday
11/04/2025 9:00,11/04/2025,9,2025,April,Friday
11/04/2025 10:00,11/04/2025,10,2025,April,Friday
11/04/2025 11:00,11/04/2025,11,2025,April,Friday
11/04/2025 12:00,11/04/2025,12,2025,April,Friday
11/04/2025 13:00,11/04/2025,13,2025,April,Friday
11/04/2025 14:00,11/04/2025,14,2025,April,Friday
11/04/2025 15:00,11/04/2025,15,2025,April,Friday
11/04/2025 16:00,11/04/2025,16,2025,April,Friday
11/04/2025 17:00,11/04/2025,17,2025,April,Friday
11/04/2025 18:00,11/04/2025,18,2025,April,Friday
11/04/2025 19:00,11/04/2025,19,2025,April,Friday
11/04/2025 20:00,11/04/2025,20,2025,April,Friday
11/04/2025 21:00,11/04/2025,21,2025,April,Friday
11/04/2025 22:00,11/04/2025,22,2025,April,Friday
11/04/2025 23:00,11/04/2025,23,2025,April,Friday
12/04/2025 0:00,12/04/2025,0,2025,April,Saturday
12/04/2025 1:00,12/04/2025,1,2025,April,Saturday
12/04/2025 2:00,12/04/2025,2,2025,April,Saturday
12/04/2025 3:00,12/04/2025,3,2025,April,Saturday
12/04/2025 4:00,12/04/2025,4,2025,April,Saturday
12/04/2025 5:00,12/04/2025,5,2025,April,Saturday
12/04/2025 6:00,12/04/2025,6,2025,April,Saturday
12/04/2025 7:00,12/04/2025,7,2025,April,Saturday
12/04/2025 8:00,12/04/2025,8,2025,April,Saturday
12/04/2025 9:00,12/04/2025,9,2025,April,Saturday
12/04/2025 10:00,12/04/2025,10,2025,April,Saturday
12/04/2025 11:00,12/04/2025,11,2025,April,Saturday
12/04/2025 12:00,12/04/2025,12,2025,April,Saturday
12/04/2025 13:00,12/04/2025,13,2025,April,Saturday
12/04/2025 14:00,12/04/2025,14,2025,April,Saturday
12/04/2025 15:00,12/04/2025,15,2025,April,Saturday
12/04/2025 16:00,12/04/2025,16,2025,April,Saturday
12/04/2025 17:00,12/04/2025,17,2025,April,Saturday
12/04/2025 18:00,12/04/2025,18,2025,April,Saturday
12/04/2025 19:00,12/04/2025,19,2025,April,Saturday
12/04/2025 20:00,12/04/2025,20,2025,April,Saturday
12/04/2025 21:00,12/04/2025,21,2025,April,Saturday
12/04/2025 22:00,12/04/2025,22,2025,April,Saturday
12/04/2025 23:00,12/04/2025,23,2025,April,Saturday
13/04/2025 0:00,13/04/2025,0,2025,April,Sunday
13/04/2025 1:00,13/04/2025,1,2025,April,Sunday
13/04/2025 2:00,13/04/2025,2,2025,April,Sunday
13/04/2025 3:00,13/04/2025,3,2025,April,Sunday
13/04/2025 4:00,13/04/2025,4,2025,April,Sunday
13/04/2025 5:00,13/04/2025,5,2025,April,Sunday
13/04/2025 6:00,13/04/2025,6,2025,April,Sunday
13/04/2025 7:00,13/04/2025,7,2025,April,Sunday
13/04/2025 8:00,13/04/2025,8,2025,April,Sunday
13/04/2025 9:00,13/04/2025,9,2025,April,Sunday
13/04/2025 10:00,13/04/2025,10,2025,April,Sunday
13/04/2025 11:00,13/04/2025,11,2025,April,Sunday
13/04/2025 12:00,13/04/2025,12,2025,April,Sunday
13/04/2025 13:00,13/04/2025,13,2025,April,Sunday
13/04/2025 14:00,13/04/2025,14,2025,April,Sunday
13/04/2025 15:00,13/04/2025,15,2025,April,Sunday
13/04/2025 16:00,13/04/2025,16,2025,April,Sunday
13/04/2025 17:00,13/04/2025,17,2025,April,Sunday
13/04/2025 18:00,13/04/2025,18,2025,April,Sunday
13/04/2025 19:00,13/04/2025,19,2025,April,Sunday
13/04/2025 20:00,13/04/2025,20,2025,April,Sunday
13/04/2025 21:00,13/04/2025,21,2025,April,Sunday
13/04/2025 22:00,13/04/2025,22,2025,April,Sunday
13/04/2025 23:00,13/04/2025,23,2025,April,Sunday
14/04/2025 0:00,14/04/2025,0,2025,April,Monday
14/04/2025 1:00,14/04/2025,1,2025,April,Monday
14/04/2025 2:00,14/04/2025,2,2025,April,Monday
14/04/2025 3:00,14/04/2025,3,2025,April,Monday
14/04/2025 4:00,14/04/2025,4,2025,April,Monday
14/04/2025 5:00,14/04/2025,5,2025,April,Monday
14/04/2025 6:00,14/04/2025,6,2025,April,Monday
14/04/2025 7:00,14/04/2025,7,2025,April,Monday
14/04/2025 8:00,14/04/2025,8,2025,April,Monday
14/04/2025 9:00,14/04/2025,9,2025,April,Monday
14/04/2025 10:00,14/04/2025,10,2025,April,Monday
14/04/2025 11:00,14/04/2025,11,2025,April,Monday
14/04/2025 12:00,14/04/2025,12,2025,April,Monday
14/04/2025 13:00,14/04/2025,13,2025,April,Monday
14/04/2025 14:00,14/04/2025,14,2025,April,Monday
14/04/2025 15:00,14/04/2025,15,2025,April,Monday
14/04/2025 16:00,14/04/2025,16,2025,April,Monday
14/04/2025 17:00,14/04/2025,17,2025,April,Monday
14/04/2025 18:00,14/04/2025,18,2025,April,Monday
14/04/2025 19:00,14/04/2025,19,2025,April,Monday
14/04/2025 20:00,14/04/2025,20,2025,April,Monday
14/04/2025 21:00,14/04/2025,21,2025,April,Monday
14/04/2025 22:00,14/04/2025,22,2025,April,Monday
14/04/2025 23:00,14/04/2025,23,2025,April,Monday
15/04/2025 0:00,15/04/2025,0,2025,April,Tuesday
15/04/2025 1:00,15/04/2025,1,2025,April,Tuesday
15/04/2025 2:00,15/04/2025,2,2025,April,Tuesday
15/04/2025 3:00,15/04/2025,3,2025,April,Tuesday
15/04/2025 4:00,15/04/2025,4,2025,April,Tuesday
15/04/2025 5:00,15/04/2025,5,2025,April,Tuesday
15/04/2025 6:00,15/04/2025,6,2025,April,Tuesday
15/04/2025 7:00,15/04/2025,7,2025,April,Tuesday
15/04/2025 8:00,15/04/2025,8,2025,April,Tuesday
15/04/2025 9:00,15/04/2025,9,2025,April,Tuesday
15/04/2025 10:00,15/04/2025,10,2025,April,Tuesday
15/04/2025 11:00,15/04/2025,11,2025,April,Tuesday
15/04/2025 12:00,15/04/2025,12,2025,April,Tuesday
15/04/2025 13:00,15/04/2025,13,2025,April,Tuesday
15/04/2025 14:00,15/04/2025,14,2025,April,Tuesday
15/04/2025 15:00,15/04/2025,15,2025,April,Tuesday
15/04/2025 16:00,15/04/2025,16,2025,April,Tuesday
15/04/2025 17:00,15/04/2025,17,2025,April,Tuesday
15/04/2025 18:00,15/04/2025,18,2025,April,Tuesday
15/04/2025 19:00,15/04/2025,19,2025,April,Tuesday
15/04/2025 20:00,15/04/2025,20,2025,April,Tuesday
15/04/2025 21:00,15/04/2025,21,2025,April,Tuesday
15/04/2025 22:00,15/04/2025,22,2025,April,Tuesday
15/04/2025 23:00,15/04/2025,23,2025,April,Tuesday
16/04/2025 0:00,16/04/2025,0,2025,April,Wednesday
16/04/2025 1:00,16/04/2025,1,2025,April,Wednesday
16/04/2025 2:00,16/04/2025,2,2025,April,Wednesday
16/04/2025 3:00,16/04/2025,3,2025,April,Wednesday
16/04/2025 4:00,16/04/2025,4,2025,April,Wednesday
16/04/2025 5:00,16/04/2025,5,2025,April,Wednesday
16/04/2025 6:00,16/04/2025,6,2025,April,Wednesday
16/04/2025 7:00,16/04/2025,7,2025,April,Wednesday
16/04/2025 8:00,16/04/2025,8,2025,April,Wednesday
16/04/2025 9:00,16/04/2025,9,2025,April,Wednesday
16/04/2025 10:00,16/04/2025,10,2025,April,Wednesday
16/04/2025 11:00,16/04/2025,11,2025,April,Wednesday
16/04/2025 12:00,16/04/2025,12,2025,April,Wednesday
16/04/2025 13:00,16/04/2025,13,2025,April,Wednesday
16/04/2025 14:00,16/04/2025,14,2025,April,Wednesday
16/04/2025 15:00,16/04/2025,15,2025,April,Wednesday
16/04/2025 16:00,16/04/2025,16,2025,April,Wednesday
16/04/2025 17:00,16/04/2025,17,2025,April,Wednesday
16/04/2025 18:00,16/04/2025,18,2025,April,Wednesday
16/04/2025 19:00,16/04/2025,19,2025,April,Wednesday
16/04/2025 20:00,16/04/2025,20,2025,April,Wednesday
16/04/2025 21:00,16/04/2025,21,2025,April,Wednesday
16/04/2025 22:00,16/04/2025,22,2025,April,Wednesday
16/04/2025 23:00,16/04/2025,23,2025,April,Wednesday
17/04/2025 0:00,17/04/2025,0,2025,April,Thursday
17/04/2025 1:00,17/04/2025,1,2025,April,Thursday
17/04/2025 2:00,17/04/2025,2,2025,April,Thursday
17/04/2025 3:00,17/04/2025,3,2025,April,Thursday
17/04/2025 4:00,17/04/2025,4,2025,April,Thursday
17/04/2025 5:00,17/04/2025,5,2025,April,Thursday
17/04/2025 6:00,17/04/2025,6,2025,April,Thursday
17/04/2025 7:00,17/04/2025,7,2025,April,Thursday
17/04/2025 8:00,17/04/2025,8,2025,April,Thursday
17/04/2025 9:00,17/04/2025,9,2025,April,Thursday
17/04/2025 10:00,17/04/2025,10,2025,April,Thursday
17/04/2025 11:00,17/04/2025,11,2025,April,Thursday
17/04/2025 12:00,17/04/2025,12,2025,April,Thursday
17/04/2025 13:00,17/04/2025,13,2025,April,Thursday
17/04/2025 14:00,17/04/2025,14,2025,April,Thursday
17/04/2025 15:00,17/04/2025,15,2025,April,Thursday
17/04/2025 16:00,17/04/2025,16,2025,April,Thursday
17/04/2025 17:00,17/04/2025,17,2025,April,Thursday
17/04/2025 18:00,17/04/2025,18,2025,April,Thursday
17/04/2025 19:00,17/04/2025,19,2025,April,Thursday
17/04/2025 20:00,17/04/2025,20,2025,April,Thursday
17/04/2025 21:00,17/04/2025,21,2025,April,Thursday
17/04/2025 22:00,17/04/2025,22,2025,April,Thursday
17/04/2025 23:00,17/04/2025,23,2025,April,Thursday
18/04/2025 0:00,18/04/2025,0,2025,April,Friday
18/04/2025 1:00,18/04/2025,1,2025,April,Friday
18/04/2025 2:00,18/04/2025,2,2025,April,Friday
18/04/2025 3:00,18/04/2025,3,2025,April,Friday
18/04/2025 4:00,18/04/2025,4,2025,April,Friday
18/04/2025 5:00,18/04/2025,5,2025,April,Friday
18/04/2025 7:00,18/04/2025,7,2025,April,Friday
18/04/2025 8:00,18/04/2025,8,2025,April,Friday
18/04/2025 9:00,18/04/2025,9,2025,April,Friday
18/04/2025 10:00,18/04/2025,10,2025,April,Friday
18/04/2025 11:00,18/04/2025,11,2025,April,Friday
18/04/2025 12:00,18/04/2025,12,2025,April,Friday
18/04/2025 13:00,18/04/2025,13,2025,April,Friday
18/04/2025 14:00,18/04/2025,14,2025,April,Friday
18/04/2025 15:00,18/04/2025,15,2025,April,Friday
18/04/2025 16:00,18/04/2025,16,2025,April,Friday
18/04/2025 17:00,18/04/2025,17,2025,April,Friday
18/04/2025 18:00,18/04/2025,18,2025,April,Friday
18/04/2025 19:00,18/04/2025,19,2025,April,Friday
18/04/2025 20:00,18/04/2025,20,2025,April,Friday
18/04/2025 21:00,18/04/2025,21,2025,April,Friday
18/04/2025 22:00,18/04/2025,22,2025,April,Friday
18/04/2025 23:00,18/04/2025,23,2025,April,Friday
19/04/2025 0:00,19/04/2025,0,2025,April,Saturday
19/04/2025 1:00,19/04/2025,1,2025,April,Saturday
19/04/2025 2:00,19/04/2025,2,2025,April,Saturday
19/04/2025 3:00,19/04/2025,3,2025,April,Saturday
19/04/2025 4:00,19/04/2025,4,2025,April,Saturday
19/04/2025 5:00,19/04/2025,5,2025,April,Saturday
19/04/2025 6:00,19/04/2025,6,2025,April,Saturday
19/04/2025 7:00,19/04/2025,7,2025,April,Saturday
19/04/2025 8:00,19/04/2025,8,2025,April,Saturday
19/04/2025 9:00,19/04/2025,9,2025,April,Saturday
19/04/2025 10:00,19/04/2025,10,2025,April,Saturday
19/04/2025 11:00,19/04/2025,11,2025,April,Saturday
19/04/2025 12:00,19/04/2025,12,2025,April,Saturday
19/04/2025 13:00,19/04/2025,13,2025,April,Saturday
19/04/2025 14:00,19/04/2025,14,2025,April,Saturday
19/04/2025 15:00,19/04/2025,15,2025,April,Saturday
19/04/2025 16:00,19/04/2025,16,2025,April,Saturday
19/04/2025 17:00,19/04/2025,17,2025,April,Saturday
19/04/2025 18:00,19/04/2025,18,2025,April,Saturday
19/04/2025 19:00,19/04/2025,19,2025,April,Saturday
19/04/2025 20:00,19/04/2025,20,2025,April,Saturday
19/04/2025 21:00,19/04/2025,21,2025,April,Saturday
19/04/2025 22:00,19/04/2025,22,2025,April,Saturday
19/04/2025 23:00,19/04/2025,23,2025,April,Saturday
20/04/2025 0:00,20/04/2025,0,2025,April,Sunday
20/04/2025 1:00,20/04/2025,1,2025,April,Sunday
20/04/2025 2:00,20/04/2025,2,2025,April,Sunday
20/04/2025 3:00,20/04/2025,3,2025,April,Sunday
20/04/2025 4:00,20/04/2025,4,2025,April,Sunday
20/04/2025 5:00,20/04/2025,5,2025,April,Sunday
20/04/2025 6:00,20/04/2025,6,2025,April,Sunday
20/04/2025 7:00,20/04/2025,7,2025,April,Sunday
20/04/2025 8:00,20/04/2025,8,2025,April,Sunday
20/04/2025 9:00,20/04/2025,9,2025,April,Sunday
20/04/2025 10:00,20/04/2025,10,2025,April,Sunday
20/04/2025 11:00,20/04/2025,11,2025,April,Sunday
20/04/2025 12:00,20/04/2025,12,2025,April,Sunday
20/04/2025 13:00,20/04/2025,13,2025,April,Sunday
20/04/2025 14:00,20/04/2025,14,2025,April,Sunday
20/04/2025 15:00,20/04/2025,15,2025,April,Sunday
20/04/2025 16:00,20/04/2025,16,2025,April,Sunday
20/04/2025 17:00,20/04/2025,17,2025,April,Sunday
20/04/2025 18:00,20/04/2025,18,2025,April,Sunday
20/04/2025 19:00,20/04/2025,19,2025,April,Sunday
20/04/2025 20:00,20/04/2025,20,2025,April,Sunday
20/04/2025 21:00,20/04/2025,21,2025,April,Sunday
20/04/2025 22:00,20/04/2025,22,2025,April,Sunday
20/04/2025 23:00,20/04/2025,23,2025,April,Sunday
21/04/2025 0:00,21/04/2025,0,2025,April,Monday
21/04/2025 1:00,21/04/2025,1,2025,April,Monday
21/04/2025 2:00,21/04/2025,2,2025,April,Monday
21/04/2025 3:00,21/04/2025,3,2025,April,Monday
21/04/2025 4:00,21/04/2025,4,2025,April,Monday
21/04/2025 5:00,21/04/2025,5,2025,April,Monday
21/04/2025 6:00,21/04/2025,6,2025,April,Monday
21/04/2025 7:00,21/04/2025,7,2025,April,Monday
21/04/2025 8:00,21/04/2025,8,2025,April,Monday
21/04/2025 9:00,21/04/2025,9,2025,April,Monday
21/04/2025 10:00,21/04/2025,10,2025,April,Monday
21/04/2025 11:00,21/04/2025,11,2025,April,Monday
21/04/2025 12:00,21/04/2025,12,2025,April,Monday
21/04/2025 13:00,21/04/2025,13,2025,April,Monday
21/04/2025 14:00,21/04/2025,14,2025,April,Monday
21/04/2025 15:00,21/04/2025,15,2025,April,Monday
21/04/2025 16:00,21/04/2025,16,2025,April,Monday
21/04/2025 17:00,21/04/2025,17,2025,April,Monday
21/04/2025 18:00,21/04/2025,18,2025,April,Monday
21/04/2025 19:00,21/04/2025,19,2025,April,Monday
21/04/2025 20:00,21/04/2025,20,2025,April,Monday
21/04/2025 21:00,21/04/2025,21,2025,April,Monday
21/04/2025 22:00,21/04/2025,22,2025,April,Monday
21/04/2025 23:00,21/04/2025,23,2025,April,Monday
22/04/2025 0:00,22/04/2025,0,2025,April,Tuesday
22/04/2025 1:00,22/04/2025,1,2025,April,Tuesday
22/04/2025 2:00,22/04/2025,2,2025,April,Tuesday
22/04/2025 3:00,22/04/2025,3,2025,April,Tuesday
22/04/2025 4:00,22/04/2025,4,2025,April,Tuesday
22/04/2025 5:00,22/04/2025,5,2025,April,Tuesday
22/04/2025 6:00,22/04/2025,6,2025,April,Tuesday
22/04/2025 7:00,22/04/2025,7,2025,April,Tuesday
22/04/2025 8:00,22/04/2025,8,2025,April,Tuesday
22/04/2025 9:00,22/04/2025,9,2025,April,Tuesday
22/04/2025 10:00,22/04/2025,10,2025,April,Tuesday
22/04/2025 11:00,22/04/2025,11,2025,April,Tuesday
22/04/2025 12:00,22/04/2025,12,2025,April,Tuesday
22/04/2025 13:00,22/04/2025,13,2025,April,Tuesday
22/04/2025 14:00,22/04/2025,14,2025,April,Tuesday
22/04/2025 15:00,22/04/2025,15,2025,April,Tuesday
22/04/2025 16:00,22/04/2025,16,2025,April,Tuesday
22/04/2025 17:00,22/04/2025,17,2025,April,Tuesday
22/04/2025 18:00,22/04/2025,18,2025,April,Tuesday
22/04/2025 19:00,22/04/2025,19,2025,April,Tuesday
22/04/2025 20:00,22/04/2025,20,2025,April,Tuesday
22/04/2025 21:00,22/04/2025,21,2025,April,Tuesday
22/04/2025 22:00,22/04/2025,22,2025,April,Tuesday
22/04/2025 23:00,22/04/2025,23,2025,April,Tuesday
23/04/2025 0:00,23/04/2025,0,2025,April,Wednesday
23/04/2025 1:00,23/04/2025,1,2025,April,Wednesday
23/04/2025 2:00,23/04/2025,2,2025,April,Wednesday
23/04/2025 3:00,23/04/2025,3,2025,April,Wednesday
23/04/2025 4:00,23/04/2025,4,2025,April,Wednesday
23/04/2025 5:00,23/04/2025,5,2025,April,Wednesday
23/04/2025 6:00,23/04/2025,6,2025,April,Wednesday
23/04/2025 7:00,23/04/2025,7,2025,April,Wednesday
23/04/2025 8:00,23/04/2025,8,2025,April,Wednesday
23/04/2025 9:00,23/04/2025,9,2025,April,Wednesday
23/04/2025 10:00,23/04/2025,10,2025,April,Wednesday
23/04/2025 11:00,23/04/2025,11,2025,April,Wednesday
23/04/2025 12:00,23/04/2025,12,2025,April,Wednesday
23/04/2025 13:00,23/04/2025,13,2025,April,Wednesday
23/04/2025 14:00,23/04/2025,14,2025,April,Wednesday
23/04/2025 15:00,23/04/2025,15,2025,April,Wednesday
23/04/2025 16:00,23/04/2025,16,2025,April,Wednesday
23/04/2025 17:00,23/04/2025,17,2025,April,Wednesday
23/04/2025 18:00,23/04/2025,18,2025,April,Wednesday
23/04/2025 19:00,23/04/2025,19,2025,April,Wednesday
23/04/2025 20:00,23/04/2025,20,2025,April,Wednesday
23/04/2025 21:00,23/04/2025,21,2025,April,Wednesday
23/04/2025 22:00,23/04/2025,22,2025,April,Wednesday
23/04/2025 23:00,23/04/2025,23,2025,April,Wednesday
24/04/2025 0:00,24/04/2025,0,2025,April,Thursday
24/04/2025 1:00,24/04/2025,1,2025,April,Thursday
24/04/2025 2:00,24/04/2025,2,2025,April,Thursday
24/04/2025 3:00,24/04/2025,3,2025,April,Thursday
24/04/2025 4:00,24/04/2025,4,2025,April,Thursday
24/04/2025 5:00,24/04/2025,5,2025,April,Thursday
24/04/2025 6:00,24/04/2025,6,2025,April,Thursday
24/04/2025 7:00,24/04/2025,7,2025,April,Thursday
24/04/2025 8:00,24/04/2025,8,2025,April,Thursday
24/04/2025 9:00,24/04/2025,9,2025,April,Thursday
24/04/2025 10:00,24/04/2025,10,2025,April,Thursday
24/04/2025 11:00,24/04/2025,11,2025,April,Thursday
24/04/2025 12:00,24/04/2025,12,2025,April,Thursday
24/04/2025 13:00,24/04/2025,13,2025,April,Thursday
24/04/2025 14:00,24/04/2025,14,2025,April,Thursday
24/04/2025 15:00,24/04/2025,15,2025,April,Thursday
24/04/2025 16:00,24/04/2025,16,2025,April,Thursday
24/04/2025 17:00,24/04/2025,17,2025,April,Thursday
24/04/2025 18:00,24/04/2025,18,2025,April,Thursday
24/04/2025 19:00,24/04/2025,19,2025,April,Thursday
24/04/2025 20:00,24/04/2025,20,2025,April,Thursday
24/04/2025 21:00,24/04/2025,21,2025,April,Thursday
24/04/2025 22:00,24/04/2025,22,2025,April,Thursday
24/04/2025 23:00,24/04/2025,23,2025,April,Thursday
25/04/2025 0:00,25/04/2025,0,2025,April,Friday
25/04/2025 1:00,25/04/2025,1,2025,April,Friday
25/04/2025 2:00,25/04/2025,2,2025,April,Friday
25/04/2025 3:00,25/04/2025,3,2025,April,Friday
25/04/2025 4:00,25/04/2025,4,2025,April,Friday
25/04/2025 5:00,25/04/2025,5,2025,April,Friday
25/04/2025 6:00,25/04/2025,6,2025,April,Friday
25/04/2025 7:00,25/04/2025,7,2025,April,Friday
25/04/2025 8:00,25/04/2025,8,2025,April,Friday
25/04/2025 9:00,25/04/2025,9,2025,April,Friday
25/04/2025 10:00,25/04/2025,10,2025,April,Friday
25/04/2025 11:00,25/04/2025,11,2025,April,Friday
25/04/2025 12:00,25/04/2025,12,2025,April,Friday
25/04/2025 13:00,25/04/2025,13,2025,April,Friday
25/04/2025 14:00,25/04/2025,14,2025,April,Friday
25/04/2025 15:00,25/04/2025,15,2025,April,Friday
25/04/2025 16:00,25/04/2025,16,2025,April,Friday
25/04/2025 17:00,25/04/2025,17,2025,April,Friday
25/04/2025 18:00,25/04/2025,18,2025,April,Friday
25/04/2025 19:00,25/04/2025,19,2025,April,Friday
25/04/2025 20:00,25/04/2025,20,2025,April,Friday
25/04/2025 21:00,25/04/2025,21,2025,April,Friday
25/04/2025 22:00,25/04/2025,22,2025,April,Friday
25/04/2025 23:00,25/04/2025,23,2025,April,Friday
26/04/2025 0:00,26/04/2025,0,2025,April,Saturday
26/04/2025 1:00,26/04/2025,1,2025,April,Saturday
26/04/2025 2:00,26/04/2025,2,2025,April,Saturday
26/04/2025 3:00,26/04/2025,3,2025,April,Saturday
26/04/2025 4:00,26/04/2025,4,2025,April,Saturday
26/04/2025 5:00,26/04/2025,5,2025,April,Saturday
26/04/2025 6:00,26/04/2025,6,2025,April,Saturday
26/04/2025 7:00,26/04/2025,7,2025,April,Saturday
26/04/2025 8:00,26/04/2025,8,2025,April,Saturday
26/04/2025 9:00,26/04/2025,9,2025,April,Saturday
26/04/2025 10:00,26/04/2025,10,2025,April,Saturday
26/04/2025 11:00,26/04/2025,11,2025,April,Saturday
26/04/2025 12:00,26/04/2025,12,2025,April,Saturday
26/04/2025 13:00,26/04/2025,13,2025,April,Saturday
26/04/2025 14:00,26/04/2025,14,2025,April,Saturday
26/04/2025 15:00,26/04/2025,15,2025,April,Saturday
26/04/2025 16:00,26/04/2025,16,2025,April,Saturday
26/04/2025 17:00,26/04/2025,17,2025,April,Saturday
26/04/2025 18:00,26/04/2025,18,2025,April,Saturday
26/04/2025 19:00,26/04/2025,19,2025,April,Saturday
26/04/2025 20:00,26/04/2025,20,2025,April,Saturday
26/04/2025 21:00,26/04/2025,21,2025,April,Saturday
26/04/2025 22:00,26/04/2025,22,2025,April,Saturday
26/04/2025 23:00,26/04/2025,23,2025,April,Saturday
27/04/2025 0:00,27/04/2025,0,2025,April,Sunday
27/04/2025 1:00,27/04/2025,1,2025,April,Sunday
27/04/2025 2:00,27/04/2025,2,2025,April,Sunday
27/04/2025 3:00,27/04/2025,3,2025,April,Sunday
27/04/2025 4:00,27/04/2025,4,2025,April,Sunday
27/04/2025 5:00,27/04/2025,5,2025,April,Sunday
27/04/2025 6:00,27/04/2025,6,2025,April,Sunday
27/04/2025 7:00,27/04/2025,7,2025,April,Sunday
27/04/2025 8:00,27/04/2025,8,2025,April,Sunday
27/04/2025 9:00,27/04/2025,9,2025,April,Sunday
27/04/2025 10:00,27/04/2025,10,2025,April,Sunday
27/04/2025 11:00,27/04/2025,11,2025,April,Sunday
27/04/2025 12:00,27/04/2025,12,2025,April,Sunday
27/04/2025 13:00,27/04/2025,13,2025,April,Sunday
27/04/2025 14:00,27/04/2025,14,2025,April,Sunday
27/04/2025 15:00,27/04/2025,15,2025,April,Sunday
27/04/2025 16:00,27/04/2025,16,2025,April,Sunday
27/04/2025 17:00,27/04/2025,17,2025,April,Sunday
27/04/2025 18:00,27/04/2025,18,2025,April,Sunday
27/04/2025 19:00,27/04/2025,19,2025,April,Sunday
27/04/2025 20:00,27/04/2025,20,2025,April,Sunday
27/04/2025 21:00,27/04/2025,21,2025,April,Sunday
27/04/2025 22:00,27/04/2025,22,2025,April,Sunday
27/04/2025 23:00,27/04/2025,23,2025,April,Sunday
28/04/2025 0:00,28/04/2025,0,2025,April,Monday
28/04/2025 1:00,28/04/2025,1,2025,April,Monday
28/04/2025 2:00,28/04/2025,2,2025,April,Monday
28/04/2025 3:00,28/04/2025,3,2025,April,Monday
28/04/2025 4:00,28/04/2025,4,2025,April,Monday
28/04/2025 5:00,28/04/2025,5,2025,April,Monday
28/04/2025 6:00,28/04/2025,6,2025,April,Monday
28/04/2025 7:00,28/04/2025,7,2025,April,Monday
28/04/2025 8:00,28/04/2025,8,2025,April,Monday
28/04/2025 9:00,28/04/2025,9,2025,April,Monday
28/04/2025 10:00,28/04/2025,10,2025,April,Monday
28/04/2025 11:00,28/04/2025,11,2025,April,Monday
28/04/2025 12:00,28/04/2025,12,2025,April,Monday
28/04/2025 13:00,28/04/2025,13,2025,April,Monday
28/04/2025 14:00,28/04/2025,14,2025,April,Monday
28/04/2025 15:00,28/04/2025,15,2025,April,Monday
28/04/2025 16:00,28/04/2025,16,2025,April,Monday
28/04/2025 17:00,28/04/2025,17,2025,April,Monday
28/04/2025 18:00,28/04/2025,18,2025,April,Monday
28/04/2025 19:00,28/04/2025,19,2025,April,Monday
28/04/2025 20:00,28/04/2025,20,2025,April,Monday
28/04/2025 21:00,28/04/2025,21,2025,April,Monday
28/04/2025 22:00,28/04/2025,22,2025,April,Monday
28/04/2025 23:00,28/04/2025,23,2025,April,Monday
29/04/2025 1:00,29/04/2025,1,2025,April,Tuesday
29/04/2025 2:00,29/04/2025,2,2025,April,Tuesday
29/04/2025 3:00,29/04/2025,3,2025,April,Tuesday
29/04/2025 4:00,29/04/2025,4,2025,April,Tuesday
29/04/2025 5:00,29/04/2025,5,2025,April,Tuesday
29/04/2025 6:00,29/04/2025,6,2025,April,Tuesday
29/04/2025 7:00,29/04/2025,7,2025,April,Tuesday
29/04/2025 8:00,29/04/2025,8,2025,April,Tuesday
29/04/2025 9:00,29/04/2025,9,2025,April,Tuesday
29/04/2025 10:00,29/04/2025,10,2025,April,Tuesday
29/04/2025 11:00,29/04/2025,11,2025,April,Tuesday
29/04/2025 12:00,29/04/2025,12,2025,April,Tuesday
29/04/2025 13:00,29/04/2025,13,2025,April,Tuesday
29/04/2025 14:00,29/04/2025,14,2025,April,Tuesday
29/04/2025 15:00,29/04/2025,15,2025,April,Tuesday
29/04/2025 16:00,29/04/2025,16,2025,April,Tuesday
29/04/2025 17:00,29/04/2025,17,2025,April,Tuesday
29/04/2025 18:00,29/04/2025,18,2025,April,Tuesday
29/04/2025 19:00,29/04/2025,19,2025,April,Tuesday
29/04/2025 20:00,29/04/2025,20,2025,April,Tuesday
29/04/2025 21:00,29/04/2025,21,2025,April,Tuesday
29/04/2025 22:00,29/04/2025,22,2025,April,Tuesday
29/04/2025 23:00,29/04/2025,23,2025,April,Tuesday
30/04/2025 0:00,30/04/2025,0,2025,April,Wednesday
30/04/2025 1:00,30/04/2025,1,2025,April,Wednesday
30/04/2025 2:00,30/04/2025,2,2025,April,Wednesday
30/04/2025 3:00,30/04/2025,3,2025,April,Wednesday
30/04/2025 4:00,30/04/2025,4,2025,April,Wednesday
30/04/2025 5:00,30/04/2025,5,2025,April,Wednesday
30/04/2025 6:00,30/04/2025,6,2025,April,Wednesday
30/04/2025 7:00,30/04/2025,7,2025,April,Wednesday
30/04/2025 8:00,30/04/2025,8,2025,April,Wednesday
30/04/2025 9:00,30/04/2025,9,2025,April,Wednesday
30/04/2025 10:00,30/04/2025,10,2025,April,Wednesday
30/04/2025 11:00,30/04/2025,11,2025,April,Wednesday
30/04/2025 12:00,30/04/2025,12,2025,April,Wednesday
30/04/2025 13:00,30/04/2025,13,2025,April,Wednesday
30/04/2025 14:00,30/04/2025,14,2025,April,Wednesday
30/04/2025 15:00,30/04/2025,15,2025,April,Wednesday
30/04/2025 16:00,30/04/2025,16,2025,April,Wednesday
30/04/2025 17:00,30/04/2025,17,2025,April,Wednesday
30/04/2025 18:00,30/04/2025,18,2025,April,Wednesday
30/04/2025 19:00,30/04/2025,19,2025,April,Wednesday
30/04/2025 20:00,30/04/2025,20,2025,April,Wednesday
30/04/2025 21:00,30/04/2025,21,2025,April,Wednesday
30/04/2025 22:00,30/04/2025,22,2025,April,Wednesday
30/04/2025 23:00,30/04/2025,23,2025,April,Wednesday
01/05/2025 0:00,01/05/2025,0,2025,May,Thursday
01/05/2025 1:00,01/05/2025,1,2025,May,Thursday
01/05/2025 2:00,01/05/2025,2,2025,May,Thursday
01/05/2025 3:00,01/05/2025,3,2025,May,Thursday
01/05/2025 4:00,01/05/2025,4,2025,May,Thursday
01/05/2025 5:00,01/05/2025,5,2025,May,Thursday
01/05/2025 6:00,01/05/2025,6,2025,May,Thursday
01/05/2025 7:00,01/05/2025,7,2025,May,Thursday
01/05/2025 8:00,01/05/2025,8,2025,May,Thursday
01/05/2025 9:00,01/05/2025,9,2025,May,Thursday
01/05/2025 10:00,01/05/2025,10,2025,May,Thursday
01/05/2025 11:00,01/05/2025,11,2025,May,Thursday
01/05/2025 12:00,01/05/2025,12,2025,May,Thursday
01/05/2025 13:00,01/05/2025,13,2025,May,Thursday
01/05/2025 14:00,01/05/2025,14,2025,May,Thursday
01/05/2025 15:00,01/05/2025,15,2025,May,Thursday
01/05/2025 16:00,01/05/2025,16,2025,May,Thursday
01/05/2025 17:00,01/05/2025,17,2025,May,Thursday
01/05/2025 18:00,01/05/2025,18,2025,May,Thursday
01/05/2025 19:00,01/05/2025,19,2025,May,Thursday
01/05/2025 20:00,01/05/2025,20,2025,May,Thursday
01/05/2025 21:00,01/05/2025,21,2025,May,Thursday
01/05/2025 22:00,01/05/2025,22,2025,May,Thursday
01/05/2025 23:00,01/05/2025,23,2025,May,Thursday
02/05/2025 0:00,02/05/2025,0,2025,May,Friday
02/05/2025 1:00,02/05/2025,1,2025,May,Friday
02/05/2025 2:00,02/05/2025,2,2025,May,Friday
02/05/2025 3:00,02/05/2025,3,2025,May,Friday
02/05/2025 4:00,02/05/2025,4,2025,May,Friday
02/05/2025 5:00,02/05/2025,5,2025,May,Friday
02/05/2025 6:00,02/05/2025,6,2025,May,Friday
02/05/2025 7:00,02/05/2025,7,2025,May,Friday
02/05/2025 8:00,02/05/2025,8,2025,May,Friday
02/05/2025 9:00,02/05/2025,9,2025,May,Friday
02/05/2025 10:00,02/05/2025,10,2025,May,Friday
02/05/2025 11:00,02/05/2025,11,2025,May,Friday
02/05/2025 12:00,02/05/2025,12,2025,May,Friday
02/05/2025 13:00,02/05/2025,13,2025,May,Friday
02/05/2025 14:00,02/05/2025,14,2025,May,Friday
02/05/2025 15:00,02/05/2025,15,2025,May,Friday
02/05/2025 16:00,02/05/2025,16,2025,May,Friday
02/05/2025 17:00,02/05/2025,17,2025,May,Friday
02/05/2025 18:00,02/05/2025,18,2025,May,Friday
02/05/2025 19:00,02/05/2025,19,2025,May,Friday
02/05/2025 20:00,02/05/2025,20,2025,May,Friday
02/05/2025 21:00,02/05/2025,21,2025,May,Friday
02/05/2025 22:00,02/05/2025,22,2025,May,Friday
02/05/2025 23:00,02/05/2025,23,2025,May,Friday
03/05/2025 0:00,03/05/2025,0,2025,May,Saturday
03/05/2025 1:00,03/05/2025,1,2025,May,Saturday
03/05/2025 2:00,03/05/2025,2,2025,May,Saturday
03/05/2025 3:00,03/05/2025,3,2025,May,Saturday
03/05/2025 4:00,03/05/2025,4,2025,May,Saturday
03/05/2025 5:00,03/05/2025,5,2025,May,Saturday
03/05/2025 6:00,03/05/2025,6,2025,May,Saturday
03/05/2025 7:00,03/05/2025,7,2025,May,Saturday
03/05/2025 8:00,03/05/2025,8,2025,May,Saturday
03/05/2025 9:00,03/05/2025,9,2025,May,Saturday
03/05/2025 10:00,03/05/2025,10,2025,May,Saturday
03/05/2025 11:00,03/05/2025,11,2025,May,Saturday
03/05/2025 12:00,03/05/2025,12,2025,May,Saturday
03/05/2025 13:00,03/05/2025,13,2025,May,Saturday
03/05/2025 14:00,03/05/2025,14,2025,May,Saturday
03/05/2025 15:00,03/05/2025,15,2025,May,Saturday
03/05/2025 16:00,03/05/2025,16,2025,May,Saturday
03/05/2025 17:00,03/05/2025,17,2025,May,Saturday
03/05/2025 18:00,03/05/2025,18,2025,May,Saturday
03/05/2025 19:00,03/05/2025,19,2025,May,Saturday
03/05/2025 20:00,03/05/2025,20,2025,May,Saturday
03/05/2025 21:00,03/05/2025,21,2025,May,Saturday
03/05/2025 22:00,03/05/2025,22,2025,May,Saturday
03/05/2025 23:00,03/05/2025,23,2025,May,Saturday
04/05/2025 0:00,04/05/2025,0,2025,May,Sunday
04/05/2025 1:00,04/05/2025,1,2025,May,Sunday
04/05/2025 2:00,04/05/2025,2,2025,May,Sunday
04/05/2025 3:00,04/05/2025,3,2025,May,Sunday
04/05/2025 4:00,04/05/2025,4,2025,May,Sunday
04/05/2025 5:00,04/05/2025,5,2025,May,Sunday
04/05/2025 7:00,04/05/2025,7,2025,May,Sunday
04/05/2025 8:00,04/05/2025,8,2025,May,Sunday
04/05/2025 9:00,04/05/2025,9,2025,May,Sunday
04/05/2025 10:00,04/05/2025,10,2025,May,Sunday
04/05/2025 11:00,04/05/2025,11,2025,May,Sunday
04/05/2025 12:00,04/05/2025,12,2025,May,Sunday
04/05/2025 13:00,04/05/2025,13,2025,May,Sunday
04/05/2025 14:00,04/05/2025,14,2025,May,Sunday
04/05/2025 15:00,04/05/2025,15,2025,May,Sunday
04/05/2025 16:00,04/05/2025,16,2025,May,Sunday
04/05/2025 17:00,04/05/2025,17,2025,May,Sunday
04/05/2025 18:00,04/05/2025,18,2025,May,Sunday
04/05/2025 19:00,04/05/2025,19,2025,May,Sunday
04/05/2025 20:00,04/05/2025,20,2025,May,Sunday
04/05/2025 21:00,04/05/2025,21,2025,May,Sunday
04/05/2025 22:00,04/05/2025,22,2025,May,Sunday
04/05/2025 23:00,04/05/2025,23,2025,May,Sunday
05/05/2025 0:00,05/05/2025,0,2025,May,Monday
05/05/2025 1:00,05/05/2025,1,2025,May,Monday
05/05/2025 2:00,05/05/2025,2,2025,May,Monday
05/05/2025 3:00,05/05/2025,3,2025,May,Monday
05/05/2025 4:00,05/05/2025,4,2025,May,Monday
05/05/2025 5:00,05/05/2025,5,2025,May,Monday
05/05/2025 6:00,05/05/2025,6,2025,May,Monday
05/05/2025 7:00,05/05/2025,7,2025,May,Monday
05/05/2025 8:00,05/05/2025,8,2025,May,Monday
05/05/2025 9:00,05/05/2025,9,2025,May,Monday
05/05/2025 10:00,05/05/2025,10,2025,May,Monday
05/05/2025 11:00,05/05/2025,11,2025,May,Monday
05/05/2025 12:00,05/05/2025,12,2025,May,Monday
05/05/2025 13:00,05/05/2025,13,2025,May,Monday
05/05/2025 14:00,05/05/2025,14,2025,May,Monday
05/05/2025 15:00,05/05/2025,15,2025,May,Monday
05/05/2025 16:00,05/05/2025,16,2025,May,Monday
05/05/2025 17:00,05/05/2025,17,2025,May,Monday
05/05/2025 18:00,05/05/2025,18,2025,May,Monday
05/05/2025 19:00,05/05/2025,19,2025,May,Monday
05/05/2025 20:00,05/05/2025,20,2025,May,Monday
05/05/2025 21:00,05/05/2025,21,2025,May,Monday
05/05/2025 22:00,05/05/2025,22,2025,May,Monday
05/05/2025 23:00,05/05/2025,23,2025,May,Monday
06/05/2025 0:00,06/05/2025,0,2025,May,Tuesday
06/05/2025 1:00,06/05/2025,1,2025,May,Tuesday
06/05/2025 2:00,06/05/2025,2,2025,May,Tuesday
06/05/2025 3:00,06/05/2025,3,2025,May,Tuesday
06/05/2025 4:00,06/05/2025,4,2025,May,Tuesday
06/05/2025 5:00,06/05/2025,5,2025,May,Tuesday
06/05/2025 6:00,06/05/2025,6,2025,May,Tuesday
06/05/2025 7:00,06/05/2025,7,2025,May,Tuesday
06/05/2025 8:00,06/05/2025,8,2025,May,Tuesday
06/05/2025 9:00,06/05/2025,9,2025,May,Tuesday
06/05/2025 10:00,06/05/2025,10,2025,May,Tuesday
06/05/2025 11:00,06/05/2025,11,2025,May,Tuesday
06/05/2025 12:00,06/05/2025,12,2025,May,Tuesday
06/05/2025 13:00,06/05/2025,13,2025,May,Tuesday
06/05/2025 14:00,06/05/2025,14,2025,May,Tuesday
06/05/2025 15:00,06/05/2025,15,2025,May,Tuesday
06/05/2025 16:00,06/05/2025,16,2025,May,Tuesday
06/05/2025 17:00,06/05/2025,17,2025,May,Tuesday
06/05/2025 18:00,06/05/2025,18,2025,May,Tuesday
06/05/2025 19:00,06/05/2025,19,2025,May,Tuesday
06/05/2025 20:00,06/05/2025,20,2025,May,Tuesday
06/05/2025 21:00,06/05/2025,21,2025,May,Tuesday
06/05/2025 22:00,06/05/2025,22,2025,May,Tuesday
06/05/2025 23:00,06/05/2025,23,2025,May,Tuesday
07/05/2025 0:00,07/05/2025,0,2025,May,Wednesday
07/05/2025 1:00,07/05/2025,1,2025,May,Wednesday
07/05/2025 2:00,07/05/2025,2,2025,May,Wednesday
07/05/2025 3:00,07/05/2025,3,2025,May,Wednesday
07/05/2025 4:00,07/05/2025,4,2025,May,Wednesday
07/05/2025 5:00,07/05/2025,5,2025,May,Wednesday
07/05/2025 6:00,07/05/2025,6,2025,May,Wednesday
07/05/2025 7:00,07/05/2025,7,2025,May,Wednesday
07/05/2025 8:00,07/05/2025,8,2025,May,Wednesday
07/05/2025 9:00,07/05/2025,9,2025,May,Wednesday
07/05/2025 10:00,07/05/2025,10,2025,May,Wednesday
07/05/2025 11:00,07/05/2025,11,2025,May,Wednesday
07/05/2025 12:00,07/05/2025,12,2025,May,Wednesday
07/05/2025 13:00,07/05/2025,13,2025,May,Wednesday
07/05/2025 14:00,07/05/2025,14,2025,May,Wednesday
07/05/2025 15:00,07/05/2025,15,2025,May,Wednesday
07/05/2025 16:00,07/05/2025,16,2025,May,Wednesday
07/05/2025 17:00,07/05/2025,17,2025,May,Wednesday
07/05/2025 18:00,07/05/2025,18,2025,May,Wednesday
07/05/2025 19:00,07/05/2025,19,2025,May,Wednesday
07/05/2025 20:00,07/05/2025,20,2025,May,Wednesday
07/05/2025 21:00,07/05/2025,21,2025,May,Wednesday
07/05/2025 22:00,07/05/2025,22,2025,May,Wednesday
07/05/2025 23:00,07/05/2025,23,2025,May,Wednesday
08/05/2025 0:00,08/05/2025,0,2025,May,Thursday
08/05/2025 1:00,08/05/2025,1,2025,May,Thursday
08/05/2025 2:00,08/05/2025,2,2025,May,Thursday
08/05/2025 3:00,08/05/2025,3,2025,May,Thursday
08/05/2025 4:00,08/05/2025,4,2025,May,Thursday
08/05/2025 5:00,08/05/2025,5,2025,May,Thursday
08/05/2025 6:00,08/05/2025,6,2025,May,Thursday
08/05/2025 7:00,08/05/2025,7,2025,May,Thursday
08/05/2025 8:00,08/05/2025,8,2025,May,Thursday
08/05/2025 9:00,08/05/2025,9,2025,May,Thursday
08/05/2025 10:00,08/05/2025,10,2025,May,Thursday
08/05/2025 11:00,08/05/2025,11,2025,May,Thursday
08/05/2025 12:00,08/05/2025,12,2025,May,Thursday
08/05/2025 13:00,08/05/2025,13,2025,May,Thursday
08/05/2025 14:00,08/05/2025,14,2025,May,Thursday
08/05/2025 15:00,08/05/2025,15,2025,May,Thursday
08/05/2025 16:00,08/05/2025,16,2025,May,Thursday
08/05/2025 17:00,08/05/2025,17,2025,May,Thursday
08/05/2025 18:00,08/05/2025,18,2025,May,Thursday
08/05/2025 19:00,08/05/2025,19,2025,May,Thursday
08/05/2025 20:00,08/05/2025,20,2025,May,Thursday
08/05/2025 21:00,08/05/2025,21,2025,May,Thursday
08/05/2025 22:00,08/05/2025,22,2025,May,Thursday
08/05/2025 23:00,08/05/2025,23,2025,May,Thursday
09/05/2025 0:00,09/05/2025,0,2025,May,Friday
09/05/2025 1:00,09/05/2025,1,2025,May,Friday
09/05/2025 2:00,09/05/2025,2,2025,May,Friday
09/05/2025 3:00,09/05/2025,3,2025,May,Friday
09/05/2025 4:00,09/05/2025,4,2025,May,Friday
09/05/2025 5:00,09/05/2025,5,2025,May,Friday
09/05/2025 6:00,09/05/2025,6,2025,May,Friday
09/05/2025 7:00,09/05/2025,7,2025,May,Friday
09/05/2025 8:00,09/05/2025,8,2025,May,Friday
09/05/2025 9:00,09/05/2025,9,2025,May,Friday
09/05/2025 10:00,09/05/2025,10,2025,May,Friday
09/05/2025 11:00,09/05/2025,11,2025,May,Friday
09/05/2025 12:00,09/05/2025,12,2025,May,Friday
09/05/2025 13:00,09/05/2025,13,2025,May,Friday
09/05/2025 14:00,09/05/2025,14,2025,May,Friday
09/05/2025 15:00,09/05/2025,15,2025,May,Friday
09/05/2025 16:00,09/05/2025,16,2025,May,Friday
09/05/2025 17:00,09/05/2025,17,2025,May,Friday
09/05/2025 18:00,09/05/2025,18,2025,May,Friday
09/05/2025 19:00,09/05/2025,19,2025,May,Friday
09/05/2025 20:00,09/05/2025,20,2025,May,Friday
09/05/2025 21:00,09/05/2025,21,2025,May,Friday
09/05/2025 22:00,09/05/2025,22,2025,May,Friday
09/05/2025 23:00,09/05/2025,23,2025,May,Friday
10/05/2025 0:00,10/05/2025,0,2025,May,Saturday
10/05/2025 1:00,10/05/2025,1,2025,May,Saturday
10/05/2025 2:00,10/05/2025,2,2025,May,Saturday
10/05/2025 3:00,10/05/2025,3,2025,May,Saturday
10/05/2025 4:00,10/05/2025,4,2025,May,Saturday
10/05/2025 5:00,10/05/2025,5,2025,May,Saturday
10/05/2025 6:00,10/05/2025,6,2025,May,Saturday
10/05/2025 7:00,10/05/2025,7,2025,May,Saturday
10/05/2025 8:00,10/05/2025,8,2025,May,Saturday
10/05/2025 9:00,10/05/2025,9,2025,May,Saturday
10/05/2025 10:00,10/05/2025,10,2025,May,Saturday
10/05/2025 11:00,10/05/2025,11,2025,May,Saturday
10/05/2025 12:00,10/05/2025,12,2025,May,Saturday
10/05/2025 13:00,10/05/2025,13,2025,May,Saturday
10/05/2025 14:00,10/05/2025,14,2025,May,Saturday
10/05/2025 15:00,10/05/2025,15,2025,May,Saturday
10/05/2025 16:00,10/05/2025,16,2025,May,Saturday
10/05/2025 17:00,10/05/2025,17,2025,May,Saturday
10/05/2025 18:00,10/05/2025,18,2025,May,Saturday
10/05/2025 19:00,10/05/2025,19,2025,May,Saturday
10/05/2025 20:00,10/05/2025,20,2025,May,Saturday
10/05/2025 21:00,10/05/2025,21,2025,May,Saturday
10/05/2025 22:00,10/05/2025,22,2025,May,Saturday
10/05/2025 23:00,10/05/2025,23,2025,May,Saturday
11/05/2025 0:00,11/05/2025,0,2025,May,Sunday
11/05/2025 1:00,11/05/2025,1,2025,May,Sunday
11/05/2025 2:00,11/05/2025,2,2025,May,Sunday
11/05/2025 3:00,11/05/2025,3,2025,May,Sunday
11/05/2025 4:00,11/05/2025,4,2025,May,Sunday
11/05/2025 5:00,11/05/2025,5,2025,May,Sunday
11/05/2025 6:00,11/05/2025,6,2025,May,Sunday
11/05/2025 7:00,11/05/2025,7,2025,May,Sunday
11/05/2025 8:00,11/05/2025,8,2025,May,Sunday
11/05/2025 9:00,11/05/2025,9,2025,May,Sunday
11/05/2025 10:00,11/05/2025,10,2025,May,Sunday
11/05/2025 11:00,11/05/2025,11,2025,May,Sunday
11/05/2025 12:00,11/05/2025,12,2025,May,Sunday
11/05/2025 13:00,11/05/2025,13,2025,May,Sunday
11/05/2025 14:00,11/05/2025,14,2025,May,Sunday
11/05/2025 15:00,11/05/2025,15,2025,May,Sunday
11/05/2025 16:00,11/05/2025,16,2025,May,Sunday
11/05/2025 17:00,11/05/2025,17,2025,May,Sunday
11/05/2025 18:00,11/05/2025,18,2025,May,Sunday
11/05/2025 19:00,11/05/2025,19,2025,May,Sunday
11/05/2025 20:00,11/05/2025,20,2025,May,Sunday
11/05/2025 21:00,11/05/2025,21,2025,May,Sunday
11/05/2025 22:00,11/05/2025,22,2025,May,Sunday
11/05/2025 23:00,11/05/2025,23,2025,May,Sunday
12/05/2025 0:00,12/05/2025,0,2025,May,Monday
12/05/2025 1:00,12/05/2025,1,2025,May,Monday
12/05/2025 2:00,12/05/2025,2,2025,May,Monday
12/05/2025 3:00,12/05/2025,3,2025,May,Monday
12/05/2025 4:00,12/05/2025,4,2025,May,Monday
12/05/2025 5:00,12/05/2025,5,2025,May,Monday
12/05/2025 6:00,12/05/2025,6,2025,May,Monday
12/05/2025 7:00,12/05/2025,7,2025,May,Monday
12/05/2025 8:00,12/05/2025,8,2025,May,Monday
12/05/2025 9:00,12/05/2025,9,2025,May,Monday
12/05/2025 10:00,12/05/2025,10,2025,May,Monday
12/05/2025 11:00,12/05/2025,11,2025,May,Monday
12/05/2025 12:00,12/05/2025,12,2025,May,Monday
12/05/2025 13:00,12/05/2025,13,2025,May,Monday
12/05/2025 14:00,12/05/2025,14,2025,May,Monday
12/05/2025 15:00,12/05/2025,15,2025,May,Monday
12/05/2025 16:00,12/05/2025,16,2025,May,Monday
12/05/2025 17:00,12/05/2025,17,2025,May,Monday
12/05/2025 18:00,12/05/2025,18,2025,May,Monday
12/05/2025 19:00,12/05/2025,19,2025,May,Monday
12/05/2025 20:00,12/05/2025,20,2025,May,Monday
12/05/2025 21:00,12/05/2025,21,2025,May,Monday
12/05/2025 22:00,12/05/2025,22,2025,May,Monday
12/05/2025 23:00,12/05/2025,23,2025,May,Monday
13/05/2025 0:00,13/05/2025,0,2025,May,Tuesday
13/05/2025 1:00,13/05/2025,1,2025,May,Tuesday
13/05/2025 2:00,13/05/2025,2,2025,May,Tuesday
13/05/2025 3:00,13/05/2025,3,2025,May,Tuesday
13/05/2025 4:00,13/05/2025,4,2025,May,Tuesday
13/05/2025 5:00,13/05/2025,5,2025,May,Tuesday
13/05/2025 6:00,13/05/2025,6,2025,May,Tuesday
13/05/2025 7:00,13/05/2025,7,2025,May,Tuesday
13/05/2025 8:00,13/05/2025,8,2025,May,Tuesday
13/05/2025 9:00,13/05/2025,9,2025,May,Tuesday
13/05/2025 10:00,13/05/2025,10,2025,May,Tuesday
13/05/2025 11:00,13/05/2025,11,2025,May,Tuesday
13/05/2025 12:00,13/05/2025,12,2025,May,Tuesday
13/05/2025 13:00,13/05/2025,13,2025,May,Tuesday
13/05/2025 14:00,13/05/2025,14,2025,May,Tuesday
13/05/2025 15:00,13/05/2025,15,2025,May,Tuesday
13/05/2025 16:00,13/05/2025,16,2025,May,Tuesday
13/05/2025 17:00,13/05/2025,17,2025,May,Tuesday
13/05/2025 18:00,13/05/2025,18,2025,May,Tuesday
13/05/2025 19:00,13/05/2025,19,2025,May,Tuesday
13/05/2025 20:00,13/05/2025,20,2025,May,Tuesday
13/05/2025 21:00,13/05/2025,21,2025,May,Tuesday
13/05/2025 22:00,13/05/2025,22,2025,May,Tuesday
13/05/2025 23:00,13/05/2025,23,2025,May,Tuesday
14/05/2025 0:00,14/05/2025,0,2025,May,Wednesday
14/05/2025 1:00,14/05/2025,1,2025,May,Wednesday
14/05/2025 2:00,14/05/2025,2,2025,May,Wednesday
14/05/2025 3:00,14/05/2025,3,2025,May,Wednesday
14/05/2025 4:00,14/05/2025,4,2025,May,Wednesday
14/05/2025 5:00,14/05/2025,5,2025,May,Wednesday
14/05/2025 6:00,14/05/2025,6,2025,May,Wednesday
14/05/2025 7:00,14/05/2025,7,2025,May,Wednesday
14/05/2025 8:00,14/05/2025,8,2025,May,Wednesday
14/05/2025 9:00,14/05/2025,9,2025,May,Wednesday
14/05/2025 10:00,14/05/2025,10,2025,May,Wednesday
14/05/2025 11:00,14/05/2025,11,2025,May,Wednesday
14/05/2025 12:00,14/05/2025,12,2025,May,Wednesday
14/05/2025 13:00,14/05/2025,13,2025,May,Wednesday
14/05/2025 14:00,14/05/2025,14,2025,May,Wednesday
14/05/2025 15:00,14/05/2025,15,2025,May,Wednesday
14/05/2025 16:00,14/05/2025,16,2025,May,Wednesday
14/05/2025 17:00,14/05/2025,17,2025,May,Wednesday
14/05/2025 18:00,14/05/2025,18,2025,May,Wednesday
14/05/2025 19:00,14/05/2025,19,2025,May,Wednesday
14/05/2025 20:00,14/05/2025,20,2025,May,Wednesday
14/05/2025 21:00,14/05/2025,21,2025,May,Wednesday
14/05/2025 22:00,14/05/2025,22,2025,May,Wednesday
14/05/2025 23:00,14/05/2025,23,2025,May,Wednesday
15/05/2025 0:00,15/05/2025,0,2025,May,Thursday
15/05/2025 1:00,15/05/2025,1,2025,May,Thursday
15/05/2025 2:00,15/05/2025,2,2025,May,Thursday
15/05/2025 3:00,15/05/2025,3,2025,May,Thursday
15/05/2025 4:00,15/05/2025,4,2025,May,Thursday
15/05/2025 5:00,15/05/2025,5,2025,May,Thursday
15/05/2025 6:00,15/05/2025,6,2025,May,Thursday
15/05/2025 7:00,15/05/2025,7,2025,May,Thursday
15/05/2025 8:00,15/05/2025,8,2025,May,Thursday
15/05/2025 9:00,15/05/2025,9,2025,May,Thursday
15/05/2025 10:00,15/05/2025,10,2025,May,Thursday
15/05/2025 11:00,15/05/2025,11,2025,May,Thursday
15/05/2025 12:00,15/05/2025,12,2025,May,Thursday
15/05/2025 13:00,15/05/2025,13,2025,May,Thursday
15/05/2025 14:00,15/05/2025,14,2025,May,Thursday
15/05/2025 15:00,15/05/2025,15,2025,May,Thursday
15/05/2025 16:00,15/05/2025,16,2025,May,Thursday
15/05/2025 17:00,15/05/2025,17,2025,May,Thursday
15/05/2025 18:00,15/05/2025,18,2025,May,Thursday
15/05/2025 19:00,15/05/2025,19,2025,May,Thursday
15/05/2025 20:00,15/05/2025,20,2025,May,Thursday
15/05/2025 21:00,15/05/2025,21,2025,May,Thursday
15/05/2025 22:00,15/05/2025,22,2025,May,Thursday
15/05/2025 23:00,15/05/2025,23,2025,May,Thursday
16/05/2025 0:00,16/05/2025,0,2025,May,Friday
16/05/2025 1:00,16/05/2025,1,2025,May,Friday
16/05/2025 2:00,16/05/2025,2,2025,May,Friday
16/05/2025 3:00,16/05/2025,3,2025,May,Friday
16/05/2025 4:00,16/05/2025,4,2025,May,Friday
16/05/2025 5:00,16/05/2025,5,2025,May,Friday
16/05/2025 6:00,16/05/2025,6,2025,May,Friday
16/05/2025 7:00,16/05/2025,7,2025,May,Friday
16/05/2025 8:00,16/05/2025,8,2025,May,Friday
16/05/2025 9:00,16/05/2025,9,2025,May,Friday
16/05/2025 10:00,16/05/2025,10,2025,May,Friday
16/05/2025 11:00,16/05/2025,11,2025,May,Friday
16/05/2025 12:00,16/05/2025,12,2025,May,Friday
16/05/2025 13:00,16/05/2025,13,2025,May,Friday
16/05/2025 14:00,16/05/2025,14,2025,May,Friday
16/05/2025 15:00,16/05/2025,15,2025,May,Friday
16/05/2025 16:00,16/05/2025,16,2025,May,Friday
16/05/2025 17:00,16/05/2025,17,2025,May,Friday
16/05/2025 18:00,16/05/2025,18,2025,May,Friday
16/05/2025 19:00,16/05/2025,19,2025,May,Friday
16/05/2025 20:00,16/05/2025,20,2025,May,Friday
16/05/2025 21:00,16/05/2025,21,2025,May,Friday
16/05/2025 22:00,16/05/2025,22,2025,May,Friday
16/05/2025 23:00,16/05/2025,23,2025,May,Friday
17/05/2025 0:00,17/05/2025,0,2025,May,Saturday
17/05/2025 1:00,17/05/2025,1,2025,May,Saturday
17/05/2025 2:00,17/05/2025,2,2025,May,Saturday
17/05/2025 3:00,17/05/2025,3,2025,May,Saturday
17/05/2025 4:00,17/05/2025,4,2025,May,Saturday
17/05/2025 5:00,17/05/2025,5,2025,May,Saturday
17/05/2025 6:00,17/05/2025,6,2025,May,Saturday
17/05/2025 7:00,17/05/2025,7,2025,May,Saturday
17/05/2025 8:00,17/05/2025,8,2025,May,Saturday
17/05/2025 9:00,17/05/2025,9,2025,May,Saturday
17/05/2025 10:00,17/05/2025,10,2025,May,Saturday
17/05/2025 11:00,17/05/2025,11,2025,May,Saturday
17/05/2025 12:00,17/05/2025,12,2025,May,Saturday
17/05/2025 13:00,17/05/2025,13,2025,May,Saturday
17/05/2025 14:00,17/05/2025,14,2025,May,Saturday
17/05/2025 15:00,17/05/2025,15,2025,May,Saturday
17/05/2025 16:00,17/05/2025,16,2025,May,Saturday
17/05/2025 17:00,17/05/2025,17,2025,May,Saturday
17/05/2025 18:00,17/05/2025,18,2025,May,Saturday
17/05/2025 19:00,17/05/2025,19,2025,May,Saturday
17/05/2025 20:00,17/05/2025,20,2025,May,Saturday
17/05/2025 21:00,17/05/2025,21,2025,May,Saturday
17/05/2025 22:00,17/05/2025,22,2025,May,Saturday
17/05/2025 23:00,17/05/2025,23,2025,May,Saturday
18/05/2025 0:00,18/05/2025,0,2025,May,Sunday
18/05/2025 1:00,18/05/2025,1,2025,May,Sunday
18/05/2025 2:00,18/05/2025,2,2025,May,Sunday
18/05/2025 3:00,18/05/2025,3,2025,May,Sunday
18/05/2025 4:00,18/05/2025,4,2025,May,Sunday
18/05/2025 5:00,18/05/2025,5,2025,May,Sunday
18/05/2025 6:00,18/05/2025,6,2025,May,Sunday
18/05/2025 7:00,18/05/2025,7,2025,May,Sunday
18/05/2025 8:00,18/05/2025,8,2025,May,Sunday
18/05/2025 9:00,18/05/2025,9,2025,May,Sunday
18/05/2025 10:00,18/05/2025,10,2025,May,Sunday
18/05/2025 11:00,18/05/2025,11,2025,May,Sunday
18/05/2025 12:00,18/05/2025,12,2025,May,Sunday
18/05/2025 13:00,18/05/2025,13,2025,May,Sunday
18/05/2025 14:00,18/05/2025,14,2025,May,Sunday
18/05/2025 15:00,18/05/2025,15,2025,May,Sunday
18/05/2025 16:00,18/05/2025,16,2025,May,Sunday
18/05/2025 17:00,18/05/2025,17,2025,May,Sunday
18/05/2025 18:00,18/05/2025,18,2025,May,Sunday
18/05/2025 19:00,18/05/2025,19,2025,May,Sunday
18/05/2025 20:00,18/05/2025,20,2025,May,Sunday
18/05/2025 21:00,18/05/2025,21,2025,May,Sunday
18/05/2025 22:00,18/05/2025,22,2025,May,Sunday
18/05/2025 23:00,18/05/2025,23,2025,May,Sunday
19/05/2025 0:00,19/05/2025,0,2025,May,Monday
19/05/2025 1:00,19/05/2025,1,2025,May,Monday
19/05/2025 2:00,19/05/2025,2,2025,May,Monday
19/05/2025 3:00,19/05/2025,3,2025,May,Monday
19/05/2025 4:00,19/05/2025,4,2025,May,Monday
19/05/2025 5:00,19/05/2025,5,2025,May,Monday
19/05/2025 6:00,19/05/2025,6,2025,May,Monday
19/05/2025 7:00,19/05/2025,7,2025,May,Monday
19/05/2025 8:00,19/05/2025,8,2025,May,Monday
19/05/2025 9:00,19/05/2025,9,2025,May,Monday
19/05/2025 10:00,19/05/2025,10,2025,May,Monday
19/05/2025 11:00,19/05/2025,11,2025,May,Monday
19/05/2025 12:00,19/05/2025,12,2025,May,Monday
19/05/2025 13:00,19/05/2025,13,2025,May,Monday
19/05/2025 14:00,19/05/2025,14,2025,May,Monday
19/05/2025 15:00,19/05/2025,15,2025,May,Monday
19/05/2025 16:00,19/05/2025,16,2025,May,Monday
19/05/2025 17:00,19/05/2025,17,2025,May,Monday
19/05/2025 18:00,19/05/2025,18,2025,May,Monday
19/05/2025 19:00,19/05/2025,19,2025,May,Monday
19/05/2025 20:00,19/05/2025,20,2025,May,Monday
19/05/2025 21:00,19/05/2025,21,2025,May,Monday
19/05/2025 22:00,19/05/2025,22,2025,May,Monday
19/05/2025 23:00,19/05/2025,23,2025,May,Monday
20/05/2025 0:00,20/05/2025,0,2025,May,Tuesday
20/05/2025 1:00,20/05/2025,1,2025,May,Tuesday
20/05/2025 2:00,20/05/2025,2,2025,May,Tuesday
20/05/2025 3:00,20/05/2025,3,2025,May,Tuesday
20/05/2025 4:00,20/05/2025,4,2025,May,Tuesday
20/05/2025 5:00,20/05/2025,5,2025,May,Tuesday
20/05/2025 6:00,20/05/2025,6,2025,May,Tuesday
20/05/2025 7:00,20/05/2025,7,2025,May,Tuesday
20/05/2025 8:00,20/05/2025,8,2025,May,Tuesday
20/05/2025 9:00,20/05/2025,9,2025,May,Tuesday
20/05/2025 10:00,20/05/2025,10,2025,May,Tuesday
20/05/2025 11:00,20/05/2025,11,2025,May,Tuesday
20/05/2025 12:00,20/05/2025,12,2025,May,Tuesday
20/05/2025 13:00,20/05/2025,13,2025,May,Tuesday
20/05/2025 14:00,20/05/2025,14,2025,May,Tuesday
20/05/2025 15:00,20/05/2025,15,2025,May,Tuesday
20/05/2025 16:00,20/05/2025,16,2025,May,Tuesday
20/05/2025 17:00,20/05/2025,17,2025,May,Tuesday
20/05/2025 18:00,20/05/2025,18,2025,May,Tuesday
20/05/2025 19:00,20/05/2025,19,2025,May,Tuesday
20/05/2025 20:00,20/05/2025,20,2025,May,Tuesday
20/05/2025 21:00,20/05/2025,21,2025,May,Tuesday
20/05/2025 22:00,20/05/2025,22,2025,May,Tuesday
20/05/2025 23:00,20/05/2025,23,2025,May,Tuesday
21/05/2025 0:00,21/05/2025,0,2025,May,Wednesday
21/05/2025 1:00,21/05/2025,1,2025,May,Wednesday
21/05/2025 2:00,21/05/2025,2,2025,May,Wednesday
21/05/2025 3:00,21/05/2025,3,2025,May,Wednesday
21/05/2025 4:00,21/05/2025,4,2025,May,Wednesday
21/05/2025 5:00,21/05/2025,5,2025,May,Wednesday
21/05/2025 6:00,21/05/2025,6,2025,May,Wednesday
21/05/2025 7:00,21/05/2025,7,2025,May,Wednesday
21/05/2025 8:00,21/05/2025,8,2025,May,Wednesday
21/05/2025 9:00,21/05/2025,9,2025,May,Wednesday
21/05/2025 10:00,21/05/2025,10,2025,May,Wednesday
21/05/2025 11:00,21/05/2025,11,2025,May,Wednesday
21/05/2025 12:00,21/05/2025,12,2025,May,Wednesday
21/05/2025 13:00,21/05/2025,13,2025,May,Wednesday
21/05/2025 14:00,21/05/2025,14,2025,May,Wednesday
21/05/2025 15:00,21/05/2025,15,2025,May,Wednesday
21/05/2025 16:00,21/05/2025,16,2025,May,Wednesday
21/05/2025 17:00,21/05/2025,17,2025,May,Wednesday
21/05/2025 18:00,21/05/2025,18,2025,May,Wednesday
21/05/2025 19:00,21/05/2025,19,2025,May,Wednesday
21/05/2025 20:00,21/05/2025,20,2025,May,Wednesday
21/05/2025 21:00,21/05/2025,21,2025,May,Wednesday
21/05/2025 22:00,21/05/2025,22,2025,May,Wednesday
21/05/2025 23:00,21/05/2025,23,2025,May,Wednesday
22/05/2025 0:00,22/05/2025,0,2025,May,Thursday
22/05/2025 1:00,22/05/2025,1,2025,May,Thursday
22/05/2025 2:00,22/05/2025,2,2025,May,Thursday
22/05/2025 3:00,22/05/2025,3,2025,May,Thursday
22/05/2025 4:00,22/05/2025,4,2025,May,Thursday
22/05/2025 5:00,22/05/2025,5,2025,May,Thursday
22/05/2025 6:00,22/05/2025,6,2025,May,Thursday
22/05/2025 7:00,22/05/2025,7,2025,May,Thursday
22/05/2025 8:00,22/05/2025,8,2025,May,Thursday
22/05/2025 9:00,22/05/2025,9,2025,May,Thursday
22/05/2025 10:00,22/05/2025,10,2025,May,Thursday
22/05/2025 11:00,22/05/2025,11,2025,May,Thursday
22/05/2025 12:00,22/05/2025,12,2025,May,Thursday
22/05/2025 13:00,22/05/2025,13,2025,May,Thursday
22/05/2025 14:00,22/05/2025,14,2025,May,Thursday
22/05/2025 15:00,22/05/2025,15,2025,May,Thursday
22/05/2025 16:00,22/05/2025,16,2025,May,Thursday
22/05/2025 17:00,22/05/2025,17,2025,May,Thursday
22/05/2025 18:00,22/05/2025,18,2025,May,Thursday
22/05/2025 19:00,22/05/2025,19,2025,May,Thursday
22/05/2025 20:00,22/05/2025,20,2025,May,Thursday
22/05/2025 21:00,22/05/2025,21,2025,May,Thursday
22/05/2025 22:00,22/05/2025,22,2025,May,Thursday
22/05/2025 23:00,22/05/2025,23,2025,May,Thursday
23/05/2025 0:00,23/05/2025,0,2025,May,Friday
23/05/2025 1:00,23/05/2025,1,2025,May,Friday
23/05/2025 2:00,23/05/2025,2,2025,May,Friday
23/05/2025 3:00,23/05/2025,3,2025,May,Friday
23/05/2025 4:00,23/05/2025,4,2025,May,Friday
23/05/2025 5:00,23/05/2025,5,2025,May,Friday
23/05/2025 6:00,23/05/2025,6,2025,May,Friday
23/05/2025 7:00,23/05/2025,7,2025,May,Friday
23/05/2025 8:00,23/05/2025,8,2025,May,Friday
23/05/2025 9:00,23/05/2025,9,2025,May,Friday
23/05/2025 10:00,23/05/2025,10,2025,May,Friday
23/05/2025 11:00,23/05/2025,11,2025,May,Friday
23/05/2025 12:00,23/05/2025,12,2025,May,Friday
23/05/2025 13:00,23/05/2025,13,2025,May,Friday
23/05/2025 14:00,23/05/2025,14,2025,May,Friday
23/05/2025 15:00,23/05/2025,15,2025,May,Friday
23/05/2025 16:00,23/05/2025,16,2025,May,Friday
23/05/2025 17:00,23/05/2025,17,2025,May,Friday
23/05/2025 18:00,23/05/2025,18,2025,May,Friday
23/05/2025 19:00,23/05/2025,19,2025,May,Friday
23/05/2025 20:00,23/05/2025,20,2025,May,Friday
23/05/2025 21:00,23/05/2025,21,2025,May,Friday
23/05/2025 22:00,23/05/2025,22,2025,May,Friday
23/05/2025 23:00,23/05/2025,23,2025,May,Friday
24/05/2025 0:00,24/05/2025,0,2025,May,Saturday
24/05/2025 1:00,24/05/2025,1,2025,May,Saturday
24/05/2025 2:00,24/05/2025,2,2025,May,Saturday
24/05/2025 3:00,24/05/2025,3,2025,May,Saturday
24/05/2025 4:00,24/05/2025,4,2025,May,Saturday
24/05/2025 5:00,24/05/2025,5,2025,May,Saturday
24/05/2025 6:00,24/05/2025,6,2025,May,Saturday
24/05/2025 7:00,24/05/2025,7,2025,May,Saturday
24/05/2025 8:00,24/05/2025,8,2025,May,Saturday
24/05/2025 9:00,24/05/2025,9,2025,May,Saturday
24/05/2025 10:00,24/05/2025,10,2025,May,Saturday
24/05/2025 11:00,24/05/2025,11,2025,May,Saturday
24/05/2025 12:00,24/05/2025,12,2025,May,Saturday
24/05/2025 13:00,24/05/2025,13,2025,May,Saturday
24/05/2025 14:00,24/05/2025,14,2025,May,Saturday
24/05/2025 15:00,24/05/2025,15,2025,May,Saturday
24/05/2025 16:00,24/05/2025,16,2025,May,Saturday
24/05/2025 17:00,24/05/2025,17,2025,May,Saturday
24/05/2025 18:00,24/05/2025,18,2025,May,Saturday
24/05/2025 19:00,24/05/2025,19,2025,May,Saturday
24/05/2025 20:00,24/05/2025,20,2025,May,Saturday
24/05/2025 21:00,24/05/2025,21,2025,May,Saturday
24/05/2025 22:00,24/05/2025,22,2025,May,Saturday
24/05/2025 23:00,24/05/2025,23,2025,May,Saturday
25/05/2025 0:00,25/05/2025,0,2025,May,Sunday
25/05/2025 1:00,25/05/2025,1,2025,May,Sunday
25/05/2025 2:00,25/05/2025,2,2025,May,Sunday
25/05/2025 3:00,25/05/2025,3,2025,May,Sunday
25/05/2025 4:00,25/05/2025,4,2025,May,Sunday
25/05/2025 5:00,25/05/2025,5,2025,May,Sunday
25/05/2025 6:00,25/05/2025,6,2025,May,Sunday
25/05/2025 7:00,25/05/2025,7,2025,May,Sunday
25/05/2025 8:00,25/05/2025,8,2025,May,Sunday
25/05/2025 9:00,25/05/2025,9,2025,May,Sunday
25/05/2025 10:00,25/05/2025,10,2025,May,Sunday
25/05/2025 11:00,25/05/2025,11,2025,May,Sunday
25/05/2025 12:00,25/05/2025,12,2025,May,Sunday
25/05/2025 13:00,25/05/2025,13,2025,May,Sunday
25/05/2025 14:00,25/05/2025,14,2025,May,Sunday
25/05/2025 15:00,25/05/2025,15,2025,May,Sunday
25/05/2025 16:00,25/05/2025,16,2025,May,Sunday
25/05/2025 17:00,25/05/2025,17,2025,May,Sunday
25/05/2025 18:00,25/05/2025,18,2025,May,Sunday
25/05/2025 19:00,25/05/2025,19,2025,May,Sunday
25/05/2025 20:00,25/05/2025,20,2025,May,Sunday
25/05/2025 21:00,25/05/2025,21,2025,May,Sunday
25/05/2025 22:00,25/05/2025,22,2025,May,Sunday
25/05/2025 23:00,25/05/2025,23,2025,May,Sunday
26/05/2025 0:00,26/05/2025,0,2025,May,Monday
26/05/2025 1:00,26/05/2025,1,2025,May,Monday
26/05/2025 2:00,26/05/2025,2,2025,May,Monday
26/05/2025 3:00,26/05/2025,3,2025,May,Monday
26/05/2025 4:00,26/05/2025,4,2025,May,Monday
26/05/2025 5:00,26/05/2025,5,2025,May,Monday
26/05/2025 6:00,26/05/2025,6,2025,May,Monday
26/05/2025 7:00,26/05/2025,7,2025,May,Monday
26/05/2025 8:00,26/05/2025,8,2025,May,Monday
26/05/2025 9:00,26/05/2025,9,2025,May,Monday
26/05/2025 10:00,26/05/2025,10,2025,May,Monday
26/05/2025 11:00,26/05/2025,11,2025,May,Monday
26/05/2025 12:00,26/05/2025,12,2025,May,Monday
26/05/2025 13:00,26/05/2025,13,2025,May,Monday
26/05/2025 14:00,26/05/2025,14,2025,May,Monday
26/05/2025 15:00,26/05/2025,15,2025,May,Monday
26/05/2025 16:00,26/05/2025,16,2025,May,Monday
26/05/2025 17:00,26/05/2025,17,2025,May,Monday
26/05/2025 18:00,26/05/2025,18,2025,May,Monday
26/05/2025 19:00,26/05/2025,19,2025,May,Monday
26/05/2025 20:00,26/05/2025,20,2025,May,Monday
26/05/2025 21:00,26/05/2025,21,2025,May,Monday
26/05/2025 22:00,26/05/2025,22,2025,May,Monday
26/05/2025 23:00,26/05/2025,23,2025,May,Monday
27/05/2025 0:00,27/05/2025,0,2025,May,Tuesday
27/05/2025 1:00,27/05/2025,1,2025,May,Tuesday
27/05/2025 2:00,27/05/2025,2,2025,May,Tuesday
27/05/2025 3:00,27/05/2025,3,2025,May,Tuesday
27/05/2025 4:00,27/05/2025,4,2025,May,Tuesday
27/05/2025 5:00,27/05/2025,5,2025,May,Tuesday
27/05/2025 6:00,27/05/2025,6,2025,May,Tuesday
27/05/2025 7:00,27/05/2025,7,2025,May,Tuesday
27/05/2025 8:00,27/05/2025,8,2025,May,Tuesday
27/05/2025 9:00,27/05/2025,9,2025,May,Tuesday
27/05/2025 10:00,27/05/2025,10,2025,May,Tuesday
27/05/2025 11:00,27/05/2025,11,2025,May,Tuesday
27/05/2025 12:00,27/05/2025,12,2025,May,Tuesday
27/05/2025 13:00,27/05/2025,13,2025,May,Tuesday
27/05/2025 14:00,27/05/2025,14,2025,May,Tuesday
27/05/2025 15:00,27/05/2025,15,2025,May,Tuesday
27/05/2025 16:00,27/05/2025,16,2025,May,Tuesday
27/05/2025 17:00,27/05/2025,17,2025,May,Tuesday
27/05/2025 18:00,27/05/2025,18,2025,May,Tuesday
27/05/2025 19:00,27/05/2025,19,2025,May,Tuesday
27/05/2025 20:00,27/05/2025,20,2025,May,Tuesday
27/05/2025 21:00,27/05/2025,21,2025,May,Tuesday
27/05/2025 22:00,27/05/2025,22,2025,May,Tuesday
27/05/2025 23:00,27/05/2025,23,2025,May,Tuesday
28/05/2025 0:00,28/05/2025,0,2025,May,Wednesday
28/05/2025 1:00,28/05/2025,1,2025,May,Wednesday
28/05/2025 2:00,28/05/2025,2,2025,May,Wednesday
28/05/2025 3:00,28/05/2025,3,2025,May,Wednesday
28/05/2025 4:00,28/05/2025,4,2025,May,Wednesday
28/05/2025 5:00,28/05/2025,5,2025,May,Wednesday
28/05/2025 6:00,28/05/2025,6,2025,May,Wednesday
28/05/2025 7:00,28/05/2025,7,2025,May,Wednesday
28/05/2025 8:00,28/05/2025,8,2025,May,Wednesday
28/05/2025 9:00,28/05/2025,9,2025,May,Wednesday
28/05/2025 10:00,28/05/2025,10,2025,May,Wednesday
28/05/2025 12:00,28/05/2025,12,2025,May,Wednesday
28/05/2025 13:00,28/05/2025,13,2025,May,Wednesday
28/05/2025 14:00,28/05/2025,14,2025,May,Wednesday
28/05/2025 15:00,28/05/2025,15,2025,May,Wednesday
28/05/2025 16:00,28/05/2025,16,2025,May,Wednesday
28/05/2025 17:00,28/05/2025,17,2025,May,Wednesday
28/05/2025 18:00,28/05/2025,18,2025,May,Wednesday
28/05/2025 19:00,28/05/2025,19,2025,May,Wednesday
28/05/2025 20:00,28/05/2025,20,2025,May,Wednesday
28/05/2025 21:00,28/05/2025,21,2025,May,Wednesday
28/05/2025 22:00,28/05/2025,22,2025,May,Wednesday
28/05/2025 23:00,28/05/2025,23,2025,May,Wednesday
29/05/2025 0:00,29/05/2025,0,2025,May,Thursday
29/05/2025 1:00,29/05/2025,1,2025,May,Thursday
29/05/2025 2:00,29/05/2025,2,2025,May,Thursday
29/05/2025 3:00,29/05/2025,3,2025,May,Thursday
29/05/2025 4:00,29/05/2025,4,2025,May,Thursday
29/05/2025 5:00,29/05/2025,5,2025,May,Thursday
29/05/2025 6:00,29/05/2025,6,2025,May,Thursday
29/05/2025 7:00,29/05/2025,7,2025,May,Thursday
29/05/2025 8:00,29/05/2025,8,2025,May,Thursday
29/05/2025 9:00,29/05/2025,9,2025,May,Thursday
29/05/2025 10:00,29/05/2025,10,2025,May,Thursday
29/05/2025 11:00,29/05/2025,11,2025,May,Thursday
29/05/2025 12:00,29/05/2025,12,2025,May,Thursday
29/05/2025 13:00,29/05/2025,13,2025,May,Thursday
29/05/2025 14:00,29/05/2025,14,2025,May,Thursday
29/05/2025 15:00,29/05/2025,15,2025,May,Thursday
29/05/2025 16:00,29/05/2025,16,2025,May,Thursday
29/05/2025 17:00,29/05/2025,17,2025,May,Thursday
29/05/2025 18:00,29/05/2025,18,2025,May,Thursday
29/05/2025 19:00,29/05/2025,19,2025,May,Thursday
29/05/2025 20:00,29/05/2025,20,2025,May,Thursday
29/05/2025 21:00,29/05/2025,21,2025,May,Thursday
29/05/2025 22:00,29/05/2025,22,2025,May,Thursday
29/05/2025 23:00,29/05/2025,23,2025,May,Thursday
30/05/2025 0:00,30/05/2025,0,2025,May,Friday
30/05/2025 1:00,30/05/2025,1,2025,May,Friday
30/05/2025 2:00,30/05/2025,2,2025,May,Friday
30/05/2025 3:00,30/05/2025,3,2025,May,Friday
30/05/2025 4:00,30/05/2025,4,2025,May,Friday
30/05/2025 5:00,30/05/2025,5,2025,May,Friday
30/05/2025 6:00,30/05/2025,6,2025,May,Friday
30/05/2025 7:00,30/05/2025,7,2025,May,Friday
30/05/2025 8:00,30/05/2025,8,2025,May,Friday
30/05/2025 9:00,30/05/2025,9,2025,May,Friday
30/05/2025 10:00,30/05/2025,10,2025,May,Friday
30/05/2025 11:00,30/05/2025,11,2025,May,Friday
30/05/2025 12:00,30/05/2025,12,2025,May,Friday
30/05/2025 13:00,30/05/2025,13,2025,May,Friday
30/05/2025 14:00,30/05/2025,14,2025,May,Friday
30/05/2025 15:00,30/05/2025,15,2025,May,Friday
30/05/2025 16:00,30/05/2025,16,2025,May,Friday
30/05/2025 17:00,30/05/2025,17,2025,May,Friday
30/05/2025 18:00,30/05/2025,18,2025,May,Friday
30/05/2025 19:00,30/05/2025,19,2025,May,Friday
30/05/2025 20:00,30/05/2025,20,2025,May,Friday
30/05/2025 21:00,30/05/2025,21,2025,May,Friday
30/05/2025 22:00,30/05/2025,22,2025,May,Friday
30/05/2025 23:00,30/05/2025,23,2025,May,Friday
31/05/2025 0:00,31/05/2025,0,2025,May,Saturday
31/05/2025 1:00,31/05/2025,1,2025,May,Saturday
31/05/2025 2:00,31/05/2025,2,2025,May,Saturday
31/05/2025 3:00,31/05/2025,3,2025,May,Saturday
31/05/2025 4:00,31/05/2025,4,2025,May,Saturday
31/05/2025 5:00,31/05/2025,5,2025,May,Saturday
31/05/2025 6:00,31/05/2025,6,2025,May,Saturday
31/05/2025 7:00,31/05/2025,7,2025,May,Saturday
31/05/2025 8:00,31/05/2025,8,2025,May,Saturday
31/05/2025 9:00,31/05/2025,9,2025,May,Saturday
31/05/2025 10:00,31/05/2025,10,2025,May,Saturday
31/05/2025 11:00,31/05/2025,11,2025,May,Saturday
31/05/2025 12:00,31/05/2025,12,2025,May,Saturday
31/05/2025 13:00,31/05/2025,13,2025,May,Saturday
31/05/2025 14:00,31/05/2025,14,2025,May,Saturday
31/05/2025 15:00,31/05/2025,15,2025,May,Saturday
31/05/2025 16:00,31/05/2025,16,2025,May,Saturday
31/05/2025 17:00,31/05/2025,17,2025,May,Saturday
31/05/2025 18:00,31/05/2025,18,2025,May,Saturday
31/05/2025 19:00,31/05/2025,19,2025,May,Saturday
31/05/2025 20:00,31/05/2025,20,2025,May,Saturday
31/05/2025 21:00,31/05/2025,21,2025,May,Saturday
31/05/2025 22:00,31/05/2025,22,2025,May,Saturday
31/05/2025 23:00,31/05/2025,23,2025,May,Saturday
01/06/2025 0:00,01/06/2025,0,2025,June,Sunday
01/06/2025 1:00,01/06/2025,1,2025,June,Sunday
01/06/2025 2:00,01/06/2025,2,2025,June,Sunday
01/06/2025 3:00,01/06/2025,3,2025,June,Sunday
01/06/2025 4:00,01/06/2025,4,2025,June,Sunday
01/06/2025 5:00,01/06/2025,5,2025,June,Sunday
01/06/2025 6:00,01/06/2025,6,2025,June,Sunday
01/06/2025 7:00,01/06/2025,7,2025,June,Sunday
01/06/2025 8:00,01/06/2025,8,2025,June,Sunday
01/06/2025 9:00,01/06/2025,9,2025,June,Sunday
01/06/2025 10:00,01/06/2025,10,2025,June,Sunday
01/06/2025 11:00,01/06/2025,11,2025,June,Sunday
01/06/2025 12:00,01/06/2025,12,2025,June,Sunday
01/06/2025 13:00,01/06/2025,13,2025,June,Sunday
01/06/2025 14:00,01/06/2025,14,2025,June,Sunday
01/06/2025 15:00,01/06/2025,15,2025,June,Sunday
01/06/2025 16:00,01/06/2025,16,2025,June,Sunday
01/06/2025 17:00,01/06/2025,17,2025,June,Sunday
01/06/2025 18:00,01/06/2025,18,2025,June,Sunday
01/06/2025 19:00,01/06/2025,19,2025,June,Sunday
01/06/2025 20:00,01/06/2025,20,2025,June,Sunday
01/06/2025 21:00,01/06/2025,21,2025,June,Sunday
01/06/2025 22:00,01/06/2025,22,2025,June,Sunday
01/06/2025 23:00,01/06/2025,23,2025,June,Sunday
02/06/2025 0:00,02/06/2025,0,2025,June,Monday
02/06/2025 1:00,02/06/2025,1,2025,June,Monday
02/06/2025 2:00,02/06/2025,2,2025,June,Monday
02/06/2025 3:00,02/06/2025,3,2025,June,Monday
02/06/2025 4:00,02/06/2025,4,2025,June,Monday
02/06/2025 5:00,02/06/2025,5,2025,June,Monday
02/06/2025 6:00,02/06/2025,6,2025,June,Monday
02/06/2025 7:00,02/06/2025,7,2025,June,Monday
02/06/2025 8:00,02/06/2025,8,2025,June,Monday
02/06/2025 9:00,02/06/2025,9,2025,June,Monday
02/06/2025 10:00,02/06/2025,10,2025,June,Monday
02/06/2025 11:00,02/06/2025,11,2025,June,Monday
02/06/2025 12:00,02/06/2025,12,2025,June,Monday
02/06/2025 13:00,02/06/2025,13,2025,June,Monday
02/06/2025 14:00,02/06/2025,14,2025,June,Monday
02/06/2025 15:00,02/06/2025,15,2025,June,Monday
02/06/2025 16:00,02/06/2025,16,2025,June,Monday
02/06/2025 17:00,02/06/2025,17,2025,June,Monday
02/06/2025 18:00,02/06/2025,18,2025,June,Monday
02/06/2025 19:00,02/06/2025,19,2025,June,Monday
02/06/2025 20:00,02/06/2025,20,2025,June,Monday
02/06/2025 21:00,02/06/2025,21,2025,June,Monday
02/06/2025 22:00,02/06/2025,22,2025,June,Monday
02/06/2025 23:00,02/06/2025,23,2025,June,Monday
03/06/2025 0:00,03/06/2025,0,2025,June,Tuesday
03/06/2025 1:00,03/06/2025,1,2025,June,Tuesday
03/06/2025 2:00,03/06/2025,2,2025,June,Tuesday
03/06/2025 3:00,03/06/2025,3,2025,June,Tuesday
03/06/2025 4:00,03/06/2025,4,2025,June,Tuesday
03/06/2025 5:00,03/06/2025,5,2025,June,Tuesday
03/06/2025 6:00,03/06/2025,6,2025,June,Tuesday
03/06/2025 7:00,03/06/2025,7,2025,June,Tuesday
03/06/2025 8:00,03/06/2025,8,2025,June,Tuesday
03/06/2025 9:00,03/06/2025,9,2025,June,Tuesday
03/06/2025 10:00,03/06/2025,10,2025,June,Tuesday
03/06/2025 11:00,03/06/2025,11,2025,June,Tuesday
03/06/2025 12:00,03/06/2025,12,2025,June,Tuesday
03/06/2025 13:00,03/06/2025,13,2025,June,Tuesday
03/06/2025 14:00,03/06/2025,14,2025,June,Tuesday
03/06/2025 15:00,03/06/2025,15,2025,June,Tuesday
03/06/2025 16:00,03/06/2025,16,2025,June,Tuesday
03/06/2025 17:00,03/06/2025,17,2025,June,Tuesday
03/06/2025 18:00,03/06/2025,18,2025,June,Tuesday
03/06/2025 19:00,03/06/2025,19,2025,June,Tuesday
03/06/2025 20:00,03/06/2025,20,2025,June,Tuesday
03/06/2025 21:00,03/06/2025,21,2025,June,Tuesday
03/06/2025 22:00,03/06/2025,22,2025,June,Tuesday
03/06/2025 23:00,03/06/2025,23,2025,June,Tuesday
04/06/2025 0:00,04/06/2025,0,2025,June,Wednesday
04/06/2025 1:00,04/06/2025,1,2025,June,Wednesday
04/06/2025 2:00,04/06/2025,2,2025,June,Wednesday
04/06/2025 3:00,04/06/2025,3,2025,June,Wednesday
04/06/2025 4:00,04/06/2025,4,2025,June,Wednesday
04/06/2025 5:00,04/06/2025,5,2025,June,Wednesday
04/06/2025 6:00,04/06/2025,6,2025,June,Wednesday
04/06/2025 7:00,04/06/2025,7,2025,June,Wednesday
04/06/2025 8:00,04/06/2025,8,2025,June,Wednesday
04/06/2025 9:00,04/06/2025,9,2025,June,Wednesday
04/06/2025 10:00,04/06/2025,10,2025,June,Wednesday
04/06/2025 11:00,04/06/2025,11,2025,June,Wednesday
04/06/2025 12:00,04/06/2025,12,2025,June,Wednesday
04/06/2025 13:00,04/06/2025,13,2025,June,Wednesday
04/06/2025 14:00,04/06/2025,14,2025,June,Wednesday
04/06/2025 15:00,04/06/2025,15,2025,June,Wednesday
04/06/2025 16:00,04/06/2025,16,2025,June,Wednesday
04/06/2025 17:00,04/06/2025,17,2025,June,Wednesday
04/06/2025 18:00,04/06/2025,18,2025,June,Wednesday
04/06/2025 19:00,04/06/2025,19,2025,June,Wednesday
04/06/2025 20:00,04/06/2025,20,2025,June,Wednesday
04/06/2025 21:00,04/06/2025,21,2025,June,Wednesday
04/06/2025 22:00,04/06/2025,22,2025,June,Wednesday
04/06/2025 23:00,04/06/2025,23,2025,June,Wednesday
05/06/2025 0:00,05/06/2025,0,2025,June,Thursday
05/06/2025 1:00,05/06/2025,1,2025,June,Thursday
05/06/2025 2:00,05/06/2025,2,2025,June,Thursday
05/06/2025 3:00,05/06/2025,3,2025,June,Thursday
05/06/2025 4:00,05/06/2025,4,2025,June,Thursday
05/06/2025 5:00,05/06/2025,5,2025,June,Thursday
05/06/2025 6:00,05/06/2025,6,2025,June,Thursday
05/06/2025 7:00,05/06/2025,7,2025,June,Thursday
05/06/2025 8:00,05/06/2025,8,2025,June,Thursday
05/06/2025 9:00,05/06/2025,9,2025,June,Thursday
05/06/2025 10:00,05/06/2025,10,2025,June,Thursday
05/06/2025 11:00,05/06/2025,11,2025,June,Thursday
05/06/2025 12:00,05/06/2025,12,2025,June,Thursday
05/06/2025 13:00,05/06/2025,13,2025,June,Thursday
05/06/2025 14:00,05/06/2025,14,2025,June,Thursday
05/06/2025 15:00,05/06/2025,15,2025,June,Thursday
05/06/2025 16:00,05/06/2025,16,2025,June,Thursday
05/06/2025 17:00,05/06/2025,17,2025,June,Thursday
05/06/2025 18:00,05/06/2025,18,2025,June,Thursday
05/06/2025 19:00,05/06/2025,19,2025,June,Thursday
05/06/2025 20:00,05/06/2025,20,2025,June,Thursday
05/06/2025 21:00,05/06/2025,21,2025,June,Thursday
05/06/2025 22:00,05/06/2025,22,2025,June,Thursday
05/06/2025 23:00,05/06/2025,23,2025,June,Thursday
06/06/2025 0:00,06/06/2025,0,2025,June,Friday
06/06/2025 1:00,06/06/2025,1,2025,June,Friday
06/06/2025 2:00,06/06/2025,2,2025,June,Friday
06/06/2025 3:00,06/06/2025,3,2025,June,Friday
06/06/2025 4:00,06/06/2025,4,2025,June,Friday
06/06/2025 5:00,06/06/2025,5,2025,June,Friday
06/06/2025 6:00,06/06/2025,6,2025,June,Friday
06/06/2025 7:00,06/06/2025,7,2025,June,Friday
06/06/2025 8:00,06/06/2025,8,2025,June,Friday
06/06/2025 9:00,06/06/2025,9,2025,June,Friday
06/06/2025 10:00,06/06/2025,10,2025,June,Friday
06/06/2025 11:00,06/06/2025,11,2025,June,Friday
06/06/2025 12:00,06/06/2025,12,2025,June,Friday
06/06/2025 13:00,06/06/2025,13,2025,June,Friday
06/06/2025 14:00,06/06/2025,14,2025,June,Friday
06/06/2025 15:00,06/06/2025,15,2025,June,Friday
06/06/2025 16:00,06/06/2025,16,2025,June,Friday
06/06/2025 17:00,06/06/2025,17,2025,June,Friday
06/06/2025 18:00,06/06/2025,18,2025,June,Friday
06/06/2025 19:00,06/06/2025,19,2025,June,Friday
06/06/2025 20:00,06/06/2025,20,2025,June,Friday
06/06/2025 21:00,06/06/2025,21,2025,June,Friday
06/06/2025 22:00,06/06/2025,22,2025,June,Friday
06/06/2025 23:00,06/06/2025,23,2025,June,Friday
07/06/2025 0:00,07/06/2025,0,2025,June,Saturday
07/06/2025 1:00,07/06/2025,1,2025,June,Saturday
07/06/2025 2:00,07/06/2025,2,2025,June,Saturday
07/06/2025 3:00,07/06/2025,3,2025,June,Saturday
07/06/2025 4:00,07/06/2025,4,2025,June,Saturday
07/06/2025 5:00,07/06/2025,5,2025,June,Saturday
07/06/2025 6:00,07/06/2025,6,2025,June,Saturday
07/06/2025 7:00,07/06/2025,7,2025,June,Saturday
07/06/2025 8:00,07/06/2025,8,2025,June,Saturday
07/06/2025 9:00,07/06/2025,9,2025,June,Saturday
07/06/2025 10:00,07/06/2025,10,2025,June,Saturday
07/06/2025 11:00,07/06/2025,11,2025,June,Saturday
07/06/2025 12:00,07/06/2025,12,2025,June,Saturday
07/06/2025 13:00,07/06/2025,13,2025,June,Saturday
07/06/2025 14:00,07/06/2025,14,2025,June,Saturday
07/06/2025 15:00,07/06/2025,15,2025,June,Saturday
07/06/2025 16:00,07/06/2025,16,2025,June,Saturday
07/06/2025 17:00,07/06/2025,17,2025,June,Saturday
07/06/2025 18:00,07/06/2025,18,2025,June,Saturday
07/06/2025 19:00,07/06/2025,19,2025,June,Saturday
07/06/2025 20:00,07/06/2025,20,2025,June,Saturday
07/06/2025 21:00,07/06/2025,21,2025,June,Saturday
07/06/2025 22:00,07/06/2025,22,2025,June,Saturday
07/06/2025 23:00,07/06/2025,23,2025,June,Saturday
08/06/2025 0:00,08/06/2025,0,2025,June,Sunday
08/06/2025 1:00,08/06/2025,1,2025,June,Sunday
08/06/2025 2:00,08/06/2025,2,2025,June,Sunday
08/06/2025 3:00,08/06/2025,3,2025,June,Sunday
08/06/2025 4:00,08/06/2025,4,2025,June,Sunday
08/06/2025 5:00,08/06/2025,5,2025,June,Sunday
08/06/2025 6:00,08/06/2025,6,2025,June,Sunday
08/06/2025 7:00,08/06/2025,7,2025,June,Sunday
08/06/2025 8:00,08/06/2025,8,2025,June,Sunday
08/06/2025 9:00,08/06/2025,9,2025,June,Sunday
08/06/2025 10:00,08/06/2025,10,2025,June,Sunday
08/06/2025 11:00,08/06/2025,11,2025,June,Sunday
08/06/2025 12:00,08/06/2025,12,2025,June,Sunday
08/06/2025 13:00,08/06/2025,13,2025,June,Sunday
08/06/2025 14:00,08/06/2025,14,2025,June,Sunday
08/06/2025 15:00,08/06/2025,15,2025,June,Sunday
08/06/2025 16:00,08/06/2025,16,2025,June,Sunday
08/06/2025 17:00,08/06/2025,17,2025,June,Sunday
08/06/2025 18:00,08/06/2025,18,2025,June,Sunday
08/06/2025 19:00,08/06/2025,19,2025,June,Sunday
08/06/2025 20:00,08/06/2025,20,2025,June,Sunday
08/06/2025 21:00,08/06/2025,21,2025,June,Sunday
08/06/2025 22:00,08/06/2025,22,2025,June,Sunday
08/06/2025 23:00,08/06/2025,23,2025,June,Sunday
09/06/2025 0:00,09/06/2025,0,2025,June,Monday
09/06/2025 1:00,09/06/2025,1,2025,June,Monday
09/06/2025 2:00,09/06/2025,2,2025,June,Monday
09/06/2025 3:00,09/06/2025,3,2025,June,Monday
09/06/2025 4:00,09/06/2025,4,2025,June,Monday
09/06/2025 5:00,09/06/2025,5,2025,June,Monday
09/06/2025 6:00,09/06/2025,6,2025,June,Monday
09/06/2025 7:00,09/06/2025,7,2025,June,Monday
09/06/2025 8:00,09/06/2025,8,2025,June,Monday
09/06/2025 9:00,09/06/2025,9,2025,June,Monday
09/06/2025 10:00,09/06/2025,10,2025,June,Monday
09/06/2025 11:00,09/06/2025,11,2025,June,Monday
09/06/2025 12:00,09/06/2025,12,2025,June,Monday
09/06/2025 13:00,09/06/2025,13,2025,June,Monday
09/06/2025 14:00,09/06/2025,14,2025,June,Monday
09/06/2025 15:00,09/06/2025,15,2025,June,Monday
09/06/2025 16:00,09/06/2025,16,2025,June,Monday
09/06/2025 17:00,09/06/2025,17,2025,June,Monday
09/06/2025 18:00,09/06/2025,18,2025,June,Monday
09/06/2025 19:00,09/06/2025,19,2025,June,Monday
09/06/2025 20:00,09/06/2025,20,2025,June,Monday
09/06/2025 21:00,09/06/2025,21,2025,June,Monday
09/06/2025 22:00,09/06/2025,22,2025,June,Monday
09/06/2025 23:00,09/06/2025,23,2025,June,Monday
10/06/2025 0:00,10/06/2025,0,2025,June,Tuesday
10/06/2025 1:00,10/06/2025,1,2025,June,Tuesday
10/06/2025 2:00,10/06/2025,2,2025,June,Tuesday
10/06/2025 3:00,10/06/2025,3,2025,June,Tuesday
10/06/2025 4:00,10/06/2025,4,2025,June,Tuesday
10/06/2025 5:00,10/06/2025,5,2025,June,Tuesday
10/06/2025 6:00,10/06/2025,6,2025,June,Tuesday
10/06/2025 7:00,10/06/2025,7,2025,June,Tuesday
10/06/2025 8:00,10/06/2025,8,2025,June,Tuesday
10/06/2025 9:00,10/06/2025,9,2025,June,Tuesday
10/06/2025 10:00,10/06/2025,10,2025,June,Tuesday
10/06/2025 11:00,10/06/2025,11,2025,June,Tuesday
10/06/2025 13:00,10/06/2025,13,2025,June,Tuesday
10/06/2025 14:00,10/06/2025,14,2025,June,Tuesday
10/06/2025 15:00,10/06/2025,15,2025,June,Tuesday
10/06/2025 16:00,10/06/2025,16,2025,June,Tuesday
10/06/2025 17:00,10/06/2025,17,2025,June,Tuesday
10/06/2025 18:00,10/06/2025,18,2025,June,Tuesday
10/06/2025 19:00,10/06/2025,19,2025,June,Tuesday
10/06/2025 20:00,10/06/2025,20,2025,June,Tuesday
10/06/2025 21:00,10/06/2025,21,2025,June,Tuesday
10/06/2025 22:00,10/06/2025,22,2025,June,Tuesday
10/06/2025 23:00,10/06/2025,23,2025,June,Tuesday
11/06/2025 0:00,11/06/2025,0,2025,June,Wednesday
11/06/2025 1:00,11/06/2025,1,2025,June,Wednesday
11/06/2025 2:00,11/06/2025,2,2025,June,Wednesday
11/06/2025 3:00,11/06/2025,3,2025,June,Wednesday
11/06/2025 4:00,11/06/2025,4,2025,June,Wednesday
11/06/2025 5:00,11/06/2025,5,2025,June,Wednesday
11/06/2025 6:00,11/06/2025,6,2025,June,Wednesday
11/06/2025 7:00,11/06/2025,7,2025,June,Wednesday
11/06/2025 8:00,11/06/2025,8,2025,June,Wednesday
11/06/2025 9:00,11/06/2025,9,2025,June,Wednesday
11/06/2025 10:00,11/06/2025,10,2025,June,Wednesday
11/06/2025 11:00,11/06/2025,11,2025,June,Wednesday
11/06/2025 12:00,11/06/2025,12,2025,June,Wednesday
11/06/2025 13:00,11/06/2025,13,2025,June,Wednesday
11/06/2025 14:00,11/06/2025,14,2025,June,Wednesday
11/06/2025 15:00,11/06/2025,15,2025,June,Wednesday
11/06/2025 16:00,11/06/2025,16,2025,June,Wednesday
11/06/2025 17:00,11/06/2025,17,2025,June,Wednesday
11/06/2025 18:00,11/06/2025,18,2025,June,Wednesday
11/06/2025 19:00,11/06/2025,19,2025,June,Wednesday
11/06/2025 20:00,11/06/2025,20,2025,June,Wednesday
11/06/2025 21:00,11/06/2025,21,2025,June,Wednesday
11/06/2025 22:00,11/06/2025,22,2025,June,Wednesday
11/06/2025 23:00,11/06/2025,23,2025,June,Wednesday
12/06/2025 0:00,12/06/2025,0,2025,June,Thursday
12/06/2025 1:00,12/06/2025,1,2025,June,Thursday
12/06/2025 2:00,12/06/2025,2,2025,June,Thursday
12/06/2025 3:00,12/06/2025,3,2025,June,Thursday
12/06/2025 4:00,12/06/2025,4,2025,June,Thursday
12/06/2025 5:00,12/06/2025,5,2025,June,Thursday
12/06/2025 6:00,12/06/2025,6,2025,June,Thursday
12/06/2025 7:00,12/06/2025,7,2025,June,Thursday
12/06/2025 8:00,12/06/2025,8,2025,June,Thursday
12/06/2025 9:00,12/06/2025,9,2025,June,Thursday
12/06/2025 10:00,12/06/2025,10,2025,June,Thursday
12/06/2025 11:00,12/06/2025,11,2025,June,Thursday
12/06/2025 12:00,12/06/2025,12,2025,June,Thursday
12/06/2025 13:00,12/06/2025,13,2025,June,Thursday
12/06/2025 14:00,12/06/2025,14,2025,June,Thursday
12/06/2025 15:00,12/06/2025,15,2025,June,Thursday
12/06/2025 16:00,12/06/2025,16,2025,June,Thursday
12/06/2025 17:00,12/06/2025,17,2025,June,Thursday
12/06/2025 18:00,12/06/2025,18,2025,June,Thursday
12/06/2025 19:00,12/06/2025,19,2025,June,Thursday
12/06/2025 20:00,12/06/2025,20,2025,June,Thursday
12/06/2025 21:00,12/06/2025,21,2025,June,Thursday
12/06/2025 22:00,12/06/2025,22,2025,June,Thursday
12/06/2025 23:00,12/06/2025,23,2025,June,Thursday
13/06/2025 0:00,13/06/2025,0,2025,June,Friday
13/06/2025 1:00,13/06/2025,1,2025,June,Friday
13/06/2025 2:00,13/06/2025,2,2025,June,Friday
13/06/2025 3:00,13/06/2025,3,2025,June,Friday
13/06/2025 4:00,13/06/2025,4,2025,June,Friday
13/06/2025 5:00,13/06/2025,5,2025,June,Friday
13/06/2025 6:00,13/06/2025,6,2025,June,Friday
13/06/2025 7:00,13/06/2025,7,2025,June,Friday
13/06/2025 8:00,13/06/2025,8,2025,June,Friday
13/06/2025 9:00,13/06/2025,9,2025,June,Friday
13/06/2025 10:00,13/06/2025,10,2025,June,Friday
13/06/2025 11:00,13/06/2025,11,2025,June,Friday
13/06/2025 12:00,13/06/2025,12,2025,June,Friday
13/06/2025 13:00,13/06/2025,13,2025,June,Friday
13/06/2025 14:00,13/06/2025,14,2025,June,Friday
13/06/2025 15:00,13/06/2025,15,2025,June,Friday
13/06/2025 16:00,13/06/2025,16,2025,June,Friday
13/06/2025 17:00,13/06/2025,17,2025,June,Friday
13/06/2025 18:00,13/06/2025,18,2025,June,Friday
13/06/2025 19:00,13/06/2025,19,2025,June,Friday
13/06/2025 20:00,13/06/2025,20,2025,June,Friday
13/06/2025 21:00,13/06/2025,21,2025,June,Friday
13/06/2025 22:00,13/06/2025,22,2025,June,Friday
13/06/2025 23:00,13/06/2025,23,2025,June,Friday
14/06/2025 0:00,14/06/2025,0,2025,June,Saturday
14/06/2025 1:00,14/06/2025,1,2025,June,Saturday
14/06/2025 2:00,14/06/2025,2,2025,June,Saturday
14/06/2025 3:00,14/06/2025,3,2025,June,Saturday
14/06/2025 4:00,14/06/2025,4,2025,June,Saturday
14/06/2025 5:00,14/06/2025,5,2025,June,Saturday
14/06/2025 6:00,14/06/2025,6,2025,June,Saturday
14/06/2025 7:00,14/06/2025,7,2025,June,Saturday
14/06/2025 8:00,14/06/2025,8,2025,June,Saturday
14/06/2025 9:00,14/06/2025,9,2025,June,Saturday
14/06/2025 10:00,14/06/2025,10,2025,June,Saturday
14/06/2025 11:00,14/06/2025,11,2025,June,Saturday
14/06/2025 12:00,14/06/2025,12,2025,June,Saturday
14/06/2025 13:00,14/06/2025,13,2025,June,Saturday
14/06/2025 14:00,14/06/2025,14,2025,June,Saturday
14/06/2025 15:00,14/06/2025,15,2025,June,Saturday
14/06/2025 16:00,14/06/2025,16,2025,June,Saturday
14/06/2025 17:00,14/06/2025,17,2025,June,Saturday
14/06/2025 18:00,14/06/2025,18,2025,June,Saturday
14/06/2025 19:00,14/06/2025,19,2025,June,Saturday
14/06/2025 20:00,14/06/2025,20,2025,June,Saturday
14/06/2025 21:00,14/06/2025,21,2025,June,Saturday
14/06/2025 22:00,14/06/2025,22,2025,June,Saturday
14/06/2025 23:00,14/06/2025,23,2025,June,Saturday
15/06/2025 0:00,15/06/2025,0,2025,June,Sunday
15/06/2025 1:00,15/06/2025,1,2025,June,Sunday
15/06/2025 2:00,15/06/2025,2,2025,June,Sunday
15/06/2025 3:00,15/06/2025,3,2025,June,Sunday
15/06/2025 4:00,15/06/2025,4,2025,June,Sunday
15/06/2025 5:00,15/06/2025,5,2025,June,Sunday
15/06/2025 6:00,15/06/2025,6,2025,June,Sunday
15/06/2025 7:00,15/06/2025,7,2025,June,Sunday
15/06/2025 8:00,15/06/2025,8,2025,June,Sunday
15/06/2025 9:00,15/06/2025,9,2025,June,Sunday
15/06/2025 10:00,15/06/2025,10,2025,June,Sunday
15/06/2025 11:00,15/06/2025,11,2025,June,Sunday
15/06/2025 12:00,15/06/2025,12,2025,June,Sunday
15/06/2025 13:00,15/06/2025,13,2025,June,Sunday
15/06/2025 14:00,15/06/2025,14,2025,June,Sunday
15/06/2025 15:00,15/06/2025,15,2025,June,Sunday
15/06/2025 16:00,15/06/2025,16,2025,June,Sunday
15/06/2025 17:00,15/06/2025,17,2025,June,Sunday
15/06/2025 18:00,15/06/2025,18,2025,June,Sunday
15/06/2025 19:00,15/06/2025,19,2025,June,Sunday
15/06/2025 20:00,15/06/2025,20,2025,June,Sunday
15/06/2025 21:00,15/06/2025,21,2025,June,Sunday
15/06/2025 22:00,15/06/2025,22,2025,June,Sunday
15/06/2025 23:00,15/06/2025,23,2025,June,Sunday
16/06/2025 0:00,16/06/2025,0,2025,June,Monday
16/06/2025 1:00,16/06/2025,1,2025,June,Monday
16/06/2025 2:00,16/06/2025,2,2025,June,Monday
16/06/2025 3:00,16/06/2025,3,2025,June,Monday
16/06/2025 4:00,16/06/2025,4,2025,June,Monday
16/06/2025 5:00,16/06/2025,5,2025,June,Monday
16/06/2025 6:00,16/06/2025,6,2025,June,Monday
16/06/2025 7:00,16/06/2025,7,2025,June,Monday
16/06/2025 8:00,16/06/2025,8,2025,June,Monday
16/06/2025 9:00,16/06/2025,9,2025,June,Monday
16/06/2025 10:00,16/06/2025,10,2025,June,Monday
16/06/2025 11:00,16/06/2025,11,2025,June,Monday
16/06/2025 12:00,16/06/2025,12,2025,June,Monday
16/06/2025 13:00,16/06/2025,13,2025,June,Monday
16/06/2025 14:00,16/06/2025,14,2025,June,Monday
16/06/2025 15:00,16/06/2025,15,2025,June,Monday
16/06/2025 16:00,16/06/2025,16,2025,June,Monday
16/06/2025 17:00,16/06/2025,17,2025,June,Monday
16/06/2025 18:00,16/06/2025,18,2025,June,Monday
16/06/2025 19:00,16/06/2025,19,2025,June,Monday
16/06/2025 20:00,16/06/2025,20,2025,June,Monday
16/06/2025 21:00,16/06/2025,21,2025,June,Monday
16/06/2025 22:00,16/06/2025,22,2025,June,Monday
16/06/2025 23:00,16/06/2025,23,2025,June,Monday
17/06/2025 0:00,17/06/2025,0,2025,June,Tuesday
17/06/2025 1:00,17/06/2025,1,2025,June,Tuesday
17/06/2025 2:00,17/06/2025,2,2025,June,Tuesday
17/06/2025 3:00,17/06/2025,3,2025,June,Tuesday
17/06/2025 4:00,17/06/2025,4,2025,June,Tuesday
17/06/2025 5:00,17/06/2025,5,2025,June,Tuesday
17/06/2025 6:00,17/06/2025,6,2025,June,Tuesday
17/06/2025 7:00,17/06/2025,7,2025,June,Tuesday
17/06/2025 8:00,17/06/2025,8,2025,June,Tuesday
17/06/2025 9:00,17/06/2025,9,2025,June,Tuesday
17/06/2025 10:00,17/06/2025,10,2025,June,Tuesday
17/06/2025 11:00,17/06/2025,11,2025,June,Tuesday
17/06/2025 12:00,17/06/2025,12,2025,June,Tuesday
17/06/2025 13:00,17/06/2025,13,2025,June,Tuesday
17/06/2025 14:00,17/06/2025,14,2025,June,Tuesday
17/06/2025 15:00,17/06/2025,15,2025,June,Tuesday
17/06/2025 16:00,17/06/2025,16,2025,June,Tuesday
17/06/2025 17:00,17/06/2025,17,2025,June,Tuesday
17/06/2025 18:00,17/06/2025,18,2025,June,Tuesday
17/06/2025 19:00,17/06/2025,19,2025,June,Tuesday
17/06/2025 20:00,17/06/2025,20,2025,June,Tuesday
17/06/2025 21:00,17/06/2025,21,2025,June,Tuesday
17/06/2025 22:00,17/06/2025,22,2025,June,Tuesday
17/06/2025 23:00,17/06/2025,23,2025,June,Tuesday
18/06/2025 0:00,18/06/2025,0,2025,June,Wednesday
18/06/2025 1:00,18/06/2025,1,2025,June,Wednesday
18/06/2025 2:00,18/06/2025,2,2025,June,Wednesday
18/06/2025 3:00,18/06/2025,3,2025,June,Wednesday
18/06/2025 4:00,18/06/2025,4,2025,June,Wednesday
18/06/2025 5:00,18/06/2025,5,2025,June,Wednesday
18/06/2025 6:00,18/06/2025,6,2025,June,Wednesday
18/06/2025 7:00,18/06/2025,7,2025,June,Wednesday
18/06/2025 8:00,18/06/2025,8,2025,June,Wednesday
18/06/2025 9:00,18/06/2025,9,2025,June,Wednesday
18/06/2025 10:00,18/06/2025,10,2025,June,Wednesday
18/06/2025 11:00,18/06/2025,11,2025,June,Wednesday
18/06/2025 12:00,18/06/2025,12,2025,June,Wednesday
18/06/2025 13:00,18/06/2025,13,2025,June,Wednesday
18/06/2025 14:00,18/06/2025,14,2025,June,Wednesday
18/06/2025 15:00,18/06/2025,15,2025,June,Wednesday
18/06/2025 16:00,18/06/2025,16,2025,June,Wednesday
18/06/2025 17:00,18/06/2025,17,2025,June,Wednesday
18/06/2025 18:00,18/06/2025,18,2025,June,Wednesday
18/06/2025 19:00,18/06/2025,19,2025,June,Wednesday
18/06/2025 20:00,18/06/2025,20,2025,June,Wednesday
18/06/2025 21:00,18/06/2025,21,2025,June,Wednesday
18/06/2025 22:00,18/06/2025,22,2025,June,Wednesday
18/06/2025 23:00,18/06/2025,23,2025,June,Wednesday
19/06/2025 0:00,19/06/2025,0,2025,June,Thursday
19/06/2025 1:00,19/06/2025,1,2025,June,Thursday
19/06/2025 2:00,19/06/2025,2,2025,June,Thursday
19/06/2025 3:00,19/06/2025,3,2025,June,Thursday
19/06/2025 4:00,19/06/2025,4,2025,June,Thursday
19/06/2025 5:00,19/06/2025,5,2025,June,Thursday
19/06/2025 6:00,19/06/2025,6,2025,June,Thursday
19/06/2025 7:00,19/06/2025,7,2025,June,Thursday
19/06/2025 8:00,19/06/2025,8,2025,June,Thursday
19/06/2025 9:00,19/06/2025,9,2025,June,Thursday
19/06/2025 10:00,19/06/2025,10,2025,June,Thursday
19/06/2025 11:00,19/06/2025,11,2025,June,Thursday
19/06/2025 12:00,19/06/2025,12,2025,June,Thursday
19/06/2025 13:00,19/06/2025,13,2025,June,Thursday
19/06/2025 14:00,19/06/2025,14,2025,June,Thursday
19/06/2025 15:00,19/06/2025,15,2025,June,Thursday
19/06/2025 16:00,19/06/2025,16,2025,June,Thursday
19/06/2025 17:00,19/06/2025,17,2025,June,Thursday
19/06/2025 18:00,19/06/2025,18,2025,June,Thursday
19/06/2025 19:00,19/06/2025,19,2025,June,Thursday
19/06/2025 20:00,19/06/2025,20,2025,June,Thursday
19/06/2025 21:00,19/06/2025,21,2025,June,Thursday
19/06/2025 22:00,19/06/2025,22,2025,June,Thursday
19/06/2025 23:00,19/06/2025,23,2025,June,Thursday
20/06/2025 0:00,20/06/2025,0,2025,June,Friday
20/06/2025 1:00,20/06/2025,1,2025,June,Friday
20/06/2025 2:00,20/06/2025,2,2025,June,Friday
20/06/2025 3:00,20/06/2025,3,2025,June,Friday
20/06/2025 4:00,20/06/2025,4,2025,June,Friday
20/06/2025 5:00,20/06/2025,5,2025,June,Friday
20/06/2025 6:00,20/06/2025,6,2025,June,Friday
20/06/2025 7:00,20/06/2025,7,2025,June,Friday
20/06/2025 8:00,20/06/2025,8,2025,June,Friday
20/06/2025 9:00,20/06/2025,9,2025,June,Friday
20/06/2025 10:00,20/06/2025,10,2025,June,Friday
20/06/2025 11:00,20/06/2025,11,2025,June,Friday
20/06/2025 12:00,20/06/2025,12,2025,June,Friday
20/06/2025 13:00,20/06/2025,13,2025,June,Friday
20/06/2025 14:00,20/06/2025,14,2025,June,Friday
20/06/2025 15:00,20/06/2025,15,2025,June,Friday
20/06/2025 16:00,20/06/2025,16,2025,June,Friday
20/06/2025 17:00,20/06/2025,17,2025,June,Friday
20/06/2025 18:00,20/06/2025,18,2025,June,Friday
20/06/2025 19:00,20/06/2025,19,2025,June,Friday
20/06/2025 20:00,20/06/2025,20,2025,June,Friday
20/06/2025 21:00,20/06/2025,21,2025,June,Friday
20/06/2025 22:00,20/06/2025,22,2025,June,Friday
20/06/2025 23:00,20/06/2025,23,2025,June,Friday
21/06/2025 0:00,21/06/2025,0,2025,June,Saturday
21/06/2025 1:00,21/06/2025,1,2025,June,Saturday
21/06/2025 2:00,21/06/2025,2,2025,June,Saturday
21/06/2025 3:00,21/06/2025,3,2025,June,Saturday
21/06/2025 4:00,21/06/2025,4,2025,June,Saturday
21/06/2025 5:00,21/06/2025,5,2025,June,Saturday
21/06/2025 6:00,21/06/2025,6,2025,June,Saturday
21/06/2025 7:00,21/06/2025,7,2025,June,Saturday
21/06/2025 8:00,21/06/2025,8,2025,June,Saturday
21/06/2025 9:00,21/06/2025,9,2025,June,Saturday
21/06/2025 10:00,21/06/2025,10,2025,June,Saturday
21/06/2025 11:00,21/06/2025,11,2025,June,Saturday
21/06/2025 12:00,21/06/2025,12,2025,June,Saturday
21/06/2025 13:00,21/06/2025,13,2025,June,Saturday
21/06/2025 14:00,21/06/2025,14,2025,June,Saturday
21/06/2025 15:00,21/06/2025,15,2025,June,Saturday
21/06/2025 16:00,21/06/2025,16,2025,June,Saturday
21/06/2025 17:00,21/06/2025,17,2025,June,Saturday
21/06/2025 18:00,21/06/2025,18,2025,June,Saturday
21/06/2025 19:00,21/06/2025,19,2025,June,Saturday
21/06/2025 20:00,21/06/2025,20,2025,June,Saturday
21/06/2025 21:00,21/06/2025,21,2025,June,Saturday
21/06/2025 22:00,21/06/2025,22,2025,June,Saturday
21/06/2025 23:00,21/06/2025,23,2025,June,Saturday
22/06/2025 0:00,22/06/2025,0,2025,June,Sunday
22/06/2025 1:00,22/06/2025,1,2025,June,Sunday
22/06/2025 2:00,22/06/2025,2,2025,June,Sunday
22/06/2025 3:00,22/06/2025,3,2025,June,Sunday
22/06/2025 4:00,22/06/2025,4,2025,June,Sunday
22/06/2025 5:00,22/06/2025,5,2025,June,Sunday
22/06/2025 6:00,22/06/2025,6,2025,June,Sunday
22/06/2025 7:00,22/06/2025,7,2025,June,Sunday
22/06/2025 8:00,22/06/2025,8,2025,June,Sunday
22/06/2025 9:00,22/06/2025,9,2025,June,Sunday
22/06/2025 10:00,22/06/2025,10,2025,June,Sunday
22/06/2025 11:00,22/06/2025,11,2025,June,Sunday
22/06/2025 12:00,22/06/2025,12,2025,June,Sunday
22/06/2025 13:00,22/06/2025,13,2025,June,Sunday
22/06/2025 14:00,22/06/2025,14,2025,June,Sunday
22/06/2025 15:00,22/06/2025,15,2025,June,Sunday
22/06/2025 16:00,22/06/2025,16,2025,June,Sunday
22/06/2025 17:00,22/06/2025,17,2025,June,Sunday
22/06/2025 18:00,22/06/2025,18,2025,June,Sunday
22/06/2025 19:00,22/06/2025,19,2025,June,Sunday
22/06/2025 20:00,22/06/2025,20,2025,June,Sunday
22/06/2025 21:00,22/06/2025,21,2025,June,Sunday
22/06/2025 22:00,22/06/2025,22,2025,June,Sunday
22/06/2025 23:00,22/06/2025,23,2025,June,Sunday
23/06/2025 0:00,23/06/2025,0,2025,June,Monday
23/06/2025 1:00,23/06/2025,1,2025,June,Monday
23/06/2025 2:00,23/06/2025,2,2025,June,Monday
23/06/2025 3:00,23/06/2025,3,2025,June,Monday
23/06/2025 4:00,23/06/2025,4,2025,June,Monday
23/06/2025 5:00,23/06/2025,5,2025,June,Monday
23/06/2025 6:00,23/06/2025,6,2025,June,Monday
23/06/2025 7:00,23/06/2025,7,2025,June,Monday
23/06/2025 8:00,23/06/2025,8,2025,June,Monday
23/06/2025 9:00,23/06/2025,9,2025,June,Monday
23/06/2025 10:00,23/06/2025,10,2025,June,Monday
23/06/2025 11:00,23/06/2025,11,2025,June,Monday
23/06/2025 12:00,23/06/2025,12,2025,June,Monday
23/06/2025 13:00,23/06/2025,13,2025,June,Monday
23/06/2025 14:00,23/06/2025,14,2025,June,Monday
23/06/2025 15:00,23/06/2025,15,2025,June,Monday
23/06/2025 16:00,23/06/2025,16,2025,June,Monday
23/06/2025 17:00,23/06/2025,17,2025,June,Monday
23/06/2025 18:00,23/06/2025,18,2025,June,Monday
23/06/2025 19:00,23/06/2025,19,2025,June,Monday
23/06/2025 20:00,23/06/2025,20,2025,June,Monday
23/06/2025 21:00,23/06/2025,21,2025,June,Monday
23/06/2025 22:00,23/06/2025,22,2025,June,Monday
23/06/2025 23:00,23/06/2025,23,2025,June,Monday
24/06/2025 0:00,24/06/2025,0,2025,June,Tuesday
24/06/2025 1:00,24/06/2025,1,2025,June,Tuesday
24/06/2025 2:00,24/06/2025,2,2025,June,Tuesday
24/06/2025 3:00,24/06/2025,3,2025,June,Tuesday
24/06/2025 4:00,24/06/2025,4,2025,June,Tuesday
24/06/2025 5:00,24/06/2025,5,2025,June,Tuesday
24/06/2025 6:00,24/06/2025,6,2025,June,Tuesday
24/06/2025 7:00,24/06/2025,7,2025,June,Tuesday
24/06/2025 8:00,24/06/2025,8,2025,June,Tuesday
24/06/2025 9:00,24/06/2025,9,2025,June,Tuesday
24/06/2025 10:00,24/06/2025,10,2025,June,Tuesday
24/06/2025 11:00,24/06/2025,11,2025,June,Tuesday
24/06/2025 12:00,24/06/2025,12,2025,June,Tuesday
24/06/2025 13:00,24/06/2025,13,2025,June,Tuesday
24/06/2025 14:00,24/06/2025,14,2025,June,Tuesday
24/06/2025 15:00,24/06/2025,15,2025,June,Tuesday
24/06/2025 16:00,24/06/2025,16,2025,June,Tuesday
24/06/2025 17:00,24/06/2025,17,2025,June,Tuesday
24/06/2025 18:00,24/06/2025,18,2025,June,Tuesday
24/06/2025 19:00,24/06/2025,19,2025,June,Tuesday
24/06/2025 20:00,24/06/2025,20,2025,June,Tuesday
24/06/2025 21:00,24/06/2025,21,2025,June,Tuesday
24/06/2025 22:00,24/06/2025,22,2025,June,Tuesday
24/06/2025 23:00,24/06/2025,23,2025,June,Tuesday
25/06/2025 0:00,25/06/2025,0,2025,June,Wednesday
25/06/2025 1:00,25/06/2025,1,2025,June,Wednesday
25/06/2025 2:00,25/06/2025,2,2025,June,Wednesday
25/06/2025 3:00,25/06/2025,3,2025,June,Wednesday
25/06/2025 4:00,25/06/2025,4,2025,June,Wednesday
25/06/2025 5:00,25/06/2025,5,2025,June,Wednesday
25/06/2025 6:00,25/06/2025,6,2025,June,Wednesday
25/06/2025 7:00,25/06/2025,7,2025,June,Wednesday
25/06/2025 8:00,25/06/2025,8,2025,June,Wednesday
25/06/2025 9:00,25/06/2025,9,2025,June,Wednesday
25/06/2025 10:00,25/06/2025,10,2025,June,Wednesday
25/06/2025 11:00,25/06/2025,11,2025,June,Wednesday
25/06/2025 12:00,25/06/2025,12,2025,June,Wednesday
25/06/2025 13:00,25/06/2025,13,2025,June,Wednesday
25/06/2025 14:00,25/06/2025,14,2025,June,Wednesday
25/06/2025 15:00,25/06/2025,15,2025,June,Wednesday
25/06/2025 16:00,25/06/2025,16,2025,June,Wednesday
25/06/2025 17:00,25/06/2025,17,2025,June,Wednesday
25/06/2025 18:00,25/06/2025,18,2025,June,Wednesday
25/06/2025 19:00,25/06/2025,19,2025,June,Wednesday
25/06/2025 20:00,25/06/2025,20,2025,June,Wednesday
25/06/2025 21:00,25/06/2025,21,2025,June,Wednesday
25/06/2025 22:00,25/06/2025,22,2025,June,Wednesday
25/06/2025 23:00,25/06/2025,23,2025,June,Wednesday
26/06/2025 0:00,26/06/2025,0,2025,June,Thursday
26/06/2025 1:00,26/06/2025,1,2025,June,Thursday
26/06/2025 2:00,26/06/2025,2,2025,June,Thursday
26/06/2025 3:00,26/06/2025,3,2025,June,Thursday
26/06/2025 4:00,26/06/2025,4,2025,June,Thursday
26/06/2025 5:00,26/06/2025,5,2025,June,Thursday
26/06/2025 6:00,26/06/2025,6,2025,June,Thursday
26/06/2025 7:00,26/06/2025,7,2025,June,Thursday
26/06/2025 8:00,26/06/2025,8,2025,June,Thursday
26/06/2025 9:00,26/06/2025,9,2025,June,Thursday
26/06/2025 10:00,26/06/2025,10,2025,June,Thursday
26/06/2025 11:00,26/06/2025,11,2025,June,Thursday
26/06/2025 12:00,26/06/2025,12,2025,June,Thursday
26/06/2025 13:00,26/06/2025,13,2025,June,Thursday
26/06/2025 14:00,26/06/2025,14,2025,June,Thursday
26/06/2025 15:00,26/06/2025,15,2025,June,Thursday
26/06/2025 16:00,26/06/2025,16,2025,June,Thursday
26/06/2025 17:00,26/06/2025,17,2025,June,Thursday
26/06/2025 18:00,26/06/2025,18,2025,June,Thursday
26/06/2025 19:00,26/06/2025,19,2025,June,Thursday
26/06/2025 20:00,26/06/2025,20,2025,June,Thursday
26/06/2025 21:00,26/06/2025,21,2025,June,Thursday
26/06/2025 22:00,26/06/2025,22,2025,June,Thursday
26/06/2025 23:00,26/06/2025,23,2025,June,Thursday
27/06/2025 0:00,27/06/2025,0,2025,June,Friday
27/06/2025 1:00,27/06/2025,1,2025,June,Friday
27/06/2025 2:00,27/06/2025,2,2025,June,Friday
27/06/2025 3:00,27/06/2025,3,2025,June,Friday
27/06/2025 4:00,27/06/2025,4,2025,June,Friday
27/06/2025 5:00,27/06/2025,5,2025,June,Friday
27/06/2025 6:00,27/06/2025,6,2025,June,Friday
27/06/2025 7:00,27/06/2025,7,2025,June,Friday
27/06/2025 8:00,27/06/2025,8,2025,June,Friday
27/06/2025 9:00,27/06/2025,9,2025,June,Friday
27/06/2025 10:00,27/06/2025,10,2025,June,Friday
27/06/2025 11:00,27/06/2025,11,2025,June,Friday
27/06/2025 12:00,27/06/2025,12,2025,June,Friday
27/06/2025 13:00,27/06/2025,13,2025,June,Friday
27/06/2025 14:00,27/06/2025,14,2025,June,Friday
27/06/2025 15:00,27/06/2025,15,2025,June,Friday
27/06/2025 16:00,27/06/2025,16,2025,June,Friday
27/06/2025 17:00,27/06/2025,17,2025,June,Friday
27/06/2025 18:00,27/06/2025,18,2025,June,Friday
27/06/2025 19:00,27/06/2025,19,2025,June,Friday
27/06/2025 20:00,27/06/2025,20,2025,June,Friday
27/06/2025 21:00,27/06/2025,21,2025,June,Friday
27/06/2025 22:00,27/06/2025,22,2025,June,Friday
27/06/2025 23:00,27/06/2025,23,2025,June,Friday
28/06/2025 0:00,28/06/2025,0,2025,June,Saturday
28/06/2025 1:00,28/06/2025,1,2025,June,Saturday
28/06/2025 2:00,28/06/2025,2,2025,June,Saturday
28/06/2025 3:00,28/06/2025,3,2025,June,Saturday
28/06/2025 4:00,28/06/2025,4,2025,June,Saturday
28/06/2025 5:00,28/06/2025,5,2025,June,Saturday
28/06/2025 6:00,28/06/2025,6,2025,June,Saturday
28/06/2025 7:00,28/06/2025,7,2025,June,Saturday
28/06/2025 8:00,28/06/2025,8,2025,June,Saturday
28/06/2025 9:00,28/06/2025,9,2025,June,Saturday
28/06/2025 10:00,28/06/2025,10,2025,June,Saturday
28/06/2025 11:00,28/06/2025,11,2025,June,Saturday
28/06/2025 12:00,28/06/2025,12,2025,June,Saturday
28/06/2025 13:00,28/06/2025,13,2025,June,Saturday
28/06/2025 14:00,28/06/2025,14,2025,June,Saturday
28/06/2025 15:00,28/06/2025,15,2025,June,Saturday
28/06/2025 16:00,28/06/2025,16,2025,June,Saturday
28/06/2025 17:00,28/06/2025,17,2025,June,Saturday
28/06/2025 18:00,28/06/2025,18,2025,June,Saturday
28/06/2025 19:00,28/06/2025,19,2025,June,Saturday
28/06/2025 20:00,28/06/2025,20,2025,June,Saturday
28/06/2025 21:00,28/06/2025,21,2025,June,Saturday
28/06/2025 22:00,28/06/2025,22,2025,June,Saturday
28/06/2025 23:00,28/06/2025,23,2025,June,Saturday
29/06/2025 0:00,29/06/2025,0,2025,June,Sunday
29/06/2025 1:00,29/06/2025,1,2025,June,Sunday
29/06/2025 2:00,29/06/2025,2,2025,June,Sunday
29/06/2025 3:00,29/06/2025,3,2025,June,Sunday
29/06/2025 4:00,29/06/2025,4,2025,June,Sunday
29/06/2025 5:00,29/06/2025,5,2025,June,Sunday
29/06/2025 6:00,29/06/2025,6,2025,June,Sunday
29/06/2025 7:00,29/06/2025,7,2025,June,Sunday
29/06/2025 8:00,29/06/2025,8,2025,June,Sunday
29/06/2025 9:00,29/06/2025,9,2025,June,Sunday
29/06/2025 10:00,29/06/2025,10,2025,June,Sunday
29/06/2025 11:00,29/06/2025,11,2025,June,Sunday
29/06/2025 12:00,29/06/2025,12,2025,June,Sunday
29/06/2025 13:00,29/06/2025,13,2025,June,Sunday
29/06/2025 14:00,29/06/2025,14,2025,June,Sunday
29/06/2025 15:00,29/06/2025,15,2025,June,Sunday
29/06/2025 16:00,29/06/2025,16,2025,June,Sunday
29/06/2025 17:00,29/06/2025,17,2025,June,Sunday
29/06/2025 18:00,29/06/2025,18,2025,June,Sunday
29/06/2025 19:00,29/06/2025,19,2025,June,Sunday
29/06/2025 20:00,29/06/2025,20,2025,June,Sunday
29/06/2025 21:00,29/06/2025,21,2025,June,Sunday
29/06/2025 22:00,29/06/2025,22,2025,June,Sunday
29/06/2025 23:00,29/06/2025,23,2025,June,Sunday
30/06/2025 0:00,30/06/2025,0,2025,June,Monday
30/06/2025 1:00,30/06/2025,1,2025,June,Monday
30/06/2025 2:00,30/06/2025,2,2025,June,Monday
30/06/2025 3:00,30/06/2025,3,2025,June,Monday
30/06/2025 4:00,30/06/2025,4,2025,June,Monday
30/06/2025 5:00,30/06/2025,5,2025,June,Monday
30/06/2025 6:00,30/06/2025,6,2025,June,Monday
30/06/2025 7:00,30/06/2025,7,2025,June,Monday
30/06/2025 8:00,30/06/2025,8,2025,June,Monday
30/06/2025 9:00,30/06/2025,9,2025,June,Monday
30/06/2025 10:00,30/06/2025,10,2025,June,Monday
30/06/2025 11:00,30/06/2025,11,2025,June,Monday
30/06/2025 12:00,30/06/2025,12,2025,June,Monday
30/06/2025 13:00,30/06/2025,13,2025,June,Monday
30/06/2025 14:00,30/06/2025,14,2025,June,Monday
30/06/2025 15:00,30/06/2025,15,2025,June,Monday
30/06/2025 16:00,30/06/2025,16,2025,June,Monday
30/06/2025 17:00,30/06/2025,17,2025,June,Monday
30/06/2025 18:00,30/06/2025,18,2025,June,Monday
30/06/2025 19:00,30/06/2025,19,2025,June,Monday
30/06/2025 20:00,30/06/2025,20,2025,June,Monday
30/06/2025 21:00,30/06/2025,21,2025,June,Monday
30/06/2025 22:00,30/06/2025,22,2025,June,Monday
30/06/2025 23:00,30/06/2025,23,2025,June,Monday
01/07/2025 0:00,01/07/2025,0,2025,July,Tuesday
01/07/2025 1:00,01/07/2025,1,2025,July,Tuesday
01/07/2025 2:00,01/07/2025,2,2025,July,Tuesday
01/07/2025 3:00,01/07/2025,3,2025,July,Tuesday
01/07/2025 4:00,01/07/2025,4,2025,July,Tuesday
01/07/2025 5:00,01/07/2025,5,2025,July,Tuesday
01/07/2025 6:00,01/07/2025,6,2025,July,Tuesday
01/07/2025 7:00,01/07/2025,7,2025,July,Tuesday
01/07/2025 8:00,01/07/2025,8,2025,July,Tuesday
01/07/2025 9:00,01/07/2025,9,2025,July,Tuesday
01/07/2025 10:00,01/07/2025,10,2025,July,Tuesday
01/07/2025 11:00,01/07/2025,11,2025,July,Tuesday
01/07/2025 12:00,01/07/2025,12,2025,July,Tuesday
01/07/2025 13:00,01/07/2025,13,2025,July,Tuesday
01/07/2025 14:00,01/07/2025,14,2025,July,Tuesday
01/07/2025 15:00,01/07/2025,15,2025,July,Tuesday
01/07/2025 16:00,01/07/2025,16,2025,July,Tuesday
01/07/2025 17:00,01/07/2025,17,2025,July,Tuesday
01/07/2025 18:00,01/07/2025,18,2025,July,Tuesday
01/07/2025 19:00,01/07/2025,19,2025,July,Tuesday
01/07/2025 20:00,01/07/2025,20,2025,July,Tuesday
01/07/2025 21:00,01/07/2025,21,2025,July,Tuesday
01/07/2025 22:00,01/07/2025,22,2025,July,Tuesday
01/07/2025 23:00,01/07/2025,23,2025,July,Tuesday
02/07/2025 0:00,02/07/2025,0,2025,July,Wednesday
02/07/2025 1:00,02/07/2025,1,2025,July,Wednesday
02/07/2025 2:00,02/07/2025,2,2025,July,Wednesday
02/07/2025 3:00,02/07/2025,3,2025,July,Wednesday
02/07/2025 4:00,02/07/2025,4,2025,July,Wednesday
02/07/2025 5:00,02/07/2025,5,2025,July,Wednesday
02/07/2025 6:00,02/07/2025,6,2025,July,Wednesday
02/07/2025 7:00,02/07/2025,7,2025,July,Wednesday
02/07/2025 8:00,02/07/2025,8,2025,July,Wednesday
02/07/2025 9:00,02/07/2025,9,2025,July,Wednesday
02/07/2025 10:00,02/07/2025,10,2025,July,Wednesday
02/07/2025 11:00,02/07/2025,11,2025,July,Wednesday
02/07/2025 12:00,02/07/2025,12,2025,July,Wednesday
02/07/2025 13:00,02/07/2025,13,2025,July,Wednesday
02/07/2025 14:00,02/07/2025,14,2025,July,Wednesday
02/07/2025 15:00,02/07/2025,15,2025,July,Wednesday
02/07/2025 16:00,02/07/2025,16,2025,July,Wednesday
02/07/2025 17:00,02/07/2025,17,2025,July,Wednesday
02/07/2025 18:00,02/07/2025,18,2025,July,Wednesday
02/07/2025 19:00,02/07/2025,19,2025,July,Wednesday
02/07/2025 20:00,02/07/2025,20,2025,July,Wednesday
02/07/2025 21:00,02/07/2025,21,2025,July,Wednesday
02/07/2025 22:00,02/07/2025,22,2025,July,Wednesday
02/07/2025 23:00,02/07/2025,23,2025,July,Wednesday
03/07/2025 0:00,03/07/2025,0,2025,July,Thursday
03/07/2025 1:00,03/07/2025,1,2025,July,Thursday
03/07/2025 2:00,03/07/2025,2,2025,July,Thursday
03/07/2025 3:00,03/07/2025,3,2025,July,Thursday
03/07/2025 4:00,03/07/2025,4,2025,July,Thursday
03/07/2025 5:00,03/07/2025,5,2025,July,Thursday
03/07/2025 6:00,03/07/2025,6,2025,July,Thursday
03/07/2025 7:00,03/07/2025,7,2025,July,Thursday
03/07/2025 8:00,03/07/2025,8,2025,July,Thursday
03/07/2025 9:00,03/07/2025,9,2025,July,Thursday
03/07/2025 10:00,03/07/2025,10,2025,July,Thursday
03/07/2025 11:00,03/07/2025,11,2025,July,Thursday
03/07/2025 12:00,03/07/2025,12,2025,July,Thursday
03/07/2025 13:00,03/07/2025,13,2025,July,Thursday
03/07/2025 14:00,03/07/2025,14,2025,July,Thursday
03/07/2025 15:00,03/07/2025,15,2025,July,Thursday
03/07/2025 16:00,03/07/2025,16,2025,July,Thursday
03/07/2025 17:00,03/07/2025,17,2025,July,Thursday
03/07/2025 18:00,03/07/2025,18,2025,July,Thursday
03/07/2025 19:00,03/07/2025,19,2025,July,Thursday
03/07/2025 20:00,03/07/2025,20,2025,July,Thursday
03/07/2025 21:00,03/07/2025,21,2025,July,Thursday
03/07/2025 22:00,03/07/2025,22,2025,July,Thursday
03/07/2025 23:00,03/07/2025,23,2025,July,Thursday
04/07/2025 0:00,04/07/2025,0,2025,July,Friday
04/07/2025 1:00,04/07/2025,1,2025,July,Friday
04/07/2025 2:00,04/07/2025,2,2025,July,Friday
04/07/2025 3:00,04/07/2025,3,2025,July,Friday
04/07/2025 4:00,04/07/2025,4,2025,July,Friday
04/07/2025 5:00,04/07/2025,5,2025,July,Friday
04/07/2025 6:00,04/07/2025,6,2025,July,Friday
04/07/2025 7:00,04/07/2025,7,2025,July,Friday
04/07/2025 8:00,04/07/2025,8,2025,July,Friday
04/07/2025 9:00,04/07/2025,9,2025,July,Friday
04/07/2025 10:00,04/07/2025,10,2025,July,Friday
04/07/2025 11:00,04/07/2025,11,2025,July,Friday
04/07/2025 12:00,04/07/2025,12,2025,July,Friday
04/07/2025 13:00,04/07/2025,13,2025,July,Friday
04/07/2025 14:00,04/07/2025,14,2025,July,Friday
04/07/2025 15:00,04/07/2025,15,2025,July,Friday
04/07/2025 16:00,04/07/2025,16,2025,July,Friday
04/07/2025 17:00,04/07/2025,17,2025,July,Friday
04/07/2025 18:00,04/07/2025,18,2025,July,Friday
04/07/2025 19:00,04/07/2025,19,2025,July,Friday
04/07/2025 20:00,04/07/2025,20,2025,July,Friday
04/07/2025 21:00,04/07/2025,21,2025,July,Friday
04/07/2025 22:00,04/07/2025,22,2025,July,Friday
04/07/2025 23:00,04/07/2025,23,2025,July,Friday
05/07/2025 0:00,05/07/2025,0,2025,July,Saturday
05/07/2025 1:00,05/07/2025,1,2025,July,Saturday
05/07/2025 2:00,05/07/2025,2,2025,July,Saturday
05/07/2025 3:00,05/07/2025,3,2025,July,Saturday
05/07/2025 4:00,05/07/2025,4,2025,July,Saturday
05/07/2025 5:00,05/07/2025,5,2025,July,Saturday
05/07/2025 6:00,05/07/2025,6,2025,July,Saturday
05/07/2025 7:00,05/07/2025,7,2025,July,Saturday
05/07/2025 8:00,05/07/2025,8,2025,July,Saturday
05/07/2025 9:00,05/07/2025,9,2025,July,Saturday
05/07/2025 10:00,05/07/2025,10,2025,July,Saturday
05/07/2025 11:00,05/07/2025,11,2025,July,Saturday
05/07/2025 12:00,05/07/2025,12,2025,July,Saturday
05/07/2025 13:00,05/07/2025,13,2025,July,Saturday
05/07/2025 14:00,05/07/2025,14,2025,July,Saturday
05/07/2025 15:00,05/07/2025,15,2025,July,Saturday
05/07/2025 16:00,05/07/2025,16,2025,July,Saturday
05/07/2025 17:00,05/07/2025,17,2025,July,Saturday
05/07/2025 18:00,05/07/2025,18,2025,July,Saturday
05/07/2025 19:00,05/07/2025,19,2025,July,Saturday
05/07/2025 20:00,05/07/2025,20,2025,July,Saturday
05/07/2025 21:00,05/07/2025,21,2025,July,Saturday
05/07/2025 22:00,05/07/2025,22,2025,July,Saturday
05/07/2025 23:00,05/07/2025,23,2025,July,Saturday
06/07/2025 0:00,06/07/2025,0,2025,July,Sunday
06/07/2025 1:00,06/07/2025,1,2025,July,Sunday
06/07/2025 2:00,06/07/2025,2,2025,July,Sunday
06/07/2025 3:00,06/07/2025,3,2025,July,Sunday
06/07/2025 4:00,06/07/2025,4,2025,July,Sunday
06/07/2025 5:00,06/07/2025,5,2025,July,Sunday
06/07/2025 6:00,06/07/2025,6,2025,July,Sunday
06/07/2025 7:00,06/07/2025,7,2025,July,Sunday
06/07/2025 8:00,06/07/2025,8,2025,July,Sunday
06/07/2025 9:00,06/07/2025,9,2025,July,Sunday
06/07/2025 10:00,06/07/2025,10,2025,July,Sunday
06/07/2025 11:00,06/07/2025,11,2025,July,Sunday
06/07/2025 12:00,06/07/2025,12,2025,July,Sunday
06/07/2025 13:00,06/07/2025,13,2025,July,Sunday
06/07/2025 14:00,06/07/2025,14,2025,July,Sunday
06/07/2025 15:00,06/07/2025,15,2025,July,Sunday
06/07/2025 16:00,06/07/2025,16,2025,July,Sunday
06/07/2025 17:00,06/07/2025,17,2025,July,Sunday
06/07/2025 18:00,06/07/2025,18,2025,July,Sunday
06/07/2025 19:00,06/07/2025,19,2025,July,Sunday
06/07/2025 20:00,06/07/2025,20,2025,July,Sunday
06/07/2025 21:00,06/07/2025,21,2025,July,Sunday
06/07/2025 22:00,06/07/2025,22,2025,July,Sunday
06/07/2025 23:00,06/07/2025,23,2025,July,Sunday
07/07/2025 0:00,07/07/2025,0,2025,July,Monday
07/07/2025 1:00,07/07/2025,1,2025,July,Monday
07/07/2025 2:00,07/07/2025,2,2025,July,Monday
07/07/2025 3:00,07/07/2025,3,2025,July,Monday
07/07/2025 4:00,07/07/2025,4,2025,July,Monday
07/07/2025 5:00,07/07/2025,5,2025,July,Monday
07/07/2025 6:00,07/07/2025,6,2025,July,Monday
07/07/2025 7:00,07/07/2025,7,2025,July,Monday
07/07/2025 8:00,07/07/2025,8,2025,July,Monday
07/07/2025 9:00,07/07/2025,9,2025,July,Monday
07/07/2025 10:00,07/07/2025,10,2025,July,Monday
07/07/2025 11:00,07/07/2025,11,2025,July,Monday
07/07/2025 12:00,07/07/2025,12,2025,July,Monday
07/07/2025 13:00,07/07/2025,13,2025,July,Monday
07/07/2025 14:00,07/07/2025,14,2025,July,Monday
07/07/2025 15:00,07/07/2025,15,2025,July,Monday
07/07/2025 16:00,07/07/2025,16,2025,July,Monday
07/07/2025 17:00,07/07/2025,17,2025,July,Monday
07/07/2025 18:00,07/07/2025,18,2025,July,Monday
07/07/2025 19:00,07/07/2025,19,2025,July,Monday
07/07/2025 20:00,07/07/2025,20,2025,July,Monday
07/07/2025 21:00,07/07/2025,21,2025,July,Monday
07/07/2025 22:00,07/07/2025,22,2025,July,Monday
07/07/2025 23:00,07/07/2025,23,2025,July,Monday
08/07/2025 0:00,08/07/2025,0,2025,July,Tuesday
08/07/2025 1:00,08/07/2025,1,2025,July,Tuesday
08/07/2025 2:00,08/07/2025,2,2025,July,Tuesday
08/07/2025 3:00,08/07/2025,3,2025,July,Tuesday
08/07/2025 4:00,08/07/2025,4,2025,July,Tuesday
08/07/2025 5:00,08/07/2025,5,2025,July,Tuesday
08/07/2025 6:00,08/07/2025,6,2025,July,Tuesday
08/07/2025 7:00,08/07/2025,7,2025,July,Tuesday
08/07/2025 8:00,08/07/2025,8,2025,July,Tuesday
08/07/2025 9:00,08/07/2025,9,2025,July,Tuesday
08/07/2025 10:00,08/07/2025,10,2025,July,Tuesday
08/07/2025 11:00,08/07/2025,11,2025,July,Tuesday
08/07/2025 12:00,08/07/2025,12,2025,July,Tuesday
08/07/2025 13:00,08/07/2025,13,2025,July,Tuesday
08/07/2025 14:00,08/07/2025,14,2025,July,Tuesday
08/07/2025 15:00,08/07/2025,15,2025,July,Tuesday
08/07/2025 16:00,08/07/2025,16,2025,July,Tuesday
08/07/2025 17:00,08/07/2025,17,2025,July,Tuesday
08/07/2025 18:00,08/07/2025,18,2025,July,Tuesday
08/07/2025 19:00,08/07/2025,19,2025,July,Tuesday
08/07/2025 20:00,08/07/2025,20,2025,July,Tuesday
08/07/2025 21:00,08/07/2025,21,2025,July,Tuesday
08/07/2025 22:00,08/07/2025,22,2025,July,Tuesday
08/07/2025 23:00,08/07/2025,23,2025,July,Tuesday
09/07/2025 0:00,09/07/2025,0,2025,July,Wednesday
09/07/2025 1:00,09/07/2025,1,2025,July,Wednesday
09/07/2025 2:00,09/07/2025,2,2025,July,Wednesday
09/07/2025 3:00,09/07/2025,3,2025,July,Wednesday
09/07/2025 4:00,09/07/2025,4,2025,July,Wednesday
09/07/2025 5:00,09/07/2025,5,2025,July,Wednesday
09/07/2025 6:00,09/07/2025,6,2025,July,Wednesday
09/07/2025 7:00,09/07/2025,7,2025,July,Wednesday
09/07/2025 8:00,09/07/2025,8,2025,July,Wednesday
09/07/2025 9:00,09/07/2025,9,2025,July,Wednesday
09/07/2025 10:00,09/07/2025,10,2025,July,Wednesday
09/07/2025 11:00,09/07/2025,11,2025,July,Wednesday
09/07/2025 12:00,09/07/2025,12,2025,July,Wednesday
09/07/2025 13:00,09/07/2025,13,2025,July,Wednesday
09/07/2025 14:00,09/07/2025,14,2025,July,Wednesday
09/07/2025 15:00,09/07/2025,15,2025,July,Wednesday
09/07/2025 16:00,09/07/2025,16,2025,July,Wednesday
09/07/2025 17:00,09/07/2025,17,2025,July,Wednesday
09/07/2025 18:00,09/07/2025,18,2025,July,Wednesday
09/07/2025 19:00,09/07/2025,19,2025,July,Wednesday
09/07/2025 20:00,09/07/2025,20,2025,July,Wednesday
09/07/2025 21:00,09/07/2025,21,2025,July,Wednesday
09/07/2025 22:00,09/07/2025,22,2025,July,Wednesday
09/07/2025 23:00,09/07/2025,23,2025,July,Wednesday
10/07/2025 0:00,10/07/2025,0,2025,July,Thursday
10/07/2025 1:00,10/07/2025,1,2025,July,Thursday
10/07/2025 2:00,10/07/2025,2,2025,July,Thursday
10/07/2025 3:00,10/07/2025,3,2025,July,Thursday
10/07/2025 4:00,10/07/2025,4,2025,July,Thursday
10/07/2025 5:00,10/07/2025,5,2025,July,Thursday
10/07/2025 6:00,10/07/2025,6,2025,July,Thursday
10/07/2025 7:00,10/07/2025,7,2025,July,Thursday
10/07/2025 8:00,10/07/2025,8,2025,July,Thursday
10/07/2025 9:00,10/07/2025,9,2025,July,Thursday
10/07/2025 10:00,10/07/2025,10,2025,July,Thursday
10/07/2025 11:00,10/07/2025,11,2025,July,Thursday
10/07/2025 12:00,10/07/2025,12,2025,July,Thursday
10/07/2025 13:00,10/07/2025,13,2025,July,Thursday
10/07/2025 14:00,10/07/2025,14,2025,July,Thursday
10/07/2025 15:00,10/07/2025,15,2025,July,Thursday
10/07/2025 16:00,10/07/2025,16,2025,July,Thursday
10/07/2025 17:00,10/07/2025,17,2025,July,Thursday
10/07/2025 18:00,10/07/2025,18,2025,July,Thursday
10/07/2025 19:00,10/07/2025,19,2025,July,Thursday
10/07/2025 20:00,10/07/2025,20,2025,July,Thursday
10/07/2025 21:00,10/07/2025,21,2025,July,Thursday
10/07/2025 22:00,10/07/2025,22,2025,July,Thursday
10/07/2025 23:00,10/07/2025,23,2025,July,Thursday
11/07/2025 0:00,11/07/2025,0,2025,July,Friday
11/07/2025 1:00,11/07/2025,1,2025,July,Friday
11/07/2025 2:00,11/07/2025,2,2025,July,Friday
11/07/2025 3:00,11/07/2025,3,2025,July,Friday
11/07/2025 4:00,11/07/2025,4,2025,July,Friday
11/07/2025 5:00,11/07/2025,5,2025,July,Friday
11/07/2025 6:00,11/07/2025,6,2025,July,Friday
11/07/2025 7:00,11/07/2025,7,2025,July,Friday
11/07/2025 8:00,11/07/2025,8,2025,July,Friday
11/07/2025 9:00,11/07/2025,9,2025,July,Friday
11/07/2025 10:00,11/07/2025,10,2025,July,Friday
11/07/2025 11:00,11/07/2025,11,2025,July,Friday
11/07/2025 12:00,11/07/2025,12,2025,July,Friday
11/07/2025 13:00,11/07/2025,13,2025,July,Friday
11/07/2025 14:00,11/07/2025,14,2025,July,Friday
11/07/2025 15:00,11/07/2025,15,2025,July,Friday
11/07/2025 16:00,11/07/2025,16,2025,July,Friday
11/07/2025 17:00,11/07/2025,17,2025,July,Friday
11/07/2025 18:00,11/07/2025,18,2025,July,Friday
11/07/2025 19:00,11/07/2025,19,2025,July,Friday
11/07/2025 20:00,11/07/2025,20,2025,July,Friday
11/07/2025 21:00,11/07/2025,21,2025,July,Friday
11/07/2025 22:00,11/07/2025,22,2025,July,Friday
11/07/2025 23:00,11/07/2025,23,2025,July,Friday
12/07/2025 0:00,12/07/2025,0,2025,July,Saturday
12/07/2025 1:00,12/07/2025,1,2025,July,Saturday
12/07/2025 2:00,12/07/2025,2,2025,July,Saturday
12/07/2025 3:00,12/07/2025,3,2025,July,Saturday
12/07/2025 4:00,12/07/2025,4,2025,July,Saturday
12/07/2025 5:00,12/07/2025,5,2025,July,Saturday
12/07/2025 6:00,12/07/2025,6,2025,July,Saturday
12/07/2025 7:00,12/07/2025,7,2025,July,Saturday
12/07/2025 8:00,12/07/2025,8,2025,July,Saturday
12/07/2025 9:00,12/07/2025,9,2025,July,Saturday
12/07/2025 10:00,12/07/2025,10,2025,July,Saturday
12/07/2025 11:00,12/07/2025,11,2025,July,Saturday
12/07/2025 12:00,12/07/2025,12,2025,July,Saturday
12/07/2025 13:00,12/07/2025,13,2025,July,Saturday
12/07/2025 14:00,12/07/2025,14,2025,July,Saturday
12/07/2025 15:00,12/07/2025,15,2025,July,Saturday
12/07/2025 16:00,12/07/2025,16,2025,July,Saturday
12/07/2025 17:00,12/07/2025,17,2025,July,Saturday
12/07/2025 18:00,12/07/2025,18,2025,July,Saturday
12/07/2025 19:00,12/07/2025,19,2025,July,Saturday
12/07/2025 20:00,12/07/2025,20,2025,July,Saturday
12/07/2025 21:00,12/07/2025,21,2025,July,Saturday
12/07/2025 22:00,12/07/2025,22,2025,July,Saturday
12/07/2025 23:00,12/07/2025,23,2025,July,Saturday
13/07/2025 0:00,13/07/2025,0,2025,July,Sunday
13/07/2025 1:00,13/07/2025,1,2025,July,Sunday
13/07/2025 2:00,13/07/2025,2,2025,July,Sunday
13/07/2025 3:00,13/07/2025,3,2025,July,Sunday
13/07/2025 4:00,13/07/2025,4,2025,July,Sunday
13/07/2025 5:00,13/07/2025,5,2025,July,Sunday
13/07/2025 6:00,13/07/2025,6,2025,July,Sunday
13/07/2025 7:00,13/07/2025,7,2025,July,Sunday
13/07/2025 8:00,13/07/2025,8,2025,July,Sunday
13/07/2025 9:00,13/07/2025,9,2025,July,Sunday
13/07/2025 10:00,13/07/2025,10,2025,July,Sunday
13/07/2025 11:00,13/07/2025,11,2025,July,Sunday
13/07/2025 12:00,13/07/2025,12,2025,July,Sunday
13/07/2025 13:00,13/07/2025,13,2025,July,Sunday
13/07/2025 14:00,13/07/2025,14,2025,July,Sunday
13/07/2025 15:00,13/07/2025,15,2025,July,Sunday
13/07/2025 16:00,13/07/2025,16,2025,July,Sunday
13/07/2025 17:00,13/07/2025,17,2025,July,Sunday
13/07/2025 18:00,13/07/2025,18,2025,July,Sunday
13/07/2025 19:00,13/07/2025,19,2025,July,Sunday
13/07/2025 20:00,13/07/2025,20,2025,July,Sunday
13/07/2025 21:00,13/07/2025,21,2025,July,Sunday
13/07/2025 22:00,13/07/2025,22,2025,July,Sunday
13/07/2025 23:00,13/07/2025,23,2025,July,Sunday
14/07/2025 0:00,14/07/2025,0,2025,July,Monday
14/07/2025 1:00,14/07/2025,1,2025,July,Monday
14/07/2025 2:00,14/07/2025,2,2025,July,Monday
14/07/2025 3:00,14/07/2025,3,2025,July,Monday
14/07/2025 4:00,14/07/2025,4,2025,July,Monday
14/07/2025 5:00,14/07/2025,5,2025,July,Monday
14/07/2025 6:00,14/07/2025,6,2025,July,Monday
14/07/2025 7:00,14/07/2025,7,2025,July,Monday
14/07/2025 8:00,14/07/2025,8,2025,July,Monday
14/07/2025 9:00,14/07/2025,9,2025,July,Monday
14/07/2025 10:00,14/07/2025,10,2025,July,Monday
14/07/2025 11:00,14/07/2025,11,2025,July,Monday
14/07/2025 12:00,14/07/2025,12,2025,July,Monday
14/07/2025 13:00,14/07/2025,13,2025,July,Monday
14/07/2025 14:00,14/07/2025,14,2025,July,Monday
14/07/2025 15:00,14/07/2025,15,2025,July,Monday
14/07/2025 16:00,14/07/2025,16,2025,July,Monday
14/07/2025 17:00,14/07/2025,17,2025,July,Monday
14/07/2025 18:00,14/07/2025,18,2025,July,Monday
14/07/2025 19:00,14/07/2025,19,2025,July,Monday
14/07/2025 20:00,14/07/2025,20,2025,July,Monday
14/07/2025 21:00,14/07/2025,21,2025,July,Monday
14/07/2025 22:00,14/07/2025,22,2025,July,Monday
14/07/2025 23:00,14/07/2025,23,2025,July,Monday
15/07/2025 0:00,15/07/2025,0,2025,July,Tuesday
15/07/2025 1:00,15/07/2025,1,2025,July,Tuesday
15/07/2025 2:00,15/07/2025,2,2025,July,Tuesday
15/07/2025 3:00,15/07/2025,3,2025,July,Tuesday
15/07/2025 4:00,15/07/2025,4,2025,July,Tuesday
15/07/2025 5:00,15/07/2025,5,2025,July,Tuesday
15/07/2025 6:00,15/07/2025,6,2025,July,Tuesday
15/07/2025 7:00,15/07/2025,7,2025,July,Tuesday
15/07/2025 8:00,15/07/2025,8,2025,July,Tuesday
15/07/2025 9:00,15/07/2025,9,2025,July,Tuesday
15/07/2025 10:00,15/07/2025,10,2025,July,Tuesday
15/07/2025 11:00,15/07/2025,11,2025,July,Tuesday
15/07/2025 12:00,15/07/2025,12,2025,July,Tuesday
15/07/2025 13:00,15/07/2025,13,2025,July,Tuesday
15/07/2025 14:00,15/07/2025,14,2025,July,Tuesday
15/07/2025 15:00,15/07/2025,15,2025,July,Tuesday
15/07/2025 16:00,15/07/2025,16,2025,July,Tuesday
15/07/2025 17:00,15/07/2025,17,2025,July,Tuesday
15/07/2025 18:00,15/07/2025,18,2025,July,Tuesday
15/07/2025 19:00,15/07/2025,19,2025,July,Tuesday
15/07/2025 20:00,15/07/2025,20,2025,July,Tuesday
15/07/2025 21:00,15/07/2025,21,2025,July,Tuesday
15/07/2025 22:00,15/07/2025,22,2025,July,Tuesday
15/07/2025 23:00,15/07/2025,23,2025,July,Tuesday
16/07/2025 0:00,16/07/2025,0,2025,July,Wednesday
16/07/2025 1:00,16/07/2025,1,2025,July,Wednesday
16/07/2025 2:00,16/07/2025,2,2025,July,Wednesday
16/07/2025 3:00,16/07/2025,3,2025,July,Wednesday
16/07/2025 4:00,16/07/2025,4,2025,July,Wednesday
16/07/2025 5:00,16/07/2025,5,2025,July,Wednesday
16/07/2025 6:00,16/07/2025,6,2025,July,Wednesday
16/07/2025 7:00,16/07/2025,7,2025,July,Wednesday
16/07/2025 8:00,16/07/2025,8,2025,July,Wednesday
16/07/2025 9:00,16/07/2025,9,2025,July,Wednesday
16/07/2025 10:00,16/07/2025,10,2025,July,Wednesday
16/07/2025 11:00,16/07/2025,11,2025,July,Wednesday
16/07/2025 12:00,16/07/2025,12,2025,July,Wednesday
16/07/2025 13:00,16/07/2025,13,2025,July,Wednesday
16/07/2025 14:00,16/07/2025,14,2025,July,Wednesday
16/07/2025 15:00,16/07/2025,15,2025,July,Wednesday
16/07/2025 16:00,16/07/2025,16,2025,July,Wednesday
16/07/2025 17:00,16/07/2025,17,2025,July,Wednesday
16/07/2025 18:00,16/07/2025,18,2025,July,Wednesday
16/07/2025 19:00,16/07/2025,19,2025,July,Wednesday
16/07/2025 20:00,16/07/2025,20,2025,July,Wednesday
16/07/2025 21:00,16/07/2025,21,2025,July,Wednesday
16/07/2025 22:00,16/07/2025,22,2025,July,Wednesday
16/07/2025 23:00,16/07/2025,23,2025,July,Wednesday
17/07/2025 0:00,17/07/2025,0,2025,July,Thursday
17/07/2025 1:00,17/07/2025,1,2025,July,Thursday
17/07/2025 2:00,17/07/2025,2,2025,July,Thursday
17/07/2025 3:00,17/07/2025,3,2025,July,Thursday
17/07/2025 4:00,17/07/2025,4,2025,July,Thursday
17/07/2025 5:00,17/07/2025,5,2025,July,Thursday
17/07/2025 6:00,17/07/2025,6,2025,July,Thursday
17/07/2025 7:00,17/07/2025,7,2025,July,Thursday
17/07/2025 8:00,17/07/2025,8,2025,July,Thursday
17/07/2025 9:00,17/07/2025,9,2025,July,Thursday
17/07/2025 10:00,17/07/2025,10,2025,July,Thursday
17/07/2025 11:00,17/07/2025,11,2025,July,Thursday
17/07/2025 12:00,17/07/2025,12,2025,July,Thursday
17/07/2025 13:00,17/07/2025,13,2025,July,Thursday
17/07/2025 14:00,17/07/2025,14,2025,July,Thursday
17/07/2025 15:00,17/07/2025,15,2025,July,Thursday
17/07/2025 16:00,17/07/2025,16,2025,July,Thursday
17/07/2025 17:00,17/07/2025,17,2025,July,Thursday
17/07/2025 18:00,17/07/2025,18,2025,July,Thursday
17/07/2025 19:00,17/07/2025,19,2025,July,Thursday
17/07/2025 20:00,17/07/2025,20,2025,July,Thursday
17/07/2025 21:00,17/07/2025,21,2025,July,Thursday
17/07/2025 22:00,17/07/2025,22,2025,July,Thursday
17/07/2025 23:00,17/07/2025,23,2025,July,Thursday
18/07/2025 0:00,18/07/2025,0,2025,July,Friday
18/07/2025 1:00,18/07/2025,1,2025,July,Friday
18/07/2025 2:00,18/07/2025,2,2025,July,Friday
18/07/2025 3:00,18/07/2025,3,2025,July,Friday
18/07/2025 4:00,18/07/2025,4,2025,July,Friday
18/07/2025 5:00,18/07/2025,5,2025,July,Friday
18/07/2025 6:00,18/07/2025,6,2025,July,Friday
18/07/2025 7:00,18/07/2025,7,2025,July,Friday
18/07/2025 8:00,18/07/2025,8,2025,July,Friday
18/07/2025 9:00,18/07/2025,9,2025,July,Friday
18/07/2025 10:00,18/07/2025,10,2025,July,Friday
18/07/2025 11:00,18/07/2025,11,2025,July,Friday
18/07/2025 12:00,18/07/2025,12,2025,July,Friday
18/07/2025 13:00,18/07/2025,13,2025,July,Friday
18/07/2025 14:00,18/07/2025,14,2025,July,Friday
18/07/2025 15:00,18/07/2025,15,2025,July,Friday
18/07/2025 16:00,18/07/2025,16,2025,July,Friday
18/07/2025 17:00,18/07/2025,17,2025,July,Friday
18/07/2025 18:00,18/07/2025,18,2025,July,Friday
18/07/2025 19:00,18/07/2025,19,2025,July,Friday
18/07/2025 20:00,18/07/2025,20,2025,July,Friday
18/07/2025 21:00,18/07/2025,21,2025,July,Friday
18/07/2025 22:00,18/07/2025,22,2025,July,Friday
18/07/2025 23:00,18/07/2025,23,2025,July,Friday
19/07/2025 0:00,19/07/2025,0,2025,July,Saturday
19/07/2025 1:00,19/07/2025,1,2025,July,Saturday
19/07/2025 2:00,19/07/2025,2,2025,July,Saturday
19/07/2025 3:00,19/07/2025,3,2025,July,Saturday
19/07/2025 4:00,19/07/2025,4,2025,July,Saturday
19/07/2025 5:00,19/07/2025,5,2025,July,Saturday
19/07/2025 6:00,19/07/2025,6,2025,July,Saturday
19/07/2025 7:00,19/07/2025,7,2025,July,Saturday
19/07/2025 8:00,19/07/2025,8,2025,July,Saturday
19/07/2025 9:00,19/07/2025,9,2025,July,Saturday
19/07/2025 10:00,19/07/2025,10,2025,July,Saturday
19/07/2025 11:00,19/07/2025,11,2025,July,Saturday
19/07/2025 12:00,19/07/2025,12,2025,July,Saturday
19/07/2025 13:00,19/07/2025,13,2025,July,Saturday
19/07/2025 14:00,19/07/2025,14,2025,July,Saturday
19/07/2025 15:00,19/07/2025,15,2025,July,Saturday
19/07/2025 16:00,19/07/2025,16,2025,July,Saturday
19/07/2025 17:00,19/07/2025,17,2025,July,Saturday
19/07/2025 18:00,19/07/2025,18,2025,July,Saturday
19/07/2025 19:00,19/07/2025,19,2025,July,Saturday
19/07/2025 20:00,19/07/2025,20,2025,July,Saturday
19/07/2025 21:00,19/07/2025,21,2025,July,Saturday
19/07/2025 22:00,19/07/2025,22,2025,July,Saturday
19/07/2025 23:00,19/07/2025,23,2025,July,Saturday
20/07/2025 0:00,20/07/2025,0,2025,July,Sunday
20/07/2025 1:00,20/07/2025,1,2025,July,Sunday
20/07/2025 2:00,20/07/2025,2,2025,July,Sunday
20/07/2025 3:00,20/07/2025,3,2025,July,Sunday
20/07/2025 4:00,20/07/2025,4,2025,July,Sunday
20/07/2025 5:00,20/07/2025,5,2025,July,Sunday
20/07/2025 6:00,20/07/2025,6,2025,July,Sunday
20/07/2025 7:00,20/07/2025,7,2025,July,Sunday
20/07/2025 8:00,20/07/2025,8,2025,July,Sunday
20/07/2025 9:00,20/07/2025,9,2025,July,Sunday
20/07/2025 10:00,20/07/2025,10,2025,July,Sunday
20/07/2025 11:00,20/07/2025,11,2025,July,Sunday
20/07/2025 12:00,20/07/2025,12,2025,July,Sunday
20/07/2025 13:00,20/07/2025,13,2025,July,Sunday
20/07/2025 14:00,20/07/2025,14,2025,July,Sunday
20/07/2025 15:00,20/07/2025,15,2025,July,Sunday
20/07/2025 16:00,20/07/2025,16,2025,July,Sunday
20/07/2025 17:00,20/07/2025,17,2025,July,Sunday
20/07/2025 18:00,20/07/2025,18,2025,July,Sunday
20/07/2025 19:00,20/07/2025,19,2025,July,Sunday
20/07/2025 20:00,20/07/2025,20,2025,July,Sunday
20/07/2025 21:00,20/07/2025,21,2025,July,Sunday
20/07/2025 22:00,20/07/2025,22,2025,July,Sunday
20/07/2025 23:00,20/07/2025,23,2025,July,Sunday
21/07/2025 0:00,21/07/2025,0,2025,July,Monday
21/07/2025 1:00,21/07/2025,1,2025,July,Monday
21/07/2025 2:00,21/07/2025,2,2025,July,Monday
21/07/2025 3:00,21/07/2025,3,2025,July,Monday
21/07/2025 4:00,21/07/2025,4,2025,July,Monday
21/07/2025 5:00,21/07/2025,5,2025,July,Monday
21/07/2025 6:00,21/07/2025,6,2025,July,Monday
21/07/2025 7:00,21/07/2025,7,2025,July,Monday
21/07/2025 8:00,21/07/2025,8,2025,July,Monday
21/07/2025 9:00,21/07/2025,9,2025,July,Monday
21/07/2025 10:00,21/07/2025,10,2025,July,Monday
21/07/2025 11:00,21/07/2025,11,2025,July,Monday
21/07/2025 12:00,21/07/2025,12,2025,July,Monday
21/07/2025 13:00,21/07/2025,13,2025,July,Monday
21/07/2025 14:00,21/07/2025,14,2025,July,Monday
21/07/2025 15:00,21/07/2025,15,2025,July,Monday
21/07/2025 16:00,21/07/2025,16,2025,July,Monday
21/07/2025 17:00,21/07/2025,17,2025,July,Monday
21/07/2025 18:00,21/07/2025,18,2025,July,Monday
21/07/2025 19:00,21/07/2025,19,2025,July,Monday
21/07/2025 20:00,21/07/2025,20,2025,July,Monday
21/07/2025 21:00,21/07/2025,21,2025,July,Monday
21/07/2025 22:00,21/07/2025,22,2025,July,Monday
21/07/2025 23:00,21/07/2025,23,2025,July,Monday
22/07/2025 0:00,22/07/2025,0,2025,July,Tuesday
22/07/2025 1:00,22/07/2025,1,2025,July,Tuesday
22/07/2025 2:00,22/07/2025,2,2025,July,Tuesday
22/07/2025 3:00,22/07/2025,3,2025,July,Tuesday
22/07/2025 4:00,22/07/2025,4,2025,July,Tuesday
22/07/2025 5:00,22/07/2025,5,2025,July,Tuesday
22/07/2025 6:00,22/07/2025,6,2025,July,Tuesday
22/07/2025 7:00,22/07/2025,7,2025,July,Tuesday
22/07/2025 8:00,22/07/2025,8,2025,July,Tuesday
22/07/2025 9:00,22/07/2025,9,2025,July,Tuesday
22/07/2025 10:00,22/07/2025,10,2025,July,Tuesday
22/07/2025 11:00,22/07/2025,11,2025,July,Tuesday
22/07/2025 12:00,22/07/2025,12,2025,July,Tuesday
22/07/2025 13:00,22/07/2025,13,2025,July,Tuesday
22/07/2025 14:00,22/07/2025,14,2025,July,Tuesday
22/07/2025 15:00,22/07/2025,15,2025,July,Tuesday
22/07/2025 16:00,22/07/2025,16,2025,July,Tuesday
22/07/2025 17:00,22/07/2025,17,2025,July,Tuesday
22/07/2025 18:00,22/07/2025,18,2025,July,Tuesday
22/07/2025 19:00,22/07/2025,19,2025,July,Tuesday
22/07/2025 20:00,22/07/2025,20,2025,July,Tuesday
22/07/2025 21:00,22/07/2025,21,2025,July,Tuesday
22/07/2025 22:00,22/07/2025,22,2025,July,Tuesday
22/07/2025 23:00,22/07/2025,23,2025,July,Tuesday
23/07/2025 0:00,23/07/2025,0,2025,July,Wednesday
23/07/2025 1:00,23/07/2025,1,2025,July,Wednesday
23/07/2025 2:00,23/07/2025,2,2025,July,Wednesday
23/07/2025 3:00,23/07/2025,3,2025,July,Wednesday
23/07/2025 4:00,23/07/2025,4,2025,July,Wednesday
23/07/2025 5:00,23/07/2025,5,2025,July,Wednesday
23/07/2025 6:00,23/07/2025,6,2025,July,Wednesday
23/07/2025 7:00,23/07/2025,7,2025,July,Wednesday
23/07/2025 8:00,23/07/2025,8,2025,July,Wednesday
23/07/2025 9:00,23/07/2025,9,2025,July,Wednesday
23/07/2025 10:00,23/07/2025,10,2025,July,Wednesday
23/07/2025 11:00,23/07/2025,11,2025,July,Wednesday
23/07/2025 12:00,23/07/2025,12,2025,July,Wednesday
23/07/2025 13:00,23/07/2025,13,2025,July,Wednesday
23/07/2025 14:00,23/07/2025,14,2025,July,Wednesday
23/07/2025 15:00,23/07/2025,15,2025,July,Wednesday
23/07/2025 16:00,23/07/2025,16,2025,July,Wednesday
23/07/2025 17:00,23/07/2025,17,2025,July,Wednesday
23/07/2025 18:00,23/07/2025,18,2025,July,Wednesday
23/07/2025 19:00,23/07/2025,19,2025,July,Wednesday
23/07/2025 20:00,23/07/2025,20,2025,July,Wednesday
23/07/2025 21:00,23/07/2025,21,2025,July,Wednesday
23/07/2025 22:00,23/07/2025,22,2025,July,Wednesday
23/07/2025 23:00,23/07/2025,23,2025,July,Wednesday
24/07/2025 0:00,24/07/2025,0,2025,July,Thursday
24/07/2025 1:00,24/07/2025,1,2025,July,Thursday
24/07/2025 2:00,24/07/2025,2,2025,July,Thursday
24/07/2025 3:00,24/07/2025,3,2025,July,Thursday
24/07/2025 4:00,24/07/2025,4,2025,July,Thursday
24/07/2025 5:00,24/07/2025,5,2025,July,Thursday
24/07/2025 6:00,24/07/2025,6,2025,July,Thursday
24/07/2025 7:00,24/07/2025,7,2025,July,Thursday
24/07/2025 8:00,24/07/2025,8,2025,July,Thursday
24/07/2025 9:00,24/07/2025,9,2025,July,Thursday
24/07/2025 10:00,24/07/2025,10,2025,July,Thursday
24/07/2025 11:00,24/07/2025,11,2025,July,Thursday
24/07/2025 12:00,24/07/2025,12,2025,July,Thursday
24/07/2025 13:00,24/07/2025,13,2025,July,Thursday
24/07/2025 14:00,24/07/2025,14,2025,July,Thursday
24/07/2025 15:00,24/07/2025,15,2025,July,Thursday
24/07/2025 16:00,24/07/2025,16,2025,July,Thursday
24/07/2025 17:00,24/07/2025,17,2025,July,Thursday
24/07/2025 18:00,24/07/2025,18,2025,July,Thursday
24/07/2025 19:00,24/07/2025,19,2025,July,Thursday
24/07/2025 20:00,24/07/2025,20,2025,July,Thursday
24/07/2025 21:00,24/07/2025,21,2025,July,Thursday
24/07/2025 22:00,24/07/2025,22,2025,July,Thursday
24/07/2025 23:00,24/07/2025,23,2025,July,Thursday
25/07/2025 0:00,25/07/2025,0,2025,July,Friday
25/07/2025 1:00,25/07/2025,1,2025,July,Friday
25/07/2025 2:00,25/07/2025,2,2025,July,Friday
25/07/2025 3:00,25/07/2025,3,2025,July,Friday
25/07/2025 4:00,25/07/2025,4,2025,July,Friday
25/07/2025 5:00,25/07/2025,5,2025,July,Friday
25/07/2025 6:00,25/07/2025,6,2025,July,Friday
25/07/2025 7:00,25/07/2025,7,2025,July,Friday
25/07/2025 8:00,25/07/2025,8,2025,July,Friday
25/07/2025 9:00,25/07/2025,9,2025,July,Friday
25/07/2025 10:00,25/07/2025,10,2025,July,Friday
25/07/2025 11:00,25/07/2025,11,2025,July,Friday
25/07/2025 12:00,25/07/2025,12,2025,July,Friday
25/07/2025 13:00,25/07/2025,13,2025,July,Friday
25/07/2025 14:00,25/07/2025,14,2025,July,Friday
25/07/2025 15:00,25/07/2025,15,2025,July,Friday
25/07/2025 16:00,25/07/2025,16,2025,July,Friday
25/07/2025 18:00,25/07/2025,18,2025,July,Friday
25/07/2025 19:00,25/07/2025,19,2025,July,Friday
25/07/2025 20:00,25/07/2025,20,2025,July,Friday
25/07/2025 21:00,25/07/2025,21,2025,July,Friday
25/07/2025 22:00,25/07/2025,22,2025,July,Friday
25/07/2025 23:00,25/07/2025,23,2025,July,Friday
26/07/2025 0:00,26/07/2025,0,2025,July,Saturday
26/07/2025 1:00,26/07/2025,1,2025,July,Saturday
26/07/2025 2:00,26/07/2025,2,2025,July,Saturday
26/07/2025 3:00,26/07/2025,3,2025,July,Saturday
26/07/2025 4:00,26/07/2025,4,2025,July,Saturday
26/07/2025 5:00,26/07/2025,5,2025,July,Saturday
26/07/2025 6:00,26/07/2025,6,2025,July,Saturday
26/07/2025 7:00,26/07/2025,7,2025,July,Saturday
26/07/2025 8:00,26/07/2025,8,2025,July,Saturday
26/07/2025 9:00,26/07/2025,9,2025,July,Saturday
26/07/2025 10:00,26/07/2025,10,2025,July,Saturday
26/07/2025 11:00,26/07/2025,11,2025,July,Saturday
26/07/2025 12:00,26/07/2025,12,2025,July,Saturday
26/07/2025 13:00,26/07/2025,13,2025,July,Saturday
26/07/2025 14:00,26/07/2025,14,2025,July,Saturday
26/07/2025 15:00,26/07/2025,15,2025,July,Saturday
26/07/2025 16:00,26/07/2025,16,2025,July,Saturday
26/07/2025 17:00,26/07/2025,17,2025,July,Saturday
26/07/2025 18:00,26/07/2025,18,2025,July,Saturday
26/07/2025 19:00,26/07/2025,19,2025,July,Saturday
26/07/2025 20:00,26/07/2025,20,2025,July,Saturday
26/07/2025 21:00,26/07/2025,21,2025,July,Saturday
26/07/2025 22:00,26/07/2025,22,2025,July,Saturday
26/07/2025 23:00,26/07/2025,23,2025,July,Saturday
27/07/2025 0:00,27/07/2025,0,2025,July,Sunday
27/07/2025 1:00,27/07/2025,1,2025,July,Sunday
27/07/2025 2:00,27/07/2025,2,2025,July,Sunday
27/07/2025 3:00,27/07/2025,3,2025,July,Sunday
27/07/2025 4:00,27/07/2025,4,2025,July,Sunday
27/07/2025 5:00,27/07/2025,5,2025,July,Sunday
27/07/2025 6:00,27/07/2025,6,2025,July,Sunday
27/07/2025 7:00,27/07/2025,7,2025,July,Sunday
27/07/2025 8:00,27/07/2025,8,2025,July,Sunday
27/07/2025 9:00,27/07/2025,9,2025,July,Sunday
27/07/2025 10:00,27/07/2025,10,2025,July,Sunday
27/07/2025 11:00,27/07/2025,11,2025,July,Sunday
27/07/2025 12:00,27/07/2025,12,2025,July,Sunday
27/07/2025 13:00,27/07/2025,13,2025,July,Sunday
27/07/2025 14:00,27/07/2025,14,2025,July,Sunday
27/07/2025 15:00,27/07/2025,15,2025,July,Sunday
27/07/2025 16:00,27/07/2025,16,2025,July,Sunday
27/07/2025 17:00,27/07/2025,17,2025,July,Sunday
27/07/2025 18:00,27/07/2025,18,2025,July,Sunday
27/07/2025 19:00,27/07/2025,19,2025,July,Sunday
27/07/2025 20:00,27/07/2025,20,2025,July,Sunday
27/07/2025 21:00,27/07/2025,21,2025,July,Sunday
27/07/2025 22:00,27/07/2025,22,2025,July,Sunday
27/07/2025 23:00,27/07/2025,23,2025,July,Sunday
28/07/2025 0:00,28/07/2025,0,2025,July,Monday
28/07/2025 1:00,28/07/2025,1,2025,July,Monday
28/07/2025 2:00,28/07/2025,2,2025,July,Monday
28/07/2025 3:00,28/07/2025,3,2025,July,Monday
28/07/2025 4:00,28/07/2025,4,2025,July,Monday
28/07/2025 5:00,28/07/2025,5,2025,July,Monday
28/07/2025 6:00,28/07/2025,6,2025,July,Monday
28/07/2025 7:00,28/07/2025,7,2025,July,Monday
28/07/2025 8:00,28/07/2025,8,2025,July,Monday
28/07/2025 9:00,28/07/2025,9,2025,July,Monday
28/07/2025 10:00,28/07/2025,10,2025,July,Monday
28/07/2025 11:00,28/07/2025,11,2025,July,Monday
28/07/2025 12:00,28/07/2025,12,2025,July,Monday
28/07/2025 13:00,28/07/2025,13,2025,July,Monday
28/07/2025 14:00,28/07/2025,14,2025,July,Monday
28/07/2025 15:00,28/07/2025,15,2025,July,Monday
28/07/2025 16:00,28/07/2025,16,2025,July,Monday
28/07/2025 17:00,28/07/2025,17,2025,July,Monday
28/07/2025 18:00,28/07/2025,18,2025,July,Monday
28/07/2025 19:00,28/07/2025,19,2025,July,Monday
28/07/2025 20:00,28/07/2025,20,2025,July,Monday
28/07/2025 21:00,28/07/2025,21,2025,July,Monday
28/07/2025 22:00,28/07/2025,22,2025,July,Monday
28/07/2025 23:00,28/07/2025,23,2025,July,Monday
29/07/2025 0:00,29/07/2025,0,2025,July,Tuesday
29/07/2025 1:00,29/07/2025,1,2025,July,Tuesday
29/07/2025 2:00,29/07/2025,2,2025,July,Tuesday
29/07/2025 3:00,29/07/2025,3,2025,July,Tuesday
29/07/2025 4:00,29/07/2025,4,2025,July,Tuesday
29/07/2025 5:00,29/07/2025,5,2025,July,Tuesday
29/07/2025 6:00,29/07/2025,6,2025,July,Tuesday
29/07/2025 7:00,29/07/2025,7,2025,July,Tuesday
29/07/2025 8:00,29/07/2025,8,2025,July,Tuesday
29/07/2025 9:00,29/07/2025,9,2025,July,Tuesday
29/07/2025 10:00,29/07/2025,10,2025,July,Tuesday
29/07/2025 11:00,29/07/2025,11,2025,July,Tuesday
29/07/2025 12:00,29/07/2025,12,2025,July,Tuesday
29/07/2025 13:00,29/07/2025,13,2025,July,Tuesday
29/07/2025 14:00,29/07/2025,14,2025,July,Tuesday
29/07/2025 15:00,29/07/2025,15,2025,July,Tuesday
29/07/2025 16:00,29/07/2025,16,2025,July,Tuesday
29/07/2025 17:00,29/07/2025,17,2025,July,Tuesday
29/07/2025 18:00,29/07/2025,18,2025,July,Tuesday
29/07/2025 19:00,29/07/2025,19,2025,July,Tuesday
29/07/2025 20:00,29/07/2025,20,2025,July,Tuesday
29/07/2025 21:00,29/07/2025,21,2025,July,Tuesday
29/07/2025 22:00,29/07/2025,22,2025,July,Tuesday
29/07/2025 23:00,29/07/2025,23,2025,July,Tuesday
30/07/2025 0:00,30/07/2025,0,2025,July,Wednesday
30/07/2025 1:00,30/07/2025,1,2025,July,Wednesday
30/07/2025 2:00,30/07/2025,2,2025,July,Wednesday
30/07/2025 3:00,30/07/2025,3,2025,July,Wednesday
30/07/2025 4:00,30/07/2025,4,2025,July,Wednesday
30/07/2025 5:00,30/07/2025,5,2025,July,Wednesday
30/07/2025 6:00,30/07/2025,6,2025,July,Wednesday
30/07/2025 7:00,30/07/2025,7,2025,July,Wednesday
30/07/2025 8:00,30/07/2025,8,2025,July,Wednesday
30/07/2025 9:00,30/07/2025,9,2025,July,Wednesday
30/07/2025 10:00,30/07/2025,10,2025,July,Wednesday
30/07/2025 11:00,30/07/2025,11,2025,July,Wednesday
30/07/2025 12:00,30/07/2025,12,2025,July,Wednesday
30/07/2025 13:00,30/07/2025,13,2025,July,Wednesday
30/07/2025 14:00,30/07/2025,14,2025,July,Wednesday
30/07/2025 15:00,30/07/2025,15,2025,July,Wednesday
30/07/2025 16:00,30/07/2025,16,2025,July,Wednesday
30/07/2025 17:00,30/07/2025,17,2025,July,Wednesday
30/07/2025 18:00,30/07/2025,18,2025,July,Wednesday
30/07/2025 19:00,30/07/2025,19,2025,July,Wednesday
30/07/2025 20:00,30/07/2025,20,2025,July,Wednesday
30/07/2025 21:00,30/07/2025,21,2025,July,Wednesday
30/07/2025 22:00,30/07/2025,22,2025,July,Wednesday
30/07/2025 23:00,30/07/2025,23,2025,July,Wednesday
31/07/2025 0:00,31/07/2025,0,2025,July,Thursday
31/07/2025 1:00,31/07/2025,1,2025,July,Thursday
31/07/2025 2:00,31/07/2025,2,2025,July,Thursday
31/07/2025 3:00,31/07/2025,3,2025,July,Thursday
31/07/2025 4:00,31/07/2025,4,2025,July,Thursday
31/07/2025 5:00,31/07/2025,5,2025,July,Thursday
31/07/2025 6:00,31/07/2025,6,2025,July,Thursday
31/07/2025 7:00,31/07/2025,7,2025,July,Thursday
31/07/2025 8:00,31/07/2025,8,2025,July,Thursday
31/07/2025 9:00,31/07/2025,9,2025,July,Thursday
31/07/2025 10:00,31/07/2025,10,2025,July,Thursday
31/07/2025 11:00,31/07/2025,11,2025,July,Thursday
31/07/2025 12:00,31/07/2025,12,2025,July,Thursday
31/07/2025 13:00,31/07/2025,13,2025,July,Thursday
31/07/2025 14:00,31/07/2025,14,2025,July,Thursday
31/07/2025 15:00,31/07/2025,15,2025,July,Thursday
31/07/2025 16:00,31/07/2025,16,2025,July,Thursday
31/07/2025 17:00,31/07/2025,17,2025,July,Thursday
31/07/2025 18:00,31/07/2025,18,2025,July,Thursday
31/07/2025 19:00,31/07/2025,19,2025,July,Thursday
31/07/2025 20:00,31/07/2025,20,2025,July,Thursday
31/07/2025 21:00,31/07/2025,21,2025,July,Thursday
31/07/2025 22:00,31/07/2025,22,2025,July,Thursday
31/07/2025 23:00,31/07/2025,23,2025,July,Thursday
01/08/2025 0:00,01/08/2025,0,2025,August,Friday
01/08/2025 1:00,01/08/2025,1,2025,August,Friday
01/08/2025 2:00,01/08/2025,2,2025,August,Friday
01/08/2025 3:00,01/08/2025,3,2025,August,Friday
01/08/2025 4:00,01/08/2025,4,2025,August,Friday
01/08/2025 5:00,01/08/2025,5,2025,August,Friday
01/08/2025 6:00,01/08/2025,6,2025,August,Friday
01/08/2025 7:00,01/08/2025,7,2025,August,Friday
01/08/2025 8:00,01/08/2025,8,2025,August,Friday
01/08/2025 9:00,01/08/2025,9,2025,August,Friday
01/08/2025 10:00,01/08/2025,10,2025,August,Friday
01/08/2025 11:00,01/08/2025,11,2025,August,Friday
01/08/2025 12:00,01/08/2025,12,2025,August,Friday
01/08/2025 14:00,01/08/2025,14,2025,August,Friday
01/08/2025 15:00,01/08/2025,15,2025,August,Friday
01/08/2025 16:00,01/08/2025,16,2025,August,Friday
01/08/2025 17:00,01/08/2025,17,2025,August,Friday
01/08/2025 18:00,01/08/2025,18,2025,August,Friday
01/08/2025 19:00,01/08/2025,19,2025,August,Friday
01/08/2025 20:00,01/08/2025,20,2025,August,Friday
01/08/2025 21:00,01/08/2025,21,2025,August,Friday
01/08/2025 22:00,01/08/2025,22,2025,August,Friday
01/08/2025 23:00,01/08/2025,23,2025,August,Friday
02/08/2025 0:00,02/08/2025,0,2025,August,Saturday
02/08/2025 1:00,02/08/2025,1,2025,August,Saturday
02/08/2025 2:00,02/08/2025,2,2025,August,Saturday
02/08/2025 3:00,02/08/2025,3,2025,August,Saturday
02/08/2025 4:00,02/08/2025,4,2025,August,Saturday
02/08/2025 5:00,02/08/2025,5,2025,August,Saturday
02/08/2025 6:00,02/08/2025,6,2025,August,Saturday
02/08/2025 7:00,02/08/2025,7,2025,August,Saturday
02/08/2025 8:00,02/08/2025,8,2025,August,Saturday
02/08/2025 9:00,02/08/2025,9,2025,August,Saturday
02/08/2025 10:00,02/08/2025,10,2025,August,Saturday
02/08/2025 11:00,02/08/2025,11,2025,August,Saturday
02/08/2025 12:00,02/08/2025,12,2025,August,Saturday
02/08/2025 13:00,02/08/2025,13,2025,August,Saturday
02/08/2025 14:00,02/08/2025,14,2025,August,Saturday
02/08/2025 15:00,02/08/2025,15,2025,August,Saturday
02/08/2025 16:00,02/08/2025,16,2025,August,Saturday
02/08/2025 17:00,02/08/2025,17,2025,August,Saturday
02/08/2025 18:00,02/08/2025,18,2025,August,Saturday
02/08/2025 19:00,02/08/2025,19,2025,August,Saturday
02/08/2025 20:00,02/08/2025,20,2025,August,Saturday
02/08/2025 21:00,02/08/2025,21,2025,August,Saturday
02/08/2025 22:00,02/08/2025,22,2025,August,Saturday
02/08/2025 23:00,02/08/2025,23,2025,August,Saturday
03/08/2025 0:00,03/08/2025,0,2025,August,Sunday
03/08/2025 1:00,03/08/2025,1,2025,August,Sunday
03/08/2025 2:00,03/08/2025,2,2025,August,Sunday
03/08/2025 3:00,03/08/2025,3,2025,August,Sunday
03/08/2025 4:00,03/08/2025,4,2025,August,Sunday
03/08/2025 5:00,03/08/2025,5,2025,August,Sunday
03/08/2025 6:00,03/08/2025,6,2025,August,Sunday
03/08/2025 7:00,03/08/2025,7,2025,August,Sunday
03/08/2025 8:00,03/08/2025,8,2025,August,Sunday
03/08/2025 9:00,03/08/2025,9,2025,August,Sunday
03/08/2025 10:00,03/08/2025,10,2025,August,Sunday
03/08/2025 11:00,03/08/2025,11,2025,August,Sunday
03/08/2025 12:00,03/08/2025,12,2025,August,Sunday
03/08/2025 13:00,03/08/2025,13,2025,August,Sunday
03/08/2025 14:00,03/08/2025,14,2025,August,Sunday
03/08/2025 15:00,03/08/2025,15,2025,August,Sunday
03/08/2025 16:00,03/08/2025,16,2025,August,Sunday
03/08/2025 17:00,03/08/2025,17,2025,August,Sunday
03/08/2025 18:00,03/08/2025,18,2025,August,Sunday
03/08/2025 19:00,03/08/2025,19,2025,August,Sunday
03/08/2025 20:00,03/08/2025,20,2025,August,Sunday
03/08/2025 21:00,03/08/2025,21,2025,August,Sunday
03/08/2025 22:00,03/08/2025,22,2025,August,Sunday
03/08/2025 23:00,03/08/2025,23,2025,August,Sunday
04/08/2025 0:00,04/08/2025,0,2025,August,Monday
04/08/2025 1:00,04/08/2025,1,2025,August,Monday
04/08/2025 2:00,04/08/2025,2,2025,August,Monday
04/08/2025 3:00,04/08/2025,3,2025,August,Monday
04/08/2025 4:00,04/08/2025,4,2025,August,Monday
04/08/2025 5:00,04/08/2025,5,2025,August,Monday
04/08/2025 6:00,04/08/2025,6,2025,August,Monday
04/08/2025 7:00,04/08/2025,7,2025,August,Monday
04/08/2025 8:00,04/08/2025,8,2025,August,Monday
04/08/2025 9:00,04/08/2025,9,2025,August,Monday
04/08/2025 10:00,04/08/2025,10,2025,August,Monday
04/08/2025 11:00,04/08/2025,11,2025,August,Monday
04/08/2025 12:00,04/08/2025,12,2025,August,Monday
04/08/2025 13:00,04/08/2025,13,2025,August,Monday
04/08/2025 14:00,04/08/2025,14,2025,August,Monday
04/08/2025 15:00,04/08/2025,15,2025,August,Monday
04/08/2025 16:00,04/08/2025,16,2025,August,Monday
04/08/2025 17:00,04/08/2025,17,2025,August,Monday
04/08/2025 18:00,04/08/2025,18,2025,August,Monday
04/08/2025 19:00,04/08/2025,19,2025,August,Monday
04/08/2025 20:00,04/08/2025,20,2025,August,Monday
04/08/2025 21:00,04/08/2025,21,2025,August,Monday
04/08/2025 22:00,04/08/2025,22,2025,August,Monday
04/08/2025 23:00,04/08/2025,23,2025,August,Monday
05/08/2025 0:00,05/08/2025,0,2025,August,Tuesday
05/08/2025 1:00,05/08/2025,1,2025,August,Tuesday
05/08/2025 2:00,05/08/2025,2,2025,August,Tuesday
05/08/2025 3:00,05/08/2025,3,2025,August,Tuesday
05/08/2025 4:00,05/08/2025,4,2025,August,Tuesday
05/08/2025 5:00,05/08/2025,5,2025,August,Tuesday
05/08/2025 6:00,05/08/2025,6,2025,August,Tuesday
05/08/2025 7:00,05/08/2025,7,2025,August,Tuesday
05/08/2025 8:00,05/08/2025,8,2025,August,Tuesday
05/08/2025 9:00,05/08/2025,9,2025,August,Tuesday
05/08/2025 10:00,05/08/2025,10,2025,August,Tuesday
05/08/2025 11:00,05/08/2025,11,2025,August,Tuesday
05/08/2025 12:00,05/08/2025,12,2025,August,Tuesday
05/08/2025 13:00,05/08/2025,13,2025,August,Tuesday
05/08/2025 14:00,05/08/2025,14,2025,August,Tuesday
05/08/2025 15:00,05/08/2025,15,2025,August,Tuesday
05/08/2025 16:00,05/08/2025,16,2025,August,Tuesday
05/08/2025 17:00,05/08/2025,17,2025,August,Tuesday
05/08/2025 18:00,05/08/2025,18,2025,August,Tuesday
05/08/2025 19:00,05/08/2025,19,2025,August,Tuesday
05/08/2025 20:00,05/08/2025,20,2025,August,Tuesday
05/08/2025 21:00,05/08/2025,21,2025,August,Tuesday
05/08/2025 22:00,05/08/2025,22,2025,August,Tuesday
05/08/2025 23:00,05/08/2025,23,2025,August,Tuesday
06/08/2025 0:00,06/08/2025,0,2025,August,Wednesday
06/08/2025 1:00,06/08/2025,1,2025,August,Wednesday
06/08/2025 2:00,06/08/2025,2,2025,August,Wednesday
06/08/2025 3:00,06/08/2025,3,2025,August,Wednesday
06/08/2025 4:00,06/08/2025,4,2025,August,Wednesday
06/08/2025 5:00,06/08/2025,5,2025,August,Wednesday
06/08/2025 6:00,06/08/2025,6,2025,August,Wednesday
06/08/2025 7:00,06/08/2025,7,2025,August,Wednesday
06/08/2025 8:00,06/08/2025,8,2025,August,Wednesday
06/08/2025 9:00,06/08/2025,9,2025,August,Wednesday
06/08/2025 10:00,06/08/2025,10,2025,August,Wednesday
06/08/2025 11:00,06/08/2025,11,2025,August,Wednesday
06/08/2025 12:00,06/08/2025,12,2025,August,Wednesday
06/08/2025 13:00,06/08/2025,13,2025,August,Wednesday
06/08/2025 14:00,06/08/2025,14,2025,August,Wednesday
06/08/2025 15:00,06/08/2025,15,2025,August,Wednesday
06/08/2025 16:00,06/08/2025,16,2025,August,Wednesday
06/08/2025 17:00,06/08/2025,17,2025,August,Wednesday
06/08/2025 18:00,06/08/2025,18,2025,August,Wednesday
06/08/2025 19:00,06/08/2025,19,2025,August,Wednesday
06/08/2025 20:00,06/08/2025,20,2025,August,Wednesday
06/08/2025 21:00,06/08/2025,21,2025,August,Wednesday
06/08/2025 22:00,06/08/2025,22,2025,August,Wednesday
06/08/2025 23:00,06/08/2025,23,2025,August,Wednesday
07/08/2025 0:00,07/08/2025,0,2025,August,Thursday
07/08/2025 1:00,07/08/2025,1,2025,August,Thursday
07/08/2025 2:00,07/08/2025,2,2025,August,Thursday
07/08/2025 3:00,07/08/2025,3,2025,August,Thursday
07/08/2025 4:00,07/08/2025,4,2025,August,Thursday
07/08/2025 5:00,07/08/2025,5,2025,August,Thursday
07/08/2025 6:00,07/08/2025,6,2025,August,Thursday
07/08/2025 7:00,07/08/2025,7,2025,August,Thursday
07/08/2025 8:00,07/08/2025,8,2025,August,Thursday
07/08/2025 9:00,07/08/2025,9,2025,August,Thursday
07/08/2025 10:00,07/08/2025,10,2025,August,Thursday
07/08/2025 11:00,07/08/2025,11,2025,August,Thursday
07/08/2025 12:00,07/08/2025,12,2025,August,Thursday
07/08/2025 13:00,07/08/2025,13,2025,August,Thursday
07/08/2025 14:00,07/08/2025,14,2025,August,Thursday
07/08/2025 15:00,07/08/2025,15,2025,August,Thursday
07/08/2025 16:00,07/08/2025,16,2025,August,Thursday
07/08/2025 17:00,07/08/2025,17,2025,August,Thursday
07/08/2025 18:00,07/08/2025,18,2025,August,Thursday
07/08/2025 19:00,07/08/2025,19,2025,August,Thursday
07/08/2025 20:00,07/08/2025,20,2025,August,Thursday
07/08/2025 21:00,07/08/2025,21,2025,August,Thursday
07/08/2025 22:00,07/08/2025,22,2025,August,Thursday
07/08/2025 23:00,07/08/2025,23,2025,August,Thursday
08/08/2025 0:00,08/08/2025,0,2025,August,Friday
08/08/2025 1:00,08/08/2025,1,2025,August,Friday
08/08/2025 2:00,08/08/2025,2,2025,August,Friday
08/08/2025 3:00,08/08/2025,3,2025,August,Friday
08/08/2025 4:00,08/08/2025,4,2025,August,Friday
08/08/2025 5:00,08/08/2025,5,2025,August,Friday
08/08/2025 6:00,08/08/2025,6,2025,August,Friday
08/08/2025 7:00,08/08/2025,7,2025,August,Friday
08/08/2025 8:00,08/08/2025,8,2025,August,Friday
08/08/2025 9:00,08/08/2025,9,2025,August,Friday
08/08/2025 10:00,08/08/2025,10,2025,August,Friday
08/08/2025 11:00,08/08/2025,11,2025,August,Friday
08/08/2025 12:00,08/08/2025,12,2025,August,Friday
08/08/2025 13:00,08/08/2025,13,2025,August,Friday
08/08/2025 14:00,08/08/2025,14,2025,August,Friday
08/08/2025 15:00,08/08/2025,15,2025,August,Friday
08/08/2025 16:00,08/08/2025,16,2025,August,Friday
08/08/2025 17:00,08/08/2025,17,2025,August,Friday
08/08/2025 18:00,08/08/2025,18,2025,August,Friday
08/08/2025 19:00,08/08/2025,19,2025,August,Friday
08/08/2025 20:00,08/08/2025,20,2025,August,Friday
08/08/2025 21:00,08/08/2025,21,2025,August,Friday
08/08/2025 22:00,08/08/2025,22,2025,August,Friday
08/08/2025 23:00,08/08/2025,23,2025,August,Friday
09/08/2025 0:00,09/08/2025,0,2025,August,Saturday
09/08/2025 1:00,09/08/2025,1,2025,August,Saturday
09/08/2025 2:00,09/08/2025,2,2025,August,Saturday
09/08/2025 3:00,09/08/2025,3,2025,August,Saturday
09/08/2025 4:00,09/08/2025,4,2025,August,Saturday
09/08/2025 5:00,09/08/2025,5,2025,August,Saturday
09/08/2025 6:00,09/08/2025,6,2025,August,Saturday
09/08/2025 7:00,09/08/2025,7,2025,August,Saturday
09/08/2025 8:00,09/08/2025,8,2025,August,Saturday
09/08/2025 9:00,09/08/2025,9,2025,August,Saturday
09/08/2025 10:00,09/08/2025,10,2025,August,Saturday
09/08/2025 11:00,09/08/2025,11,2025,August,Saturday
09/08/2025 12:00,09/08/2025,12,2025,August,Saturday
09/08/2025 13:00,09/08/2025,13,2025,August,Saturday
09/08/2025 14:00,09/08/2025,14,2025,August,Saturday
09/08/2025 15:00,09/08/2025,15,2025,August,Saturday
09/08/2025 16:00,09/08/2025,16,2025,August,Saturday
09/08/2025 17:00,09/08/2025,17,2025,August,Saturday
09/08/2025 18:00,09/08/2025,18,2025,August,Saturday
09/08/2025 19:00,09/08/2025,19,2025,August,Saturday
09/08/2025 20:00,09/08/2025,20,2025,August,Saturday
09/08/2025 21:00,09/08/2025,21,2025,August,Saturday
09/08/2025 22:00,09/08/2025,22,2025,August,Saturday
09/08/2025 23:00,09/08/2025,23,2025,August,Saturday
10/08/2025 0:00,10/08/2025,0,2025,August,Sunday
10/08/2025 1:00,10/08/2025,1,2025,August,Sunday
10/08/2025 2:00,10/08/2025,2,2025,August,Sunday
10/08/2025 3:00,10/08/2025,3,2025,August,Sunday
10/08/2025 4:00,10/08/2025,4,2025,August,Sunday
10/08/2025 5:00,10/08/2025,5,2025,August,Sunday
10/08/2025 6:00,10/08/2025,6,2025,August,Sunday
10/08/2025 7:00,10/08/2025,7,2025,August,Sunday
10/08/2025 8:00,10/08/2025,8,2025,August,Sunday
10/08/2025 9:00,10/08/2025,9,2025,August,Sunday
10/08/2025 10:00,10/08/2025,10,2025,August,Sunday
10/08/2025 11:00,10/08/2025,11,2025,August,Sunday
10/08/2025 12:00,10/08/2025,12,2025,August,Sunday
10/08/2025 13:00,10/08/2025,13,2025,August,Sunday
10/08/2025 14:00,10/08/2025,14,2025,August,Sunday
10/08/2025 15:00,10/08/2025,15,2025,August,Sunday
10/08/2025 16:00,10/08/2025,16,2025,August,Sunday
10/08/2025 17:00,10/08/2025,17,2025,August,Sunday
10/08/2025 18:00,10/08/2025,18,2025,August,Sunday
10/08/2025 19:00,10/08/2025,19,2025,August,Sunday
10/08/2025 20:00,10/08/2025,20,2025,August,Sunday
10/08/2025 21:00,10/08/2025,21,2025,August,Sunday
10/08/2025 22:00,10/08/2025,22,2025,August,Sunday
10/08/2025 23:00,10/08/2025,23,2025,August,Sunday
11/08/2025 0:00,11/08/2025,0,2025,August,Monday
11/08/2025 1:00,11/08/2025,1,2025,August,Monday
11/08/2025 2:00,11/08/2025,2,2025,August,Monday
11/08/2025 3:00,11/08/2025,3,2025,August,Monday
11/08/2025 4:00,11/08/2025,4,2025,August,Monday
11/08/2025 5:00,11/08/2025,5,2025,August,Monday
11/08/2025 6:00,11/08/2025,6,2025,August,Monday
11/08/2025 7:00,11/08/2025,7,2025,August,Monday
11/08/2025 8:00,11/08/2025,8,2025,August,Monday
11/08/2025 9:00,11/08/2025,9,2025,August,Monday
11/08/2025 10:00,11/08/2025,10,2025,August,Monday
11/08/2025 11:00,11/08/2025,11,2025,August,Monday
11/08/2025 12:00,11/08/2025,12,2025,August,Monday
11/08/2025 13:00,11/08/2025,13,2025,August,Monday
11/08/2025 14:00,11/08/2025,14,2025,August,Monday
11/08/2025 15:00,11/08/2025,15,2025,August,Monday
11/08/2025 16:00,11/08/2025,16,2025,August,Monday
11/08/2025 17:00,11/08/2025,17,2025,August,Monday
11/08/2025 18:00,11/08/2025,18,2025,August,Monday
11/08/2025 19:00,11/08/2025,19,2025,August,Monday
11/08/2025 20:00,11/08/2025,20,2025,August,Monday
11/08/2025 21:00,11/08/2025,21,2025,August,Monday
11/08/2025 22:00,11/08/2025,22,2025,August,Monday
11/08/2025 23:00,11/08/2025,23,2025,August,Monday
12/08/2025 0:00,12/08/2025,0,2025,August,Tuesday
12/08/2025 1:00,12/08/2025,1,2025,August,Tuesday
12/08/2025 2:00,12/08/2025,2,2025,August,Tuesday
12/08/2025 3:00,12/08/2025,3,2025,August,Tuesday
12/08/2025 4:00,12/08/2025,4,2025,August,Tuesday
12/08/2025 5:00,12/08/2025,5,2025,August,Tuesday
12/08/2025 6:00,12/08/2025,6,2025,August,Tuesday
12/08/2025 7:00,12/08/2025,7,2025,August,Tuesday
12/08/2025 8:00,12/08/2025,8,2025,August,Tuesday
12/08/2025 9:00,12/08/2025,9,2025,August,Tuesday
12/08/2025 10:00,12/08/2025,10,2025,August,Tuesday
12/08/2025 11:00,12/08/2025,11,2025,August,Tuesday
12/08/2025 12:00,12/08/2025,12,2025,August,Tuesday
12/08/2025 13:00,12/08/2025,13,2025,August,Tuesday
12/08/2025 14:00,12/08/2025,14,2025,August,Tuesday
12/08/2025 15:00,12/08/2025,15,2025,August,Tuesday
12/08/2025 16:00,12/08/2025,16,2025,August,Tuesday
12/08/2025 17:00,12/08/2025,17,2025,August,Tuesday
12/08/2025 18:00,12/08/2025,18,2025,August,Tuesday
12/08/2025 19:00,12/08/2025,19,2025,August,Tuesday
12/08/2025 20:00,12/08/2025,20,2025,August,Tuesday
12/08/2025 21:00,12/08/2025,21,2025,August,Tuesday
12/08/2025 22:00,12/08/2025,22,2025,August,Tuesday
12/08/2025 23:00,12/08/2025,23,2025,August,Tuesday
13/08/2025 0:00,13/08/2025,0,2025,August,Wednesday
13/08/2025 1:00,13/08/2025,1,2025,August,Wednesday
13/08/2025 2:00,13/08/2025,2,2025,August,Wednesday
13/08/2025 3:00,13/08/2025,3,2025,August,Wednesday
13/08/2025 4:00,13/08/2025,4,2025,August,Wednesday
13/08/2025 5:00,13/08/2025,5,2025,August,Wednesday
13/08/2025 6:00,13/08/2025,6,2025,August,Wednesday
13/08/2025 7:00,13/08/2025,7,2025,August,Wednesday
13/08/2025 8:00,13/08/2025,8,2025,August,Wednesday
13/08/2025 9:00,13/08/2025,9,2025,August,Wednesday
13/08/2025 10:00,13/08/2025,10,2025,August,Wednesday
13/08/2025 11:00,13/08/2025,11,2025,August,Wednesday
13/08/2025 12:00,13/08/2025,12,2025,August,Wednesday
13/08/2025 13:00,13/08/2025,13,2025,August,Wednesday
13/08/2025 14:00,13/08/2025,14,2025,August,Wednesday
13/08/2025 15:00,13/08/2025,15,2025,August,Wednesday
13/08/2025 16:00,13/08/2025,16,2025,August,Wednesday
13/08/2025 17:00,13/08/2025,17,2025,August,Wednesday
13/08/2025 18:00,13/08/2025,18,2025,August,Wednesday
13/08/2025 19:00,13/08/2025,19,2025,August,Wednesday
13/08/2025 20:00,13/08/2025,20,2025,August,Wednesday
13/08/2025 21:00,13/08/2025,21,2025,August,Wednesday
13/08/2025 22:00,13/08/2025,22,2025,August,Wednesday
13/08/2025 23:00,13/08/2025,23,2025,August,Wednesday
14/08/2025 0:00,14/08/2025,0,2025,August,Thursday
14/08/2025 1:00,14/08/2025,1,2025,August,Thursday
14/08/2025 2:00,14/08/2025,2,2025,August,Thursday
14/08/2025 3:00,14/08/2025,3,2025,August,Thursday
14/08/2025 4:00,14/08/2025,4,2025,August,Thursday
14/08/2025 5:00,14/08/2025,5,2025,August,Thursday
14/08/2025 6:00,14/08/2025,6,2025,August,Thursday
14/08/2025 7:00,14/08/2025,7,2025,August,Thursday
14/08/2025 8:00,14/08/2025,8,2025,August,Thursday
14/08/2025 9:00,14/08/2025,9,2025,August,Thursday
14/08/2025 10:00,14/08/2025,10,2025,August,Thursday
14/08/2025 11:00,14/08/2025,11,2025,August,Thursday
14/08/2025 12:00,14/08/2025,12,2025,August,Thursday
14/08/2025 13:00,14/08/2025,13,2025,August,Thursday
14/08/2025 14:00,14/08/2025,14,2025,August,Thursday
14/08/2025 15:00,14/08/2025,15,2025,August,Thursday
14/08/2025 16:00,14/08/2025,16,2025,August,Thursday
14/08/2025 17:00,14/08/2025,17,2025,August,Thursday
14/08/2025 18:00,14/08/2025,18,2025,August,Thursday
14/08/2025 19:00,14/08/2025,19,2025,August,Thursday
14/08/2025 20:00,14/08/2025,20,2025,August,Thursday
14/08/2025 21:00,14/08/2025,21,2025,August,Thursday
14/08/2025 22:00,14/08/2025,22,2025,August,Thursday
14/08/2025 23:00,14/08/2025,23,2025,August,Thursday
15/08/2025 0:00,15/08/2025,0,2025,August,Friday
15/08/2025 1:00,15/08/2025,1,2025,August,Friday
15/08/2025 2:00,15/08/2025,2,2025,August,Friday
15/08/2025 3:00,15/08/2025,3,2025,August,Friday
15/08/2025 4:00,15/08/2025,4,2025,August,Friday
15/08/2025 5:00,15/08/2025,5,2025,August,Friday
15/08/2025 6:00,15/08/2025,6,2025,August,Friday
15/08/2025 7:00,15/08/2025,7,2025,August,Friday
15/08/2025 8:00,15/08/2025,8,2025,August,Friday
15/08/2025 9:00,15/08/2025,9,2025,August,Friday
15/08/2025 10:00,15/08/2025,10,2025,August,Friday
15/08/2025 11:00,15/08/2025,11,2025,August,Friday
15/08/2025 12:00,15/08/2025,12,2025,August,Friday
15/08/2025 13:00,15/08/2025,13,2025,August,Friday
15/08/2025 14:00,15/08/2025,14,2025,August,Friday
15/08/2025 15:00,15/08/2025,15,2025,August,Friday
15/08/2025 16:00,15/08/2025,16,2025,August,Friday
15/08/2025 17:00,15/08/2025,17,2025,August,Friday
15/08/2025 18:00,15/08/2025,18,2025,August,Friday
15/08/2025 19:00,15/08/2025,19,2025,August,Friday
15/08/2025 20:00,15/08/2025,20,2025,August,Friday
15/08/2025 21:00,15/08/2025,21,2025,August,Friday
15/08/2025 22:00,15/08/2025,22,2025,August,Friday
15/08/2025 23:00,15/08/2025,23,2025,August,Friday
16/08/2025 0:00,16/08/2025,0,2025,August,Saturday
16/08/2025 1:00,16/08/2025,1,2025,August,Saturday
16/08/2025 2:00,16/08/2025,2,2025,August,Saturday
16/08/2025 3:00,16/08/2025,3,2025,August,Saturday
16/08/2025 4:00,16/08/2025,4,2025,August,Saturday
16/08/2025 5:00,16/08/2025,5,2025,August,Saturday
16/08/2025 6:00,16/08/2025,6,2025,August,Saturday
16/08/2025 7:00,16/08/2025,7,2025,August,Saturday
16/08/2025 8:00,16/08/2025,8,2025,August,Saturday
16/08/2025 9:00,16/08/2025,9,2025,August,Saturday
16/08/2025 10:00,16/08/2025,10,2025,August,Saturday
16/08/2025 11:00,16/08/2025,11,2025,August,Saturday
16/08/2025 12:00,16/08/2025,12,2025,August,Saturday
16/08/2025 13:00,16/08/2025,13,2025,August,Saturday
16/08/2025 14:00,16/08/2025,14,2025,August,Saturday
16/08/2025 15:00,16/08/2025,15,2025,August,Saturday
16/08/2025 16:00,16/08/2025,16,2025,August,Saturday
16/08/2025 17:00,16/08/2025,17,2025,August,Saturday
16/08/2025 18:00,16/08/2025,18,2025,August,Saturday
16/08/2025 19:00,16/08/2025,19,2025,August,Saturday
16/08/2025 20:00,16/08/2025,20,2025,August,Saturday
16/08/2025 21:00,16/08/2025,21,2025,August,Saturday
16/08/2025 22:00,16/08/2025,22,2025,August,Saturday
16/08/2025 23:00,16/08/2025,23,2025,August,Saturday
17/08/2025 0:00,17/08/2025,0,2025,August,Sunday
17/08/2025 1:00,17/08/2025,1,2025,August,Sunday
17/08/2025 2:00,17/08/2025,2,2025,August,Sunday
17/08/2025 3:00,17/08/2025,3,2025,August,Sunday
17/08/2025 4:00,17/08/2025,4,2025,August,Sunday
17/08/2025 6:00,17/08/2025,6,2025,August,Sunday
17/08/2025 7:00,17/08/2025,7,2025,August,Sunday
17/08/2025 8:00,17/08/2025,8,2025,August,Sunday
17/08/2025 9:00,17/08/2025,9,2025,August,Sunday
17/08/2025 10:00,17/08/2025,10,2025,August,Sunday
17/08/2025 11:00,17/08/2025,11,2025,August,Sunday
17/08/2025 12:00,17/08/2025,12,2025,August,Sunday
17/08/2025 13:00,17/08/2025,13,2025,August,Sunday
17/08/2025 14:00,17/08/2025,14,2025,August,Sunday
17/08/2025 15:00,17/08/2025,15,2025,August,Sunday
17/08/2025 16:00,17/08/2025,16,2025,August,Sunday
17/08/2025 17:00,17/08/2025,17,2025,August,Sunday
17/08/2025 18:00,17/08/2025,18,2025,August,Sunday
17/08/2025 19:00,17/08/2025,19,2025,August,Sunday
17/08/2025 20:00,17/08/2025,20,2025,August,Sunday
17/08/2025 21:00,17/08/2025,21,2025,August,Sunday
17/08/2025 22:00,17/08/2025,22,2025,August,Sunday
17/08/2025 23:00,17/08/2025,23,2025,August,Sunday
18/08/2025 0:00,18/08/2025,0,2025,August,Monday
18/08/2025 1:00,18/08/2025,1,2025,August,Monday
18/08/2025 2:00,18/08/2025,2,2025,August,Monday
18/08/2025 3:00,18/08/2025,3,2025,August,Monday
18/08/2025 4:00,18/08/2025,4,2025,August,Monday
18/08/2025 5:00,18/08/2025,5,2025,August,Monday
18/08/2025 6:00,18/08/2025,6,2025,August,Monday
18/08/2025 7:00,18/08/2025,7,2025,August,Monday
18/08/2025 8:00,18/08/2025,8,2025,August,Monday
18/08/2025 9:00,18/08/2025,9,2025,August,Monday
18/08/2025 10:00,18/08/2025,10,2025,August,Monday
18/08/2025 11:00,18/08/2025,11,2025,August,Monday
18/08/2025 12:00,18/08/2025,12,2025,August,Monday
18/08/2025 13:00,18/08/2025,13,2025,August,Monday
18/08/2025 14:00,18/08/2025,14,2025,August,Monday
18/08/2025 15:00,18/08/2025,15,2025,August,Monday
18/08/2025 16:00,18/08/2025,16,2025,August,Monday
18/08/2025 17:00,18/08/2025,17,2025,August,Monday
18/08/2025 18:00,18/08/2025,18,2025,August,Monday
18/08/2025 19:00,18/08/2025,19,2025,August,Monday
18/08/2025 20:00,18/08/2025,20,2025,August,Monday
18/08/2025 21:00,18/08/2025,21,2025,August,Monday
18/08/2025 22:00,18/08/2025,22,2025,August,Monday
18/08/2025 23:00,18/08/2025,23,2025,August,Monday
19/08/2025 0:00,19/08/2025,0,2025,August,Tuesday
19/08/2025 1:00,19/08/2025,1,2025,August,Tuesday
19/08/2025 2:00,19/08/2025,2,2025,August,Tuesday
19/08/2025 3:00,19/08/2025,3,2025,August,Tuesday
19/08/2025 4:00,19/08/2025,4,2025,August,Tuesday
19/08/2025 5:00,19/08/2025,5,2025,August,Tuesday
19/08/2025 6:00,19/08/2025,6,2025,August,Tuesday
19/08/2025 7:00,19/08/2025,7,2025,August,Tuesday
19/08/2025 8:00,19/08/2025,8,2025,August,Tuesday
19/08/2025 9:00,19/08/2025,9,2025,August,Tuesday
19/08/2025 10:00,19/08/2025,10,2025,August,Tuesday
19/08/2025 11:00,19/08/2025,11,2025,August,Tuesday
19/08/2025 12:00,19/08/2025,12,2025,August,Tuesday
19/08/2025 13:00,19/08/2025,13,2025,August,Tuesday
19/08/2025 14:00,19/08/2025,14,2025,August,Tuesday
19/08/2025 15:00,19/08/2025,15,2025,August,Tuesday
19/08/2025 16:00,19/08/2025,16,2025,August,Tuesday
19/08/2025 17:00,19/08/2025,17,2025,August,Tuesday
19/08/2025 18:00,19/08/2025,18,2025,August,Tuesday
19/08/2025 19:00,19/08/2025,19,2025,August,Tuesday
19/08/2025 20:00,19/08/2025,20,2025,August,Tuesday
19/08/2025 21:00,19/08/2025,21,2025,August,Tuesday
19/08/2025 22:00,19/08/2025,22,2025,August,Tuesday
19/08/2025 23:00,19/08/2025,23,2025,August,Tuesday
20/08/2025 0:00,20/08/2025,0,2025,August,Wednesday
20/08/2025 1:00,20/08/2025,1,2025,August,Wednesday
20/08/2025 2:00,20/08/2025,2,2025,August,Wednesday
20/08/2025 3:00,20/08/2025,3,2025,August,Wednesday
20/08/2025 4:00,20/08/2025,4,2025,August,Wednesday
20/08/2025 5:00,20/08/2025,5,2025,August,Wednesday
20/08/2025 6:00,20/08/2025,6,2025,August,Wednesday
20/08/2025 7:00,20/08/2025,7,2025,August,Wednesday
20/08/2025 8:00,20/08/2025,8,2025,August,Wednesday
20/08/2025 9:00,20/08/2025,9,2025,August,Wednesday
20/08/2025 10:00,20/08/2025,10,2025,August,Wednesday
20/08/2025 11:00,20/08/2025,11,2025,August,Wednesday
20/08/2025 12:00,20/08/2025,12,2025,August,Wednesday
20/08/2025 13:00,20/08/2025,13,2025,August,Wednesday
20/08/2025 14:00,20/08/2025,14,2025,August,Wednesday
20/08/2025 15:00,20/08/2025,15,2025,August,Wednesday
20/08/2025 16:00,20/08/2025,16,2025,August,Wednesday
20/08/2025 17:00,20/08/2025,17,2025,August,Wednesday
20/08/2025 18:00,20/08/2025,18,2025,August,Wednesday
20/08/2025 19:00,20/08/2025,19,2025,August,Wednesday
20/08/2025 20:00,20/08/2025,20,2025,August,Wednesday
20/08/2025 21:00,20/08/2025,21,2025,August,Wednesday
20/08/2025 22:00,20/08/2025,22,2025,August,Wednesday
20/08/2025 23:00,20/08/2025,23,2025,August,Wednesday
21/08/2025 0:00,21/08/2025,0,2025,August,Thursday
21/08/2025 1:00,21/08/2025,1,2025,August,Thursday
21/08/2025 2:00,21/08/2025,2,2025,August,Thursday
21/08/2025 3:00,21/08/2025,3,2025,August,Thursday
21/08/2025 4:00,21/08/2025,4,2025,August,Thursday
21/08/2025 5:00,21/08/2025,5,2025,August,Thursday
21/08/2025 6:00,21/08/2025,6,2025,August,Thursday
21/08/2025 7:00,21/08/2025,7,2025,August,Thursday
21/08/2025 8:00,21/08/2025,8,2025,August,Thursday
21/08/2025 9:00,21/08/2025,9,2025,August,Thursday
21/08/2025 10:00,21/08/2025,10,2025,August,Thursday
21/08/2025 11:00,21/08/2025,11,2025,August,Thursday
21/08/2025 12:00,21/08/2025,12,2025,August,Thursday
21/08/2025 13:00,21/08/2025,13,2025,August,Thursday
21/08/2025 14:00,21/08/2025,14,2025,August,Thursday
21/08/2025 15:00,21/08/2025,15,2025,August,Thursday
21/08/2025 16:00,21/08/2025,16,2025,August,Thursday
21/08/2025 17:00,21/08/2025,17,2025,August,Thursday
21/08/2025 18:00,21/08/2025,18,2025,August,Thursday
21/08/2025 19:00,21/08/2025,19,2025,August,Thursday
21/08/2025 20:00,21/08/2025,20,2025,August,Thursday
21/08/2025 21:00,21/08/2025,21,2025,August,Thursday
21/08/2025 22:00,21/08/2025,22,2025,August,Thursday
21/08/2025 23:00,21/08/2025,23,2025,August,Thursday
22/08/2025 0:00,22/08/2025,0,2025,August,Friday
22/08/2025 1:00,22/08/2025,1,2025,August,Friday
22/08/2025 2:00,22/08/2025,2,2025,August,Friday
22/08/2025 3:00,22/08/2025,3,2025,August,Friday
22/08/2025 4:00,22/08/2025,4,2025,August,Friday
22/08/2025 5:00,22/08/2025,5,2025,August,Friday
22/08/2025 6:00,22/08/2025,6,2025,August,Friday
22/08/2025 7:00,22/08/2025,7,2025,August,Friday
22/08/2025 8:00,22/08/2025,8,2025,August,Friday
22/08/2025 9:00,22/08/2025,9,2025,August,Friday
22/08/2025 10:00,22/08/2025,10,2025,August,Friday
22/08/2025 11:00,22/08/2025,11,2025,August,Friday
22/08/2025 12:00,22/08/2025,12,2025,August,Friday
22/08/2025 13:00,22/08/2025,13,2025,August,Friday
22/08/2025 14:00,22/08/2025,14,2025,August,Friday
22/08/2025 15:00,22/08/2025,15,2025,August,Friday
22/08/2025 16:00,22/08/2025,16,2025,August,Friday
22/08/2025 17:00,22/08/2025,17,2025,August,Friday
22/08/2025 18:00,22/08/2025,18,2025,August,Friday
22/08/2025 19:00,22/08/2025,19,2025,August,Friday
22/08/2025 20:00,22/08/2025,20,2025,August,Friday
22/08/2025 21:00,22/08/2025,21,2025,August,Friday
22/08/2025 22:00,22/08/2025,22,2025,August,Friday
22/08/2025 23:00,22/08/2025,23,2025,August,Friday
23/08/2025 0:00,23/08/2025,0,2025,August,Saturday
23/08/2025 1:00,23/08/2025,1,2025,August,Saturday
23/08/2025 2:00,23/08/2025,2,2025,August,Saturday
23/08/2025 3:00,23/08/2025,3,2025,August,Saturday
23/08/2025 4:00,23/08/2025,4,2025,August,Saturday
23/08/2025 6:00,23/08/2025,6,2025,August,Saturday
23/08/2025 7:00,23/08/2025,7,2025,August,Saturday
23/08/2025 8:00,23/08/2025,8,2025,August,Saturday
23/08/2025 9:00,23/08/2025,9,2025,August,Saturday
23/08/2025 10:00,23/08/2025,10,2025,August,Saturday
23/08/2025 11:00,23/08/2025,11,2025,August,Saturday
23/08/2025 12:00,23/08/2025,12,2025,August,Saturday
23/08/2025 13:00,23/08/2025,13,2025,August,Saturday
23/08/2025 14:00,23/08/2025,14,2025,August,Saturday
23/08/2025 15:00,23/08/2025,15,2025,August,Saturday
23/08/2025 16:00,23/08/2025,16,2025,August,Saturday
23/08/2025 17:00,23/08/2025,17,2025,August,Saturday
23/08/2025 18:00,23/08/2025,18,2025,August,Saturday
23/08/2025 19:00,23/08/2025,19,2025,August,Saturday
23/08/2025 20:00,23/08/2025,20,2025,August,Saturday
23/08/2025 21:00,23/08/2025,21,2025,August,Saturday
23/08/2025 22:00,23/08/2025,22,2025,August,Saturday
23/08/2025 23:00,23/08/2025,23,2025,August,Saturday
24/08/2025 0:00,24/08/2025,0,2025,August,Sunday
24/08/2025 1:00,24/08/2025,1,2025,August,Sunday
24/08/2025 2:00,24/08/2025,2,2025,August,Sunday
24/08/2025 3:00,24/08/2025,3,2025,August,Sunday
24/08/2025 4:00,24/08/2025,4,2025,August,Sunday
24/08/2025 5:00,24/08/2025,5,2025,August,Sunday
24/08/2025 6:00,24/08/2025,6,2025,August,Sunday
24/08/2025 7:00,24/08/2025,7,2025,August,Sunday
24/08/2025 8:00,24/08/2025,8,2025,August,Sunday
24/08/2025 9:00,24/08/2025,9,2025,August,Sunday
24/08/2025 10:00,24/08/2025,10,2025,August,Sunday
24/08/2025 11:00,24/08/2025,11,2025,August,Sunday
24/08/2025 12:00,24/08/2025,12,2025,August,Sunday
24/08/2025 13:00,24/08/2025,13,2025,August,Sunday
24/08/2025 14:00,24/08/2025,14,2025,August,Sunday
24/08/2025 15:00,24/08/2025,15,2025,August,Sunday
24/08/2025 16:00,24/08/2025,16,2025,August,Sunday
24/08/2025 17:00,24/08/2025,17,2025,August,Sunday
24/08/2025 18:00,24/08/2025,18,2025,August,Sunday
24/08/2025 19:00,24/08/2025,19,2025,August,Sunday
24/08/2025 20:00,24/08/2025,20,2025,August,Sunday
24/08/2025 21:00,24/08/2025,21,2025,August,Sunday
24/08/2025 22:00,24/08/2025,22,2025,August,Sunday
24/08/2025 23:00,24/08/2025,23,2025,August,Sunday
25/08/2025 0:00,25/08/2025,0,2025,August,Monday
25/08/2025 1:00,25/08/2025,1,2025,August,Monday
25/08/2025 2:00,25/08/2025,2,2025,August,Monday
25/08/2025 3:00,25/08/2025,3,2025,August,Monday
25/08/2025 4:00,25/08/2025,4,2025,August,Monday
25/08/2025 5:00,25/08/2025,5,2025,August,Monday
25/08/2025 6:00,25/08/2025,6,2025,August,Monday
25/08/2025 7:00,25/08/2025,7,2025,August,Monday
25/08/2025 8:00,25/08/2025,8,2025,August,Monday
25/08/2025 9:00,25/08/2025,9,2025,August,Monday
25/08/2025 10:00,25/08/2025,10,2025,August,Monday
25/08/2025 11:00,25/08/2025,11,2025,August,Monday
25/08/2025 12:00,25/08/2025,12,2025,August,Monday
25/08/2025 13:00,25/08/2025,13,2025,August,Monday
25/08/2025 14:00,25/08/2025,14,2025,August,Monday
25/08/2025 15:00,25/08/2025,15,2025,August,Monday
25/08/2025 16:00,25/08/2025,16,2025,August,Monday
25/08/2025 17:00,25/08/2025,17,2025,August,Monday
25/08/2025 18:00,25/08/2025,18,2025,August,Monday
25/08/2025 19:00,25/08/2025,19,2025,August,Monday
25/08/2025 20:00,25/08/2025,20,2025,August,Monday
25/08/2025 21:00,25/08/2025,21,2025,August,Monday
25/08/2025 22:00,25/08/2025,22,2025,August,Monday
25/08/2025 23:00,25/08/2025,23,2025,August,Monday
26/08/2025 0:00,26/08/2025,0,2025,August,Tuesday
26/08/2025 1:00,26/08/2025,1,2025,August,Tuesday
26/08/2025 2:00,26/08/2025,2,2025,August,Tuesday
26/08/2025 3:00,26/08/2025,3,2025,August,Tuesday
26/08/2025 4:00,26/08/2025,4,2025,August,Tuesday
26/08/2025 5:00,26/08/2025,5,2025,August,Tuesday
26/08/2025 6:00,26/08/2025,6,2025,August,Tuesday
26/08/2025 7:00,26/08/2025,7,2025,August,Tuesday
26/08/2025 8:00,26/08/2025,8,2025,August,Tuesday
26/08/2025 9:00,26/08/2025,9,2025,August,Tuesday
26/08/2025 10:00,26/08/2025,10,2025,August,Tuesday
26/08/2025 11:00,26/08/2025,11,2025,August,Tuesday
26/08/2025 12:00,26/08/2025,12,2025,August,Tuesday
26/08/2025 13:00,26/08/2025,13,2025,August,Tuesday
26/08/2025 14:00,26/08/2025,14,2025,August,Tuesday
26/08/2025 15:00,26/08/2025,15,2025,August,Tuesday
26/08/2025 16:00,26/08/2025,16,2025,August,Tuesday
26/08/2025 17:00,26/08/2025,17,2025,August,Tuesday
26/08/2025 18:00,26/08/2025,18,2025,August,Tuesday
26/08/2025 19:00,26/08/2025,19,2025,August,Tuesday
26/08/2025 20:00,26/08/2025,20,2025,August,Tuesday
26/08/2025 21:00,26/08/2025,21,2025,August,Tuesday
26/08/2025 22:00,26/08/2025,22,2025,August,Tuesday
26/08/2025 23:00,26/08/2025,23,2025,August,Tuesday
27/08/2025 0:00,27/08/2025,0,2025,August,Wednesday
27/08/2025 1:00,27/08/2025,1,2025,August,Wednesday
27/08/2025 2:00,27/08/2025,2,2025,August,Wednesday
27/08/2025 3:00,27/08/2025,3,2025,August,Wednesday
27/08/2025 4:00,27/08/2025,4,2025,August,Wednesday
27/08/2025 5:00,27/08/2025,5,2025,August,Wednesday
27/08/2025 6:00,27/08/2025,6,2025,August,Wednesday
27/08/2025 7:00,27/08/2025,7,2025,August,Wednesday
27/08/2025 8:00,27/08/2025,8,2025,August,Wednesday
27/08/2025 9:00,27/08/2025,9,2025,August,Wednesday
27/08/2025 10:00,27/08/2025,10,2025,August,Wednesday
27/08/2025 11:00,27/08/2025,11,2025,August,Wednesday
27/08/2025 12:00,27/08/2025,12,2025,August,Wednesday
27/08/2025 13:00,27/08/2025,13,2025,August,Wednesday
27/08/2025 14:00,27/08/2025,14,2025,August,Wednesday
27/08/2025 15:00,27/08/2025,15,2025,August,Wednesday
27/08/2025 16:00,27/08/2025,16,2025,August,Wednesday
27/08/2025 17:00,27/08/2025,17,2025,August,Wednesday
27/08/2025 18:00,27/08/2025,18,2025,August,Wednesday
27/08/2025 19:00,27/08/2025,19,2025,August,Wednesday
27/08/2025 20:00,27/08/2025,20,2025,August,Wednesday
27/08/2025 21:00,27/08/2025,21,2025,August,Wednesday
27/08/2025 22:00,27/08/2025,22,2025,August,Wednesday
27/08/2025 23:00,27/08/2025,23,2025,August,Wednesday
28/08/2025 0:00,28/08/2025,0,2025,August,Thursday
28/08/2025 1:00,28/08/2025,1,2025,August,Thursday
28/08/2025 2:00,28/08/2025,2,2025,August,Thursday
28/08/2025 3:00,28/08/2025,3,2025,August,Thursday
28/08/2025 4:00,28/08/2025,4,2025,August,Thursday
28/08/2025 5:00,28/08/2025,5,2025,August,Thursday
28/08/2025 6:00,28/08/2025,6,2025,August,Thursday
28/08/2025 7:00,28/08/2025,7,2025,August,Thursday
28/08/2025 8:00,28/08/2025,8,2025,August,Thursday
28/08/2025 9:00,28/08/2025,9,2025,August,Thursday
28/08/2025 10:00,28/08/2025,10,2025,August,Thursday
28/08/2025 11:00,28/08/2025,11,2025,August,Thursday
28/08/2025 12:00,28/08/2025,12,2025,August,Thursday
28/08/2025 13:00,28/08/2025,13,2025,August,Thursday
28/08/2025 14:00,28/08/2025,14,2025,August,Thursday
28/08/2025 15:00,28/08/2025,15,2025,August,Thursday
28/08/2025 16:00,28/08/2025,16,2025,August,Thursday
28/08/2025 17:00,28/08/2025,17,2025,August,Thursday
28/08/2025 18:00,28/08/2025,18,2025,August,Thursday
28/08/2025 19:00,28/08/2025,19,2025,August,Thursday
28/08/2025 20:00,28/08/2025,20,2025,August,Thursday
28/08/2025 21:00,28/08/2025,21,2025,August,Thursday
28/08/2025 22:00,28/08/2025,22,2025,August,Thursday
28/08/2025 23:00,28/08/2025,23,2025,August,Thursday
29/08/2025 0:00,29/08/2025,0,2025,August,Friday
29/08/2025 1:00,29/08/2025,1,2025,August,Friday
29/08/2025 2:00,29/08/2025,2,2025,August,Friday
29/08/2025 3:00,29/08/2025,3,2025,August,Friday
29/08/2025 4:00,29/08/2025,4,2025,August,Friday
29/08/2025 5:00,29/08/2025,5,2025,August,Friday
29/08/2025 6:00,29/08/2025,6,2025,August,Friday
29/08/2025 7:00,29/08/2025,7,2025,August,Friday
29/08/2025 8:00,29/08/2025,8,2025,August,Friday
29/08/2025 9:00,29/08/2025,9,2025,August,Friday
29/08/2025 10:00,29/08/2025,10,2025,August,Friday
29/08/2025 11:00,29/08/2025,11,2025,August,Friday
29/08/2025 12:00,29/08/2025,12,2025,August,Friday
29/08/2025 13:00,29/08/2025,13,2025,August,Friday
29/08/2025 14:00,29/08/2025,14,2025,August,Friday
29/08/2025 15:00,29/08/2025,15,2025,August,Friday
29/08/2025 16:00,29/08/2025,16,2025,August,Friday
29/08/2025 17:00,29/08/2025,17,2025,August,Friday
29/08/2025 18:00,29/08/2025,18,2025,August,Friday
29/08/2025 19:00,29/08/2025,19,2025,August,Friday
29/08/2025 20:00,29/08/2025,20,2025,August,Friday
29/08/2025 21:00,29/08/2025,21,2025,August,Friday
29/08/2025 22:00,29/08/2025,22,2025,August,Friday
29/08/2025 23:00,29/08/2025,23,2025,August,Friday
30/08/2025 0:00,30/08/2025,0,2025,August,Saturday
30/08/2025 1:00,30/08/2025,1,2025,August,Saturday
30/08/2025 2:00,30/08/2025,2,2025,August,Saturday
30/08/2025 3:00,30/08/2025,3,2025,August,Saturday
30/08/2025 4:00,30/08/2025,4,2025,August,Saturday
30/08/2025 5:00,30/08/2025,5,2025,August,Saturday
30/08/2025 6:00,30/08/2025,6,2025,August,Saturday
30/08/2025 7:00,30/08/2025,7,2025,August,Saturday
30/08/2025 8:00,30/08/2025,8,2025,August,Saturday
30/08/2025 9:00,30/08/2025,9,2025,August,Saturday
30/08/2025 10:00,30/08/2025,10,2025,August,Saturday
30/08/2025 11:00,30/08/2025,11,2025,August,Saturday
30/08/2025 13:00,30/08/2025,13,2025,August,Saturday
30/08/2025 14:00,30/08/2025,14,2025,August,Saturday
30/08/2025 15:00,30/08/2025,15,2025,August,Saturday
30/08/2025 16:00,30/08/2025,16,2025,August,Saturday
30/08/2025 17:00,30/08/2025,17,2025,August,Saturday
30/08/2025 18:00,30/08/2025,18,2025,August,Saturday
30/08/2025 20:00,30/08/2025,20,2025,August,Saturday
30/08/2025 21:00,30/08/2025,21,2025,August,Saturday
30/08/2025 22:00,30/08/2025,22,2025,August,Saturday
30/08/2025 23:00,30/08/2025,23,2025,August,Saturday
31/08/2025 0:00,31/08/2025,0,2025,August,Sunday
31/08/2025 1:00,31/08/2025,1,2025,August,Sunday
31/08/2025 2:00,31/08/2025,2,2025,August,Sunday
31/08/2025 3:00,31/08/2025,3,2025,August,Sunday
31/08/2025 4:00,31/08/2025,4,2025,August,Sunday
31/08/2025 5:00,31/08/2025,5,2025,August,Sunday
31/08/2025 6:00,31/08/2025,6,2025,August,Sunday
31/08/2025 7:00,31/08/2025,7,2025,August,Sunday
31/08/2025 8:00,31/08/2025,8,2025,August,Sunday
31/08/2025 9:00,31/08/2025,9,2025,August,Sunday
31/08/2025 10:00,31/08/2025,10,2025,August,Sunday
31/08/2025 11:00,31/08/2025,11,2025,August,Sunday
31/08/2025 12:00,31/08/2025,12,2025,August,Sunday
31/08/2025 13:00,31/08/2025,13,2025,August,Sunday
31/08/2025 14:00,31/08/2025,14,2025,August,Sunday
31/08/2025 15:00,31/08/2025,15,2025,August,Sunday
31/08/2025 16:00,31/08/2025,16,2025,August,Sunday
31/08/2025 17:00,31/08/2025,17,2025,August,Sunday
31/08/2025 18:00,31/08/2025,18,2025,August,Sunday
31/08/2025 19:00,31/08/2025,19,2025,August,Sunday
31/08/2025 20:00,31/08/2025,20,2025,August,Sunday
31/08/2025 21:00,31/08/2025,21,2025,August,Sunday
31/08/2025 22:00,31/08/2025,22,2025,August,Sunday
31/08/2025 23:00,31/08/2025,23,2025,August,Sunday
01/09/2025 0:00,01/09/2025,0,2025,September,Monday
01/09/2025 1:00,01/09/2025,1,2025,September,Monday
01/09/2025 2:00,01/09/2025,2,2025,September,Monday
01/09/2025 3:00,01/09/2025,3,2025,September,Monday
01/09/2025 4:00,01/09/2025,4,2025,September,Monday
01/09/2025 5:00,01/09/2025,5,2025,September,Monday
01/09/2025 6:00,01/09/2025,6,2025,September,Monday
01/09/2025 7:00,01/09/2025,7,2025,September,Monday
01/09/2025 8:00,01/09/2025,8,2025,September,Monday
01/09/2025 9:00,01/09/2025,9,2025,September,Monday
01/09/2025 10:00,01/09/2025,10,2025,September,Monday
01/09/2025 11:00,01/09/2025,11,2025,September,Monday
01/09/2025 12:00,01/09/2025,12,2025,September,Monday
01/09/2025 13:00,01/09/2025,13,2025,September,Monday
01/09/2025 14:00,01/09/2025,14,2025,September,Monday
01/09/2025 15:00,01/09/2025,15,2025,September,Monday
01/09/2025 16:00,01/09/2025,16,2025,September,Monday
01/09/2025 17:00,01/09/2025,17,2025,September,Monday
01/09/2025 18:00,01/09/2025,18,2025,September,Monday
01/09/2025 19:00,01/09/2025,19,2025,September,Monday
01/09/2025 20:00,01/09/2025,20,2025,September,Monday
01/09/2025 21:00,01/09/2025,21,2025,September,Monday
01/09/2025 22:00,01/09/2025,22,2025,September,Monday
01/09/2025 23:00,01/09/2025,23,2025,September,Monday
02/09/2025 0:00,02/09/2025,0,2025,September,Tuesday
02/09/2025 1:00,02/09/2025,1,2025,September,Tuesday
02/09/2025 2:00,02/09/2025,2,2025,September,Tuesday
02/09/2025 3:00,02/09/2025,3,2025,September,Tuesday
02/09/2025 4:00,02/09/2025,4,2025,September,Tuesday
02/09/2025 5:00,02/09/2025,5,2025,September,Tuesday
02/09/2025 6:00,02/09/2025,6,2025,September,Tuesday
02/09/2025 7:00,02/09/2025,7,2025,September,Tuesday
02/09/2025 8:00,02/09/2025,8,2025,September,Tuesday
02/09/2025 9:00,02/09/2025,9,2025,September,Tuesday
02/09/2025 10:00,02/09/2025,10,2025,September,Tuesday
02/09/2025 11:00,02/09/2025,11,2025,September,Tuesday
02/09/2025 12:00,02/09/2025,12,2025,September,Tuesday
02/09/2025 13:00,02/09/2025,13,2025,September,Tuesday
02/09/2025 14:00,02/09/2025,14,2025,September,Tuesday
02/09/2025 15:00,02/09/2025,15,2025,September,Tuesday
02/09/2025 16:00,02/09/2025,16,2025,September,Tuesday
02/09/2025 17:00,02/09/2025,17,2025,September,Tuesday
02/09/2025 18:00,02/09/2025,18,2025,September,Tuesday
02/09/2025 19:00,02/09/2025,19,2025,September,Tuesday
02/09/2025 20:00,02/09/2025,20,2025,September,Tuesday
02/09/2025 21:00,02/09/2025,21,2025,September,Tuesday
02/09/2025 22:00,02/09/2025,22,2025,September,Tuesday
02/09/2025 23:00,02/09/2025,23,2025,September,Tuesday
03/09/2025 0:00,03/09/2025,0,2025,September,Wednesday
03/09/2025 1:00,03/09/2025,1,2025,September,Wednesday
03/09/2025 2:00,03/09/2025,2,2025,September,Wednesday
03/09/2025 3:00,03/09/2025,3,2025,September,Wednesday
03/09/2025 4:00,03/09/2025,4,2025,September,Wednesday
03/09/2025 5:00,03/09/2025,5,2025,September,Wednesday
03/09/2025 6:00,03/09/2025,6,2025,September,Wednesday
03/09/2025 7:00,03/09/2025,7,2025,September,Wednesday
03/09/2025 8:00,03/09/2025,8,2025,September,Wednesday
03/09/2025 9:00,03/09/2025,9,2025,September,Wednesday
03/09/2025 10:00,03/09/2025,10,2025,September,Wednesday
03/09/2025 11:00,03/09/2025,11,2025,September,Wednesday
03/09/2025 12:00,03/09/2025,12,2025,September,Wednesday
03/09/2025 13:00,03/09/2025,13,2025,September,Wednesday
03/09/2025 14:00,03/09/2025,14,2025,September,Wednesday
03/09/2025 15:00,03/09/2025,15,2025,September,Wednesday
03/09/2025 16:00,03/09/2025,16,2025,September,Wednesday
03/09/2025 17:00,03/09/2025,17,2025,September,Wednesday
03/09/2025 18:00,03/09/2025,18,2025,September,Wednesday
03/09/2025 19:00,03/09/2025,19,2025,September,Wednesday
03/09/2025 20:00,03/09/2025,20,2025,September,Wednesday
03/09/2025 21:00,03/09/2025,21,2025,September,Wednesday
03/09/2025 22:00,03/09/2025,22,2025,September,Wednesday
03/09/2025 23:00,03/09/2025,23,2025,September,Wednesday
04/09/2025 0:00,04/09/2025,0,2025,September,Thursday
04/09/2025 1:00,04/09/2025,1,2025,September,Thursday
04/09/2025 2:00,04/09/2025,2,2025,September,Thursday
04/09/2025 3:00,04/09/2025,3,2025,September,Thursday
04/09/2025 4:00,04/09/2025,4,2025,September,Thursday
04/09/2025 5:00,04/09/2025,5,2025,September,Thursday
04/09/2025 6:00,04/09/2025,6,2025,September,Thursday
04/09/2025 7:00,04/09/2025,7,2025,September,Thursday
04/09/2025 8:00,04/09/2025,8,2025,September,Thursday
04/09/2025 9:00,04/09/2025,9,2025,September,Thursday
04/09/2025 10:00,04/09/2025,10,2025,September,Thursday
04/09/2025 11:00,04/09/2025,11,2025,September,Thursday
04/09/2025 12:00,04/09/2025,12,2025,September,Thursday
04/09/2025 13:00,04/09/2025,13,2025,September,Thursday
04/09/2025 14:00,04/09/2025,14,2025,September,Thursday
04/09/2025 15:00,04/09/2025,15,2025,September,Thursday
04/09/2025 16:00,04/09/2025,16,2025,September,Thursday
04/09/2025 17:00,04/09/2025,17,2025,September,Thursday
04/09/2025 18:00,04/09/2025,18,2025,September,Thursday
04/09/2025 19:00,04/09/2025,19,2025,September,Thursday
04/09/2025 20:00,04/09/2025,20,2025,September,Thursday
04/09/2025 21:00,04/09/2025,21,2025,September,Thursday
04/09/2025 22:00,04/09/2025,22,2025,September,Thursday
04/09/2025 23:00,04/09/2025,23,2025,September,Thursday
05/09/2025 0:00,05/09/2025,0,2025,September,Friday
05/09/2025 1:00,05/09/2025,1,2025,September,Friday
05/09/2025 2:00,05/09/2025,2,2025,September,Friday
05/09/2025 3:00,05/09/2025,3,2025,September,Friday
05/09/2025 4:00,05/09/2025,4,2025,September,Friday
05/09/2025 5:00,05/09/2025,5,2025,September,Friday
05/09/2025 6:00,05/09/2025,6,2025,September,Friday
05/09/2025 7:00,05/09/2025,7,2025,September,Friday
05/09/2025 8:00,05/09/2025,8,2025,September,Friday
05/09/2025 9:00,05/09/2025,9,2025,September,Friday
05/09/2025 10:00,05/09/2025,10,2025,September,Friday
05/09/2025 11:00,05/09/2025,11,2025,September,Friday
05/09/2025 12:00,05/09/2025,12,2025,September,Friday
05/09/2025 13:00,05/09/2025,13,2025,September,Friday
05/09/2025 14:00,05/09/2025,14,2025,September,Friday
05/09/2025 15:00,05/09/2025,15,2025,September,Friday
05/09/2025 16:00,05/09/2025,16,2025,September,Friday
05/09/2025 17:00,05/09/2025,17,2025,September,Friday
05/09/2025 18:00,05/09/2025,18,2025,September,Friday
05/09/2025 19:00,05/09/2025,19,2025,September,Friday
05/09/2025 20:00,05/09/2025,20,2025,September,Friday
05/09/2025 21:00,05/09/2025,21,2025,September,Friday
05/09/2025 22:00,05/09/2025,22,2025,September,Friday
05/09/2025 23:00,05/09/2025,23,2025,September,Friday
06/09/2025 0:00,06/09/2025,0,2025,September,Saturday
06/09/2025 1:00,06/09/2025,1,2025,September,Saturday
06/09/2025 2:00,06/09/2025,2,2025,September,Saturday
06/09/2025 3:00,06/09/2025,3,2025,September,Saturday
06/09/2025 4:00,06/09/2025,4,2025,September,Saturday
06/09/2025 5:00,06/09/2025,5,2025,September,Saturday
06/09/2025 6:00,06/09/2025,6,2025,September,Saturday
06/09/2025 7:00,06/09/2025,7,2025,September,Saturday
06/09/2025 8:00,06/09/2025,8,2025,September,Saturday
06/09/2025 9:00,06/09/2025,9,2025,September,Saturday
06/09/2025 10:00,06/09/2025,10,2025,September,Saturday
06/09/2025 11:00,06/09/2025,11,2025,September,Saturday
06/09/2025 12:00,06/09/2025,12,2025,September,Saturday
06/09/2025 13:00,06/09/2025,13,2025,September,Saturday
06/09/2025 14:00,06/09/2025,14,2025,September,Saturday
06/09/2025 15:00,06/09/2025,15,2025,September,Saturday
06/09/2025 16:00,06/09/2025,16,2025,September,Saturday
06/09/2025 17:00,06/09/2025,17,2025,September,Saturday
06/09/2025 18:00,06/09/2025,18,2025,September,Saturday
06/09/2025 19:00,06/09/2025,19,2025,September,Saturday
06/09/2025 20:00,06/09/2025,20,2025,September,Saturday
06/09/2025 21:00,06/09/2025,21,2025,September,Saturday
06/09/2025 22:00,06/09/2025,22,2025,September,Saturday
06/09/2025 23:00,06/09/2025,23,2025,September,Saturday
07/09/2025 0:00,07/09/2025,0,2025,September,Sunday
07/09/2025 1:00,07/09/2025,1,2025,September,Sunday
07/09/2025 2:00,07/09/2025,2,2025,September,Sunday
07/09/2025 3:00,07/09/2025,3,2025,September,Sunday
07/09/2025 4:00,07/09/2025,4,2025,September,Sunday
07/09/2025 5:00,07/09/2025,5,2025,September,Sunday
07/09/2025 6:00,07/09/2025,6,2025,September,Sunday
07/09/2025 7:00,07/09/2025,7,2025,September,Sunday
07/09/2025 8:00,07/09/2025,8,2025,September,Sunday
07/09/2025 9:00,07/09/2025,9,2025,September,Sunday
07/09/2025 10:00,07/09/2025,10,2025,September,Sunday
07/09/2025 11:00,07/09/2025,11,2025,September,Sunday
07/09/2025 12:00,07/09/2025,12,2025,September,Sunday
07/09/2025 13:00,07/09/2025,13,2025,September,Sunday
07/09/2025 14:00,07/09/2025,14,2025,September,Sunday
07/09/2025 15:00,07/09/2025,15,2025,September,Sunday
07/09/2025 16:00,07/09/2025,16,2025,September,Sunday
07/09/2025 17:00,07/09/2025,17,2025,September,Sunday
07/09/2025 18:00,07/09/2025,18,2025,September,Sunday
07/09/2025 19:00,07/09/2025,19,2025,September,Sunday
07/09/2025 20:00,07/09/2025,20,2025,September,Sunday
07/09/2025 21:00,07/09/2025,21,2025,September,Sunday
07/09/2025 22:00,07/09/2025,22,2025,September,Sunday
07/09/2025 23:00,07/09/2025,23,2025,September,Sunday
08/09/2025 0:00,08/09/2025,0,2025,September,Monday
08/09/2025 1:00,08/09/2025,1,2025,September,Monday
08/09/2025 2:00,08/09/2025,2,2025,September,Monday
08/09/2025 3:00,08/09/2025,3,2025,September,Monday
08/09/2025 4:00,08/09/2025,4,2025,September,Monday
08/09/2025 5:00,08/09/2025,5,2025,September,Monday
08/09/2025 6:00,08/09/2025,6,2025,September,Monday
08/09/2025 7:00,08/09/2025,7,2025,September,Monday
08/09/2025 8:00,08/09/2025,8,2025,September,Monday
08/09/2025 9:00,08/09/2025,9,2025,September,Monday
08/09/2025 10:00,08/09/2025,10,2025,September,Monday
08/09/2025 11:00,08/09/2025,11,2025,September,Monday
08/09/2025 12:00,08/09/2025,12,2025,September,Monday
08/09/2025 13:00,08/09/2025,13,2025,September,Monday
08/09/2025 14:00,08/09/2025,14,2025,September,Monday
08/09/2025 15:00,08/09/2025,15,2025,September,Monday
08/09/2025 16:00,08/09/2025,16,2025,September,Monday
08/09/2025 17:00,08/09/2025,17,2025,September,Monday
08/09/2025 18:00,08/09/2025,18,2025,September,Monday
08/09/2025 19:00,08/09/2025,19,2025,September,Monday
08/09/2025 20:00,08/09/2025,20,2025,September,Monday
08/09/2025 21:00,08/09/2025,21,2025,September,Monday
08/09/2025 22:00,08/09/2025,22,2025,September,Monday
08/09/2025 23:00,08/09/2025,23,2025,September,Monday
09/09/2025 0:00,09/09/2025,0,2025,September,Tuesday
09/09/2025 1:00,09/09/2025,1,2025,September,Tuesday
09/09/2025 2:00,09/09/2025,2,2025,September,Tuesday
09/09/2025 3:00,09/09/2025,3,2025,September,Tuesday
09/09/2025 4:00,09/09/2025,4,2025,September,Tuesday
09/09/2025 5:00,09/09/2025,5,2025,September,Tuesday
09/09/2025 6:00,09/09/2025,6,2025,September,Tuesday
09/09/2025 7:00,09/09/2025,7,2025,September,Tuesday
09/09/2025 8:00,09/09/2025,8,2025,September,Tuesday
09/09/2025 9:00,09/09/2025,9,2025,September,Tuesday
09/09/2025 10:00,09/09/2025,10,2025,September,Tuesday
09/09/2025 11:00,09/09/2025,11,2025,September,Tuesday
09/09/2025 12:00,09/09/2025,12,2025,September,Tuesday
09/09/2025 13:00,09/09/2025,13,2025,September,Tuesday
09/09/2025 14:00,09/09/2025,14,2025,September,Tuesday
09/09/2025 15:00,09/09/2025,15,2025,September,Tuesday
09/09/2025 16:00,09/09/2025,16,2025,September,Tuesday
09/09/2025 17:00,09/09/2025,17,2025,September,Tuesday
09/09/2025 18:00,09/09/2025,18,2025,September,Tuesday
09/09/2025 19:00,09/09/2025,19,2025,September,Tuesday
09/09/2025 20:00,09/09/2025,20,2025,September,Tuesday
09/09/2025 21:00,09/09/2025,21,2025,September,Tuesday
09/09/2025 22:00,09/09/2025,22,2025,September,Tuesday
09/09/2025 23:00,09/09/2025,23,2025,September,Tuesday
10/09/2025 0:00,10/09/2025,0,2025,September,Wednesday
10/09/2025 1:00,10/09/2025,1,2025,September,Wednesday
10/09/2025 2:00,10/09/2025,2,2025,September,Wednesday
10/09/2025 3:00,10/09/2025,3,2025,September,Wednesday
10/09/2025 4:00,10/09/2025,4,2025,September,Wednesday
10/09/2025 5:00,10/09/2025,5,2025,September,Wednesday
10/09/2025 6:00,10/09/2025,6,2025,September,Wednesday
10/09/2025 7:00,10/09/2025,7,2025,September,Wednesday
10/09/2025 8:00,10/09/2025,8,2025,September,Wednesday
10/09/2025 9:00,10/09/2025,9,2025,September,Wednesday
10/09/2025 10:00,10/09/2025,10,2025,September,Wednesday
10/09/2025 11:00,10/09/2025,11,2025,September,Wednesday
10/09/2025 12:00,10/09/2025,12,2025,September,Wednesday
10/09/2025 13:00,10/09/2025,13,2025,September,Wednesday
10/09/2025 14:00,10/09/2025,14,2025,September,Wednesday
10/09/2025 15:00,10/09/2025,15,2025,September,Wednesday
10/09/2025 16:00,10/09/2025,16,2025,September,Wednesday
10/09/2025 17:00,10/09/2025,17,2025,September,Wednesday
10/09/2025 18:00,10/09/2025,18,2025,September,Wednesday
10/09/2025 19:00,10/09/2025,19,2025,September,Wednesday
10/09/2025 20:00,10/09/2025,20,2025,September,Wednesday
10/09/2025 21:00,10/09/2025,21,2025,September,Wednesday
10/09/2025 22:00,10/09/2025,22,2025,September,Wednesday
10/09/2025 23:00,10/09/2025,23,2025,September,Wednesday
11/09/2025 0:00,11/09/2025,0,2025,September,Thursday
11/09/2025 1:00,11/09/2025,1,2025,September,Thursday
11/09/2025 2:00,11/09/2025,2,2025,September,Thursday
11/09/2025 3:00,11/09/2025,3,2025,September,Thursday
11/09/2025 4:00,11/09/2025,4,2025,September,Thursday
11/09/2025 5:00,11/09/2025,5,2025,September,Thursday
11/09/2025 6:00,11/09/2025,6,2025,September,Thursday
11/09/2025 7:00,11/09/2025,7,2025,September,Thursday
11/09/2025 8:00,11/09/2025,8,2025,September,Thursday
11/09/2025 9:00,11/09/2025,9,2025,September,Thursday
11/09/2025 10:00,11/09/2025,10,2025,September,Thursday
11/09/2025 11:00,11/09/2025,11,2025,September,Thursday
11/09/2025 12:00,11/09/2025,12,2025,September,Thursday
11/09/2025 13:00,11/09/2025,13,2025,September,Thursday
11/09/2025 14:00,11/09/2025,14,2025,September,Thursday
11/09/2025 15:00,11/09/2025,15,2025,September,Thursday
11/09/2025 16:00,11/09/2025,16,2025,September,Thursday
11/09/2025 17:00,11/09/2025,17,2025,September,Thursday
11/09/2025 18:00,11/09/2025,18,2025,September,Thursday
11/09/2025 19:00,11/09/2025,19,2025,September,Thursday
11/09/2025 20:00,11/09/2025,20,2025,September,Thursday
11/09/2025 21:00,11/09/2025,21,2025,September,Thursday
11/09/2025 22:00,11/09/2025,22,2025,September,Thursday
11/09/2025 23:00,11/09/2025,23,2025,September,Thursday
12/09/2025 0:00,12/09/2025,0,2025,September,Friday
12/09/2025 1:00,12/09/2025,1,2025,September,Friday
12/09/2025 2:00,12/09/2025,2,2025,September,Friday
12/09/2025 3:00,12/09/2025,3,2025,September,Friday
12/09/2025 4:00,12/09/2025,4,2025,September,Friday
12/09/2025 5:00,12/09/2025,5,2025,September,Friday
12/09/2025 6:00,12/09/2025,6,2025,September,Friday
12/09/2025 7:00,12/09/2025,7,2025,September,Friday
12/09/2025 8:00,12/09/2025,8,2025,September,Friday
12/09/2025 9:00,12/09/2025,9,2025,September,Friday
12/09/2025 10:00,12/09/2025,10,2025,September,Friday
12/09/2025 11:00,12/09/2025,11,2025,September,Friday
12/09/2025 12:00,12/09/2025,12,2025,September,Friday
12/09/2025 13:00,12/09/2025,13,2025,September,Friday
12/09/2025 14:00,12/09/2025,14,2025,September,Friday
12/09/2025 15:00,12/09/2025,15,2025,September,Friday
12/09/2025 16:00,12/09/2025,16,2025,September,Friday
12/09/2025 17:00,12/09/2025,17,2025,September,Friday
12/09/2025 18:00,12/09/2025,18,2025,September,Friday
12/09/2025 19:00,12/09/2025,19,2025,September,Friday
12/09/2025 20:00,12/09/2025,20,2025,September,Friday
12/09/2025 21:00,12/09/2025,21,2025,September,Friday
12/09/2025 22:00,12/09/2025,22,2025,September,Friday
12/09/2025 23:00,12/09/2025,23,2025,September,Friday
13/09/2025 0:00,13/09/2025,0,2025,September,Saturday
13/09/2025 1:00,13/09/2025,1,2025,September,Saturday
13/09/2025 2:00,13/09/2025,2,2025,September,Saturday
13/09/2025 3:00,13/09/2025,3,2025,September,Saturday
13/09/2025 4:00,13/09/2025,4,2025,September,Saturday
13/09/2025 5:00,13/09/2025,5,2025,September,Saturday
13/09/2025 6:00,13/09/2025,6,2025,September,Saturday
13/09/2025 7:00,13/09/2025,7,2025,September,Saturday
13/09/2025 8:00,13/09/2025,8,2025,September,Saturday
13/09/2025 9:00,13/09/2025,9,2025,September,Saturday
13/09/2025 10:00,13/09/2025,10,2025,September,Saturday
13/09/2025 11:00,13/09/2025,11,2025,September,Saturday
13/09/2025 12:00,13/09/2025,12,2025,September,Saturday
13/09/2025 13:00,13/09/2025,13,2025,September,Saturday
13/09/2025 14:00,13/09/2025,14,2025,September,Saturday
13/09/2025 15:00,13/09/2025,15,2025,September,Saturday
13/09/2025 16:00,13/09/2025,16,2025,September,Saturday
13/09/2025 17:00,13/09/2025,17,2025,September,Saturday
13/09/2025 18:00,13/09/2025,18,2025,September,Saturday
13/09/2025 19:00,13/09/2025,19,2025,September,Saturday
13/09/2025 20:00,13/09/2025,20,2025,September,Saturday
13/09/2025 21:00,13/09/2025,21,2025,September,Saturday
13/09/2025 22:00,13/09/2025,22,2025,September,Saturday
13/09/2025 23:00,13/09/2025,23,2025,September,Saturday
14/09/2025 0:00,14/09/2025,0,2025,September,Sunday
14/09/2025 1:00,14/09/2025,1,2025,September,Sunday
14/09/2025 2:00,14/09/2025,2,2025,September,Sunday
14/09/2025 3:00,14/09/2025,3,2025,September,Sunday
14/09/2025 4:00,14/09/2025,4,2025,September,Sunday
14/09/2025 5:00,14/09/2025,5,2025,September,Sunday
14/09/2025 6:00,14/09/2025,6,2025,September,Sunday
14/09/2025 7:00,14/09/2025,7,2025,September,Sunday
14/09/2025 8:00,14/09/2025,8,2025,September,Sunday
14/09/2025 9:00,14/09/2025,9,2025,September,Sunday
14/09/2025 10:00,14/09/2025,10,2025,September,Sunday
14/09/2025 11:00,14/09/2025,11,2025,September,Sunday
14/09/2025 12:00,14/09/2025,12,2025,September,Sunday
14/09/2025 13:00,14/09/2025,13,2025,September,Sunday
14/09/2025 14:00,14/09/2025,14,2025,September,Sunday
14/09/2025 15:00,14/09/2025,15,2025,September,Sunday
14/09/2025 16:00,14/09/2025,16,2025,September,Sunday
14/09/2025 17:00,14/09/2025,17,2025,September,Sunday
14/09/2025 18:00,14/09/2025,18,2025,September,Sunday
14/09/2025 19:00,14/09/2025,19,2025,September,Sunday
14/09/2025 20:00,14/09/2025,20,2025,September,Sunday
14/09/2025 21:00,14/09/2025,21,2025,September,Sunday
14/09/2025 22:00,14/09/2025,22,2025,September,Sunday
14/09/2025 23:00,14/09/2025,23,2025,September,Sunday
15/09/2025 0:00,15/09/2025,0,2025,September,Monday
15/09/2025 1:00,15/09/2025,1,2025,September,Monday
15/09/2025 2:00,15/09/2025,2,2025,September,Monday
15/09/2025 3:00,15/09/2025,3,2025,September,Monday
15/09/2025 4:00,15/09/2025,4,2025,September,Monday
15/09/2025 5:00,15/09/2025,5,2025,September,Monday
15/09/2025 6:00,15/09/2025,6,2025,September,Monday
15/09/2025 7:00,15/09/2025,7,2025,September,Monday
15/09/2025 8:00,15/09/2025,8,2025,September,Monday
15/09/2025 9:00,15/09/2025,9,2025,September,Monday
15/09/2025 10:00,15/09/2025,10,2025,September,Monday
15/09/2025 11:00,15/09/2025,11,2025,September,Monday
15/09/2025 12:00,15/09/2025,12,2025,September,Monday
15/09/2025 13:00,15/09/2025,13,2025,September,Monday
15/09/2025 14:00,15/09/2025,14,2025,September,Monday
15/09/2025 15:00,15/09/2025,15,2025,September,Monday
15/09/2025 16:00,15/09/2025,16,2025,September,Monday
15/09/2025 17:00,15/09/2025,17,2025,September,Monday
15/09/2025 18:00,15/09/2025,18,2025,September,Monday
15/09/2025 19:00,15/09/2025,19,2025,September,Monday
15/09/2025 20:00,15/09/2025,20,2025,September,Monday
15/09/2025 21:00,15/09/2025,21,2025,September,Monday
15/09/2025 22:00,15/09/2025,22,2025,September,Monday
15/09/2025 23:00,15/09/2025,23,2025,September,Monday
16/09/2025 0:00,16/09/2025,0,2025,September,Tuesday
16/09/2025 1:00,16/09/2025,1,2025,September,Tuesday
16/09/2025 2:00,16/09/2025,2,2025,September,Tuesday
16/09/2025 3:00,16/09/2025,3,2025,September,Tuesday
16/09/2025 4:00,16/09/2025,4,2025,September,Tuesday
16/09/2025 5:00,16/09/2025,5,2025,September,Tuesday
16/09/2025 6:00,16/09/2025,6,2025,September,Tuesday
16/09/2025 7:00,16/09/2025,7,2025,September,Tuesday
16/09/2025 8:00,16/09/2025,8,2025,September,Tuesday
16/09/2025 9:00,16/09/2025,9,2025,September,Tuesday
16/09/2025 10:00,16/09/2025,10,2025,September,Tuesday
16/09/2025 11:00,16/09/2025,11,2025,September,Tuesday
16/09/2025 12:00,16/09/2025,12,2025,September,Tuesday
16/09/2025 13:00,16/09/2025,13,2025,September,Tuesday
16/09/2025 14:00,16/09/2025,14,2025,September,Tuesday
16/09/2025 15:00,16/09/2025,15,2025,September,Tuesday
16/09/2025 16:00,16/09/2025,16,2025,September,Tuesday
16/09/2025 17:00,16/09/2025,17,2025,September,Tuesday
16/09/2025 18:00,16/09/2025,18,2025,September,Tuesday
16/09/2025 19:00,16/09/2025,19,2025,September,Tuesday
16/09/2025 20:00,16/09/2025,20,2025,September,Tuesday
16/09/2025 21:00,16/09/2025,21,2025,September,Tuesday
16/09/2025 22:00,16/09/2025,22,2025,September,Tuesday
16/09/2025 23:00,16/09/2025,23,2025,September,Tuesday
17/09/2025 0:00,17/09/2025,0,2025,September,Wednesday
17/09/2025 1:00,17/09/2025,1,2025,September,Wednesday
17/09/2025 2:00,17/09/2025,2,2025,September,Wednesday
17/09/2025 3:00,17/09/2025,3,2025,September,Wednesday
17/09/2025 4:00,17/09/2025,4,2025,September,Wednesday
17/09/2025 5:00,17/09/2025,5,2025,September,Wednesday
17/09/2025 6:00,17/09/2025,6,2025,September,Wednesday
17/09/2025 7:00,17/09/2025,7,2025,September,Wednesday
17/09/2025 8:00,17/09/2025,8,2025,September,Wednesday
17/09/2025 9:00,17/09/2025,9,2025,September,Wednesday
17/09/2025 10:00,17/09/2025,10,2025,September,Wednesday
17/09/2025 11:00,17/09/2025,11,2025,September,Wednesday
17/09/2025 12:00,17/09/2025,12,2025,September,Wednesday
17/09/2025 13:00,17/09/2025,13,2025,September,Wednesday
17/09/2025 14:00,17/09/2025,14,2025,September,Wednesday
17/09/2025 15:00,17/09/2025,15,2025,September,Wednesday
17/09/2025 16:00,17/09/2025,16,2025,September,Wednesday
17/09/2025 17:00,17/09/2025,17,2025,September,Wednesday
17/09/2025 18:00,17/09/2025,18,2025,September,Wednesday
17/09/2025 19:00,17/09/2025,19,2025,September,Wednesday
17/09/2025 20:00,17/09/2025,20,2025,September,Wednesday
17/09/2025 21:00,17/09/2025,21,2025,September,Wednesday
17/09/2025 22:00,17/09/2025,22,2025,September,Wednesday
17/09/2025 23:00,17/09/2025,23,2025,September,Wednesday
18/09/2025 0:00,18/09/2025,0,2025,September,Thursday
18/09/2025 1:00,18/09/2025,1,2025,September,Thursday
18/09/2025 2:00,18/09/2025,2,2025,September,Thursday
18/09/2025 3:00,18/09/2025,3,2025,September,Thursday
18/09/2025 4:00,18/09/2025,4,2025,September,Thursday
18/09/2025 5:00,18/09/2025,5,2025,September,Thursday
18/09/2025 6:00,18/09/2025,6,2025,September,Thursday
18/09/2025 7:00,18/09/2025,7,2025,September,Thursday
18/09/2025 8:00,18/09/2025,8,2025,September,Thursday
18/09/2025 9:00,18/09/2025,9,2025,September,Thursday
18/09/2025 10:00,18/09/2025,10,2025,September,Thursday
18/09/2025 11:00,18/09/2025,11,2025,September,Thursday
18/09/2025 12:00,18/09/2025,12,2025,September,Thursday
18/09/2025 13:00,18/09/2025,13,2025,September,Thursday
18/09/2025 14:00,18/09/2025,14,2025,September,Thursday
18/09/2025 15:00,18/09/2025,15,2025,September,Thursday
18/09/2025 16:00,18/09/2025,16,2025,September,Thursday
18/09/2025 17:00,18/09/2025,17,2025,September,Thursday
18/09/2025 18:00,18/09/2025,18,2025,September,Thursday
18/09/2025 19:00,18/09/2025,19,2025,September,Thursday
18/09/2025 20:00,18/09/2025,20,2025,September,Thursday
18/09/2025 21:00,18/09/2025,21,2025,September,Thursday
18/09/2025 22:00,18/09/2025,22,2025,September,Thursday
18/09/2025 23:00,18/09/2025,23,2025,September,Thursday
19/09/2025 0:00,19/09/2025,0,2025,September,Friday
19/09/2025 1:00,19/09/2025,1,2025,September,Friday
19/09/2025 2:00,19/09/2025,2,2025,September,Friday
19/09/2025 3:00,19/09/2025,3,2025,September,Friday
19/09/2025 4:00,19/09/2025,4,2025,September,Friday
19/09/2025 5:00,19/09/2025,5,2025,September,Friday
19/09/2025 6:00,19/09/2025,6,2025,September,Friday
19/09/2025 7:00,19/09/2025,7,2025,September,Friday
19/09/2025 8:00,19/09/2025,8,2025,September,Friday
19/09/2025 9:00,19/09/2025,9,2025,September,Friday
19/09/2025 10:00,19/09/2025,10,2025,September,Friday
19/09/2025 11:00,19/09/2025,11,2025,September,Friday
19/09/2025 12:00,19/09/2025,12,2025,September,Friday
19/09/2025 13:00,19/09/2025,13,2025,September,Friday
19/09/2025 14:00,19/09/2025,14,2025,September,Friday
19/09/2025 15:00,19/09/2025,15,2025,September,Friday
19/09/2025 16:00,19/09/2025,16,2025,September,Friday
19/09/2025 17:00,19/09/2025,17,2025,September,Friday
19/09/2025 18:00,19/09/2025,18,2025,September,Friday
19/09/2025 19:00,19/09/2025,19,2025,September,Friday
19/09/2025 20:00,19/09/2025,20,2025,September,Friday
19/09/2025 22:00,19/09/2025,22,2025,September,Friday
19/09/2025 23:00,19/09/2025,23,2025,September,Friday
20/09/2025 0:00,20/09/2025,0,2025,September,Saturday
20/09/2025 1:00,20/09/2025,1,2025,September,Saturday
20/09/2025 2:00,20/09/2025,2,2025,September,Saturday
20/09/2025 3:00,20/09/2025,3,2025,September,Saturday
20/09/2025 4:00,20/09/2025,4,2025,September,Saturday
20/09/2025 5:00,20/09/2025,5,2025,September,Saturday
20/09/2025 6:00,20/09/2025,6,2025,September,Saturday
20/09/2025 7:00,20/09/2025,7,2025,September,Saturday
20/09/2025 8:00,20/09/2025,8,2025,September,Saturday
20/09/2025 9:00,20/09/2025,9,2025,September,Saturday
20/09/2025 10:00,20/09/2025,10,2025,September,Saturday
20/09/2025 11:00,20/09/2025,11,2025,September,Saturday
20/09/2025 12:00,20/09/2025,12,2025,September,Saturday
20/09/2025 13:00,20/09/2025,13,2025,September,Saturday
20/09/2025 14:00,20/09/2025,14,2025,September,Saturday
20/09/2025 15:00,20/09/2025,15,2025,September,Saturday
20/09/2025 16:00,20/09/2025,16,2025,September,Saturday
20/09/2025 17:00,20/09/2025,17,2025,September,Saturday
20/09/2025 18:00,20/09/2025,18,2025,September,Saturday
20/09/2025 19:00,20/09/2025,19,2025,September,Saturday
20/09/2025 20:00,20/09/2025,20,2025,September,Saturday
20/09/2025 21:00,20/09/2025,21,2025,September,Saturday
20/09/2025 22:00,20/09/2025,22,2025,September,Saturday
20/09/2025 23:00,20/09/2025,23,2025,September,Saturday
21/09/2025 0:00,21/09/2025,0,2025,September,Sunday
21/09/2025 1:00,21/09/2025,1,2025,September,Sunday
21/09/2025 2:00,21/09/2025,2,2025,September,Sunday
21/09/2025 3:00,21/09/2025,3,2025,September,Sunday
21/09/2025 4:00,21/09/2025,4,2025,September,Sunday
21/09/2025 5:00,21/09/2025,5,2025,September,Sunday
21/09/2025 6:00,21/09/2025,6,2025,September,Sunday
21/09/2025 7:00,21/09/2025,7,2025,September,Sunday
21/09/2025 8:00,21/09/2025,8,2025,September,Sunday
21/09/2025 9:00,21/09/2025,9,2025,September,Sunday
21/09/2025 10:00,21/09/2025,10,2025,September,Sunday
21/09/2025 11:00,21/09/2025,11,2025,September,Sunday
21/09/2025 12:00,21/09/2025,12,2025,September,Sunday
21/09/2025 13:00,21/09/2025,13,2025,September,Sunday
21/09/2025 14:00,21/09/2025,14,2025,September,Sunday
21/09/2025 15:00,21/09/2025,15,2025,September,Sunday
21/09/2025 16:00,21/09/2025,16,2025,September,Sunday
21/09/2025 17:00,21/09/2025,17,2025,September,Sunday
21/09/2025 18:00,21/09/2025,18,2025,September,Sunday
21/09/2025 19:00,21/09/2025,19,2025,September,Sunday
21/09/2025 20:00,21/09/2025,20,2025,September,Sunday
21/09/2025 21:00,21/09/2025,21,2025,September,Sunday
21/09/2025 22:00,21/09/2025,22,2025,September,Sunday
21/09/2025 23:00,21/09/2025,23,2025,September,Sunday
22/09/2025 0:00,22/09/2025,0,2025,September,Monday
22/09/2025 1:00,22/09/2025,1,2025,September,Monday
22/09/2025 2:00,22/09/2025,2,2025,September,Monday
22/09/2025 3:00,22/09/2025,3,2025,September,Monday
22/09/2025 4:00,22/09/2025,4,2025,September,Monday
22/09/2025 5:00,22/09/2025,5,2025,September,Monday
22/09/2025 6:00,22/09/2025,6,2025,September,Monday
22/09/2025 7:00,22/09/2025,7,2025,September,Monday
22/09/2025 8:00,22/09/2025,8,2025,September,Monday
22/09/2025 9:00,22/09/2025,9,2025,September,Monday
22/09/2025 10:00,22/09/2025,10,2025,September,Monday
22/09/2025 11:00,22/09/2025,11,2025,September,Monday
22/09/2025 12:00,22/09/2025,12,2025,September,Monday
22/09/2025 13:00,22/09/2025,13,2025,September,Monday
22/09/2025 14:00,22/09/2025,14,2025,September,Monday
22/09/2025 15:00,22/09/2025,15,2025,September,Monday
22/09/2025 16:00,22/09/2025,16,2025,September,Monday
22/09/2025 17:00,22/09/2025,17,2025,September,Monday
22/09/2025 18:00,22/09/2025,18,2025,September,Monday
22/09/2025 19:00,22/09/2025,19,2025,September,Monday
22/09/2025 20:00,22/09/2025,20,2025,September,Monday
22/09/2025 21:00,22/09/2025,21,2025,September,Monday
22/09/2025 22:00,22/09/2025,22,2025,September,Monday
22/09/2025 23:00,22/09/2025,23,2025,September,Monday
23/09/2025 0:00,23/09/2025,0,2025,September,Tuesday
23/09/2025 1:00,23/09/2025,1,2025,September,Tuesday
23/09/2025 2:00,23/09/2025,2,2025,September,Tuesday
23/09/2025 3:00,23/09/2025,3,2025,September,Tuesday
23/09/2025 4:00,23/09/2025,4,2025,September,Tuesday
23/09/2025 5:00,23/09/2025,5,2025,September,Tuesday
23/09/2025 6:00,23/09/2025,6,2025,September,Tuesday
23/09/2025 7:00,23/09/2025,7,2025,September,Tuesday
23/09/2025 8:00,23/09/2025,8,2025,September,Tuesday
23/09/2025 9:00,23/09/2025,9,2025,September,Tuesday
23/09/2025 10:00,23/09/2025,10,2025,September,Tuesday
23/09/2025 11:00,23/09/2025,11,2025,September,Tuesday
23/09/2025 12:00,23/09/2025,12,2025,September,Tuesday
23/09/2025 13:00,23/09/2025,13,2025,September,Tuesday
23/09/2025 14:00,23/09/2025,14,2025,September,Tuesday
23/09/2025 15:00,23/09/2025,15,2025,September,Tuesday
23/09/2025 16:00,23/09/2025,16,2025,September,Tuesday
23/09/2025 17:00,23/09/2025,17,2025,September,Tuesday
23/09/2025 18:00,23/09/2025,18,2025,September,Tuesday
23/09/2025 19:00,23/09/2025,19,2025,September,Tuesday
23/09/2025 20:00,23/09/2025,20,2025,September,Tuesday
23/09/2025 21:00,23/09/2025,21,2025,September,Tuesday
23/09/2025 22:00,23/09/2025,22,2025,September,Tuesday
23/09/2025 23:00,23/09/2025,23,2025,September,Tuesday
24/09/2025 0:00,24/09/2025,0,2025,September,Wednesday
24/09/2025 1:00,24/09/2025,1,2025,September,Wednesday
24/09/2025 2:00,24/09/2025,2,2025,September,Wednesday
24/09/2025 3:00,24/09/2025,3,2025,September,Wednesday
24/09/2025 4:00,24/09/2025,4,2025,September,Wednesday
24/09/2025 5:00,24/09/2025,5,2025,September,Wednesday
24/09/2025 6:00,24/09/2025,6,2025,September,Wednesday
24/09/2025 7:00,24/09/2025,7,2025,September,Wednesday
24/09/2025 8:00,24/09/2025,8,2025,September,Wednesday
24/09/2025 9:00,24/09/2025,9,2025,September,Wednesday
24/09/2025 10:00,24/09/2025,10,2025,September,Wednesday
24/09/2025 11:00,24/09/2025,11,2025,September,Wednesday
24/09/2025 12:00,24/09/2025,12,2025,September,Wednesday
24/09/2025 13:00,24/09/2025,13,2025,September,Wednesday
24/09/2025 14:00,24/09/2025,14,2025,September,Wednesday
24/09/2025 15:00,24/09/2025,15,2025,September,Wednesday
24/09/2025 16:00,24/09/2025,16,2025,September,Wednesday
24/09/2025 17:00,24/09/2025,17,2025,September,Wednesday
24/09/2025 18:00,24/09/2025,18,2025,September,Wednesday
24/09/2025 19:00,24/09/2025,19,2025,September,Wednesday
24/09/2025 20:00,24/09/2025,20,2025,September,Wednesday
24/09/2025 21:00,24/09/2025,21,2025,September,Wednesday
24/09/2025 22:00,24/09/2025,22,2025,September,Wednesday
24/09/2025 23:00,24/09/2025,23,2025,September,Wednesday
25/09/2025 0:00,25/09/2025,0,2025,September,Thursday
25/09/2025 1:00,25/09/2025,1,2025,September,Thursday
25/09/2025 2:00,25/09/2025,2,2025,September,Thursday
25/09/2025 3:00,25/09/2025,3,2025,September,Thursday
25/09/2025 4:00,25/09/2025,4,2025,September,Thursday
25/09/2025 5:00,25/09/2025,5,2025,September,Thursday
25/09/2025 6:00,25/09/2025,6,2025,September,Thursday
25/09/2025 7:00,25/09/2025,7,2025,September,Thursday
25/09/2025 8:00,25/09/2025,8,2025,September,Thursday
25/09/2025 9:00,25/09/2025,9,2025,September,Thursday
25/09/2025 10:00,25/09/2025,10,2025,September,Thursday
25/09/2025 11:00,25/09/2025,11,2025,September,Thursday
25/09/2025 12:00,25/09/2025,12,2025,September,Thursday
25/09/2025 13:00,25/09/2025,13,2025,September,Thursday
25/09/2025 14:00,25/09/2025,14,2025,September,Thursday
25/09/2025 15:00,25/09/2025,15,2025,September,Thursday
25/09/2025 16:00,25/09/2025,16,2025,September,Thursday
25/09/2025 17:00,25/09/2025,17,2025,September,Thursday
25/09/2025 18:00,25/09/2025,18,2025,September,Thursday
25/09/2025 19:00,25/09/2025,19,2025,September,Thursday
25/09/2025 20:00,25/09/2025,20,2025,September,Thursday
25/09/2025 21:00,25/09/2025,21,2025,September,Thursday
25/09/2025 22:00,25/09/2025,22,2025,September,Thursday
25/09/2025 23:00,25/09/2025,23,2025,September,Thursday
26/09/2025 0:00,26/09/2025,0,2025,September,Friday
26/09/2025 1:00,26/09/2025,1,2025,September,Friday
26/09/2025 2:00,26/09/2025,2,2025,September,Friday
26/09/2025 3:00,26/09/2025,3,2025,September,Friday
26/09/2025 4:00,26/09/2025,4,2025,September,Friday
26/09/2025 5:00,26/09/2025,5,2025,September,Friday
26/09/2025 6:00,26/09/2025,6,2025,September,Friday
26/09/2025 7:00,26/09/2025,7,2025,September,Friday
26/09/2025 8:00,26/09/2025,8,2025,September,Friday
26/09/2025 9:00,26/09/2025,9,2025,September,Friday
26/09/2025 10:00,26/09/2025,10,2025,September,Friday
26/09/2025 11:00,26/09/2025,11,2025,September,Friday
26/09/2025 12:00,26/09/2025,12,2025,September,Friday
26/09/2025 13:00,26/09/2025,13,2025,September,Friday
26/09/2025 14:00,26/09/2025,14,2025,September,Friday
26/09/2025 15:00,26/09/2025,15,2025,September,Friday
26/09/2025 16:00,26/09/2025,16,2025,September,Friday
26/09/2025 17:00,26/09/2025,17,2025,September,Friday
26/09/2025 18:00,26/09/2025,18,2025,September,Friday
26/09/2025 19:00,26/09/2025,19,2025,September,Friday
26/09/2025 20:00,26/09/2025,20,2025,September,Friday
26/09/2025 21:00,26/09/2025,21,2025,September,Friday
26/09/2025 22:00,26/09/2025,22,2025,September,Friday
26/09/2025 23:00,26/09/2025,23,2025,September,Friday
27/09/2025 0:00,27/09/2025,0,2025,September,Saturday
27/09/2025 1:00,27/09/2025,1,2025,September,Saturday
27/09/2025 2:00,27/09/2025,2,2025,September,Saturday
27/09/2025 3:00,27/09/2025,3,2025,September,Saturday
27/09/2025 4:00,27/09/2025,4,2025,September,Saturday
27/09/2025 5:00,27/09/2025,5,2025,September,Saturday
27/09/2025 6:00,27/09/2025,6,2025,September,Saturday
27/09/2025 7:00,27/09/2025,7,2025,September,Saturday
27/09/2025 8:00,27/09/2025,8,2025,September,Saturday
27/09/2025 9:00,27/09/2025,9,2025,September,Saturday
27/09/2025 10:00,27/09/2025,10,2025,September,Saturday
27/09/2025 11:00,27/09/2025,11,2025,September,Saturday
27/09/2025 12:00,27/09/2025,12,2025,September,Saturday
27/09/2025 13:00,27/09/2025,13,2025,September,Saturday
27/09/2025 14:00,27/09/2025,14,2025,September,Saturday
27/09/2025 15:00,27/09/2025,15,2025,September,Saturday
27/09/2025 16:00,27/09/2025,16,2025,September,Saturday
27/09/2025 17:00,27/09/2025,17,2025,September,Saturday
27/09/2025 18:00,27/09/2025,18,2025,September,Saturday
27/09/2025 19:00,27/09/2025,19,2025,September,Saturday
27/09/2025 20:00,27/09/2025,20,2025,September,Saturday
27/09/2025 21:00,27/09/2025,21,2025,September,Saturday
27/09/2025 22:00,27/09/2025,22,2025,September,Saturday
27/09/2025 23:00,27/09/2025,23,2025,September,Saturday
28/09/2025 0:00,28/09/2025,0,2025,September,Sunday
28/09/2025 1:00,28/09/2025,1,2025,September,Sunday
28/09/2025 2:00,28/09/2025,2,2025,September,Sunday
28/09/2025 3:00,28/09/2025,3,2025,September,Sunday
28/09/2025 4:00,28/09/2025,4,2025,September,Sunday
28/09/2025 5:00,28/09/2025,5,2025,September,Sunday
28/09/2025 6:00,28/09/2025,6,2025,September,Sunday
28/09/2025 7:00,28/09/2025,7,2025,September,Sunday
28/09/2025 8:00,28/09/2025,8,2025,September,Sunday
28/09/2025 9:00,28/09/2025,9,2025,September,Sunday
28/09/2025 10:00,28/09/2025,10,2025,September,Sunday
28/09/2025 11:00,28/09/2025,11,2025,September,Sunday
28/09/2025 12:00,28/09/2025,12,2025,September,Sunday
28/09/2025 13:00,28/09/2025,13,2025,September,Sunday
28/09/2025 14:00,28/09/2025,14,2025,September,Sunday
28/09/2025 15:00,28/09/2025,15,2025,September,Sunday
28/09/2025 16:00,28/09/2025,16,2025,September,Sunday
28/09/2025 17:00,28/09/2025,17,2025,September,Sunday
28/09/2025 18:00,28/09/2025,18,2025,September,Sunday
28/09/2025 19:00,28/09/2025,19,2025,September,Sunday
28/09/2025 20:00,28/09/2025,20,2025,September,Sunday
28/09/2025 21:00,28/09/2025,21,2025,September,Sunday
28/09/2025 22:00,28/09/2025,22,2025,September,Sunday
28/09/2025 23:00,28/09/2025,23,2025,September,Sunday
29/09/2025 0:00,29/09/2025,0,2025,September,Monday
29/09/2025 1:00,29/09/2025,1,2025,September,Monday
29/09/2025 2:00,29/09/2025,2,2025,September,Monday
29/09/2025 3:00,29/09/2025,3,2025,September,Monday
29/09/2025 4:00,29/09/2025,4,2025,September,Monday
29/09/2025 5:00,29/09/2025,5,2025,September,Monday
29/09/2025 6:00,29/09/2025,6,2025,September,Monday
29/09/2025 7:00,29/09/2025,7,2025,September,Monday
29/09/2025 8:00,29/09/2025,8,2025,September,Monday
29/09/2025 9:00,29/09/2025,9,2025,September,Monday
29/09/2025 10:00,29/09/2025,10,2025,September,Monday
29/09/2025 11:00,29/09/2025,11,2025,September,Monday
29/09/2025 12:00,29/09/2025,12,2025,September,Monday
29/09/2025 13:00,29/09/2025,13,2025,September,Monday
29/09/2025 14:00,29/09/2025,14,2025,September,Monday
29/09/2025 15:00,29/09/2025,15,2025,September,Monday
29/09/2025 16:00,29/09/2025,16,2025,September,Monday
29/09/2025 17:00,29/09/2025,17,2025,September,Monday
29/09/2025 18:00,29/09/2025,18,2025,September,Monday
29/09/2025 19:00,29/09/2025,19,2025,September,Monday
29/09/2025 20:00,29/09/2025,20,2025,September,Monday
29/09/2025 21:00,29/09/2025,21,2025,September,Monday
29/09/2025 22:00,29/09/2025,22,2025,September,Monday
29/09/2025 23:00,29/09/2025,23,2025,September,Monday
30/09/2025 0:00,30/09/2025,0,2025,September,Tuesday
30/09/2025 1:00,30/09/2025,1,2025,September,Tuesday
30/09/2025 2:00,30/09/2025,2,2025,September,Tuesday
30/09/2025 3:00,30/09/2025,3,2025,September,Tuesday
30/09/2025 4:00,30/09/2025,4,2025,September,Tuesday
30/09/2025 5:00,30/09/2025,5,2025,September,Tuesday
30/09/2025 6:00,30/09/2025,6,2025,September,Tuesday
30/09/2025 7:00,30/09/2025,7,2025,September,Tuesday
30/09/2025 8:00,30/09/2025,8,2025,September,Tuesday
30/09/2025 9:00,30/09/2025,9,2025,September,Tuesday
30/09/2025 10:00,30/09/2025,10,2025,September,Tuesday
30/09/2025 11:00,30/09/2025,11,2025,September,Tuesday
30/09/2025 12:00,30/09/2025,12,2025,September,Tuesday
30/09/2025 13:00,30/09/2025,13,2025,September,Tuesday
30/09/2025 14:00,30/09/2025,14,2025,September,Tuesday
30/09/2025 15:00,30/09/2025,15,2025,September,Tuesday
30/09/2025 16:00,30/09/2025,16,2025,September,Tuesday
30/09/2025 17:00,30/09/2025,17,2025,September,Tuesday
30/09/2025 18:00,30/09/2025,18,2025,September,Tuesday
30/09/2025 19:00,30/09/2025,19,2025,September,Tuesday
30/09/2025 20:00,30/09/2025,20,2025,September,Tuesday
30/09/2025 21:00,30/09/2025,21,2025,September,Tuesday
30/09/2025 22:00,30/09/2025,22,2025,September,Tuesday
30/09/2025 23:00,30/09/2025,23,2025,September,Tuesday
01/10/2025 0:00,01/10/2025,0,2025,October,Wednesday
01/10/2025 1:00,01/10/2025,1,2025,October,Wednesday
01/10/2025 2:00,01/10/2025,2,2025,October,Wednesday
01/10/2025 3:00,01/10/2025,3,2025,October,Wednesday
01/10/2025 4:00,01/10/2025,4,2025,October,Wednesday
01/10/2025 5:00,01/10/2025,5,2025,October,Wednesday
01/10/2025 6:00,01/10/2025,6,2025,October,Wednesday
01/10/2025 7:00,01/10/2025,7,2025,October,Wednesday
01/10/2025 8:00,01/10/2025,8,2025,October,Wednesday
01/10/2025 9:00,01/10/2025,9,2025,October,Wednesday
01/10/2025 10:00,01/10/2025,10,2025,October,Wednesday
01/10/2025 11:00,01/10/2025,11,2025,October,Wednesday
01/10/2025 12:00,01/10/2025,12,2025,October,Wednesday
01/10/2025 13:00,01/10/2025,13,2025,October,Wednesday
01/10/2025 14:00,01/10/2025,14,2025,October,Wednesday
01/10/2025 15:00,01/10/2025,15,2025,October,Wednesday
01/10/2025 16:00,01/10/2025,16,2025,October,Wednesday
01/10/2025 17:00,01/10/2025,17,2025,October,Wednesday
01/10/2025 18:00,01/10/2025,18,2025,October,Wednesday
01/10/2025 19:00,01/10/2025,19,2025,October,Wednesday
01/10/2025 20:00,01/10/2025,20,2025,October,Wednesday
01/10/2025 21:00,01/10/2025,21,2025,October,Wednesday
01/10/2025 22:00,01/10/2025,22,2025,October,Wednesday
01/10/2025 23:00,01/10/2025,23,2025,October,Wednesday
02/10/2025 0:00,02/10/2025,0,2025,October,Thursday
02/10/2025 1:00,02/10/2025,1,2025,October,Thursday
02/10/2025 2:00,02/10/2025,2,2025,October,Thursday
02/10/2025 3:00,02/10/2025,3,2025,October,Thursday
02/10/2025 4:00,02/10/2025,4,2025,October,Thursday
02/10/2025 5:00,02/10/2025,5,2025,October,Thursday
02/10/2025 6:00,02/10/2025,6,2025,October,Thursday
02/10/2025 7:00,02/10/2025,7,2025,October,Thursday
02/10/2025 8:00,02/10/2025,8,2025,October,Thursday
02/10/2025 9:00,02/10/2025,9,2025,October,Thursday
02/10/2025 10:00,02/10/2025,10,2025,October,Thursday
02/10/2025 11:00,02/10/2025,11,2025,October,Thursday
02/10/2025 12:00,02/10/2025,12,2025,October,Thursday
02/10/2025 13:00,02/10/2025,13,2025,October,Thursday
02/10/2025 14:00,02/10/2025,14,2025,October,Thursday
02/10/2025 15:00,02/10/2025,15,2025,October,Thursday
02/10/2025 16:00,02/10/2025,16,2025,October,Thursday
02/10/2025 17:00,02/10/2025,17,2025,October,Thursday
02/10/2025 18:00,02/10/2025,18,2025,October,Thursday
02/10/2025 19:00,02/10/2025,19,2025,October,Thursday
02/10/2025 20:00,02/10/2025,20,2025,October,Thursday
02/10/2025 21:00,02/10/2025,21,2025,October,Thursday
02/10/2025 22:00,02/10/2025,22,2025,October,Thursday
02/10/2025 23:00,02/10/2025,23,2025,October,Thursday
03/10/2025 0:00,03/10/2025,0,2025,October,Friday
03/10/2025 1:00,03/10/2025,1,2025,October,Friday
03/10/2025 2:00,03/10/2025,2,2025,October,Friday
03/10/2025 3:00,03/10/2025,3,2025,October,Friday
03/10/2025 4:00,03/10/2025,4,2025,October,Friday
03/10/2025 5:00,03/10/2025,5,2025,October,Friday
03/10/2025 6:00,03/10/2025,6,2025,October,Friday
03/10/2025 7:00,03/10/2025,7,2025,October,Friday
03/10/2025 8:00,03/10/2025,8,2025,October,Friday
03/10/2025 9:00,03/10/2025,9,2025,October,Friday
03/10/2025 10:00,03/10/2025,10,2025,October,Friday
03/10/2025 11:00,03/10/2025,11,2025,October,Friday
03/10/2025 12:00,03/10/2025,12,2025,October,Friday
03/10/2025 13:00,03/10/2025,13,2025,October,Friday
03/10/2025 14:00,03/10/2025,14,2025,October,Friday
03/10/2025 15:00,03/10/2025,15,2025,October,Friday
03/10/2025 16:00,03/10/2025,16,2025,October,Friday
03/10/2025 17:00,03/10/2025,17,2025,October,Friday
03/10/2025 18:00,03/10/2025,18,2025,October,Friday
03/10/2025 19:00,03/10/2025,19,2025,October,Friday
03/10/2025 20:00,03/10/2025,20,2025,October,Friday
03/10/2025 21:00,03/10/2025,21,2025,October,Friday
03/10/2025 22:00,03/10/2025,22,2025,October,Friday
03/10/2025 23:00,03/10/2025,23,2025,October,Friday
04/10/2025 0:00,04/10/2025,0,2025,October,Saturday
04/10/2025 1:00,04/10/2025,1,2025,October,Saturday
04/10/2025 2:00,04/10/2025,2,2025,October,Saturday
04/10/2025 3:00,04/10/2025,3,2025,October,Saturday
04/10/2025 4:00,04/10/2025,4,2025,October,Saturday
04/10/2025 5:00,04/10/2025,5,2025,October,Saturday
04/10/2025 6:00,04/10/2025,6,2025,October,Saturday
04/10/2025 7:00,04/10/2025,7,2025,October,Saturday
04/10/2025 8:00,04/10/2025,8,2025,October,Saturday
04/10/2025 9:00,04/10/2025,9,2025,October,Saturday
04/10/2025 10:00,04/10/2025,10,2025,October,Saturday
04/10/2025 11:00,04/10/2025,11,2025,October,Saturday
04/10/2025 12:00,04/10/2025,12,2025,October,Saturday
04/10/2025 13:00,04/10/2025,13,2025,October,Saturday
04/10/2025 14:00,04/10/2025,14,2025,October,Saturday
04/10/2025 15:00,04/10/2025,15,2025,October,Saturday
04/10/2025 16:00,04/10/2025,16,2025,October,Saturday
04/10/2025 17:00,04/10/2025,17,2025,October,Saturday
04/10/2025 18:00,04/10/2025,18,2025,October,Saturday
04/10/2025 19:00,04/10/2025,19,2025,October,Saturday
04/10/2025 20:00,04/10/2025,20,2025,October,Saturday
04/10/2025 21:00,04/10/2025,21,2025,October,Saturday
04/10/2025 22:00,04/10/2025,22,2025,October,Saturday
04/10/2025 23:00,04/10/2025,23,2025,October,Saturday
05/10/2025 0:00,05/10/2025,0,2025,October,Sunday
05/10/2025 1:00,05/10/2025,1,2025,October,Sunday
05/10/2025 2:00,05/10/2025,2,2025,October,Sunday
05/10/2025 3:00,05/10/2025,3,2025,October,Sunday
05/10/2025 4:00,05/10/2025,4,2025,October,Sunday
05/10/2025 5:00,05/10/2025,5,2025,October,Sunday
05/10/2025 6:00,05/10/2025,6,2025,October,Sunday
05/10/2025 7:00,05/10/2025,7,2025,October,Sunday
05/10/2025 8:00,05/10/2025,8,2025,October,Sunday
05/10/2025 9:00,05/10/2025,9,2025,October,Sunday
05/10/2025 10:00,05/10/2025,10,2025,October,Sunday
05/10/2025 11:00,05/10/2025,11,2025,October,Sunday
05/10/2025 12:00,05/10/2025,12,2025,October,Sunday
05/10/2025 13:00,05/10/2025,13,2025,October,Sunday
05/10/2025 14:00,05/10/2025,14,2025,October,Sunday
05/10/2025 15:00,05/10/2025,15,2025,October,Sunday
05/10/2025 16:00,05/10/2025,16,2025,October,Sunday
05/10/2025 17:00,05/10/2025,17,2025,October,Sunday
05/10/2025 18:00,05/10/2025,18,2025,October,Sunday
05/10/2025 19:00,05/10/2025,19,2025,October,Sunday
05/10/2025 20:00,05/10/2025,20,2025,October,Sunday
05/10/2025 21:00,05/10/2025,21,2025,October,Sunday
05/10/2025 22:00,05/10/2025,22,2025,October,Sunday
05/10/2025 23:00,05/10/2025,23,2025,October,Sunday
06/10/2025 0:00,06/10/2025,0,2025,October,Monday
06/10/2025 1:00,06/10/2025,1,2025,October,Monday
06/10/2025 2:00,06/10/2025,2,2025,October,Monday
06/10/2025 3:00,06/10/2025,3,2025,October,Monday
06/10/2025 4:00,06/10/2025,4,2025,October,Monday
06/10/2025 5:00,06/10/2025,5,2025,October,Monday
06/10/2025 6:00,06/10/2025,6,2025,October,Monday
06/10/2025 7:00,06/10/2025,7,2025,October,Monday
06/10/2025 8:00,06/10/2025,8,2025,October,Monday
06/10/2025 9:00,06/10/2025,9,2025,October,Monday
06/10/2025 10:00,06/10/2025,10,2025,October,Monday
06/10/2025 11:00,06/10/2025,11,2025,October,Monday
06/10/2025 12:00,06/10/2025,12,2025,October,Monday
06/10/2025 13:00,06/10/2025,13,2025,October,Monday
06/10/2025 14:00,06/10/2025,14,2025,October,Monday
06/10/2025 15:00,06/10/2025,15,2025,October,Monday
06/10/2025 16:00,06/10/2025,16,2025,October,Monday
06/10/2025 17:00,06/10/2025,17,2025,October,Monday
06/10/2025 18:00,06/10/2025,18,2025,October,Monday
06/10/2025 19:00,06/10/2025,19,2025,October,Monday
06/10/2025 20:00,06/10/2025,20,2025,October,Monday
06/10/2025 21:00,06/10/2025,21,2025,October,Monday
06/10/2025 22:00,06/10/2025,22,2025,October,Monday
06/10/2025 23:00,06/10/2025,23,2025,October,Monday
07/10/2025 0:00,07/10/2025,0,2025,October,Tuesday
07/10/2025 1:00,07/10/2025,1,2025,October,Tuesday
07/10/2025 2:00,07/10/2025,2,2025,October,Tuesday
07/10/2025 3:00,07/10/2025,3,2025,October,Tuesday
07/10/2025 4:00,07/10/2025,4,2025,October,Tuesday
07/10/2025 5:00,07/10/2025,5,2025,October,Tuesday
07/10/2025 6:00,07/10/2025,6,2025,October,Tuesday
07/10/2025 7:00,07/10/2025,7,2025,October,Tuesday
07/10/2025 8:00,07/10/2025,8,2025,October,Tuesday
07/10/2025 9:00,07/10/2025,9,2025,October,Tuesday
07/10/2025 10:00,07/10/2025,10,2025,October,Tuesday
07/10/2025 11:00,07/10/2025,11,2025,October,Tuesday
07/10/2025 12:00,07/10/2025,12,2025,October,Tuesday
07/10/2025 13:00,07/10/2025,13,2025,October,Tuesday
07/10/2025 14:00,07/10/2025,14,2025,October,Tuesday
07/10/2025 15:00,07/10/2025,15,2025,October,Tuesday
07/10/2025 16:00,07/10/2025,16,2025,October,Tuesday
07/10/2025 17:00,07/10/2025,17,2025,October,Tuesday
07/10/2025 18:00,07/10/2025,18,2025,October,Tuesday
07/10/2025 19:00,07/10/2025,19,2025,October,Tuesday
07/10/2025 20:00,07/10/2025,20,2025,October,Tuesday
07/10/2025 21:00,07/10/2025,21,2025,October,Tuesday
07/10/2025 22:00,07/10/2025,22,2025,October,Tuesday
07/10/2025 23:00,07/10/2025,23,2025,October,Tuesday
08/10/2025 0:00,08/10/2025,0,2025,October,Wednesday
08/10/2025 1:00,08/10/2025,1,2025,October,Wednesday
08/10/2025 2:00,08/10/2025,2,2025,October,Wednesday
08/10/2025 3:00,08/10/2025,3,2025,October,Wednesday
08/10/2025 4:00,08/10/2025,4,2025,October,Wednesday
08/10/2025 5:00,08/10/2025,5,2025,October,Wednesday
08/10/2025 6:00,08/10/2025,6,2025,October,Wednesday
08/10/2025 7:00,08/10/2025,7,2025,October,Wednesday
08/10/2025 8:00,08/10/2025,8,2025,October,Wednesday
08/10/2025 9:00,08/10/2025,9,2025,October,Wednesday
08/10/2025 10:00,08/10/2025,10,2025,October,Wednesday
08/10/2025 11:00,08/10/2025,11,2025,October,Wednesday
08/10/2025 12:00,08/10/2025,12,2025,October,Wednesday
08/10/2025 13:00,08/10/2025,13,2025,October,Wednesday
08/10/2025 14:00,08/10/2025,14,2025,October,Wednesday
08/10/2025 15:00,08/10/2025,15,2025,October,Wednesday
08/10/2025 16:00,08/10/2025,16,2025,October,Wednesday
08/10/2025 17:00,08/10/2025,17,2025,October,Wednesday
08/10/2025 18:00,08/10/2025,18,2025,October,Wednesday
08/10/2025 19:00,08/10/2025,19,2025,October,Wednesday
08/10/2025 20:00,08/10/2025,20,2025,October,Wednesday
08/10/2025 21:00,08/10/2025,21,2025,October,Wednesday
08/10/2025 22:00,08/10/2025,22,2025,October,Wednesday
08/10/2025 23:00,08/10/2025,23,2025,October,Wednesday
09/10/2025 0:00,09/10/2025,0,2025,October,Thursday
09/10/2025 1:00,09/10/2025,1,2025,October,Thursday
09/10/2025 2:00,09/10/2025,2,2025,October,Thursday
09/10/2025 3:00,09/10/2025,3,2025,October,Thursday
09/10/2025 4:00,09/10/2025,4,2025,October,Thursday
09/10/2025 5:00,09/10/2025,5,2025,October,Thursday
09/10/2025 6:00,09/10/2025,6,2025,October,Thursday
09/10/2025 7:00,09/10/2025,7,2025,October,Thursday
09/10/2025 8:00,09/10/2025,8,2025,October,Thursday
09/10/2025 9:00,09/10/2025,9,2025,October,Thursday
09/10/2025 10:00,09/10/2025,10,2025,October,Thursday
09/10/2025 11:00,09/10/2025,11,2025,October,Thursday
09/10/2025 12:00,09/10/2025,12,2025,October,Thursday
09/10/2025 13:00,09/10/2025,13,2025,October,Thursday
09/10/2025 14:00,09/10/2025,14,2025,October,Thursday
09/10/2025 15:00,09/10/2025,15,2025,October,Thursday
09/10/2025 16:00,09/10/2025,16,2025,October,Thursday
09/10/2025 17:00,09/10/2025,17,2025,October,Thursday
09/10/2025 18:00,09/10/2025,18,2025,October,Thursday
09/10/2025 19:00,09/10/2025,19,2025,October,Thursday
09/10/2025 20:00,09/10/2025,20,2025,October,Thursday
09/10/2025 21:00,09/10/2025,21,2025,October,Thursday
09/10/2025 22:00,09/10/2025,22,2025,October,Thursday
09/10/2025 23:00,09/10/2025,23,2025,October,Thursday
10/10/2025 0:00,10/10/2025,0,2025,October,Friday
10/10/2025 1:00,10/10/2025,1,2025,October,Friday
10/10/2025 2:00,10/10/2025,2,2025,October,Friday
10/10/2025 3:00,10/10/2025,3,2025,October,Friday
10/10/2025 4:00,10/10/2025,4,2025,October,Friday
10/10/2025 5:00,10/10/2025,5,2025,October,Friday
10/10/2025 6:00,10/10/2025,6,2025,October,Friday
10/10/2025 7:00,10/10/2025,7,2025,October,Friday
10/10/2025 8:00,10/10/2025,8,2025,October,Friday
10/10/2025 9:00,10/10/2025,9,2025,October,Friday
10/10/2025 10:00,10/10/2025,10,2025,October,Friday
10/10/2025 11:00,10/10/2025,11,2025,October,Friday
10/10/2025 12:00,10/10/2025,12,2025,October,Friday
10/10/2025 13:00,10/10/2025,13,2025,October,Friday
10/10/2025 14:00,10/10/2025,14,2025,October,Friday
10/10/2025 15:00,10/10/2025,15,2025,October,Friday
10/10/2025 16:00,10/10/2025,16,2025,October,Friday
10/10/2025 17:00,10/10/2025,17,2025,October,Friday
10/10/2025 18:00,10/10/2025,18,2025,October,Friday
10/10/2025 19:00,10/10/2025,19,2025,October,Friday
10/10/2025 20:00,10/10/2025,20,2025,October,Friday
10/10/2025 21:00,10/10/2025,21,2025,October,Friday
10/10/2025 22:00,10/10/2025,22,2025,October,Friday
10/10/2025 23:00,10/10/2025,23,2025,October,Friday
11/10/2025 0:00,11/10/2025,0,2025,October,Saturday
11/10/2025 1:00,11/10/2025,1,2025,October,Saturday
11/10/2025 2:00,11/10/2025,2,2025,October,Saturday
11/10/2025 3:00,11/10/2025,3,2025,October,Saturday
11/10/2025 4:00,11/10/2025,4,2025,October,Saturday
11/10/2025 5:00,11/10/2025,5,2025,October,Saturday
11/10/2025 6:00,11/10/2025,6,2025,October,Saturday
11/10/2025 7:00,11/10/2025,7,2025,October,Saturday
11/10/2025 8:00,11/10/2025,8,2025,October,Saturday
11/10/2025 9:00,11/10/2025,9,2025,October,Saturday
11/10/2025 10:00,11/10/2025,10,2025,October,Saturday
11/10/2025 11:00,11/10/2025,11,2025,October,Saturday
11/10/2025 12:00,11/10/2025,12,2025,October,Saturday
11/10/2025 13:00,11/10/2025,13,2025,October,Saturday
11/10/2025 14:00,11/10/2025,14,2025,October,Saturday
11/10/2025 15:00,11/10/2025,15,2025,October,Saturday
11/10/2025 16:00,11/10/2025,16,2025,October,Saturday
11/10/2025 17:00,11/10/2025,17,2025,October,Saturday
11/10/2025 18:00,11/10/2025,18,2025,October,Saturday
11/10/2025 19:00,11/10/2025,19,2025,October,Saturday
11/10/2025 20:00,11/10/2025,20,2025,October,Saturday
11/10/2025 21:00,11/10/2025,21,2025,October,Saturday
11/10/2025 22:00,11/10/2025,22,2025,October,Saturday
11/10/2025 23:00,11/10/2025,23,2025,October,Saturday
12/10/2025 0:00,12/10/2025,0,2025,October,Sunday
12/10/2025 1:00,12/10/2025,1,2025,October,Sunday
12/10/2025 2:00,12/10/2025,2,2025,October,Sunday
12/10/2025 3:00,12/10/2025,3,2025,October,Sunday
12/10/2025 4:00,12/10/2025,4,2025,October,Sunday
12/10/2025 5:00,12/10/2025,5,2025,October,Sunday
12/10/2025 6:00,12/10/2025,6,2025,October,Sunday
12/10/2025 7:00,12/10/2025,7,2025,October,Sunday
12/10/2025 8:00,12/10/2025,8,2025,October,Sunday
12/10/2025 9:00,12/10/2025,9,2025,October,Sunday
12/10/2025 10:00,12/10/2025,10,2025,October,Sunday
12/10/2025 11:00,12/10/2025,11,2025,October,Sunday
12/10/2025 12:00,12/10/2025,12,2025,October,Sunday
12/10/2025 13:00,12/10/2025,13,2025,October,Sunday
12/10/2025 14:00,12/10/2025,14,2025,October,Sunday
12/10/2025 15:00,12/10/2025,15,2025,October,Sunday
12/10/2025 16:00,12/10/2025,16,2025,October,Sunday
12/10/2025 17:00,12/10/2025,17,2025,October,Sunday
12/10/2025 18:00,12/10/2025,18,2025,October,Sunday
12/10/2025 19:00,12/10/2025,19,2025,October,Sunday
12/10/2025 20:00,12/10/2025,20,2025,October,Sunday
12/10/2025 21:00,12/10/2025,21,2025,October,Sunday
12/10/2025 22:00,12/10/2025,22,2025,October,Sunday
12/10/2025 23:00,12/10/2025,23,2025,October,Sunday
13/10/2025 0:00,13/10/2025,0,2025,October,Monday
13/10/2025 1:00,13/10/2025,1,2025,October,Monday
13/10/2025 2:00,13/10/2025,2,2025,October,Monday
13/10/2025 3:00,13/10/2025,3,2025,October,Monday
13/10/2025 4:00,13/10/2025,4,2025,October,Monday
13/10/2025 5:00,13/10/2025,5,2025,October,Monday
13/10/2025 6:00,13/10/2025,6,2025,October,Monday
13/10/2025 7:00,13/10/2025,7,2025,October,Monday
13/10/2025 8:00,13/10/2025,8,2025,October,Monday
13/10/2025 9:00,13/10/2025,9,2025,October,Monday
13/10/2025 10:00,13/10/2025,10,2025,October,Monday
13/10/2025 11:00,13/10/2025,11,2025,October,Monday
13/10/2025 12:00,13/10/2025,12,2025,October,Monday
13/10/2025 13:00,13/10/2025,13,2025,October,Monday
13/10/2025 14:00,13/10/2025,14,2025,October,Monday
13/10/2025 15:00,13/10/2025,15,2025,October,Monday
13/10/2025 16:00,13/10/2025,16,2025,October,Monday
13/10/2025 17:00,13/10/2025,17,2025,October,Monday
13/10/2025 18:00,13/10/2025,18,2025,October,Monday
13/10/2025 19:00,13/10/2025,19,2025,October,Monday
13/10/2025 20:00,13/10/2025,20,2025,October,Monday
13/10/2025 21:00,13/10/2025,21,2025,October,Monday
13/10/2025 22:00,13/10/2025,22,2025,October,Monday
13/10/2025 23:00,13/10/2025,23,2025,October,Monday
14/10/2025 0:00,14/10/2025,0,2025,October,Tuesday
14/10/2025 1:00,14/10/2025,1,2025,October,Tuesday
14/10/2025 2:00,14/10/2025,2,2025,October,Tuesday
14/10/2025 3:00,14/10/2025,3,2025,October,Tuesday
14/10/2025 4:00,14/10/2025,4,2025,October,Tuesday
14/10/2025 5:00,14/10/2025,5,2025,October,Tuesday
14/10/2025 6:00,14/10/2025,6,2025,October,Tuesday
14/10/2025 7:00,14/10/2025,7,2025,October,Tuesday
14/10/2025 8:00,14/10/2025,8,2025,October,Tuesday
14/10/2025 9:00,14/10/2025,9,2025,October,Tuesday
14/10/2025 10:00,14/10/2025,10,2025,October,Tuesday
14/10/2025 11:00,14/10/2025,11,2025,October,Tuesday
14/10/2025 12:00,14/10/2025,12,2025,October,Tuesday
14/10/2025 13:00,14/10/2025,13,2025,October,Tuesday
14/10/2025 14:00,14/10/2025,14,2025,October,Tuesday
14/10/2025 15:00,14/10/2025,15,2025,October,Tuesday
14/10/2025 16:00,14/10/2025,16,2025,October,Tuesday
14/10/2025 17:00,14/10/2025,17,2025,October,Tuesday
14/10/2025 18:00,14/10/2025,18,2025,October,Tuesday
14/10/2025 19:00,14/10/2025,19,2025,October,Tuesday
14/10/2025 20:00,14/10/2025,20,2025,October,Tuesday
14/10/2025 21:00,14/10/2025,21,2025,October,Tuesday
14/10/2025 22:00,14/10/2025,22,2025,October,Tuesday
14/10/2025 23:00,14/10/2025,23,2025,October,Tuesday
15/10/2025 0:00,15/10/2025,0,2025,October,Wednesday
15/10/2025 1:00,15/10/2025,1,2025,October,Wednesday
15/10/2025 2:00,15/10/2025,2,2025,October,Wednesday
15/10/2025 3:00,15/10/2025,3,2025,October,Wednesday
15/10/2025 4:00,15/10/2025,4,2025,October,Wednesday
15/10/2025 5:00,15/10/2025,5,2025,October,Wednesday
15/10/2025 6:00,15/10/2025,6,2025,October,Wednesday
15/10/2025 7:00,15/10/2025,7,2025,October,Wednesday
15/10/2025 8:00,15/10/2025,8,2025,October,Wednesday
15/10/2025 9:00,15/10/2025,9,2025,October,Wednesday
15/10/2025 10:00,15/10/2025,10,2025,October,Wednesday
15/10/2025 11:00,15/10/2025,11,2025,October,Wednesday
15/10/2025 12:00,15/10/2025,12,2025,October,Wednesday
15/10/2025 13:00,15/10/2025,13,2025,October,Wednesday
15/10/2025 14:00,15/10/2025,14,2025,October,Wednesday
15/10/2025 15:00,15/10/2025,15,2025,October,Wednesday
15/10/2025 16:00,15/10/2025,16,2025,October,Wednesday
15/10/2025 17:00,15/10/2025,17,2025,October,Wednesday
15/10/2025 18:00,15/10/2025,18,2025,October,Wednesday
15/10/2025 19:00,15/10/2025,19,2025,October,Wednesday
15/10/2025 20:00,15/10/2025,20,2025,October,Wednesday
15/10/2025 21:00,15/10/2025,21,2025,October,Wednesday
15/10/2025 22:00,15/10/2025,22,2025,October,Wednesday
15/10/2025 23:00,15/10/2025,23,2025,October,Wednesday
16/10/2025 0:00,16/10/2025,0,2025,October,Thursday
16/10/2025 1:00,16/10/2025,1,2025,October,Thursday
16/10/2025 2:00,16/10/2025,2,2025,October,Thursday
16/10/2025 3:00,16/10/2025,3,2025,October,Thursday
16/10/2025 4:00,16/10/2025,4,2025,October,Thursday
16/10/2025 5:00,16/10/2025,5,2025,October,Thursday
16/10/2025 6:00,16/10/2025,6,2025,October,Thursday
16/10/2025 7:00,16/10/2025,7,2025,October,Thursday
16/10/2025 8:00,16/10/2025,8,2025,October,Thursday
16/10/2025 9:00,16/10/2025,9,2025,October,Thursday
16/10/2025 10:00,16/10/2025,10,2025,October,Thursday
16/10/2025 11:00,16/10/2025,11,2025,October,Thursday
16/10/2025 12:00,16/10/2025,12,2025,October,Thursday
16/10/2025 13:00,16/10/2025,13,2025,October,Thursday
16/10/2025 14:00,16/10/2025,14,2025,October,Thursday
16/10/2025 15:00,16/10/2025,15,2025,October,Thursday
16/10/2025 16:00,16/10/2025,16,2025,October,Thursday
16/10/2025 17:00,16/10/2025,17,2025,October,Thursday
16/10/2025 18:00,16/10/2025,18,2025,October,Thursday
16/10/2025 19:00,16/10/2025,19,2025,October,Thursday
16/10/2025 20:00,16/10/2025,20,2025,October,Thursday
16/10/2025 21:00,16/10/2025,21,2025,October,Thursday
16/10/2025 22:00,16/10/2025,22,2025,October,Thursday
16/10/2025 23:00,16/10/2025,23,2025,October,Thursday
17/10/2025 0:00,17/10/2025,0,2025,October,Friday
17/10/2025 1:00,17/10/2025,1,2025,October,Friday
17/10/2025 2:00,17/10/2025,2,2025,October,Friday
17/10/2025 3:00,17/10/2025,3,2025,October,Friday
17/10/2025 4:00,17/10/2025,4,2025,October,Friday
17/10/2025 5:00,17/10/2025,5,2025,October,Friday
17/10/2025 6:00,17/10/2025,6,2025,October,Friday
17/10/2025 7:00,17/10/2025,7,2025,October,Friday
17/10/2025 8:00,17/10/2025,8,2025,October,Friday
17/10/2025 9:00,17/10/2025,9,2025,October,Friday
17/10/2025 10:00,17/10/2025,10,2025,October,Friday
17/10/2025 11:00,17/10/2025,11,2025,October,Friday
17/10/2025 12:00,17/10/2025,12,2025,October,Friday
17/10/2025 13:00,17/10/2025,13,2025,October,Friday
17/10/2025 14:00,17/10/2025,14,2025,October,Friday
17/10/2025 15:00,17/10/2025,15,2025,October,Friday
17/10/2025 16:00,17/10/2025,16,2025,October,Friday
17/10/2025 17:00,17/10/2025,17,2025,October,Friday
17/10/2025 18:00,17/10/2025,18,2025,October,Friday
17/10/2025 19:00,17/10/2025,19,2025,October,Friday
17/10/2025 20:00,17/10/2025,20,2025,October,Friday
17/10/2025 21:00,17/10/2025,21,2025,October,Friday
17/10/2025 22:00,17/10/2025,22,2025,October,Friday
17/10/2025 23:00,17/10/2025,23,2025,October,Friday
18/10/2025 0:00,18/10/2025,0,2025,October,Saturday
18/10/2025 1:00,18/10/2025,1,2025,October,Saturday
18/10/2025 2:00,18/10/2025,2,2025,October,Saturday
18/10/2025 3:00,18/10/2025,3,2025,October,Saturday
18/10/2025 5:00,18/10/2025,5,2025,October,Saturday
18/10/2025 6:00,18/10/2025,6,2025,October,Saturday
18/10/2025 7:00,18/10/2025,7,2025,October,Saturday
18/10/2025 8:00,18/10/2025,8,2025,October,Saturday
18/10/2025 9:00,18/10/2025,9,2025,October,Saturday
18/10/2025 10:00,18/10/2025,10,2025,October,Saturday
18/10/2025 11:00,18/10/2025,11,2025,October,Saturday
18/10/2025 12:00,18/10/2025,12,2025,October,Saturday
18/10/2025 13:00,18/10/2025,13,2025,October,Saturday
18/10/2025 14:00,18/10/2025,14,2025,October,Saturday
18/10/2025 15:00,18/10/2025,15,2025,October,Saturday
18/10/2025 16:00,18/10/2025,16,2025,October,Saturday
18/10/2025 17:00,18/10/2025,17,2025,October,Saturday
18/10/2025 18:00,18/10/2025,18,2025,October,Saturday
18/10/2025 19:00,18/10/2025,19,2025,October,Saturday
18/10/2025 20:00,18/10/2025,20,2025,October,Saturday
18/10/2025 21:00,18/10/2025,21,2025,October,Saturday
18/10/2025 22:00,18/10/2025,22,2025,October,Saturday
18/10/2025 23:00,18/10/2025,23,2025,October,Saturday
19/10/2025 0:00,19/10/2025,0,2025,October,Sunday
19/10/2025 1:00,19/10/2025,1,2025,October,Sunday
19/10/2025 2:00,19/10/2025,2,2025,October,Sunday
19/10/2025 3:00,19/10/2025,3,2025,October,Sunday
19/10/2025 4:00,19/10/2025,4,2025,October,Sunday
19/10/2025 5:00,19/10/2025,5,2025,October,Sunday
19/10/2025 6:00,19/10/2025,6,2025,October,Sunday
19/10/2025 7:00,19/10/2025,7,2025,October,Sunday
19/10/2025 8:00,19/10/2025,8,2025,October,Sunday
19/10/2025 9:00,19/10/2025,9,2025,October,Sunday
19/10/2025 10:00,19/10/2025,10,2025,October,Sunday
19/10/2025 11:00,19/10/2025,11,2025,October,Sunday
19/10/2025 12:00,19/10/2025,12,2025,October,Sunday
19/10/2025 13:00,19/10/2025,13,2025,October,Sunday
19/10/2025 14:00,19/10/2025,14,2025,October,Sunday
19/10/2025 15:00,19/10/2025,15,2025,October,Sunday
19/10/2025 16:00,19/10/2025,16,2025,October,Sunday
19/10/2025 17:00,19/10/2025,17,2025,October,Sunday
19/10/2025 18:00,19/10/2025,18,2025,October,Sunday
19/10/2025 19:00,19/10/2025,19,2025,October,Sunday
19/10/2025 20:00,19/10/2025,20,2025,October,Sunday
19/10/2025 21:00,19/10/2025,21,2025,October,Sunday
19/10/2025 22:00,19/10/2025,22,2025,October,Sunday
19/10/2025 23:00,19/10/2025,23,2025,October,Sunday
20/10/2025 0:00,20/10/2025,0,2025,October,Monday
20/10/2025 1:00,20/10/2025,1,2025,October,Monday
20/10/2025 2:00,20/10/2025,2,2025,October,Monday
20/10/2025 3:00,20/10/2025,3,2025,October,Monday
20/10/2025 4:00,20/10/2025,4,2025,October,Monday
20/10/2025 5:00,20/10/2025,5,2025,October,Monday
20/10/2025 6:00,20/10/2025,6,2025,October,Monday
20/10/2025 7:00,20/10/2025,7,2025,October,Monday
20/10/2025 8:00,20/10/2025,8,2025,October,Monday
20/10/2025 9:00,20/10/2025,9,2025,October,Monday
20/10/2025 10:00,20/10/2025,10,2025,October,Monday
20/10/2025 11:00,20/10/2025,11,2025,October,Monday
20/10/2025 12:00,20/10/2025,12,2025,October,Monday
20/10/2025 13:00,20/10/2025,13,2025,October,Monday
20/10/2025 14:00,20/10/2025,14,2025,October,Monday
20/10/2025 15:00,20/10/2025,15,2025,October,Monday
20/10/2025 16:00,20/10/2025,16,2025,October,Monday
20/10/2025 17:00,20/10/2025,17,2025,October,Monday
20/10/2025 18:00,20/10/2025,18,2025,October,Monday
20/10/2025 19:00,20/10/2025,19,2025,October,Monday
20/10/2025 20:00,20/10/2025,20,2025,October,Monday
20/10/2025 21:00,20/10/2025,21,2025,October,Monday
20/10/2025 22:00,20/10/2025,22,2025,October,Monday
20/10/2025 23:00,20/10/2025,23,2025,October,Monday
21/10/2025 0:00,21/10/2025,0,2025,October,Tuesday
21/10/2025 1:00,21/10/2025,1,2025,October,Tuesday
21/10/2025 2:00,21/10/2025,2,2025,October,Tuesday
21/10/2025 3:00,21/10/2025,3,2025,October,Tuesday
21/10/2025 4:00,21/10/2025,4,2025,October,Tuesday
21/10/2025 5:00,21/10/2025,5,2025,October,Tuesday
21/10/2025 6:00,21/10/2025,6,2025,October,Tuesday
21/10/2025 7:00,21/10/2025,7,2025,October,Tuesday
21/10/2025 8:00,21/10/2025,8,2025,October,Tuesday
21/10/2025 9:00,21/10/2025,9,2025,October,Tuesday
21/10/2025 10:00,21/10/2025,10,2025,October,Tuesday
21/10/2025 11:00,21/10/2025,11,2025,October,Tuesday
21/10/2025 12:00,21/10/2025,12,2025,October,Tuesday
21/10/2025 13:00,21/10/2025,13,2025,October,Tuesday
21/10/2025 14:00,21/10/2025,14,2025,October,Tuesday
21/10/2025 15:00,21/10/2025,15,2025,October,Tuesday
21/10/2025 16:00,21/10/2025,16,2025,October,Tuesday
21/10/2025 17:00,21/10/2025,17,2025,October,Tuesday
21/10/2025 18:00,21/10/2025,18,2025,October,Tuesday
21/10/2025 19:00,21/10/2025,19,2025,October,Tuesday
21/10/2025 20:00,21/10/2025,20,2025,October,Tuesday
21/10/2025 21:00,21/10/2025,21,2025,October,Tuesday
21/10/2025 22:00,21/10/2025,22,2025,October,Tuesday
21/10/2025 23:00,21/10/2025,23,2025,October,Tuesday
22/10/2025 0:00,22/10/2025,0,2025,October,Wednesday
22/10/2025 1:00,22/10/2025,1,2025,October,Wednesday
22/10/2025 2:00,22/10/2025,2,2025,October,Wednesday
22/10/2025 3:00,22/10/2025,3,2025,October,Wednesday
22/10/2025 4:00,22/10/2025,4,2025,October,Wednesday
22/10/2025 5:00,22/10/2025,5,2025,October,Wednesday
22/10/2025 6:00,22/10/2025,6,2025,October,Wednesday
22/10/2025 7:00,22/10/2025,7,2025,October,Wednesday
22/10/2025 8:00,22/10/2025,8,2025,October,Wednesday
22/10/2025 9:00,22/10/2025,9,2025,October,Wednesday
22/10/2025 10:00,22/10/2025,10,2025,October,Wednesday
22/10/2025 11:00,22/10/2025,11,2025,October,Wednesday
22/10/2025 12:00,22/10/2025,12,2025,October,Wednesday
22/10/2025 13:00,22/10/2025,13,2025,October,Wednesday
22/10/2025 14:00,22/10/2025,14,2025,October,Wednesday
22/10/2025 15:00,22/10/2025,15,2025,October,Wednesday
22/10/2025 16:00,22/10/2025,16,2025,October,Wednesday
22/10/2025 17:00,22/10/2025,17,2025,October,Wednesday
22/10/2025 18:00,22/10/2025,18,2025,October,Wednesday
22/10/2025 19:00,22/10/2025,19,2025,October,Wednesday
22/10/2025 20:00,22/10/2025,20,2025,October,Wednesday
22/10/2025 21:00,22/10/2025,21,2025,October,Wednesday
22/10/2025 22:00,22/10/2025,22,2025,October,Wednesday
22/10/2025 23:00,22/10/2025,23,2025,October,Wednesday
23/10/2025 0:00,23/10/2025,0,2025,October,Thursday
23/10/2025 1:00,23/10/2025,1,2025,October,Thursday
23/10/2025 2:00,23/10/2025,2,2025,October,Thursday
23/10/2025 3:00,23/10/2025,3,2025,October,Thursday
23/10/2025 4:00,23/10/2025,4,2025,October,Thursday
23/10/2025 5:00,23/10/2025,5,2025,October,Thursday
23/10/2025 6:00,23/10/2025,6,2025,October,Thursday
23/10/2025 7:00,23/10/2025,7,2025,October,Thursday
23/10/2025 8:00,23/10/2025,8,2025,October,Thursday
23/10/2025 9:00,23/10/2025,9,2025,October,Thursday
23/10/2025 10:00,23/10/2025,10,2025,October,Thursday
23/10/2025 11:00,23/10/2025,11,2025,October,Thursday
23/10/2025 12:00,23/10/2025,12,2025,October,Thursday
23/10/2025 13:00,23/10/2025,13,2025,October,Thursday
23/10/2025 14:00,23/10/2025,14,2025,October,Thursday
23/10/2025 15:00,23/10/2025,15,2025,October,Thursday
23/10/2025 16:00,23/10/2025,16,2025,October,Thursday
23/10/2025 17:00,23/10/2025,17,2025,October,Thursday
23/10/2025 18:00,23/10/2025,18,2025,October,Thursday
23/10/2025 19:00,23/10/2025,19,2025,October,Thursday
23/10/2025 20:00,23/10/2025,20,2025,October,Thursday
23/10/2025 21:00,23/10/2025,21,2025,October,Thursday
23/10/2025 22:00,23/10/2025,22,2025,October,Thursday
23/10/2025 23:00,23/10/2025,23,2025,October,Thursday
24/10/2025 0:00,24/10/2025,0,2025,October,Friday
24/10/2025 1:00,24/10/2025,1,2025,October,Friday
24/10/2025 2:00,24/10/2025,2,2025,October,Friday
24/10/2025 3:00,24/10/2025,3,2025,October,Friday
24/10/2025 4:00,24/10/2025,4,2025,October,Friday
24/10/2025 5:00,24/10/2025,5,2025,October,Friday
24/10/2025 6:00,24/10/2025,6,2025,October,Friday
24/10/2025 7:00,24/10/2025,7,2025,October,Friday
24/10/2025 8:00,24/10/2025,8,2025,October,Friday
24/10/2025 9:00,24/10/2025,9,2025,October,Friday
24/10/2025 10:00,24/10/2025,10,2025,October,Friday
24/10/2025 11:00,24/10/2025,11,2025,October,Friday
24/10/2025 12:00,24/10/2025,12,2025,October,Friday
24/10/2025 13:00,24/10/2025,13,2025,October,Friday
24/10/2025 14:00,24/10/2025,14,2025,October,Friday
24/10/2025 15:00,24/10/2025,15,2025,October,Friday
24/10/2025 16:00,24/10/2025,16,2025,October,Friday
24/10/2025 17:00,24/10/2025,17,2025,October,Friday
24/10/2025 18:00,24/10/2025,18,2025,October,Friday
24/10/2025 19:00,24/10/2025,19,2025,October,Friday
24/10/2025 20:00,24/10/2025,20,2025,October,Friday
24/10/2025 21:00,24/10/2025,21,2025,October,Friday
24/10/2025 22:00,24/10/2025,22,2025,October,Friday
24/10/2025 23:00,24/10/2025,23,2025,October,Friday
25/10/2025 0:00,25/10/2025,0,2025,October,Saturday
25/10/2025 1:00,25/10/2025,1,2025,October,Saturday
25/10/2025 2:00,25/10/2025,2,2025,October,Saturday
25/10/2025 3:00,25/10/2025,3,2025,October,Saturday
25/10/2025 4:00,25/10/2025,4,2025,October,Saturday
25/10/2025 5:00,25/10/2025,5,2025,October,Saturday
25/10/2025 6:00,25/10/2025,6,2025,October,Saturday
25/10/2025 7:00,25/10/2025,7,2025,October,Saturday
25/10/2025 8:00,25/10/2025,8,2025,October,Saturday
25/10/2025 9:00,25/10/2025,9,2025,October,Saturday
25/10/2025 10:00,25/10/2025,10,2025,October,Saturday
25/10/2025 11:00,25/10/2025,11,2025,October,Saturday
25/10/2025 12:00,25/10/2025,12,2025,October,Saturday
25/10/2025 13:00,25/10/2025,13,2025,October,Saturday
25/10/2025 14:00,25/10/2025,14,2025,October,Saturday
25/10/2025 15:00,25/10/2025,15,2025,October,Saturday
25/10/2025 16:00,25/10/2025,16,2025,October,Saturday
25/10/2025 17:00,25/10/2025,17,2025,October,Saturday
25/10/2025 18:00,25/10/2025,18,2025,October,Saturday
25/10/2025 19:00,25/10/2025,19,2025,October,Saturday
25/10/2025 20:00,25/10/2025,20,2025,October,Saturday
25/10/2025 21:00,25/10/2025,21,2025,October,Saturday
25/10/2025 22:00,25/10/2025,22,2025,October,Saturday
25/10/2025 23:00,25/10/2025,23,2025,October,Saturday
26/10/2025 0:00,26/10/2025,0,2025,October,Sunday
26/10/2025 1:00,26/10/2025,1,2025,October,Sunday
26/10/2025 2:00,26/10/2025,2,2025,October,Sunday
26/10/2025 3:00,26/10/2025,3,2025,October,Sunday
26/10/2025 4:00,26/10/2025,4,2025,October,Sunday
26/10/2025 5:00,26/10/2025,5,2025,October,Sunday
26/10/2025 6:00,26/10/2025,6,2025,October,Sunday
26/10/2025 7:00,26/10/2025,7,2025,October,Sunday
26/10/2025 8:00,26/10/2025,8,2025,October,Sunday
26/10/2025 9:00,26/10/2025,9,2025,October,Sunday
26/10/2025 10:00,26/10/2025,10,2025,October,Sunday
26/10/2025 11:00,26/10/2025,11,2025,October,Sunday
26/10/2025 12:00,26/10/2025,12,2025,October,Sunday
26/10/2025 13:00,26/10/2025,13,2025,October,Sunday
26/10/2025 14:00,26/10/2025,14,2025,October,Sunday
26/10/2025 15:00,26/10/2025,15,2025,October,Sunday
26/10/2025 16:00,26/10/2025,16,2025,October,Sunday
26/10/2025 17:00,26/10/2025,17,2025,October,Sunday
26/10/2025 18:00,26/10/2025,18,2025,October,Sunday
26/10/2025 19:00,26/10/2025,19,2025,October,Sunday
26/10/2025 20:00,26/10/2025,20,2025,October,Sunday
26/10/2025 21:00,26/10/2025,21,2025,October,Sunday
26/10/2025 22:00,26/10/2025,22,2025,October,Sunday
26/10/2025 23:00,26/10/2025,23,2025,October,Sunday
27/10/2025 0:00,27/10/2025,0,2025,October,Monday
27/10/2025 1:00,27/10/2025,1,2025,October,Monday
27/10/2025 2:00,27/10/2025,2,2025,October,Monday
27/10/2025 3:00,27/10/2025,3,2025,October,Monday
27/10/2025 4:00,27/10/2025,4,2025,October,Monday
27/10/2025 5:00,27/10/2025,5,2025,October,Monday
27/10/2025 6:00,27/10/2025,6,2025,October,Monday
27/10/2025 7:00,27/10/2025,7,2025,October,Monday
27/10/2025 8:00,27/10/2025,8,2025,October,Monday
27/10/2025 9:00,27/10/2025,9,2025,October,Monday
27/10/2025 10:00,27/10/2025,10,2025,October,Monday
27/10/2025 11:00,27/10/2025,11,2025,October,Monday
27/10/2025 12:00,27/10/2025,12,2025,October,Monday
27/10/2025 13:00,27/10/2025,13,2025,October,Monday
27/10/2025 14:00,27/10/2025,14,2025,October,Monday
27/10/2025 15:00,27/10/2025,15,2025,October,Monday
27/10/2025 16:00,27/10/2025,16,2025,October,Monday
27/10/2025 17:00,27/10/2025,17,2025,October,Monday
27/10/2025 18:00,27/10/2025,18,2025,October,Monday
27/10/2025 19:00,27/10/2025,19,2025,October,Monday
27/10/2025 20:00,27/10/2025,20,2025,October,Monday
27/10/2025 21:00,27/10/2025,21,2025,October,Monday
27/10/2025 22:00,27/10/2025,22,2025,October,Monday
27/10/2025 23:00,27/10/2025,23,2025,October,Monday
28/10/2025 0:00,28/10/2025,0,2025,October,Tuesday
28/10/2025 1:00,28/10/2025,1,2025,October,Tuesday
28/10/2025 2:00,28/10/2025,2,2025,October,Tuesday
28/10/2025 3:00,28/10/2025,3,2025,October,Tuesday
28/10/2025 4:00,28/10/2025,4,2025,October,Tuesday
28/10/2025 5:00,28/10/2025,5,2025,October,Tuesday
28/10/2025 6:00,28/10/2025,6,2025,October,Tuesday
28/10/2025 7:00,28/10/2025,7,2025,October,Tuesday
28/10/2025 9:00,28/10/2025,9,2025,October,Tuesday
28/10/2025 10:00,28/10/2025,10,2025,October,Tuesday
28/10/2025 11:00,28/10/2025,11,2025,October,Tuesday
28/10/2025 12:00,28/10/2025,12,2025,October,Tuesday
28/10/2025 13:00,28/10/2025,13,2025,October,Tuesday
28/10/2025 14:00,28/10/2025,14,2025,October,Tuesday
28/10/2025 15:00,28/10/2025,15,2025,October,Tuesday
28/10/2025 16:00,28/10/2025,16,2025,October,Tuesday
28/10/2025 17:00,28/10/2025,17,2025,October,Tuesday
28/10/2025 18:00,28/10/2025,18,2025,October,Tuesday
28/10/2025 19:00,28/10/2025,19,2025,October,Tuesday
28/10/2025 20:00,28/10/2025,20,2025,October,Tuesday
28/10/2025 21:00,28/10/2025,21,2025,October,Tuesday
28/10/2025 22:00,28/10/2025,22,2025,October,Tuesday
28/10/2025 23:00,28/10/2025,23,2025,October,Tuesday
29/10/2025 0:00,29/10/2025,0,2025,October,Wednesday
29/10/2025 1:00,29/10/2025,1,2025,October,Wednesday
29/10/2025 2:00,29/10/2025,2,2025,October,Wednesday
29/10/2025 3:00,29/10/2025,3,2025,October,Wednesday
29/10/2025 4:00,29/10/2025,4,2025,October,Wednesday
29/10/2025 5:00,29/10/2025,5,2025,October,Wednesday
29/10/2025 6:00,29/10/2025,6,2025,October,Wednesday
29/10/2025 7:00,29/10/2025,7,2025,October,Wednesday
29/10/2025 8:00,29/10/2025,8,2025,October,Wednesday
29/10/2025 9:00,29/10/2025,9,2025,October,Wednesday
29/10/2025 10:00,29/10/2025,10,2025,October,Wednesday
29/10/2025 11:00,29/10/2025,11,2025,October,Wednesday
29/10/2025 12:00,29/10/2025,12,2025,October,Wednesday
29/10/2025 13:00,29/10/2025,13,2025,October,Wednesday
29/10/2025 14:00,29/10/2025,14,2025,October,Wednesday
29/10/2025 15:00,29/10/2025,15,2025,October,Wednesday
29/10/2025 16:00,29/10/2025,16,2025,October,Wednesday
29/10/2025 17:00,29/10/2025,17,2025,October,Wednesday
29/10/2025 18:00,29/10/2025,18,2025,October,Wednesday
29/10/2025 19:00,29/10/2025,19,2025,October,Wednesday
29/10/2025 20:00,29/10/2025,20,2025,October,Wednesday
29/10/2025 21:00,29/10/2025,21,2025,October,Wednesday
29/10/2025 22:00,29/10/2025,22,2025,October,Wednesday
29/10/2025 23:00,29/10/2025,23,2025,October,Wednesday
30/10/2025 0:00,30/10/2025,0,2025,October,Thursday
30/10/2025 1:00,30/10/2025,1,2025,October,Thursday
30/10/2025 2:00,30/10/2025,2,2025,October,Thursday
30/10/2025 3:00,30/10/2025,3,2025,October,Thursday
30/10/2025 4:00,30/10/2025,4,2025,October,Thursday
30/10/2025 5:00,30/10/2025,5,2025,October,Thursday
30/10/2025 6:00,30/10/2025,6,2025,October,Thursday
30/10/2025 7:00,30/10/2025,7,2025,October,Thursday
30/10/2025 8:00,30/10/2025,8,2025,October,Thursday
30/10/2025 9:00,30/10/2025,9,2025,October,Thursday
30/10/2025 10:00,30/10/2025,10,2025,October,Thursday
30/10/2025 11:00,30/10/2025,11,2025,October,Thursday
30/10/2025 12:00,30/10/2025,12,2025,October,Thursday
30/10/2025 13:00,30/10/2025,13,2025,October,Thursday
30/10/2025 14:00,30/10/2025,14,2025,October,Thursday
30/10/2025 15:00,30/10/2025,15,2025,October,Thursday
30/10/2025 16:00,30/10/2025,16,2025,October,Thursday
30/10/2025 17:00,30/10/2025,17,2025,October,Thursday
30/10/2025 18:00,30/10/2025,18,2025,October,Thursday
30/10/2025 19:00,30/10/2025,19,2025,October,Thursday
30/10/2025 20:00,30/10/2025,20,2025,October,Thursday
30/10/2025 21:00,30/10/2025,21,2025,October,Thursday
30/10/2025 22:00,30/10/2025,22,2025,October,Thursday
30/10/2025 23:00,30/10/2025,23,2025,October,Thursday
31/10/2025 0:00,31/10/2025,0,2025,October,Friday
31/10/2025 1:00,31/10/2025,1,2025,October,Friday
31/10/2025 2:00,31/10/2025,2,2025,October,Friday
31/10/2025 3:00,31/10/2025,3,2025,October,Friday
31/10/2025 4:00,31/10/2025,4,2025,October,Friday
31/10/2025 5:00,31/10/2025,5,2025,October,Friday
31/10/2025 6:00,31/10/2025,6,2025,October,Friday
31/10/2025 7:00,31/10/2025,7,2025,October,Friday
31/10/2025 8:00,31/10/2025,8,2025,October,Friday
31/10/2025 9:00,31/10/2025,9,2025,October,Friday
31/10/2025 10:00,31/10/2025,10,2025,October,Friday
31/10/2025 11:00,31/10/2025,11,2025,October,Friday
31/10/2025 12:00,31/10/2025,12,2025,October,Friday
31/10/2025 13:00,31/10/2025,13,2025,October,Friday
31/10/2025 14:00,31/10/2025,14,2025,October,Friday
31/10/2025 15:00,31/10/2025,15,2025,October,Friday
31/10/2025 16:00,31/10/2025,16,2025,October,Friday
31/10/2025 17:00,31/10/2025,17,2025,October,Friday
31/10/2025 18:00,31/10/2025,18,2025,October,Friday
31/10/2025 19:00,31/10/2025,19,2025,October,Friday
31/10/2025 20:00,31/10/2025,20,2025,October,Friday
31/10/2025 21:00,31/10/2025,21,2025,October,Friday
31/10/2025 22:00,31/10/2025,22,2025,October,Friday
31/10/2025 23:00,31/10/2025,23,2025,October,Friday
01/11/2025 0:00,01/11/2025,0,2025,November,Saturday
01/11/2025 1:00,01/11/2025,1,2025,November,Saturday
01/11/2025 2:00,01/11/2025,2,2025,November,Saturday
01/11/2025 3:00,01/11/2025,3,2025,November,Saturday
01/11/2025 4:00,01/11/2025,4,2025,November,Saturday
01/11/2025 5:00,01/11/2025,5,2025,November,Saturday
01/11/2025 6:00,01/11/2025,6,2025,November,Saturday
01/11/2025 7:00,01/11/2025,7,2025,November,Saturday
01/11/2025 8:00,01/11/2025,8,2025,November,Saturday
01/11/2025 9:00,01/11/2025,9,2025,November,Saturday
01/11/2025 10:00,01/11/2025,10,2025,November,Saturday
01/11/2025 11:00,01/11/2025,11,2025,November,Saturday
01/11/2025 12:00,01/11/2025,12,2025,November,Saturday
01/11/2025 13:00,01/11/2025,13,2025,November,Saturday
01/11/2025 14:00,01/11/2025,14,2025,November,Saturday
01/11/2025 15:00,01/11/2025,15,2025,November,Saturday
01/11/2025 16:00,01/11/2025,16,2025,November,Saturday
01/11/2025 17:00,01/11/2025,17,2025,November,Saturday
01/11/2025 18:00,01/11/2025,18,2025,November,Saturday
01/11/2025 19:00,01/11/2025,19,2025,November,Saturday
01/11/2025 20:00,01/11/2025,20,2025,November,Saturday
01/11/2025 21:00,01/11/2025,21,2025,November,Saturday
01/11/2025 22:00,01/11/2025,22,2025,November,Saturday
01/11/2025 23:00,01/11/2025,23,2025,November,Saturday
02/11/2025 0:00,02/11/2025,0,2025,November,Sunday
02/11/2025 1:00,02/11/2025,1,2025,November,Sunday
02/11/2025 2:00,02/11/2025,2,2025,November,Sunday
02/11/2025 3:00,02/11/2025,3,2025,November,Sunday
02/11/2025 4:00,02/11/2025,4,2025,November,Sunday
02/11/2025 5:00,02/11/2025,5,2025,November,Sunday
02/11/2025 6:00,02/11/2025,6,2025,November,Sunday
02/11/2025 7:00,02/11/2025,7,2025,November,Sunday
02/11/2025 8:00,02/11/2025,8,2025,November,Sunday
02/11/2025 9:00,02/11/2025,9,2025,November,Sunday
02/11/2025 10:00,02/11/2025,10,2025,November,Sunday
02/11/2025 11:00,02/11/2025,11,2025,November,Sunday
02/11/2025 12:00,02/11/2025,12,2025,November,Sunday
02/11/2025 13:00,02/11/2025,13,2025,November,Sunday
02/11/2025 14:00,02/11/2025,14,2025,November,Sunday
02/11/2025 15:00,02/11/2025,15,2025,November,Sunday
02/11/2025 16:00,02/11/2025,16,2025,November,Sunday
02/11/2025 17:00,02/11/2025,17,2025,November,Sunday
02/11/2025 18:00,02/11/2025,18,2025,November,Sunday
02/11/2025 19:00,02/11/2025,19,2025,November,Sunday
02/11/2025 20:00,02/11/2025,20,2025,November,Sunday
02/11/2025 21:00,02/11/2025,21,2025,November,Sunday
02/11/2025 22:00,02/11/2025,22,2025,November,Sunday
02/11/2025 23:00,02/11/2025,23,2025,November,Sunday
03/11/2025 0:00,03/11/2025,0,2025,November,Monday
03/11/2025 1:00,03/11/2025,1,2025,November,Monday
03/11/2025 2:00,03/11/2025,2,2025,November,Monday
03/11/2025 3:00,03/11/2025,3,2025,November,Monday
03/11/2025 4:00,03/11/2025,4,2025,November,Monday
03/11/2025 5:00,03/11/2025,5,2025,November,Monday
03/11/2025 6:00,03/11/2025,6,2025,November,Monday
03/11/2025 7:00,03/11/2025,7,2025,November,Monday
03/11/2025 8:00,03/11/2025,8,2025,November,Monday
03/11/2025 9:00,03/11/2025,9,2025,November,Monday
03/11/2025 10:00,03/11/2025,10,2025,November,Monday
03/11/2025 11:00,03/11/2025,11,2025,November,Monday
03/11/2025 12:00,03/11/2025,12,2025,November,Monday
03/11/2025 13:00,03/11/2025,13,2025,November,Monday
03/11/2025 14:00,03/11/2025,14,2025,November,Monday
03/11/2025 15:00,03/11/2025,15,2025,November,Monday
03/11/2025 16:00,03/11/2025,16,2025,November,Monday
03/11/2025 17:00,03/11/2025,17,2025,November,Monday
03/11/2025 18:00,03/11/2025,18,2025,November,Monday
03/11/2025 19:00,03/11/2025,19,2025,November,Monday
03/11/2025 20:00,03/11/2025,20,2025,November,Monday
03/11/2025 21:00,03/11/2025,21,2025,November,Monday
03/11/2025 22:00,03/11/2025,22,2025,November,Monday
03/11/2025 23:00,03/11/2025,23,2025,November,Monday
04/11/2025 0:00,04/11/2025,0,2025,November,Tuesday
04/11/2025 1:00,04/11/2025,1,2025,November,Tuesday
04/11/2025 2:00,04/11/2025,2,2025,November,Tuesday
04/11/2025 3:00,04/11/2025,3,2025,November,Tuesday
04/11/2025 4:00,04/11/2025,4,2025,November,Tuesday
04/11/2025 5:00,04/11/2025,5,2025,November,Tuesday
04/11/2025 6:00,04/11/2025,6,2025,November,Tuesday
04/11/2025 7:00,04/11/2025,7,2025,November,Tuesday
04/11/2025 8:00,04/11/2025,8,2025,November,Tuesday
04/11/2025 9:00,04/11/2025,9,2025,November,Tuesday
04/11/2025 10:00,04/11/2025,10,2025,November,Tuesday
04/11/2025 11:00,04/11/2025,11,2025,November,Tuesday
04/11/2025 12:00,04/11/2025,12,2025,November,Tuesday
04/11/2025 13:00,04/11/2025,13,2025,November,Tuesday
04/11/2025 14:00,04/11/2025,14,2025,November,Tuesday
04/11/2025 15:00,04/11/2025,15,2025,November,Tuesday
04/11/2025 16:00,04/11/2025,16,2025,November,Tuesday
04/11/2025 17:00,04/11/2025,17,2025,November,Tuesday
04/11/2025 18:00,04/11/2025,18,2025,November,Tuesday
04/11/2025 19:00,04/11/2025,19,2025,November,Tuesday
04/11/2025 20:00,04/11/2025,20,2025,November,Tuesday
04/11/2025 21:00,04/11/2025,21,2025,November,Tuesday
04/11/2025 22:00,04/11/2025,22,2025,November,Tuesday
04/11/2025 23:00,04/11/2025,23,2025,November,Tuesday
05/11/2025 0:00,05/11/2025,0,2025,November,Wednesday
05/11/2025 1:00,05/11/2025,1,2025,November,Wednesday
05/11/2025 2:00,05/11/2025,2,2025,November,Wednesday
05/11/2025 3:00,05/11/2025,3,2025,November,Wednesday
05/11/2025 4:00,05/11/2025,4,2025,November,Wednesday
05/11/2025 5:00,05/11/2025,5,2025,November,Wednesday
05/11/2025 6:00,05/11/2025,6,2025,November,Wednesday
05/11/2025 7:00,05/11/2025,7,2025,November,Wednesday
05/11/2025 8:00,05/11/2025,8,2025,November,Wednesday
05/11/2025 9:00,05/11/2025,9,2025,November,Wednesday
05/11/2025 10:00,05/11/2025,10,2025,November,Wednesday
05/11/2025 11:00,05/11/2025,11,2025,November,Wednesday
05/11/2025 12:00,05/11/2025,12,2025,November,Wednesday
05/11/2025 13:00,05/11/2025,13,2025,November,Wednesday
05/11/2025 14:00,05/11/2025,14,2025,November,Wednesday
05/11/2025 15:00,05/11/2025,15,2025,November,Wednesday
05/11/2025 16:00,05/11/2025,16,2025,November,Wednesday
05/11/2025 17:00,05/11/2025,17,2025,November,Wednesday
05/11/2025 18:00,05/11/2025,18,2025,November,Wednesday
05/11/2025 19:00,05/11/2025,19,2025,November,Wednesday
05/11/2025 20:00,05/11/2025,20,2025,November,Wednesday
05/11/2025 21:00,05/11/2025,21,2025,November,Wednesday
05/11/2025 22:00,05/11/2025,22,2025,November,Wednesday
05/11/2025 23:00,05/11/2025,23,2025,November,Wednesday
06/11/2025 0:00,06/11/2025,0,2025,November,Thursday
06/11/2025 1:00,06/11/2025,1,2025,November,Thursday
06/11/2025 2:00,06/11/2025,2,2025,November,Thursday
06/11/2025 3:00,06/11/2025,3,2025,November,Thursday
06/11/2025 4:00,06/11/2025,4,2025,November,Thursday
06/11/2025 5:00,06/11/2025,5,2025,November,Thursday
06/11/2025 6:00,06/11/2025,6,2025,November,Thursday
06/11/2025 7:00,06/11/2025,7,2025,November,Thursday
06/11/2025 8:00,06/11/2025,8,2025,November,Thursday
06/11/2025 9:00,06/11/2025,9,2025,November,Thursday
06/11/2025 10:00,06/11/2025,10,2025,November,Thursday
06/11/2025 11:00,06/11/2025,11,2025,November,Thursday
06/11/2025 12:00,06/11/2025,12,2025,November,Thursday
06/11/2025 13:00,06/11/2025,13,2025,November,Thursday
06/11/2025 14:00,06/11/2025,14,2025,November,Thursday
06/11/2025 15:00,06/11/2025,15,2025,November,Thursday
06/11/2025 16:00,06/11/2025,16,2025,November,Thursday
06/11/2025 17:00,06/11/2025,17,2025,November,Thursday
06/11/2025 18:00,06/11/2025,18,2025,November,Thursday
06/11/2025 19:00,06/11/2025,19,2025,November,Thursday
06/11/2025 20:00,06/11/2025,20,2025,November,Thursday
06/11/2025 21:00,06/11/2025,21,2025,November,Thursday
06/11/2025 22:00,06/11/2025,22,2025,November,Thursday
06/11/2025 23:00,06/11/2025,23,2025,November,Thursday
07/11/2025 0:00,07/11/2025,0,2025,November,Friday
07/11/2025 1:00,07/11/2025,1,2025,November,Friday
07/11/2025 2:00,07/11/2025,2,2025,November,Friday
07/11/2025 3:00,07/11/2025,3,2025,November,Friday
07/11/2025 4:00,07/11/2025,4,2025,November,Friday
07/11/2025 5:00,07/11/2025,5,2025,November,Friday
07/11/2025 6:00,07/11/2025,6,2025,November,Friday
07/11/2025 7:00,07/11/2025,7,2025,November,Friday
07/11/2025 8:00,07/11/2025,8,2025,November,Friday
07/11/2025 9:00,07/11/2025,9,2025,November,Friday
07/11/2025 10:00,07/11/2025,10,2025,November,Friday
07/11/2025 11:00,07/11/2025,11,2025,November,Friday
07/11/2025 12:00,07/11/2025,12,2025,November,Friday
07/11/2025 13:00,07/11/2025,13,2025,November,Friday
07/11/2025 14:00,07/11/2025,14,2025,November,Friday
07/11/2025 15:00,07/11/2025,15,2025,November,Friday
07/11/2025 16:00,07/11/2025,16,2025,November,Friday
07/11/2025 17:00,07/11/2025,17,2025,November,Friday
07/11/2025 18:00,07/11/2025,18,2025,November,Friday
07/11/2025 19:00,07/11/2025,19,2025,November,Friday
07/11/2025 20:00,07/11/2025,20,2025,November,Friday
07/11/2025 21:00,07/11/2025,21,2025,November,Friday
07/11/2025 22:00,07/11/2025,22,2025,November,Friday
07/11/2025 23:00,07/11/2025,23,2025,November,Friday
08/11/2025 0:00,08/11/2025,0,2025,November,Saturday
08/11/2025 1:00,08/11/2025,1,2025,November,Saturday
08/11/2025 2:00,08/11/2025,2,2025,November,Saturday
08/11/2025 3:00,08/11/2025,3,2025,November,Saturday
08/11/2025 4:00,08/11/2025,4,2025,November,Saturday
08/11/2025 5:00,08/11/2025,5,2025,November,Saturday
08/11/2025 6:00,08/11/2025,6,2025,November,Saturday
08/11/2025 7:00,08/11/2025,7,2025,November,Saturday
08/11/2025 8:00,08/11/2025,8,2025,November,Saturday
08/11/2025 9:00,08/11/2025,9,2025,November,Saturday
08/11/2025 10:00,08/11/2025,10,2025,November,Saturday
08/11/2025 11:00,08/11/2025,11,2025,November,Saturday
08/11/2025 12:00,08/11/2025,12,2025,November,Saturday
08/11/2025 13:00,08/11/2025,13,2025,November,Saturday
08/11/2025 14:00,08/11/2025,14,2025,November,Saturday
08/11/2025 15:00,08/11/2025,15,2025,November,Saturday
08/11/2025 16:00,08/11/2025,16,2025,November,Saturday
08/11/2025 17:00,08/11/2025,17,2025,November,Saturday
08/11/2025 18:00,08/11/2025,18,2025,November,Saturday
08/11/2025 19:00,08/11/2025,19,2025,November,Saturday
08/11/2025 20:00,08/11/2025,20,2025,November,Saturday
08/11/2025 21:00,08/11/2025,21,2025,November,Saturday
08/11/2025 22:00,08/11/2025,22,2025,November,Saturday
08/11/2025 23:00,08/11/2025,23,2025,November,Saturday
09/11/2025 0:00,09/11/2025,0,2025,November,Sunday
09/11/2025 1:00,09/11/2025,1,2025,November,Sunday
09/11/2025 2:00,09/11/2025,2,2025,November,Sunday
09/11/2025 3:00,09/11/2025,3,2025,November,Sunday
09/11/2025 4:00,09/11/2025,4,2025,November,Sunday
09/11/2025 5:00,09/11/2025,5,2025,November,Sunday
09/11/2025 6:00,09/11/2025,6,2025,November,Sunday
09/11/2025 7:00,09/11/2025,7,2025,November,Sunday
09/11/2025 8:00,09/11/2025,8,2025,November,Sunday
09/11/2025 9:00,09/11/2025,9,2025,November,Sunday
09/11/2025 10:00,09/11/2025,10,2025,November,Sunday
09/11/2025 11:00,09/11/2025,11,2025,November,Sunday
09/11/2025 12:00,09/11/2025,12,2025,November,Sunday
09/11/2025 13:00,09/11/2025,13,2025,November,Sunday
09/11/2025 14:00,09/11/2025,14,2025,November,Sunday
09/11/2025 15:00,09/11/2025,15,2025,November,Sunday
09/11/2025 16:00,09/11/2025,16,2025,November,Sunday
09/11/2025 17:00,09/11/2025,17,2025,November,Sunday
09/11/2025 18:00,09/11/2025,18,2025,November,Sunday
09/11/2025 19:00,09/11/2025,19,2025,November,Sunday
09/11/2025 20:00,09/11/2025,20,2025,November,Sunday
09/11/2025 21:00,09/11/2025,21,2025,November,Sunday
09/11/2025 22:00,09/11/2025,22,2025,November,Sunday
09/11/2025 23:00,09/11/2025,23,2025,November,Sunday
10/11/2025 0:00,10/11/2025,0,2025,November,Monday
10/11/2025 1:00,10/11/2025,1,2025,November,Monday
10/11/2025 2:00,10/11/2025,2,2025,November,Monday
10/11/2025 3:00,10/11/2025,3,2025,November,Monday
10/11/2025 4:00,10/11/2025,4,2025,November,Monday
10/11/2025 5:00,10/11/2025,5,2025,November,Monday
10/11/2025 6:00,10/11/2025,6,2025,November,Monday
10/11/2025 7:00,10/11/2025,7,2025,November,Monday
10/11/2025 8:00,10/11/2025,8,2025,November,Monday
10/11/2025 9:00,10/11/2025,9,2025,November,Monday
10/11/2025 10:00,10/11/2025,10,2025,November,Monday
10/11/2025 11:00,10/11/2025,11,2025,November,Monday
10/11/2025 12:00,10/11/2025,12,2025,November,Monday
10/11/2025 13:00,10/11/2025,13,2025,November,Monday
10/11/2025 14:00,10/11/2025,14,2025,November,Monday
10/11/2025 15:00,10/11/2025,15,2025,November,Monday
10/11/2025 16:00,10/11/2025,16,2025,November,Monday
10/11/2025 17:00,10/11/2025,17,2025,November,Monday
10/11/2025 18:00,10/11/2025,18,2025,November,Monday
10/11/2025 19:00,10/11/2025,19,2025,November,Monday
10/11/2025 20:00,10/11/2025,20,2025,November,Monday
10/11/2025 21:00,10/11/2025,21,2025,November,Monday
10/11/2025 22:00,10/11/2025,22,2025,November,Monday
10/11/2025 23:00,10/11/2025,23,2025,November,Monday
11/11/2025 0:00,11/11/2025,0,2025,November,Tuesday
11/11/2025 1:00,11/11/2025,1,2025,November,Tuesday
11/11/2025 2:00,11/11/2025,2,2025,November,Tuesday
11/11/2025 3:00,11/11/2025,3,2025,November,Tuesday
11/11/2025 4:00,11/11/2025,4,2025,November,Tuesday
11/11/2025 5:00,11/11/2025,5,2025,November,Tuesday
11/11/2025 6:00,11/11/2025,6,2025,November,Tuesday
11/11/2025 7:00,11/11/2025,7,2025,November,Tuesday
11/11/2025 8:00,11/11/2025,8,2025,November,Tuesday
11/11/2025 9:00,11/11/2025,9,2025,November,Tuesday
11/11/2025 10:00,11/11/2025,10,2025,November,Tuesday
11/11/2025 11:00,11/11/2025,11,2025,November,Tuesday
11/11/2025 12:00,11/11/2025,12,2025,November,Tuesday
11/11/2025 13:00,11/11/2025,13,2025,November,Tuesday
11/11/2025 14:00,11/11/2025,14,2025,November,Tuesday
11/11/2025 15:00,11/11/2025,15,2025,November,Tuesday
11/11/2025 16:00,11/11/2025,16,2025,November,Tuesday
11/11/2025 17:00,11/11/2025,17,2025,November,Tuesday
11/11/2025 18:00,11/11/2025,18,2025,November,Tuesday
11/11/2025 19:00,11/11/2025,19,2025,November,Tuesday
11/11/2025 20:00,11/11/2025,20,2025,November,Tuesday
11/11/2025 21:00,11/11/2025,21,2025,November,Tuesday
11/11/2025 22:00,11/11/2025,22,2025,November,Tuesday
11/11/2025 23:00,11/11/2025,23,2025,November,Tuesday
12/11/2025 0:00,12/11/2025,0,2025,November,Wednesday
12/11/2025 1:00,12/11/2025,1,2025,November,Wednesday
12/11/2025 2:00,12/11/2025,2,2025,November,Wednesday
12/11/2025 3:00,12/11/2025,3,2025,November,Wednesday
12/11/2025 4:00,12/11/2025,4,2025,November,Wednesday
12/11/2025 5:00,12/11/2025,5,2025,November,Wednesday
12/11/2025 6:00,12/11/2025,6,2025,November,Wednesday
12/11/2025 7:00,12/11/2025,7,2025,November,Wednesday
12/11/2025 8:00,12/11/2025,8,2025,November,Wednesday
12/11/2025 9:00,12/11/2025,9,2025,November,Wednesday
12/11/2025 10:00,12/11/2025,10,2025,November,Wednesday
12/11/2025 11:00,12/11/2025,11,2025,November,Wednesday
12/11/2025 12:00,12/11/2025,12,2025,November,Wednesday
12/11/2025 13:00,12/11/2025,13,2025,November,Wednesday
12/11/2025 14:00,12/11/2025,14,2025,November,Wednesday
12/11/2025 15:00,12/11/2025,15,2025,November,Wednesday
12/11/2025 16:00,12/11/2025,16,2025,November,Wednesday
12/11/2025 17:00,12/11/2025,17,2025,November,Wednesday
12/11/2025 18:00,12/11/2025,18,2025,November,Wednesday
12/11/2025 19:00,12/11/2025,19,2025,November,Wednesday
12/11/2025 20:00,12/11/2025,20,2025,November,Wednesday
12/11/2025 21:00,12/11/2025,21,2025,November,Wednesday
12/11/2025 22:00,12/11/2025,22,2025,November,Wednesday
12/11/2025 23:00,12/11/2025,23,2025,November,Wednesday
13/11/2025 0:00,13/11/2025,0,2025,November,Thursday
13/11/2025 1:00,13/11/2025,1,2025,November,Thursday
13/11/2025 2:00,13/11/2025,2,2025,November,Thursday
13/11/2025 3:00,13/11/2025,3,2025,November,Thursday
13/11/2025 4:00,13/11/2025,4,2025,November,Thursday
13/11/2025 5:00,13/11/2025,5,2025,November,Thursday
13/11/2025 6:00,13/11/2025,6,2025,November,Thursday
13/11/2025 7:00,13/11/2025,7,2025,November,Thursday
13/11/2025 8:00,13/11/2025,8,2025,November,Thursday
13/11/2025 9:00,13/11/2025,9,2025,November,Thursday
13/11/2025 10:00,13/11/2025,10,2025,November,Thursday
13/11/2025 11:00,13/11/2025,11,2025,November,Thursday
13/11/2025 12:00,13/11/2025,12,2025,November,Thursday
13/11/2025 13:00,13/11/2025,13,2025,November,Thursday
13/11/2025 14:00,13/11/2025,14,2025,November,Thursday
13/11/2025 15:00,13/11/2025,15,2025,November,Thursday
13/11/2025 16:00,13/11/2025,16,2025,November,Thursday
13/11/2025 17:00,13/11/2025,17,2025,November,Thursday
13/11/2025 18:00,13/11/2025,18,2025,November,Thursday
13/11/2025 19:00,13/11/2025,19,2025,November,Thursday
13/11/2025 20:00,13/11/2025,20,2025,November,Thursday
13/11/2025 21:00,13/11/2025,21,2025,November,Thursday
13/11/2025 22:00,13/11/2025,22,2025,November,Thursday
13/11/2025 23:00,13/11/2025,23,2025,November,Thursday
14/11/2025 1:00,14/11/2025,1,2025,November,Friday
14/11/2025 2:00,14/11/2025,2,2025,November,Friday
14/11/2025 3:00,14/11/2025,3,2025,November,Friday
14/11/2025 4:00,14/11/2025,4,2025,November,Friday
14/11/2025 5:00,14/11/2025,5,2025,November,Friday
14/11/2025 6:00,14/11/2025,6,2025,November,Friday
14/11/2025 7:00,14/11/2025,7,2025,November,Friday
14/11/2025 8:00,14/11/2025,8,2025,November,Friday
14/11/2025 9:00,14/11/2025,9,2025,November,Friday
14/11/2025 10:00,14/11/2025,10,2025,November,Friday
14/11/2025 11:00,14/11/2025,11,2025,November,Friday
14/11/2025 12:00,14/11/2025,12,2025,November,Friday
14/11/2025 13:00,14/11/2025,13,2025,November,Friday
14/11/2025 14:00,14/11/2025,14,2025,November,Friday
14/11/2025 15:00,14/11/2025,15,2025,November,Friday
14/11/2025 16:00,14/11/2025,16,2025,November,Friday
14/11/2025 17:00,14/11/2025,17,2025,November,Friday
14/11/2025 18:00,14/11/2025,18,2025,November,Friday
14/11/2025 19:00,14/11/2025,19,2025,November,Friday
14/11/2025 20:00,14/11/2025,20,2025,November,Friday
14/11/2025 21:00,14/11/2025,21,2025,November,Friday
14/11/2025 22:00,14/11/2025,22,2025,November,Friday
14/11/2025 23:00,14/11/2025,23,2025,November,Friday
15/11/2025 0:00,15/11/2025,0,2025,November,Saturday
15/11/2025 1:00,15/11/2025,1,2025,November,Saturday
15/11/2025 2:00,15/11/2025,2,2025,November,Saturday
15/11/2025 3:00,15/11/2025,3,2025,November,Saturday
15/11/2025 4:00,15/11/2025,4,2025,November,Saturday
15/11/2025 5:00,15/11/2025,5,2025,November,Saturday
15/11/2025 6:00,15/11/2025,6,2025,November,Saturday
15/11/2025 7:00,15/11/2025,7,2025,November,Saturday
15/11/2025 8:00,15/11/2025,8,2025,November,Saturday
15/11/2025 9:00,15/11/2025,9,2025,November,Saturday
15/11/2025 10:00,15/11/2025,10,2025,November,Saturday
15/11/2025 11:00,15/11/2025,11,2025,November,Saturday
15/11/2025 12:00,15/11/2025,12,2025,November,Saturday
15/11/2025 13:00,15/11/2025,13,2025,November,Saturday
15/11/2025 14:00,15/11/2025,14,2025,November,Saturday
15/11/2025 15:00,15/11/2025,15,2025,November,Saturday
15/11/2025 16:00,15/11/2025,16,2025,November,Saturday
15/11/2025 17:00,15/11/2025,17,2025,November,Saturday
15/11/2025 18:00,15/11/2025,18,2025,November,Saturday
15/11/2025 19:00,15/11/2025,19,2025,November,Saturday
15/11/2025 20:00,15/11/2025,20,2025,November,Saturday
15/11/2025 21:00,15/11/2025,21,2025,November,Saturday
15/11/2025 22:00,15/11/2025,22,2025,November,Saturday
16/11/2025 0:00,16/11/2025,0,2025,November,Sunday
16/11/2025 1:00,16/11/2025,1,2025,November,Sunday
16/11/2025 2:00,16/11/2025,2,2025,November,Sunday
16/11/2025 3:00,16/11/2025,3,2025,November,Sunday
16/11/2025 4:00,16/11/2025,4,2025,November,Sunday
16/11/2025 5:00,16/11/2025,5,2025,November,Sunday
16/11/2025 6:00,16/11/2025,6,2025,November,Sunday
16/11/2025 7:00,16/11/2025,7,2025,November,Sunday
16/11/2025 8:00,16/11/2025,8,2025,November,Sunday
16/11/2025 9:00,16/11/2025,9,2025,November,Sunday
16/11/2025 10:00,16/11/2025,10,2025,November,Sunday
16/11/2025 11:00,16/11/2025,11,2025,November,Sunday
16/11/2025 12:00,16/11/2025,12,2025,November,Sunday
16/11/2025 13:00,16/11/2025,13,2025,November,Sunday
16/11/2025 14:00,16/11/2025,14,2025,November,Sunday
16/11/2025 15:00,16/11/2025,15,2025,November,Sunday
16/11/2025 16:00,16/11/2025,16,2025,November,Sunday
16/11/2025 17:00,16/11/2025,17,2025,November,Sunday
16/11/2025 18:00,16/11/2025,18,2025,November,Sunday
16/11/2025 19:00,16/11/2025,19,2025,November,Sunday
16/11/2025 20:00,16/11/2025,20,2025,November,Sunday
16/11/2025 21:00,16/11/2025,21,2025,November,Sunday
16/11/2025 22:00,16/11/2025,22,2025,November,Sunday
16/11/2025 23:00,16/11/2025,23,2025,November,Sunday
17/11/2025 0:00,17/11/2025,0,2025,November,Monday
17/11/2025 1:00,17/11/2025,1,2025,November,Monday
17/11/2025 2:00,17/11/2025,2,2025,November,Monday
17/11/2025 3:00,17/11/2025,3,2025,November,Monday
17/11/2025 4:00,17/11/2025,4,2025,November,Monday
17/11/2025 5:00,17/11/2025,5,2025,November,Monday
17/11/2025 6:00,17/11/2025,6,2025,November,Monday
17/11/2025 7:00,17/11/2025,7,2025,November,Monday
17/11/2025 8:00,17/11/2025,8,2025,November,Monday
17/11/2025 9:00,17/11/2025,9,2025,November,Monday
17/11/2025 10:00,17/11/2025,10,2025,November,Monday
17/11/2025 11:00,17/11/2025,11,2025,November,Monday
17/11/2025 12:00,17/11/2025,12,2025,November,Monday
17/11/2025 13:00,17/11/2025,13,2025,November,Monday
17/11/2025 14:00,17/11/2025,14,2025,November,Monday
17/11/2025 15:00,17/11/2025,15,2025,November,Monday
17/11/2025 16:00,17/11/2025,16,2025,November,Monday
17/11/2025 17:00,17/11/2025,17,2025,November,Monday
17/11/2025 18:00,17/11/2025,18,2025,November,Monday
17/11/2025 19:00,17/11/2025,19,2025,November,Monday
17/11/2025 20:00,17/11/2025,20,2025,November,Monday
17/11/2025 21:00,17/11/2025,21,2025,November,Monday
17/11/2025 22:00,17/11/2025,22,2025,November,Monday
17/11/2025 23:00,17/11/2025,23,2025,November,Monday
18/11/2025 0:00,18/11/2025,0,2025,November,Tuesday
18/11/2025 1:00,18/11/2025,1,2025,November,Tuesday
18/11/2025 2:00,18/11/2025,2,2025,November,Tuesday
18/11/2025 3:00,18/11/2025,3,2025,November,Tuesday
18/11/2025 4:00,18/11/2025,4,2025,November,Tuesday
18/11/2025 5:00,18/11/2025,5,2025,November,Tuesday
18/11/2025 6:00,18/11/2025,6,2025,November,Tuesday
18/11/2025 7:00,18/11/2025,7,2025,November,Tuesday
18/11/2025 8:00,18/11/2025,8,2025,November,Tuesday
18/11/2025 9:00,18/11/2025,9,2025,November,Tuesday
18/11/2025 10:00,18/11/2025,10,2025,November,Tuesday
18/11/2025 11:00,18/11/2025,11,2025,November,Tuesday
18/11/2025 12:00,18/11/2025,12,2025,November,Tuesday
18/11/2025 13:00,18/11/2025,13,2025,November,Tuesday
18/11/2025 14:00,18/11/2025,14,2025,November,Tuesday
18/11/2025 15:00,18/11/2025,15,2025,November,Tuesday
18/11/2025 16:00,18/11/2025,16,2025,November,Tuesday
18/11/2025 17:00,18/11/2025,17,2025,November,Tuesday
18/11/2025 18:00,18/11/2025,18,2025,November,Tuesday
18/11/2025 19:00,18/11/2025,19,2025,November,Tuesday
18/11/2025 20:00,18/11/2025,20,2025,November,Tuesday
18/11/2025 21:00,18/11/2025,21,2025,November,Tuesday
18/11/2025 22:00,18/11/2025,22,2025,November,Tuesday
18/11/2025 23:00,18/11/2025,23,2025,November,Tuesday
19/11/2025 0:00,19/11/2025,0,2025,November,Wednesday
19/11/2025 1:00,19/11/2025,1,2025,November,Wednesday
19/11/2025 2:00,19/11/2025,2,2025,November,Wednesday
19/11/2025 3:00,19/11/2025,3,2025,November,Wednesday
19/11/2025 4:00,19/11/2025,4,2025,November,Wednesday
19/11/2025 5:00,19/11/2025,5,2025,November,Wednesday
19/11/2025 6:00,19/11/2025,6,2025,November,Wednesday
19/11/2025 7:00,19/11/2025,7,2025,November,Wednesday
19/11/2025 8:00,19/11/2025,8,2025,November,Wednesday
19/11/2025 9:00,19/11/2025,9,2025,November,Wednesday
19/11/2025 10:00,19/11/2025,10,2025,November,Wednesday
19/11/2025 11:00,19/11/2025,11,2025,November,Wednesday
19/11/2025 12:00,19/11/2025,12,2025,November,Wednesday
19/11/2025 13:00,19/11/2025,13,2025,November,Wednesday
19/11/2025 14:00,19/11/2025,14,2025,November,Wednesday
19/11/2025 15:00,19/11/2025,15,2025,November,Wednesday
19/11/2025 16:00,19/11/2025,16,2025,November,Wednesday
19/11/2025 17:00,19/11/2025,17,2025,November,Wednesday
19/11/2025 18:00,19/11/2025,18,2025,November,Wednesday
19/11/2025 19:00,19/11/2025,19,2025,November,Wednesday
19/11/2025 20:00,19/11/2025,20,2025,November,Wednesday
19/11/2025 21:00,19/11/2025,21,2025,November,Wednesday
19/11/2025 22:00,19/11/2025,22,2025,November,Wednesday
19/11/2025 23:00,19/11/2025,23,2025,November,Wednesday
20/11/2025 0:00,20/11/2025,0,2025,November,Thursday
20/11/2025 1:00,20/11/2025,1,2025,November,Thursday
20/11/2025 2:00,20/11/2025,2,2025,November,Thursday
20/11/2025 3:00,20/11/2025,3,2025,November,Thursday
20/11/2025 4:00,20/11/2025,4,2025,November,Thursday
20/11/2025 5:00,20/11/2025,5,2025,November,Thursday
20/11/2025 6:00,20/11/2025,6,2025,November,Thursday
20/11/2025 7:00,20/11/2025,7,2025,November,Thursday
20/11/2025 8:00,20/11/2025,8,2025,November,Thursday
20/11/2025 9:00,20/11/2025,9,2025,November,Thursday
20/11/2025 10:00,20/11/2025,10,2025,November,Thursday
20/11/2025 11:00,20/11/2025,11,2025,November,Thursday
20/11/2025 12:00,20/11/2025,12,2025,November,Thursday
20/11/2025 13:00,20/11/2025,13,2025,November,Thursday
20/11/2025 14:00,20/11/2025,14,2025,November,Thursday
20/11/2025 15:00,20/11/2025,15,2025,November,Thursday
20/11/2025 16:00,20/11/2025,16,2025,November,Thursday
20/11/2025 17:00,20/11/2025,17,2025,November,Thursday
20/11/2025 18:00,20/11/2025,18,2025,November,Thursday
20/11/2025 19:00,20/11/2025,19,2025,November,Thursday
20/11/2025 20:00,20/11/2025,20,2025,November,Thursday
20/11/2025 21:00,20/11/2025,21,2025,November,Thursday
20/11/2025 22:00,20/11/2025,22,2025,November,Thursday
20/11/2025 23:00,20/11/2025,23,2025,November,Thursday
21/11/2025 0:00,21/11/2025,0,2025,November,Friday
21/11/2025 1:00,21/11/2025,1,2025,November,Friday
21/11/2025 2:00,21/11/2025,2,2025,November,Friday
21/11/2025 3:00,21/11/2025,3,2025,November,Friday
21/11/2025 4:00,21/11/2025,4,2025,November,Friday
21/11/2025 5:00,21/11/2025,5,2025,November,Friday
21/11/2025 6:00,21/11/2025,6,2025,November,Friday
21/11/2025 7:00,21/11/2025,7,2025,November,Friday
21/11/2025 8:00,21/11/2025,8,2025,November,Friday
21/11/2025 9:00,21/11/2025,9,2025,November,Friday
21/11/2025 10:00,21/11/2025,10,2025,November,Friday
21/11/2025 11:00,21/11/2025,11,2025,November,Friday
21/11/2025 12:00,21/11/2025,12,2025,November,Friday
21/11/2025 13:00,21/11/2025,13,2025,November,Friday
21/11/2025 14:00,21/11/2025,14,2025,November,Friday
21/11/2025 15:00,21/11/2025,15,2025,November,Friday
21/11/2025 16:00,21/11/2025,16,2025,November,Friday
21/11/2025 17:00,21/11/2025,17,2025,November,Friday
21/11/2025 18:00,21/11/2025,18,2025,November,Friday
21/11/2025 19:00,21/11/2025,19,2025,November,Friday
21/11/2025 20:00,21/11/2025,20,2025,November,Friday
21/11/2025 21:00,21/11/2025,21,2025,November,Friday
21/11/2025 22:00,21/11/2025,22,2025,November,Friday
21/11/2025 23:00,21/11/2025,23,2025,November,Friday
22/11/2025 0:00,22/11/2025,0,2025,November,Saturday
22/11/2025 1:00,22/11/2025,1,2025,November,Saturday
22/11/2025 2:00,22/11/2025,2,2025,November,Saturday
22/11/2025 3:00,22/11/2025,3,2025,November,Saturday
22/11/2025 4:00,22/11/2025,4,2025,November,Saturday
22/11/2025 5:00,22/11/2025,5,2025,November,Saturday
22/11/2025 6:00,22/11/2025,6,2025,November,Saturday
22/11/2025 7:00,22/11/2025,7,2025,November,Saturday
22/11/2025 8:00,22/11/2025,8,2025,November,Saturday
22/11/2025 9:00,22/11/2025,9,2025,November,Saturday
22/11/2025 10:00,22/11/2025,10,2025,November,Saturday
22/11/2025 11:00,22/11/2025,11,2025,November,Saturday
22/11/2025 12:00,22/11/2025,12,2025,November,Saturday
22/11/2025 13:00,22/11/2025,13,2025,November,Saturday
22/11/2025 14:00,22/11/2025,14,2025,November,Saturday
22/11/2025 15:00,22/11/2025,15,2025,November,Saturday
22/11/2025 16:00,22/11/2025,16,2025,November,Saturday
22/11/2025 17:00,22/11/2025,17,2025,November,Saturday
22/11/2025 18:00,22/11/2025,18,2025,November,Saturday
22/11/2025 19:00,22/11/2025,19,2025,November,Saturday
22/11/2025 20:00,22/11/2025,20,2025,November,Saturday
22/11/2025 21:00,22/11/2025,21,2025,November,Saturday
22/11/2025 22:00,22/11/2025,22,2025,November,Saturday
22/11/2025 23:00,22/11/2025,23,2025,November,Saturday
23/11/2025 0:00,23/11/2025,0,2025,November,Sunday
23/11/2025 1:00,23/11/2025,1,2025,November,Sunday
23/11/2025 2:00,23/11/2025,2,2025,November,Sunday
23/11/2025 3:00,23/11/2025,3,2025,November,Sunday
23/11/2025 4:00,23/11/2025,4,2025,November,Sunday
23/11/2025 5:00,23/11/2025,5,2025,November,Sunday
23/11/2025 6:00,23/11/2025,6,2025,November,Sunday
23/11/2025 7:00,23/11/2025,7,2025,November,Sunday
23/11/2025 8:00,23/11/2025,8,2025,November,Sunday
23/11/2025 9:00,23/11/2025,9,2025,November,Sunday
23/11/2025 10:00,23/11/2025,10,2025,November,Sunday
23/11/2025 11:00,23/11/2025,11,2025,November,Sunday
23/11/2025 12:00,23/11/2025,12,2025,November,Sunday
23/11/2025 13:00,23/11/2025,13,2025,November,Sunday
23/11/2025 14:00,23/11/2025,14,2025,November,Sunday
23/11/2025 15:00,23/11/2025,15,2025,November,Sunday
23/11/2025 16:00,23/11/2025,16,2025,November,Sunday
23/11/2025 17:00,23/11/2025,17,2025,November,Sunday
23/11/2025 18:00,23/11/2025,18,2025,November,Sunday
23/11/2025 19:00,23/11/2025,19,2025,November,Sunday
23/11/2025 20:00,23/11/2025,20,2025,November,Sunday
23/11/2025 21:00,23/11/2025,21,2025,November,Sunday
23/11/2025 22:00,23/11/2025,22,2025,November,Sunday
23/11/2025 23:00,23/11/2025,23,2025,November,Sunday
24/11/2025 0:00,24/11/2025,0,2025,November,Monday
24/11/2025 1:00,24/11/2025,1,2025,November,Monday
24/11/2025 2:00,24/11/2025,2,2025,November,Monday
24/11/2025 3:00,24/11/2025,3,2025,November,Monday
24/11/2025 4:00,24/11/2025,4,2025,November,Monday
24/11/2025 5:00,24/11/2025,5,2025,November,Monday
24/11/2025 6:00,24/11/2025,6,2025,November,Monday
24/11/2025 7:00,24/11/2025,7,2025,November,Monday
24/11/2025 8:00,24/11/2025,8,2025,November,Monday
24/11/2025 9:00,24/11/2025,9,2025,November,Monday
24/11/2025 10:00,24/11/2025,10,2025,November,Monday
24/11/2025 11:00,24/11/2025,11,2025,November,Monday
24/11/2025 12:00,24/11/2025,12,2025,November,Monday
24/11/2025 13:00,24/11/2025,13,2025,November,Monday
24/11/2025 14:00,24/11/2025,14,2025,November,Monday
24/11/2025 15:00,24/11/2025,15,2025,November,Monday
24/11/2025 16:00,24/11/2025,16,2025,November,Monday
24/11/2025 17:00,24/11/2025,17,2025,November,Monday
24/11/2025 18:00,24/11/2025,18,2025,November,Monday
24/11/2025 19:00,24/11/2025,19,2025,November,Monday
24/11/2025 20:00,24/11/2025,20,2025,November,Monday
24/11/2025 21:00,24/11/2025,21,2025,November,Monday
24/11/2025 22:00,24/11/2025,22,2025,November,Monday
24/11/2025 23:00,24/11/2025,23,2025,November,Monday
25/11/2025 0:00,25/11/2025,0,2025,November,Tuesday
25/11/2025 1:00,25/11/2025,1,2025,November,Tuesday
25/11/2025 2:00,25/11/2025,2,2025,November,Tuesday
25/11/2025 3:00,25/11/2025,3,2025,November,Tuesday
25/11/2025 4:00,25/11/2025,4,2025,November,Tuesday
25/11/2025 5:00,25/11/2025,5,2025,November,Tuesday
25/11/2025 6:00,25/11/2025,6,2025,November,Tuesday
25/11/2025 7:00,25/11/2025,7,2025,November,Tuesday
25/11/2025 8:00,25/11/2025,8,2025,November,Tuesday
25/11/2025 9:00,25/11/2025,9,2025,November,Tuesday
25/11/2025 10:00,25/11/2025,10,2025,November,Tuesday
25/11/2025 11:00,25/11/2025,11,2025,November,Tuesday
25/11/2025 12:00,25/11/2025,12,2025,November,Tuesday
25/11/2025 13:00,25/11/2025,13,2025,November,Tuesday
25/11/2025 14:00,25/11/2025,14,2025,November,Tuesday
25/11/2025 15:00,25/11/2025,15,2025,November,Tuesday
25/11/2025 16:00,25/11/2025,16,2025,November,Tuesday
25/11/2025 17:00,25/11/2025,17,2025,November,Tuesday
25/11/2025 18:00,25/11/2025,18,2025,November,Tuesday
25/11/2025 19:00,25/11/2025,19,2025,November,Tuesday
25/11/2025 20:00,25/11/2025,20,2025,November,Tuesday
25/11/2025 21:00,25/11/2025,21,2025,November,Tuesday
25/11/2025 22:00,25/11/2025,22,2025,November,Tuesday
25/11/2025 23:00,25/11/2025,23,2025,November,Tuesday
26/11/2025 0:00,26/11/2025,0,2025,November,Wednesday
26/11/2025 1:00,26/11/2025,1,2025,November,Wednesday
26/11/2025 2:00,26/11/2025,2,2025,November,Wednesday
26/11/2025 3:00,26/11/2025,3,2025,November,Wednesday
26/11/2025 4:00,26/11/2025,4,2025,November,Wednesday
26/11/2025 5:00,26/11/2025,5,2025,November,Wednesday
26/11/2025 6:00,26/11/2025,6,2025,November,Wednesday
26/11/2025 7:00,26/11/2025,7,2025,November,Wednesday
26/11/2025 8:00,26/11/2025,8,2025,November,Wednesday
26/11/2025 9:00,26/11/2025,9,2025,November,Wednesday
26/11/2025 10:00,26/11/2025,10,2025,November,Wednesday
26/11/2025 11:00,26/11/2025,11,2025,November,Wednesday
26/11/2025 12:00,26/11/2025,12,2025,November,Wednesday
26/11/2025 13:00,26/11/2025,13,2025,November,Wednesday
26/11/2025 14:00,26/11/2025,14,2025,November,Wednesday
26/11/2025 15:00,26/11/2025,15,2025,November,Wednesday
26/11/2025 16:00,26/11/2025,16,2025,November,Wednesday
26/11/2025 17:00,26/11/2025,17,2025,November,Wednesday
26/11/2025 18:00,26/11/2025,18,2025,November,Wednesday
26/11/2025 19:00,26/11/2025,19,2025,November,Wednesday
26/11/2025 20:00,26/11/2025,20,2025,November,Wednesday
26/11/2025 21:00,26/11/2025,21,2025,November,Wednesday
26/11/2025 22:00,26/11/2025,22,2025,November,Wednesday
26/11/2025 23:00,26/11/2025,23,2025,November,Wednesday
27/11/2025 0:00,27/11/2025,0,2025,November,Thursday
27/11/2025 1:00,27/11/2025,1,2025,November,Thursday
27/11/2025 2:00,27/11/2025,2,2025,November,Thursday
27/11/2025 3:00,27/11/2025,3,2025,November,Thursday
27/11/2025 4:00,27/11/2025,4,2025,November,Thursday
27/11/2025 5:00,27/11/2025,5,2025,November,Thursday
27/11/2025 6:00,27/11/2025,6,2025,November,Thursday
27/11/2025 7:00,27/11/2025,7,2025,November,Thursday
27/11/2025 8:00,27/11/2025,8,2025,November,Thursday
27/11/2025 9:00,27/11/2025,9,2025,November,Thursday
27/11/2025 10:00,27/11/2025,10,2025,November,Thursday
27/11/2025 11:00,27/11/2025,11,2025,November,Thursday
27/11/2025 12:00,27/11/2025,12,2025,November,Thursday
27/11/2025 13:00,27/11/2025,13,2025,November,Thursday
27/11/2025 14:00,27/11/2025,14,2025,November,Thursday
27/11/2025 15:00,27/11/2025,15,2025,November,Thursday
27/11/2025 16:00,27/11/2025,16,2025,November,Thursday
27/11/2025 17:00,27/11/2025,17,2025,November,Thursday
27/11/2025 18:00,27/11/2025,18,2025,November,Thursday
27/11/2025 19:00,27/11/2025,19,2025,November,Thursday
27/11/2025 20:00,27/11/2025,20,2025,November,Thursday
27/11/2025 21:00,27/11/2025,21,2025,November,Thursday
27/11/2025 22:00,27/11/2025,22,2025,November,Thursday
27/11/2025 23:00,27/11/2025,23,2025,November,Thursday
28/11/2025 0:00,28/11/2025,0,2025,November,Friday
28/11/2025 1:00,28/11/2025,1,2025,November,Friday
28/11/2025 2:00,28/11/2025,2,2025,November,Friday
28/11/2025 3:00,28/11/2025,3,2025,November,Friday
28/11/2025 4:00,28/11/2025,4,2025,November,Friday
28/11/2025 5:00,28/11/2025,5,2025,November,Friday
28/11/2025 6:00,28/11/2025,6,2025,November,Friday
28/11/2025 7:00,28/11/2025,7,2025,November,Friday
28/11/2025 8:00,28/11/2025,8,2025,November,Friday
28/11/2025 9:00,28/11/2025,9,2025,November,Friday
28/11/2025 10:00,28/11/2025,10,2025,November,Friday
28/11/2025 11:00,28/11/2025,11,2025,November,Friday
28/11/2025 12:00,28/11/2025,12,2025,November,Friday
28/11/2025 13:00,28/11/2025,13,2025,November,Friday
28/11/2025 14:00,28/11/2025,14,2025,November,Friday
28/11/2025 15:00,28/11/2025,15,2025,November,Friday
28/11/2025 16:00,28/11/2025,16,2025,November,Friday
28/11/2025 17:00,28/11/2025,17,2025,November,Friday
28/11/2025 18:00,28/11/2025,18,2025,November,Friday
28/11/2025 19:00,28/11/2025,19,2025,November,Friday
28/11/2025 20:00,28/11/2025,20,2025,November,Friday
28/11/2025 21:00,28/11/2025,21,2025,November,Friday
28/11/2025 22:00,28/11/2025,22,2025,November,Friday
28/11/2025 23:00,28/11/2025,23,2025,November,Friday
29/11/2025 0:00,29/11/2025,0,2025,November,Saturday
29/11/2025 1:00,29/11/2025,1,2025,November,Saturday
29/11/2025 2:00,29/11/2025,2,2025,November,Saturday
29/11/2025 3:00,29/11/2025,3,2025,November,Saturday
29/11/2025 4:00,29/11/2025,4,2025,November,Saturday
29/11/2025 5:00,29/11/2025,5,2025,November,Saturday
29/11/2025 6:00,29/11/2025,6,2025,November,Saturday
29/11/2025 7:00,29/11/2025,7,2025,November,Saturday
29/11/2025 8:00,29/11/2025,8,2025,November,Saturday
29/11/2025 9:00,29/11/2025,9,2025,November,Saturday
29/11/2025 10:00,29/11/2025,10,2025,November,Saturday
29/11/2025 11:00,29/11/2025,11,2025,November,Saturday
29/11/2025 12:00,29/11/2025,12,2025,November,Saturday
29/11/2025 13:00,29/11/2025,13,2025,November,Saturday
29/11/2025 14:00,29/11/2025,14,2025,November,Saturday
29/11/2025 15:00,29/11/2025,15,2025,November,Saturday
29/11/2025 16:00,29/11/2025,16,2025,November,Saturday
29/11/2025 17:00,29/11/2025,17,2025,November,Saturday
29/11/2025 18:00,29/11/2025,18,2025,November,Saturday
29/11/2025 19:00,29/11/2025,19,2025,November,Saturday
29/11/2025 20:00,29/11/2025,20,2025,November,Saturday
29/11/2025 21:00,29/11/2025,21,2025,November,Saturday
29/11/2025 22:00,29/11/2025,22,2025,November,Saturday
29/11/2025 23:00,29/11/2025,23,2025,November,Saturday
30/11/2025 0:00,30/11/2025,0,2025,November,Sunday
30/11/2025 1:00,30/11/2025,1,2025,November,Sunday
30/11/2025 2:00,30/11/2025,2,2025,November,Sunday
30/11/2025 3:00,30/11/2025,3,2025,November,Sunday
30/11/2025 4:00,30/11/2025,4,2025,November,Sunday
30/11/2025 5:00,30/11/2025,5,2025,November,Sunday
30/11/2025 6:00,30/11/2025,6,2025,November,Sunday
30/11/2025 7:00,30/11/2025,7,2025,November,Sunday
30/11/2025 8:00,30/11/2025,8,2025,November,Sunday
30/11/2025 9:00,30/11/2025,9,2025,November,Sunday
30/11/2025 10:00,30/11/2025,10,2025,November,Sunday
30/11/2025 11:00,30/11/2025,11,2025,November,Sunday
30/11/2025 12:00,30/11/2025,12,2025,November,Sunday
30/11/2025 13:00,30/11/2025,13,2025,November,Sunday
30/11/2025 14:00,30/11/2025,14,2025,November,Sunday
30/11/2025 15:00,30/11/2025,15,2025,November,Sunday
30/11/2025 16:00,30/11/2025,16,2025,November,Sunday
30/11/2025 17:00,30/11/2025,17,2025,November,Sunday
30/11/2025 18:00,30/11/2025,18,2025,November,Sunday
30/11/2025 19:00,30/11/2025,19,2025,November,Sunday
30/11/2025 20:00,30/11/2025,20,2025,November,Sunday
30/11/2025 21:00,30/11/2025,21,2025,November,Sunday
30/11/2025 22:00,30/11/2025,22,2025,November,Sunday
30/11/2025 23:00,30/11/2025,23,2025,November,Sunday
01/12/2025 0:00,01/12/2025,0,2025,December,Monday
01/12/2025 1:00,01/12/2025,1,2025,December,Monday
01/12/2025 2:00,01/12/2025,2,2025,December,Monday
01/12/2025 3:00,01/12/2025,3,2025,December,Monday
01/12/2025 4:00,01/12/2025,4,2025,December,Monday
01/12/2025 5:00,01/12/2025,5,2025,December,Monday
01/12/2025 6:00,01/12/2025,6,2025,December,Monday
01/12/2025 7:00,01/12/2025,7,2025,December,Monday
01/12/2025 8:00,01/12/2025,8,2025,December,Monday
01/12/2025 9:00,01/12/2025,9,2025,December,Monday
01/12/2025 10:00,01/12/2025,10,2025,December,Monday
01/12/2025 11:00,01/12/2025,11,2025,December,Monday
01/12/2025 12:00,01/12/2025,12,2025,December,Monday
01/12/2025 13:00,01/12/2025,13,2025,December,Monday
01/12/2025 14:00,01/12/2025,14,2025,December,Monday
01/12/2025 15:00,01/12/2025,15,2025,December,Monday
01/12/2025 16:00,01/12/2025,16,2025,December,Monday
01/12/2025 17:00,01/12/2025,17,2025,December,Monday
01/12/2025 18:00,01/12/2025,18,2025,December,Monday
01/12/2025 19:00,01/12/2025,19,2025,December,Monday
01/12/2025 20:00,01/12/2025,20,2025,December,Monday
01/12/2025 21:00,01/12/2025,21,2025,December,Monday
01/12/2025 22:00,01/12/2025,22,2025,December,Monday
01/12/2025 23:00,01/12/2025,23,2025,December,Monday
02/12/2025 0:00,02/12/2025,0,2025,December,Tuesday
02/12/2025 1:00,02/12/2025,1,2025,December,Tuesday
02/12/2025 2:00,02/12/2025,2,2025,December,Tuesday
02/12/2025 3:00,02/12/2025,3,2025,December,Tuesday
02/12/2025 4:00,02/12/2025,4,2025,December,Tuesday
02/12/2025 5:00,02/12/2025,5,2025,December,Tuesday
02/12/2025 6:00,02/12/2025,6,2025,December,Tuesday
02/12/2025 7:00,02/12/2025,7,2025,December,Tuesday
02/12/2025 8:00,02/12/2025,8,2025,December,Tuesday
02/12/2025 9:00,02/12/2025,9,2025,December,Tuesday
02/12/2025 10:00,02/12/2025,10,2025,December,Tuesday
02/12/2025 11:00,02/12/2025,11,2025,December,Tuesday
02/12/2025 12:00,02/12/2025,12,2025,December,Tuesday
02/12/2025 13:00,02/12/2025,13,2025,December,Tuesday
02/12/2025 14:00,02/12/2025,14,2025,December,Tuesday
02/12/2025 15:00,02/12/2025,15,2025,December,Tuesday
02/12/2025 16:00,02/12/2025,16,2025,December,Tuesday
02/12/2025 17:00,02/12/2025,17,2025,December,Tuesday
02/12/2025 18:00,02/12/2025,18,2025,December,Tuesday
02/12/2025 19:00,02/12/2025,19,2025,December,Tuesday
02/12/2025 20:00,02/12/2025,20,2025,December,Tuesday
02/12/2025 21:00,02/12/2025,21,2025,December,Tuesday
02/12/2025 22:00,02/12/2025,22,2025,December,Tuesday
02/12/2025 23:00,02/12/2025,23,2025,December,Tuesday
03/12/2025 0:00,03/12/2025,0,2025,December,Wednesday
03/12/2025 1:00,03/12/2025,1,2025,December,Wednesday
03/12/2025 2:00,03/12/2025,2,2025,December,Wednesday
03/12/2025 3:00,03/12/2025,3,2025,December,Wednesday
03/12/2025 4:00,03/12/2025,4,2025,December,Wednesday
03/12/2025 5:00,03/12/2025,5,2025,December,Wednesday
03/12/2025 6:00,03/12/2025,6,2025,December,Wednesday
03/12/2025 7:00,03/12/2025,7,2025,December,Wednesday
03/12/2025 8:00,03/12/2025,8,2025,December,Wednesday
03/12/2025 9:00,03/12/2025,9,2025,December,Wednesday
03/12/2025 10:00,03/12/2025,10,2025,December,Wednesday
03/12/2025 11:00,03/12/2025,11,2025,December,Wednesday
03/12/2025 12:00,03/12/2025,12,2025,December,Wednesday
03/12/2025 13:00,03/12/2025,13,2025,December,Wednesday
03/12/2025 14:00,03/12/2025,14,2025,December,Wednesday
03/12/2025 15:00,03/12/2025,15,2025,December,Wednesday
03/12/2025 16:00,03/12/2025,16,2025,December,Wednesday
03/12/2025 17:00,03/12/2025,17,2025,December,Wednesday
03/12/2025 18:00,03/12/2025,18,2025,December,Wednesday
03/12/2025 19:00,03/12/2025,19,2025,December,Wednesday
03/12/2025 20:00,03/12/2025,20,2025,December,Wednesday
03/12/2025 21:00,03/12/2025,21,2025,December,Wednesday
03/12/2025 22:00,03/12/2025,22,2025,December,Wednesday
03/12/2025 23:00,03/12/2025,23,2025,December,Wednesday
04/12/2025 0:00,04/12/2025,0,2025,December,Thursday
04/12/2025 1:00,04/12/2025,1,2025,December,Thursday
04/12/2025 2:00,04/12/2025,2,2025,December,Thursday
04/12/2025 3:00,04/12/2025,3,2025,December,Thursday
04/12/2025 4:00,04/12/2025,4,2025,December,Thursday
04/12/2025 5:00,04/12/2025,5,2025,December,Thursday
04/12/2025 6:00,04/12/2025,6,2025,December,Thursday
04/12/2025 7:00,04/12/2025,7,2025,December,Thursday
04/12/2025 8:00,04/12/2025,8,2025,December,Thursday
04/12/2025 9:00,04/12/2025,9,2025,December,Thursday
04/12/2025 10:00,04/12/2025,10,2025,December,Thursday
04/12/2025 11:00,04/12/2025,11,2025,December,Thursday
04/12/2025 12:00,04/12/2025,12,2025,December,Thursday
04/12/2025 13:00,04/12/2025,13,2025,December,Thursday
04/12/2025 14:00,04/12/2025,14,2025,December,Thursday
04/12/2025 15:00,04/12/2025,15,2025,December,Thursday
04/12/2025 16:00,04/12/2025,16,2025,December,Thursday
04/12/2025 17:00,04/12/2025,17,2025,December,Thursday
04/12/2025 18:00,04/12/2025,18,2025,December,Thursday
04/12/2025 19:00,04/12/2025,19,2025,December,Thursday
04/12/2025 20:00,04/12/2025,20,2025,December,Thursday
04/12/2025 21:00,04/12/2025,21,2025,December,Thursday
04/12/2025 22:00,04/12/2025,22,2025,December,Thursday
04/12/2025 23:00,04/12/2025,23,2025,December,Thursday
05/12/2025 0:00,05/12/2025,0,2025,December,Friday
05/12/2025 1:00,05/12/2025,1,2025,December,Friday
05/12/2025 2:00,05/12/2025,2,2025,December,Friday
05/12/2025 3:00,05/12/2025,3,2025,December,Friday
05/12/2025 4:00,05/12/2025,4,2025,December,Friday
05/12/2025 5:00,05/12/2025,5,2025,December,Friday
05/12/2025 6:00,05/12/2025,6,2025,December,Friday
05/12/2025 7:00,05/12/2025,7,2025,December,Friday
05/12/2025 8:00,05/12/2025,8,2025,December,Friday
05/12/2025 9:00,05/12/2025,9,2025,December,Friday
05/12/2025 10:00,05/12/2025,10,2025,December,Friday
05/12/2025 11:00,05/12/2025,11,2025,December,Friday
05/12/2025 12:00,05/12/2025,12,2025,December,Friday
05/12/2025 13:00,05/12/2025,13,2025,December,Friday
05/12/2025 14:00,05/12/2025,14,2025,December,Friday
05/12/2025 15:00,05/12/2025,15,2025,December,Friday
05/12/2025 16:00,05/12/2025,16,2025,December,Friday
05/12/2025 17:00,05/12/2025,17,2025,December,Friday
05/12/2025 18:00,05/12/2025,18,2025,December,Friday
05/12/2025 19:00,05/12/2025,19,2025,December,Friday
05/12/2025 20:00,05/12/2025,20,2025,December,Friday
05/12/2025 21:00,05/12/2025,21,2025,December,Friday
05/12/2025 22:00,05/12/2025,22,2025,December,Friday
05/12/2025 23:00,05/12/2025,23,2025,December,Friday
06/12/2025 0:00,06/12/2025,0,2025,December,Saturday
06/12/2025 1:00,06/12/2025,1,2025,December,Saturday
06/12/2025 2:00,06/12/2025,2,2025,December,Saturday
06/12/2025 3:00,06/12/2025,3,2025,December,Saturday
06/12/2025 4:00,06/12/2025,4,2025,December,Saturday
06/12/2025 5:00,06/12/2025,5,2025,December,Saturday
06/12/2025 6:00,06/12/2025,6,2025,December,Saturday
06/12/2025 7:00,06/12/2025,7,2025,December,Saturday
06/12/2025 8:00,06/12/2025,8,2025,December,Saturday
06/12/2025 9:00,06/12/2025,9,2025,December,Saturday
06/12/2025 10:00,06/12/2025,10,2025,December,Saturday
06/12/2025 11:00,06/12/2025,11,2025,December,Saturday
06/12/2025 12:00,06/12/2025,12,2025,December,Saturday
06/12/2025 13:00,06/12/2025,13,2025,December,Saturday
06/12/2025 14:00,06/12/2025,14,2025,December,Saturday
06/12/2025 15:00,06/12/2025,15,2025,December,Saturday
06/12/2025 16:00,06/12/2025,16,2025,December,Saturday
06/12/2025 17:00,06/12/2025,17,2025,December,Saturday
06/12/2025 18:00,06/12/2025,18,2025,December,Saturday
06/12/2025 19:00,06/12/2025,19,2025,December,Saturday
06/12/2025 20:00,06/12/2025,20,2025,December,Saturday
06/12/2025 21:00,06/12/2025,21,2025,December,Saturday
06/12/2025 22:00,06/12/2025,22,2025,December,Saturday
06/12/2025 23:00,06/12/2025,23,2025,December,Saturday
07/12/2025 0:00,07/12/2025,0,2025,December,Sunday
07/12/2025 1:00,07/12/2025,1,2025,December,Sunday
07/12/2025 2:00,07/12/2025,2,2025,December,Sunday
07/12/2025 3:00,07/12/2025,3,2025,December,Sunday
07/12/2025 4:00,07/12/2025,4,2025,December,Sunday
07/12/2025 5:00,07/12/2025,5,2025,December,Sunday
07/12/2025 6:00,07/12/2025,6,2025,December,Sunday
07/12/2025 7:00,07/12/2025,7,2025,December,Sunday
07/12/2025 8:00,07/12/2025,8,2025,December,Sunday
07/12/2025 9:00,07/12/2025,9,2025,December,Sunday
07/12/2025 10:00,07/12/2025,10,2025,December,Sunday
07/12/2025 11:00,07/12/2025,11,2025,December,Sunday
07/12/2025 12:00,07/12/2025,12,2025,December,Sunday
07/12/2025 13:00,07/12/2025,13,2025,December,Sunday
07/12/2025 14:00,07/12/2025,14,2025,December,Sunday
07/12/2025 15:00,07/12/2025,15,2025,December,Sunday
07/12/2025 16:00,07/12/2025,16,2025,December,Sunday
07/12/2025 17:00,07/12/2025,17,2025,December,Sunday
07/12/2025 18:00,07/12/2025,18,2025,December,Sunday
07/12/2025 19:00,07/12/2025,19,2025,December,Sunday
07/12/2025 20:00,07/12/2025,20,2025,December,Sunday
07/12/2025 21:00,07/12/2025,21,2025,December,Sunday
07/12/2025 22:00,07/12/2025,22,2025,December,Sunday
07/12/2025 23:00,07/12/2025,23,2025,December,Sunday
08/12/2025 0:00,08/12/2025,0,2025,December,Monday
08/12/2025 1:00,08/12/2025,1,2025,December,Monday
08/12/2025 2:00,08/12/2025,2,2025,December,Monday
08/12/2025 3:00,08/12/2025,3,2025,December,Monday
08/12/2025 4:00,08/12/2025,4,2025,December,Monday
08/12/2025 5:00,08/12/2025,5,2025,December,Monday
08/12/2025 6:00,08/12/2025,6,2025,December,Monday
08/12/2025 7:00,08/12/2025,7,2025,December,Monday
08/12/2025 8:00,08/12/2025,8,2025,December,Monday
08/12/2025 9:00,08/12/2025,9,2025,December,Monday
08/12/2025 10:00,08/12/2025,10,2025,December,Monday
08/12/2025 11:00,08/12/2025,11,2025,December,Monday
08/12/2025 12:00,08/12/2025,12,2025,December,Monday
08/12/2025 13:00,08/12/2025,13,2025,December,Monday
08/12/2025 14:00,08/12/2025,14,2025,December,Monday
08/12/2025 15:00,08/12/2025,15,2025,December,Monday
08/12/2025 16:00,08/12/2025,16,2025,December,Monday
08/12/2025 17:00,08/12/2025,17,2025,December,Monday
08/12/2025 18:00,08/12/2025,18,2025,December,Monday
08/12/2025 19:00,08/12/2025,19,2025,December,Monday
08/12/2025 20:00,08/12/2025,20,2025,December,Monday
08/12/2025 21:00,08/12/2025,21,2025,December,Monday
08/12/2025 22:00,08/12/2025,22,2025,December,Monday
08/12/2025 23:00,08/12/2025,23,2025,December,Monday
09/12/2025 0:00,09/12/2025,0,2025,December,Tuesday
09/12/2025 1:00,09/12/2025,1,2025,December,Tuesday
09/12/2025 2:00,09/12/2025,2,2025,December,Tuesday
09/12/2025 3:00,09/12/2025,3,2025,December,Tuesday
09/12/2025 4:00,09/12/2025,4,2025,December,Tuesday
09/12/2025 5:00,09/12/2025,5,2025,December,Tuesday
09/12/2025 6:00,09/12/2025,6,2025,December,Tuesday
09/12/2025 7:00,09/12/2025,7,2025,December,Tuesday
09/12/2025 8:00,09/12/2025,8,2025,December,Tuesday
09/12/2025 9:00,09/12/2025,9,2025,December,Tuesday
09/12/2025 10:00,09/12/2025,10,2025,December,Tuesday
09/12/2025 11:00,09/12/2025,11,2025,December,Tuesday
09/12/2025 12:00,09/12/2025,12,2025,December,Tuesday
09/12/2025 13:00,09/12/2025,13,2025,December,Tuesday
09/12/2025 14:00,09/12/2025,14,2025,December,Tuesday
09/12/2025 15:00,09/12/2025,15,2025,December,Tuesday
09/12/2025 16:00,09/12/2025,16,2025,December,Tuesday
09/12/2025 17:00,09/12/2025,17,2025,December,Tuesday
09/12/2025 18:00,09/12/2025,18,2025,December,Tuesday
09/12/2025 19:00,09/12/2025,19,2025,December,Tuesday
09/12/2025 20:00,09/12/2025,20,2025,December,Tuesday
09/12/2025 21:00,09/12/2025,21,2025,December,Tuesday
09/12/2025 22:00,09/12/2025,22,2025,December,Tuesday
09/12/2025 23:00,09/12/2025,23,2025,December,Tuesday
10/12/2025 0:00,10/12/2025,0,2025,December,Wednesday
10/12/2025 1:00,10/12/2025,1,2025,December,Wednesday
10/12/2025 2:00,10/12/2025,2,2025,December,Wednesday
10/12/2025 3:00,10/12/2025,3,2025,December,Wednesday
10/12/2025 4:00,10/12/2025,4,2025,December,Wednesday
10/12/2025 5:00,10/12/2025,5,2025,December,Wednesday
10/12/2025 6:00,10/12/2025,6,2025,December,Wednesday
10/12/2025 7:00,10/12/2025,7,2025,December,Wednesday
10/12/2025 8:00,10/12/2025,8,2025,December,Wednesday
10/12/2025 9:00,10/12/2025,9,2025,December,Wednesday
10/12/2025 10:00,10/12/2025,10,2025,December,Wednesday
10/12/2025 11:00,10/12/2025,11,2025,December,Wednesday
10/12/2025 12:00,10/12/2025,12,2025,December,Wednesday
10/12/2025 13:00,10/12/2025,13,2025,December,Wednesday
10/12/2025 14:00,10/12/2025,14,2025,December,Wednesday
10/12/2025 15:00,10/12/2025,15,2025,December,Wednesday
10/12/2025 16:00,10/12/2025,16,2025,December,Wednesday
10/12/2025 17:00,10/12/2025,17,2025,December,Wednesday
10/12/2025 18:00,10/12/2025,18,2025,December,Wednesday
10/12/2025 19:00,10/12/2025,19,2025,December,Wednesday
10/12/2025 20:00,10/12/2025,20,2025,December,Wednesday
10/12/2025 21:00,10/12/2025,21,2025,December,Wednesday
10/12/2025 22:00,10/12/2025,22,2025,December,Wednesday
10/12/2025 23:00,10/12/2025,23,2025,December,Wednesday
11/12/2025 0:00,11/12/2025,0,2025,December,Thursday
11/12/2025 1:00,11/12/2025,1,2025,December,Thursday
11/12/2025 2:00,11/12/2025,2,2025,December,Thursday
11/12/2025 3:00,11/12/2025,3,2025,December,Thursday
11/12/2025 4:00,11/12/2025,4,2025,December,Thursday
11/12/2025 5:00,11/12/2025,5,2025,December,Thursday
11/12/2025 6:00,11/12/2025,6,2025,December,Thursday
11/12/2025 7:00,11/12/2025,7,2025,December,Thursday
11/12/2025 8:00,11/12/2025,8,2025,December,Thursday
11/12/2025 9:00,11/12/2025,9,2025,December,Thursday
11/12/2025 10:00,11/12/2025,10,2025,December,Thursday
11/12/2025 11:00,11/12/2025,11,2025,December,Thursday
11/12/2025 12:00,11/12/2025,12,2025,December,Thursday
11/12/2025 13:00,11/12/2025,13,2025,December,Thursday
11/12/2025 14:00,11/12/2025,14,2025,December,Thursday
11/12/2025 15:00,11/12/2025,15,2025,December,Thursday
11/12/2025 16:00,11/12/2025,16,2025,December,Thursday
11/12/2025 17:00,11/12/2025,17,2025,December,Thursday
11/12/2025 18:00,11/12/2025,18,2025,December,Thursday
11/12/2025 19:00,11/12/2025,19,2025,December,Thursday
11/12/2025 20:00,11/12/2025,20,2025,December,Thursday
11/12/2025 21:00,11/12/2025,21,2025,December,Thursday
11/12/2025 22:00,11/12/2025,22,2025,December,Thursday
11/12/2025 23:00,11/12/2025,23,2025,December,Thursday
12/12/2025 0:00,12/12/2025,0,2025,December,Friday
12/12/2025 1:00,12/12/2025,1,2025,December,Friday
12/12/2025 2:00,12/12/2025,2,2025,December,Friday
12/12/2025 3:00,12/12/2025,3,2025,December,Friday
12/12/2025 4:00,12/12/2025,4,2025,December,Friday
12/12/2025 5:00,12/12/2025,5,2025,December,Friday
12/12/2025 6:00,12/12/2025,6,2025,December,Friday
12/12/2025 7:00,12/12/2025,7,2025,December,Friday
12/12/2025 8:00,12/12/2025,8,2025,December,Friday
12/12/2025 9:00,12/12/2025,9,2025,December,Friday
12/12/2025 10:00,12/12/2025,10,2025,December,Friday
12/12/2025 11:00,12/12/2025,11,2025,December,Friday
12/12/2025 12:00,12/12/2025,12,2025,December,Friday
12/12/2025 13:00,12/12/2025,13,2025,December,Friday
12/12/2025 14:00,12/12/2025,14,2025,December,Friday
12/12/2025 15:00,12/12/2025,15,2025,December,Friday
12/12/2025 16:00,12/12/2025,16,2025,December,Friday
12/12/2025 17:00,12/12/2025,17,2025,December,Friday
12/12/2025 18:00,12/12/2025,18,2025,December,Friday
12/12/2025 19:00,12/12/2025,19,2025,December,Friday
12/12/2025 20:00,12/12/2025,20,2025,December,Friday
12/12/2025 21:00,12/12/2025,21,2025,December,Friday
12/12/2025 22:00,12/12/2025,22,2025,December,Friday
12/12/2025 23:00,12/12/2025,23,2025,December,Friday
13/12/2025 0:00,13/12/2025,0,2025,December,Saturday
13/12/2025 1:00,13/12/2025,1,2025,December,Saturday
13/12/2025 2:00,13/12/2025,2,2025,December,Saturday
13/12/2025 3:00,13/12/2025,3,2025,December,Saturday
13/12/2025 4:00,13/12/2025,4,2025,December,Saturday
13/12/2025 5:00,13/12/2025,5,2025,December,Saturday
13/12/2025 6:00,13/12/2025,6,2025,December,Saturday
13/12/2025 7:00,13/12/2025,7,2025,December,Saturday
13/12/2025 8:00,13/12/2025,8,2025,December,Saturday
13/12/2025 9:00,13/12/2025,9,2025,December,Saturday
13/12/2025 10:00,13/12/2025,10,2025,December,Saturday
13/12/2025 11:00,13/12/2025,11,2025,December,Saturday
13/12/2025 12:00,13/12/2025,12,2025,December,Saturday
13/12/2025 13:00,13/12/2025,13,2025,December,Saturday
13/12/2025 14:00,13/12/2025,14,2025,December,Saturday
13/12/2025 15:00,13/12/2025,15,2025,December,Saturday
13/12/2025 16:00,13/12/2025,16,2025,December,Saturday
13/12/2025 17:00,13/12/2025,17,2025,December,Saturday
13/12/2025 18:00,13/12/2025,18,2025,December,Saturday
13/12/2025 19:00,13/12/2025,19,2025,December,Saturday
13/12/2025 20:00,13/12/2025,20,2025,December,Saturday
13/12/2025 21:00,13/12/2025,21,2025,December,Saturday
13/12/2025 22:00,13/12/2025,22,2025,December,Saturday
13/12/2025 23:00,13/12/2025,23,2025,December,Saturday
14/12/2025 0:00,14/12/2025,0,2025,December,Sunday
14/12/2025 1:00,14/12/2025,1,2025,December,Sunday
14/12/2025 2:00,14/12/2025,2,2025,December,Sunday
14/12/2025 3:00,14/12/2025,3,2025,December,Sunday
14/12/2025 4:00,14/12/2025,4,2025,December,Sunday
14/12/2025 5:00,14/12/2025,5,2025,December,Sunday
14/12/2025 6:00,14/12/2025,6,2025,December,Sunday
14/12/2025 7:00,14/12/2025,7,2025,December,Sunday
14/12/2025 8:00,14/12/2025,8,2025,December,Sunday
14/12/2025 9:00,14/12/2025,9,2025,December,Sunday
14/12/2025 10:00,14/12/2025,10,2025,December,Sunday
14/12/2025 11:00,14/12/2025,11,2025,December,Sunday
14/12/2025 12:00,14/12/2025,12,2025,December,Sunday
14/12/2025 13:00,14/12/2025,13,2025,December,Sunday
14/12/2025 14:00,14/12/2025,14,2025,December,Sunday
14/12/2025 15:00,14/12/2025,15,2025,December,Sunday
14/12/2025 16:00,14/12/2025,16,2025,December,Sunday
14/12/2025 17:00,14/12/2025,17,2025,December,Sunday
14/12/2025 18:00,14/12/2025,18,2025,December,Sunday
14/12/2025 19:00,14/12/2025,19,2025,December,Sunday
14/12/2025 20:00,14/12/2025,20,2025,December,Sunday
14/12/2025 21:00,14/12/2025,21,2025,December,Sunday
14/12/2025 22:00,14/12/2025,22,2025,December,Sunday
14/12/2025 23:00,14/12/2025,23,2025,December,Sunday
15/12/2025 0:00,15/12/2025,0,2025,December,Monday
15/12/2025 1:00,15/12/2025,1,2025,December,Monday
15/12/2025 2:00,15/12/2025,2,2025,December,Monday
15/12/2025 3:00,15/12/2025,3,2025,December,Monday
15/12/2025 4:00,15/12/2025,4,2025,December,Monday
15/12/2025 5:00,15/12/2025,5,2025,December,Monday
15/12/2025 6:00,15/12/2025,6,2025,December,Monday
15/12/2025 7:00,15/12/2025,7,2025,December,Monday
15/12/2025 8:00,15/12/2025,8,2025,December,Monday
15/12/2025 9:00,15/12/2025,9,2025,December,Monday
15/12/2025 10:00,15/12/2025,10,2025,December,Monday
15/12/2025 11:00,15/12/2025,11,2025,December,Monday
15/12/2025 12:00,15/12/2025,12,2025,December,Monday
15/12/2025 13:00,15/12/2025,13,2025,December,Monday
15/12/2025 14:00,15/12/2025,14,2025,December,Monday
15/12/2025 15:00,15/12/2025,15,2025,December,Monday
15/12/2025 16:00,15/12/2025,16,2025,December,Monday
15/12/2025 17:00,15/12/2025,17,2025,December,Monday
15/12/2025 18:00,15/12/2025,18,2025,December,Monday
15/12/2025 19:00,15/12/2025,19,2025,December,Monday
15/12/2025 20:00,15/12/2025,20,2025,December,Monday
15/12/2025 21:00,15/12/2025,21,2025,December,Monday
15/12/2025 22:00,15/12/2025,22,2025,December,Monday
15/12/2025 23:00,15/12/2025,23,2025,December,Monday
16/12/2025 0:00,16/12/2025,0,2025,December,Tuesday
16/12/2025 1:00,16/12/2025,1,2025,December,Tuesday
16/12/2025 2:00,16/12/2025,2,2025,December,Tuesday
16/12/2025 3:00,16/12/2025,3,2025,December,Tuesday
16/12/2025 4:00,16/12/2025,4,2025,December,Tuesday
16/12/2025 5:00,16/12/2025,5,2025,December,Tuesday
16/12/2025 6:00,16/12/2025,6,2025,December,Tuesday
16/12/2025 7:00,16/12/2025,7,2025,December,Tuesday
16/12/2025 8:00,16/12/2025,8,2025,December,Tuesday
16/12/2025 9:00,16/12/2025,9,2025,December,Tuesday
16/12/2025 10:00,16/12/2025,10,2025,December,Tuesday
16/12/2025 11:00,16/12/2025,11,2025,December,Tuesday
16/12/2025 12:00,16/12/2025,12,2025,December,Tuesday
16/12/2025 13:00,16/12/2025,13,2025,December,Tuesday
16/12/2025 14:00,16/12/2025,14,2025,December,Tuesday
16/12/2025 15:00,16/12/2025,15,2025,December,Tuesday
16/12/2025 16:00,16/12/2025,16,2025,December,Tuesday
16/12/2025 17:00,16/12/2025,17,2025,December,Tuesday
16/12/2025 18:00,16/12/2025,18,2025,December,Tuesday
16/12/2025 19:00,16/12/2025,19,2025,December,Tuesday
16/12/2025 20:00,16/12/2025,20,2025,December,Tuesday
16/12/2025 21:00,16/12/2025,21,2025,December,Tuesday
16/12/2025 22:00,16/12/2025,22,2025,December,Tuesday
16/12/2025 23:00,16/12/2025,23,2025,December,Tuesday
17/12/2025 0:00,17/12/2025,0,2025,December,Wednesday
17/12/2025 1:00,17/12/2025,1,2025,December,Wednesday
17/12/2025 2:00,17/12/2025,2,2025,December,Wednesday
17/12/2025 3:00,17/12/2025,3,2025,December,Wednesday
17/12/2025 4:00,17/12/2025,4,2025,December,Wednesday
17/12/2025 5:00,17/12/2025,5,2025,December,Wednesday
17/12/2025 6:00,17/12/2025,6,2025,December,Wednesday
17/12/2025 7:00,17/12/2025,7,2025,December,Wednesday
17/12/2025 8:00,17/12/2025,8,2025,December,Wednesday
17/12/2025 9:00,17/12/2025,9,2025,December,Wednesday
17/12/2025 10:00,17/12/2025,10,2025,December,Wednesday
17/12/2025 11:00,17/12/2025,11,2025,December,Wednesday
17/12/2025 12:00,17/12/2025,12,2025,December,Wednesday
17/12/2025 13:00,17/12/2025,13,2025,December,Wednesday
17/12/2025 14:00,17/12/2025,14,2025,December,Wednesday
17/12/2025 15:00,17/12/2025,15,2025,December,Wednesday
17/12/2025 16:00,17/12/2025,16,2025,December,Wednesday
17/12/2025 17:00,17/12/2025,17,2025,December,Wednesday
17/12/2025 18:00,17/12/2025,18,2025,December,Wednesday
17/12/2025 19:00,17/12/2025,19,2025,December,Wednesday
17/12/2025 20:00,17/12/2025,20,2025,December,Wednesday
17/12/2025 21:00,17/12/2025,21,2025,December,Wednesday
17/12/2025 22:00,17/12/2025,22,2025,December,Wednesday
17/12/2025 23:00,17/12/2025,23,2025,December,Wednesday
18/12/2025 0:00,18/12/2025,0,2025,December,Thursday
18/12/2025 1:00,18/12/2025,1,2025,December,Thursday
18/12/2025 2:00,18/12/2025,2,2025,December,Thursday
18/12/2025 3:00,18/12/2025,3,2025,December,Thursday
18/12/2025 4:00,18/12/2025,4,2025,December,Thursday
18/12/2025 5:00,18/12/2025,5,2025,December,Thursday
18/12/2025 6:00,18/12/2025,6,2025,December,Thursday
18/12/2025 7:00,18/12/2025,7,2025,December,Thursday
18/12/2025 8:00,18/12/2025,8,2025,December,Thursday
18/12/2025 9:00,18/12/2025,9,2025,December,Thursday
18/12/2025 10:00,18/12/2025,10,2025,December,Thursday
18/12/2025 11:00,18/12/2025,11,2025,December,Thursday
18/12/2025 12:00,18/12/2025,12,2025,December,Thursday
18/12/2025 13:00,18/12/2025,13,2025,December,Thursday
18/12/2025 14:00,18/12/2025,14,2025,December,Thursday
18/12/2025 15:00,18/12/2025,15,2025,December,Thursday
18/12/2025 16:00,18/12/2025,16,2025,December,Thursday
18/12/2025 17:00,18/12/2025,17,2025,December,Thursday
18/12/2025 18:00,18/12/2025,18,2025,December,Thursday
18/12/2025 19:00,18/12/2025,19,2025,December,Thursday
18/12/2025 20:00,18/12/2025,20,2025,December,Thursday
18/12/2025 21:00,18/12/2025,21,2025,December,Thursday
18/12/2025 22:00,18/12/2025,22,2025,December,Thursday
18/12/2025 23:00,18/12/2025,23,2025,December,Thursday
19/12/2025 0:00,19/12/2025,0,2025,December,Friday
19/12/2025 1:00,19/12/2025,1,2025,December,Friday
19/12/2025 2:00,19/12/2025,2,2025,December,Friday
19/12/2025 3:00,19/12/2025,3,2025,December,Friday
19/12/2025 4:00,19/12/2025,4,2025,December,Friday
19/12/2025 5:00,19/12/2025,5,2025,December,Friday
19/12/2025 6:00,19/12/2025,6,2025,December,Friday
19/12/2025 7:00,19/12/2025,7,2025,December,Friday
19/12/2025 8:00,19/12/2025,8,2025,December,Friday
19/12/2025 9:00,19/12/2025,9,2025,December,Friday
19/12/2025 10:00,19/12/2025,10,2025,December,Friday
19/12/2025 11:00,19/12/2025,11,2025,December,Friday
19/12/2025 12:00,19/12/2025,12,2025,December,Friday
19/12/2025 13:00,19/12/2025,13,2025,December,Friday
19/12/2025 14:00,19/12/2025,14,2025,December,Friday
19/12/2025 15:00,19/12/2025,15,2025,December,Friday
19/12/2025 16:00,19/12/2025,16,2025,December,Friday
19/12/2025 17:00,19/12/2025,17,2025,December,Friday
19/12/2025 18:00,19/12/2025,18,2025,December,Friday
19/12/2025 19:00,19/12/2025,19,2025,December,Friday
19/12/2025 20:00,19/12/2025,20,2025,December,Friday
19/12/2025 21:00,19/12/2025,21,2025,December,Friday
19/12/2025 22:00,19/12/2025,22,2025,December,Friday
19/12/2025 23:00,19/12/2025,23,2025,December,Friday
20/12/2025 0:00,20/12/2025,0,2025,December,Saturday
20/12/2025 1:00,20/12/2025,1,2025,December,Saturday
20/12/2025 2:00,20/12/2025,2,2025,December,Saturday
20/12/2025 3:00,20/12/2025,3,2025,December,Saturday
20/12/2025 4:00,20/12/2025,4,2025,December,Saturday
20/12/2025 5:00,20/12/2025,5,2025,December,Saturday
20/12/2025 6:00,20/12/2025,6,2025,December,Saturday
20/12/2025 7:00,20/12/2025,7,2025,December,Saturday
20/12/2025 8:00,20/12/2025,8,2025,December,Saturday
20/12/2025 9:00,20/12/2025,9,2025,December,Saturday
20/12/2025 10:00,20/12/2025,10,2025,December,Saturday
20/12/2025 11:00,20/12/2025,11,2025,December,Saturday
20/12/2025 12:00,20/12/2025,12,2025,December,Saturday
20/12/2025 13:00,20/12/2025,13,2025,December,Saturday
20/12/2025 14:00,20/12/2025,14,2025,December,Saturday
20/12/2025 15:00,20/12/2025,15,2025,December,Saturday
20/12/2025 16:00,20/12/2025,16,2025,December,Saturday
20/12/2025 17:00,20/12/2025,17,2025,December,Saturday
20/12/2025 18:00,20/12/2025,18,2025,December,Saturday
20/12/2025 19:00,20/12/2025,19,2025,December,Saturday
20/12/2025 20:00,20/12/2025,20,2025,December,Saturday
20/12/2025 21:00,20/12/2025,21,2025,December,Saturday
20/12/2025 22:00,20/12/2025,22,2025,December,Saturday
20/12/2025 23:00,20/12/2025,23,2025,December,Saturday
21/12/2025 0:00,21/12/2025,0,2025,December,Sunday
21/12/2025 1:00,21/12/2025,1,2025,December,Sunday
21/12/2025 2:00,21/12/2025,2,2025,December,Sunday
21/12/2025 3:00,21/12/2025,3,2025,December,Sunday
21/12/2025 4:00,21/12/2025,4,2025,December,Sunday
21/12/2025 5:00,21/12/2025,5,2025,December,Sunday
21/12/2025 6:00,21/12/2025,6,2025,December,Sunday
21/12/2025 7:00,21/12/2025,7,2025,December,Sunday
21/12/2025 8:00,21/12/2025,8,2025,December,Sunday
21/12/2025 9:00,21/12/2025,9,2025,December,Sunday
21/12/2025 10:00,21/12/2025,10,2025,December,Sunday
21/12/2025 11:00,21/12/2025,11,2025,December,Sunday
21/12/2025 12:00,21/12/2025,12,2025,December,Sunday
21/12/2025 13:00,21/12/2025,13,2025,December,Sunday
21/12/2025 14:00,21/12/2025,14,2025,December,Sunday
21/12/2025 15:00,21/12/2025,15,2025,December,Sunday
21/12/2025 16:00,21/12/2025,16,2025,December,Sunday
21/12/2025 17:00,21/12/2025,17,2025,December,Sunday
21/12/2025 18:00,21/12/2025,18,2025,December,Sunday
21/12/2025 19:00,21/12/2025,19,2025,December,Sunday
21/12/2025 20:00,21/12/2025,20,2025,December,Sunday
21/12/2025 21:00,21/12/2025,21,2025,December,Sunday
21/12/2025 22:00,21/12/2025,22,2025,December,Sunday
21/12/2025 23:00,21/12/2025,23,2025,December,Sunday
22/12/2025 0:00,22/12/2025,0,2025,December,Monday
22/12/2025 1:00,22/12/2025,1,2025,December,Monday
22/12/2025 2:00,22/12/2025,2,2025,December,Monday
22/12/2025 3:00,22/12/2025,3,2025,December,Monday
22/12/2025 4:00,22/12/2025,4,2025,December,Monday
22/12/2025 5:00,22/12/2025,5,2025,December,Monday
22/12/2025 6:00,22/12/2025,6,2025,December,Monday
22/12/2025 7:00,22/12/2025,7,2025,December,Monday
22/12/2025 8:00,22/12/2025,8,2025,December,Monday
22/12/2025 9:00,22/12/2025,9,2025,December,Monday
22/12/2025 10:00,22/12/2025,10,2025,December,Monday
22/12/2025 11:00,22/12/2025,11,2025,December,Monday
22/12/2025 13:00,22/12/2025,13,2025,December,Monday
22/12/2025 14:00,22/12/2025,14,2025,December,Monday
22/12/2025 15:00,22/12/2025,15,2025,December,Monday
22/12/2025 16:00,22/12/2025,16,2025,December,Monday
22/12/2025 17:00,22/12/2025,17,2025,December,Monday
22/12/2025 18:00,22/12/2025,18,2025,December,Monday
22/12/2025 19:00,22/12/2025,19,2025,December,Monday
22/12/2025 20:00,22/12/2025,20,2025,December,Monday
22/12/2025 21:00,22/12/2025,21,2025,December,Monday
22/12/2025 22:00,22/12/2025,22,2025,December,Monday
22/12/2025 23:00,22/12/2025,23,2025,December,Monday
23/12/2025 0:00,23/12/2025,0,2025,December,Tuesday
23/12/2025 1:00,23/12/2025,1,2025,December,Tuesday
23/12/2025 2:00,23/12/2025,2,2025,December,Tuesday
23/12/2025 3:00,23/12/2025,3,2025,December,Tuesday
23/12/2025 4:00,23/12/2025,4,2025,December,Tuesday
23/12/2025 5:00,23/12/2025,5,2025,December,Tuesday
23/12/2025 6:00,23/12/2025,6,2025,December,Tuesday
23/12/2025 7:00,23/12/2025,7,2025,December,Tuesday
23/12/2025 8:00,23/12/2025,8,2025,December,Tuesday
23/12/2025 9:00,23/12/2025,9,2025,December,Tuesday
23/12/2025 10:00,23/12/2025,10,2025,December,Tuesday
23/12/2025 11:00,23/12/2025,11,2025,December,Tuesday
23/12/2025 12:00,23/12/2025,12,2025,December,Tuesday
23/12/2025 13:00,23/12/2025,13,2025,December,Tuesday
23/12/2025 14:00,23/12/2025,14,2025,December,Tuesday
23/12/2025 15:00,23/12/2025,15,2025,December,Tuesday
23/12/2025 16:00,23/12/2025,16,2025,December,Tuesday
23/12/2025 17:00,23/12/2025,17,2025,December,Tuesday
23/12/2025 18:00,23/12/2025,18,2025,December,Tuesday
23/12/2025 19:00,23/12/2025,19,2025,December,Tuesday
23/12/2025 20:00,23/12/2025,20,2025,December,Tuesday
23/12/2025 21:00,23/12/2025,21,2025,December,Tuesday
23/12/2025 22:00,23/12/2025,22,2025,December,Tuesday
23/12/2025 23:00,23/12/2025,23,2025,December,Tuesday
24/12/2025 0:00,24/12/2025,0,2025,December,Wednesday
24/12/2025 1:00,24/12/2025,1,2025,December,Wednesday
24/12/2025 2:00,24/12/2025,2,2025,December,Wednesday
24/12/2025 3:00,24/12/2025,3,2025,December,Wednesday
24/12/2025 4:00,24/12/2025,4,2025,December,Wednesday
24/12/2025 5:00,24/12/2025,5,2025,December,Wednesday
24/12/2025 6:00,24/12/2025,6,2025,December,Wednesday
24/12/2025 7:00,24/12/2025,7,2025,December,Wednesday
24/12/2025 8:00,24/12/2025,8,2025,December,Wednesday
24/12/2025 9:00,24/12/2025,9,2025,December,Wednesday
24/12/2025 10:00,24/12/2025,10,2025,December,Wednesday
24/12/2025 11:00,24/12/2025,11,2025,December,Wednesday
24/12/2025 12:00,24/12/2025,12,2025,December,Wednesday
24/12/2025 13:00,24/12/2025,13,2025,December,Wednesday
24/12/2025 14:00,24/12/2025,14,2025,December,Wednesday
24/12/2025 15:00,24/12/2025,15,2025,December,Wednesday
24/12/2025 16:00,24/12/2025,16,2025,December,Wednesday
24/12/2025 17:00,24/12/2025,17,2025,December,Wednesday
24/12/2025 18:00,24/12/2025,18,2025,December,Wednesday
24/12/2025 19:00,24/12/2025,19,2025,December,Wednesday
24/12/2025 20:00,24/12/2025,20,2025,December,Wednesday
24/12/2025 21:00,24/12/2025,21,2025,December,Wednesday
24/12/2025 22:00,24/12/2025,22,2025,December,Wednesday
24/12/2025 23:00,24/12/2025,23,2025,December,Wednesday
25/12/2025 0:00,25/12/2025,0,2025,December,Thursday
25/12/2025 1:00,25/12/2025,1,2025,December,Thursday
25/12/2025 2:00,25/12/2025,2,2025,December,Thursday
25/12/2025 3:00,25/12/2025,3,2025,December,Thursday
25/12/2025 4:00,25/12/2025,4,2025,December,Thursday
25/12/2025 5:00,25/12/2025,5,2025,December,Thursday
25/12/2025 6:00,25/12/2025,6,2025,December,Thursday
25/12/2025 7:00,25/12/2025,7,2025,December,Thursday
25/12/2025 8:00,25/12/2025,8,2025,December,Thursday
25/12/2025 9:00,25/12/2025,9,2025,December,Thursday
25/12/2025 10:00,25/12/2025,10,2025,December,Thursday
25/12/2025 11:00,25/12/2025,11,2025,December,Thursday
25/12/2025 12:00,25/12/2025,12,2025,December,Thursday
25/12/2025 13:00,25/12/2025,13,2025,December,Thursday
25/12/2025 14:00,25/12/2025,14,2025,December,Thursday
25/12/2025 15:00,25/12/2025,15,2025,December,Thursday
25/12/2025 16:00,25/12/2025,16,2025,December,Thursday
25/12/2025 17:00,25/12/2025,17,2025,December,Thursday
25/12/2025 18:00,25/12/2025,18,2025,December,Thursday
25/12/2025 19:00,25/12/2025,19,2025,December,Thursday
25/12/2025 20:00,25/12/2025,20,2025,December,Thursday
25/12/2025 21:00,25/12/2025,21,2025,December,Thursday
25/12/2025 22:00,25/12/2025,22,2025,December,Thursday
25/12/2025 23:00,25/12/2025,23,2025,December,Thursday
26/12/2025 0:00,26/12/2025,0,2025,December,Friday
26/12/2025 1:00,26/12/2025,1,2025,December,Friday
26/12/2025 2:00,26/12/2025,2,2025,December,Friday
26/12/2025 3:00,26/12/2025,3,2025,December,Friday
26/12/2025 4:00,26/12/2025,4,2025,December,Friday
26/12/2025 5:00,26/12/2025,5,2025,December,Friday
26/12/2025 6:00,26/12/2025,6,2025,December,Friday
26/12/2025 7:00,26/12/2025,7,2025,December,Friday
26/12/2025 8:00,26/12/2025,8,2025,December,Friday
26/12/2025 9:00,26/12/2025,9,2025,December,Friday
26/12/2025 10:00,26/12/2025,10,2025,December,Friday
26/12/2025 11:00,26/12/2025,11,2025,December,Friday
26/12/2025 12:00,26/12/2025,12,2025,December,Friday
26/12/2025 13:00,26/12/2025,13,2025,December,Friday
26/12/2025 14:00,26/12/2025,14,2025,December,Friday
26/12/2025 15:00,26/12/2025,15,2025,December,Friday
26/12/2025 17:00,26/12/2025,17,2025,December,Friday
26/12/2025 18:00,26/12/2025,18,2025,December,Friday
26/12/2025 19:00,26/12/2025,19,2025,December,Friday
26/12/2025 20:00,26/12/2025,20,2025,December,Friday
26/12/2025 21:00,26/12/2025,21,2025,December,Friday
26/12/2025 22:00,26/12/2025,22,2025,December,Friday
26/12/2025 23:00,26/12/2025,23,2025,December,Friday
27/12/2025 0:00,27/12/2025,0,2025,December,Saturday
27/12/2025 1:00,27/12/2025,1,2025,December,Saturday
27/12/2025 2:00,27/12/2025,2,2025,December,Saturday
27/12/2025 3:00,27/12/2025,3,2025,December,Saturday
27/12/2025 4:00,27/12/2025,4,2025,December,Saturday
27/12/2025 5:00,27/12/2025,5,2025,December,Saturday
27/12/2025 6:00,27/12/2025,6,2025,December,Saturday
27/12/2025 7:00,27/12/2025,7,2025,December,Saturday
27/12/2025 8:00,27/12/2025,8,2025,December,Saturday
27/12/2025 9:00,27/12/2025,9,2025,December,Saturday
27/12/2025 10:00,27/12/2025,10,2025,December,Saturday
27/12/2025 11:00,27/12/2025,11,2025,December,Saturday
27/12/2025 12:00,27/12/2025,12,2025,December,Saturday
27/12/2025 13:00,27/12/2025,13,2025,December,Saturday
27/12/2025 14:00,27/12/2025,14,2025,December,Saturday
27/12/2025 15:00,27/12/2025,15,2025,December,Saturday
27/12/2025 16:00,27/12/2025,16,2025,December,Saturday
27/12/2025 17:00,27/12/2025,17,2025,December,Saturday
27/12/2025 18:00,27/12/2025,18,2025,December,Saturday
27/12/2025 19:00,27/12/2025,19,2025,December,Saturday
27/12/2025 20:00,27/12/2025,20,2025,December,Saturday
27/12/2025 21:00,27/12/2025,21,2025,December,Saturday
27/12/2025 22:00,27/12/2025,22,2025,December,Saturday
27/12/2025 23:00,27/12/2025,23,2025,December,Saturday
28/12/2025 0:00,28/12/2025,0,2025,December,Sunday
28/12/2025 1:00,28/12/2025,1,2025,December,Sunday
28/12/2025 2:00,28/12/2025,2,2025,December,Sunday
28/12/2025 3:00,28/12/2025,3,2025,December,Sunday
28/12/2025 4:00,28/12/2025,4,2025,December,Sunday
28/12/2025 5:00,28/12/2025,5,2025,December,Sunday
28/12/2025 6:00,28/12/2025,6,2025,December,Sunday
28/12/2025 7:00,28/12/2025,7,2025,December,Sunday
28/12/2025 8:00,28/12/2025,8,2025,December,Sunday
28/12/2025 9:00,28/12/2025,9,2025,December,Sunday
28/12/2025 10:00,28/12/2025,10,2025,December,Sunday
28/12/2025 11:00,28/12/2025,11,2025,December,Sunday
28/12/2025 12:00,28/12/2025,12,2025,December,Sunday
28/12/2025 13:00,28/12/2025,13,2025,December,Sunday
28/12/2025 14:00,28/12/2025,14,2025,December,Sunday
28/12/2025 15:00,28/12/2025,15,2025,December,Sunday
28/12/2025 16:00,28/12/2025,16,2025,December,Sunday
28/12/2025 17:00,28/12/2025,17,2025,December,Sunday
28/12/2025 18:00,28/12/2025,18,2025,December,Sunday
28/12/2025 19:00,28/12/2025,19,2025,December,Sunday
28/12/2025 20:00,28/12/2025,20,2025,December,Sunday
28/12/2025 21:00,28/12/2025,21,2025,December,Sunday
28/12/2025 22:00,28/12/2025,22,2025,December,Sunday
28/12/2025 23:00,28/12/2025,23,2025,December,Sunday
29/12/2025 0:00,29/12/2025,0,2025,December,Monday
29/12/2025 1:00,29/12/2025,1,2025,December,Monday
29/12/2025 2:00,29/12/2025,2,2025,December,Monday
29/12/2025 3:00,29/12/2025,3,2025,December,Monday
29/12/2025 4:00,29/12/2025,4,2025,December,Monday
29/12/2025 5:00,29/12/2025,5,2025,December,Monday
29/12/2025 6:00,29/12/2025,6,2025,December,Monday
29/12/2025 7:00,29/12/2025,7,2025,December,Monday
29/12/2025 8:00,29/12/2025,8,2025,December,Monday
29/12/2025 9:00,29/12/2025,9,2025,December,Monday
29/12/2025 10:00,29/12/2025,10,2025,December,Monday
29/12/2025 11:00,29/12/2025,11,2025,December,Monday
29/12/2025 12:00,29/12/2025,12,2025,December,Monday
29/12/2025 13:00,29/12/2025,13,2025,December,Monday
29/12/2025 14:00,29/12/2025,14,2025,December,Monday
29/12/2025 15:00,29/12/2025,15,2025,December,Monday
29/12/2025 16:00,29/12/2025,16,2025,December,Monday
29/12/2025 17:00,29/12/2025,17,2025,December,Monday
29/12/2025 18:00,29/12/2025,18,2025,December,Monday
29/12/2025 19:00,29/12/2025,19,2025,December,Monday
29/12/2025 20:00,29/12/2025,20,2025,December,Monday
29/12/2025 21:00,29/12/2025,21,2025,December,Monday
29/12/2025 22:00,29/12/2025,22,2025,December,Monday
29/12/2025 23:00,29/12/2025,23,2025,December,Monday
30/12/2025 0:00,30/12/2025,0,2025,December,Tuesday
30/12/2025 1:00,30/12/2025,1,2025,December,Tuesday
30/12/2025 2:00,30/12/2025,2,2025,December,Tuesday
30/12/2025 3:00,30/12/2025,3,2025,December,Tuesday
30/12/2025 4:00,30/12/2025,4,2025,December,Tuesday
30/12/2025 5:00,30/12/2025,5,2025,December,Tuesday
30/12/2025 6:00,30/12/2025,6,2025,December,Tuesday
30/12/2025 7:00,30/12/2025,7,2025,December,Tuesday
30/12/2025 8:00,30/12/2025,8,2025,December,Tuesday
30/12/2025 9:00,30/12/2025,9,2025,December,Tuesday
30/12/2025 10:00,30/12/2025,10,2025,December,Tuesday
30/12/2025 11:00,30/12/2025,11,2025,December,Tuesday
30/12/2025 12:00,30/12/2025,12,2025,December,Tuesday
30/12/2025 13:00,30/12/2025,13,2025,December,Tuesday
30/12/2025 14:00,30/12/2025,14,2025,December,Tuesday
30/12/2025 15:00,30/12/2025,15,2025,December,Tuesday
30/12/2025 16:00,30/12/2025,16,2025,December,Tuesday
30/12/2025 17:00,30/12/2025,17,2025,December,Tuesday
30/12/2025 18:00,30/12/2025,18,2025,December,Tuesday
30/12/2025 19:00,30/12/2025,19,2025,December,Tuesday
30/12/2025 20:00,30/12/2025,20,2025,December,Tuesday
30/12/2025 21:00,30/12/2025,21,2025,December,Tuesday
30/12/2025 22:00,30/12/2025,22,2025,December,Tuesday
30/12/2025 23:00,30/12/2025,23,2025,December,Tuesday
31/12/2025 0:00,31/12/2025,0,2025,December,Wednesday
31/12/2025 1:00,31/12/2025,1,2025,December,Wednesday
31/12/2025 2:00,31/12/2025,2,2025,December,Wednesday
31/12/2025 3:00,31/12/2025,3,2025,December,Wednesday
31/12/2025 4:00,31/12/2025,4,2025,December,Wednesday
31/12/2025 5:00,31/12/2025,5,2025,December,Wednesday
31/12/2025 6:00,31/12/2025,6,2025,December,Wednesday
31/12/2025 7:00,31/12/2025,7,2025,December,Wednesday
31/12/2025 8:00,31/12/2025,8,2025,December,Wednesday
31/12/2025 9:00,31/12/2025,9,2025,December,Wednesday
31/12/2025 10:00,31/12/2025,10,2025,December,Wednesday
31/12/2025 11:00,31/12/2025,11,2025,December,Wednesday
31/12/2025 12:00,31/12/2025,12,2025,December,Wednesday
31/12/2025 13:00,31/12/2025,13,2025,December,Wednesday
31/12/2025 14:00,31/12/2025,14,2025,December,Wednesday
31/12/2025 15:00,31/12/2025,15,2025,December,Wednesday
31/12/2025 16:00,31/12/2025,16,2025,December,Wednesday
31/12/2025 17:00,31/12/2025,17,2025,December,Wednesday
31/12/2025 18:00,31/12/2025,18,2025,December,Wednesday
31/12/2025 19:00,31/12/2025,19,2025,December,Wednesday
31/12/2025 20:00,31/12/2025,20,2025,December,Wednesday
31/12/2025 21:00,31/12/2025,21,2025,December,Wednesday
31/12/2025 22:00,31/12/2025,22,2025,December,Wednesday
31/12/2025 23:00,31/12/2025,23,2025,December,Wednesday
14/01/2025 18:00,14/01/2025,18,2025,January,Tuesday
06/02/2025 6:00,06/02/2025,6,2025,February,Thursday
14/02/2025 11:00,14/02/2025,11,2025,February,Friday
22/02/2025 5:00,22/02/2025,5,2025,February,Saturday
13/03/2025 16:00,13/03/2025,16,2025,March,Thursday
07/04/2025 5:00,07/04/2025,5,2025,April,Monday
18/04/2025 6:00,18/04/2025,6,2025,April,Friday
29/04/2025 0:00,29/04/2025,0,2025,April,Tuesday
04/05/2025 6:00,04/05/2025,6,2025,May,Sunday
28/05/2025 11:00,28/05/2025,11,2025,May,Wednesday
10/06/2025 12:00,10/06/2025,12,2025,June,Tuesday
25/07/2025 17:00,25/07/2025,17,2025,July,Friday
01/08/2025 13:00,01/08/2025,13,2025,August,Friday
17/08/2025 5:00,17/08/2025,5,2025,August,Sunday
23/08/2025 5:00,23/08/2025,5,2025,August,Saturday
30/08/2025 12:00,30/08/2025,12,2025,August,Saturday
30/08/2025 19:00,30/08/2025,19,2025,August,Saturday
19/09/2025 21:00,19/09/2025,21,2025,September,Friday
18/10/2025 4:00,18/10/2025,4,2025,October,Saturday
28/10/2025 8:00,28/10/2025,8,2025,October,Tuesday
14/11/2025 0:00,14/11/2025,0,2025,November,Friday
15/11/2025 23:00,15/11/2025,23,2025,November,Saturday
22/12/2025 12:00,22/12/2025,12,2025,December,Monday
26/12/2025 16:00,26/12/2025,16,2025,December,Friday
