timestamp,total_demand_mwh,north_demand_mwh,central_demand_mwh,north_export_limit_mw,central_export_limit_mw,source_system,demand_unit,record_status
2025-01-01 00:00:00,269.5955427083412,121.31799421875355,148.27754848958767,80.0,220.0,EMS,MWH,VALID
2025-01-01 01:00:00,304.4527783502284,137.0037502576028,167.44902809262564,80.0,220.0,EMS,MWH,VALID
2025-01-01 02:00:00,285.878868970321,128.64549103664444,157.23337793367656,80.0,220.0,EMS,MWH,VALID
2025-01-01 03:00:00,299.7505722180065,134.88775749810293,164.86281471990358,80.0,220.0,EMS,MWH,VALID
2025-01-01 04:00:00,321.0410767910841,144.46848455598786,176.57259223509627,80.0,220.0,EMS,MWH,VALID
2025-01-01 05:00:00,303.67057507102027,136.65175878195913,167.01881628906116,80.0,220.0,EMS,MWH,VALID
2025-01-01 06:00:00,359.3540899290688,161.70934046808097,197.64474946098784,80.0,220.0,EMS,MWH,VALID
2025-01-01 07:00:00,389.79966248546657,175.40984811845996,214.38981436700664,80.0,220.0,EMS,MWH,VALID
2025-01-01 08:00:00,458.8858935401792,206.49865209308064,252.38724144709852,80.0,220.0,EMS,MWH,VALID
2025-01-01 09:00:00,400.21117471768537,180.0950286229584,220.11614609472696,80.0,220.0,EMS,MWH,VALID
2025-01-01 10:00:00,363.10623866708687,163.3978074001891,199.7084312668978,80.0,220.0,EMS,MWH,VALID
2025-01-01 11:00:00,368.5280254319438,165.83761144437472,202.6904139875691,80.0,220.0,EMS,MWH,VALID
2025-01-01 12:00:00,345.9803510752223,155.69115798385005,190.28919309137228,80.0,220.0,EMS,MWH,VALID
2025-01-01 13:00:00,387.46282570043695,174.35827156519665,213.10455413524036,80.0,220.0,EMS,MWH,VALID
2025-01-01 14:00:00,392.2963352806273,176.5333508762823,215.76298440434505,80.0,220.0,EMS,MWH,VALID
2025-01-01 15:00:00,375.2219311437764,168.8498690146994,206.37206212907705,80.0,220.0,EMS,MWH,VALID
2025-01-01 16:00:00,407.5131287983749,183.38090795926868,224.1322208391062,80.0,220.0,EMS,MWH,VALID
2025-01-01 17:00:00,435.9809014291279,196.19140564310757,239.78949578602035,80.0,220.0,EMS,MWH,VALID
2025-01-01 18:00:00,462.2097666509598,207.99439499293192,254.21537165802792,80.0,220.0,EMS,MWH,VALID
2025-01-01 19:00:00,456.3387100225066,205.352419510128,250.98629051237867,80.0,220.0,EMS,MWH,VALID
2025-01-01 20:00:00,460.9850610777828,207.44327748500223,253.54178359278055,80.0,220.0,EMS,MWH,VALID
2025-01-01 21:00:00,409.8664949289608,184.4399227180324,225.42657221092847,80.0,220.0,EMS,MWH,VALID
2025-01-01 22:00:00,395.48390835637554,177.967758760369,217.51614959600656,80.0,220.0,EMS,MWH,VALID
2025-01-01 23:00:00,326.7765198516309,147.04943393323393,179.72708591839705,80.0,220.0,EMS,MWH,VALID
2025-01-02 00:00:00,306.2508607469944,137.8128873361475,168.43797341084695,80.0,220.0,EMS,MWH,VALID
2025-01-02 01:00:00,302.7073227334691,136.2182952300611,166.489027503408,80.0,220.0,EMS,MWH,VALID
2025-01-02 02:00:00,293.5891892097604,132.11513514439218,161.47405406536822,80.0,220.0,EMS,MWH,VALID
2025-01-02 03:00:00,305.7026950939908,137.56621279229586,168.13648230169494,80.0,220.0,EMS,MWH,VALID
2025-01-02 04:00:00,308.54596842316323,138.84568579042346,169.7002826327398,80.0,220.0,EMS,MWH,VALID
2025-01-02 05:00:00,311.91657044730374,140.36245670128667,171.55411374601707,80.0,220.0,EMS,MWH,VALID
2025-01-02 06:00:00,373.277034307589,167.97466543841506,205.302368869174,80.0,220.0,EMS,MWH,VALID
2025-01-02 07:00:00,382.5989198005439,172.16951391024477,210.4294058902992,80.0,220.0,EMS,MWH,VALID
2025-01-02 08:00:00,421.5717987084911,189.70730941882096,231.8644892896701,80.0,220.0,EMS,MWH,VALID
2025-01-02 09:00:00,408.6659521636134,183.89967847362604,224.76627368998737,80.0,220.0,EMS,MWH,VALID
2025-01-02 10:00:00,398.3961312155112,179.27825904698005,219.1178721685312,80.0,220.0,EMS,MWH,VALID
2025-01-02 11:00:00,380.6312093630982,171.2840442133942,209.34716514970404,80.0,220.0,EMS,MWH,VALID
2025-01-02 12:00:00,390.5188573053647,175.7334857874141,214.7853715179506,80.0,220.0,EMS,MWH,VALID
2025-01-02 13:00:00,386.8985999752389,174.1043699888575,212.7942299863814,80.0,220.0,EMS,MWH,VALID
2025-01-02 14:00:00,371.4923752653116,167.17156886939023,204.32080639592135,80.0,220.0,EMS,MWH,VALID
2025-01-02 15:00:00,392.41653169971136,176.5874392648701,215.82909243484127,80.0,220.0,EMS,MWH,VALID
2025-01-02 16:00:00,402.1989778655749,180.9895400395087,221.20943782606625,80.0,220.0,EMS,MWH,VALID
2025-01-02 17:00:00,438.5380946612599,197.34214259756692,241.19595206369297,80.0,220.0,EMS,MWH,VALID
2025-01-02 18:00:00,493.06554810900576,221.87949664905256,271.1860514599532,80.0,220.0,EMS,MWH,VALID
2025-01-02 19:00:00,472.2376489701902,212.5069420365856,259.7307069336046,80.0,220.0,EMS,MWH,VALID
2025-01-02 20:00:00,467.087583491201,210.1894125710405,256.89817092016057,80.0,220.0,EMS,MWH,VALID
2025-01-02 21:00:00,415.1559121611127,186.82016047250076,228.335751688612,80.0,220.0,EMS,MWH,VALID
2025-01-02 22:00:00,360.71796761719503,162.32308542773777,198.3948821894573,80.0,220.0,EMS,MWH,VALID
2025-01-02 23:00:00,331.5477494315707,149.19648724420682,182.35126218736391,80.0,220.0,EMS,MWH,VALID
2025-01-03 00:00:00,303.708305290942,136.66873738092391,167.03956791001812,80.0,220.0,EMS,MWH,VALID
2025-01-03 01:00:00,304.0770108213394,136.83465486960273,167.24235595173667,80.0,220.0,EMS,MWH,VALID
2025-01-03 02:00:00,306.4422209181527,137.89899941316872,168.54322150498402,80.0,220.0,EMS,MWH,VALID
2025-01-03 03:00:00,306.0579228778357,137.72606529502607,168.33185758280965,80.0,220.0,EMS,MWH,VALID
2025-01-03 04:00:00,316.5302903940549,142.4386306773247,174.0916597167302,80.0,220.0,EMS,MWH,VALID
2025-01-03 05:00:00,343.690456147104,154.6607052661968,189.0297508809072,80.0,220.0,EMS,MWH,VALID
2025-01-03 06:00:00,373.5445292584458,168.09503816630064,205.4494910921452,80.0,220.0,EMS,MWH,VALID
2025-01-03 07:00:00,400.0503803866085,180.02267117397383,220.02770921263468,80.0,220.0,EMS,MWH,VALID
2025-01-03 08:00:00,434.8927702815488,195.70174662669692,239.19102365485185,80.0,220.0,EMS,MWH,VALID
2025-01-03 09:00:00,404.7642153157538,182.1438968920892,222.6203184236646,80.0,220.0,EMS,MWH,VALID
2025-01-03 10:00:00,378.5370533411115,170.34167400350017,208.1953793376113,80.0,220.0,EMS,MWH,VALID
2025-01-03 11:00:00,380.25299141125527,171.11384613506488,209.1391452761904,80.0,220.0,EMS,MWH,VALID
2025-01-03 12:00:00,361.8778585075821,162.84503632841196,199.03282217917015,80.0,220.0,EMS,MWH,VALID
2025-01-03 13:00:00,387.5460616529307,174.3957277438188,213.1503339091119,80.0,220.0,EMS,MWH,VALID
2025-01-03 14:00:00,333.52165279603054,150.08474375821373,183.4369090378168,80.0,220.0,EMS,MWH,VALID
2025-01-03 15:00:00,372.6201326135246,167.67905967608607,204.94107293743852,80.0,220.0,EMS,MWH,VALID
2025-01-03 16:00:00,375.6662873225208,169.04982929513434,206.61645802738644,80.0,220.0,EMS,MWH,VALID
2025-01-03 17:00:00,437.1076902728888,196.6984606228,240.40922965008883,80.0,220.0,EMS,MWH,VALID
2025-01-03 18:00:00,449.9857131100043,202.49357089950195,247.4921422105024,80.0,220.0,EMS,MWH,VALID
2025-01-03 19:00:00,476.3120696051014,214.3404313222956,261.97163828280577,80.0,220.0,EMS,MWH,VALID
2025-01-03 20:00:00,474.9368236635223,213.72157064858504,261.2152530149373,80.0,220.0,EMS,MWH,VALID
2025-01-03 21:00:00,407.1346757654532,183.2106040944539,223.92407167099924,80.0,220.0,EMS,MWH,VALID
2025-01-03 22:00:00,376.7912245453289,169.55605104539802,207.2351734999309,80.0,220.0,EMS,MWH,VALID
2025-01-03 23:00:00,343.71850396756474,154.67332678540413,189.0451771821606,80.0,220.0,EMS,MWH,VALID
2025-01-04 00:00:00,259.125327076116,116.6063971842522,142.5189298918638,80.0,220.0,EMS,MWH,VALID
2025-01-04 01:00:00,222.67726270732044,100.2047682182942,122.47249448902625,80.0,220.0,EMS,MWH,VALID
2025-01-04 02:00:00,267.25150351521296,120.26317658184584,146.98832693336715,80.0,220.0,EMS,MWH,VALID
2025-01-04 03:00:00,245.28093577234543,110.37642109755546,134.90451467479002,80.0,220.0,EMS,MWH,VALID
2025-01-04 04:00:00,264.3716762669936,118.9672543201471,145.40442194684647,80.0,220.0,EMS,MWH,VALID
2025-01-04 05:00:00,273.22600414626913,122.95170186582112,150.27430228044804,80.0,220.0,EMS,MWH,VALID
2025-01-04 06:00:00,283.68699884999165,127.65914948249625,156.02784936749543,80.0,220.0,EMS,MWH,VALID
2025-01-04 07:00:00,308.04174720820765,138.61878624369345,169.42296096451423,80.0,220.0,EMS,MWH,VALID
2025-01-04 08:00:00,369.2415791324226,166.15871060959017,203.08286852283248,80.0,220.0,EMS,MWH,VALID
2025-01-04 09:00:00,321.11892647806724,144.50351691513026,176.615409562937,80.0,220.0,EMS,MWH,VALID
2025-01-04 10:00:00,277.1029706352195,124.69633678584876,152.4066338493707,80.0,220.0,EMS,MWH,VALID
2025-01-04 11:00:00,283.7050746089391,127.6672835740226,156.03779103491652,80.0,220.0,EMS,MWH,VALID
2025-01-04 12:00:00,297.39288356320475,133.82679760344217,163.56608595976263,80.0,220.0,EMS,MWH,VALID
2025-01-04 13:00:00,323.9921136360716,145.7964511362322,178.1956624998394,80.0,220.0,EMS,MWH,VALID
2025-01-04 14:00:00,312.94677498153294,140.82604874168982,172.12072623984312,80.0,220.0,EMS,MWH,VALID
2025-01-04 15:00:00,332.1411185814467,149.46350336165102,182.67761521979568,80.0,220.0,EMS,MWH,VALID
2025-01-04 17:00:00,356.93611523320743,160.62125185494335,196.3148633782641,80.0,220.0,EMS,MWH,VALID
2025-01-04 18:00:00,351.2930510381446,158.08187296716508,193.21117807097957,80.0,220.0,EMS,MWH,VALID
2025-01-04 19:00:00,362.2724110904393,163.02258499069768,199.24982609974165,80.0,220.0,EMS,MWH,VALID
2025-01-04 20:00:00,374.29761905557336,168.43392857500805,205.86369048056537,80.0,220.0,EMS,MWH,VALID
2025-01-04 21:00:00,325.88551230821696,146.64848053869764,179.23703176951935,80.0,220.0,EMS,MWH,VALID
2025-01-04 22:00:00,292.8274333368317,131.77234500157425,161.05508833525744,80.0,220.0,EMS,MWH,VALID
2025-01-04 23:00:00,282.0832769610931,126.93747463249188,155.1458023286012,80.0,220.0,EMS,MWH,VALID
2025-01-05 00:00:00,223.66277810233748,100.64825014605186,123.01452795628562,80.0,220.0,EMS,MWH,VALID
2025-01-05 01:00:00,241.83561355037395,108.82602609766828,133.0095874527057,80.0,220.0,EMS,MWH,VALID
2025-01-05 02:00:00,221.99808770934365,99.89913946920464,122.09894824013902,80.0,220.0,EMS,MWH,VALID
2025-01-05 03:00:00,224.1437194269965,100.86467374214844,123.27904568484809,80.0,220.0,EMS,MWH,VALID
2025-01-05 04:00:00,268.5852823758374,120.86337706912684,147.72190530671057,80.0,220.0,EMS,MWH,VALID
2025-01-05 05:00:00,276.0038499806022,124.201732491271,151.8021174893312,80.0,220.0,EMS,MWH,VALID
2025-01-05 06:00:00,270.8089592756844,121.86403167405798,148.94492760162643,80.0,220.0,EMS,MWH,VALID
2025-01-05 07:00:00,329.4659675548055,148.2596853996625,181.20628215514304,80.0,220.0,EMS,MWH,VALID
2025-01-05 08:00:00,298.42572052892734,134.29157423801732,164.13414629091005,80.0,220.0,EMS,MWH,VALID
2025-01-05 09:00:00,325.7652606202287,146.5943672791029,179.17089334112578,80.0,220.0,EMS,MWH,VALID
2025-01-05 10:00:00,341.401509360917,153.63067921241264,187.7708301485044,80.0,220.0,EMS,MWH,VALID
2025-01-05 11:00:00,293.18676533390214,131.93404440025597,161.2527209336462,80.0,220.0,EMS,MWH,VALID
2025-01-05 12:00:00,255.34969794893385,114.90736407702023,140.44233387191363,80.0,220.0,EMS,MWH,VALID
2025-01-05 13:00:00,275.6015179295409,124.0206830682934,151.5808348612475,80.0,220.0,EMS,MWH,VALID
2025-01-05 14:00:00,296.3546130487667,133.359575871945,162.99503717682168,80.0,220.0,EMS,MWH,VALID
2025-01-05 15:00:00,305.3204758083634,137.39421411376355,167.9262616945999,80.0,220.0,EMS,MWH,VALID
2025-01-05 16:00:00,315.5099405941761,141.97947326737926,173.53046732679687,80.0,220.0,EMS,MWH,VALID
2025-01-05 17:00:00,369.34967152700966,166.20735218715436,203.14231933985533,80.0,220.0,EMS,MWH,VALID
2025-01-05 18:00:00,372.3830233657912,167.57236051460603,204.8106628511852,80.0,220.0,EMS,MWH,VALID
2025-01-05 19:00:00,381.11251857709664,171.5006333596935,209.6118852174032,80.0,220.0,EMS,MWH,VALID
2025-01-05 20:00:00,358.4714242483082,161.3121409117387,197.15928333656956,80.0,220.0,EMS,MWH,VALID
2025-01-05 21:00:00,372.5497927437845,167.647406734703,204.90238600908145,80.0,220.0,EMS,MWH,VALID
2025-01-05 22:00:00,320.32903549031204,144.14806597064043,176.18096951967163,80.0,220.0,EMS,MWH,VALID
2025-01-05 23:00:00,276.0039770702595,124.2017896816168,151.80218738864275,80.0,220.0,EMS,MWH,VALID
2025-01-06 00:00:00,304.57121369431394,137.05704616244128,167.5141675318727,80.0,220.0,EMS,MWH,VALID
2025-01-06 01:00:00,321.46833011320604,144.6607485509427,176.80758156226332,80.0,220.0,EMS,MWH,VALID
2025-01-06 02:00:00,291.85798292614083,131.33609231676337,160.52189060937746,80.0,220.0,EMS,MWH,VALID
2025-01-06 03:00:00,290.3709097200086,130.6669093740039,159.70400034600476,80.0,220.0,EMS,MWH,VALID
2025-01-06 04:00:00,329.06960000429723,148.08132000193376,180.9882800023635,80.0,220.0,EMS,MWH,VALID
2025-01-06 05:00:00,357.79176155143904,161.00629269814758,196.7854688532915,80.0,220.0,EMS,MWH,VALID
2025-01-06 06:00:00,351.3429453925748,158.10432542665865,193.23861996591612,80.0,220.0,EMS,MWH,VALID
2025-01-06 07:00:00,397.3453684818412,178.80541581682854,218.5399526650127,80.0,220.0,EMS,MWH,VALID
2025-01-06 08:00:00,420.55744891395256,189.25085201127865,231.30659690267396,80.0,220.0,EMS,MWH,VALID
2025-01-06 09:00:00,413.0980454031885,185.8941204314348,227.20392497175368,80.0,220.0,EMS,MWH,VALID
2025-01-06 10:00:00,401.6816514027543,180.75674313123943,220.92490827151485,80.0,220.0,EMS,MWH,VALID
2025-01-06 11:00:00,378.4276646687927,170.29244910095673,208.135215567836,80.0,220.0,EMS,MWH,VALID
2025-01-06 12:00:00,336.34329880430266,151.3544844619362,184.98881434236648,80.0,220.0,EMS,MWH,VALID
2025-01-06 13:00:00,369.2922428777536,166.1815092949891,203.11073358276448,80.0,220.0,EMS,MWH,VALID
2025-01-06 14:00:00,383.4130413973602,172.5358686288121,210.8771727685481,80.0,220.0,EMS,MWH,VALID
2025-01-06 15:00:00,388.5008767573967,174.8253945408285,213.67548221656816,80.0,220.0,EMS,MWH,VALID
2025-01-06 16:00:00,396.45125661417273,178.40306547637775,218.04819113779504,80.0,220.0,EMS,MWH,VALID
2025-01-06 17:00:00,450.2384494650474,202.60730225927136,247.6311472057761,80.0,220.0,EMS,MWH,VALID
2025-01-06 18:00:00,467.8150140439359,210.5167563197712,257.2982577241648,80.0,220.0,EMS,MWH,VALID
2025-01-06 19:00:00,482.8956090515754,217.3030240732089,265.59258497836646,80.0,220.0,EMS,MWH,VALID
2025-01-06 20:00:00,446.3899471894341,200.87547623524532,245.5144709541888,80.0,220.0,EMS,MWH,VALID
2025-01-06 21:00:00,404.444302401054,181.9999360804743,222.4443663205797,80.0,220.0,EMS,MWH,VALID
2025-01-06 22:00:00,367.0699536196014,165.18147912882063,201.8884744907808,80.0,220.0,EMS,MWH,VALID
2025-01-06 23:00:00,330.44535510642584,148.70040979789164,181.74494530853423,80.0,220.0,EMS,MWH,VALID
2025-01-07 00:00:00,297.2841119815091,133.7778503916791,163.50626158983002,80.0,220.0,EMS,MWH,VALID
2025-01-07 01:00:00,294.9753067239557,132.73888802578008,162.23641869817567,80.0,220.0,EMS,MWH,VALID
2025-01-07 02:00:00,270.14142585509694,121.56364163479364,148.57778422030333,80.0,220.0,EMS,MWH,VALID
2025-01-07 03:00:00,287.8889574888028,129.55003086996126,158.33892661884155,80.0,220.0,EMS,MWH,VALID
2025-01-07 04:00:00,311.2627880478284,140.06825462152278,171.19453342630564,80.0,220.0,EMS,MWH,VALID
2025-01-07 05:00:00,329.4054017885164,148.23243080483238,181.172970983684,80.0,220.0,EMS,MWH,VALID
2025-01-07 06:00:00,365.78181489674665,164.601816703536,201.17999819321068,80.0,220.0,EMS,MWH,VALID
2025-01-07 07:00:00,410.6200923369843,184.77904155164296,225.8410507853414,80.0,220.0,EMS,MWH,VALID
2025-01-07 08:00:00,405.5084785807898,182.47881536135543,223.02966321943444,80.0,220.0,EMS,MWH,VALID
2025-01-07 09:00:00,393.5843794018765,177.11297073084444,216.4714086710321,80.0,220.0,EMS,MWH,VALID
2025-01-07 10:00:00,416.3490326850166,187.35706470825747,228.9919679767592,80.0,220.0,EMS,MWH,VALID
2025-01-07 11:00:00,386.7633826014446,174.04352217065008,212.71986043079457,80.0,220.0,EMS,MWH,VALID
2025-01-07 12:00:00,364.9436076380006,164.2246234371003,200.7189842009004,80.0,220.0,EMS,MWH,VALID
2025-01-07 13:00:00,346.20685216495167,155.79308347422827,190.41376869072343,80.0,220.0,EMS,MWH,VALID
2025-01-07 14:00:00,406.0838970405706,182.7377536682568,223.34614337231383,80.0,220.0,EMS,MWH,VALID
2025-01-07 15:00:00,378.2546655338328,170.21459949022474,208.040066043608,80.0,220.0,EMS,MWH,VALID
2025-01-07 16:00:00,408.54755787027824,183.8464010416252,224.70115682865304,80.0,220.0,EMS,MWH,VALID
2025-01-07 17:00:00,423.2230079429785,190.4503535743403,232.77265436863817,80.0,220.0,EMS,MWH,VALID
2025-01-07 18:00:00,452.7906409752884,203.7557884388798,249.03485253640864,80.0,220.0,EMS,MWH,VALID
2025-01-07 19:00:00,495.1906628070018,222.8357982631508,272.354864543851,80.0,220.0,EMS,MWH,VALID
2025-01-07 20:00:00,448.7634583482851,201.9435562567283,246.81990209155683,80.0,220.0,EMS,MWH,VALID
2025-01-07 21:00:00,402.3758663565913,181.06913986046607,221.3067264961252,80.0,220.0,EMS,MWH,VALID
2025-01-07 22:00:00,364.2420163798295,163.90890737092326,200.33310900890623,80.0,220.0,EMS,MWH,VALID
2025-01-07 23:00:00,330.5420581011309,148.7439261455089,181.798131955622,80.0,220.0,EMS,MWH,VALID
2025-01-08 00:00:00,316.8184676200552,142.56831042902482,174.25015719103035,80.0,220.0,EMS,MWH,VALID
2025-01-08 01:00:00,300.4186662287776,135.18839980294993,165.2302664258277,80.0,220.0,EMS,MWH,VALID
2025-01-08 02:00:00,311.2083680629491,140.0437656283271,171.16460243462203,80.0,220.0,EMS,MWH,VALID
2025-01-08 03:00:00,295.93710868993674,133.17169891047155,162.76540977946522,80.0,220.0,EMS,MWH,VALID
2025-01-08 04:00:00,300.2005652094148,135.09025434423666,165.11031086517815,80.0,220.0,EMS,MWH,VALID
2025-01-08 05:00:00,318.5268055889158,143.33706251501212,175.1897430739037,80.0,220.0,EMS,MWH,VALID
2025-01-08 06:00:00,350.4952422659728,157.72285901968775,192.77238324628505,80.0,220.0,EMS,MWH,VALID
2025-01-08 07:00:00,416.6038933974605,187.47175202885725,229.1321413686033,80.0,220.0,EMS,MWH,VALID
2025-01-08 08:00:00,405.18090764452256,182.33140844003515,222.84949920448744,80.0,220.0,EMS,MWH,VALID
2025-01-08 09:00:00,403.5875316596757,181.61438924685405,221.97314241282163,80.0,220.0,EMS,MWH,VALID
2025-01-08 10:00:00,406.4742371838472,182.9134067327313,223.560830451116,80.0,220.0,EMS,MWH,VALID
2025-01-08 11:00:00,390.8761818304055,175.89428182368246,214.98190000672304,80.0,220.0,EMS,MWH,VALID
2025-01-08 12:00:00,357.9206128413692,161.06427577861612,196.85633706275303,80.0,220.0,EMS,MWH,VALID
2025-01-08 13:00:00,368.25304268343206,165.71386920754443,202.53917347588765,80.0,220.0,EMS,MWH,VALID
2025-01-08 14:00:00,338.25777847750027,152.21600031487512,186.04177816262515,80.0,220.0,EMS,MWH,VALID
2025-01-08 15:00:00,389.26723116087294,175.17025402239284,214.09697713848013,80.0,220.0,EMS,MWH,VALID
2025-01-08 16:00:00,412.9228198167718,185.8152689175473,227.1075508992245,80.0,220.0,EMS,MWH,VALID
2025-01-08 17:00:00,445.85218407519983,200.63348283383996,245.21870124135992,80.0,220.0,EMS,MWH,VALID
2025-01-08 18:00:00,496.7503718579955,223.537667336098,273.21270452189754,80.0,220.0,EMS,MWH,VALID
2025-01-08 19:00:00,484.6991292937342,218.1146081821804,266.58452111155384,80.0,220.0,EMS,MWH,VALID
2025-01-08 20:00:00,457.0486841514204,205.6719078681392,251.37677628328123,80.0,220.0,EMS,MWH,VALID
2025-01-08 21:00:00,413.3118819255839,185.9903468665128,227.3215350590712,80.0,220.0,EMS,MWH,VALID
2025-01-08 22:00:00,355.741604201135,160.08372189051073,195.65788231062425,80.0,220.0,EMS,MWH,VALID
2025-01-08 23:00:00,359.6272637576851,161.8322686909583,197.79499506672684,80.0,220.0,EMS,MWH,VALID
2025-01-09 00:00:00,327.4136882486246,147.3361597118811,180.07752853674356,80.0,220.0,EMS,MWH,VALID
2025-01-09 01:00:00,294.7362617249676,132.63131777623542,162.1049439487322,80.0,220.0,EMS,MWH,VALID
2025-01-09 02:00:00,286.9685452943401,129.13584538245306,157.8326999118871,80.0,220.0,EMS,MWH,VALID
2025-01-09 03:00:00,306.7500945644638,138.0375425540087,168.71255201045508,80.0,220.0,EMS,MWH,VALID
2025-01-09 04:00:00,313.18487631998585,140.93319434399365,172.25168197599223,80.0,220.0,EMS,MWH,VALID
2025-01-09 05:00:00,332.9416458194228,149.82374061874026,183.11790520068251,80.0,220.0,EMS,MWH,VALID
2025-01-09 06:00:00,364.3314198817626,163.94913894679317,200.38228093496943,80.0,220.0,EMS,MWH,VALID
2025-01-09 07:00:00,369.649405291695,166.34223238126276,203.30717291043229,80.0,220.0,EMS,MWH,VALID
2025-01-09 08:00:00,410.1322153604383,184.55949691219723,225.5727184482411,80.0,220.0,EMS,MWH,VALID
2025-01-09 09:00:00,413.81690794469154,186.2176085751112,227.5992993695804,80.0,220.0,EMS,MWH,VALID
2025-01-09 10:00:00,382.24644668433353,172.01090100795008,210.23554567638345,80.0,220.0,EMS,MWH,VALID
2025-01-09 11:00:00,398.7373334229872,179.43180004034426,219.30553338264295,80.0,220.0,EMS,MWH,VALID
2025-01-09 12:00:00,365.5246392966001,164.48608768347006,201.0385516131301,80.0,220.0,EMS,MWH,VALID
2025-01-09 13:00:00,368.10034568911135,165.6451555601001,202.45519012901127,80.0,220.0,EMS,MWH,VALID
2025-01-09 14:00:00,397.68600101640186,178.95870045738084,218.72730055902105,80.0,220.0,EMS,MWH,VALID
2025-01-09 15:00:00,359.40804797422174,161.7336215883998,197.674426385822,80.0,220.0,EMS,MWH,VALID
2025-01-09 16:00:00,402.6285638607326,181.18285373732968,221.44571012340293,80.0,220.0,EMS,MWH,VALID
2025-01-09 17:00:00,423.2014928588197,190.4406717864689,232.7608210723509,80.0,220.0,EMS,MWH,VALID
2025-01-09 18:00:00,474.3541769316736,213.45937961925316,260.8947973124205,80.0,220.0,EMS,MWH,VALID
2025-01-09 19:00:00,485.25155227411744,218.36319852335285,266.8883537507646,80.0,220.0,EMS,MWH,VALID
2025-01-09 20:00:00,456.9272706165889,205.617271777465,251.30999883912392,80.0,220.0,EMS,MWH,VALID
2025-01-09 21:00:00,398.3862196937704,179.2737988621967,219.11242083157376,80.0,220.0,EMS,MWH,VALID
2025-01-09 22:00:00,351.6460747208743,158.24073362439344,193.4053410964809,80.0,220.0,EMS,MWH,VALID
2025-01-09 23:00:00,322.70150594728045,145.2156776762762,177.48582827100427,80.0,220.0,EMS,MWH,VALID
2025-01-10 00:00:00,288.7336182786292,129.93012822538313,158.8034900532461,80.0,220.0,EMS,MWH,VALID
2025-01-10 01:00:00,309.2812022597884,139.17654101690476,170.10466124288362,80.0,220.0,EMS,MWH,VALID
2025-01-10 02:00:00,295.6036060507613,133.02162272284258,162.58198332791872,80.0,220.0,EMS,MWH,VALID
2025-01-10 03:00:00,308.1813054328679,138.68158744479055,169.49971798807735,80.0,220.0,EMS,MWH,VALID
2025-01-10 04:00:00,306.4625982956436,137.90816923303962,168.554429062604,80.0,220.0,EMS,MWH,VALID
2025-01-10 05:00:00,349.64747355670846,157.3413631005188,192.30611045618969,80.0,220.0,EMS,MWH,VALID
2025-01-10 06:00:00,375.54310344530063,168.9943965503853,206.54870689491537,80.0,220.0,EMS,MWH,VALID
2025-01-10 07:00:00,393.12920446294015,176.90814200832307,216.2210624546171,80.0,220.0,EMS,MWH,VALID
2025-01-10 08:00:00,420.4994285828206,189.22474286226927,231.27468572055136,80.0,220.0,EMS,MWH,VALID
2025-01-10 09:00:00,426.0223971252884,191.7100787063798,234.31231841890863,80.0,220.0,EMS,MWH,VALID
2025-01-10 10:00:00,396.8853711939241,178.59841703726585,218.28695415665825,80.0,220.0,EMS,MWH,VALID
2025-01-10 11:00:00,371.6363510549806,167.23635797474128,204.3999930802393,80.0,220.0,EMS,MWH,VALID
2025-01-10 12:00:00,383.316664858931,172.49249918651896,210.82416567241208,80.0,220.0,EMS,MWH,VALID
2025-01-10 13:00:00,370.3118775841336,166.64034491286014,203.67153267127352,80.0,220.0,EMS,MWH,VALID
2025-01-10 14:00:00,351.1892468627456,158.0351610882355,193.1540857745101,80.0,220.0,EMS,MWH,VALID
2025-01-10 15:00:00,376.9036184217194,169.60662828977377,207.2969901319457,80.0,220.0,EMS,MWH,VALID
2025-01-10 16:00:00,421.001994438596,189.45089749736815,231.5510969412278,80.0,220.0,EMS,MWH,VALID
2025-01-10 17:00:00,439.8868651039503,197.94908929677763,241.93777580717267,80.0,220.0,EMS,MWH,VALID
2025-01-10 18:00:00,445.1249963976868,200.30624837895903,244.81874801872772,80.0,220.0,EMS,MWH,VALID
2025-01-10 19:00:00,470.04800767786287,211.5216034550383,258.5264042228246,80.0,220.0,EMS,MWH,VALID
2025-01-10 20:00:00,450.8465714369179,202.88095714661304,247.96561429030487,80.0,220.0,EMS,MWH,VALID
2025-01-10 21:00:00,396.99582613086494,178.64812175888923,218.3477043719757,80.0,220.0,EMS,MWH,VALID
2025-01-10 22:00:00,345.3066192450331,155.3879786602649,189.91864058476824,80.0,220.0,EMS,MWH,VALID
2025-01-10 23:00:00,302.8639549350528,136.28877972077376,166.57517521427906,80.0,220.0,EMS,MWH,VALID
2025-01-11 00:00:00,246.4773033673715,110.91478651531718,135.56251685205433,80.0,220.0,EMS,MWH,VALID
2025-01-11 01:00:00,253.5976005191968,114.11892023363858,139.47868028555826,80.0,220.0,EMS,MWH,VALID
2025-01-11 02:00:00,217.6754360968963,97.95394624360334,119.72148985329298,80.0,220.0,EMS,MWH,VALID
2025-01-11 03:00:00,278.7846021932631,125.45307098696838,153.3315312062947,80.0,220.0,EMS,MWH,VALID
2025-01-11 04:00:00,242.8668998311304,109.29010492400867,133.57679490712172,80.0,220.0,EMS,MWH,VALID
2025-01-11 05:00:00,277.65581350167173,124.94511607575228,152.71069742591948,80.0,220.0,EMS,MWH,VALID
2025-01-11 06:00:00,303.90743207110023,136.7583444319951,167.14908763910515,80.0,220.0,EMS,MWH,VALID
2025-01-11 07:00:00,303.6706032870398,136.6517714791679,167.0188318078719,80.0,220.0,EMS,MWH,VALID
2025-01-11 08:00:00,336.120748736061,151.25433693122744,184.86641180483355,80.0,220.0,EMS,MWH,VALID
2025-01-11 09:00:00,351.9887340394146,158.3949303177366,193.59380372167809,80.0,220.0,EMS,MWH,VALID
2025-01-11 10:00:00,309.9823201503124,139.49204406764056,170.4902760826718,80.0,220.0,EMS,MWH,VALID
2025-01-11 11:00:00,331.9044969463652,149.35702362586434,182.54747332050087,80.0,220.0,EMS,MWH,VALID
2025-01-11 12:00:00,269.70774600565784,121.36848570254602,148.3392603031118,80.0,220.0,EMS,MWH,VALID
2025-01-11 13:00:00,267.18563137876134,120.2335341204426,146.95209725831876,80.0,220.0,EMS,MWH,VALID
2025-01-11 14:00:00,314.66855768825167,141.60085095971326,173.06770672853844,80.0,220.0,EMS,MWH,VALID
2025-01-11 15:00:00,268.55447189437234,120.84951235246756,147.7049595419048,80.0,220.0,EMS,MWH,VALID
2025-01-11 16:00:00,343.32555153430656,154.49649819043796,188.82905334386865,80.0,220.0,EMS,MWH,VALID
2025-01-11 17:00:00,350.8846174339461,157.89807784527576,192.9865395886704,80.0,220.0,EMS,MWH,VALID
2025-01-11 18:00:00,386.467808689603,173.91051391032136,212.55729477928165,80.0,220.0,EMS,MWH,VALID
2025-01-11 19:00:00,405.5050394454051,182.4772677504323,223.0277716949728,80.0,220.0,EMS,MWH,VALID
2025-01-11 20:00:00,356.92543578229584,160.61644610203314,196.30898968026275,80.0,220.0,EMS,MWH,VALID
2025-01-11 21:00:00,344.56578238483934,155.0546020731777,189.5111803116617,80.0,220.0,EMS,MWH,VALID
2025-01-11 22:00:00,291.67310154032657,131.25289569314697,160.42020584717963,80.0,220.0,EMS,MWH,VALID
2025-01-11 23:00:00,280.94553312648026,126.42548990691613,154.52004321956414,80.0,220.0,EMS,MWH,VALID
2025-01-12 00:00:00,236.1974714559764,106.28886215518938,129.90860930078702,80.0,220.0,EMS,MWH,VALID
2025-01-12 01:00:00,262.52477571762466,118.1361490729311,144.38862664469357,80.0,220.0,EMS,MWH,VALID
2025-01-12 02:00:00,201.60908901686335,90.72409005758853,110.88499895927488,80.0,220.0,EMS,MWH,VALID
2025-01-12 03:00:00,236.8794564021418,106.59575538096382,130.28370102117802,80.0,220.0,EMS,MWH,VALID
2025-01-12 04:00:00,286.1567423944473,128.77053407750128,157.386208316946,80.0,220.0,EMS,MWH,VALID
2025-01-12 05:00:00,280.7748322141859,126.34867449638364,154.42615771780223,80.0,220.0,EMS,MWH,VALID
2025-01-12 06:00:00,283.2647780632526,127.46915012846368,155.79562793478894,80.0,220.0,EMS,MWH,VALID
2025-01-12 07:00:00,308.6067363968525,138.87303137858365,169.7337050182689,80.0,220.0,EMS,MWH,VALID
2025-01-12 08:00:00,332.82683875984554,149.7720774419305,183.05476131791505,80.0,220.0,EMS,MWH,VALID
2025-01-12 09:00:00,336.55765870622326,151.45094641780048,185.1067122884228,80.0,220.0,EMS,MWH,VALID
2025-01-12 10:00:00,322.7775376964938,145.2498919634222,177.5276457330716,80.0,220.0,EMS,MWH,VALID
2025-01-12 11:00:00,330.47349215702195,148.71307147065988,181.7604206863621,80.0,220.0,EMS,MWH,VALID
2025-01-12 12:00:00,336.7426280726696,151.53418263270132,185.20844543996827,80.0,220.0,EMS,MWH,VALID
2025-01-12 13:00:00,303.7398210465426,136.68291947094417,167.05690157559843,80.0,220.0,EMS,MWH,VALID
2025-01-12 14:00:00,311.6075902262545,140.22341560181454,171.38417462444,80.0,220.0,EMS,MWH,VALID
2025-01-12 15:00:00,309.92225227223287,139.4650135225048,170.45723874972808,80.0,220.0,EMS,MWH,VALID
2025-01-12 16:00:00,318.539973275406,143.3429879739327,175.19698530147332,80.0,220.0,EMS,MWH,VALID
2025-01-12 17:00:00,369.64108695976006,166.33848913189203,203.30259782786808,80.0,220.0,EMS,MWH,VALID
2025-01-12 18:00:00,386.9545957284108,174.12956807778485,212.82502765062597,80.0,220.0,EMS,MWH,VALID
2025-01-12 19:00:00,411.2554227045521,185.06494021704844,226.1904824875037,80.0,220.0,EMS,MWH,VALID
2025-01-12 20:00:00,365.4592858054396,164.45667861244783,201.0026071929918,80.0,220.0,EMS,MWH,VALID
2025-01-12 21:00:00,337.92758758945075,152.06741441525284,185.86017317419797,80.0,220.0,EMS,MWH,VALID
2025-01-12 22:00:00,279.3480441546249,125.70661986958122,153.6414242850437,80.0,220.0,EMS,MWH,VALID
2025-01-12 23:00:00,272.0664403646155,122.429898164077,149.63654220053854,80.0,220.0,EMS,MWH,VALID
2025-01-13 00:00:00,308.0131954250663,138.60593794127982,169.40725748378645,80.0,220.0,EMS,MWH,VALID
2025-01-13 01:00:00,294.8540500147764,132.68432250664938,162.169727508127,80.0,220.0,EMS,MWH,VALID
2025-01-13 02:00:00,305.7704512726736,137.59670307270312,168.1737481999705,80.0,220.0,EMS,MWH,VALID
2025-01-13 03:00:00,311.3160705808979,140.09223176140404,171.22383881949384,80.0,220.0,EMS,MWH,VALID
2025-01-13 04:00:00,289.89615748624504,130.45327086881028,159.4428866174348,80.0,220.0,EMS,MWH,VALID
2025-01-13 05:00:00,315.3948154786496,141.92766696539232,173.46714851325729,80.0,220.0,EMS,MWH,VALID
2025-01-13 06:00:00,361.3532819939186,162.6089768972634,198.74430509665527,80.0,220.0,EMS,MWH,VALID
2025-01-13 07:00:00,387.96210803270833,174.58294861471876,213.3791594179896,80.0,220.0,EMS,MWH,VALID
2025-01-13 08:00:00,429.7926442651388,193.40668991931247,236.38595434582635,80.0,220.0,EMS,MWH,VALID
2025-01-13 09:00:00,419.6404944253571,188.83822249141068,230.8022719339464,80.0,220.0,EMS,MWH,VALID
2025-01-13 10:00:00,400.63784666942365,180.28703100124065,220.35081566818303,80.0,220.0,EMS,MWH,VALID
2025-01-13 11:00:00,392.1765600875874,176.47945203941433,215.69710804817308,80.0,220.0,EMS,MWH,VALID
2025-01-13 12:00:00,385.00093391629326,173.25042026233197,211.7505136539613,80.0,220.0,EMS,MWH,VALID
2025-01-13 13:00:00,364.0804452804561,163.83620037620523,200.24424490425085,80.0,220.0,EMS,MWH,VALID
2025-01-13 14:00:00,383.3653878849009,172.5144245482054,210.85096333669551,80.0,220.0,EMS,MWH,VALID
2025-01-13 15:00:00,408.4934427228081,183.82204922526364,224.67139349754447,80.0,220.0,EMS,MWH,VALID
2025-01-13 16:00:00,416.6375202500109,187.4868841125049,229.150636137506,80.0,220.0,EMS,MWH,VALID
2025-01-13 17:00:00,434.7442010301529,195.6348904635688,239.10931056658413,80.0,220.0,EMS,MWH,VALID
2025-01-13 18:00:00,444.1201847175405,199.85408312289323,244.2661015946473,80.0,220.0,EMS,MWH,VALID
2025-01-13 19:00:00,461.47068515949337,207.661808321772,253.80887683772136,80.0,220.0,EMS,MWH,VALID
2025-01-13 20:00:00,460.5561946411681,207.25028758852565,253.30590705264245,80.0,220.0,EMS,MWH,VALID
2025-01-13 21:00:00,400.79411076206895,180.35734984293103,220.43676091913795,80.0,220.0,EMS,MWH,VALID
2025-01-13 22:00:00,348.74212494577154,156.9339562255972,191.8081687201744,80.0,220.0,EMS,MWH,VALID
2025-01-13 23:00:00,343.4599660145058,154.55698470652763,188.90298130797825,80.0,220.0,EMS,MWH,VALID
2025-01-14 00:00:00,320.27644919417884,144.12440213738049,176.15204705679838,80.0,220.0,EMS,MWH,VALID
2025-01-14 01:00:00,289.3320812501218,130.1994365625548,159.132644687567,80.0,220.0,EMS,MWH,VALID
2025-01-14 02:00:00,326.3442628595596,146.85491828680182,179.4893445727578,80.0,220.0,EMS,MWH,VALID
2025-01-14 03:00:00,299.3063925440628,134.68787664482824,164.61851589923452,80.0,220.0,EMS,MWH,VALID
2025-01-14 04:00:00,318.28616881797336,143.22877596808803,175.05739284988536,80.0,220.0,EMS,MWH,VALID
2025-01-14 05:00:00,309.5687383470907,139.3059322561908,170.2628060908999,80.0,220.0,EMS,MWH,VALID
2025-01-14 06:00:00,375.5566555908461,169.00049501588074,206.55616057496536,80.0,220.0,EMS,MWH,VALID
2025-01-14 07:00:00,373.701808475917,168.16581381416265,205.5359946617544,80.0,220.0,EMS,MWH,VALID
2025-01-14 08:00:00,394.2867161076381,177.42902224843718,216.857693859201,80.0,220.0,EMS,MWH,VALID
2025-01-14 09:00:00,416.6835932448718,187.5076169601923,229.1759762846795,80.0,220.0,EMS,MWH,VALID
2025-01-14 10:00:00,376.3809223871013,169.3714150741956,207.00950731290573,80.0,220.0,EMS,MWH,VALID
2025-01-14 11:00:00,381.3556136203677,171.61002612916545,209.74558749120223,80.0,220.0,EMS,MWH,VALID
2025-01-14 12:00:00,356.52252645742027,160.43513690583913,196.0873895515812,80.0,220.0,EMS,MWH,VALID
2025-01-14 13:00:00,387.3009273213983,174.2854172946292,213.01551002676905,80.0,220.0,EMS,MWH,VALID
2025-01-14 14:00:00,387.08796228943214,174.18958303024448,212.8983792591877,80.0,220.0,EMS,MWH,VALID
2025-01-14 15:00:00,372.7868835341532,167.75409759036893,205.03278594378423,80.0,220.0,EMS,MWH,VALID
2025-01-14 16:00:00,415.6779764886554,187.05508941989493,228.6228870687605,80.0,220.0,EMS,MWH,VALID
2025-01-14 17:00:00,429.0761516190989,193.0842682285945,235.99188339050443,80.0,220.0,EMS,MWH,VALID
2025-01-14 18:00:00,483.0677385100747,217.38048232953363,265.6872561805411,80.0,220.0,EMS,MWH,VALID
2025-01-14 19:00:00,483.2543193083256,217.4644436887465,265.7898756195791,80.0,220.0,EMS,MWH,VALID
2025-01-14 20:00:00,476.4962971874911,214.423333734371,262.0729634531201,80.0,220.0,EMS,MWH,VALID
2025-01-14 21:00:00,404.5062518766046,182.0278133444721,222.47843853213251,80.0,220.0,EMS,MWH,VALID
2025-01-14 22:00:00,365.1219679624848,164.30488558311816,200.81708237936667,80.0,220.0,EMS,MWH,VALID
2025-01-14 23:00:00,338.40959762125965,152.28431892956684,186.1252786916928,80.0,220.0,EMS,MWH,VALID
2025-01-15 00:00:00,326.084968978396,146.7382360402782,179.3467329381178,80.0,220.0,EMS,MWH,VALID
2025-01-15 01:00:00,305.54971426728986,137.49737142028044,168.05234284700944,80.0,220.0,EMS,MWH,VALID
2025-01-15 02:00:00,291.41195970727534,131.1353818682739,160.27657783900145,80.0,220.0,EMS,MWH,VALID
2025-01-15 03:00:00,283.37612675688706,127.5192570405992,155.8568697162879,80.0,220.0,EMS,MWH,VALID
2025-01-15 04:00:00,311.81643353942354,140.3173950927406,171.49903844668296,80.0,220.0,EMS,MWH,VALID
2025-01-15 05:00:00,333.9256070104619,150.26652315470784,183.65908385575403,80.0,220.0,EMS,MWH,VALID
2025-01-15 06:00:00,334.19583571334044,150.3881260710032,183.80770964233727,80.0,220.0,EMS,MWH,VALID
2025-01-15 07:00:00,396.8171920443198,178.5677364199439,218.2494556243759,80.0,220.0,EMS,MWH,VALID
2025-01-15 08:00:00,427.2252659744556,192.251369688505,234.9738962859506,80.0,220.0,EMS,MWH,VALID
2025-01-15 09:00:00,395.13198421739634,177.80939289782836,217.322591319568,80.0,220.0,EMS,MWH,VALID
2025-01-15 10:00:00,389.7118951159172,175.37035280216273,214.34154231375447,80.0,220.0,EMS,MWH,VALID
2025-01-15 11:00:00,351.91326796673525,158.36097058503086,193.5522973817044,80.0,220.0,EMS,MWH,VALID
2025-01-15 12:00:00,368.8440156567772,165.97980704554976,202.8642086112275,80.0,220.0,EMS,MWH,VALID
2025-01-15 13:00:00,364.8201409002286,164.16906340510286,200.65107749512572,80.0,220.0,EMS,MWH,VALID
2025-01-15 14:00:00,387.9672594700325,174.58526676151462,213.38199270851783,80.0,220.0,EMS,MWH,VALID
2025-01-15 15:00:00,382.9124918709583,172.31062134193124,210.60187052902708,80.0,220.0,EMS,MWH,VALID
2025-01-15 16:00:00,413.3456045174941,186.0055220328724,227.34008248462175,80.0,220.0,EMS,MWH,VALID
2025-01-15 17:00:00,451.6683246360982,203.2507460862442,248.41757854985403,80.0,220.0,EMS,MWH,VALID
2025-01-15 18:00:00,503.4418251197877,226.54882130390448,276.8930038158833,80.0,220.0,EMS,MWH,VALID
2025-01-15 19:00:00,483.92439737225374,217.7659788175142,266.1584185547396,80.0,220.0,EMS,MWH,VALID
2025-01-15 20:00:00,445.7825474095671,200.6021463343052,245.18040107526195,80.0,220.0,EMS,MWH,VALID
2025-01-15 21:00:00,401.0280233091186,180.46261048910335,220.56541282001527,80.0,220.0,EMS,MWH,VALID
2025-01-15 22:00:00,372.1642015821057,167.47389071194758,204.69031087015816,80.0,220.0,EMS,MWH,VALID
2025-01-15 23:00:00,340.52999841895786,153.23849928853105,187.29149913042684,80.0,220.0,EMS,MWH,VALID
2025-01-16 00:00:00,308.71130320651537,138.92008644293193,169.79121676358346,80.0,220.0,EMS,MWH,VALID
2025-01-16 01:00:00,295.0728539627673,132.7827842832453,162.29006967952202,80.0,220.0,EMS,MWH,VALID
2025-01-16 02:00:00,325.6127069940443,146.52571814731994,179.08698884672438,80.0,220.0,EMS,MWH,VALID
2025-01-16 03:00:00,307.07014181224326,138.18156381550946,168.8885779967338,80.0,220.0,EMS,MWH,VALID
2025-01-16 04:00:00,303.6498031472888,136.64241141627997,167.00739173100885,80.0,220.0,EMS,MWH,VALID
2025-01-16 05:00:00,353.2009606676818,158.94043230045682,194.260528367225,80.0,220.0,EMS,MWH,VALID
2025-01-16 06:00:00,390.3174993255434,175.64287469649454,214.67462462904888,80.0,220.0,EMS,MWH,VALID
2025-01-16 07:00:00,419.6887321637909,188.8599294737059,230.828802690085,80.0,220.0,EMS,MWH,VALID
2025-01-16 08:00:00,398.8850603541321,179.49827715935945,219.38678319477268,80.0,220.0,EMS,MWH,VALID
2025-01-16 09:00:00,440.6660324778713,198.2997146150421,242.3663178628292,80.0,220.0,EMS,MWH,VALID
2025-01-16 10:00:00,392.5621285319849,176.65295783939322,215.9091706925917,80.0,220.0,EMS,MWH,VALID
2025-01-16 11:00:00,374.87381733788914,168.69321780205013,206.18059953583904,80.0,220.0,EMS,MWH,VALID
2025-01-16 12:00:00,381.3756684603707,171.6190508071668,209.7566176532039,80.0,220.0,EMS,MWH,VALID
2025-01-16 13:00:00,370.4022711757357,166.68102202908108,203.72124914665463,80.0,220.0,EMS,MWH,VALID
2025-01-16 14:00:00,368.248553161798,165.7118489228091,202.5367042389889,80.0,220.0,EMS,MWH,VALID
2025-01-16 15:00:00,379.1948105764846,170.63766475941807,208.55714581706656,80.0,220.0,EMS,MWH,VALID
2025-01-16 16:00:00,409.06603592672064,184.0797161670243,224.9863197596964,80.0,220.0,EMS,MWH,VALID
2025-01-16 17:00:00,435.0524405813889,195.773598261625,239.27884231976392,80.0,220.0,EMS,MWH,VALID
2025-01-16 18:00:00,483.40107069510987,217.53048181279945,265.87058888231047,80.0,220.0,EMS,MWH,VALID
2025-01-16 19:00:00,480.26815576721634,216.12067009524736,264.14748567196904,80.0,220.0,EMS,MWH,VALID
2025-01-16 20:00:00,447.9818632190702,201.5918384485816,246.39002477048865,80.0,220.0,EMS,MWH,VALID
2025-01-16 21:00:00,397.6091440337706,178.92411481519676,218.68502921857385,80.0,220.0,EMS,MWH,VALID
2025-01-16 22:00:00,373.3413289859801,168.00359804369106,205.33773094228908,80.0,220.0,EMS,MWH,VALID
2025-01-16 23:00:00,335.1211460192605,150.80451570866722,184.3166303105933,80.0,220.0,EMS,MWH,VALID
2025-01-17 00:00:00,311.00736994813354,139.9533164766601,171.05405347147345,80.0,220.0,EMS,MWH,VALID
2025-01-17 01:00:00,306.4096296095738,137.88433332430822,168.5252962852656,80.0,220.0,EMS,MWH,VALID
2025-01-17 02:00:00,312.0662608738309,140.4298173932239,171.63644348060703,80.0,220.0,EMS,MWH,VALID
2025-01-17 03:00:00,298.78237326590465,134.4520679696571,164.33030529624756,80.0,220.0,EMS,MWH,VALID
2025-01-17 04:00:00,314.075970296385,141.33418663337324,172.74178366301174,80.0,220.0,EMS,MWH,VALID
2025-01-17 05:00:00,357.7949565002298,161.0077304251034,196.7872260751264,80.0,220.0,EMS,MWH,VALID
2025-01-17 06:00:00,368.6691950948842,165.9011377926979,202.76805730218635,80.0,220.0,EMS,MWH,VALID
2025-01-17 07:00:00,412.7444983262144,185.73502424679648,227.0094740794179,80.0,220.0,EMS,MWH,VALID
2025-01-17 08:00:00,398.8547693854517,179.4846462234533,219.3701231619985,80.0,220.0,EMS,MWH,VALID
2025-01-17 09:00:00,408.5546302333573,183.8495836050108,224.7050466283465,80.0,220.0,EMS,MWH,VALID
2025-01-17 10:00:00,389.1360864271284,175.11123889220778,214.02484753492064,80.0,220.0,EMS,MWH,VALID
2025-01-17 11:00:00,368.1197380412326,165.6538821185547,202.46585592267795,80.0,220.0,EMS,MWH,VALID
2025-01-17 12:00:00,376.4245084282604,169.39102879271718,207.0334796355432,80.0,220.0,EMS,MWH,VALID
2025-01-17 13:00:00,368.6090835407548,165.87408759333965,202.73499594741517,80.0,220.0,EMS,MWH,VALID
2025-01-17 14:00:00,374.3390560139459,168.45257520627564,205.88648080767024,80.0,220.0,EMS,MWH,VALID
2025-01-17 15:00:00,387.2092900907316,174.24418054082923,212.9651095499024,80.0,220.0,EMS,MWH,VALID
2025-01-17 16:00:00,402.0843848005218,180.9379731602348,221.146411640287,80.0,220.0,EMS,MWH,VALID
2025-01-17 17:00:00,447.799674781791,201.50985365180597,246.28982112998503,80.0,220.0,EMS,MWH,VALID
2025-01-17 18:00:00,486.3724677856123,218.86761050352555,267.5048572820868,80.0,220.0,EMS,MWH,VALID
2025-01-17 19:00:00,457.6371481480587,205.93671666662644,251.7004314814323,80.0,220.0,EMS,MWH,VALID
2025-01-17 20:00:00,454.1936766421976,204.38715448898893,249.8065221532087,80.0,220.0,EMS,MWH,VALID
2025-01-17 21:00:00,426.6226946330802,191.9802125848861,234.64248204819413,80.0,220.0,EMS,MWH,VALID
2025-01-17 22:00:00,358.0979780016242,161.1440901007309,196.9538879008933,80.0,220.0,EMS,MWH,VALID
2025-01-17 23:00:00,355.73001082859537,160.0785048728679,195.65150595572743,80.0,220.0,EMS,MWH,VALID
2025-01-18 00:00:00,273.0979733222043,122.89408799499196,150.2038853272124,80.0,220.0,EMS,MWH,VALID
2025-01-18 01:00:00,236.4753892974477,106.41392518385148,130.06146411359626,80.0,220.0,EMS,MWH,VALID
2025-01-18 02:00:00,245.3817539150902,110.4217892617906,134.9599646532996,80.0,220.0,EMS,MWH,VALID
2025-01-18 03:00:00,258.47175690213214,116.31229060595946,142.1594662961727,80.0,220.0,EMS,MWH,VALID
2025-01-18 04:00:00,282.27511894076173,127.02380352334278,155.25131541741897,80.0,220.0,EMS,MWH,VALID
2025-01-18 05:00:00,281.69882012582906,126.76446905662308,154.934351069206,80.0,220.0,EMS,MWH,VALID
2025-01-18 06:00:00,303.70444185204616,136.66699883342076,167.0374430186254,80.0,220.0,EMS,MWH,VALID
2025-01-18 07:00:00,329.7206453677705,148.37429041549672,181.34635495227377,80.0,220.0,EMS,MWH,VALID
2025-01-18 08:00:00,349.07124680822767,157.08206106370247,191.98918574452523,80.0,220.0,EMS,MWH,VALID
2025-01-18 09:00:00,341.75190759661507,153.78835841847678,187.9635491781383,80.0,220.0,EMS,MWH,VALID
2025-01-18 10:00:00,328.9552265350721,148.02985194078244,180.92537459428965,80.0,220.0,EMS,MWH,VALID
2025-01-18 11:00:00,313.6428201241084,141.1392690558488,172.50355106825964,80.0,220.0,EMS,MWH,VALID
2025-01-18 12:00:00,309.0780230040739,139.08511035183326,169.99291265224065,80.0,220.0,EMS,MWH,VALID
2025-01-18 13:00:00,305.1953609119023,137.33791241035604,167.8574485015463,80.0,220.0,EMS,MWH,VALID
2025-01-18 14:00:00,329.3110360642923,148.18996622893152,181.1210698353608,80.0,220.0,EMS,MWH,VALID
2025-01-18 15:00:00,326.8842643772362,147.0979189697563,179.78634540747993,80.0,220.0,EMS,MWH,VALID
2025-01-18 16:00:00,334.9525941570614,150.72866737067764,184.2239267863838,80.0,220.0,EMS,MWH,VALID
2025-01-18 17:00:00,389.721933569963,175.37487010648337,214.34706346347969,80.0,220.0,EMS,MWH,VALID
2025-01-18 18:00:00,363.1215024853285,163.40467611839782,199.71682636693063,80.0,220.0,EMS,MWH,VALID
2025-01-18 19:00:00,391.7515341656122,176.2881903745255,215.46334379108677,80.0,220.0,EMS,MWH,VALID
2025-01-18 20:00:00,378.76071248255647,170.4423206171504,208.31839186540608,80.0,220.0,EMS,MWH,VALID
2025-01-18 21:00:00,339.87547674590496,152.94396453565724,186.93151221024772,80.0,220.0,EMS,MWH,VALID
2025-01-18 22:00:00,310.049380735576,139.5222213310092,170.52715940456682,80.0,220.0,EMS,MWH,VALID
2025-01-18 23:00:00,283.0248092271021,127.36116415219594,155.66364507490616,80.0,220.0,EMS,MWH,VALID
2025-01-19 00:00:00,255.88905389645413,115.15007425340436,140.7389796430498,80.0,220.0,EMS,MWH,VALID
2025-01-19 01:00:00,235.3419663108808,105.90388483989636,129.43808147098443,80.0,220.0,EMS,MWH,VALID
2025-01-19 02:00:00,264.9767362891536,119.23953133011914,145.7372049590345,80.0,220.0,EMS,MWH,VALID
2025-01-19 03:00:00,245.95850174882025,110.68132578696913,135.27717596185116,80.0,220.0,EMS,MWH,VALID
2025-01-19 04:00:00,260.31531287747805,117.14189079486512,143.17342208261294,80.0,220.0,EMS,MWH,VALID
2025-01-19 05:00:00,281.69648868801977,126.7634199096089,154.9330687784109,80.0,220.0,EMS,MWH,VALID
2025-01-19 06:00:00,267.49717140156883,120.37372713070596,147.12344427086288,80.0,220.0,EMS,MWH,VALID
2025-01-19 07:00:00,322.9087803006287,145.3089511352829,177.5998291653458,80.0,220.0,EMS,MWH,VALID
2025-01-19 08:00:00,314.44981089638947,141.50241490337527,172.94739599301425,80.0,220.0,EMS,MWH,VALID
2025-01-19 09:00:00,339.3357584481456,152.70109130166554,186.6346671464801,80.0,220.0,EMS,MWH,VALID
2025-01-19 10:00:00,300.8047316583821,135.36212924627193,165.44260241211015,80.0,220.0,EMS,MWH,VALID
2025-01-19 11:00:00,332.5125668887967,149.63065509995852,182.8819117888382,80.0,220.0,EMS,MWH,VALID
2025-01-19 12:00:00,259.7540228508036,116.88931028286164,142.864712567942,80.0,220.0,EMS,MWH,VALID
2025-01-19 13:00:00,258.21892510585843,116.1985162976363,142.02040880822216,80.0,220.0,EMS,MWH,VALID
2025-01-19 14:00:00,304.09111376016654,136.84100119207494,167.2501125680916,80.0,220.0,EMS,MWH,VALID
2025-01-19 15:00:00,267.7727766942356,120.49774951240602,147.2750271818296,80.0,220.0,EMS,MWH,VALID
2025-01-19 16:00:00,346.5445427196889,155.94504422386,190.5994984958289,80.0,220.0,EMS,MWH,VALID
2025-01-19 17:00:00,346.6193451156021,155.97870530202093,190.64063981358117,80.0,220.0,EMS,MWH,VALID
2025-01-19 18:00:00,374.4472249369092,168.50125122160915,205.94597371530008,80.0,220.0,EMS,MWH,VALID
2025-01-19 19:00:00,394.8651719655796,177.68932738451082,217.1758445810688,80.0,220.0,EMS,MWH,VALID
2025-01-19 20:00:00,369.0851593315776,166.08832169920993,202.9968376323677,80.0,220.0,EMS,MWH,VALID
2025-01-19 21:00:00,332.3446687216562,149.5551009247453,182.7895677969109,80.0,220.0,EMS,MWH,VALID
2025-01-19 22:00:00,299.6740538049381,134.85332421222216,164.820729592716,80.0,220.0,EMS,MWH,VALID
2025-01-19 23:00:00,263.2515572209648,118.46320074943417,144.78835647153065,80.0,220.0,EMS,MWH,VALID
2025-01-20 00:00:00,283.1981595359354,127.43917179117092,155.75898774476448,80.0,220.0,EMS,MWH,VALID
2025-01-20 01:00:00,311.3186697274838,140.0934013773677,171.2252683501161,80.0,220.0,EMS,MWH,VALID
2025-01-20 02:00:00,305.21089767577314,137.34490395409793,167.86599372167524,80.0,220.0,EMS,MWH,VALID
2025-01-20 03:00:00,301.19108729575754,135.53598928309088,165.65509801266666,80.0,220.0,EMS,MWH,VALID
2025-01-20 04:00:00,340.92931759169545,153.41819291626297,187.5111246754325,80.0,220.0,EMS,MWH,VALID
2025-01-20 05:00:00,345.5456626606434,155.49554819728954,190.0501144633539,80.0,220.0,EMS,MWH,VALID
2025-01-20 06:00:00,359.1741555914635,161.62837001615858,197.54578557530493,80.0,220.0,EMS,MWH,VALID
2025-01-20 07:00:00,394.44460287863257,177.50007129538466,216.94453158324797,80.0,220.0,EMS,MWH,VALID
2025-01-20 08:00:00,385.9724346592533,173.68759559666398,212.28483906258933,80.0,220.0,EMS,MWH,VALID
2025-01-20 09:00:00,403.1302119242224,181.40859536590008,221.72161655832235,80.0,220.0,EMS,MWH,VALID
2025-01-20 10:00:00,405.0492107364846,182.27214483141807,222.77706590506656,80.0,220.0,EMS,MWH,VALID
2025-01-20 11:00:00,406.9268987573344,183.1171044408005,223.80979431653395,80.0,220.0,EMS,MWH,VALID
2025-01-20 12:00:00,367.7980959319728,165.50914316938776,202.28895276258504,80.0,220.0,EMS,MWH,VALID
2025-01-20 13:00:00,370.86405819391655,166.88882618726245,203.97523200665407,80.0,220.0,EMS,MWH,VALID
2025-01-20 14:00:00,378.0337493352768,170.11518720087454,207.91856213440224,80.0,220.0,EMS,MWH,VALID
2025-01-20 15:00:00,390.0981977218768,175.54418897484456,214.55400874703224,80.0,220.0,EMS,MWH,VALID
2025-01-20 16:00:00,392.92892823298206,176.81801770484194,216.11091052814012,80.0,220.0,EMS,MWH,VALID
2025-01-20 17:00:00,425.12954688773664,191.30829609948148,233.8212507882552,80.0,220.0,EMS,MWH,VALID
2025-01-20 18:00:00,510.3856457301687,229.6735405785759,280.7121051515928,80.0,220.0,EMS,MWH,VALID
2025-01-20 19:00:00,462.2833073009987,208.0274882854494,254.2558190155493,80.0,220.0,EMS,MWH,VALID
2025-01-20 20:00:00,480.1798310066819,216.08092395300687,264.0989070536751,80.0,220.0,EMS,MWH,VALID
2025-01-20 21:00:00,421.8346892997392,189.82561018488263,232.00907911485655,80.0,220.0,EMS,MWH,VALID
2025-01-20 22:00:00,367.6919303497523,165.46136865738853,202.23056169236375,80.0,220.0,EMS,MWH,VALID
2025-01-20 23:00:00,338.4893947061827,152.32022761778222,186.16916708840048,80.0,220.0,EMS,MWH,VALID
2025-01-21 00:00:00,330.38996542368955,148.6754844406603,181.7144809830293,80.0,220.0,EMS,MWH,VALID
2025-01-21 01:00:00,307.7263780446584,138.4768701200963,169.24950792456212,80.0,220.0,EMS,MWH,VALID
2025-01-21 02:00:00,314.3284970754584,141.4478236839563,172.88067339150214,80.0,220.0,EMS,MWH,VALID
2025-01-21 03:00:00,333.4758217563885,150.06411979037483,183.41170196601368,80.0,220.0,EMS,MWH,VALID
2025-01-21 04:00:00,331.7638614329644,149.29373764483398,182.47012378813045,80.0,220.0,EMS,MWH,VALID
2025-01-21 05:00:00,312.68637805738393,140.70887012582278,171.97750793156118,80.0,220.0,EMS,MWH,VALID
2025-01-21 06:00:00,342.85902307919685,154.28656038563858,188.5724626935583,80.0,220.0,EMS,MWH,VALID
2025-01-21 07:00:00,402.4723642087839,181.11256389395277,221.35980031483115,80.0,220.0,EMS,MWH,VALID
2025-01-21 08:00:00,407.79680013750345,183.50856006187652,224.28824007562693,80.0,220.0,EMS,MWH,VALID
2025-01-21 09:00:00,420.10987425157583,189.04944341320916,231.06043083836676,80.0,220.0,EMS,MWH,VALID
2025-01-21 10:00:00,406.8676569208719,183.0904456143924,223.7772113064796,80.0,220.0,EMS,MWH,VALID
2025-01-21 11:00:00,411.1330585661274,185.00987635475727,226.12318221137008,80.0,220.0,EMS,MWH,VALID
2025-01-21 12:00:00,373.946013634897,168.27570613570364,205.67030749919337,80.0,220.0,EMS,MWH,VALID
2025-01-21 13:00:00,374.15347355923865,168.3690631016574,205.7844104575813,80.0,220.0,EMS,MWH,VALID
2025-01-21 14:00:00,362.7412759356056,163.23357417102255,199.50770176458312,80.0,220.0,EMS,MWH,VALID
2025-01-21 15:00:00,386.31316341366727,173.84092353615029,212.472239877517,80.0,220.0,EMS,MWH,VALID
2025-01-21 16:00:00,393.700416198755,177.16518728943976,216.5352289093153,80.0,220.0,EMS,MWH,VALID
2025-01-21 17:00:00,450.5517793384536,202.7483007023041,247.8034786361495,80.0,220.0,EMS,MWH,VALID
2025-01-21 18:00:00,469.7634865319177,211.39356893936295,258.3699175925548,80.0,220.0,EMS,MWH,VALID
2025-01-21 19:00:00,480.9395039513248,216.42277677809616,264.5167271732287,80.0,220.0,EMS,MWH,VALID
2025-01-21 20:00:00,473.5632335976128,213.10345511892572,260.45977847868704,80.0,220.0,EMS,MWH,VALID
2025-01-21 21:00:00,416.7657210192757,187.54457445867408,229.22114656060165,80.0,220.0,EMS,MWH,VALID
2025-01-21 22:00:00,380.7162255212638,171.32230148456873,209.39392403669515,80.0,220.0,EMS,MWH,VALID
2025-01-21 23:00:00,325.7447600192129,146.58514200864582,179.1596180105671,80.0,220.0,EMS,MWH,VALID
2025-01-22 00:00:00,317.64126292734227,142.93856831730403,174.70269461003826,80.0,220.0,EMS,MWH,VALID
2025-01-22 01:00:00,291.68894361774176,131.2600246279838,160.428918989758,80.0,220.0,EMS,MWH,VALID
2025-01-22 02:00:00,319.76821829044854,143.89569823070184,175.8725200597467,80.0,220.0,EMS,MWH,VALID
2025-01-22 03:00:00,300.66086831999627,135.2973907439983,165.36347757599796,80.0,220.0,EMS,MWH,VALID
2025-01-22 04:00:00,302.5844399936982,136.16299799716418,166.421441996534,80.0,220.0,EMS,MWH,VALID
2025-01-22 05:00:00,339.111011728948,152.59995527802658,186.5110564509214,80.0,220.0,EMS,MWH,VALID
2025-01-22 06:00:00,389.5244464385165,175.28600089733243,214.2384455411841,80.0,220.0,EMS,MWH,VALID
2025-01-22 07:00:00,399.8989305732748,179.95451875797366,219.94441181530115,80.0,220.0,EMS,MWH,VALID
2025-01-22 08:00:00,420.0795925398018,189.0358166429108,231.04377589689105,80.0,220.0,EMS,MWH,VALID
2025-01-22 09:00:00,399.04893417319937,179.5720203779397,219.4769137952597,80.0,220.0,EMS,MWH,VALID
2025-01-22 10:00:00,438.8522100644859,197.48349452901863,241.3687155354673,80.0,220.0,EMS,MWH,VALID
2025-01-22 11:00:00,369.922511069602,166.46512998132093,203.45738108828112,80.0,220.0,EMS,MWH,VALID
2025-01-22 12:00:00,383.1893910323814,172.43522596457166,210.7541650678098,80.0,220.0,EMS,MWH,VALID
2025-01-22 13:00:00,381.6073090008797,171.72328905039586,209.88401995048383,80.0,220.0,EMS,MWH,VALID
2025-01-22 14:00:00,377.2982652766418,169.78421937448886,207.51404590215304,80.0,220.0,EMS,MWH,VALID
2025-01-22 15:00:00,395.8459870053487,178.13069415240693,217.7152928529418,80.0,220.0,EMS,MWH,VALID
2025-01-22 16:00:00,421.3241029595288,189.59584633178795,231.72825662774085,80.0,220.0,EMS,MWH,VALID
2025-01-22 17:00:00,417.7334375819685,187.98004691188584,229.75339067008272,80.0,220.0,EMS,MWH,VALID
2025-01-22 18:00:00,499.6277633435855,224.83249350461347,274.79526983897205,80.0,220.0,EMS,MWH,VALID
2025-01-22 19:00:00,475.1183048227948,213.8032371702577,261.31506765253715,80.0,220.0,EMS,MWH,VALID
2025-01-22 20:00:00,457.197194693305,205.7387376119873,251.45845708131776,80.0,220.0,EMS,MWH,VALID
2025-01-22 21:00:00,406.45884240552704,182.9064790824872,223.55236332303988,80.0,220.0,EMS,MWH,VALID
2025-01-22 22:00:00,353.9969713873855,159.29863712432348,194.69833426306204,80.0,220.0,EMS,MWH,VALID
2025-01-22 23:00:00,353.6089846883261,159.12404310974674,194.48494157857937,80.0,220.0,EMS,MWH,VALID
2025-01-23 00:00:00,303.0202378725876,136.3591070426644,166.66113082992317,80.0,220.0,EMS,MWH,VALID
2025-01-23 01:00:00,319.371548320654,143.71719674429428,175.6543515763597,80.0,220.0,EMS,MWH,VALID
2025-01-23 02:00:00,320.633892472168,144.28525161247558,176.34864085969238,80.0,220.0,EMS,MWH,VALID
2025-01-23 03:00:00,331.8070092214802,149.3131541496661,182.49385507181407,80.0,220.0,EMS,MWH,VALID
2025-01-23 04:00:00,300.93237809308164,135.41957014188674,165.5128079511949,80.0,220.0,EMS,MWH,VALID
2025-01-23 05:00:00,329.183305840153,148.13248762806887,181.05081821208415,80.0,220.0,EMS,MWH,VALID
2025-01-23 06:00:00,373.8425212534277,168.22913456404248,205.6133866893853,80.0,220.0,EMS,MWH,VALID
2025-01-23 07:00:00,414.5288094928365,186.5379642717764,227.99084522106008,80.0,220.0,EMS,MWH,VALID
2025-01-23 08:00:00,406.96104454346,183.132470044557,223.828574498903,80.0,220.0,EMS,MWH,VALID
2025-01-23 09:00:00,403.2386347058263,181.4573856176218,221.78124908820445,80.0,220.0,EMS,MWH,VALID
2025-01-23 10:00:00,412.2118729767122,185.49534283952048,226.7165301371917,80.0,220.0,EMS,MWH,VALID
2025-01-23 11:00:00,388.53361784076895,174.84012802834604,213.6934898124229,80.0,220.0,EMS,MWH,VALID
2025-01-23 12:00:00,370.04575549019984,166.52058997058992,203.5251655196099,80.0,220.0,EMS,MWH,VALID
2025-01-23 13:00:00,357.4978929695825,160.87405183631213,196.6238411332704,80.0,220.0,EMS,MWH,VALID
2025-01-23 14:00:00,365.24045716302055,164.35820572335925,200.88225143966133,80.0,220.0,EMS,MWH,VALID
2025-01-23 15:00:00,397.0911608758042,178.6910223941119,218.40013848169235,80.0,220.0,EMS,MWH,VALID
2025-01-23 16:00:00,426.0780840868752,191.73513783909385,234.34294624778136,80.0,220.0,EMS,MWH,VALID
2025-01-23 17:00:00,459.2664388670228,206.66989749016025,252.59654137686252,80.0,220.0,EMS,MWH,VALID
2025-01-23 18:00:00,463.3467693362799,208.50604620132597,254.84072313495395,80.0,220.0,EMS,MWH,VALID
2025-01-23 19:00:00,502.2042692017079,225.9919211407685,276.21234806093935,80.0,220.0,EMS,MWH,VALID
2025-01-23 20:00:00,481.8803016093268,216.84613572419707,265.03416588512977,80.0,220.0,EMS,MWH,VALID
2025-01-23 21:00:00,423.4420928029939,190.5489417613473,232.89315104164663,80.0,220.0,EMS,MWH,VALID
2025-01-23 22:00:00,372.3933812981496,167.5770215841673,204.81635971398228,80.0,220.0,EMS,MWH,VALID
2025-01-23 23:00:00,344.74085092709805,155.13338291719413,189.60746800990395,80.0,220.0,EMS,MWH,VALID
2025-01-24 00:00:00,285.9294097109296,128.6682343699183,157.26117534101127,80.0,220.0,EMS,MWH,VALID
2025-01-24 01:00:00,283.0072113590767,127.35324511158451,155.65396624749218,80.0,220.0,EMS,MWH,VALID
2025-01-24 02:00:00,307.41510958070404,138.3367993113168,169.07831026938723,80.0,220.0,EMS,MWH,VALID
2025-01-24 03:00:00,309.2710130573512,139.17195587580804,170.09905718154317,80.0,220.0,EMS,MWH,VALID
2025-01-24 04:00:00,277.9999679941864,125.09998559738388,152.89998239680256,80.0,220.0,EMS,MWH,VALID
2025-01-24 05:00:00,340.8388560235151,153.3774852105818,187.46137081293327,80.0,220.0,EMS,MWH,VALID
2025-01-24 06:00:00,381.4581309293078,171.6561589181885,209.8019720111193,80.0,220.0,EMS,MWH,VALID
2025-01-24 07:00:00,419.71207688193874,188.87043459687243,230.8416422850663,80.0,220.0,EMS,MWH,VALID
2025-01-24 08:00:00,425.3945657021309,191.4275545659589,233.967011136172,80.0,220.0,EMS,MWH,VALID
2025-01-24 09:00:00,411.877915016523,185.34506175743536,226.5328532590877,80.0,220.0,EMS,MWH,VALID
2025-01-24 10:00:00,420.50536842141474,189.22741578963664,231.2779526317781,80.0,220.0,EMS,MWH,VALID
2025-01-24 11:00:00,404.89764917435735,182.2039421284608,222.69370704589656,80.0,220.0,EMS,MWH,VALID
2025-01-24 12:00:00,382.9459106379565,172.3256597870804,210.6202508508761,80.0,220.0,EMS,MWH,VALID
2025-01-24 13:00:00,388.2782305204444,174.7252037342,213.5530267862445,80.0,220.0,EMS,MWH,VALID
2025-01-24 14:00:00,390.4923913685697,175.72157611585638,214.77081525271336,80.0,220.0,EMS,MWH,VALID
2025-01-24 15:00:00,418.8612282556072,188.4875527150232,230.37367554058395,80.0,220.0,EMS,MWH,VALID
2025-01-24 16:00:00,364.8306346033357,164.1737855715011,200.65684903183467,80.0,220.0,EMS,MWH,VALID
2025-01-24 17:00:00,457.1841042385695,205.73284690735628,251.45125733121324,80.0,220.0,EMS,MWH,VALID
2025-01-24 18:00:00,474.8233322252263,213.67049950135183,261.1528327238745,80.0,220.0,EMS,MWH,VALID
2025-01-24 19:00:00,488.2942235076541,219.7324005784444,268.56182292920977,80.0,220.0,EMS,MWH,VALID
2025-01-24 20:00:00,475.6646486226238,214.04909188018075,261.6155567424431,80.0,220.0,EMS,MWH,VALID
2025-01-24 21:00:00,418.9126969535551,188.5107136290998,230.40198332445533,80.0,220.0,EMS,MWH,VALID
2025-01-24 22:00:00,374.72766944045975,168.62745124820688,206.10021819225287,80.0,220.0,EMS,MWH,VALID
2025-01-24 23:00:00,334.0160215265325,150.3072096869396,183.70881183959287,80.0,220.0,EMS,MWH,VALID
2025-01-25 00:00:00,260.1231811209043,117.05543150440694,143.06774961649737,80.0,220.0,EMS,MWH,VALID
2025-01-25 01:00:00,258.5876375344006,116.36443689048026,142.22320064392034,80.0,220.0,EMS,MWH,VALID
2025-01-25 02:00:00,240.0471016954116,108.0211957629352,132.02590593247638,80.0,220.0,EMS,MWH,VALID
2025-01-25 03:00:00,262.3051348257885,118.03731067160484,144.2678241541837,80.0,220.0,EMS,MWH,VALID
2025-01-25 04:00:00,272.7329071222719,122.72980820502237,150.00309891724956,80.0,220.0,EMS,MWH,VALID
2025-01-25 05:00:00,281.1764287052135,126.52939291734609,154.64703578786742,80.0,220.0,EMS,MWH,VALID
2025-01-25 06:00:00,318.9821575714302,143.5419709071436,175.4401866642866,80.0,220.0,EMS,MWH,VALID
2025-01-25 07:00:00,327.6098813151435,147.4244465918146,180.18543472332897,80.0,220.0,EMS,MWH,VALID
2025-01-25 08:00:00,331.87445653685444,149.3435054415845,182.53095109527,80.0,158.4,EMS,MWH,VALID
2025-01-25 09:00:00,346.0472757247645,155.72127407614403,190.3260016486205,80.0,158.4,EMS,MWH,VALID
2025-01-25 10:00:00,330.83112607208034,148.87400673243616,181.9571193396442,80.0,220.0,EMS,MWH,VALID
2025-01-25 11:00:00,246.0470902928801,110.72119063179603,135.3258996610841,80.0,220.0,EMS,MWH,VALID
2025-01-25 12:00:00,283.7672318262545,127.69525432181452,156.07197750444,80.0,220.0,EMS,MWH,VALID
2025-01-25 13:00:00,338.6535912759821,152.39411607419194,186.25947520179017,80.0,220.0,EMS,MWH,VALID
2025-01-25 14:00:00,311.6074967884885,140.22337355481983,171.3841232336687,80.0,220.0,EMS,MWH,VALID
2025-01-25 15:00:00,310.98513330551725,139.94330998748276,171.0418233180345,80.0,220.0,EMS,MWH,VALID
2025-01-25 16:00:00,308.2446841420376,138.71010786391693,169.5345762781207,80.0,220.0,EMS,MWH,VALID
2025-01-25 17:00:00,371.0020220298578,166.95090991343602,204.05111211642185,80.0,220.0,EMS,MWH,VALID
2025-01-25 18:00:00,405.37114861534405,182.4170168769048,222.9541317384393,80.0,220.0,EMS,MWH,VALID
2025-01-25 19:00:00,395.53516092784776,177.9908224175315,217.5443385103163,80.0,220.0,EMS,MWH,VALID
2025-01-25 20:00:00,379.4236786776557,170.7406554049451,208.68302327271067,80.0,220.0,EMS,MWH,VALID
2025-01-25 21:00:00,319.45072602790225,143.752826712556,175.69789931534626,80.0,220.0,EMS,MWH,VALID
2025-01-25 22:00:00,308.3066440075999,138.73798980341996,169.56865420417998,80.0,220.0,EMS,MWH,VALID
2025-01-25 23:00:00,260.40688702574766,117.18309916158644,143.22378786416124,80.0,220.0,EMS,MWH,VALID
2025-01-26 00:00:00,261.00324619314387,117.45146078691474,143.55178540622913,80.0,220.0,EMS,MWH,VALID
2025-01-26 01:00:00,254.9563323564424,114.73034956039908,140.22598279604333,80.0,220.0,EMS,MWH,VALID
2025-01-26 02:00:00,250.70305967101444,112.8163768519565,137.88668281905797,80.0,220.0,EMS,MWH,VALID
2025-01-26 03:00:00,272.20260977162224,122.49117439723,149.71143537439224,80.0,220.0,EMS,MWH,VALID
2025-01-26 04:00:00,246.7024448569433,111.0161001856245,135.68634467131884,80.0,220.0,EMS,MWH,VALID
2025-01-26 05:00:00,303.1184816188505,136.40331672848274,166.7151648903678,80.0,220.0,EMS,MWH,VALID
2025-01-26 06:00:00,309.01312950699406,139.05590827814734,169.95722122884675,80.0,220.0,EMS,MWH,VALID
2025-01-26 07:00:00,329.2707891422217,148.17185511399978,181.09893402822195,80.0,220.0,EMS,MWH,VALID
2025-01-26 08:00:00,338.1902378655916,152.1856070395162,186.00463082607536,80.0,220.0,EMS,MWH,VALID
2025-01-26 09:00:00,357.71782873742086,160.97302293183938,196.74480580558148,80.0,220.0,EMS,MWH,VALID
2025-01-26 10:00:00,325.2729542875596,146.37282942940183,178.90012485815782,80.0,220.0,EMS,MWH,VALID
2025-01-26 11:00:00,336.17719879220203,151.27973945649092,184.89745933571115,80.0,220.0,EMS,MWH,VALID
2025-01-26 12:00:00,291.4960878328339,131.17323952477523,160.32284830805867,80.0,220.0,EMS,MWH,VALID
2025-01-26 13:00:00,299.3598769245911,134.711944616066,164.64793230852513,80.0,220.0,EMS,MWH,VALID
2025-01-26 14:00:00,278.2576057487614,125.21592258694264,153.04168316181878,80.0,220.0,EMS,MWH,VALID
2025-01-26 15:00:00,299.3773583582573,134.7198112612158,164.65754709704154,80.0,220.0,EMS,MWH,VALID
2025-01-26 16:00:00,353.2194616361842,158.9487577362829,194.2707038999013,80.0,220.0,EMS,MWH,VALID
2025-01-26 17:00:00,371.5876010548073,167.21442047466329,204.37318058014404,80.0,220.0,EMS,MWH,VALID
2025-01-26 18:00:00,390.3183066618006,175.64323799781027,214.67506866399037,80.0,220.0,EMS,MWH,VALID
2025-01-26 19:00:00,373.740186534828,168.18308394067262,205.55710259415545,80.0,220.0,EMS,MWH,VALID
2025-01-26 20:00:00,390.3920093361288,175.67640420125795,214.71560513487083,80.0,220.0,EMS,MWH,VALID
2025-01-26 21:00:00,344.1221193420864,154.8549537039389,189.2671656381476,80.0,220.0,EMS,MWH,VALID
2025-01-26 22:00:00,289.73567176952656,130.38105229628695,159.3546194732396,80.0,220.0,EMS,MWH,VALID
2025-01-26 23:00:00,280.6796188019084,126.3058284608588,154.37379034104964,80.0,220.0,EMS,MWH,VALID
2025-01-27 00:00:00,329.01035381795583,148.05465921808013,180.95569459987573,80.0,220.0,EMS,MWH,VALID
2025-01-27 01:00:00,330.6479185604668,148.79156335221006,181.8563552082568,80.0,220.0,EMS,MWH,VALID
2025-01-27 02:00:00,306.31817538994073,137.84317892547332,168.4749964644674,80.0,220.0,EMS,MWH,VALID
2025-01-27 03:00:00,295.90622310319105,133.157800396436,162.7484227067551,80.0,220.0,EMS,MWH,VALID
2025-01-27 04:00:00,334.8282551351302,150.67271481080857,184.1555403243216,80.0,220.0,EMS,MWH,VALID
2025-01-27 05:00:00,319.791612257614,143.90622551592628,175.88538674168768,80.0,220.0,EMS,MWH,VALID
2025-01-27 06:00:00,355.96020068416817,160.18209030787568,195.7781103762925,80.0,220.0,EMS,MWH,VALID
2025-01-27 07:00:00,412.64771792777,185.69147306749653,226.95624486027356,80.0,220.0,EMS,MWH,VALID
2025-01-27 08:00:00,439.47375306056784,197.76318887725557,241.71056418331236,80.0,220.0,EMS,MWH,VALID
2025-01-27 09:00:00,430.2616639008672,193.61774875539027,236.643915145477,80.0,220.0,EMS,MWH,VALID
2025-01-27 10:00:00,402.10834435879167,180.94875496145625,221.15958939733545,80.0,220.0,EMS,MWH,VALID
2025-01-27 11:00:00,399.1236272909367,179.6056322809215,219.5179950100152,80.0,220.0,EMS,MWH,VALID
2025-01-27 12:00:00,398.13569496482336,179.1610627341705,218.97463223065287,80.0,220.0,EMS,MWH,VALID
2025-01-27 13:00:00,387.1339304593764,174.21026870671938,212.923661752657,80.0,220.0,EMS,MWH,VALID
2025-01-27 14:00:00,352.5582439028937,158.65120975630217,193.90703414659157,80.0,220.0,EMS,MWH,VALID
2025-01-27 15:00:00,382.4923498711348,172.12155744201064,210.37079242912407,80.0,220.0,EMS,MWH,VALID
2025-01-27 16:00:00,426.2916417988704,191.8312388094917,234.4604029893788,80.0,220.0,EMS,MWH,VALID
2025-01-27 17:00:00,437.7056869619313,196.9675591328691,240.73812782906225,80.0,220.0,EMS,MWH,VALID
2025-01-27 18:00:00,492.60866468234303,221.6738991070544,270.9347655752887,80.0,220.0,EMS,MWH,VALID
2025-01-27 19:00:00,495.4098976292801,222.9344539331761,272.4754436961041,80.0,220.0,EMS,MWH,VALID
2025-01-27 20:00:00,471.2819059592035,212.0768576816416,259.205048277562,80.0,220.0,EMS,MWH,VALID
2025-01-27 21:00:00,437.5656583338384,196.9045462502273,240.6611120836112,80.0,220.0,EMS,MWH,VALID
2025-01-27 22:00:00,369.2685855441631,166.17086349487337,203.0977220492897,80.0,220.0,EMS,MWH,VALID
2025-01-27 23:00:00,348.5652360091339,156.85435620411027,191.7108798050237,80.0,220.0,EMS,MWH,VALID
2025-01-28 00:00:00,307.2322542850881,138.25451442828967,168.97773985679848,80.0,220.0,EMS,MWH,VALID
2025-01-28 01:00:00,315.0857424878803,141.78858411954613,173.29715836833418,80.0,220.0,EMS,MWH,VALID
2025-01-28 02:00:00,323.5331800964861,145.58993104341877,177.9432490530674,80.0,220.0,EMS,MWH,VALID
2025-01-28 03:00:00,301.1145630611986,135.50155337753938,165.61300968365924,80.0,220.0,EMS,MWH,VALID
2025-01-28 04:00:00,324.40140003665044,145.9806300164927,178.42077002015776,80.0,220.0,EMS,MWH,VALID
2025-01-28 05:00:00,324.9786053916054,146.24037242622245,178.738232965383,80.0,220.0,EMS,MWH,VALID
2025-01-28 06:00:00,364.65769581393147,164.09596311626916,200.56173269766236,80.0,220.0,EMS,MWH,VALID
2025-01-28 07:00:00,396.5971480751192,178.46871663380364,218.1284314413156,80.0,220.0,EMS,MWH,VALID
2025-01-28 08:00:00,413.5158509779004,186.0821329400552,227.43371803784524,80.0,220.0,EMS,MWH,VALID
2025-01-28 09:00:00,434.426342815798,195.49185426710912,238.93448854868893,80.0,220.0,EMS,MWH,VALID
2025-01-28 10:00:00,405.8944219653324,182.6524898843996,223.24193208093283,80.0,220.0,EMS,MWH,VALID
2025-01-28 11:00:00,426.5040027301272,191.92680122855725,234.57720150157,80.0,220.0,EMS,MWH,VALID
2025-01-28 12:00:00,383.2540139455162,172.4643062754823,210.78970767003392,80.0,220.0,EMS,MWH,VALID
2025-01-28 13:00:00,372.5613203627317,167.65259416322925,204.9087261995024,80.0,220.0,EMS,MWH,VALID
2025-01-28 14:00:00,393.7822317223413,177.20200427505358,216.5802274472877,80.0,220.0,EMS,MWH,VALID
2025-01-28 15:00:00,398.4515133970696,179.30318102868134,219.1483323683883,80.0,220.0,EMS,MWH,VALID
2025-01-28 16:00:00,427.4794455866772,192.36575051400476,235.11369507267247,80.0,220.0,EMS,MWH,VALID
2025-01-28 17:00:00,441.4947612455574,198.67264256050083,242.8221186850566,80.0,220.0,EMS,MWH,VALID
2025-01-28 18:00:00,475.15294997620816,213.81882748929368,261.3341224869145,80.0,220.0,EMS,MWH,VALID
2025-01-28 19:00:00,493.6965523096836,222.1634485393576,271.533103770326,80.0,220.0,EMS,MWH,VALID
2025-01-28 20:00:00,465.04656510275873,209.27095429624143,255.7756108065173,80.0,220.0,EMS,MWH,VALID
2025-01-28 21:00:00,437.2797709289426,196.7758969180242,240.50387401091848,80.0,220.0,EMS,MWH,VALID
2025-01-28 22:00:00,357.1010699362744,160.69548147132346,196.4055884649509,80.0,220.0,EMS,MWH,VALID
2025-01-28 23:00:00,351.15704803359887,158.02067161511948,193.1363764184794,80.0,220.0,EMS,MWH,VALID
2025-01-29 00:00:00,338.17314333631924,152.17791450134365,185.9952288349756,80.0,220.0,EMS,MWH,VALID
2025-01-29 01:00:00,322.4191634885613,145.0886235698526,177.33053991870872,80.0,220.0,EMS,MWH,VALID
2025-01-29 02:00:00,324.0968559240156,145.843585165807,178.2532707582086,80.0,220.0,EMS,MWH,VALID
2025-01-29 03:00:00,314.2998892889197,141.43495018001386,172.86493910890584,80.0,220.0,EMS,MWH,VALID
2025-01-29 04:00:00,305.9083813531093,137.65877160889917,168.24960974421012,80.0,220.0,EMS,MWH,VALID
2025-01-29 05:00:00,310.5569252005453,139.7506163402454,170.80630886029994,80.0,220.0,EMS,MWH,VALID
2025-01-29 06:00:00,377.0648168090944,169.67916756409247,207.3856492450019,80.0,220.0,EMS,MWH,VALID
2025-01-29 07:00:00,402.1097431490505,180.9493844170727,221.16035873197777,80.0,220.0,EMS,MWH,VALID
2025-01-29 08:00:00,406.2218080180053,182.7998136081024,223.4219944099029,80.0,220.0,EMS,MWH,VALID
2025-01-29 09:00:00,445.8940016837749,200.6523007576987,245.24170092607625,80.0,220.0,EMS,MWH,VALID
2025-01-29 10:00:00,399.86922440351134,179.9411509815801,219.9280734219313,80.0,220.0,EMS,MWH,VALID
2025-01-29 11:00:00,392.5660736628576,176.6547331482859,215.9113405145717,80.0,220.0,EMS,MWH,VALID
2025-01-29 12:00:00,385.3776434657128,173.41993955957076,211.9577039061421,80.0,220.0,EMS,MWH,VALID
2025-01-29 13:00:00,391.3986350986735,176.12938579440308,215.26924930427043,80.0,220.0,EMS,MWH,VALID
2025-01-29 14:00:00,389.8382840648967,175.42722782920353,214.4110562356932,80.0,220.0,EMS,MWH,VALID
2025-01-29 15:00:00,378.4251824283607,170.29133209276233,208.1338503355984,80.0,220.0,EMS,MWH,VALID
2025-01-29 16:00:00,393.33696696157983,177.00163513271093,216.33533182886893,80.0,220.0,EMS,MWH,VALID
2025-01-29 17:00:00,446.9978600413773,201.1490370186198,245.84882302275756,80.0,220.0,EMS,MWH,VALID
2025-01-29 18:00:00,475.5264013982117,213.98688062919524,261.5395207690164,80.0,220.0,EMS,MWH,VALID
2025-01-29 19:00:00,501.155261035428,225.5198674659426,275.6353935694854,80.0,220.0,EMS,MWH,VALID
2025-01-29 20:00:00,457.4064027749628,205.8328812487333,251.57352152622957,80.0,220.0,EMS,MWH,VALID
2025-01-29 21:00:00,425.2015431318825,191.34069440934712,233.8608487225354,80.0,220.0,EMS,MWH,VALID
2025-01-29 22:00:00,386.8206533295718,174.06929399830733,212.75135933126447,80.0,220.0,EMS,MWH,VALID
2025-01-29 23:00:00,319.25432702499177,143.6644471612463,175.5898798637455,80.0,220.0,EMS,MWH,VALID
2025-01-30 00:00:00,315.7772353775006,142.09975591987526,173.67747945762534,80.0,220.0,EMS,MWH,VALID
2025-01-30 01:00:00,312.4520501081364,140.6034225486614,171.84862755947503,80.0,220.0,EMS,MWH,VALID
2025-01-30 02:00:00,303.4513392060867,136.55310264273902,166.8982365633477,80.0,220.0,EMS,MWH,VALID
2025-01-30 03:00:00,290.84468535747624,130.88010841086432,159.96457694661194,80.0,220.0,EMS,MWH,VALID
2025-01-30 04:00:00,289.3299756885721,130.19848905985745,159.13148662871467,80.0,220.0,EMS,MWH,VALID
2025-01-30 05:00:00,335.62920621322,151.03314279594898,184.59606341727095,80.0,220.0,EMS,MWH,VALID
2025-01-30 06:00:00,373.5483891090725,168.09677509908263,205.4516140099899,80.0,220.0,EMS,MWH,VALID
2025-01-30 07:00:00,409.74462849451135,184.3850828225301,225.35954567198127,80.0,220.0,EMS,MWH,VALID
2025-01-30 08:00:00,416.2455656187455,187.31050452843547,228.93506109031009,80.0,220.0,EMS,MWH,VALID
2025-01-30 09:00:00,439.01202444358745,197.5554109996144,241.4566134439731,80.0,220.0,EMS,MWH,VALID
2025-01-30 10:00:00,421.646639428558,189.7409877428511,231.9056516857069,80.0,220.0,EMS,MWH,VALID
2025-01-30 11:00:00,385.0932180225333,173.29194811014,211.80126991239337,80.0,220.0,EMS,MWH,VALID
2025-01-30 12:00:00,380.1751353407844,171.07881090335297,209.09632443743143,80.0,220.0,EMS,MWH,VALID
2025-01-30 13:00:00,379.204300517764,170.6419352329938,208.5623652847702,80.0,220.0,EMS,MWH,VALID
2025-01-30 14:00:00,384.9695957692851,173.2363180961783,211.7332776731068,80.0,220.0,EMS,MWH,VALID
2025-01-30 15:00:00,398.4781301497456,179.3151585673855,219.1629715823601,80.0,220.0,EMS,MWH,VALID
2025-01-30 16:00:00,437.1477982279323,196.71650920256957,240.4312890253628,80.0,220.0,EMS,MWH,VALID
2025-01-30 17:00:00,434.0006912367808,195.30031105655132,238.70038018022944,80.0,220.0,EMS,MWH,VALID
2025-01-30 18:00:00,475.6064617300301,214.02290777851357,261.5835539515166,80.0,220.0,EMS,MWH,VALID
2025-01-30 19:00:00,493.928398133515,222.26777916008172,271.66061897343326,80.0,220.0,EMS,MWH,VALID
2025-01-30 20:00:00,455.6214160028922,205.02963720130148,250.59177880159072,80.0,220.0,EMS,MWH,VALID
2025-01-30 21:00:00,414.80623304310905,186.66280486939908,228.14342817371,80.0,220.0,EMS,MWH,VALID
2025-01-30 22:00:00,400.1116324881408,180.05023461966337,220.06139786847743,80.0,220.0,EMS,MWH,VALID
2025-01-30 23:00:00,354.83042071681564,159.67368932256704,195.15673139424865,80.0,220.0,EMS,MWH,VALID
2025-01-31 00:00:00,316.5325239719033,142.43963578735648,174.0928881845468,80.0,220.0,EMS,MWH,VALID
2025-01-31 01:00:00,308.669750139295,138.90138756268274,169.76836257661225,80.0,220.0,EMS,MWH,VALID
2025-01-31 02:00:00,298.8722164269518,134.4924973921283,164.3797190348235,80.0,220.0,EMS,MWH,VALID
2025-01-31 03:00:00,325.0740991096502,146.2833445993426,178.79075451030764,80.0,220.0,EMS,MWH,VALID
2025-01-31 04:00:00,334.4615481317754,150.50769665929892,183.9538514724765,80.0,220.0,EMS,MWH,VALID
2025-01-31 05:00:00,330.5436394342891,148.7446377454301,181.79900168885905,80.0,220.0,EMS,MWH,VALID
2025-01-31 06:00:00,379.1346802352733,170.610606105873,208.52407412940036,80.0,220.0,EMS,MWH,VALID
2025-01-31 07:00:00,383.0200767938686,172.35903455724088,210.66104223662776,80.0,220.0,EMS,MWH,VALID
2025-01-31 08:00:00,437.1089257637666,196.69901659369495,240.40990917007164,80.0,220.0,EMS,MWH,VALID
2025-01-31 09:00:00,407.5322624662448,183.38951810981013,224.14274435643463,80.0,220.0,EMS,MWH,VALID
2025-01-31 10:00:00,420.4076166036437,189.18342747163967,231.22418913200408,80.0,220.0,EMS,MWH,VALID
2025-01-31 11:00:00,404.1935245117331,181.88708603027987,222.3064384814532,80.0,220.0,EMS,MWH,VALID
2025-01-31 12:00:00,408.76370956894505,183.94366930602527,224.8200402629198,80.0,220.0,EMS,MWH,VALID
2025-01-31 13:00:00,393.0864722973289,176.88891253379802,216.1975597635309,80.0,220.0,EMS,MWH,VALID
2025-01-31 14:00:00,410.3137148432372,184.64117167945676,225.6725431637805,80.0,220.0,EMS,MWH,VALID
2025-01-31 15:00:00,380.7764683991504,171.34941077961767,209.42705761953272,80.0,220.0,EMS,MWH,VALID
2025-01-31 16:00:00,398.927440705416,179.51734831743718,219.4100923879788,80.0,220.0,EMS,MWH,VALID
2025-01-31 17:00:00,451.5233854900315,203.18552347051417,248.33786201951736,80.0,220.0,EMS,MWH,VALID
2025-01-31 18:00:00,461.62565734412016,207.73154580485408,253.8941115392661,80.0,220.0,EMS,MWH,VALID
2025-01-31 19:00:00,528.1150407063064,237.6517683178379,290.46327238846857,80.0,220.0,EMS,MWH,VALID
2025-01-31 20:00:00,487.3940563405922,219.3273253532665,268.06673098732574,80.0,220.0,EMS,MWH,VALID
2025-01-31 21:00:00,412.0346591911857,185.4155966360336,226.61906255515217,80.0,220.0,EMS,MWH,VALID
2025-01-31 22:00:00,359.5519889697801,161.79839503640108,197.7535939333791,80.0,220.0,EMS,MWH,VALID
2025-01-31 23:00:00,339.51403838164293,152.7813172717393,186.7327211099036,80.0,220.0,EMS,MWH,VALID
2025-02-01 00:00:00,254.4239940275268,114.49079731238706,139.93319671513976,80.0,220.0,EMS,MWH,VALID
2025-02-01 01:00:00,233.1282524975952,104.90771362391784,128.22053887367738,80.0,220.0,EMS,MWH,VALID
2025-02-01 02:00:00,257.1720429995914,115.72741934981612,141.44462364977528,80.0,220.0,EMS,MWH,VALID
2025-02-01 03:00:00,261.0972242784603,117.49375092530714,143.6034733531532,80.0,220.0,EMS,MWH,VALID
2025-02-01 04:00:00,292.60826857500064,131.6737208587503,160.93454771625036,80.0,220.0,EMS,MWH,VALID
2025-02-01 05:00:00,285.3271564319934,128.39722039439704,156.92993603759638,80.0,220.0,EMS,MWH,VALID
2025-02-01 06:00:00,319.7239671818598,143.87578523183691,175.8481819500229,80.0,220.0,EMS,MWH,VALID
2025-02-01 07:00:00,340.65741683820033,153.29583757719016,187.3615792610102,80.0,220.0,EMS,MWH,VALID
2025-02-01 08:00:00,355.9619959253901,160.18289816642556,195.77909775896455,80.0,220.0,EMS,MWH,VALID
2025-02-01 09:00:00,337.810427727937,152.01469247757166,185.79573525036537,80.0,220.0,EMS,MWH,VALID
2025-02-01 10:00:00,281.44384146561623,126.64972865952733,154.79411280608895,80.0,220.0,EMS,MWH,VALID
2025-02-01 11:00:00,270.99512387966644,121.9478057458499,149.04731813381656,80.0,220.0,EMS,MWH,VALID
2025-02-01 12:00:00,309.45693177158523,139.25561929721337,170.2013124743719,80.0,220.0,EMS,MWH,VALID
2025-02-01 13:00:00,300.143250843859,135.06446287973654,165.07878796412243,80.0,220.0,EMS,MWH,VALID
2025-02-01 14:00:00,317.7804568867276,143.00120559902743,174.7792512877002,80.0,220.0,EMS,MWH,VALID
2025-02-01 15:00:00,307.55259639226006,138.39866837651704,169.15392801574305,80.0,220.0,EMS,MWH,VALID
2025-02-01 16:00:00,361.6127646000233,162.72574407001048,198.8870205300128,80.0,220.0,EMS,MWH,VALID
2025-02-01 17:00:00,361.2068624209352,162.54308808942085,198.6637743315144,80.0,220.0,EMS,MWH,VALID
2025-02-01 18:00:00,358.0554573152165,161.1249557918474,196.9305015233691,80.0,220.0,EMS,MWH,VALID
2025-02-01 19:00:00,417.9840556823448,188.0928250570552,229.8912306252897,80.0,220.0,EMS,MWH,VALID
2025-02-01 20:00:00,407.7217134762384,183.47477106430728,224.24694241193117,80.0,220.0,EMS,MWH,VALID
2025-02-01 21:00:00,344.35773392068523,154.96098026430835,189.3967536563769,80.0,220.0,EMS,MWH,VALID
2025-02-01 22:00:00,306.77590180788843,138.0491558135498,168.72674599433864,80.0,220.0,EMS,MWH,VALID
2025-02-01 23:00:00,273.00147792479,122.8506650661555,150.1508128586345,80.0,220.0,EMS,MWH,VALID
2025-02-02 00:00:00,281.7818873571053,126.80184931069738,154.9800380464079,80.0,220.0,EMS,MWH,VALID
2025-02-02 01:00:00,253.367928703222,114.01556791644992,139.35236078677212,80.0,220.0,EMS,MWH,VALID
2025-02-02 02:00:00,239.09001504503132,107.59050677026411,131.4995082747673,80.0,220.0,EMS,MWH,VALID
2025-02-02 03:00:00,248.93618471192687,112.02128312036707,136.91490159155978,80.0,220.0,EMS,MWH,VALID
2025-02-02 04:00:00,276.6818797887112,124.50684590492004,152.17503388379114,80.0,220.0,EMS,MWH,VALID
2025-02-02 05:00:00,296.26278658802084,133.3182539646094,162.94453262341148,80.0,220.0,EMS,MWH,VALID
2025-02-02 06:00:00,316.9122011633689,142.610490523516,174.3017106398529,80.0,220.0,EMS,MWH,VALID
2025-02-02 07:00:00,327.00828757665886,147.1537294094965,179.8545581671624,80.0,220.0,EMS,MWH,VALID
2025-02-02 08:00:00,353.8238019360393,159.22071087121768,194.60309106482163,80.0,220.0,EMS,MWH,VALID
2025-02-02 09:00:00,329.17648694007715,148.12941912303472,181.0470678170425,80.0,220.0,EMS,MWH,VALID
2025-02-02 10:00:00,291.9811775410828,131.39152989348725,160.58964764759554,80.0,220.0,EMS,MWH,VALID
2025-02-02 11:00:00,310.3722546875776,139.66751460940992,170.7047400781677,80.0,220.0,EMS,MWH,VALID
2025-02-02 12:00:00,348.679858691942,156.90593641137392,191.7739222805681,80.0,220.0,EMS,MWH,VALID
2025-02-02 13:00:00,271.81823816068567,122.31820717230856,149.50003098837712,80.0,220.0,EMS,MWH,VALID
2025-02-02 14:00:00,295.5436326800543,132.99463470602444,162.54899797402987,80.0,220.0,EMS,MWH,VALID
2025-02-02 15:00:00,341.33332877367366,153.59999794815317,187.7333308255205,80.0,220.0,EMS,MWH,VALID
2025-02-02 16:00:00,353.91978720639577,159.2639042428781,194.65588296351768,80.0,220.0,EMS,MWH,VALID
2025-02-02 17:00:00,360.6568741952867,162.29559338787902,198.36128080740767,80.0,220.0,EMS,MWH,VALID
2025-02-02 18:00:00,426.28827971635474,191.82972587235963,234.45855384399516,80.0,220.0,EMS,MWH,VALID
2025-02-02 19:00:00,396.721147175441,178.52451622894844,218.19663094649255,80.0,220.0,EMS,MWH,VALID
2025-02-02 20:00:00,381.675807686266,171.75411345881972,209.92169422744632,80.0,220.0,EMS,MWH,VALID
2025-02-02 21:00:00,372.52153306283645,167.63468987827642,204.8868431845601,80.0,220.0,EMS,MWH,VALID
2025-02-02 22:00:00,315.2928721834942,141.8817924825724,173.41107970092182,80.0,220.0,EMS,MWH,VALID
2025-02-02 23:00:00,280.40332930009043,126.1814981850407,154.22183111504975,80.0,220.0,EMS,MWH,VALID
2025-02-03 00:00:00,312.84797816303063,140.78159017336378,172.06638798966685,80.0,220.0,EMS,MWH,VALID
2025-02-03 01:00:00,286.38593685444584,128.87367158450064,157.51226526994523,80.0,220.0,EMS,MWH,VALID
2025-02-03 02:00:00,286.3579966785011,128.8610985053255,157.4968981731756,80.0,220.0,EMS,MWH,VALID
2025-02-03 03:00:00,322.99540911887783,145.34793410349502,177.6474750153828,80.0,220.0,EMS,MWH,VALID
2025-02-03 04:00:00,319.53344577820366,143.79005060019165,175.74339517801204,80.0,220.0,EMS,MWH,VALID
2025-02-03 05:00:00,330.2361365015993,148.60626142571968,181.6298750758796,80.0,220.0,EMS,MWH,VALID
2025-02-03 06:00:00,379.2957830111273,170.6831023550073,208.61268065612003,80.0,220.0,EMS,MWH,VALID
2025-02-03 07:00:00,389.1887519490848,175.13493837708816,214.05381357199667,80.0,220.0,EMS,MWH,VALID
2025-02-03 08:00:00,426.3010721556417,191.8354824700388,234.4655896856029,80.0,220.0,EMS,MWH,VALID
2025-02-03 09:00:00,415.0145640406034,186.7565538182716,228.2580102223319,80.0,220.0,EMS,MWH,VALID
2025-02-03 10:00:00,420.0358161220664,189.0161172549299,231.01969886713653,80.0,220.0,EMS,MWH,VALID
2025-02-03 11:00:00,388.8460398057287,174.9807179125779,213.8653218931508,80.0,220.0,EMS,MWH,VALID
2025-02-03 12:00:00,399.12683993007823,179.6070779685352,219.51976196154305,80.0,220.0,EMS,MWH,VALID
2025-02-03 13:00:00,377.1587642372417,169.72144390675876,207.43732033048292,80.0,220.0,EMS,MWH,VALID
2025-02-03 14:00:00,371.42655995375793,167.14195197919108,204.28460797456688,80.0,220.0,EMS,MWH,VALID
2025-02-03 15:00:00,394.6104328094286,177.57469476424285,217.03573804518567,80.0,220.0,EMS,MWH,VALID
2025-02-03 16:00:00,430.593469491502,193.7670612711759,236.8264082203261,80.0,220.0,EMS,MWH,VALID
2025-02-03 17:00:00,436.0818048859019,196.23681219865583,239.84499268724605,80.0,220.0,EMS,MWH,VALID
2025-02-03 18:00:00,468.30986555803287,210.7394395011148,257.5704260569181,80.0,220.0,EMS,MWH,VALID
2025-02-03 19:00:00,481.39452778525714,216.6275375033657,264.7669902818914,80.0,220.0,EMS,MWH,VALID
2025-02-03 20:00:00,493.6046414919857,222.1220886713936,271.48255282059216,80.0,220.0,EMS,MWH,VALID
2025-02-03 21:00:00,413.9929661301485,186.29683475856683,227.69613137158169,80.0,220.0,EMS,MWH,VALID
2025-02-03 22:00:00,392.1773994917367,176.4798297712815,215.6975697204552,80.0,220.0,EMS,MWH,VALID
2025-02-03 23:00:00,338.0050695990912,152.10228131959104,185.9027882795002,80.0,220.0,EMS,MWH,VALID
2025-02-04 00:00:00,304.2745804139814,136.92356118629164,167.3510192276898,80.0,220.0,EMS,MWH,VALID
2025-02-04 01:00:00,322.0108111646887,144.9048650241099,177.1059461405788,80.0,220.0,EMS,MWH,VALID
2025-02-04 02:00:00,311.89429300436484,140.35243185196418,171.54186115240068,80.0,220.0,EMS,MWH,VALID
2025-02-04 03:00:00,330.77716470612825,148.84972411775772,181.92744058837056,80.0,220.0,EMS,MWH,VALID
2025-02-04 04:00:00,313.6038511179122,141.12173300306048,172.48211811485172,80.0,220.0,EMS,MWH,VALID
2025-02-04 05:00:00,345.7380288226511,155.58211297019298,190.1559158524581,80.0,220.0,EMS,MWH,VALID
2025-02-04 06:00:00,357.1535872569476,160.71911426562642,196.4344729913212,80.0,220.0,EMS,MWH,VALID
2025-02-04 07:00:00,384.540897966216,173.04340408479715,211.4974938814188,80.0,220.0,EMS,MWH,VALID
2025-02-04 08:00:00,418.5871858036157,188.36423361162707,230.22295219198864,80.0,220.0,EMS,MWH,VALID
2025-02-04 09:00:00,421.5190880672173,189.68358963024772,231.8354984369695,72.0,220.0,EMS,MWH,VALID
2025-02-04 10:00:00,403.5143430782925,181.58145438523164,221.9328886930609,72.0,220.0,EMS,MWH,VALID
2025-02-04 11:00:00,374.96112274997057,168.73250523748675,206.22861751248385,72.0,220.0,EMS,MWH,VALID
2025-02-04 12:00:00,381.05693365686966,171.47562014559136,209.58131351127832,72.0,220.0,EMS,MWH,VALID
2025-02-04 13:00:00,378.801966941421,170.46088512363943,208.34108181778157,80.0,220.0,EMS,MWH,VALID
2025-02-04 14:00:00,406.64075370099806,182.98833916544916,223.65241453554896,80.0,220.0,EMS,MWH,VALID
2025-02-04 15:00:00,401.5567341750673,180.70053037878031,220.85620379628705,80.0,220.0,EMS,MWH,VALID
2025-02-04 16:00:00,391.2520088546691,176.0634039846011,215.188604870068,80.0,220.0,EMS,MWH,VALID
2025-02-04 17:00:00,441.8094946387331,198.8142725874299,242.9952220513032,80.0,220.0,EMS,MWH,VALID
2025-02-04 18:00:00,491.9350894553252,221.37079025489632,270.5642992004289,80.0,220.0,EMS,MWH,VALID
2025-02-04 19:00:00,486.8408909030026,219.0784009063512,267.7624899966515,80.0,220.0,EMS,MWH,VALID
2025-02-04 20:00:00,459.7033834720876,206.86652256243943,252.83686090964815,80.0,220.0,EMS,MWH,VALID
2025-02-04 21:00:00,408.12109207924834,183.65449143566173,224.46660064358664,80.0,220.0,EMS,MWH,VALID
2025-02-04 22:00:00,376.6930031485808,169.5118514168614,207.18115173171947,80.0,220.0,EMS,MWH,VALID
2025-02-04 23:00:00,366.2913025855526,164.83108616349867,201.46021642205395,80.0,220.0,EMS,MWH,VALID
2025-02-05 00:00:00,299.35208186880334,134.7084368409615,164.64364502784184,80.0,220.0,EMS,MWH,VALID
2025-02-05 01:00:00,328.7016557676369,147.91574509543662,180.78591067220032,80.0,220.0,EMS,MWH,VALID
2025-02-05 02:00:00,319.0868397957797,143.58907790810088,175.49776188767885,80.0,220.0,EMS,MWH,VALID
2025-02-05 03:00:00,307.7637961927997,138.49370828675987,169.27008790603986,80.0,220.0,EMS,MWH,VALID
2025-02-05 04:00:00,330.9923573839402,148.9465608227731,182.04579656116712,80.0,220.0,EMS,MWH,VALID
2025-02-05 05:00:00,321.2824448284457,144.57710017280058,176.70534465564515,80.0,220.0,EMS,MWH,VALID
2025-02-05 06:00:00,382.6529292278112,172.19381815251506,210.4591110752962,80.0,220.0,EMS,MWH,VALID
2025-02-05 07:00:00,404.1647229135473,181.8741253110963,222.29059760245104,80.0,220.0,EMS,MWH,VALID
2025-02-05 08:00:00,425.8961634477408,191.65327355148335,234.24288989625748,80.0,220.0,EMS,MWH,VALID
2025-02-05 09:00:00,425.8907268520172,191.65082708340773,234.23989976860943,80.0,220.0,EMS,MWH,VALID
2025-02-05 10:00:00,422.5133743343436,190.1310184504546,232.38235588388895,80.0,220.0,EMS,MWH,VALID
2025-02-05 11:00:00,382.3248164497153,172.04616740237188,210.27864904734344,80.0,220.0,EMS,MWH,VALID
2025-02-05 12:00:00,354.3921246000301,159.47645607001357,194.91566853001655,80.0,220.0,EMS,MWH,VALID
2025-02-05 13:00:00,350.0939589184438,157.5422815132997,192.5516774051441,80.0,220.0,EMS,MWH,VALID
2025-02-05 14:00:00,380.6096235918672,171.27433061634022,209.33529297552693,80.0,220.0,EMS,MWH,VALID
2025-02-05 15:00:00,426.3932783443983,191.8769752549792,234.51630308941907,80.0,220.0,EMS,MWH,VALID
2025-02-05 16:00:00,411.7358670860896,185.28114018874032,226.45472689734927,80.0,220.0,EMS,MWH,VALID
2025-02-05 17:00:00,471.96838277740926,212.38577224983416,259.5826105275751,80.0,220.0,EMS,MWH,VALID
2025-02-05 18:00:00,474.4429777645505,213.4993399940477,260.9436377705028,80.0,220.0,EMS,MWH,VALID
2025-02-05 19:00:00,505.1186802446245,227.303406110081,277.8152741345435,80.0,220.0,EMS,MWH,VALID
2025-02-05 20:00:00,462.5939847928529,208.1672931567838,254.4266916360691,80.0,220.0,EMS,MWH,VALID
2025-02-05 21:00:00,405.554565299357,182.49955438471068,223.0550109146464,80.0,220.0,EMS,MWH,VALID
2025-02-05 22:00:00,376.694004649965,169.51230209248425,207.1817025574808,80.0,220.0,EMS,MWH,VALID
2025-02-05 23:00:00,344.66039598833544,155.09717819475094,189.5632177935845,80.0,220.0,EMS,MWH,VALID
2025-02-06 00:00:00,315.77160078750967,142.09722035437937,173.67438043313032,80.0,220.0,EMS,MWH,VALID
2025-02-06 01:00:00,327.9566342150299,147.58048539676346,180.37614881826647,80.0,220.0,EMS,MWH,VALID
2025-02-06 02:00:00,321.0994308651796,144.49474388933083,176.6046869758488,80.0,220.0,EMS,MWH,VALID
2025-02-06 03:00:00,334.3409572202819,150.45343074912685,183.88752647115507,80.0,220.0,EMS,MWH,VALID
2025-02-06 04:00:00,342.51709789825907,154.1326940542166,188.3844038440425,80.0,220.0,EMS,MWH,VALID
2025-02-06 05:00:00,342.7728743519265,154.2477934583669,188.5250808935596,80.0,220.0,EMS,MWH,VALID
2025-02-06 06:00:00,348.4396178443167,156.7978280299425,191.6417898143742,80.0,220.0,EMS,MWH,VALID
2025-02-06 07:00:00,400.95142272564334,180.4281402265395,220.52328249910383,80.0,220.0,EMS,MWH,VALID
2025-02-06 08:00:00,434.3896087825862,195.4753239521638,238.91428483042245,80.0,220.0,EMS,MWH,VALID
2025-02-06 09:00:00,427.6215978585055,192.42971903632747,235.19187882217804,80.0,220.0,EMS,MWH,VALID
2025-02-06 10:00:00,434.24199906885104,195.40889958098296,238.83309948786808,80.0,220.0,EMS,MWH,VALID
2025-02-06 11:00:00,412.9942013003379,185.84739058515208,227.14681071518584,80.0,220.0,EMS,MWH,VALID
2025-02-06 12:00:00,395.3357047342285,177.90106713040282,217.4346376038257,80.0,220.0,EMS,MWH,VALID
2025-02-06 13:00:00,388.1511080917168,174.66799864127256,213.48310945044423,80.0,220.0,EMS,MWH,VALID
2025-02-06 14:00:00,382.14051144193394,171.96323014887028,210.1772812930637,80.0,220.0,EMS,MWH,VALID
2025-02-06 15:00:00,406.02654217365887,182.7119439781465,223.3145981955124,80.0,220.0,EMS,MWH,VALID
2025-02-06 16:00:00,417.1265996981991,187.7069698641896,229.4196298340095,80.0,220.0,EMS,MWH,VALID
2025-02-06 17:00:00,436.6420507611882,196.4889228425347,240.15312791865352,80.0,220.0,EMS,MWH,VALID
2025-02-06 18:00:00,501.3096453976814,225.58934042895663,275.7203049687248,80.0,220.0,EMS,MWH,VALID
2025-02-06 19:00:00,468.0055507820572,210.60249785192573,257.4030529301315,80.0,220.0,EMS,MWH,VALID
2025-02-06 20:00:00,462.0344409060569,207.9154984077256,254.1189424983313,80.0,220.0,EMS,MWH,VALID
2025-02-06 21:00:00,419.6034956828023,188.82157305726105,230.78192262554128,80.0,220.0,EMS,MWH,VALID
2025-02-06 22:00:00,363.6374055015618,163.6368324757028,200.00057302585896,80.0,220.0,EMS,MWH,VALID
2025-02-06 23:00:00,329.12120331197224,148.1045414903875,181.01666182158476,80.0,220.0,EMS,MWH,VALID
2025-02-07 00:00:00,315.42325857134784,141.94046635710654,173.48279221424133,80.0,220.0,EMS,MWH,VALID
2025-02-07 01:00:00,306.4092686748865,137.88417090369893,168.5250977711876,80.0,220.0,EMS,MWH,VALID
2025-02-07 02:00:00,320.7182800770883,144.32322603468975,176.39505404239858,80.0,220.0,EMS,MWH,VALID
2025-02-07 03:00:00,317.7852025067876,143.00334112805442,174.7818613787332,80.0,220.0,EMS,MWH,VALID
2025-02-07 04:00:00,325.8059260581293,146.61266672615818,179.19325933197112,80.0,220.0,EMS,MWH,VALID
2025-02-07 05:00:00,352.2018805525356,158.49084624864102,193.7110343038946,80.0,220.0,EMS,MWH,VALID
2025-02-07 06:00:00,360.6873618134707,162.30931281606183,198.3780489974089,80.0,220.0,EMS,MWH,VALID
2025-02-07 07:00:00,379.63129057700536,170.8340807596524,208.79720981735292,80.0,220.0,EMS,MWH,VALID
2025-02-07 08:00:00,438.1174372892607,197.15284678016727,240.9645905090934,80.0,220.0,EMS,MWH,VALID
2025-02-07 09:00:00,423.68458045579695,190.65806120510865,233.02651925068835,80.0,220.0,EMS,MWH,VALID
2025-02-07 10:00:00,417.225287445761,187.7513793505925,229.4739080951686,80.0,220.0,EMS,MWH,VALID
2025-02-07 11:00:00,357.2657912198967,160.7696060489535,196.4961851709432,80.0,220.0,EMS,MWH,VALID
2025-02-07 12:00:00,378.5429755745024,170.34433900852608,208.19863656597636,80.0,220.0,EMS,MWH,VALID
2025-02-07 13:00:00,382.2655144912754,172.01948152107394,210.2460329702015,80.0,220.0,EMS,MWH,VALID
2025-02-07 14:00:00,388.7811889591088,174.95153503159898,213.82965392750987,80.0,220.0,EMS,MWH,VALID
2025-02-07 15:00:00,410.3324462879546,184.6496008295796,225.68284545837503,80.0,220.0,EMS,MWH,VALID
2025-02-07 16:00:00,409.2951194408786,184.1828037483954,225.1123156924833,80.0,220.0,EMS,MWH,VALID
2025-02-07 17:00:00,423.3467722423373,190.50604750905177,232.8407247332855,80.0,220.0,EMS,MWH,VALID
2025-02-07 18:00:00,472.4276797004897,212.5924558652204,259.83522383526935,80.0,220.0,EMS,MWH,VALID
2025-02-07 19:00:00,490.8635794654555,220.88861075945496,269.97496870600054,80.0,220.0,EMS,MWH,VALID
2025-02-07 20:00:00,478.05395402737855,215.12427931232037,262.92967471505824,80.0,220.0,EMS,MWH,VALID
2025-02-07 21:00:00,430.65564035506304,193.7950381597784,236.86060219528468,80.0,220.0,EMS,MWH,VALID
2025-02-07 22:00:00,360.9088494219302,162.4089822398686,198.4998671820616,80.0,220.0,EMS,MWH,VALID
2025-02-07 23:00:00,356.3784650594684,160.3703092767608,196.00815578270763,80.0,220.0,EMS,MWH,VALID
2025-02-08 00:00:00,235.35139116012328,105.90812602205548,129.44326513806783,80.0,220.0,EMS,MWH,VALID
2025-02-08 01:00:00,291.95813622317945,131.38116130043076,160.57697492274872,80.0,220.0,EMS,MWH,VALID
2025-02-08 02:00:00,254.524259918888,114.5359169634996,139.9883429553884,80.0,220.0,EMS,MWH,VALID
2025-02-08 03:00:00,243.24885934890457,109.46198670700706,133.78687264189753,80.0,220.0,EMS,MWH,VALID
2025-02-08 04:00:00,260.3143184811804,117.14144331653118,143.17287516464924,80.0,220.0,EMS,MWH,VALID
2025-02-08 05:00:00,268.13496681921754,120.6607350686479,147.47423175056966,80.0,220.0,EMS,MWH,VALID
2025-02-08 06:00:00,294.17469482880625,132.37861267296282,161.79608215584346,80.0,220.0,EMS,MWH,VALID
2025-02-08 07:00:00,344.8673328724882,155.1902997926197,189.6770330798685,80.0,220.0,EMS,MWH,VALID
2025-02-08 08:00:00,365.939102228952,164.67259600302842,201.26650622592365,80.0,220.0,EMS,MWH,VALID
2025-02-08 09:00:00,344.86302968439657,155.18836335797846,189.67466632641813,80.0,220.0,EMS,MWH,VALID
2025-02-08 10:00:00,307.3201928253172,138.29408677139273,169.02610605392445,80.0,220.0,EMS,MWH,VALID
2025-02-08 11:00:00,306.8424254929378,138.079091471822,168.7633340211158,80.0,220.0,EMS,MWH,VALID
2025-02-08 12:00:00,332.33053981335274,149.5487429160087,182.78179689734404,80.0,220.0,EMS,MWH,VALID
2025-02-08 13:00:00,308.3545155279364,138.75953198757136,169.594983540365,80.0,220.0,EMS,MWH,VALID
2025-02-08 14:00:00,331.01197356688647,148.9553881050989,182.0565854617876,80.0,220.0,EMS,MWH,VALID
2025-02-08 15:00:00,327.6862509342449,147.45881292041022,180.22743801383476,80.0,220.0,EMS,MWH,VALID
2025-02-08 16:00:00,335.9935037902957,151.1970767056331,184.79642708466264,80.0,220.0,EMS,MWH,VALID
2025-02-08 17:00:00,356.11211896910595,160.2504535360977,195.86166543300828,80.0,220.0,EMS,MWH,VALID
2025-02-08 18:00:00,422.5838205339489,190.162719240277,232.4211012936719,80.0,220.0,EMS,MWH,VALID
2025-02-08 19:00:00,413.9241266196059,186.26585697882263,227.6582696407833,80.0,220.0,EMS,MWH,VALID
2025-02-08 20:00:00,387.1380418105925,174.21211881476663,212.92592299582589,80.0,220.0,EMS,MWH,VALID
2025-02-08 21:00:00,364.3499551056874,163.95747979755933,200.3924753081281,80.0,220.0,EMS,MWH,VALID
2025-02-08 22:00:00,312.34545077924383,140.55545285065972,171.7899979285841,80.0,220.0,EMS,MWH,VALID
2025-02-08 23:00:00,275.6100694506432,124.02453125278944,151.58553819785377,80.0,220.0,EMS,MWH,VALID
2025-02-09 00:00:00,236.3813544273976,106.37160949232891,130.00974493506868,80.0,220.0,EMS,MWH,VALID
2025-02-09 01:00:00,238.98995000667065,107.5454775030018,131.44447250366886,80.0,220.0,EMS,MWH,VALID
2025-02-09 02:00:00,269.4170420276027,121.2376689124212,148.1793731151815,80.0,220.0,EMS,MWH,VALID
2025-02-09 03:00:00,251.81171117653892,113.31527002944252,138.49644114709642,80.0,220.0,EMS,MWH,VALID
2025-02-09 04:00:00,253.5333417788376,114.09000380047692,139.4433379783607,80.0,220.0,EMS,MWH,VALID
2025-02-09 05:00:00,292.2358641107844,131.506138849853,160.72972526093145,80.0,220.0,EMS,MWH,VALID
2025-02-09 06:00:00,302.4152081142307,136.08684365140385,166.3283644628269,80.0,220.0,EMS,MWH,VALID
2025-02-09 07:00:00,328.3045172017991,147.7370327408096,180.56748446098956,80.0,220.0,EMS,MWH,VALID
2025-02-09 08:00:00,331.95815963518334,149.3811718358325,182.5769877993509,80.0,220.0,EMS,MWH,VALID
2025-02-09 09:00:00,333.6188646491385,150.12848909211235,183.4903755570262,80.0,220.0,EMS,MWH,VALID
2025-02-09 10:00:00,302.0380946620784,135.91714259793528,166.12095206414313,80.0,220.0,EMS,MWH,VALID
2025-02-09 11:00:00,322.92164065659574,145.3147382954681,177.60690236112768,80.0,220.0,EMS,MWH,VALID
2025-02-09 12:00:00,312.3787877973242,140.5704545087959,171.80833328852833,80.0,220.0,EMS,MWH,VALID
2025-02-09 13:00:00,337.8715115507367,152.04218019783153,185.82933135290523,80.0,220.0,EMS,MWH,VALID
2025-02-09 14:00:00,317.22345498448567,142.75055474301857,174.47290024146713,80.0,220.0,EMS,MWH,VALID
2025-02-09 15:00:00,287.28647295237664,129.2789128285695,158.00756012380717,80.0,220.0,EMS,MWH,VALID
2025-02-09 16:00:00,325.6001724274957,146.5200775923731,179.08009483512268,80.0,220.0,EMS,MWH,VALID
2025-02-09 17:00:00,369.33918741958047,166.2026343388112,203.1365530807693,80.0,220.0,EMS,MWH,VALID
2025-02-09 18:00:00,395.4233700144193,177.9405165064887,217.48285350793063,80.0,220.0,EMS,MWH,VALID
2025-02-09 19:00:00,399.2586187546866,179.666378439609,219.59224031507765,80.0,220.0,EMS,MWH,VALID
2025-02-09 20:00:00,417.3253452307497,187.79640535383737,229.52893987691235,80.0,220.0,EMS,MWH,VALID
2025-02-09 21:00:00,346.7361587764578,156.031271449406,190.7048873270518,80.0,220.0,EMS,MWH,VALID
2025-02-09 22:00:00,313.44243270112514,141.04909471550633,172.39333798561884,80.0,220.0,EMS,MWH,VALID
2025-02-09 23:00:00,289.0666002902359,130.07997013060617,158.98663015962975,80.0,220.0,EMS,MWH,VALID
2025-02-10 00:00:00,311.50979800146814,140.17940910066068,171.3303889008075,80.0,220.0,EMS,MWH,VALID
2025-02-10 01:00:00,313.4995338571698,141.07479023572645,172.4247436214434,80.0,220.0,EMS,MWH,VALID
2025-02-10 02:00:00,325.76972783940687,146.5963775277331,179.1733503116738,80.0,220.0,EMS,MWH,VALID
2025-02-10 03:00:00,298.2575224625904,134.21588510816568,164.04163735442472,80.0,220.0,EMS,MWH,VALID
2025-02-10 04:00:00,347.4499213193983,156.35246459372925,191.09745672566908,80.0,220.0,EMS,MWH,VALID
2025-02-10 05:00:00,349.75343436082824,157.3890454623727,192.3643888984556,80.0,220.0,EMS,MWH,VALID
2025-02-10 06:00:00,396.217741235474,178.2979835559633,217.9197576795107,80.0,220.0,EMS,MWH,VALID
2025-02-10 07:00:00,417.9819219045944,188.0918648570675,229.8900570475269,80.0,220.0,EMS,MWH,VALID
2025-02-10 08:00:00,404.35761669218346,181.96092751148257,222.3966891807009,80.0,220.0,EMS,MWH,VALID
2025-02-10 09:00:00,415.3071064131671,186.8881978859252,228.41890852724188,80.0,220.0,EMS,MWH,VALID
2025-02-10 10:00:00,405.9719347258359,182.68737062662615,223.28456409920975,80.0,220.0,EMS,MWH,VALID
2025-02-10 11:00:00,375.2138849781774,168.84624824017985,206.3676367379976,80.0,220.0,EMS,MWH,VALID
2025-02-10 12:00:00,385.30816042979166,173.38867219340625,211.91948823638543,80.0,220.0,EMS,MWH,VALID
2025-02-10 13:00:00,369.12467957736976,166.1061058098164,203.0185737675534,80.0,220.0,EMS,MWH,VALID
2025-02-10 14:00:00,383.4067156270156,172.533022032157,210.87369359485857,80.0,220.0,EMS,MWH,VALID
2025-02-10 15:00:00,384.7287410781208,173.12793348515436,211.60080759296645,65.6,220.0,EMS,MWH,VALID
2025-02-10 16:00:00,416.52805099417606,187.43762294737925,229.0904280467969,65.6,220.0,EMS,MWH,VALID
2025-02-10 17:00:00,470.5540220142141,211.74930990639635,258.8047121078178,65.6,220.0,EMS,MWH,VALID
2025-02-10 18:00:00,476.3850300218265,214.37326350982192,262.0117665120046,65.6,220.0,EMS,MWH,VALID
2025-02-10 19:00:00,499.96266905190697,224.98320107335812,274.9794679785489,65.6,220.0,EMS,MWH,VALID
2025-02-10 20:00:00,460.9875894946503,207.44441527259264,253.5431742220577,65.6,220.0,EMS,MWH,VALID
2025-02-10 21:00:00,434.402465118341,195.48110930325345,238.9213558150876,65.6,220.0,EMS,MWH,VALID
2025-02-10 22:00:00,369.0516413729093,166.0732386178092,202.97840275510012,65.6,220.0,EMS,MWH,VALID
2025-02-10 23:00:00,348.99122914310675,157.04605311439803,191.94517602870872,65.6,220.0,EMS,MWH,VALID
2025-02-11 00:00:00,287.16138875730616,129.22262494078777,157.9387638165184,80.0,220.0,EMS,MWH,VALID
2025-02-11 01:00:00,295.4211093547781,132.93949920965014,162.48161014512797,80.0,220.0,EMS,MWH,VALID
2025-02-11 02:00:00,321.9242400936067,144.86590804212304,177.05833205148372,80.0,220.0,EMS,MWH,VALID
2025-02-11 03:00:00,335.195745147376,150.8380853163192,184.3576598310568,80.0,220.0,EMS,MWH,VALID
2025-02-11 04:00:00,339.56173835900046,152.80278226155022,186.75895609745027,80.0,220.0,EMS,MWH,VALID
2025-02-11 05:00:00,348.1509006460508,156.66790529072284,191.48299535532792,80.0,220.0,EMS,MWH,VALID
2025-02-11 06:00:00,366.4919814139564,164.9213916362804,201.57058977767605,80.0,220.0,EMS,MWH,VALID
2025-02-11 07:00:00,391.602241589468,176.2210087152606,215.38123287420743,80.0,220.0,EMS,MWH,VALID
2025-02-11 08:00:00,427.2794092277493,192.2757341524872,235.00367507526207,80.0,220.0,EMS,MWH,VALID
2025-02-11 09:00:00,412.8291240136838,185.7731058061577,227.0560182075261,80.0,220.0,EMS,MWH,VALID
2025-02-11 10:00:00,405.3106943001602,182.3898124350721,222.9208818650881,80.0,220.0,EMS,MWH,VALID
2025-02-11 11:00:00,402.5133341467448,181.13100036603515,221.38233378070964,80.0,180.4,EMS,MWH,VALID
2025-02-11 12:00:00,379.7956152873021,170.90802687928593,208.88758840801611,80.0,180.4,EMS,MWH,VALID
2025-02-11 13:00:00,379.9294238862983,170.96824074883423,208.96118313746408,80.0,180.4,EMS,MWH,VALID
2025-02-11 14:00:00,385.0767650872599,173.28454428926696,211.79222079799297,80.0,180.4,EMS,MWH,VALID
2025-02-11 15:00:00,403.424044339633,181.54081995283485,221.88322438679816,80.0,180.4,EMS,MWH,VALID
2025-02-11 16:00:00,414.9893503107909,186.7452076398559,228.244142670935,80.0,180.4,EMS,MWH,VALID
2025-02-11 17:00:00,471.3258223030609,212.09662003637743,259.2292022666836,80.0,180.4,EMS,MWH,VALID
2025-02-11 18:00:00,498.313449506318,224.2410522778431,274.0723972284749,80.0,180.4,EMS,MWH,VALID
2025-02-11 19:00:00,514.6612892585239,231.59758016633572,283.06370909218816,80.0,180.4,EMS,MWH,VALID
2025-02-11 20:00:00,479.4331354237324,215.7449109406796,263.6882244830528,80.0,180.4,EMS,MWH,VALID
2025-02-11 21:00:00,449.1309151870744,202.1089118341835,247.02200335289092,80.0,220.0,EMS,MWH,VALID
2025-02-11 22:00:00,381.3058750083814,171.58764375377163,209.71823125460975,80.0,220.0,EMS,MWH,VALID
2025-02-11 23:00:00,350.75704028109675,157.84066812649354,192.91637215460324,80.0,220.0,EMS,MWH,VALID
2025-02-12 00:00:00,291.73697342058966,131.28163803926537,160.45533538132432,80.0,220.0,EMS,MWH,VALID
2025-02-12 01:00:00,319.87457156229823,143.9435572030342,175.93101435926403,80.0,220.0,EMS,MWH,VALID
2025-02-12 02:00:00,323.8039390767159,145.71177258452215,178.09216649219377,80.0,220.0,EMS,MWH,VALID
2025-02-12 03:00:00,323.6915562667818,145.66120032005182,178.03035594673,80.0,220.0,EMS,MWH,VALID
2025-02-12 04:00:00,338.27874908586193,152.22543708863788,186.05331199722409,80.0,220.0,EMS,MWH,VALID
2025-02-12 05:00:00,349.83166120201764,157.42424754090794,192.40741366110973,80.0,220.0,EMS,MWH,VALID
2025-02-12 06:00:00,374.5751504743573,168.5588177134608,206.01633276089652,80.0,220.0,EMS,MWH,VALID
2025-02-12 07:00:00,428.0138140175649,192.60621630790425,235.40759770966076,80.0,220.0,EMS,MWH,VALID
2025-02-12 08:00:00,414.8247531550575,186.6711389197759,228.15361423528165,80.0,220.0,EMS,MWH,VALID
2025-02-12 09:00:00,439.28617013765313,197.67877656194392,241.60739357570924,65.6,220.0,EMS,MWH,VALID
2025-02-12 10:00:00,412.06233264427846,185.4280496899253,226.6342829543532,65.6,220.0,EMS,MWH,VALID
2025-02-12 11:00:00,402.6835649027436,181.20760420623463,221.47596069650905,65.6,220.0,EMS,MWH,VALID
2025-02-12 12:00:00,381.32745896323627,171.59735653345632,209.73010242978,65.6,220.0,EMS,MWH,VALID
2025-02-12 13:00:00,395.0896163472935,177.79032735628206,217.29928899101145,80.0,220.0,EMS,MWH,VALID
2025-02-12 14:00:00,374.9597983396621,168.73190925284794,206.22788908681417,80.0,220.0,EMS,MWH,VALID
2025-02-12 15:00:00,392.39801261100735,176.5791056749533,215.81890693605405,80.0,220.0,EMS,MWH,VALID
2025-02-12 16:00:00,423.9352941842834,190.77088238292757,233.1644118013559,80.0,220.0,EMS,MWH,VALID
2025-02-12 17:00:00,443.77737992590255,199.69982096665612,244.07755895924643,80.0,220.0,EMS,MWH,VALID
2025-02-12 18:00:00,503.0695847078305,226.3813131185237,276.6882715893068,80.0,220.0,EMS,MWH,VALID
2025-02-12 19:00:00,512.7359216491707,230.7311647421268,282.0047569070439,80.0,220.0,EMS,MWH,VALID
2025-02-12 20:00:00,466.5574386175426,209.95084737789415,256.6065912396485,80.0,220.0,EMS,MWH,VALID
2025-02-12 21:00:00,437.8012361263599,197.010556256862,240.790679869498,80.0,220.0,EMS,MWH,VALID
2025-02-12 22:00:00,371.7506404042634,167.28778818191856,204.4628522223449,80.0,220.0,EMS,MWH,VALID
2025-02-12 23:00:00,365.4665858998512,164.45996365493306,201.0066222449182,80.0,220.0,EMS,MWH,VALID
2025-02-13 00:00:00,283.76504571280714,127.6942705707632,156.07077514204394,80.0,220.0,EMS,MWH,VALID
2025-02-13 01:00:00,326.291667478496,146.8312503653232,179.4604171131728,80.0,220.0,EMS,MWH,VALID
2025-02-13 02:00:00,327.79548407176696,147.50796783229515,180.28751623947184,80.0,220.0,EMS,MWH,VALID
2025-02-13 03:00:00,309.3314768440581,139.19916457982615,170.13231226423196,80.0,220.0,EMS,MWH,VALID
2025-02-13 04:00:00,332.70724168983963,149.71825876042783,182.9889829294118,80.0,220.0,EMS,MWH,VALID
2025-02-13 05:00:00,337.2431909267022,151.759435917016,185.48375500968623,80.0,220.0,EMS,MWH,VALID
2025-02-13 06:00:00,367.5963426672523,165.41835420026354,202.1779884669888,80.0,220.0,EMS,MWH,VALID
2025-02-13 07:00:00,424.286021284618,190.9287095780781,233.3573117065399,80.0,220.0,EMS,MWH,VALID
2025-02-13 08:00:00,451.70600158286646,203.26770071228992,248.43830087057657,80.0,220.0,EMS,MWH,VALID
2025-02-13 09:00:00,416.9788366254025,187.64047648143116,229.33836014397136,80.0,220.0,EMS,MWH,VALID
2025-02-13 10:00:00,427.69249730566975,192.4616237875514,235.2308735181184,80.0,220.0,EMS,MWH,VALID
2025-02-13 11:00:00,410.53510247482535,184.74079611367145,225.794306361154,80.0,220.0,EMS,MWH,VALID
2025-02-13 12:00:00,368.08605054048974,165.6387227432204,202.44732779726937,80.0,220.0,EMS,MWH,VALID
2025-02-13 13:00:00,378.3715020961665,170.26717594327494,208.1043261528916,80.0,220.0,EMS,MWH,VALID
2025-02-13 14:00:00,375.9482889804538,169.17673004120422,206.7715589392496,80.0,220.0,EMS,MWH,VALID
2025-02-13 15:00:00,399.9277676211056,179.9674954294975,219.96027219160808,80.0,220.0,EMS,MWH,VALID
2025-02-13 16:00:00,410.7754738747824,184.8489632436521,225.92651063113036,80.0,220.0,EMS,MWH,VALID
2025-02-13 17:00:00,455.984216828103,205.1928975726464,250.79131925545667,80.0,220.0,EMS,MWH,VALID
2025-02-13 18:00:00,501.8074441875453,225.8133498843954,275.99409430314995,80.0,220.0,EMS,MWH,VALID
2025-02-13 19:00:00,505.9360548345868,227.67122467556408,278.2648301590228,80.0,220.0,EMS,MWH,VALID
2025-02-13 20:00:00,466.54477908535466,209.9451505884096,256.59962849694506,80.0,220.0,EMS,MWH,VALID
2025-02-13 21:00:00,441.546994715558,198.69614762200112,242.8508470935569,80.0,220.0,EMS,MWH,VALID
2025-02-13 22:00:00,392.88684555203326,176.79908049841498,216.0877650536183,80.0,220.0,EMS,MWH,VALID
2025-02-13 23:00:00,358.4765125908261,161.31443066587173,197.16208192495435,80.0,220.0,EMS,MWH,VALID
2025-02-14 00:00:00,327.63552159575687,147.4359847180906,180.1995368776663,80.0,220.0,EMS,MWH,VALID
2025-02-14 01:00:00,299.09436184756123,134.59246283140257,164.5018990161587,80.0,220.0,EMS,MWH,VALID
2025-02-14 02:00:00,327.83585270337267,147.5261337165177,180.309718986855,80.0,220.0,EMS,MWH,VALID
2025-02-14 03:00:00,314.5126101387687,141.5306745624459,172.9819355763228,80.0,220.0,EMS,MWH,VALID
2025-02-14 04:00:00,322.573000580262,145.1578502611179,177.4151503191441,80.0,220.0,EMS,MWH,VALID
2025-02-14 05:00:00,346.29405801611546,155.83232610725196,190.46173190886356,80.0,220.0,EMS,MWH,VALID
2025-02-14 06:00:00,377.98511689809885,170.0933026041445,207.8918142939544,80.0,220.0,EMS,MWH,VALID
2025-02-14 07:00:00,385.4229771451196,173.4403397153038,211.98263742981575,80.0,220.0,EMS,MWH,VALID
2025-02-14 08:00:00,438.2076752749873,197.1934538737443,241.01422140124305,80.0,220.0,EMS,MWH,VALID
2025-02-14 09:00:00,431.4286522693683,194.1428935212157,237.28575874815257,80.0,220.0,EMS,MWH,VALID
2025-02-14 10:00:00,416.5331770275073,187.4399296623783,229.09324736512903,80.0,220.0,EMS,MWH,VALID
2025-02-14 11:00:00,377.8077361179048,170.01348125305714,207.79425486484763,80.0,220.0,EMS,MWH,VALID
2025-02-14 12:00:00,378.349148264528,170.25711671903758,208.0920315454904,80.0,220.0,EMS,MWH,VALID
2025-02-14 13:00:00,382.38057757182565,172.07125990732155,210.3093176645041,80.0,220.0,EMS,MWH,VALID
2025-02-14 14:00:00,394.9451901314483,177.72533555915174,217.2198545722966,80.0,220.0,EMS,MWH,VALID
2025-02-14 15:00:00,410.77188529614097,184.84734838326344,225.9245369128776,80.0,220.0,EMS,MWH,VALID
2025-02-14 16:00:00,411.9333771606395,185.3700197222878,226.56335743835172,80.0,220.0,EMS,MWH,VALID
2025-02-14 17:00:00,467.5534772217937,210.3990647498072,257.1544124719866,80.0,220.0,EMS,MWH,VALID
2025-02-14 18:00:00,480.5639537090416,216.2537791690687,264.3101745399729,80.0,220.0,EMS,MWH,VALID
2025-02-14 19:00:00,493.014060498384,221.8563272242728,271.1577332741112,80.0,220.0,EMS,MWH,VALID
2025-02-14 20:00:00,474.0654082568541,213.3294337155844,260.7359745412698,80.0,220.0,EMS,MWH,VALID
2025-02-14 21:00:00,422.032215450407,189.91449695268315,232.11771849772387,80.0,220.0,EMS,MWH,VALID
2025-02-14 22:00:00,384.8668041590681,173.19006187158067,211.67674228748749,80.0,220.0,EMS,MWH,VALID
2025-02-14 23:00:00,335.39796989346803,150.92908645206063,184.46888344140743,80.0,220.0,EMS,MWH,VALID
2025-02-15 00:00:00,265.7779185806892,119.60006336131012,146.17785521937907,80.0,220.0,EMS,MWH,VALID
2025-02-15 01:00:00,260.18182029064445,117.08181913079,143.10000115985446,80.0,220.0,EMS,MWH,VALID
2025-02-15 02:00:00,241.81858731525764,108.81836429186596,133.00022302339173,80.0,180.4,EMS,MWH,VALID
2025-02-15 03:00:00,274.263124665479,123.41840609946554,150.84471856601346,80.0,180.4,EMS,MWH,VALID
2025-02-15 04:00:00,274.23744118515265,123.4068485333187,150.83059265183397,80.0,180.4,EMS,MWH,VALID
2025-02-15 05:00:00,287.49552440202524,129.37298598091135,158.1225384211139,80.0,180.4,EMS,MWH,VALID
2025-02-15 06:00:00,301.8588137432392,135.83646618445763,166.02234755878158,80.0,220.0,EMS,MWH,VALID
2025-02-15 07:00:00,316.1509974070369,142.26794883316663,173.88304857387033,80.0,220.0,EMS,MWH,VALID
2025-02-15 08:00:00,359.0746243921538,161.58358097646922,197.4910434156846,80.0,220.0,EMS,MWH,VALID
2025-02-15 09:00:00,390.1012401275985,175.54555805741933,214.5556820701792,80.0,220.0,EMS,MWH,VALID
2025-02-15 10:00:00,303.5109466798254,136.57992600592144,166.931020673904,80.0,220.0,EMS,MWH,VALID
2025-02-15 11:00:00,339.7279861430572,152.87759376437575,186.85039237868148,80.0,220.0,EMS,MWH,VALID
2025-02-15 12:00:00,261.09383250550195,117.49222462747588,143.60160787802607,80.0,220.0,EMS,MWH,VALID
2025-02-15 13:00:00,276.62003762581645,124.4790169316174,152.14102069419906,80.0,220.0,EMS,MWH,VALID
2025-02-15 14:00:00,258.1686662308245,116.17589980387103,141.9927664269535,80.0,220.0,EMS,MWH,VALID
2025-02-15 15:00:00,336.5124783581173,151.43061526115278,185.08186309696453,80.0,220.0,EMS,MWH,VALID
2025-02-15 16:00:00,362.7537952989909,163.2392078845459,199.51458741444495,80.0,220.0,EMS,MWH,VALID
2025-02-15 17:00:00,375.4687109949606,168.96091994773226,206.50779104722835,80.0,220.0,EMS,MWH,VALID
2025-02-15 18:00:00,408.7204103430621,183.9241846543779,224.79622568868413,80.0,220.0,EMS,MWH,VALID
2025-02-15 19:00:00,413.602820934821,186.12126942066945,227.4815515141516,80.0,220.0,EMS,MWH,VALID
2025-02-15 20:00:00,380.4423347064924,171.1990506179216,209.24328408857085,80.0,220.0,EMS,MWH,VALID
2025-02-15 21:00:00,350.6517935678526,157.79330710553367,192.85848646231892,80.0,220.0,EMS,MWH,VALID
2025-02-15 22:00:00,319.6244803610359,143.83101616246617,175.79346419856978,80.0,220.0,EMS,MWH,VALID
2025-02-15 23:00:00,301.580846212455,135.71138079560475,165.86946541685026,80.0,220.0,EMS,MWH,VALID
2025-02-16 00:00:00,251.28672870804257,113.07902791861916,138.20770078942343,80.0,220.0,EMS,MWH,VALID
2025-02-16 01:00:00,266.080755992925,119.73634019681624,146.34441579610876,80.0,220.0,EMS,MWH,VALID
2025-02-16 02:00:00,255.17676756748008,114.82954540536603,140.34722216211406,80.0,220.0,EMS,MWH,VALID
2025-02-16 03:00:00,270.97244258148373,121.93759916166768,149.03484341981607,80.0,220.0,EMS,MWH,VALID
2025-02-16 04:00:00,279.1789483829365,125.63052677232142,153.5484216106151,80.0,220.0,EMS,MWH,VALID
2025-02-16 05:00:00,283.07757215737826,127.38490747082022,155.69266468655806,80.0,220.0,EMS,MWH,VALID
2025-02-16 06:00:00,315.98001658909106,142.191007465091,173.7890091240001,80.0,220.0,EMS,MWH,VALID
2025-02-16 07:00:00,317.01893243520345,142.65851959584157,174.3604128393619,80.0,220.0,EMS,MWH,VALID
2025-02-16 08:00:00,362.5480606729862,163.1466273028438,199.40143337014243,80.0,220.0,EMS,MWH,VALID
2025-02-16 09:00:00,358.55797787984585,161.35109004593065,197.20688783391523,80.0,220.0,EMS,MWH,VALID
2025-02-16 10:00:00,329.11912033551613,148.10360415098225,181.01551618453388,80.0,220.0,EMS,MWH,VALID
2025-02-16 11:00:00,301.4983243392812,135.67424595267653,165.82407838660467,80.0,220.0,EMS,MWH,VALID
2025-02-16 12:00:00,319.1035978126387,143.59661901568742,175.5069787969513,80.0,220.0,EMS,MWH,VALID
2025-02-16 13:00:00,265.7709712641057,119.5969370688476,146.17403419525817,80.0,220.0,EMS,MWH,VALID
2025-02-16 14:00:00,304.13973021516813,136.86287859682565,167.27685161834248,80.0,220.0,EMS,MWH,VALID
2025-02-16 15:00:00,300.05477160841406,135.02464722378633,165.03012438462775,80.0,220.0,EMS,MWH,VALID
2025-02-16 16:00:00,350.0811662261705,157.53652480177675,192.5446414243938,80.0,220.0,EMS,MWH,VALID
2025-02-16 17:00:00,366.85531425564056,165.08489141503827,201.77042284060232,80.0,220.0,EMS,MWH,VALID
2025-02-16 18:00:00,403.9496107154189,181.7773248219385,222.17228589348045,80.0,220.0,EMS,MWH,VALID
2025-02-16 19:00:00,412.5384862311484,185.6423188040168,226.89616742713164,80.0,220.0,EMS,MWH,VALID
2025-02-16 20:00:00,397.353493884907,178.80907224820814,218.54442163669887,80.0,220.0,EMS,MWH,VALID
2025-02-16 21:00:00,361.566717248686,162.70502276190868,198.86169448677728,80.0,220.0,EMS,MWH,VALID
2025-02-16 22:00:00,330.9010830203219,148.90548735914484,181.99559566117705,80.0,220.0,EMS,MWH,VALID
2025-02-16 23:00:00,282.900730367033,127.30532866516486,155.59540170186818,80.0,220.0,EMS,MWH,VALID
2025-02-17 00:00:00,311.7227513833338,140.2752381225002,171.4475132608336,80.0,220.0,EMS,MWH,VALID
2025-02-17 01:00:00,300.5947875121834,135.26765438048255,165.3271331317009,80.0,220.0,EMS,MWH,VALID
2025-02-17 02:00:00,324.41120391374824,145.98504176118672,178.42616215256157,80.0,220.0,EMS,MWH,VALID
2025-02-17 03:00:00,308.9852953889566,139.04338292503047,169.94191246392614,80.0,220.0,EMS,MWH,VALID
2025-02-17 04:00:00,331.25722299261804,149.06575034667813,182.19147264593997,80.0,220.0,EMS,MWH,VALID
2025-02-17 05:00:00,375.5608545195255,169.00238453378648,206.55846998573904,80.0,220.0,EMS,MWH,VALID
2025-02-17 06:00:00,357.09056272062264,160.6907532242802,196.39980949634247,80.0,220.0,EMS,MWH,VALID
2025-02-17 07:00:00,396.5848132348837,178.46316595569766,218.12164727918605,80.0,220.0,EMS,MWH,VALID
2025-02-17 08:00:00,434.3038797084338,195.43674586879524,238.86713383963863,80.0,220.0,EMS,MWH,VALID
2025-02-17 09:00:00,415.5952461440977,187.017860764844,228.5773853792537,80.0,220.0,EMS,MWH,VALID
2025-02-17 10:00:00,432.11752496909816,194.45288623609417,237.664638733004,80.0,220.0,EMS,MWH,VALID
2025-02-17 11:00:00,385.5148308657893,173.4816738896052,212.03315697618413,80.0,220.0,EMS,MWH,VALID
2025-02-17 12:00:00,390.2889159702257,175.63001218660156,214.6589037836241,80.0,220.0,EMS,MWH,VALID
2025-02-17 13:00:00,395.3653483807654,177.91440677134443,217.450941609421,80.0,220.0,EMS,MWH,VALID
2025-02-17 14:00:00,372.3921306937792,167.57645881220066,204.8156718815786,80.0,220.0,EMS,MWH,VALID
2025-02-17 15:00:00,401.1607610903134,180.52234249064105,220.6384185996724,80.0,220.0,EMS,MWH,VALID
2025-02-17 16:00:00,442.0168881428434,198.90759966427956,243.10928847856388,80.0,220.0,EMS,MWH,VALID
2025-02-17 17:00:00,465.0465185452945,209.27093334538253,255.775585199912,80.0,220.0,EMS,MWH,VALID
2025-02-17 18:00:00,485.871250184593,218.6420625830669,267.2291876015262,80.0,220.0,EMS,MWH,VALID
2025-02-17 19:00:00,511.0680238426602,229.98061072919708,281.0874131134631,80.0,220.0,EMS,MWH,VALID
2025-02-17 20:00:00,445.52887482374825,200.4879936706867,245.04088115306155,80.0,220.0,EMS,MWH,VALID
2025-02-17 21:00:00,422.6836936630596,190.20766214837684,232.4760315146828,80.0,220.0,EMS,MWH,VALID
2025-02-17 22:00:00,360.4919678841245,162.22138554785604,198.2705823362685,80.0,220.0,EMS,MWH,VALID
2025-02-17 23:00:00,349.55555685807815,157.30000058613518,192.255556271943,80.0,220.0,EMS,MWH,VALID
2025-02-18 00:00:00,317.9245235482388,143.06603559670748,174.85848795153137,80.0,220.0,EMS,MWH,VALID
2025-02-18 01:00:00,304.34393602975126,136.95477121338809,167.3891648163632,80.0,220.0,EMS,MWH,VALID
2025-02-18 02:00:00,332.0819637290844,149.43688367808798,182.64508005099643,80.0,220.0,EMS,MWH,VALID
2025-02-18 03:00:00,292.5988674384429,131.6694903472993,160.9293770911436,80.0,220.0,EMS,MWH,VALID
2025-02-18 04:00:00,351.6139021624604,158.22625597310716,193.3876461893532,80.0,220.0,EMS,MWH,VALID
2025-02-18 05:00:00,361.9040878900116,162.85683955050524,199.0472483395064,80.0,220.0,EMS,MWH,VALID
2025-02-18 06:00:00,380.2388024741525,171.10746111336863,209.1313413607839,80.0,220.0,EMS,MWH,VALID
2025-02-18 07:00:00,405.21522533523927,182.34685140085767,222.8683739343816,80.0,220.0,EMS,MWH,VALID
2025-02-18 08:00:00,429.52853875000494,193.28784243750223,236.24069631250276,80.0,220.0,EMS,MWH,VALID
2025-02-18 09:00:00,435.9121866108251,196.16048397487128,239.75170263595385,80.0,220.0,EMS,MWH,VALID
2025-02-18 10:00:00,406.3051301848964,182.83730858320337,223.46782160169303,80.0,220.0,EMS,MWH,VALID
2025-02-18 11:00:00,397.5944031729448,178.91748142782515,218.67692174511964,80.0,220.0,EMS,MWH,VALID
2025-02-18 12:00:00,395.9998080510773,178.19991362298478,217.79989442809253,80.0,220.0,EMS,MWH,VALID
2025-02-18 13:00:00,397.5908501007717,178.91588254534727,218.67496755542447,80.0,220.0,EMS,MWH,VALID
2025-02-18 14:00:00,410.30960598347104,184.639322692562,225.67028329090908,80.0,220.0,EMS,MWH,VALID
2025-02-18 15:00:00,421.2643103449559,189.5689396552301,231.6953706897257,80.0,220.0,EMS,MWH,VALID
2025-02-18 16:00:00,422.11057086679176,189.9497568900563,232.16081397673548,80.0,220.0,EMS,MWH,VALID
2025-02-18 17:00:00,436.2950196591256,196.3327588466065,239.96226081251908,80.0,220.0,EMS,MWH,VALID
2025-02-18 18:00:00,491.3266307812985,221.09698385158435,270.2296469297142,80.0,220.0,EMS,MWH,VALID
2025-02-18 19:00:00,520.2571990501239,234.11573957255573,286.14145947756816,80.0,220.0,EMS,MWH,VALID
2025-02-18 20:00:00,476.6755147934935,214.50398165707207,262.17153313642143,80.0,220.0,EMS,MWH,VALID
2025-02-18 21:00:00,453.3689680158071,204.0160356071132,249.35293240869396,80.0,220.0,EMS,MWH,VALID
2025-02-18 22:00:00,364.6813032534135,164.10658646403607,200.57471678937745,80.0,220.0,EMS,MWH,VALID
2025-02-18 23:00:00,352.4922622894878,158.62151803026953,193.87074425921836,80.0,220.0,EMS,MWH,VALID
2025-02-19 00:00:00,323.00346586924815,145.35155964116166,177.6519062280865,80.0,220.0,EMS,MWH,VALID
2025-02-19 01:00:00,341.43472796815774,153.64562758567098,187.7891003824868,80.0,220.0,EMS,MWH,VALID
2025-02-19 02:00:00,318.826881114431,143.47209650149395,175.35478461293707,80.0,220.0,EMS,MWH,VALID
2025-02-19 03:00:00,326.91254322283044,147.1106444502737,179.80189877255677,80.0,220.0,EMS,MWH,VALID
2025-02-19 04:00:00,338.82847022622354,152.4728116018006,186.35565862442297,80.0,220.0,EMS,MWH,VALID
2025-02-19 05:00:00,333.2347873871768,149.95565432422956,183.27913306294724,80.0,220.0,EMS,MWH,VALID
2025-02-19 06:00:00,371.06181372902097,166.97781617805944,204.0839975509616,80.0,220.0,EMS,MWH,VALID
2025-02-19 07:00:00,417.8580970323267,188.03614366454704,229.8219533677797,80.0,220.0,EMS,MWH,VALID
2025-02-19 08:00:00,436.2875214246724,196.3293846411026,239.95813678356987,80.0,220.0,EMS,MWH,VALID
2025-02-19 09:00:00,428.1558718078158,192.67014231351712,235.4857294942987,80.0,220.0,EMS,MWH,VALID
2025-02-19 10:00:00,421.6702762500834,189.75162431253756,231.9186519375459,80.0,220.0,EMS,MWH,VALID
2025-02-19 11:00:00,402.5246594621781,181.13609675798017,221.388562704198,80.0,220.0,EMS,MWH,VALID
2025-02-19 12:00:00,405.5296065384117,182.4883229422853,223.04128359612645,80.0,220.0,EMS,MWH,VALID
2025-02-19 13:00:00,382.5898900395657,172.16545051780457,210.4244395217612,80.0,220.0,EMS,MWH,VALID
2025-02-19 14:00:00,396.32853958522026,178.34784281334913,217.98069677187115,80.0,220.0,EMS,MWH,VALID
2025-02-19 15:00:00,396.028621530616,178.2128796887772,217.81574184183884,80.0,220.0,EMS,MWH,VALID
2025-02-19 16:00:00,416.6851283915066,187.508307776178,229.1768206153287,80.0,220.0,EMS,MWH,VALID
2025-02-19 17:00:00,476.9122083317452,214.61049374928533,262.3017145824599,80.0,220.0,EMS,MWH,VALID
2025-02-19 18:00:00,505.68762460499687,227.5594310722486,278.1281935327483,80.0,220.0,EMS,MWH,VALID
2025-02-19 19:00:00,504.00867459203226,226.80390356641453,277.2047710256178,80.0,220.0,EMS,MWH,VALID
2025-02-19 20:00:00,471.2591349215985,212.06661071471933,259.1925242068792,80.0,220.0,EMS,MWH,VALID
2025-02-19 21:00:00,450.024130974541,202.51085893854344,247.5132720359976,80.0,220.0,EMS,MWH,VALID
2025-02-19 22:00:00,407.938376276401,183.57226932438047,224.36610695202057,80.0,220.0,EMS,MWH,VALID
2025-02-19 23:00:00,327.0177859813886,147.15800369162488,179.85978228976376,80.0,220.0,EMS,MWH,VALID
2025-02-20 00:00:00,309.03806618787985,139.06712978454593,169.97093640333392,80.0,220.0,EMS,MWH,VALID
2025-02-20 01:00:00,310.1295176925608,139.55828296165237,170.57123473090846,80.0,220.0,EMS,MWH,VALID
2025-02-20 02:00:00,315.32203686538617,141.8949165894238,173.4271202759624,80.0,220.0,EMS,MWH,VALID
2025-02-20 03:00:00,315.6881856760144,142.0596835542065,173.62850212180794,80.0,220.0,EMS,MWH,VALID
2025-02-20 04:00:00,327.6106952425626,147.42481285915318,180.18588238340945,80.0,220.0,EMS,MWH,VALID
2025-02-20 05:00:00,357.9486008568776,161.07687038559493,196.8717304712827,80.0,220.0,EMS,MWH,VALID
2025-02-20 06:00:00,375.4660724557692,168.95973260509615,206.5063398506731,80.0,220.0,EMS,MWH,VALID
2025-02-20 07:00:00,407.73492373099685,183.4807156789486,224.25420805204828,80.0,220.0,EMS,MWH,VALID
2025-02-20 08:00:00,432.71039718316496,194.71967873242423,237.9907184507408,80.0,220.0,EMS,MWH,VALID
2025-02-20 09:00:00,436.0475468701948,196.22139609158768,239.8261507786072,80.0,220.0,EMS,MWH,VALID
2025-02-20 10:00:00,417.9759977695368,188.08919899629157,229.88679877324523,80.0,220.0,EMS,MWH,VALID
2025-02-20 11:00:00,405.083305154876,182.28748731969415,222.7958178351818,80.0,220.0,EMS,MWH,VALID
2025-02-20 12:00:00,392.0164181627276,176.40738817322745,215.6090299895002,80.0,220.0,EMS,MWH,VALID
2025-02-20 13:00:00,382.4427384383376,172.09923229725194,210.34350614108573,80.0,220.0,EMS,MWH,VALID
2025-02-20 14:00:00,396.9441663544449,178.6248748595002,218.31929149494476,80.0,220.0,EMS,MWH,VALID
2025-02-20 15:00:00,380.0840170666825,171.03780768000715,209.0462093866754,80.0,220.0,EMS,MWH,VALID
2025-02-20 16:00:00,432.28316845867454,194.5274258064036,237.755742652271,80.0,220.0,EMS,MWH,VALID
2025-02-20 17:00:00,472.0577109291236,212.42596991810564,259.631741011018,80.0,220.0,EMS,MWH,VALID
2025-02-20 18:00:00,477.667220116687,214.95024905250915,262.71697106417787,80.0,220.0,EMS,MWH,VALID
2025-02-20 19:00:00,516.0586420978252,232.22638894402132,283.8322531538039,80.0,220.0,EMS,MWH,VALID
2025-02-20 20:00:00,499.8829288224933,224.947317970122,274.9356108523713,80.0,220.0,EMS,MWH,VALID
2025-02-20 21:00:00,420.0033767322869,189.00151952952916,231.00185720275783,80.0,220.0,EMS,MWH,VALID
2025-02-20 22:00:00,386.656435706998,173.99539606814912,212.66103963884893,80.0,220.0,EMS,MWH,VALID
2025-02-20 23:00:00,342.1668883124573,153.97509974060577,188.1917885718515,80.0,220.0,EMS,MWH,VALID
2025-02-21 00:00:00,315.56575414724574,142.00458936626055,173.56116478098517,80.0,220.0,EMS,MWH,VALID
2025-02-21 01:00:00,310.75136328377977,139.8381134777009,170.91324980607888,80.0,220.0,EMS,MWH,VALID
2025-02-21 02:00:00,301.48326090681365,135.66746740806616,165.81579349874752,80.0,220.0,EMS,MWH,VALID
2025-02-21 03:00:00,341.53563053104097,153.69103373896843,187.8445967920725,80.0,220.0,EMS,MWH,VALID
2025-02-21 04:00:00,329.2316817353469,148.1542567809061,181.07742495444083,80.0,220.0,EMS,MWH,VALID
2025-02-21 05:00:00,350.74673451305205,157.83603053087342,192.91070398217863,80.0,220.0,EMS,MWH,VALID
2025-02-21 06:00:00,390.0416583687882,175.5187462659547,214.52291210283357,80.0,220.0,EMS,MWH,VALID
2025-02-21 07:00:00,421.5735159679387,189.7080821855724,231.8654337823663,80.0,220.0,EMS,MWH,VALID
2025-02-21 08:00:00,427.9976555107082,192.5989449798187,235.39871053088956,80.0,220.0,EMS,MWH,VALID
2025-02-21 09:00:00,426.7502222105989,192.0375999947695,234.71262221582936,80.0,220.0,EMS,MWH,VALID
2025-02-21 10:00:00,413.4926224666151,186.0716801099768,227.42094235663836,80.0,220.0,EMS,MWH,VALID
2025-02-21 11:00:00,416.1443328508197,187.26494978286885,228.8793830679508,80.0,220.0,EMS,MWH,VALID
2025-02-21 12:00:00,387.3486300977549,174.3068835439897,213.0417465537652,80.0,220.0,EMS,MWH,VALID
2025-02-21 13:00:00,383.01183770497295,172.35532696723783,210.65651073773515,80.0,220.0,EMS,MWH,VALID
2025-02-21 14:00:00,384.9723157679014,173.23754209555565,211.7347736723458,80.0,220.0,EMS,MWH,VALID
2025-02-21 15:00:00,402.8854997142373,181.2984748714068,221.58702484283052,80.0,220.0,EMS,MWH,VALID
2025-02-21 16:00:00,429.56236395216695,193.30306377847512,236.25930017369183,80.0,220.0,EMS,MWH,VALID
2025-02-21 17:00:00,497.68597827263466,223.9586902226856,273.7272880499491,80.0,220.0,EMS,MWH,VALID
2025-02-21 18:00:00,477.4331399888902,214.8449129950006,262.58822699388963,80.0,220.0,EMS,MWH,VALID
2025-02-21 19:00:00,488.18398799380185,219.68279459721083,268.501193396591,80.0,220.0,EMS,MWH,VALID
2025-02-21 20:00:00,501.8741327625896,225.8433597431653,276.0307730194243,80.0,220.0,EMS,MWH,VALID
2025-02-21 21:00:00,401.8867384637264,180.8490323086769,221.0377061550496,80.0,220.0,EMS,MWH,VALID
2025-02-21 22:00:00,397.0770552901325,178.68467488055964,218.3923804095729,80.0,220.0,EMS,MWH,VALID
2025-02-21 23:00:00,337.82359743357955,152.0206188451108,185.8029785884688,80.0,220.0,EMS,MWH,VALID
2025-02-22 00:00:00,259.14424602365256,116.61491071064366,142.52933531300891,80.0,220.0,EMS,MWH,VALID
2025-02-22 01:00:00,259.16082693200593,116.62237211940268,142.53845481260328,80.0,220.0,EMS,MWH,VALID
2025-02-22 02:00:00,282.4483242755048,127.10174592397716,155.34657835152765,80.0,220.0,EMS,MWH,VALID
2025-02-22 03:00:00,259.1975687355074,116.63890593097832,142.55866280452906,80.0,220.0,EMS,MWH,VALID
2025-02-22 04:00:00,282.3279107625897,127.04755984316536,155.28035091942434,80.0,220.0,EMS,MWH,VALID
2025-02-22 05:00:00,280.2688735446496,126.12099309509232,154.14788044955728,80.0,220.0,EMS,MWH,VALID
2025-02-22 06:00:00,301.19413675740446,135.53736154083202,165.65677521657247,80.0,220.0,EMS,MWH,VALID
2025-02-22 07:00:00,331.1491866646783,149.01713399910523,182.1320526655731,80.0,220.0,EMS,MWH,VALID
2025-02-22 08:00:00,350.5353978100935,157.74092901454208,192.79446879555144,80.0,220.0,EMS,MWH,VALID
2025-02-22 09:00:00,337.2547103077988,151.76461963850946,185.49009066928932,80.0,220.0,EMS,MWH,VALID
2025-02-22 10:00:00,338.3411231773728,152.25350542981778,186.08761774755507,80.0,220.0,EMS,MWH,VALID
2025-02-22 11:00:00,318.2985025012589,143.23432612556653,175.06417637569243,80.0,220.0,EMS,MWH,VALID
2025-02-22 12:00:00,333.1294381453258,149.90824716539663,183.2211909799292,80.0,220.0,EMS,MWH,VALID
2025-02-22 13:00:00,320.4484917877489,144.201821304487,176.2466704832619,80.0,220.0,EMS,MWH,VALID
2025-02-22 14:00:00,328.1669403276779,147.67512314745505,180.49181718022285,80.0,220.0,EMS,MWH,VALID
2025-02-22 15:00:00,325.2858356715112,146.37862605218004,178.90720961933116,80.0,220.0,EMS,MWH,VALID
2025-02-22 16:00:00,349.9784520297689,157.49030341339602,192.4881486163729,80.0,220.0,EMS,MWH,VALID
2025-02-22 17:00:00,382.8849979802813,172.29824909112656,210.5867488891547,80.0,220.0,EMS,MWH,VALID
2025-02-22 18:00:00,386.28018159746006,173.82608171885704,212.45409987860305,80.0,220.0,EMS,MWH,VALID
2025-02-22 19:00:00,420.1742120809857,189.0783954364436,231.0958166445421,80.0,220.0,EMS,MWH,VALID
2025-02-22 20:00:00,400.5072043992244,180.22824197965096,220.27896241957345,80.0,220.0,EMS,MWH,VALID
2025-02-22 21:00:00,345.9590257674937,155.68156159537216,190.27746417212157,80.0,220.0,EMS,MWH,VALID
2025-02-22 22:00:00,307.522019967471,138.38490898536196,169.13711098210908,80.0,220.0,EMS,MWH,VALID
2025-02-22 23:00:00,299.2900172696018,134.6805077713208,164.609509498281,80.0,220.0,EMS,MWH,VALID
2025-02-23 00:00:00,277.369951840272,124.8164783281224,152.55347351214962,80.0,220.0,EMS,MWH,VALID
2025-02-23 01:00:00,256.0505812600297,115.22276156701336,140.82781969301632,80.0,220.0,EMS,MWH,VALID
2025-02-23 02:00:00,270.8748166463584,121.89366749086128,148.98114915549712,80.0,220.0,EMS,MWH,VALID
2025-02-23 03:00:00,285.32716384884026,128.39722373197813,156.92994011686216,80.0,220.0,EMS,MWH,VALID
2025-02-23 04:00:00,274.13691937573884,123.36161371908248,150.77530565665637,80.0,220.0,EMS,MWH,VALID
2025-02-23 05:00:00,269.37232468610324,121.21754610874646,148.1547785773568,80.0,220.0,EMS,MWH,VALID
2025-02-23 06:00:00,305.93917140706185,137.67262713317783,168.26654427388402,80.0,220.0,EMS,MWH,VALID
2025-02-23 07:00:00,319.93415961628114,143.97037182732652,175.96378778895465,80.0,220.0,EMS,MWH,VALID
2025-02-23 08:00:00,374.9437758042167,168.7246991118975,206.2190766923192,80.0,220.0,EMS,MWH,VALID
2025-02-23 09:00:00,384.67396768920514,173.10328546014233,211.57068222906284,80.0,220.0,EMS,MWH,VALID
2025-02-23 10:00:00,348.3140105658866,156.74130475464895,191.57270581123765,80.0,220.0,EMS,MWH,VALID
2025-02-23 11:00:00,317.42873869779135,142.8429324140061,174.58580628378525,80.0,220.0,EMS,MWH,VALID
2025-02-23 12:00:00,276.5661387569165,124.4547624406124,152.11137631630407,80.0,220.0,EMS,MWH,VALID
2025-02-23 13:00:00,309.0137290378925,139.05617806705163,169.95755097084088,80.0,220.0,EMS,MWH,VALID
2025-02-23 14:00:00,349.6449212830238,157.3402145773607,192.3047067056631,80.0,220.0,EMS,MWH,VALID
2025-02-23 15:00:00,319.27469439063407,143.67361247578535,175.60108191484875,80.0,220.0,EMS,MWH,VALID
2025-02-23 16:00:00,351.60558076856057,158.22251134585227,193.38306942270836,80.0,220.0,EMS,MWH,VALID
2025-02-23 17:00:00,390.74224187567904,175.83400884405555,214.9082330316235,80.0,220.0,EMS,MWH,VALID
2025-02-23 18:00:00,407.8966458306888,183.55349062381,224.3431552068789,80.0,220.0,EMS,MWH,VALID
2025-02-23 19:00:00,389.035855973421,175.06613518803945,213.9697207853816,80.0,220.0,EMS,MWH,VALID
2025-02-23 20:00:00,401.0750677636107,180.48378049362483,220.5912872699859,80.0,220.0,EMS,MWH,VALID
2025-02-23 21:00:00,344.2199197674699,154.89896389536145,189.32095587210844,80.0,220.0,EMS,MWH,VALID
2025-02-23 22:00:00,318.4395817082253,143.2978117687014,175.14176993952393,80.0,220.0,EMS,MWH,VALID
2025-02-23 23:00:00,268.7113790590731,120.9201205765829,147.79125848249024,80.0,220.0,EMS,MWH,VALID
2025-02-24 00:00:00,322.2472568214853,145.01126556966838,177.23599125181693,80.0,220.0,EMS,MWH,VALID
2025-02-24 01:00:00,328.1107231339512,147.64982541027803,180.4608977236732,80.0,220.0,EMS,MWH,VALID
2025-02-24 02:00:00,334.6657644438361,150.59959399972627,184.06617044410987,80.0,220.0,EMS,MWH,VALID
2025-02-24 03:00:00,334.5570086286383,150.55065388288725,184.00635474575108,80.0,220.0,EMS,MWH,VALID
2025-02-24 04:00:00,352.2734593913599,158.52305672611195,193.75040266524795,80.0,220.0,EMS,MWH,VALID
2025-02-24 05:00:00,359.29358373230224,161.682112679536,197.61147105276623,80.0,220.0,EMS,MWH,VALID
2025-02-24 06:00:00,377.7185536060058,169.9733491227026,207.7452044833032,80.0,220.0,EMS,MWH,VALID
2025-02-24 07:00:00,417.5680529272634,187.90562381726852,229.6624291099949,80.0,220.0,EMS,MWH,VALID
2025-02-24 08:00:00,446.7676371077315,201.0454366984792,245.72220040925237,80.0,220.0,EMS,MWH,VALID
2025-02-24 09:00:00,412.4441153219208,185.59985189486437,226.84426342705643,80.0,220.0,EMS,MWH,VALID
2025-02-24 10:00:00,390.6586602397935,175.79639710790707,214.8622631318864,80.0,220.0,EMS,MWH,VALID
2025-02-24 11:00:00,406.9398404579588,183.12292820608147,223.8169122518773,80.0,220.0,EMS,MWH,VALID
2025-02-24 12:00:00,424.3539891099624,190.95929509948303,233.39469401047933,80.0,220.0,EMS,MWH,VALID
2025-02-24 13:00:00,407.9578954538566,183.58105295423547,224.37684249962115,80.0,220.0,EMS,MWH,VALID
2025-02-24 14:00:00,390.18907620429206,175.58508429193142,214.60399191236064,80.0,220.0,EMS,MWH,VALID
2025-02-24 15:00:00,417.7008066701569,187.9653630015706,229.73544366858636,80.0,220.0,EMS,MWH,VALID
2025-02-24 16:00:00,422.4676020442405,190.11042091990825,232.3571811243323,80.0,220.0,EMS,MWH,VALID
2025-02-24 17:00:00,450.4694407354618,202.71124833095783,247.75819240450403,80.0,220.0,EMS,MWH,VALID
2025-02-24 18:00:00,477.090484814784,214.6907181666528,262.3997666481312,80.0,220.0,EMS,MWH,VALID
2025-02-24 19:00:00,503.6848181122001,226.65816815049004,277.02664996171006,80.0,220.0,EMS,MWH,VALID
2025-02-24 20:00:00,470.6758714088912,211.80414213400107,258.8717292748902,80.0,220.0,EMS,MWH,VALID
2025-02-24 21:00:00,446.2940347419405,200.8323156338732,245.46171910806729,80.0,220.0,EMS,MWH,VALID
2025-02-24 22:00:00,363.0750657449789,163.38377958524052,199.69128615973844,80.0,220.0,EMS,MWH,VALID
2025-02-24 23:00:00,358.54081103367554,161.343364965154,197.1974460685216,80.0,220.0,EMS,MWH,VALID
2025-02-25 00:00:00,307.6536918927919,138.44416135175638,169.20953054103558,80.0,220.0,EMS,MWH,VALID
2025-02-25 01:00:00,322.25568441033573,145.0150579846511,177.24062642568467,80.0,220.0,EMS,MWH,VALID
2025-02-25 02:00:00,311.11352965778474,140.00108834600314,171.11244131178162,80.0,220.0,EMS,MWH,VALID
2025-02-25 03:00:00,336.67445175705416,151.5035032906744,185.1709484663798,80.0,220.0,EMS,MWH,VALID
2025-02-25 04:00:00,327.98939045718794,147.59522570573458,180.3941647514534,80.0,220.0,EMS,MWH,VALID
2025-02-25 05:00:00,361.490006182052,162.6705027819234,198.8195034001286,80.0,220.0,EMS,MWH,VALID
2025-02-25 06:00:00,385.6080611861474,173.52362753376633,212.08443365238108,80.0,220.0,EMS,MWH,VALID
2025-02-25 07:00:00,429.4475253092277,193.2513863891525,236.19613892007527,80.0,220.0,EMS,MWH,VALID
2025-02-25 08:00:00,429.8285081189474,193.42282865352635,236.4056794654211,80.0,220.0,EMS,MWH,VALID
2025-02-25 09:00:00,455.28879644827646,204.8799584017244,250.4088380465521,80.0,220.0,EMS,MWH,VALID
2025-02-25 10:00:00,411.75330835044326,185.28898875769949,226.4643195927438,80.0,220.0,EMS,MWH,VALID
2025-02-25 11:00:00,404.4499116318949,182.0024602343527,222.44745139754215,80.0,220.0,EMS,MWH,VALID
2025-02-25 12:00:00,393.64321175910425,177.13944529159693,216.50376646750732,80.0,220.0,EMS,MWH,VALID
2025-02-25 13:00:00,403.3028976087438,181.4863039239347,221.8165936848091,80.0,220.0,EMS,MWH,VALID
2025-02-25 14:00:00,415.3985481563852,186.9293466703733,228.46920148601183,80.0,220.0,EMS,MWH,VALID
2025-02-25 15:00:00,403.4049627332657,181.5322332299696,221.8727295032961,80.0,220.0,EMS,MWH,VALID
2025-02-25 16:00:00,440.3820937344034,198.17194218048152,242.2101515539219,80.0,220.0,EMS,MWH,VALID
2025-02-25 17:00:00,446.943460022778,201.1245570102501,245.8189030125279,80.0,220.0,EMS,MWH,VALID
2025-02-25 18:00:00,499.6520574167928,224.8434258375568,274.8086315792361,72.0,220.0,EMS,MWH,VALID
2025-02-25 19:00:00,528.6986226776629,237.91438020494832,290.78424247271465,72.0,220.0,EMS,MWH,VALID
2025-02-25 20:00:00,483.3315041227648,217.49917685524417,265.83232726752067,72.0,220.0,EMS,MWH,VALID
2025-02-25 21:00:00,439.9789620691319,197.99053293110933,241.98842913802247,72.0,220.0,EMS,MWH,VALID
2025-02-25 22:00:00,400.69514282905067,180.3128142730728,220.3823285559779,72.0,220.0,EMS,MWH,VALID
2025-02-25 23:00:00,342.1889230796311,153.985015385834,188.2039076937971,72.0,220.0,EMS,MWH,VALID
2025-02-26 00:00:00,349.1862049912204,157.13379224604918,192.05241274517124,72.0,220.0,EMS,MWH,VALID
2025-02-26 01:00:00,316.58350235087505,142.46257605789378,174.1209262929813,72.0,220.0,EMS,MWH,VALID
2025-02-26 02:00:00,325.8275940320027,146.62241731440122,179.20517671760152,72.0,220.0,EMS,MWH,VALID
2025-02-26 03:00:00,300.7942459567685,135.35741068054585,165.4368352762227,80.0,220.0,EMS,MWH,VALID
2025-02-26 04:00:00,347.429036861653,156.34306658774386,191.0859702739092,80.0,220.0,EMS,MWH,VALID
2025-02-26 05:00:00,355.2673214875969,159.87029466941863,195.39702681817832,80.0,220.0,EMS,MWH,VALID
2025-02-26 06:00:00,380.5308283568451,171.2388727605803,209.29195559626484,80.0,220.0,EMS,MWH,VALID
2025-02-26 07:00:00,402.8290559589042,181.2730751815069,221.5559807773973,80.0,220.0,EMS,MWH,VALID
2025-02-26 08:00:00,464.94152085437946,209.2236843844708,255.71783646990872,80.0,220.0,EMS,MWH,VALID
2025-02-26 09:00:00,443.11882787713296,199.40347254470984,243.71535533242317,80.0,220.0,EMS,MWH,VALID
2025-02-26 10:00:00,443.5065876316672,199.57796443425025,243.92862319741695,80.0,220.0,EMS,MWH,VALID
2025-02-26 11:00:00,407.62353956589874,183.4305928046544,224.19294676124431,80.0,220.0,EMS,MWH,VALID
2025-02-26 12:00:00,399.78248550340527,179.90211847653237,219.8803670268729,80.0,220.0,EMS,MWH,VALID
2025-02-26 13:00:00,397.28895406501374,178.7800293292562,218.5089247357576,80.0,220.0,EMS,MWH,VALID
2025-02-26 14:00:00,386.8181243330189,174.0681559498585,212.7499683831604,80.0,220.0,EMS,MWH,VALID
2025-02-26 15:00:00,398.1727253535054,179.17772640907745,218.994998944428,80.0,220.0,EMS,MWH,VALID
2025-02-26 16:00:00,428.5633287889028,192.85349795500625,235.70983083389652,80.0,220.0,EMS,MWH,VALID
2025-02-26 17:00:00,487.9305395922877,219.56874281652944,268.36179677575825,80.0,220.0,EMS,MWH,VALID
2025-02-26 18:00:00,465.046200811288,209.2707903650796,255.7754104462084,80.0,220.0,EMS,MWH,VALID
2025-02-26 19:00:00,524.021145841723,235.80951562877533,288.2116302129476,80.0,220.0,EMS,MWH,VALID
2025-02-26 20:00:00,469.4648856380699,211.25919853713145,258.20568710093846,80.0,220.0,EMS,MWH,VALID
2025-02-26 21:00:00,433.8112997458359,195.2150848856261,238.59621486020976,80.0,220.0,EMS,MWH,VALID
2025-02-26 22:00:00,378.3307480198654,170.24883660893943,208.081911410926,80.0,220.0,EMS,MWH,VALID
2025-02-26 23:00:00,359.30962423708826,161.68933090668972,197.62029333039857,80.0,220.0,EMS,MWH,VALID
2025-02-27 00:00:00,340.656121104648,153.2952544970916,187.3608666075564,80.0,220.0,EMS,MWH,VALID
2025-02-27 01:00:00,330.5158324826433,148.7321246171895,181.78370786545383,80.0,220.0,EMS,MWH,VALID
2025-02-27 02:00:00,309.62420897627175,139.3308940393223,170.29331493694949,80.0,220.0,EMS,MWH,VALID
2025-02-27 03:00:00,327.1787358946501,147.23043115259256,179.9483047420576,80.0,220.0,EMS,MWH,VALID
2025-02-27 04:00:00,344.3910852778327,154.9759883750247,189.415096902808,80.0,220.0,EMS,MWH,VALID
2025-02-27 05:00:00,356.5346531898855,160.44059393544848,196.09405925443704,80.0,220.0,EMS,MWH,VALID
2025-02-27 06:00:00,393.50242730415823,177.07609228687122,216.42633501728704,80.0,220.0,EMS,MWH,VALID
2025-02-27 07:00:00,432.4195183861973,194.5887832737888,237.8307351124085,80.0,220.0,EMS,MWH,VALID
2025-02-27 09:00:00,436.4155321641842,196.3869894738829,240.0285426903013,80.0,220.0,EMS,MWH,VALID
2025-02-27 10:00:00,425.54315683869527,191.49442057741288,234.0487362612824,80.0,220.0,EMS,MWH,VALID
2025-02-27 11:00:00,415.23389469776816,186.85525261399567,228.3786420837725,80.0,220.0,EMS,MWH,VALID
2025-02-27 12:00:00,397.8662513639893,179.0398131137952,218.82643825019412,80.0,220.0,EMS,MWH,VALID
2025-02-27 13:00:00,372.4113960816285,167.58512823673286,204.8262678448957,80.0,220.0,EMS,MWH,VALID
2025-02-27 14:00:00,396.3870338230432,178.37416522036943,218.01286860267376,80.0,220.0,EMS,MWH,VALID
2025-02-27 15:00:00,402.4708500236904,181.11188251066068,221.3589675130297,80.0,220.0,EMS,MWH,VALID
2025-02-27 16:00:00,419.3880027951512,188.724601257818,230.6634015373332,80.0,220.0,EMS,MWH,VALID
2025-02-27 17:00:00,449.6864038591929,202.3588817366368,247.32752212255613,80.0,220.0,EMS,MWH,VALID
2025-02-27 18:00:00,481.5203120749649,216.68414043373423,264.83617164123075,80.0,220.0,EMS,MWH,VALID
2025-02-27 19:00:00,500.7665261641205,225.34493677385424,275.42158939026626,80.0,220.0,EMS,MWH,VALID
2025-02-27 20:00:00,474.2750751621829,213.42378382298236,260.85129133920066,80.0,220.0,EMS,MWH,VALID
2025-02-27 21:00:00,431.5371456812546,194.19171555656456,237.34543012469004,80.0,220.0,EMS,MWH,VALID
2025-02-27 22:00:00,381.6526375894247,171.74368691524114,209.9089506741836,80.0,220.0,EMS,MWH,VALID
2025-02-27 23:00:00,334.0307610166755,150.313842457504,183.71691855917155,80.0,220.0,EMS,MWH,VALID
2025-02-28 00:00:00,289.1080275723477,130.09861240755646,159.00941516479125,80.0,220.0,EMS,MWH,VALID
2025-02-28 01:00:00,338.87318694551584,152.49293412548212,186.3802528200337,80.0,220.0,EMS,MWH,VALID
2025-02-28 02:00:00,325.59979421411265,146.5199073963507,179.07988681776197,80.0,220.0,EMS,MWH,VALID
2025-02-28 03:00:00,314.2621477572169,141.41796649074763,172.84418126646935,80.0,220.0,EMS,MWH,VALID
2025-02-28 04:00:00,332.63603283493586,149.68621477572114,182.94981805921475,80.0,220.0,EMS,MWH,VALID
2025-02-28 05:00:00,373.8882127580984,168.24969574114428,205.63851701695413,80.0,220.0,EMS,MWH,VALID
2025-02-28 06:00:00,402.7772236901397,181.24975066056285,221.52747302957684,80.0,220.0,EMS,MWH,VALID
2025-02-28 07:00:00,394.7783487645852,177.65025694406333,217.12809182052183,80.0,220.0,EMS,MWH,VALID
2025-02-28 08:00:00,435.7452082007874,196.08534369035436,239.65986451043307,80.0,220.0,EMS,MWH,VALID
2025-02-28 09:00:00,440.5126714153792,198.23070213692063,242.28196927845852,80.0,220.0,EMS,MWH,VALID
2025-02-28 10:00:00,439.83705669625,197.9266755133125,241.9103811829375,80.0,220.0,EMS,MWH,VALID
2025-02-28 11:00:00,389.732823124776,175.37977040614922,214.35305271862683,80.0,220.0,EMS,MWH,VALID
2025-02-28 12:00:00,395.4602097072701,177.95709436827156,217.50311533899855,80.0,158.4,EMS,MWH,VALID
2025-02-28 13:00:00,381.5023829805208,171.67607234123437,209.8263106392864,80.0,158.4,EMS,MWH,VALID
2025-02-28 14:00:00,390.82023801535695,175.86910710691063,214.95113090844637,80.0,158.4,EMS,MWH,VALID
2025-02-28 15:00:00,406.25774089993934,182.8159834049727,223.44175749496665,80.0,158.4,EMS,MWH,VALID
2025-02-28 16:00:00,416.22049697910273,187.29922364059624,228.92127333850647,80.0,158.4,EMS,MWH,VALID
2025-02-28 17:00:00,458.0594689094588,206.12676100925648,251.93270790020236,80.0,158.4,EMS,MWH,VALID
2025-02-28 18:00:00,498.4363220025048,224.2963449011272,274.13997710137767,80.0,220.0,EMS,MWH,VALID
2025-02-28 19:00:00,519.8989710757704,233.9545369840967,285.94443409167377,80.0,220.0,EMS,MWH,VALID
2025-02-28 20:00:00,472.357498184912,212.5608741832104,259.7966240017016,80.0,220.0,EMS,MWH,VALID
2025-02-28 21:00:00,441.1419179540008,198.5138630793004,242.62805487470047,80.0,220.0,EMS,MWH,VALID
2025-02-28 22:00:00,384.7870141128004,173.1541563507602,211.63285776204023,80.0,220.0,EMS,MWH,VALID
2025-02-28 23:00:00,361.2924138173428,162.58158621780424,198.71082759953853,80.0,220.0,EMS,MWH,VALID
2025-03-01 00:00:00,240.6281877908976,108.28268450590392,132.3455032849937,80.0,220.0,EMS,MWH,VALID
2025-03-01 01:00:00,249.53447548017144,112.29051396607714,137.2439615140943,80.0,220.0,EMS,MWH,VALID
2025-03-01 02:00:00,253.57320783458655,114.10794352556395,139.46526430902264,80.0,220.0,EMS,MWH,VALID
2025-03-01 03:00:00,247.5061169785045,111.37775264032705,136.1283643381775,80.0,220.0,EMS,MWH,VALID
2025-03-01 04:00:00,274.6831602091736,123.60742209412813,151.07573811504548,80.0,220.0,EMS,MWH,VALID
2025-03-01 05:00:00,288.23916518953257,129.7076243352897,158.53154085424293,80.0,220.0,EMS,MWH,VALID
2025-03-01 06:00:00,319.1076983908984,143.5984642759043,175.50923411499414,80.0,220.0,EMS,MWH,VALID
2025-03-01 07:00:00,344.404900549558,154.98220524730112,189.42269530225693,80.0,220.0,EMS,MWH,VALID
2025-03-01 08:00:00,386.9120754577817,174.11043395600177,212.80164150177995,80.0,220.0,EMS,MWH,VALID
2025-03-01 09:00:00,368.3319368838671,165.74937159774018,202.5825652861269,80.0,220.0,EMS,MWH,VALID
2025-03-01 10:00:00,352.78329137014936,158.75248111656722,194.03081025358216,80.0,220.0,EMS,MWH,VALID
2025-03-01 11:00:00,329.4068990370645,148.23310456667903,181.17379447038547,80.0,220.0,EMS,MWH,VALID
2025-03-01 12:00:00,348.1004117997886,156.6451853099049,191.45522648988376,80.0,220.0,EMS,MWH,VALID
2025-03-01 13:00:00,319.4213281747087,143.73959767861894,175.6817304960898,80.0,220.0,EMS,MWH,VALID
2025-03-01 14:00:00,333.20404102661666,149.9418184619775,183.2622225646392,80.0,220.0,EMS,MWH,VALID
2025-03-01 15:00:00,328.3110287777768,147.73996294999955,180.57106582777723,80.0,220.0,EMS,MWH,VALID
2025-03-01 16:00:00,354.7245332023284,159.62603994104776,195.09849326128065,80.0,220.0,EMS,MWH,VALID
2025-03-01 17:00:00,387.5732484250335,174.40796179126508,213.1652866337685,80.0,220.0,EMS,MWH,VALID
2025-03-01 18:00:00,420.9131943999888,189.4109374799949,231.50225691999384,80.0,220.0,EMS,MWH,VALID
2025-03-01 19:00:00,401.7757481294186,180.7990866582384,220.97666147118025,80.0,220.0,EMS,MWH,VALID
2025-03-01 20:00:00,399.11046023709855,179.59970710669435,219.51075313040425,80.0,220.0,EMS,MWH,VALID
2025-03-01 21:00:00,344.3328484647051,154.9497818091173,189.3830666555878,80.0,220.0,EMS,MWH,VALID
2025-03-01 22:00:00,312.1633753892476,140.47351892516144,171.6898564640862,80.0,220.0,EMS,MWH,VALID
2025-03-01 23:00:00,289.1371102518602,130.1116996133371,159.0254106385231,80.0,220.0,EMS,MWH,VALID
2025-03-02 00:00:00,267.29530651749906,120.28288793287456,147.0124185846245,80.0,220.0,EMS,MWH,VALID
2025-03-02 01:00:00,262.86383405115964,118.28872532302184,144.57510872813782,80.0,220.0,EMS,MWH,VALID
2025-03-02 02:00:00,250.6223150689744,112.78004178103848,137.84227328793594,80.0,220.0,EMS,MWH,VALID
2025-03-02 03:00:00,277.2137202644643,124.74617411900894,152.46754614545537,80.0,220.0,EMS,MWH,VALID
2025-03-02 04:00:00,250.24433649785024,112.60995142403262,137.63438507381764,80.0,220.0,EMS,MWH,VALID
2025-03-02 05:00:00,293.4366494587373,132.04649225643178,161.39015720230552,80.0,220.0,EMS,MWH,VALID
2025-03-02 06:00:00,316.4715220757139,142.41218493407126,174.05933714164266,80.0,220.0,EMS,MWH,VALID
2025-03-02 07:00:00,343.7892478285719,154.70516152285737,189.08408630571452,80.0,220.0,EMS,MWH,VALID
2025-03-02 08:00:00,378.8409706990174,170.47843681455785,208.3625338844596,80.0,220.0,EMS,MWH,VALID
2025-03-02 09:00:00,361.600645501969,162.72029047588606,198.88035502608295,80.0,220.0,EMS,MWH,VALID
2025-03-02 10:00:00,370.1362994919156,166.56133477136203,203.5749647205536,80.0,220.0,EMS,MWH,VALID
2025-03-02 11:00:00,302.1013637401451,135.9456136830653,166.1557500570798,80.0,220.0,EMS,MWH,VALID
2025-03-02 12:00:00,270.51102357342506,121.72996060804128,148.7810629653838,80.0,220.0,EMS,MWH,VALID
2025-03-02 13:00:00,282.0770185041794,126.93465832688074,155.14236017729868,80.0,220.0,EMS,MWH,VALID
2025-03-02 14:00:00,319.307125154776,143.6882063196492,175.6189188351268,80.0,220.0,EMS,MWH,VALID
2025-03-02 15:00:00,314.402504158106,141.48112687114772,172.92137728695832,80.0,220.0,EMS,MWH,VALID
2025-03-02 16:00:00,359.4905195776178,161.77073380992803,197.7197857676898,80.0,220.0,EMS,MWH,VALID
2025-03-02 17:00:00,365.7539807160624,164.58929132222806,201.16468939383432,80.0,220.0,EMS,MWH,VALID
2025-03-02 18:00:00,420.8060849881349,189.3627382446607,231.44334674347425,80.0,220.0,EMS,MWH,VALID
2025-03-02 19:00:00,418.5479357400986,188.3465710830444,230.20136465705423,80.0,220.0,EMS,MWH,VALID
2025-03-02 20:00:00,409.96189259215953,184.4828516664718,225.47904092568777,80.0,220.0,EMS,MWH,VALID
2025-03-02 21:00:00,340.3896154576699,153.17532695595145,187.21428850171844,80.0,220.0,EMS,MWH,VALID
2025-03-02 22:00:00,316.1987304817532,142.28942871678893,173.90930176496423,80.0,220.0,EMS,MWH,VALID
2025-03-02 23:00:00,293.9162596790804,132.26231685558616,161.65394282349422,80.0,220.0,EMS,MWH,VALID
2025-03-03 00:00:00,313.6444298693687,141.13999344121592,172.5044364281528,80.0,220.0,EMS,MWH,VALID
2025-03-03 01:00:00,328.2929919463897,147.73184637587536,180.5611455705144,80.0,220.0,EMS,MWH,VALID
2025-03-03 02:00:00,315.18033651598256,141.83115143219214,173.34918508379042,80.0,220.0,EMS,MWH,VALID
2025-03-03 03:00:00,327.7934052658276,147.5070323696224,180.2863728962052,80.0,220.0,EMS,MWH,VALID
2025-03-03 04:00:00,345.0097395615763,155.25438280270933,189.75535675886695,80.0,220.0,EMS,MWH,VALID
2025-03-03 05:00:00,357.9222608648493,161.0650173891822,196.85724347566716,80.0,220.0,EMS,MWH,VALID
2025-03-03 06:00:00,364.4968488816159,164.02358199672716,200.4732668848888,80.0,220.0,EMS,MWH,VALID
2025-03-03 07:00:00,438.8514822084357,197.4831669937961,241.3683152146397,80.0,220.0,EMS,MWH,VALID
2025-03-03 08:00:00,451.4860606566298,203.16872729548345,248.31733336114644,80.0,220.0,EMS,MWH,VALID
2025-03-03 09:00:00,442.4313802268104,199.09412110206463,243.3372591247457,80.0,220.0,EMS,MWH,VALID
2025-03-03 10:00:00,447.7145981717253,201.4715691772764,246.2430289944489,80.0,220.0,EMS,MWH,VALID
2025-03-03 11:00:00,404.8427247507285,182.17922613782784,222.6634986129007,80.0,220.0,EMS,MWH,VALID
2025-03-03 12:00:00,408.3125991828002,183.7406696322601,224.57192955054012,80.0,220.0,EMS,MWH,VALID
2025-03-03 13:00:00,369.1732846223664,166.12797808006488,203.04530654230155,80.0,220.0,EMS,MWH,VALID
2025-03-03 14:00:00,418.47638757777145,188.3143744099972,230.16201316777432,80.0,220.0,EMS,MWH,VALID
2025-03-03 15:00:00,417.14216967582615,187.71397635412177,229.4281933217044,80.0,220.0,EMS,MWH,VALID
2025-03-03 16:00:00,451.2899130836469,203.08046088764112,248.20945219600583,80.0,220.0,EMS,MWH,VALID
2025-03-03 17:00:00,456.7362082740917,205.5312937233413,251.2049145507505,80.0,220.0,EMS,MWH,VALID
2025-03-03 18:00:00,528.7036818076302,237.9166568134336,290.78702499419666,80.0,220.0,EMS,MWH,VALID
2025-03-03 19:00:00,520.1465574156679,234.0659508370505,286.08060657861733,80.0,220.0,EMS,MWH,VALID
2025-03-03 20:00:00,497.2071431098007,223.7432143994103,273.4639287103904,80.0,220.0,EMS,MWH,VALID
2025-03-03 21:00:00,425.30966159201233,191.38934771640555,233.9203138756068,80.0,220.0,EMS,MWH,VALID
2025-03-03 22:00:00,394.9818478698552,177.74183154143483,217.2400163284204,80.0,220.0,EMS,MWH,VALID
2025-03-03 23:00:00,356.40240296582886,160.381081334623,196.0213216312059,80.0,220.0,EMS,MWH,VALID
2025-03-04 00:00:00,323.84148573539665,145.72866858092848,178.11281715446816,80.0,220.0,EMS,MWH,VALID
2025-03-04 01:00:00,328.5264855685283,147.83691850583773,180.68956706269057,80.0,220.0,EMS,MWH,VALID
2025-03-04 02:00:00,300.8155861867035,135.3670137840166,165.44857240268695,80.0,220.0,EMS,MWH,VALID
2025-03-04 03:00:00,339.28293480036825,152.67732066016572,186.60561414020256,80.0,220.0,EMS,MWH,VALID
2025-03-04 04:00:00,322.54361777874664,145.144628000436,177.39898977831066,80.0,220.0,EMS,MWH,VALID
2025-03-04 05:00:00,353.21117554051904,158.94502899323356,194.26614654728547,80.0,220.0,EMS,MWH,VALID
2025-03-04 06:00:00,381.5395175093261,171.69278287919676,209.8467346301294,80.0,220.0,EMS,MWH,VALID
2025-03-04 07:00:00,419.2594372837535,188.66674677768907,230.59269050606443,80.0,220.0,EMS,MWH,VALID
2025-03-04 08:00:00,420.92743599551216,189.4173461979805,231.5100897975317,80.0,220.0,EMS,MWH,VALID
2025-03-04 09:00:00,417.570402632585,187.90668118466328,229.66372144792177,80.0,220.0,EMS,MWH,VALID
2025-03-04 10:00:00,416.9459718476287,187.6256873314329,229.3202845161958,80.0,220.0,EMS,MWH,VALID
2025-03-04 11:00:00,382.7391760489261,172.23262922201675,210.50654682690936,80.0,220.0,EMS,MWH,VALID
2025-03-04 12:00:00,383.6193314476246,172.62869915143105,210.99063229619352,80.0,220.0,EMS,MWH,VALID
2025-03-04 13:00:00,403.3338668183096,181.5002400682393,221.8336267500703,80.0,220.0,EMS,MWH,VALID
2025-03-04 14:00:00,392.7640413160481,176.74381859222166,216.0202227238265,80.0,220.0,EMS,MWH,VALID
2025-03-04 15:00:00,403.3336738081335,181.50015321366007,221.83352059447344,80.0,220.0,EMS,MWH,VALID
2025-03-04 16:00:00,450.37405905083176,202.6683265728743,247.7057324779575,80.0,220.0,EMS,MWH,VALID
2025-03-04 17:00:00,430.4650108528761,193.70925488379424,236.7557559690819,80.0,220.0,EMS,MWH,VALID
2025-03-04 18:00:00,492.4103017199503,221.5846357739776,270.8256659459727,80.0,220.0,EMS,MWH,VALID
2025-03-04 19:00:00,511.6149154415955,230.226711948718,281.38820349287755,80.0,220.0,EMS,MWH,VALID
2025-03-04 20:00:00,491.3654171428599,221.11443771428696,270.250979428573,80.0,220.0,EMS,MWH,VALID
2025-03-04 21:00:00,418.5268740580622,188.337093326128,230.18978073193423,80.0,220.0,EMS,MWH,VALID
2025-03-04 22:00:00,392.7183280785495,176.7232476353473,215.99508044320223,80.0,220.0,EMS,MWH,VALID
2025-03-04 23:00:00,346.1672529191662,155.77526381362478,190.3919891055414,80.0,220.0,EMS,MWH,VALID
2025-03-05 00:00:00,341.36678001311043,153.6150510058997,187.75172900721077,80.0,220.0,EMS,MWH,VALID
2025-03-05 01:00:00,334.19475517955203,150.3876398307984,183.80711534875363,80.0,220.0,EMS,MWH,VALID
2025-03-05 02:00:00,319.1545707549633,143.6195568397335,175.53501391522985,80.0,220.0,EMS,MWH,VALID
2025-03-05 03:00:00,325.25936632287005,146.36671484529154,178.89265147757854,80.0,220.0,EMS,MWH,VALID
2025-03-05 04:00:00,338.169462460897,152.17625810740367,185.99320435349335,80.0,220.0,EMS,MWH,VALID
2025-03-05 05:00:00,356.1066409540148,160.24798842930664,195.85865252470813,80.0,220.0,EMS,MWH,VALID
2025-03-05 06:00:00,384.2779921692588,172.9250964761665,211.3528956930924,80.0,220.0,EMS,MWH,VALID
2025-03-05 07:00:00,416.2500675875222,187.312530414385,228.93753717313723,80.0,220.0,EMS,MWH,VALID
2025-03-05 08:00:00,467.7029612942574,210.46633258241584,257.2366287118416,80.0,220.0,EMS,MWH,VALID
2025-03-05 09:00:00,450.75553956961886,202.8399928063285,247.9155467632904,80.0,220.0,EMS,MWH,VALID
2025-03-05 10:00:00,426.6115563959464,191.97520037817588,234.6363560177705,80.0,220.0,EMS,MWH,VALID
2025-03-05 11:00:00,414.73879902478114,186.6324595611515,228.10633946362964,80.0,220.0,EMS,MWH,VALID
2025-03-05 12:00:00,387.94240651429993,174.574082931435,213.36832358286495,80.0,220.0,EMS,MWH,VALID
2025-03-05 13:00:00,392.9206072347705,176.81427325564673,216.1063339791238,80.0,220.0,EMS,MWH,VALID
2025-03-05 14:00:00,382.2494465380885,172.01225094213984,210.23719559594872,80.0,220.0,EMS,MWH,VALID
2025-03-05 15:00:00,406.84397215433705,183.07978746945167,223.7641846848854,80.0,220.0,EMS,MWH,VALID
2025-03-05 16:00:00,416.0733379488001,187.23300207696005,228.84033587184007,80.0,220.0,EMS,MWH,VALID
2025-03-05 17:00:00,461.3394983193717,207.60277424371728,253.73672407565448,80.0,220.0,EMS,MWH,VALID
2025-03-05 18:00:00,496.3150806696611,223.3417863013475,272.97329436831365,80.0,220.0,EMS,MWH,VALID
2025-03-05 19:00:00,501.43769451461,225.64696253157453,275.7907319830355,80.0,220.0,EMS,MWH,VALID
2025-03-05 20:00:00,497.83261808772585,224.02467813947663,273.8079399482492,80.0,220.0,EMS,MWH,VALID
2025-03-05 21:00:00,470.6519200170553,211.7933640076749,258.85855600938044,80.0,220.0,EMS,MWH,VALID
2025-03-05 22:00:00,367.0350325191916,165.16576463363623,201.8692678855554,80.0,220.0,EMS,MWH,VALID
2025-03-05 23:00:00,363.3021838644602,163.4859827390071,199.81620112545315,80.0,220.0,EMS,MWH,VALID
2025-03-06 00:00:00,321.14908253647565,144.51708714141404,176.6319953950616,80.0,220.0,EMS,MWH,VALID
2025-03-06 01:00:00,306.4297019582347,137.89336588120565,168.53633607702912,80.0,220.0,EMS,MWH,VALID
2025-03-06 02:00:00,312.5206817563654,140.63430679036443,171.88637496600097,80.0,220.0,EMS,MWH,VALID
2025-03-06 03:00:00,327.8431435695844,147.529414606313,180.31372896327144,80.0,220.0,EMS,MWH,VALID
2025-03-06 04:00:00,335.38344209027866,150.9225489406254,184.4608931496533,80.0,220.0,EMS,MWH,VALID
2025-03-06 05:00:00,358.69215709276494,161.41147069174423,197.28068640102077,80.0,220.0,EMS,MWH,VALID
2025-03-06 06:00:00,373.8500201430779,168.23250906438508,205.61751107869287,80.0,220.0,EMS,MWH,VALID
2025-03-06 07:00:00,394.378764707105,177.47044411819726,216.90832058890777,80.0,220.0,EMS,MWH,VALID
2025-03-06 08:00:00,442.0876404087561,198.93943818394024,243.14820222481583,80.0,220.0,EMS,MWH,VALID
2025-03-06 09:00:00,453.821617380198,204.2197278210891,249.6018895591089,80.0,220.0,EMS,MWH,VALID
2025-03-06 10:00:00,406.1176595754694,182.75294680896124,223.3647127665082,80.0,220.0,EMS,MWH,VALID
2025-03-06 11:00:00,416.5919118099666,187.466360314485,229.1255514954817,80.0,220.0,EMS,MWH,VALID
2025-03-06 12:00:00,400.8410971082954,180.3784936987329,220.4626034095625,80.0,220.0,EMS,MWH,VALID
2025-03-06 13:00:00,415.40890586592286,186.93400763966528,228.4748982262576,80.0,220.0,EMS,MWH,VALID
2025-03-06 14:00:00,404.9833310067107,182.24249895301983,222.74083205369087,80.0,220.0,EMS,MWH,VALID
2025-03-06 15:00:00,433.39074962295786,195.02583733033103,238.36491229262683,80.0,220.0,EMS,MWH,VALID
2025-03-06 16:00:00,447.2068507838802,201.2430828527461,245.96376793113416,80.0,220.0,EMS,MWH,VALID
2025-03-06 17:00:00,440.65305246382735,198.29387360872232,242.35917885510503,80.0,220.0,EMS,MWH,VALID
2025-03-06 18:00:00,492.18827128592216,221.484722078665,270.7035492072572,80.0,220.0,EMS,MWH,VALID
2025-03-06 19:00:00,486.2861560386113,218.82877021737508,267.45738582123624,80.0,220.0,EMS,MWH,VALID
2025-03-06 20:00:00,504.52402605235153,227.0358117235582,277.4882143287934,80.0,220.0,EMS,MWH,VALID
2025-03-06 21:00:00,435.2354541751224,195.85595437880505,239.3794997963173,80.0,220.0,EMS,MWH,VALID
2025-03-06 22:00:00,393.6291506980916,177.13311781414123,216.4960328839504,80.0,220.0,EMS,MWH,VALID
2025-03-06 23:00:00,328.1105847057781,147.64976311760014,180.460821588178,80.0,220.0,EMS,MWH,VALID
2025-03-07 00:00:00,299.2277899758642,134.6525054891389,164.5752844867253,80.0,220.0,EMS,MWH,VALID
2025-03-07 01:00:00,316.30486224780554,142.3371880115125,173.96767423629305,80.0,220.0,EMS,MWH,VALID
2025-03-07 02:00:00,321.6648964652188,144.74920340934844,176.91569305587032,80.0,220.0,EMS,MWH,VALID
2025-03-07 03:00:00,314.31964279635656,141.44383925836047,172.87580353799612,80.0,220.0,EMS,MWH,VALID
2025-03-07 04:00:00,332.2155620634188,149.49700292853848,182.7185591348804,80.0,220.0,EMS,MWH,VALID
2025-03-07 05:00:00,356.1732946635255,160.27798259858648,195.89531206493905,80.0,220.0,EMS,MWH,VALID
2025-03-07 06:00:00,391.33096716599664,176.0989352246985,215.23203194129815,80.0,220.0,EMS,MWH,VALID
2025-03-07 07:00:00,415.853300449552,187.1339852022984,228.7193152472536,80.0,220.0,EMS,MWH,VALID
2025-03-07 08:00:00,452.82169253030025,203.76976163863512,249.0519308916652,80.0,220.0,EMS,MWH,VALID
2025-03-07 09:00:00,450.039020758798,202.5175593414591,247.5214614173389,80.0,220.0,EMS,MWH,VALID
2025-03-07 10:00:00,444.7187081182825,200.12341865322716,244.5952894650554,80.0,220.0,EMS,MWH,VALID
2025-03-07 11:00:00,429.3870890681384,193.2241900806623,236.16289898747613,80.0,220.0,EMS,MWH,VALID
2025-03-07 12:00:00,393.4506980362684,177.05281411632075,216.3978839199476,80.0,220.0,EMS,MWH,VALID
2025-03-07 13:00:00,379.8274535280199,170.92235408760894,208.9050994404109,80.0,220.0,EMS,MWH,VALID
2025-03-07 14:00:00,394.48779978533264,177.5195099033997,216.96828988193295,80.0,220.0,EMS,MWH,VALID
2025-03-07 15:00:00,414.3178411525333,186.44302851864,227.87481263389333,80.0,220.0,EMS,MWH,VALID
2025-03-07 16:00:00,427.4881354661783,192.36966095978025,235.1184745063981,80.0,220.0,EMS,MWH,VALID
2025-03-07 17:00:00,463.6623812775921,208.6480715749165,255.0143097026757,80.0,220.0,EMS,MWH,VALID
2025-03-07 18:00:00,501.9882969133047,225.89473361098712,276.0935633023176,80.0,220.0,EMS,MWH,VALID
2025-03-07 19:00:00,505.1142537011757,227.30141416552905,277.8128395356466,80.0,220.0,EMS,MWH,VALID
2025-03-07 20:00:00,477.1275718123987,214.70740731557945,262.4201644968193,80.0,220.0,EMS,MWH,VALID
2025-03-07 21:00:00,425.0040317575464,191.25181429089588,233.7522174666505,80.0,220.0,EMS,MWH,VALID
2025-03-07 22:00:00,402.0352787951842,180.91587545783293,221.11940333735132,80.0,220.0,EMS,MWH,VALID
2025-03-07 23:00:00,350.8029786533279,157.86134039399755,192.94163825933035,80.0,220.0,EMS,MWH,VALID
2025-03-08 00:00:00,272.3136563846829,122.5411453731073,149.7725110115756,80.0,220.0,EMS,MWH,VALID
2025-03-08 01:00:00,264.738927067322,119.1325171802949,145.6064098870271,80.0,220.0,EMS,MWH,VALID
2025-03-08 02:00:00,255.7050133960044,115.06725602820195,140.6377573678024,80.0,220.0,EMS,MWH,VALID
2025-03-08 03:00:00,261.98741497701155,117.8943367396552,144.09307823735637,80.0,220.0,EMS,MWH,VALID
2025-03-08 04:00:00,253.14801473045264,113.91660662870368,139.23140810174894,80.0,220.0,EMS,MWH,VALID
2025-03-08 05:00:00,294.4605694903189,132.50725627064352,161.9533132196754,80.0,220.0,EMS,MWH,VALID
2025-03-08 06:00:00,341.1048110781491,153.4971649851671,187.60764609298204,80.0,220.0,EMS,MWH,VALID
2025-03-08 07:00:00,348.2388716373171,156.70749223679272,191.53137940052443,80.0,220.0,EMS,MWH,VALID
2025-03-08 08:00:00,374.0613653938997,168.32761442725487,205.73375096664483,80.0,220.0,EMS,MWH,VALID
2025-03-08 09:00:00,343.6758932817038,154.6541519767667,189.0217413049371,80.0,220.0,EMS,MWH,VALID
2025-03-08 10:00:00,320.0291758117037,144.01312911526665,176.01604669643703,80.0,220.0,EMS,MWH,VALID
2025-03-08 11:00:00,328.7248285169077,147.92617283260847,180.79865568429923,80.0,220.0,EMS,MWH,VALID
2025-03-08 12:00:00,362.8744429278692,163.29349931754112,199.5809436103281,80.0,220.0,EMS,MWH,VALID
2025-03-08 13:00:00,301.17649271284625,135.52942172078082,165.6470709920655,80.0,220.0,EMS,MWH,VALID
2025-03-08 14:00:00,342.8103247802994,154.26464615113474,188.5456786291647,80.0,220.0,EMS,MWH,VALID
2025-03-08 15:00:00,339.09852055652834,152.59433425043775,186.50418630609065,80.0,220.0,EMS,MWH,VALID
2025-03-08 16:00:00,361.5997441444161,162.71988486498725,198.87985927942887,80.0,220.0,EMS,MWH,VALID
2025-03-08 17:00:00,385.9807839227968,173.69135276525856,212.28943115753825,80.0,220.0,EMS,MWH,VALID
2025-03-08 18:00:00,402.7856533281493,181.2535439976672,221.53210933048211,80.0,220.0,EMS,MWH,VALID
2025-03-08 19:00:00,414.0694967741315,186.3312735483592,227.73822322577237,80.0,220.0,EMS,MWH,VALID
2025-03-08 20:00:00,410.2145724455088,184.59655760047892,225.61801484502985,80.0,220.0,EMS,MWH,VALID
2025-03-08 21:00:00,372.6071691661565,167.6732261247704,204.93394304138604,80.0,220.0,EMS,MWH,VALID
2025-03-08 22:00:00,297.8451521420579,134.03031846392605,163.81483367813186,80.0,220.0,EMS,MWH,VALID
2025-03-08 23:00:00,290.6630987236848,130.79839442565816,159.86470429802665,80.0,220.0,EMS,MWH,VALID
2025-03-09 00:00:00,260.616373670554,117.27736815174931,143.33900551880473,80.0,220.0,EMS,MWH,VALID
2025-03-09 01:00:00,247.4664955841784,111.35992301288027,136.10657257129813,80.0,220.0,EMS,MWH,VALID
2025-03-09 02:00:00,283.0919560299728,127.39138021348776,155.70057581648504,80.0,220.0,EMS,MWH,VALID
2025-03-09 03:00:00,262.9224172873974,118.31508777932883,144.6073295080686,80.0,220.0,EMS,MWH,VALID
2025-03-09 04:00:00,276.9307281764327,124.61882767939473,152.31190049703798,80.0,220.0,EMS,MWH,VALID
2025-03-09 05:00:00,307.85601216617187,138.53520547477734,169.32080669139455,80.0,220.0,EMS,MWH,VALID
2025-03-09 06:00:00,329.05367763243214,148.07415493459447,180.9795226978377,80.0,220.0,EMS,MWH,VALID
2025-03-09 07:00:00,363.6589436499729,163.6465246424878,200.0124190074851,80.0,220.0,EMS,MWH,VALID
2025-03-09 08:00:00,347.25252650581973,156.26363692761888,190.98888957820083,80.0,220.0,EMS,MWH,VALID
2025-03-09 09:00:00,382.9835962786655,172.34261832539949,210.6409779532661,80.0,220.0,EMS,MWH,VALID
2025-03-09 10:00:00,339.5574916921013,152.8008712614456,186.7566204306557,80.0,220.0,EMS,MWH,VALID
2025-03-09 11:00:00,291.7136898206855,131.27116041930847,160.44252940137704,80.0,220.0,EMS,MWH,VALID
2025-03-09 12:00:00,335.0587727006768,150.77644771530456,184.28232498537224,80.0,220.0,EMS,MWH,VALID
2025-03-09 13:00:00,320.016511949972,144.00743037748742,176.00908157248463,80.0,220.0,EMS,MWH,VALID
2025-03-09 14:00:00,291.844792608903,131.33015667400636,160.51463593489666,80.0,220.0,EMS,MWH,VALID
2025-03-09 15:00:00,293.67563294830484,132.1540348267372,161.52159812156768,80.0,220.0,EMS,MWH,VALID
2025-03-09 16:00:00,355.7446553695463,160.08509491629584,195.6595604532505,80.0,220.0,EMS,MWH,VALID
2025-03-09 17:00:00,406.66961375444254,183.00132618949917,223.66828756494343,80.0,220.0,EMS,MWH,VALID
2025-03-09 18:00:00,418.2553741793089,188.214918380689,230.04045579861992,80.0,220.0,EMS,MWH,VALID
2025-03-09 19:00:00,418.44997428041256,188.30248842618565,230.1474858542269,80.0,220.0,EMS,MWH,VALID
2025-03-09 20:00:00,404.5161910732634,182.03228598296852,222.4839050902949,80.0,220.0,EMS,MWH,VALID
2025-03-09 21:00:00,328.1567928330536,147.67055677487411,180.4862360581795,80.0,220.0,EMS,MWH,VALID
2025-03-09 22:00:00,316.3819339271224,142.37187026720508,174.01006365991734,80.0,220.0,EMS,MWH,VALID
2025-03-09 23:00:00,272.5609199246249,122.6524139660812,149.9085059585437,80.0,220.0,EMS,MWH,VALID
2025-03-10 00:00:00,319.3979406388274,143.72907328747232,175.66886735135506,80.0,220.0,EMS,MWH,VALID
2025-03-10 01:00:00,307.5322247327444,138.38950112973498,169.14272360300944,80.0,220.0,EMS,MWH,VALID
2025-03-10 02:00:00,328.05529952034345,147.62488478415457,180.4304147361889,80.0,220.0,EMS,MWH,VALID
2025-03-10 03:00:00,299.2900547454837,134.68052463546766,164.60953011001604,80.0,220.0,EMS,MWH,VALID
2025-03-10 04:00:00,334.5987293641184,150.56942821385326,184.0293011502651,80.0,220.0,EMS,MWH,VALID
2025-03-10 05:00:00,373.5327817626259,168.08975179318168,205.44302996944427,80.0,220.0,EMS,MWH,VALID
2025-03-10 06:00:00,400.1068388763553,180.0480774943599,220.05876138199545,80.0,220.0,EMS,MWH,VALID
2025-03-10 07:00:00,420.12709042198514,189.05719068989333,231.06989973209184,80.0,220.0,EMS,MWH,VALID
2025-03-10 08:00:00,456.30460082790097,205.33707037255544,250.96753045534555,80.0,220.0,EMS,MWH,VALID
2025-03-10 09:00:00,439.2900825293332,197.68053713819995,241.6095453911333,80.0,220.0,EMS,MWH,VALID
2025-03-10 10:00:00,424.65843326668033,191.0962949700061,233.5621382966742,80.0,220.0,EMS,MWH,VALID
2025-03-10 11:00:00,395.20436206513057,177.84196292930875,217.36239913582185,80.0,220.0,EMS,MWH,VALID
2025-03-10 12:00:00,396.90820645094726,178.60869290292626,218.29951354802105,65.6,220.0,EMS,MWH,VALID
2025-03-10 13:00:00,412.23424991269286,185.5054124607118,226.7288374519811,65.6,220.0,EMS,MWH,VALID
2025-03-10 14:00:00,408.9501721755073,184.02757747897823,224.92259469652905,65.6,220.0,EMS,MWH,VALID
2025-03-10 15:00:00,433.8987388757277,195.25443249407743,238.6443063816502,65.6,220.0,EMS,MWH,VALID
2025-03-10 16:00:00,444.4168357598189,199.98757609191853,244.4292596679004,65.6,220.0,EMS,MWH,VALID
2025-03-10 17:00:00,453.9588300058165,204.28147350261744,249.6773565031991,65.6,220.0,EMS,MWH,VALID
2025-03-10 18:00:00,473.5325850515175,213.08966327318288,260.44292177833466,80.0,220.0,EMS,MWH,VALID
2025-03-10 19:00:00,519.8527495821218,233.9337373119548,285.919012270167,80.0,180.4,EMS,MWH,VALID
2025-03-10 20:00:00,497.3718396937949,223.8173278622077,273.5545118315872,80.0,180.4,EMS,MWH,VALID
2025-03-10 21:00:00,440.57166299492576,198.2572483477166,242.3144146472092,80.0,220.0,EMS,MWH,VALID
2025-03-10 22:00:00,412.1995302425336,185.4897886091401,226.7097416333935,80.0,220.0,EMS,MWH,VALID
2025-03-10 23:00:00,356.94060254046974,160.62327114321138,196.3173313972584,80.0,220.0,EMS,MWH,VALID
2025-03-11 00:00:00,337.4654192767908,151.85943867455586,185.60598060223492,80.0,220.0,EMS,MWH,VALID
2025-03-11 01:00:00,328.16850914155583,147.67582911370013,180.49268002785573,80.0,220.0,EMS,MWH,VALID
2025-03-11 02:00:00,327.5635306781914,147.40358880518613,180.1599418730053,80.0,220.0,EMS,MWH,VALID
2025-03-11 03:00:00,344.12523776176505,154.85635699279428,189.2688807689708,80.0,220.0,EMS,MWH,VALID
2025-03-11 04:00:00,365.9658433383357,164.68462950225106,201.28121383608465,80.0,220.0,EMS,MWH,VALID
2025-03-11 05:00:00,354.7561089307056,159.6402490188175,195.1158599118881,80.0,220.0,EMS,MWH,VALID
2025-03-11 06:00:00,396.180869099148,178.2813910946166,217.8994780045314,80.0,220.0,EMS,MWH,VALID
2025-03-11 07:00:00,428.39058592529415,192.7757636663824,235.6148222589118,80.0,220.0,EMS,MWH,VALID
2025-03-11 08:00:00,439.6060552442831,197.8227248599274,241.7833303843557,80.0,220.0,EMS,MWH,VALID
2025-03-11 09:00:00,430.30436763641967,193.6369654363889,236.66740220003084,80.0,220.0,EMS,MWH,VALID
2025-03-11 10:00:00,440.0433359743758,198.01950118846912,242.0238347859067,80.0,220.0,EMS,MWH,VALID
2025-03-11 11:00:00,429.76227772085497,193.39302497438476,236.36925274647024,80.0,220.0,EMS,MWH,VALID
2025-03-11 12:00:00,401.0723009597928,180.48253543190677,220.58976552788604,80.0,220.0,EMS,MWH,VALID
2025-03-11 13:00:00,392.6245488103253,176.6810469646464,215.94350184567892,80.0,220.0,EMS,MWH,VALID
2025-03-11 14:00:00,415.3905036065212,186.92572662293452,228.46477698358663,80.0,220.0,EMS,MWH,VALID
2025-03-11 15:00:00,397.3615292578206,178.81268816601929,218.54884109180136,80.0,220.0,EMS,MWH,VALID
2025-03-11 16:00:00,438.665017680482,197.3992579562169,241.2657597242651,80.0,220.0,EMS,MWH,VALID
2025-03-11 17:00:00,474.36703160972826,213.46516422437773,260.90186738535056,80.0,220.0,EMS,MWH,VALID
2025-03-11 18:00:00,504.2086543978143,226.8938944790164,277.31475991879785,80.0,220.0,EMS,MWH,VALID
2025-03-11 19:00:00,528.2940553808565,237.73232492138544,290.5617304594711,80.0,220.0,EMS,MWH,VALID
2025-03-11 20:00:00,494.1388479490692,222.36248157708116,271.77636637198805,80.0,220.0,EMS,MWH,VALID
2025-03-11 21:00:00,440.99846681096346,198.4493100649336,242.54915674602992,80.0,220.0,EMS,MWH,VALID
2025-03-11 22:00:00,383.37515348084855,172.51881906638187,210.85633441446672,80.0,220.0,EMS,MWH,VALID
2025-03-12 00:00:00,318.91704397482295,143.51266978867034,175.40437418615264,80.0,220.0,EMS,MWH,VALID
2025-03-12 01:00:00,321.19733798514267,144.53880209331422,176.65853589182848,80.0,220.0,EMS,MWH,VALID
2025-03-12 02:00:00,335.3471444178193,150.9062149880187,184.44092942980063,80.0,220.0,EMS,MWH,VALID
2025-03-12 03:00:00,319.12806950281094,143.60763127626493,175.52043822654602,80.0,220.0,EMS,MWH,VALID
2025-03-12 04:00:00,347.788651256251,156.50489306531296,191.28375819093807,80.0,220.0,EMS,MWH,VALID
2025-03-12 05:00:00,369.3815889719917,166.22171503739625,203.15987393459545,80.0,220.0,EMS,MWH,VALID
2025-03-12 06:00:00,409.4928299554088,184.271773479934,225.2210564754748,80.0,220.0,EMS,MWH,VALID
2025-03-12 07:00:00,431.0944969348053,193.99252362066235,237.1019733141429,80.0,220.0,EMS,MWH,VALID
2025-03-12 08:00:00,448.4383069881256,201.7972381446565,246.6410688434691,80.0,220.0,EMS,MWH,VALID
2025-03-12 09:00:00,453.2002874909156,203.940129370912,249.2601581200036,80.0,220.0,EMS,MWH,VALID
2025-03-12 10:00:00,434.2175658281972,195.39790462268877,238.81966120550845,80.0,220.0,EMS,MWH,VALID
2025-03-12 11:00:00,421.04424988873313,189.46991244992992,231.57433743880324,80.0,220.0,EMS,MWH,VALID
2025-03-12 12:00:00,383.22443705831705,172.45099667624268,210.7734403820744,80.0,220.0,EMS,MWH,VALID
2025-03-12 13:00:00,385.5332760239442,173.4899742107749,212.0433018131693,80.0,220.0,EMS,MWH,VALID
2025-03-12 14:00:00,390.1974409675117,175.5888484353803,214.60859253213147,80.0,220.0,EMS,MWH,VALID
2025-03-12 15:00:00,431.3055469749542,194.0874961387294,237.21805083622485,80.0,220.0,EMS,MWH,VALID
2025-03-12 16:00:00,402.17616342102895,180.97927353946304,221.19688988156597,80.0,220.0,EMS,MWH,VALID
2025-03-12 17:00:00,485.1859156929959,218.33366206184812,266.85225363114773,80.0,220.0,EMS,MWH,VALID
2025-03-12 18:00:00,501.8196238606896,225.81883073731032,276.0007931233793,80.0,220.0,EMS,MWH,VALID
2025-03-12 19:00:00,514.6553668961743,231.59491510327845,283.0604517928959,80.0,220.0,EMS,MWH,VALID
2025-03-12 20:00:00,492.92500071570646,221.8162503220679,271.10875039363856,80.0,220.0,EMS,MWH,VALID
2025-03-12 21:00:00,412.76297152632566,185.74333718684656,227.01963433947915,80.0,220.0,EMS,MWH,VALID
2025-03-12 22:00:00,382.7015005267018,172.21567523701583,210.485825289686,80.0,220.0,EMS,MWH,VALID
2025-03-12 23:00:00,361.3773874143464,162.61982433645585,198.7575630778905,80.0,220.0,EMS,MWH,VALID
2025-03-13 00:00:00,336.32872252372186,151.34792513567484,184.98079738804705,80.0,220.0,EMS,MWH,VALID
2025-03-13 01:00:00,336.63354951183766,151.48509728032695,185.14845223151076,80.0,158.4,EMS,MWH,VALID
2025-03-13 02:00:00,326.6350977929014,146.98579400680563,179.64930378609577,80.0,158.4,EMS,MWH,VALID
2025-03-13 03:00:00,347.2919606220111,156.28138227990502,191.01057834210613,80.0,158.4,EMS,MWH,VALID
2025-03-13 04:00:00,335.9419989224781,151.17389951511515,184.76809940736297,80.0,158.4,EMS,MWH,VALID
2025-03-13 05:00:00,361.20431615421865,162.5419422693984,198.66237388482028,80.0,158.4,EMS,MWH,VALID
2025-03-13 06:00:00,396.4194031119193,178.38873140036367,218.0306717115556,80.0,158.4,EMS,MWH,VALID
2025-03-13 07:00:00,415.15135738726,186.81811082426705,228.33324656299305,80.0,158.4,EMS,MWH,VALID
2025-03-13 08:00:00,450.01948958778667,202.508770314504,247.5107192732827,80.0,158.4,EMS,MWH,VALID
2025-03-13 09:00:00,439.0104453628003,197.5547004132601,241.45574494954016,80.0,158.4,EMS,MWH,VALID
2025-03-13 10:00:00,422.7751807340524,190.2488313303236,232.5263494037289,80.0,158.4,EMS,MWH,VALID
2025-03-13 11:00:00,415.53902577263614,186.99256159768623,228.5464641749499,80.0,220.0,EMS,MWH,VALID
2025-03-13 12:00:00,409.77274284179407,184.39773427880732,225.37500856298675,80.0,220.0,EMS,MWH,VALID
2025-03-13 13:00:00,400.4874906240625,180.2193707808281,220.2681198432344,80.0,220.0,EMS,MWH,VALID
2025-03-13 14:00:00,400.6534656530759,180.29405954388412,220.35940610919172,80.0,220.0,EMS,MWH,VALID
2025-03-13 15:00:00,417.1257232181598,187.70657544817192,229.41914776998792,80.0,220.0,EMS,MWH,VALID
2025-03-13 16:00:00,436.38847059701015,196.37481176865455,240.0136588283556,80.0,220.0,EMS,MWH,VALID
2025-03-13 17:00:00,458.34667782180753,206.2560050198134,252.09067280199417,80.0,220.0,EMS,MWH,VALID
2025-03-13 18:00:00,517.3844469790113,232.82300114055508,284.5614458384562,80.0,220.0,EMS,MWH,VALID
2025-03-13 19:00:00,504.2226999333068,226.90021496998807,277.32248496331874,80.0,220.0,EMS,MWH,VALID
2025-03-13 20:00:00,504.84392968428085,227.1797683579264,277.6641613263545,80.0,220.0,EMS,MWH,VALID
2025-03-13 21:00:00,449.82766566445446,202.4224495490045,247.40521611545,80.0,220.0,EMS,MWH,VALID
2025-03-13 22:00:00,398.9155534692912,179.51199906118106,219.4035544081102,80.0,220.0,EMS,MWH,VALID
2025-03-13 23:00:00,371.6376953736615,167.23696291814767,204.40073245551383,80.0,220.0,EMS,MWH,VALID
2025-03-14 00:00:00,330.26903751970747,148.62106688386837,181.64797063583916,80.0,220.0,EMS,MWH,VALID
2025-03-14 01:00:00,357.66541130271423,160.9494350862214,196.71597621649283,80.0,220.0,EMS,MWH,VALID
2025-03-14 03:00:00,301.2854047169584,135.57843212263128,165.70697259432714,80.0,220.0,EMS,MWH,VALID
2025-03-14 04:00:00,332.6812362245398,149.70655630104292,182.9746799234969,80.0,220.0,EMS,MWH,VALID
2025-03-14 05:00:00,377.5877794126653,169.9145007356994,207.67327867696596,80.0,220.0,EMS,MWH,VALID
2025-03-14 06:00:00,419.6071371176184,188.82321170292823,230.7839254146901,80.0,220.0,EMS,MWH,VALID
2025-03-14 07:00:00,453.5442482748777,204.0949117236949,249.44933655118277,80.0,220.0,EMS,MWH,VALID
2025-03-14 08:00:00,465.6716005459032,209.55222024565649,256.1193803002468,80.0,220.0,EMS,MWH,VALID
2025-03-14 09:00:00,444.0359975427979,199.81619889425903,244.21979864853884,80.0,220.0,EMS,MWH,VALID
2025-03-14 10:00:00,424.0488859299585,190.8219986684813,233.2268872614772,80.0,220.0,EMS,MWH,VALID
2025-03-14 11:00:00,438.17586826297054,197.17914071833675,240.9967275446338,80.0,220.0,EMS,MWH,VALID
2025-03-14 12:00:00,410.5118784293659,184.73034529321464,225.78153313615124,80.0,220.0,EMS,MWH,VALID
2025-03-14 13:00:00,395.9988710609023,178.19949197740604,217.79937908349623,80.0,220.0,EMS,MWH,VALID
2025-03-14 14:00:00,415.3981895010824,186.92918527548707,228.4690042255953,80.0,220.0,EMS,MWH,VALID
2025-03-14 15:00:00,394.6865259761889,177.608936689285,217.0775892869039,80.0,220.0,EMS,MWH,VALID
2025-03-14 16:00:00,422.6964567289183,190.21340552801323,232.48305120090507,80.0,220.0,EMS,MWH,VALID
2025-03-14 17:00:00,451.4391069486449,203.1475981268902,248.2915088217547,80.0,220.0,EMS,MWH,VALID
2025-03-14 18:00:00,506.85857180545975,228.0863573124569,278.7722144930029,80.0,220.0,EMS,MWH,VALID
2025-03-14 19:00:00,527.6436417880162,237.4396388046073,290.20400298340894,80.0,220.0,EMS,MWH,VALID
2025-03-14 20:00:00,496.2730122299644,223.322855503484,272.95015672648043,80.0,220.0,EMS,MWH,VALID
2025-03-14 21:00:00,423.88246471796776,190.7471091230855,233.1353555948823,80.0,220.0,EMS,MWH,VALID
2025-03-14 22:00:00,396.101391815705,178.24562631706726,217.8557654986378,80.0,220.0,EMS,MWH,VALID
2025-03-14 23:00:00,347.70217557222014,156.46597900749907,191.2361965647211,80.0,220.0,EMS,MWH,VALID
2025-03-15 00:00:00,251.44885740308104,113.15198583138648,138.2968715716946,80.0,220.0,EMS,MWH,VALID
2025-03-15 01:00:00,251.26043313191292,113.06719490936082,138.19323822255214,80.0,220.0,EMS,MWH,VALID
2025-03-15 02:00:00,282.7614448531699,127.24265018392646,155.51879466924345,80.0,220.0,EMS,MWH,VALID
2025-03-15 03:00:00,274.65327596233,123.59397418304847,151.05930177928147,80.0,220.0,EMS,MWH,VALID
2025-03-15 04:00:00,290.9102734211645,130.90962303952404,160.0006503816405,80.0,220.0,EMS,MWH,VALID
2025-03-15 05:00:00,323.05707132954626,145.3756820982958,177.68138923125045,80.0,220.0,EMS,MWH,VALID
2025-03-15 06:00:00,321.44030891615864,144.6481390122714,176.79216990388727,80.0,220.0,EMS,MWH,VALID
2025-03-15 07:00:00,365.16539166558255,164.32442624951216,200.8409654160704,80.0,220.0,EMS,MWH,VALID
2025-03-15 08:00:00,360.17428194348514,162.07842687456832,198.09585506891685,80.0,220.0,EMS,MWH,VALID
2025-03-15 09:00:00,361.90997407650286,162.8594883344263,199.0504857420766,80.0,220.0,EMS,MWH,VALID
2025-03-15 10:00:00,354.79912233174184,159.65960504928384,195.13951728245803,80.0,220.0,EMS,MWH,VALID
2025-03-15 11:00:00,338.30856016169287,152.2388520727618,186.0697080889311,80.0,220.0,EMS,MWH,VALID
2025-03-15 12:00:00,335.6668202420179,151.05006910890805,184.61675113310983,80.0,220.0,EMS,MWH,VALID
2025-03-15 13:00:00,309.99508162886195,139.4977867329879,170.4972948958741,80.0,220.0,EMS,MWH,VALID
2025-03-15 14:00:00,344.87817496040907,155.19517873218408,189.682996228225,80.0,220.0,EMS,MWH,VALID
2025-03-15 15:00:00,329.5665618537374,148.30495283418185,181.2616090195556,80.0,220.0,EMS,MWH,VALID
2025-03-15 16:00:00,357.23539190007,160.7559263550315,196.4794655450385,80.0,220.0,EMS,MWH,VALID
2025-03-15 17:00:00,389.7315503920945,175.37919767644254,214.352352715652,80.0,220.0,EMS,MWH,VALID
2025-03-15 18:00:00,433.0683951454367,194.8807778154465,238.1876173299902,80.0,220.0,EMS,MWH,VALID
2025-03-15 19:00:00,433.9473279082569,195.2762975587156,238.67103034954133,80.0,220.0,EMS,MWH,VALID
2025-03-15 20:00:00,397.6270233549753,178.93216050973888,218.69486284523643,80.0,220.0,EMS,MWH,VALID
2025-03-15 21:00:00,335.25903081917545,150.86656386862896,184.3924669505465,80.0,220.0,EMS,MWH,VALID
2025-03-15 22:00:00,331.3653708117165,149.11441686527243,182.2509539464441,80.0,220.0,EMS,MWH,VALID
2025-03-15 23:00:00,310.98883887457873,139.94497749356043,171.0438613810183,80.0,220.0,EMS,MWH,VALID
2025-03-16 00:00:00,255.3950981776001,114.92779417992006,140.46730399768006,80.0,220.0,EMS,MWH,VALID
2025-03-16 01:00:00,273.9753219503717,123.28889487766727,150.68642707270445,80.0,220.0,EMS,MWH,VALID
2025-03-16 02:00:00,274.7182798711006,123.62322594199529,151.09505392910535,80.0,220.0,EMS,MWH,VALID
2025-03-16 03:00:00,286.8302846675423,129.07362810039405,157.75665656714827,80.0,220.0,EMS,MWH,VALID
2025-03-16 04:00:00,270.24322847746856,121.60945281486086,148.63377566260772,80.0,220.0,EMS,MWH,VALID
2025-03-16 05:00:00,305.5842968918088,137.51293360131396,168.07136329049484,80.0,220.0,EMS,MWH,VALID
2025-03-16 06:00:00,315.37058976115645,141.9167653925204,173.45382436863605,80.0,220.0,EMS,MWH,VALID
2025-03-16 07:00:00,334.66095679123697,150.59743055605665,184.06352623518035,80.0,220.0,EMS,MWH,VALID
2025-03-16 08:00:00,355.4621134173989,159.9579510378295,195.5041623795694,80.0,220.0,EMS,MWH,VALID
2025-03-16 09:00:00,363.9003263497698,163.75514685739645,200.14517949237344,80.0,220.0,EMS,MWH,VALID
2025-03-16 10:00:00,294.39948687711774,132.479769094703,161.91971778241478,80.0,220.0,EMS,MWH,VALID
2025-03-16 11:00:00,340.27690057643395,153.12460525939528,187.1522953170387,80.0,220.0,EMS,MWH,VALID
2025-03-16 12:00:00,286.18978172723547,128.78540177725597,157.40437994997953,80.0,220.0,EMS,MWH,VALID
2025-03-16 13:00:00,324.3094892227671,145.93927015024522,178.37021907252193,80.0,220.0,EMS,MWH,VALID
2025-03-16 14:00:00,312.46491710908265,140.6092126990872,171.85570440999547,80.0,220.0,EMS,MWH,VALID
2025-03-16 15:00:00,312.2223983638096,140.50007926371433,171.7223191000953,80.0,220.0,EMS,MWH,VALID
2025-03-16 16:00:00,340.5598864883268,153.25194891974706,187.30793756857975,80.0,220.0,EMS,MWH,VALID
2025-03-16 17:00:00,366.7867475678927,165.05403640555173,201.732711162341,80.0,220.0,EMS,MWH,VALID
2025-03-16 18:00:00,436.5601206983691,196.4520543142661,240.108066384103,80.0,220.0,EMS,MWH,VALID
2025-03-16 19:00:00,428.7253261641657,192.9263967738746,235.7989293902912,80.0,220.0,EMS,MWH,VALID
2025-03-16 20:00:00,414.1282552828745,186.35771487729352,227.770540405581,80.0,220.0,EMS,MWH,VALID
2025-03-16 21:00:00,367.5476214130173,165.39642963585777,202.1511917771595,80.0,220.0,EMS,MWH,VALID
2025-03-16 22:00:00,313.9839518387331,141.29277832742991,172.69117351130322,80.0,220.0,EMS,MWH,VALID
2025-03-16 23:00:00,287.280213898488,129.2760962543196,158.00411764416842,80.0,220.0,EMS,MWH,VALID
2025-03-17 00:00:00,299.6123189673529,134.8255435353088,164.78677543204412,80.0,220.0,EMS,MWH,VALID
2025-03-17 01:00:00,316.9975373144558,142.64889179150512,174.3486455229507,80.0,220.0,EMS,MWH,VALID
2025-03-17 02:00:00,315.8953781118776,142.1529201503449,173.74245796153266,80.0,220.0,EMS,MWH,VALID
2025-03-17 03:00:00,303.72130910944264,136.6745890992492,167.04672001019347,80.0,220.0,EMS,MWH,VALID
2025-03-17 04:00:00,346.4048880106273,155.8821996047823,190.52268840584503,80.0,220.0,EMS,MWH,VALID
2025-03-17 05:00:00,353.9748066704104,159.28866300168468,194.6861436687257,80.0,220.0,EMS,MWH,VALID
2025-03-17 06:00:00,405.70032705821626,182.5651471761973,223.13517988201895,80.0,220.0,EMS,MWH,VALID
2025-03-17 07:00:00,439.8798568845324,197.9459355980396,241.9339212864928,80.0,220.0,EMS,MWH,VALID
2025-03-17 08:00:00,471.38663600616576,212.1239862027746,259.2626498033912,80.0,220.0,EMS,MWH,VALID
2025-03-17 09:00:00,459.5180379574592,206.78311708085664,252.73492087660256,80.0,220.0,EMS,MWH,VALID
2025-03-17 10:00:00,431.3079350456512,194.08857077054304,237.21936427510815,80.0,220.0,EMS,MWH,VALID
2025-03-17 11:00:00,409.20061157803946,184.14027521011772,225.0603363679217,80.0,220.0,EMS,MWH,VALID
2025-03-17 12:00:00,394.8711113259115,177.69200009666017,217.17911122925133,80.0,220.0,EMS,MWH,VALID
2025-03-17 13:00:00,417.37836622599457,187.8202648016976,229.55810142429704,80.0,220.0,EMS,MWH,VALID
2025-03-17 14:00:00,388.51975578030505,174.83389010113729,213.6858656791678,80.0,220.0,EMS,MWH,VALID
2025-03-17 15:00:00,411.3290487002351,185.0980719151058,226.2309767851293,80.0,220.0,EMS,MWH,VALID
2025-03-17 16:00:00,436.2115166623208,196.29518249804437,239.91633416427644,80.0,220.0,EMS,MWH,VALID
2025-03-17 17:00:00,471.2304196351624,212.0536888358231,259.17673079933934,80.0,220.0,EMS,MWH,VALID
2025-03-17 18:00:00,481.74242001784506,216.7840890080303,264.9583310098148,80.0,220.0,EMS,MWH,VALID
2025-03-17 19:00:00,515.0773692956319,231.7848161830344,283.2925531125976,80.0,220.0,EMS,MWH,VALID
2025-03-17 20:00:00,487.8609644883771,219.53743401976968,268.32353046860743,80.0,220.0,EMS,MWH,VALID
2025-03-17 21:00:00,458.88652485524864,206.4989361848619,252.3875886703868,80.0,220.0,EMS,MWH,VALID
2025-03-17 22:00:00,407.8988799793647,183.5544959907141,224.3443839886506,80.0,220.0,EMS,MWH,VALID
2025-03-17 23:00:00,344.50294111495333,155.026323501729,189.47661761322436,80.0,220.0,EMS,MWH,VALID
2025-03-18 00:00:00,340.65049028937267,153.2927206302177,187.357769659155,80.0,220.0,EMS,MWH,VALID
2025-03-18 01:00:00,316.07210734044736,142.23244830320132,173.8396590372461,80.0,220.0,EMS,MWH,VALID
2025-03-18 02:00:00,319.5875687831285,143.81440595240784,175.7731628307207,80.0,220.0,EMS,MWH,VALID
2025-03-18 03:00:00,330.5113136586141,148.73009114637634,181.78122251223775,80.0,220.0,EMS,MWH,VALID
2025-03-18 04:00:00,346.3940082670779,155.87730372018504,190.51670454689284,80.0,220.0,EMS,MWH,VALID
2025-03-18 05:00:00,341.456083525798,153.6552375866091,187.8008459391889,80.0,220.0,EMS,MWH,VALID
2025-03-18 06:00:00,396.6569398647388,178.4956229391325,218.1613169256064,80.0,220.0,EMS,MWH,VALID
2025-03-18 07:00:00,420.4862089022293,189.2187940060032,231.26741489622611,80.0,220.0,EMS,MWH,VALID
2025-03-18 08:00:00,436.8237328352856,196.5706797758785,240.25305305940708,80.0,220.0,EMS,MWH,VALID
2025-03-18 09:00:00,428.1924995095578,192.686624779301,235.5058747302568,80.0,220.0,EMS,MWH,VALID
2025-03-18 10:00:00,432.0731566392388,194.43292048765747,237.64023615158132,80.0,220.0,EMS,MWH,VALID
2025-03-18 11:00:00,422.98024677570345,190.34111104906657,232.6391357266369,80.0,220.0,EMS,MWH,VALID
2025-03-18 12:00:00,382.2021215256207,171.99095468652934,210.21116683909145,80.0,220.0,EMS,MWH,VALID
2025-03-18 13:00:00,385.02396155197096,173.26078269838695,211.76317885358404,80.0,220.0,EMS,MWH,VALID
2025-03-18 14:00:00,389.0516806649138,175.0732562992112,213.9784243657026,80.0,220.0,EMS,MWH,VALID
2025-03-18 15:00:00,418.1870236698334,188.18416065142503,230.0028630184084,80.0,220.0,EMS,MWH,VALID
2025-03-18 16:00:00,441.91297915435183,198.86084061945832,243.05213853489352,80.0,220.0,EMS,MWH,VALID
2025-03-18 17:00:00,473.2119239897029,212.9453657953663,260.26655819433665,80.0,220.0,EMS,MWH,VALID
2025-03-18 18:00:00,484.97159562120186,218.23721802954083,266.73437759166103,80.0,220.0,EMS,MWH,VALID
2025-03-18 19:00:00,514.2368897524201,231.40660038858903,282.83028936383107,80.0,220.0,EMS,MWH,VALID
2025-03-18 20:00:00,466.8215352024684,210.0696908411108,256.75184436135766,80.0,220.0,EMS,MWH,VALID
2025-03-18 21:00:00,446.0290273823852,200.7130623220733,245.31596506031184,80.0,220.0,EMS,MWH,VALID
2025-03-18 22:00:00,403.9449401383859,181.77522306227365,222.16971707611228,80.0,220.0,EMS,MWH,VALID
2025-03-18 23:00:00,325.56300320952084,146.5033514442844,179.05965176523648,80.0,220.0,EMS,MWH,VALID
2025-03-19 00:00:00,303.1320661648688,136.40942977419095,166.72263639067785,80.0,220.0,EMS,MWH,VALID
2025-03-19 01:00:00,315.495604255631,141.97302191503397,173.52258234059707,80.0,220.0,EMS,MWH,VALID
2025-03-19 02:00:00,317.89644025519925,143.05339811483967,174.8430421403596,80.0,220.0,EMS,MWH,VALID
2025-03-19 03:00:00,329.45325442818154,148.2539644926817,181.19928993549985,80.0,220.0,EMS,MWH,VALID
2025-03-19 04:00:00,360.66929618826606,162.30118328471974,198.36811290354635,80.0,220.0,EMS,MWH,VALID
2025-03-19 05:00:00,359.21511301309454,161.64680085589254,197.568312157202,80.0,220.0,EMS,MWH,VALID
2025-03-19 06:00:00,374.9127012327464,168.71071555473588,206.20198567801052,80.0,220.0,EMS,MWH,VALID
2025-03-19 07:00:00,380.8016781532076,171.36075516894343,209.4409229842642,80.0,220.0,EMS,MWH,VALID
2025-03-19 08:00:00,461.8863213762229,207.8488446193003,254.03747675692264,80.0,220.0,EMS,MWH,VALID
2025-03-19 09:00:00,438.80009514938826,197.46004281722472,241.3400523321636,80.0,220.0,EMS,MWH,VALID
2025-03-19 10:00:00,440.4372034099365,198.1967415344714,242.24046187546503,80.0,220.0,EMS,MWH,VALID
2025-03-19 11:00:00,413.0169788698611,185.85764049143748,227.1593383784236,80.0,220.0,EMS,MWH,VALID
2025-03-19 12:00:00,399.2801484789745,179.67606681553855,219.604081663436,80.0,220.0,EMS,MWH,VALID
2025-03-19 13:00:00,392.2151834120693,176.49683253543117,215.7183508766381,80.0,220.0,EMS,MWH,VALID
2025-03-19 14:00:00,408.9547949155282,184.0296577119877,224.92513720354052,80.0,220.0,EMS,MWH,VALID
2025-03-19 15:00:00,425.01483953104736,191.2566777889713,233.75816174207608,80.0,220.0,EMS,MWH,VALID
2025-03-19 16:00:00,449.06239297413737,202.07807683836185,246.9843161357756,80.0,220.0,EMS,MWH,VALID
2025-03-19 17:00:00,477.811493809666,215.0151722143497,262.7963215953164,80.0,220.0,EMS,MWH,VALID
2025-03-19 18:00:00,504.9154012869881,227.21193057914465,277.70347070784345,80.0,220.0,EMS,MWH,VALID
2025-03-19 19:00:00,527.2531067142373,237.2638980214068,289.9892086928306,80.0,220.0,EMS,MWH,VALID
2025-03-19 20:00:00,481.4069885742114,216.6331448583952,264.7738437158163,80.0,220.0,EMS,MWH,VALID
2025-03-19 21:00:00,456.55118094484544,205.4480314251805,251.103149519665,80.0,220.0,EMS,MWH,VALID
2025-03-19 22:00:00,377.9466083619524,170.0759737628786,207.87063459907384,80.0,220.0,EMS,MWH,VALID
2025-03-19 23:00:00,366.9961275872812,165.14825741427654,201.84787017300468,80.0,220.0,EMS,MWH,VALID
2025-03-20 00:00:00,338.94768608664526,152.5264587389904,186.4212273476549,80.0,220.0,EMS,MWH,VALID
2025-03-20 01:00:00,328.8174649380784,147.96785922213527,180.84960571594317,80.0,220.0,EMS,MWH,VALID
2025-03-20 02:00:00,330.4138895754573,148.68625030895578,181.7276392665015,80.0,220.0,EMS,MWH,VALID
2025-03-20 03:00:00,333.08279426922127,149.88725742114957,183.19553684807173,80.0,220.0,EMS,MWH,VALID
2025-03-20 04:00:00,334.0720382064001,150.33241719288006,183.7396210135201,80.0,220.0,EMS,MWH,VALID
2025-03-20 05:00:00,349.1568435177305,157.1205795829787,192.03626393475184,80.0,220.0,EMS,MWH,VALID
2025-03-20 06:00:00,395.1688686368239,177.82599088657076,217.3428777502532,80.0,220.0,EMS,MWH,VALID
2025-03-20 07:00:00,424.66810186623854,191.10064583980736,233.5674560264312,80.0,220.0,EMS,MWH,VALID
2025-03-20 08:00:00,449.3996451306153,202.2298403087769,247.16980482183843,80.0,220.0,EMS,MWH,VALID
2025-03-20 09:00:00,452.5824734543576,203.6621130544609,248.92036039989668,80.0,220.0,EMS,MWH,VALID
2025-03-20 10:00:00,441.0939198763628,198.49226394436323,242.60165593199952,80.0,220.0,EMS,MWH,VALID
2025-03-20 11:00:00,406.9991049158618,183.14959721213785,223.849507703724,80.0,220.0,EMS,MWH,VALID
2025-03-20 12:00:00,393.1328812851722,176.9097965783275,216.2230847068448,80.0,220.0,EMS,MWH,VALID
2025-03-20 13:00:00,400.4362216689043,180.19629975100693,220.2399219178974,80.0,220.0,EMS,MWH,VALID
2025-03-20 14:00:00,400.4645060441511,180.209027719868,220.25547832428316,80.0,220.0,EMS,MWH,VALID
2025-03-20 15:00:00,391.4889369300312,176.17002161851403,215.3189153115172,80.0,220.0,EMS,MWH,VALID
2025-03-20 16:00:00,431.0308819059082,193.96389685765868,237.06698504824956,80.0,220.0,EMS,MWH,VALID
2025-03-20 17:00:00,461.7782065873714,207.80019296431715,253.9780136230543,80.0,220.0,EMS,MWH,VALID
2025-03-20 18:00:00,501.6067975043128,225.7230588769408,275.88373862737205,80.0,220.0,EMS,MWH,VALID
2025-03-20 19:00:00,520.6326676997326,234.28470046487965,286.34796723485294,80.0,220.0,EMS,MWH,VALID
2025-03-20 20:00:00,461.701498379154,207.7656742706193,253.93582410853472,80.0,220.0,EMS,MWH,VALID
2025-03-20 21:00:00,446.3254890882296,200.8464700897033,245.47901899852627,80.0,220.0,EMS,MWH,VALID
2025-03-20 22:00:00,404.1591292546709,181.87160816460192,222.28752109006905,80.0,220.0,EMS,MWH,VALID
2025-03-20 23:00:00,362.76629961867366,163.24483482840316,199.52146479027053,80.0,220.0,EMS,MWH,VALID
2025-03-21 00:00:00,315.4810516490173,141.9664732420578,173.51457840695952,80.0,220.0,EMS,MWH,VALID
2025-03-21 01:00:00,352.1876211118363,158.48442950032634,193.70319161151,80.0,220.0,EMS,MWH,VALID
2025-03-21 02:00:00,312.4382149214129,140.5971967146358,171.8410182067771,80.0,220.0,EMS,MWH,VALID
2025-03-21 03:00:00,332.8134728021128,149.76606276095077,183.04741004116207,80.0,220.0,EMS,MWH,VALID
2025-03-21 04:00:00,363.63764569942896,163.63694056474304,200.00070513468597,80.0,220.0,EMS,MWH,VALID
2025-03-21 05:00:00,351.89165533858016,158.3512449023611,193.5404104362191,80.0,220.0,EMS,MWH,VALID
2025-03-21 06:00:00,387.1155870566327,174.20201417548472,212.913572881148,80.0,220.0,EMS,MWH,VALID
2025-03-21 07:00:00,426.9994092173411,192.1497341478035,234.8496750695376,80.0,220.0,EMS,MWH,VALID
2025-03-21 08:00:00,454.4265158332303,204.4919321249536,249.93458370827668,80.0,220.0,EMS,MWH,VALID
2025-03-21 09:00:00,480.63677312631336,216.286547906841,264.35022521947235,80.0,220.0,EMS,MWH,VALID
2025-03-21 10:00:00,432.2920840510376,194.5314378229669,237.7606462280707,80.0,220.0,EMS,MWH,VALID
2025-03-21 11:00:00,411.9974145119564,185.3988365303804,226.59857798157603,80.0,220.0,EMS,MWH,VALID
2025-03-21 12:00:00,409.6242851756453,184.3309283290404,225.2933568466049,80.0,220.0,EMS,MWH,VALID
2025-03-21 13:00:00,375.7141869044418,169.07138410699883,206.642802797443,80.0,220.0,EMS,MWH,VALID
2025-03-21 14:00:00,420.09083656086233,189.0408764523881,231.0499601084743,80.0,220.0,EMS,MWH,VALID
2025-03-21 15:00:00,444.44592146728354,200.0006646602776,244.445256807006,80.0,220.0,EMS,MWH,VALID
2025-03-21 16:00:00,468.9553669224172,211.02991511508773,257.92545180732947,80.0,220.0,EMS,MWH,VALID
2025-03-21 17:00:00,477.61324005261537,214.9259580236769,262.68728202893845,80.0,220.0,EMS,MWH,VALID
2025-03-21 18:00:00,494.1103550783955,222.349659785278,271.7606952931176,80.0,220.0,EMS,MWH,VALID
2025-03-21 19:00:00,509.5415243121124,229.29368594045056,280.2478383716618,80.0,220.0,EMS,MWH,VALID
2025-03-21 20:00:00,491.95588079647047,221.3801463584117,270.5757344380588,80.0,220.0,EMS,MWH,VALID
2025-03-21 21:00:00,439.913752276014,197.96118852420628,241.9525637518077,80.0,220.0,EMS,MWH,VALID
2025-03-21 22:00:00,385.8944342297827,173.6524954034022,212.2419388263805,80.0,220.0,EMS,MWH,VALID
2025-03-21 23:00:00,347.8580887533515,156.5361399390082,191.32194881434336,80.0,220.0,EMS,MWH,VALID
2025-03-22 00:00:00,257.02367335797,115.6606530110865,141.3630203468835,80.0,220.0,EMS,MWH,VALID
2025-03-22 01:00:00,249.29297431599088,112.1818384421959,137.11113587379498,80.0,220.0,EMS,MWH,VALID
2025-03-22 02:00:00,273.91583589843543,123.26212615429594,150.6537097441395,80.0,220.0,EMS,MWH,VALID
2025-03-22 03:00:00,288.15854188631755,129.6713438488429,158.48719803747466,80.0,220.0,EMS,MWH,VALID
2025-03-22 04:00:00,284.6939326662029,128.1122696997913,156.5816629664116,80.0,220.0,EMS,MWH,VALID
2025-03-22 05:00:00,317.2027695335638,142.74124629010373,174.4615232434601,80.0,220.0,EMS,MWH,VALID
2025-03-22 06:00:00,334.79527719157977,150.6578747362109,184.13740245536889,80.0,220.0,EMS,MWH,VALID
2025-03-22 07:00:00,361.56999110042096,162.70649599518944,198.86349510523155,80.0,220.0,EMS,MWH,VALID
2025-03-22 08:00:00,349.34796966064425,157.2065863472899,192.1413833133544,80.0,220.0,EMS,MWH,VALID
2025-03-22 09:00:00,352.34124019810343,158.55355808914655,193.7876821089569,80.0,220.0,EMS,MWH,VALID
2025-03-22 10:00:00,345.1215050224885,155.30467726011983,189.8168277623687,80.0,220.0,EMS,MWH,VALID
2025-03-22 11:00:00,334.20285980337536,150.3912869115189,183.81157289185649,80.0,220.0,EMS,MWH,VALID
2025-03-22 12:00:00,315.4446011537425,141.95007051918412,173.49453063455837,80.0,220.0,EMS,MWH,VALID
2025-03-22 13:00:00,301.2066208146328,135.54297936658477,165.66364144804805,80.0,220.0,EMS,MWH,VALID
2025-03-22 14:00:00,351.48366215258784,158.16764796866454,193.31601418392333,80.0,220.0,EMS,MWH,VALID
2025-03-22 15:00:00,293.45759514217,132.0559178139765,161.4016773281935,80.0,220.0,EMS,MWH,VALID
2025-03-22 16:00:00,354.1316466281036,159.35924098264664,194.772405645457,80.0,220.0,EMS,MWH,VALID
2025-03-22 17:00:00,374.8858756354309,168.69864403594391,206.18723159948703,80.0,220.0,EMS,MWH,VALID
2025-03-22 18:00:00,404.3460555554345,181.95572499994552,222.390330555489,80.0,220.0,EMS,MWH,VALID
2025-03-22 19:00:00,439.989341871999,197.99520384239955,241.99413802959947,80.0,220.0,EMS,MWH,VALID
2025-03-22 20:00:00,391.5293489829701,176.18820704233656,215.3411419406336,80.0,220.0,EMS,MWH,VALID
2025-03-22 21:00:00,367.4625669031852,165.35815510643337,202.1044117967519,80.0,220.0,EMS,MWH,VALID
2025-03-22 22:00:00,282.7558545964848,127.24013456841816,155.51572002806665,80.0,220.0,EMS,MWH,VALID
2025-03-22 23:00:00,317.39042248187155,142.8256901168422,174.56473236502936,80.0,220.0,EMS,MWH,VALID
2025-03-23 00:00:00,269.2584076159313,121.16628342716908,148.09212418876223,80.0,220.0,EMS,MWH,VALID
2025-03-23 01:00:00,280.388203747091,126.17469168619094,154.21351206090006,80.0,220.0,EMS,MWH,VALID
2025-03-23 02:00:00,272.99872359924257,122.84942561965916,150.14929797958342,80.0,220.0,EMS,MWH,VALID
2025-03-23 03:00:00,275.63926542948565,124.03766944326854,151.60159598621712,80.0,220.0,EMS,MWH,VALID
2025-03-23 04:00:00,267.11076150353034,120.19984267658866,146.9109188269417,80.0,220.0,EMS,MWH,VALID
2025-03-23 05:00:00,279.2176089520657,125.64792402842956,153.56968492363615,80.0,220.0,EMS,MWH,VALID
2025-03-23 06:00:00,292.3943423163191,131.57745404234362,160.81688827397554,80.0,220.0,EMS,MWH,VALID
2025-03-23 07:00:00,374.81290085571374,168.6658053850712,206.14709547064257,80.0,220.0,EMS,MWH,VALID
2025-03-23 08:00:00,385.4091870797234,173.43413418587556,211.9750528938479,80.0,220.0,EMS,MWH,VALID
2025-03-23 09:00:00,383.0328683375528,172.36479075189877,210.6680775856541,80.0,220.0,EMS,MWH,VALID
2025-03-23 10:00:00,303.3461091597161,136.50574912187227,166.8403600378439,80.0,220.0,EMS,MWH,VALID
2025-03-23 11:00:00,348.4793446760393,156.8157051042177,191.66363957182165,80.0,220.0,EMS,MWH,VALID
2025-03-23 12:00:00,321.9116967326427,144.86026352968923,177.05143320295352,80.0,220.0,EMS,MWH,VALID
2025-03-23 13:00:00,346.5497497087342,155.9473873689304,190.60236233980385,80.0,220.0,EMS,MWH,VALID
2025-03-23 14:00:00,329.69049004645126,148.36072052090307,181.32976952554824,80.0,220.0,EMS,MWH,VALID
2025-03-23 15:00:00,333.2909671157834,149.98093520210253,183.3100319136809,80.0,220.0,EMS,MWH,VALID
2025-03-23 16:00:00,345.5977687127661,155.51899592074474,190.07877279202137,80.0,220.0,EMS,MWH,VALID
2025-03-23 17:00:00,385.49013344289006,173.47056004930053,212.01957339358955,80.0,220.0,EMS,MWH,VALID
2025-03-23 18:00:00,401.0902537616856,180.4906141927585,220.59963956892707,80.0,220.0,EMS,MWH,VALID
2025-03-23 19:00:00,402.96445303122033,181.33400386404915,221.6304491671712,80.0,220.0,EMS,MWH,VALID
2025-03-23 20:00:00,398.27710325710433,179.22469646569695,219.0524067914074,80.0,220.0,EMS,MWH,VALID
2025-03-23 21:00:00,369.6325823893333,166.3346620752,203.2979203141333,80.0,220.0,EMS,MWH,VALID
2025-03-23 22:00:00,318.4226244683391,143.2901810107526,175.13244345758653,80.0,220.0,EMS,MWH,VALID
2025-03-23 23:00:00,280.93740273495496,126.42183123072974,154.51557150422525,80.0,220.0,EMS,MWH,VALID
2025-03-24 00:00:00,370.7495796160816,166.8373108272367,203.91226878884487,80.0,220.0,EMS,MWH,VALID
2025-03-24 01:00:00,321.3135601308889,144.59110205890002,176.7224580719889,80.0,220.0,EMS,MWH,VALID
2025-03-24 02:00:00,345.96706018456325,155.68517708305347,190.2818831015098,80.0,220.0,EMS,MWH,VALID
2025-03-24 03:00:00,302.8527830625092,136.28375237812912,166.56903068438004,80.0,220.0,EMS,MWH,VALID
2025-03-24 04:00:00,300.59359201376105,135.26711640619249,165.3264756075686,80.0,220.0,EMS,MWH,VALID
2025-03-24 05:00:00,379.7618170115998,170.89281765521991,208.8689993563799,80.0,220.0,EMS,MWH,VALID
2025-03-24 06:00:00,395.0292386324453,177.76315738460036,217.2660812478449,80.0,220.0,EMS,MWH,VALID
2025-03-24 07:00:00,438.8479331223591,197.4815699050616,241.3663632172975,80.0,220.0,EMS,MWH,VALID
2025-03-24 08:00:00,455.57878565546537,205.01045354495943,250.568332110506,80.0,220.0,EMS,MWH,VALID
2025-03-24 09:00:00,423.6431151512306,190.63940181805376,233.00371333317688,80.0,220.0,EMS,MWH,VALID
2025-03-24 10:00:00,432.7445679861332,194.73505559376,238.0095123923733,80.0,220.0,EMS,MWH,VALID
2025-03-24 11:00:00,428.0939803256695,192.6422911465513,235.45168917911823,80.0,220.0,EMS,MWH,VALID
2025-03-24 12:00:00,379.8881772732036,170.9496797729416,208.938497500262,80.0,220.0,EMS,MWH,VALID
2025-03-24 13:00:00,396.4114132395084,178.3851359577788,218.02627728172965,80.0,220.0,EMS,MWH,VALID
2025-03-24 14:00:00,412.8064685161047,185.76291083224712,227.0435576838576,80.0,220.0,EMS,MWH,VALID
2025-03-24 15:00:00,398.84167168357646,179.4787522576094,219.36291942596708,80.0,220.0,EMS,MWH,VALID
2025-03-24 16:00:00,451.3497769131572,203.10739961092077,248.2423773022365,80.0,220.0,EMS,MWH,VALID
2025-03-24 17:00:00,461.4623372088464,207.65805174398088,253.8042854648656,80.0,220.0,EMS,MWH,VALID
2025-03-24 18:00:00,477.6536222298935,214.94413000345207,262.70949222644145,80.0,220.0,EMS,MWH,VALID
2025-03-24 19:00:00,523.493539751084,235.5720928879878,287.9214468630962,80.0,220.0,EMS,MWH,VALID
2025-03-24 20:00:00,508.6542035690084,228.89439160605377,279.75981196295464,80.0,220.0,EMS,MWH,VALID
2025-03-24 21:00:00,464.8983352244429,209.20425085099933,255.6940843734436,80.0,220.0,EMS,MWH,VALID
2025-03-24 22:00:00,419.2559606624762,188.6651822981143,230.59077836436197,80.0,220.0,EMS,MWH,VALID
2025-03-24 23:00:00,336.01776787966924,151.20799554585116,184.8097723338181,80.0,220.0,EMS,MWH,VALID
2025-03-25 00:00:00,327.2518639352052,147.26333877084235,179.9885251643629,80.0,220.0,EMS,MWH,VALID
2025-03-25 01:00:00,343.92539319337953,154.76642693702078,189.15896625635875,80.0,220.0,EMS,MWH,VALID
2025-03-25 02:00:00,337.6066773753939,151.92300481892724,185.68367255646663,80.0,220.0,EMS,MWH,VALID
2025-03-25 03:00:00,326.55199812825833,146.94839915771627,179.6035989705421,80.0,220.0,EMS,MWH,VALID
2025-03-25 04:00:00,362.7272870776813,163.2272791849566,199.50000789272477,80.0,220.0,EMS,MWH,VALID
2025-03-25 05:00:00,368.8331034482719,165.97489655172237,202.8582068965496,80.0,220.0,EMS,MWH,VALID
2025-03-25 06:00:00,408.68448249980247,183.9080171249111,224.7764653748914,80.0,220.0,EMS,MWH,VALID
2025-03-25 07:00:00,408.43375511955696,183.79518980380064,224.63856531575635,80.0,220.0,EMS,MWH,VALID
2025-03-25 08:00:00,442.3199222844574,199.04396502800583,243.2759572564516,80.0,220.0,EMS,MWH,VALID
2025-03-25 09:00:00,436.1714623888648,196.2771580749892,239.89430431387564,80.0,220.0,EMS,MWH,VALID
2025-03-25 10:00:00,428.569161155854,192.8561225201343,235.71303863571973,80.0,220.0,EMS,MWH,VALID
2025-03-25 11:00:00,408.25509891637984,183.71479451237093,224.5403044040089,80.0,220.0,EMS,MWH,VALID
2025-03-25 12:00:00,423.1323173817528,190.4095428217888,232.72277455996405,80.0,220.0,EMS,MWH,VALID
2025-03-25 13:00:00,392.8349772242029,176.7757397508913,216.0592374733116,80.0,220.0,EMS,MWH,VALID
2025-03-25 14:00:00,401.2725316207723,180.57263922934757,220.6998923914248,80.0,220.0,EMS,MWH,VALID
2025-03-25 15:00:00,425.2222574837776,191.35001586769997,233.87224161607773,80.0,220.0,EMS,MWH,VALID
2025-03-25 16:00:00,419.700306605994,188.8651379726973,230.83516863329672,80.0,220.0,EMS,MWH,VALID
2025-03-25 17:00:00,471.5746284081417,212.20858278366376,259.3660456244779,80.0,220.0,EMS,MWH,VALID
2025-03-25 18:00:00,510.6707185502594,229.80182334761676,280.8688952026427,80.0,220.0,EMS,MWH,VALID
2025-03-25 19:00:00,512.47430938554,230.613439223493,281.86087016204704,80.0,220.0,EMS,MWH,VALID
2025-03-25 20:00:00,487.3190386560279,219.29356739521256,268.0254712608154,80.0,220.0,EMS,MWH,VALID
2025-03-25 21:00:00,449.5771173768376,202.30970281957693,247.26741455726068,80.0,220.0,EMS,MWH,VALID
2025-03-25 22:00:00,382.4513979101055,172.10312905954748,210.34826885055804,80.0,220.0,EMS,MWH,VALID
2025-03-25 23:00:00,361.70596871518165,162.76768592183174,198.9382827933499,80.0,220.0,EMS,MWH,VALID
2025-03-26 00:00:00,321.0388962689743,144.46750332103846,176.5713929479359,80.0,220.0,EMS,MWH,VALID
2025-03-26 01:00:00,331.240987890723,149.05844455082536,182.18254333989765,80.0,220.0,EMS,MWH,VALID
2025-03-26 02:00:00,338.2902514846988,152.23061316811444,186.0596383165843,80.0,220.0,EMS,MWH,VALID
2025-03-26 03:00:00,337.62718476226706,151.93223314302017,185.6949516192469,80.0,220.0,EMS,MWH,VALID
2025-03-26 04:00:00,336.2245734340211,151.3010580453095,184.9235153887116,80.0,220.0,EMS,MWH,VALID
2025-03-26 05:00:00,393.16392735137896,176.92376730812057,216.24016004325844,80.0,220.0,EMS,MWH,VALID
2025-03-26 06:00:00,399.4971263112241,179.77370684005086,219.7234194711733,80.0,220.0,EMS,MWH,VALID
2025-03-26 07:00:00,413.6048554931733,186.122184971928,227.48267052124532,80.0,220.0,EMS,MWH,VALID
2025-03-26 08:00:00,458.5899659243266,206.36548466594695,252.22448125837968,80.0,220.0,EMS,MWH,VALID
2025-03-26 09:00:00,441.3380680662425,198.60213062980912,242.7359374364334,80.0,220.0,EMS,MWH,VALID
2025-03-26 10:00:00,438.0045314537351,197.1020391541808,240.90249229955432,80.0,220.0,EMS,MWH,VALID
2025-03-26 11:00:00,418.37729568017033,188.26978305607665,230.1075126240937,80.0,220.0,EMS,MWH,VALID
2025-03-26 12:00:00,407.79484765065376,183.5076814427942,224.2871662078596,80.0,220.0,EMS,MWH,VALID
2025-03-26 13:00:00,409.336502136163,184.20142596127332,225.1350761748897,80.0,220.0,EMS,MWH,VALID
2025-03-26 14:00:00,387.6696847146202,174.4513581215791,213.21832659304116,80.0,220.0,EMS,MWH,VALID
2025-03-26 15:00:00,404.4282897353265,181.99273038089692,222.4355593544296,80.0,220.0,EMS,MWH,VALID
2025-03-26 16:00:00,429.11838303165575,193.1032723642451,236.01511066741068,80.0,220.0,EMS,MWH,VALID
2025-03-26 17:00:00,467.4175700920395,210.3379065414178,257.0796635506218,80.0,220.0,EMS,MWH,VALID
2025-03-26 18:00:00,529.3077352396093,238.1884808578242,291.11925438178514,80.0,220.0,EMS,MWH,VALID
2025-03-26 19:00:00,525.9461443134,236.67576494103,289.27037937237003,80.0,220.0,EMS,MWH,VALID
2025-03-26 20:00:00,498.94017260357685,224.5230776716096,274.4170949319673,80.0,220.0,EMS,MWH,VALID
2025-03-26 21:00:00,444.937178154885,200.22173016969828,244.7154479851868,80.0,220.0,EMS,MWH,VALID
2025-03-26 22:00:00,427.2958307423588,192.28312383406148,235.01270690829736,80.0,220.0,EMS,MWH,VALID
2025-03-26 23:00:00,349.52345384829545,157.28555423173296,192.2378996165625,80.0,220.0,EMS,MWH,VALID
2025-03-27 00:00:00,339.90257284250924,152.95615777912917,186.9464150633801,80.0,220.0,EMS,MWH,VALID
2025-03-27 01:00:00,340.49876665336586,153.22444499401465,187.27432165935124,80.0,220.0,EMS,MWH,VALID
2025-03-27 02:00:00,340.04957583636315,153.0223091263634,187.0272667099997,80.0,220.0,EMS,MWH,VALID
2025-03-27 03:00:00,326.41972457773977,146.8888760599829,179.53084851775688,80.0,220.0,EMS,MWH,VALID
2025-03-27 04:00:00,325.8795570123171,146.6458006555427,179.23375635677442,80.0,220.0,EMS,MWH,VALID
2025-03-27 05:00:00,366.0318436726015,164.71432965267067,201.31751401993083,80.0,220.0,EMS,MWH,VALID
2025-03-27 06:00:00,393.37275272836894,177.01773872776602,216.3550140006029,80.0,220.0,EMS,MWH,VALID
2025-03-27 07:00:00,423.92807685773903,190.76763458598256,233.1604422717565,80.0,220.0,EMS,MWH,VALID
2025-03-27 08:00:00,442.6061971042616,199.1727886969177,243.43340840734388,80.0,220.0,EMS,MWH,VALID
2025-03-27 09:00:00,458.4108032204805,206.28486144921624,252.12594177126428,80.0,220.0,EMS,MWH,VALID
2025-03-27 10:00:00,427.6353986010892,192.43592937049013,235.19946923059905,80.0,220.0,EMS,MWH,VALID
2025-03-27 11:00:00,400.8713821609778,180.39212197244,220.4792601885378,80.0,220.0,EMS,MWH,VALID
2025-03-27 12:00:00,441.0782703377902,198.4852216520056,242.59304868578465,80.0,220.0,EMS,MWH,VALID
2025-03-27 13:00:00,423.2856142796664,190.47852642584988,232.8070878538165,80.0,220.0,EMS,MWH,VALID
2025-03-27 14:00:00,399.5126655149092,179.78069948170915,219.73196603320008,80.0,220.0,EMS,MWH,VALID
2025-03-27 15:00:00,439.9867857965087,197.9940536084289,241.9927321880798,80.0,220.0,EMS,MWH,VALID
2025-03-27 16:00:00,418.6281978635829,188.3826890386123,230.2455088249706,80.0,220.0,EMS,MWH,VALID
2025-03-27 17:00:00,457.56440707369137,205.90398318316116,251.66042389053027,80.0,220.0,EMS,MWH,VALID
2025-03-27 18:00:00,501.906606489912,225.8579729204604,276.0486335694516,80.0,220.0,EMS,MWH,VALID
2025-03-27 19:00:00,538.4587953889824,242.30645792504208,296.15233746394034,80.0,220.0,EMS,MWH,VALID
2025-03-27 20:00:00,485.6791123691519,218.5556005661184,267.1235118030336,80.0,220.0,EMS,MWH,VALID
2025-03-27 21:00:00,458.3368851088623,206.25159829898803,252.08528680987425,80.0,220.0,EMS,MWH,VALID
2025-03-27 22:00:00,382.24354643930207,172.00959589768593,210.2339505416161,80.0,220.0,EMS,MWH,VALID
2025-03-27 23:00:00,361.4246415249421,162.64108868622395,198.78355283871815,80.0,220.0,EMS,MWH,VALID
2025-03-28 00:00:00,331.1155009201123,149.00197541405055,182.1135255060618,80.0,220.0,EMS,MWH,VALID
2025-03-28 01:00:00,319.2067030911128,143.64301639100074,175.56368670011202,80.0,220.0,EMS,MWH,VALID
2025-03-28 02:00:00,336.0671192480218,151.2302036616098,184.836915586412,80.0,220.0,EMS,MWH,VALID
2025-03-28 03:00:00,319.3063775357724,143.6878698910976,175.61850764467485,80.0,220.0,EMS,MWH,VALID
2025-03-28 04:00:00,323.8140727423688,145.71633273406596,178.09774000830285,80.0,220.0,EMS,MWH,VALID
2025-03-28 05:00:00,352.7209740471802,158.7244383212311,193.99653572594917,80.0,220.0,EMS,MWH,VALID
2025-03-28 06:00:00,376.16558075572834,169.27451134007777,206.8910694156506,80.0,220.0,EMS,MWH,VALID
2025-03-28 07:00:00,409.85147103315967,184.43316196492185,225.41830906823785,80.0,220.0,EMS,MWH,VALID
2025-03-28 08:00:00,472.39773550810713,212.57898097864825,259.81875452945894,80.0,220.0,EMS,MWH,VALID
2025-03-28 09:00:00,444.0830084378185,199.83735379701835,244.2456546408002,80.0,220.0,EMS,MWH,VALID
2025-03-28 10:00:00,428.0405225697805,192.61823515640123,235.42228741337928,80.0,220.0,EMS,MWH,VALID
2025-03-28 11:00:00,410.1384028568774,184.56228128559485,225.57612157128256,80.0,220.0,EMS,MWH,VALID
2025-03-28 12:00:00,398.6033952147845,179.371527846653,219.23186736813147,80.0,220.0,EMS,MWH,VALID
2025-03-28 13:00:00,368.0582148289615,165.6261966730327,202.4320181559289,80.0,220.0,EMS,MWH,VALID
2025-03-28 14:00:00,419.0062178401215,188.55279802805467,230.4534198120668,80.0,220.0,EMS,MWH,VALID
2025-03-28 15:00:00,444.246090939628,199.91074092283264,244.33535001679545,80.0,220.0,EMS,MWH,VALID
2025-03-28 16:00:00,431.4416147964014,194.14872665838064,237.2928881380208,80.0,220.0,EMS,MWH,VALID
2025-03-28 17:00:00,476.3926888004117,214.37670996018525,262.01597884022647,80.0,220.0,EMS,MWH,VALID
2025-03-28 18:00:00,513.0818209555937,230.8868194300172,282.1950015255766,80.0,220.0,EMS,MWH,VALID
2025-03-28 19:00:00,513.4040580477975,231.0318261215089,282.3722319262887,80.0,220.0,EMS,MWH,VALID
2025-03-28 20:00:00,487.10835843979135,219.1987612979061,267.9095971418853,80.0,220.0,EMS,MWH,VALID
2025-03-28 21:00:00,451.5587463136248,203.2014358411312,248.35731047249365,80.0,220.0,EMS,MWH,VALID
2025-03-28 22:00:00,376.8320632726902,169.5744284727106,207.25763479997963,80.0,220.0,EMS,MWH,VALID
2025-03-28 23:00:00,371.2091299041394,167.04410845686272,204.16502144727667,80.0,220.0,EMS,MWH,VALID
2025-03-29 00:00:00,262.50676222070047,118.1280429993152,144.37871922138527,80.0,220.0,EMS,MWH,VALID
2025-03-29 01:00:00,238.29710571128732,107.2336975700793,131.06340814120804,65.6,220.0,EMS,MWH,VALID
2025-03-29 02:00:00,254.7230794799645,114.62538576598402,140.09769371398048,65.6,220.0,EMS,MWH,VALID
2025-03-29 03:00:00,267.6081982392012,120.42368920764052,147.18450903156065,65.6,220.0,EMS,MWH,VALID
2025-03-29 04:00:00,291.5957783488701,131.21810025699156,160.37767809187858,65.6,220.0,EMS,MWH,VALID
2025-03-29 05:00:00,314.57829559484026,141.56023301767812,173.01806257716214,65.6,220.0,EMS,MWH,VALID
2025-03-29 06:00:00,333.1595351942587,149.9217908374164,183.23774435684228,65.6,220.0,EMS,MWH,VALID
2025-03-29 07:00:00,356.63513043958267,160.48580869781222,196.14932174177048,65.6,220.0,EMS,MWH,VALID
2025-03-29 08:00:00,379.45193304204827,170.75336986892174,208.69856317312656,65.6,220.0,EMS,MWH,VALID
2025-03-29 09:00:00,357.8677140854605,161.04047133845722,196.82724274700328,65.6,220.0,EMS,MWH,VALID
2025-03-29 10:00:00,334.4706240123678,150.5117808055655,183.9588432068023,65.6,220.0,EMS,MWH,VALID
2025-03-29 11:00:00,321.312159083192,144.5904715874364,176.72168749575562,65.6,220.0,EMS,MWH,VALID
2025-03-29 12:00:00,288.3684385803651,129.7657973611643,158.60264121920082,80.0,220.0,EMS,MWH,VALID
2025-03-29 13:00:00,296.3424025933204,133.35408116699418,162.98832142632622,80.0,220.0,EMS,MWH,VALID
2025-03-29 14:00:00,326.00325948799804,146.7014667695991,179.30179271839893,80.0,220.0,EMS,MWH,VALID
2025-03-29 15:00:00,265.3258734794083,119.39664306573374,145.9292304136746,80.0,220.0,EMS,MWH,VALID
2025-03-29 16:00:00,377.2033111823188,169.74149003204346,207.4618211502753,80.0,220.0,EMS,MWH,VALID
2025-03-29 17:00:00,382.1683306336239,171.97574878513075,210.19258184849315,80.0,220.0,EMS,MWH,VALID
2025-03-29 18:00:00,394.78884332735606,177.65497949731022,217.13386383004584,80.0,220.0,EMS,MWH,VALID
2025-03-29 19:00:00,393.4261944852763,177.04178751837435,216.384406966902,80.0,220.0,EMS,MWH,VALID
2025-03-29 20:00:00,427.88747649854656,192.54936442434595,235.33811207420064,80.0,220.0,EMS,MWH,VALID
2025-03-29 21:00:00,380.7883274470893,171.35474735119018,209.43358009589912,80.0,220.0,EMS,MWH,VALID
2025-03-29 22:00:00,313.0779191372447,140.8850636117601,172.1928555254846,80.0,220.0,EMS,MWH,VALID
2025-03-29 23:00:00,304.1003930533078,136.84517687398852,167.25521617931932,80.0,220.0,EMS,MWH,VALID
2025-03-30 00:00:00,253.0906324555553,113.89078460499988,139.1998478505554,80.0,220.0,EMS,MWH,VALID
2025-03-30 01:00:00,268.5179030552901,120.83305637488056,147.68484668040958,80.0,220.0,EMS,MWH,VALID
2025-03-30 02:00:00,259.4901929408196,116.77058682336884,142.7196061174508,80.0,220.0,EMS,MWH,VALID
2025-03-30 03:00:00,256.1379798656527,115.26209093954373,140.875888926109,80.0,220.0,EMS,MWH,VALID
2025-03-30 04:00:00,292.1593046821552,131.47168710696985,160.6876175751854,80.0,220.0,EMS,MWH,VALID
2025-03-30 05:00:00,300.979807414226,135.4409133364017,165.53889407782432,80.0,220.0,EMS,MWH,VALID
2025-03-30 06:00:00,317.1517283501787,142.7182777575804,174.4334505925983,80.0,220.0,EMS,MWH,VALID
2025-03-30 07:00:00,360.78059252907855,162.35126663808535,198.42932589099323,80.0,220.0,EMS,MWH,VALID
2025-03-30 08:00:00,370.1475882905798,166.5664147307609,203.5811735598189,80.0,220.0,EMS,MWH,VALID
2025-03-30 09:00:00,356.09624263363594,160.24330918513618,195.85293344849975,80.0,220.0,EMS,MWH,VALID
2025-03-30 10:00:00,339.97062520754906,152.98678134339707,186.983843864152,80.0,220.0,EMS,MWH,VALID
2025-03-30 11:00:00,304.5623663096687,137.0530648393509,167.50930147031778,80.0,220.0,EMS,MWH,VALID
2025-03-30 12:00:00,334.5651036668419,150.55429665007884,184.01080701676304,80.0,220.0,EMS,MWH,VALID
2025-03-30 13:00:00,327.4956766033907,147.37305447152582,180.1226221318649,80.0,220.0,EMS,MWH,VALID
2025-03-30 14:00:00,329.58629790103527,148.31383405546586,181.2724638455694,80.0,220.0,EMS,MWH,VALID
2025-03-30 15:00:00,356.4270962506767,160.39219331280452,196.0349029378722,80.0,220.0,EMS,MWH,VALID
2025-03-30 16:00:00,369.8717711032919,166.44229699648133,203.42947410681052,80.0,220.0,EMS,MWH,VALID
2025-03-30 17:00:00,388.7693954005715,174.94622793025718,213.8231674703144,80.0,220.0,EMS,MWH,VALID
2025-03-30 18:00:00,450.084722263238,202.5381250184571,247.54659724478088,80.0,220.0,EMS,MWH,VALID
2025-03-30 19:00:00,426.33808102532464,191.8521364613961,234.48594456392857,80.0,220.0,EMS,MWH,VALID
2025-03-30 20:00:00,413.9564255006508,186.28039147529287,227.676034025358,80.0,220.0,EMS,MWH,VALID
2025-03-30 21:00:00,377.0039343359411,169.6517704511735,207.3521638847676,80.0,220.0,EMS,MWH,VALID
2025-03-30 22:00:00,300.6672807902036,135.30027635559162,165.36700443461197,80.0,220.0,EMS,MWH,VALID
2025-03-30 23:00:00,291.2897464243343,131.08038589095042,160.20936053338386,80.0,220.0,EMS,MWH,VALID
2025-03-31 00:00:00,327.0910540602537,147.1909743271142,179.90007973313956,80.0,220.0,EMS,MWH,VALID
2025-03-31 01:00:00,294.8028772629234,132.66129476831554,162.1415824946079,80.0,220.0,EMS,MWH,VALID
2025-03-31 02:00:00,333.9833679774618,150.2925155898578,183.690852387604,80.0,220.0,EMS,MWH,VALID
2025-03-31 03:00:00,307.0526862162844,138.173708797328,168.87897741895645,80.0,220.0,EMS,MWH,VALID
2025-03-31 04:00:00,379.6515466000001,170.84319597000004,208.8083506300001,80.0,220.0,EMS,MWH,VALID
2025-03-31 05:00:00,372.14418878613606,167.46488495376124,204.67930383237484,80.0,220.0,EMS,MWH,VALID
2025-03-31 06:00:00,380.5816823967751,171.26175707854878,209.3199253182263,80.0,220.0,EMS,MWH,VALID
2025-03-31 07:00:00,460.2741562996413,207.12337033483857,253.15078596480276,80.0,220.0,EMS,MWH,VALID
2025-03-31 08:00:00,465.66033968427854,209.5471528579253,256.1131868263532,80.0,220.0,EMS,MWH,VALID
2025-03-31 09:00:00,456.7690472074929,205.5460712433718,251.22297596412116,80.0,220.0,EMS,MWH,VALID
2025-03-31 10:00:00,437.1054596811444,196.69745685651495,240.40800282462945,60.0,220.0,EMS,MWH,VALID
2025-03-31 11:00:00,410.6244298812182,184.7809934465482,225.84343643467,60.0,220.0,EMS,MWH,VALID
2025-03-31 12:00:00,403.2167215552829,181.44752469987728,221.7691968554056,60.0,220.0,EMS,MWH,VALID
2025-03-31 13:00:00,412.5581939760213,185.6511872892096,226.9070066868117,60.0,220.0,EMS,MWH,VALID
2025-03-31 14:00:00,435.9278980402978,196.167554118134,239.7603439221638,60.0,220.0,EMS,MWH,VALID
2025-03-31 15:00:00,427.2756444505593,192.2740400027517,235.00160444780764,60.0,220.0,EMS,MWH,VALID
2025-03-31 16:00:00,463.5523244158165,208.59854598711743,254.9537784286991,80.0,220.0,EMS,MWH,VALID
2025-03-31 17:00:00,478.42257848069335,215.290160316312,263.13241816438136,80.0,220.0,EMS,MWH,VALID
2025-03-31 18:00:00,502.99017226968215,226.34557752135697,276.6445947483252,80.0,220.0,EMS,MWH,VALID
2025-03-31 19:00:00,545.878682874125,245.64540729335627,300.2332755807688,80.0,220.0,EMS,MWH,VALID
2025-03-31 20:00:00,524.182113341087,235.88195100348915,288.30016233759784,80.0,220.0,EMS,MWH,VALID
2025-03-31 21:00:00,432.2303454508711,194.503655452892,237.72668999797912,80.0,220.0,EMS,MWH,VALID
2025-03-31 22:00:00,395.65793711223927,178.04607170050767,217.61186541173163,80.0,220.0,EMS,MWH,VALID
2025-03-31 23:00:00,376.2061343711735,169.29276046702805,206.9133739041454,80.0,220.0,EMS,MWH,VALID
2025-04-01 00:00:00,321.6271052418731,144.7321973588429,176.8949078830302,80.0,220.0,EMS,MWH,VALID
2025-04-01 01:00:00,327.0467438578909,147.1710347360509,179.87570912184,80.0,220.0,EMS,MWH,VALID
2025-04-01 02:00:00,349.0043236071478,157.0519456232165,191.9523779839313,80.0,220.0,EMS,MWH,VALID
2025-04-01 03:00:00,334.8454615982132,150.68045771919594,184.1650038790173,80.0,220.0,EMS,MWH,VALID
2025-04-01 04:00:00,338.51844844032206,152.33330179814493,186.1851466421772,80.0,220.0,EMS,MWH,VALID
2025-04-01 05:00:00,368.0316066626016,165.6142229981707,202.41738366443087,80.0,220.0,EMS,MWH,VALID
2025-04-01 06:00:00,404.1666006128273,181.8749702757723,222.29163033705504,80.0,220.0,EMS,MWH,VALID
2025-04-01 07:00:00,390.6204680011523,175.77921060051852,214.84125740063376,80.0,220.0,EMS,MWH,VALID
2025-04-01 08:00:00,480.62895775458406,216.28303098956283,264.34592676502126,80.0,220.0,EMS,MWH,VALID
2025-04-01 09:00:00,451.9621959444358,203.3829881749961,248.5792077694397,80.0,220.0,EMS,MWH,VALID
2025-04-01 10:00:00,445.7448345808464,200.58517556138088,245.15965901946552,60.0,220.0,EMS,MWH,VALID
2025-04-01 11:00:00,431.4814977232667,194.16667397547,237.3148237477967,60.0,220.0,EMS,MWH,VALID
2025-04-01 12:00:00,392.4810797945252,176.61648590753632,215.86459388698884,60.0,220.0,EMS,MWH,VALID
2025-04-01 13:00:00,378.0466624143472,170.12099808645624,207.92566432789096,60.0,220.0,EMS,MWH,VALID
2025-04-01 14:00:00,421.1975919455687,189.5389163755059,231.6586755700628,60.0,220.0,EMS,MWH,VALID
2025-04-01 15:00:00,431.1517990101663,194.0183095545748,237.13348945559147,60.0,220.0,EMS,MWH,VALID
2025-04-01 16:00:00,428.9198520653829,193.01393342942237,235.90591863596063,80.0,220.0,EMS,MWH,VALID
2025-04-01 17:00:00,496.96220039616526,223.6329901782744,273.32921021789093,80.0,220.0,EMS,MWH,VALID
2025-04-01 18:00:00,498.6059887528979,224.37269493880405,274.2332938140938,80.0,220.0,EMS,MWH,VALID
2025-04-01 19:00:00,514.6632089053509,231.5984440074079,283.064764897943,80.0,220.0,EMS,MWH,VALID
2025-04-01 20:00:00,495.6895880923583,223.06031464156123,272.6292734507971,80.0,220.0,EMS,MWH,VALID
2025-04-01 21:00:00,431.5867659594235,194.21404468174055,237.37272127768293,80.0,220.0,EMS,MWH,VALID
2025-04-01 22:00:00,390.6234108283515,175.78053487275818,214.8428759555933,80.0,220.0,EMS,MWH,VALID
2025-04-01 23:00:00,366.15792723538766,164.77106725592446,201.3868599794632,80.0,220.0,EMS,MWH,VALID
2025-04-02 00:00:00,345.6097737765271,155.5243981994372,190.08537557708996,80.0,220.0,EMS,MWH,VALID
2025-04-02 01:00:00,331.732953027095,149.27982886219274,182.45312416490225,80.0,220.0,EMS,MWH,VALID
2025-04-02 02:00:00,326.2024265823084,146.79109196203876,179.41133462026963,80.0,220.0,EMS,MWH,VALID
2025-04-02 03:00:00,318.6235406600181,143.38059329700815,175.24294736300996,80.0,220.0,EMS,MWH,VALID
2025-04-02 04:00:00,340.7829563987726,153.3523303794477,187.43062601932496,80.0,220.0,EMS,MWH,VALID
2025-04-02 05:00:00,349.7024863966171,157.3661188784777,192.3363675181394,80.0,220.0,EMS,MWH,VALID
2025-04-02 06:00:00,380.52980611021394,171.23841274959628,209.2913933606177,80.0,220.0,EMS,MWH,VALID
2025-04-02 07:00:00,416.7211023821318,187.5244960719593,229.1966063101725,80.0,220.0,EMS,MWH,VALID
2025-04-02 08:00:00,454.15272939589465,204.3687282281526,249.78400116774208,80.0,220.0,EMS,MWH,VALID
2025-04-02 09:00:00,454.2278668232783,204.40254007047525,249.82532675280305,80.0,220.0,EMS,MWH,VALID
2025-04-02 10:00:00,429.3773276574993,193.2197974458747,236.15753021162465,60.0,220.0,EMS,MWH,VALID
2025-04-02 11:00:00,431.4930924108292,194.17189158487315,237.32120082595608,60.0,220.0,EMS,MWH,VALID
2025-04-02 12:00:00,421.0698758602528,189.48144413711373,231.58843172313905,60.0,220.0,EMS,MWH,VALID
2025-04-02 13:00:00,392.60729087062,176.673280891779,215.934009978841,60.0,220.0,EMS,MWH,VALID
2025-04-02 14:00:00,428.4811439492719,192.8165147771724,235.66462917209955,60.0,220.0,EMS,MWH,VALID
2025-04-02 15:00:00,385.93460764461565,173.67057344007705,212.26403420453863,60.0,220.0,EMS,MWH,VALID
2025-04-02 16:00:00,452.72236115632114,203.7250625203445,248.99729863597665,80.0,220.0,EMS,MWH,VALID
2025-04-02 17:00:00,479.47819558574713,215.76518801358625,263.71300757216096,80.0,220.0,EMS,MWH,VALID
2025-04-02 18:00:00,505.4543419128451,227.4544538607803,277.9998880520648,80.0,220.0,EMS,MWH,VALID
2025-04-02 19:00:00,516.3437275602168,232.3546774020976,283.9890501581193,80.0,220.0,EMS,MWH,VALID
2025-04-02 20:00:00,501.4469272800546,225.65111727602456,275.79581000403005,80.0,220.0,EMS,MWH,VALID
2025-04-02 21:00:00,441.71161878763473,198.7702284544356,242.9413903331991,80.0,220.0,EMS,MWH,VALID
2025-04-02 22:00:00,406.339795681974,182.8529080568883,223.48688762508573,80.0,220.0,EMS,MWH,VALID
2025-04-02 23:00:00,330.25211777651776,148.613452999433,181.6386647770848,80.0,220.0,EMS,MWH,VALID
2025-04-03 00:00:00,323.68637219901206,145.65886748955543,178.02750470945665,65.6,220.0,EMS,MWH,VALID
2025-04-03 01:00:00,335.0830902939952,150.78739063229784,184.29569966169737,65.6,220.0,EMS,MWH,VALID
2025-04-03 02:00:00,329.624327579138,148.33094741061208,181.29338016852589,65.6,220.0,EMS,MWH,VALID
2025-04-03 03:00:00,318.084400548356,143.13798024676018,174.9464203015958,65.6,220.0,EMS,MWH,VALID
2025-04-03 04:00:00,341.2762907893929,153.5743308552268,187.7019599341661,65.6,220.0,EMS,MWH,VALID
2025-04-03 05:00:00,368.3494836496271,165.75726764233218,202.5922160072949,80.0,220.0,EMS,MWH,VALID
2025-04-03 06:00:00,399.17567277455225,179.62905274854853,219.54662002600372,80.0,220.0,EMS,MWH,VALID
2025-04-03 07:00:00,424.9141269628889,191.2113571333,233.7027698295889,80.0,220.0,EMS,MWH,VALID
2025-04-03 08:00:00,458.8739271589829,206.4932672215423,252.3806599374406,80.0,220.0,EMS,MWH,VALID
2025-04-03 09:00:00,442.7534911857224,199.23907103357504,243.5144201521473,80.0,220.0,EMS,MWH,VALID
2025-04-03 10:00:00,427.0883168719676,192.1897425923854,234.8985742795822,60.0,220.0,EMS,MWH,VALID
2025-04-03 11:00:00,427.79409019051946,192.50734058573377,235.2867496047857,60.0,220.0,EMS,MWH,VALID
2025-04-03 12:00:00,392.9303039479682,176.8186367765857,216.1116671713825,60.0,220.0,EMS,MWH,VALID
2025-04-03 13:00:00,406.2565655480208,182.81545449660936,223.44111105141144,60.0,220.0,EMS,MWH,VALID
2025-04-03 14:00:00,389.4351496558975,175.24581734515388,214.1893323107436,60.0,220.0,EMS,MWH,VALID
2025-04-03 15:00:00,429.48248922864434,193.26712015289,236.2153690757544,60.0,220.0,EMS,MWH,VALID
2025-04-03 16:00:00,444.08630233899737,199.83883605254883,244.24746628644857,80.0,220.0,EMS,MWH,VALID
2025-04-03 17:00:00,494.7827303294714,222.6522286482621,272.1305016812093,80.0,220.0,EMS,MWH,VALID
2025-04-03 18:00:00,530.9422543591776,238.92401446162992,292.0182398975477,80.0,220.0,EMS,MWH,VALID
2025-04-03 19:00:00,522.752202848414,235.23849128178628,287.5137115666277,80.0,220.0,EMS,MWH,VALID
2025-04-03 20:00:00,478.8697368329028,215.49138157480627,263.3783552580966,80.0,220.0,EMS,MWH,VALID
2025-04-03 21:00:00,441.492794871817,198.67175769231767,242.82103717949937,80.0,220.0,EMS,MWH,VALID
2025-04-03 22:00:00,388.8810182431904,174.99645820943567,213.88456003375472,80.0,220.0,EMS,MWH,VALID
2025-04-03 23:00:00,387.66550080083374,174.44947536037515,213.21602544045857,80.0,220.0,EMS,MWH,VALID
2025-04-04 00:00:00,335.6093289816737,151.02419804175315,184.58513093992053,80.0,220.0,EMS,MWH,VALID
2025-04-04 01:00:00,340.0567609487037,153.0255424269167,187.03121852178708,80.0,220.0,EMS,MWH,VALID
2025-04-04 02:00:00,352.528851336138,158.63798310126208,193.89086823487588,80.0,220.0,EMS,MWH,VALID
2025-04-04 03:00:00,342.1775698479133,153.97990643156098,188.19766341635236,80.0,220.0,EMS,MWH,VALID
2025-04-04 04:00:00,346.3793334297152,155.87070004337184,190.50863338634335,80.0,220.0,EMS,MWH,VALID
2025-04-04 05:00:00,376.0036726277756,169.20165268249903,206.80201994527656,80.0,220.0,EMS,MWH,VALID
2025-04-04 06:00:00,367.5621689526034,165.40297602867156,202.1591929239319,80.0,220.0,EMS,MWH,VALID
2025-04-04 07:00:00,412.95946471201694,185.83175912040764,227.12770559160933,80.0,220.0,EMS,MWH,VALID
2025-04-04 08:00:00,453.3963355362209,204.02835099129945,249.36798454492157,80.0,220.0,EMS,MWH,VALID
2025-04-04 09:00:00,463.03448465374566,208.36551809418555,254.66896655956012,80.0,220.0,EMS,MWH,VALID
2025-04-04 10:00:00,433.1311413018629,194.9090135858383,238.22212771602457,60.0,220.0,EMS,MWH,VALID
2025-04-04 11:00:00,417.8395196817241,188.02778385677584,229.81173582494827,60.0,220.0,EMS,MWH,VALID
2025-04-04 12:00:00,381.8876206115585,171.84942927520137,210.0381913363572,60.0,220.0,EMS,MWH,VALID
2025-04-04 13:00:00,421.7648392249469,189.7941776512261,231.97066157372083,60.0,220.0,EMS,MWH,VALID
2025-04-04 14:00:00,431.3615542907658,194.11269943084463,237.2488548599212,60.0,220.0,EMS,MWH,VALID
2025-04-04 15:00:00,398.0174719326957,179.10786236971308,218.90960956298264,60.0,220.0,EMS,MWH,VALID
2025-04-04 16:00:00,413.94455353034687,186.2750490886561,227.6695044416908,80.0,220.0,EMS,MWH,VALID
2025-04-04 17:00:00,488.0592420310038,219.62665891395173,268.4325831170521,80.0,220.0,EMS,MWH,VALID
2025-04-04 18:00:00,524.884268403648,236.1979207816416,288.6863476220064,80.0,220.0,EMS,MWH,VALID
2025-04-04 19:00:00,474.5604277423839,213.5521924840728,261.0082352583112,80.0,220.0,EMS,MWH,VALID
2025-04-04 20:00:00,504.4441172966536,226.9998527834941,277.4442645131595,80.0,220.0,EMS,MWH,VALID
2025-04-04 21:00:00,444.2893494901056,199.9302072705475,244.35914221955807,80.0,220.0,EMS,MWH,VALID
2025-04-04 22:00:00,388.9627265839978,175.03322696279903,213.92949962119883,80.0,220.0,EMS,MWH,VALID
2025-04-04 23:00:00,339.49502721947545,152.77276224876397,186.7222649707115,80.0,220.0,EMS,MWH,VALID
2025-04-05 00:00:00,274.25681785700573,123.41556803565258,150.84124982135316,80.0,220.0,EMS,MWH,VALID
2025-04-05 01:00:00,261.6473102711441,117.74128962201485,143.90602064912926,80.0,220.0,EMS,MWH,VALID
2025-04-05 02:00:00,266.81803702848305,120.06811666281736,146.7499203656657,80.0,220.0,EMS,MWH,VALID
2025-04-05 03:00:00,301.9976338210213,135.8989352194596,166.09869860156172,80.0,198.0,EMS,MWH,VALID
2025-04-05 04:00:00,306.1444337086063,137.76499516887284,168.37943853973348,80.0,198.0,EMS,MWH,VALID
2025-04-05 05:00:00,311.7434575376919,140.28455589196136,171.45890164573055,80.0,198.0,EMS,MWH,VALID
2025-04-05 06:00:00,311.68130488500987,140.25658719825444,171.42471768675543,80.0,198.0,EMS,MWH,VALID
2025-04-05 07:00:00,343.99107563662847,154.79598403648282,189.19509160014567,80.0,198.0,EMS,MWH,VALID
2025-04-05 08:00:00,367.9804989974338,165.59122454884522,202.38927444858865,80.0,198.0,EMS,MWH,VALID
2025-04-05 09:00:00,383.5207785687717,172.5843503559473,210.93642821282447,80.0,198.0,EMS,MWH,VALID
2025-04-05 10:00:00,336.6665589392847,151.49995152267812,185.1666074166066,60.0,198.0,EMS,MWH,VALID
2025-04-05 11:00:00,330.96905288818215,148.93607379968196,182.03297908850016,60.0,198.0,EMS,MWH,VALID
2025-04-05 12:00:00,336.5728409593204,151.45777843169415,185.1150625276262,60.0,198.0,EMS,MWH,VALID
2025-04-05 13:00:00,328.0810610293939,147.63647746322724,180.44458356616664,60.0,198.0,EMS,MWH,VALID
2025-04-05 14:00:00,322.1551057325464,144.9697975796459,177.18530815290055,60.0,220.0,EMS,MWH,VALID
2025-04-05 15:00:00,344.8988587056896,155.2044864175603,189.69437228812927,60.0,220.0,EMS,MWH,VALID
2025-04-05 16:00:00,343.6289870352943,154.63304416588244,188.9959428694119,80.0,220.0,EMS,MWH,VALID
2025-04-05 17:00:00,388.39639604838857,174.77837822177486,213.6180178266137,80.0,220.0,EMS,MWH,VALID
2025-04-05 18:00:00,398.1079790983709,179.1485905942669,218.959388504104,80.0,220.0,EMS,MWH,VALID
2025-04-05 19:00:00,438.3053200491109,197.2373940220999,241.067926027011,80.0,220.0,EMS,MWH,VALID
2025-04-05 20:00:00,382.95233684864377,172.3285515818897,210.62378526675408,80.0,220.0,EMS,MWH,VALID
2025-04-05 21:00:00,343.7472792173995,154.6862756478298,189.06100356956972,80.0,220.0,EMS,MWH,VALID
2025-04-05 22:00:00,314.49743342781346,141.52384504251606,172.9735883852974,80.0,220.0,EMS,MWH,VALID
2025-04-05 23:00:00,273.64581407220106,123.14061633249048,150.5051977397106,80.0,220.0,EMS,MWH,VALID
2025-04-06 00:00:00,266.0593274746252,119.72669736358137,146.33263011104387,80.0,220.0,EMS,MWH,VALID
2025-04-06 01:00:00,263.0154823488025,118.35696705696112,144.65851529184138,80.0,220.0,EMS,MWH,VALID
2025-04-06 02:00:00,276.52792548809066,124.4375664696408,152.09035901844987,80.0,220.0,EMS,MWH,VALID
2025-04-06 03:00:00,267.61887891978324,120.42849551390246,147.1903834058808,80.0,220.0,EMS,MWH,VALID
2025-04-06 04:00:00,285.74085271286685,128.5833837207901,157.1574689920768,80.0,220.0,EMS,MWH,VALID
2025-04-06 05:00:00,293.5596737245894,132.10185317606525,161.45782054852418,80.0,220.0,EMS,MWH,VALID
2025-04-06 06:00:00,356.5940674477509,160.4673303514879,196.126737096263,80.0,220.0,EMS,MWH,VALID
2025-04-06 07:00:00,333.7186768727591,150.1734045927416,183.5452722800175,80.0,220.0,EMS,MWH,VALID
2025-04-06 08:00:00,347.2431567193835,156.25942052372258,190.98373619566087,80.0,220.0,EMS,MWH,VALID
2025-04-06 09:00:00,368.13826963224346,165.66222133450955,202.4760482977339,80.0,220.0,EMS,MWH,VALID
2025-04-06 10:00:00,337.85353568598066,152.0340910586913,185.81944462728936,60.0,220.0,EMS,MWH,VALID
2025-04-06 11:00:00,337.8863999242601,152.04887996591705,185.83751995834308,60.0,220.0,EMS,MWH,VALID
2025-04-06 12:00:00,350.48321142164144,157.71744513973866,192.7657662819028,60.0,220.0,EMS,MWH,VALID
2025-04-06 13:00:00,337.0001203150381,151.65005414176716,185.35006617327096,60.0,220.0,EMS,MWH,VALID
2025-04-06 14:00:00,344.3095663323646,154.93930484956408,189.37026148280057,60.0,220.0,EMS,MWH,VALID
2025-04-06 15:00:00,333.1910362506943,149.93596631281244,183.2550699378819,60.0,220.0,EMS,MWH,VALID
2025-04-06 16:00:00,351.27866583784584,158.07539962703063,193.20326621081523,80.0,220.0,EMS,MWH,VALID
2025-04-06 17:00:00,402.9047881654034,181.3071546744316,221.5976334909719,80.0,220.0,EMS,MWH,VALID
2025-04-06 18:00:00,397.1851771909629,178.73332973593332,218.4518474550296,80.0,220.0,EMS,MWH,VALID
2025-04-06 19:00:00,431.1766051811556,194.02947233152003,237.1471328496356,80.0,220.0,EMS,MWH,VALID
2025-04-06 20:00:00,402.6803021428309,181.20613596427387,221.47416617855697,80.0,220.0,EMS,MWH,VALID
2025-04-06 21:00:00,357.14459776052126,160.71506899223456,196.4295287682867,80.0,220.0,EMS,MWH,VALID
2025-04-06 22:00:00,322.2141669946604,144.99637514759715,177.2177918470632,80.0,220.0,EMS,MWH,VALID
2025-04-06 23:00:00,290.6387404671845,130.78743321023302,159.8513072569515,80.0,220.0,EMS,MWH,VALID
2025-04-07 00:00:00,336.1669868971373,151.27514410371182,184.89184279342555,80.0,220.0,EMS,MWH,VALID
2025-04-07 01:00:00,332.16914533344266,149.4761154000492,182.6930299333935,80.0,220.0,EMS,MWH,VALID
2025-04-07 02:00:00,316.98213300125053,142.64195985056276,174.3401731506878,80.0,220.0,EMS,MWH,VALID
2025-04-07 03:00:00,350.5621508878655,157.7529678995395,192.80918298832609,80.0,220.0,EMS,MWH,VALID
2025-04-07 04:00:00,362.42971368438106,163.0933711579715,199.3363425264096,80.0,220.0,EMS,MWH,VALID
2025-04-07 05:00:00,365.7723250492325,164.59754627215463,201.1747787770779,80.0,220.0,EMS,MWH,VALID
2025-04-07 06:00:00,408.03991090951416,183.61795990928135,224.4219510002328,80.0,220.0,EMS,MWH,VALID
2025-04-07 07:00:00,429.1251059718661,193.1062976873397,236.0188082845264,80.0,220.0,EMS,MWH,VALID
2025-04-07 08:00:00,437.5588938677326,196.9015022404797,240.6573916272529,80.0,220.0,EMS,MWH,VALID
2025-04-07 09:00:00,458.3364480216708,206.25140160975187,252.08504641191897,80.0,220.0,EMS,MWH,VALID
2025-04-07 10:00:00,431.9267394507661,194.36703275284475,237.55970669792137,60.0,220.0,EMS,MWH,VALID
2025-04-07 11:00:00,418.123477502969,188.1555648763361,229.967912626633,60.0,220.0,EMS,MWH,VALID
2025-04-07 12:00:00,406.2518918257406,182.81335132158327,223.43854050415732,60.0,220.0,EMS,MWH,VALID
2025-04-07 13:00:00,418.3950645563556,188.27777905036004,230.1172855059956,60.0,220.0,EMS,MWH,VALID
2025-04-07 14:00:00,405.7011074578708,182.56549835604184,223.13560910182892,60.0,220.0,EMS,MWH,VALID
2025-04-07 15:00:00,417.6784660915922,187.9553097412165,229.72315635037572,60.0,220.0,EMS,MWH,VALID
2025-04-07 16:00:00,452.1850195987651,203.4832588194443,248.70176077932084,80.0,220.0,EMS,MWH,VALID
2025-04-07 17:00:00,503.7481825083973,226.6866821287788,277.0615003796185,80.0,220.0,EMS,MWH,VALID
2025-04-07 18:00:00,508.26096255089146,228.7174331479012,279.5435294029903,80.0,220.0,EMS,MWH,VALID
2025-04-07 19:00:00,551.6135584556711,248.226101305052,303.3874571506191,80.0,220.0,EMS,MWH,VALID
2025-04-07 20:00:00,513.5460411419052,231.09571851385732,282.4503226280479,80.0,220.0,EMS,MWH,VALID
2025-04-07 21:00:00,455.119269722312,204.8036713750404,250.31559834727165,80.0,220.0,EMS,MWH,VALID
2025-04-07 22:00:00,408.7754028648648,183.9489312891892,224.82647157567567,80.0,220.0,EMS,MWH,VALID
2025-04-07 23:00:00,385.217744626982,173.3479850821419,211.8697595448401,80.0,220.0,EMS,MWH,VALID
2025-04-08 00:00:00,327.4817345026345,147.36678052618552,180.114953976449,80.0,220.0,EMS,MWH,VALID
2025-04-08 01:00:00,303.0428154183225,136.36926693824512,166.6735484800774,80.0,220.0,EMS,MWH,VALID
2025-04-08 02:00:00,310.2253650450309,139.60141427026392,170.62395077476702,80.0,220.0,EMS,MWH,VALID
2025-04-08 03:00:00,320.9415098356484,144.4236794260418,176.51783040960663,80.0,220.0,EMS,MWH,VALID
2025-04-08 04:00:00,351.3830263921432,158.12236187646445,193.2606645156788,80.0,220.0,EMS,MWH,VALID
2025-04-08 05:00:00,361.3081154112861,162.58865193507876,198.71946347620735,80.0,220.0,EMS,MWH,VALID
2025-04-08 06:00:00,419.5963504100378,188.81835768451705,230.7779927255208,80.0,220.0,EMS,MWH,VALID
2025-04-08 07:00:00,442.6309555873444,199.183930014305,243.44702557303947,80.0,220.0,EMS,MWH,VALID
2025-04-08 08:00:00,452.34436002848855,203.55496201281983,248.78939801566872,80.0,220.0,EMS,MWH,VALID
2025-04-08 09:00:00,449.4087397459159,202.23393288566217,247.17480686025377,80.0,220.0,EMS,MWH,VALID
2025-04-08 10:00:00,428.0632144029879,192.62844648134453,235.43476792164336,60.0,220.0,EMS,MWH,VALID
2025-04-08 11:00:00,411.9746740303822,185.388603313672,226.58607071671025,60.0,220.0,EMS,MWH,VALID
2025-04-08 12:00:00,409.0631397887698,184.0784129049464,224.9847268838234,60.0,220.0,EMS,MWH,VALID
2025-04-08 13:00:00,386.395963202348,173.8781834410566,212.5177797612914,60.0,220.0,EMS,MWH,VALID
2025-04-08 14:00:00,386.3087144577692,173.83892150599613,212.46979295177303,60.0,220.0,EMS,MWH,VALID
2025-04-08 15:00:00,415.2457037139322,186.8605666712695,228.3851370426628,60.0,220.0,EMS,MWH,VALID
2025-04-08 16:00:00,443.3697183227124,199.5163732452206,243.85334507749184,80.0,220.0,EMS,MWH,VALID
2025-04-08 17:00:00,474.7343262575235,213.6304468158856,261.103879441638,80.0,220.0,EMS,MWH,VALID
2025-04-08 18:00:00,503.58117179903945,226.61152730956772,276.9696444894717,80.0,220.0,EMS,MWH,VALID
2025-04-08 19:00:00,541.4696636018575,243.6613486208359,297.8083149810217,80.0,220.0,EMS,MWH,VALID
2025-04-08 20:00:00,507.7395033538119,228.48277650921537,279.2567268445966,80.0,220.0,EMS,MWH,VALID
2025-04-08 21:00:00,447.1565231341502,201.2204354103676,245.9360877237826,80.0,220.0,EMS,MWH,VALID
2025-04-08 22:00:00,388.4801006424416,174.81604528909875,213.6640553533429,80.0,220.0,EMS,MWH,VALID
2025-04-08 23:00:00,348.65017398853934,156.8925782948427,191.75759569369663,80.0,220.0,EMS,MWH,VALID
2025-04-09 00:00:00,340.8408734818753,153.3783930668439,187.46248041503145,80.0,220.0,EMS,MWH,VALID
2025-04-09 01:00:00,317.74816986248425,142.9866764381179,174.76149342436634,80.0,220.0,EMS,MWH,VALID
2025-04-09 02:00:00,350.2527995950374,157.61375981776683,192.6390397772706,80.0,220.0,EMS,MWH,VALID
2025-04-09 03:00:00,342.72545990774233,154.22645695848405,188.4990029492583,80.0,220.0,EMS,MWH,VALID
2025-04-09 04:00:00,340.0841474243523,153.03786634095854,187.04628108339375,80.0,220.0,EMS,MWH,VALID
2025-04-09 05:00:00,352.1189530222579,158.45352886001606,193.66542416224183,80.0,220.0,EMS,MWH,VALID
2025-04-09 06:00:00,400.4451061949789,180.2002977877405,220.2448084072384,80.0,220.0,EMS,MWH,VALID
2025-04-09 07:00:00,426.3898978802705,191.8754540461217,234.5144438341488,80.0,220.0,EMS,MWH,VALID
2025-04-09 08:00:00,445.1835712561857,200.3326070652836,244.85096419090212,80.0,220.0,EMS,MWH,VALID
2025-04-09 09:00:00,441.44787740049327,198.651544830222,242.7963325702713,80.0,220.0,EMS,MWH,VALID
2025-04-09 10:00:00,436.42167774979936,196.3897549874097,240.03192276238968,60.0,220.0,EMS,MWH,VALID
2025-04-09 11:00:00,406.70865477321945,183.0188946479488,223.6897601252707,60.0,220.0,EMS,MWH,VALID
2025-04-09 12:00:00,409.3472748310976,184.20627367399396,225.1410011571037,60.0,220.0,EMS,MWH,VALID
2025-04-09 13:00:00,421.0842998352565,189.4879349258654,231.59636490939107,60.0,220.0,EMS,MWH,VALID
2025-04-09 14:00:00,399.3629163225091,179.71331234512908,219.64960397738,60.0,220.0,EMS,MWH,VALID
2025-04-09 15:00:00,403.5859622601299,181.6136830170585,221.97227924307148,60.0,220.0,EMS,MWH,VALID
2025-04-09 16:00:00,467.78382111522166,210.50271950184973,257.281101613372,80.0,220.0,EMS,MWH,VALID
2025-04-09 17:00:00,474.4632989605669,213.5084845322551,260.9548144283118,80.0,220.0,EMS,MWH,VALID
2025-04-09 18:00:00,522.8175511803377,235.267898031152,287.54965314918576,80.0,220.0,EMS,MWH,VALID
2025-04-09 19:00:00,520.906870460152,234.4080917070684,286.4987787530836,80.0,220.0,EMS,MWH,VALID
2025-04-09 20:00:00,493.4247824338762,222.04115209524429,271.3836303386319,80.0,220.0,EMS,MWH,VALID
2025-04-09 21:00:00,461.237920832791,207.55706437475595,253.6808564580351,80.0,220.0,EMS,MWH,VALID
2025-04-09 22:00:00,415.0356163985203,186.76602737933413,228.26958901918616,80.0,220.0,EMS,MWH,VALID
2025-04-09 23:00:00,345.27804982888125,155.37512242299655,189.9029274058847,80.0,220.0,EMS,MWH,VALID
2025-04-10 00:00:00,299.7861516780316,134.90376825511422,164.88238342291737,80.0,220.0,EMS,MWH,VALID
2025-04-10 01:00:00,339.2568108725925,152.66556489266665,186.59124597992596,80.0,220.0,EMS,MWH,VALID
2025-04-10 02:00:00,349.62083820938085,157.3293771942214,192.29146101515948,80.0,220.0,EMS,MWH,VALID
2025-04-10 03:00:00,334.1321076224351,150.3594484300958,183.7726591923393,80.0,220.0,EMS,MWH,VALID
2025-04-10 04:00:00,338.3293568618189,152.24821058781853,186.08114627400045,80.0,220.0,EMS,MWH,VALID
2025-04-10 05:00:00,363.1401040923523,163.41304684155855,199.7270572507938,80.0,220.0,EMS,MWH,VALID
2025-04-10 06:00:00,407.0808958223531,183.1864031200589,223.89449270229423,80.0,220.0,EMS,MWH,VALID
2025-04-10 07:00:00,438.0354102020161,197.11593459090727,240.91947561110888,80.0,220.0,EMS,MWH,VALID
2025-04-10 08:00:00,438.27538196740255,197.22392188533115,241.05146008207143,80.0,220.0,EMS,MWH,VALID
2025-04-10 09:00:00,431.8111771279013,194.3150297075556,237.49614742034572,80.0,220.0,EMS,MWH,VALID
2025-04-10 10:00:00,410.48289328899847,184.7173019800493,225.7655913089492,60.0,220.0,EMS,MWH,VALID
2025-04-10 11:00:00,418.1351793257145,188.16083069657157,229.97434862914295,60.0,220.0,EMS,MWH,VALID
2025-04-10 12:00:00,429.8009366011128,193.41042147050075,236.39051513061204,60.0,220.0,EMS,MWH,VALID
2025-04-10 13:00:00,373.01820691046015,167.85819310970706,205.1600138007531,60.0,220.0,EMS,MWH,VALID
2025-04-10 14:00:00,394.6699351474598,177.6014708163569,217.0684643311029,60.0,220.0,EMS,MWH,VALID
2025-04-10 15:00:00,431.29028085122536,194.08062638305145,237.209654468174,60.0,220.0,EMS,MWH,VALID
2025-04-10 16:00:00,429.6341528182933,193.335368768232,236.29878405006133,80.0,220.0,EMS,MWH,VALID
2025-04-10 17:00:00,486.57132974707855,218.95709838618532,267.6142313608932,80.0,220.0,EMS,MWH,VALID
2025-04-10 18:00:00,502.237906302354,226.0070578360593,276.2308484662947,80.0,220.0,EMS,MWH,VALID
2025-04-10 19:00:00,507.855071757282,228.5347822907769,279.3202894665052,80.0,220.0,EMS,MWH,VALID
2025-04-10 20:00:00,505.7112554518343,227.57006495332544,278.1411904985089,80.0,220.0,EMS,MWH,VALID
2025-04-10 21:00:00,431.62839734718193,194.23277880623183,237.39561854095007,80.0,220.0,EMS,MWH,VALID
2025-04-10 22:00:00,396.0397691782352,178.21789613020584,217.82187304802935,80.0,220.0,EMS,MWH,VALID
2025-04-10 23:00:00,359.0328250514874,161.56477127316933,197.46805377831808,80.0,220.0,EMS,MWH,VALID
2025-04-11 00:00:00,355.7120655818807,160.07042951184633,195.6416360700344,80.0,220.0,EMS,MWH,VALID
2025-04-11 01:00:00,321.2892746112436,144.5801735750596,176.70910103618397,80.0,220.0,EMS,MWH,VALID
2025-04-11 02:00:00,322.77425846676044,145.24841631004222,177.52584215671826,80.0,220.0,EMS,MWH,VALID
2025-04-11 03:00:00,343.11575242680385,154.40208859206174,188.7136638347421,80.0,220.0,EMS,MWH,VALID
2025-04-11 04:00:00,347.47607917579,156.3642356291055,191.11184354668453,80.0,220.0,EMS,MWH,VALID
2025-04-11 05:00:00,352.0659206013896,158.4296642706253,193.63625633076427,80.0,220.0,EMS,MWH,VALID
2025-04-11 06:00:00,385.6251578490181,173.53132103205814,212.09383681696,80.0,220.0,EMS,MWH,VALID
2025-04-11 07:00:00,417.6556748981412,187.9450537041636,229.7106211939777,80.0,220.0,EMS,MWH,VALID
2025-04-11 08:00:00,447.5977088276865,201.4189689724589,246.1787398552276,80.0,220.0,EMS,MWH,VALID
2025-04-11 09:00:00,455.8841222336082,205.1478550051237,250.7362672284845,80.0,220.0,EMS,MWH,VALID
2025-04-11 10:00:00,421.5444924999524,189.69502162497855,231.84947087497383,60.0,220.0,EMS,MWH,VALID
2025-04-11 11:00:00,407.6383873959826,183.43727432819216,224.20111306779043,60.0,220.0,EMS,MWH,VALID
2025-04-11 12:00:00,428.7608481849751,192.9423816832388,235.8184665017363,60.0,220.0,EMS,MWH,VALID
2025-04-11 13:00:00,403.53296396568834,181.58983378455972,221.9431301811286,60.0,220.0,EMS,MWH,VALID
2025-04-11 14:00:00,418.8329355903342,188.4748210156504,230.35811457468384,60.0,220.0,EMS,MWH,VALID
2025-04-11 15:00:00,421.0973062501774,189.49378781257985,231.6035184375976,60.0,220.0,EMS,MWH,VALID
2025-04-11 16:00:00,440.4077648137237,198.18349416617568,242.22427064754805,80.0,220.0,EMS,MWH,VALID
2025-04-11 17:00:00,491.069593213066,220.9813169458797,270.0882762671863,80.0,220.0,EMS,MWH,VALID
2025-04-11 18:00:00,508.1491236596019,228.6671056468209,279.48201801278105,80.0,220.0,EMS,MWH,VALID
2025-04-11 19:00:00,525.3142454064225,236.39141043289013,288.9228349735324,80.0,220.0,EMS,MWH,VALID
2025-04-11 20:00:00,480.5565345194885,216.25044053376985,264.3060939857187,80.0,220.0,EMS,MWH,VALID
2025-04-11 21:00:00,432.3722996919434,194.56753486137453,237.8047648305689,80.0,220.0,EMS,MWH,VALID
2025-04-11 22:00:00,382.4077494124671,172.08348723561022,210.32426217685693,80.0,220.0,EMS,MWH,VALID
2025-04-11 23:00:00,343.2099309452866,154.44446892537897,188.7654620199077,80.0,220.0,EMS,MWH,VALID
2025-04-12 00:00:00,289.22819934110555,130.15268970349751,159.07550963760806,80.0,220.0,EMS,MWH,VALID
2025-04-12 01:00:00,259.8973825937646,116.95382216719406,142.94356042657054,80.0,220.0,EMS,MWH,VALID
2025-04-12 02:00:00,268.2213608892539,120.69961240016426,147.52174848908965,80.0,220.0,EMS,MWH,VALID
2025-04-12 03:00:00,285.54680019913053,128.49606008960873,157.0507401095218,80.0,220.0,EMS,MWH,VALID
2025-04-12 04:00:00,301.7797910647569,135.80090597914062,165.97888508561633,80.0,220.0,EMS,MWH,VALID
2025-04-12 05:00:00,294.8398823414741,132.67794705366336,162.16193528781076,80.0,220.0,EMS,MWH,VALID
2025-04-12 06:00:00,321.4964824247652,144.67341709114433,176.82306533362086,80.0,220.0,EMS,MWH,VALID
2025-04-12 07:00:00,334.8633211321973,150.6884945094888,184.1748266227085,80.0,220.0,EMS,MWH,VALID
2025-04-12 08:00:00,344.7879319525382,155.1545693786422,189.633362573896,80.0,220.0,EMS,MWH,VALID
2025-04-12 09:00:00,383.061528581471,172.37768786166197,210.68384071980907,80.0,220.0,EMS,MWH,VALID
2025-04-12 10:00:00,316.0837361539467,142.237681269276,173.84605488467068,60.0,220.0,EMS,MWH,VALID
2025-04-12 11:00:00,349.68729955958975,157.3592848018154,192.3280147577744,60.0,220.0,EMS,MWH,VALID
2025-04-12 12:00:00,285.0649092662958,128.2792091698331,156.7857000964627,60.0,220.0,EMS,MWH,VALID
2025-04-12 13:00:00,276.84810176098324,124.58164579244246,152.26645596854078,60.0,220.0,EMS,MWH,VALID
2025-04-12 14:00:00,322.4081359108072,145.08366115986323,177.32447475094395,60.0,220.0,EMS,MWH,VALID
2025-04-12 15:00:00,349.6269517256527,157.33212827654373,192.294823449109,60.0,220.0,EMS,MWH,VALID
2025-04-12 16:00:00,366.7674883191929,165.04536974363683,201.72211857555607,80.0,220.0,EMS,MWH,VALID
2025-04-12 17:00:00,406.5638383737368,182.9537272681816,223.6101111055553,80.0,220.0,EMS,MWH,VALID
2025-04-12 18:00:00,409.4364347160778,184.246395622235,225.1900390938428,80.0,220.0,EMS,MWH,VALID
2025-04-12 19:00:00,416.0875991402711,187.239419613122,228.8481795271491,80.0,220.0,EMS,MWH,VALID
2025-04-12 20:00:00,410.91383612639487,184.91122625687768,226.0026098695172,80.0,220.0,EMS,MWH,VALID
2025-04-12 21:00:00,387.427836138608,174.34252626237358,213.0853098762344,80.0,220.0,EMS,MWH,VALID
2025-04-12 22:00:00,347.15774480196865,156.2209851608859,190.9367596410828,80.0,220.0,EMS,MWH,VALID
2025-04-12 23:00:00,281.83020180557287,126.8235908125078,155.0066109930651,80.0,220.0,EMS,MWH,VALID
2025-04-13 00:00:00,271.73089508298096,122.27890278734144,149.45199229563954,80.0,220.0,EMS,MWH,VALID
2025-04-13 01:00:00,289.1653568511268,130.12441058300706,159.04094626811974,80.0,220.0,EMS,MWH,VALID
2025-04-13 02:00:00,281.3572791342815,126.61077561042669,154.74650352385484,80.0,220.0,EMS,MWH,VALID
2025-04-13 03:00:00,252.4960501343051,113.6232225604373,138.87282757386782,80.0,220.0,EMS,MWH,VALID
2025-04-13 04:00:00,293.88194360584345,132.24687462262955,161.6350689832139,80.0,220.0,EMS,MWH,VALID
2025-04-13 05:00:00,286.8314140627432,129.07413632823443,157.75727773450876,80.0,220.0,EMS,MWH,VALID
2025-04-13 06:00:00,328.8165031624573,147.9674264231058,180.84907673935157,80.0,220.0,EMS,MWH,VALID
2025-04-13 07:00:00,359.2697028551624,161.67136628482308,197.5983365703393,80.0,220.0,EMS,MWH,VALID
2025-04-13 08:00:00,381.3290846916559,171.59808811124518,209.7309965804108,80.0,220.0,EMS,MWH,VALID
2025-04-13 09:00:00,368.2626325064809,165.7181846279164,202.5444478785645,80.0,220.0,EMS,MWH,VALID
2025-04-13 10:00:00,360.0081612725569,162.0036725726506,198.00448869990632,60.0,220.0,EMS,MWH,VALID
2025-04-13 11:00:00,293.38661149545743,132.02397517295586,161.3626363225016,60.0,220.0,EMS,MWH,VALID
2025-04-13 12:00:00,337.0785286099345,151.68533787447052,185.393190735464,60.0,220.0,EMS,MWH,VALID
2025-04-13 13:00:00,352.7059330292792,158.71766986317564,193.9882631661036,60.0,220.0,EMS,MWH,VALID
2025-04-13 14:00:00,339.90619398294183,152.9577872923238,186.948406690618,60.0,220.0,EMS,MWH,VALID
2025-04-13 15:00:00,282.7275209355412,127.22738442099352,155.50013651454765,60.0,220.0,EMS,MWH,VALID
2025-04-13 16:00:00,365.6789888456979,164.55554498056406,201.12344386513388,80.0,220.0,EMS,MWH,VALID
2025-04-13 17:00:00,387.0583206774267,174.17624430484202,212.88207637258472,80.0,220.0,EMS,MWH,VALID
2025-04-13 18:00:00,432.8881230575611,194.7996553759025,238.0884676816586,80.0,220.0,EMS,MWH,VALID
2025-04-13 19:00:00,439.2391028795468,197.65759629579605,241.58150658375075,65.6,220.0,EMS,MWH,VALID
2025-04-13 20:00:00,416.2290502235334,187.30307260059004,228.9259776229434,65.6,220.0,EMS,MWH,VALID
2025-04-13 21:00:00,350.7549414564076,157.83972365538344,192.9152178010242,80.0,220.0,EMS,MWH,VALID
2025-04-13 22:00:00,330.00517167789934,148.5023272550547,181.50284442284465,80.0,220.0,EMS,MWH,VALID
2025-04-13 23:00:00,280.8650108612595,126.3892548875668,154.47575597369274,80.0,220.0,EMS,MWH,VALID
2025-04-14 00:00:00,315.66585216462016,142.0496334740791,173.6162186905411,80.0,220.0,EMS,MWH,VALID
2025-04-14 01:00:00,328.1531290898729,147.6689080904428,180.4842209994301,80.0,220.0,EMS,MWH,VALID
2025-04-14 02:00:00,339.2441237095887,152.6598556693149,186.5842680402738,80.0,220.0,EMS,MWH,VALID
2025-04-14 03:00:00,338.1275224923272,152.15738512154724,185.97013737077995,80.0,220.0,EMS,MWH,VALID
2025-04-14 04:00:00,335.9575047709897,151.18087714694536,184.77662762404435,80.0,220.0,EMS,MWH,VALID
2025-04-14 05:00:00,363.84188256098827,163.72884715244473,200.1130354085436,80.0,220.0,EMS,MWH,VALID
2025-04-14 06:00:00,417.06168286971246,187.6777572913706,229.38392557834183,80.0,220.0,EMS,MWH,VALID
2025-04-14 07:00:00,421.7529009017372,189.78880540578172,231.96409549595543,80.0,220.0,EMS,MWH,VALID
2025-04-14 08:00:00,426.07804171207647,191.7351187704344,234.3429229416421,80.0,220.0,EMS,MWH,VALID
2025-04-14 09:00:00,449.7369733600268,202.38163801201208,247.3553353480148,80.0,220.0,EMS,MWH,VALID
2025-04-14 10:00:00,419.27105625983535,188.6719753169259,230.59908094290947,60.0,220.0,EMS,MWH,VALID
2025-04-14 11:00:00,421.0532383367564,189.4739572515404,231.579281085216,60.0,220.0,EMS,MWH,VALID
2025-04-14 12:00:00,386.6962458398976,174.01331062795396,212.6829352119437,60.0,220.0,EMS,MWH,VALID
2025-04-14 13:00:00,378.1801425167435,170.18106413253457,207.99907838420893,60.0,220.0,EMS,MWH,VALID
2025-04-14 14:00:00,398.4396496763191,179.2978423543436,219.14180732197556,60.0,220.0,EMS,MWH,VALID
2025-04-14 15:00:00,432.8634969851458,194.7885736433156,238.0749233418302,60.0,220.0,EMS,MWH,VALID
2025-04-14 16:00:00,434.1442728725492,195.36492279264715,238.7793500799021,80.0,220.0,EMS,MWH,VALID
2025-04-14 17:00:00,489.35523467583823,220.2098556041272,269.14537907171103,80.0,220.0,EMS,MWH,VALID
2025-04-14 18:00:00,512.9291120899557,230.81810044048004,282.11101164947564,80.0,220.0,EMS,MWH,VALID
2025-04-14 19:00:00,499.6221594434795,224.8299717495658,274.7921876939138,80.0,220.0,EMS,MWH,VALID
2025-04-14 20:00:00,498.9001058005981,224.50504761026917,274.395058190329,80.0,220.0,EMS,MWH,VALID
2025-04-14 21:00:00,467.1950196449497,210.23775884022737,256.95726080472235,80.0,220.0,EMS,MWH,VALID
2025-04-14 22:00:00,402.86528604727823,181.2893787212752,221.57590732600303,80.0,220.0,EMS,MWH,VALID
2025-04-14 23:00:00,378.1166476089775,170.15249142403988,207.9641561849376,80.0,220.0,EMS,MWH,VALID
2025-04-15 00:00:00,332.9558866487436,149.83014899193464,183.125737656809,80.0,220.0,EMS,MWH,VALID
2025-04-15 01:00:00,348.4071054387944,156.7831974474575,191.62390799133692,80.0,220.0,EMS,MWH,VALID
2025-04-15 02:00:00,335.6868320418746,151.05907441884358,184.62775762303104,80.0,220.0,EMS,MWH,VALID
2025-04-15 03:00:00,311.96908998066806,140.38609049130062,171.58299948936744,80.0,220.0,EMS,MWH,VALID
2025-04-15 04:00:00,329.9761782823021,148.48928022703595,181.48689805526615,80.0,220.0,EMS,MWH,VALID
2025-04-15 05:00:00,378.6325617084795,170.38465276881578,208.24790893966372,80.0,220.0,EMS,MWH,VALID
2025-04-15 06:00:00,385.6653147956134,173.54939165802605,212.1159231375874,80.0,220.0,EMS,MWH,VALID
2025-04-15 07:00:00,431.0905147394522,193.9907316327535,237.09978310669877,80.0,220.0,EMS,MWH,VALID
2025-04-15 08:00:00,457.13525610468486,205.7108652471082,251.4243908575767,80.0,220.0,EMS,MWH,VALID
2025-04-15 09:00:00,448.47350214646576,201.8130759659096,246.6604261805562,80.0,220.0,EMS,MWH,VALID
2025-04-15 10:00:00,427.71610365718016,192.47224664573108,235.2438570114491,60.0,220.0,EMS,MWH,VALID
2025-04-15 11:00:00,423.8045990358804,190.7120695661462,233.09252946973425,60.0,220.0,EMS,MWH,VALID
2025-04-15 12:00:00,407.88034676213823,183.5461560429622,224.33419071917604,60.0,220.0,EMS,MWH,VALID
2025-04-15 13:00:00,418.7524252202564,188.43859134911537,230.31383387114104,60.0,220.0,EMS,MWH,VALID
2025-04-15 14:00:00,393.4828467853417,177.06728105340375,216.41556573193796,60.0,220.0,EMS,MWH,VALID
2025-04-15 15:00:00,411.2043291478744,185.04194811654347,226.1623810313309,60.0,220.0,EMS,MWH,VALID
2025-04-15 16:00:00,466.1082434375776,209.7487095469099,256.3595338906677,80.0,220.0,EMS,MWH,VALID
2025-04-15 17:00:00,501.9060887161753,225.85773992227885,276.0483487938964,80.0,220.0,EMS,MWH,VALID
2025-04-15 18:00:00,512.0443835103255,230.41997257964647,281.62441093067906,80.0,220.0,EMS,MWH,VALID
2025-04-15 19:00:00,508.7470901187937,228.9361905534572,279.81089956533657,80.0,220.0,EMS,MWH,VALID
2025-04-15 20:00:00,514.7064705806175,231.6179117612779,283.08855881933965,80.0,220.0,EMS,MWH,VALID
2025-04-15 21:00:00,482.62780422146375,217.1825118996587,265.4452923218051,80.0,220.0,EMS,MWH,VALID
2025-04-15 22:00:00,378.8832257424767,170.49745158411454,208.3857741583622,80.0,220.0,EMS,MWH,VALID
2025-04-15 23:00:00,374.9781693953698,168.7401762279164,206.2379931674534,80.0,220.0,EMS,MWH,VALID
2025-04-16 00:00:00,338.7190250503046,152.42356127263707,186.29546377766755,80.0,220.0,EMS,MWH,VALID
2025-04-16 01:00:00,318.46651650012586,143.30993242505664,175.15658407506925,80.0,220.0,EMS,MWH,VALID
2025-04-16 02:00:00,345.59599004700254,155.51819552115114,190.0777945258514,80.0,220.0,EMS,MWH,VALID
2025-04-16 03:00:00,320.4891946585381,144.22013759634214,176.26905706219597,80.0,220.0,EMS,MWH,VALID
2025-04-16 04:00:00,337.9593795561406,152.08172080026327,185.87765875587732,80.0,220.0,EMS,MWH,VALID
2025-04-16 05:00:00,360.11319122641584,162.0509360518871,198.06225517452876,80.0,220.0,EMS,MWH,VALID
2025-04-16 06:00:00,379.4495653890359,170.75230442506617,208.69726096396977,80.0,220.0,EMS,MWH,VALID
2025-04-16 07:00:00,430.3958300778983,193.67812353505423,236.7177065428441,80.0,220.0,EMS,MWH,VALID
2025-04-16 08:00:00,436.0120332268874,196.20541495209932,239.8066182747881,80.0,220.0,EMS,MWH,VALID
2025-04-16 09:00:00,444.2850604345976,199.9282771955689,244.3567832390287,80.0,220.0,EMS,MWH,VALID
2025-04-16 10:00:00,452.7253719224397,203.72641736509783,248.99895455734185,60.0,220.0,EMS,MWH,VALID
2025-04-16 11:00:00,428.8030500367756,192.96137251654903,235.84167752022665,60.0,220.0,EMS,MWH,VALID
2025-04-16 12:00:00,418.2883694095169,188.2297662342826,230.0586031752343,60.0,220.0,EMS,MWH,VALID
2025-04-16 13:00:00,421.0517188556022,189.473273485021,231.5784453705812,60.0,220.0,EMS,MWH,VALID
2025-04-16 14:00:00,429.7787338135398,193.40043021609293,236.3783035974469,60.0,220.0,EMS,MWH,VALID
2025-04-16 15:00:00,395.0894978613987,177.79027403762942,217.2992238237693,60.0,220.0,EMS,MWH,VALID
2025-04-16 16:00:00,446.3950848292788,200.87778817317547,245.51729665610333,80.0,220.0,EMS,MWH,VALID
2025-04-16 17:00:00,465.0386521217752,209.26739345479885,255.7712586669764,80.0,220.0,EMS,MWH,VALID
2025-04-16 18:00:00,503.7583828542279,226.69127228440252,277.06711056982533,80.0,220.0,EMS,MWH,VALID
2025-04-16 19:00:00,506.7706322952208,228.04678453284936,278.72384776237146,80.0,220.0,EMS,MWH,VALID
2025-04-16 20:00:00,529.4245562953037,238.24105033288663,291.18350596241703,80.0,220.0,EMS,MWH,VALID
2025-04-16 21:00:00,423.8497966096167,190.73240847432749,233.1173881352892,80.0,220.0,EMS,MWH,VALID
2025-04-16 22:00:00,401.363325465624,180.6134964595308,220.7498290060932,80.0,220.0,EMS,MWH,VALID
2025-04-16 23:00:00,386.058238609536,173.72620737429122,212.33203123524484,80.0,220.0,EMS,MWH,VALID
2025-04-17 00:00:00,330.0679332733516,148.53056997300823,181.5373633003434,80.0,220.0,EMS,MWH,VALID
2025-04-17 01:00:00,293.76296440032786,132.19333398014754,161.56963042018037,80.0,220.0,EMS,MWH,VALID
2025-04-17 02:00:00,363.1622682241568,163.42302070087055,199.73924752328625,80.0,220.0,EMS,MWH,VALID
2025-04-17 03:00:00,362.7863310469484,163.25384897112676,199.5324820758216,80.0,220.0,EMS,MWH,VALID
2025-04-17 04:00:00,328.99509851828054,148.04779433322625,180.94730418505432,80.0,220.0,EMS,MWH,VALID
2025-04-17 05:00:00,378.8763079108972,170.49433855990375,208.38196935099347,80.0,220.0,EMS,MWH,VALID
2025-04-17 06:00:00,400.6249034710201,180.28120656195904,220.34369690906107,80.0,220.0,EMS,MWH,VALID
2025-04-17 07:00:00,411.9461331470863,185.37575991618883,226.57037323089747,80.0,220.0,EMS,MWH,VALID
2025-04-17 08:00:00,467.409072783584,210.3340827526128,257.0749900309712,80.0,220.0,EMS,MWH,VALID
2025-04-17 09:00:00,443.8030958952591,199.7113931528666,244.09170274239253,80.0,220.0,EMS,MWH,VALID
2025-04-17 10:00:00,435.3702067650681,195.91659304428063,239.45361372078747,60.0,220.0,EMS,MWH,VALID
2025-04-17 11:00:00,427.7210151645887,192.47445682406493,235.24655834052385,60.0,220.0,EMS,MWH,VALID
2025-04-17 12:00:00,416.6226953180428,187.48021289311927,229.1424824249236,60.0,220.0,EMS,MWH,VALID
2025-04-17 13:00:00,415.1543424708408,186.8194541118784,228.33488835896244,60.0,220.0,EMS,MWH,VALID
2025-04-17 14:00:00,392.89163035051473,176.80123365773164,216.09039669278312,60.0,220.0,EMS,MWH,VALID
2025-04-17 15:00:00,380.5289619250316,171.2380328662642,209.29092905876735,60.0,220.0,EMS,MWH,VALID
2025-04-17 16:00:00,431.91293191146286,194.3608193601583,237.5521125513046,80.0,220.0,EMS,MWH,VALID
2025-04-17 17:00:00,491.3444098296032,221.1049844233214,270.2394254062817,80.0,220.0,EMS,MWH,VALID
2025-04-17 18:00:00,496.63729625181605,223.48678331331723,273.1505129384989,80.0,220.0,EMS,MWH,VALID
2025-04-17 19:00:00,522.7129375803338,235.2208219111502,287.4921156691836,80.0,220.0,EMS,MWH,VALID
2025-04-17 20:00:00,503.6123372216591,226.62555174974665,276.9867854719125,80.0,220.0,EMS,MWH,VALID
2025-04-17 21:00:00,448.9926529456364,202.0466938255364,246.94595912010004,80.0,220.0,EMS,MWH,VALID
2025-04-17 22:00:00,417.7719448034432,187.99737516154943,229.77456964189372,80.0,220.0,EMS,MWH,VALID
2025-04-17 23:00:00,354.52037372765875,159.53416817744645,194.98620555021236,80.0,220.0,EMS,MWH,VALID
2025-04-18 00:00:00,329.3048617550423,148.18718778976904,181.11767396527327,80.0,220.0,EMS,MWH,VALID
2025-04-18 01:00:00,334.7656003608884,150.6445201623998,184.12108019848864,80.0,220.0,EMS,MWH,VALID
2025-04-18 02:00:00,334.26244335430886,150.418099509439,183.84434384486988,80.0,220.0,EMS,MWH,VALID
2025-04-18 03:00:00,313.58053679685446,141.1112415585845,172.46929523826998,80.0,220.0,EMS,MWH,VALID
2025-04-18 04:00:00,364.14540503322416,163.86543226495087,200.2799727682733,80.0,220.0,EMS,MWH,VALID
2025-04-18 05:00:00,377.8878388695803,170.04952749131115,207.8383113782692,80.0,220.0,EMS,MWH,VALID
2025-04-18 06:00:00,383.5274837861764,172.5873677037794,210.94011608239703,80.0,220.0,EMS,MWH,VALID
2025-04-18 07:00:00,439.0672127340959,197.58024573034317,241.48696700375277,80.0,220.0,EMS,MWH,VALID
2025-04-18 08:00:00,447.50443060582825,201.3769937726227,246.1274368332056,80.0,220.0,EMS,MWH,VALID
2025-04-18 09:00:00,463.3323893269653,208.4995751971344,254.83281412983092,80.0,220.0,EMS,MWH,VALID
2025-04-18 10:00:00,455.31584871638665,204.892131922374,250.42371679401268,60.0,220.0,EMS,MWH,VALID
2025-04-18 11:00:00,395.0518587406542,177.7733364332944,217.27852230735985,60.0,220.0,EMS,MWH,VALID
2025-04-18 12:00:00,434.4818357349586,195.5168260807314,238.9650096542273,60.0,220.0,EMS,MWH,VALID
2025-04-18 13:00:00,430.373388549858,193.6680248474361,236.7053637024219,60.0,220.0,EMS,MWH,VALID
2025-04-18 14:00:00,395.722942722166,178.07532422497468,217.6476184971913,60.0,220.0,EMS,MWH,VALID
2025-04-18 15:00:00,385.2883669544169,173.37976512948762,211.9086018249293,60.0,220.0,EMS,MWH,VALID
2025-04-18 16:00:00,443.100361680962,199.39516275643288,243.7051989245291,80.0,220.0,EMS,MWH,VALID
2025-04-18 17:00:00,483.8318297167775,217.72432337254983,266.1075063442276,80.0,220.0,EMS,MWH,VALID
2025-04-18 18:00:00,499.7745691134429,224.8985561010493,274.8760130123936,80.0,220.0,EMS,MWH,VALID
2025-04-18 19:00:00,512.1349682927992,230.46073573175963,281.6742325610396,80.0,220.0,EMS,MWH,VALID
2025-04-18 20:00:00,509.0630438824654,229.07836974710943,279.984674135356,80.0,220.0,EMS,MWH,VALID
2025-04-18 21:00:00,450.3762878681988,202.66932954068943,247.70695832750937,80.0,220.0,EMS,MWH,VALID
2025-04-18 22:00:00,388.8648182352524,174.9891682058636,213.87565002938885,80.0,220.0,EMS,MWH,VALID
2025-04-18 23:00:00,372.8177680250608,167.76799561127737,205.04977241378347,80.0,220.0,EMS,MWH,VALID
2025-04-19 00:00:00,272.62495566441646,122.68123004898742,149.94372561542906,80.0,220.0,EMS,MWH,VALID
2025-04-19 01:00:00,299.67891984983726,134.85551393242676,164.8234059174105,80.0,220.0,EMS,MWH,VALID
2025-04-19 02:00:00,304.01601997354123,136.80720898809355,167.20881098544768,80.0,220.0,EMS,MWH,VALID
2025-04-19 03:00:00,278.36586074813664,125.2646373366615,153.10122341147516,80.0,220.0,EMS,MWH,VALID
2025-04-19 04:00:00,280.1979045886412,126.08905706488852,154.10884752375264,80.0,220.0,EMS,MWH,VALID
2025-04-19 05:00:00,299.1751137526266,134.62880118868196,164.54631256394464,80.0,220.0,EMS,MWH,VALID
2025-04-19 06:00:00,315.1739066554912,141.82825799497104,173.34564866052017,80.0,220.0,EMS,MWH,VALID
2025-04-19 07:00:00,359.9447032367368,161.97511645653154,197.9695867802052,57.6,220.0,EMS,MWH,VALID
2025-04-19 08:00:00,358.97558364237204,161.53901263906744,197.43657100330464,57.6,220.0,EMS,MWH,VALID
2025-04-19 09:00:00,373.3501366067937,168.00756147305717,205.34257513373652,57.6,220.0,EMS,MWH,VALID
2025-04-19 10:00:00,346.3641956018258,155.86388802082163,190.50030758100425,43.2,220.0,EMS,MWH,VALID
2025-04-19 11:00:00,331.54021229197457,149.19309553138856,182.34711676058603,43.2,220.0,EMS,MWH,VALID
2025-04-19 12:00:00,277.8247306119062,125.0211287753578,152.80360183654844,43.2,220.0,EMS,MWH,VALID
2025-04-19 13:00:00,327.48189043105555,147.366850693975,180.11503973708056,60.0,220.0,EMS,MWH,VALID
2025-04-19 14:00:00,340.64977174231086,153.29239728403988,187.35737445827095,60.0,220.0,EMS,MWH,VALID
2025-04-19 15:00:00,349.2786885764553,157.17540985940488,192.1032787170504,60.0,220.0,EMS,MWH,VALID
2025-04-19 16:00:00,363.4391208351276,163.54760437580742,199.8915164593202,80.0,220.0,EMS,MWH,VALID
2025-04-19 17:00:00,396.32929965624254,178.3481848453091,217.9811148109334,80.0,220.0,EMS,MWH,VALID
2025-04-19 18:00:00,428.4667331989128,192.81002993951077,235.65670325940204,80.0,220.0,EMS,MWH,VALID
2025-04-19 19:00:00,418.3475769473452,188.25640962630536,230.09116732103988,80.0,220.0,EMS,MWH,VALID
2025-04-19 20:00:00,411.4107122998906,185.1348205349508,226.27589176493987,80.0,220.0,EMS,MWH,VALID
2025-04-19 21:00:00,366.02935637600456,164.71321036920205,201.3161460068025,80.0,220.0,EMS,MWH,VALID
2025-04-19 22:00:00,317.25361145427485,142.76412515442368,174.48948629985117,80.0,220.0,EMS,MWH,VALID
2025-04-19 23:00:00,310.06160605364744,139.52772272414134,170.5338833295061,80.0,220.0,EMS,MWH,VALID
2025-04-20 00:00:00,298.1916913910472,134.1862611259712,164.00543026507594,80.0,220.0,EMS,MWH,VALID
2025-04-20 01:00:00,288.283573797093,129.72760820869186,158.55596558840116,80.0,220.0,EMS,MWH,VALID
2025-04-20 02:00:00,284.3627736450096,127.96324814025432,156.3995255047553,80.0,220.0,EMS,MWH,VALID
2025-04-20 03:00:00,279.5218386741384,125.78482740336229,153.73701127077612,80.0,220.0,EMS,MWH,VALID
2025-04-20 04:00:00,285.34004480154965,128.40302016069734,156.93702464085231,80.0,220.0,EMS,MWH,VALID
2025-04-20 05:00:00,303.3289648318158,136.49803417431713,166.83093065749873,80.0,220.0,EMS,MWH,VALID
2025-04-20 06:00:00,331.3649834122381,149.11424253550717,182.25074087673096,80.0,220.0,EMS,MWH,VALID
2025-04-20 07:00:00,370.0448736855064,166.52019315847787,203.5246805270285,80.0,220.0,EMS,MWH,VALID
2025-04-20 08:00:00,367.8804548134368,165.54620466604655,202.33425014739024,80.0,220.0,EMS,MWH,VALID
2025-04-20 09:00:00,371.9662980195794,167.38483410881074,204.5814639107687,80.0,220.0,EMS,MWH,VALID
2025-04-20 10:00:00,371.9861758996342,167.3937791548354,204.59239674479883,60.0,220.0,EMS,MWH,VALID
2025-04-20 11:00:00,334.15498802655327,150.369744611949,183.7852434146043,60.0,220.0,EMS,MWH,VALID
2025-04-20 12:00:00,300.15209757355615,135.06844390810028,165.0836536654559,60.0,220.0,EMS,MWH,VALID
2025-04-20 13:00:00,326.4564758414747,146.9054141286636,179.5510617128111,60.0,220.0,EMS,MWH,VALID
2025-04-20 14:00:00,280.71650375547904,126.32242668996555,154.39407706551347,60.0,220.0,EMS,MWH,VALID
2025-04-20 15:00:00,357.5464151716544,160.89588682724445,196.6505283444099,60.0,220.0,EMS,MWH,VALID
2025-04-20 16:00:00,390.010518742362,175.5047334340629,214.5057853082991,80.0,220.0,EMS,MWH,VALID
2025-04-20 17:00:00,382.7441501383505,172.2348675622577,210.5092825760928,80.0,220.0,EMS,MWH,VALID
2025-04-20 18:00:00,401.3914227225385,180.62614022514236,220.76528249739616,80.0,220.0,EMS,MWH,VALID
2025-04-20 19:00:00,422.6074544491655,190.17335450212448,232.43409994704103,80.0,220.0,EMS,MWH,VALID
2025-04-20 20:00:00,411.3578026851421,185.11101120831395,226.24679147682815,80.0,220.0,EMS,MWH,VALID
2025-04-20 21:00:00,364.16331036773465,163.8734896654806,200.28982070225408,80.0,220.0,EMS,MWH,VALID
2025-04-20 22:00:00,333.2728791001565,149.97279559507044,183.3000835050861,80.0,220.0,EMS,MWH,VALID
2025-04-20 23:00:00,295.6760302633817,133.05421361852177,162.62181664485993,80.0,220.0,EMS,MWH,VALID
2025-04-21 00:00:00,344.9030797203752,155.20638587416883,189.6966938462064,80.0,220.0,EMS,MWH,VALID
2025-04-21 01:00:00,337.18119653893626,151.73153844252133,185.44965809641496,80.0,220.0,EMS,MWH,VALID
2025-04-21 02:00:00,297.3296445372878,133.7983400417795,163.5313044955083,80.0,220.0,EMS,MWH,VALID
2025-04-21 03:00:00,319.59409561079644,143.81734302485842,175.77675258593806,80.0,220.0,EMS,MWH,VALID
2025-04-21 04:00:00,339.8723204018329,152.9425441808248,186.9297762210081,80.0,220.0,EMS,MWH,VALID
2025-04-21 05:00:00,342.5750774793642,154.1587848657139,188.41629261365037,80.0,220.0,EMS,MWH,VALID
2025-04-21 06:00:00,402.60009285523824,181.1700417848572,221.43005107038104,80.0,220.0,EMS,MWH,VALID
2025-04-21 07:00:00,444.0161182841697,199.8072532278764,244.20886505629332,80.0,220.0,EMS,MWH,VALID
2025-04-21 08:00:00,456.6816561393599,205.506745262712,251.174910876648,80.0,220.0,EMS,MWH,VALID
2025-04-21 09:00:00,448.0223233625368,201.6100455131416,246.41227784939525,80.0,220.0,EMS,MWH,VALID
2025-04-21 10:00:00,432.0129470601186,194.40582617705337,237.60712088306525,60.0,220.0,EMS,MWH,VALID
2025-04-21 11:00:00,407.7239961126588,183.47579825069644,224.24819786196235,60.0,220.0,EMS,MWH,VALID
2025-04-21 12:00:00,408.2923889490251,183.7315750270613,224.56081392196384,60.0,220.0,EMS,MWH,VALID
2025-04-21 13:00:00,392.0951986560221,176.44283939520994,215.65235926081215,60.0,220.0,EMS,MWH,VALID
2025-04-21 14:00:00,403.0267268312999,181.36202707408492,221.66469975721492,60.0,220.0,EMS,MWH,VALID
2025-04-21 15:00:00,408.8928680812385,184.00179063655733,224.8910774446812,60.0,220.0,EMS,MWH,VALID
2025-04-21 16:00:00,432.6155600157386,194.6770020070824,237.93855800865623,80.0,220.0,EMS,MWH,VALID
2025-04-21 17:00:00,509.7489449911177,229.38702524600296,280.36191974511473,80.0,220.0,EMS,MWH,VALID
2025-04-21 18:00:00,510.1692919512341,229.5761813780553,280.5931105731788,80.0,220.0,EMS,MWH,VALID
2025-04-21 19:00:00,530.474042150815,238.71331896786677,291.76072318294825,80.0,220.0,EMS,MWH,VALID
2025-04-21 20:00:00,498.6908851406167,224.4108983132775,274.2799868273392,80.0,220.0,EMS,MWH,VALID
2025-04-21 21:00:00,435.5040947790272,195.97684265056228,239.527252128465,80.0,220.0,EMS,MWH,VALID
2025-04-21 22:00:00,403.0764066213136,181.3843829795911,221.69202364172247,80.0,220.0,EMS,MWH,VALID
2025-04-21 23:00:00,343.3267185611097,154.49702335249938,188.8296952086104,80.0,220.0,EMS,MWH,VALID
2025-04-22 00:00:00,334.56226543549224,150.5530194459715,184.00924598952076,80.0,220.0,EMS,MWH,VALID
2025-04-22 01:00:00,335.4701128752983,150.96155079388424,184.50856208141408,80.0,220.0,EMS,MWH,VALID
2025-04-22 02:00:00,329.5551668939857,148.29982510229357,181.25534179169216,80.0,220.0,EMS,MWH,VALID
2025-04-22 03:00:00,320.004612233007,144.00207550485314,176.00253672815384,80.0,220.0,EMS,MWH,VALID
2025-04-22 05:00:00,384.31486953502576,172.9416912907616,211.37317824426415,80.0,220.0,EMS,MWH,VALID
2025-04-22 06:00:00,366.1937649393944,164.7871942227275,201.40657071666692,80.0,220.0,EMS,MWH,VALID
2025-04-22 07:00:00,420.6733648189132,189.30301416851097,231.3703506504023,80.0,220.0,EMS,MWH,VALID
2025-04-22 08:00:00,438.3736238549316,197.2681307347192,241.1054931202124,80.0,220.0,EMS,MWH,VALID
2025-04-22 09:00:00,442.1893582555079,198.98521121497856,243.20414704052936,80.0,220.0,EMS,MWH,VALID
2025-04-22 10:00:00,428.97816425254496,193.04017391364525,235.9379903388997,60.0,220.0,EMS,MWH,VALID
2025-04-22 11:00:00,415.2282332505054,186.85270496272744,228.375528287778,60.0,220.0,EMS,MWH,VALID
2025-04-22 12:00:00,435.1656117596756,195.82452529185403,239.3410864678216,60.0,220.0,EMS,MWH,VALID
2025-04-22 13:00:00,402.4815747888862,181.1167086549988,221.3648661338874,60.0,220.0,EMS,MWH,VALID
2025-04-22 14:00:00,416.3034530919068,187.33655389135805,228.96689920054877,60.0,220.0,EMS,MWH,VALID
2025-04-22 15:00:00,422.676654143512,190.2044943645804,232.4721597789316,60.0,220.0,EMS,MWH,VALID
2025-04-22 16:00:00,443.3515023662223,199.50817606480004,243.84332630142228,80.0,220.0,EMS,MWH,VALID
2025-04-22 17:00:00,491.6373736494797,221.23681814226583,270.4005555072138,80.0,220.0,EMS,MWH,VALID
2025-04-22 18:00:00,510.2435229589587,229.6095853315314,280.6339376274273,80.0,220.0,EMS,MWH,VALID
2025-04-22 19:00:00,537.3924207165106,241.82658932242975,295.5658313940809,80.0,220.0,EMS,MWH,VALID
2025-04-22 20:00:00,524.4711646133918,236.0120240760263,288.4591405373655,80.0,220.0,EMS,MWH,VALID
2025-04-22 21:00:00,437.7656844168184,196.9945579875683,240.77112642925016,80.0,220.0,EMS,MWH,VALID
2025-04-22 22:00:00,412.7888025991287,185.75496116960792,227.0338414295208,80.0,220.0,EMS,MWH,VALID
2025-04-22 23:00:00,366.6898065747606,165.0104129586423,201.67939361611835,80.0,220.0,EMS,MWH,VALID
2025-04-23 00:00:00,336.06142407405554,151.22764083332498,184.83378324073053,80.0,220.0,EMS,MWH,VALID
2025-04-23 01:00:00,328.8927548968571,148.0017397035857,180.89101519327144,80.0,220.0,EMS,MWH,VALID
2025-04-23 02:00:00,344.57142000082166,155.05713900036974,189.51428100045192,80.0,220.0,EMS,MWH,VALID
2025-04-23 03:00:00,313.9024463130362,141.25610084086628,172.6463454721699,80.0,220.0,EMS,MWH,VALID
2025-04-23 04:00:00,341.9750921869005,153.88879148410524,188.08630070279528,80.0,220.0,EMS,MWH,VALID
2025-04-23 05:00:00,346.572393403043,155.95757703136937,190.61481637167367,80.0,220.0,EMS,MWH,VALID
2025-04-23 06:00:00,369.79330159381806,166.4069857172181,203.38631587659995,80.0,220.0,EMS,MWH,VALID
2025-04-23 07:00:00,446.5488478144096,200.9469815164843,245.60186629792528,80.0,220.0,EMS,MWH,VALID
2025-04-23 08:00:00,433.551305547775,195.09808749649875,238.45321805127625,80.0,220.0,EMS,MWH,VALID
2025-04-23 09:00:00,473.3088607663835,212.98898734487256,260.3198734215109,80.0,220.0,EMS,MWH,VALID
2025-04-23 10:00:00,441.2629811479515,198.5683415165782,242.69463963137332,60.0,220.0,EMS,MWH,VALID
2025-04-23 11:00:00,420.1478165008068,189.06651742536303,231.08129907544367,60.0,220.0,EMS,MWH,VALID
2025-04-23 12:00:00,398.6085072463,179.37382826083498,219.234678985465,60.0,220.0,EMS,MWH,VALID
2025-04-23 13:00:00,419.85039530321046,188.9326778864447,230.91771741676575,60.0,220.0,EMS,MWH,VALID
2025-04-23 14:00:00,424.6149745574465,191.07673855085093,233.5382360065956,60.0,220.0,EMS,MWH,VALID
2025-04-23 15:00:00,420.1573443453557,189.07080495541007,231.08653938994564,60.0,220.0,EMS,MWH,VALID
2025-04-23 16:00:00,464.8829854810292,209.19734346646317,255.6856420145661,80.0,220.0,EMS,MWH,VALID
2025-04-23 17:00:00,478.2666989497589,215.2200145273915,263.04668442236743,80.0,220.0,EMS,MWH,VALID
2025-04-23 18:00:00,509.53140915498506,229.28913411974327,280.2422750352418,80.0,220.0,EMS,MWH,VALID
2025-04-23 19:00:00,527.8960772816589,237.5532347767465,290.3428425049124,80.0,220.0,EMS,MWH,VALID
2025-04-23 20:00:00,523.708255061651,235.66871477774296,288.0395402839081,80.0,220.0,EMS,MWH,VALID
2025-04-23 21:00:00,439.630744842581,197.83383517916147,241.7969096634196,80.0,220.0,EMS,MWH,VALID
2025-04-23 22:00:00,414.6593906747164,186.5967258036224,228.06266487109403,80.0,220.0,EMS,MWH,VALID
2025-04-23 23:00:00,370.4317489157314,166.69428701207914,203.7374619036523,80.0,220.0,EMS,MWH,VALID
2025-04-24 00:00:00,340.3406869125773,153.1533091106598,187.18737780191756,80.0,220.0,EMS,MWH,VALID
2025-04-24 01:00:00,328.5743404467564,147.85845320104036,180.715887245716,80.0,220.0,EMS,MWH,VALID
2025-04-24 02:00:00,324.0354623900022,145.815958075501,178.21950431450122,80.0,220.0,EMS,MWH,VALID
2025-04-24 03:00:00,340.12605877168096,153.05672644725644,187.06933232442452,80.0,220.0,EMS,MWH,VALID
2025-04-24 04:00:00,335.25886972414355,150.8664913758646,184.39237834827895,80.0,220.0,EMS,MWH,VALID
2025-04-24 05:00:00,366.569450525378,164.9562527364201,201.6131977889579,80.0,220.0,EMS,MWH,VALID
2025-04-24 06:00:00,393.4282343742595,177.04270546841678,216.38552890584276,80.0,220.0,EMS,MWH,VALID
2025-04-24 07:00:00,439.9895633758899,197.99530351915044,241.99425985673943,80.0,220.0,EMS,MWH,VALID
2025-04-24 08:00:00,463.4686839507878,208.5609077778545,254.90777617293327,80.0,220.0,EMS,MWH,VALID
2025-04-24 09:00:00,464.5287252076582,209.0379263434462,255.49079886421205,80.0,220.0,EMS,MWH,VALID
2025-04-24 10:00:00,433.13719437873976,194.9117374704329,238.22545690830688,60.0,220.0,EMS,MWH,VALID
2025-04-24 11:00:00,431.061784762999,193.9778031433496,237.08398161964948,60.0,220.0,EMS,MWH,VALID
2025-04-24 12:00:00,426.973925366829,192.13826641507305,234.835658951756,60.0,220.0,EMS,MWH,VALID
2025-04-24 13:00:00,389.9629901800833,175.4833455810375,214.47964459904583,60.0,220.0,EMS,MWH,VALID
2025-04-24 14:00:00,414.5409814417213,186.5434416487746,227.99753979294675,60.0,220.0,EMS,MWH,VALID
2025-04-24 15:00:00,398.0677654107087,179.13049443481893,218.93727097588985,60.0,220.0,EMS,MWH,VALID
2025-04-24 16:00:00,458.7330301683901,206.4298635757756,252.30316659261456,80.0,220.0,EMS,MWH,VALID
2025-04-24 17:00:00,512.1235649910899,230.4556042459905,281.6679607450995,80.0,220.0,EMS,MWH,VALID
2025-04-24 18:00:00,517.7788858943856,233.0004986524735,284.77838724191207,80.0,220.0,EMS,MWH,VALID
2025-04-24 19:00:00,520.0543673395707,234.0244653028068,286.029902036764,80.0,220.0,EMS,MWH,VALID
2025-04-24 20:00:00,501.2089426018009,225.5440241708104,275.6649184309905,80.0,220.0,EMS,MWH,VALID
2025-04-24 21:00:00,443.9592099885816,199.78164449486167,244.1775654937199,80.0,220.0,EMS,MWH,VALID
2025-04-24 22:00:00,382.7957211887545,172.25807453493954,210.537646653815,80.0,220.0,EMS,MWH,VALID
2025-04-24 23:00:00,331.74436202089663,149.28496290940348,182.4593991114932,80.0,220.0,EMS,MWH,VALID
2025-04-25 00:00:00,319.93516739218467,143.9708253264831,175.96434206570157,80.0,220.0,EMS,MWH,VALID
2025-04-25 01:00:00,326.8142152729501,147.06639687282757,179.7478184001226,80.0,220.0,EMS,MWH,VALID
2025-04-25 02:00:00,324.5798206269476,146.06091928212643,178.5189013448212,80.0,220.0,EMS,MWH,VALID
2025-04-25 03:00:00,334.82710080519973,150.6721953623399,184.15490544285987,80.0,220.0,EMS,MWH,VALID
2025-04-25 04:00:00,344.6241848281073,155.08088317264827,189.543301655459,80.0,220.0,EMS,MWH,VALID
2025-04-25 05:00:00,352.6468906008499,158.69110077038243,193.95578983046744,80.0,220.0,EMS,MWH,VALID
2025-04-25 06:00:00,395.4698997175389,177.9614548728925,217.5084448446464,80.0,220.0,EMS,MWH,VALID
2025-04-25 07:00:00,432.1779628853211,194.4800832983945,237.69787958692663,80.0,220.0,EMS,MWH,VALID
2025-04-25 08:00:00,449.182558225286,202.13215120137872,247.05040702390733,80.0,220.0,EMS,MWH,VALID
2025-04-25 09:00:00,461.3614493782026,207.6126522201912,253.74879715801143,80.0,220.0,EMS,MWH,VALID
2025-04-25 10:00:00,471.1650179896993,212.0242580953647,259.1407598943346,60.0,220.0,EMS,MWH,VALID
2025-04-25 11:00:00,429.7921577344668,193.40647098051005,236.38568675395675,60.0,220.0,EMS,MWH,VALID
2025-04-25 12:00:00,407.0127819483248,183.1557518767461,223.85703007157863,60.0,220.0,EMS,MWH,VALID
2025-04-25 13:00:00,394.6165774349132,177.57745984571093,217.03911758920225,60.0,220.0,EMS,MWH,VALID
2025-04-25 14:00:00,445.4057805794969,200.4326012607736,244.9731793187233,60.0,220.0,EMS,MWH,VALID
2025-04-25 15:00:00,428.15487737390765,192.66969481825845,235.48518255564923,60.0,220.0,EMS,MWH,VALID
2025-04-25 16:00:00,442.4494951111774,199.10227280002985,243.3472223111476,80.0,220.0,EMS,MWH,VALID
2025-04-25 17:00:00,490.4643117813918,220.7089403016263,269.7553714797656,80.0,220.0,EMS,MWH,VALID
2025-04-25 18:00:00,518.577113707167,233.35970116822517,285.21741253894186,80.0,220.0,EMS,MWH,VALID
2025-04-25 19:00:00,536.0006077965742,241.2002735084584,294.80033428811583,80.0,220.0,EMS,MWH,VALID
2025-04-25 20:00:00,502.4755776264183,226.11400993188823,276.3615676945301,80.0,220.0,EMS,MWH,VALID
2025-04-25 21:00:00,438.2378103102373,197.2070146396068,241.0307956706305,80.0,220.0,EMS,MWH,VALID
2025-04-25 22:00:00,396.4448393077707,178.4001776884968,218.04466161927388,80.0,220.0,EMS,MWH,VALID
2025-04-25 23:00:00,344.42819207539105,154.99268643392597,189.43550564146508,80.0,220.0,EMS,MWH,VALID
2025-04-26 00:00:00,280.44248481191096,126.19911816535992,154.24336664655104,80.0,220.0,EMS,MWH,VALID
2025-04-26 01:00:00,279.8458419364478,125.93062887140152,153.91521306504632,80.0,220.0,EMS,MWH,VALID
2025-04-26 02:00:00,283.90684955341214,127.75808229903546,156.14876725437668,80.0,220.0,EMS,MWH,VALID
2025-04-26 03:00:00,289.43584335193486,130.2461295083707,159.1897138435642,80.0,220.0,EMS,MWH,VALID
2025-04-26 04:00:00,246.5035302991775,110.92658863462988,135.57694166454763,80.0,220.0,EMS,MWH,VALID
2025-04-26 05:00:00,294.50459209178564,132.52706644130353,161.9775256504821,80.0,220.0,EMS,MWH,VALID
2025-04-26 06:00:00,321.587553876827,144.71439924457215,176.87315463225485,80.0,220.0,EMS,MWH,VALID
2025-04-26 07:00:00,346.7817391074383,156.05178259834724,190.72995650909107,80.0,220.0,EMS,MWH,VALID
2025-04-26 08:00:00,372.035772260796,167.4160975173582,204.6196747434378,80.0,220.0,EMS,MWH,VALID
2025-04-26 09:00:00,354.7906927709726,159.65581174693767,195.1348810240349,80.0,220.0,EMS,MWH,VALID
2025-04-26 10:00:00,373.4661615103341,168.05977267965034,205.40638883068377,60.0,220.0,EMS,MWH,VALID
2025-04-26 11:00:00,317.3624478543836,142.8131015344726,174.54934631991097,60.0,220.0,EMS,MWH,VALID
2025-04-26 12:00:00,316.1669765618319,142.27513945282436,173.89183710900755,60.0,220.0,EMS,MWH,VALID
2025-04-26 13:00:00,278.52665387223857,125.33699424250736,153.18965962973124,60.0,220.0,EMS,MWH,VALID
2025-04-26 14:00:00,343.8859219311204,154.7486648690042,189.13725706211625,60.0,220.0,EMS,MWH,VALID
2025-04-26 15:00:00,333.4718375559668,150.06232690018504,183.40951065578173,60.0,220.0,EMS,MWH,VALID
2025-04-26 16:00:00,378.3724116320513,170.26758523442308,208.10482639762824,80.0,220.0,EMS,MWH,VALID
2025-04-26 17:00:00,375.9674248488638,169.18534118198872,206.7820836668751,80.0,220.0,EMS,MWH,VALID
2025-04-26 18:00:00,420.38343314444217,189.17254491499895,231.2108882294432,80.0,220.0,EMS,MWH,VALID
2025-04-26 19:00:00,434.679573658398,195.60580814627912,239.0737655121189,80.0,220.0,EMS,MWH,VALID
2025-04-26 20:00:00,415.55104710694434,186.99797119812496,228.5530759088194,80.0,220.0,EMS,MWH,VALID
2025-04-26 21:00:00,354.1885388333088,159.38484247498897,194.80369635831988,80.0,220.0,EMS,MWH,VALID
2025-04-26 22:00:00,328.5138730681755,147.831242880679,180.68263018749653,80.0,220.0,EMS,MWH,VALID
2025-04-26 23:00:00,267.738849704808,120.4824823671636,147.2563673376444,80.0,220.0,EMS,MWH,VALID
2025-04-27 00:00:00,308.19823301228064,138.6892048555263,169.50902815675437,80.0,220.0,EMS,MWH,VALID
2025-04-27 01:00:00,286.4825532465866,128.91714896096397,157.56540428562263,80.0,220.0,EMS,MWH,VALID
2025-04-27 02:00:00,285.4975790487937,128.47391057195716,157.02366847683655,80.0,220.0,EMS,MWH,VALID
2025-04-27 03:00:00,270.9194917747473,121.91377129863628,149.00572047611104,80.0,220.0,EMS,MWH,VALID
2025-04-27 04:00:00,280.2215922029111,126.09971649131,154.12187571160112,80.0,220.0,EMS,MWH,VALID
2025-04-27 05:00:00,307.3301224965824,138.29855512346208,169.03156737312034,80.0,220.0,EMS,MWH,VALID
2025-04-27 06:00:00,321.4678076192947,144.66051342868263,176.8072941906121,80.0,220.0,EMS,MWH,VALID
2025-04-27 07:00:00,361.94006633256936,162.8730298496562,199.06703648291315,80.0,220.0,EMS,MWH,VALID
2025-04-27 08:00:00,392.1463292172178,176.465848147748,215.6804810694698,80.0,220.0,EMS,MWH,VALID
2025-04-27 09:00:00,355.35568530654774,159.9100583879465,195.44562691860128,80.0,220.0,EMS,MWH,VALID
2025-04-27 10:00:00,370.343683713223,166.65465767095037,203.68902604227267,60.0,220.0,EMS,MWH,VALID
2025-04-27 11:00:00,285.38906478835776,128.425079154761,156.9639856335968,60.0,220.0,EMS,MWH,VALID
2025-04-27 12:00:00,322.86172580772813,145.28777661347766,177.5739491942505,60.0,220.0,EMS,MWH,VALID
2025-04-27 13:00:00,295.3349652134477,132.90073434605145,162.43423086739622,60.0,220.0,EMS,MWH,VALID
2025-04-27 14:00:00,342.3169231815263,154.04261543168684,188.2743077498395,60.0,220.0,EMS,MWH,VALID
2025-04-27 15:00:00,320.4610818759057,144.20748684415756,176.25359503174815,60.0,220.0,EMS,MWH,VALID
2025-04-27 16:00:00,380.5408629038099,171.24338830671445,209.29747459709543,80.0,220.0,EMS,MWH,VALID
2025-04-27 17:00:00,378.2221845539336,170.19998304927012,208.02220150466349,80.0,220.0,EMS,MWH,VALID
2025-04-27 18:00:00,386.4899750358623,173.92048876613805,212.56948626972428,80.0,220.0,EMS,MWH,VALID
2025-04-27 19:00:00,422.5240198759069,190.13580894415807,232.3882109317488,80.0,220.0,EMS,MWH,VALID
2025-04-27 20:00:00,393.8875025917874,177.24937616630433,216.63812642548308,80.0,220.0,EMS,MWH,VALID
2025-04-27 21:00:00,370.07313469315966,166.53291061192186,203.54022408123785,80.0,220.0,EMS,MWH,VALID
2025-04-27 22:00:00,330.58870986749133,148.7649194403711,181.82379042712023,80.0,220.0,EMS,MWH,VALID
2025-04-27 23:00:00,278.41486205509847,125.28668792479432,153.12817413030416,80.0,220.0,EMS,MWH,VALID
2025-04-28 00:00:00,328.4374357785449,147.79684610034522,180.6405896781997,80.0,220.0,EMS,MWH,VALID
2025-04-28 01:00:00,346.1462231061656,155.76580039777454,190.3804227083911,80.0,220.0,EMS,MWH,VALID
2025-04-28 02:00:00,361.8488439997085,162.8319797998688,199.0168641998397,80.0,220.0,EMS,MWH,VALID
2025-04-28 03:00:00,331.0850781030672,148.98828514638024,182.09679295668695,80.0,220.0,EMS,MWH,VALID
2025-04-28 04:00:00,348.19273035923203,156.68672866165443,191.50600169757763,80.0,220.0,EMS,MWH,VALID
2025-04-28 05:00:00,351.66583189913297,158.24962435460984,193.4162075445232,80.0,220.0,EMS,MWH,VALID
2025-04-28 06:00:00,393.1183407472345,176.90325333625557,216.215087410979,80.0,220.0,EMS,MWH,VALID
2025-04-28 07:00:00,448.1316486625803,201.65924189816116,246.4724067644192,80.0,220.0,EMS,MWH,VALID
2025-04-28 08:00:00,447.27763673631233,201.27493653134056,246.0027002049718,80.0,220.0,EMS,MWH,VALID
2025-04-28 09:00:00,440.5192524594371,198.2336636067467,242.2855888526904,80.0,220.0,EMS,MWH,VALID
2025-04-28 10:00:00,432.8173519994938,194.76780839977224,238.04954359972163,60.0,220.0,EMS,MWH,VALID
2025-04-28 11:00:00,406.8385508429405,183.0773478793232,223.76120296361728,60.0,220.0,EMS,MWH,VALID
2025-04-28 12:00:00,399.5253924218118,179.7864265898153,219.7389658319965,60.0,180.4,EMS,MWH,VALID
2025-04-28 13:00:00,410.4038341042997,184.68172534693488,225.72210875736488,60.0,180.4,EMS,MWH,VALID
2025-04-28 14:00:00,397.1691395384527,178.7261127923037,218.44302674614897,60.0,180.4,EMS,MWH,VALID
2025-04-28 15:00:00,384.1346547419373,172.86059463387178,211.27406010806556,60.0,180.4,EMS,MWH,VALID
2025-04-28 16:00:00,434.69113319438776,195.6110099374745,239.08012325691328,80.0,180.4,EMS,MWH,VALID
2025-04-28 17:00:00,470.59037828145455,211.76567022665452,258.8247080548,80.0,180.4,EMS,MWH,VALID
2025-04-28 18:00:00,514.7915577177155,231.656200972972,283.13535674474355,80.0,180.4,EMS,MWH,VALID
2025-04-28 19:00:00,532.2559686897008,239.51518591036535,292.74078277933546,80.0,220.0,EMS,MWH,VALID
2025-04-28 20:00:00,501.08047423903486,225.48621340756569,275.5942608314692,80.0,220.0,EMS,MWH,VALID
2025-04-28 21:00:00,440.4407694042778,198.19834623192503,242.24242317235283,80.0,220.0,EMS,MWH,VALID
2025-04-28 22:00:00,402.78399750300656,181.25279887635293,221.53119862665363,80.0,220.0,EMS,MWH,VALID
2025-04-28 23:00:00,372.1701342535725,167.47656041410764,204.6935738394649,80.0,220.0,EMS,MWH,VALID
2025-04-29 00:00:00,321.5487275324661,144.69692738960975,176.85180014285638,80.0,220.0,EMS,MWH,VALID
2025-04-29 01:00:00,328.09540885472035,147.64293398462416,180.4524748700962,80.0,220.0,EMS,MWH,VALID
2025-04-29 02:00:00,357.8970523484894,161.05367355682023,196.8433787916692,80.0,220.0,EMS,MWH,VALID
2025-04-29 03:00:00,344.6645667770057,155.09905504965258,189.56551172735317,80.0,220.0,EMS,MWH,VALID
2025-04-29 04:00:00,363.3083913167645,163.48877609254404,199.8196152242205,80.0,220.0,EMS,MWH,VALID
2025-04-29 05:00:00,367.02675299249466,165.1620388466226,201.86471414587209,80.0,220.0,EMS,MWH,VALID
2025-04-29 06:00:00,387.39268393241855,174.32670776958835,213.06597616283025,80.0,220.0,EMS,MWH,VALID
2025-04-29 07:00:00,441.7602642948671,198.79211893269024,242.96814536217693,80.0,220.0,EMS,MWH,VALID
2025-04-29 08:00:00,447.509619035886,201.3793285661487,246.1302904697373,80.0,220.0,EMS,MWH,VALID
2025-04-29 09:00:00,433.5460111731023,195.09570502789603,238.45030614520627,80.0,220.0,EMS,MWH,VALID
2025-04-29 10:00:00,422.9533835364193,190.3290225913887,232.62436094503065,60.0,220.0,EMS,MWH,VALID
2025-04-29 11:00:00,423.6963957977089,190.663378108969,233.0330176887399,60.0,220.0,EMS,MWH,VALID
2025-04-29 12:00:00,408.5174478275138,183.8328515223812,224.68459630513263,60.0,220.0,EMS,MWH,VALID
2025-04-29 13:00:00,402.8966648221031,181.3034991699464,221.5931656521567,60.0,220.0,EMS,MWH,VALID
2025-04-29 14:00:00,404.2345777803603,181.90556000116212,222.3290177791982,60.0,220.0,EMS,MWH,VALID
2025-04-29 15:00:00,418.4849778821229,188.31824004695528,230.1667378351676,60.0,220.0,EMS,MWH,VALID
2025-04-29 16:00:00,460.4548666020484,207.20468997092175,253.25017663112664,80.0,220.0,EMS,MWH,VALID
2025-04-29 17:00:00,454.0776330556277,204.33493487503245,249.74269818059523,80.0,220.0,EMS,MWH,VALID
2025-04-29 18:00:00,518.1041192889501,233.14685368002756,284.95726560892257,80.0,220.0,EMS,MWH,VALID
2025-04-29 19:00:00,540.9591859431957,243.43163367443807,297.5275522687577,80.0,220.0,EMS,MWH,VALID
2025-04-29 20:00:00,503.6271394325818,226.6322127446618,276.99492668792004,80.0,220.0,EMS,MWH,VALID
2025-04-29 21:00:00,457.8045168108863,206.01203256489885,251.79248424598748,80.0,220.0,EMS,MWH,VALID
2025-04-29 22:00:00,414.9550094316084,186.72975424422376,228.22525518738465,80.0,220.0,EMS,MWH,VALID
2025-04-29 23:00:00,350.77649756440854,157.84942390398385,192.92707366042472,80.0,220.0,EMS,MWH,VALID
2025-04-30 00:00:00,333.7335893125038,150.1801151906267,183.55347412187712,80.0,220.0,EMS,MWH,VALID
2025-04-30 01:00:00,315.12090872933214,141.80440892819948,173.3164998011327,80.0,220.0,EMS,MWH,VALID
2025-04-30 02:00:00,343.2761707848725,154.4742768531926,188.80189393167987,80.0,220.0,EMS,MWH,VALID
2025-04-30 03:00:00,357.84416640279056,161.02987488125575,196.8142915215348,80.0,220.0,EMS,MWH,VALID
2025-04-30 04:00:00,353.2705524237265,158.97174859067692,194.2988038330496,80.0,220.0,EMS,MWH,VALID
2025-04-30 05:00:00,350.38688937912326,157.67410022060548,192.7127891585178,80.0,220.0,EMS,MWH,VALID
2025-04-30 06:00:00,432.10416637457337,194.446874868558,237.65729150601535,80.0,220.0,EMS,MWH,VALID
2025-04-30 07:00:00,447.00880062036015,201.15396027916208,245.8548403411981,80.0,220.0,EMS,MWH,VALID
2025-04-30 08:00:00,442.528972541604,199.1380376437218,243.3909348978822,80.0,220.0,EMS,MWH,VALID
2025-04-30 09:00:00,454.2623164634105,204.41804240853477,249.8442740548758,80.0,220.0,EMS,MWH,VALID
2025-04-30 10:00:00,428.5836594908145,192.86264677086652,235.721012719948,60.0,220.0,EMS,MWH,VALID
2025-04-30 11:00:00,418.9749751812761,188.53873883157425,230.43623634970183,60.0,220.0,EMS,MWH,VALID
2025-04-30 12:00:00,422.023572219964,189.9106074989838,232.11296472098024,60.0,220.0,EMS,MWH,VALID
2025-04-30 13:00:00,402.43299000820906,181.09484550369407,221.338144504515,60.0,220.0,EMS,MWH,VALID
2025-04-30 15:00:00,401.0901505195502,180.4905677337976,220.59958278575263,60.0,220.0,EMS,MWH,VALID
2025-04-30 16:00:00,442.9101012638658,199.3095455687396,243.6005556951262,80.0,220.0,EMS,MWH,VALID
2025-04-30 17:00:00,491.3636068085863,221.11362306386383,270.24998374472244,80.0,220.0,EMS,MWH,VALID
2025-04-30 18:00:00,491.3367346087789,221.10153057395047,270.2352040348284,80.0,220.0,EMS,MWH,VALID
2025-04-30 19:00:00,524.248184498993,235.91168302454687,288.3365014744462,80.0,220.0,EMS,MWH,VALID
2025-04-30 20:00:00,500.76258046992143,225.34316121146463,275.4194192584568,80.0,220.0,EMS,MWH,VALID
2025-04-30 21:00:00,441.4896118058151,198.6703253126168,242.8192864931983,80.0,220.0,EMS,MWH,VALID
2025-04-30 22:00:00,381.82596556526914,171.82168450437112,210.00428106089805,80.0,220.0,EMS,MWH,VALID
2025-04-30 23:00:00,365.54623438290616,164.49580547230778,201.0504289105984,80.0,220.0,EMS,MWH,VALID
2025-05-01 00:00:00,336.31140277040686,151.3401312466831,184.9712715237238,80.0,220.0,EMS,MWH,VALID
2025-05-01 01:00:00,330.99131510301686,148.9460917963576,182.0452233066593,80.0,220.0,EMS,MWH,VALID
2025-05-01 02:00:00,332.52194966904875,149.63487735107194,182.8870723179768,80.0,220.0,EMS,MWH,VALID
2025-05-01 03:00:00,330.6256903767645,148.78156066954404,181.8441297072205,80.0,220.0,EMS,MWH,VALID
2025-05-01 04:00:00,341.69854170607164,153.76434376773224,187.93419793833945,80.0,220.0,EMS,MWH,VALID
2025-05-01 05:00:00,390.0042567923504,175.5019155565577,214.5023412357928,80.0,220.0,EMS,MWH,VALID
2025-05-01 06:00:00,399.806412270799,179.91288552185955,219.89352674893948,80.0,220.0,EMS,MWH,VALID
2025-05-01 07:00:00,443.10517057735103,199.397326759808,243.70784381754308,80.0,220.0,EMS,MWH,VALID
2025-05-01 08:00:00,441.293617127628,198.5821277074326,242.7114894201954,80.0,220.0,EMS,MWH,VALID
2025-05-01 09:00:00,439.60691337345673,197.82311101805556,241.78380235540124,80.0,220.0,EMS,MWH,VALID
2025-05-01 10:00:00,436.7666297438367,196.5449833847265,240.2216463591102,60.0,220.0,EMS,MWH,VALID
2025-05-01 11:00:00,408.6730879483254,183.90288957674645,224.770198371579,60.0,220.0,EMS,MWH,VALID
2025-05-01 12:00:00,396.3291676774613,178.3481254548576,217.98104222260372,60.0,220.0,EMS,MWH,VALID
2025-05-01 13:00:00,396.4615364289863,178.40769139304382,218.0538450359425,60.0,220.0,EMS,MWH,VALID
2025-05-01 14:00:00,402.5329068696226,181.13980809133017,221.39309877829243,60.0,220.0,EMS,MWH,VALID
2025-05-01 15:00:00,450.54879701867145,202.74695865840212,247.80183836026933,60.0,220.0,EMS,MWH,VALID
2025-05-01 16:00:00,470.2601779251498,211.61708006631744,258.64309785883245,80.0,220.0,EMS,MWH,VALID
2025-05-01 17:00:00,496.7795607232677,223.55080232547047,273.22875839779726,80.0,220.0,EMS,MWH,VALID
2025-05-01 18:00:00,531.1259474192088,239.006676338644,292.1192710805649,80.0,220.0,EMS,MWH,VALID
2025-05-01 19:00:00,536.9159783535436,241.6121902590946,295.303788094449,80.0,220.0,EMS,MWH,VALID
2025-05-01 20:00:00,480.6073392023701,216.27330264106652,264.33403656130355,80.0,220.0,EMS,MWH,VALID
2025-05-01 21:00:00,462.524584075544,208.1360628339948,254.38852124154923,80.0,220.0,EMS,MWH,VALID
2025-05-01 22:00:00,376.657788823032,169.49600497036442,207.16178385266764,80.0,220.0,EMS,MWH,VALID
2025-05-01 23:00:00,384.6473207216965,173.09129432476345,211.5560263969331,80.0,220.0,EMS,MWH,VALID
2025-05-02 00:00:00,338.9261982400058,152.51678920800262,186.40940903200325,80.0,220.0,EMS,MWH,VALID
2025-05-02 01:00:00,320.7044867010178,144.31701901545802,176.3874676855598,80.0,220.0,EMS,MWH,VALID
2025-05-02 02:00:00,338.3261970467306,152.24678867102878,186.07940837570183,80.0,220.0,EMS,MWH,VALID
2025-05-02 03:00:00,321.28802211718966,144.57960995273535,176.70841216445433,80.0,220.0,EMS,MWH,VALID
2025-05-02 04:00:00,341.9067748533739,153.85804868401826,188.0487261693557,80.0,220.0,EMS,MWH,VALID
2025-05-02 05:00:00,363.1989102626272,163.43950961818226,199.759400644445,80.0,220.0,EMS,MWH,VALID
2025-05-02 06:00:00,391.9772402873348,176.38975812930065,215.5874821580341,80.0,220.0,EMS,MWH,VALID
2025-05-02 07:00:00,457.1908150747608,205.7358667836424,251.45494829111848,80.0,220.0,EMS,MWH,VALID
2025-05-02 08:00:00,462.3419430585439,208.0538743763448,254.2880686821992,80.0,220.0,EMS,MWH,VALID
2025-05-02 09:00:00,460.029604586667,207.01332206400016,253.01628252266687,80.0,220.0,EMS,MWH,VALID
2025-05-02 10:00:00,428.2073540520293,192.6933093234132,235.5140447286161,60.0,220.0,EMS,MWH,VALID
2025-05-02 11:00:00,414.9710783653807,186.7369852644213,228.23409310095937,60.0,220.0,EMS,MWH,VALID
2025-05-02 12:00:00,424.0875586256696,190.8394013815513,233.2481572441183,60.0,220.0,EMS,MWH,VALID
2025-05-02 13:00:00,400.5927085009551,180.2667188254298,220.3259896755253,60.0,220.0,EMS,MWH,VALID
2025-05-02 14:00:00,402.6845921541029,181.2080664693463,221.4765256847566,60.0,220.0,EMS,MWH,VALID
2025-05-02 15:00:00,421.46343390920975,189.6585452591444,231.80488865006535,60.0,220.0,EMS,MWH,VALID
2025-05-02 16:00:00,447.09672159102746,201.19352471596235,245.90319687506516,80.0,220.0,EMS,MWH,VALID
2025-05-02 17:00:00,475.6377888385964,214.03700497736835,261.600783861228,80.0,220.0,EMS,MWH,VALID
2025-05-02 18:00:00,509.4608390864411,229.2573775888985,280.20346149754266,80.0,220.0,EMS,MWH,VALID
2025-05-02 19:00:00,506.79165215140057,228.05624346813025,278.73540868327035,80.0,220.0,EMS,MWH,VALID
2025-05-02 20:00:00,511.0851057142694,229.98829757142124,281.0968081428482,80.0,220.0,EMS,MWH,VALID
2025-05-02 21:00:00,441.7097002190605,198.76936509857725,242.9403351204833,80.0,220.0,EMS,MWH,VALID
2025-05-02 22:00:00,399.2414132938671,179.65863598224018,219.58277731162693,80.0,220.0,EMS,MWH,VALID
2025-05-02 23:00:00,327.99711568875296,147.59870205993883,180.39841362881413,80.0,220.0,EMS,MWH,VALID
2025-05-03 00:00:00,281.8851588621648,126.84832148797418,155.03683737419067,80.0,220.0,EMS,MWH,VALID
2025-05-03 01:00:00,287.17357778610045,129.2281100037452,157.94546778235525,80.0,220.0,EMS,MWH,VALID
2025-05-03 02:00:00,282.8747638556516,127.29364373504325,155.5811201206084,80.0,220.0,EMS,MWH,VALID
2025-05-03 03:00:00,285.7474697769199,128.58636139961396,157.16110837730596,80.0,220.0,EMS,MWH,VALID
2025-05-03 04:00:00,278.73836911420943,125.43226610139423,153.3061030128152,80.0,220.0,EMS,MWH,VALID
2025-05-03 05:00:00,324.6041608262351,146.0718723718058,178.5322884544293,80.0,220.0,EMS,MWH,VALID
2025-05-03 06:00:00,321.99566069176706,144.8980473112952,177.0976133804719,80.0,220.0,EMS,MWH,VALID
2025-05-03 07:00:00,375.022026949607,168.75991212732313,206.26211482228385,80.0,220.0,EMS,MWH,VALID
2025-05-03 08:00:00,365.0599762828989,164.27698932730448,200.7829869555944,80.0,220.0,EMS,MWH,VALID
2025-05-03 09:00:00,396.269874476546,178.3214435144457,217.9484309621003,80.0,220.0,EMS,MWH,VALID
2025-05-03 10:00:00,357.6103643124561,160.92466394060526,196.68570037185088,60.0,220.0,EMS,MWH,VALID
2025-05-03 11:00:00,330.5693417263349,148.75620377685073,181.81313794948423,60.0,220.0,EMS,MWH,VALID
2025-05-03 12:00:00,284.4585998406937,128.00636992831215,156.45222991238154,60.0,220.0,EMS,MWH,VALID
2025-05-03 13:00:00,327.6112957696354,147.42508309633592,180.18621267329948,60.0,220.0,EMS,MWH,VALID
2025-05-03 14:00:00,349.58006352925094,157.3110285881629,192.269034941088,60.0,220.0,EMS,MWH,VALID
2025-05-03 15:00:00,300.9045608241105,135.40705237084973,165.4975084532608,60.0,220.0,EMS,MWH,VALID
2025-05-03 16:00:00,341.6653455773281,153.74940550979764,187.91594006753047,80.0,220.0,EMS,MWH,VALID
2025-05-03 17:00:00,390.8874296885554,175.89934335984998,214.98808632870552,80.0,220.0,EMS,MWH,VALID
2025-05-03 18:00:00,445.464576751056,200.4590595379752,245.0055172130808,80.0,220.0,EMS,MWH,VALID
2025-05-03 19:00:00,454.0266542687845,204.31199442095303,249.7146598478315,80.0,220.0,EMS,MWH,VALID
2025-05-03 20:00:00,364.6870565257296,164.1091754365783,200.57788108915128,80.0,220.0,EMS,MWH,VALID
2025-05-03 21:00:00,378.2549164009324,170.21471238041957,208.0402040205128,80.0,220.0,EMS,MWH,VALID
2025-05-03 22:00:00,334.5938562640334,150.56723531881502,184.0266209452184,80.0,220.0,EMS,MWH,VALID
2025-05-03 23:00:00,277.43795860041485,124.84708137018669,152.5908772302282,80.0,220.0,EMS,MWH,VALID
2025-05-04 00:00:00,271.5296156001307,122.1883270200588,149.34128858007188,80.0,220.0,EMS,MWH,VALID
2025-05-04 01:00:00,297.56744719755216,133.90535123889848,163.6620959586537,80.0,220.0,EMS,MWH,VALID
2025-05-04 02:00:00,277.85878428686203,125.03645292908791,152.82233135777412,80.0,220.0,EMS,MWH,VALID
2025-05-04 03:00:00,293.0238690829432,131.86074108732444,161.16312799561877,80.0,220.0,EMS,MWH,VALID
2025-05-04 04:00:00,263.9493256519764,118.77719654338938,145.17212910858703,80.0,220.0,EMS,MWH,VALID
2025-05-04 05:00:00,311.16739001293814,140.02532550582217,171.142064507116,80.0,220.0,EMS,MWH,VALID
2025-05-04 06:00:00,323.9956583076206,145.7980462384293,178.19761206919134,80.0,220.0,EMS,MWH,VALID
2025-05-04 07:00:00,349.4394737094621,157.24776316925795,192.19171054020416,80.0,220.0,EMS,MWH,VALID
2025-05-04 08:00:00,360.40183631450975,162.18082634152938,198.2210099729804,80.0,220.0,EMS,MWH,VALID
2025-05-04 09:00:00,362.120015701306,162.9540070655877,199.1660086357183,80.0,220.0,EMS,MWH,VALID
2025-05-04 10:00:00,309.2292681630734,139.15317067338304,170.0760974896904,60.0,220.0,EMS,MWH,VALID
2025-05-04 11:00:00,295.0694645899684,132.78125906548578,162.28820552448263,60.0,220.0,EMS,MWH,VALID
2025-05-04 12:00:00,299.5815287981694,134.81168795917625,164.7698408389932,60.0,220.0,EMS,MWH,VALID
2025-05-04 13:00:00,282.71359284964086,127.22111678233838,155.49247606730248,60.0,220.0,EMS,MWH,VALID
2025-05-04 14:00:00,303.6014752416055,136.62066385872248,166.98081138288305,60.0,220.0,EMS,MWH,VALID
2025-05-04 15:00:00,319.9435188836574,143.97458349764585,175.9689353860116,60.0,220.0,EMS,MWH,VALID
2025-05-04 16:00:00,351.2190325485944,158.04856464686748,193.1704679017269,80.0,220.0,EMS,MWH,VALID
2025-05-04 17:00:00,406.0833407053189,182.73750331739348,223.34583738792537,80.0,180.4,EMS,MWH,VALID
2025-05-04 18:00:00,435.1355246110648,195.81098607497916,239.3245385360856,80.0,180.4,EMS,MWH,VALID
2025-05-04 19:00:00,436.50950044662943,196.42927520098328,240.0802252456462,80.0,220.0,EMS,MWH,VALID
2025-05-04 20:00:00,424.01259670579134,190.8056685176061,233.2069281881853,80.0,220.0,EMS,MWH,VALID
2025-05-04 21:00:00,374.0514625320605,168.32315813942722,205.72830439263328,80.0,220.0,EMS,MWH,VALID
2025-05-04 22:00:00,325.3082877210727,146.38872947448272,178.91955824659,80.0,220.0,EMS,MWH,VALID
2025-05-04 23:00:00,292.46101248737244,131.6074556193176,160.85355686805485,80.0,220.0,EMS,MWH,VALID
2025-05-05 00:00:00,330.0926480814616,148.5416916366577,181.5509564448039,80.0,220.0,EMS,MWH,VALID
2025-05-05 01:00:00,332.77972336589505,149.7508755146528,183.0288478512423,80.0,220.0,EMS,MWH,VALID
2025-05-05 02:00:00,328.81841725118073,147.96828776303133,180.8501294881494,80.0,220.0,EMS,MWH,VALID
2025-05-05 03:00:00,323.73708076486054,145.68168634418726,178.0553944206733,80.0,220.0,EMS,MWH,VALID
2025-05-05 04:00:00,322.57799818822696,145.16009918470215,177.41789900352484,80.0,220.0,EMS,MWH,VALID
2025-05-05 05:00:00,351.11636966907747,158.00236635108487,193.11400331799263,80.0,220.0,EMS,MWH,VALID
2025-05-05 06:00:00,410.7261290081081,184.82675805364863,225.89937095445947,80.0,220.0,EMS,MWH,VALID
2025-05-05 07:00:00,428.7205522888368,192.92424852997652,235.79630375886023,80.0,220.0,EMS,MWH,VALID
2025-05-05 08:00:00,446.1263339831718,200.7568502924273,245.3694836907445,80.0,220.0,EMS,MWH,VALID
2025-05-05 09:00:00,464.9571704735556,209.2307267131,255.7264437604556,80.0,220.0,EMS,MWH,VALID
2025-05-05 10:00:00,433.7320552750365,195.17942487376644,238.55263040127008,60.0,220.0,EMS,MWH,VALID
2025-05-05 11:00:00,424.37876390292166,190.97044375631475,233.4083201466069,60.0,220.0,EMS,MWH,VALID
2025-05-05 12:00:00,404.60359212722847,182.0716164572528,222.53197566997568,60.0,220.0,EMS,MWH,VALID
2025-05-05 13:00:00,403.5121470499776,181.58046617248996,221.9316808774877,60.0,220.0,EMS,MWH,VALID
2025-05-05 14:00:00,394.1888585056772,177.38498632755474,216.80387217812248,60.0,220.0,EMS,MWH,VALID
2025-05-05 15:00:00,419.2935708140753,188.68210686633387,230.6114639477414,60.0,220.0,EMS,MWH,VALID
2025-05-05 16:00:00,432.4580729347279,194.60613282062755,237.85194011410036,80.0,220.0,EMS,MWH,VALID
2025-05-05 17:00:00,467.0444879976589,210.1700195989465,256.8744683987124,80.0,220.0,EMS,MWH,VALID
2025-05-05 18:00:00,516.6265075005125,232.48192837523064,284.1445791252819,80.0,220.0,EMS,MWH,VALID
2025-05-05 19:00:00,526.4142557564406,236.8864150903983,289.5278406660424,80.0,220.0,EMS,MWH,VALID
2025-05-05 20:00:00,489.7120514943539,220.37042317245923,269.34162832189463,80.0,220.0,EMS,MWH,VALID
2025-05-05 21:00:00,447.0745846717407,201.18356310228333,245.8910215694574,80.0,220.0,EMS,MWH,VALID
2025-05-05 22:00:00,397.992935523486,179.09682098556868,218.8961145379173,80.0,220.0,EMS,MWH,VALID
2025-05-05 23:00:00,379.1235607258845,170.60560232664804,208.5179583992365,80.0,220.0,EMS,MWH,VALID
2025-05-06 00:00:00,309.66242124089734,139.3480895584038,170.31433168249356,80.0,220.0,EMS,MWH,VALID
2025-05-06 01:00:00,348.98670486530455,157.04401718938706,191.9426876759175,80.0,220.0,EMS,MWH,VALID
2025-05-06 02:00:00,346.3605454627084,155.86224545821875,190.4983000044896,80.0,220.0,EMS,MWH,VALID
2025-05-06 03:00:00,335.648319115779,151.04174360210055,184.60657551367845,80.0,220.0,EMS,MWH,VALID
2025-05-06 04:00:00,350.4243486201652,157.69095687907432,192.73339174109088,80.0,220.0,EMS,MWH,VALID
2025-05-06 05:00:00,371.3575930381408,167.11091686716335,204.24667617097745,80.0,220.0,EMS,MWH,VALID
2025-05-06 06:00:00,376.98888963451134,169.6450003355301,207.34388929898125,80.0,220.0,EMS,MWH,VALID
2025-05-06 07:00:00,435.4938276037908,195.97222242170585,239.52160518208493,80.0,220.0,EMS,MWH,VALID
2025-05-06 08:00:00,447.801769373084,201.51079621788784,246.29097315519624,80.0,220.0,EMS,MWH,VALID
2025-05-06 09:00:00,425.5483738264148,191.49676822188667,234.05160560452816,80.0,220.0,EMS,MWH,VALID
2025-05-06 10:00:00,423.82135677722704,190.71961054975216,233.10174622747488,60.0,220.0,EMS,MWH,VALID
2025-05-06 11:00:00,433.7169568761165,195.17263059425244,238.5443262818641,60.0,220.0,EMS,MWH,VALID
2025-05-06 12:00:00,407.14661428731074,183.21597642928984,223.93063785802093,60.0,220.0,EMS,MWH,VALID
2025-05-06 13:00:00,420.509902236319,189.22945600634355,231.28044622997547,60.0,220.0,EMS,MWH,VALID
2025-05-06 14:00:00,413.5273332541344,186.08729996436043,227.4400332897739,60.0,220.0,EMS,MWH,VALID
2025-05-06 15:00:00,400.6676522227482,180.3004435002367,220.36720872251152,60.0,220.0,EMS,MWH,VALID
2025-05-06 16:00:00,454.0120854773396,204.3054384648028,249.7066470125368,80.0,220.0,EMS,MWH,VALID
2025-05-06 17:00:00,491.4769525589061,221.16462865150777,270.3123239073984,80.0,220.0,EMS,MWH,VALID
2025-05-06 18:00:00,507.54793498484486,228.39657074318015,279.1513642416647,80.0,220.0,EMS,MWH,VALID
2025-05-06 19:00:00,504.4645602321488,227.00905210446692,277.4555081276818,80.0,220.0,EMS,MWH,VALID
2025-05-06 20:00:00,498.1532448974329,224.1689602038448,273.9842846935881,80.0,220.0,EMS,MWH,VALID
2025-05-06 21:00:00,442.5829760008402,199.16233920037809,243.4206368004621,80.0,220.0,EMS,MWH,VALID
2025-05-06 22:00:00,398.1842195151296,179.18289878180832,219.0013207333213,80.0,220.0,EMS,MWH,VALID
2025-05-06 23:00:00,380.2532793059257,171.1139756876666,209.1393036182592,80.0,220.0,EMS,MWH,VALID
2025-05-07 00:00:00,346.5264678495068,155.93691053227806,190.58955731722875,80.0,220.0,EMS,MWH,VALID
2025-05-07 01:00:00,343.2557647739649,154.4650941482842,188.79067062568072,80.0,220.0,EMS,MWH,VALID
2025-05-07 02:00:00,340.1263272331006,153.05684725489527,187.06947997820532,80.0,220.0,EMS,MWH,VALID
2025-05-07 03:00:00,333.2068970339054,149.94310366525744,183.263793368648,80.0,220.0,EMS,MWH,VALID
2025-05-07 04:00:00,361.2067183448488,162.54302325518196,198.66369508966687,80.0,220.0,EMS,MWH,VALID
2025-05-07 05:00:00,351.68393783841105,158.25777202728497,193.42616581112608,80.0,220.0,EMS,MWH,VALID
2025-05-07 06:00:00,387.0939674765717,174.1922853644573,212.9016821121145,80.0,220.0,EMS,MWH,VALID
2025-05-07 07:00:00,438.8620505135919,197.4879227311164,241.3741277824756,80.0,220.0,EMS,MWH,VALID
2025-05-07 08:00:00,483.7396005868257,217.6828202640716,266.0567803227541,80.0,220.0,EMS,MWH,VALID
2025-05-07 09:00:00,449.50085596047904,202.2753851822156,247.22547077826349,80.0,220.0,EMS,MWH,VALID
2025-05-07 10:00:00,450.4991054615451,202.72459745769527,247.77450800384983,60.0,220.0,EMS,MWH,VALID
2025-05-07 11:00:00,403.2410949267305,181.45849271702875,221.7826022097018,60.0,220.0,EMS,MWH,VALID
2025-05-07 12:00:00,413.5592807246136,186.10167632607613,227.4576043985375,60.0,220.0,EMS,MWH,VALID
2025-05-07 13:00:00,416.8031819670414,187.56143188516864,229.2417500818728,60.0,220.0,EMS,MWH,VALID
2025-05-07 14:00:00,421.5814644259274,189.7116589916673,231.8698054342601,60.0,220.0,EMS,MWH,VALID
2025-05-07 15:00:00,415.9660997137967,187.1847448712085,228.78135484258823,60.0,220.0,EMS,MWH,VALID
2025-05-07 16:00:00,434.5757047707864,195.5590671468539,239.01663762393247,80.0,220.0,EMS,MWH,VALID
2025-05-07 17:00:00,464.2614232600009,208.9176404670004,255.3437827930005,80.0,220.0,EMS,MWH,VALID
2025-05-07 18:00:00,512.4201269535939,230.5890571291173,281.8310698244767,80.0,220.0,EMS,MWH,VALID
2025-05-07 19:00:00,548.7769953018119,246.94964788581532,301.82734741599654,80.0,220.0,EMS,MWH,VALID
2025-05-07 20:00:00,496.5017049725404,223.4257672376432,273.07593773489725,80.0,220.0,EMS,MWH,VALID
2025-05-07 21:00:00,486.0682883093816,218.73072973922172,267.3375585701599,80.0,220.0,EMS,MWH,VALID
2025-05-07 22:00:00,400.2085661783307,180.09385478024882,220.1147113980819,80.0,220.0,EMS,MWH,VALID
2025-05-07 23:00:00,374.7500879891039,168.63753959509677,206.1125483940072,80.0,220.0,EMS,MWH,VALID
2025-05-08 00:00:00,362.3346697167922,163.0506013725565,199.28406834423572,80.0,220.0,EMS,MWH,VALID
2025-05-08 01:00:00,333.8595713363626,150.23680710136318,183.62276423499944,80.0,220.0,EMS,MWH,VALID
2025-05-08 02:00:00,359.1821158714053,161.63195214213238,197.55016372927287,80.0,220.0,EMS,MWH,VALID
2025-05-08 03:00:00,336.5672326533888,151.45525469402494,185.11197795936383,80.0,220.0,EMS,MWH,VALID
2025-05-08 04:00:00,341.6498686967961,153.74244091355826,187.90742778323784,80.0,220.0,EMS,MWH,VALID
2025-05-08 05:00:00,366.1071087374708,164.74819893186188,201.35890980560896,80.0,220.0,EMS,MWH,VALID
2025-05-08 06:00:00,375.5889496345323,169.01502733553954,206.5739222989928,80.0,220.0,EMS,MWH,VALID
2025-05-08 07:00:00,419.9607163259302,188.9823223466686,230.97839397926165,80.0,220.0,EMS,MWH,VALID
2025-05-08 08:00:00,438.8583648829537,197.48626419732915,241.37210068562453,80.0,220.0,EMS,MWH,VALID
2025-05-08 09:00:00,451.8903769806292,203.35066964128316,248.53970733934608,80.0,220.0,EMS,MWH,VALID
2025-05-08 10:00:00,443.3087522636272,199.48893851863227,243.819813744995,60.0,220.0,EMS,MWH,VALID
2025-05-08 11:00:00,410.665176792084,184.7993295564378,225.86584723564624,60.0,220.0,EMS,MWH,VALID
2025-05-08 12:00:00,444.93390982658906,200.22025942196507,244.713650404624,60.0,220.0,EMS,MWH,VALID
2025-05-08 13:00:00,385.7681618581401,173.59567283616306,212.17248902197707,60.0,220.0,EMS,MWH,VALID
2025-05-08 14:00:00,393.0305201854269,176.86373408344207,216.1667861019848,60.0,220.0,EMS,MWH,VALID
2025-05-08 15:00:00,429.8030541895489,193.411374385297,236.39167980425188,60.0,220.0,EMS,MWH,VALID
2025-05-08 16:00:00,438.0562919218637,197.12533136483864,240.93096055702503,80.0,220.0,EMS,MWH,VALID
2025-05-08 17:00:00,451.48641016821625,203.1688845756973,248.31752559251896,80.0,220.0,EMS,MWH,VALID
2025-05-08 18:00:00,521.025684110142,234.46155784956392,286.5641262605781,80.0,220.0,EMS,MWH,VALID
2025-05-08 19:00:00,530.0088799100606,238.5039959595273,291.5048839505334,80.0,220.0,EMS,MWH,VALID
2025-05-08 20:00:00,503.5351602296407,226.5908221033383,276.9443381263024,80.0,220.0,EMS,MWH,VALID
2025-05-08 21:00:00,450.5060796756064,202.7277358540229,247.77834382158355,80.0,220.0,EMS,MWH,VALID
2025-05-08 22:00:00,399.5056396191565,179.77753782862044,219.7281017905361,80.0,220.0,EMS,MWH,VALID
2025-05-08 23:00:00,386.2599005050865,173.81695522728893,212.4429452777976,80.0,220.0,EMS,MWH,VALID
2025-05-09 00:00:00,346.101935176898,155.74587082960412,190.3560643472939,80.0,220.0,EMS,MWH,VALID
2025-05-09 01:00:00,342.1816185271621,153.98172833722293,188.1998901899392,80.0,220.0,EMS,MWH,VALID
2025-05-09 02:00:00,347.82720167010547,156.52224075154746,191.304960918558,80.0,220.0,EMS,MWH,VALID
2025-05-09 03:00:00,334.39681055419203,150.4785647493864,183.9182458048056,80.0,220.0,EMS,MWH,VALID
2025-05-09 04:00:00,348.7798966391253,156.9509534876064,191.82894315151893,80.0,220.0,EMS,MWH,VALID
2025-05-09 05:00:00,319.64931543801373,143.8421919471062,175.80712349090757,80.0,220.0,EMS,MWH,VALID
2025-05-09 06:00:00,432.01129319939713,194.40508193972872,237.60621125966844,80.0,220.0,EMS,MWH,VALID
2025-05-09 07:00:00,432.5129204353586,194.6308141959114,237.88210623944727,80.0,220.0,EMS,MWH,VALID
2025-05-09 08:00:00,469.9331447016617,211.46991511574777,258.46322958591395,80.0,220.0,EMS,MWH,VALID
2025-05-09 09:00:00,464.4649368118782,209.0092215653452,255.45571524653303,80.0,220.0,EMS,MWH,VALID
2025-05-09 10:00:00,446.0959949517865,200.74319772830395,245.3527972234826,60.0,220.0,EMS,MWH,VALID
2025-05-09 11:00:00,414.0044982449527,186.30202421022872,227.702474034724,60.0,220.0,EMS,MWH,VALID
2025-05-09 12:00:00,428.34496444915527,192.75523400211983,235.5897304470354,60.0,220.0,EMS,MWH,VALID
2025-05-09 13:00:00,419.3348503840121,188.70068267280544,230.6341677112067,60.0,220.0,EMS,MWH,VALID
2025-05-09 14:00:00,393.7664121562979,177.19488547033407,216.57152668596387,60.0,220.0,EMS,MWH,VALID
2025-05-09 15:00:00,422.0363645241702,189.9163640358766,232.12000048829364,60.0,220.0,EMS,MWH,VALID
2025-05-09 16:00:00,444.6891347619716,200.1101106428872,244.5790241190844,80.0,220.0,EMS,MWH,VALID
2025-05-09 17:00:00,473.6578695634119,213.14604130353536,260.5118282598765,80.0,220.0,EMS,MWH,VALID
2025-05-09 18:00:00,498.9327899049905,224.5197554572457,274.4130344477448,80.0,220.0,EMS,MWH,VALID
2025-05-09 19:00:00,511.8240373163355,230.32081679235097,281.5032205239845,80.0,220.0,EMS,MWH,VALID
2025-05-09 20:00:00,509.5897025359063,229.31536614115785,280.2743363947485,80.0,220.0,EMS,MWH,VALID
2025-05-09 21:00:00,445.7178466770641,200.5730310046788,245.14481567238525,80.0,220.0,EMS,MWH,VALID
2025-05-09 22:00:00,406.9568932230017,183.1306019503508,223.82629127265096,80.0,220.0,EMS,MWH,VALID
2025-05-09 23:00:00,360.85732155861007,162.38579470137452,198.47152685723557,80.0,220.0,EMS,MWH,VALID
2025-05-10 00:00:00,270.3220386553767,121.6449173949195,148.67712126045717,80.0,220.0,EMS,MWH,VALID
2025-05-10 01:00:00,259.1630430265116,116.62336936193024,142.5396736645814,80.0,220.0,EMS,MWH,VALID
2025-05-10 02:00:00,264.1856095384094,118.88352429228422,145.30208524612516,80.0,220.0,EMS,MWH,VALID
2025-05-10 03:00:00,273.8888456355903,123.24998053601564,150.63886509957467,80.0,220.0,EMS,MWH,VALID
2025-05-10 04:00:00,259.1920402101517,116.63641809456826,142.55562211558345,80.0,220.0,EMS,MWH,VALID
2025-05-10 05:00:00,301.8098842011568,135.81444789052057,165.99543631063625,80.0,220.0,EMS,MWH,VALID
2025-05-10 06:00:00,323.94939404529174,145.7772273203813,178.17216672491048,80.0,220.0,EMS,MWH,VALID
2025-05-10 07:00:00,332.59996468384975,149.6699841077324,182.92998057611737,80.0,220.0,EMS,MWH,VALID
2025-05-10 08:00:00,370.24172895251,166.60877802862947,203.6329509238805,80.0,220.0,EMS,MWH,VALID
2025-05-10 09:00:00,331.8649791532583,149.33924061896622,182.5257385342921,80.0,220.0,EMS,MWH,VALID
2025-05-10 10:00:00,350.034111118582,157.51535000336187,192.5187611152201,60.0,220.0,EMS,MWH,VALID
2025-05-10 12:00:00,348.8043741360043,156.96196836120194,191.8424057748024,60.0,220.0,EMS,MWH,VALID
2025-05-10 13:00:00,371.2659892873616,167.0696951793127,204.19629410804887,60.0,220.0,EMS,MWH,VALID
2025-05-10 14:00:00,338.59725392810515,152.36876426764732,186.22848966045785,60.0,220.0,EMS,MWH,VALID
2025-05-10 15:00:00,307.28001279671093,138.27600575851991,169.00400703819102,60.0,220.0,EMS,MWH,VALID
2025-05-10 16:00:00,340.86700488632584,153.39015219884664,187.47685268747924,80.0,220.0,EMS,MWH,VALID
2025-05-10 17:00:00,390.721055979247,175.82447519066116,214.89658078858588,80.0,220.0,EMS,MWH,VALID
2025-05-10 18:00:00,415.30034255614174,186.8851541502638,228.415188405878,80.0,220.0,EMS,MWH,VALID
2025-05-10 19:00:00,406.6874945909393,183.0093725659227,223.67812202501665,80.0,220.0,EMS,MWH,VALID
2025-05-10 20:00:00,434.5430995928218,195.54439481676985,238.998704776052,80.0,220.0,EMS,MWH,VALID
2025-05-10 21:00:00,376.0157046113703,169.20706707511664,206.80863753625368,80.0,220.0,EMS,MWH,VALID
2025-05-10 22:00:00,335.3252447331043,150.89636012989692,184.42888460320736,80.0,220.0,EMS,MWH,VALID
2025-05-10 23:00:00,320.8564444697665,144.38540001139492,176.47104445837158,80.0,220.0,EMS,MWH,VALID
2025-05-11 00:00:00,252.06695747729245,113.4301308647816,138.63682661251084,80.0,220.0,EMS,MWH,VALID
2025-05-11 01:00:00,254.0592396378025,114.32665783701113,139.7325818007914,80.0,220.0,EMS,MWH,VALID
2025-05-11 02:00:00,292.17919909685287,131.4806395935838,160.69855950326908,80.0,220.0,EMS,MWH,VALID
2025-05-11 03:00:00,261.1420571936199,117.51392573712896,143.62813145649096,80.0,220.0,EMS,MWH,VALID
2025-05-11 04:00:00,291.7426750581202,131.2842037761541,160.45847128196613,80.0,220.0,EMS,MWH,VALID
2025-05-11 05:00:00,302.5420038317369,136.14390172428162,166.39810210745532,80.0,220.0,EMS,MWH,VALID
2025-05-11 06:00:00,353.1043732621265,158.89696796795693,194.2074052941696,80.0,220.0,EMS,MWH,VALID
2025-05-11 07:00:00,375.0295017722263,168.76327579750185,206.26622597472448,80.0,220.0,EMS,MWH,VALID
2025-05-11 08:00:00,393.2660444266435,176.96971999198956,216.29632443465397,80.0,220.0,EMS,MWH,VALID
2025-05-11 09:00:00,346.8496083155504,156.0823237419977,190.7672845735528,80.0,220.0,EMS,MWH,VALID
2025-05-11 10:00:00,366.0024080868188,164.70108363906846,201.30132444775035,60.0,220.0,EMS,MWH,VALID
2025-05-11 11:00:00,296.599678922219,133.46985551499856,163.12982340722047,60.0,220.0,EMS,MWH,VALID
2025-05-11 12:00:00,335.79757975137164,151.10891088811724,184.6886688632544,60.0,220.0,EMS,MWH,VALID
2025-05-11 13:00:00,279.17284769477897,125.62778146265052,153.54506623212845,60.0,220.0,EMS,MWH,VALID
2025-05-11 14:00:00,305.58654007816307,137.51394303517338,168.0725970429897,60.0,220.0,EMS,MWH,VALID
2025-05-11 15:00:00,316.87206432663544,142.59242894698596,174.2796353796495,60.0,220.0,EMS,MWH,VALID
2025-05-11 16:00:00,345.57468404737955,155.5086078213208,190.06607622605875,80.0,220.0,EMS,MWH,VALID
2025-05-11 17:00:00,418.05957292708416,188.12680781718788,229.9327651098963,80.0,220.0,EMS,MWH,VALID
2025-05-11 18:00:00,395.6418723364643,178.03884255140895,217.60302978505536,80.0,220.0,EMS,MWH,VALID
2025-05-11 19:00:00,420.9312847293861,189.41907812822373,231.51220660116235,80.0,220.0,EMS,MWH,VALID
2025-05-11 20:00:00,393.2014350032672,176.9406457514702,216.26078925179692,80.0,220.0,EMS,MWH,VALID
2025-05-11 21:00:00,370.0938330312293,166.5422248640532,203.5516081671761,80.0,220.0,EMS,MWH,VALID
2025-05-11 22:00:00,320.5958019449316,144.2681108752192,176.3276910697124,80.0,220.0,EMS,MWH,VALID
2025-05-11 23:00:00,315.7131122709606,142.0709005219323,173.64221174902835,80.0,220.0,EMS,MWH,VALID
2025-05-12 00:00:00,328.3404625516377,147.75320814823698,180.58725440340075,80.0,220.0,EMS,MWH,VALID
2025-05-12 01:00:00,335.9287828957184,151.16795230307326,184.7608305926451,80.0,220.0,EMS,MWH,VALID
2025-05-12 02:00:00,330.53995411865515,148.74297935339482,181.7969747652604,80.0,220.0,EMS,MWH,VALID
2025-05-12 03:00:00,330.7733237931444,148.847995706915,181.92532808622943,80.0,220.0,EMS,MWH,VALID
2025-05-12 04:00:00,346.7467299203239,156.03602846414577,190.71070145617816,80.0,220.0,EMS,MWH,VALID
2025-05-12 05:00:00,345.510673567306,155.4798031052877,190.0308704620183,80.0,220.0,EMS,MWH,VALID
2025-05-12 06:00:00,382.84767110873184,172.28145199892933,210.5662191098025,80.0,220.0,EMS,MWH,VALID
2025-05-12 07:00:00,416.1118409861976,187.25032844378893,228.8615125424087,80.0,220.0,EMS,MWH,VALID
2025-05-12 08:00:00,457.476476627869,205.86441448254104,251.612062145328,80.0,220.0,EMS,MWH,VALID
2025-05-12 09:00:00,453.4277458799209,204.0424856459644,249.38526023395653,80.0,220.0,EMS,MWH,VALID
2025-05-12 10:00:00,437.6547906307426,196.94465578383415,240.7101348469085,60.0,220.0,EMS,MWH,VALID
2025-05-12 11:00:00,418.5826820761307,188.36220693425884,230.2204751418719,60.0,220.0,EMS,MWH,VALID
2025-05-12 12:00:00,415.3355896877796,186.90101535950083,228.4345743282788,60.0,220.0,EMS,MWH,VALID
2025-05-12 13:00:00,401.51028314789386,180.67962741655225,220.83065573134164,60.0,220.0,EMS,MWH,VALID
2025-05-12 14:00:00,407.5489591899064,183.39703163545784,224.1519275544485,60.0,220.0,EMS,MWH,VALID
2025-05-12 15:00:00,424.623946985074,191.0807761432833,233.5431708417907,60.0,220.0,EMS,MWH,VALID
2025-05-12 16:00:00,432.3899416021469,194.5754737209661,237.8144678811808,80.0,220.0,EMS,MWH,VALID
2025-05-12 17:00:00,486.27341383578425,218.8230362261029,267.45037760968137,80.0,220.0,EMS,MWH,VALID
2025-05-12 18:00:00,530.3972952346057,238.6787828555726,291.7185123790332,80.0,220.0,EMS,MWH,VALID
2025-05-12 19:00:00,527.6457380602178,237.44058212709805,290.20515593311984,80.0,220.0,EMS,MWH,VALID
2025-05-12 20:00:00,520.4666899509353,234.2100104779209,286.25667947301446,80.0,220.0,EMS,MWH,VALID
2025-05-12 21:00:00,449.3520664358863,202.20842989614883,247.14363653973749,80.0,220.0,EMS,MWH,VALID
2025-05-12 22:00:00,414.9359797510777,186.72119088798496,228.2147888630928,80.0,220.0,EMS,MWH,VALID
2025-05-12 23:00:00,351.3193326186626,158.09369967839817,193.22563294026443,80.0,220.0,EMS,MWH,VALID
2025-05-13 00:00:00,335.83490838492025,151.12570877321411,184.70919961170617,80.0,220.0,EMS,MWH,VALID
2025-05-13 01:00:00,339.4804586978974,152.76620641405384,186.7142522838436,80.0,220.0,EMS,MWH,VALID
2025-05-13 02:00:00,346.14221884226225,155.76399847901803,190.37822036324425,80.0,220.0,EMS,MWH,VALID
2025-05-13 03:00:00,342.3605528498527,154.06224878243373,188.298304067419,80.0,220.0,EMS,MWH,VALID
2025-05-13 04:00:00,365.83217145941205,164.62447715673542,201.20769430267663,80.0,220.0,EMS,MWH,VALID
2025-05-13 05:00:00,374.4237577348731,168.4906909806929,205.93306675418023,80.0,220.0,EMS,MWH,VALID
2025-05-13 06:00:00,397.3932326323443,178.82695468455492,218.56627794778936,80.0,220.0,EMS,MWH,VALID
2025-05-13 07:00:00,433.2211252891991,194.9495063801396,238.27161890905955,80.0,220.0,EMS,MWH,VALID
2025-05-13 08:00:00,444.4255229373512,199.99148532180809,244.4340376155432,80.0,220.0,EMS,MWH,VALID
2025-05-13 09:00:00,447.8774205779439,201.54483926007475,246.3325813178692,80.0,220.0,EMS,MWH,VALID
2025-05-13 10:00:00,432.4653854979417,194.6094234740738,237.855962023868,60.0,220.0,EMS,MWH,VALID
2025-05-13 11:00:00,421.3690356467188,189.6160660410235,231.75296960569537,60.0,220.0,EMS,MWH,VALID
2025-05-13 12:00:00,407.58951815918425,183.4152831716329,224.17423498755136,60.0,220.0,EMS,MWH,VALID
2025-05-13 13:00:00,388.24792771539273,174.71156747192674,213.536360243466,60.0,220.0,EMS,MWH,VALID
2025-05-13 14:00:00,426.7813698568563,192.05161643558532,234.729753421271,60.0,220.0,EMS,MWH,VALID
2025-05-13 15:00:00,389.25156954721547,175.16320629624695,214.0883632509685,60.0,220.0,EMS,MWH,VALID
2025-05-13 16:00:00,430.6803899646805,193.8061754841062,236.87421448057427,80.0,220.0,EMS,MWH,VALID
2025-05-13 17:00:00,497.222161345712,223.7499726055704,273.47218874014163,80.0,220.0,EMS,MWH,VALID
2025-05-13 18:00:00,502.9627061312094,226.33321775904423,276.6294883721652,80.0,220.0,EMS,MWH,VALID
2025-05-13 19:00:00,538.8126453918637,242.46569042633868,296.3469549655251,80.0,220.0,EMS,MWH,VALID
2025-05-13 20:00:00,503.5841734148085,226.61287803666383,276.9712953781447,80.0,220.0,EMS,MWH,VALID
2025-05-13 21:00:00,458.29086320013977,206.2308884400629,252.0599747600769,80.0,220.0,EMS,MWH,VALID
2025-05-13 22:00:00,393.7645458014298,177.1940456106434,216.5705001907864,80.0,220.0,EMS,MWH,VALID
2025-05-13 23:00:00,358.854632791785,161.48458475630324,197.37004803548172,80.0,220.0,EMS,MWH,VALID
2025-05-14 00:00:00,340.5881321623679,153.26465947306556,187.3234726893024,80.0,220.0,EMS,MWH,VALID
2025-05-14 01:00:00,332.53477440251174,149.64064848113028,182.8941259213815,80.0,220.0,EMS,MWH,VALID
2025-05-14 02:00:00,325.6735549656363,146.55309973453635,179.12045523109998,80.0,220.0,EMS,MWH,VALID
2025-05-14 03:00:00,334.6589965533461,150.59654844900575,184.0624481043404,80.0,220.0,EMS,MWH,VALID
2025-05-14 04:00:00,339.7495213808904,152.8872846214007,186.86223675948972,80.0,220.0,EMS,MWH,VALID
2025-05-14 05:00:00,345.99685489161243,155.6985847012256,190.2982701903869,80.0,220.0,EMS,MWH,VALID
2025-05-14 06:00:00,397.32575194307,178.7965883743815,218.52916356868852,80.0,220.0,EMS,MWH,VALID
2025-05-14 07:00:00,441.25485103834126,198.5646829672536,242.6901680710877,80.0,220.0,EMS,MWH,VALID
2025-05-14 08:00:00,452.7848757834362,203.75319410254627,249.03168168088996,80.0,220.0,EMS,MWH,VALID
2025-05-14 09:00:00,449.3028748710862,202.1862936919888,247.11658117909744,80.0,220.0,EMS,MWH,VALID
2025-05-14 10:00:00,438.9717124492147,197.5372706021466,241.4344418470681,60.0,220.0,EMS,MWH,VALID
2025-05-14 11:00:00,403.6241249366409,181.6308562214884,221.9932687151525,60.0,220.0,EMS,MWH,VALID
2025-05-14 12:00:00,381.8288288905836,171.8229730007626,210.00585588982096,60.0,220.0,EMS,MWH,VALID
2025-05-14 13:00:00,420.5703141587667,189.256641371445,231.31367278732168,60.0,220.0,EMS,MWH,VALID
2025-05-14 14:00:00,417.8152955559197,188.01688300016383,229.79841255575585,60.0,220.0,EMS,MWH,VALID
2025-05-14 15:00:00,391.0095649058474,175.95430420763137,215.05526069821613,60.0,220.0,EMS,MWH,VALID
2025-05-14 16:00:00,440.2746293606153,198.12358321227688,242.1510461483384,80.0,220.0,EMS,MWH,VALID
2025-05-14 17:00:00,479.0375193496967,215.56688370736356,263.4706356423332,80.0,220.0,EMS,MWH,VALID
2025-05-14 18:00:00,507.7896858682464,228.50535864071085,279.2843272275355,80.0,220.0,EMS,MWH,VALID
2025-05-14 19:00:00,512.2935432777069,230.5320944749681,281.7614488027388,80.0,220.0,EMS,MWH,VALID
2025-05-14 20:00:00,499.081346059161,224.58660572662248,274.4947403325386,80.0,220.0,EMS,MWH,VALID
2025-05-14 21:00:00,439.8270341589103,197.92216537150964,241.9048687874007,80.0,220.0,EMS,MWH,VALID
2025-05-14 22:00:00,398.5662477639786,179.35481149379038,219.21143627018824,80.0,220.0,EMS,MWH,VALID
2025-05-14 23:00:00,343.1452535063525,154.41536407785864,188.7298894284939,80.0,220.0,EMS,MWH,VALID
2025-05-15 00:00:00,338.3771330935461,152.26970989209576,186.1074232014504,80.0,220.0,EMS,MWH,VALID
2025-05-15 01:00:00,353.7513590535247,159.18811157408612,194.56324747943864,80.0,220.0,EMS,MWH,VALID
2025-05-15 02:00:00,332.58633923268286,149.66385265470728,182.9224865779756,80.0,220.0,EMS,MWH,VALID
2025-05-15 03:00:00,344.9442231673673,155.22490042531527,189.719322742052,80.0,220.0,EMS,MWH,VALID
2025-05-15 04:00:00,340.3640809248853,153.1638364161984,187.2002445086869,80.0,220.0,EMS,MWH,VALID
2025-05-15 05:00:00,385.319618681305,173.39382840658726,211.9257902747178,80.0,220.0,EMS,MWH,VALID
2025-05-15 06:00:00,386.5036238750175,173.9266307437579,212.57699313125968,80.0,220.0,EMS,MWH,VALID
2025-05-15 07:00:00,409.0502417351245,184.07260878080604,224.97763295431847,80.0,220.0,EMS,MWH,VALID
2025-05-15 08:00:00,432.5789014404239,194.66050564819076,237.9183957922332,80.0,220.0,EMS,MWH,VALID
2025-05-15 09:00:00,438.6507560221541,197.3928402099693,241.2579158121848,80.0,220.0,EMS,MWH,VALID
2025-05-15 10:00:00,436.5887417799285,196.46493380096783,240.1238079789607,60.0,220.0,EMS,MWH,VALID
2025-05-15 11:00:00,413.453878091473,186.05424514116288,227.39963295031015,60.0,220.0,EMS,MWH,VALID
2025-05-15 12:00:00,437.26422891108064,196.7689030099863,240.4953259010944,60.0,220.0,EMS,MWH,VALID
2025-05-15 13:00:00,410.6318978696209,184.7843540413294,225.84754382829152,60.0,220.0,EMS,MWH,VALID
2025-05-15 14:00:00,410.6605022316117,184.79722600422528,225.86327622738645,60.0,220.0,EMS,MWH,VALID
2025-05-15 15:00:00,420.8333938586566,189.37502723639548,231.4583666222612,60.0,220.0,EMS,MWH,VALID
2025-05-15 16:00:00,460.6751574065884,207.3038208329648,253.37133657362364,80.0,220.0,EMS,MWH,VALID
2025-05-15 17:00:00,455.3696723908358,204.9163525758761,250.45331981495968,80.0,220.0,EMS,MWH,VALID
2025-05-15 18:00:00,522.5922261831571,235.1665017824207,287.42572440073644,80.0,220.0,EMS,MWH,VALID
2025-05-15 19:00:00,511.3913063475625,230.12608785640316,281.26521849115943,80.0,220.0,EMS,MWH,VALID
2025-05-15 20:00:00,504.27301899535576,226.9228585479101,277.35016044744566,80.0,220.0,EMS,MWH,VALID
2025-05-15 21:00:00,445.7187084410485,200.5734187984718,245.14528964257667,80.0,220.0,EMS,MWH,VALID
2025-05-15 22:00:00,400.50251892514217,180.226133516314,220.27638540882825,80.0,220.0,EMS,MWH,VALID
2025-05-15 23:00:00,369.2613230620317,166.16759537791424,203.09372768411745,80.0,220.0,EMS,MWH,VALID
2025-05-16 00:00:00,343.55269405210595,154.59871232344767,188.95398172865828,80.0,220.0,EMS,MWH,VALID
2025-05-16 01:00:00,338.1577233239813,152.1709754957916,185.98674782818972,80.0,220.0,EMS,MWH,VALID
2025-05-16 02:00:00,333.9032877377026,150.25647948196618,183.6468082557365,80.0,220.0,EMS,MWH,VALID
2025-05-16 03:00:00,341.71648234861584,153.77241705687717,187.94406529173872,80.0,220.0,EMS,MWH,VALID
2025-05-16 04:00:00,342.9087701643088,154.30894657393895,188.59982359036985,80.0,220.0,EMS,MWH,VALID
2025-05-16 05:00:00,371.24481964754347,167.06016884139456,204.1846508061489,80.0,220.0,EMS,MWH,VALID
2025-05-16 06:00:00,412.1928000722066,185.48676003249295,226.70604003971368,80.0,220.0,EMS,MWH,VALID
2025-05-16 07:00:00,456.5839122901199,205.462760530554,251.12115175956595,80.0,220.0,EMS,MWH,VALID
2025-05-16 08:00:00,469.121758201601,211.10479119072048,258.0169670108806,80.0,220.0,EMS,MWH,VALID
2025-05-16 09:00:00,471.17322599817953,212.0279516991808,259.14527429899874,80.0,220.0,EMS,MWH,VALID
2025-05-16 10:00:00,422.1450693572836,189.9652812107776,232.179788146506,60.0,220.0,EMS,MWH,VALID
2025-05-16 11:00:00,430.6572639261863,193.79576876678385,236.86149515940247,60.0,220.0,EMS,MWH,VALID
2025-05-16 12:00:00,412.4570863399829,185.60568885299236,226.85139748699063,60.0,220.0,EMS,MWH,VALID
2025-05-16 13:00:00,395.64334745486855,178.03950635469084,217.60384110017773,60.0,220.0,EMS,MWH,VALID
2025-05-16 14:00:00,400.2306551726044,180.103794827672,220.12686034493245,60.0,220.0,EMS,MWH,VALID
2025-05-16 15:00:00,434.1825390020711,195.382142550932,238.8003964511391,60.0,220.0,EMS,MWH,VALID
2025-05-16 16:00:00,456.0045091805896,205.20202913126533,250.8024800493243,80.0,220.0,EMS,MWH,VALID
2025-05-16 17:00:00,463.3303963323511,208.498678349558,254.83171798279312,80.0,220.0,EMS,MWH,VALID
2025-05-16 18:00:00,511.9187947176253,230.36345762293135,281.5553370946939,80.0,220.0,EMS,MWH,VALID
2025-05-16 19:00:00,506.0729419035853,227.73282385661335,278.3401180469719,80.0,220.0,EMS,MWH,VALID
2025-05-16 20:00:00,494.293016291012,222.4318573309554,271.8611589600566,80.0,220.0,EMS,MWH,VALID
2025-05-16 21:00:00,440.74476187327446,198.3351428429735,242.40961903030097,80.0,220.0,EMS,MWH,VALID
2025-05-16 22:00:00,398.6578958832077,179.3960531474435,219.26184273576428,80.0,220.0,EMS,MWH,VALID
2025-05-16 23:00:00,373.1486991587245,167.91691462142603,205.2317845372985,80.0,220.0,EMS,MWH,VALID
2025-05-17 00:00:00,260.24305496215493,117.10937473296973,143.13368022918522,80.0,220.0,EMS,MWH,VALID
2025-05-17 01:00:00,257.3395322338856,115.80278950524853,141.5367427286371,80.0,220.0,EMS,MWH,VALID
2025-05-17 02:00:00,272.2085156234041,122.49383203053183,149.71468359287226,80.0,220.0,EMS,MWH,VALID
2025-05-17 03:00:00,274.3318196842588,123.44931885791644,150.88250082634235,80.0,220.0,EMS,MWH,VALID
2025-05-17 04:00:00,264.3017812690858,118.9358015710886,145.3659796979972,80.0,220.0,EMS,MWH,VALID
2025-05-17 05:00:00,305.6746656577609,137.55359954599243,168.12106611176853,80.0,220.0,EMS,MWH,VALID
2025-05-17 06:00:00,311.8384542587106,140.3273044164198,171.51114984229085,80.0,220.0,EMS,MWH,VALID
2025-05-17 07:00:00,372.52436192761417,167.63596286742637,204.8883990601878,80.0,220.0,EMS,MWH,VALID
2025-05-17 08:00:00,381.5766115220464,171.70947518492088,209.86713633712557,80.0,220.0,EMS,MWH,VALID
2025-05-17 09:00:00,387.1824250528994,174.23209127380474,212.9503337790947,80.0,220.0,EMS,MWH,VALID
2025-05-17 10:00:00,352.71127157098704,158.72007220694417,193.9911993640429,60.0,220.0,EMS,MWH,VALID
2025-05-17 11:00:00,301.408183082165,135.63368238697427,165.77450069519077,60.0,220.0,EMS,MWH,VALID
2025-05-17 12:00:00,342.61015945244657,154.17457175360096,188.43558769884564,60.0,220.0,EMS,MWH,VALID
2025-05-17 13:00:00,346.87851100309825,156.0953299513942,190.78318105170405,60.0,220.0,EMS,MWH,VALID
2025-05-17 14:00:00,350.28576986555294,157.62859643949884,192.65717342605413,60.0,220.0,EMS,MWH,VALID
2025-05-17 15:00:00,318.8726132735862,143.4926759731138,175.37993730047242,60.0,220.0,EMS,MWH,VALID
2025-05-17 16:00:00,346.4053068286957,155.88238807291307,190.52291875578263,80.0,220.0,EMS,MWH,VALID
2025-05-17 17:00:00,388.2030923431022,174.69139155439598,213.5117007887062,80.0,220.0,EMS,MWH,VALID
2025-05-17 18:00:00,424.174031995779,190.8783143981005,233.29571759767848,80.0,220.0,EMS,MWH,VALID
2025-05-17 19:00:00,419.05598216411965,188.57519197385383,230.48079019026585,80.0,220.0,EMS,MWH,VALID
2025-05-17 20:00:00,416.0163159589868,187.20734218154408,228.8089737774428,80.0,220.0,EMS,MWH,VALID
2025-05-17 21:00:00,358.13567407676044,161.1610533345422,196.97462074221824,80.0,220.0,EMS,MWH,VALID
2025-05-17 22:00:00,335.9391414993433,151.17261367470448,184.7665278246388,80.0,220.0,EMS,MWH,VALID
2025-05-17 23:00:00,313.03513973785186,140.86581288203334,172.16932685581853,80.0,220.0,EMS,MWH,VALID
2025-05-18 00:00:00,300.8025519952285,135.36114839785282,165.44140359737568,80.0,220.0,EMS,MWH,VALID
2025-05-18 01:00:00,269.0672076998315,121.08024346492418,147.98696423490733,80.0,220.0,EMS,MWH,VALID
2025-05-18 02:00:00,276.00023715083023,124.2001067178736,151.80013043295665,80.0,220.0,EMS,MWH,VALID
2025-05-18 03:00:00,270.8623737762733,121.88806819932296,148.97430557695031,80.0,220.0,EMS,MWH,VALID
2025-05-18 04:00:00,292.8124729580858,131.7656128311386,161.0468601269472,80.0,220.0,EMS,MWH,VALID
2025-05-18 05:00:00,297.81123560352785,134.01505602158753,163.79617958194032,80.0,220.0,EMS,MWH,VALID
2025-05-18 06:00:00,319.64029552265833,143.83813298519627,175.8021625374621,80.0,220.0,EMS,MWH,VALID
2025-05-18 07:00:00,381.8455099020587,171.83047945592642,210.0150304461323,80.0,220.0,EMS,MWH,VALID
2025-05-18 08:00:00,383.44197174817225,172.5488872866775,210.8930844614948,80.0,220.0,EMS,MWH,VALID
2025-05-18 09:00:00,351.2701176192299,158.07155292865346,193.1985646905765,80.0,220.0,EMS,MWH,VALID
2025-05-18 10:00:00,349.7696732351203,157.39635295580413,192.37332027931615,60.0,220.0,EMS,MWH,VALID
2025-05-18 11:00:00,312.4309893346121,140.59394520057543,171.83704413403666,60.0,220.0,EMS,MWH,VALID
2025-05-18 12:00:00,340.25544813552864,153.11495166098788,187.14049647454075,60.0,220.0,EMS,MWH,VALID
2025-05-18 13:00:00,310.0290095470792,139.51305429618566,170.5159552508936,60.0,220.0,EMS,MWH,VALID
2025-05-18 14:00:00,332.5431931555919,149.64443692001635,182.89875623557555,60.0,220.0,EMS,MWH,VALID
2025-05-18 15:00:00,319.6066236002589,143.8229806201165,175.78364298014242,60.0,220.0,EMS,MWH,VALID
2025-05-18 16:00:00,375.1471034334789,168.8161965450655,206.3309068884134,80.0,220.0,EMS,MWH,VALID
2025-05-18 17:00:00,403.8560005359637,181.7352002411837,222.12080029478008,80.0,220.0,EMS,MWH,VALID
2025-05-18 18:00:00,391.76075904154135,176.29234156869362,215.46841747284776,80.0,220.0,EMS,MWH,VALID
2025-05-18 19:00:00,403.21295347204295,181.4458290624193,221.76712440962365,80.0,220.0,EMS,MWH,VALID
2025-05-18 20:00:00,407.5416771852055,183.3937547333425,224.14792245186305,80.0,220.0,EMS,MWH,VALID
2025-05-18 21:00:00,356.8526371646033,160.5836867240715,196.26895044053185,80.0,220.0,EMS,MWH,VALID
2025-05-18 22:00:00,320.37905074353694,144.17057283459164,176.20847790894533,80.0,220.0,EMS,MWH,VALID
2025-05-18 23:00:00,288.8054347036527,129.96244561664372,158.842989087009,80.0,220.0,EMS,MWH,VALID
2025-05-19 00:00:00,332.5489941752588,149.64704737886646,182.90194679639237,80.0,220.0,EMS,MWH,VALID
2025-05-19 01:00:00,324.15624673055555,145.87031102875,178.28593570180556,80.0,220.0,EMS,MWH,VALID
2025-05-19 02:00:00,352.87248681060487,158.7926190647722,194.0798677458327,80.0,220.0,EMS,MWH,VALID
2025-05-19 03:00:00,300.0575439029234,135.02589475631552,165.03164914660786,80.0,220.0,EMS,MWH,VALID
2025-05-19 04:00:00,349.89553707434123,157.45299168345355,192.4425453908877,80.0,220.0,EMS,MWH,VALID
2025-05-19 05:00:00,360.0158726933727,162.00714271201772,198.008729981355,80.0,220.0,EMS,MWH,VALID
2025-05-19 06:00:00,400.18417194315634,180.08287737442035,220.101294568736,80.0,220.0,EMS,MWH,VALID
2025-05-19 07:00:00,436.0677062311463,196.23046780401583,239.83723842713047,80.0,220.0,EMS,MWH,VALID
2025-05-19 08:00:00,441.1346080262064,198.5105736117929,242.62403441441356,80.0,220.0,EMS,MWH,VALID
2025-05-19 09:00:00,448.8247143366686,201.9711214515009,246.85359288516776,80.0,220.0,EMS,MWH,VALID
2025-05-19 10:00:00,441.45496872391095,198.65473592575992,242.80023279815103,60.0,220.0,EMS,MWH,VALID
2025-05-19 11:00:00,408.130710560055,183.65881975202475,224.47189080803025,60.0,220.0,EMS,MWH,VALID
2025-05-19 12:00:00,417.3780745996668,187.82013356985007,229.5579410298168,60.0,220.0,EMS,MWH,VALID
2025-05-19 13:00:00,419.69492994389225,188.86271847475152,230.8322114691408,60.0,220.0,EMS,MWH,VALID
2025-05-19 14:00:00,388.7127883440912,174.92075475484106,213.7920335892502,60.0,220.0,EMS,MWH,VALID
2025-05-19 15:00:00,405.2155164538873,182.34698240424927,222.868534049638,60.0,220.0,EMS,MWH,VALID
2025-05-19 16:00:00,408.5116408200713,183.8302383690321,224.6814024510392,80.0,220.0,EMS,MWH,VALID
2025-05-19 17:00:00,496.9077582338121,223.60849120521544,273.29926702859666,80.0,220.0,EMS,MWH,VALID
2025-05-19 18:00:00,502.7470318675092,226.23616434037916,276.5108675271301,80.0,220.0,EMS,MWH,VALID
2025-05-19 19:00:00,549.8985498610554,247.4543474374749,302.44420242358046,80.0,220.0,EMS,MWH,VALID
2025-05-19 20:00:00,494.6524987330388,222.59362442986745,272.05887430317136,80.0,220.0,EMS,MWH,VALID
2025-05-19 21:00:00,478.6191991657587,215.3786396245914,263.2405595411673,80.0,220.0,EMS,MWH,VALID
2025-05-19 22:00:00,396.3256343912523,178.34653547606354,217.9790989151888,80.0,220.0,EMS,MWH,VALID
2025-05-19 23:00:00,344.87059471716594,155.19176762272468,189.6788270944413,80.0,220.0,EMS,MWH,VALID
2025-05-20 00:00:00,331.08669463714165,148.98901258671376,182.09768205042792,80.0,220.0,EMS,MWH,VALID
2025-05-20 01:00:00,323.95230889524134,145.77853900285862,178.17376989238275,80.0,220.0,EMS,MWH,VALID
2025-05-20 02:00:00,327.3194598639891,147.2937569387951,180.02570292519405,80.0,220.0,EMS,MWH,VALID
2025-05-20 03:00:00,349.13027386776065,157.1086232404923,192.0216506272684,80.0,220.0,EMS,MWH,VALID
2025-05-20 04:00:00,353.6377229370426,159.13697532166918,194.50074761537343,80.0,220.0,EMS,MWH,VALID
2025-05-20 05:00:00,366.6320622573298,164.98442801579844,201.64763424153145,80.0,220.0,EMS,MWH,VALID
2025-05-20 06:00:00,390.6454180694087,175.7904381312339,214.8549799381748,80.0,220.0,EMS,MWH,VALID
2025-05-20 07:00:00,425.9827398550606,191.69223293477725,234.2905069202833,80.0,220.0,EMS,MWH,VALID
2025-05-20 08:00:00,460.6130222835856,207.27586002761356,253.3371622559721,80.0,220.0,EMS,MWH,VALID
2025-05-20 09:00:00,474.46723278698414,213.5102547541429,260.9569780328413,80.0,220.0,EMS,MWH,VALID
2025-05-20 10:00:00,448.9365303123821,202.02143864057197,246.9150916718102,60.0,220.0,EMS,MWH,VALID
2025-05-20 11:00:00,397.4431125826041,178.84940066217186,218.59371192043227,60.0,220.0,EMS,MWH,VALID
2025-05-20 12:00:00,421.8152496331638,189.8168623349237,231.9983872982401,60.0,220.0,EMS,MWH,VALID
2025-05-20 13:00:00,399.2931253249832,179.68190639624245,219.6112189287408,60.0,220.0,EMS,MWH,VALID
2025-05-20 14:00:00,406.75267391895466,183.0387032635296,223.71397065542507,60.0,220.0,EMS,MWH,VALID
2025-05-20 15:00:00,431.9172571079562,194.36276569858032,237.55449140937597,60.0,220.0,EMS,MWH,VALID
2025-05-20 16:00:00,443.0774170601873,199.3848376770843,243.69257938310304,80.0,220.0,EMS,MWH,VALID
2025-05-20 17:00:00,490.9905697673275,220.94575639529737,270.0448133720301,80.0,220.0,EMS,MWH,VALID
2025-05-20 18:00:00,509.5992613186789,229.31966759340557,280.27959372527346,80.0,220.0,EMS,MWH,VALID
2025-05-20 19:00:00,500.4645084091503,225.20902878411763,275.2554796250327,80.0,220.0,EMS,MWH,VALID
2025-05-20 20:00:00,490.5359700727203,220.74118653272416,269.7947835399962,80.0,220.0,EMS,MWH,VALID
2025-05-20 21:00:00,424.5737664267898,191.0581948920554,233.5155715347344,80.0,220.0,EMS,MWH,VALID
2025-05-20 22:00:00,404.395114357957,181.97780146108067,222.4173128968764,80.0,220.0,EMS,MWH,VALID
2025-05-20 23:00:00,355.48830980472,159.969739412124,195.518570392596,80.0,220.0,EMS,MWH,VALID
2025-05-21 00:00:00,325.90513446556434,146.65731050950396,179.24782395606042,80.0,220.0,EMS,MWH,VALID
2025-05-21 01:00:00,326.78261142048785,147.05217513921954,179.73043628126834,80.0,220.0,EMS,MWH,VALID
2025-05-21 02:00:00,343.77411159606777,154.6983502182305,189.0757613778373,80.0,220.0,EMS,MWH,VALID
2025-05-21 03:00:00,340.84967808298575,153.38235513734358,187.46732294564217,80.0,220.0,EMS,MWH,VALID
2025-05-21 04:00:00,298.6953360365383,134.41290121644224,164.28243482009609,80.0,220.0,EMS,MWH,VALID
2025-05-21 05:00:00,329.8860849242396,148.4487382159078,181.43734670833177,80.0,220.0,EMS,MWH,VALID
2025-05-21 06:00:00,409.57928048111,184.3106762164995,225.26860426461053,80.0,220.0,EMS,MWH,VALID
2025-05-21 07:00:00,434.3328248664267,195.449771189892,238.8830536765347,80.0,220.0,EMS,MWH,VALID
2025-05-21 08:00:00,449.0127772440496,202.05574975982236,246.95702748422727,80.0,220.0,EMS,MWH,VALID
2025-05-21 09:00:00,450.6212754716295,202.7795739622333,247.84170150939624,80.0,220.0,EMS,MWH,VALID
2025-05-21 10:00:00,435.3197995817836,195.89390981180264,239.425889769981,60.0,220.0,EMS,MWH,VALID
2025-05-21 11:00:00,417.5111080849217,187.8799986382148,229.63110944670697,60.0,220.0,EMS,MWH,VALID
2025-05-21 12:00:00,418.5371587576192,188.34172144092864,230.19543731669057,60.0,220.0,EMS,MWH,VALID
2025-05-21 13:00:00,391.347625401614,176.1064314307263,215.2411939708877,60.0,220.0,EMS,MWH,VALID
2025-05-21 14:00:00,403.7642242881857,181.6939009296836,222.07032335850212,60.0,220.0,EMS,MWH,VALID
2025-05-21 15:00:00,417.0597006817703,187.67686530679663,229.3828353749737,60.0,220.0,EMS,MWH,VALID
2025-05-21 16:00:00,443.9444763268395,199.77501434707776,244.1694619797617,80.0,220.0,EMS,MWH,VALID
2025-05-21 17:00:00,475.4307692428675,213.9438461592904,261.48692308357715,80.0,220.0,EMS,MWH,VALID
2025-05-21 18:00:00,510.3273986464389,229.6473293908975,280.6800692555414,80.0,220.0,EMS,MWH,VALID
2025-05-21 19:00:00,530.5877218670383,238.76447484016725,291.8232470268711,80.0,220.0,EMS,MWH,VALID
2025-05-21 20:00:00,513.2116583432748,230.9452462544737,282.2664120888012,80.0,220.0,EMS,MWH,VALID
2025-05-21 21:00:00,452.8726047776629,203.7926721499483,249.07993262771456,80.0,220.0,EMS,MWH,VALID
2025-05-21 22:00:00,380.7041238006452,171.31685571029033,209.3872680903549,80.0,220.0,EMS,MWH,VALID
2025-05-21 23:00:00,355.3382922779746,159.90223152508855,195.436060752886,80.0,220.0,EMS,MWH,VALID
2025-05-22 00:00:00,307.3727007795989,138.31771535081953,169.05498542877942,80.0,220.0,EMS,MWH,VALID
2025-05-22 01:00:00,338.81237732367464,152.46556979565358,186.34680752802103,80.0,220.0,EMS,MWH,VALID
2025-05-22 02:00:00,327.84358731188,147.52961429034602,180.31397302153405,80.0,220.0,EMS,MWH,VALID
2025-05-22 03:00:00,348.120253572069,156.65411410743104,191.466139464638,80.0,220.0,EMS,MWH,VALID
2025-05-22 04:00:00,347.293679972175,156.28215598747877,191.01152398469628,80.0,220.0,EMS,MWH,VALID
2025-05-22 05:00:00,369.0983187575417,166.0942434408938,203.004075316648,80.0,220.0,EMS,MWH,VALID
2025-05-22 06:00:00,376.80840624531146,169.56378281039017,207.24462343492127,80.0,220.0,EMS,MWH,VALID
2025-05-22 07:00:00,416.9831610435919,187.64242246961635,229.34073857397556,80.0,220.0,EMS,MWH,VALID
2025-05-22 08:00:00,448.0234251524794,201.61054131861573,246.41288383386367,80.0,220.0,EMS,MWH,VALID
2025-05-22 09:00:00,443.0901349954132,199.39056074793595,243.6995742474773,80.0,220.0,EMS,MWH,VALID
2025-05-22 10:00:00,428.9577351418486,193.0309808138319,235.9267543280168,60.0,220.0,EMS,MWH,VALID
2025-05-22 11:00:00,402.60579145295696,181.17260615383063,221.43318529912636,60.0,220.0,EMS,MWH,VALID
2025-05-22 12:00:00,415.91478271962006,187.16165222382904,228.75313049579103,60.0,220.0,EMS,MWH,VALID
2025-05-22 13:00:00,403.5022607276604,181.5760173274472,221.92624340021325,60.0,220.0,EMS,MWH,VALID
2025-05-22 14:00:00,422.1538925734616,189.9692516580577,232.1846409154039,60.0,220.0,EMS,MWH,VALID
2025-05-22 15:00:00,397.7116493095589,178.9702421893015,218.7414071202574,60.0,220.0,EMS,MWH,VALID
2025-05-22 16:00:00,461.7847986842623,207.80315940791803,253.98163927634428,80.0,220.0,EMS,MWH,VALID
2025-05-22 17:00:00,476.07786046153086,214.2350372076889,261.842823253842,80.0,220.0,EMS,MWH,VALID
2025-05-22 18:00:00,500.6870638455084,225.3091787304788,275.37788511502964,80.0,220.0,EMS,MWH,VALID
2025-05-22 19:00:00,519.4875740633646,233.7694083285141,285.7181657348506,80.0,220.0,EMS,MWH,VALID
2025-05-22 20:00:00,486.64876684608015,218.9919450807361,267.6568217653441,80.0,220.0,EMS,MWH,VALID
2025-05-22 21:00:00,445.5856567175164,200.5135455228824,245.0721111946341,80.0,220.0,EMS,MWH,VALID
2025-05-22 22:00:00,412.84339293054734,185.77952681874632,227.06386611180105,80.0,220.0,EMS,MWH,VALID
2025-05-22 23:00:00,356.8748715274278,160.5936921873425,196.2811793400853,80.0,220.0,EMS,MWH,VALID
2025-05-23 00:00:00,331.77414867999994,149.29836690599998,182.475781774,80.0,220.0,EMS,MWH,VALID
2025-05-23 01:00:00,324.86106062329776,146.187477280484,178.67358334281377,80.0,220.0,EMS,MWH,VALID
2025-05-23 02:00:00,327.7840780016314,147.50283510073416,180.2812429008973,80.0,220.0,EMS,MWH,VALID
2025-05-23 03:00:00,328.30368237341867,147.7366570680384,180.56702530538027,80.0,220.0,EMS,MWH,VALID
2025-05-23 04:00:00,325.1050614228444,146.29727764028,178.80778378256446,80.0,220.0,EMS,MWH,VALID
2025-05-23 05:00:00,387.7735393352903,174.49809270088062,213.2754466344097,80.0,220.0,EMS,MWH,VALID
2025-05-23 06:00:00,399.4622517023501,179.75801326605753,219.7042384362925,80.0,220.0,EMS,MWH,VALID
2025-05-23 07:00:00,455.0432801504459,204.76947606770068,250.27380408274527,80.0,220.0,EMS,MWH,VALID
2025-05-23 08:00:00,460.4343284395911,207.195447797816,253.23888064177515,80.0,220.0,EMS,MWH,VALID
2025-05-23 09:00:00,424.8986405418463,191.2043882438308,233.69425229801544,80.0,220.0,EMS,MWH,VALID
2025-05-23 10:00:00,438.1987820570323,197.1894519256645,241.0093301313678,60.0,220.0,EMS,MWH,VALID
2025-05-23 11:00:00,416.2652273072792,187.31935228827564,228.9458750190036,60.0,220.0,EMS,MWH,VALID
2025-05-23 12:00:00,404.6765544506286,182.10444950278287,222.57210494784576,60.0,220.0,EMS,MWH,VALID
2025-05-23 13:00:00,401.5174472795647,180.68285127580413,220.8345960037606,60.0,220.0,EMS,MWH,VALID
2025-05-23 14:00:00,426.386732658055,191.87402969612475,234.51270296193027,60.0,220.0,EMS,MWH,VALID
2025-05-23 15:00:00,402.0438405200632,180.91972823402844,221.1241122860348,60.0,220.0,EMS,MWH,VALID
2025-05-23 16:00:00,437.4176367113651,196.8379365201143,240.5797001912508,80.0,220.0,EMS,MWH,VALID
2025-05-23 17:00:00,484.35021648429887,217.9575974179345,266.3926190663644,80.0,220.0,EMS,MWH,VALID
2025-05-23 18:00:00,503.29731970825264,226.4837938687137,276.8135258395389,80.0,220.0,EMS,MWH,VALID
2025-05-23 19:00:00,525.5537348398024,236.49918067791103,289.0545541618913,80.0,220.0,EMS,MWH,VALID
2025-05-23 20:00:00,513.5815902502237,231.11171561260068,282.4698746376231,80.0,220.0,EMS,MWH,VALID
2025-05-23 21:00:00,457.8073920206559,206.01332640929516,251.79406561136076,80.0,220.0,EMS,MWH,VALID
2025-05-23 22:00:00,370.9740254046554,166.93831143209496,204.0357139725605,80.0,220.0,EMS,MWH,VALID
2025-05-23 23:00:00,350.54016431950544,157.74307394377746,192.797090375728,80.0,220.0,EMS,MWH,VALID
2025-05-24 00:00:00,258.29824177504463,116.23420879877008,142.06403297627455,80.0,220.0,EMS,MWH,VALID
2025-05-24 01:00:00,279.72361807458753,125.8756281335644,153.84798994102314,80.0,220.0,EMS,MWH,VALID
2025-05-24 02:00:00,264.3208020446565,118.94436092009542,145.37644112456107,80.0,220.0,EMS,MWH,VALID
2025-05-24 03:00:00,274.29995421626603,123.43497939731972,150.86497481894634,80.0,220.0,EMS,MWH,VALID
2025-05-24 04:00:00,273.1012266551052,122.89555199479732,150.20567466030786,80.0,220.0,EMS,MWH,VALID
2025-05-24 05:00:00,295.11870709076254,132.80341819084316,162.3152888999194,80.0,220.0,EMS,MWH,VALID
2025-05-24 06:00:00,348.6858834732271,156.90864756295218,191.7772359102749,80.0,220.0,EMS,MWH,VALID
2025-05-24 07:00:00,385.0543571553509,173.2744607199079,211.779896435443,80.0,220.0,EMS,MWH,VALID
2025-05-24 08:00:00,373.82918398389455,168.22313279275255,205.60605119114203,80.0,220.0,EMS,MWH,VALID
2025-05-24 09:00:00,354.56689592504966,159.55510316627235,195.0117927587773,80.0,220.0,EMS,MWH,VALID
2025-05-24 10:00:00,358.0735745912667,161.13310856607004,196.9404660251967,60.0,220.0,EMS,MWH,VALID
2025-05-24 11:00:00,362.8821111522598,163.29695001851692,199.58516113374293,60.0,220.0,EMS,MWH,VALID
2025-05-24 12:00:00,307.50529712494324,138.37738370622446,169.1279134187188,60.0,220.0,EMS,MWH,VALID
2025-05-24 13:00:00,309.4221737324375,139.23997817959687,170.18219555284062,60.0,220.0,EMS,MWH,VALID
2025-05-24 14:00:00,332.16380757840454,149.47371341028204,182.69009416812253,60.0,220.0,EMS,MWH,VALID
2025-05-24 15:00:00,323.9665229160248,145.78493531221116,178.18158760381365,60.0,220.0,EMS,MWH,VALID
2025-05-24 16:00:00,348.2984749151424,156.73431371181408,191.56416120332835,80.0,220.0,EMS,MWH,VALID
2025-05-24 17:00:00,389.8102331365905,175.41460491146574,214.3956282251248,80.0,220.0,EMS,MWH,VALID
2025-05-24 18:00:00,408.1903993296961,183.6856796983633,224.50471963133288,80.0,220.0,EMS,MWH,VALID
2025-05-24 19:00:00,435.348502168152,195.9068259756684,239.4416761924836,80.0,220.0,EMS,MWH,VALID
2025-05-24 20:00:00,421.8438439177353,189.8297297629809,232.0141141547544,80.0,220.0,EMS,MWH,VALID
2025-05-24 21:00:00,350.4001275756272,157.68005740903226,192.72007016659495,80.0,220.0,EMS,MWH,VALID
2025-05-24 22:00:00,339.8061509974687,152.91276794886093,186.8933830486078,80.0,220.0,EMS,MWH,VALID
2025-05-24 23:00:00,307.9861289538565,138.59375802923543,169.3923709246211,80.0,220.0,EMS,MWH,VALID
2025-05-25 00:00:00,271.73831536539006,122.28224191442553,149.45607345096454,80.0,220.0,EMS,MWH,VALID
2025-05-25 01:00:00,275.22166637327587,123.84974986797414,151.37191650530173,80.0,220.0,EMS,MWH,VALID
2025-05-25 02:00:00,279.76826723681535,125.8957202565669,153.87254698024844,80.0,220.0,EMS,MWH,VALID
2025-05-25 03:00:00,288.1462638806615,129.66581874629767,158.48044513436383,80.0,220.0,EMS,MWH,VALID
2025-05-25 04:00:00,257.2906222892568,115.78078003016554,141.50984225909124,80.0,220.0,EMS,MWH,VALID
2025-05-25 05:00:00,309.847625367137,139.43143141521168,170.41619395192538,80.0,220.0,EMS,MWH,VALID
2025-05-25 06:00:00,339.16328433547744,152.62347795096483,186.53980638451264,80.0,220.0,EMS,MWH,VALID
2025-05-25 07:00:00,355.5181360032448,159.98316120146015,195.53497480178464,80.0,220.0,EMS,MWH,VALID
2025-05-25 08:00:00,381.83559063734896,171.82601578680703,210.00957485054195,80.0,220.0,EMS,MWH,VALID
2025-05-25 09:00:00,340.83105361334293,153.37397412600433,187.45707948733863,80.0,220.0,EMS,MWH,VALID
2025-05-25 10:00:00,322.20306123703176,144.9913775566643,177.21168368036749,60.0,220.0,EMS,MWH,VALID
2025-05-25 11:00:00,324.5253475111461,146.03640638001576,178.4889411311304,60.0,220.0,EMS,MWH,VALID
2025-05-25 12:00:00,302.13430745470487,135.9604383546172,166.1738691000877,60.0,220.0,EMS,MWH,VALID
2025-05-25 13:00:00,360.3689372300959,162.16602175354316,198.2029154765528,60.0,220.0,EMS,MWH,VALID
2025-05-25 14:00:00,357.8228470550151,161.02028117475678,196.8025658802583,60.0,220.0,EMS,MWH,VALID
2025-05-25 15:00:00,300.50898465272087,135.2290430937244,165.27994155899648,60.0,220.0,EMS,MWH,VALID
2025-05-25 16:00:00,358.3387594452867,161.25244175037903,197.0863176949077,80.0,220.0,EMS,MWH,VALID
2025-05-25 17:00:00,407.1959465552552,183.23817594986485,223.9577706053904,80.0,220.0,EMS,MWH,VALID
2025-05-25 18:00:00,416.7446116165303,187.53507522743865,229.20953638909168,80.0,220.0,EMS,MWH,VALID
2025-05-25 19:00:00,448.7669194585386,201.9451137563424,246.82180570219623,80.0,220.0,EMS,MWH,VALID
2025-05-25 20:00:00,415.2681186185712,186.87065337835705,228.39746524021416,80.0,220.0,EMS,MWH,VALID
2025-05-25 21:00:00,334.6134990832481,150.57607458746165,184.03742449578647,80.0,220.0,EMS,MWH,VALID
2025-05-25 22:00:00,337.9410462155569,152.07347079700062,185.86757541855636,80.0,220.0,EMS,MWH,VALID
2025-05-25 23:00:00,274.6188785078986,123.57849532855438,151.04038317934425,80.0,220.0,EMS,MWH,VALID
2025-05-26 00:00:00,356.2161774127509,160.2972798357379,195.918897577013,80.0,220.0,EMS,MWH,VALID
2025-05-26 01:00:00,341.62797944763395,153.73259075143528,187.8953886961987,80.0,220.0,EMS,MWH,VALID
2025-05-26 02:00:00,328.8707425691828,147.99183415613226,180.8789084130505,80.0,220.0,EMS,MWH,VALID
2025-05-26 03:00:00,358.4331733925579,161.29492802665104,197.13824536590684,80.0,220.0,EMS,MWH,VALID
2025-05-26 04:00:00,345.6030337177761,155.52136517299925,190.08166854477687,80.0,220.0,EMS,MWH,VALID
2025-05-26 05:00:00,349.6416981165301,157.33876415243856,192.3029339640916,80.0,220.0,EMS,MWH,VALID
2025-05-26 06:00:00,398.1892534520504,179.18516405342268,219.0040893986277,80.0,220.0,EMS,MWH,VALID
2025-05-26 07:00:00,453.91324391515394,204.2609597618193,249.65228415333468,80.0,220.0,EMS,MWH,VALID
2025-05-26 08:00:00,457.6477682834737,205.9414957275632,251.70627255591052,80.0,220.0,EMS,MWH,VALID
2025-05-26 09:00:00,422.58744481918194,190.16435016863187,232.4230946505501,80.0,220.0,EMS,MWH,VALID
2025-05-26 10:00:00,436.83619910478296,196.57628959715237,240.25990950763065,60.0,220.0,EMS,MWH,VALID
2025-05-26 11:00:00,422.73071278361607,190.22882075262723,232.50189203098887,60.0,220.0,EMS,MWH,VALID
2025-05-26 12:00:00,409.621580444089,184.32971119984003,225.29186924424891,60.0,220.0,EMS,MWH,VALID
2025-05-26 13:00:00,369.343843587706,166.20472961446768,203.1391139732383,60.0,220.0,EMS,MWH,VALID
2025-05-26 14:00:00,396.6791529129884,178.5056188108448,218.17353410214363,60.0,220.0,EMS,MWH,VALID
2025-05-26 15:00:00,424.3972688899577,190.97877100048095,233.4184978894768,60.0,220.0,EMS,MWH,VALID
2025-05-26 16:00:00,462.6134917459183,208.17607128566323,254.43742046025508,80.0,220.0,EMS,MWH,VALID
2025-05-26 17:00:00,464.306373246976,208.9378679611392,255.3685052858368,80.0,220.0,EMS,MWH,VALID
2025-05-26 18:00:00,500.4004717486776,225.1802122869049,275.2202594617727,80.0,220.0,EMS,MWH,VALID
2025-05-26 19:00:00,510.061201333763,229.52754060019336,280.53366073356966,80.0,220.0,EMS,MWH,VALID
2025-05-26 20:00:00,506.0071733513326,227.70322800809967,278.3039453432329,80.0,220.0,EMS,MWH,VALID
2025-05-26 21:00:00,456.951960325927,205.62838214666715,251.32357817925987,80.0,220.0,EMS,MWH,VALID
2025-05-26 22:00:00,405.9412327699982,182.6735547464992,223.26767802349903,80.0,220.0,EMS,MWH,VALID
2025-05-26 23:00:00,354.733202517422,159.62994113283992,195.1032613845821,80.0,220.0,EMS,MWH,VALID
2025-05-27 00:00:00,320.89309978587187,144.40189490364236,176.49120488222954,80.0,220.0,EMS,MWH,VALID
2025-05-27 01:00:00,337.98321328924146,152.09244598015866,185.89076730908283,80.0,220.0,EMS,MWH,VALID
2025-05-27 02:00:00,350.3451363584142,157.6553113612864,192.68982499712783,80.0,220.0,EMS,MWH,VALID
2025-05-27 03:00:00,336.9549387162268,151.62972242230208,185.3252162939248,80.0,220.0,EMS,MWH,VALID
2025-05-27 04:00:00,348.1436821334745,156.66465696006352,191.479025173411,80.0,220.0,EMS,MWH,VALID
2025-05-27 05:00:00,350.2086179214584,157.59387806465628,192.6147398568021,80.0,220.0,EMS,MWH,VALID
2025-05-27 06:00:00,378.5617316992285,170.35277926465284,208.2089524345757,80.0,220.0,EMS,MWH,VALID
2025-05-27 07:00:00,437.6871464689289,196.959215911018,240.72793055791087,80.0,220.0,EMS,MWH,VALID
2025-05-27 08:00:00,445.1304643271994,200.30870894723972,244.8217553799597,80.0,220.0,EMS,MWH,VALID
2025-05-27 09:00:00,449.1935236381932,202.1370856371869,247.05643800100628,80.0,220.0,EMS,MWH,VALID
2025-05-27 10:00:00,444.0016007709623,199.80072034693305,244.2008804240293,60.0,220.0,EMS,MWH,VALID
2025-05-27 11:00:00,422.959354490928,190.3317095209176,232.6276449700104,60.0,220.0,EMS,MWH,VALID
2025-05-27 12:00:00,399.5549828441796,179.79974227988083,219.7552405642988,60.0,220.0,EMS,MWH,VALID
2025-05-27 13:00:00,415.6818762186806,187.05684429840628,228.62503192027435,60.0,220.0,EMS,MWH,VALID
2025-05-27 14:00:00,421.19216099825786,189.53647244921603,231.65568854904183,60.0,220.0,EMS,MWH,VALID
2025-05-27 15:00:00,437.1891843690272,196.73513296606225,240.45405140296492,60.0,220.0,EMS,MWH,VALID
2025-05-27 16:00:00,436.7989253139613,196.55951639128256,240.23940892267876,80.0,220.0,EMS,MWH,VALID
2025-05-27 17:00:00,474.7055865524722,213.6175139486125,261.08807260385976,80.0,220.0,EMS,MWH,VALID
2025-05-27 18:00:00,498.5709305586972,224.35691875141376,274.2140118072835,80.0,220.0,EMS,MWH,VALID
2025-05-27 19:00:00,533.4881686746427,240.0696759035892,293.4184927710535,80.0,220.0,EMS,MWH,VALID
2025-05-27 20:00:00,510.2812288158312,229.62655296712404,280.6546758487072,80.0,220.0,EMS,MWH,VALID
2025-05-27 21:00:00,450.28749623939393,202.6293733077273,247.6581229316667,80.0,220.0,EMS,MWH,VALID
2025-05-27 22:00:00,419.9082868045925,188.95872906206665,230.94955774252588,80.0,220.0,EMS,MWH,VALID
2025-05-27 23:00:00,366.17120751134337,164.77704338010452,201.39416413123888,80.0,220.0,EMS,MWH,VALID
2025-05-28 00:00:00,319.0237800185398,143.56070100834293,175.4630790101969,80.0,220.0,EMS,MWH,VALID
2025-05-28 01:00:00,332.0053889441395,149.40242502486277,182.60296391927676,80.0,220.0,EMS,MWH,VALID
2025-05-28 02:00:00,327.9698503449425,147.58643265522412,180.3834176897184,80.0,220.0,EMS,MWH,VALID
2025-05-28 03:00:00,340.77492115315846,153.3487145189213,187.4262066342372,80.0,220.0,EMS,MWH,VALID
2025-05-28 04:00:00,378.3475543325569,170.25639944965062,208.09115488290632,80.0,220.0,EMS,MWH,VALID
2025-05-28 05:00:00,383.1418103800676,172.41381467103042,210.7279957090372,80.0,220.0,EMS,MWH,VALID
2025-05-28 06:00:00,410.3662547619514,184.66481464287813,225.70144011907328,80.0,220.0,EMS,MWH,VALID
2025-05-28 07:00:00,410.4535816337122,184.7041117351705,225.7494698985417,80.0,220.0,EMS,MWH,VALID
2025-05-28 08:00:00,470.3657734109288,211.66459803491796,258.70117537601084,80.0,220.0,EMS,MWH,VALID
2025-05-28 09:00:00,459.640591873719,206.8382663431736,252.8023255305455,80.0,220.0,EMS,MWH,VALID
2025-05-28 10:00:00,452.3059224194021,203.53766508873096,248.7682573306712,60.0,220.0,EMS,MWH,VALID
2025-05-28 11:00:00,392.16094105369865,176.4724234741644,215.68851757953428,60.0,220.0,EMS,MWH,VALID
2025-05-28 12:00:00,397.4853205708213,178.86839425686958,218.61692631395167,60.0,220.0,EMS,MWH,VALID
2025-05-28 13:00:00,415.0074806723106,186.75336630253975,228.25411436977083,60.0,220.0,EMS,MWH,VALID
2025-05-28 14:00:00,385.0714801375123,173.28216606188053,211.78931407563175,60.0,220.0,EMS,MWH,VALID
2025-05-28 15:00:00,438.4400600452756,197.29802702037404,241.1420330249016,60.0,220.0,EMS,MWH,VALID
2025-05-28 16:00:00,449.1426174645765,202.11417785905945,247.0284396055171,80.0,220.0,EMS,MWH,VALID
2025-05-28 17:00:00,479.1438801563287,215.6147460703479,263.5291340859808,80.0,220.0,EMS,MWH,VALID
2025-05-28 19:00:00,512.7544838640672,230.73951773883024,282.014966125237,80.0,220.0,EMS,MWH,VALID
2025-05-28 20:00:00,481.94098540103056,216.87344343046377,265.0675419705668,80.0,220.0,EMS,MWH,VALID
2025-05-28 21:00:00,445.16362390591473,200.32363075766165,244.83999314825311,80.0,220.0,EMS,MWH,VALID
2025-05-28 22:00:00,409.8831971454002,184.44743871543008,225.4357584299701,80.0,220.0,EMS,MWH,VALID
2025-05-28 23:00:00,355.767795476555,160.09550796444975,195.67228751210527,80.0,220.0,EMS,MWH,VALID
2025-05-29 00:00:00,342.1642333502767,153.9739050076245,188.19032834265215,80.0,220.0,EMS,MWH,VALID
2025-05-29 01:00:00,310.5952354346293,139.76785594558316,170.8273794890461,80.0,220.0,EMS,MWH,VALID
2025-05-29 02:00:00,304.98452738046564,137.24303732120953,167.7414900592561,80.0,220.0,EMS,MWH,VALID
2025-05-29 03:00:00,349.56211120406056,157.30295004182724,192.2591611622333,80.0,220.0,EMS,MWH,VALID
2025-05-29 04:00:00,332.5601893392291,149.6520852026531,182.908104136576,80.0,220.0,EMS,MWH,VALID
2025-05-29 05:00:00,359.40378982038067,161.7317054191713,197.6720844012094,80.0,220.0,EMS,MWH,VALID
2025-05-29 06:00:00,381.67821862133707,171.7551983796017,209.9230202417354,80.0,220.0,EMS,MWH,VALID
2025-05-29 07:00:00,432.6858911044617,194.70865099700777,237.97724010745395,80.0,220.0,EMS,MWH,VALID
2025-05-29 08:00:00,474.14088675033935,213.3633990376527,260.77748771268665,80.0,220.0,EMS,MWH,VALID
2025-05-29 09:00:00,437.7859083632024,197.00365876344105,240.7822495997613,80.0,220.0,EMS,MWH,VALID
2025-05-29 10:00:00,409.86047316484064,184.43721292417828,225.4232602406624,60.0,220.0,EMS,MWH,VALID
2025-05-29 11:00:00,399.1155794118694,179.60201073534125,219.5135686765282,60.0,220.0,EMS,MWH,VALID
2025-05-29 12:00:00,407.6937990160453,183.4622095572204,224.2315894588249,60.0,220.0,EMS,MWH,VALID
2025-05-29 13:00:00,388.3706109354882,174.7667749209697,213.60383601451852,60.0,220.0,EMS,MWH,VALID
2025-05-29 14:00:00,394.7606712438201,177.64230205971907,217.11836918410108,60.0,220.0,EMS,MWH,VALID
2025-05-29 15:00:00,387.26154560556336,174.26769552250352,212.99385008305987,60.0,220.0,EMS,MWH,VALID
2025-05-29 16:00:00,443.991007839172,199.7959535276274,244.1950543115446,80.0,220.0,EMS,MWH,VALID
2025-05-29 17:00:00,486.9162625353831,219.1123181409224,267.8039443944608,80.0,220.0,EMS,MWH,VALID
2025-05-29 18:00:00,498.575288073305,224.35887963298725,274.21640844031776,80.0,220.0,EMS,MWH,VALID
2025-05-29 19:00:00,511.818811598802,230.3184652194609,281.5003463793411,80.0,220.0,EMS,MWH,VALID
2025-05-29 20:00:00,499.7204191147926,224.87418860165667,274.84623051313594,80.0,220.0,EMS,MWH,VALID
2025-05-29 21:00:00,455.51896688091983,204.98353509641396,250.53543178450596,80.0,220.0,EMS,MWH,VALID
2025-05-29 22:00:00,397.945530934868,179.0754889206906,218.8700420141774,80.0,220.0,EMS,MWH,VALID
2025-05-29 23:00:00,361.6901661906722,162.7605747858025,198.9295914048697,80.0,220.0,EMS,MWH,VALID
2025-05-30 00:00:00,323.9383224330339,145.77224509486524,178.16607733816863,80.0,220.0,EMS,MWH,VALID
2025-05-30 01:00:00,338.27493712173447,152.2237217047805,186.051215416954,80.0,220.0,EMS,MWH,VALID
2025-05-30 02:00:00,336.45515073130315,151.40481782908645,185.05033290221675,80.0,220.0,EMS,MWH,VALID
2025-05-30 03:00:00,320.76257777064154,144.3431599967887,176.41941777385287,80.0,220.0,EMS,MWH,VALID
2025-05-30 05:00:00,369.3787564797692,166.22044041589612,203.15831606387303,80.0,220.0,EMS,MWH,VALID
2025-05-30 06:00:00,401.24975623434506,180.56239030545527,220.6873659288898,80.0,220.0,EMS,MWH,VALID
2025-05-30 07:00:00,414.4066980849396,186.4830141382228,227.9236839467168,80.0,220.0,EMS,MWH,VALID
2025-05-30 08:00:00,449.3028032214916,202.18626144967124,247.1165417718204,65.6,220.0,EMS,MWH,VALID
2025-05-30 09:00:00,442.5836134457399,199.16262605058296,243.42098739515697,65.6,220.0,EMS,MWH,VALID
2025-05-30 10:00:00,405.2684371951538,182.3707967378192,222.8976404573346,49.2,220.0,EMS,MWH,VALID
2025-05-30 11:00:00,436.9465265490479,196.6259369470716,240.3205896019764,49.2,220.0,EMS,MWH,VALID
2025-05-30 12:00:00,401.6561176305255,180.74525293373648,220.91086469678905,49.2,220.0,EMS,MWH,VALID
2025-05-30 13:00:00,393.41250507902834,177.03562728556275,216.3768777934656,49.2,220.0,EMS,MWH,VALID
2025-05-30 14:00:00,406.0559523409313,182.72517855341908,223.33077378751224,49.2,220.0,EMS,MWH,VALID
2025-05-30 15:00:00,409.9343049372669,184.4704372217701,225.46386771549683,49.2,220.0,EMS,MWH,VALID
2025-05-30 16:00:00,458.5274004177595,206.3373301879918,252.1900702297677,65.6,220.0,EMS,MWH,VALID
2025-05-30 17:00:00,492.1554440491998,221.4699498221399,270.6854942270599,65.6,220.0,EMS,MWH,VALID
2025-05-30 18:00:00,510.2286573586314,229.60289581138412,280.6257615472473,65.6,220.0,EMS,MWH,VALID
2025-05-30 19:00:00,533.9252775767058,240.2663749095176,293.6589026671882,80.0,220.0,EMS,MWH,VALID
2025-05-30 20:00:00,496.980323933728,223.6411457701776,273.3391781635504,80.0,220.0,EMS,MWH,VALID
2025-05-30 21:00:00,424.1736828267774,190.87815727204983,233.2955255547276,80.0,220.0,EMS,MWH,VALID
2025-05-30 22:00:00,396.9266313469098,178.6169841061094,218.3096472408004,80.0,220.0,EMS,MWH,VALID
2025-05-30 23:00:00,352.2146965114098,158.4966134301344,193.7180830812754,80.0,220.0,EMS,MWH,VALID
2025-05-31 00:00:00,259.4808892870232,116.76640017916046,142.7144891078628,80.0,220.0,EMS,MWH,VALID
2025-05-31 01:00:00,277.92209659424884,125.06494346741198,152.85715312683686,80.0,220.0,EMS,MWH,VALID
2025-05-31 02:00:00,299.5178833293607,134.7830474982123,164.7348358311484,80.0,220.0,EMS,MWH,VALID
2025-05-31 03:00:00,261.9286750374021,117.86790376683096,144.06077127057117,80.0,220.0,EMS,MWH,VALID
2025-05-31 04:00:00,283.27988490208554,127.4759482059385,155.80393669614705,80.0,220.0,EMS,MWH,VALID
2025-05-31 05:00:00,297.31584727521624,133.7921312738473,163.52371600136894,80.0,220.0,EMS,MWH,VALID
2025-05-31 06:00:00,349.7064570022703,157.36790565102166,192.3385513512487,80.0,220.0,EMS,MWH,VALID
2025-05-31 07:00:00,345.1867076498479,155.33401844243156,189.8526892074164,80.0,220.0,EMS,MWH,VALID
2025-05-31 08:00:00,392.7414381508066,176.73364716786298,216.00779098294367,80.0,220.0,EMS,MWH,VALID
2025-05-31 09:00:00,341.70760187884923,153.76842084548215,187.9391810333671,80.0,220.0,EMS,MWH,VALID
2025-05-31 10:00:00,285.39387552367543,128.42724398565394,156.9666315380215,60.0,220.0,EMS,MWH,VALID
2025-05-31 11:00:00,352.22857674254726,158.50285953414627,193.72571720840105,60.0,220.0,EMS,MWH,VALID
2025-05-31 12:00:00,250.10348142214295,112.54656663996434,137.55691478217864,60.0,220.0,EMS,MWH,VALID
2025-05-31 13:00:00,327.6988446523831,147.4644800935724,180.23436455881077,60.0,220.0,EMS,MWH,VALID
2025-05-31 14:00:00,273.53089732970244,123.0889037983661,150.44199353133635,60.0,220.0,EMS,MWH,VALID
2025-05-31 15:00:00,321.9049812415238,144.8572415586857,177.04773968283808,60.0,220.0,EMS,MWH,VALID
2025-05-31 16:00:00,384.3832021833898,172.97244098252543,211.4107612008644,80.0,220.0,EMS,MWH,VALID
2025-05-31 17:00:00,404.2020268110752,181.8909120649838,222.3111147460913,80.0,220.0,EMS,MWH,VALID
2025-05-31 18:00:00,420.8286989040878,189.37291450683952,231.4557843972483,80.0,220.0,EMS,MWH,VALID
2025-05-31 19:00:00,444.8893489926624,200.20020704669807,244.6891419459643,80.0,220.0,EMS,MWH,VALID
2025-05-31 20:00:00,413.85160407768063,186.23322183495628,227.6183822427244,80.0,220.0,EMS,MWH,VALID
2025-05-31 21:00:00,380.4863074473574,171.21883835131084,209.26746909604657,80.0,220.0,EMS,MWH,VALID
2025-05-31 22:00:00,329.1360970062118,148.1112436527953,181.0248533534165,80.0,220.0,EMS,MWH,VALID
2025-05-31 23:00:00,289.51509403514234,130.28179231581404,159.2333017193283,80.0,220.0,EMS,MWH,VALID
2025-06-01 00:00:00,259.5385095031253,116.79232927640638,142.7461802267189,80.0,220.0,EMS,MWH,VALID
2025-06-01 01:00:00,266.4044672678017,119.8820102705108,146.522456997291,80.0,220.0,EMS,MWH,VALID
2025-06-01 02:00:00,247.3417988327515,111.30380947473816,136.03798935801333,80.0,220.0,EMS,MWH,VALID
2025-06-01 03:00:00,274.22818246848146,123.40268211081666,150.82550035766482,80.0,220.0,EMS,MWH,VALID
2025-06-01 04:00:00,301.02423280632206,135.46090476284493,165.56332804347716,80.0,220.0,EMS,MWH,VALID
2025-06-01 05:00:00,284.00447442478645,127.8020134911539,156.20246093363255,80.0,220.0,EMS,MWH,VALID
2025-06-01 06:00:00,320.6087843131217,144.27395294090476,176.33483137221694,80.0,220.0,EMS,MWH,VALID
2025-06-01 07:00:00,321.10361749743174,144.4966278738443,176.60698962358748,80.0,220.0,EMS,MWH,VALID
2025-06-01 08:00:00,369.819519236458,166.4187836564061,203.40073558005196,80.0,220.0,EMS,MWH,VALID
2025-06-01 09:00:00,408.5109478946848,183.82992655260816,224.68102134207663,80.0,220.0,EMS,MWH,VALID
2025-06-01 10:00:00,355.9672088244408,160.18524397099836,195.78196485344245,60.0,220.0,EMS,MWH,VALID
2025-06-01 11:00:00,353.88806611736936,159.24962975281622,194.6384363645532,60.0,220.0,EMS,MWH,VALID
2025-06-01 12:00:00,294.1405708345519,132.36325687554836,161.77731395900355,60.0,220.0,EMS,MWH,VALID
2025-06-01 13:00:00,339.8462376870588,152.93080695917646,186.91543072788235,60.0,220.0,EMS,MWH,VALID
2025-06-01 14:00:00,324.416246831042,145.9873110739689,178.4289357570731,60.0,220.0,EMS,MWH,VALID
2025-06-01 15:00:00,287.7003976673388,129.46517895030246,158.23521871703636,60.0,220.0,EMS,MWH,VALID
2025-06-01 16:00:00,336.50364703751285,151.42664116688078,185.0770058706321,80.0,220.0,EMS,MWH,VALID
2025-06-01 17:00:00,405.6723322807497,182.55254952633737,223.11978275441237,80.0,220.0,EMS,MWH,VALID
2025-06-01 18:00:00,425.1964414886216,191.33839866987967,233.8580428187419,80.0,220.0,EMS,MWH,VALID
2025-06-01 19:00:00,436.9690137861355,196.636056203761,240.33295758237452,80.0,220.0,EMS,MWH,VALID
2025-06-01 20:00:00,400.87115405136166,180.39201932311275,220.4791347282489,80.0,220.0,EMS,MWH,VALID
2025-06-01 21:00:00,373.4375971473023,168.04691871628603,205.39067843101623,80.0,220.0,EMS,MWH,VALID
2025-06-01 22:00:00,345.5120841775838,155.48043787991273,190.0316462976711,80.0,220.0,EMS,MWH,VALID
2025-06-01 23:00:00,284.42090848640925,127.98940881888416,156.4314996675251,80.0,220.0,EMS,MWH,VALID
2025-06-02 00:00:00,339.19962760356094,152.63983242160242,186.5597951819585,80.0,220.0,EMS,MWH,VALID
2025-06-02 01:00:00,328.5422244978804,147.84400102404618,180.69822347383425,80.0,220.0,EMS,MWH,VALID
2025-06-02 02:00:00,351.23469629486965,158.05561333269134,193.1790829621783,80.0,220.0,EMS,MWH,VALID
2025-06-02 03:00:00,322.1309482366408,144.95892670648837,177.17202153015245,80.0,220.0,EMS,MWH,VALID
2025-06-02 04:00:00,333.62339949969754,150.1305297748639,183.49286972483367,80.0,220.0,EMS,MWH,VALID
2025-06-02 05:00:00,374.4804343388596,168.5161954524868,205.9642388863728,80.0,220.0,EMS,MWH,VALID
2025-06-02 06:00:00,390.54088176195256,175.74339679287866,214.79748496907396,80.0,220.0,EMS,MWH,VALID
2025-06-02 07:00:00,434.87905552396177,195.6955749857828,239.183480538179,80.0,220.0,EMS,MWH,VALID
2025-06-02 08:00:00,459.9061411153922,206.9577635019265,252.94837761346577,80.0,220.0,EMS,MWH,VALID
2025-06-02 09:00:00,450.5553072741548,202.7498882733697,247.8054190007852,80.0,220.0,EMS,MWH,VALID
2025-06-02 10:00:00,406.8598634184681,183.08693853831065,223.77292488015743,60.0,220.0,EMS,MWH,VALID
2025-06-02 11:00:00,423.84345172886816,190.72955327799068,233.1138984508775,60.0,220.0,EMS,MWH,VALID
2025-06-02 12:00:00,396.926386785242,178.61687405335888,218.3095127318831,60.0,220.0,EMS,MWH,VALID
2025-06-02 13:00:00,383.0776138895853,172.3849262503134,210.69268763927195,60.0,220.0,EMS,MWH,VALID
2025-06-02 14:00:00,430.3524811136246,193.65861650113104,236.69386461249357,60.0,220.0,EMS,MWH,VALID
2025-06-02 15:00:00,431.9299638504583,194.36848373270624,237.5614801177521,60.0,220.0,EMS,MWH,VALID
2025-06-02 16:00:00,422.1262538467518,189.95681423103832,232.16943961571351,80.0,220.0,EMS,MWH,VALID
2025-06-02 17:00:00,442.5695890296082,199.1563150633237,243.4132739662845,80.0,220.0,EMS,MWH,VALID
2025-06-02 18:00:00,506.484550197536,227.9180475888912,278.56650260864484,80.0,220.0,EMS,MWH,VALID
2025-06-02 19:00:00,543.7848311068365,244.7031739980764,299.08165710876006,80.0,220.0,EMS,MWH,VALID
2025-06-02 20:00:00,482.128138586292,216.95766236383145,265.17047622246065,80.0,220.0,EMS,MWH,VALID
2025-06-02 21:00:00,440.740983626906,198.3334426321077,242.4075409947983,80.0,220.0,EMS,MWH,VALID
2025-06-02 22:00:00,380.78335631125833,171.35251034006626,209.4308459711921,80.0,220.0,EMS,MWH,VALID
2025-06-02 23:00:00,364.0760108324666,163.83420487460995,200.24180595785663,80.0,220.0,EMS,MWH,VALID
2025-06-03 00:00:00,326.9058587625179,147.10763644313306,179.79822231938485,80.0,220.0,EMS,MWH,VALID
2025-06-03 01:00:00,317.4823631746716,142.86706342860222,174.61529974606938,80.0,220.0,EMS,MWH,VALID
2025-06-03 02:00:00,308.3290926451989,138.74809169033952,169.58100095485943,80.0,220.0,EMS,MWH,VALID
2025-06-03 03:00:00,335.42353862161866,150.9405923797284,184.4829462418903,80.0,220.0,EMS,MWH,VALID
2025-06-03 04:00:00,352.8436675943417,158.77965041745378,194.064017176888,80.0,220.0,EMS,MWH,VALID
2025-06-03 05:00:00,352.49891325763986,158.62451096593793,193.87440229170195,80.0,220.0,EMS,MWH,VALID
2025-06-03 06:00:00,401.5390202292304,180.69255910315368,220.84646112607672,80.0,220.0,EMS,MWH,VALID
2025-06-03 07:00:00,426.7526921424573,192.0387114641058,234.71398067835156,80.0,220.0,EMS,MWH,VALID
2025-06-03 08:00:00,477.0898420719995,214.69042893239975,262.39941313959974,80.0,220.0,EMS,MWH,VALID
2025-06-03 09:00:00,466.4433218484989,209.89949483182448,256.5438270166744,80.0,220.0,EMS,MWH,VALID
2025-06-03 10:00:00,436.6972868130421,196.51377906586896,240.1835077471732,60.0,220.0,EMS,MWH,VALID
2025-06-03 11:00:00,415.4048986238562,186.9322043807353,228.4726942431209,60.0,220.0,EMS,MWH,VALID
2025-06-03 12:00:00,407.4213360120816,183.33960120543676,224.0817348066449,60.0,220.0,EMS,MWH,VALID
2025-06-03 13:00:00,403.863804997658,181.7387122489461,222.12509274871192,60.0,220.0,EMS,MWH,VALID
2025-06-03 14:00:00,404.34873183827625,181.95692932722432,222.391802511052,60.0,220.0,EMS,MWH,VALID
2025-06-03 15:00:00,390.4860643314786,175.71872894916538,214.76733538231323,60.0,220.0,EMS,MWH,VALID
2025-06-03 16:00:00,463.1171031610091,208.40269642245408,254.71440673855503,80.0,220.0,EMS,MWH,VALID
2025-06-03 17:00:00,458.53806659296106,206.3421299668325,252.1959366261286,80.0,220.0,EMS,MWH,VALID
2025-06-03 18:00:00,528.1238480026303,237.65573160118365,290.4681164014467,80.0,220.0,EMS,MWH,VALID
2025-06-03 19:00:00,504.3695301028878,226.9662885462995,277.4032415565883,80.0,220.0,EMS,MWH,VALID
2025-06-03 20:00:00,489.5604501593795,220.3022025717208,269.2582475876588,80.0,220.0,EMS,MWH,VALID
2025-06-03 21:00:00,448.0444814757815,201.62001666410168,246.42446481167983,80.0,220.0,EMS,MWH,VALID
2025-06-03 22:00:00,397.2609736786671,178.7674381554002,218.49353552326693,80.0,220.0,EMS,MWH,VALID
2025-06-03 23:00:00,337.9621229748027,152.0829553386612,185.8791676361415,80.0,220.0,EMS,MWH,VALID
2025-06-04 00:00:00,340.0379513144016,153.01707809148073,187.0208732229209,80.0,220.0,EMS,MWH,VALID
2025-06-04 01:00:00,320.3708630325426,144.1668883646442,176.20397466789845,80.0,220.0,EMS,MWH,VALID
2025-06-04 02:00:00,336.9658630307007,151.63463836381533,185.3312246668854,80.0,220.0,EMS,MWH,VALID
2025-06-04 03:00:00,358.79234843224253,161.45655679450914,197.33579163773345,80.0,220.0,EMS,MWH,VALID
2025-06-04 04:00:00,340.1099590067602,153.0494815530421,187.0604774537181,80.0,220.0,EMS,MWH,VALID
2025-06-04 05:00:00,363.34638889698687,163.5058750036441,199.8405138933428,80.0,220.0,EMS,MWH,VALID
2025-06-04 06:00:00,376.4623335133514,169.40805008100813,207.05428343234328,80.0,220.0,EMS,MWH,VALID
2025-06-04 07:00:00,427.9185325251518,192.56333963631832,235.35519288883356,80.0,220.0,EMS,MWH,VALID
2025-06-04 08:00:00,432.0047229417033,194.4021253237665,237.60259761793685,80.0,220.0,EMS,MWH,VALID
2025-06-04 09:00:00,444.5115708152364,200.0302068668564,244.48136394838,80.0,220.0,EMS,MWH,VALID
2025-06-04 10:00:00,435.0874897997738,195.78937040989825,239.29811938987564,60.0,220.0,EMS,MWH,VALID
2025-06-04 11:00:00,396.5239230062461,178.43576535281073,218.08815765343533,60.0,220.0,EMS,MWH,VALID
2025-06-04 12:00:00,392.827029890741,176.77216345083346,216.0548664399076,60.0,220.0,EMS,MWH,VALID
2025-06-04 13:00:00,412.3972944138947,185.57878248625263,226.8185119276421,60.0,220.0,EMS,MWH,VALID
2025-06-04 14:00:00,402.00226452655374,180.9010190369492,221.10124548960457,60.0,220.0,EMS,MWH,VALID
2025-06-04 15:00:00,411.6644474332384,185.2490013449573,226.4154460882812,60.0,220.0,EMS,MWH,VALID
2025-06-04 16:00:00,457.3515623944273,205.8082030774923,251.54335931693507,80.0,220.0,EMS,MWH,VALID
2025-06-04 17:00:00,458.34549673602487,206.2554735312112,252.0900232048137,80.0,220.0,EMS,MWH,VALID
2025-06-04 18:00:00,490.2382908616525,220.6072308877436,269.63105997390886,80.0,220.0,EMS,MWH,VALID
2025-06-04 19:00:00,523.7255910146145,235.6765159565765,288.049075058038,80.0,220.0,EMS,MWH,VALID
2025-06-04 20:00:00,525.0687413742705,236.28093361842176,288.7878077558488,80.0,220.0,EMS,MWH,VALID
2025-06-04 21:00:00,454.2525301011012,204.4136385454956,249.8388915556057,80.0,220.0,EMS,MWH,VALID
2025-06-04 22:00:00,394.474167007012,177.5133751531554,216.96079185385665,80.0,220.0,EMS,MWH,VALID
2025-06-04 23:00:00,362.9087085136356,163.30891883113603,199.5997896824996,80.0,220.0,EMS,MWH,VALID
2025-06-05 00:00:00,322.0640074666108,144.92880335997486,177.13520410663597,80.0,220.0,EMS,MWH,VALID
2025-06-05 01:00:00,344.8989453238472,155.20452539573125,189.694419928116,80.0,220.0,EMS,MWH,VALID
2025-06-05 02:00:00,316.9847626093372,142.64314317420175,174.3416194351355,80.0,220.0,EMS,MWH,VALID
2025-06-05 03:00:00,326.929401422011,147.11823063990494,179.81117078210605,80.0,220.0,EMS,MWH,VALID
2025-06-05 04:00:00,362.1637283441096,162.97367775484932,199.1900505892603,80.0,220.0,EMS,MWH,VALID
2025-06-05 05:00:00,361.7283468923514,162.77775610155814,198.95059079079329,80.0,220.0,EMS,MWH,VALID
2025-06-05 06:00:00,402.5393180595445,181.14269312679505,221.3966249327495,80.0,220.0,EMS,MWH,VALID
2025-06-05 07:00:00,413.8876483496209,186.2494417573294,227.6382065922915,80.0,220.0,EMS,MWH,VALID
2025-06-05 08:00:00,438.98991613309664,197.5454622598935,241.4444538732032,80.0,220.0,EMS,MWH,VALID
2025-06-05 09:00:00,447.1205602457226,201.2042521105752,245.91630813514743,80.0,220.0,EMS,MWH,VALID
2025-06-05 10:00:00,432.4348909643224,194.59570093394507,237.83919003037727,60.0,220.0,EMS,MWH,VALID
2025-06-05 11:00:00,409.2289252129076,184.1530163458084,225.0759088670992,60.0,220.0,EMS,MWH,VALID
2025-06-05 12:00:00,385.2603697262306,173.36716637680377,211.89320334942684,60.0,220.0,EMS,MWH,VALID
2025-06-05 13:00:00,407.9668951753416,183.5851028289037,224.3817923464379,60.0,220.0,EMS,MWH,VALID
2025-06-05 14:00:00,406.81573878501575,183.0670824532571,223.7486563317587,60.0,220.0,EMS,MWH,VALID
2025-06-05 15:00:00,429.2909683644017,193.1809357639808,236.1100326004209,60.0,220.0,EMS,MWH,VALID
2025-06-05 16:00:00,414.4044496417657,186.4820023387946,227.9224473029712,80.0,220.0,EMS,MWH,VALID
2025-06-05 17:00:00,458.8551088072377,206.48479896325696,252.37030984398075,80.0,220.0,EMS,MWH,VALID
2025-06-05 18:00:00,498.7696503645925,224.44634266406663,274.3233077005259,80.0,220.0,EMS,MWH,VALID
2025-06-05 19:00:00,488.4121284659203,219.7854578096641,268.6266706562562,80.0,220.0,EMS,MWH,VALID
2025-06-05 20:00:00,501.9525236226846,225.8786356302081,276.07388799247656,80.0,220.0,EMS,MWH,VALID
2025-06-05 21:00:00,437.4370724059358,196.84668258267112,240.5903898232647,80.0,220.0,EMS,MWH,VALID
2025-06-05 22:00:00,387.24934488448287,174.26220519801728,212.9871396864656,80.0,220.0,EMS,MWH,VALID
2025-06-05 23:00:00,358.6037919287509,161.37170636793792,197.23208556081303,80.0,220.0,EMS,MWH,VALID
2025-06-06 00:00:00,310.7431584446885,139.83442130010982,170.90873714457868,80.0,220.0,EMS,MWH,VALID
2025-06-06 01:00:00,321.95769455331146,144.88096254899017,177.07673200432131,80.0,220.0,EMS,MWH,VALID
2025-06-06 02:00:00,340.4458956148037,153.20065302666168,187.24524258814205,80.0,220.0,EMS,MWH,VALID
2025-06-06 03:00:00,307.34237705111485,138.3040696730017,169.0383073781132,80.0,220.0,EMS,MWH,VALID
2025-06-06 04:00:00,327.82275990555297,147.52024195749885,180.30251794805412,80.0,220.0,EMS,MWH,VALID
2025-06-06 05:00:00,364.7321906191258,164.1294857786066,200.6027048405192,80.0,220.0,EMS,MWH,VALID
2025-06-06 06:00:00,416.5069490904101,187.4281270906845,229.0788219997256,80.0,220.0,EMS,MWH,VALID
2025-06-06 07:00:00,438.52580723156007,197.33661325420204,241.1891939773581,80.0,220.0,EMS,MWH,VALID
2025-06-06 08:00:00,449.1771070374701,202.12969816686157,247.04740887060856,80.0,220.0,EMS,MWH,VALID
2025-06-06 09:00:00,469.6716026034508,211.35222117155288,258.319381431898,80.0,220.0,EMS,MWH,VALID
2025-06-06 10:00:00,417.2523217977765,187.76354480899943,229.4887769887771,60.0,220.0,EMS,MWH,VALID
2025-06-06 11:00:00,427.79284908343766,192.50678208754692,235.28606699589076,60.0,220.0,EMS,MWH,VALID
2025-06-06 12:00:00,412.2666314218852,185.51998413984836,226.7466472820369,60.0,220.0,EMS,MWH,VALID
2025-06-06 13:00:00,415.91800606514727,187.16310272931628,228.75490333583105,60.0,198.0,EMS,MWH,VALID
2025-06-06 14:00:00,433.7677021890675,195.1954659850804,238.5722362039872,60.0,198.0,EMS,MWH,VALID
2025-06-06 15:00:00,405.08037095290734,182.2861669288083,222.79420402409903,60.0,198.0,EMS,MWH,VALID
2025-06-06 16:00:00,433.1713211934684,194.9270945370608,238.2442266564076,80.0,198.0,EMS,MWH,VALID
2025-06-06 17:00:00,472.4799530266505,212.61597886199272,259.8639741646578,80.0,198.0,EMS,MWH,VALID
2025-06-06 18:00:00,524.5244595842144,236.0360068128965,288.4884527713179,80.0,198.0,EMS,MWH,VALID
2025-06-06 19:00:00,498.9228032855084,224.5152614784788,274.40754180702965,80.0,198.0,EMS,MWH,VALID
2025-06-06 20:00:00,510.1368467819434,229.56158105187453,280.5752657300689,80.0,198.0,EMS,MWH,VALID
2025-06-06 21:00:00,414.2714557370164,186.42215508165737,227.84930065535903,80.0,198.0,EMS,MWH,VALID
2025-06-06 22:00:00,400.7509569578319,180.33793063102436,220.41302632680757,80.0,220.0,EMS,MWH,VALID
2025-06-06 23:00:00,343.8007136464275,154.71032114089238,189.09039250553516,80.0,220.0,EMS,MWH,VALID
2025-06-07 00:00:00,264.2118085166423,118.89531383248904,145.31649468415327,80.0,220.0,EMS,MWH,VALID
2025-06-07 01:00:00,262.22329853956506,118.00048434280428,144.2228141967608,80.0,220.0,EMS,MWH,VALID
2025-06-07 02:00:00,272.33758381509534,122.55191271679293,149.78567109830246,80.0,220.0,EMS,MWH,VALID
2025-06-07 03:00:00,273.7026592938272,123.16619668222224,150.53646261160495,80.0,220.0,EMS,MWH,VALID
2025-06-07 04:00:00,297.6162576910958,133.92731596099313,163.68894173010273,80.0,220.0,EMS,MWH,VALID
2025-06-07 05:00:00,277.22505140567506,124.75127313255378,152.4737782731213,80.0,220.0,EMS,MWH,VALID
2025-06-07 06:00:00,321.81538649270715,144.81692392171823,176.99846257098895,80.0,220.0,EMS,MWH,VALID
2025-06-07 07:00:00,352.79761110828514,158.7589249987283,194.03868610955683,80.0,220.0,EMS,MWH,VALID
2025-06-07 08:00:00,361.90247039439686,162.8561116774786,199.0463587169183,80.0,220.0,EMS,MWH,VALID
2025-06-07 09:00:00,366.5953911031153,164.96792599640187,201.62746510671343,80.0,220.0,EMS,MWH,VALID
2025-06-07 10:00:00,348.49317755066016,156.82192989779708,191.67124765286312,60.0,220.0,EMS,MWH,VALID
2025-06-07 11:00:00,360.3728509895723,162.16778294530755,198.2050680442648,60.0,220.0,EMS,MWH,VALID
2025-06-07 12:00:00,316.22896844158726,142.30303579871426,173.925932642873,60.0,220.0,EMS,MWH,VALID
2025-06-07 13:00:00,312.68330909131186,140.70748909109034,171.97582000022155,60.0,220.0,EMS,MWH,VALID
2025-06-07 14:00:00,363.1594095661704,163.4217343047767,199.73767526139372,60.0,220.0,EMS,MWH,VALID
2025-06-07 15:00:00,337.1469450018995,151.7161252508548,185.43081975104477,60.0,220.0,EMS,MWH,VALID
2025-06-07 16:00:00,369.5305177279707,166.28873297758682,203.24178475038389,80.0,220.0,EMS,MWH,VALID
2025-06-07 17:00:00,378.9256522523117,170.51654351354023,208.4091087387714,80.0,220.0,EMS,MWH,VALID
2025-06-07 18:00:00,415.93528261669127,187.17087717751107,228.76440543918025,80.0,220.0,EMS,MWH,VALID
2025-06-07 19:00:00,420.6723405489834,189.3025532470425,231.3697873019409,80.0,220.0,EMS,MWH,VALID
2025-06-07 20:00:00,406.22137418218495,182.79961838198324,223.4217558002017,80.0,220.0,EMS,MWH,VALID
2025-06-07 21:00:00,375.7267367727447,169.07703154773512,206.6497052250096,80.0,220.0,EMS,MWH,VALID
2025-06-07 22:00:00,323.22499644674315,145.45124840103443,177.77374804570874,80.0,220.0,EMS,MWH,VALID
2025-06-07 23:00:00,298.43524990659665,134.2958624579685,164.13938744862818,80.0,220.0,EMS,MWH,VALID
2025-06-08 00:00:00,259.3049848412943,116.68724317858243,142.61774166271186,65.6,220.0,EMS,MWH,VALID
2025-06-08 01:00:00,252.31137749584727,113.54011987313127,138.771257622716,65.6,220.0,EMS,MWH,VALID
2025-06-08 02:00:00,266.43808594170025,119.89713867376511,146.54094726793514,65.6,220.0,EMS,MWH,VALID
2025-06-08 03:00:00,260.7282957705559,117.32773309675017,143.40056267380578,65.6,220.0,EMS,MWH,VALID
2025-06-08 04:00:00,292.5888491643961,131.66498212397823,160.92386704041786,65.6,220.0,EMS,MWH,VALID
2025-06-08 05:00:00,298.5909128397288,134.36591077787793,164.2250020618508,80.0,220.0,EMS,MWH,VALID
2025-06-08 06:00:00,316.34297194196336,142.3543373738835,173.98863456807985,80.0,220.0,EMS,MWH,VALID
2025-06-08 07:00:00,351.7026123405856,158.2661755532635,193.4364367873221,80.0,220.0,EMS,MWH,VALID
2025-06-08 08:00:00,366.5638022266857,164.95371100200856,201.61009122467715,80.0,220.0,EMS,MWH,VALID
2025-06-08 09:00:00,348.7519461831174,156.93837578240283,191.81357040071455,80.0,220.0,EMS,MWH,VALID
2025-06-08 10:00:00,348.4035651005037,156.78160429522669,191.62196080527707,60.0,220.0,EMS,MWH,VALID
2025-06-08 11:00:00,307.106523657073,138.19793564568286,168.90858801139018,60.0,220.0,EMS,MWH,VALID
2025-06-08 12:00:00,281.99219638842834,126.89648837479275,155.0957080136356,60.0,220.0,EMS,MWH,VALID
2025-06-08 13:00:00,272.5495100717506,122.64727953228775,149.90223053946283,60.0,220.0,EMS,MWH,VALID
2025-06-08 14:00:00,301.4409352403748,135.64842085816866,165.79251438220615,60.0,220.0,EMS,MWH,VALID
2025-06-08 15:00:00,354.8217891320685,159.66980510943085,195.1519840226377,60.0,220.0,EMS,MWH,VALID
2025-06-08 16:00:00,353.6859342408233,159.15867040837048,194.52726383245283,80.0,220.0,EMS,MWH,VALID
2025-06-08 17:00:00,400.3299470939699,180.14847619228647,220.18147090168347,80.0,220.0,EMS,MWH,VALID
2025-06-08 18:00:00,422.5272032821373,190.13724147696175,232.38996180517552,80.0,220.0,EMS,MWH,VALID
2025-06-08 19:00:00,436.1630360018271,196.2733662008222,239.8896698010049,80.0,220.0,EMS,MWH,VALID
2025-06-08 20:00:00,401.47681437811895,180.66456647015352,220.81224790796543,80.0,220.0,EMS,MWH,VALID
2025-06-08 21:00:00,344.7919366233046,155.15637148048708,189.63556514281757,80.0,220.0,EMS,MWH,VALID
2025-06-08 22:00:00,321.2482312757994,144.56170407410974,176.6865272016897,80.0,220.0,EMS,MWH,VALID
2025-06-08 23:00:00,300.7322827946579,135.32952725759606,165.40275553706186,80.0,220.0,EMS,MWH,VALID
2025-06-09 00:00:00,342.8924714160345,154.30161213721553,188.59085927881895,80.0,220.0,EMS,MWH,VALID
2025-06-09 01:00:00,315.0131033458032,141.75589650561145,173.25720684019177,80.0,220.0,EMS,MWH,VALID
2025-06-09 02:00:00,323.34530491191447,145.5053872103615,177.83991770155296,80.0,220.0,EMS,MWH,VALID
2025-06-09 03:00:00,325.46661470905013,146.45997661907256,179.0066380899776,80.0,220.0,EMS,MWH,VALID
2025-06-09 04:00:00,362.6206646811201,163.17929910650406,199.44136557461607,80.0,220.0,EMS,MWH,VALID
2025-06-09 05:00:00,357.2512246441204,160.76305108985417,196.48817355426624,80.0,220.0,EMS,MWH,VALID
2025-06-09 06:00:00,395.2234185604713,177.85053835221208,217.37288020825923,80.0,220.0,EMS,MWH,VALID
2025-06-09 07:00:00,428.8116060551956,192.96522272483804,235.8463833303576,80.0,220.0,EMS,MWH,VALID
2025-06-09 08:00:00,416.126230306781,187.25680363805145,228.8694266687296,80.0,220.0,EMS,MWH,VALID
2025-06-09 09:00:00,449.5433450894785,202.2945052902653,247.2488397992132,80.0,220.0,EMS,MWH,VALID
2025-06-09 10:00:00,426.98064357977785,192.14128961090003,234.83935396887784,60.0,220.0,EMS,MWH,VALID
2025-06-09 11:00:00,397.844650259152,179.0300926166184,218.8145576425336,60.0,220.0,EMS,MWH,VALID
2025-06-09 12:00:00,434.3132378674364,195.4409570403464,238.87228082709004,60.0,220.0,EMS,MWH,VALID
2025-06-09 13:00:00,422.98612140066274,190.34375463029824,232.64236677036453,60.0,220.0,EMS,MWH,VALID
2025-06-09 14:00:00,408.5116303608988,183.83023366240448,224.6813966984944,60.0,220.0,EMS,MWH,VALID
2025-06-09 15:00:00,415.9249940684656,187.16624733080948,228.75874673765605,60.0,220.0,EMS,MWH,VALID
2025-06-09 16:00:00,458.3005997815905,206.23526990171567,252.0653298798748,80.0,220.0,EMS,MWH,VALID
2025-06-09 17:00:00,488.9380270165785,220.0221121574604,268.91591485911823,80.0,220.0,EMS,MWH,VALID
2025-06-09 18:00:00,503.3499486179767,226.5074768780895,276.8424717398872,80.0,220.0,EMS,MWH,VALID
2025-06-09 19:00:00,519.9401304476405,233.97305870143825,285.9670717462023,80.0,220.0,EMS,MWH,VALID
2025-06-09 20:00:00,502.7639826881816,226.24379220968171,276.5201904784999,80.0,220.0,EMS,MWH,VALID
2025-06-09 21:00:00,435.4780698605039,195.9651314372268,239.5129384232772,80.0,220.0,EMS,MWH,VALID
2025-06-09 22:00:00,429.9542590850793,193.4794165882857,236.47484249679363,80.0,220.0,EMS,MWH,VALID
2025-06-09 23:00:00,369.551760161916,166.29829207286218,203.2534680890538,80.0,220.0,EMS,MWH,VALID
2025-06-10 00:00:00,320.6182007863334,144.27819035385002,176.34001043248338,80.0,220.0,EMS,MWH,VALID
2025-06-10 01:00:00,391.1825018860167,176.03212584870752,215.15037603730923,80.0,220.0,EMS,MWH,VALID
2025-06-10 02:00:00,320.95655251549675,144.43044863197355,176.52610388352323,80.0,220.0,EMS,MWH,VALID
2025-06-10 03:00:00,345.2749135447815,155.3737110951517,189.90120244962984,80.0,220.0,EMS,MWH,VALID
2025-06-10 04:00:00,332.5825755913935,149.66215901612708,182.92041657526644,80.0,220.0,EMS,MWH,VALID
2025-06-10 05:00:00,352.5193230107364,158.6336953548314,193.88562765590504,80.0,220.0,EMS,MWH,VALID
2025-06-10 06:00:00,397.0478831417042,178.67154741376692,218.37633572793732,80.0,220.0,EMS,MWH,VALID
2025-06-10 07:00:00,427.7037365580958,192.4666814511431,235.2370551069527,80.0,220.0,EMS,MWH,VALID
2025-06-10 08:00:00,447.7853440483052,201.5034048217373,246.28193922656783,80.0,220.0,EMS,MWH,VALID
2025-06-10 09:00:00,448.7153548752879,201.92190969387957,246.79344518140837,80.0,220.0,EMS,MWH,VALID
2025-06-10 10:00:00,441.8696402343433,198.84133810545447,243.0283021288888,60.0,220.0,EMS,MWH,VALID
2025-06-10 11:00:00,430.1067047885725,193.5480171548576,236.55868763371487,60.0,220.0,EMS,MWH,VALID
2025-06-10 12:00:00,450.4918712482333,202.72134206170497,247.77052918652836,60.0,220.0,EMS,MWH,VALID
2025-06-10 13:00:00,418.4666843478431,188.3100079565294,230.1566763913137,60.0,220.0,EMS,MWH,VALID
2025-06-10 14:00:00,400.6491859522969,180.2921336785336,220.3570522737633,60.0,220.0,EMS,MWH,VALID
2025-06-10 15:00:00,404.56256199408085,182.0531528973364,222.5094090967445,60.0,220.0,EMS,MWH,VALID
2025-06-10 16:00:00,449.46782953050587,202.26052328872763,247.20730624177824,80.0,220.0,EMS,MWH,VALID
2025-06-10 17:00:00,469.6458845411524,211.34064804351857,258.3052364976338,80.0,220.0,EMS,MWH,VALID
2025-06-10 18:00:00,496.476279442978,223.4143257493401,273.0619536936379,80.0,220.0,EMS,MWH,VALID
2025-06-10 19:00:00,500.0066203728204,225.00297916776915,275.0036412050512,80.0,220.0,EMS,MWH,VALID
2025-06-10 20:00:00,490.54372114579377,220.7446745156072,269.7990466301866,80.0,220.0,EMS,MWH,VALID
2025-06-10 21:00:00,423.60979983983856,190.62440992792736,232.98538991191123,80.0,220.0,EMS,MWH,VALID
2025-06-10 22:00:00,403.16548680702346,181.42446906316056,221.74101774386293,80.0,220.0,EMS,MWH,VALID
2025-06-10 23:00:00,340.74158587276924,153.33371364274615,187.4078722300231,80.0,220.0,EMS,MWH,VALID
2025-06-11 00:00:00,338.7989840832371,152.4595428374567,186.3394412457804,80.0,220.0,EMS,MWH,VALID
2025-06-11 01:00:00,345.8514628444864,155.63315828001888,190.21830456446756,80.0,220.0,EMS,MWH,VALID
2025-06-11 02:00:00,325.10130804592325,146.29558862066546,178.8057194252578,80.0,220.0,EMS,MWH,VALID
2025-06-11 03:00:00,302.6640879473457,136.19883957630557,166.46524837104016,80.0,220.0,EMS,MWH,VALID
2025-06-11 04:00:00,364.7230776496047,164.1253849423221,200.5976927072826,80.0,220.0,EMS,MWH,VALID
2025-06-11 05:00:00,359.2746908478105,161.67361088151475,197.6010799662958,80.0,220.0,EMS,MWH,VALID
2025-06-11 06:00:00,402.3921764128228,181.07647938577028,221.31569702705255,80.0,220.0,EMS,MWH,VALID
2025-06-11 07:00:00,407.7458614334417,183.4856376450488,224.26022378839292,80.0,220.0,EMS,MWH,VALID
2025-06-11 08:00:00,468.49882674809896,210.82447203664452,257.67435471145444,80.0,220.0,EMS,MWH,VALID
2025-06-11 09:00:00,414.39370565135073,186.47716754310784,227.9165381082429,80.0,220.0,EMS,MWH,VALID
2025-06-11 10:00:00,407.2871307981034,183.2792088591465,224.0079219389569,60.0,220.0,EMS,MWH,VALID
2025-06-11 11:00:00,431.41902124042434,194.13855955819096,237.2804616822334,60.0,220.0,EMS,MWH,VALID
2025-06-11 12:00:00,388.0141866836724,174.6063840076526,213.40780267601983,60.0,220.0,EMS,MWH,VALID
2025-06-11 13:00:00,414.2431757677905,186.4094290955057,227.8337466722848,60.0,220.0,EMS,MWH,VALID
2025-06-11 14:00:00,412.330482567582,185.54871715541188,226.7817654121701,60.0,220.0,EMS,MWH,VALID
2025-06-11 15:00:00,423.9740980108539,190.78834410488423,233.18575390596965,60.0,220.0,EMS,MWH,VALID
2025-06-11 16:00:00,454.0211469932154,204.3095161469469,249.7116308462685,80.0,220.0,EMS,MWH,VALID
2025-06-11 17:00:00,457.5785187215849,205.9103334247132,251.6681852968717,80.0,220.0,EMS,MWH,VALID
2025-06-11 18:00:00,531.7451821464781,239.2853319659152,292.45985018056297,80.0,220.0,EMS,MWH,VALID
2025-06-11 19:00:00,515.673004323927,232.05285194576717,283.62015237815984,80.0,220.0,EMS,MWH,VALID
2025-06-11 20:00:00,503.8588313424426,226.7364741040992,277.12235723834345,80.0,220.0,EMS,MWH,VALID
2025-06-11 21:00:00,470.2940908044093,211.6323408619842,258.6617499424252,80.0,220.0,EMS,MWH,VALID
2025-06-11 22:00:00,395.68324255880174,178.0574591514608,217.62578340734095,80.0,220.0,EMS,MWH,VALID
2025-06-11 23:00:00,393.3873665131836,177.0243149309326,216.363051582251,80.0,220.0,EMS,MWH,VALID
2025-06-12 00:00:00,298.342617895228,134.25417805285258,164.08843984237538,80.0,220.0,EMS,MWH,VALID
2025-06-12 01:00:00,352.6961553592363,158.71326991165634,193.98288544758,80.0,220.0,EMS,MWH,VALID
2025-06-12 02:00:00,321.08900084128857,144.49005037857987,176.59895046270873,80.0,220.0,EMS,MWH,VALID
2025-06-12 03:00:00,313.35040557521626,141.00768250884732,172.34272306636896,80.0,220.0,EMS,MWH,VALID
2025-06-12 04:00:00,378.7724639601069,170.4476087820481,208.3248551780588,80.0,220.0,EMS,MWH,VALID
2025-06-12 05:00:00,340.6595150951167,153.29678179280253,187.3627333023142,80.0,220.0,EMS,MWH,VALID
2025-06-12 06:00:00,376.5898737191198,169.46544317360392,207.1244305455159,80.0,220.0,EMS,MWH,VALID
2025-06-12 07:00:00,439.5946282116493,197.81758269524215,241.77704551640716,80.0,220.0,EMS,MWH,VALID
2025-06-12 08:00:00,459.5053201591203,206.7773940716041,252.72792608751615,80.0,220.0,EMS,MWH,VALID
2025-06-12 09:00:00,441.6060207394826,198.72270933276715,242.88331140671545,80.0,220.0,EMS,MWH,VALID
2025-06-12 10:00:00,410.7451470229223,184.83531616031505,225.9098308626073,60.0,220.0,EMS,MWH,VALID
2025-06-12 11:00:00,407.9807043524521,183.59131695860344,224.38938739384864,60.0,220.0,EMS,MWH,VALID
2025-06-12 12:00:00,399.0716493189588,179.58224219353147,219.48940712542736,60.0,220.0,EMS,MWH,VALID
2025-06-12 13:00:00,385.23165997885735,173.35424699048582,211.8774129883716,60.0,220.0,EMS,MWH,VALID
2025-06-12 14:00:00,395.7784813061244,178.10031658775597,217.67816471836844,60.0,220.0,EMS,MWH,VALID
2025-06-12 15:00:00,430.8515357103839,193.8831910696728,236.9683446407112,60.0,220.0,EMS,MWH,VALID
2025-06-12 16:00:00,445.47607385949146,200.46423323677115,245.0118406227203,80.0,220.0,EMS,MWH,VALID
2025-06-12 17:00:00,483.42349527893737,217.54057287552183,265.8829224034156,80.0,220.0,EMS,MWH,VALID
2025-06-12 18:00:00,499.9233158841595,224.96549214787177,274.9578237362877,80.0,220.0,EMS,MWH,VALID
2025-06-12 19:00:00,503.49737719454896,226.57381973754704,276.92355745700195,80.0,220.0,EMS,MWH,VALID
2025-06-12 20:00:00,516.1608798122544,232.2723959155145,283.88848389674,80.0,220.0,EMS,MWH,VALID
2025-06-12 21:00:00,434.5208687752073,195.53439094884325,238.986477826364,80.0,220.0,EMS,MWH,VALID
2025-06-12 22:00:00,376.38720571875615,169.37424257344028,207.0129631453159,80.0,220.0,EMS,MWH,VALID
2025-06-12 23:00:00,361.88441619157777,162.84798728621,199.03642890536776,80.0,220.0,EMS,MWH,VALID
2025-06-13 00:00:00,325.8735228094908,146.6430852642709,179.23043754521996,80.0,220.0,EMS,MWH,VALID
2025-06-13 01:00:00,316.810394293375,142.56467743201875,174.24571686135627,80.0,220.0,EMS,MWH,VALID
2025-06-13 02:00:00,311.8013964948185,140.31062842266834,171.4907680721502,80.0,220.0,EMS,MWH,VALID
2025-06-13 03:00:00,313.89902487721577,141.2545611947471,172.64446368246868,80.0,220.0,EMS,MWH,VALID
2025-06-13 04:00:00,343.7756576554785,154.69904594496532,189.0766117105132,80.0,220.0,EMS,MWH,VALID
2025-06-13 05:00:00,345.8599897707344,155.63699539683049,190.22299437390396,80.0,220.0,EMS,MWH,VALID
2025-06-13 06:00:00,409.5197747025375,184.28389861614187,225.2358760863956,80.0,220.0,EMS,MWH,VALID
2025-06-13 07:00:00,437.9717617983246,197.0872928092461,240.88446898907856,80.0,220.0,EMS,MWH,VALID
2025-06-13 08:00:00,448.8043701608576,201.96196657238596,246.8424035884717,80.0,220.0,EMS,MWH,VALID
2025-06-13 09:00:00,445.6350435772744,200.5357696097735,245.09927396750092,80.0,220.0,EMS,MWH,VALID
2025-06-13 10:00:00,449.0842029289274,202.0878913180173,246.9963116109101,60.0,220.0,EMS,MWH,VALID
2025-06-13 11:00:00,431.4805331931491,194.1662399369171,237.314293256232,60.0,220.0,EMS,MWH,VALID
2025-06-13 12:00:00,422.9237738691382,190.3156982411122,232.60807562802603,60.0,220.0,EMS,MWH,VALID
2025-06-13 13:00:00,416.4813501620322,187.4166075729145,229.0647425891177,60.0,220.0,EMS,MWH,VALID
2025-06-13 14:00:00,399.2674831509629,179.67036741793328,219.5971157330296,60.0,220.0,EMS,MWH,VALID
2025-06-13 15:00:00,441.0266200084393,198.4619790037977,242.56464100464163,60.0,220.0,EMS,MWH,VALID
2025-06-13 16:00:00,437.513142508496,196.8809141288232,240.6322283796728,80.0,220.0,EMS,MWH,VALID
2025-06-13 17:00:00,472.7934289881839,212.7570430446828,260.0363859435012,80.0,220.0,EMS,MWH,VALID
2025-06-13 18:00:00,500.8078120223603,225.3635154100621,275.44429661229816,80.0,220.0,EMS,MWH,VALID
2025-06-13 19:00:00,507.15736488787775,228.220814199545,278.9365506883328,80.0,220.0,EMS,MWH,VALID
2025-06-13 20:00:00,494.3512310267319,222.45805396202937,271.89317706470257,80.0,220.0,EMS,MWH,VALID
2025-06-13 21:00:00,433.55750560495926,195.10087752223168,238.4566280827276,80.0,220.0,EMS,MWH,VALID
2025-06-13 22:00:00,386.2071077511146,173.7931984880016,212.41390926311303,80.0,220.0,EMS,MWH,VALID
2025-06-13 23:00:00,375.85247533652415,169.1336139014359,206.7188614350883,80.0,220.0,EMS,MWH,VALID
2025-06-14 00:00:00,276.05420150508485,124.22439067728818,151.82981082779668,80.0,220.0,EMS,MWH,VALID
2025-06-14 01:00:00,275.43824585593825,123.9472106351722,151.49103522076604,80.0,220.0,EMS,MWH,VALID
2025-06-14 02:00:00,247.73771858681528,111.48197336406687,136.2557452227484,80.0,220.0,EMS,MWH,VALID
2025-06-14 03:00:00,304.22098848589434,136.89944481865246,167.3215436672419,80.0,220.0,EMS,MWH,VALID
2025-06-14 04:00:00,267.5271626974264,120.38722321384188,147.13993948358453,80.0,220.0,EMS,MWH,VALID
2025-06-14 05:00:00,291.80695397410324,131.31312928834646,160.4938246857568,80.0,220.0,EMS,MWH,VALID
2025-06-14 06:00:00,320.92438968888786,144.41597535999955,176.50841432888834,80.0,220.0,EMS,MWH,VALID
2025-06-14 07:00:00,353.0374499856757,158.8668524935541,194.1705974921217,80.0,220.0,EMS,MWH,VALID
2025-06-14 08:00:00,367.1841307982125,165.23285885919563,201.9512719390169,80.0,220.0,EMS,MWH,VALID
2025-06-14 09:00:00,357.8205737212569,161.01925817456564,196.8013155466913,80.0,220.0,EMS,MWH,VALID
2025-06-14 10:00:00,286.906796580407,129.10805846118316,157.79873811922386,60.0,220.0,EMS,MWH,VALID
2025-06-14 11:00:00,330.2477663776655,148.6114948699495,181.6362715077161,60.0,220.0,EMS,MWH,VALID
2025-06-14 12:00:00,265.9315541852475,119.66919938336136,146.26235480188612,60.0,220.0,EMS,MWH,VALID
2025-06-14 13:00:00,350.88229495095885,157.89703272793147,192.98526222302735,60.0,220.0,EMS,MWH,VALID
2025-06-14 14:00:00,337.74414447456127,151.98486501355256,185.7592794610087,60.0,220.0,EMS,MWH,VALID
2025-06-14 15:00:00,364.0660686981832,163.82973091418248,200.2363377840008,60.0,220.0,EMS,MWH,VALID
2025-06-14 16:00:00,369.05696044459097,166.07563220006594,202.98132824452503,80.0,220.0,EMS,MWH,VALID
2025-06-14 17:00:00,397.3373808996118,178.80182140482532,218.5355594947865,80.0,220.0,EMS,MWH,VALID
2025-06-14 18:00:00,419.4514651415132,188.75315931368092,230.69830582783229,80.0,220.0,EMS,MWH,VALID
2025-06-14 19:00:00,427.38162250392185,192.32173012676483,235.05989237715704,80.0,220.0,EMS,MWH,VALID
2025-06-14 20:00:00,399.46085444360847,179.7573844996238,219.7034699439847,80.0,220.0,EMS,MWH,VALID
2025-06-14 21:00:00,355.7821641758919,160.10197387915136,195.68019029674056,80.0,220.0,EMS,MWH,VALID
2025-06-14 22:00:00,292.0551331110569,131.4248098999756,160.6303232110813,65.6,220.0,EMS,MWH,VALID
2025-06-14 23:00:00,292.93181392919104,131.81931626813596,161.11249766105507,65.6,220.0,EMS,MWH,VALID
2025-06-15 00:00:00,265.08936429810166,119.29021393414575,145.79915036395593,65.6,220.0,EMS,MWH,VALID
2025-06-15 01:00:00,269.361830236602,121.21282360647088,148.1490066301311,65.6,220.0,EMS,MWH,VALID
2025-06-15 02:00:00,275.54067839258465,123.9933052766631,151.54737311592157,65.6,220.0,EMS,MWH,VALID
2025-06-15 03:00:00,273.6886472064949,123.15989124292273,150.52875596357222,65.6,220.0,EMS,MWH,VALID
2025-06-15 04:00:00,280.2538123474833,126.11421555636748,154.13959679111582,65.6,220.0,EMS,MWH,VALID
2025-06-15 05:00:00,284.8462443212381,128.18080994455715,156.66543437668096,65.6,220.0,EMS,MWH,VALID
2025-06-15 06:00:00,320.4257196761526,144.19157385426868,176.23414582188394,80.0,220.0,EMS,MWH,VALID
2025-06-15 07:00:00,352.529981389634,158.6384916253353,193.8914897642987,80.0,220.0,EMS,MWH,VALID
2025-06-15 08:00:00,356.786927136116,160.5541172112522,196.2328099248638,80.0,220.0,EMS,MWH,VALID
2025-06-15 09:00:00,359.761504766008,161.89267714470358,197.8688276213044,80.0,220.0,EMS,MWH,VALID
2025-06-15 10:00:00,324.3321263727524,145.94945686773858,178.38266950501384,60.0,220.0,EMS,MWH,VALID
2025-06-15 11:00:00,316.0555128540432,142.22498078431943,173.83053206972374,60.0,220.0,EMS,MWH,VALID
2025-06-15 12:00:00,279.2372963417957,125.65678335380808,153.58051298798765,60.0,220.0,EMS,MWH,VALID
2025-06-15 13:00:00,339.0898771811727,152.59044473152773,186.499432449645,60.0,220.0,EMS,MWH,VALID
2025-06-15 14:00:00,314.5196247448539,141.53383113518427,172.98579360966966,60.0,220.0,EMS,MWH,VALID
2025-06-15 15:00:00,271.69661276173395,122.26347574278029,149.4331370189537,60.0,220.0,EMS,MWH,VALID
2025-06-15 16:00:00,370.3238241690584,166.6457208760763,203.67810329298212,80.0,220.0,EMS,MWH,VALID
2025-06-15 17:00:00,393.5290671280584,177.0880802076263,216.44098692043207,80.0,220.0,EMS,MWH,VALID
2025-06-15 18:00:00,397.8504897376308,179.03272038193387,218.81776935569695,80.0,220.0,EMS,MWH,VALID
2025-06-15 19:00:00,417.5487655655785,187.89694450451032,229.65182106106815,80.0,220.0,EMS,MWH,VALID
2025-06-15 20:00:00,396.9239008634564,178.61575538855536,218.308145474901,80.0,220.0,EMS,MWH,VALID
2025-06-15 21:00:00,370.9339715184802,166.9202871833161,204.01368433516416,80.0,220.0,EMS,MWH,VALID
2025-06-15 22:00:00,331.1059659620514,148.99768468292314,182.1082812791283,80.0,220.0,EMS,MWH,VALID
2025-06-15 23:00:00,284.2739664704136,127.92328491168612,156.3506815587275,80.0,220.0,EMS,MWH,VALID
2025-06-16 00:00:00,333.04155095990524,149.86869793195737,183.1728530279479,80.0,220.0,EMS,MWH,VALID
2025-06-16 01:00:00,322.2945530320126,145.03254886440567,177.26200416760693,80.0,220.0,EMS,MWH,VALID
2025-06-16 02:00:00,330.0395235350278,148.51778559076251,181.5217379442653,80.0,220.0,EMS,MWH,VALID
2025-06-16 03:00:00,336.84812291385003,151.5816553112325,185.26646760261752,80.0,220.0,EMS,MWH,VALID
2025-06-16 04:00:00,348.1263976407767,156.6568789383495,191.4695187024272,80.0,220.0,EMS,MWH,VALID
2025-06-16 05:00:00,350.7464299535911,157.83589347911598,192.9105364744751,80.0,220.0,EMS,MWH,VALID
2025-06-16 06:00:00,368.38062199855983,165.77127989935192,202.60934209920796,80.0,220.0,EMS,MWH,VALID
2025-06-16 07:00:00,421.60571853799615,189.7225733420983,231.8831451958979,80.0,220.0,EMS,MWH,VALID
2025-06-16 08:00:00,446.2324936122608,200.80462212551737,245.42787148674347,80.0,220.0,EMS,MWH,VALID
2025-06-16 09:00:00,415.2573542089685,186.86580939403584,228.3915448149327,80.0,220.0,EMS,MWH,VALID
2025-06-16 10:00:00,422.3030209552505,190.0363594298628,232.2666615253878,60.0,220.0,EMS,MWH,VALID
2025-06-16 11:00:00,401.015298307934,180.45688423857032,220.5584140693637,60.0,220.0,EMS,MWH,VALID
2025-06-16 12:00:00,392.42450858304574,176.5910288623706,215.8334797206752,60.0,220.0,EMS,MWH,VALID
2025-06-16 13:00:00,387.3133720669985,174.29101743014934,213.0223546368492,60.0,220.0,EMS,MWH,VALID
2025-06-16 14:00:00,409.8749023706177,184.443706066778,225.43119630383976,60.0,220.0,EMS,MWH,VALID
2025-06-16 15:00:00,393.6431441277695,177.1394148574963,216.50372927027323,60.0,220.0,EMS,MWH,VALID
2025-06-16 16:00:00,442.5316085714152,199.13922385713684,243.3923847142784,80.0,220.0,EMS,MWH,VALID
2025-06-16 17:00:00,484.5039973311461,218.02679879901575,266.4771985321304,80.0,220.0,EMS,MWH,VALID
2025-06-16 18:00:00,523.2037988805446,235.44170949624507,287.76208938429954,80.0,220.0,EMS,MWH,VALID
2025-06-16 19:00:00,518.2570127146842,233.21565572160787,285.0413569930763,80.0,220.0,EMS,MWH,VALID
2025-06-16 20:00:00,508.7572718539984,228.94077233429928,279.8164995196992,80.0,220.0,EMS,MWH,VALID
2025-06-16 21:00:00,437.9836845586926,197.0926580514117,240.8910265072809,80.0,220.0,EMS,MWH,VALID
2025-06-16 22:00:00,391.6774968616521,176.25487358774345,215.42262327390867,80.0,220.0,EMS,MWH,VALID
2025-06-16 23:00:00,367.8750271710575,165.5437622269759,202.33126494408165,80.0,220.0,EMS,MWH,VALID
2025-06-17 00:00:00,326.445330081494,146.9003985366723,179.5449315448217,80.0,220.0,EMS,MWH,VALID
2025-06-17 01:00:00,315.3899767960377,141.92548955821695,173.46448723782072,80.0,220.0,EMS,MWH,VALID
2025-06-17 02:00:00,310.3361034837956,139.651246567708,170.68485691608757,80.0,220.0,EMS,MWH,VALID
2025-06-17 03:00:00,339.5363273759305,152.79134731916872,186.7449800567618,80.0,220.0,EMS,MWH,VALID
2025-06-17 04:00:00,339.420051322098,152.73902309494412,186.68102822715392,80.0,220.0,EMS,MWH,VALID
2025-06-17 05:00:00,357.07582125374,160.684119564183,196.391701689557,80.0,220.0,EMS,MWH,VALID
2025-06-17 06:00:00,396.15312866993145,178.26890790146916,217.8842207684623,80.0,220.0,EMS,MWH,VALID
2025-06-17 07:00:00,409.0175542707578,184.05789942184103,224.95965484891684,80.0,220.0,EMS,MWH,VALID
2025-06-17 08:00:00,450.0912600991631,202.5410670446234,247.55019305453973,80.0,220.0,EMS,MWH,VALID
2025-06-17 09:00:00,441.7527033028812,198.78871648629652,242.9639868165847,80.0,220.0,EMS,MWH,VALID
2025-06-17 10:00:00,411.3052302315585,185.08735360420133,226.2178766273572,60.0,220.0,EMS,MWH,VALID
2025-06-17 11:00:00,403.228588934661,181.45286502059744,221.7757239140636,60.0,220.0,EMS,MWH,VALID
2025-06-17 12:00:00,420.1170710312183,189.05268196404825,231.06438906717003,60.0,220.0,EMS,MWH,VALID
2025-06-17 13:00:00,391.5608445221407,176.2023800349633,215.35846448717737,60.0,220.0,EMS,MWH,VALID
2025-06-17 14:00:00,405.1815771425199,182.33170971413395,222.84986742838595,60.0,220.0,EMS,MWH,VALID
2025-06-17 15:00:00,422.7256543527804,190.2265444587512,232.49910989402923,60.0,220.0,EMS,MWH,VALID
2025-06-17 16:00:00,427.2035931659996,192.2416169246998,234.96197624129977,80.0,220.0,EMS,MWH,VALID
2025-06-17 17:00:00,499.8296924589679,224.9233616065356,274.90633085243235,80.0,220.0,EMS,MWH,VALID
2025-06-17 18:00:00,517.1857781433118,232.73360016449035,284.4521779788215,80.0,220.0,EMS,MWH,VALID
2025-06-17 19:00:00,508.3321656355489,228.749474535997,279.5826910995519,80.0,220.0,EMS,MWH,VALID
2025-06-17 20:00:00,492.1352040227295,221.4608418102283,270.67436221250125,80.0,220.0,EMS,MWH,VALID
2025-06-17 21:00:00,374.8057404952745,168.66258322287354,206.143157272401,80.0,220.0,EMS,MWH,VALID
2025-06-17 22:00:00,397.2470419733152,178.76116888799183,218.48587308532336,80.0,220.0,EMS,MWH,VALID
2025-06-17 23:00:00,390.7114268059617,175.82014206268278,214.89128474327896,80.0,220.0,EMS,MWH,VALID
2025-06-18 00:00:00,326.7259145306895,147.0266615388103,179.69925299187926,80.0,220.0,EMS,MWH,VALID
2025-06-18 01:00:00,317.8347756982577,143.02564906421597,174.80912663404175,80.0,220.0,EMS,MWH,VALID
2025-06-18 02:00:00,331.4212297173817,149.13955337282178,182.28167634456,80.0,220.0,EMS,MWH,VALID
2025-06-18 03:00:00,304.17006364415033,136.87652863986764,167.2935350042827,80.0,220.0,EMS,MWH,VALID
2025-06-18 04:00:00,354.8297029557408,159.67336633008335,195.15633662565745,80.0,220.0,EMS,MWH,VALID
2025-06-18 05:00:00,354.0494895635143,159.32227030358146,194.7272192599329,80.0,220.0,EMS,MWH,VALID
2025-06-18 06:00:00,377.2298315271111,169.7534241872,207.47640733991116,80.0,220.0,EMS,MWH,VALID
2025-06-18 07:00:00,413.8023179936429,186.2110430971393,227.5912748965036,80.0,220.0,EMS,MWH,VALID
2025-06-18 08:00:00,449.5175816186904,202.28291172841068,247.2346698902797,80.0,220.0,EMS,MWH,VALID
2025-06-18 09:00:00,454.64791542583686,204.5915619416266,250.0563534842103,80.0,220.0,EMS,MWH,VALID
2025-06-18 10:00:00,425.2269692143838,191.35213614647276,233.8748330679111,60.0,220.0,EMS,MWH,VALID
2025-06-18 11:00:00,419.47248898288814,188.7626200422997,230.7098689405885,60.0,220.0,EMS,MWH,VALID
2025-06-18 12:00:00,407.9007784025921,183.55535028116643,224.34542812142567,60.0,220.0,EMS,MWH,VALID
2025-06-18 13:00:00,382.1587674269238,171.97144534211571,210.1873220848081,60.0,220.0,EMS,MWH,VALID
2025-06-18 14:00:00,412.2583680667208,185.51626563002435,226.74210243669648,60.0,220.0,EMS,MWH,VALID
2025-06-18 15:00:00,416.4735843095792,187.41311293931065,229.06047137026857,60.0,220.0,EMS,MWH,VALID
2025-06-18 16:00:00,431.4022298406599,194.1310034282969,237.27122641236292,80.0,220.0,EMS,MWH,VALID
2025-06-18 17:00:00,486.1895121813012,218.78528048158557,267.4042316997157,80.0,220.0,EMS,MWH,VALID
2025-06-18 18:00:00,503.1429507161127,226.41432782225075,276.728622893862,80.0,220.0,EMS,MWH,VALID
2025-06-18 19:00:00,523.495010469779,235.57275471140056,287.92225575837847,80.0,220.0,EMS,MWH,VALID
2025-06-18 20:00:00,471.4047607231061,212.13214232539772,259.2726183977084,80.0,220.0,EMS,MWH,VALID
2025-06-18 21:00:00,460.4959789183168,207.22319051324257,253.2727884050743,80.0,220.0,EMS,MWH,VALID
2025-06-18 22:00:00,412.8667847033987,185.79005311652944,227.0767315868693,80.0,220.0,EMS,MWH,VALID
2025-06-18 23:00:00,338.1885036568031,152.1848266455614,186.0036770112417,80.0,220.0,EMS,MWH,VALID
2025-06-19 00:00:00,308.3965567944328,138.77845055749475,169.61810623693805,80.0,220.0,EMS,MWH,VALID
2025-06-19 01:00:00,327.27738758238746,147.27482441207437,180.00256317031312,80.0,220.0,EMS,MWH,VALID
2025-06-19 02:00:00,348.7901307415255,156.95555883368647,191.83457190783903,80.0,220.0,EMS,MWH,VALID
2025-06-19 03:00:00,343.4429523608265,154.54932856237193,188.8936237984546,80.0,220.0,EMS,MWH,VALID
2025-06-19 04:00:00,337.14311970069866,151.7144038653144,185.42871583538428,80.0,220.0,EMS,MWH,VALID
2025-06-19 05:00:00,357.45577754567574,160.85509989555408,196.60067765012167,80.0,220.0,EMS,MWH,VALID
2025-06-19 06:00:00,376.3957885605823,169.37810485226203,207.01768370832028,80.0,220.0,EMS,MWH,VALID
2025-06-19 07:00:00,432.0976886217159,194.4439598797721,237.65372874194372,80.0,220.0,EMS,MWH,VALID
2025-06-19 08:00:00,429.91316742321214,193.46092534044547,236.4522420827667,80.0,220.0,EMS,MWH,VALID
2025-06-19 09:00:00,461.86747027920575,207.8403616256426,254.0271086535632,80.0,220.0,EMS,MWH,VALID
2025-06-19 10:00:00,431.46649612401006,194.15992325580453,237.3065728682056,60.0,220.0,EMS,MWH,VALID
2025-06-19 11:00:00,389.4702310056085,175.26160395252384,214.2086270530847,60.0,220.0,EMS,MWH,VALID
2025-06-19 12:00:00,405.86951294515126,182.6412808253181,223.2282321198332,60.0,220.0,EMS,MWH,VALID
2025-06-19 13:00:00,398.8779826984387,179.49509221429742,219.3828904841413,60.0,220.0,EMS,MWH,VALID
2025-06-19 14:00:00,381.6892774894097,171.76017487023438,209.92910261917535,60.0,220.0,EMS,MWH,VALID
2025-06-19 15:00:00,404.34257032804953,181.95415664762228,222.38841368042725,60.0,220.0,EMS,MWH,VALID
2025-06-19 16:00:00,445.06085804324726,200.27738611946128,244.783471923786,80.0,220.0,EMS,MWH,VALID
2025-06-19 17:00:00,475.82586456822,214.12163905569895,261.704225512521,80.0,220.0,EMS,MWH,VALID
2025-06-19 18:00:00,504.2304146691773,226.9036866011298,277.32672806804754,80.0,220.0,EMS,MWH,VALID
2025-06-19 19:00:00,511.80629897410665,230.312834538348,281.49346443575865,80.0,220.0,EMS,MWH,VALID
2025-06-19 20:00:00,474.294614498922,213.4325765245149,260.8620379744071,80.0,220.0,EMS,MWH,VALID
2025-06-19 21:00:00,438.2349716153968,197.20573722692856,241.02923438846824,80.0,220.0,EMS,MWH,VALID
2025-06-19 22:00:00,397.0604607377228,178.67720733197527,218.38325340574755,80.0,220.0,EMS,MWH,VALID
2025-06-19 23:00:00,349.9682842090509,157.4857278940729,192.482556314978,80.0,220.0,EMS,MWH,VALID
2025-06-20 00:00:00,336.265690926944,151.3195609171248,184.9461300098192,80.0,220.0,EMS,MWH,VALID
2025-06-20 01:00:00,309.94322159502764,139.47444971776244,170.46877187726523,80.0,220.0,EMS,MWH,VALID
2025-06-20 02:00:00,326.5922655944851,146.96651951751832,179.62574607696683,80.0,220.0,EMS,MWH,VALID
2025-06-20 03:00:00,331.18836245347273,149.03476310406273,182.15359934941003,80.0,220.0,EMS,MWH,VALID
2025-06-20 04:00:00,350.14104845169163,157.56347180326125,192.5775766484304,80.0,220.0,EMS,MWH,VALID
2025-06-20 05:00:00,364.47555750949454,164.01400087927254,200.461556630222,80.0,220.0,EMS,MWH,VALID
2025-06-20 06:00:00,376.5896798646915,169.4653559391112,207.12432392558037,80.0,220.0,EMS,MWH,VALID
2025-06-20 07:00:00,435.94586947108616,196.1756412619888,239.7702282090974,80.0,220.0,EMS,MWH,VALID
2025-06-20 08:00:00,437.261791475671,196.76780616405196,240.49398531161904,80.0,220.0,EMS,MWH,VALID
2025-06-20 09:00:00,432.81836666046553,194.76826499720949,238.05010166325607,80.0,220.0,EMS,MWH,VALID
2025-06-20 10:00:00,421.13416516817006,189.5103743256765,231.62379084249355,60.0,220.0,EMS,MWH,VALID
2025-06-20 11:00:00,409.7815480034005,184.4016966015302,225.37985140187027,60.0,220.0,EMS,MWH,VALID
2025-06-20 12:00:00,418.0879456176945,188.1395755279625,229.948370089732,60.0,220.0,EMS,MWH,VALID
2025-06-20 13:00:00,405.3611240075928,182.41250580341676,222.94861820417603,60.0,220.0,EMS,MWH,VALID
2025-06-20 14:00:00,416.743969908815,187.53478645896675,229.20918344984827,60.0,220.0,EMS,MWH,VALID
2025-06-20 15:00:00,421.0116141359795,189.4552263611908,231.5563877747888,60.0,220.0,EMS,MWH,VALID
2025-06-20 16:00:00,449.28783258691954,202.17952466411376,247.10830792280575,80.0,220.0,EMS,MWH,VALID
2025-06-20 17:00:00,466.6522330089366,209.99350485402147,256.65872815491514,80.0,220.0,EMS,MWH,VALID
2025-06-20 18:00:00,466.1104792310935,209.74971565399207,256.3607635771014,80.0,220.0,EMS,MWH,VALID
2025-06-20 19:00:00,536.4092640752984,241.3841688338843,295.0250952414142,80.0,220.0,EMS,MWH,VALID
2025-06-20 20:00:00,495.1818833467127,222.83184750602072,272.350035840692,80.0,220.0,EMS,MWH,VALID
2025-06-20 21:00:00,457.14325212803647,205.7144634576164,251.4287886704201,80.0,220.0,EMS,MWH,VALID
2025-06-20 22:00:00,356.51665221594385,160.43249349717473,196.08415871876915,80.0,220.0,EMS,MWH,VALID
2025-06-20 23:00:00,374.825779030081,168.67160056353646,206.15417846654455,80.0,220.0,EMS,MWH,VALID
2025-06-21 00:00:00,291.608499971415,131.22382498713674,160.38467498427823,80.0,220.0,EMS,MWH,VALID
2025-06-21 01:00:00,293.7487493908867,132.18693722589902,161.56181216498769,80.0,220.0,EMS,MWH,VALID
2025-06-21 02:00:00,249.95514965064888,112.479817342792,137.4753323078569,80.0,220.0,EMS,MWH,VALID
2025-06-21 03:00:00,240.3824407699896,108.17209834649532,132.2103424234943,80.0,220.0,EMS,MWH,VALID
2025-06-21 04:00:00,262.19687809806675,117.98859514413004,144.20828295393673,80.0,220.0,EMS,MWH,VALID
2025-06-21 05:00:00,293.0352800108193,131.8658760048687,161.16940400595067,80.0,220.0,EMS,MWH,VALID
2025-06-21 06:00:00,326.9674155475362,147.1353369963913,179.83207855114492,80.0,220.0,EMS,MWH,VALID
2025-06-21 07:00:00,338.53504748945375,152.3407713702542,186.1942761191996,80.0,220.0,EMS,MWH,VALID
2025-06-21 08:00:00,373.9672974025372,168.28528383114173,205.68201357139543,80.0,220.0,EMS,MWH,VALID
2025-06-21 09:00:00,356.8998702892459,160.60494163016065,196.2949286590853,80.0,220.0,EMS,MWH,VALID
2025-06-21 10:00:00,346.3094920243566,155.83927141096046,190.47022061339612,60.0,220.0,EMS,MWH,VALID
2025-06-21 11:00:00,274.9976448555902,123.74894018501558,151.24870467057465,60.0,220.0,EMS,MWH,VALID
2025-06-21 12:00:00,309.59377468224864,139.3171986070119,170.27657607523676,60.0,220.0,EMS,MWH,VALID
2025-06-21 13:00:00,298.6315599634805,134.38420198356624,164.2473579799143,60.0,220.0,EMS,MWH,VALID
2025-06-21 14:00:00,282.29702425615056,127.03366091526776,155.26336334088282,60.0,220.0,EMS,MWH,VALID
2025-06-21 15:00:00,281.20520962797497,126.54234433258874,154.66286529538624,60.0,220.0,EMS,MWH,VALID
2025-06-21 16:00:00,346.33987307130684,155.8529428820881,190.4869301892188,80.0,220.0,EMS,MWH,VALID
2025-06-21 17:00:00,387.2437444458287,174.2596850006229,212.9840594452058,80.0,220.0,EMS,MWH,VALID
2025-06-21 18:00:00,388.66694669916006,174.90012601462203,213.7668206845381,80.0,220.0,EMS,MWH,VALID
2025-06-21 19:00:00,435.72217338676,196.074978024042,239.647195362718,80.0,220.0,EMS,MWH,VALID
2025-06-21 20:00:00,420.91371384352607,189.41117122958676,231.50254261393937,80.0,220.0,EMS,MWH,VALID
2025-06-21 21:00:00,357.3062525807114,160.78781366132011,196.5184389193913,80.0,220.0,EMS,MWH,VALID
2025-06-21 22:00:00,326.63365384436025,146.98514422996212,179.64850961439817,80.0,220.0,EMS,MWH,VALID
2025-06-21 23:00:00,300.6071879927899,135.27323459675546,165.33395339603445,80.0,220.0,EMS,MWH,VALID
2025-06-22 00:00:00,280.8978140631646,126.40401632842408,154.49379773474055,80.0,220.0,EMS,MWH,VALID
2025-06-22 01:00:00,265.40892440608405,119.43401598273783,145.97490842334625,80.0,220.0,EMS,MWH,VALID
2025-06-22 02:00:00,279.5065730238023,125.77795786071104,153.72861516309126,80.0,220.0,EMS,MWH,VALID
2025-06-22 03:00:00,277.86320180598227,125.03844081269204,152.82476099329023,80.0,220.0,EMS,MWH,VALID
2025-06-22 04:00:00,267.2520296750357,120.26341335376608,146.98861632126966,80.0,220.0,EMS,MWH,VALID
2025-06-22 05:00:00,278.6679854727201,125.40059346272405,153.26739200999606,80.0,220.0,EMS,MWH,VALID
2025-06-22 06:00:00,302.4255720545939,136.09150742456723,166.33406463002666,80.0,220.0,EMS,MWH,VALID
2025-06-22 07:00:00,325.0319950838684,146.2643977877408,178.76759729612766,80.0,220.0,EMS,MWH,VALID
2025-06-22 08:00:00,358.22355753879964,161.20060089245985,197.02295664633985,80.0,220.0,EMS,MWH,VALID
2025-06-22 09:00:00,363.9389420495594,163.77252392230176,200.1664181272577,80.0,220.0,EMS,MWH,VALID
2025-06-22 10:00:00,277.1127487179082,124.70073692305868,152.41201179484952,60.0,220.0,EMS,MWH,VALID
2025-06-22 11:00:00,326.16453131030795,146.7740390896386,179.3904922206694,60.0,220.0,EMS,MWH,VALID
2025-06-22 12:00:00,312.7153187701473,140.7218934465663,171.99342532358105,60.0,220.0,EMS,MWH,VALID
2025-06-22 13:00:00,291.248685373116,131.0619084179022,160.18677695521382,60.0,220.0,EMS,MWH,VALID
2025-06-22 14:00:00,331.0293047277738,148.96318712749823,182.0661176002756,60.0,220.0,EMS,MWH,VALID
2025-06-22 15:00:00,342.70196769169723,154.21588546126375,188.48608223043348,60.0,220.0,EMS,MWH,VALID
2025-06-22 16:00:00,349.73605671078724,157.38122551985427,192.354831190933,80.0,220.0,EMS,MWH,VALID
2025-06-22 17:00:00,379.322393008628,170.6950768538826,208.6273161547454,80.0,220.0,EMS,MWH,VALID
2025-06-22 18:00:00,411.9953551296503,185.39790980834263,226.59744532130767,80.0,220.0,EMS,MWH,VALID
2025-06-22 19:00:00,400.99861253038233,180.44937563867205,220.5492368917103,80.0,220.0,EMS,MWH,VALID
2025-06-22 20:00:00,400.6743559801668,180.30346019107503,220.37089578909175,80.0,220.0,EMS,MWH,VALID
2025-06-22 21:00:00,356.9220386809283,160.61491740641776,196.3071212745106,80.0,220.0,EMS,MWH,VALID
2025-06-22 22:00:00,300.59206437213044,135.2664289674587,165.32563540467174,80.0,220.0,EMS,MWH,VALID
2025-06-22 23:00:00,282.9008337276534,127.30537517744402,155.59545855020937,80.0,220.0,EMS,MWH,VALID
2025-06-23 00:00:00,317.3679966421593,142.8155984889717,174.55239815318762,80.0,220.0,EMS,MWH,VALID
2025-06-23 01:00:00,312.52346660970875,140.63555997436893,171.88790663533982,80.0,220.0,EMS,MWH,VALID
2025-06-23 02:00:00,343.1731299698648,154.42790848643918,188.74522148342567,80.0,220.0,EMS,MWH,VALID
2025-06-23 03:00:00,341.7355362558461,153.78099131513076,187.95454494071535,80.0,220.0,EMS,MWH,VALID
2025-06-23 04:00:00,332.75759611527263,149.7409182518727,183.0166778634,80.0,220.0,EMS,MWH,VALID
2025-06-23 05:00:00,360.1224448964571,162.05510020340571,198.06734469305144,80.0,220.0,EMS,MWH,VALID
2025-06-23 06:00:00,382.0794416774418,171.93574875484882,210.143692922593,80.0,220.0,EMS,MWH,VALID
2025-06-23 07:00:00,420.3912171536954,189.1760477191629,231.21516943453247,80.0,220.0,EMS,MWH,VALID
2025-06-23 08:00:00,452.3912605146887,203.57606723160995,248.81519328307883,80.0,220.0,EMS,MWH,VALID
2025-06-23 09:00:00,426.37825050975897,191.87021272939157,234.50803778036743,80.0,220.0,EMS,MWH,VALID
2025-06-23 10:00:00,417.5708916762248,187.90690125430115,229.66399042192364,60.0,220.0,EMS,MWH,VALID
2025-06-23 11:00:00,408.8629308750428,183.98831889376928,224.8746119812736,60.0,220.0,EMS,MWH,VALID
2025-06-23 12:00:00,385.0779508087609,173.2850778639424,211.7928729448185,60.0,220.0,EMS,MWH,VALID
2025-06-23 13:00:00,402.1449169394066,180.96521262273296,221.17970431667365,60.0,220.0,EMS,MWH,VALID
2025-06-23 14:00:00,415.753788650012,187.0892048925054,228.66458375750665,60.0,220.0,EMS,MWH,VALID
2025-06-23 15:00:00,419.274575302232,188.6735588860044,230.6010164162276,60.0,220.0,EMS,MWH,VALID
2025-06-23 16:00:00,442.6963269889704,199.2133471450367,243.48297984393372,80.0,220.0,EMS,MWH,VALID
2025-06-23 17:00:00,456.84458272778335,205.5800622275025,251.26452050028087,80.0,220.0,EMS,MWH,VALID
2025-06-23 18:00:00,501.31578397877576,225.5921027904491,275.7236811883267,80.0,220.0,EMS,MWH,VALID
2025-06-23 19:00:00,526.5639767121145,236.95378952045152,289.610187191663,80.0,220.0,EMS,MWH,VALID
2025-06-23 20:00:00,473.12007627228365,212.90403432252765,260.216041949756,80.0,220.0,EMS,MWH,VALID
2025-06-23 21:00:00,421.9805416126621,189.89124372569796,232.08929788696415,80.0,220.0,EMS,MWH,VALID
2025-06-23 22:00:00,390.0634726171531,175.5285626777189,214.5349099394342,80.0,220.0,EMS,MWH,VALID
2025-06-23 23:00:00,351.34651675619153,158.1059325402862,193.24058421590536,80.0,220.0,EMS,MWH,VALID
2025-06-24 00:00:00,339.9827599831629,152.99224199242332,186.9905179907396,80.0,220.0,EMS,MWH,VALID
2025-06-24 01:00:00,338.37236497294595,152.26756423782567,186.10480073512028,80.0,220.0,EMS,MWH,VALID
2025-06-24 02:00:00,324.5914213264897,146.06613959692038,178.52528172956934,80.0,220.0,EMS,MWH,VALID
2025-06-24 03:00:00,323.58232095331294,145.61204442899083,177.97027652432214,80.0,220.0,EMS,MWH,VALID
2025-06-24 04:00:00,331.0394331954768,148.96774493796457,182.07168825751228,80.0,220.0,EMS,MWH,VALID
2025-06-24 05:00:00,340.212249817325,153.09551241779627,187.1167373995288,80.0,220.0,EMS,MWH,VALID
2025-06-24 06:00:00,378.1639154731541,170.17376196291934,207.9901535102348,80.0,220.0,EMS,MWH,VALID
2025-06-24 07:00:00,403.0508364407367,181.3728763983315,221.6779600424052,80.0,220.0,EMS,MWH,VALID
2025-06-24 08:00:00,438.7558892777743,197.4401501749984,241.31573910277584,80.0,220.0,EMS,MWH,VALID
2025-06-24 09:00:00,432.3609406454886,194.56242329046987,237.7985173550188,80.0,220.0,EMS,MWH,VALID
2025-06-24 10:00:00,430.5546078445799,193.74957353006096,236.80503431451896,60.0,220.0,EMS,MWH,VALID
2025-06-24 11:00:00,421.2532120258071,189.5639454116132,231.6892666141939,60.0,220.0,EMS,MWH,VALID
2025-06-24 12:00:00,405.76181022759823,182.5928146024192,223.16899562517904,60.0,220.0,EMS,MWH,VALID
2025-06-24 13:00:00,403.3326728771808,181.49970279473135,221.83297008244944,60.0,220.0,EMS,MWH,VALID
2025-06-24 14:00:00,411.0900239935148,184.99051079708167,226.0995131964332,60.0,220.0,EMS,MWH,VALID
2025-06-24 15:00:00,409.2481679148,184.16167556166,225.08649235314,60.0,220.0,EMS,MWH,VALID
2025-06-24 16:00:00,462.49176226661626,208.1212930199773,254.37046924663895,80.0,220.0,EMS,MWH,VALID
2025-06-24 17:00:00,476.7739650714781,214.5482842821652,262.225680789313,80.0,220.0,EMS,MWH,VALID
2025-06-24 18:00:00,494.31375322126695,222.4411889495701,271.87256427169683,80.0,220.0,EMS,MWH,VALID
2025-06-24 19:00:00,504.5038711946112,227.02674203757505,277.4771291570362,80.0,220.0,EMS,MWH,VALID
2025-06-24 20:00:00,476.3880604406216,214.3746271982797,262.0134332423419,80.0,220.0,EMS,MWH,VALID
2025-06-24 21:00:00,439.842956637175,197.9293304867288,241.91362615044628,80.0,220.0,EMS,MWH,VALID
2025-06-24 22:00:00,370.3237470551498,166.6456861748174,203.6780608803324,80.0,220.0,EMS,MWH,VALID
2025-06-24 23:00:00,350.48490505692746,157.71820727561737,192.7666977813101,80.0,220.0,EMS,MWH,VALID
2025-06-25 00:00:00,286.072090126162,128.7324405567729,157.3396495693891,80.0,220.0,EMS,MWH,VALID
2025-06-25 01:00:00,340.6183749531497,153.27826872891737,187.3401062242324,80.0,220.0,EMS,MWH,VALID
2025-06-25 02:00:00,322.2833134201754,145.0274910390789,177.25582238109646,80.0,220.0,EMS,MWH,VALID
2025-06-25 03:00:00,361.2850061492951,162.5782527671828,198.7067533821123,80.0,220.0,EMS,MWH,VALID
2025-06-25 04:00:00,334.7832203763519,150.65244916935836,184.1307712069936,80.0,220.0,EMS,MWH,VALID
2025-06-25 05:00:00,352.4320190443915,158.59440856997617,193.83761047441533,80.0,220.0,EMS,MWH,VALID
2025-06-25 06:00:00,370.858045428063,166.88612044262837,203.97192498543467,80.0,220.0,EMS,MWH,VALID
2025-06-25 07:00:00,417.7326444759148,187.97969001416163,229.75295446175312,80.0,220.0,EMS,MWH,VALID
2025-06-25 08:00:00,468.1150762944689,210.651784332511,257.4632919619579,80.0,220.0,EMS,MWH,VALID
2025-06-25 09:00:00,442.9965426072608,199.34844417326732,243.64809843399345,80.0,220.0,EMS,MWH,VALID
2025-06-25 10:00:00,438.7893874710553,197.4552243619749,241.33416310908044,60.0,220.0,EMS,MWH,VALID
2025-06-25 11:00:00,407.7550698706041,183.48978144177184,224.26528842883224,60.0,220.0,EMS,MWH,VALID
2025-06-25 12:00:00,420.2254645193663,189.10145903371483,231.12400548565148,60.0,220.0,EMS,MWH,VALID
2025-06-25 13:00:00,408.3923774560245,183.77656985521105,224.6158076008135,60.0,220.0,EMS,MWH,VALID
2025-06-25 14:00:00,388.3979786070347,174.77909037316562,213.61888823386911,60.0,220.0,EMS,MWH,VALID
2025-06-25 15:00:00,416.6224526322964,187.4801036845334,229.14234894776305,60.0,220.0,EMS,MWH,VALID
2025-06-25 16:00:00,446.7107129810659,201.01982084147969,245.69089213958628,80.0,220.0,EMS,MWH,VALID
2025-06-25 17:00:00,437.7559807336726,196.99019133015267,240.76578940351996,80.0,220.0,EMS,MWH,VALID
2025-06-25 18:00:00,491.42030133776416,221.13913560199387,270.2811657357703,80.0,220.0,EMS,MWH,VALID
2025-06-25 19:00:00,488.00886051378734,219.60398723120431,268.4048732825831,80.0,220.0,EMS,MWH,VALID
2025-06-25 20:00:00,500.0138096484333,225.006214341795,275.00759530663834,80.0,220.0,EMS,MWH,VALID
2025-06-25 21:00:00,447.965130156899,201.58430857060455,246.38082158629447,80.0,220.0,EMS,MWH,VALID
2025-06-25 22:00:00,387.0490645274208,174.17207903733933,212.87698549008144,80.0,220.0,EMS,MWH,VALID
2025-06-25 23:00:00,351.8333515628399,158.32500820327795,193.508343359562,80.0,220.0,EMS,MWH,VALID
2025-06-26 00:00:00,325.87579015968447,146.644105571858,179.23168458782646,80.0,220.0,EMS,MWH,VALID
2025-06-26 01:00:00,327.1692006988685,147.22614031449083,179.9430603843777,80.0,220.0,EMS,MWH,VALID
2025-06-26 02:00:00,356.9744187721737,160.63848844747818,196.3359303246956,80.0,220.0,EMS,MWH,VALID
2025-06-26 03:00:00,323.0178010033481,145.35801045150666,177.65979055184147,80.0,220.0,EMS,MWH,VALID
2025-06-26 04:00:00,336.46473750450195,151.40913187702589,185.0556056274761,80.0,220.0,EMS,MWH,VALID
2025-06-26 05:00:00,362.7722689361663,163.24752102127485,199.5247479148915,80.0,220.0,EMS,MWH,VALID
2025-06-26 06:00:00,398.843381510632,179.4795216797844,219.3638598308476,80.0,220.0,EMS,MWH,VALID
2025-06-26 07:00:00,421.95199483022657,189.878397673602,232.07359715662463,80.0,220.0,EMS,MWH,VALID
2025-06-26 08:00:00,445.68042171777,200.55618977299648,245.1242319447735,80.0,220.0,EMS,MWH,VALID
2025-06-26 09:00:00,438.97071945652897,197.53682375543804,241.43389570109096,80.0,220.0,EMS,MWH,VALID
2025-06-26 10:00:00,419.290491736974,188.6807212816383,230.6097704553357,60.0,220.0,EMS,MWH,VALID
2025-06-26 11:00:00,447.5058089520196,201.3776140284088,246.1281949236108,60.0,220.0,EMS,MWH,VALID
2025-06-26 12:00:00,400.5500875027369,180.24753937623163,220.3025481265053,60.0,220.0,EMS,MWH,VALID
2025-06-26 13:00:00,418.9515053321902,188.5281773994856,230.42332793270464,60.0,220.0,EMS,MWH,VALID
2025-06-26 14:00:00,394.8082182284567,177.6636982028055,217.1445200256512,60.0,220.0,EMS,MWH,VALID
2025-06-26 15:00:00,393.80092840636576,177.2104177828646,216.5905106235012,60.0,220.0,EMS,MWH,VALID
2025-06-26 16:00:00,411.6125179759928,185.22563308919675,226.38688488679605,80.0,220.0,EMS,MWH,VALID
2025-06-26 17:00:00,462.10339053335554,207.94652574001,254.1568647933456,80.0,220.0,EMS,MWH,VALID
2025-06-26 18:00:00,472.3438238482981,212.55472073173416,259.789103116564,80.0,220.0,EMS,MWH,VALID
2025-06-26 19:00:00,529.4969345145875,238.27362053156435,291.2233139830231,80.0,220.0,EMS,MWH,VALID
2025-06-26 20:00:00,484.24840755527646,217.9117833998744,266.3366241554021,80.0,220.0,EMS,MWH,VALID
2025-06-26 21:00:00,441.13562219619257,198.51102998828665,242.62459220790592,80.0,220.0,EMS,MWH,VALID
2025-06-26 22:00:00,375.5217489823472,168.98478704205624,206.53696194029092,80.0,220.0,EMS,MWH,VALID
2025-06-26 23:00:00,333.16137491085493,149.92261870988472,183.23875620097024,80.0,220.0,EMS,MWH,VALID
2025-06-27 00:00:00,307.31668741287604,138.29250933579422,169.02417807708184,80.0,220.0,EMS,MWH,VALID
2025-06-27 01:00:00,338.8512984454022,152.48308430043102,186.36821414497123,80.0,220.0,EMS,MWH,VALID
2025-06-27 02:00:00,336.1570019787233,151.2706508904255,184.88635108829783,80.0,220.0,EMS,MWH,VALID
2025-06-27 03:00:00,324.40965054558643,145.98434274551389,178.42530780007257,80.0,220.0,EMS,MWH,VALID
2025-06-27 04:00:00,317.32733561650787,142.79730102742857,174.53003458907935,80.0,220.0,EMS,MWH,VALID
2025-06-27 05:00:00,355.0980339935847,159.7941152971131,195.3039186964716,80.0,220.0,EMS,MWH,VALID
2025-06-27 06:00:00,402.06592339269366,180.9296655267121,221.13625786598152,80.0,220.0,EMS,MWH,VALID
2025-06-27 07:00:00,446.306029854088,200.8377134343396,245.4683164197484,80.0,220.0,EMS,MWH,VALID
2025-06-27 08:00:00,472.693734879566,212.7121806958047,259.9815541837613,80.0,220.0,EMS,MWH,VALID
2025-06-27 09:00:00,443.9436271960838,199.77463223823773,244.1689949578461,80.0,220.0,EMS,MWH,VALID
2025-06-27 10:00:00,411.8716060751958,185.34222273383813,226.5293833413577,60.0,220.0,EMS,MWH,VALID
2025-06-27 11:00:00,410.2877120632125,184.6294704284456,225.65824163476688,60.0,220.0,EMS,MWH,VALID
2025-06-27 12:00:00,388.1355218911263,174.66098485100684,213.4745370401195,60.0,220.0,EMS,MWH,VALID
2025-06-27 13:00:00,413.47192838278175,186.0623677722518,227.40956061053,60.0,220.0,EMS,MWH,VALID
2025-06-27 14:00:00,418.0349135849886,188.11571111324488,229.91920247174372,60.0,220.0,EMS,MWH,VALID
2025-06-27 15:00:00,405.1380724719312,182.31213261236903,222.8259398595621,60.0,220.0,EMS,MWH,VALID
2025-06-27 16:00:00,440.8917089932532,198.40126904696396,242.49043994628929,80.0,220.0,EMS,MWH,VALID
2025-06-27 17:00:00,482.9104237176461,217.30969067294072,265.6007330447053,80.0,220.0,EMS,MWH,VALID
2025-06-27 18:00:00,483.4030315339528,217.53136419027877,265.871667343674,80.0,220.0,EMS,MWH,VALID
2025-06-27 19:00:00,525.7329890876607,236.57984508944733,289.1531439982134,80.0,220.0,EMS,MWH,VALID
2025-06-27 20:00:00,489.1388819993044,220.11249689968696,269.0263850996174,80.0,220.0,EMS,MWH,VALID
2025-06-27 21:00:00,431.6141901038321,194.22638554672443,237.38780455710767,80.0,220.0,EMS,MWH,VALID
2025-06-27 22:00:00,369.6855049136466,166.35847721114098,203.3270277025057,80.0,220.0,EMS,MWH,VALID
2025-06-27 23:00:00,357.89689237159246,161.05360156721662,196.84329080437587,80.0,220.0,EMS,MWH,VALID
2025-06-28 00:00:00,273.58542056145325,123.11343925265396,150.4719813087993,80.0,220.0,EMS,MWH,VALID
2025-06-28 01:00:00,294.93080068533123,132.71886030839906,162.2119403769322,80.0,220.0,EMS,MWH,VALID
2025-06-28 02:00:00,253.01374149679265,113.85618367355669,139.15755782323595,80.0,220.0,EMS,MWH,VALID
2025-06-28 03:00:00,283.68528383734724,127.65837772680626,156.026906110541,80.0,220.0,EMS,MWH,VALID
2025-06-28 04:00:00,293.02180905790533,131.8598140760574,161.16199498184795,80.0,220.0,EMS,MWH,VALID
2025-06-28 05:00:00,284.62773654456214,128.08248144505296,156.54525509950918,80.0,220.0,EMS,MWH,VALID
2025-06-28 06:00:00,329.8217381460705,148.41978216573173,181.4019559803388,80.0,220.0,EMS,MWH,VALID
2025-06-28 07:00:00,324.64947560662534,146.0922640229814,178.55721158364395,80.0,220.0,EMS,MWH,VALID
2025-06-28 08:00:00,388.9975430142292,175.04889435640317,213.94864865782608,80.0,220.0,EMS,MWH,VALID
2025-06-28 09:00:00,357.2310323664741,160.75396456491336,196.4770678015608,80.0,220.0,EMS,MWH,VALID
2025-06-28 10:00:00,294.8061397435385,132.66276288459235,162.14337685894623,60.0,220.0,EMS,MWH,VALID
2025-06-28 11:00:00,273.4323617348533,123.044562780684,150.38779895416934,60.0,220.0,EMS,MWH,VALID
2025-06-28 12:00:00,328.01111347388115,147.60500106324653,180.40611241063465,60.0,220.0,EMS,MWH,VALID
2025-06-28 13:00:00,312.5810616097227,140.66147772437523,171.91958388534752,60.0,220.0,EMS,MWH,VALID
2025-06-28 14:00:00,344.3284743717458,154.9478134672856,189.3806609044602,60.0,220.0,EMS,MWH,VALID
2025-06-28 15:00:00,339.17243161517365,152.62759422682814,186.5448373883455,60.0,220.0,EMS,MWH,VALID
2025-06-28 16:00:00,354.6244558249612,159.58100512123252,195.04345070372867,80.0,220.0,EMS,MWH,VALID
2025-06-28 17:00:00,366.8770284962852,165.09466282332835,201.7823656729569,80.0,220.0,EMS,MWH,VALID
2025-06-28 18:00:00,420.5440991691816,189.2448446261317,231.29925454304987,80.0,220.0,EMS,MWH,VALID
2025-06-28 19:00:00,431.48649918723305,194.1689246342549,237.3175745529782,80.0,220.0,EMS,MWH,VALID
2025-06-28 20:00:00,405.8440674084341,182.62983033379533,223.2142370746388,80.0,220.0,EMS,MWH,VALID
2025-06-28 21:00:00,358.33614555324283,161.25126549895927,197.0848800542836,80.0,220.0,EMS,MWH,VALID
2025-06-28 22:00:00,312.5959836498233,140.6681926424205,171.92779100740285,80.0,220.0,EMS,MWH,VALID
2025-06-28 23:00:00,292.46278821810705,131.6082546981482,160.8545335199589,80.0,220.0,EMS,MWH,VALID
2025-06-29 00:00:00,266.56280960648905,119.95326432292008,146.609545283569,80.0,220.0,EMS,MWH,VALID
2025-06-29 01:00:00,276.4442930773491,124.39993188480707,152.044361192542,80.0,220.0,EMS,MWH,VALID
2025-06-29 02:00:00,270.6813400149347,121.8066030067206,148.87473700821408,80.0,220.0,EMS,MWH,VALID
2025-06-29 03:00:00,242.4914940465061,109.12117232092773,133.37032172557835,80.0,220.0,EMS,MWH,VALID
2025-06-29 04:00:00,280.0118435533377,126.00532959900195,154.00651395433576,80.0,220.0,EMS,MWH,VALID
2025-06-29 05:00:00,283.5342026752319,127.59039120385437,155.94381147137756,80.0,220.0,EMS,MWH,VALID
2025-06-29 06:00:00,299.869801848393,134.94141083177686,164.9283910166162,80.0,220.0,EMS,MWH,VALID
2025-06-29 07:00:00,324.3641012513326,145.96384556309968,178.40025568823296,80.0,220.0,EMS,MWH,VALID
2025-06-29 08:00:00,350.353255584308,157.6589650129386,192.6942905713694,80.0,220.0,EMS,MWH,VALID
2025-06-29 09:00:00,334.10248618827256,150.34611878472265,183.75636740354992,80.0,220.0,EMS,MWH,VALID
2025-06-29 10:00:00,341.7829262029575,153.8023167913309,187.98060941162663,60.0,220.0,EMS,MWH,VALID
2025-06-29 11:00:00,349.36671562018194,157.2150220290819,192.15169359110007,60.0,220.0,EMS,MWH,VALID
2025-06-29 12:00:00,279.32602755521674,125.69671239984754,153.62931515536923,60.0,220.0,EMS,MWH,VALID
2025-06-29 13:00:00,264.7748190305428,119.14866856374428,145.62615046679855,60.0,220.0,EMS,MWH,VALID
2025-06-29 14:00:00,311.29668839854713,140.0835097793462,171.21317861920093,60.0,220.0,EMS,MWH,VALID
2025-06-29 15:00:00,366.2953833483037,164.83292250673665,201.46246084156704,60.0,220.0,EMS,MWH,VALID
2025-06-29 16:00:00,355.24197205793774,159.858887426072,195.38308463186576,80.0,220.0,EMS,MWH,VALID
2025-06-29 17:00:00,384.97974103325066,173.2408834649628,211.73885756828787,80.0,220.0,EMS,MWH,VALID
2025-06-29 18:00:00,410.01131693164285,184.5050926192393,225.5062243124036,80.0,220.0,EMS,MWH,VALID
2025-06-29 19:00:00,392.31550502611503,176.54197726175178,215.77352776436328,80.0,220.0,EMS,MWH,VALID
2025-06-29 20:00:00,373.8666109240208,168.23997491580937,205.62663600821145,80.0,220.0,EMS,MWH,VALID
2025-06-29 21:00:00,343.23472120063246,154.45562454028462,188.77909666034788,80.0,220.0,EMS,MWH,VALID
2025-06-29 22:00:00,308.2338693025528,138.70524118614875,169.52862811640404,80.0,220.0,EMS,MWH,VALID
2025-06-29 23:00:00,274.94913311089977,123.7271098999049,151.22202321099488,80.0,220.0,EMS,MWH,VALID
2025-06-30 00:00:00,319.43629006928296,143.74633053117734,175.68995953810563,80.0,220.0,EMS,MWH,VALID
2025-06-30 01:00:00,335.56201136452046,151.0029051140342,184.55910625048628,80.0,220.0,EMS,MWH,VALID
2025-06-30 02:00:00,340.3021917410413,153.1359862834686,187.16620545757277,80.0,220.0,EMS,MWH,VALID
2025-06-30 03:00:00,317.64033069218806,142.93814881148464,174.70218188070345,80.0,220.0,EMS,MWH,VALID
2025-06-30 04:00:00,330.37324169253844,148.6679587616423,181.70528293089612,80.0,220.0,EMS,MWH,VALID
2025-06-30 05:00:00,357.8830879635034,161.04738958357652,196.83569837992687,80.0,220.0,EMS,MWH,VALID
2025-06-30 06:00:00,387.2035072442657,174.24157825991958,212.96192898434617,80.0,220.0,EMS,MWH,VALID
2025-06-30 07:00:00,419.467639396956,188.76043772863025,230.70720166832584,80.0,220.0,EMS,MWH,VALID
2025-06-30 08:00:00,448.2688778316064,201.72099502422287,246.54788280738356,80.0,220.0,EMS,MWH,VALID
2025-06-30 09:00:00,448.5630283980008,201.8533627791004,246.7096656189005,80.0,220.0,EMS,MWH,VALID
2025-06-30 10:00:00,434.1070091700104,195.3481541265047,238.75885504350572,60.0,220.0,EMS,MWH,VALID
2025-06-30 11:00:00,406.0465477103112,182.72094646964007,223.3256012406712,60.0,220.0,EMS,MWH,VALID
2025-06-30 12:00:00,408.9359445543784,184.0211750494703,224.91476950490812,60.0,220.0,EMS,MWH,VALID
2025-06-30 13:00:00,355.35777580345353,159.9109991115541,195.44677669189943,60.0,220.0,EMS,MWH,VALID
2025-06-30 14:00:00,398.9727433955314,179.53773452798916,219.4350088675423,60.0,220.0,EMS,MWH,VALID
2025-06-30 15:00:00,415.70867033705457,187.06890165167457,228.63976868538003,60.0,220.0,EMS,MWH,VALID
2025-06-30 16:00:00,414.1231966760996,186.35543850424483,227.7677581718548,80.0,220.0,EMS,MWH,VALID
2025-06-30 17:00:00,480.9023480299204,216.4060566134642,264.49629141645624,80.0,220.0,EMS,MWH,VALID
2025-06-30 18:00:00,468.36661709585405,210.76497769313437,257.60163940271974,80.0,220.0,EMS,MWH,VALID
2025-06-30 19:00:00,483.1647589047288,217.424141507128,265.7406173976009,80.0,220.0,EMS,MWH,VALID
2025-06-30 20:00:00,485.6317234302901,218.5342755436305,267.09744788665955,80.0,220.0,EMS,MWH,VALID
2025-06-30 21:00:00,401.3202777804141,180.5941250011864,220.7261527792278,80.0,220.0,EMS,MWH,VALID
2025-06-30 22:00:00,387.73820596080526,174.48219268236238,213.2560132784429,80.0,220.0,EMS,MWH,VALID
2025-06-30 23:00:00,369.7120592224852,166.37042665011836,203.34163257236688,80.0,220.0,EMS,MWH,VALID
2025-07-01 00:00:00,320.7576936268557,144.34096213208508,176.41673149477066,80.0,220.0,EMS,MWH,VALID
2025-07-01 01:00:00,310.9305800582255,139.91876102620148,171.01181903202402,80.0,220.0,EMS,MWH,VALID
2025-07-01 02:00:00,335.7797461221326,151.10088575495968,184.67886036717292,80.0,220.0,EMS,MWH,VALID
2025-07-01 03:00:00,293.5263681428454,132.08686566428042,161.43950247856498,80.0,220.0,EMS,MWH,VALID
2025-07-01 04:00:00,339.1568871438447,152.6205992147301,186.5362879291146,80.0,220.0,EMS,MWH,VALID
2025-07-01 05:00:00,351.92438356811454,158.36597260565154,193.558410962463,80.0,220.0,EMS,MWH,VALID
2025-07-01 06:00:00,362.08920681717615,162.94014306772928,199.1490637494469,80.0,220.0,EMS,MWH,VALID
2025-07-01 07:00:00,412.0013280666272,185.40059762998223,226.60073043664497,80.0,220.0,EMS,MWH,VALID
2025-07-01 08:00:00,439.1057300336884,197.59757851515977,241.50815151852865,80.0,220.0,EMS,MWH,VALID
2025-07-01 09:00:00,440.86715569076966,198.3902200608464,242.47693562992333,80.0,220.0,EMS,MWH,VALID
2025-07-01 10:00:00,446.1076243612592,200.74843096256663,245.3591933986926,60.0,220.0,EMS,MWH,VALID
2025-07-01 11:00:00,401.3904949602479,180.62572273211157,220.76477222813637,60.0,220.0,EMS,MWH,VALID
2025-07-01 12:00:00,392.1192292063227,176.4536531428452,215.66557606347752,60.0,220.0,EMS,MWH,VALID
2025-07-01 13:00:00,386.0099170117223,173.70446265527502,212.30545435644729,60.0,220.0,EMS,MWH,VALID
2025-07-01 14:00:00,386.72618784608505,174.02678453073827,212.6994033153468,60.0,220.0,EMS,MWH,VALID
2025-07-01 15:00:00,431.9081640524832,194.35867382361744,237.54949022886575,60.0,220.0,EMS,MWH,VALID
2025-07-01 16:00:00,443.5569544350463,199.60062949577085,243.95632493927548,80.0,220.0,EMS,MWH,VALID
2025-07-01 17:00:00,443.61806317533,199.6281284288985,243.98993474643152,80.0,220.0,EMS,MWH,VALID
2025-07-01 18:00:00,501.1622103472696,225.5229946562713,275.6392156909983,80.0,220.0,EMS,MWH,VALID
2025-07-01 19:00:00,501.4790711329156,225.66558200981203,275.8134891231036,80.0,220.0,EMS,MWH,VALID
2025-07-01 20:00:00,486.7782582908837,219.0502162308977,267.7280420599861,80.0,220.0,EMS,MWH,VALID
2025-07-01 21:00:00,401.2172391878328,180.54775763452477,220.66948155330803,80.0,220.0,EMS,MWH,VALID
2025-07-01 22:00:00,363.5638590180497,163.60373655812236,199.96012245992736,80.0,220.0,EMS,MWH,VALID
2025-07-01 23:00:00,348.67211709223534,156.9024526915059,191.76966440072945,80.0,220.0,EMS,MWH,VALID
2025-07-02 00:00:00,330.4769840262108,148.71464281179487,181.76234121441595,80.0,220.0,EMS,MWH,VALID
2025-07-02 01:00:00,319.00225991079776,143.551016959859,175.4512429509388,80.0,220.0,EMS,MWH,VALID
2025-07-02 02:00:00,304.2778994075116,136.92505473338022,167.3528446741314,80.0,220.0,EMS,MWH,VALID
2025-07-02 03:00:00,330.8591359396896,148.88661117286034,181.9725247668293,80.0,220.0,EMS,MWH,VALID
2025-07-02 04:00:00,328.89461696177244,148.0025776327976,180.89203932897485,80.0,220.0,EMS,MWH,VALID
2025-07-02 05:00:00,347.95628018514856,156.58032608331686,191.37595410183167,80.0,220.0,EMS,MWH,VALID
2025-07-02 06:00:00,371.0565671907493,166.9754552358372,204.08111195491213,80.0,220.0,EMS,MWH,VALID
2025-07-02 07:00:00,438.3920274361646,197.27641234627407,241.11561508989053,80.0,220.0,EMS,MWH,VALID
2025-07-02 08:00:00,434.5511945831116,195.5480375624002,239.00315702071137,80.0,220.0,EMS,MWH,VALID
2025-07-02 09:00:00,451.806789482345,203.3130552670553,248.4937342152898,80.0,220.0,EMS,MWH,VALID
2025-07-02 10:00:00,416.3995483972571,187.3797967787657,229.01975161849143,60.0,220.0,EMS,MWH,VALID
2025-07-02 11:00:00,380.03674896067486,171.0165370323037,209.0202119283712,60.0,220.0,EMS,MWH,VALID
2025-07-02 12:00:00,401.340662412732,180.6032980857294,220.73736432700255,60.0,220.0,EMS,MWH,VALID
2025-07-02 13:00:00,401.9890269168021,180.89506211256096,221.0939648042412,60.0,220.0,EMS,MWH,VALID
2025-07-02 14:00:00,375.59073877605647,169.01583244922543,206.57490632683107,60.0,220.0,EMS,MWH,VALID
2025-07-02 15:00:00,420.1655562650279,189.0745003192625,231.09105594576536,60.0,220.0,EMS,MWH,VALID
2025-07-02 16:00:00,422.2854156279474,190.02843703257636,232.2569785953711,80.0,220.0,EMS,MWH,VALID
2025-07-02 17:00:00,481.1061114105114,216.49775013473013,264.6083612757813,80.0,220.0,EMS,MWH,VALID
2025-07-02 18:00:00,500.8729560893056,225.3928302401875,275.48012584911805,80.0,220.0,EMS,MWH,VALID
2025-07-02 19:00:00,497.873349147984,224.0430071165928,273.8303420313912,80.0,220.0,EMS,MWH,VALID
2025-07-02 20:00:00,476.8701399312277,214.5915629690525,262.27857696217524,80.0,220.0,EMS,MWH,VALID
2025-07-02 21:00:00,459.8674063647304,206.9403328641287,252.92707350060172,80.0,220.0,EMS,MWH,VALID
2025-07-02 22:00:00,397.418561375171,178.83835261882697,218.5802087563441,80.0,220.0,EMS,MWH,VALID
2025-07-02 23:00:00,354.7780052223568,159.65010235006056,195.12790287229623,80.0,220.0,EMS,MWH,VALID
2025-07-03 00:00:00,332.8411248024139,149.77850616108626,183.06261864132767,80.0,220.0,EMS,MWH,VALID
2025-07-03 01:00:00,333.4185190258854,150.03833356164844,183.380185464237,80.0,220.0,EMS,MWH,VALID
2025-07-03 02:00:00,337.11006534153006,151.69952940368853,185.4105359378416,80.0,220.0,EMS,MWH,VALID
2025-07-03 03:00:00,346.7663226898589,156.0448452104365,190.72147747942245,80.0,220.0,EMS,MWH,VALID
2025-07-03 04:00:00,351.86489415485204,158.33920236968342,193.52569178516865,80.0,220.0,EMS,MWH,VALID
2025-07-03 05:00:00,380.4858771974035,171.2186447388316,209.26723245857195,80.0,220.0,EMS,MWH,VALID
2025-07-03 06:00:00,377.023578616579,169.66061037746056,207.3629682391185,80.0,220.0,EMS,MWH,VALID
2025-07-03 07:00:00,409.1569088169152,184.12060896761184,225.03629984930336,80.0,220.0,EMS,MWH,VALID
2025-07-03 08:00:00,466.4528441656934,209.90377987456205,256.5490642911314,80.0,220.0,EMS,MWH,VALID
2025-07-03 09:00:00,441.33680947911074,198.60156426559985,242.7352452135109,80.0,220.0,EMS,MWH,VALID
2025-07-03 10:00:00,415.9205463166409,187.1642458424884,228.7563004741525,60.0,220.0,EMS,MWH,VALID
2025-07-03 11:00:00,396.8700975473719,178.59154389631738,218.27855365105455,60.0,220.0,EMS,MWH,VALID
2025-07-03 12:00:00,402.5671432479393,181.1552144615727,221.41192878636664,60.0,220.0,EMS,MWH,VALID
2025-07-03 13:00:00,384.3039528275048,172.93677877237718,211.3671740551277,60.0,220.0,EMS,MWH,VALID
2025-07-03 14:00:00,383.5870167609377,172.614157542422,210.97285921851577,60.0,220.0,EMS,MWH,VALID
2025-07-03 15:00:00,407.6928659472703,183.46178967627165,224.2310762709987,60.0,220.0,EMS,MWH,VALID
2025-07-03 16:00:00,431.42811706088327,194.14265267739748,237.28546438348585,80.0,220.0,EMS,MWH,VALID
2025-07-03 17:00:00,468.2644041353332,210.71898186089996,257.54542227443324,80.0,220.0,EMS,MWH,VALID
2025-07-03 18:00:00,484.5032608470434,218.02646738116957,266.47679346587387,80.0,220.0,EMS,MWH,VALID
2025-07-03 19:00:00,497.4062901758464,223.83283057913087,273.5734595967155,80.0,220.0,EMS,MWH,VALID
2025-07-03 20:00:00,496.23467065670025,223.30560179551512,272.9290688611852,80.0,220.0,EMS,MWH,VALID
2025-07-03 21:00:00,436.26737485290994,196.3203186838095,239.94705616910048,80.0,220.0,EMS,MWH,VALID
2025-07-03 22:00:00,411.203334858629,185.04150068638307,226.161834172246,80.0,220.0,EMS,MWH,VALID
2025-07-03 23:00:00,352.619026020375,158.67856170916875,193.94046431120623,80.0,220.0,EMS,MWH,VALID
2025-07-04 00:00:00,316.9001154031876,142.60505193143442,174.2950634717532,80.0,220.0,EMS,MWH,VALID
2025-07-04 01:00:00,297.68552270359777,133.958485216619,163.7270374869788,80.0,220.0,EMS,MWH,VALID
2025-07-04 02:00:00,308.06386994673426,138.62874147603043,169.43512847070386,80.0,220.0,EMS,MWH,VALID
2025-07-04 03:00:00,310.7687537344418,139.84593918049882,170.922814553943,80.0,220.0,EMS,MWH,VALID
2025-07-04 04:00:00,335.5057206899294,150.9775743104682,184.5281463794612,80.0,220.0,EMS,MWH,VALID
2025-07-04 05:00:00,329.8358301916858,148.4261235862586,181.4097066054272,80.0,220.0,EMS,MWH,VALID
2025-07-04 06:00:00,383.7509889525364,172.68794502864137,211.063043923895,80.0,220.0,EMS,MWH,VALID
2025-07-04 07:00:00,419.2555847593795,188.6650131417208,230.59057161765872,80.0,220.0,EMS,MWH,VALID
2025-07-04 08:00:00,418.4688350412896,188.3109757685803,230.1578592727093,80.0,220.0,EMS,MWH,VALID
2025-07-04 09:00:00,432.5808589703373,194.6613865366518,237.91947243368557,80.0,220.0,EMS,MWH,VALID
2025-07-04 10:00:00,407.4840515342353,183.3678231904059,224.11622834382945,60.0,220.0,EMS,MWH,VALID
2025-07-04 11:00:00,406.1918816824341,182.78634675709532,223.4055349253388,60.0,220.0,EMS,MWH,VALID
2025-07-04 12:00:00,390.1352712617816,175.5608720678017,214.57439919397987,60.0,220.0,EMS,MWH,VALID
2025-07-04 13:00:00,410.3228549237213,184.6452847156746,225.67757020804677,60.0,220.0,EMS,MWH,VALID
2025-07-04 14:00:00,366.4046550444939,164.88209477002226,201.5225602744717,60.0,220.0,EMS,MWH,VALID
2025-07-04 15:00:00,422.3272322562044,190.047254515292,232.27997774091244,60.0,220.0,EMS,MWH,VALID
2025-07-04 16:00:00,406.2607125364759,182.8173206414141,223.44339189506172,80.0,220.0,EMS,MWH,VALID
2025-07-04 17:00:00,474.0542385072785,213.32440732827533,260.7298311790032,80.0,220.0,EMS,MWH,VALID
2025-07-04 18:00:00,477.2703392947796,214.7716526826508,262.4986866121288,80.0,220.0,EMS,MWH,VALID
2025-07-04 19:00:00,512.6815955194439,230.70671798374977,281.9748775356942,80.0,220.0,EMS,MWH,VALID
2025-07-04 20:00:00,495.8807212665672,223.14632456995523,272.73439669661195,80.0,220.0,EMS,MWH,VALID
2025-07-04 21:00:00,429.1161397619884,193.1022628928948,236.0138768690936,80.0,220.0,EMS,MWH,VALID
2025-07-04 22:00:00,392.590010887705,176.6655048994673,215.9245059882378,80.0,220.0,EMS,MWH,VALID
2025-07-04 23:00:00,339.5381292429115,152.7921581593102,186.74597108360132,80.0,220.0,EMS,MWH,VALID
2025-07-05 00:00:00,277.57289168049846,124.9078012562243,152.66509042427415,80.0,220.0,EMS,MWH,VALID
2025-07-05 01:00:00,249.4221052063293,112.23994734284815,137.1821578634811,80.0,220.0,EMS,MWH,VALID
2025-07-05 02:00:00,250.9686653155828,112.93589939201225,138.03276592357054,80.0,220.0,EMS,MWH,VALID
2025-07-05 03:00:00,265.6994797670974,119.56476589519384,146.1347138719036,80.0,220.0,EMS,MWH,VALID
2025-07-05 04:00:00,283.066331911766,127.37984936029468,155.68648255147127,80.0,220.0,EMS,MWH,VALID
2025-07-05 05:00:00,277.409372532804,124.8342176397618,152.5751548930422,80.0,220.0,EMS,MWH,VALID
2025-07-05 06:00:00,310.6006344500197,139.7702855025089,170.83034894751088,80.0,220.0,EMS,MWH,VALID
2025-07-05 07:00:00,336.4276975052256,151.3924638773515,185.03523362787408,80.0,220.0,EMS,MWH,VALID
2025-07-05 08:00:00,373.6289332481504,168.13301996166766,205.4959132864827,80.0,220.0,EMS,MWH,VALID
2025-07-05 09:00:00,369.5815469755429,166.31169613899428,203.26985083654856,80.0,220.0,EMS,MWH,VALID
2025-07-05 10:00:00,288.8554943384111,129.984972452285,158.87052188612614,60.0,220.0,EMS,MWH,VALID
2025-07-05 11:00:00,241.0601650826986,108.47707428721438,132.58309079548425,60.0,220.0,EMS,MWH,VALID
2025-07-05 12:00:00,299.9719108507647,134.98735988284412,164.9845509679206,60.0,220.0,EMS,MWH,VALID
2025-07-05 13:00:00,341.5242219146835,153.68589986160757,187.83832205307596,60.0,220.0,EMS,MWH,VALID
2025-07-05 14:00:00,346.77659154207817,156.0494661939352,190.727125348143,60.0,220.0,EMS,MWH,VALID
2025-07-05 15:00:00,276.48614689859653,124.41876610436844,152.06738079422811,60.0,220.0,EMS,MWH,VALID
2025-07-05 16:00:00,346.34008950428085,155.85304027692638,190.48704922735448,80.0,220.0,EMS,MWH,VALID
2025-07-05 17:00:00,379.6956537776029,170.8630441999213,208.8326095776816,80.0,220.0,EMS,MWH,VALID
2025-07-05 18:00:00,406.5841705256018,182.9628767365208,223.621293789081,80.0,220.0,EMS,MWH,VALID
2025-07-05 19:00:00,432.3421016457133,194.55394574057095,237.78815590514236,80.0,220.0,EMS,MWH,VALID
2025-07-05 20:00:00,412.22333921091246,185.5005026449106,226.72283656600183,80.0,220.0,EMS,MWH,VALID
2025-07-05 21:00:00,339.22202370008404,152.64991066503782,186.57211303504624,80.0,220.0,EMS,MWH,VALID
2025-07-05 22:00:00,304.08682878783407,136.83907295452534,167.24775583330876,80.0,220.0,EMS,MWH,VALID
2025-07-05 23:00:00,288.4998861489305,129.82494876701872,158.67493738191175,80.0,220.0,EMS,MWH,VALID
2025-07-06 00:00:00,289.2101046862563,130.14454710881532,159.06555757744096,80.0,220.0,EMS,MWH,VALID
2025-07-06 01:00:00,268.08982225001006,120.64042001250452,147.44940223750555,80.0,220.0,EMS,MWH,VALID
2025-07-06 02:00:00,265.6209777191904,119.52943997363566,146.09153774555472,80.0,220.0,EMS,MWH,VALID
2025-07-06 03:00:00,259.3533532941176,116.70900898235293,142.64434431176468,80.0,220.0,EMS,MWH,VALID
2025-07-06 04:00:00,257.2809780102234,115.77644010460054,141.5045379056229,80.0,220.0,EMS,MWH,VALID
2025-07-06 05:00:00,275.33228717463527,123.89952922858588,151.4327579460494,80.0,220.0,EMS,MWH,VALID
2025-07-06 06:00:00,301.8809917602124,135.84644629209558,166.03454546811682,80.0,220.0,EMS,MWH,VALID
2025-07-06 07:00:00,356.7292521393928,160.52816346272675,196.20108867666605,80.0,220.0,EMS,MWH,VALID
2025-07-06 08:00:00,375.18238376277645,168.83207269324942,206.35031106952707,80.0,220.0,EMS,MWH,VALID
2025-07-06 09:00:00,370.340465310475,166.65320938971377,203.6872559207613,80.0,220.0,EMS,MWH,VALID
2025-07-06 10:00:00,335.49578113477384,150.97310151064823,184.52267962412563,60.0,220.0,EMS,MWH,VALID
2025-07-06 11:00:00,329.36476901352574,148.21414605608658,181.1506229574392,60.0,220.0,EMS,MWH,VALID
2025-07-06 12:00:00,364.5249047032736,164.03620711647312,200.4886975868005,60.0,220.0,EMS,MWH,VALID
2025-07-06 13:00:00,289.33784627896205,130.20203082553292,159.13581545342913,60.0,220.0,EMS,MWH,VALID
2025-07-06 14:00:00,318.7775407169982,143.4498933226492,175.327647394349,60.0,220.0,EMS,MWH,VALID
2025-07-06 15:00:00,291.28224318435696,131.07700943296064,160.20523375139635,60.0,220.0,EMS,MWH,VALID
2025-07-06 16:00:00,360.2480892691747,162.11164017112864,198.1364490980461,80.0,220.0,EMS,MWH,VALID
2025-07-06 17:00:00,383.2537468033215,172.46418606149467,210.7895607418268,80.0,220.0,EMS,MWH,VALID
2025-07-06 18:00:00,395.3025973962064,177.88616882829288,217.4164285679136,80.0,220.0,EMS,MWH,VALID
2025-07-06 19:00:00,423.1640140812767,190.42380633657453,232.74020774470225,80.0,220.0,EMS,MWH,VALID
2025-07-06 20:00:00,380.70372699305705,171.31667714687566,209.38704984618136,80.0,220.0,EMS,MWH,VALID
2025-07-06 21:00:00,380.3269646163536,171.14713407735914,209.1798305389945,80.0,220.0,EMS,MWH,VALID
2025-07-06 22:00:00,310.9594681484089,139.93176066678402,171.02770748162493,80.0,220.0,EMS,MWH,VALID
2025-07-06 23:00:00,297.6527410233139,133.94373346049127,163.70900756282268,80.0,220.0,EMS,MWH,VALID
2025-07-07 00:00:00,337.8809020314868,152.04640591416907,185.83449611731777,80.0,220.0,EMS,MWH,VALID
2025-07-07 01:00:00,309.5607288734969,139.3023279930736,170.2584008804233,80.0,220.0,EMS,MWH,VALID
2025-07-07 02:00:00,326.1988438429072,146.78947972930823,179.40936411359897,80.0,220.0,EMS,MWH,VALID
2025-07-07 03:00:00,352.82078124336454,158.76935155951404,194.0514296838505,80.0,220.0,EMS,MWH,VALID
2025-07-07 04:00:00,353.11382030797705,158.90121913858968,194.2126011693874,80.0,220.0,EMS,MWH,VALID
2025-07-07 05:00:00,321.0689664461553,144.48103490076988,176.58793154538543,80.0,220.0,EMS,MWH,VALID
2025-07-07 06:00:00,388.36417654503134,174.7638794452641,213.6002970997673,80.0,220.0,EMS,MWH,VALID
2025-07-07 07:00:00,435.83604909402,196.12622209230904,239.70982700171103,80.0,220.0,EMS,MWH,VALID
2025-07-07 08:00:00,451.1856790456577,203.033555570546,248.15212347511172,80.0,220.0,EMS,MWH,VALID
2025-07-07 09:00:00,442.2603702337107,199.01716660516985,243.24320362854093,80.0,220.0,EMS,MWH,VALID
2025-07-07 10:00:00,439.6736920906504,197.85316144079263,241.8205306498577,60.0,220.0,EMS,MWH,VALID
2025-07-07 11:00:00,404.368792608305,181.96595667373725,222.40283593456775,60.0,220.0,EMS,MWH,VALID
2025-07-07 12:00:00,434.6672838491239,195.60027773210572,239.0670061170181,60.0,220.0,EMS,MWH,VALID
2025-07-07 13:00:00,380.5655781235325,171.25451015558966,209.3110679679429,60.0,220.0,EMS,MWH,VALID
2025-07-07 14:00:00,399.3608141890943,179.71236638509245,219.64844780400188,60.0,220.0,EMS,MWH,VALID
2025-07-07 15:00:00,396.1328849876156,178.259798244427,217.8730867431886,60.0,220.0,EMS,MWH,VALID
2025-07-07 16:00:00,445.1335256857031,200.3100865585664,244.8234391271367,80.0,220.0,EMS,MWH,VALID
2025-07-07 17:00:00,463.22139866369554,208.449629398663,254.77176926503256,80.0,220.0,EMS,MWH,VALID
2025-07-07 18:00:00,470.2368801628576,211.6065960732859,258.63028408957166,80.0,220.0,EMS,MWH,VALID
2025-07-07 19:00:00,479.9297843050751,215.9684029372838,263.9613813677913,80.0,220.0,EMS,MWH,VALID
2025-07-07 20:00:00,458.3360350433835,206.2512157695226,252.08481927386092,80.0,220.0,EMS,MWH,VALID
2025-07-07 21:00:00,408.0384688182364,183.6173109682064,224.42115785003008,80.0,220.0,EMS,MWH,VALID
2025-07-07 22:00:00,395.4989953519229,177.9745479083653,217.5244474435576,80.0,220.0,EMS,MWH,VALID
2025-07-07 23:00:00,342.01726905213604,153.90777107346122,188.10949797867485,80.0,220.0,EMS,MWH,VALID
2025-07-08 00:00:00,321.3171752594304,144.5927288667437,176.72444639268676,80.0,220.0,EMS,MWH,VALID
2025-07-08 01:00:00,327.60038525742334,147.4201733658405,180.18021189158284,80.0,220.0,EMS,MWH,VALID
2025-07-08 02:00:00,297.7029994633309,133.96634975849892,163.73664970483202,80.0,220.0,EMS,MWH,VALID
2025-07-08 03:00:00,315.7421177784505,142.08395300030273,173.65816477814778,80.0,220.0,EMS,MWH,VALID
2025-07-08 04:00:00,362.31701337765054,163.04265601994274,199.2743573577078,80.0,220.0,EMS,MWH,VALID
2025-07-08 05:00:00,367.5484505150485,165.3968027317718,202.15164778327667,80.0,220.0,EMS,MWH,VALID
2025-07-08 06:00:00,389.5350959449293,175.2907931752182,214.24430276971117,80.0,220.0,EMS,MWH,VALID
2025-07-08 07:00:00,421.8428431989486,189.82927943952689,232.01356375942171,80.0,220.0,EMS,MWH,VALID
2025-07-08 08:00:00,435.24754986164055,195.86139743773825,239.38615242390236,80.0,220.0,EMS,MWH,VALID
2025-07-08 09:00:00,419.9132346282063,188.96095558269283,230.95227904551348,80.0,220.0,EMS,MWH,VALID
2025-07-08 10:00:00,442.4566384498412,199.10548730242851,243.35115114741268,60.0,220.0,EMS,MWH,VALID
2025-07-08 11:00:00,377.2231154258469,169.7504019416311,207.47271348421583,60.0,220.0,EMS,MWH,VALID
2025-07-08 12:00:00,372.710977704828,167.7199399671726,204.9910377376554,60.0,220.0,EMS,MWH,VALID
2025-07-08 13:00:00,393.34557092825,177.0055069177125,216.3400640105375,60.0,220.0,EMS,MWH,VALID
2025-07-08 14:00:00,395.2096601240779,177.84434705583507,217.36531306824287,60.0,220.0,EMS,MWH,VALID
2025-07-08 15:00:00,425.1305408220565,191.30874336992545,233.8217974521311,60.0,220.0,EMS,MWH,VALID
2025-07-08 16:00:00,396.9448430895917,178.62517939031628,218.31966369927545,80.0,220.0,EMS,MWH,VALID
2025-07-08 17:00:00,467.29434089994953,210.2824534049773,257.01188749497226,80.0,220.0,EMS,MWH,VALID
2025-07-08 18:00:00,497.4026240835781,223.83118083761013,273.57144324596794,80.0,220.0,EMS,MWH,VALID
2025-07-08 19:00:00,503.77909315988745,226.70059192194933,277.0785012379381,80.0,220.0,EMS,MWH,VALID
2025-07-08 20:00:00,461.1558007843976,207.5201103529789,253.63569043141868,80.0,220.0,EMS,MWH,VALID
2025-07-08 21:00:00,427.1367949179791,192.2115577130906,234.92523720488853,80.0,220.0,EMS,MWH,VALID
2025-07-08 22:00:00,380.2538865420193,171.11424894390868,209.1396375981106,80.0,220.0,EMS,MWH,VALID
2025-07-08 23:00:00,382.4475522741042,172.10139852334692,210.3461537507573,80.0,220.0,EMS,MWH,VALID
2025-07-09 00:00:00,327.06435346998205,147.17895906149192,179.88539440849016,80.0,220.0,EMS,MWH,VALID
2025-07-09 01:00:00,301.7418076516783,135.78381344325524,165.9579942084231,80.0,220.0,EMS,MWH,VALID
2025-07-09 02:00:00,342.0989174528794,153.94451285379574,188.15440459908368,80.0,220.0,EMS,MWH,VALID
2025-07-09 03:00:00,332.47231192013413,149.61254036406035,182.85977155607375,80.0,220.0,EMS,MWH,VALID
2025-07-09 04:00:00,328.6831225724234,147.90740515759052,180.77571741483288,80.0,220.0,EMS,MWH,VALID
2025-07-09 05:00:00,348.35391781373227,156.75926301617952,191.59465479755275,80.0,220.0,EMS,MWH,VALID
2025-07-09 06:00:00,373.12225635516046,167.90501535982222,205.21724099533827,80.0,220.0,EMS,MWH,VALID
2025-07-09 07:00:00,416.8748459287096,187.59368066791933,229.2811652607903,80.0,220.0,EMS,MWH,VALID
2025-07-09 08:00:00,442.6087737893976,199.17394820522887,243.43482558416872,80.0,220.0,EMS,MWH,VALID
2025-07-09 09:00:00,434.7361654968826,195.6312744735972,239.10489102328543,80.0,220.0,EMS,MWH,VALID
2025-07-09 10:00:00,414.5372251531917,186.5417513189363,227.99547383425548,60.0,220.0,EMS,MWH,VALID
2025-07-09 11:00:00,405.1319189790756,182.309363540584,222.8225554384916,60.0,220.0,EMS,MWH,VALID
2025-07-09 12:00:00,402.76019340557673,181.24208703250957,221.5181063730672,60.0,220.0,EMS,MWH,VALID
2025-07-09 13:00:00,396.61834690216455,178.47825610597403,218.1400907961905,60.0,220.0,EMS,MWH,VALID
2025-07-09 14:00:00,402.9528378884407,181.3287770497983,221.6240608386424,60.0,220.0,EMS,MWH,VALID
2025-07-09 15:00:00,390.5160849560907,175.73223823024082,214.7838467258499,60.0,220.0,EMS,MWH,VALID
2025-07-09 16:00:00,434.2200120664783,195.39900542991523,238.82100663656303,80.0,220.0,EMS,MWH,VALID
2025-07-09 17:00:00,443.5096818624886,199.57935683811988,243.9303250243688,80.0,220.0,EMS,MWH,VALID
2025-07-09 18:00:00,506.18441113095776,227.782985008931,278.4014261220268,80.0,220.0,EMS,MWH,VALID
2025-07-09 19:00:00,481.6922851021381,216.7615282959621,264.930756806176,80.0,220.0,EMS,MWH,VALID
2025-07-09 20:00:00,496.38302997482185,223.37236348866983,273.01066648615205,80.0,220.0,EMS,MWH,VALID
2025-07-09 21:00:00,448.3995653462073,201.77980440579327,246.61976094041404,80.0,220.0,EMS,MWH,VALID
2025-07-09 22:00:00,388.5989814822543,174.86954166701446,213.72943981523989,80.0,220.0,EMS,MWH,VALID
2025-07-09 23:00:00,338.63026231874335,152.38361804343452,186.24664427530885,80.0,220.0,EMS,MWH,VALID
2025-07-10 00:00:00,316.6884402051347,142.50979809231063,174.17864211282412,80.0,220.0,EMS,MWH,VALID
2025-07-10 01:00:00,331.13106248773295,149.00897811947982,182.12208436825316,80.0,220.0,EMS,MWH,VALID
2025-07-10 02:00:00,328.1996465496618,147.68984094734782,180.509805602314,80.0,220.0,EMS,MWH,VALID
2025-07-10 03:00:00,312.8698890473851,140.79145007132328,172.0784389760618,80.0,220.0,EMS,MWH,VALID
2025-07-10 04:00:00,324.24976636776256,145.91239486549316,178.33737150226943,80.0,220.0,EMS,MWH,VALID
2025-07-10 05:00:00,384.51242906279776,173.030593078259,211.4818359845388,80.0,220.0,EMS,MWH,VALID
2025-07-10 06:00:00,362.09439525235285,162.9424778635588,199.1519173887941,80.0,220.0,EMS,MWH,VALID
2025-07-10 07:00:00,382.5911409803336,172.1660134411501,210.42512753918348,80.0,220.0,EMS,MWH,VALID
2025-07-10 08:00:00,405.8713359772351,182.64210118975575,223.2292347874793,80.0,220.0,EMS,MWH,VALID
2025-07-10 09:00:00,432.69134592756353,194.7111056674036,237.98024026016,80.0,220.0,EMS,MWH,VALID
2025-07-10 10:00:00,406.859761712897,183.08689277080367,223.77286894209337,60.0,220.0,EMS,MWH,VALID
2025-07-10 11:00:00,398.58742359338754,179.3643406170244,219.2230829763632,60.0,220.0,EMS,MWH,VALID
2025-07-10 12:00:00,405.8690577301937,182.6410759785872,223.2279817516065,60.0,220.0,EMS,MWH,VALID
2025-07-10 13:00:00,417.479523536038,187.8657855912171,229.6137379448209,60.0,220.0,EMS,MWH,VALID
2025-07-10 14:00:00,395.2582340405719,177.86620531825736,217.39202872231456,60.0,220.0,EMS,MWH,VALID
2025-07-10 15:00:00,404.2031881374391,181.8914346618476,222.31175347559156,60.0,220.0,EMS,MWH,VALID
2025-07-10 16:00:00,449.669767918195,202.35139556318776,247.31837235500728,80.0,220.0,EMS,MWH,VALID
2025-07-10 17:00:00,468.4418836049944,210.79884762224748,257.64303598274694,80.0,220.0,EMS,MWH,VALID
2025-07-10 18:00:00,500.4958956146447,225.2231530265901,275.2727425880546,80.0,220.0,EMS,MWH,VALID
2025-07-10 19:00:00,522.6743455911783,235.20345551603023,287.4708900751481,80.0,220.0,EMS,MWH,VALID
2025-07-10 20:00:00,477.3661790923484,214.8147805915568,262.55139850079166,80.0,220.0,EMS,MWH,VALID
2025-07-10 21:00:00,411.88747070371966,185.34936181667385,226.53810888704584,80.0,220.0,EMS,MWH,VALID
2025-07-10 22:00:00,383.5679533050157,172.60557898725708,210.96237431775864,80.0,220.0,EMS,MWH,VALID
2025-07-10 23:00:00,335.6184164904087,151.02828742068394,184.5901290697248,80.0,220.0,EMS,MWH,VALID
2025-07-11 00:00:00,312.0645403080468,140.42904313862107,171.63549716942575,80.0,220.0,EMS,MWH,VALID
2025-07-11 01:00:00,308.3267582193195,138.74704119869378,169.57971702062574,80.0,220.0,EMS,MWH,VALID
2025-07-11 02:00:00,318.3974892520297,143.27887016341336,175.11861908861633,80.0,220.0,EMS,MWH,VALID
2025-07-11 03:00:00,324.0670493492801,145.83017220717605,178.23687714210408,80.0,220.0,EMS,MWH,VALID
2025-07-11 04:00:00,309.68945692885944,139.36025561798675,170.32920131087272,80.0,220.0,EMS,MWH,VALID
2025-07-11 05:00:00,368.2968474379908,165.73358134709585,202.56326609089496,80.0,220.0,EMS,MWH,VALID
2025-07-11 06:00:00,391.841476725983,176.32866452669236,215.51281219929064,80.0,220.0,EMS,MWH,VALID
2025-07-11 07:00:00,398.4714387607832,179.31214744235243,219.15929131843075,80.0,220.0,EMS,MWH,VALID
2025-07-11 08:00:00,438.3040262760687,197.2368118242309,241.0672144518378,80.0,220.0,EMS,MWH,VALID
2025-07-11 09:00:00,466.2485527649612,209.8118487442325,256.43670402072865,80.0,220.0,EMS,MWH,VALID
2025-07-11 10:00:00,418.8484401182987,188.48179805323443,230.3666420650643,60.0,220.0,EMS,MWH,VALID
2025-07-11 11:00:00,400.9672653327788,180.43526939975044,220.53199593302836,54.0,220.0,EMS,MWH,VALID
2025-07-11 12:00:00,372.6166538265824,167.6774942219621,204.9391596046204,54.0,220.0,EMS,MWH,VALID
2025-07-11 13:00:00,379.5936794581526,170.8171557561687,208.776523701984,54.0,220.0,EMS,MWH,VALID
2025-07-11 14:00:00,394.3453647073172,177.45541411829277,216.8899505890245,54.0,220.0,EMS,MWH,VALID
2025-07-11 15:00:00,410.34244022472586,184.65409810112664,225.68834212359928,54.0,220.0,EMS,MWH,VALID
2025-07-11 16:00:00,416.4842558038642,187.4179151117389,229.06634069212527,72.0,220.0,EMS,MWH,VALID
2025-07-11 17:00:00,460.9850458113837,207.44327061512269,253.54177519626103,72.0,220.0,EMS,MWH,VALID
2025-07-11 18:00:00,514.9156801905386,231.7120560857424,283.2036241047963,72.0,220.0,EMS,MWH,VALID
2025-07-11 19:00:00,505.03136726237614,227.26411526806928,277.7672519943069,72.0,220.0,EMS,MWH,VALID
2025-07-11 20:00:00,495.19230221130925,222.8365359950892,272.3557662162201,72.0,220.0,EMS,MWH,VALID
2025-07-11 21:00:00,430.1376011954799,193.561920537966,236.57568065751397,80.0,220.0,EMS,MWH,VALID
2025-07-11 22:00:00,397.924512773194,179.06603074793728,218.8584820252567,80.0,220.0,EMS,MWH,VALID
2025-07-11 23:00:00,354.8204820451737,159.66921692032818,195.1512651248456,80.0,220.0,EMS,MWH,VALID
2025-07-12 00:00:00,248.8298465158876,111.97343093214944,136.8564155837382,80.0,220.0,EMS,MWH,VALID
2025-07-12 01:00:00,245.80165903844895,110.61074656730204,135.19091247114696,80.0,220.0,EMS,MWH,VALID
2025-07-12 02:00:00,279.17722578199823,125.6297516018992,153.54747418009904,80.0,220.0,EMS,MWH,VALID
2025-07-12 03:00:00,271.7587246704492,122.29142610170216,149.46729856874708,80.0,220.0,EMS,MWH,VALID
2025-07-12 04:00:00,256.2164987760511,115.297424449223,140.9190743268281,80.0,220.0,EMS,MWH,VALID
2025-07-12 05:00:00,285.0881943888445,128.28968747498004,156.7985069138645,80.0,220.0,EMS,MWH,VALID
2025-07-12 06:00:00,319.403968934038,143.73178602031712,175.67218291372092,80.0,220.0,EMS,MWH,VALID
2025-07-12 07:00:00,310.9733992948129,139.9380296826658,171.03536961214712,80.0,220.0,EMS,MWH,VALID
2025-07-12 08:00:00,358.85007946392926,161.48253575876817,197.3675437051611,80.0,220.0,EMS,MWH,VALID
2025-07-12 09:00:00,364.0095503627341,163.80429766323036,200.20525269950377,80.0,220.0,EMS,MWH,VALID
2025-07-12 10:00:00,341.94231506604774,153.8740417797215,188.06827328632627,60.0,220.0,EMS,MWH,VALID
2025-07-12 11:00:00,338.77006525616736,152.44652936527532,186.3235358908921,60.0,220.0,EMS,MWH,VALID
2025-07-12 12:00:00,307.3775445793691,138.3198950607161,169.05764951865302,60.0,220.0,EMS,MWH,VALID
2025-07-12 13:00:00,346.1479130762036,155.7665608842916,190.381352191912,60.0,220.0,EMS,MWH,VALID
2025-07-12 14:00:00,279.9958331636967,125.99812492366353,153.9977082400332,60.0,220.0,EMS,MWH,VALID
2025-07-12 15:00:00,252.941837578927,113.82382691051716,139.11801066840985,60.0,220.0,EMS,MWH,VALID
2025-07-12 16:00:00,358.63000347043163,161.38350156169423,197.2465019087374,80.0,220.0,EMS,MWH,VALID
2025-07-12 17:00:00,378.788676119812,170.4549042539154,208.3337718658966,80.0,220.0,EMS,MWH,VALID
2025-07-12 18:00:00,379.3003750889473,170.6851687900263,208.61520629892104,80.0,220.0,EMS,MWH,VALID
2025-07-12 19:00:00,428.3577343015317,192.76098043568928,235.5967538658425,80.0,220.0,EMS,MWH,VALID
2025-07-12 20:00:00,376.6613502467281,169.49760761102763,207.1637426357005,80.0,220.0,EMS,MWH,VALID
2025-07-12 21:00:00,362.49296873626633,163.12183593131985,199.3711328049465,80.0,220.0,EMS,MWH,VALID
2025-07-12 22:00:00,275.8358090334336,124.12611406504512,151.70969496838848,80.0,220.0,EMS,MWH,VALID
2025-07-12 23:00:00,262.77947001918096,118.25076150863144,144.52870851054954,80.0,220.0,EMS,MWH,VALID
2025-07-13 00:00:00,272.8754984739662,122.7939743132848,150.08152416068145,80.0,220.0,EMS,MWH,VALID
2025-07-13 01:00:00,287.20340474951,129.2415321372795,157.9618726122305,80.0,220.0,EMS,MWH,VALID
2025-07-13 02:00:00,262.95059110146605,118.32776599565972,144.62282510580633,80.0,220.0,EMS,MWH,VALID
2025-07-13 03:00:00,264.5099403654949,119.02947316447272,145.4804672010222,80.0,220.0,EMS,MWH,VALID
2025-07-13 04:00:00,248.77637178878712,111.9493673049542,136.82700448383292,80.0,220.0,EMS,MWH,VALID
2025-07-13 05:00:00,275.4380861099406,123.94713874947328,151.49094736046737,80.0,220.0,EMS,MWH,VALID
2025-07-13 06:00:00,296.91827181059205,133.61322231476643,163.30504949582564,80.0,220.0,EMS,MWH,VALID
2025-07-13 07:00:00,327.8874832739633,147.5493674732835,180.33811580067984,80.0,220.0,EMS,MWH,VALID
2025-07-13 08:00:00,333.8260456557398,150.22172054508292,183.6043251106569,80.0,220.0,EMS,MWH,VALID
2025-07-13 09:00:00,364.4386137905669,163.99737620575513,200.44123758481183,80.0,220.0,EMS,MWH,VALID
2025-07-13 10:00:00,333.89989951294524,150.25495478082536,183.6449447321199,60.0,220.0,EMS,MWH,VALID
2025-07-13 11:00:00,347.88947276983214,156.5502627464245,191.3392100234077,60.0,220.0,EMS,MWH,VALID
2025-07-13 12:00:00,307.9172847348158,138.5627781306671,169.3545066041487,60.0,220.0,EMS,MWH,VALID
2025-07-13 13:00:00,316.3338034784118,142.35021156528532,173.9835919131265,60.0,220.0,EMS,MWH,VALID
2025-07-13 14:00:00,288.15926266618635,129.67166819978385,158.4875944664025,60.0,220.0,EMS,MWH,VALID
2025-07-13 15:00:00,321.5928807094562,144.7167963192553,176.87608439020093,60.0,220.0,EMS,MWH,VALID
2025-07-13 16:00:00,325.7792894408703,146.60068024839163,179.17860919247866,80.0,220.0,EMS,MWH,VALID
2025-07-13 17:00:00,379.56686976010366,170.80509139204665,208.76177836805704,80.0,220.0,EMS,MWH,VALID
2025-07-13 18:00:00,414.3450911196683,186.4552910038508,227.8898001158176,80.0,220.0,EMS,MWH,VALID
2025-07-13 19:00:00,415.8005028536184,187.1102262841283,228.69027656949012,80.0,220.0,EMS,MWH,VALID
2025-07-13 20:00:00,407.096888157535,183.19359967089076,223.90328848664424,80.0,220.0,EMS,MWH,VALID
2025-07-13 21:00:00,342.78564684196533,154.2535410788844,188.53210576308092,80.0,220.0,EMS,MWH,VALID
2025-07-13 22:00:00,344.31574802635794,154.94208661186107,189.3736614144969,80.0,220.0,EMS,MWH,VALID
2025-07-13 23:00:00,281.7010136392843,126.76545613767794,154.93555750160638,80.0,220.0,EMS,MWH,VALID
2025-07-14 00:00:00,314.1205342846717,141.3542404281023,172.76629385656946,80.0,220.0,EMS,MWH,VALID
2025-07-14 01:00:00,324.6078011801443,146.07351053106493,178.53429064907937,80.0,220.0,EMS,MWH,VALID
2025-07-14 02:00:00,344.61983242934366,155.07892459320465,189.54090783613904,80.0,220.0,EMS,MWH,VALID
2025-07-14 03:00:00,315.7240088327757,142.07580397474908,173.64820485802667,80.0,220.0,EMS,MWH,VALID
2025-07-14 04:00:00,346.8274291447019,156.07234311511587,190.75508602958607,80.0,220.0,EMS,MWH,VALID
2025-07-14 05:00:00,349.869128692923,157.44110791181538,192.42802078110768,80.0,220.0,EMS,MWH,VALID
2025-07-14 06:00:00,354.1377822439111,159.36200200976,194.7757802341511,80.0,220.0,EMS,MWH,VALID
2025-07-14 07:00:00,415.8114122733595,187.1151355230118,228.69627675034772,80.0,220.0,EMS,MWH,VALID
2025-07-14 08:00:00,430.5971898187445,193.76873541843503,236.8284544003095,80.0,220.0,EMS,MWH,VALID
2025-07-14 09:00:00,453.1742240609955,203.928400827448,249.24582323354755,80.0,220.0,EMS,MWH,VALID
2025-07-14 10:00:00,400.9271134824252,180.41720106709133,220.50991241533387,60.0,220.0,EMS,MWH,VALID
2025-07-14 11:00:00,391.09177292701617,175.9912978171573,215.1004751098589,60.0,220.0,EMS,MWH,VALID
2025-07-14 12:00:00,374.8374023093114,168.67683103919015,206.1605712701213,60.0,220.0,EMS,MWH,VALID
2025-07-14 13:00:00,400.9098383131429,180.4094272409143,220.50041107222864,60.0,220.0,EMS,MWH,VALID
2025-07-14 14:00:00,390.7180485766095,175.82312185947427,214.89492671713523,60.0,220.0,EMS,MWH,VALID
2025-07-14 15:00:00,406.0118897218464,182.70535037483089,223.30653934701556,60.0,220.0,EMS,MWH,VALID
2025-07-14 16:00:00,430.2233001193931,193.6004850537269,236.62281506566623,80.0,220.0,EMS,MWH,VALID
2025-07-14 17:00:00,426.6706045576543,192.0017720509444,234.66883250670983,80.0,220.0,EMS,MWH,VALID
2025-07-14 18:00:00,457.72144821584016,205.97465169712808,251.7467965187121,80.0,220.0,EMS,MWH,VALID
2025-07-14 19:00:00,517.3000997021825,232.7850448659821,284.5150548362004,80.0,220.0,EMS,MWH,VALID
2025-07-14 20:00:00,467.93758389921777,210.571912754648,257.3656711445698,80.0,220.0,EMS,MWH,VALID
2025-07-14 21:00:00,439.36769481769466,197.7154626679626,241.65223214973207,80.0,220.0,EMS,MWH,VALID
2025-07-14 22:00:00,382.1063507197189,171.9478578238735,210.1584928958454,80.0,220.0,EMS,MWH,VALID
2025-07-14 23:00:00,371.7265034950256,167.2769265727615,204.44957692226407,80.0,220.0,EMS,MWH,VALID
2025-07-15 00:00:00,314.45840501695767,141.50628225763094,172.95212275932673,80.0,220.0,EMS,MWH,VALID
2025-07-15 01:00:00,328.04172481725783,147.618776167766,180.4229486494918,80.0,220.0,EMS,MWH,VALID
2025-07-15 02:00:00,317.68299070507805,142.95734581728513,174.72564488779295,80.0,220.0,EMS,MWH,VALID
2025-07-15 03:00:00,322.7344307544124,145.2304938394856,177.50393691492684,80.0,220.0,EMS,MWH,VALID
2025-07-15 04:00:00,322.7437797411432,145.23470088351442,177.50907885762877,80.0,220.0,EMS,MWH,VALID
2025-07-15 05:00:00,348.7364252910508,156.93139138097283,191.80503391007795,80.0,220.0,EMS,MWH,VALID
2025-07-15 06:00:00,371.6939642794135,167.26228392573606,204.43168035367745,80.0,220.0,EMS,MWH,VALID
2025-07-15 07:00:00,396.83177110746624,178.5742969983598,218.25747410910645,80.0,220.0,EMS,MWH,VALID
2025-07-15 08:00:00,425.732656710854,191.57969551988432,234.15296119096973,80.0,220.0,EMS,MWH,VALID
2025-07-15 09:00:00,426.1102415324207,191.7496086895893,234.3606328428314,80.0,220.0,EMS,MWH,VALID
2025-07-15 10:00:00,421.8346801685517,189.82560607584827,232.00907409270343,60.0,220.0,EMS,MWH,VALID
2025-07-15 11:00:00,381.13157661569056,171.50920947706075,209.6223671386298,60.0,220.0,EMS,MWH,VALID
2025-07-15 12:00:00,370.510167010868,166.72957515489065,203.78059185597743,60.0,220.0,EMS,MWH,VALID
2025-07-15 13:00:00,396.3833294420307,178.3724982489138,218.0108311931169,60.0,220.0,EMS,MWH,VALID
2025-07-15 14:00:00,389.3307344707986,175.19883051185937,214.13190395893923,60.0,220.0,EMS,MWH,VALID
2025-07-15 15:00:00,422.2113481585088,189.99510667132895,232.21624148717987,60.0,220.0,EMS,MWH,VALID
2025-07-15 16:00:00,402.4493451507076,181.10220531781843,221.3471398328892,80.0,220.0,EMS,MWH,VALID
2025-07-15 17:00:00,450.597948431802,202.76907679431088,247.8288716374911,80.0,220.0,EMS,MWH,VALID
2025-07-15 18:00:00,511.5505772686249,230.1977597708812,281.35281749774373,80.0,220.0,EMS,MWH,VALID
2025-07-15 19:00:00,476.4793754630544,214.41571895837447,262.0636565046799,80.0,220.0,EMS,MWH,VALID
2025-07-15 20:00:00,484.3084487288359,217.93880192797613,266.3696468008597,80.0,220.0,EMS,MWH,VALID
2025-07-15 21:00:00,430.72509592483135,193.8262931661741,236.89880275865727,80.0,220.0,EMS,MWH,VALID
2025-07-15 22:00:00,392.1363810148587,176.46137145668644,215.67500955817232,80.0,220.0,EMS,MWH,VALID
2025-07-15 23:00:00,357.4825262214368,160.86713679964654,196.61538942179024,80.0,220.0,EMS,MWH,VALID
2025-07-16 00:00:00,301.6264284684712,135.73189281081204,165.89453565765916,80.0,220.0,EMS,MWH,VALID
2025-07-16 01:00:00,336.6604157085456,151.49718706884553,185.1632286397001,80.0,220.0,EMS,MWH,VALID
2025-07-16 02:00:00,318.46506249353945,143.30927812209276,175.1557843714467,80.0,220.0,EMS,MWH,VALID
2025-07-16 03:00:00,323.04426347375795,145.36991856319108,177.6743449105669,80.0,220.0,EMS,MWH,VALID
2025-07-16 04:00:00,334.20815948922666,150.393671770152,183.8144877190747,80.0,220.0,EMS,MWH,VALID
2025-07-16 05:00:00,356.22634115362786,160.30185351913255,195.9244876344953,80.0,220.0,EMS,MWH,VALID
2025-07-16 06:00:00,360.4280870464772,162.19263917091476,198.2354478755625,80.0,220.0,EMS,MWH,VALID
2025-07-16 07:00:00,415.4989907476707,186.97454583645185,228.5244449112189,80.0,220.0,EMS,MWH,VALID
2025-07-16 08:00:00,436.4299518155186,196.3934783169834,240.0364734985353,80.0,220.0,EMS,MWH,VALID
2025-07-16 09:00:00,420.56731046186695,189.2552897078401,231.31202075402683,80.0,220.0,EMS,MWH,VALID
2025-07-16 10:00:00,420.2478331955706,189.1115249380068,231.13630825756383,60.0,220.0,EMS,MWH,VALID
2025-07-16 11:00:00,400.4897310449023,180.22037897020604,220.2693520746963,60.0,220.0,EMS,MWH,VALID
2025-07-16 12:00:00,371.56620745265417,167.20479335369438,204.3614140989598,60.0,220.0,EMS,MWH,VALID
2025-07-16 13:00:00,394.55298688419896,177.54884409788954,217.00414278630944,60.0,220.0,EMS,MWH,VALID
2025-07-16 14:00:00,381.69744408051446,171.76384983623151,209.93359424428297,60.0,220.0,EMS,MWH,VALID
2025-07-16 15:00:00,419.63143578846496,188.83414610480924,230.79728968365572,60.0,220.0,EMS,MWH,VALID
2025-07-16 16:00:00,422.9681112406324,190.33565005828456,232.63246118234784,80.0,220.0,EMS,MWH,VALID
2025-07-16 17:00:00,441.922725200748,198.86522634033665,243.0574988604114,80.0,220.0,EMS,MWH,VALID
2025-07-16 18:00:00,501.5841912824124,225.7128860770856,275.8713052053268,80.0,220.0,EMS,MWH,VALID
2025-07-16 19:00:00,484.5319967002574,218.03939851511583,266.4925981851416,80.0,220.0,EMS,MWH,VALID
2025-07-16 20:00:00,484.02267819949714,217.8102051897737,266.21247300972345,80.0,220.0,EMS,MWH,VALID
2025-07-16 21:00:00,419.17045400253846,188.62670430114235,230.54374970139617,80.0,220.0,EMS,MWH,VALID
2025-07-16 22:00:00,385.3699957144525,173.4164980715036,211.9534976429489,80.0,220.0,EMS,MWH,VALID
2025-07-16 23:00:00,319.6749218438852,143.85371482974833,175.82120701413686,80.0,220.0,EMS,MWH,VALID
2025-07-17 00:00:00,291.2591255957645,131.06660651809403,160.19251907767048,80.0,220.0,EMS,MWH,VALID
2025-07-17 01:00:00,331.90101626066763,149.35545731730045,182.5455589433672,80.0,220.0,EMS,MWH,VALID
2025-07-17 02:00:00,329.7079254323613,148.3685664445626,181.33935898779876,80.0,220.0,EMS,MWH,VALID
2025-07-17 03:00:00,327.6474101143026,147.44133455143617,180.2060755628665,80.0,220.0,EMS,MWH,VALID
2025-07-17 04:00:00,342.3064995509748,154.03792479793864,188.26857475303612,80.0,220.0,EMS,MWH,VALID
2025-07-17 05:00:00,339.61633755534456,152.82735189990507,186.78898565543952,80.0,220.0,EMS,MWH,VALID
2025-07-17 06:00:00,366.0181658294888,164.70817462326997,201.30999120621885,80.0,220.0,EMS,MWH,VALID
2025-07-17 07:00:00,400.557994213225,180.2510973959513,220.30689681727375,80.0,220.0,EMS,MWH,VALID
2025-07-17 08:00:00,424.8420899902388,191.1789404956075,233.66314949463137,80.0,220.0,EMS,MWH,VALID
2025-07-17 09:00:00,446.2108271695253,200.7948722262864,245.41595494323892,80.0,220.0,EMS,MWH,VALID
2025-07-17 10:00:00,408.6445707424505,183.89005683410275,224.7545139083478,60.0,220.0,EMS,MWH,VALID
2025-07-17 11:00:00,385.7624159151603,173.59308716182215,212.1693287533382,60.0,220.0,EMS,MWH,VALID
2025-07-17 12:00:00,396.8838183107872,178.59771823985426,218.28610007093295,60.0,220.0,EMS,MWH,VALID
2025-07-17 13:00:00,379.4140086729081,170.73630390280866,208.67770477009947,60.0,220.0,EMS,MWH,VALID
2025-07-17 14:00:00,390.6835103464873,175.80757965591928,214.87593069056803,60.0,220.0,EMS,MWH,VALID
2025-07-17 15:00:00,412.4661077446307,185.6097484850838,226.85635925954688,60.0,220.0,EMS,MWH,VALID
2025-07-17 16:00:00,420.06940878822365,189.03123395470064,231.03817483352304,80.0,220.0,EMS,MWH,VALID
2025-07-17 17:00:00,459.5763986351538,206.8093793858192,252.7670192493346,80.0,220.0,EMS,MWH,VALID
2025-07-17 18:00:00,500.5442032925194,225.24489148163372,275.2993118108857,80.0,220.0,EMS,MWH,VALID
2025-07-17 19:00:00,509.9452967886098,229.4753835548744,280.46991323373544,80.0,220.0,EMS,MWH,VALID
2025-07-17 20:00:00,466.1092492105923,209.74916214476653,256.3600870658258,80.0,220.0,EMS,MWH,VALID
2025-07-17 21:00:00,418.2154149894049,188.19693674523225,230.0184782441727,80.0,220.0,EMS,MWH,VALID
2025-07-17 22:00:00,366.9047918362008,165.10715632629038,201.7976355099105,80.0,220.0,EMS,MWH,VALID
2025-07-17 23:00:00,347.88962717143227,156.55033222714454,191.33929494428776,80.0,220.0,EMS,MWH,VALID
2025-07-18 00:00:00,312.33022091402114,140.5485994113095,171.78162150271163,80.0,220.0,EMS,MWH,VALID
2025-07-18 01:00:00,321.7401017389511,144.783045782528,176.95705595642315,80.0,220.0,EMS,MWH,VALID
2025-07-18 02:00:00,297.3472313289387,133.8062540980224,163.5409772309163,80.0,220.0,EMS,MWH,VALID
2025-07-18 03:00:00,308.49255908883373,138.82165158997518,169.67090749885855,80.0,220.0,EMS,MWH,VALID
2025-07-18 04:00:00,340.1579922298607,153.07109650343733,187.08689572642345,80.0,220.0,EMS,MWH,VALID
2025-07-18 05:00:00,342.4549529833006,154.10472884248526,188.35022414081533,80.0,220.0,EMS,MWH,VALID
2025-07-18 06:00:00,374.0795195036424,168.3357837766391,205.74373572700333,80.0,220.0,EMS,MWH,VALID
2025-07-18 07:00:00,392.1397040609983,176.46286682744923,215.6768372335491,80.0,220.0,EMS,MWH,VALID
2025-07-18 08:00:00,442.8599708589801,199.28698688654103,243.57298397243903,80.0,220.0,EMS,MWH,VALID
2025-07-18 09:00:00,440.8026780724629,198.36120513260832,242.44147293985463,80.0,220.0,EMS,MWH,VALID
2025-07-18 10:00:00,417.571377346948,187.90711980612664,229.6642575408214,60.0,220.0,EMS,MWH,VALID
2025-07-18 11:00:00,381.0758047975694,171.48411215890624,209.5916926386632,60.0,220.0,EMS,MWH,VALID
2025-07-18 12:00:00,401.6656177935171,180.7495280070827,220.9160897864344,60.0,220.0,EMS,MWH,VALID
2025-07-18 13:00:00,360.3286867008436,162.14790901537964,198.180777685464,60.0,220.0,EMS,MWH,VALID
2025-07-18 14:00:00,388.56342104768106,174.8535394714565,213.7098815762246,60.0,220.0,EMS,MWH,VALID
2025-07-18 15:00:00,394.5389408139809,177.54252336629142,216.9964174476895,60.0,220.0,EMS,MWH,VALID
2025-07-18 16:00:00,440.1134530875897,198.05105388941536,242.06239919817435,80.0,220.0,EMS,MWH,VALID
2025-07-18 17:00:00,470.0687256242148,211.53092653089664,258.53779909331814,80.0,220.0,EMS,MWH,VALID
2025-07-18 18:00:00,519.8946029152736,233.95257131187316,285.9420316034005,80.0,220.0,EMS,MWH,VALID
2025-07-18 19:00:00,482.216898665288,216.9976043993796,265.2192942659084,80.0,220.0,EMS,MWH,VALID
2025-07-18 20:00:00,487.39993384843376,219.3299702317952,268.0699636166386,80.0,220.0,EMS,MWH,VALID
2025-07-18 21:00:00,433.7597506385842,195.1918877873629,238.5678628512213,80.0,220.0,EMS,MWH,VALID
2025-07-18 22:00:00,372.42002301747607,167.58901035786425,204.83101265961184,80.0,220.0,EMS,MWH,VALID
2025-07-18 23:00:00,339.4104362871709,152.73469632922692,186.675739957944,80.0,220.0,EMS,MWH,VALID
2025-07-19 00:00:00,278.8777122947406,125.49497053263327,153.38274176210734,80.0,220.0,EMS,MWH,VALID
2025-07-19 01:00:00,257.05719660932334,115.67573847419553,141.38145813512784,80.0,158.4,EMS,MWH,VALID
2025-07-19 02:00:00,244.5023992952008,110.02607968284036,134.47631961236044,80.0,158.4,EMS,MWH,VALID
2025-07-19 03:00:00,277.19097434593857,124.73593845567235,152.45503589026623,80.0,158.4,EMS,MWH,VALID
2025-07-19 04:00:00,279.24493847730866,125.6602223147889,153.58471616251978,80.0,158.4,EMS,MWH,VALID
2025-07-19 05:00:00,286.81705463941216,129.06767458773547,157.7493800516767,80.0,158.4,EMS,MWH,VALID
2025-07-19 06:00:00,292.1800357860915,131.48101610374118,160.69901968235033,80.0,158.4,EMS,MWH,VALID
2025-07-19 07:00:00,306.259999032106,137.8169995644477,168.44299946765832,80.0,220.0,EMS,MWH,VALID
2025-07-19 08:00:00,384.7744265697951,173.14849195640778,211.6259346133873,80.0,220.0,EMS,MWH,VALID
2025-07-19 09:00:00,347.30062438057007,156.28528097125653,191.01534340931357,80.0,220.0,EMS,MWH,VALID
2025-07-19 10:00:00,318.1292989926412,143.15818454668857,174.97111444595268,60.0,220.0,EMS,MWH,VALID
2025-07-19 11:00:00,302.9659198185189,136.33466391833352,166.6312559001854,60.0,220.0,EMS,MWH,VALID
2025-07-19 12:00:00,287.2715261834445,129.27218678255002,157.99933940089448,60.0,220.0,EMS,MWH,VALID
2025-07-19 13:00:00,275.54143172925865,123.9936442781664,151.54778745109226,60.0,220.0,EMS,MWH,VALID
2025-07-19 14:00:00,346.6624785752903,155.99811535888065,190.6643632164097,60.0,220.0,EMS,MWH,VALID
2025-07-19 15:00:00,325.8264963006752,146.62192333530382,179.20457296537134,60.0,220.0,EMS,MWH,VALID
2025-07-19 16:00:00,345.8140657710297,155.61632959696337,190.19773617406636,80.0,220.0,EMS,MWH,VALID
2025-07-19 17:00:00,384.85631116453146,173.18534002403916,211.67097114049236,80.0,220.0,EMS,MWH,VALID
2025-07-19 18:00:00,385.1263206556552,173.30684429504484,211.8194763606104,80.0,220.0,EMS,MWH,VALID
2025-07-19 19:00:00,431.351611986855,194.1082253940848,237.24338659277024,80.0,220.0,EMS,MWH,VALID
2025-07-19 20:00:00,373.5221318684102,168.0849593407846,205.4371725276256,80.0,220.0,EMS,MWH,VALID
2025-07-19 21:00:00,355.0257424521878,159.7615841034845,195.2641583487033,80.0,220.0,EMS,MWH,VALID
2025-07-19 22:00:00,313.324896557066,140.9962034506797,172.3286931063863,80.0,220.0,EMS,MWH,VALID
2025-07-19 23:00:00,302.6881446313988,136.20966508412943,166.47847954726933,80.0,220.0,EMS,MWH,VALID
2025-07-20 00:00:00,235.7714780751345,106.09716513381052,129.674312941324,80.0,220.0,EMS,MWH,VALID
2025-07-20 01:00:00,243.10635985713483,109.39786193571068,133.70849792142417,80.0,220.0,EMS,MWH,VALID
2025-07-20 02:00:00,262.7787138958375,118.25042125312687,144.52829264271062,80.0,220.0,EMS,MWH,VALID
2025-07-20 03:00:00,232.38504037409143,104.57326816834114,127.8117722057503,80.0,220.0,EMS,MWH,VALID
2025-07-20 04:00:00,239.51549606067584,107.78197322730412,131.73352283337172,80.0,220.0,EMS,MWH,VALID
2025-07-20 05:00:00,269.9464778582655,121.47591503621948,148.47056282204605,80.0,220.0,EMS,MWH,VALID
2025-07-20 06:00:00,306.8961533743381,138.10326901845215,168.79288435588597,80.0,220.0,EMS,MWH,VALID
2025-07-20 07:00:00,313.9628082169223,141.28326369761504,172.67954451930729,80.0,220.0,EMS,MWH,VALID
2025-07-20 08:00:00,357.8384960941966,161.0273232423885,196.81117285180812,80.0,220.0,EMS,MWH,VALID
2025-07-20 09:00:00,361.9883790444186,162.89477056998837,199.09360847443023,80.0,220.0,EMS,MWH,VALID
2025-07-20 10:00:00,315.4241098361529,141.9408494262688,173.4832604098841,60.0,220.0,EMS,MWH,VALID
2025-07-20 11:00:00,336.53874282434055,151.44243427095324,185.0963085533873,60.0,220.0,EMS,MWH,VALID
2025-07-20 12:00:00,327.3142545633212,147.29141455349455,180.02284000982667,60.0,220.0,EMS,MWH,VALID
2025-07-20 13:00:00,320.0688371366724,144.0309767115026,176.03786042516984,60.0,220.0,EMS,MWH,VALID
2025-07-20 14:00:00,287.3922849461749,129.32652822577873,158.06575672039622,60.0,220.0,EMS,MWH,VALID
2025-07-20 15:00:00,337.55303911921806,151.89886760364814,185.65417151556997,60.0,220.0,EMS,MWH,VALID
2025-07-20 16:00:00,346.8915712122387,156.10120704550744,190.7903641667313,80.0,220.0,EMS,MWH,VALID
2025-07-20 17:00:00,372.88001907482095,167.79600858366942,205.08401049115156,80.0,220.0,EMS,MWH,VALID
2025-07-20 18:00:00,408.8993810399725,184.00472146798765,224.8946595719849,80.0,220.0,EMS,MWH,VALID
2025-07-20 19:00:00,407.5201057164165,183.38404757238743,224.13605814402908,80.0,220.0,EMS,MWH,VALID
2025-07-20 20:00:00,400.7743364296987,180.3484513933644,220.42588503633428,80.0,220.0,EMS,MWH,VALID
2025-07-20 21:00:00,366.5602983486966,164.9521342569135,201.60816409178315,80.0,220.0,EMS,MWH,VALID
2025-07-20 22:00:00,315.36384253063045,141.9137291387837,173.45011339184677,80.0,220.0,EMS,MWH,VALID
2025-07-20 23:00:00,277.6588576875732,124.94648595940794,152.71237172816527,80.0,220.0,EMS,MWH,VALID
2025-07-21 00:00:00,301.5245901428895,135.6860655643003,165.83852457858924,80.0,220.0,EMS,MWH,VALID
2025-07-21 01:00:00,319.79024833637567,143.9056117513691,175.88463658500663,80.0,220.0,EMS,MWH,VALID
2025-07-21 02:00:00,335.04657914044043,150.77096061319818,184.27561852724224,80.0,220.0,EMS,MWH,VALID
2025-07-21 03:00:00,328.36138910549363,147.76262509747212,180.5987640080215,80.0,220.0,EMS,MWH,VALID
2025-07-21 04:00:00,298.9247423453582,134.5161340554112,164.408608289947,80.0,220.0,EMS,MWH,VALID
2025-07-21 05:00:00,359.9210992518032,161.96449466331143,197.95660458849176,80.0,220.0,EMS,MWH,VALID
2025-07-21 06:00:00,368.0735390915341,165.63309259119038,202.4404465003438,80.0,220.0,EMS,MWH,VALID
2025-07-21 07:00:00,413.9495927806223,186.27731675128,227.67227602934227,80.0,220.0,EMS,MWH,VALID
2025-07-21 08:00:00,417.2827573774415,187.77724081984869,229.50551655759284,80.0,220.0,EMS,MWH,VALID
2025-07-21 09:00:00,424.5756604606245,191.05904720728105,233.51661325334348,80.0,220.0,EMS,MWH,VALID
2025-07-21 10:00:00,379.8765227176777,170.94443522295495,208.93208749472277,60.0,220.0,EMS,MWH,VALID
2025-07-21 11:00:00,391.2752097989263,176.07384440951682,215.20136538940943,60.0,220.0,EMS,MWH,VALID
2025-07-21 12:00:00,373.2732595895194,167.97296681528374,205.3002927742357,60.0,220.0,EMS,MWH,VALID
2025-07-21 13:00:00,361.5239361087116,162.68577124892022,198.8381648597914,60.0,220.0,EMS,MWH,VALID
2025-07-21 14:00:00,412.7574308644398,185.74084388899792,227.01658697544192,60.0,220.0,EMS,MWH,VALID
2025-07-21 15:00:00,392.5892501803605,176.66516258116224,215.92408759919832,60.0,220.0,EMS,MWH,VALID
2025-07-21 16:00:00,444.8477748024478,200.18149866110156,244.66627614134632,80.0,220.0,EMS,MWH,VALID
2025-07-21 17:00:00,451.3832273912946,203.12245232608257,248.26077506521204,80.0,220.0,EMS,MWH,VALID
2025-07-21 18:00:00,492.4658961030945,221.6096532463925,270.85624285670195,80.0,220.0,EMS,MWH,VALID
2025-07-21 19:00:00,501.6132031784406,225.72594143029823,275.88726174814235,80.0,220.0,EMS,MWH,VALID
2025-07-21 20:00:00,464.7102512731997,209.11961307293987,255.59063820025983,80.0,220.0,EMS,MWH,VALID
2025-07-21 21:00:00,434.1804087713895,195.3811839471253,238.79922482426423,80.0,220.0,EMS,MWH,VALID
2025-07-21 22:00:00,405.2688425374873,182.3709791418693,222.8978633956181,80.0,220.0,EMS,MWH,VALID
2025-07-21 23:00:00,349.5845340093607,157.31304030421234,192.2714937051484,80.0,220.0,EMS,MWH,VALID
2025-07-22 00:00:00,308.91171827480827,139.01027322366372,169.90144505114455,80.0,220.0,EMS,MWH,VALID
2025-07-22 01:00:00,317.47360914867147,142.86312411690216,174.61048503176931,80.0,220.0,EMS,MWH,VALID
2025-07-22 02:00:00,324.53816608506446,146.04217473827902,178.49599134678547,80.0,220.0,EMS,MWH,VALID
2025-07-22 03:00:00,312.5565475999242,140.6504464199659,171.90610117995834,80.0,220.0,EMS,MWH,VALID
2025-07-22 04:00:00,321.0803665636947,144.48616495366264,176.59420161003212,80.0,220.0,EMS,MWH,VALID
2025-07-22 05:00:00,339.3708798019859,152.71689591089367,186.65398389109225,80.0,220.0,EMS,MWH,VALID
2025-07-22 06:00:00,379.76124202062886,170.892558909283,208.8686831113459,80.0,220.0,EMS,MWH,VALID
2025-07-22 07:00:00,425.73717201792175,191.5817274080648,234.15544460985697,80.0,220.0,EMS,MWH,VALID
2025-07-22 08:00:00,430.3092126961113,193.6391457132501,236.67006698286124,80.0,220.0,EMS,MWH,VALID
2025-07-22 09:00:00,435.3250073327692,195.89625329974612,239.42875403302307,80.0,220.0,EMS,MWH,VALID
2025-07-22 10:00:00,416.7961136966091,187.5582511634741,229.23786253313503,60.0,220.0,EMS,MWH,VALID
2025-07-22 11:00:00,364.4801057304651,164.0160475787093,200.4640581517558,60.0,220.0,EMS,MWH,VALID
2025-07-22 12:00:00,383.777976875581,172.70008959401147,211.0778872815696,60.0,220.0,EMS,MWH,VALID
2025-07-22 13:00:00,355.761332537533,160.09259964188985,195.6687328956432,60.0,220.0,EMS,MWH,VALID
2025-07-22 14:00:00,373.2056177851944,167.94252800333746,205.2630897818569,60.0,220.0,EMS,MWH,VALID
2025-07-22 15:00:00,372.0023292118875,167.4010481453494,204.60128106653812,60.0,220.0,EMS,MWH,VALID
2025-07-22 16:00:00,416.6983573300429,187.5142607985193,229.1840965315236,80.0,220.0,EMS,MWH,VALID
2025-07-22 17:00:00,443.5483577539163,199.59676098926235,243.951596764654,80.0,220.0,EMS,MWH,VALID
2025-07-22 18:00:00,488.7465771503308,219.93595971764884,268.810617432682,80.0,220.0,EMS,MWH,VALID
2025-07-22 19:00:00,505.2601421645927,227.3670639740667,277.893078190526,80.0,220.0,EMS,MWH,VALID
2025-07-22 20:00:00,466.9482107006821,210.12669481530696,256.8215158853752,80.0,220.0,EMS,MWH,VALID
2025-07-22 21:00:00,417.1574460012723,187.72085070057256,229.4365953006998,80.0,220.0,EMS,MWH,VALID
2025-07-22 22:00:00,377.8358788999016,170.0261455049557,207.80973339494588,80.0,220.0,EMS,MWH,VALID
2025-07-22 23:00:00,349.2003685466757,157.14016584600407,192.06020270067165,80.0,220.0,EMS,MWH,VALID
2025-07-23 00:00:00,299.40459697494424,134.7320686387249,164.67252833621936,80.0,220.0,EMS,MWH,VALID
2025-07-23 01:00:00,300.55733009045014,135.25079854070256,165.30653154974758,80.0,220.0,EMS,MWH,VALID
2025-07-23 02:00:00,327.0085635143126,147.15385358144067,179.85470993287194,80.0,220.0,EMS,MWH,VALID
2025-07-23 03:00:00,327.3531011731848,147.30889552793317,180.04420564525165,80.0,220.0,EMS,MWH,VALID
2025-07-23 04:00:00,339.3047664852239,152.68714491835078,186.6176215668732,80.0,220.0,EMS,MWH,VALID
2025-07-23 05:00:00,352.0266687027236,158.41200091622562,193.614667786498,80.0,220.0,EMS,MWH,VALID
2025-07-23 06:00:00,368.6621248582615,165.89795618621767,202.7641686720438,80.0,220.0,EMS,MWH,VALID
2025-07-23 07:00:00,380.753740410589,171.33918318476506,209.414557225824,80.0,220.0,EMS,MWH,VALID
2025-07-23 08:00:00,428.77300951592485,192.9478542821662,235.8251552337587,80.0,220.0,EMS,MWH,VALID
2025-07-23 09:00:00,449.9550272612091,202.4797622675441,247.47526499366504,80.0,220.0,EMS,MWH,VALID
2025-07-23 10:00:00,414.0495980217728,186.32231910979775,227.72727891197505,60.0,220.0,EMS,MWH,VALID
2025-07-23 11:00:00,387.8243217256078,174.5209447765235,213.30337694908428,60.0,220.0,EMS,MWH,VALID
2025-07-23 12:00:00,362.4854020735588,163.11843093310145,199.3669711404573,60.0,220.0,EMS,MWH,VALID
2025-07-23 13:00:00,362.10295835188,162.94633125834602,199.15662709353404,60.0,220.0,EMS,MWH,VALID
2025-07-23 14:00:00,382.3218127914813,172.04481575616657,210.2769970353147,60.0,220.0,EMS,MWH,VALID
2025-07-23 15:00:00,393.90964259441495,177.25933916748673,216.65030342692825,60.0,220.0,EMS,MWH,VALID
2025-07-23 16:00:00,408.9096750036053,184.0093537516224,224.90032125198292,80.0,220.0,EMS,MWH,VALID
2025-07-23 17:00:00,462.6821330811318,208.2069598865093,254.4751731946225,80.0,220.0,EMS,MWH,VALID
2025-07-23 18:00:00,477.8931579002684,215.0519210551208,262.84123684514765,80.0,220.0,EMS,MWH,VALID
2025-07-23 19:00:00,479.8314896282311,215.924170332704,263.9073192955271,80.0,220.0,EMS,MWH,VALID
2025-07-23 20:00:00,486.8772068043587,219.09474306196145,267.7824637423973,80.0,220.0,EMS,MWH,VALID
2025-07-23 21:00:00,427.657823442956,192.44602054933023,235.21180289362584,80.0,220.0,EMS,MWH,VALID
2025-07-23 22:00:00,374.8473068333373,168.6812880750018,206.16601875833555,80.0,220.0,EMS,MWH,VALID
2025-07-23 23:00:00,330.59466468047066,148.7675991062118,181.82706557425888,80.0,220.0,EMS,MWH,VALID
2025-07-24 00:00:00,296.5235387170737,133.43559242268316,163.08794629439055,80.0,220.0,EMS,MWH,VALID
2025-07-24 01:00:00,294.59999135869106,132.56999611141097,162.02999524728008,80.0,220.0,EMS,MWH,VALID
2025-07-24 02:00:00,314.65897005669353,141.5965365255121,173.06243353118143,80.0,220.0,EMS,MWH,VALID
2025-07-24 03:00:00,320.8096182468878,144.36432821109952,176.4452900357883,80.0,220.0,EMS,MWH,VALID
2025-07-24 04:00:00,311.04604547519415,139.97072046383738,171.0753250113568,80.0,220.0,EMS,MWH,VALID
2025-07-24 05:00:00,334.9298931268747,150.7184519070936,184.21144121978108,80.0,220.0,EMS,MWH,VALID
2025-07-24 06:00:00,368.0767348852737,165.63453069837317,202.44220418690057,80.0,220.0,EMS,MWH,VALID
2025-07-24 07:00:00,398.8285843809616,179.47286297143273,219.3557214095289,80.0,220.0,EMS,MWH,VALID
2025-07-24 08:00:00,415.7902128607706,187.1055957873468,228.68461707342385,80.0,220.0,EMS,MWH,VALID
2025-07-24 09:00:00,430.8521748648613,193.8834786891876,236.9686961756737,80.0,220.0,EMS,MWH,VALID
2025-07-24 10:00:00,401.3363285071608,180.60134782822237,220.73498067893848,60.0,220.0,EMS,MWH,VALID
2025-07-24 11:00:00,397.03087651978046,178.66389443390122,218.36698208587927,60.0,220.0,EMS,MWH,VALID
2025-07-24 12:00:00,383.1071866237977,172.39823398070894,210.7089526430887,60.0,220.0,EMS,MWH,VALID
2025-07-24 13:00:00,381.98668310896073,171.89400739903235,210.0926757099284,60.0,220.0,EMS,MWH,VALID
2025-07-24 14:00:00,377.4288321560956,169.842974470243,207.58585768585257,60.0,220.0,EMS,MWH,VALID
2025-07-24 15:00:00,371.7342122950682,167.28039553278072,204.45381676228757,60.0,220.0,EMS,MWH,VALID
2025-07-24 16:00:00,409.5445741326156,184.29505835967703,225.2495157729386,80.0,220.0,EMS,MWH,VALID
2025-07-24 17:00:00,448.5059499390258,201.8276774725616,246.67827246646425,80.0,220.0,EMS,MWH,VALID
2025-07-24 18:00:00,481.4758699516305,216.6641414782337,264.8117284733968,80.0,220.0,EMS,MWH,VALID
2025-07-24 19:00:00,481.1919400701057,216.5363730315476,264.65556703855816,80.0,220.0,EMS,MWH,VALID
2025-07-24 20:00:00,459.5136637875909,206.7811487044159,252.732515083175,80.0,220.0,EMS,MWH,VALID
2025-07-24 21:00:00,435.3041624611183,195.8868731075032,239.41728935361508,80.0,220.0,EMS,MWH,VALID
2025-07-24 22:00:00,357.0867939544862,160.6890572795188,196.39773667496743,80.0,220.0,EMS,MWH,VALID
2025-07-24 23:00:00,353.772003830814,159.19740172386628,194.57460210694768,80.0,220.0,EMS,MWH,VALID
2025-07-25 00:00:00,296.04357815906377,133.2196101715787,162.82396798748508,80.0,220.0,EMS,MWH,VALID
2025-07-25 01:00:00,318.8376557573938,143.47694509082723,175.3607106665666,80.0,220.0,EMS,MWH,VALID
2025-07-25 02:00:00,314.39758545456,141.478913454552,172.91867200000797,80.0,220.0,EMS,MWH,VALID
2025-07-25 03:00:00,275.8731565942211,124.14292046739948,151.7302361268216,80.0,220.0,EMS,MWH,VALID
2025-07-25 04:00:00,352.0341026057308,158.41534617257886,193.618756433152,80.0,220.0,EMS,MWH,VALID
2025-07-25 05:00:00,365.50543192223415,164.47744436500537,201.0279875572288,80.0,220.0,EMS,MWH,VALID
2025-07-25 06:00:00,351.58838122790803,158.21477155255863,193.37360967534943,80.0,220.0,EMS,MWH,VALID
2025-07-25 07:00:00,415.8219759187418,187.11988916343384,228.702086755308,80.0,220.0,EMS,MWH,VALID
2025-07-25 08:00:00,418.1840093305141,188.18280419873133,230.0012051317828,80.0,220.0,EMS,MWH,VALID
2025-07-25 09:00:00,405.15300785445686,182.3188535345056,222.8341543199513,80.0,220.0,EMS,MWH,VALID
2025-07-25 10:00:00,393.964033844168,177.2838152298756,216.6802186142924,60.0,220.0,EMS,MWH,VALID
2025-07-25 11:00:00,394.1747809528496,177.37865142878235,216.7961295240673,60.0,220.0,EMS,MWH,VALID
2025-07-25 12:00:00,383.4246065650984,172.54107295429426,210.8835336108041,60.0,220.0,EMS,MWH,VALID
2025-07-25 13:00:00,392.1906324770201,176.48578461465902,215.70484786236105,60.0,220.0,EMS,MWH,VALID
2025-07-25 14:00:00,392.3627120444745,176.56322042001352,215.79949162446096,60.0,220.0,EMS,MWH,VALID
2025-07-25 15:00:00,401.76246400190746,180.7931088008584,220.96935520104915,60.0,220.0,EMS,MWH,VALID
2025-07-25 16:00:00,433.76790118634375,195.1955555338547,238.57234565248908,80.0,220.0,EMS,MWH,VALID
2025-07-25 17:00:00,453.3824956229095,204.02212303030927,249.3603725926002,80.0,220.0,EMS,MWH,VALID
2025-07-25 18:00:00,479.2920646289377,215.68142908302195,263.6106355459157,80.0,220.0,EMS,MWH,VALID
2025-07-25 19:00:00,496.4360008606037,223.39620038727168,273.03980047333204,80.0,220.0,EMS,MWH,VALID
2025-07-25 20:00:00,497.6889791065369,223.96004059794163,273.7289385085953,80.0,220.0,EMS,MWH,VALID
2025-07-25 21:00:00,425.9583380792103,191.68125213564463,234.27708594356565,80.0,220.0,EMS,MWH,VALID
2025-07-25 22:00:00,361.99410614635696,162.89734776586064,199.09675838049637,80.0,220.0,EMS,MWH,VALID
2025-07-25 23:00:00,335.87723018925703,151.14475358516566,184.73247660409135,80.0,220.0,EMS,MWH,VALID
2025-07-26 00:00:00,248.129866733624,111.6584400301308,136.47142670349322,80.0,220.0,EMS,MWH,VALID
2025-07-26 01:00:00,267.9487907533175,120.57695583899287,147.37183491432464,80.0,220.0,EMS,MWH,VALID
2025-07-26 02:00:00,244.57932963516632,110.06069833582484,134.51863129934148,80.0,220.0,EMS,MWH,VALID
2025-07-26 03:00:00,260.3721974006826,117.16748883030716,143.20470857037543,80.0,220.0,EMS,MWH,VALID
2025-07-26 04:00:00,273.20466033515,122.94209715081747,150.2625631843325,80.0,220.0,EMS,MWH,VALID
2025-07-26 05:00:00,298.9391391130498,134.5226126008724,164.4165265121774,80.0,220.0,EMS,MWH,VALID
2025-07-26 06:00:00,301.4329981225732,135.64484915515794,165.78814896741528,80.0,220.0,EMS,MWH,VALID
2025-07-26 07:00:00,345.0147465724341,155.25663595759536,189.7581106148388,80.0,220.0,EMS,MWH,VALID
2025-07-26 08:00:00,360.3747038466951,162.16861673101278,198.2060871156823,80.0,220.0,EMS,MWH,VALID
2025-07-26 09:00:00,330.8466927592718,148.8810117416723,181.96568101759948,80.0,220.0,EMS,MWH,VALID
2025-07-26 10:00:00,334.9970231426177,150.74866041417798,184.24836272843976,60.0,220.0,EMS,MWH,VALID
2025-07-26 11:00:00,323.02021771561857,145.35909797202837,177.66111974359023,60.0,220.0,EMS,MWH,VALID
2025-07-26 12:00:00,352.9393512694089,158.82270807123402,194.11664319817493,60.0,220.0,EMS,MWH,VALID
2025-07-26 13:00:00,272.9136216069283,122.81112972311774,150.1024918838106,60.0,220.0,EMS,MWH,VALID
2025-07-26 14:00:00,280.4447690097011,126.20014605436548,154.2446229553356,60.0,220.0,EMS,MWH,VALID
2025-07-26 15:00:00,260.1204890122093,117.05422005549418,143.0662689567151,60.0,220.0,EMS,MWH,VALID
2025-07-26 16:00:00,336.07659069637475,151.23446581336864,184.8421248830061,80.0,220.0,EMS,MWH,VALID
2025-07-26 17:00:00,341.9462620219438,153.8758179098747,188.0704441120691,80.0,220.0,EMS,MWH,VALID
2025-07-26 18:00:00,369.3809023965737,166.2214060784582,203.1594963181156,80.0,220.0,EMS,MWH,VALID
2025-07-26 19:00:00,404.335456589914,181.9509554654613,222.38450112445275,80.0,220.0,EMS,MWH,VALID
2025-07-26 20:00:00,372.8630263256081,167.78836184652366,205.07466447908448,80.0,220.0,EMS,MWH,VALID
2025-07-26 21:00:00,344.1924674413799,154.88661034862096,189.30585709275897,80.0,220.0,EMS,MWH,VALID
2025-07-26 22:00:00,317.8498639146248,143.03243876158115,174.81742515304364,80.0,220.0,EMS,MWH,VALID
2025-07-26 23:00:00,264.5033654195956,119.026514438818,145.47685098077758,80.0,220.0,EMS,MWH,VALID
2025-07-27 00:00:00,260.0859131637988,117.03866092370949,143.04725224008936,80.0,220.0,EMS,MWH,VALID
2025-07-27 01:00:00,262.17703276087593,117.97966474239418,144.19736801848177,80.0,220.0,EMS,MWH,VALID
2025-07-27 02:00:00,262.3626492064327,118.06319214289472,144.299457063538,80.0,220.0,EMS,MWH,VALID
2025-07-27 03:00:00,268.2334479867097,120.70505159401937,147.52839639269033,80.0,220.0,EMS,MWH,VALID
2025-07-27 04:00:00,271.52332996746736,122.18549848536033,149.33783148210705,80.0,220.0,EMS,MWH,VALID
2025-07-27 05:00:00,282.52160858175245,127.1347238617886,155.38688471996386,80.0,220.0,EMS,MWH,VALID
2025-07-27 06:00:00,294.7648374696088,132.64417686132396,162.12066060828485,80.0,220.0,EMS,MWH,VALID
2025-07-27 07:00:00,322.9425279677451,145.3241375854853,177.6183903822598,80.0,220.0,EMS,MWH,VALID
2025-07-27 08:00:00,313.3179375733907,140.9930719080258,172.32486566536488,80.0,220.0,EMS,MWH,VALID
2025-07-27 09:00:00,369.2877533855472,166.17948902349622,203.10826436205096,80.0,220.0,EMS,MWH,VALID
2025-07-27 10:00:00,310.69266283956705,139.81169827780516,170.88096456176189,60.0,220.0,EMS,MWH,VALID
2025-07-27 11:00:00,316.73326556567696,142.52996950455463,174.20329606112233,60.0,220.0,EMS,MWH,VALID
2025-07-27 12:00:00,315.957115565396,142.1807020044282,173.77641356096782,60.0,220.0,EMS,MWH,VALID
2025-07-27 13:00:00,278.38575280839615,125.27358876377826,153.11216404461788,60.0,220.0,EMS,MWH,VALID
2025-07-27 14:00:00,279.9746921571141,125.98861147070134,153.98608068641275,60.0,220.0,EMS,MWH,VALID
2025-07-27 15:00:00,276.76254098857095,124.54314344485692,152.21939754371402,60.0,220.0,EMS,MWH,VALID
2025-07-27 16:00:00,346.57639457865633,155.95937756039535,190.617017018261,80.0,220.0,EMS,MWH,VALID
2025-07-27 17:00:00,396.56018566845967,178.45208355080686,218.10810211765283,80.0,220.0,EMS,MWH,VALID
2025-07-27 18:00:00,395.7434538793228,178.08455424569527,217.6588996336276,80.0,220.0,EMS,MWH,VALID
2025-07-27 19:00:00,410.0405239403714,184.51823577316716,225.5222881672043,80.0,220.0,EMS,MWH,VALID
2025-07-27 20:00:00,379.3933279724715,170.7269975876122,208.66633038485932,80.0,220.0,EMS,MWH,VALID
2025-07-27 21:00:00,347.8703368396773,156.5416515778548,191.32868526182253,80.0,220.0,EMS,MWH,VALID
2025-07-27 22:00:00,321.0447542646257,144.47013941908156,176.57461484554415,80.0,220.0,EMS,MWH,VALID
2025-07-27 23:00:00,278.9855630569425,125.54350337562413,153.4420596813184,80.0,220.0,EMS,MWH,VALID
2025-07-28 00:00:00,299.19346846485547,134.63706080918496,164.5564076556705,80.0,220.0,EMS,MWH,VALID
2025-07-28 01:00:00,288.3024970749547,129.73612368372963,158.5663733912251,80.0,220.0,EMS,MWH,VALID
2025-07-28 02:00:00,299.3664170713739,134.71488768211827,164.65152938925567,80.0,220.0,EMS,MWH,VALID
2025-07-28 03:00:00,335.5979503388973,151.0190776525038,184.57887268639357,80.0,220.0,EMS,MWH,VALID
2025-07-28 04:00:00,320.5023992546978,144.22607966461402,176.27631959008383,80.0,220.0,EMS,MWH,VALID
2025-07-28 05:00:00,317.04680201819065,142.6710609081858,174.37574111000487,80.0,220.0,EMS,MWH,VALID
2025-07-28 06:00:00,346.68428037462206,156.00792616857993,190.67635420604216,80.0,220.0,EMS,MWH,VALID
2025-07-28 07:00:00,411.8447337584348,185.33013019129564,226.51460356713915,80.0,220.0,EMS,MWH,VALID
2025-07-28 08:00:00,401.0035775307293,180.45160988882824,220.55196764190117,80.0,220.0,EMS,MWH,VALID
2025-07-28 09:00:00,404.4213357077892,181.98960106850512,222.4317346392841,80.0,220.0,EMS,MWH,VALID
2025-07-28 10:00:00,413.3560324420143,186.01021459890643,227.34581784310788,60.0,220.0,EMS,MWH,VALID
2025-07-28 11:00:00,412.1558773343529,185.47014480045885,226.6857325338941,60.0,220.0,EMS,MWH,VALID
2025-07-28 12:00:00,395.3242294985168,177.89590327433257,217.42832622418425,60.0,220.0,EMS,MWH,VALID
2025-07-28 13:00:00,363.2337413125087,163.4551835906289,199.7785577218798,60.0,220.0,EMS,MWH,VALID
2025-07-28 14:00:00,393.8335432978348,177.22509448402568,216.6084488138092,60.0,220.0,EMS,MWH,VALID
2025-07-28 15:00:00,411.318941041187,185.09352346853413,226.22541757265284,60.0,220.0,EMS,MWH,VALID
2025-07-28 16:00:00,402.03633358965766,180.91635011534595,221.1199834743117,80.0,220.0,EMS,MWH,VALID
2025-07-28 17:00:00,455.94947817809685,205.1772651801436,250.7722129979533,80.0,220.0,EMS,MWH,VALID
2025-07-28 18:00:00,499.062997352832,224.5783488087744,274.4846485440576,80.0,220.0,EMS,MWH,VALID
2025-07-28 19:00:00,504.0102761560302,226.8046242702136,277.2056518858166,80.0,220.0,EMS,MWH,VALID
2025-07-28 20:00:00,443.6078735133447,199.62354308100512,243.9843304323396,80.0,220.0,EMS,MWH,VALID
2025-07-28 21:00:00,412.88505751348873,185.79827588106997,227.0867816324188,80.0,220.0,EMS,MWH,VALID
2025-07-28 22:00:00,371.0070650172895,166.95317925778028,204.05388575950928,80.0,220.0,EMS,MWH,VALID
2025-07-28 23:00:00,338.11120473442884,152.15004213049298,185.9611626039359,80.0,220.0,EMS,MWH,VALID
2025-07-29 00:00:00,306.95158833804544,138.12821475212044,168.823373585925,80.0,220.0,EMS,MWH,VALID
2025-07-29 01:00:00,291.93317573726745,131.36992908177035,160.5632466554971,80.0,220.0,EMS,MWH,VALID
2025-07-29 02:00:00,301.39611295678554,135.6282508305535,165.76786212623207,80.0,220.0,EMS,MWH,VALID
2025-07-29 03:00:00,304.43331770820174,136.99499296869078,167.43832473951096,80.0,220.0,EMS,MWH,VALID
2025-07-29 04:00:00,325.09903972857023,146.29456787785662,178.80447185071364,80.0,220.0,EMS,MWH,VALID
2025-07-29 05:00:00,334.1343635675276,150.36046360538742,183.7738999621402,80.0,220.0,EMS,MWH,VALID
2025-07-29 06:00:00,368.8961818077335,166.00328181348007,202.89289999425344,80.0,220.0,EMS,MWH,VALID
2025-07-29 07:00:00,376.4766555647376,169.41449500413194,207.0621605606057,80.0,220.0,EMS,MWH,VALID
2025-07-29 08:00:00,434.7389774566353,195.6325398554859,239.10643760114945,80.0,220.0,EMS,MWH,VALID
2025-07-29 09:00:00,423.4938581146925,190.5722361516116,232.92162196308087,80.0,220.0,EMS,MWH,VALID
2025-07-29 10:00:00,414.5075301787089,186.528388580419,227.9791415982899,60.0,220.0,EMS,MWH,VALID
2025-07-29 11:00:00,381.31117189202655,171.59002735141195,209.72114454061463,60.0,220.0,EMS,MWH,VALID
2025-07-29 12:00:00,383.21853049981263,172.4483387249157,210.77019177489697,60.0,220.0,EMS,MWH,VALID
2025-07-29 13:00:00,383.8704699913567,172.74171149611053,211.1287584952462,60.0,220.0,EMS,MWH,VALID
2025-07-29 14:00:00,379.284438983854,170.6779975427343,208.6064414411197,60.0,220.0,EMS,MWH,VALID
2025-07-29 15:00:00,392.8847695297529,176.7981462883888,216.0866232413641,60.0,220.0,EMS,MWH,VALID
2025-07-29 16:00:00,426.76005960248256,192.0420268211172,234.71803278136545,80.0,220.0,EMS,MWH,VALID
2025-07-29 17:00:00,448.8017174087519,201.96077283393836,246.8409445748136,80.0,220.0,EMS,MWH,VALID
2025-07-29 18:00:00,493.70442094329326,222.166989424482,271.53743151881133,80.0,220.0,EMS,MWH,VALID
2025-07-29 19:00:00,501.8412639289497,225.82856876802737,276.0126951609224,80.0,220.0,EMS,MWH,VALID
2025-07-29 20:00:00,446.82474167061696,201.07113375177764,245.75360791883932,80.0,220.0,EMS,MWH,VALID
2025-07-29 21:00:00,437.7130607920651,196.9708773564293,240.74218343563584,80.0,220.0,EMS,MWH,VALID
2025-07-29 22:00:00,371.5723305745472,167.2075487585462,204.3647818160009,80.0,220.0,EMS,MWH,VALID
2025-07-29 23:00:00,349.9554932985118,157.47997198433032,192.4755213141815,80.0,220.0,EMS,MWH,VALID
2025-07-30 00:00:00,312.91300620720244,140.8108527932411,172.10215341396136,80.0,220.0,EMS,MWH,VALID
2025-07-30 01:00:00,299.15134335594314,134.61810451017442,164.53323884576875,80.0,220.0,EMS,MWH,VALID
2025-07-30 02:00:00,267.59644056486246,120.4183982541881,147.17804231067436,80.0,220.0,EMS,MWH,VALID
2025-07-30 03:00:00,350.15471047069,157.56961971181047,192.5850907588795,80.0,220.0,EMS,MWH,VALID
2025-07-30 04:00:00,311.091699281564,139.9912646767038,171.1004346048602,80.0,220.0,EMS,MWH,VALID
2025-07-30 05:00:00,335.6070395543747,151.0231677994686,184.58387175490608,80.0,220.0,EMS,MWH,VALID
2025-07-30 06:00:00,352.6162230226235,158.67730036018057,193.93892266244293,80.0,220.0,EMS,MWH,VALID
2025-07-30 07:00:00,389.3270030423636,175.19715136906362,214.1298516733,80.0,220.0,EMS,MWH,VALID
2025-07-30 08:00:00,421.2965993929365,189.58346972682145,231.7131296661151,80.0,220.0,EMS,MWH,VALID
2025-07-30 09:00:00,409.7713536748263,184.39710915367183,225.37424452115448,80.0,220.0,EMS,MWH,VALID
2025-07-30 10:00:00,398.62729275428745,179.38228173942937,219.2450110148581,60.0,220.0,EMS,MWH,VALID
2025-07-30 11:00:00,388.3882407736626,174.77470834814818,213.61353242551448,60.0,220.0,EMS,MWH,VALID
2025-07-30 12:00:00,395.34428634115534,177.90492885351992,217.43935748763545,60.0,220.0,EMS,MWH,VALID
2025-07-30 13:00:00,385.91328976097554,173.660980392439,212.25230936853657,60.0,220.0,EMS,MWH,VALID
2025-07-30 14:00:00,364.2300278465224,163.9035125309351,200.32651531558736,60.0,220.0,EMS,MWH,VALID
2025-07-30 15:00:00,408.4158058475941,183.78711263141736,224.6286932161768,60.0,220.0,EMS,MWH,VALID
2025-07-30 16:00:00,403.9737004900203,181.78816522050917,222.1855352695112,80.0,220.0,EMS,MWH,VALID
2025-07-30 17:00:00,424.99391166541335,191.247260249436,233.74665141597737,80.0,220.0,EMS,MWH,VALID
2025-07-30 18:00:00,483.5560119133056,217.60020536098756,265.9558065523181,80.0,220.0,EMS,MWH,VALID
2025-07-30 19:00:00,483.613918543712,217.6262633446704,265.9876551990416,80.0,220.0,EMS,MWH,VALID
2025-07-30 20:00:00,431.297898151566,194.0840541682047,237.2138439833613,80.0,220.0,EMS,MWH,VALID
2025-07-30 21:00:00,415.5525648810925,186.9986541964916,228.55391068460088,80.0,220.0,EMS,MWH,VALID
2025-07-30 22:00:00,387.7067871591431,174.4680542216144,213.23873293752877,80.0,220.0,EMS,MWH,VALID
2025-07-30 23:00:00,340.2559045381376,153.1151570421619,187.1407474959757,80.0,220.0,EMS,MWH,VALID
2025-07-31 00:00:00,290.86627214668493,130.8898224660082,159.97644968067672,80.0,220.0,EMS,MWH,VALID
2025-07-31 01:00:00,316.69372812089057,142.51217765440077,174.18155046648982,80.0,220.0,EMS,MWH,VALID
2025-07-31 02:00:00,318.6955197075964,143.41298386841837,175.28253583917802,80.0,220.0,EMS,MWH,VALID
2025-07-31 03:00:00,315.52113755406805,141.9845118993306,173.53662565473743,80.0,220.0,EMS,MWH,VALID
2025-07-31 04:00:00,344.5431440914123,155.0444148411355,189.4987292502768,80.0,220.0,EMS,MWH,VALID
2025-07-31 05:00:00,358.6451635826628,161.39032361219827,197.25483997046456,80.0,220.0,EMS,MWH,VALID
2025-07-31 06:00:00,380.74815633499,171.3366703507455,209.4114859842445,80.0,220.0,EMS,MWH,VALID
2025-07-31 07:00:00,387.66576595521394,174.44959467984629,213.21617127536769,80.0,220.0,EMS,MWH,VALID
2025-07-31 08:00:00,429.6724749071811,193.3526137082315,236.3198611989496,80.0,220.0,EMS,MWH,VALID
2025-07-31 09:00:00,422.27997864044255,190.02599038819915,232.25398825224343,80.0,220.0,EMS,MWH,VALID
2025-07-31 10:00:00,400.84532672287503,180.38039702529375,220.46492969758128,60.0,220.0,EMS,MWH,VALID
2025-07-31 11:00:00,387.1224971602832,174.20512372212744,212.91737343815575,60.0,220.0,EMS,MWH,VALID
2025-07-31 12:00:00,344.8615416567302,155.1876937455286,189.6738479112016,60.0,220.0,EMS,MWH,VALID
2025-07-31 13:00:00,383.7011317130501,172.66550927087258,211.0356224421776,60.0,220.0,EMS,MWH,VALID
2025-07-31 14:00:00,380.2135927428136,171.09611673426613,209.1174760085475,60.0,220.0,EMS,MWH,VALID
2025-07-31 15:00:00,367.7410042072787,165.48345189327543,202.2575523140033,60.0,220.0,EMS,MWH,VALID
2025-07-31 16:00:00,402.1318978941157,180.95935405235204,221.17254384176363,80.0,220.0,EMS,MWH,VALID
2025-07-31 17:00:00,414.391938915598,186.4763725120191,227.9155664035789,80.0,220.0,EMS,MWH,VALID
2025-07-31 18:00:00,496.7484762018625,223.5368142908381,273.21166191102435,80.0,220.0,EMS,MWH,VALID
2025-07-31 19:00:00,520.243160413703,234.10942218616637,286.13373822753664,80.0,220.0,EMS,MWH,VALID
2025-07-31 20:00:00,469.2397692258873,211.15789615164928,258.08187307423805,80.0,220.0,EMS,MWH,VALID
2025-07-31 21:00:00,422.29305775783325,190.03187599102495,232.2611817668083,80.0,220.0,EMS,MWH,VALID
2025-07-31 22:00:00,354.966695594006,159.73501301730272,195.2316825767033,80.0,220.0,EMS,MWH,VALID
2025-07-31 23:00:00,350.4999685733316,157.7249858579992,192.7749827153324,80.0,220.0,EMS,MWH,VALID
2025-08-01 00:00:00,294.0045046762159,132.30202710429717,161.70247757191876,80.0,220.0,EMS,MWH,VALID
2025-08-01 01:00:00,299.114106946263,134.60134812581836,164.51275882044467,80.0,220.0,EMS,MWH,VALID
2025-08-01 02:00:00,281.1540235837979,126.51931061270903,154.63471297108885,80.0,220.0,EMS,MWH,VALID
2025-08-01 03:00:00,313.40179077865605,141.03080585039524,172.37098492826084,80.0,220.0,EMS,MWH,VALID
2025-08-01 04:00:00,307.5317308431579,138.38927887942106,169.14245196373685,80.0,220.0,EMS,MWH,VALID
2025-08-01 05:00:00,309.5894680923897,139.31526064157538,170.27420745081437,80.0,220.0,EMS,MWH,VALID
2025-08-01 06:00:00,350.3305742324932,157.64875840462193,192.68181582787128,80.0,220.0,EMS,MWH,VALID
2025-08-01 07:00:00,428.33752165837024,192.7518847462666,235.58563691210364,80.0,220.0,EMS,MWH,VALID
2025-08-01 08:00:00,435.52823677831606,195.98770655024225,239.54053022807383,80.0,220.0,EMS,MWH,VALID
2025-08-01 09:00:00,433.14462838020376,194.9150827710917,238.22954560911208,80.0,220.0,EMS,MWH,VALID
2025-08-01 10:00:00,376.6096916286191,169.4743612328786,207.1353303957405,60.0,220.0,EMS,MWH,VALID
2025-08-01 11:00:00,393.5675401789785,177.1053930805403,216.46214709843812,60.0,220.0,EMS,MWH,VALID
2025-08-01 12:00:00,390.5337007549277,175.7401653397175,214.79353541521027,60.0,220.0,EMS,MWH,VALID
2025-08-01 13:00:00,392.69416734989954,176.7123753074548,215.9817920424448,60.0,220.0,EMS,MWH,VALID
2025-08-01 14:00:00,380.6233666653801,171.28051499942106,209.34285166595907,60.0,220.0,EMS,MWH,VALID
2025-08-01 15:00:00,393.081256865869,176.88656558964107,216.194691276228,60.0,220.0,EMS,MWH,VALID
2025-08-01 16:00:00,417.0985593236911,187.69435169566097,229.4042076280301,80.0,220.0,EMS,MWH,VALID
2025-08-01 17:00:00,463.27636951369567,208.47436628116304,254.80200323253263,80.0,220.0,EMS,MWH,VALID
2025-08-01 18:00:00,472.0408004558523,212.41836020513355,259.6224402507188,80.0,220.0,EMS,MWH,VALID
2025-08-01 19:00:00,492.7314129001791,221.7291358050806,271.0022770950985,80.0,220.0,EMS,MWH,VALID
2025-08-01 20:00:00,495.46809505800417,222.96064277610188,272.5074522819023,80.0,220.0,EMS,MWH,VALID
2025-08-01 21:00:00,423.7087042061969,190.66891689278864,233.0397873134083,80.0,220.0,EMS,MWH,VALID
2025-08-01 22:00:00,372.32807342794,167.547633042573,204.78044038536703,80.0,220.0,EMS,MWH,VALID
2025-08-01 23:00:00,365.23800566984863,164.3571025514319,200.8809031184168,80.0,220.0,EMS,MWH,VALID
2025-08-02 00:00:00,253.77574558731368,114.19908551429116,139.57666007302254,80.0,220.0,EMS,MWH,VALID
2025-08-02 01:00:00,269.437630854011,121.24693388430497,148.19069696970607,80.0,220.0,EMS,MWH,VALID
2025-08-02 02:00:00,274.12655426610354,123.3569494197466,150.76960484635697,80.0,220.0,EMS,MWH,VALID
2025-08-02 03:00:00,250.5325670373496,112.73965516680734,137.7929118705423,80.0,220.0,EMS,MWH,VALID
2025-08-02 04:00:00,268.974127360449,121.03835731220208,147.93577004824698,80.0,220.0,EMS,MWH,VALID
2025-08-02 05:00:00,277.2472081391496,124.76124366261732,152.4859644765323,80.0,220.0,EMS,MWH,VALID
2025-08-02 06:00:00,287.43912965464614,129.34760834459075,158.09152131005538,80.0,220.0,EMS,MWH,VALID
2025-08-02 07:00:00,315.1548275502457,141.8196723976106,173.33515515263517,80.0,220.0,EMS,MWH,VALID
2025-08-02 08:00:00,355.9480067405524,160.17660303324854,195.7714037073038,80.0,220.0,EMS,MWH,VALID
2025-08-02 09:00:00,354.3520376693399,159.45841695120296,194.89362071813696,80.0,220.0,EMS,MWH,VALID
2025-08-02 10:00:00,285.4811222238748,128.46650500074367,157.01461722313115,60.0,220.0,EMS,MWH,VALID
2025-08-02 11:00:00,318.3310061417691,143.2489527637961,175.082053377973,60.0,220.0,EMS,MWH,VALID
2025-08-02 12:00:00,275.3441169149733,123.904852611738,151.43926430323535,60.0,220.0,EMS,MWH,VALID
2025-08-02 13:00:00,340.49779966659764,153.22400984996895,187.27378981662872,60.0,220.0,EMS,MWH,VALID
2025-08-02 14:00:00,301.6629971176041,135.74834870292185,165.91464841468226,60.0,220.0,EMS,MWH,VALID
2025-08-02 15:00:00,326.5177512657846,146.93298806960308,179.58476319618157,60.0,220.0,EMS,MWH,VALID
2025-08-02 16:00:00,328.5711805427931,147.85703124425692,180.71414929853623,80.0,220.0,EMS,MWH,VALID
2025-08-02 17:00:00,359.9007117537171,161.95532028917268,197.9453914645444,80.0,220.0,EMS,MWH,VALID
2025-08-02 18:00:00,385.8326808186122,173.62470636837548,212.20797445023672,80.0,220.0,EMS,MWH,VALID
2025-08-02 19:00:00,401.7788489632135,180.8004820334461,220.97836692976745,80.0,220.0,EMS,MWH,VALID
2025-08-02 20:00:00,389.3365219234423,175.20143486554906,214.1350870578933,80.0,220.0,EMS,MWH,VALID
2025-08-02 21:00:00,355.6011823617609,160.0205320627924,195.5806502989685,80.0,220.0,EMS,MWH,VALID
2025-08-02 22:00:00,284.5421383725263,128.04396226763686,156.4981761048895,80.0,220.0,EMS,MWH,VALID
2025-08-02 23:00:00,256.5958243696981,115.46812096636415,141.12770340333398,80.0,220.0,EMS,MWH,VALID
2025-08-03 00:00:00,246.2986368793005,110.83438659568522,135.46425028361529,80.0,220.0,EMS,MWH,VALID
2025-08-03 01:00:00,251.9912871573379,113.39607922080204,138.59520793653584,80.0,220.0,EMS,MWH,VALID
2025-08-03 02:00:00,242.3303632682301,109.04866347070356,133.28169979752658,80.0,220.0,EMS,MWH,VALID
2025-08-03 03:00:00,259.8854356443717,116.94844603996728,142.93698960440443,80.0,220.0,EMS,MWH,VALID
2025-08-03 04:00:00,260.5815946553644,117.261717594914,143.31987706045044,80.0,220.0,EMS,MWH,VALID
2025-08-03 05:00:00,265.9120040063581,119.66040180286112,146.25160220349696,80.0,220.0,EMS,MWH,VALID
2025-08-03 06:00:00,314.572826703988,141.5577720167946,173.01505468719338,80.0,220.0,EMS,MWH,VALID
2025-08-03 07:00:00,335.8627891425464,151.13825511414586,184.7245340284005,80.0,220.0,EMS,MWH,VALID
2025-08-03 08:00:00,350.2338358237917,157.60522612070628,192.62860970308543,80.0,220.0,EMS,MWH,VALID
2025-08-03 09:00:00,339.8138332179332,152.91622494806995,186.8976082698633,80.0,220.0,EMS,MWH,VALID
2025-08-03 10:00:00,322.0187883862741,144.90845477382334,177.11033361245077,60.0,220.0,EMS,MWH,VALID
2025-08-03 11:00:00,279.9780203794408,125.99010917074835,153.98791120869245,60.0,220.0,EMS,MWH,VALID
2025-08-03 12:00:00,313.41478424611284,141.03665291075075,172.37813133536207,60.0,220.0,EMS,MWH,VALID
2025-08-03 13:00:00,293.8704613688436,132.24170761597964,161.628753752864,60.0,220.0,EMS,MWH,VALID
2025-08-03 14:00:00,323.45486812352226,145.55469065558503,177.90017746793723,60.0,220.0,EMS,MWH,VALID
2025-08-03 15:00:00,349.38062633180044,157.2212818493102,192.15934448249027,60.0,220.0,EMS,MWH,VALID
2025-08-03 16:00:00,327.3233501891282,147.29550758510769,180.02784260402052,80.0,220.0,EMS,MWH,VALID
2025-08-03 17:00:00,366.8783882931519,165.09527473191835,201.7831135612336,80.0,220.0,EMS,MWH,VALID
2025-08-03 18:00:00,391.2583493235187,176.06625719558343,215.1920921279353,80.0,220.0,EMS,MWH,VALID
2025-08-03 19:00:00,410.73570379626375,184.8310667083187,225.90463708794508,80.0,220.0,EMS,MWH,VALID
2025-08-03 20:00:00,381.693663933147,171.76214876991614,209.93151516323084,80.0,220.0,EMS,MWH,VALID
2025-08-03 21:00:00,336.5322759647234,151.43952418412553,185.0927517805979,80.0,220.0,EMS,MWH,VALID
2025-08-03 22:00:00,314.69687909284244,141.6135955917791,173.08328350106336,80.0,220.0,EMS,MWH,VALID
2025-08-03 23:00:00,282.82934401007634,127.27320480453436,155.556139205542,80.0,220.0,EMS,MWH,VALID
2025-08-04 00:00:00,327.17049838639576,147.2267242738781,179.94377411251767,80.0,220.0,EMS,MWH,VALID
2025-08-04 01:00:00,327.1551617238801,147.21982277574605,179.93533894813407,80.0,220.0,EMS,MWH,VALID
2025-08-04 02:00:00,306.48918357125444,137.92013260706452,168.56905096418996,80.0,220.0,EMS,MWH,VALID
2025-08-04 03:00:00,324.16715222525374,145.8752185013642,178.29193372388957,80.0,220.0,EMS,MWH,VALID
2025-08-04 04:00:00,331.6670019250071,149.25015086625322,182.41685105875396,80.0,220.0,EMS,MWH,VALID
2025-08-04 05:00:00,354.9530671994328,159.72888023974477,195.22418695968804,80.0,220.0,EMS,MWH,VALID
2025-08-04 06:00:00,370.74680310539566,166.83606139742804,203.9107417079676,80.0,220.0,EMS,MWH,VALID
2025-08-04 07:00:00,380.0445281485707,171.0200376668568,209.02449048171388,80.0,220.0,EMS,MWH,VALID
2025-08-04 08:00:00,406.485472970552,182.9184628367484,223.5670101338036,80.0,220.0,EMS,MWH,VALID
2025-08-04 09:00:00,412.9940296149136,185.84731332671117,227.14671628820253,80.0,220.0,EMS,MWH,VALID
2025-08-04 10:00:00,396.3538940099233,178.35925230446549,217.99464170545784,60.0,220.0,EMS,MWH,VALID
2025-08-04 11:00:00,399.42047270668354,179.7392127180076,219.681259988676,60.0,220.0,EMS,MWH,VALID
2025-08-04 12:00:00,386.8723164915793,174.09254242121068,212.77977407036863,60.0,220.0,EMS,MWH,VALID
2025-08-04 13:00:00,383.0083676550107,172.35376544475483,210.65460221025592,60.0,220.0,EMS,MWH,VALID
2025-08-04 14:00:00,383.7615087524376,172.6926789385969,211.0688298138407,60.0,220.0,EMS,MWH,VALID
2025-08-04 15:00:00,381.87957800750513,171.84581010337732,210.03376790412784,60.0,220.0,EMS,MWH,VALID
2025-08-04 16:00:00,437.3195683938358,196.7938057772261,240.5257626166097,80.0,220.0,EMS,MWH,VALID
2025-08-04 17:00:00,450.0636715333743,202.52865219001845,247.53501934335588,80.0,220.0,EMS,MWH,VALID
2025-08-04 18:00:00,480.765221734409,216.34434978048407,264.420871953925,80.0,220.0,EMS,MWH,VALID
2025-08-04 19:00:00,487.9492718181499,219.57717231816747,268.3720994999825,80.0,220.0,EMS,MWH,VALID
2025-08-04 20:00:00,447.3468660221892,201.30608970998512,246.0407763122041,80.0,220.0,EMS,MWH,VALID
2025-08-04 21:00:00,436.6518953705485,196.49335291674683,240.1585424538017,80.0,220.0,EMS,MWH,VALID
2025-08-04 22:00:00,381.4291623053885,171.64312303742483,209.7860392679637,80.0,220.0,EMS,MWH,VALID
2025-08-04 23:00:00,366.9652103538291,165.1343446592231,201.830865694606,80.0,220.0,EMS,MWH,VALID
2025-08-05 00:00:00,318.65410045184444,143.39434520333,175.25975524851447,80.0,220.0,EMS,MWH,VALID
2025-08-05 01:00:00,318.90756448457256,143.50840401805766,175.39916046651493,80.0,220.0,EMS,MWH,VALID
2025-08-05 02:00:00,301.8098073832522,135.81441332246348,165.9953940607887,80.0,220.0,EMS,MWH,VALID
2025-08-05 03:00:00,316.3994846071515,142.3797680732182,174.01971653393335,80.0,220.0,EMS,MWH,VALID
2025-08-05 04:00:00,328.433247335712,147.7949613010704,180.6382860346416,80.0,220.0,EMS,MWH,VALID
2025-08-05 05:00:00,311.459758992812,140.1568915467654,171.3028674460466,80.0,220.0,EMS,MWH,VALID
2025-08-05 06:00:00,394.160355171163,177.37215982702335,216.78819534413967,80.0,220.0,EMS,MWH,VALID
2025-08-05 07:00:00,408.6321734434307,183.88447804954384,224.7476953938869,80.0,220.0,EMS,MWH,VALID
2025-08-05 08:00:00,438.624887794776,197.3811995076492,241.2436882871268,80.0,220.0,EMS,MWH,VALID
2025-08-05 09:00:00,435.8121960204449,196.1154882092002,239.69670781124472,80.0,220.0,EMS,MWH,VALID
2025-08-05 10:00:00,390.8072163756045,175.86324736902205,214.9439690065825,60.0,220.0,EMS,MWH,VALID
2025-08-05 11:00:00,378.5279308659451,170.3375688896753,208.19036197626983,60.0,220.0,EMS,MWH,VALID
2025-08-05 12:00:00,379.0594778715701,170.57676504220657,208.4827128293636,60.0,220.0,EMS,MWH,VALID
2025-08-05 13:00:00,374.8096248464793,168.6643311809157,206.14529366556368,60.0,220.0,EMS,MWH,VALID
2025-08-05 14:00:00,385.43717298576166,173.44672784359275,211.9904451421689,60.0,220.0,EMS,MWH,VALID
2025-08-05 15:00:00,403.9019222672547,181.75586502026465,222.1460572469901,60.0,220.0,EMS,MWH,VALID
2025-08-05 16:00:00,388.48519896540336,174.81833953443152,213.66685943097187,80.0,220.0,EMS,MWH,VALID
2025-08-05 17:00:00,441.85881624632367,198.83646731084565,243.02234893547805,80.0,220.0,EMS,MWH,VALID
2025-08-05 18:00:00,491.7005519968831,221.26524839859735,270.4353035982857,80.0,220.0,EMS,MWH,VALID
2025-08-05 19:00:00,465.8885995209031,209.6498697844064,256.23872973649674,80.0,220.0,EMS,MWH,VALID
2025-08-05 20:00:00,473.8533386522287,213.2340023935029,260.6193362587258,80.0,220.0,EMS,MWH,VALID
2025-08-05 21:00:00,434.67971805055566,195.60587312275004,239.0738449278056,80.0,220.0,EMS,MWH,VALID
2025-08-05 22:00:00,357.95498161452315,161.07974172653542,196.87523988798776,80.0,220.0,EMS,MWH,VALID
2025-08-05 23:00:00,341.61272445438243,153.7257260044721,187.88699844991035,80.0,220.0,EMS,MWH,VALID
2025-08-06 00:00:00,317.8339814261112,143.02529164175004,174.80868978436118,80.0,220.0,EMS,MWH,VALID
2025-08-06 01:00:00,314.8862966158336,141.6988334771251,173.1874631387085,80.0,220.0,EMS,MWH,VALID
2025-08-06 02:00:00,319.3321914425466,143.69948614914597,175.63270529340065,80.0,220.0,EMS,MWH,VALID
2025-08-06 03:00:00,316.83531871982296,142.57589342392035,174.25942529590264,80.0,220.0,EMS,MWH,VALID
2025-08-06 04:00:00,323.90455881903324,145.75705146856495,178.1475073504683,80.0,220.0,EMS,MWH,VALID
2025-08-06 05:00:00,342.02925525919534,153.9131648666379,188.11609039255745,80.0,220.0,EMS,MWH,VALID
2025-08-06 06:00:00,382.60882147551513,172.1739696639818,210.43485181153332,80.0,220.0,EMS,MWH,VALID
2025-08-06 07:00:00,393.334684285825,177.00060792862126,216.33407635720377,80.0,220.0,EMS,MWH,VALID
2025-08-06 08:00:00,431.7796097890414,194.30082440506865,237.4787853839728,80.0,220.0,EMS,MWH,VALID
2025-08-06 09:00:00,401.6261825414572,180.73178214365572,220.89440039780143,80.0,220.0,EMS,MWH,VALID
2025-08-06 10:00:00,384.6788127823859,173.10546575207366,211.57334703031225,60.0,220.0,EMS,MWH,VALID
2025-08-06 11:00:00,352.7872439473986,158.75425977632938,194.03298417106924,60.0,220.0,EMS,MWH,VALID
2025-08-06 12:00:00,372.9334584704064,167.82005631168286,205.11340215872352,60.0,220.0,EMS,MWH,VALID
2025-08-06 13:00:00,365.7867283913865,164.60402777612396,201.1827006152626,60.0,220.0,EMS,MWH,VALID
2025-08-06 14:00:00,377.8608712951186,170.0373920828034,207.82347921231528,60.0,220.0,EMS,MWH,VALID
2025-08-06 15:00:00,391.4234182846128,176.14053822807577,215.28288005653707,60.0,220.0,EMS,MWH,VALID
2025-08-06 16:00:00,401.1503228092852,180.51764526417836,220.63267754510687,80.0,220.0,EMS,MWH,VALID
2025-08-06 17:00:00,456.6701055766582,205.5015475094962,251.16855806716205,80.0,220.0,EMS,MWH,VALID
2025-08-06 18:00:00,484.8462305616931,218.1808037527619,266.6654268089312,80.0,220.0,EMS,MWH,VALID
2025-08-06 19:00:00,471.3770581071802,212.11967614823112,259.2573819589492,80.0,220.0,EMS,MWH,VALID
2025-08-06 20:00:00,436.0115176575869,196.2051829459141,239.80633471167283,80.0,220.0,EMS,MWH,VALID
2025-08-06 21:00:00,417.970418361916,188.08668826286225,229.88373009905385,80.0,220.0,EMS,MWH,VALID
2025-08-06 22:00:00,357.073118759118,160.6829034416031,196.3902153175149,80.0,220.0,EMS,MWH,VALID
2025-08-06 23:00:00,351.2237886839414,158.05070490777362,193.17308377616777,80.0,220.0,EMS,MWH,VALID
2025-08-07 01:00:00,299.9943099669979,134.99743948514904,164.99687048184884,80.0,220.0,EMS,MWH,VALID
2025-08-07 02:00:00,313.6696938729299,141.15136224281846,172.51833163011145,80.0,220.0,EMS,MWH,VALID
2025-08-07 03:00:00,313.370318596704,141.0166433685168,172.35367522818723,80.0,220.0,EMS,MWH,VALID
2025-08-07 04:00:00,333.68069754886784,150.15631389699053,183.5243836518773,80.0,220.0,EMS,MWH,VALID
2025-08-07 05:00:00,327.4526431688726,147.35368942599268,180.09895374287996,80.0,220.0,EMS,MWH,VALID
2025-08-07 06:00:00,404.995548822931,182.24799697031895,222.74755185261208,80.0,220.0,EMS,MWH,VALID
2025-08-07 07:00:00,408.478368906674,183.8152660080033,224.66310289867076,80.0,220.0,EMS,MWH,VALID
2025-08-07 08:00:00,423.0187896406257,190.3584553382816,232.66033430234413,80.0,220.0,EMS,MWH,VALID
2025-08-07 09:00:00,426.575527308798,191.95898728895912,234.6165400198389,80.0,220.0,EMS,MWH,VALID
2025-08-07 10:00:00,397.2847997795116,178.77815990078022,218.50663987873145,60.0,220.0,EMS,MWH,VALID
2025-08-07 11:00:00,386.0201726069125,173.70907767311064,212.3110949338019,60.0,220.0,EMS,MWH,VALID
2025-08-07 12:00:00,366.7628867933358,165.0432990570011,201.7195877363347,60.0,220.0,EMS,MWH,VALID
2025-08-07 13:00:00,392.1968629071709,176.4885883082269,215.708274598944,60.0,220.0,EMS,MWH,VALID
2025-08-07 14:00:00,377.34249445465673,169.80412250459554,207.5383719500612,60.0,220.0,EMS,MWH,VALID
2025-08-07 15:00:00,388.2559793825694,174.71519072215625,213.5407886604132,60.0,220.0,EMS,MWH,VALID
2025-08-07 16:00:00,407.2030903855644,183.241390673504,223.96169971206044,80.0,220.0,EMS,MWH,VALID
2025-08-07 17:00:00,441.612536398722,198.7256413794249,242.88689501929716,80.0,220.0,EMS,MWH,VALID
2025-08-07 18:00:00,467.0205427499601,210.15924423748208,256.8612985124781,80.0,220.0,EMS,MWH,VALID
2025-08-07 19:00:00,484.479841113998,218.0159285012991,266.46391261269895,80.0,220.0,EMS,MWH,VALID
2025-08-07 20:00:00,427.8864401557618,192.54889807009283,235.337542085669,80.0,220.0,EMS,MWH,VALID
2025-08-07 21:00:00,435.60650913765136,196.0229291119431,239.58358002570827,80.0,220.0,EMS,MWH,VALID
2025-08-07 22:00:00,367.0071425707122,165.1532141568205,201.8539284138917,80.0,220.0,EMS,MWH,VALID
2025-08-07 23:00:00,328.2825382414171,147.7271422086377,180.55539603277944,80.0,220.0,EMS,MWH,VALID
2025-08-08 00:00:00,321.72363831008414,144.77563723953787,176.9480010705463,80.0,220.0,EMS,MWH,VALID
2025-08-08 01:00:00,332.60679934442715,149.67305970499223,182.93373963943492,80.0,220.0,EMS,MWH,VALID
2025-08-08 02:00:00,289.40622018536936,130.2327990834162,159.17342110195315,80.0,220.0,EMS,MWH,VALID
2025-08-08 03:00:00,328.7005299750025,147.91523848875113,180.7852914862514,80.0,220.0,EMS,MWH,VALID
2025-08-08 04:00:00,301.4653905677295,135.65942575547828,165.80596481225123,80.0,220.0,EMS,MWH,VALID
2025-08-08 05:00:00,339.03997212644606,152.56798745690074,186.47198466954532,80.0,220.0,EMS,MWH,VALID
2025-08-08 06:00:00,387.8779631011434,174.54508339551452,213.3328797056289,80.0,220.0,EMS,MWH,VALID
2025-08-08 07:00:00,386.2760606898542,173.8242273104344,212.45183337941984,80.0,220.0,EMS,MWH,VALID
2025-08-08 08:00:00,407.9589253459841,183.58151640569284,224.37740894029128,80.0,220.0,EMS,MWH,VALID
2025-08-08 09:00:00,436.49562582885926,196.42303162298668,240.0725942058726,80.0,220.0,EMS,MWH,VALID
2025-08-08 10:00:00,365.344020934485,164.40480942051826,200.9392115139668,60.0,220.0,EMS,MWH,VALID
2025-08-08 11:00:00,407.58197662739553,183.411889482328,224.17008714506755,60.0,220.0,EMS,MWH,VALID
2025-08-08 12:00:00,361.1792506688753,162.5306628009939,198.64858786788145,60.0,220.0,EMS,MWH,VALID
2025-08-08 13:00:00,382.39218303731934,172.0764823667937,210.31570067052564,60.0,220.0,EMS,MWH,VALID
2025-08-08 14:00:00,360.760849245947,162.34238216067615,198.4184670852709,60.0,220.0,EMS,MWH,VALID
2025-08-08 15:00:00,387.3612086971877,174.31254391373446,213.0486647834533,60.0,220.0,EMS,MWH,VALID
2025-08-08 16:00:00,401.5103029253394,180.67963631640276,220.8306666089367,80.0,220.0,EMS,MWH,VALID
2025-08-08 17:00:00,437.6569711896646,196.94563703534908,240.71133415431555,80.0,220.0,EMS,MWH,VALID
2025-08-08 18:00:00,464.29504136161216,208.93276861272548,255.3622727488867,80.0,220.0,EMS,MWH,VALID
2025-08-08 19:00:00,490.5814537770229,220.76165419966037,269.81979957736263,80.0,220.0,EMS,MWH,VALID
2025-08-08 20:00:00,456.9781673186519,205.64017529339333,251.33799202525853,80.0,220.0,EMS,MWH,VALID
2025-08-08 21:00:00,426.2357202628218,191.80607411826983,234.429646144552,80.0,220.0,EMS,MWH,VALID
2025-08-08 22:00:00,373.9512707416445,168.27807183374003,205.6731989079045,80.0,220.0,EMS,MWH,VALID
2025-08-08 23:00:00,335.22870013105387,150.85291505897425,184.37578507207965,80.0,220.0,EMS,MWH,VALID
2025-08-09 00:00:00,258.2493085176101,116.21218883292454,142.03711968468556,80.0,220.0,EMS,MWH,VALID
2025-08-09 01:00:00,252.8282056297124,113.77269253337056,139.05551309634183,80.0,220.0,EMS,MWH,VALID
2025-08-09 02:00:00,224.7293773150678,101.12821979178052,123.6011575232873,80.0,220.0,EMS,MWH,VALID
2025-08-09 03:00:00,259.62707912103315,116.83218560446493,142.79489351656824,80.0,220.0,EMS,MWH,VALID
2025-08-09 04:00:00,253.77723085123404,114.19975388305532,139.57747696817873,80.0,220.0,EMS,MWH,VALID
2025-08-09 05:00:00,262.24200250921825,118.0089011291482,144.23310138007005,80.0,220.0,EMS,MWH,VALID
2025-08-09 06:00:00,283.7825055530334,127.70212749886502,156.08037805416836,80.0,220.0,EMS,MWH,VALID
2025-08-09 07:00:00,315.74088069961573,142.08339631482707,173.65748438478866,80.0,220.0,EMS,MWH,VALID
2025-08-09 08:00:00,352.14334346851786,158.46450456083303,193.67883890768485,80.0,220.0,EMS,MWH,VALID
2025-08-09 09:00:00,314.5446636862892,141.54509865883014,172.99956502745908,80.0,220.0,EMS,MWH,VALID
2025-08-09 10:00:00,337.9684987105248,152.08582441973616,185.88267429078863,60.0,220.0,EMS,MWH,VALID
2025-08-09 11:00:00,298.0752789526826,134.13387552870716,163.94140342397543,60.0,220.0,EMS,MWH,VALID
2025-08-09 12:00:00,310.6772706397205,139.80477178787424,170.8724988518463,60.0,220.0,EMS,MWH,VALID
2025-08-09 13:00:00,335.0984010734469,150.7942804830511,184.3041205903958,60.0,220.0,EMS,MWH,VALID
2025-08-09 14:00:00,271.0216529055548,121.95974380749966,149.06190909805514,60.0,220.0,EMS,MWH,VALID
2025-08-09 15:00:00,310.66687723108487,139.8000947539882,170.86678247709668,60.0,220.0,EMS,MWH,VALID
2025-08-09 16:00:00,312.0990941130134,140.44459235085603,171.65450176215737,80.0,220.0,EMS,MWH,VALID
2025-08-09 17:00:00,367.71471744454647,165.47162285004592,202.24309459450055,80.0,220.0,EMS,MWH,VALID
2025-08-09 18:00:00,379.0012820045773,170.5505769020598,208.45070510251756,80.0,220.0,EMS,MWH,VALID
2025-08-09 19:00:00,388.1854064004847,174.6834328802181,213.5019735202666,80.0,220.0,EMS,MWH,VALID
2025-08-09 20:00:00,409.7776818528389,184.3999568337775,225.37772501906144,80.0,220.0,EMS,MWH,VALID
2025-08-09 21:00:00,340.91061536409165,153.40977691384126,187.50083845025043,80.0,220.0,EMS,MWH,VALID
2025-08-09 22:00:00,289.66847375510537,130.3508131897974,159.31766056530796,80.0,220.0,EMS,MWH,VALID
2025-08-09 23:00:00,271.14075047783655,122.01333771502644,149.1274127628101,80.0,220.0,EMS,MWH,VALID
2025-08-10 00:00:00,238.4977128823959,107.32397079707816,131.17374208531774,80.0,220.0,EMS,MWH,VALID
2025-08-10 01:00:00,247.13065374527005,111.20879418537152,135.92185955989854,80.0,220.0,EMS,MWH,VALID
2025-08-10 02:00:00,244.03997810356125,109.81799014660255,134.2219879569587,80.0,220.0,EMS,MWH,VALID
2025-08-10 03:00:00,257.3839570285704,115.82278066285669,141.56117636571375,80.0,220.0,EMS,MWH,VALID
2025-08-10 04:00:00,255.00371265146504,114.75167069315928,140.25204195830577,80.0,220.0,EMS,MWH,VALID
2025-08-10 05:00:00,296.17403687779944,133.27831659500976,162.8957202827897,80.0,220.0,EMS,MWH,VALID
2025-08-10 06:00:00,315.42921069094683,141.94314481092607,173.48606588002076,80.0,220.0,EMS,MWH,VALID
2025-08-10 07:00:00,315.3641831090289,141.913882399063,173.4503007099659,80.0,220.0,EMS,MWH,VALID
2025-08-10 08:00:00,335.5911432220389,151.01601444991752,184.57512877212145,80.0,220.0,EMS,MWH,VALID
2025-08-10 09:00:00,329.69836165622894,148.36426274530302,181.33409891092597,80.0,220.0,EMS,MWH,VALID
2025-08-10 10:00:00,292.5041086396182,131.6268488878282,160.87725975179004,60.0,220.0,EMS,MWH,VALID
2025-08-10 11:00:00,328.1143436248419,147.65145463117886,180.46288899366309,60.0,220.0,EMS,MWH,VALID
2025-08-10 12:00:00,307.49179898795103,138.37130954457797,169.1204894433731,60.0,220.0,EMS,MWH,VALID
2025-08-10 13:00:00,279.0803126004697,125.58614067021138,153.49417193025835,60.0,220.0,EMS,MWH,VALID
2025-08-10 14:00:00,320.35771110766245,144.1609699984481,176.19674110921437,60.0,220.0,EMS,MWH,VALID
2025-08-10 15:00:00,327.53185301771487,147.3893338579717,180.1425191597432,60.0,220.0,EMS,MWH,VALID
2025-08-10 16:00:00,355.0986430920266,159.79438939141195,195.30425370061465,80.0,220.0,EMS,MWH,VALID
2025-08-10 17:00:00,366.7131992670368,165.02093967016654,201.69225959687023,80.0,220.0,EMS,MWH,VALID
2025-08-10 18:00:00,396.13209590851545,178.25944315883197,217.8726527496835,80.0,220.0,EMS,MWH,VALID
2025-08-10 19:00:00,403.0025137316782,181.3511311792552,221.65138255242303,80.0,220.0,EMS,MWH,VALID
2025-08-10 20:00:00,378.1185468208759,170.15334606939413,207.96520075148172,80.0,220.0,EMS,MWH,VALID
2025-08-10 21:00:00,332.1747499771608,149.47863748972233,182.69611248743843,80.0,220.0,EMS,MWH,VALID
2025-08-10 22:00:00,316.6839467457335,142.5077760355801,174.17617071015346,80.0,220.0,EMS,MWH,VALID
2025-08-10 23:00:00,266.6159851187179,119.97719330342306,146.6387918152949,80.0,220.0,EMS,MWH,VALID
2025-08-11 00:00:00,304.30669842002646,136.9380142890119,167.36868413101456,80.0,220.0,EMS,MWH,VALID
2025-08-11 01:00:00,322.2761694509732,145.02427625293794,177.25189319803528,80.0,220.0,EMS,MWH,VALID
2025-08-11 02:00:00,333.4271780032809,150.0422301014764,183.3849479018045,80.0,220.0,EMS,MWH,VALID
2025-08-11 03:00:00,334.9348031635819,150.72066142361186,184.21414173997005,80.0,220.0,EMS,MWH,VALID
2025-08-11 04:00:00,327.2815483866572,147.27669677399572,180.00485161266147,80.0,220.0,EMS,MWH,VALID
2025-08-11 05:00:00,339.62634755940263,152.8318564017312,186.79449115767147,80.0,220.0,EMS,MWH,VALID
2025-08-11 06:00:00,379.73611344390616,170.88125104975776,208.8548623941484,80.0,220.0,EMS,MWH,VALID
2025-08-11 07:00:00,390.2089946714309,175.59404760214392,214.614947069287,80.0,220.0,EMS,MWH,VALID
2025-08-11 08:00:00,419.0319038860637,188.56435674872867,230.46754713733503,80.0,220.0,EMS,MWH,VALID
2025-08-11 09:00:00,441.5930068360217,198.71685307620976,242.876153759812,80.0,220.0,EMS,MWH,VALID
2025-08-11 10:00:00,403.72514978773927,181.6763174044827,222.0488323832566,60.0,220.0,EMS,MWH,VALID
2025-08-11 11:00:00,387.2386514509609,174.25739315293242,212.9812582980285,60.0,220.0,EMS,MWH,VALID
2025-08-11 12:00:00,377.7449905309314,169.98524573891916,207.7597447920123,60.0,220.0,EMS,MWH,VALID
2025-08-11 13:00:00,397.3445234493833,178.80503555222248,218.5394878971608,60.0,220.0,EMS,MWH,VALID
2025-08-11 14:00:00,382.3076846865048,172.0384581089272,210.26922657757768,60.0,220.0,EMS,MWH,VALID
2025-08-11 15:00:00,375.9470763975549,169.1761843788997,206.7708920186552,60.0,220.0,EMS,MWH,VALID
2025-08-11 16:00:00,403.36670746981474,181.51501836141665,221.8516891083981,80.0,220.0,EMS,MWH,VALID
2025-08-11 17:00:00,445.2954702135882,200.38296159611468,244.91250861747352,80.0,220.0,EMS,MWH,VALID
2025-08-11 18:00:00,458.9895437101457,206.5452946695656,252.44424904058016,80.0,220.0,EMS,MWH,VALID
2025-08-11 19:00:00,483.6943661059264,217.6624647476669,266.0319013582595,80.0,220.0,EMS,MWH,VALID
2025-08-11 20:00:00,454.3133585590241,204.4410113515609,249.8723472074633,80.0,220.0,EMS,MWH,VALID
2025-08-11 21:00:00,397.32656573896656,178.79695458253497,218.52961115643163,80.0,220.0,EMS,MWH,VALID
2025-08-11 22:00:00,373.1651167704687,167.92430254671092,205.2408142237578,80.0,220.0,EMS,MWH,VALID
2025-08-11 23:00:00,345.43372698188017,155.44517714184607,189.9885498400341,80.0,220.0,EMS,MWH,VALID
2025-08-12 00:00:00,321.5280207196918,144.68760932386132,176.84041139583053,80.0,220.0,EMS,MWH,VALID
2025-08-12 01:00:00,305.7475687185532,137.5864059233489,168.16116279520426,80.0,220.0,EMS,MWH,VALID
2025-08-12 02:00:00,300.8433803520026,135.3795211584012,165.46385919360145,80.0,220.0,EMS,MWH,VALID
2025-08-12 03:00:00,306.3165110650059,137.84242997925267,168.47408108575326,80.0,220.0,EMS,MWH,VALID
2025-08-12 04:00:00,341.0785715418617,153.4853571938378,187.593214348024,80.0,220.0,EMS,MWH,VALID
2025-08-12 05:00:00,323.0398277393349,145.36792248270072,177.67190525663423,80.0,220.0,EMS,MWH,VALID
2025-08-12 06:00:00,364.6476582648773,164.09144621919475,200.55621204568249,80.0,220.0,EMS,MWH,VALID
2025-08-12 07:00:00,388.1981345643333,174.68916055395,213.50897401038333,80.0,220.0,EMS,MWH,VALID
2025-08-12 08:00:00,431.3943370120475,194.1274516554214,237.26688535662612,80.0,220.0,EMS,MWH,VALID
2025-08-12 09:00:00,409.12898420312735,184.1080428914073,225.0209413117201,80.0,220.0,EMS,MWH,VALID
2025-08-12 10:00:00,378.2324432298673,170.2045994534403,208.02784377642703,60.0,220.0,EMS,MWH,VALID
2025-08-12 11:00:00,379.3368233473283,170.70157050629774,208.63525284103056,60.0,220.0,EMS,MWH,VALID
2025-08-12 12:00:00,380.5352363028297,171.2408563362734,209.2943799665564,60.0,220.0,EMS,MWH,VALID
2025-08-12 13:00:00,388.1482217464244,174.66669978589098,213.48152196053343,60.0,220.0,EMS,MWH,VALID
2025-08-12 14:00:00,392.8452689693002,176.7803710361851,216.06489793311516,60.0,220.0,EMS,MWH,VALID
2025-08-12 15:00:00,374.3307239560834,168.44882578023754,205.8818981758459,60.0,220.0,EMS,MWH,VALID
2025-08-12 16:00:00,402.46790041720135,181.1105551877406,221.35734522946075,80.0,220.0,EMS,MWH,VALID
2025-08-12 17:00:00,440.8646571165805,198.38909570246125,242.4755614141193,80.0,220.0,EMS,MWH,VALID
2025-08-12 18:00:00,472.7855447871352,212.75349515421084,260.0320496329244,80.0,220.0,EMS,MWH,VALID
2025-08-12 19:00:00,461.7215414851032,207.7746936682965,253.9468478168068,80.0,220.0,EMS,MWH,VALID
2025-08-12 20:00:00,459.5995835202879,206.8198125841296,252.7797709361584,80.0,220.0,EMS,MWH,VALID
2025-08-12 21:00:00,405.09199997917545,182.29139999062892,222.8005999885465,80.0,220.0,EMS,MWH,VALID
2025-08-12 22:00:00,377.71021063391777,169.969594785263,207.7406158486548,80.0,220.0,EMS,MWH,VALID
2025-08-12 23:00:00,357.5960112343769,160.9182050554696,196.6778061789073,80.0,220.0,EMS,MWH,VALID
2025-08-13 00:00:00,313.39072605288163,141.02582672379674,172.36489932908492,80.0,220.0,EMS,MWH,VALID
2025-08-13 01:00:00,299.7409653901704,134.8834344255767,164.85753096459374,80.0,220.0,EMS,MWH,VALID
2025-08-13 02:00:00,304.2977425316464,136.9339841392409,167.36375839240554,80.0,220.0,EMS,MWH,VALID
2025-08-13 03:00:00,331.33064411301376,149.0987898508562,182.2318542621576,80.0,220.0,EMS,MWH,VALID
2025-08-13 04:00:00,293.6451105969107,132.14029976860982,161.5048108283009,80.0,220.0,EMS,MWH,VALID
2025-08-13 05:00:00,338.1219665418292,152.1548849438231,185.96708159800608,80.0,220.0,EMS,MWH,VALID
2025-08-13 06:00:00,375.3122338483878,168.8905052317745,206.4217286166133,80.0,220.0,EMS,MWH,VALID
2025-08-13 07:00:00,414.9227146929347,186.7152216118206,228.20749308111408,80.0,220.0,EMS,MWH,VALID
2025-08-13 08:00:00,390.5510734872925,175.74798306928164,214.8030904180109,80.0,220.0,EMS,MWH,VALID
2025-08-13 09:00:00,403.9365677422479,181.7714554840116,222.1651122582364,80.0,220.0,EMS,MWH,VALID
2025-08-13 10:00:00,394.193745276942,177.38718537462393,216.80655990231813,60.0,220.0,EMS,MWH,VALID
2025-08-13 11:00:00,381.83516667692624,171.8258250046168,210.00934167230943,60.0,220.0,EMS,MWH,VALID
2025-08-13 12:00:00,369.613518973048,166.32608353787165,203.28743543517643,60.0,220.0,EMS,MWH,VALID
2025-08-13 13:00:00,370.917315401246,166.9127919305607,204.0045234706853,60.0,220.0,EMS,MWH,VALID
2025-08-13 14:00:00,374.6150877950861,168.57678950778873,206.03829828729732,60.0,220.0,EMS,MWH,VALID
2025-08-13 15:00:00,384.71993164832776,173.1239692417475,211.5959624065803,60.0,220.0,EMS,MWH,VALID
2025-08-13 16:00:00,405.14229218562446,182.314031483531,222.82826070209347,80.0,220.0,EMS,MWH,VALID
2025-08-13 17:00:00,449.05267356717104,202.07370310522697,246.9789704619441,80.0,220.0,EMS,MWH,VALID
2025-08-13 18:00:00,490.1999440852194,220.58997483834875,269.6099692468707,80.0,220.0,EMS,MWH,VALID
2025-08-13 19:00:00,506.5213624061491,227.9346130827671,278.58674932338204,80.0,220.0,EMS,MWH,VALID
2025-08-13 20:00:00,458.3978901767143,206.27905057952145,252.1188395971929,80.0,220.0,EMS,MWH,VALID
2025-08-13 21:00:00,431.8059625876701,194.31268316445156,237.49327942321852,80.0,220.0,EMS,MWH,VALID
2025-08-13 22:00:00,370.9715900097062,166.93721550436777,204.0343745053384,80.0,220.0,EMS,MWH,VALID
2025-08-13 23:00:00,318.52762795511273,143.33743257980075,175.19019537531202,80.0,220.0,EMS,MWH,VALID
2025-08-14 00:00:00,293.8434387488533,132.229547436984,161.61389131186934,80.0,220.0,EMS,MWH,VALID
2025-08-14 01:00:00,318.85275917104934,143.4837416269722,175.36901754407714,80.0,220.0,EMS,MWH,VALID
2025-08-14 02:00:00,317.28502073995537,142.77825933297993,174.50676140697547,80.0,220.0,EMS,MWH,VALID
2025-08-14 03:00:00,325.48844588079777,146.469800646359,179.0186452344388,80.0,220.0,EMS,MWH,VALID
2025-08-14 04:00:00,319.9677815770609,143.9855017096774,175.9822798673835,80.0,220.0,EMS,MWH,VALID
2025-08-14 05:00:00,317.8138536629456,143.0162341483255,174.79761951462007,80.0,220.0,EMS,MWH,VALID
2025-08-14 06:00:00,390.207628301916,175.5934327358622,214.6141955660538,80.0,220.0,EMS,MWH,VALID
2025-08-14 07:00:00,398.0271993706961,179.11223971681326,218.91495965388287,80.0,220.0,EMS,MWH,VALID
2025-08-14 08:00:00,411.0103532125394,184.95465894564276,226.0556942668967,80.0,220.0,EMS,MWH,VALID
2025-08-14 09:00:00,399.11388403697214,179.60124781663745,219.51263622033468,80.0,220.0,EMS,MWH,VALID
2025-08-14 10:00:00,388.71442950484703,174.92149327718116,213.79293622766588,60.0,220.0,EMS,MWH,VALID
2025-08-14 11:00:00,393.671115311553,177.15200189019887,216.51911342135415,60.0,220.0,EMS,MWH,VALID
2025-08-14 12:00:00,375.5253426997665,168.98640421489492,206.5389384848716,60.0,220.0,EMS,MWH,VALID
2025-08-14 13:00:00,348.62651948032425,156.88193376614592,191.7445857141784,60.0,220.0,EMS,MWH,VALID
2025-08-14 14:00:00,367.6226380868548,165.4301871390847,202.19245094777017,60.0,220.0,EMS,MWH,VALID
2025-08-14 15:00:00,373.22762166965776,167.952429751346,205.27519191831175,60.0,220.0,EMS,MWH,VALID
2025-08-14 16:00:00,397.754164796148,178.9893741582666,218.76479063788145,80.0,220.0,EMS,MWH,VALID
2025-08-14 17:00:00,443.2370310659786,199.4566639796904,243.7803670862883,80.0,220.0,EMS,MWH,VALID
2025-08-14 18:00:00,449.064583926837,202.07906276707664,246.9855211597604,80.0,220.0,EMS,MWH,VALID
2025-08-14 19:00:00,483.95852227857785,217.78133502536,266.1771872532178,80.0,220.0,EMS,MWH,VALID
2025-08-14 20:00:00,493.7734294165588,222.19804323745143,271.57538617910734,80.0,220.0,EMS,MWH,VALID
2025-08-14 21:00:00,404.3836879989199,181.97265959951395,222.41102839940595,80.0,220.0,EMS,MWH,VALID
2025-08-14 22:00:00,385.7827165169,173.60222243260498,212.180494084295,80.0,220.0,EMS,MWH,VALID
2025-08-14 23:00:00,326.0917719450472,146.74129737527124,179.35047456977597,80.0,220.0,EMS,MWH,VALID
2025-08-15 00:00:00,286.2317100322708,128.80426951452188,157.42744051774898,80.0,220.0,EMS,MWH,VALID
2025-08-15 01:00:00,270.8192810294934,121.86867646327204,148.9506045662214,80.0,220.0,EMS,MWH,VALID
2025-08-15 02:00:00,320.3914168016019,144.17613756072086,176.21527924088107,80.0,220.0,EMS,MWH,VALID
2025-08-15 03:00:00,312.2900459402522,140.5305206731135,171.7595252671387,80.0,220.0,EMS,MWH,VALID
2025-08-15 04:00:00,279.25540220984425,125.66493099442992,153.59047121541434,80.0,220.0,EMS,MWH,VALID
2025-08-15 05:00:00,334.78554172078094,150.65349377435143,184.13204794642957,80.0,220.0,EMS,MWH,VALID
2025-08-15 06:00:00,342.39625783580806,154.07831602611364,188.31794180969445,80.0,220.0,EMS,MWH,VALID
2025-08-15 07:00:00,427.66033723516057,192.44715175582223,235.21318547933836,80.0,220.0,EMS,MWH,VALID
2025-08-15 08:00:00,416.1911774624792,187.28602985811565,228.9051476043636,80.0,220.0,EMS,MWH,VALID
2025-08-15 09:00:00,409.31998033844445,184.1939911523,225.1259891861445,80.0,220.0,EMS,MWH,VALID
2025-08-15 10:00:00,393.6689234377762,177.1510155469993,216.5179078907769,60.0,220.0,EMS,MWH,VALID
2025-08-15 11:00:00,389.2395186131794,175.15778337593073,214.0817352372487,60.0,220.0,EMS,MWH,VALID
2025-08-15 12:00:00,370.8898347794116,166.90042565073523,203.9894091286764,60.0,220.0,EMS,MWH,VALID
2025-08-15 13:00:00,358.8409524443142,161.4784285999414,197.36252384437284,60.0,220.0,EMS,MWH,VALID
2025-08-15 14:00:00,383.6589178366961,172.64651302651322,211.01240481018283,60.0,220.0,EMS,MWH,VALID
2025-08-15 15:00:00,372.4007211633386,167.58032452350236,204.82039663983625,60.0,220.0,EMS,MWH,VALID
2025-08-15 16:00:00,419.66985572322346,188.85143507545052,230.8184206477729,80.0,220.0,EMS,MWH,VALID
2025-08-15 17:00:00,458.38475967359767,206.27314185311891,252.11161782047876,80.0,220.0,EMS,MWH,VALID
2025-08-15 18:00:00,467.5138783401307,210.3812452530588,257.1326330870719,80.0,220.0,EMS,MWH,VALID
2025-08-15 19:00:00,458.6124050229765,206.37558226033943,252.23682276263708,80.0,220.0,EMS,MWH,VALID
2025-08-15 20:00:00,455.4229601165158,204.94033205243213,250.4826280640837,80.0,220.0,EMS,MWH,VALID
2025-08-15 21:00:00,413.8131396810787,186.21591285648543,227.5972268245933,80.0,220.0,EMS,MWH,VALID
2025-08-15 22:00:00,347.2531446574155,156.26391509583698,190.98922956157853,80.0,220.0,EMS,MWH,VALID
2025-08-15 23:00:00,304.2658199160701,136.91961896223154,167.34620095383855,80.0,220.0,EMS,MWH,VALID
2025-08-16 00:00:00,220.98387080434276,99.44274186195425,121.54112894238853,80.0,220.0,EMS,MWH,VALID
2025-08-16 01:00:00,265.7492777739891,119.5871749982951,146.16210277569402,80.0,220.0,EMS,MWH,VALID
2025-08-16 02:00:00,261.358955924164,117.6115301658738,143.7474257582902,80.0,220.0,EMS,MWH,VALID
2025-08-16 03:00:00,233.37893146137856,105.02051915762036,128.35841230375823,80.0,220.0,EMS,MWH,VALID
2025-08-16 04:00:00,273.5843560922164,123.1129602414974,150.47139585071903,80.0,220.0,EMS,MWH,VALID
2025-08-16 05:00:00,276.5830187099603,124.46235841948214,152.12066029047818,80.0,220.0,EMS,MWH,VALID
2025-08-16 06:00:00,303.3206466477665,136.49429099149495,166.8263556562716,80.0,220.0,EMS,MWH,VALID
2025-08-16 07:00:00,271.3859672819959,122.12368527689814,149.26228200509777,80.0,220.0,EMS,MWH,VALID
2025-08-16 08:00:00,330.44429270979333,148.699931719407,181.74436099038635,80.0,220.0,EMS,MWH,VALID
2025-08-16 09:00:00,354.8814265417741,159.69664194379834,195.18478459797575,80.0,220.0,EMS,MWH,VALID
2025-08-16 10:00:00,295.2994403587578,132.88474816144102,162.4146921973168,60.0,220.0,EMS,MWH,VALID
2025-08-16 11:00:00,302.49273815141646,136.1217321681374,166.37100598327908,60.0,220.0,EMS,MWH,VALID
2025-08-16 12:00:00,262.8993783928796,118.30472027679583,144.5946581160838,60.0,220.0,EMS,MWH,VALID
2025-08-16 13:00:00,303.13656362384194,136.4114536307289,166.72510999311308,60.0,220.0,EMS,MWH,VALID
2025-08-16 14:00:00,293.7051504826915,132.16731771721118,161.53783276548037,60.0,220.0,EMS,MWH,VALID
2025-08-16 15:00:00,326.3470349574192,146.85616573083863,179.49086922658057,60.0,220.0,EMS,MWH,VALID
2025-08-16 16:00:00,337.2844161665824,151.77798727496207,185.50642889162032,80.0,220.0,EMS,MWH,VALID
2025-08-16 17:00:00,355.9316787379987,160.16925543209942,195.7624233058993,80.0,220.0,EMS,MWH,VALID
2025-08-16 18:00:00,394.6252728339833,177.58137277529246,217.0439000586908,80.0,220.0,EMS,MWH,VALID
2025-08-16 19:00:00,379.3532157838397,170.70894710272788,208.64426868111184,80.0,220.0,EMS,MWH,VALID
2025-08-16 20:00:00,367.739912494376,165.48296062246922,202.25695187190684,80.0,220.0,EMS,MWH,VALID
2025-08-16 21:00:00,334.1328922679673,150.3598015205853,183.77309074738207,80.0,220.0,EMS,MWH,VALID
2025-08-16 22:00:00,291.846967619595,131.33113542881773,160.51583219077725,80.0,220.0,EMS,MWH,VALID
2025-08-16 23:00:00,273.7916551987523,123.20624483943855,150.58541035931378,80.0,220.0,EMS,MWH,VALID
2025-08-17 00:00:00,246.4452378894969,110.9003570502736,135.5448808392233,80.0,220.0,EMS,MWH,VALID
2025-08-17 01:00:00,257.47375660548306,115.86319047246738,141.6105661330157,80.0,220.0,EMS,MWH,VALID
2025-08-17 02:00:00,254.69465993216247,114.61259696947312,140.08206296268938,80.0,220.0,EMS,MWH,VALID
2025-08-17 03:00:00,266.9520812630817,120.12843656838676,146.82364469469496,80.0,220.0,EMS,MWH,VALID
2025-08-17 04:00:00,235.6052909756471,106.0223809390412,129.5829100366059,80.0,220.0,EMS,MWH,VALID
2025-08-17 05:00:00,288.4722051500658,129.8124923175296,158.6597128325362,80.0,220.0,EMS,MWH,VALID
2025-08-17 06:00:00,290.1032090277061,130.54644406246774,159.55676496523836,80.0,220.0,EMS,MWH,VALID
2025-08-17 07:00:00,313.3313611075655,140.9991124984045,172.33224860916104,80.0,220.0,EMS,MWH,VALID
2025-08-17 08:00:00,329.2808223123945,148.17637004057752,181.104452271817,80.0,220.0,EMS,MWH,VALID
2025-08-17 09:00:00,326.179478577643,146.78076535993935,179.39871321770366,80.0,220.0,EMS,MWH,VALID
2025-08-17 10:00:00,270.408902170414,121.68400597668632,148.72489619372772,60.0,220.0,EMS,MWH,VALID
2025-08-17 11:00:00,318.6699811099164,143.40149149946237,175.26848961045405,60.0,220.0,EMS,MWH,VALID
2025-08-17 12:00:00,328.17788366739984,147.68004765032993,180.49783601706991,60.0,220.0,EMS,MWH,VALID
2025-08-17 13:00:00,311.3120458630591,140.0904206383766,171.22162522468253,60.0,220.0,EMS,MWH,VALID
2025-08-17 14:00:00,274.2037627055863,123.39169321751385,150.8120694880725,60.0,220.0,EMS,MWH,VALID
2025-08-17 15:00:00,295.70703939860124,133.06816772937057,162.6388716692307,60.0,220.0,EMS,MWH,VALID
2025-08-17 16:00:00,326.81227419611474,147.06552338825165,179.74675080786312,80.0,220.0,EMS,MWH,VALID
2025-08-17 17:00:00,357.89875903239994,161.05444156457995,196.84431746782,80.0,220.0,EMS,MWH,VALID
2025-08-17 18:00:00,375.40894395625577,168.9340247803151,206.4749191759407,80.0,220.0,EMS,MWH,VALID
2025-08-17 19:00:00,391.46262658105695,176.15818196147563,215.30444461958132,80.0,220.0,EMS,MWH,VALID
2025-08-17 20:00:00,371.69320097276426,167.26194043774393,204.4312605350204,80.0,220.0,EMS,MWH,VALID
2025-08-17 21:00:00,358.2777150635908,161.22497177861587,197.05274328497492,80.0,220.0,EMS,MWH,VALID
2025-08-17 22:00:00,277.6101817403268,124.92458178314703,152.68559995717973,80.0,220.0,EMS,MWH,VALID
2025-08-17 23:00:00,273.10481914829336,122.89716861673202,150.20765053156137,80.0,220.0,EMS,MWH,VALID
2025-08-18 00:00:00,300.47829909716364,135.21523459372364,165.26306450344,80.0,220.0,EMS,MWH,VALID
2025-08-18 01:00:00,309.1917263193535,139.13627684370908,170.05544947564445,80.0,220.0,EMS,MWH,VALID
2025-08-18 02:00:00,310.25740838246094,139.61583377210744,170.64157461035353,80.0,220.0,EMS,MWH,VALID
2025-08-18 03:00:00,324.9654358280735,146.23444612263307,178.73098970544044,80.0,220.0,EMS,MWH,VALID
2025-08-18 04:00:00,313.8825304665524,141.2471387099486,172.63539175660384,80.0,220.0,EMS,MWH,VALID
2025-08-18 05:00:00,326.9186492877257,147.11339217947656,179.80525710824915,80.0,220.0,EMS,MWH,VALID
2025-08-18 06:00:00,367.5788835488523,165.41049759698353,202.1683859518688,80.0,220.0,EMS,MWH,VALID
2025-08-18 07:00:00,367.3076398198753,165.28843791894388,202.01920190093145,80.0,220.0,EMS,MWH,VALID
2025-08-18 08:00:00,415.1467474373377,186.816036346802,228.33071109053571,80.0,220.0,EMS,MWH,VALID
2025-08-18 09:00:00,417.3852151432869,187.82334681447912,229.56186832880783,80.0,220.0,EMS,MWH,VALID
2025-08-18 10:00:00,399.0277492440053,179.56248715980237,219.4652620842029,60.0,220.0,EMS,MWH,VALID
2025-08-18 11:00:00,376.193578607697,169.28711037346366,206.9064682342334,60.0,220.0,EMS,MWH,VALID
2025-08-18 12:00:00,379.1201752511553,170.6040788630199,208.51609638813545,60.0,220.0,EMS,MWH,VALID
2025-08-18 13:00:00,375.9085304944662,169.1588387225098,206.74969177195644,60.0,220.0,EMS,MWH,VALID
2025-08-18 14:00:00,383.17103049796367,172.42696372408366,210.74406677388004,60.0,220.0,EMS,MWH,VALID
2025-08-18 15:00:00,390.5954629937712,175.76795834719704,214.82750464657417,60.0,220.0,EMS,MWH,VALID
2025-08-18 16:00:00,408.7179336199573,183.9230701289808,224.79486349097647,80.0,220.0,EMS,MWH,VALID
2025-08-18 17:00:00,440.3003609184787,198.1351624133154,242.1651985051633,80.0,220.0,EMS,MWH,VALID
2025-08-18 18:00:00,464.7789434122095,209.15052453549427,255.6284188767152,80.0,220.0,EMS,MWH,VALID
2025-08-18 19:00:00,487.5575360325885,219.4008912146648,268.1566448179237,80.0,220.0,EMS,MWH,VALID
2025-08-18 20:00:00,485.2668575016692,218.3700858757512,266.8967716259181,80.0,220.0,EMS,MWH,VALID
2025-08-18 21:00:00,426.7845220790451,192.05303493557028,234.7314871434748,80.0,220.0,EMS,MWH,VALID
2025-08-18 22:00:00,359.7540292224378,161.88931315009702,197.8647160723408,80.0,220.0,EMS,MWH,VALID
2025-08-18 23:00:00,317.36004120655934,142.8120185429517,174.54802266360764,80.0,220.0,EMS,MWH,VALID
2025-08-19 00:00:00,307.88099972351336,138.546449875581,169.33454984793235,80.0,220.0,EMS,MWH,VALID
2025-08-19 01:00:00,316.26961526502294,142.32132686926033,173.94828839576263,80.0,220.0,EMS,MWH,VALID
2025-08-19 02:00:00,299.9089516726325,134.95902825268462,164.94992341994788,80.0,220.0,EMS,MWH,VALID
2025-08-19 03:00:00,303.9776950317845,136.78996276430303,167.1877322674815,80.0,220.0,EMS,MWH,VALID
2025-08-19 04:00:00,308.9998305050176,139.04992372725792,169.94990677775968,80.0,220.0,EMS,MWH,VALID
2025-08-19 05:00:00,362.41602349697456,163.08721057363854,199.328812923336,80.0,220.0,EMS,MWH,VALID
2025-08-19 06:00:00,364.8269460353016,164.1721257158857,200.65482031941588,80.0,220.0,EMS,MWH,VALID
2025-08-19 07:00:00,405.4455619307635,182.4505028688436,222.99505906192,80.0,220.0,EMS,MWH,VALID
2025-08-19 08:00:00,399.85386795718085,179.9342405807314,219.91962737644948,80.0,220.0,EMS,MWH,VALID
2025-08-19 09:00:00,408.83925827817177,183.9776662251773,224.8615920529945,80.0,220.0,EMS,MWH,VALID
2025-08-19 10:00:00,427.4081171594929,192.3336527217718,235.07446443772116,60.0,220.0,EMS,MWH,VALID
2025-08-19 11:00:00,381.68600840829214,171.75870378373148,209.9273046245607,60.0,220.0,EMS,MWH,VALID
2025-08-19 12:00:00,384.7419935207973,173.13389708435878,211.60809643643853,60.0,220.0,EMS,MWH,VALID
2025-08-19 13:00:00,355.9357481929929,160.1710866868468,195.7646615061461,60.0,220.0,EMS,MWH,VALID
2025-08-19 14:00:00,374.92901529429975,168.7180568824349,206.21095841186488,60.0,220.0,EMS,MWH,VALID
2025-08-19 15:00:00,355.41898154825054,159.93854169671275,195.48043985153785,60.0,220.0,EMS,MWH,VALID
2025-08-19 16:00:00,397.96371569659607,179.08367206346824,218.88004363312783,80.0,220.0,EMS,MWH,VALID
2025-08-19 17:00:00,438.2804372635475,197.2261967685964,241.0542404949512,80.0,220.0,EMS,MWH,VALID
2025-08-19 18:00:00,484.5827887535843,218.06225493911293,266.5205338144714,80.0,220.0,EMS,MWH,VALID
2025-08-19 19:00:00,477.8296655352145,215.02334949084653,262.806316044368,80.0,220.0,EMS,MWH,VALID
2025-08-19 20:00:00,456.4490471539495,205.40207121927727,251.04697593467225,80.0,220.0,EMS,MWH,VALID
2025-08-19 21:00:00,399.2856559722254,179.67854518750144,219.607110784724,80.0,220.0,EMS,MWH,VALID
2025-08-19 22:00:00,363.28480325838063,163.4781614662713,199.80664179210936,80.0,220.0,EMS,MWH,VALID
2025-08-19 23:00:00,342.1091358816511,153.949111146743,188.16002473490812,80.0,220.0,EMS,MWH,VALID
2025-08-20 00:00:00,266.24388568992896,119.80974856046804,146.43413712946094,80.0,220.0,EMS,MWH,VALID
2025-08-20 01:00:00,314.92883625855166,141.71797631634826,173.21085994220343,80.0,220.0,EMS,MWH,VALID
2025-08-20 02:00:00,298.4252459877305,134.29136069447873,164.13388529325178,80.0,220.0,EMS,MWH,VALID
2025-08-20 03:00:00,303.77081810501346,136.69686814725603,167.0739499577574,80.0,220.0,EMS,MWH,VALID
2025-08-20 04:00:00,308.1991287383421,138.68960793225395,169.50952080608818,80.0,220.0,EMS,MWH,VALID
2025-08-20 05:00:00,323.54586378270665,145.595638702218,177.95022508048868,80.0,220.0,EMS,MWH,VALID
2025-08-20 06:00:00,344.94955537611025,155.22729991924962,189.7222554568607,80.0,220.0,EMS,MWH,VALID
2025-08-20 07:00:00,381.7853372432698,171.8034017594714,209.9819354837984,80.0,220.0,EMS,MWH,VALID
2025-08-20 08:00:00,398.4733689121522,179.31301601046852,219.16035290168372,80.0,220.0,EMS,MWH,VALID
2025-08-20 09:00:00,421.0027576328262,189.4512409347718,231.55151669805443,80.0,220.0,EMS,MWH,VALID
2025-08-20 10:00:00,417.7467030305092,187.98601636372916,229.7606866667801,60.0,220.0,EMS,MWH,VALID
2025-08-20 11:00:00,376.3184984888465,169.34332431998092,206.9751741688656,60.0,220.0,EMS,MWH,VALID
2025-08-20 12:00:00,366.3025936927729,164.83616716174782,201.46642653102512,60.0,220.0,EMS,MWH,VALID
2025-08-20 13:00:00,370.3879810297075,166.67459146336836,203.71338956633912,60.0,220.0,EMS,MWH,VALID
2025-08-20 14:00:00,358.25629921185765,161.21533464533596,197.04096456652167,60.0,220.0,EMS,MWH,VALID
2025-08-20 15:00:00,388.0887128612648,174.63992078756914,213.44879207369564,60.0,220.0,EMS,MWH,VALID
2025-08-20 16:00:00,402.7175132458207,181.2228809606193,221.49463228520145,80.0,220.0,EMS,MWH,VALID
2025-08-20 17:00:00,407.861282374473,183.53757706851283,224.32370530596012,80.0,220.0,EMS,MWH,VALID
2025-08-20 18:00:00,477.671775962878,214.95229918329508,262.7194767795829,80.0,220.0,EMS,MWH,VALID
2025-08-20 19:00:00,460.7862259057548,207.35380165758963,253.43242424816512,80.0,220.0,EMS,MWH,VALID
2025-08-20 20:00:00,453.7299948644943,204.17849768902244,249.5514971754719,80.0,220.0,EMS,MWH,VALID
2025-08-20 21:00:00,406.3520051901084,182.8584023355488,223.49360285455964,80.0,220.0,EMS,MWH,VALID
2025-08-20 22:00:00,374.6269840186661,168.58214280839977,206.0448412102664,80.0,220.0,EMS,MWH,VALID
2025-08-20 23:00:00,324.0746853621689,145.83360841297602,178.24107694919292,80.0,220.0,EMS,MWH,VALID
2025-08-21 00:00:00,321.6215216900317,144.7296847605143,176.89183692951747,80.0,220.0,EMS,MWH,VALID
2025-08-21 01:00:00,318.02454855404085,143.1110468493184,174.91350170472248,80.0,220.0,EMS,MWH,VALID
2025-08-21 02:00:00,302.1223129171547,135.95504081271963,166.1672721044351,80.0,220.0,EMS,MWH,VALID
2025-08-21 03:00:00,334.51985716367017,150.53393572365158,183.9859214400186,80.0,220.0,EMS,MWH,VALID
2025-08-21 04:00:00,308.06440635964645,138.6289828618409,169.43542349780557,80.0,220.0,EMS,MWH,VALID
2025-08-21 05:00:00,321.1840965411135,144.53284344350106,176.65125309761245,80.0,220.0,EMS,MWH,VALID
2025-08-21 06:00:00,386.99149089412174,174.14617090235478,212.84531999176696,80.0,220.0,EMS,MWH,VALID
2025-08-21 07:00:00,405.2172009757962,182.3477404391083,222.8694605366879,80.0,220.0,EMS,MWH,VALID
2025-08-21 08:00:00,426.1271543482455,191.7572194567105,234.36993489153505,80.0,220.0,EMS,MWH,VALID
2025-08-21 09:00:00,422.6910237884891,190.21096070482008,232.48006308366905,80.0,220.0,EMS,MWH,VALID
2025-08-21 10:00:00,407.72821209536886,183.477695442916,224.2505166524529,60.0,220.0,EMS,MWH,VALID
2025-08-21 11:00:00,385.0169827602661,173.25764224211974,211.7593405181464,60.0,220.0,EMS,MWH,VALID
2025-08-21 12:00:00,362.6454093480458,163.1904342066206,199.4549751414252,60.0,220.0,EMS,MWH,VALID
2025-08-21 13:00:00,350.9626036731105,157.93317165289974,193.0294320202108,60.0,220.0,EMS,MWH,VALID
2025-08-21 14:00:00,367.1647650958536,165.22414429313417,201.9406208027195,60.0,220.0,EMS,MWH,VALID
2025-08-21 15:00:00,386.1685098159671,173.77582941718518,212.39268039878192,60.0,220.0,EMS,MWH,VALID
2025-08-21 16:00:00,419.7164012328111,188.87238055476504,230.8440206780461,80.0,220.0,EMS,MWH,VALID
2025-08-21 17:00:00,431.4755051808098,194.16397733136444,237.3115278494454,80.0,220.0,EMS,MWH,VALID
2025-08-21 18:00:00,444.7955485742578,200.157996858416,244.6375517158418,80.0,220.0,EMS,MWH,VALID
2025-08-21 19:00:00,498.6413029638342,224.3885863337254,274.25271663010886,80.0,220.0,EMS,MWH,VALID
2025-08-21 20:00:00,473.8261108356929,213.2217498760618,260.6043609596311,80.0,220.0,EMS,MWH,VALID
2025-08-21 21:00:00,406.23002611177327,182.803511750298,223.4265143614753,80.0,220.0,EMS,MWH,VALID
2025-08-21 22:00:00,369.3117687176444,166.19029592293998,203.12147279470443,80.0,220.0,EMS,MWH,VALID
2025-08-21 23:00:00,325.1635869399628,146.32361412298326,178.83997281697955,80.0,220.0,EMS,MWH,VALID
2025-08-22 00:00:00,286.22447186017166,128.80101233707725,157.42345952309444,80.0,220.0,EMS,MWH,VALID
2025-08-22 01:00:00,300.3367515116357,135.1515381802361,165.18521333139967,80.0,220.0,EMS,MWH,VALID
2025-08-22 02:00:00,280.7566258826386,126.34048164718736,154.41614423545124,80.0,220.0,EMS,MWH,VALID
2025-08-22 03:00:00,308.258824264154,138.71647091886928,169.54235334528468,80.0,220.0,EMS,MWH,VALID
2025-08-22 04:00:00,318.48629258730574,143.3188316642876,175.16746092301818,80.0,220.0,EMS,MWH,VALID
2025-08-22 05:00:00,319.87361498289,143.9431267423005,175.9304882405895,80.0,220.0,EMS,MWH,VALID
2025-08-22 06:00:00,373.5739860889895,168.10829374004527,205.46569234894423,80.0,220.0,EMS,MWH,VALID
2025-08-22 07:00:00,373.5553398096231,168.0999029143304,205.4554368952927,80.0,220.0,EMS,MWH,VALID
2025-08-22 08:00:00,397.1186338466215,178.70338523097968,218.41524861564184,80.0,220.0,EMS,MWH,VALID
2025-08-22 09:00:00,422.0921741363112,189.94147836134005,232.1506957749712,80.0,220.0,EMS,MWH,VALID
2025-08-22 10:00:00,401.9457581185805,180.8755911533612,221.07016696521927,60.0,220.0,EMS,MWH,VALID
2025-08-22 11:00:00,373.620481787161,168.12921680422247,205.49126498293856,60.0,220.0,EMS,MWH,VALID
2025-08-22 12:00:00,374.9495332362936,168.72728995633213,206.2222432799615,60.0,220.0,EMS,MWH,VALID
2025-08-22 13:00:00,364.1218773161372,163.85484479226173,200.26703252387543,60.0,220.0,EMS,MWH,VALID
2025-08-22 14:00:00,365.3674001444522,164.41533006500347,200.9520700794487,60.0,220.0,EMS,MWH,VALID
2025-08-22 15:00:00,385.90572007676224,173.65757403454302,212.24814604221925,60.0,220.0,EMS,MWH,VALID
2025-08-22 16:00:00,400.3116433631036,180.14023951339664,220.171403849707,80.0,220.0,EMS,MWH,VALID
2025-08-22 17:00:00,430.9940873470744,193.9473393061835,237.0467480408909,80.0,220.0,EMS,MWH,VALID
2025-08-22 18:00:00,463.3653199889092,208.51439399500916,254.8509259939001,80.0,220.0,EMS,MWH,VALID
2025-08-22 19:00:00,512.1032942841967,230.44648242788853,281.65681185630825,80.0,220.0,EMS,MWH,VALID
2025-08-22 20:00:00,465.6717948280197,209.5523076726089,256.11948715541087,80.0,220.0,EMS,MWH,VALID
2025-08-22 21:00:00,403.4149163017395,181.5367123357828,221.87820396595677,80.0,220.0,EMS,MWH,VALID
2025-08-22 22:00:00,350.01971953719004,157.5088737917355,192.51084574545453,80.0,220.0,EMS,MWH,VALID
2025-08-22 23:00:00,329.1444089002647,148.1149840051191,181.0294248951456,80.0,220.0,EMS,MWH,VALID
2025-08-23 00:00:00,223.3719814795901,100.51739166581557,122.85458981377458,80.0,220.0,EMS,MWH,VALID
2025-08-23 01:00:00,265.91183522232654,119.66032585004696,146.2515093722796,80.0,220.0,EMS,MWH,VALID
2025-08-23 02:00:00,238.66202095965184,107.39790943184332,131.26411152780852,80.0,220.0,EMS,MWH,VALID
2025-08-23 03:00:00,248.85774233749052,111.98598405187074,136.87175828561982,80.0,220.0,EMS,MWH,VALID
2025-08-23 04:00:00,269.97642956940734,121.48939330623332,148.48703626317405,80.0,220.0,EMS,MWH,VALID
2025-08-23 05:00:00,293.2357826115967,131.95610217521852,161.2796804363782,80.0,220.0,EMS,MWH,VALID
2025-08-23 06:00:00,286.7769219934814,129.04961489706662,157.72730709641476,80.0,220.0,EMS,MWH,VALID
2025-08-23 07:00:00,331.75050581236763,149.28772761556544,182.46277819680225,80.0,220.0,EMS,MWH,VALID
2025-08-23 08:00:00,366.4912676661284,164.9210704497578,201.57019721637064,80.0,220.0,EMS,MWH,VALID
2025-08-23 09:00:00,315.002597173583,141.75116872811236,173.25142844547068,80.0,220.0,EMS,MWH,VALID
2025-08-23 10:00:00,279.8402623699316,125.92811806646924,153.9121443034624,60.0,220.0,EMS,MWH,VALID
2025-08-23 11:00:00,316.4083924717426,142.38377661228418,174.02461585945846,60.0,220.0,EMS,MWH,VALID
2025-08-23 12:00:00,293.7223236379676,132.17504563708542,161.5472780008822,60.0,220.0,EMS,MWH,VALID
2025-08-23 13:00:00,250.42187204377737,112.6898424196998,137.73202962407757,60.0,220.0,EMS,MWH,VALID
2025-08-23 14:00:00,313.95045525173816,141.27770486328217,172.672750388456,60.0,220.0,EMS,MWH,VALID
2025-08-23 15:00:00,282.0352715544282,126.9158721994927,155.11939935493552,60.0,220.0,EMS,MWH,VALID
2025-08-23 16:00:00,348.2787937968275,156.72545720857238,191.55333658825512,80.0,220.0,EMS,MWH,VALID
2025-08-23 17:00:00,347.0655932741953,156.1795169733879,190.88607630080745,80.0,220.0,EMS,MWH,VALID
2025-08-23 18:00:00,381.45970092125617,171.6568654145653,209.8028355066909,80.0,220.0,EMS,MWH,VALID
2025-08-23 19:00:00,376.7403239590534,169.53314578157404,207.2071781774794,80.0,220.0,EMS,MWH,VALID
2025-08-23 20:00:00,396.4984444418786,178.42429999884538,218.07414444303328,80.0,220.0,EMS,MWH,VALID
2025-08-23 21:00:00,342.678291715763,154.20523127209336,188.47306044366968,80.0,220.0,EMS,MWH,VALID
2025-08-23 22:00:00,296.6717699553825,133.50229647992214,163.1694734754604,80.0,220.0,EMS,MWH,VALID
2025-08-23 23:00:00,270.8180838015604,121.8681377107022,148.94994609085825,80.0,220.0,EMS,MWH,VALID
2025-08-24 00:00:00,244.92872252759832,110.21792513741924,134.7107973901791,80.0,220.0,EMS,MWH,VALID
2025-08-24 01:00:00,239.8568144021205,107.93556648095424,131.9212479211663,80.0,220.0,EMS,MWH,VALID
2025-08-24 02:00:00,244.06499260473197,109.82924667212936,134.23574593260258,80.0,220.0,EMS,MWH,VALID
2025-08-24 03:00:00,242.22245431193704,109.00010444037169,133.22234987156537,80.0,220.0,EMS,MWH,VALID
2025-08-24 04:00:00,263.6372335660199,118.63675510470895,145.00047846131096,80.0,220.0,EMS,MWH,VALID
2025-08-24 05:00:00,255.1180409317137,114.80311841927116,140.31492251244254,80.0,220.0,EMS,MWH,VALID
2025-08-24 06:00:00,299.41583265082033,134.73712469286914,164.6787079579512,80.0,220.0,EMS,MWH,VALID
2025-08-24 07:00:00,297.2523474923417,133.76355637155376,163.48879112078794,80.0,220.0,EMS,MWH,VALID
2025-08-24 08:00:00,347.156997180281,156.22064873112646,190.93634844915456,80.0,220.0,EMS,MWH,VALID
2025-08-24 09:00:00,321.9511967397061,144.87803853286775,177.07315820683837,80.0,220.0,EMS,MWH,VALID
2025-08-24 10:00:00,316.2795267966479,142.32578705849156,173.95373973815634,60.0,220.0,EMS,MWH,VALID
2025-08-24 11:00:00,307.66279217870726,138.44825648041828,169.214535698289,60.0,220.0,EMS,MWH,VALID
2025-08-24 12:00:00,299.44723589554343,134.75125615299456,164.6959797425489,60.0,220.0,EMS,MWH,VALID
2025-08-24 13:00:00,339.1406239277588,152.61328076749146,186.52734316026732,60.0,220.0,EMS,MWH,VALID
2025-08-24 14:00:00,269.2618884674669,121.16784981036012,148.0940386571068,60.0,220.0,EMS,MWH,VALID
2025-08-24 15:00:00,281.52924552373554,126.688160485681,154.84108503805456,60.0,220.0,EMS,MWH,VALID
2025-08-24 16:00:00,312.7683221083105,140.7457449487397,172.02257715957077,80.0,220.0,EMS,MWH,VALID
2025-08-24 17:00:00,383.4262716912691,172.5418222610711,210.88444943019803,80.0,220.0,EMS,MWH,VALID
2025-08-24 18:00:00,381.1446297187516,171.51508337343822,209.62954634531337,80.0,220.0,EMS,MWH,VALID
2025-08-24 19:00:00,373.84680751881393,168.23106338346628,205.61574413534768,80.0,220.0,EMS,MWH,VALID
2025-08-24 20:00:00,394.4780641476172,177.51512886642774,216.9629352811895,80.0,220.0,EMS,MWH,VALID
2025-08-24 21:00:00,345.1761682151739,155.32927569682826,189.84689251834567,80.0,220.0,EMS,MWH,VALID
2025-08-24 22:00:00,297.57643143400594,133.90939414530268,163.66703728870328,80.0,220.0,EMS,MWH,VALID
2025-08-24 23:00:00,270.2531892836401,121.61393517763808,148.63925410600208,80.0,220.0,EMS,MWH,VALID
2025-08-25 00:00:00,301.7666301616803,135.79498357275614,165.9716465889242,80.0,220.0,EMS,MWH,VALID
2025-08-25 01:00:00,316.42241963579903,142.39008883610956,174.03233079968948,80.0,220.0,EMS,MWH,VALID
2025-08-25 02:00:00,319.6114204510794,143.82513920298575,175.7862812480937,80.0,220.0,EMS,MWH,VALID
2025-08-25 03:00:00,269.0673253923666,121.08029642656498,147.98702896580167,80.0,220.0,EMS,MWH,VALID
2025-08-25 04:00:00,303.8069150359213,136.71311176616462,167.09380326975676,80.0,220.0,EMS,MWH,VALID
2025-08-25 05:00:00,331.1962404419033,149.03830819885647,182.1579322430468,80.0,220.0,EMS,MWH,VALID
2025-08-25 06:00:00,349.31105383204044,157.1899742244182,192.12107960762225,80.0,220.0,EMS,MWH,VALID
2025-08-25 07:00:00,379.9702595884375,170.9866168147969,208.98364277364064,80.0,220.0,EMS,MWH,VALID
2025-08-25 08:00:00,418.7490977262206,188.43709397679928,230.31200374942136,80.0,220.0,EMS,MWH,VALID
2025-08-25 09:00:00,431.7811599702828,194.30152198662725,237.47963798365555,80.0,220.0,EMS,MWH,VALID
2025-08-25 10:00:00,395.0658661817902,177.7796397818056,217.28622639998463,60.0,220.0,EMS,MWH,VALID
2025-08-25 11:00:00,375.1224875893125,168.80511941519063,206.3173681741219,60.0,220.0,EMS,MWH,VALID
2025-08-25 12:00:00,354.7703767114693,159.64666952016117,195.1237071913081,60.0,220.0,EMS,MWH,VALID
2025-08-25 13:00:00,391.1211191487179,176.00450361692307,215.11661553179488,60.0,220.0,EMS,MWH,VALID
2025-08-25 14:00:00,377.4813885572619,169.86662485076786,207.61476370649405,60.0,220.0,EMS,MWH,VALID
2025-08-25 15:00:00,384.45431622187175,173.00444229984228,211.44987392202947,60.0,220.0,EMS,MWH,VALID
2025-08-25 16:00:00,405.640260285269,182.53811712837103,223.102143156898,80.0,220.0,EMS,MWH,VALID
2025-08-25 17:00:00,449.6135356072393,202.3260910232577,247.28744458398165,80.0,220.0,EMS,MWH,VALID
2025-08-25 18:00:00,462.3647207883215,208.06412435474465,254.30059643357683,80.0,220.0,EMS,MWH,VALID
2025-08-25 19:00:00,486.0148880163903,218.70669960737564,267.3081884090147,80.0,220.0,EMS,MWH,VALID
2025-08-25 20:00:00,450.14468537705966,202.56510841967685,247.57957695738284,80.0,220.0,EMS,MWH,VALID
2025-08-25 21:00:00,400.1448599446084,180.06518697507377,220.0796729695346,80.0,220.0,EMS,MWH,VALID
2025-08-25 22:00:00,350.50326535212724,157.72646940845726,192.77679594367,80.0,220.0,EMS,MWH,VALID
2025-08-25 23:00:00,315.19471313231975,141.8376209095439,173.35709222277586,80.0,220.0,EMS,MWH,VALID
2025-08-26 00:00:00,277.3833911954349,124.8225260379457,152.56086515748922,80.0,220.0,EMS,MWH,VALID
2025-08-26 01:00:00,323.41773589701586,145.53798115365714,177.87975474335877,80.0,220.0,EMS,MWH,VALID
2025-08-26 02:00:00,317.0527707351209,142.6737468308044,174.37902390431648,80.0,220.0,EMS,MWH,VALID
2025-08-26 03:00:00,300.00970368023206,135.00436665610442,165.00533702412764,80.0,220.0,EMS,MWH,VALID
2025-08-26 04:00:00,311.95055650381335,140.377750426716,171.57280607709734,80.0,220.0,EMS,MWH,VALID
2025-08-26 05:00:00,331.6029039372783,149.22130677177523,182.38159716550308,80.0,220.0,EMS,MWH,VALID
2025-08-26 06:00:00,368.28245159483794,165.72710321767707,202.55534837716087,80.0,220.0,EMS,MWH,VALID
2025-08-26 07:00:00,405.71068173530296,182.56980678088632,223.14087495441663,80.0,220.0,EMS,MWH,VALID
2025-08-26 08:00:00,419.7897585426412,188.90539134418856,230.88436719845268,80.0,220.0,EMS,MWH,VALID
2025-08-26 09:00:00,394.7026030583438,177.61617137625473,217.0864316820891,80.0,220.0,EMS,MWH,VALID
2025-08-26 10:00:00,389.7312224118174,175.37905008531783,214.3521723264996,60.0,220.0,EMS,MWH,VALID
2025-08-26 11:00:00,373.4992154671248,168.07464696020614,205.42456850691863,60.0,220.0,EMS,MWH,VALID
2025-08-26 12:00:00,322.914884314611,145.31169794157495,177.60318637303607,60.0,220.0,EMS,MWH,VALID
2025-08-26 13:00:00,371.7196776554379,167.27385494494706,204.4458227104909,60.0,220.0,EMS,MWH,VALID
2025-08-26 14:00:00,336.0995994617678,151.2448197577955,184.8547797039723,60.0,220.0,EMS,MWH,VALID
2025-08-26 15:00:00,402.31136444745306,181.04011400135388,221.2712504460992,60.0,220.0,EMS,MWH,VALID
2025-08-26 16:00:00,381.24552980376137,171.56048841169263,209.6850413920688,80.0,220.0,EMS,MWH,VALID
2025-08-26 17:00:00,433.9765857979509,195.28946360907796,238.68712218887305,80.0,220.0,EMS,MWH,VALID
2025-08-26 18:00:00,484.7762253265994,218.1493013969697,266.6269239296297,80.0,220.0,EMS,MWH,VALID
2025-08-26 19:00:00,462.8465086511223,208.28092889300504,254.56557975811728,80.0,220.0,EMS,MWH,VALID
2025-08-26 20:00:00,457.63904158018494,205.93756871108323,251.7014728691017,80.0,220.0,EMS,MWH,VALID
2025-08-26 21:00:00,394.4942524165924,177.52241358746656,216.97183882912583,80.0,220.0,EMS,MWH,VALID
2025-08-26 22:00:00,359.030271590629,161.56362221578306,197.466649374846,80.0,220.0,EMS,MWH,VALID
2025-08-26 23:00:00,318.90481308367964,143.50716588765584,175.39764719602385,80.0,220.0,EMS,MWH,VALID
2025-08-27 00:00:00,308.943467557745,139.02456040098525,169.91890715675976,80.0,220.0,EMS,MWH,VALID
2025-08-27 01:00:00,304.71004457085354,137.11952005688408,167.59052451396946,80.0,220.0,EMS,MWH,VALID
2025-08-27 02:00:00,307.756310193904,138.4903395872568,169.26597060664722,80.0,220.0,EMS,MWH,VALID
2025-08-27 03:00:00,304.555048427204,137.04977179224178,167.50527663496217,80.0,220.0,EMS,MWH,VALID
2025-08-27 04:00:00,302.1797802415993,135.98090110871968,166.19887913287965,80.0,220.0,EMS,MWH,VALID
2025-08-27 05:00:00,337.5389487258315,151.8925269266242,185.64642179920736,80.0,220.0,EMS,MWH,VALID
2025-08-27 06:00:00,363.3107477308119,163.48983647886536,199.82091125194657,80.0,220.0,EMS,MWH,VALID
2025-08-27 07:00:00,373.633227671165,168.1349524520243,205.4982752191408,80.0,220.0,EMS,MWH,VALID
2025-08-27 08:00:00,422.2645319298485,190.01903936843183,232.2454925614167,80.0,220.0,EMS,MWH,VALID
2025-08-27 09:00:00,419.17494762513286,188.6287264313098,230.5462211938231,80.0,220.0,EMS,MWH,VALID
2025-08-27 10:00:00,407.4535692949931,183.3541061827469,224.0994631122462,60.0,220.0,EMS,MWH,VALID
2025-08-27 11:00:00,385.0550287218039,173.27476292481174,211.78026579699213,60.0,220.0,EMS,MWH,VALID
2025-08-27 12:00:00,358.55491263271705,161.34971068472268,197.2052019479944,60.0,220.0,EMS,MWH,VALID
2025-08-27 13:00:00,369.7900277263668,166.40551247686506,203.38451524950173,60.0,220.0,EMS,MWH,VALID
2025-08-27 14:00:00,352.2443461422562,158.50995576401527,193.7343903782409,60.0,220.0,EMS,MWH,VALID
2025-08-27 15:00:00,388.86889614726016,174.9910032662671,213.8778928809931,60.0,220.0,EMS,MWH,VALID
2025-08-27 16:00:00,419.1021153089946,188.5959518890476,230.50616341994703,80.0,220.0,EMS,MWH,VALID
2025-08-27 17:00:00,463.4782527930419,208.56521375686887,254.91303903617307,80.0,220.0,EMS,MWH,VALID
2025-08-27 18:00:00,460.4766467710612,207.2144910469775,253.26215572408367,80.0,220.0,EMS,MWH,VALID
2025-08-27 19:00:00,450.54240657158095,202.74408295721145,247.79832361436956,80.0,220.0,EMS,MWH,VALID
2025-08-27 20:00:00,442.3653955792207,199.0644280106493,243.3009675685714,80.0,220.0,EMS,MWH,VALID
2025-08-27 21:00:00,397.7903716966828,179.00566726350726,218.7847044331756,80.0,220.0,EMS,MWH,VALID
2025-08-27 22:00:00,353.48990498727426,159.07045724427343,194.4194477430009,80.0,220.0,EMS,MWH,VALID
2025-08-27 23:00:00,353.0084403043779,158.85379813697008,194.15464216740787,80.0,220.0,EMS,MWH,VALID
2025-08-28 00:00:00,303.05663675394135,136.37548653927362,166.68115021466775,80.0,220.0,EMS,MWH,VALID
2025-08-28 01:00:00,320.02984402530353,144.0134298113866,176.01641421391696,80.0,220.0,EMS,MWH,VALID
2025-08-28 02:00:00,313.8300173142211,141.2235077913995,172.60650952282165,80.0,220.0,EMS,MWH,VALID
2025-08-28 03:00:00,315.0364412092785,141.76639854417533,173.2700426651032,80.0,220.0,EMS,MWH,VALID
2025-08-28 04:00:00,318.98283853961897,143.54227734282853,175.44056119679044,80.0,220.0,EMS,MWH,VALID
2025-08-28 05:00:00,322.90695089983615,145.30812790492627,177.5988229949099,80.0,220.0,EMS,MWH,VALID
2025-08-28 06:00:00,366.484022393864,164.9178100772388,201.5662123166252,80.0,220.0,EMS,MWH,VALID
2025-08-28 07:00:00,420.7416302309899,189.33373360394543,231.4078966270445,80.0,220.0,EMS,MWH,VALID
2025-08-28 08:00:00,411.804864087581,185.31218883941145,226.4926752481696,80.0,220.0,EMS,MWH,VALID
2025-08-28 09:00:00,414.0084551834177,186.303804832538,227.70465035087972,80.0,220.0,EMS,MWH,VALID
2025-08-28 10:00:00,381.1474496603721,171.5163523471674,209.63109731320463,60.0,220.0,EMS,MWH,VALID
2025-08-28 11:00:00,374.5282108631661,168.53769488842477,205.99051597474136,60.0,220.0,EMS,MWH,VALID
2025-08-28 12:00:00,365.0032478058764,164.25146151264437,200.751786293232,60.0,220.0,EMS,MWH,VALID
2025-08-28 13:00:00,393.0464640425511,176.870908819148,216.1755552234031,60.0,220.0,EMS,MWH,VALID
2025-08-28 14:00:00,368.7208129912821,165.92436584607697,202.7964471452052,60.0,220.0,EMS,MWH,VALID
2025-08-28 15:00:00,383.0690641721285,172.38107887745784,210.68798529467068,60.0,220.0,EMS,MWH,VALID
2025-08-28 16:00:00,423.85060269686136,190.73277121358765,233.11783148327376,80.0,220.0,EMS,MWH,VALID
2025-08-28 17:00:00,444.5131386391425,200.0309123876141,244.4822262515284,80.0,220.0,EMS,MWH,VALID
2025-08-28 18:00:00,468.07245940568953,210.6326067325603,257.4398526731293,80.0,220.0,EMS,MWH,VALID
2025-08-28 19:00:00,479.4238172662031,215.74071776979144,263.6830994964117,80.0,220.0,EMS,MWH,VALID
2025-08-28 20:00:00,455.10392467584506,204.79676610413028,250.3071585717148,80.0,220.0,EMS,MWH,VALID
2025-08-28 21:00:00,423.8128871162027,190.71579920229124,233.0970879139115,80.0,220.0,EMS,MWH,VALID
2025-08-28 22:00:00,356.1406585792602,160.2632963606671,195.87736221859316,80.0,220.0,EMS,MWH,VALID
2025-08-28 23:00:00,325.4546263976377,146.454581878937,179.00004451870078,80.0,220.0,EMS,MWH,VALID
2025-08-29 00:00:00,293.1716986183207,131.92726437824433,161.2444342400764,80.0,220.0,EMS,MWH,VALID
2025-08-29 01:00:00,315.7930915938355,142.10689121722598,173.68620037660955,80.0,220.0,EMS,MWH,VALID
2025-08-29 02:00:00,317.9398150081545,143.07291675366952,174.86689825448497,80.0,220.0,EMS,MWH,VALID
2025-08-29 03:00:00,304.48411554051927,137.01785199323368,167.46626354728562,80.0,220.0,EMS,MWH,VALID
2025-08-29 04:00:00,315.0644635579817,141.7790086010918,173.28545495688996,80.0,220.0,EMS,MWH,VALID
2025-08-29 05:00:00,352.1234739541179,158.45556327935307,193.66791067476487,80.0,220.0,EMS,MWH,VALID
2025-08-29 06:00:00,367.6506588390486,165.44279647757187,202.20786236147677,80.0,220.0,EMS,MWH,VALID
2025-08-29 07:00:00,380.0203326022721,171.0091496710224,209.01118293124964,80.0,220.0,EMS,MWH,VALID
2025-08-29 08:00:00,400.8324385554105,180.37459734993476,220.4578412054758,80.0,220.0,EMS,MWH,VALID
2025-08-29 09:00:00,412.6331605403184,185.6849222431433,226.94823829717515,80.0,220.0,EMS,MWH,VALID
2025-08-29 10:00:00,413.4872535418273,186.0692640938223,227.41798944800505,60.0,220.0,EMS,MWH,VALID
2025-08-29 11:00:00,386.1852824707986,173.78337711185938,212.40190535893925,60.0,220.0,EMS,MWH,VALID
2025-08-29 12:00:00,363.39513577606846,163.5278110992308,199.86732467683763,60.0,220.0,EMS,MWH,VALID
2025-08-29 13:00:00,385.8545604791786,173.63455221563038,212.22000826354824,60.0,220.0,EMS,MWH,VALID
2025-08-29 14:00:00,363.9228331576508,163.76527492094286,200.157558236708,60.0,220.0,EMS,MWH,VALID
2025-08-29 15:00:00,379.2980812093368,170.68413654420155,208.61394466513525,60.0,220.0,EMS,MWH,VALID
2025-08-29 16:00:00,435.1769251679945,195.82961632559756,239.347308842397,80.0,220.0,EMS,MWH,VALID
2025-08-29 17:00:00,427.3827073340425,192.32221830031912,235.0604890337234,80.0,220.0,EMS,MWH,VALID
2025-08-29 18:00:00,467.42198493181854,210.3398932193184,257.08209171250024,80.0,220.0,EMS,MWH,VALID
2025-08-29 19:00:00,480.05317898708944,216.02393054419025,264.0292484428992,80.0,220.0,EMS,MWH,VALID
2025-08-29 20:00:00,436.05414787876265,196.2243665454432,239.8297813333195,80.0,220.0,EMS,MWH,VALID
2025-08-29 21:00:00,422.4780232118836,190.11511044534765,232.362912766536,80.0,220.0,EMS,MWH,VALID
2025-08-29 22:00:00,362.4998116948893,163.1249152627002,199.3748964321892,80.0,220.0,EMS,MWH,VALID
2025-08-29 23:00:00,333.69105020438286,150.1609725919723,183.5300776124106,80.0,220.0,EMS,MWH,VALID
2025-08-30 00:00:00,245.6197429093905,110.52888430922576,135.0908586001648,80.0,220.0,EMS,MWH,VALID
2025-08-30 01:00:00,230.1834203112018,103.58253914004082,126.600881171161,80.0,220.0,EMS,MWH,VALID
2025-08-30 02:00:00,257.8393014344414,116.02768564549862,141.81161578894276,80.0,220.0,EMS,MWH,VALID
2025-08-30 03:00:00,267.00784994332423,120.1535324744959,146.85431746882833,80.0,220.0,EMS,MWH,VALID
2025-08-30 04:00:00,240.01374908877253,108.00618708994764,132.0075619988249,80.0,220.0,EMS,MWH,VALID
2025-08-30 05:00:00,271.51213515752613,122.18046082088676,149.3316743366394,80.0,220.0,EMS,MWH,VALID
2025-08-30 06:00:00,308.99185414356185,139.04633436460284,169.94551977895904,80.0,220.0,EMS,MWH,VALID
2025-08-30 07:00:00,316.65311630977953,142.4939023394008,174.15921397037874,80.0,220.0,EMS,MWH,VALID
2025-08-30 08:00:00,335.0669216862089,150.780114758794,184.2868069274149,80.0,220.0,EMS,MWH,VALID
2025-08-30 09:00:00,339.98925007486,152.99516253368702,186.99408754117303,80.0,220.0,EMS,MWH,VALID
2025-08-30 10:00:00,289.31901993434144,130.1935589704537,159.1254609638878,60.0,220.0,EMS,MWH,VALID
2025-08-30 11:00:00,315.4402013111164,141.94809059000238,173.49211072111402,60.0,220.0,EMS,MWH,VALID
2025-08-30 12:00:00,295.59677163942297,133.01854723774034,162.57822440168263,60.0,220.0,EMS,MWH,VALID
2025-08-30 13:00:00,306.17043749965484,137.77669687484467,168.39374062481016,60.0,220.0,EMS,MWH,VALID
2025-08-30 14:00:00,273.9391380944128,123.27261214248576,150.66652595192704,60.0,220.0,EMS,MWH,VALID
2025-08-30 15:00:00,313.59261488983526,141.11667670042587,172.47593818940942,60.0,220.0,EMS,MWH,VALID
2025-08-30 16:00:00,335.5888150583835,151.0149667762726,184.57384828211093,80.0,220.0,EMS,MWH,VALID
2025-08-30 17:00:00,345.8265880766116,155.6219646344752,190.20462344213635,80.0,220.0,EMS,MWH,VALID
2025-08-30 18:00:00,373.28113661012384,167.97651147455574,205.30462513556813,80.0,220.0,EMS,MWH,VALID
2025-08-30 19:00:00,389.8700021805966,175.44150098126846,214.4285011993281,80.0,220.0,EMS,MWH,VALID
2025-08-30 20:00:00,354.0789131185278,159.3355109033375,194.74340221519032,80.0,220.0,EMS,MWH,VALID
2025-08-30 21:00:00,327.0017848450568,147.15080318027557,179.85098166478124,80.0,220.0,EMS,MWH,VALID
2025-08-30 22:00:00,281.9670945827687,126.88519256224592,155.0819020205228,80.0,220.0,EMS,MWH,VALID
2025-08-30 23:00:00,267.9451237687019,120.57530569591584,147.36981807278605,80.0,220.0,EMS,MWH,VALID
2025-08-31 00:00:00,254.73170948785932,114.6292692695367,140.10244021832264,80.0,220.0,EMS,MWH,VALID
2025-08-31 01:00:00,259.0028546261525,116.55128458176864,142.45157004438389,80.0,220.0,EMS,MWH,VALID
2025-08-31 02:00:00,265.37537247981106,119.41891761591498,145.95645486389608,80.0,220.0,EMS,MWH,VALID
2025-08-31 03:00:00,250.81672329545643,112.8675254829554,137.94919781250104,80.0,220.0,EMS,MWH,VALID
2025-08-31 04:00:00,238.66710787162512,107.40019854223132,131.26690932939383,80.0,220.0,EMS,MWH,VALID
2025-08-31 05:00:00,252.88343717603107,113.79754672921398,139.0858904468171,80.0,220.0,EMS,MWH,VALID
2025-08-31 06:00:00,299.3344253044129,134.70049138698582,164.6339339174271,80.0,220.0,EMS,MWH,VALID
2025-08-31 07:00:00,314.69630795907904,141.61333858158557,173.08296937749347,80.0,220.0,EMS,MWH,VALID
2025-08-31 08:00:00,323.6013032313833,145.6205864541225,177.98071677726085,80.0,220.0,EMS,MWH,VALID
2025-08-31 09:00:00,347.3631852520576,156.3134333634259,191.04975188863168,80.0,220.0,EMS,MWH,VALID
2025-08-31 10:00:00,285.2761765079572,128.3742794285807,156.90189707937645,60.0,220.0,EMS,MWH,VALID
2025-08-31 11:00:00,316.12178722664123,142.25480425198856,173.8669829746527,60.0,220.0,EMS,MWH,VALID
2025-08-31 12:00:00,316.06585697850653,142.22963564032796,173.8362213381786,60.0,220.0,EMS,MWH,VALID
2025-08-31 13:00:00,257.70215068325587,115.96596780746516,141.73618287579075,60.0,220.0,EMS,MWH,VALID
2025-08-31 14:00:00,269.98971817807666,121.4953731801345,148.49434499794216,60.0,220.0,EMS,MWH,VALID
2025-08-31 15:00:00,229.23843542498537,103.15729594124342,126.08113948374196,60.0,220.0,EMS,MWH,VALID
2025-08-31 16:00:00,343.1731768809029,154.4279295964063,188.7452472844966,80.0,220.0,EMS,MWH,VALID
2025-08-31 17:00:00,365.1936696185031,164.33715132832637,200.8565182901767,80.0,220.0,EMS,MWH,VALID
2025-08-31 18:00:00,381.0312152286252,171.46404685288132,209.56716837574385,80.0,220.0,EMS,MWH,VALID
2025-08-31 19:00:00,406.97149395512326,183.13717227980547,223.83432167531785,80.0,220.0,EMS,MWH,VALID
2025-08-31 20:00:00,376.73966863398346,169.53285088529256,207.20681774869087,80.0,220.0,EMS,MWH,VALID
2025-08-31 21:00:00,335.02146242876427,150.75965809294394,184.2618043358204,80.0,220.0,EMS,MWH,VALID
2025-08-31 22:00:00,312.1930095694969,140.48685430627364,171.70615526322334,80.0,220.0,EMS,MWH,VALID
2025-08-31 23:00:00,262.289314884681,118.03019169810644,144.25912318657456,80.0,220.0,EMS,MWH,VALID
2025-09-01 00:00:00,292.68691763662866,131.7091129364829,160.97780470014578,80.0,220.0,EMS,MWH,VALID
2025-09-01 01:00:00,293.2518574758772,131.96333586414474,161.28852161173245,80.0,220.0,EMS,MWH,VALID
2025-09-01 02:00:00,283.82517698984253,127.72132964542914,156.1038473444134,65.6,220.0,EMS,MWH,VALID
2025-09-01 03:00:00,328.02935828330936,147.61321122748922,180.41614705582015,65.6,220.0,EMS,MWH,VALID
2025-09-01 04:00:00,297.1784949095552,133.73032270929983,163.44817220025536,65.6,220.0,EMS,MWH,VALID
2025-09-01 05:00:00,324.6917636089494,146.1112936240272,178.58046998492216,65.6,220.0,EMS,MWH,VALID
2025-09-01 06:00:00,362.16432303944,162.973945367748,199.190377671692,65.6,220.0,EMS,MWH,VALID
2025-09-01 07:00:00,397.0117699681556,178.65529648567002,218.3564734824856,65.6,220.0,EMS,MWH,VALID
2025-09-01 08:00:00,417.4727899632848,187.86275548347817,229.61003447980667,65.6,220.0,EMS,MWH,VALID
2025-09-01 09:00:00,386.1210873628722,173.7544893132925,212.36659804957972,65.6,220.0,EMS,MWH,VALID
2025-09-01 10:00:00,373.9265491549558,168.2669471197301,205.6596020352257,49.2,220.0,EMS,MWH,VALID
2025-09-01 11:00:00,382.7767618548176,172.2495428346679,210.5272190201497,49.2,220.0,EMS,MWH,VALID
2025-09-01 12:00:00,391.3309076365137,176.09890843643117,215.23199920008256,49.2,220.0,EMS,MWH,VALID
2025-09-01 13:00:00,388.7570470637714,174.94067117869713,213.81637588507428,60.0,220.0,EMS,MWH,VALID
2025-09-01 14:00:00,385.5866904400787,173.51401069803543,212.0726797420433,60.0,220.0,EMS,MWH,VALID
2025-09-01 15:00:00,375.6451900941668,169.04033554237506,206.60485455179173,60.0,220.0,EMS,MWH,VALID
2025-09-01 16:00:00,393.3685417675028,177.01584379537627,216.35269797212652,80.0,220.0,EMS,MWH,VALID
2025-09-01 17:00:00,416.0863287272198,187.2388479272489,228.8474807999709,80.0,220.0,EMS,MWH,VALID
2025-09-01 18:00:00,471.4496859777678,212.1523586899955,259.2973272877723,80.0,220.0,EMS,MWH,VALID
2025-09-01 19:00:00,485.6278572775258,218.5325357748866,267.0953215026392,80.0,220.0,EMS,MWH,VALID
2025-09-01 20:00:00,454.79187655017387,204.65634444757825,250.13553210259565,80.0,220.0,EMS,MWH,VALID
2025-09-01 21:00:00,422.1120467869944,189.95042105414748,232.1616257328469,80.0,220.0,EMS,MWH,VALID
2025-09-01 22:00:00,370.2008128431288,166.59036577940793,203.6104470637208,80.0,220.0,EMS,MWH,VALID
2025-09-01 23:00:00,333.4598311611405,150.05692402251324,183.4029071386273,80.0,220.0,EMS,MWH,VALID
2025-09-02 00:00:00,298.5457106754484,134.34556980395178,164.2001408714966,80.0,220.0,EMS,MWH,VALID
2025-09-02 01:00:00,275.6949076660856,124.06270844973852,151.6321992163471,80.0,220.0,EMS,MWH,VALID
2025-09-02 02:00:00,299.631422342208,134.8341400539936,164.7972822882144,80.0,220.0,EMS,MWH,VALID
2025-09-02 03:00:00,283.5038453995128,127.57673042978077,155.92711496973203,80.0,220.0,EMS,MWH,VALID
2025-09-02 04:00:00,309.8680586582411,139.4406263962085,170.42743226203262,80.0,220.0,EMS,MWH,VALID
2025-09-02 05:00:00,290.95802927990525,130.93111317595736,160.0269161039479,80.0,220.0,EMS,MWH,VALID
2025-09-02 06:00:00,353.6339091600955,159.13525912204298,194.49865003805252,80.0,220.0,EMS,MWH,VALID
2025-09-02 07:00:00,396.95329851352193,178.6289843310849,218.3243141824371,80.0,220.0,EMS,MWH,VALID
2025-09-02 08:00:00,386.2650562408163,173.81927530836734,212.445780932449,80.0,220.0,EMS,MWH,VALID
2025-09-02 09:00:00,414.2204332508573,186.3991949628858,227.82123828797157,80.0,220.0,EMS,MWH,VALID
2025-09-02 10:00:00,379.6056116498696,170.82252524244132,208.78308640742827,60.0,220.0,EMS,MWH,VALID
2025-09-02 11:00:00,381.0409717939013,171.46843730725556,209.5725344866457,60.0,220.0,EMS,MWH,VALID
2025-09-02 12:00:00,366.3860734480272,164.87373305161222,201.5123403964149,60.0,220.0,EMS,MWH,VALID
2025-09-02 13:00:00,364.3206689375149,163.9443010218817,200.3763679156332,60.0,220.0,EMS,MWH,VALID
2025-09-02 14:00:00,386.1032264202148,173.74645188909668,212.35677453111816,60.0,220.0,EMS,MWH,VALID
2025-09-02 15:00:00,387.4879844458269,174.3695930006221,213.1183914452048,60.0,220.0,EMS,MWH,VALID
2025-09-02 16:00:00,372.685872074597,167.70864243356866,204.9772296410284,80.0,220.0,EMS,MWH,VALID
2025-09-02 17:00:00,420.0549615502204,189.0247326975992,231.03022885262124,80.0,220.0,EMS,MWH,VALID
2025-09-02 18:00:00,455.895402483259,205.15293111746652,250.74247136579245,80.0,220.0,EMS,MWH,VALID
2025-09-02 19:00:00,491.6807647066642,221.2563441179989,270.4244205886653,80.0,220.0,EMS,MWH,VALID
2025-09-02 20:00:00,444.5733883750854,200.05802476878844,244.515363606297,80.0,220.0,EMS,MWH,VALID
2025-09-02 21:00:00,390.7607348962114,175.84233070329512,214.91840419291628,80.0,220.0,EMS,MWH,VALID
2025-09-02 22:00:00,355.0460900537906,159.77074052420576,195.27534952958484,80.0,220.0,EMS,MWH,VALID
2025-09-02 23:00:00,318.98610820882334,143.5437486939705,175.44235951485285,80.0,220.0,EMS,MWH,VALID
2025-09-03 00:00:00,290.14085502428907,130.5633847609301,159.577470263359,80.0,220.0,EMS,MWH,VALID
2025-09-03 01:00:00,298.9512835879906,134.52807761459576,164.42320597339483,80.0,220.0,EMS,MWH,VALID
2025-09-03 02:00:00,309.3152996894929,139.1918848602718,170.1234148292211,80.0,220.0,EMS,MWH,VALID
2025-09-03 03:00:00,309.54057862763085,139.29326038243389,170.247318245197,80.0,220.0,EMS,MWH,VALID
2025-09-03 04:00:00,331.1931788008067,149.03693046036304,182.1562483404437,80.0,220.0,EMS,MWH,VALID
2025-09-03 05:00:00,333.8792246835802,150.2456511076111,183.63357357596917,80.0,220.0,EMS,MWH,VALID
2025-09-03 06:00:00,364.5182664126623,164.03321988569803,200.48504652696428,80.0,220.0,EMS,MWH,VALID
2025-09-03 07:00:00,391.4543077363722,176.15443848136752,215.29986925500475,80.0,220.0,EMS,MWH,VALID
2025-09-03 08:00:00,399.2062179884354,179.64279809479598,219.56341989363952,80.0,220.0,EMS,MWH,VALID
2025-09-03 09:00:00,398.8191227303088,179.46860522863895,219.35051750166983,80.0,220.0,EMS,MWH,VALID
2025-09-03 10:00:00,376.2986550873553,169.3343947893099,206.96426029804545,60.0,220.0,EMS,MWH,VALID
2025-09-03 11:00:00,351.5680078230238,158.2056035203607,193.3624043026631,60.0,220.0,EMS,MWH,VALID
2025-09-03 12:00:00,376.321071283095,169.34448207739277,206.97658920570228,60.0,220.0,EMS,MWH,VALID
2025-09-03 13:00:00,370.3730106547034,166.66785479461657,203.7051558600869,60.0,220.0,EMS,MWH,VALID
2025-09-03 14:00:00,351.8396603776532,158.32784716994394,193.51181320770925,60.0,220.0,EMS,MWH,VALID
2025-09-03 15:00:00,381.5859754148639,171.71368893668878,209.8722864781752,60.0,220.0,EMS,MWH,VALID
2025-09-03 16:00:00,402.3823779970114,181.07207009865516,221.31030789835629,80.0,220.0,EMS,MWH,VALID
2025-09-03 17:00:00,441.004009081149,198.45180408651703,242.552204994632,80.0,220.0,EMS,MWH,VALID
2025-09-03 18:00:00,457.2931275648106,205.7819074041648,251.51122016064585,80.0,220.0,EMS,MWH,VALID
2025-09-03 19:00:00,462.3963695311033,208.07836628899648,254.31800324210684,80.0,220.0,EMS,MWH,VALID
2025-09-03 20:00:00,440.97370144413225,198.4381656498595,242.5355357942728,80.0,220.0,EMS,MWH,VALID
2025-09-03 21:00:00,416.8000838448494,187.56003773018224,229.2400461146672,80.0,220.0,EMS,MWH,VALID
2025-09-03 22:00:00,371.7453413766468,167.28540361949106,204.45993775715576,80.0,220.0,EMS,MWH,VALID
2025-09-03 23:00:00,314.3289613647242,141.44803261412588,172.88092875059831,80.0,220.0,EMS,MWH,VALID
2025-09-04 00:00:00,298.1626028701768,134.17317129157956,163.98943157859725,80.0,220.0,EMS,MWH,VALID
2025-09-04 01:00:00,292.74613705656026,131.73576167545212,161.01037538110816,80.0,220.0,EMS,MWH,VALID
2025-09-04 02:00:00,290.81375684141153,130.86619057863518,159.94756626277635,80.0,220.0,EMS,MWH,VALID
2025-09-04 03:00:00,306.9080797756824,138.10863589905708,168.79944387662533,80.0,220.0,EMS,MWH,VALID
2025-09-04 04:00:00,311.1737590334624,140.02819156505808,171.14556746840432,80.0,220.0,EMS,MWH,VALID
2025-09-04 05:00:00,293.57811953752827,132.1101537918877,161.46796574564056,80.0,220.0,EMS,MWH,VALID
2025-09-04 06:00:00,359.12299380255087,161.6053472111479,197.51764659140295,80.0,220.0,EMS,MWH,VALID
2025-09-04 07:00:00,408.4189825504004,183.78854214768015,224.6304404027202,80.0,198.0,EMS,MWH,VALID
2025-09-04 08:00:00,407.6235783795696,183.4306102708063,224.19296810876327,80.0,198.0,EMS,MWH,VALID
2025-09-04 09:00:00,425.515298504094,191.48188432684228,234.0334141772517,80.0,198.0,EMS,MWH,VALID
2025-09-04 10:00:00,394.8165459496329,177.6674456773348,217.1491002722981,60.0,198.0,EMS,MWH,VALID
2025-09-04 11:00:00,403.587802215023,181.61451099676037,221.97329121826263,60.0,198.0,EMS,MWH,VALID
2025-09-04 12:00:00,396.1768235203123,178.27957058414054,217.8972529361718,60.0,220.0,EMS,MWH,VALID
2025-09-04 13:00:00,394.2456320820029,177.41053443690132,216.83509764510163,60.0,220.0,EMS,MWH,VALID
2025-09-04 14:00:00,377.6659986611693,169.94969939752622,207.71629926364315,60.0,220.0,EMS,MWH,VALID
2025-09-04 15:00:00,380.2149457825442,171.0967256021449,209.11822018039933,60.0,220.0,EMS,MWH,VALID
2025-09-04 16:00:00,380.6240689818132,171.28083104181593,209.34323793999727,80.0,220.0,EMS,MWH,VALID
2025-09-04 17:00:00,411.8709387863124,185.34192245384057,226.52901633247183,80.0,220.0,EMS,MWH,VALID
2025-09-04 18:00:00,481.7285591490731,216.7778516170829,264.9507075319902,80.0,220.0,EMS,MWH,VALID
2025-09-04 19:00:00,459.851809864977,206.93331443923964,252.91849542573735,80.0,220.0,EMS,MWH,VALID
2025-09-04 20:00:00,471.0455808547787,211.9705113846504,259.0750694701283,80.0,220.0,EMS,MWH,VALID
2025-09-04 21:00:00,394.85816657447873,177.68617495851544,217.1719916159633,80.0,220.0,EMS,MWH,VALID
2025-09-04 22:00:00,330.1862043228458,148.5837919452806,181.6024123775652,80.0,220.0,EMS,MWH,VALID
2025-09-04 23:00:00,313.90481428065954,141.2571664262968,172.64764785436276,80.0,220.0,EMS,MWH,VALID
2025-09-05 00:00:00,277.8237495168537,125.02068728258416,152.80306223426953,80.0,220.0,EMS,MWH,VALID
2025-09-05 01:00:00,318.0570083451188,143.12565375530343,174.93135458981533,80.0,220.0,EMS,MWH,VALID
2025-09-05 02:00:00,294.54496111375465,132.5452325011896,161.99972861256506,80.0,220.0,EMS,MWH,VALID
2025-09-05 03:00:00,296.69998198458785,133.51499189306455,163.18499009152333,80.0,220.0,EMS,MWH,VALID
2025-09-05 04:00:00,301.48546820437366,135.66846069196816,165.81700751240552,80.0,220.0,EMS,MWH,VALID
2025-09-05 05:00:00,326.4149564523213,146.8867304035446,179.52822604877673,80.0,220.0,EMS,MWH,VALID
2025-09-05 06:00:00,359.7768149076677,161.89956670845046,197.8772481992173,80.0,220.0,EMS,MWH,VALID
2025-09-05 07:00:00,379.6912449308605,170.86106021888722,208.8301847119733,80.0,220.0,EMS,MWH,VALID
2025-09-05 08:00:00,384.1118703833001,172.85034167248506,211.2615287108151,80.0,220.0,EMS,MWH,VALID
2025-09-05 09:00:00,383.32813807235937,172.49766213256171,210.83047593979768,80.0,220.0,EMS,MWH,VALID
2025-09-05 10:00:00,376.9700252680488,169.63651137062195,207.33351389742683,60.0,220.0,EMS,MWH,VALID
2025-09-05 11:00:00,354.5485886604929,159.5468648972218,195.00172376327112,60.0,220.0,EMS,MWH,VALID
2025-09-05 12:00:00,385.89252375019873,173.65163568758945,212.2408880626093,60.0,220.0,EMS,MWH,VALID
2025-09-05 13:00:00,359.4020496659223,161.73092234966504,197.67112731625727,60.0,220.0,EMS,MWH,VALID
2025-09-05 14:00:00,343.45775681471304,154.55599056662086,188.90176624809217,60.0,220.0,EMS,MWH,VALID
2025-09-05 15:00:00,382.2788861947205,172.02549878762426,210.2533874070963,60.0,220.0,EMS,MWH,VALID
2025-09-05 16:00:00,386.9956406727786,174.1480383027504,212.84760237002823,80.0,220.0,EMS,MWH,VALID
2025-09-05 17:00:00,444.4181087177416,199.98814892298373,244.4299597947579,80.0,220.0,EMS,MWH,VALID
2025-09-05 18:00:00,452.0171674224412,203.40772534009847,248.60944208234267,80.0,220.0,EMS,MWH,VALID
2025-09-05 19:00:00,465.4854864539124,209.46846890426056,256.0170175496518,80.0,220.0,EMS,MWH,VALID
2025-09-05 20:00:00,480.52808819124726,216.23763968606127,264.290448505186,80.0,220.0,EMS,MWH,VALID
2025-09-05 21:00:00,406.1747564031117,182.7786403814003,223.39611602171144,80.0,220.0,EMS,MWH,VALID
2025-09-05 22:00:00,358.96741698671565,161.53533764402204,197.4320793426936,80.0,220.0,EMS,MWH,VALID
2025-09-05 23:00:00,327.32351066013297,147.29557979705984,180.02793086307315,80.0,220.0,EMS,MWH,VALID
2025-09-06 00:00:00,234.84703995102217,105.68116797795996,129.1658719730622,80.0,220.0,EMS,MWH,VALID
2025-09-06 01:00:00,273.1340933546995,122.91034200961477,150.22375134508474,80.0,220.0,EMS,MWH,VALID
2025-09-06 02:00:00,231.94233622313752,104.37405130041188,127.56828492272564,80.0,220.0,EMS,MWH,VALID
2025-09-06 03:00:00,264.173479205105,118.87806564229726,145.29541356280777,80.0,220.0,EMS,MWH,VALID
2025-09-06 04:00:00,247.93719769983392,111.57173896492526,136.36545873490866,80.0,220.0,EMS,MWH,VALID
2025-09-06 05:00:00,261.2702826622127,117.57162719799572,143.698655464217,80.0,220.0,EMS,MWH,VALID
2025-09-06 06:00:00,282.91078553822945,127.30985349220326,155.6009320460262,80.0,220.0,EMS,MWH,VALID
2025-09-06 07:00:00,289.0271923654093,130.0622365644342,158.96495580097513,80.0,220.0,EMS,MWH,VALID
2025-09-06 08:00:00,327.59109772890224,147.415993978006,180.17510375089623,80.0,220.0,EMS,MWH,VALID
2025-09-06 09:00:00,343.5831477650717,154.6124164942823,188.97073127078943,80.0,220.0,EMS,MWH,VALID
2025-09-06 10:00:00,319.05395689362086,143.5742806021294,175.4796762914915,60.0,220.0,EMS,MWH,VALID
2025-09-06 11:00:00,291.4289925658012,131.14304665461054,160.28594591119068,60.0,220.0,EMS,MWH,VALID
2025-09-06 12:00:00,287.69659881464463,129.46346946659008,158.23312934805455,60.0,220.0,EMS,MWH,VALID
2025-09-06 13:00:00,273.1825130683392,122.93213088075264,150.25038218758655,60.0,220.0,EMS,MWH,VALID
2025-09-06 14:00:00,297.33933151509297,133.80269918179184,163.53663233330116,60.0,220.0,EMS,MWH,VALID
2025-09-06 15:00:00,247.7783872539666,111.50027426428495,136.27811298968163,60.0,220.0,EMS,MWH,VALID
2025-09-06 16:00:00,316.80295407485016,142.56132933368258,174.2416247411676,80.0,220.0,EMS,MWH,VALID
2025-09-06 17:00:00,350.89319243693166,157.90193659661924,192.9912558403124,80.0,220.0,EMS,MWH,VALID
2025-09-06 18:00:00,376.2280971609777,169.30264372243997,206.92545343853772,80.0,220.0,EMS,MWH,VALID
2025-09-06 19:00:00,397.8679356871359,179.04057105921115,218.82736462792477,80.0,220.0,EMS,MWH,VALID
2025-09-06 20:00:00,340.67532766755926,153.30389745040168,187.3714302171576,80.0,220.0,EMS,MWH,VALID
2025-09-06 21:00:00,319.12168524730754,143.6047583612884,175.51692688601915,80.0,220.0,EMS,MWH,VALID
2025-09-06 22:00:00,289.05021959241293,130.0725988165858,158.97762077582712,80.0,220.0,EMS,MWH,VALID
2025-09-06 23:00:00,272.8200050814799,122.76900228666597,150.05100279481397,80.0,220.0,EMS,MWH,VALID
2025-09-07 00:00:00,244.27981995234492,109.92591897855525,134.3539009737897,80.0,220.0,EMS,MWH,VALID
2025-09-07 01:00:00,240.68334718731407,108.30750623429134,132.37584095302276,80.0,220.0,EMS,MWH,VALID
2025-09-07 02:00:00,258.1514908184771,116.1681708683147,141.9833199501624,80.0,220.0,EMS,MWH,VALID
2025-09-07 03:00:00,298.2153275157077,134.19689738206847,164.01843013363924,80.0,220.0,EMS,MWH,VALID
2025-09-07 04:00:00,249.93159572055316,112.46921807424891,137.46237764630425,80.0,220.0,EMS,MWH,VALID
2025-09-07 05:00:00,287.64929234651913,129.44218155593362,158.20711079058557,80.0,220.0,EMS,MWH,VALID
2025-09-07 06:00:00,316.2539148365718,142.3142616764573,173.93965316011452,80.0,220.0,EMS,MWH,VALID
2025-09-07 07:00:00,308.59803276912123,138.86911474610457,169.7289180230167,80.0,220.0,EMS,MWH,VALID
2025-09-07 08:00:00,335.4129489499173,150.93582702746278,184.47712192245453,80.0,220.0,EMS,MWH,VALID
2025-09-07 09:00:00,304.3860581279796,136.97372615759082,167.41233197038878,80.0,220.0,EMS,MWH,VALID
2025-09-07 10:00:00,314.61990366721653,141.57895665024745,173.0409470169691,60.0,220.0,EMS,MWH,VALID
2025-09-07 11:00:00,293.59713840118434,132.11871228053295,161.4784261206514,60.0,220.0,EMS,MWH,VALID
2025-09-07 12:00:00,296.161056262942,133.2724753183239,162.8885809446181,60.0,220.0,EMS,MWH,VALID
2025-09-07 13:00:00,301.63832316458627,135.7372454240638,165.90107774052245,60.0,220.0,EMS,MWH,VALID
2025-09-07 14:00:00,307.89451456017247,138.55253155207762,169.34198300809487,60.0,220.0,EMS,MWH,VALID
2025-09-07 15:00:00,312.051789799248,140.42330540966162,171.62848438958642,60.0,220.0,EMS,MWH,VALID
2025-09-07 16:00:00,328.8949077909017,148.0027085059058,180.892199284996,80.0,220.0,EMS,MWH,VALID
2025-09-07 17:00:00,356.1316601457824,160.2592470656021,195.87241308018037,80.0,220.0,EMS,MWH,VALID
2025-09-07 18:00:00,383.0059530805879,172.35267888626456,210.65327419432336,80.0,220.0,EMS,MWH,VALID
2025-09-07 19:00:00,388.1538851147423,174.66924830163404,213.4846368131083,80.0,220.0,EMS,MWH,VALID
2025-09-07 20:00:00,357.95519081971844,161.0798358688733,196.87535495084515,80.0,220.0,EMS,MWH,VALID
2025-09-07 21:00:00,315.03777162674623,141.7669972320358,173.27077439471043,80.0,220.0,EMS,MWH,VALID
2025-09-07 22:00:00,293.8490864965989,132.2320889234695,161.6169975731294,80.0,220.0,EMS,MWH,VALID
2025-09-07 23:00:00,257.314232911191,115.79140481003596,141.52282810115508,80.0,220.0,EMS,MWH,VALID
2025-09-08 00:00:00,316.6282401718902,142.4827080773506,174.14553209453962,80.0,220.0,EMS,MWH,VALID
2025-09-08 01:00:00,273.3692632105364,123.01616844474135,150.35309476579502,80.0,220.0,EMS,MWH,VALID
2025-09-08 02:00:00,290.4614432405649,130.70764945825422,159.7537937823107,80.0,220.0,EMS,MWH,VALID
2025-09-08 03:00:00,310.0736116827172,139.53312525722274,170.54048642549446,80.0,220.0,EMS,MWH,VALID
2025-09-08 04:00:00,288.6770425715915,129.9046691572162,158.77237341437535,80.0,220.0,EMS,MWH,VALID
2025-09-08 05:00:00,315.1961553742338,141.83826991840522,173.3578854558286,80.0,220.0,EMS,MWH,VALID
2025-09-08 06:00:00,349.63286657873147,157.33478996042916,192.29807661830236,80.0,220.0,EMS,MWH,VALID
2025-09-08 07:00:00,411.3012543662275,185.0855644648024,226.21568990142515,80.0,220.0,EMS,MWH,VALID
2025-09-08 08:00:00,399.431519407462,179.7441837333579,219.6873356741041,80.0,220.0,EMS,MWH,VALID
2025-09-08 09:00:00,410.3553143211192,184.65989144450367,225.6954228766156,80.0,220.0,EMS,MWH,VALID
2025-09-08 10:00:00,386.3943416607409,173.87745374733342,212.51688791340752,60.0,220.0,EMS,MWH,VALID
2025-09-08 11:00:00,368.241210939154,165.70854492261932,202.53266601653476,60.0,220.0,EMS,MWH,VALID
2025-09-08 12:00:00,385.12948841250216,173.30826978562598,211.8212186268762,60.0,220.0,EMS,MWH,VALID
2025-09-08 13:00:00,349.4358951184964,157.24615280332338,192.18974231517305,60.0,220.0,EMS,MWH,VALID
2025-09-08 14:00:00,367.4655032504339,165.35947646269528,202.10602678773867,60.0,220.0,EMS,MWH,VALID
2025-09-08 15:00:00,377.6085043909629,169.9238269759333,207.6846774150296,60.0,220.0,EMS,MWH,VALID
2025-09-08 16:00:00,414.2050977597791,186.3922939919006,227.8128037678785,80.0,220.0,EMS,MWH,VALID
2025-09-08 17:00:00,426.217238002744,191.7977571012348,234.4194809015092,80.0,220.0,EMS,MWH,VALID
2025-09-08 18:00:00,440.12071747027534,198.05432286162392,242.06639460865145,80.0,220.0,EMS,MWH,VALID
2025-09-08 19:00:00,452.0435677423788,203.41960548407047,248.62396225830835,80.0,220.0,EMS,MWH,VALID
2025-09-08 20:00:00,434.1839372157693,195.38277174709617,238.80116546867316,80.0,220.0,EMS,MWH,VALID
2025-09-08 21:00:00,415.5311486682373,186.9890169007068,228.54213176753052,80.0,220.0,EMS,MWH,VALID
2025-09-08 22:00:00,352.07674202846806,158.43453391281062,193.64220811565744,80.0,220.0,EMS,MWH,VALID
2025-09-08 23:00:00,332.5613434858526,149.65260456863368,182.90873891721893,80.0,220.0,EMS,MWH,VALID
2025-09-09 00:00:00,320.38536308677385,144.17341338904825,176.21194969772563,80.0,220.0,EMS,MWH,VALID
2025-09-09 01:00:00,306.9073214996198,138.10829467482893,168.7990268247909,80.0,220.0,EMS,MWH,VALID
2025-09-09 02:00:00,309.18128006774265,139.13157603048418,170.04970403725846,80.0,220.0,EMS,MWH,VALID
2025-09-09 03:00:00,303.83463399739634,136.72558529882835,167.109048698568,80.0,220.0,EMS,MWH,VALID
2025-09-09 04:00:00,294.2420872553399,132.40893926490298,161.83314799043697,80.0,220.0,EMS,MWH,VALID
2025-09-09 05:00:00,353.9869554796364,159.29412996583636,194.6928255138,80.0,220.0,EMS,MWH,VALID
2025-09-09 06:00:00,345.2348034426639,155.35566154919877,189.8791418934652,80.0,220.0,EMS,MWH,VALID
2025-09-09 07:00:00,398.97371158344833,179.53817021255176,219.4355413708966,80.0,220.0,EMS,MWH,VALID
2025-09-09 08:00:00,418.75300562111374,188.4388525295012,230.31415309161255,80.0,220.0,EMS,MWH,VALID
2025-09-09 09:00:00,385.15502286076463,173.31976028734408,211.83526257342055,80.0,220.0,EMS,MWH,VALID
2025-09-09 10:00:00,367.7836482565965,165.5026417154684,202.28100654112805,60.0,220.0,EMS,MWH,VALID
2025-09-09 11:00:00,381.570422084233,171.70668993790486,209.86373214632812,60.0,220.0,EMS,MWH,VALID
2025-09-09 12:00:00,352.3949197319581,158.57771387938115,193.817205852577,60.0,220.0,EMS,MWH,VALID
2025-09-09 13:00:00,384.1045160075087,172.84703220337892,211.2574838041298,60.0,220.0,EMS,MWH,VALID
2025-09-09 14:00:00,358.24506714414315,161.2102802148644,197.03478692927877,60.0,220.0,EMS,MWH,VALID
2025-09-09 15:00:00,391.0286279527327,175.9628825787297,215.065745374003,60.0,220.0,EMS,MWH,VALID
2025-09-09 17:00:00,432.94907915073776,194.827085617832,238.12199353290575,80.0,220.0,EMS,MWH,VALID
2025-09-09 18:00:00,458.837889254433,206.47705016449487,252.3608390899382,80.0,220.0,EMS,MWH,VALID
2025-09-09 19:00:00,476.621152181699,214.47951848176456,262.14163369993446,80.0,220.0,EMS,MWH,VALID
2025-09-09 20:00:00,444.9799588880053,200.2409814996024,244.73897738840293,80.0,220.0,EMS,MWH,VALID
2025-09-09 21:00:00,399.2827864127937,179.67725388575718,219.60553252703656,80.0,220.0,EMS,MWH,VALID
2025-09-09 22:00:00,339.71130468964657,152.87008711034096,186.84121757930563,80.0,220.0,EMS,MWH,VALID
2025-09-09 23:00:00,336.1908638991699,151.28588875462648,184.90497514454347,80.0,220.0,EMS,MWH,VALID
2025-09-10 00:00:00,290.28398822964857,130.62779470334186,159.65619352630674,80.0,220.0,EMS,MWH,VALID
2025-09-10 01:00:00,304.61774334459733,137.0779845050688,167.53975883952853,80.0,220.0,EMS,MWH,VALID
2025-09-10 02:00:00,303.96794830688435,136.78557673809797,167.1823715687864,80.0,220.0,EMS,MWH,VALID
2025-09-10 03:00:00,280.28838995292523,126.12977547881636,154.1586144741089,80.0,220.0,EMS,MWH,VALID
2025-09-10 04:00:00,312.9098341707981,140.80942537685917,172.10040879393898,80.0,220.0,EMS,MWH,VALID
2025-09-10 05:00:00,334.9215471257039,150.71469620656677,184.2068509191372,80.0,220.0,EMS,MWH,VALID
2025-09-10 06:00:00,354.3877181301597,159.47447315857187,194.91324497158783,80.0,220.0,EMS,MWH,VALID
2025-09-10 07:00:00,391.6776673579651,176.25495031108431,215.4227170468808,80.0,220.0,EMS,MWH,VALID
2025-09-10 08:00:00,409.8306732323167,184.4238029545425,225.40687027777415,80.0,220.0,EMS,MWH,VALID
2025-09-10 10:00:00,389.5616162353991,175.30272730592958,214.25888892946952,60.0,220.0,EMS,MWH,VALID
2025-09-10 11:00:00,387.6585467420835,174.44634603393757,213.212200708146,60.0,220.0,EMS,MWH,VALID
2025-09-10 12:00:00,345.5674303521305,155.5053436584587,190.06208669367177,60.0,220.0,EMS,MWH,VALID
2025-09-10 13:00:00,360.2670184831354,162.12015831741095,198.1468601657245,60.0,220.0,EMS,MWH,VALID
2025-09-10 14:00:00,374.13244923648296,168.35960215641734,205.77284708006565,60.0,220.0,EMS,MWH,VALID
2025-09-10 15:00:00,371.2478389394384,167.06152752274727,204.18631141669115,60.0,220.0,EMS,MWH,VALID
2025-09-10 16:00:00,403.07757210771376,181.3849074484712,221.69266465924255,80.0,220.0,EMS,MWH,VALID
2025-09-10 17:00:00,436.1274862786045,196.25736882537203,239.8701174532325,80.0,220.0,EMS,MWH,VALID
2025-09-10 18:00:00,466.5818640941672,209.9618388423752,256.620025251792,80.0,220.0,EMS,MWH,VALID
2025-09-10 19:00:00,456.76813170044994,205.5456592652025,251.22247243524748,80.0,220.0,EMS,MWH,VALID
2025-09-10 20:00:00,453.4212917380894,204.03958128214023,249.3817104559492,80.0,220.0,EMS,MWH,VALID
2025-09-10 21:00:00,393.22573192547816,176.95157936646518,216.274152559013,80.0,220.0,EMS,MWH,VALID
2025-09-10 22:00:00,351.83948699289624,158.32776914680332,193.51171784609292,80.0,220.0,EMS,MWH,VALID
2025-09-10 23:00:00,348.38332486462895,156.77249618908303,191.61082867554595,80.0,220.0,EMS,MWH,VALID
2025-09-11 00:00:00,308.46919024680074,138.81113561106034,169.65805463574043,80.0,220.0,EMS,MWH,VALID
2025-09-11 01:00:00,296.95937804200435,133.63172011890197,163.3276579231024,80.0,220.0,EMS,MWH,VALID
2025-09-11 02:00:00,295.8969569958027,133.15363064811123,162.74332634769152,80.0,220.0,EMS,MWH,VALID
2025-09-11 03:00:00,311.0816205271216,139.9867292372047,171.0948912899169,80.0,220.0,EMS,MWH,VALID
2025-09-11 04:00:00,323.7819304659719,145.70186870968735,178.08006175628458,80.0,220.0,EMS,MWH,VALID
2025-09-11 05:00:00,331.00097271693926,148.95043772262267,182.05053499431665,80.0,220.0,EMS,MWH,VALID
2025-09-11 06:00:00,369.86301016018245,166.43835457208212,203.4246555881004,80.0,220.0,EMS,MWH,VALID
2025-09-11 07:00:00,384.9335048597703,173.22007718689665,211.7134276728737,80.0,220.0,EMS,MWH,VALID
2025-09-11 08:00:00,412.3876847834895,185.57445815257023,226.8132266309192,80.0,220.0,EMS,MWH,VALID
2025-09-11 09:00:00,394.9719201145088,177.73736405152894,217.23455606297983,80.0,220.0,EMS,MWH,VALID
2025-09-11 10:00:00,388.6384012838111,174.887280577715,213.7511207060961,60.0,220.0,EMS,MWH,VALID
2025-09-11 11:00:00,349.69199560622667,157.361398022802,192.3305975834247,60.0,220.0,EMS,MWH,VALID
2025-09-11 12:00:00,356.6963668662785,160.51336508982533,196.1830017764532,60.0,220.0,EMS,MWH,VALID
2025-09-11 13:00:00,356.31135941325687,160.3401117359656,195.9712476772913,60.0,220.0,EMS,MWH,VALID
2025-09-11 14:00:00,364.38541677281887,163.9734375477685,200.4119792250504,60.0,220.0,EMS,MWH,VALID
2025-09-11 15:00:00,368.7132617079642,165.9209677685839,202.79229393938036,60.0,220.0,EMS,MWH,VALID
2025-09-11 16:00:00,368.32197289868594,165.74488780440868,202.5770850942773,80.0,220.0,EMS,MWH,VALID
2025-09-11 17:00:00,443.9486738783593,199.77690324526168,244.1717706330976,80.0,220.0,EMS,MWH,VALID
2025-09-11 18:00:00,460.0390149385957,207.01755672236808,253.02145821622764,80.0,220.0,EMS,MWH,VALID
2025-09-11 19:00:00,476.9031226169657,214.60640517763457,262.29671743933113,80.0,220.0,EMS,MWH,VALID
2025-09-11 20:00:00,454.796348991143,204.6583570460144,250.13799194512868,80.0,220.0,EMS,MWH,VALID
2025-09-11 21:00:00,390.48433733924753,175.7179518026614,214.76638553658617,80.0,220.0,EMS,MWH,VALID
2025-09-11 22:00:00,352.7855300936894,158.75348854216023,194.0320415515292,80.0,220.0,EMS,MWH,VALID
2025-09-11 23:00:00,327.1749394163897,147.22872273737536,179.94621667901436,80.0,220.0,EMS,MWH,VALID
2025-09-12 00:00:00,301.7081955470486,135.76868799617188,165.93950755087675,80.0,220.0,EMS,MWH,VALID
2025-09-12 01:00:00,311.1731299182621,140.02790846321793,171.14522145504415,80.0,220.0,EMS,MWH,VALID
2025-09-12 02:00:00,314.11184101047644,141.3503284547144,172.76151255576207,80.0,220.0,EMS,MWH,VALID
2025-09-12 03:00:00,319.824051253555,143.92082306409975,175.90322818945526,80.0,220.0,EMS,MWH,VALID
2025-09-12 04:00:00,304.9583554861969,137.2312599687886,167.72709551740832,80.0,220.0,EMS,MWH,VALID
2025-09-12 05:00:00,300.68494499222646,135.3082252465019,165.37671974572456,80.0,220.0,EMS,MWH,VALID
2025-09-12 06:00:00,366.0629783903511,164.72834027565798,201.33463811469312,80.0,220.0,EMS,MWH,VALID
2025-09-12 07:00:00,389.7716242843369,175.3972309279516,214.3743933563853,80.0,220.0,EMS,MWH,VALID
2025-09-12 08:00:00,389.28299437637327,175.177347469368,214.1056469070053,80.0,220.0,EMS,MWH,VALID
2025-09-12 09:00:00,390.2077500926866,175.59348754170898,214.61426255097768,80.0,220.0,EMS,MWH,VALID
2025-09-12 10:00:00,382.136643910902,171.9614897599059,210.1751541509961,60.0,220.0,EMS,MWH,VALID
2025-09-12 11:00:00,370.66611599939387,166.79975219972724,203.86636379966663,60.0,220.0,EMS,MWH,VALID
2025-09-12 12:00:00,354.2615072437494,159.41767825968725,194.84382898406216,60.0,220.0,EMS,MWH,VALID
2025-09-12 13:00:00,373.4733465036067,168.06300592662302,205.4103405769837,60.0,220.0,EMS,MWH,VALID
2025-09-12 14:00:00,373.97377741204383,168.28819983541973,205.68557757662413,60.0,220.0,EMS,MWH,VALID
2025-09-12 15:00:00,375.8769156473456,169.14461204130552,206.7323036060401,60.0,220.0,EMS,MWH,VALID
2025-09-12 16:00:00,379.9059756248369,170.9576890311766,208.94828659366036,80.0,220.0,EMS,MWH,VALID
2025-09-12 17:00:00,432.38687723101685,194.5740947539576,237.8127824770593,80.0,220.0,EMS,MWH,VALID
2025-09-12 18:00:00,454.43269864354704,204.49471438959617,249.9379842539509,80.0,220.0,EMS,MWH,VALID
2025-09-12 19:00:00,441.6129488700177,198.725826991508,242.88712187850976,80.0,220.0,EMS,MWH,VALID
2025-09-12 20:00:00,453.67278494594336,204.15275322567453,249.5200317202689,80.0,220.0,EMS,MWH,VALID
2025-09-12 21:00:00,389.6336727309309,175.33515272891893,214.29852000201203,80.0,220.0,EMS,MWH,VALID
2025-09-12 22:00:00,349.4529266770852,157.25381700468836,192.19910967239687,80.0,220.0,EMS,MWH,VALID
2025-09-12 23:00:00,319.90432521169566,143.95694634526305,175.94737886643262,80.0,220.0,EMS,MWH,VALID
2025-09-13 00:00:00,218.70441931087493,98.41698868989371,120.2874306209812,80.0,220.0,EMS,MWH,VALID
2025-09-13 01:00:00,248.16524901182868,111.6743620553229,136.4908869565058,80.0,220.0,EMS,MWH,VALID
2025-09-13 02:00:00,243.0516285660328,109.37323285471476,133.67839571131805,80.0,220.0,EMS,MWH,VALID
2025-09-13 03:00:00,246.72661317886465,111.02697593048909,135.69963724837555,80.0,220.0,EMS,MWH,VALID
2025-09-13 04:00:00,241.92333860623444,108.8655023728055,133.05783623342896,80.0,220.0,EMS,MWH,VALID
2025-09-13 05:00:00,269.801030531817,121.41046373931763,148.39056679249936,80.0,220.0,EMS,MWH,VALID
2025-09-13 06:00:00,294.0534160288472,132.32403721298124,161.72937881586597,80.0,220.0,EMS,MWH,VALID
2025-09-13 07:00:00,315.04866676210526,141.77190004294738,173.2767667191579,80.0,220.0,EMS,MWH,VALID
2025-09-13 08:00:00,338.6752347978652,152.40385565903935,186.27137913882584,80.0,220.0,EMS,MWH,VALID
2025-09-13 09:00:00,328.6764669921329,147.9044101464598,180.7720568456731,80.0,220.0,EMS,MWH,VALID
2025-09-13 10:00:00,265.435491702846,119.4459712662807,145.9895204365653,60.0,220.0,EMS,MWH,VALID
2025-09-13 11:00:00,254.96828225163165,114.73572701323424,140.23255523839742,60.0,220.0,EMS,MWH,VALID
2025-09-13 12:00:00,293.36770373003554,132.015466678516,161.35223705151955,60.0,220.0,EMS,MWH,VALID
2025-09-13 13:00:00,302.27113452688843,136.0220105370998,166.24912398978864,60.0,220.0,EMS,MWH,VALID
2025-09-13 14:00:00,291.93525702004104,131.37086565901848,160.5643913610226,60.0,220.0,EMS,MWH,VALID
2025-09-13 15:00:00,265.5089178667959,119.47901304005816,146.02990482673778,60.0,220.0,EMS,MWH,VALID
2025-09-13 16:00:00,330.13481909757843,148.5606685939103,181.57415050366816,80.0,220.0,EMS,MWH,VALID
2025-09-13 17:00:00,360.0627447991925,162.02823515963664,198.0345096395559,80.0,220.0,EMS,MWH,VALID
2025-09-13 18:00:00,381.1875414466237,171.53439365098066,209.65314779564304,80.0,220.0,EMS,MWH,VALID
2025-09-13 19:00:00,386.91960217997706,174.1138209809897,212.8057811989874,80.0,220.0,EMS,MWH,VALID
2025-09-13 20:00:00,369.9769806106273,166.4896412747823,203.48733933584504,80.0,220.0,EMS,MWH,VALID
2025-09-13 21:00:00,360.7251743420104,162.3263284539047,198.3988458881057,80.0,220.0,EMS,MWH,VALID
2025-09-13 22:00:00,297.2887236071436,133.7799256232146,163.508797983929,80.0,220.0,EMS,MWH,VALID
2025-09-13 23:00:00,261.8218589136598,117.81983651114692,144.00202240251292,80.0,220.0,EMS,MWH,VALID
2025-09-14 00:00:00,239.46907882927215,107.76108547317249,131.7079933560997,80.0,220.0,EMS,MWH,VALID
2025-09-14 01:00:00,261.6514954809532,117.74317296642894,143.9083225145243,80.0,220.0,EMS,MWH,VALID
2025-09-14 02:00:00,232.48045467626463,104.6162046043191,127.86425007194558,80.0,220.0,EMS,MWH,VALID
2025-09-14 03:00:00,244.2493290922374,109.91219809150682,134.33713100073058,80.0,220.0,EMS,MWH,VALID
2025-09-14 04:00:00,259.5886814526454,116.81490665369044,142.77377479895495,80.0,220.0,EMS,MWH,VALID
2025-09-14 05:00:00,277.63230555237686,124.9345374985696,152.6977680538073,80.0,220.0,EMS,MWH,VALID
2025-09-14 06:00:00,264.94796405648174,119.22658382541678,145.72138023106496,80.0,220.0,EMS,MWH,VALID
2025-09-14 07:00:00,319.4371438092807,143.7467147141763,175.6904290951044,80.0,220.0,EMS,MWH,VALID
2025-09-14 08:00:00,313.5594593939553,141.1017567272799,172.45770266667543,80.0,220.0,EMS,MWH,VALID
2025-09-14 09:00:00,369.5740312241281,166.30831405085766,203.2657171732705,80.0,220.0,EMS,MWH,VALID
2025-09-14 10:00:00,313.30534034671666,140.9874031560225,172.31793719069418,60.0,220.0,EMS,MWH,VALID
2025-09-14 11:00:00,274.14272492442944,123.36422621599326,150.77849870843622,60.0,220.0,EMS,MWH,VALID
2025-09-14 12:00:00,328.3327249020335,147.74972620591507,180.58299869611844,60.0,220.0,EMS,MWH,VALID
2025-09-14 13:00:00,292.0997882515719,131.44490471320736,160.65488353836457,60.0,220.0,EMS,MWH,VALID
2025-09-14 14:00:00,287.18076634193005,129.2313448538685,157.94942148806155,60.0,220.0,EMS,MWH,VALID
2025-09-14 15:00:00,302.5776899910415,136.15996049596868,166.41772949507285,60.0,220.0,EMS,MWH,VALID
2025-09-14 16:00:00,356.9956385207859,160.64803733435366,196.34760118643223,80.0,220.0,EMS,MWH,VALID
2025-09-14 17:00:00,350.197394130111,157.5888273585499,192.60856677156104,80.0,220.0,EMS,MWH,VALID
2025-09-14 18:00:00,375.7075322908916,169.0683895309012,206.6391427599904,80.0,220.0,EMS,MWH,VALID
2025-09-14 19:00:00,366.7333906031637,165.03002577142365,201.70336483174003,80.0,220.0,EMS,MWH,VALID
2025-09-14 20:00:00,386.09512998824056,173.74280849470824,212.35232149353232,80.0,220.0,EMS,MWH,VALID
2025-09-14 21:00:00,324.269820224278,145.9214191009251,178.34840112335291,80.0,220.0,EMS,MWH,VALID
2025-09-14 22:00:00,281.16607824630546,126.52473521083746,154.64134303546803,80.0,220.0,EMS,MWH,VALID
2025-09-14 23:00:00,280.714406259959,126.32148281698154,154.39292344297746,80.0,220.0,EMS,MWH,VALID
2025-09-15 00:00:00,274.096643094446,123.3434893925007,150.7531537019453,80.0,220.0,EMS,MWH,VALID
2025-09-15 01:00:00,303.1168773512197,136.4025948080489,166.71428254317087,80.0,220.0,EMS,MWH,VALID
2025-09-15 02:00:00,266.04318214312093,119.71943196440442,146.32375017871652,80.0,220.0,EMS,MWH,VALID
2025-09-15 03:00:00,308.2304741293053,138.7037133581874,169.52676077111795,80.0,220.0,EMS,MWH,VALID
2025-09-15 04:00:00,305.4608379041436,137.45737705686463,168.003460847279,80.0,220.0,EMS,MWH,VALID
2025-09-15 05:00:00,336.01366627138185,151.20614982212183,184.80751644926,80.0,220.0,EMS,MWH,VALID
2025-09-15 06:00:00,334.30353449294995,150.43659052182747,183.86694397112248,80.0,220.0,EMS,MWH,VALID
2025-09-15 07:00:00,382.18115895329936,171.98152152898473,210.19963742431463,80.0,220.0,EMS,MWH,VALID
2025-09-15 08:00:00,389.126696032309,175.10701321453908,214.01968281777,80.0,220.0,EMS,MWH,VALID
2025-09-15 09:00:00,383.3121834922065,172.49048257149292,210.8217009207136,80.0,220.0,EMS,MWH,VALID
2025-09-15 10:00:00,393.45593220699664,177.0551694931485,216.40076271384817,60.0,220.0,EMS,MWH,VALID
2025-09-15 11:00:00,384.76403556961,173.1438160063245,211.6202195632855,60.0,220.0,EMS,MWH,VALID
2025-09-15 12:00:00,329.6964932577218,148.3634219659748,181.333071291747,60.0,220.0,EMS,MWH,VALID
2025-09-15 13:00:00,378.28667653812505,170.22900444215628,208.0576720959688,60.0,220.0,EMS,MWH,VALID
2025-09-15 14:00:00,384.837506177835,173.17687778002576,211.6606283978093,60.0,220.0,EMS,MWH,VALID
2025-09-15 15:00:00,402.2246597476154,181.00109688642692,221.2235628611885,60.0,220.0,EMS,MWH,VALID
2025-09-15 16:00:00,365.60582340090025,164.5226205304051,201.08320287049517,80.0,220.0,EMS,MWH,VALID
2025-09-15 17:00:00,445.8004024664036,200.61018110988164,245.190221356522,80.0,220.0,EMS,MWH,VALID
2025-09-15 18:00:00,460.07131610621855,207.03209224779835,253.03922385842023,80.0,220.0,EMS,MWH,VALID
2025-09-15 19:00:00,462.84409083946935,208.2798408777612,254.56424996170816,80.0,220.0,EMS,MWH,VALID
2025-09-15 20:00:00,470.6195774901369,211.7788098705616,258.84076761957533,80.0,220.0,EMS,MWH,VALID
2025-09-15 21:00:00,399.6470838984026,179.84118775428118,219.80589614412148,80.0,220.0,EMS,MWH,VALID
2025-09-15 22:00:00,355.456611965636,159.9554753845362,195.5011365810998,80.0,220.0,EMS,MWH,VALID
2025-09-15 23:00:00,298.5132412139759,134.33095854628917,164.18228266768676,80.0,220.0,EMS,MWH,VALID
2025-09-16 00:00:00,268.3469217704002,120.75611479668008,147.5908069737201,80.0,220.0,EMS,MWH,VALID
2025-09-16 01:00:00,296.14125612240923,133.26356525508416,162.8776908673251,80.0,220.0,EMS,MWH,VALID
2025-09-16 02:00:00,323.05774839111865,145.3759867760034,177.68176161511528,80.0,220.0,EMS,MWH,VALID
2025-09-16 03:00:00,313.05018356047657,140.87258260221446,172.17760095826213,80.0,220.0,EMS,MWH,VALID
2025-09-16 04:00:00,319.18300868574283,143.6323539085843,175.55065477715857,80.0,220.0,EMS,MWH,VALID
2025-09-16 05:00:00,303.06304535358026,136.3783704091111,166.68467494446915,80.0,220.0,EMS,MWH,VALID
2025-09-16 06:00:00,360.3404839644851,162.1532177840183,198.1872661804668,80.0,220.0,EMS,MWH,VALID
2025-09-16 07:00:00,399.2995218850091,179.68478484825408,219.614737036755,80.0,220.0,EMS,MWH,VALID
2025-09-16 08:00:00,408.1774106283477,183.67983478275647,224.49757584559129,80.0,220.0,EMS,MWH,VALID
2025-09-16 09:00:00,376.20210085033887,169.2909453826525,206.9111554676864,80.0,220.0,EMS,MWH,VALID
2025-09-16 10:00:00,412.03598949913936,185.4161952746127,226.61979422452663,60.0,220.0,EMS,MWH,VALID
2025-09-16 11:00:00,377.0001047457434,169.65004713558451,207.35005761015887,60.0,220.0,EMS,MWH,VALID
2025-09-16 12:00:00,344.5702769706017,155.05662463677078,189.51365233383092,60.0,220.0,EMS,MWH,VALID
2025-09-16 13:00:00,385.7497278729247,173.58737754281614,212.1623503301086,60.0,220.0,EMS,MWH,VALID
2025-09-16 14:00:00,361.1648878989174,162.52419955451285,198.6406883444046,60.0,220.0,EMS,MWH,VALID
2025-09-16 15:00:00,382.4215681293794,172.08970565822074,210.3318624711587,60.0,220.0,EMS,MWH,VALID
2025-09-16 16:00:00,385.3622386710739,173.41300740198326,211.94923126909063,80.0,220.0,EMS,MWH,VALID
2025-09-16 17:00:00,413.8426479370884,186.2291915716898,227.61345636539863,80.0,220.0,EMS,MWH,VALID
2025-09-16 18:00:00,468.83681714134775,210.9765677136065,257.8602494277413,80.0,220.0,EMS,MWH,VALID
2025-09-16 19:00:00,447.89879221474814,201.55445649663667,246.3443357181115,80.0,220.0,EMS,MWH,VALID
2025-09-16 20:00:00,469.39056521597314,211.22575434718792,258.16481086878525,80.0,220.0,EMS,MWH,VALID
2025-09-16 21:00:00,399.5128689958343,179.78079104812545,219.7320779477089,80.0,220.0,EMS,MWH,VALID
2025-09-16 22:00:00,355.2217175364008,159.84977289138035,195.37194464502045,80.0,220.0,EMS,MWH,VALID
2025-09-16 23:00:00,321.97266946170305,144.88770125776637,177.08496820393668,80.0,220.0,EMS,MWH,VALID
2025-09-17 00:00:00,301.2669959111507,135.5701481600178,165.69684775113288,80.0,220.0,EMS,MWH,VALID
2025-09-17 01:00:00,282.0146420261066,126.906588911748,155.10805311435865,80.0,220.0,EMS,MWH,VALID
2025-09-17 02:00:00,294.14441055206,132.364984748427,161.779425803633,80.0,220.0,EMS,MWH,VALID
2025-09-17 03:00:00,326.48054923004867,146.9162471535219,179.5643020765268,80.0,220.0,EMS,MWH,VALID
2025-09-17 04:00:00,316.3341698471524,142.3503764312186,173.98379341593383,80.0,220.0,EMS,MWH,VALID
2025-09-17 05:00:00,316.5278129496192,142.43751582732864,174.09029712229056,80.0,220.0,EMS,MWH,VALID
2025-09-17 06:00:00,338.67593240644345,152.40416958289956,186.27176282354392,80.0,220.0,EMS,MWH,VALID
2025-09-17 07:00:00,361.28056545177645,162.5762544532994,198.70431099847707,80.0,220.0,EMS,MWH,VALID
2025-09-17 08:00:00,412.603017968559,185.67135808585155,226.93165988270744,80.0,220.0,EMS,MWH,VALID
2025-09-17 09:00:00,387.4996373904618,174.37483682570783,213.12480056475405,80.0,220.0,EMS,MWH,VALID
2025-09-17 10:00:00,398.471103775448,179.31199669895162,219.1591070764964,60.0,220.0,EMS,MWH,VALID
2025-09-17 11:00:00,372.2690879632128,167.52108958344576,204.74799837976704,60.0,220.0,EMS,MWH,VALID
2025-09-17 12:00:00,366.2640765375722,164.81883444190748,201.44524209566472,60.0,220.0,EMS,MWH,VALID
2025-09-17 13:00:00,358.0275682705536,161.1124057217491,196.9151625488045,60.0,220.0,EMS,MWH,VALID
2025-09-17 14:00:00,354.6921935776523,159.61148710994354,195.0807064677088,60.0,220.0,EMS,MWH,VALID
2025-09-17 15:00:00,362.07810273509807,162.93514623079415,199.14295650430395,60.0,220.0,EMS,MWH,VALID
2025-09-17 16:00:00,399.8638645764604,179.9387390594072,219.92512551705323,80.0,220.0,EMS,MWH,VALID
2025-09-17 17:00:00,412.4688169549124,185.61096762971056,226.8578493252018,80.0,220.0,EMS,MWH,VALID
2025-09-17 18:00:00,448.9824621816956,202.04210798176305,246.9403541999326,80.0,220.0,EMS,MWH,VALID
2025-09-17 19:00:00,454.26321912782936,204.4184486075232,249.84477052030616,80.0,220.0,EMS,MWH,VALID
2025-09-17 20:00:00,465.90104802475946,209.65547161114176,256.2455764136177,80.0,220.0,EMS,MWH,VALID
2025-09-17 21:00:00,372.3095670572027,167.53930517574122,204.7702618814615,80.0,220.0,EMS,MWH,VALID
2025-09-17 22:00:00,363.3049580336862,163.4872311151588,199.81772691852743,80.0,220.0,EMS,MWH,VALID
2025-09-17 23:00:00,351.67018117583376,158.2515815291252,193.41859964670857,80.0,220.0,EMS,MWH,VALID
2025-09-18 00:00:00,265.0906915664055,119.29081120488247,145.79988036152304,80.0,220.0,EMS,MWH,VALID
2025-09-18 01:00:00,301.37825622077503,135.62021529934876,165.75804092142627,80.0,220.0,EMS,MWH,VALID
2025-09-18 02:00:00,282.2787855890571,127.02545351507572,155.25333207398145,80.0,220.0,EMS,MWH,VALID
2025-09-18 03:00:00,308.994780163271,139.04765107347197,169.94712908979906,80.0,220.0,EMS,MWH,VALID
2025-09-18 04:00:00,287.5659356150903,129.40467102679065,158.1612645882997,80.0,220.0,EMS,MWH,VALID
2025-09-18 05:00:00,336.65280766136027,151.49376344761214,185.15904421374816,80.0,220.0,EMS,MWH,VALID
2025-09-18 06:00:00,343.4092229895685,154.53415034530582,188.87507264426267,80.0,220.0,EMS,MWH,VALID
2025-09-18 07:00:00,365.4124120251014,164.43558541129562,200.97682661380577,80.0,220.0,EMS,MWH,VALID
2025-09-18 08:00:00,400.9035119655285,180.40658038448785,220.4969315810407,80.0,220.0,EMS,MWH,VALID
2025-09-18 09:00:00,390.0847560116511,175.53814020524297,214.54661580640808,80.0,220.0,EMS,MWH,VALID
2025-09-18 10:00:00,352.1639913261524,158.4737960967686,193.69019522938385,60.0,220.0,EMS,MWH,VALID
2025-09-18 11:00:00,352.44577261943346,158.60059767874506,193.8451749406884,60.0,220.0,EMS,MWH,VALID
2025-09-18 12:00:00,382.7908647167799,172.25588912255094,210.5349755942289,60.0,220.0,EMS,MWH,VALID
2025-09-18 13:00:00,358.10956933989587,161.14930620295314,196.9602631369428,60.0,220.0,EMS,MWH,VALID
2025-09-18 14:00:00,372.0076199027255,167.40342895622646,204.60419094649905,60.0,220.0,EMS,MWH,VALID
2025-09-18 15:00:00,358.4292024353359,161.29314109590118,197.1360613394348,60.0,220.0,EMS,MWH,VALID
2025-09-18 16:00:00,400.5465580801721,180.24595113607745,220.30060694409468,80.0,220.0,EMS,MWH,VALID
2025-09-18 17:00:00,427.166098780893,192.22474445140185,234.9413543294912,80.0,220.0,EMS,MWH,VALID
2025-09-18 18:00:00,474.879166629703,213.69562498336637,261.18354164633666,80.0,220.0,EMS,MWH,VALID
2025-09-18 19:00:00,466.7550154933591,210.0397569720116,256.7152585213475,80.0,220.0,EMS,MWH,VALID
2025-09-18 20:00:00,440.4942528801538,198.2224137960692,242.2718390840846,80.0,220.0,EMS,MWH,VALID
2025-09-18 21:00:00,396.0614486884272,178.22765190979226,217.833796778635,80.0,220.0,EMS,MWH,VALID
2025-09-18 22:00:00,351.71648817199645,158.2724196773984,193.44406849459807,80.0,220.0,EMS,MWH,VALID
2025-09-18 23:00:00,328.25010168231626,147.7125457570423,180.53755592527395,80.0,220.0,EMS,MWH,VALID
2025-09-19 00:00:00,300.26412488837855,135.11885619977036,165.1452686886082,80.0,220.0,EMS,MWH,VALID
2025-09-19 01:00:00,277.1290302436993,124.70806360966468,152.4209666340346,80.0,220.0,EMS,MWH,VALID
2025-09-19 02:00:00,314.13772278040454,141.36197525118206,172.7757475292225,80.0,220.0,EMS,MWH,VALID
2025-09-19 03:00:00,281.4944635948201,126.67250861766904,154.82195497715108,80.0,220.0,EMS,MWH,VALID
2025-09-19 04:00:00,301.75525477380535,135.7898646482124,165.96539012559296,80.0,220.0,EMS,MWH,VALID
2025-09-19 05:00:00,320.829191475748,144.3731361640866,176.4560553116614,80.0,220.0,EMS,MWH,VALID
2025-09-19 06:00:00,348.70094764958594,156.91542644231367,191.7855212072723,80.0,220.0,EMS,MWH,VALID
2025-09-19 07:00:00,383.8605508960258,172.73724790321165,211.12330299281425,80.0,220.0,EMS,MWH,VALID
2025-09-19 08:00:00,388.6741545022219,174.90336952599986,213.77078497622205,80.0,220.0,EMS,MWH,VALID
2025-09-19 09:00:00,401.60329161889786,180.72148122850405,220.88181039039384,80.0,220.0,EMS,MWH,VALID
2025-09-19 10:00:00,380.3928669768876,171.1767901395994,209.21607683728817,60.0,220.0,EMS,MWH,VALID
2025-09-19 11:00:00,390.9597686930765,175.93189591188442,215.0278727811921,60.0,220.0,EMS,MWH,VALID
2025-09-19 12:00:00,359.4666016232773,161.7599707304748,197.7066308928025,60.0,220.0,EMS,MWH,VALID
2025-09-19 13:00:00,382.8232815342487,172.2704766904119,210.5528048438368,60.0,220.0,EMS,MWH,VALID
2025-09-19 14:00:00,367.3824749513238,165.3221137280957,202.06036122322809,60.0,220.0,EMS,MWH,VALID
2025-09-19 15:00:00,366.6801447348955,165.00606513070298,201.6740796041925,60.0,220.0,EMS,MWH,VALID
2025-09-19 16:00:00,413.4353253918759,186.04589642634411,227.38942896553172,80.0,220.0,EMS,MWH,VALID
2025-09-19 17:00:00,449.5718841677236,202.30734787547564,247.264536292248,80.0,220.0,EMS,MWH,VALID
2025-09-19 18:00:00,449.7547346274801,202.38963058236604,247.36510404511404,80.0,220.0,EMS,MWH,VALID
2025-09-19 19:00:00,468.1174576688376,210.6528559509769,257.4646017178607,80.0,220.0,EMS,MWH,VALID
2025-09-19 20:00:00,453.7235134375264,204.1755810468869,249.54793239063952,80.0,220.0,EMS,MWH,VALID
2025-09-19 21:00:00,401.3627351911457,180.61323083601556,220.7495043551301,80.0,220.0,EMS,MWH,VALID
2025-09-19 22:00:00,349.20806354278704,157.14362859425418,192.0644349485329,80.0,220.0,EMS,MWH,VALID
2025-09-19 23:00:00,315.4576602311856,141.9559471040335,173.50171312715207,80.0,220.0,EMS,MWH,VALID
2025-09-20 00:00:00,261.8333987519092,117.82502943835917,144.00836931355008,80.0,220.0,EMS,MWH,VALID
2025-09-20 01:00:00,260.4545949785536,117.20456774034912,143.2500272382045,80.0,220.0,EMS,MWH,VALID
2025-09-20 02:00:00,235.21205567263175,105.8454250526843,129.3666306199475,80.0,220.0,EMS,MWH,VALID
2025-09-20 03:00:00,240.1842086496165,108.08289389232743,132.1013147572891,80.0,220.0,EMS,MWH,VALID
2025-09-20 04:00:00,241.67054430195637,108.75174493588035,132.918799366076,80.0,220.0,EMS,MWH,VALID
2025-09-20 05:00:00,285.86226223490667,128.638018005708,157.2242442291987,80.0,220.0,EMS,MWH,VALID
2025-09-20 06:00:00,283.2708248866501,127.47187119899252,155.79895368765756,80.0,220.0,EMS,MWH,VALID
2025-09-20 07:00:00,318.48189819550385,143.31685418797673,175.16504400752711,80.0,220.0,EMS,MWH,VALID
2025-09-20 08:00:00,345.06546209443866,155.2794579424974,189.78600415194128,80.0,220.0,EMS,MWH,VALID
2025-09-20 09:00:00,300.56578451509364,135.25460303179213,165.3111814833015,80.0,220.0,EMS,MWH,VALID
2025-09-20 10:00:00,265.5118861465952,119.48034876596785,146.03153738062738,60.0,220.0,EMS,MWH,VALID
2025-09-20 11:00:00,280.3873240213782,126.1742958096202,154.21302821175803,60.0,220.0,EMS,MWH,VALID
2025-09-20 12:00:00,283.4611751969184,127.5575288386133,155.90364635830514,60.0,220.0,EMS,MWH,VALID
2025-09-20 13:00:00,245.21731608862817,110.34779223988268,134.8695238487455,60.0,220.0,EMS,MWH,VALID
2025-09-20 14:00:00,239.5492608350468,107.79716737577104,131.75209345927576,60.0,220.0,EMS,MWH,VALID
2025-09-20 15:00:00,328.9244369920657,148.01599664642956,180.9084403456361,60.0,220.0,EMS,MWH,VALID
2025-09-20 16:00:00,312.8376367358514,140.77693653113312,172.06070020471827,80.0,220.0,EMS,MWH,VALID
2025-09-20 17:00:00,330.07991107278855,148.53595998275486,181.5439510900337,80.0,220.0,EMS,MWH,VALID
2025-09-20 18:00:00,352.6922892936745,158.71153018215352,193.980759111521,80.0,220.0,EMS,MWH,VALID
2025-09-20 19:00:00,386.5259933455318,173.93669700548932,212.5892963400425,80.0,220.0,EMS,MWH,VALID
2025-09-20 20:00:00,367.75488657444976,165.4896989585024,202.26518761594735,80.0,220.0,EMS,MWH,VALID
2025-09-20 21:00:00,335.5243458298017,150.98595562341075,184.53839020639091,80.0,220.0,EMS,MWH,VALID
2025-09-20 22:00:00,287.5167314167968,129.38252913755858,158.13420227923825,80.0,220.0,EMS,MWH,VALID
2025-09-20 23:00:00,291.75354755378964,131.2890963992053,160.4644511545843,80.0,220.0,EMS,MWH,VALID
2025-09-21 00:00:00,242.21053432411892,108.99474044585354,133.21579387826543,80.0,220.0,EMS,MWH,VALID
2025-09-21 01:00:00,237.32850615596905,106.79782777018607,130.53067838578298,80.0,220.0,EMS,MWH,VALID
2025-09-21 02:00:00,224.77942806780183,101.15074263051083,123.62868543729104,80.0,220.0,EMS,MWH,VALID
2025-09-21 03:00:00,222.83322971461408,100.27495337157632,122.55827634303776,80.0,220.0,EMS,MWH,VALID
2025-09-21 04:00:00,279.59909659285296,125.81959346678384,153.77950312606913,80.0,220.0,EMS,MWH,VALID
2025-09-21 05:00:00,243.38494178687048,109.52322380409171,133.86171798277877,80.0,220.0,EMS,MWH,VALID
2025-09-21 06:00:00,271.3048533045434,122.08718398704454,149.2176693174989,80.0,220.0,EMS,MWH,VALID
2025-09-21 07:00:00,313.0881203163629,140.8896541423633,172.1984661739996,80.0,220.0,EMS,MWH,VALID
2025-09-21 08:00:00,350.9918599976804,157.94633699895618,193.04552299872424,80.0,220.0,EMS,MWH,VALID
2025-09-21 09:00:00,312.8910191411245,140.80095861350603,172.09006052761848,80.0,220.0,EMS,MWH,VALID
2025-09-21 10:00:00,284.7644800532624,128.14401602396808,156.62046402929434,60.0,220.0,EMS,MWH,VALID
2025-09-21 11:00:00,308.9744497799214,139.03850240096463,169.93594737895677,60.0,220.0,EMS,MWH,VALID
2025-09-21 12:00:00,300.54300194375213,135.24435087468845,165.29865106906368,60.0,220.0,EMS,MWH,VALID
2025-09-21 13:00:00,282.3854448043829,127.07345016197232,155.3119946424106,60.0,220.0,EMS,MWH,VALID
2025-09-21 14:00:00,271.1588828304889,122.02149727372,149.1373855567689,60.0,220.0,EMS,MWH,VALID
2025-09-21 15:00:00,337.72090974542806,151.97440938544264,185.74650035998545,60.0,220.0,EMS,MWH,VALID
2025-09-21 16:00:00,329.5596590025853,148.30184655116338,181.25781245142196,80.0,220.0,EMS,MWH,VALID
2025-09-21 17:00:00,353.5591862141636,159.10163379637362,194.45755241779,80.0,220.0,EMS,MWH,VALID
2025-09-21 18:00:00,355.3347887536889,159.90065493916,195.4341338145289,80.0,220.0,EMS,MWH,VALID
2025-09-21 19:00:00,386.1503476103711,173.767656424667,212.3826911857041,80.0,220.0,EMS,MWH,VALID
2025-09-21 20:00:00,351.0561945617816,157.97528755280172,193.0809070089799,80.0,220.0,EMS,MWH,VALID
2025-09-21 21:00:00,324.55124000734503,146.04805800330527,178.5031820040398,80.0,220.0,EMS,MWH,VALID
2025-09-21 22:00:00,294.37488428178614,132.46869792680377,161.9061863549824,80.0,220.0,EMS,MWH,VALID
2025-09-21 23:00:00,271.15959572482666,122.021818076172,149.13777764865466,80.0,220.0,EMS,MWH,VALID
2025-09-22 00:00:00,295.46466730723694,132.95910028825662,162.50556701898032,80.0,220.0,EMS,MWH,VALID
2025-09-22 01:00:00,278.5109153976365,125.32991192893644,153.1810034687001,80.0,220.0,EMS,MWH,VALID
2025-09-22 02:00:00,278.9187260528157,125.51342672376708,153.40529932904866,80.0,220.0,EMS,MWH,VALID
2025-09-22 03:00:00,279.7853655039981,125.90341447679916,153.881951027199,80.0,220.0,EMS,MWH,VALID
2025-09-22 04:00:00,312.04191641560345,140.41886238702156,171.62305402858192,80.0,220.0,EMS,MWH,VALID
2025-09-22 05:00:00,319.1406690520878,143.61330107343952,175.5273679786483,80.0,220.0,EMS,MWH,VALID
2025-09-22 06:00:00,354.4980165533764,159.52410744901937,194.97390910435703,80.0,220.0,EMS,MWH,VALID
2025-09-22 07:00:00,365.67467143115306,164.55360214401887,201.1210692871342,80.0,220.0,EMS,MWH,VALID
2025-09-22 08:00:00,391.5791539733456,176.21061928800555,215.3685346853401,80.0,220.0,EMS,MWH,VALID
2025-09-22 09:00:00,416.9296362076578,187.618336293446,229.3112999142118,80.0,220.0,EMS,MWH,VALID
2025-09-22 10:00:00,379.5663573963808,170.80486082837135,208.76149656800945,60.0,220.0,EMS,MWH,VALID
2025-09-22 11:00:00,392.26224802854784,176.51801161284652,215.74423641570127,60.0,220.0,EMS,MWH,VALID
2025-09-22 12:00:00,371.40182389678296,167.13082075355234,204.27100314323064,60.0,220.0,EMS,MWH,VALID
2025-09-22 13:00:00,353.67694739610835,159.15462632824875,194.5223210678596,60.0,220.0,EMS,MWH,VALID
2025-09-22 14:00:00,378.46687662202703,170.31009447991218,208.15678214211488,60.0,220.0,EMS,MWH,VALID
2025-09-22 15:00:00,374.5665990447339,168.55496957013025,206.01162947460367,60.0,220.0,EMS,MWH,VALID
2025-09-22 16:00:00,376.0900377881613,169.2405170046726,206.84952078348877,80.0,220.0,EMS,MWH,VALID
2025-09-22 17:00:00,424.5043417000759,191.02695376503416,233.47738793504172,80.0,220.0,EMS,MWH,VALID
2025-09-22 18:00:00,455.51418230772015,204.98138203847407,250.5328002692461,80.0,220.0,EMS,MWH,VALID
2025-09-22 19:00:00,453.6201094484258,204.12904925179163,249.4910601966342,80.0,220.0,EMS,MWH,VALID
2025-09-22 20:00:00,434.9517005007012,195.72826522531557,239.22343527538567,80.0,220.0,EMS,MWH,VALID
2025-09-22 21:00:00,372.40357676483256,167.58160954417465,204.82196722065797,80.0,220.0,EMS,MWH,VALID
2025-09-22 22:00:00,354.90817288401263,159.70867779780568,195.19949508620692,80.0,220.0,EMS,MWH,VALID
2025-09-22 23:00:00,314.0471446606569,141.32121509729564,172.72592956336135,80.0,220.0,EMS,MWH,VALID
2025-09-23 00:00:00,285.3854702496031,128.4234616123214,156.9620086372817,80.0,220.0,EMS,MWH,VALID
2025-09-23 01:00:00,303.3579292318353,136.5110681543259,166.84686107750943,80.0,220.0,EMS,MWH,VALID
2025-09-23 02:00:00,334.38530202444,150.473385910998,183.911916113442,80.0,220.0,EMS,MWH,VALID
2025-09-23 03:00:00,290.20467409732845,130.59210334379782,159.61257075353066,80.0,220.0,EMS,MWH,VALID
2025-09-23 04:00:00,309.1289015929721,139.10800571683745,170.0208958761347,80.0,220.0,EMS,MWH,VALID
2025-09-23 05:00:00,336.21263507272096,151.29568578272443,184.91694928999652,80.0,220.0,EMS,MWH,VALID
2025-09-23 06:00:00,355.93479100520096,160.17065595234044,195.76413505286052,80.0,220.0,EMS,MWH,VALID
2025-09-23 07:00:00,382.0159660076637,171.90718470344868,210.10878130421503,80.0,220.0,EMS,MWH,VALID
2025-09-23 08:00:00,406.1908078997057,182.78586355486755,223.40494434483813,80.0,220.0,EMS,MWH,VALID
2025-09-23 09:00:00,403.28668517677977,181.4790083295509,221.8076768472289,80.0,220.0,EMS,MWH,VALID
2025-09-23 10:00:00,376.57994806614704,169.46097662976618,207.1189714363809,60.0,220.0,EMS,MWH,VALID
2025-09-23 11:00:00,379.827553533628,170.9223990901326,208.90515444349543,60.0,220.0,EMS,MWH,VALID
2025-09-23 12:00:00,363.5479742419491,163.5965884088771,199.951385833072,60.0,220.0,EMS,MWH,VALID
2025-09-23 13:00:00,359.5477435253332,161.79648458639994,197.7512589389333,60.0,220.0,EMS,MWH,VALID
2025-09-23 14:00:00,358.2140201055398,161.19630904749292,197.01771105804693,60.0,220.0,EMS,MWH,VALID
2025-09-23 15:00:00,378.8947630447663,170.50264337014485,208.39211967462148,60.0,220.0,EMS,MWH,VALID
2025-09-23 17:00:00,443.2826525231021,199.477193635396,243.80545888770615,80.0,220.0,EMS,MWH,VALID
2025-09-23 18:00:00,443.0246791980714,199.3611056391321,243.66357355893928,80.0,220.0,EMS,MWH,VALID
2025-09-23 19:00:00,466.83572344779367,210.0760755515072,256.75964789628654,80.0,220.0,EMS,MWH,VALID
2025-09-23 20:00:00,472.390105544897,212.5755474952037,259.8145580496934,80.0,220.0,EMS,MWH,VALID
2025-09-23 21:00:00,396.7093157348065,178.51919208066295,218.1901236541436,80.0,220.0,EMS,MWH,VALID
2025-09-23 22:00:00,335.0001846498472,150.75008309243125,184.250101557416,80.0,220.0,EMS,MWH,VALID
2025-09-23 23:00:00,330.4599397212477,148.70697287456147,181.75296684668623,80.0,220.0,EMS,MWH,VALID
2025-09-24 00:00:00,277.21729115280937,124.7477810187642,152.46951013404515,80.0,220.0,EMS,MWH,VALID
2025-09-24 01:00:00,315.5220339402027,141.98491527309122,173.53711866711149,80.0,220.0,EMS,MWH,VALID
2025-09-24 02:00:00,290.26248850454215,130.61811982704398,159.6443686774982,80.0,220.0,EMS,MWH,VALID
2025-09-24 03:00:00,293.3212129766882,131.99454583950967,161.3266671371785,80.0,220.0,EMS,MWH,VALID
2025-09-24 04:00:00,301.0242034302693,135.4608915436212,165.56331188664814,80.0,220.0,EMS,MWH,VALID
2025-09-24 05:00:00,315.1298762084384,141.8084442937973,173.32143191464115,80.0,220.0,EMS,MWH,VALID
2025-09-24 06:00:00,347.22901318071035,156.25305593131966,190.97595724939072,80.0,220.0,EMS,MWH,VALID
2025-09-24 07:00:00,376.8034789093224,169.56156550919508,207.24191340012732,80.0,220.0,EMS,MWH,VALID
2025-09-24 08:00:00,398.7626842659721,179.44320791968744,219.31947634628463,80.0,220.0,EMS,MWH,VALID
2025-09-24 09:00:00,404.28661285264513,181.9289757836903,222.35763706895483,80.0,220.0,EMS,MWH,VALID
2025-09-24 10:00:00,380.1704448457919,171.07670018060637,209.0937446651856,60.0,220.0,EMS,MWH,VALID
2025-09-24 11:00:00,411.4139218270547,185.1362648221746,226.2776570048801,60.0,220.0,EMS,MWH,VALID
2025-09-24 12:00:00,363.78546107155626,163.70345748220032,200.082003589356,60.0,220.0,EMS,MWH,VALID
2025-09-24 13:00:00,372.32840886910407,167.54778399109682,204.78062487800725,60.0,220.0,EMS,MWH,VALID
2025-09-24 14:00:00,350.9830287587515,157.94236294143818,193.0406658173133,60.0,220.0,EMS,MWH,VALID
2025-09-24 15:00:00,367.9803151833829,165.5911418325223,202.38917335086063,60.0,220.0,EMS,MWH,VALID
2025-09-24 16:00:00,385.1443555379111,173.31495999205998,211.8293955458511,80.0,220.0,EMS,MWH,VALID
2025-09-24 17:00:00,449.8935223074585,202.45208503835636,247.4414372691022,80.0,220.0,EMS,MWH,VALID
2025-09-24 18:00:00,459.40516702642526,206.73232516189137,252.67284186453392,80.0,220.0,EMS,MWH,VALID
2025-09-24 19:00:00,456.0014002882521,205.20063012971343,250.80077015853868,80.0,220.0,EMS,MWH,VALID
2025-09-24 20:00:00,419.2416231822,188.65873043199,230.58289275021,80.0,220.0,EMS,MWH,VALID
2025-09-24 21:00:00,407.0523475003537,183.1735563751592,223.8787911251945,80.0,220.0,EMS,MWH,VALID
2025-09-24 22:00:00,359.65387488721785,161.84424369924804,197.80963118796984,80.0,220.0,EMS,MWH,VALID
2025-09-24 23:00:00,336.8447952522939,151.58015786353226,185.26463738876168,80.0,220.0,EMS,MWH,VALID
2025-09-25 00:00:00,288.4850268534809,129.81826208406642,158.66676476941453,80.0,220.0,EMS,MWH,VALID
2025-09-25 01:00:00,297.44080646657386,133.84836290995824,163.59244355661565,80.0,220.0,EMS,MWH,VALID
2025-09-25 02:00:00,304.2421932159612,136.90898694718254,167.33320626877867,80.0,220.0,EMS,MWH,VALID
2025-09-25 03:00:00,282.583966102446,127.16278474610073,155.42118135634533,80.0,220.0,EMS,MWH,VALID
2025-09-25 04:00:00,320.3320684000664,144.1494307800299,176.18263762003656,80.0,220.0,EMS,MWH,VALID
2025-09-25 05:00:00,298.29788490334147,134.23404820650367,164.06383669683785,80.0,220.0,EMS,MWH,VALID
2025-09-25 06:00:00,357.1220133507049,160.7049060078172,196.4171073428877,80.0,220.0,EMS,MWH,VALID
2025-09-25 07:00:00,374.50847252457424,168.5288126360584,205.97965988851584,80.0,220.0,EMS,MWH,VALID
2025-09-25 08:00:00,396.1431920147998,178.2644364066599,217.87875560813995,80.0,220.0,EMS,MWH,VALID
2025-09-25 09:00:00,409.2902256343824,184.18060153547205,225.1096240989103,80.0,220.0,EMS,MWH,VALID
2025-09-25 10:00:00,402.2491718687944,181.01212734095748,221.23704452783693,60.0,220.0,EMS,MWH,VALID
2025-09-25 11:00:00,373.2392866460582,167.95767899072618,205.281607655332,60.0,220.0,EMS,MWH,VALID
2025-09-25 12:00:00,358.1930803416413,161.18688615373858,197.00619418790276,60.0,220.0,EMS,MWH,VALID
2025-09-25 13:00:00,350.18803141241574,157.5846141355871,192.60341727682868,60.0,220.0,EMS,MWH,VALID
2025-09-25 14:00:00,341.76122986224993,153.79255343801248,187.9686764242375,60.0,220.0,EMS,MWH,VALID
2025-09-25 15:00:00,361.5550905982733,162.69979076922297,198.8552998290503,60.0,220.0,EMS,MWH,VALID
2025-09-25 16:00:00,398.9959713067975,179.54818708805885,219.44778421873863,80.0,220.0,EMS,MWH,VALID
2025-09-25 17:00:00,429.2978272631928,193.1840222684368,236.11380499475607,80.0,220.0,EMS,MWH,VALID
2025-09-25 18:00:00,451.3223199200961,203.0950439640432,248.22727595605284,80.0,220.0,EMS,MWH,VALID
2025-09-25 19:00:00,459.6754791527009,206.85396561871545,252.82151353398552,80.0,220.0,EMS,MWH,VALID
2025-09-25 20:00:00,457.1495128925226,205.7172808016352,251.43223209088745,80.0,220.0,EMS,MWH,VALID
2025-09-25 21:00:00,407.5117344485459,183.38028050184565,224.13145394670025,80.0,220.0,EMS,MWH,VALID
2025-09-25 22:00:00,357.94498250598303,161.07524212769238,196.8697403782907,80.0,220.0,EMS,MWH,VALID
2025-09-25 23:00:00,302.54606242430003,136.14572809093502,166.40033433336504,80.0,220.0,EMS,MWH,VALID
2025-09-26 00:00:00,288.7104587397543,129.91970643288943,158.79075230686487,80.0,220.0,EMS,MWH,VALID
2025-09-26 01:00:00,312.8676298965888,140.79043345346497,172.07719644312385,80.0,220.0,EMS,MWH,VALID
2025-09-26 02:00:00,299.1176438478149,134.60293973151673,164.51470411629822,80.0,220.0,EMS,MWH,VALID
2025-09-26 03:00:00,268.8815000413188,120.99667501859346,147.88482502272535,80.0,220.0,EMS,MWH,VALID
2025-09-26 04:00:00,305.19959286814657,137.33981679066596,167.85977607748063,80.0,220.0,EMS,MWH,VALID
2025-09-26 05:00:00,332.38376219411845,149.5726929873533,182.81106920676515,80.0,220.0,EMS,MWH,VALID
2025-09-26 06:00:00,344.3149068729839,154.94170809284276,189.3731987801412,80.0,220.0,EMS,MWH,VALID
2025-09-26 07:00:00,385.7147633977338,173.57164352898022,212.1431198687536,80.0,220.0,EMS,MWH,VALID
2025-09-26 08:00:00,432.37035527525575,194.5666598738651,237.80369540139068,80.0,220.0,EMS,MWH,VALID
2025-09-26 09:00:00,376.7212253580708,169.52455141113185,207.19667394693892,80.0,220.0,EMS,MWH,VALID
2025-09-26 10:00:00,365.3166537014504,164.3924941656527,200.9241595357977,60.0,220.0,EMS,MWH,VALID
2025-09-26 11:00:00,358.86916766585665,161.4911254496355,197.3780422162212,60.0,220.0,EMS,MWH,VALID
2025-09-26 12:00:00,341.8826773816751,153.8472048217538,188.0354725599213,60.0,220.0,EMS,MWH,VALID
2025-09-26 13:00:00,365.1056357791732,164.29753610062795,200.8080996785453,60.0,220.0,EMS,MWH,VALID
2025-09-26 14:00:00,365.6416823491661,164.5387570571247,201.10292529204133,60.0,220.0,EMS,MWH,VALID
2025-09-26 15:00:00,368.8418234608431,165.97882055737938,202.8630029034637,60.0,220.0,EMS,MWH,VALID
2025-09-26 16:00:00,388.3848650434575,174.7731892695559,213.61167577390165,80.0,220.0,EMS,MWH,VALID
2025-09-26 17:00:00,423.8136437068631,190.7161396680884,233.0975040387747,80.0,220.0,EMS,MWH,VALID
2025-09-26 18:00:00,453.90362306832486,204.2566303807462,249.6469926875787,80.0,220.0,EMS,MWH,VALID
2025-09-26 19:00:00,451.46611382842553,203.1597512227915,248.3063626056341,80.0,220.0,EMS,MWH,VALID
2025-09-26 20:00:00,442.6748589422682,199.2036865240207,243.47117241824756,80.0,220.0,EMS,MWH,VALID
2025-09-26 21:00:00,414.3359697017869,186.4511863658041,227.8847833359828,80.0,220.0,EMS,MWH,VALID
2025-09-26 22:00:00,358.5104362331677,161.32969630492548,197.18073992824225,80.0,220.0,EMS,MWH,VALID
2025-09-26 23:00:00,307.372211969508,138.3174953862786,169.0547165832294,80.0,220.0,EMS,MWH,VALID
2025-09-27 00:00:00,239.8419475761809,107.9288764092814,131.9130711668995,80.0,220.0,EMS,MWH,VALID
2025-09-27 01:00:00,212.3290624852108,95.54807811834486,116.78098436686594,80.0,220.0,EMS,MWH,VALID
2025-09-27 02:00:00,208.6240540439055,93.88082431975748,114.74322972414802,80.0,220.0,EMS,MWH,VALID
2025-09-27 03:00:00,239.74362181400852,107.88462981630384,131.85899199770472,80.0,220.0,EMS,MWH,VALID
2025-09-27 04:00:00,257.86400606186663,116.03880272784,141.82520333402667,80.0,220.0,EMS,MWH,VALID
2025-09-27 05:00:00,273.2974986816522,122.9838744067435,150.31362427490873,80.0,220.0,EMS,MWH,VALID
2025-09-27 06:00:00,244.8021874512373,110.1609843530568,134.64120309818054,80.0,220.0,EMS,MWH,VALID
2025-09-27 07:00:00,347.79598334030965,156.50819250313936,191.28779083717032,80.0,220.0,EMS,MWH,VALID
2025-09-27 08:00:00,323.0061192545272,145.35275366453726,177.65336558999,80.0,220.0,EMS,MWH,VALID
2025-09-27 09:00:00,327.2166580316149,147.2474961142267,179.9691619173882,80.0,220.0,EMS,MWH,VALID
2025-09-27 10:00:00,310.6320955123268,139.78444298054708,170.84765253177977,60.0,220.0,EMS,MWH,VALID
2025-09-27 11:00:00,311.55162924997614,140.19823316248926,171.35339608748689,60.0,220.0,EMS,MWH,VALID
2025-09-27 12:00:00,257.45133090074995,115.85309890533748,141.59823199541248,60.0,220.0,EMS,MWH,VALID
2025-09-27 13:00:00,272.3954196393459,122.57793883770566,149.81748080164027,60.0,220.0,EMS,MWH,VALID
2025-09-27 14:00:00,327.5545580252545,147.39955111136456,180.15500691389,60.0,220.0,EMS,MWH,VALID
2025-09-27 15:00:00,305.53820484113004,137.49219217850853,168.04601266262154,60.0,220.0,EMS,MWH,VALID
2025-09-27 16:00:00,309.15488454192223,139.119698043865,170.03518649805724,80.0,220.0,EMS,MWH,VALID
2025-09-27 17:00:00,348.3525463939836,156.75864587729262,191.59390051669095,80.0,220.0,EMS,MWH,VALID
2025-09-27 18:00:00,397.9775285580485,179.08988785112183,218.8876407069267,80.0,220.0,EMS,MWH,VALID
2025-09-27 19:00:00,396.8494699988064,178.58226149946285,218.2672084993435,80.0,220.0,EMS,MWH,VALID
2025-09-27 20:00:00,374.3857657094081,168.47359456923363,205.91217114017448,80.0,220.0,EMS,MWH,VALID
2025-09-27 21:00:00,311.020514345689,139.95923145556006,171.06128289012895,80.0,220.0,EMS,MWH,VALID
2025-09-27 22:00:00,278.5924108019966,125.36658486089848,153.22582594109815,80.0,220.0,EMS,MWH,VALID
2025-09-27 23:00:00,264.9318501914784,119.2193325861653,145.71251760531314,80.0,220.0,EMS,MWH,VALID
2025-09-28 00:00:00,247.53090353394688,111.3889065902761,136.1419969436708,80.0,220.0,EMS,MWH,VALID
2025-09-28 01:00:00,265.3757465159555,119.41908593217995,145.95666058377552,80.0,220.0,EMS,MWH,VALID
2025-09-28 02:00:00,232.04129146465664,104.4185811590955,127.62271030556116,80.0,220.0,EMS,MWH,VALID
2025-09-28 03:00:00,246.8798535159061,111.09593408215775,135.78391943374837,80.0,220.0,EMS,MWH,VALID
2025-09-28 04:00:00,259.2953999144863,116.68292996151884,142.6124699529675,80.0,220.0,EMS,MWH,VALID
2025-09-28 05:00:00,265.47656551965537,119.46445448384492,146.01211103581048,80.0,220.0,EMS,MWH,VALID
2025-09-28 06:00:00,301.4215328640396,135.63968978881783,165.7818430752218,80.0,220.0,EMS,MWH,VALID
2025-09-28 07:00:00,350.18978312693764,157.58540240712193,192.6043807198157,80.0,220.0,EMS,MWH,VALID
2025-09-28 08:00:00,338.6868899481699,152.40910047667646,186.27778947149343,80.0,220.0,EMS,MWH,VALID
2025-09-28 09:00:00,299.60342632483884,134.82154184617747,164.78188447866137,80.0,220.0,EMS,MWH,VALID
2025-09-28 10:00:00,325.53441197703125,146.49048538966406,179.0439265873672,60.0,220.0,EMS,MWH,VALID
2025-09-28 11:00:00,316.9816513405048,142.64174310322716,174.33990823727763,60.0,220.0,EMS,MWH,VALID
2025-09-28 12:00:00,246.58248142698685,110.96211664214408,135.62036478484276,60.0,220.0,EMS,MWH,VALID
2025-09-28 13:00:00,297.11248570777303,133.70061856849787,163.4118671392752,60.0,220.0,EMS,MWH,VALID
2025-09-28 14:00:00,282.4881088897204,127.1196490003742,155.36845988934624,60.0,220.0,EMS,MWH,VALID
2025-09-28 15:00:00,285.29764033501004,128.38393815075452,156.91370218425553,60.0,220.0,EMS,MWH,VALID
2025-09-28 16:00:00,337.29312175594663,151.781904790176,185.51121696577067,80.0,220.0,EMS,MWH,VALID
2025-09-28 17:00:00,342.20138489529523,153.99062320288286,188.2107616924124,80.0,220.0,EMS,MWH,VALID
2025-09-28 18:00:00,379.4130247959291,170.73586115816812,208.67716363776103,80.0,220.0,EMS,MWH,VALID
2025-09-28 19:00:00,366.9500362448384,165.1275163101773,201.8225199346612,80.0,220.0,EMS,MWH,VALID
2025-09-28 20:00:00,337.05422284950487,151.6744002822772,185.3798225672277,80.0,220.0,EMS,MWH,VALID
2025-09-28 21:00:00,335.95923279343225,151.18165475704453,184.77757803638772,80.0,220.0,EMS,MWH,VALID
2025-09-28 22:00:00,269.5025211200933,121.276134504042,148.22638661605134,80.0,220.0,EMS,MWH,VALID
2025-09-28 23:00:00,245.8695173966636,110.64128282849862,135.228234568165,80.0,220.0,EMS,MWH,VALID
2025-09-29 00:00:00,289.10554227251305,130.09749402263088,159.0080482498822,80.0,220.0,EMS,MWH,VALID
2025-09-29 01:00:00,284.9427194963527,128.22422377335872,156.718495722994,80.0,220.0,EMS,MWH,VALID
2025-09-29 02:00:00,261.70901846186786,117.76905830784054,143.93996015402735,80.0,220.0,EMS,MWH,VALID
2025-09-29 03:00:00,290.09580496918227,130.54311223613203,159.55269273305026,80.0,220.0,EMS,MWH,VALID
2025-09-29 04:00:00,296.1810861321364,133.28148875946138,162.89959737267503,80.0,220.0,EMS,MWH,VALID
2025-09-29 05:00:00,330.842590191208,148.8791655860436,181.9634246051644,80.0,220.0,EMS,MWH,VALID
2025-09-29 06:00:00,368.9110969187536,166.00999361343912,202.90110330531448,80.0,220.0,EMS,MWH,VALID
2025-09-29 07:00:00,391.1860164207071,176.0337073893182,215.1523090313889,80.0,220.0,EMS,MWH,VALID
2025-09-29 08:00:00,386.0234828457668,173.71056728059506,212.31291556517172,80.0,220.0,EMS,MWH,VALID
2025-09-29 09:00:00,406.1165171122718,182.75243270052232,223.36408441174956,80.0,220.0,EMS,MWH,VALID
2025-09-29 10:00:00,393.1535795494521,176.91911079725344,216.23446875219864,60.0,220.0,EMS,MWH,VALID
2025-09-29 11:00:00,364.4513158332079,164.00309212494355,200.44822370826435,60.0,220.0,EMS,MWH,VALID
2025-09-29 12:00:00,351.8491137129543,158.33210117082945,193.5170125421249,60.0,220.0,EMS,MWH,VALID
2025-09-29 13:00:00,338.3376986355556,152.25196438600003,186.0857342495556,60.0,220.0,EMS,MWH,VALID
2025-09-29 14:00:00,342.66167158496705,154.1977522132352,188.4639193717319,60.0,220.0,EMS,MWH,VALID
2025-09-29 15:00:00,370.0053730411766,166.50241786852948,203.50295517264715,60.0,220.0,EMS,MWH,VALID
2025-09-29 16:00:00,398.3562677365141,179.26032048143134,219.0959472550828,80.0,220.0,EMS,MWH,VALID
2025-09-29 17:00:00,424.80955064405,191.16429778982248,233.6452528542275,80.0,220.0,EMS,MWH,VALID
2025-09-29 18:00:00,465.2415798496267,209.35871093233203,255.8828689172947,80.0,220.0,EMS,MWH,VALID
2025-09-29 19:00:00,453.7114599157357,204.17015696208108,249.54130295365465,80.0,220.0,EMS,MWH,VALID
2025-09-29 20:00:00,427.951024135432,192.5779608609444,235.3730632744876,80.0,220.0,EMS,MWH,VALID
2025-09-29 21:00:00,398.5292919875474,179.33818139439634,219.1911105931511,80.0,220.0,EMS,MWH,VALID
2025-09-29 22:00:00,362.17847236807535,162.9803125656339,199.19815980244147,80.0,220.0,EMS,MWH,VALID
2025-09-29 23:00:00,312.31706827123486,140.54268072205568,171.77438754917918,80.0,220.0,EMS,MWH,VALID
2025-09-30 00:00:00,272.89435638773875,122.80246037448244,150.09189601325633,80.0,220.0,EMS,MWH,VALID
2025-09-30 01:00:00,308.4239500148003,138.7907775066601,169.63317250814018,80.0,220.0,EMS,MWH,VALID
2025-09-30 02:00:00,284.59954462287703,128.06979508029468,156.52974954258238,80.0,220.0,EMS,MWH,VALID
2025-09-30 03:00:00,310.78272234155696,139.85222505370064,170.93049728785635,80.0,220.0,EMS,MWH,VALID
2025-09-30 04:00:00,311.68530934947506,140.25838920726378,171.4269201422113,80.0,220.0,EMS,MWH,VALID
2025-09-30 05:00:00,313.9968699826937,141.29859149221215,172.69827849048153,80.0,220.0,EMS,MWH,VALID
2025-09-30 06:00:00,339.2493333421864,152.66220000398388,186.58713333820253,80.0,220.0,EMS,MWH,VALID
2025-09-30 07:00:00,379.4274401043316,170.74234804694922,208.6850920573824,80.0,220.0,EMS,MWH,VALID
2025-09-30 08:00:00,363.8966931679381,163.75351192557216,200.143181242366,80.0,220.0,EMS,MWH,VALID
2025-09-30 09:00:00,420.97603777623726,189.4392169993068,231.5368207769305,80.0,220.0,EMS,MWH,VALID
2025-09-30 10:00:00,384.5305160509324,173.0387322229196,211.49178382801284,60.0,220.0,EMS,MWH,VALID
2025-09-30 11:00:00,378.3409326487922,170.2534196919565,208.08751295683567,60.0,220.0,EMS,MWH,VALID
2025-09-30 12:00:00,340.6811508396304,153.30651787783367,187.37463296179672,60.0,220.0,EMS,MWH,VALID
2025-09-30 13:00:00,381.3486393287373,171.60688769793177,209.7417516308055,60.0,220.0,EMS,MWH,VALID
2025-09-30 14:00:00,352.48576270578627,158.61859321760383,193.86716948818247,60.0,220.0,EMS,MWH,VALID
2025-09-30 15:00:00,365.4582124611544,164.45619560751945,201.0020168536349,60.0,220.0,EMS,MWH,VALID
2025-09-30 16:00:00,388.9758048158323,175.03911216712453,213.93669264870775,80.0,220.0,EMS,MWH,VALID
2025-09-30 17:00:00,408.4133040653856,183.7859868294235,224.62731723596207,80.0,220.0,EMS,MWH,VALID
2025-09-30 18:00:00,442.949931714573,199.32746927155787,243.6224624430152,80.0,220.0,EMS,MWH,VALID
2025-09-30 19:00:00,477.03313620941327,214.664911294236,262.36822491517734,80.0,220.0,EMS,MWH,VALID
2025-09-30 20:00:00,452.0143464717306,203.4064559122788,248.60789055945187,80.0,220.0,EMS,MWH,VALID
2025-09-30 21:00:00,399.9080147993694,179.95860665971625,219.9494081396532,80.0,220.0,EMS,MWH,VALID
2025-09-30 22:00:00,336.36876977308407,151.36594639788785,185.00282337519624,80.0,220.0,EMS,MWH,VALID
2025-09-30 23:00:00,312.01394411443465,140.4062748514956,171.60766926293908,80.0,220.0,EMS,MWH,VALID
2025-10-01 00:00:00,294.407569599993,132.48340631999685,161.92416327999615,80.0,220.0,EMS,MWH,VALID
2025-10-01 01:00:00,295.4448350115743,132.95017575520845,162.49465925636588,80.0,220.0,EMS,MWH,VALID
2025-10-01 02:00:00,303.1690742372074,136.42608340674332,166.74299083046407,80.0,220.0,EMS,MWH,VALID
2025-10-01 03:00:00,277.653536941503,124.94409162367634,152.70944531782666,80.0,220.0,EMS,MWH,VALID
2025-10-01 04:00:00,304.32402897984707,136.9458130409312,167.3782159389159,80.0,220.0,EMS,MWH,VALID
2025-10-01 05:00:00,340.69007406901267,153.3105333310557,187.37954073795697,80.0,220.0,EMS,MWH,VALID
2025-10-01 06:00:00,350.5806419828588,157.76128889228647,192.8193530905724,80.0,220.0,EMS,MWH,VALID
2025-10-01 07:00:00,391.89253149576206,176.3516391730929,215.54089232266915,80.0,220.0,EMS,MWH,VALID
2025-10-01 08:00:00,384.5851747199912,173.06332862399606,211.5218460959952,80.0,220.0,EMS,MWH,VALID
2025-10-01 09:00:00,406.8643014219843,183.08893563989287,223.77536578209137,80.0,220.0,EMS,MWH,VALID
2025-10-01 10:00:00,379.86862390559367,170.94088075751716,208.92774314807653,60.0,220.0,EMS,MWH,VALID
2025-10-01 11:00:00,340.1064818025737,153.04791681115816,187.05856499141555,60.0,220.0,EMS,MWH,VALID
2025-10-01 12:00:00,396.16373272696114,178.27367972713253,217.89005299982864,60.0,220.0,EMS,MWH,VALID
2025-10-01 13:00:00,363.53425257611696,163.59041365925265,199.94383891686437,60.0,220.0,EMS,MWH,VALID
2025-10-01 14:00:00,380.0878796557591,171.0395458450916,209.04833381066751,60.0,220.0,EMS,MWH,VALID
2025-10-01 15:00:00,380.2231087906492,171.10039895579214,209.12270983485703,60.0,220.0,EMS,MWH,VALID
2025-10-01 16:00:00,372.39228445011855,167.57652800255337,204.8157564475652,80.0,220.0,EMS,MWH,VALID
2025-10-01 17:00:00,414.609145128492,186.57411530782144,228.03502982067064,80.0,220.0,EMS,MWH,VALID
2025-10-01 18:00:00,452.3244629890394,203.54600834506772,248.7784546439717,80.0,220.0,EMS,MWH,VALID
2025-10-01 19:00:00,503.42999119293097,226.5434960368189,276.88649515611206,80.0,220.0,EMS,MWH,VALID
2025-10-01 20:00:00,444.0914059838967,199.84113269275352,244.2502732911432,80.0,220.0,EMS,MWH,VALID
2025-10-01 21:00:00,379.0247761937016,170.5611492871657,208.46362690653584,80.0,220.0,EMS,MWH,VALID
2025-10-01 22:00:00,337.4718806719985,151.86234630239937,185.6095343695992,80.0,220.0,EMS,MWH,VALID
2025-10-01 23:00:00,338.6401310346352,152.38805896558586,186.25207206904935,80.0,220.0,EMS,MWH,VALID
2025-10-02 00:00:00,285.5867915854557,128.5140562134551,157.07273537200066,80.0,220.0,EMS,MWH,VALID
2025-10-02 01:00:00,281.48402660553086,126.66781197248888,154.816214633042,80.0,220.0,EMS,MWH,VALID
2025-10-02 02:00:00,292.7512650240077,131.73806926080348,161.0131957632043,80.0,220.0,EMS,MWH,VALID
2025-10-02 03:00:00,329.0196924222008,148.05886158999036,180.96083083221043,80.0,220.0,EMS,MWH,VALID
2025-10-02 04:00:00,304.53757395863806,137.04190828138712,167.49566567725094,80.0,220.0,EMS,MWH,VALID
2025-10-02 05:00:00,336.4490034716288,151.40205156223294,185.04695190939583,80.0,220.0,EMS,MWH,VALID
2025-10-02 06:00:00,355.34207323394946,159.90393295527727,195.43814027867225,80.0,220.0,EMS,MWH,VALID
2025-10-02 07:00:00,370.8865202727272,166.89893412272727,203.98758615,80.0,220.0,EMS,MWH,VALID
2025-10-02 08:00:00,394.23371268515154,177.4051707083182,216.82854197683335,80.0,220.0,EMS,MWH,VALID
2025-10-02 09:00:00,406.6244327552617,182.98099473986773,223.64343801539397,80.0,220.0,EMS,MWH,VALID
2025-10-02 10:00:00,342.5488431141713,154.14697940137708,188.40186371279424,60.0,220.0,EMS,MWH,VALID
2025-10-02 11:00:00,354.1608214456215,159.37236965052966,194.78845179509185,60.0,220.0,EMS,MWH,VALID
2025-10-02 12:00:00,345.3936330299701,155.42713486348654,189.9664981664836,60.0,220.0,EMS,MWH,VALID
2025-10-02 13:00:00,365.5299894225881,164.48849524016467,201.0414941824235,60.0,220.0,EMS,MWH,VALID
2025-10-02 14:00:00,350.2660656483141,157.61972954174135,192.6463361065728,60.0,220.0,EMS,MWH,VALID
2025-10-02 15:00:00,360.6474544577525,162.2913545059886,198.35609995176387,60.0,220.0,EMS,MWH,VALID
2025-10-02 16:00:00,391.6309832257275,176.23394245157738,215.39704077415016,80.0,220.0,EMS,MWH,VALID
2025-10-02 17:00:00,393.83051856208425,177.22373335293793,216.60678520914635,80.0,220.0,EMS,MWH,VALID
2025-10-02 18:00:00,426.4901682543745,191.92057571446853,234.569592539906,80.0,220.0,EMS,MWH,VALID
2025-10-02 19:00:00,472.2664983594301,212.5199242617435,259.74657409768656,80.0,220.0,EMS,MWH,VALID
2025-10-02 20:00:00,431.0140080783403,193.95630363525316,237.0577044430872,80.0,220.0,EMS,MWH,VALID
2025-10-02 21:00:00,371.8454665032376,167.3304599264569,204.51500657678068,80.0,220.0,EMS,MWH,VALID
2025-10-02 22:00:00,355.9096013124605,160.15932059060722,195.7502807218533,80.0,220.0,EMS,MWH,VALID
2025-10-02 23:00:00,314.39757916692736,141.47891062511732,172.91866854181006,80.0,220.0,EMS,MWH,VALID
2025-10-03 00:00:00,308.62436830792944,138.88096573856825,169.7434025693612,80.0,220.0,EMS,MWH,VALID
2025-10-03 01:00:00,295.7766529934511,133.099493847053,162.6771591463981,80.0,220.0,EMS,MWH,VALID
2025-10-03 02:00:00,274.1708737261637,123.37689317677366,150.79398054939003,80.0,220.0,EMS,MWH,VALID
2025-10-03 03:00:00,286.20205146601273,128.79092315970573,157.411128306307,80.0,220.0,EMS,MWH,VALID
2025-10-03 04:00:00,308.94528389891826,139.02537775451322,169.91990614440505,80.0,220.0,EMS,MWH,VALID
2025-10-03 05:00:00,328.353308509406,147.75898882923272,180.59431968017333,80.0,220.0,EMS,MWH,VALID
2025-10-03 06:00:00,360.944970378654,162.42523667039433,198.5197337082597,80.0,220.0,EMS,MWH,VALID
2025-10-03 07:00:00,368.8439348702384,165.97977069160729,202.86416417863117,80.0,220.0,EMS,MWH,VALID
2025-10-03 08:00:00,408.1918448485616,183.68633018185272,224.5055146667089,80.0,220.0,EMS,MWH,VALID
2025-10-03 09:00:00,427.7998484237175,192.50993179067288,235.28991663304464,80.0,220.0,EMS,MWH,VALID
2025-10-03 10:00:00,395.5384463449,177.992300855205,217.54614548969505,60.0,220.0,EMS,MWH,VALID
2025-10-03 11:00:00,375.9013651629055,169.15561432330745,206.745750839598,60.0,220.0,EMS,MWH,VALID
2025-10-03 12:00:00,354.10838993586475,159.3487754711391,194.7596144647256,60.0,220.0,EMS,MWH,VALID
2025-10-03 13:00:00,370.201807679811,166.59081345591494,203.61099422389609,60.0,220.0,EMS,MWH,VALID
2025-10-03 14:00:00,338.43314701973844,152.2949161588823,186.13823086085617,60.0,220.0,EMS,MWH,VALID
2025-10-03 15:00:00,370.1818790181052,166.58184555814736,203.6000334599579,60.0,220.0,EMS,MWH,VALID
2025-10-03 16:00:00,375.0354385901425,168.76594736556413,206.2694912245784,80.0,220.0,EMS,MWH,VALID
2025-10-03 17:00:00,412.6140571000184,185.6763256950083,226.93773140501017,80.0,220.0,EMS,MWH,VALID
2025-10-03 18:00:00,461.7233207343571,207.7754943304607,253.94782640389644,80.0,220.0,EMS,MWH,VALID
2025-10-03 19:00:00,427.1683777099455,192.22576996947544,234.94260774047,80.0,220.0,EMS,MWH,VALID
2025-10-03 20:00:00,419.6504036475568,188.84268164140053,230.80772200615624,80.0,220.0,EMS,MWH,VALID
2025-10-03 21:00:00,386.3595870443544,173.8618141699595,212.49777287439497,80.0,220.0,EMS,MWH,VALID
2025-10-03 22:00:00,313.7596336211775,141.1918351295299,172.56779849164764,80.0,220.0,EMS,MWH,VALID
2025-10-03 23:00:00,320.0395488582907,144.01779698623082,176.0217518720599,80.0,220.0,EMS,MWH,VALID
2025-10-04 00:00:00,230.0914637316561,103.54115867924526,126.55030505241088,80.0,220.0,EMS,MWH,VALID
2025-10-04 01:00:00,247.96514550001072,111.58431547500484,136.3808300250059,80.0,220.0,EMS,MWH,VALID
2025-10-04 02:00:00,242.37991991602075,109.07096396220932,133.30895595381142,80.0,220.0,EMS,MWH,VALID
2025-10-04 03:00:00,237.11942912153603,106.7037431046912,130.41568601684483,80.0,220.0,EMS,MWH,VALID
2025-10-04 04:00:00,235.68046937661688,106.0562112194776,129.62425815713928,80.0,220.0,EMS,MWH,VALID
2025-10-04 05:00:00,278.20020888481184,125.19009399816534,153.01011488664653,80.0,220.0,EMS,MWH,VALID
2025-10-04 06:00:00,292.9598913389442,131.8319511025249,161.1279402364193,80.0,220.0,EMS,MWH,VALID
2025-10-04 07:00:00,326.57159865860444,146.957219396372,179.61437926223246,80.0,220.0,EMS,MWH,VALID
2025-10-04 08:00:00,322.87652514385434,145.29443631473447,177.5820888291199,80.0,220.0,EMS,MWH,VALID
2025-10-04 09:00:00,317.80559265986614,143.01251669693977,174.7930759629264,80.0,220.0,EMS,MWH,VALID
2025-10-04 10:00:00,305.0932978687209,137.29198404092443,167.80131382779652,60.0,220.0,EMS,MWH,VALID
2025-10-04 11:00:00,326.0819191314812,146.7368636091665,179.34505552231462,60.0,220.0,EMS,MWH,VALID
2025-10-04 12:00:00,320.8253589623434,144.37141153305453,176.4539474292889,60.0,220.0,EMS,MWH,VALID
2025-10-04 13:00:00,296.8017165659258,133.56077245466662,163.2409441112592,60.0,220.0,EMS,MWH,VALID
2025-10-04 14:00:00,273.8308976772574,123.22390395476585,150.60699372249158,60.0,220.0,EMS,MWH,VALID
2025-10-04 15:00:00,268.0226176044458,120.61017792200064,147.4124396824452,60.0,220.0,EMS,MWH,VALID
2025-10-04 16:00:00,323.1414185870478,145.4136383641715,177.7277802228763,80.0,220.0,EMS,MWH,VALID
2025-10-04 17:00:00,358.47588522899747,161.31414835304886,197.16173687594863,80.0,220.0,EMS,MWH,VALID
2025-10-04 18:00:00,353.65929565752833,159.14668304588776,194.5126126116406,80.0,220.0,EMS,MWH,VALID
2025-10-04 19:00:00,383.33978859951486,172.5029048697817,210.8368837297332,80.0,220.0,EMS,MWH,VALID
2025-10-04 20:00:00,407.24730461455306,183.26128707654888,223.9860175380042,80.0,220.0,EMS,MWH,VALID
2025-10-04 21:00:00,306.75299311299216,138.0388469008465,168.7141462121457,80.0,220.0,EMS,MWH,VALID
2025-10-04 22:00:00,297.2410566348373,133.7584754856768,163.48258114916055,80.0,220.0,EMS,MWH,VALID
2025-10-04 23:00:00,271.0557194244396,121.9750737409978,149.0806456834418,80.0,220.0,EMS,MWH,VALID
2025-10-05 00:00:00,222.33947265386297,100.05276269423834,122.28670995962464,80.0,220.0,EMS,MWH,VALID
2025-10-05 01:00:00,248.48717793269432,111.81923006971245,136.6679478629819,80.0,220.0,EMS,MWH,VALID
2025-10-05 02:00:00,238.5465082391198,107.3459287076039,131.2005795315159,80.0,220.0,EMS,MWH,VALID
2025-10-05 03:00:00,250.03198610231703,112.51439374604269,137.5175923562744,80.0,220.0,EMS,MWH,VALID
2025-10-05 04:00:00,244.62506458684356,110.0812790640796,134.54378552276395,80.0,220.0,EMS,MWH,VALID
2025-10-05 05:00:00,266.0772030102869,119.73474135462914,146.34246165565784,80.0,220.0,EMS,MWH,VALID
2025-10-05 06:00:00,289.50858998023205,130.27886549110443,159.22972448912765,80.0,220.0,EMS,MWH,VALID
2025-10-05 07:00:00,306.70586910041715,138.0176410951877,168.68822800522943,80.0,220.0,EMS,MWH,VALID
2025-10-05 08:00:00,322.3127101848945,145.04071958320253,177.271990601692,80.0,220.0,EMS,MWH,VALID
2025-10-05 09:00:00,323.23578406593066,145.4561028296688,177.7796812362619,80.0,220.0,EMS,MWH,VALID
2025-10-05 10:00:00,307.1729679244259,138.22783556599163,168.94513235843425,60.0,220.0,EMS,MWH,VALID
2025-10-05 11:00:00,295.7079979606816,133.06859908230672,162.6393988783749,60.0,220.0,EMS,MWH,VALID
2025-10-05 12:00:00,274.70314096549936,123.61641343447472,151.08672753102465,60.0,220.0,EMS,MWH,VALID
2025-10-05 13:00:00,282.59220554412803,127.16649249485762,155.42571304927043,60.0,220.0,EMS,MWH,VALID
2025-10-05 14:00:00,238.3582513149136,107.26121309171111,131.0970382232025,60.0,220.0,EMS,MWH,VALID
2025-10-05 15:00:00,315.8854388392638,142.14844747766873,173.73699136159513,60.0,220.0,EMS,MWH,VALID
2025-10-05 16:00:00,324.73946174864176,146.1327577868888,178.60670396175297,80.0,220.0,EMS,MWH,VALID
2025-10-05 17:00:00,351.44026200288926,158.14811790130017,193.29214410158912,80.0,220.0,EMS,MWH,VALID
2025-10-05 18:00:00,362.4645934888084,163.10906706996377,199.35552641884465,80.0,220.0,EMS,MWH,VALID
2025-10-05 19:00:00,364.4745667203808,164.01355502417138,200.46101169620948,80.0,220.0,EMS,MWH,VALID
2025-10-05 20:00:00,352.8920692034017,158.80143114153077,194.09063806187092,80.0,220.0,EMS,MWH,VALID
2025-10-05 21:00:00,313.2720133197125,140.97240599387064,172.2996073258419,80.0,220.0,EMS,MWH,VALID
2025-10-05 22:00:00,262.9464135479975,118.32588609659888,144.62052745139863,80.0,220.0,EMS,MWH,VALID
2025-10-05 23:00:00,260.0284812059398,117.01281654267292,143.0156646632669,80.0,220.0,EMS,MWH,VALID
2025-10-06 00:00:00,281.06660436963284,126.4799719663348,154.58663240329807,80.0,220.0,EMS,MWH,VALID
2025-10-06 01:00:00,290.9433016452507,130.92448574036283,160.0188159048879,80.0,220.0,EMS,MWH,VALID
2025-10-06 02:00:00,277.1758236447265,124.72912064012694,152.44670300459958,80.0,220.0,EMS,MWH,VALID
2025-10-06 03:00:00,274.11587818584906,123.35214518363208,150.76373300221698,80.0,220.0,EMS,MWH,VALID
2025-10-06 04:00:00,300.9795945867144,135.4408175640215,165.53877702269295,80.0,220.0,EMS,MWH,VALID
2025-10-06 05:00:00,289.39871728870213,130.22942277991595,159.16929450878618,80.0,220.0,EMS,MWH,VALID
2025-10-06 06:00:00,362.3142125591039,163.04139565159676,199.2728169075072,80.0,220.0,EMS,MWH,VALID
2025-10-06 07:00:00,379.5487247388552,170.79692613248486,208.7517986063704,80.0,220.0,EMS,MWH,VALID
2025-10-06 08:00:00,390.50853317671096,175.72883992951992,214.77969324719103,80.0,220.0,EMS,MWH,VALID
2025-10-06 09:00:00,393.024125149299,176.86085631718456,216.16326883211445,80.0,220.0,EMS,MWH,VALID
2025-10-06 10:00:00,399.4839664655755,179.76778490950898,219.71618155606652,60.0,220.0,EMS,MWH,VALID
2025-10-06 11:00:00,363.9065417531112,163.75794378890006,200.1485979642112,60.0,220.0,EMS,MWH,VALID
2025-10-06 12:00:00,359.3503065181786,161.7076379331804,197.64266858499823,60.0,220.0,EMS,MWH,VALID
2025-10-06 13:00:00,346.4803796667335,155.91617085003008,190.56420881670343,60.0,220.0,EMS,MWH,VALID
2025-10-06 14:00:00,378.1923496861579,170.18655735877107,208.00579232738687,60.0,220.0,EMS,MWH,VALID
2025-10-06 15:00:00,372.4605213419929,167.6072346038968,204.8532867380961,60.0,220.0,EMS,MWH,VALID
2025-10-06 16:00:00,405.97852186542895,182.69033483944304,223.28818702598596,80.0,220.0,EMS,MWH,VALID
2025-10-06 17:00:00,391.40039285556327,176.13017678500347,215.27021607055983,80.0,220.0,EMS,MWH,VALID
2025-10-06 18:00:00,434.600706154318,195.5703177694431,239.03038838487493,80.0,220.0,EMS,MWH,VALID
2025-10-06 19:00:00,460.0421925478893,207.0189866465502,253.0232059013391,80.0,220.0,EMS,MWH,VALID
2025-10-06 20:00:00,448.82082439999607,201.96937097999825,246.85145341999785,80.0,220.0,EMS,MWH,VALID
2025-10-06 21:00:00,409.3474510109567,184.2063529549305,225.14109805602615,80.0,220.0,EMS,MWH,VALID
2025-10-06 22:00:00,349.78088172769804,157.40139677746413,192.37948495023397,80.0,220.0,EMS,MWH,VALID
2025-10-06 23:00:00,305.3745108560548,137.41852988522467,167.95598097083015,80.0,220.0,EMS,MWH,VALID
2025-10-07 00:00:00,278.1666274103771,125.17498233466968,152.99164507570742,80.0,220.0,EMS,MWH,VALID
2025-10-07 01:00:00,309.29121891037374,139.1810485096682,170.11017040070558,80.0,220.0,EMS,MWH,VALID
2025-10-07 02:00:00,298.6369007026574,134.38660531619584,164.25029538646157,80.0,220.0,EMS,MWH,VALID
2025-10-07 03:00:00,307.4968445026394,138.37358002618774,169.12326447645168,80.0,220.0,EMS,MWH,VALID
2025-10-07 04:00:00,327.77923151062816,147.50065417978269,180.2785773308455,80.0,220.0,EMS,MWH,VALID
2025-10-07 05:00:00,275.3925024023325,123.92662608104963,151.4658763212829,80.0,220.0,EMS,MWH,VALID
2025-10-07 06:00:00,332.39079162431364,149.57585623094113,182.8149353933725,80.0,220.0,EMS,MWH,VALID
2025-10-07 07:00:00,360.3080657318124,162.1386295793156,198.16943615249684,80.0,220.0,EMS,MWH,VALID
2025-10-07 08:00:00,366.85824476960886,165.086210146324,201.7720346232849,80.0,220.0,EMS,MWH,VALID
2025-10-07 09:00:00,401.68113807050935,180.7565121317292,220.92462593878017,80.0,220.0,EMS,MWH,VALID
2025-10-07 10:00:00,364.0904428879352,163.84069929957087,200.2497435883644,60.0,220.0,EMS,MWH,VALID
2025-10-07 11:00:00,356.3295142744966,160.34828142352347,195.9812328509732,60.0,220.0,EMS,MWH,VALID
2025-10-07 12:00:00,358.0998996244305,161.14495483099373,196.9549447934368,60.0,220.0,EMS,MWH,VALID
2025-10-07 13:00:00,356.5405472296011,160.4432462533205,196.09730097628065,60.0,220.0,EMS,MWH,VALID
2025-10-07 14:00:00,379.7179064225158,170.87305789013212,208.8448485323837,60.0,220.0,EMS,MWH,VALID
2025-10-07 15:00:00,372.8198885693664,167.7689498562149,205.05093871315157,60.0,220.0,EMS,MWH,VALID
2025-10-07 16:00:00,357.3095089331829,160.7892790199323,196.5202299132506,80.0,220.0,EMS,MWH,VALID
2025-10-07 17:00:00,409.82513793049947,184.4213120687248,225.40382586177472,80.0,220.0,EMS,MWH,VALID
2025-10-07 18:00:00,438.2299093755729,197.2034592190078,241.02645015656512,80.0,220.0,EMS,MWH,VALID
2025-10-07 19:00:00,486.2610589411133,218.817476523501,267.44358241761233,80.0,220.0,EMS,MWH,VALID
2025-10-07 20:00:00,458.0269522028813,206.1121284912966,251.91482371158477,80.0,220.0,EMS,MWH,VALID
2025-10-07 21:00:00,393.2288930758195,176.95300188411878,216.27589119170077,80.0,220.0,EMS,MWH,VALID
2025-10-07 22:00:00,338.9772315326944,152.53975418971248,186.43747734298196,80.0,220.0,EMS,MWH,VALID
2025-10-07 23:00:00,323.3437051677841,145.50466732550285,177.83903784228127,80.0,220.0,EMS,MWH,VALID
2025-10-08 00:00:00,296.6625407980144,133.49814335910648,163.16439743890794,80.0,220.0,EMS,MWH,VALID
2025-10-08 01:00:00,288.30243681269604,129.7360965657132,158.56634024698283,80.0,220.0,EMS,MWH,VALID
2025-10-08 02:00:00,255.45925210011927,114.95666344505368,140.5025886550656,80.0,220.0,EMS,MWH,VALID
2025-10-08 03:00:00,286.3401131728125,128.85305092776562,157.48706224504687,80.0,220.0,EMS,MWH,VALID
2025-10-08 04:00:00,292.7735047913179,131.74807715609307,161.02542763522487,80.0,220.0,EMS,MWH,VALID
2025-10-08 05:00:00,308.3176035040215,138.7429215768097,169.57468192721186,80.0,220.0,EMS,MWH,VALID
2025-10-08 06:00:00,322.34867045776974,145.05690170599638,177.29176875177336,80.0,220.0,EMS,MWH,VALID
2025-10-08 07:00:00,389.38707865708056,175.22418539568625,214.16289326139432,80.0,220.0,EMS,MWH,VALID
2025-10-08 08:00:00,396.0273014444021,178.2122856499809,217.81501579442116,80.0,220.0,EMS,MWH,VALID
2025-10-08 09:00:00,384.5871931173424,173.06423690280403,211.5229562145383,80.0,220.0,EMS,MWH,VALID
2025-10-08 10:00:00,360.8562948422604,162.38533267901715,198.4709621632432,80.0,220.0,EMS,MWH,VALID
2025-10-08 11:00:00,355.4259788416358,159.94169047873612,195.4842883628997,80.0,220.0,EMS,MWH,VALID
2025-10-08 12:00:00,362.1095005498465,162.94927524743093,199.1602253024156,80.0,220.0,EMS,MWH,VALID
2025-10-08 13:00:00,372.4125841117765,167.58566285029943,204.82692126147708,80.0,220.0,EMS,MWH,VALID
2025-10-08 14:00:00,374.6907985159762,168.61085933218934,206.07993918378696,80.0,220.0,EMS,MWH,VALID
2025-10-08 15:00:00,353.6179938456673,159.12809723055028,194.48989661511703,80.0,220.0,EMS,MWH,VALID
2025-10-08 16:00:00,422.55453361791865,190.1495401280634,232.4049934898553,80.0,220.0,EMS,MWH,VALID
2025-10-08 17:00:00,451.8494982124492,203.3322741956021,248.51722401684708,80.0,220.0,EMS,MWH,VALID
2025-10-08 18:00:00,431.2048028805336,194.04216129624012,237.1626415842935,80.0,220.0,EMS,MWH,VALID
2025-10-08 19:00:00,443.560457515066,199.6022058817797,243.95825163328632,80.0,220.0,EMS,MWH,VALID
2025-10-08 20:00:00,435.2502134877883,195.86259606950475,239.3876174182836,80.0,220.0,EMS,MWH,VALID
2025-10-08 21:00:00,410.1972782163542,184.5887751973594,225.60850301899484,80.0,220.0,EMS,MWH,VALID
2025-10-08 22:00:00,368.5942077061517,165.86739346776827,202.72681423838344,80.0,220.0,EMS,MWH,VALID
2025-10-08 23:00:00,323.43845454246207,145.54730454410793,177.89114999835417,80.0,220.0,EMS,MWH,VALID
2025-10-09 00:00:00,300.1771494703521,135.07971726165846,165.09743220869368,80.0,220.0,EMS,MWH,VALID
2025-10-09 01:00:00,291.5500896944635,131.1975403625086,160.35254933195495,80.0,220.0,EMS,MWH,VALID
2025-10-09 02:00:00,296.0609274615412,133.22741735769355,162.8335101038477,80.0,220.0,EMS,MWH,VALID
2025-10-09 03:00:00,299.42744887931224,134.7423519956905,164.68509688362175,80.0,220.0,EMS,MWH,VALID
2025-10-09 04:00:00,292.1204753257489,131.454213896587,160.6662614291619,80.0,220.0,EMS,MWH,VALID
2025-10-09 05:00:00,349.31108410875004,157.18998784893753,192.12109625981253,80.0,220.0,EMS,MWH,VALID
2025-10-09 06:00:00,362.2271089905359,163.00219904574115,199.22490994479475,80.0,220.0,EMS,MWH,VALID
2025-10-09 07:00:00,389.4933528003901,175.27200876017554,214.22134404021455,80.0,220.0,EMS,MWH,VALID
2025-10-09 08:00:00,392.91820097203566,176.81319043741604,216.1050105346196,80.0,220.0,EMS,MWH,VALID
2025-10-09 09:00:00,386.3400808455035,173.8530363804766,212.4870444650269,80.0,220.0,EMS,MWH,VALID
2025-10-09 10:00:00,357.2140041368082,160.7463018615637,196.46770227524453,80.0,220.0,EMS,MWH,VALID
2025-10-09 11:00:00,361.7278708289258,162.77754187301662,198.9503289559092,80.0,220.0,EMS,MWH,VALID
2025-10-09 12:00:00,361.5695136077002,162.70628112346512,198.86323248423517,80.0,220.0,EMS,MWH,VALID
2025-10-09 13:00:00,339.14668366577547,152.61600764959897,186.53067601617653,80.0,220.0,EMS,MWH,VALID
2025-10-09 14:00:00,352.62645563227284,158.68190503452277,193.94455059775007,80.0,220.0,EMS,MWH,VALID
2025-10-09 15:00:00,361.42937688547767,162.64321959846495,198.78615728701277,80.0,220.0,EMS,MWH,VALID
2025-10-09 16:00:00,397.8838356977212,179.04772606397452,218.83610963374667,80.0,158.4,EMS,MWH,VALID
2025-10-09 17:00:00,428.9836443304631,193.0426399487084,235.9410043817547,80.0,158.4,EMS,MWH,VALID
2025-10-09 18:00:00,438.3754680373035,197.2689606167866,241.10650742051692,80.0,158.4,EMS,MWH,VALID
2025-10-09 19:00:00,453.884211338956,204.24789510253015,249.63631623642576,80.0,158.4,EMS,MWH,VALID
2025-10-09 20:00:00,430.7151052684365,193.8217973707964,236.89330789764009,80.0,158.4,EMS,MWH,VALID
2025-10-09 21:00:00,379.8160835621193,170.9172376029537,208.8988459591656,80.0,158.4,EMS,MWH,VALID
2025-10-09 22:00:00,342.1462086612891,153.9657938975801,188.18041476370905,80.0,158.4,EMS,MWH,VALID
2025-10-09 23:00:00,320.2815713527229,144.1267071087253,176.1548642439976,80.0,158.4,EMS,MWH,VALID
2025-10-10 00:00:00,267.9631724015631,120.5834275807034,147.3797448208597,80.0,158.4,EMS,MWH,VALID
2025-10-10 01:00:00,296.5693200202795,133.4561940091258,163.11312601115375,80.0,220.0,EMS,MWH,VALID
2025-10-10 02:00:00,276.9313931604091,124.61912692218408,152.312266238225,80.0,220.0,EMS,MWH,VALID
2025-10-10 03:00:00,273.1929454898035,122.93682547041158,150.25612001939194,80.0,220.0,EMS,MWH,VALID
2025-10-10 04:00:00,291.41503762024223,131.136766929109,160.27827069113323,80.0,220.0,EMS,MWH,VALID
2025-10-10 05:00:00,315.60597231420206,142.02268754139092,173.58328477281114,80.0,220.0,EMS,MWH,VALID
2025-10-10 06:00:00,352.50009206705244,158.6250414301736,193.87505063687885,80.0,220.0,EMS,MWH,VALID
2025-10-10 07:00:00,368.3597975013453,165.7619088756054,202.59788862574,80.0,220.0,EMS,MWH,VALID
2025-10-10 08:00:00,402.4186844075503,181.08840798339764,221.3302764241527,80.0,220.0,EMS,MWH,VALID
2025-10-10 09:00:00,397.0902320826206,178.69060443717927,218.39962764544137,80.0,220.0,EMS,MWH,VALID
2025-10-10 10:00:00,396.2424922021965,178.30912149098842,217.93337071120808,80.0,220.0,EMS,MWH,VALID
2025-10-10 11:00:00,361.9075548914334,162.85839970114503,199.0491551902884,80.0,220.0,EMS,MWH,VALID
2025-10-10 12:00:00,349.9991237211586,157.49960567452138,192.49951804663723,80.0,220.0,EMS,MWH,VALID
2025-10-10 13:00:00,393.1524984878335,176.9186243195251,216.23387416830843,80.0,220.0,EMS,MWH,VALID
2025-10-10 14:00:00,371.7882076997544,167.30469346488948,204.4835142348649,80.0,220.0,EMS,MWH,VALID
2025-10-10 15:00:00,355.686315031975,160.05884176438877,195.62747326758628,80.0,220.0,EMS,MWH,VALID
2025-10-10 16:00:00,400.9075117843101,180.40838030293955,220.49913148137057,80.0,220.0,EMS,MWH,VALID
2025-10-10 17:00:00,447.3822195471133,201.321998796201,246.06022075091235,80.0,220.0,EMS,MWH,VALID
2025-10-10 18:00:00,451.831687985544,203.3242595934948,248.50742839204923,80.0,220.0,EMS,MWH,VALID
2025-10-10 19:00:00,461.0163817558253,207.45737179012136,253.55900996570395,80.0,220.0,EMS,MWH,VALID
2025-10-10 20:00:00,427.1298352322366,192.2084258545065,234.92140937773013,80.0,220.0,EMS,MWH,VALID
2025-10-10 21:00:00,409.8652899365516,184.43938047144823,225.42590946510344,80.0,220.0,EMS,MWH,VALID
2025-10-10 22:00:00,355.8250304154902,160.1212636869706,195.7037667285196,80.0,220.0,EMS,MWH,VALID
2025-10-10 23:00:00,294.89831744895224,132.7042428520285,162.19407459692374,80.0,220.0,EMS,MWH,VALID
2025-10-11 00:00:00,235.3038848616189,105.88674818772851,129.41713667389044,80.0,220.0,EMS,MWH,VALID
2025-10-11 01:00:00,236.2198317712026,106.29892429704115,129.92090747416142,80.0,220.0,EMS,MWH,VALID
2025-10-11 02:00:00,234.14793594216687,105.36657117397512,128.78136476819182,80.0,220.0,EMS,MWH,VALID
2025-10-11 03:00:00,236.60955710247,106.4743006961115,130.1352564063585,80.0,220.0,EMS,MWH,VALID
2025-10-11 04:00:00,222.578101023399,100.16014546052956,122.41795556286948,80.0,220.0,EMS,MWH,VALID
2025-10-11 05:00:00,290.41509418732625,130.6867923842968,159.72830180302944,80.0,220.0,EMS,MWH,VALID
2025-10-11 06:00:00,280.6215352663164,126.27969086984236,154.34184439647402,80.0,220.0,EMS,MWH,VALID
2025-10-11 07:00:00,330.8252399231725,148.87135796542762,181.9538819577449,80.0,220.0,EMS,MWH,VALID
2025-10-11 08:00:00,318.1380180966924,143.16210814351157,174.97590995318083,80.0,220.0,EMS,MWH,VALID
2025-10-11 09:00:00,303.1887606848644,136.434942308189,166.75381837667544,80.0,220.0,EMS,MWH,VALID
2025-10-11 10:00:00,312.43571995797447,140.59607398108852,171.83964597688598,80.0,220.0,EMS,MWH,VALID
2025-10-11 11:00:00,264.2817595759105,118.92679180915972,145.35496776675078,80.0,220.0,EMS,MWH,VALID
2025-10-11 12:00:00,283.7445366424192,127.68504148908865,156.05949515333057,80.0,220.0,EMS,MWH,VALID
2025-10-11 13:00:00,270.08492835295607,121.53821775883024,148.54671059412584,80.0,220.0,EMS,MWH,VALID
2025-10-11 14:00:00,286.3957117523138,128.8780702885412,157.5176414637726,80.0,220.0,EMS,MWH,VALID
2025-10-11 15:00:00,247.0512629073213,111.1730683082946,135.87819459902673,80.0,220.0,EMS,MWH,VALID
2025-10-11 16:00:00,321.6244605151465,144.73100723181594,176.8934532833306,80.0,220.0,EMS,MWH,VALID
2025-10-11 17:00:00,363.0565340822261,163.37544033700172,199.68109374522436,80.0,220.0,EMS,MWH,VALID
2025-10-11 18:00:00,397.4535415981279,178.85409371915756,218.5994478789704,80.0,220.0,EMS,MWH,VALID
2025-10-11 19:00:00,356.3768835543624,160.36959759946308,196.00728595489932,80.0,220.0,EMS,MWH,VALID
2025-10-11 20:00:00,348.75752878899624,156.9408879550483,191.816640833948,80.0,220.0,EMS,MWH,VALID
2025-10-11 21:00:00,314.9227216139215,141.7152247262647,173.20749688765684,80.0,220.0,EMS,MWH,VALID
2025-10-11 22:00:00,279.7493844448805,125.88722300019624,153.8621614446843,80.0,220.0,EMS,MWH,VALID
2025-10-11 23:00:00,262.1276737909858,117.9574532059436,144.1702205850422,80.0,220.0,EMS,MWH,VALID
2025-10-12 00:00:00,268.6585766790273,120.89635950556227,147.76221717346502,80.0,220.0,EMS,MWH,VALID
2025-10-12 01:00:00,269.1183589497016,121.10326152736572,148.01509742233588,80.0,220.0,EMS,MWH,VALID
2025-10-12 02:00:00,275.69025848453794,124.06061631804208,151.62964216649587,80.0,220.0,EMS,MWH,VALID
2025-10-12 03:00:00,254.3716366264844,114.46723648191798,139.90440014456644,80.0,220.0,EMS,MWH,VALID
2025-10-12 04:00:00,245.2308255657256,110.35387150457652,134.8769540611491,80.0,220.0,EMS,MWH,VALID
2025-10-12 05:00:00,243.7503639397342,109.6876637728804,134.06270016685383,80.0,220.0,EMS,MWH,VALID
2025-10-12 06:00:00,255.80360871479576,115.1116239216581,140.69198479313766,80.0,220.0,EMS,MWH,VALID
2025-10-12 07:00:00,322.9585867243923,145.33136402597654,177.62722269841578,80.0,220.0,EMS,MWH,VALID
2025-10-12 08:00:00,325.89678548044674,146.65355346620103,179.2432320142457,80.0,220.0,EMS,MWH,VALID
2025-10-12 09:00:00,349.55353537471365,157.29909091862115,192.25444445609253,80.0,220.0,EMS,MWH,VALID
2025-10-12 10:00:00,308.153071934024,138.6688823703108,169.4841895637132,80.0,220.0,EMS,MWH,VALID
2025-10-12 11:00:00,319.28539610333667,143.6784282465015,175.60696785683518,80.0,220.0,EMS,MWH,VALID
2025-10-12 12:00:00,309.3333466090032,139.20000597405144,170.13334063495176,80.0,220.0,EMS,MWH,VALID
2025-10-12 13:00:00,216.6159677511642,97.47718548802388,119.13878226314031,80.0,220.0,EMS,MWH,VALID
2025-10-12 14:00:00,297.3339355686214,133.80027100587964,163.5336645627418,80.0,220.0,EMS,MWH,VALID
2025-10-12 15:00:00,298.45905664461753,134.3065754900779,164.15248115453966,80.0,220.0,EMS,MWH,VALID
2025-10-12 16:00:00,298.3208671543599,134.24439021946196,164.07647693489795,80.0,220.0,EMS,MWH,VALID
2025-10-12 17:00:00,372.2299270991745,167.50346719462854,204.726459904546,80.0,220.0,EMS,MWH,VALID
2025-10-12 18:00:00,376.1669910939544,169.27514599227948,206.89184510167493,80.0,220.0,EMS,MWH,VALID
2025-10-12 19:00:00,404.35981040331166,181.96191468149024,222.39789572182144,80.0,220.0,EMS,MWH,VALID
2025-10-12 20:00:00,361.9942067953568,162.89739305791056,199.09681373744624,80.0,220.0,EMS,MWH,VALID
2025-10-12 21:00:00,327.12336293595536,147.20551332117992,179.91784961477546,80.0,220.0,EMS,MWH,VALID
2025-10-12 22:00:00,291.1625036030826,131.02312662138718,160.13937698169545,80.0,220.0,EMS,MWH,VALID
2025-10-12 23:00:00,262.37976024553893,118.07089211049252,144.30886813504642,80.0,220.0,EMS,MWH,VALID
2025-10-13 00:00:00,304.1883527930012,136.88475875685054,167.30359403615066,80.0,220.0,EMS,MWH,VALID
2025-10-13 01:00:00,292.6110769592754,131.67498463167394,160.9360923276015,80.0,220.0,EMS,MWH,VALID
2025-10-13 02:00:00,268.5446337349759,120.84508518073916,147.69954855423674,80.0,220.0,EMS,MWH,VALID
2025-10-13 03:00:00,319.8744717950557,143.94351230777505,175.93095948728063,80.0,220.0,EMS,MWH,VALID
2025-10-13 04:00:00,287.7547493090484,129.4896371890718,158.26511211997664,80.0,220.0,EMS,MWH,VALID
2025-10-13 05:00:00,313.0627888592712,140.87825498667203,172.18453387259916,80.0,220.0,EMS,MWH,VALID
2025-10-13 06:00:00,344.8214911358149,155.1696710111167,189.6518201246982,80.0,220.0,EMS,MWH,VALID
2025-10-13 07:00:00,353.52484915778854,159.08618212100484,194.4386670367837,80.0,220.0,EMS,MWH,VALID
2025-10-13 08:00:00,392.7599098299482,176.7419594234767,216.01795040647156,80.0,220.0,EMS,MWH,VALID
2025-10-13 09:00:00,385.4459631587437,173.4506834214347,211.99527973730903,80.0,220.0,EMS,MWH,VALID
2025-10-13 10:00:00,385.4953880345649,173.4729246155542,212.0224634190107,80.0,220.0,EMS,MWH,VALID
2025-10-13 11:00:00,380.269147054114,171.1211161743513,209.14803087976276,80.0,220.0,EMS,MWH,VALID
2025-10-13 12:00:00,336.2277630395089,151.302493367779,184.9252696717299,80.0,220.0,EMS,MWH,VALID
2025-10-13 13:00:00,346.7319481857594,156.02937668359172,190.70257150216767,80.0,220.0,EMS,MWH,VALID
2025-10-13 14:00:00,353.2616919418199,158.96776137381897,194.29393056800092,80.0,220.0,EMS,MWH,VALID
2025-10-13 15:00:00,395.0662958084986,177.7798331138244,217.28646269467427,80.0,220.0,EMS,MWH,VALID
2025-10-13 16:00:00,381.14889494276025,171.5170027242421,209.63189221851812,80.0,220.0,EMS,MWH,VALID
2025-10-13 17:00:00,384.3736198716145,172.9681289422265,211.405490929388,80.0,220.0,EMS,MWH,VALID
2025-10-13 18:00:00,449.789970999195,202.40548694963775,247.38448404955727,80.0,220.0,EMS,MWH,VALID
2025-10-13 19:00:00,469.6306497071994,211.33379236823973,258.2968573389597,80.0,220.0,EMS,MWH,VALID
2025-10-13 20:00:00,423.90572812326417,190.75757765546888,233.1481504677953,80.0,220.0,EMS,MWH,VALID
2025-10-13 21:00:00,379.1631681250342,170.6234256562654,208.5397424687688,80.0,220.0,EMS,MWH,VALID
2025-10-13 22:00:00,344.2602314890197,154.91710417005888,189.34312731896085,80.0,220.0,EMS,MWH,VALID
2025-10-13 23:00:00,320.2670628321001,144.12017827444507,176.14688455765508,80.0,220.0,EMS,MWH,VALID
2025-10-14 00:00:00,282.07678868086083,126.93455490638738,155.14223377447348,80.0,220.0,EMS,MWH,VALID
2025-10-14 01:00:00,305.38106621484604,137.42147979668073,167.95958641816534,80.0,220.0,EMS,MWH,VALID
2025-10-14 02:00:00,286.54145255149774,128.94365364817398,157.59779890332376,80.0,220.0,EMS,MWH,VALID
2025-10-14 03:00:00,307.04209989560286,138.16894495302128,168.87315494258158,80.0,220.0,EMS,MWH,VALID
2025-10-14 04:00:00,289.31449507365454,130.1915227831445,159.12297229051,80.0,220.0,EMS,MWH,VALID
2025-10-14 05:00:00,333.84350994461005,150.22957947507453,183.61393046953555,80.0,220.0,EMS,MWH,VALID
2025-10-14 06:00:00,329.7772451433871,148.3997603145242,181.3774848288629,80.0,220.0,EMS,MWH,VALID
2025-10-14 07:00:00,384.288822053681,172.92996992415647,211.3588521295246,80.0,220.0,EMS,MWH,VALID
2025-10-14 08:00:00,392.80590349389394,176.76265657225227,216.0432469216417,80.0,220.0,EMS,MWH,VALID
2025-10-14 09:00:00,372.0036698091319,167.40165141410932,204.60201839502253,80.0,220.0,EMS,MWH,VALID
2025-10-14 10:00:00,387.0821580559981,174.18697112519914,212.89518693079896,80.0,220.0,EMS,MWH,VALID
2025-10-14 11:00:00,373.942449064847,168.27410207918115,205.66834698566583,80.0,220.0,EMS,MWH,VALID
2025-10-14 12:00:00,354.6079754677928,159.57358896050675,195.03438650728603,80.0,220.0,EMS,MWH,VALID
2025-10-14 13:00:00,367.4784137335795,165.3652861801108,202.11312755346876,80.0,220.0,EMS,MWH,VALID
2025-10-14 14:00:00,370.2301675537421,166.6035753991839,203.62659215455813,80.0,220.0,EMS,MWH,VALID
2025-10-14 15:00:00,362.1203433814781,162.95415452166512,199.16618885981293,80.0,220.0,EMS,MWH,VALID
2025-10-14 16:00:00,382.3306841210881,172.04880785448964,210.2818762665985,80.0,220.0,EMS,MWH,VALID
2025-10-14 17:00:00,435.614261671515,196.02641775218177,239.58784391933327,80.0,220.0,EMS,MWH,VALID
2025-10-14 18:00:00,438.3579153145154,197.26106189153197,241.09685342298351,80.0,220.0,EMS,MWH,VALID
2025-10-14 19:00:00,491.8565985682725,221.33546935572264,270.5211292125499,80.0,220.0,EMS,MWH,VALID
2025-10-14 20:00:00,428.6917290503628,192.9112780726633,235.7804509776996,80.0,220.0,EMS,MWH,VALID
2025-10-14 21:00:00,416.36700313498,187.365151410741,229.001851724239,80.0,220.0,EMS,MWH,VALID
2025-10-14 22:00:00,340.8272048440096,153.37224217980432,187.45496266420528,80.0,220.0,EMS,MWH,VALID
2025-10-14 23:00:00,302.38378675282274,136.07270403877024,166.31108271405253,80.0,220.0,EMS,MWH,VALID
2025-10-15 00:00:00,300.2905995049712,135.13076977723702,165.15982972773415,80.0,220.0,EMS,MWH,VALID
2025-10-15 01:00:00,283.5787304660344,127.61042870971546,155.9683017563189,80.0,220.0,EMS,MWH,VALID
2025-10-15 02:00:00,255.6591431602613,115.0466144221176,140.6125287381437,80.0,220.0,EMS,MWH,VALID
2025-10-15 03:00:00,306.19327108404946,137.78697198782226,168.4062990962272,80.0,220.0,EMS,MWH,VALID
2025-10-15 04:00:00,308.2584214458345,138.71628965062553,169.54213179520897,80.0,220.0,EMS,MWH,VALID
2025-10-15 05:00:00,293.0262902103033,131.86183059463647,161.1644596156668,80.0,220.0,EMS,MWH,VALID
2025-10-15 06:00:00,328.50201674582826,147.82590753562272,180.6761092102056,80.0,220.0,EMS,MWH,VALID
2025-10-15 07:00:00,374.8930521604929,168.70187347222182,206.19117868827112,80.0,220.0,EMS,MWH,VALID
2025-10-15 08:00:00,389.2947132917099,175.18262098126945,214.1120923104405,80.0,220.0,EMS,MWH,VALID
2025-10-15 09:00:00,409.0629890288252,184.07834506297132,224.98464396585388,80.0,220.0,EMS,MWH,VALID
2025-10-15 10:00:00,386.7280596934855,174.02762686206847,212.70043283141703,80.0,220.0,EMS,MWH,VALID
2025-10-15 11:00:00,359.2756705887639,161.67405176494375,197.60161882382016,80.0,220.0,EMS,MWH,VALID
2025-10-15 12:00:00,341.99359651053874,153.89711842974245,188.09647808079632,80.0,220.0,EMS,MWH,VALID
2025-10-15 13:00:00,335.89377932109835,151.15220069449427,184.7415786266041,80.0,220.0,EMS,MWH,VALID
2025-10-15 14:00:00,369.6550836189384,166.34478762852228,203.3102959904161,80.0,220.0,EMS,MWH,VALID
2025-10-15 15:00:00,349.94110217699296,157.47349597964683,192.46760619734613,80.0,220.0,EMS,MWH,VALID
2025-10-15 16:00:00,383.2387848900104,172.4574532005047,210.78133168950572,80.0,220.0,EMS,MWH,VALID
2025-10-15 17:00:00,417.48237122233735,187.86706705005184,229.6153041722856,80.0,220.0,EMS,MWH,VALID
2025-10-15 18:00:00,429.3310259632302,193.1989616834536,236.13206427977664,80.0,220.0,EMS,MWH,VALID
2025-10-15 19:00:00,461.916185753316,207.86228358899223,254.05390216432383,80.0,220.0,EMS,MWH,VALID
2025-10-15 20:00:00,449.4027124288655,202.2312205929895,247.17149183587605,80.0,220.0,EMS,MWH,VALID
2025-10-15 21:00:00,392.772939107648,176.74782259844162,216.02511650920644,80.0,220.0,EMS,MWH,VALID
2025-10-15 22:00:00,330.2378900843111,148.60705053794,181.63083954637116,80.0,220.0,EMS,MWH,VALID
2025-10-15 23:00:00,327.079874209871,147.18594339444195,179.89393081542906,80.0,220.0,EMS,MWH,VALID
2025-10-16 00:00:00,279.52050466460133,125.7842270990706,153.73627756553074,80.0,220.0,EMS,MWH,VALID
2025-10-16 01:00:00,276.2962193615716,124.33329871270725,151.9629206488644,80.0,220.0,EMS,MWH,VALID
2025-10-16 02:00:00,320.00185578853274,144.00083510483972,176.001020683693,80.0,220.0,EMS,MWH,VALID
2025-10-16 03:00:00,267.16699296692394,120.22514683511578,146.94184613180818,80.0,220.0,EMS,MWH,VALID
2025-10-16 04:00:00,283.232805156718,127.45476232052307,155.77804283619489,80.0,220.0,EMS,MWH,VALID
2025-10-16 05:00:00,322.34271148869124,145.05422016991105,177.2884913187802,80.0,220.0,EMS,MWH,VALID
2025-10-16 06:00:00,343.40264783374056,154.53119152518326,188.87145630855733,80.0,220.0,EMS,MWH,VALID
2025-10-16 07:00:00,379.5392658644303,170.79266963899366,208.7465962254367,80.0,220.0,EMS,MWH,VALID
2025-10-16 08:00:00,397.9900151283735,179.0955068077681,218.89450832060544,80.0,220.0,EMS,MWH,VALID
2025-10-16 09:00:00,391.65707599776977,176.2456841989964,215.4113917987734,80.0,220.0,EMS,MWH,VALID
2025-10-16 10:00:00,394.0446663627509,177.3200998632379,216.724566499513,80.0,220.0,EMS,MWH,VALID
2025-10-16 11:00:00,376.3645789639187,169.36406053376342,207.0005184301553,80.0,220.0,EMS,MWH,VALID
2025-10-16 12:00:00,354.34597795827364,159.45569008122314,194.89028787705053,80.0,220.0,EMS,MWH,VALID
2025-10-16 13:00:00,352.073518696385,158.43308341337325,193.64043528301175,80.0,220.0,EMS,MWH,VALID
2025-10-16 14:00:00,361.59422162795465,162.7173997325796,198.8768218953751,80.0,220.0,EMS,MWH,VALID
2025-10-16 15:00:00,363.1512408288773,163.41805837299478,199.7331824558825,80.0,220.0,EMS,MWH,VALID
2025-10-16 16:00:00,404.5201400480307,182.03406302161383,222.4860770264169,80.0,220.0,EMS,MWH,VALID
2025-10-16 17:00:00,431.6360540723582,194.2362243325612,237.39982973979704,80.0,220.0,EMS,MWH,VALID
2025-10-16 18:00:00,456.1347966051871,205.2606584723342,250.8741381328529,80.0,220.0,EMS,MWH,VALID
2025-10-16 19:00:00,477.1298005937205,214.70841026717423,262.4213903265463,80.0,220.0,EMS,MWH,VALID
2025-10-16 20:00:00,443.9449374424103,199.77522184908463,244.1697155933257,80.0,220.0,EMS,MWH,VALID
2025-10-16 21:00:00,395.2694109140493,177.8712349113222,217.39817600272715,80.0,220.0,EMS,MWH,VALID
2025-10-16 22:00:00,348.38112624094146,156.77150680842365,191.6096194325178,80.0,220.0,EMS,MWH,VALID
2025-10-16 23:00:00,319.1450164942661,143.61525742241977,175.52975907184637,80.0,220.0,EMS,MWH,VALID
2025-10-17 00:00:00,310.6706284765104,139.80178281442969,170.86884566208073,80.0,220.0,EMS,MWH,VALID
2025-10-17 01:00:00,293.5823327069416,132.11204971812373,161.4702829888179,80.0,220.0,EMS,MWH,VALID
2025-10-17 02:00:00,271.6017769578121,122.22079963101548,149.38097732679668,80.0,220.0,EMS,MWH,VALID
2025-10-17 03:00:00,282.9392689389302,127.3226710225186,155.61659791641162,80.0,220.0,EMS,MWH,VALID
2025-10-17 04:00:00,313.74512214194004,141.18530496387302,172.55981717806705,80.0,220.0,EMS,MWH,VALID
2025-10-17 05:00:00,307.1560926379749,138.2202416870887,168.9358509508862,80.0,220.0,EMS,MWH,VALID
2025-10-17 06:00:00,348.7817917737546,156.95180629818958,191.82998547556505,80.0,220.0,EMS,MWH,VALID
2025-10-17 07:00:00,384.87574506019183,173.19408527708632,211.68165978310552,80.0,220.0,EMS,MWH,VALID
2025-10-17 08:00:00,397.9548978839486,179.0797040477769,218.87519383617172,80.0,220.0,EMS,MWH,VALID
2025-10-17 09:00:00,392.1256112860629,176.4565250787283,215.66908620733463,80.0,220.0,EMS,MWH,VALID
2025-10-17 10:00:00,366.147708621922,164.7664688798649,201.38123974205712,80.0,220.0,EMS,MWH,VALID
2025-10-17 11:00:00,374.32473324520015,168.44612996034007,205.8786032848601,80.0,220.0,EMS,MWH,VALID
2025-10-17 12:00:00,342.88707674601073,154.29918453570482,188.5878922103059,80.0,220.0,EMS,MWH,VALID
2025-10-17 13:00:00,361.8015107120966,162.81067982044348,198.9908308916532,80.0,220.0,EMS,MWH,VALID
2025-10-17 14:00:00,328.9107081434271,148.0098186645422,180.9008894788849,80.0,220.0,EMS,MWH,VALID
2025-10-17 15:00:00,354.68844881845246,159.6098019683036,195.07864685014889,80.0,220.0,EMS,MWH,VALID
2025-10-17 16:00:00,386.9452498284159,174.12536242278716,212.8198874056288,80.0,220.0,EMS,MWH,VALID
2025-10-17 17:00:00,416.5534902050055,187.44907059225247,229.10441961275305,80.0,220.0,EMS,MWH,VALID
2025-10-17 18:00:00,458.6496807178101,206.39235632301452,252.2573243947956,80.0,220.0,EMS,MWH,VALID
2025-10-17 19:00:00,431.55297850673526,194.19884032803088,237.3541381787044,80.0,220.0,EMS,MWH,VALID
2025-10-17 20:00:00,425.15343185863065,191.3190443363838,233.83438752224689,80.0,220.0,EMS,MWH,VALID
2025-10-17 21:00:00,378.4345967168858,170.29556852259864,208.1390281942872,80.0,220.0,EMS,MWH,VALID
2025-10-17 22:00:00,363.01644773534633,163.35740148090585,199.6590462544405,80.0,220.0,EMS,MWH,VALID
2025-10-17 23:00:00,303.7704798284507,136.6967159228028,167.0737639056479,80.0,220.0,EMS,MWH,VALID
2025-10-18 00:00:00,234.11266067238137,105.35069730257162,128.76196336980976,80.0,220.0,EMS,MWH,VALID
2025-10-18 01:00:00,239.5994358632519,107.81974613846336,131.77968972478857,80.0,220.0,EMS,MWH,VALID
2025-10-18 02:00:00,229.242054129946,103.1589243584757,126.0831297714703,80.0,220.0,EMS,MWH,VALID
2025-10-18 03:00:00,246.7904709002199,111.05571190509896,135.73475899512096,80.0,220.0,EMS,MWH,VALID
2025-10-18 04:00:00,237.29989411304211,106.78495235086896,130.51494176217318,80.0,220.0,EMS,MWH,VALID
2025-10-18 05:00:00,234.85772406274532,105.6859758282354,129.17174823450995,80.0,220.0,EMS,MWH,VALID
2025-10-18 06:00:00,269.47401759606646,121.26330791822993,148.21070967783658,80.0,220.0,EMS,MWH,VALID
2025-10-18 07:00:00,282.5400615809584,127.14302771143127,155.39703386952712,80.0,220.0,EMS,MWH,VALID
2025-10-18 08:00:00,325.845251489633,146.63036317033485,179.21488831929815,80.0,220.0,EMS,MWH,VALID
2025-10-18 09:00:00,320.8214360870135,144.36964623915608,176.45178984785744,80.0,220.0,EMS,MWH,VALID
2025-10-18 10:00:00,252.19131576565272,113.48609209454372,138.705223671109,80.0,220.0,EMS,MWH,VALID
2025-10-18 11:00:00,306.01786584536546,137.70803963041448,168.30982621495102,80.0,220.0,EMS,MWH,VALID
2025-10-18 12:00:00,276.4576379234066,124.40593706553295,152.05170085787364,80.0,220.0,EMS,MWH,VALID
2025-10-18 13:00:00,277.1570830580628,124.72068737612824,152.43639568193453,80.0,220.0,EMS,MWH,VALID
2025-10-18 14:00:00,297.091642254468,133.6912390145106,163.4004032399574,80.0,220.0,EMS,MWH,VALID
2025-10-18 15:00:00,284.61889247501443,128.0785016137565,156.54039086125795,80.0,220.0,EMS,MWH,VALID
2025-10-18 16:00:00,293.8361527124631,132.2262687206084,161.60988399185473,80.0,220.0,EMS,MWH,VALID
2025-10-18 17:00:00,359.03189320501946,161.56435194225875,197.4675412627607,80.0,220.0,EMS,MWH,VALID
2025-10-18 18:00:00,365.5779637749808,164.5100836987414,201.06788007623948,80.0,220.0,EMS,MWH,VALID
2025-10-18 19:00:00,382.0917172767864,171.9412727745539,210.15044450223252,80.0,220.0,EMS,MWH,VALID
2025-10-18 20:00:00,340.45427446307326,153.20442350838297,187.24985095469032,80.0,220.0,EMS,MWH,VALID
2025-10-18 21:00:00,327.12443784949534,147.2059970322729,179.91844081722246,80.0,220.0,EMS,MWH,VALID
2025-10-18 22:00:00,282.0963456771976,126.94335555473891,155.15299012245868,80.0,220.0,EMS,MWH,VALID
2025-10-18 23:00:00,258.1885173865459,116.18483282394568,142.00368456260028,80.0,220.0,EMS,MWH,VALID
2025-10-19 00:00:00,259.53992847246366,116.79296781260864,142.74696065985503,80.0,220.0,EMS,MWH,VALID
2025-10-19 01:00:00,210.5550236423561,94.74976063906026,115.80526300329586,80.0,220.0,EMS,MWH,VALID
2025-10-19 02:00:00,245.12548549944705,110.30646847475116,134.81901702469588,80.0,220.0,EMS,MWH,VALID
2025-10-19 03:00:00,255.76131079230336,115.09258985653652,140.66872093576686,80.0,220.0,EMS,MWH,VALID
2025-10-19 04:00:00,252.7217012208961,113.72476554940326,138.99693567149288,80.0,220.0,EMS,MWH,VALID
2025-10-19 05:00:00,274.73852673382646,123.6323370302219,151.10618970360457,80.0,220.0,EMS,MWH,VALID
2025-10-19 06:00:00,271.9308885043871,122.3688998269742,149.56198867741293,80.0,220.0,EMS,MWH,VALID
2025-10-19 07:00:00,307.9606983462221,138.58231425579996,169.37838409042217,80.0,220.0,EMS,MWH,VALID
2025-10-19 08:00:00,335.5709594408744,151.00693174839347,184.5640276924809,80.0,220.0,EMS,MWH,VALID
2025-10-19 09:00:00,314.1989176636135,141.38951294862608,172.80940471498744,80.0,220.0,EMS,MWH,VALID
2025-10-19 10:00:00,289.9861310498285,130.49375897242282,159.4923720774057,80.0,220.0,EMS,MWH,VALID
2025-10-19 11:00:00,280.0543008772531,126.02443539476393,154.02986548248924,80.0,220.0,EMS,MWH,VALID
2025-10-19 12:00:00,301.9416043808053,135.8737219713624,166.06788240944292,80.0,220.0,EMS,MWH,VALID
2025-10-19 13:00:00,262.99828838589195,118.3492297736514,144.6490586122406,80.0,220.0,EMS,MWH,VALID
2025-10-19 14:00:00,257.35361133104203,115.80912509896892,141.54448623207313,80.0,220.0,EMS,MWH,VALID
2025-10-19 15:00:00,307.95929681224567,138.58168356551056,169.37761324673514,80.0,220.0,EMS,MWH,VALID
2025-10-19 16:00:00,309.6323831012291,139.3345723955531,170.29781070567603,80.0,220.0,EMS,MWH,VALID
2025-10-19 17:00:00,344.1455470200655,154.86549615902948,189.28005086103605,80.0,220.0,EMS,MWH,VALID
2025-10-19 18:00:00,370.0140381046512,166.50631714709306,203.50772095755815,80.0,220.0,EMS,MWH,VALID
2025-10-19 19:00:00,380.6426526950565,171.28919371277544,209.35345898228115,80.0,220.0,EMS,MWH,VALID
2025-10-19 20:00:00,351.80147318882774,158.3106629349725,193.49081025385527,80.0,220.0,EMS,MWH,VALID
2025-10-19 21:00:00,318.1744415770572,143.17849870967575,174.99594286738147,80.0,220.0,EMS,MWH,VALID
2025-10-19 22:00:00,294.92528598434444,132.716378692955,162.2089072913895,80.0,220.0,EMS,MWH,VALID
2025-10-19 23:00:00,263.6472581390866,118.64126616258898,145.00599197649765,80.0,220.0,EMS,MWH,VALID
2025-10-20 00:00:00,301.0545443312015,135.47454494904068,165.57999938216085,80.0,220.0,EMS,MWH,VALID
2025-10-20 01:00:00,272.2847592723785,122.52814167257031,149.75661759980818,80.0,220.0,EMS,MWH,VALID
2025-10-20 02:00:00,298.55505107366656,134.34977298314996,164.20527809051663,80.0,220.0,EMS,MWH,VALID
2025-10-20 03:00:00,278.4455235467974,125.30048559605883,153.14503795073858,80.0,220.0,EMS,MWH,VALID
2025-10-20 04:00:00,319.7062923510993,143.8678315579947,175.83846079310464,80.0,220.0,EMS,MWH,VALID
2025-10-20 05:00:00,317.9205008394293,143.06422537774318,174.85627546168612,80.0,220.0,EMS,MWH,VALID
2025-10-20 06:00:00,344.5757379079807,155.05908205859131,189.5166558493894,80.0,220.0,EMS,MWH,VALID
2025-10-20 07:00:00,378.7888587819765,170.45498645188945,208.3338723300871,80.0,220.0,EMS,MWH,VALID
2025-10-20 08:00:00,400.0862869825584,180.03882914215126,220.0474578404071,80.0,220.0,EMS,MWH,VALID
2025-10-20 09:00:00,406.1876405768236,182.7844382595706,223.40320231725295,80.0,220.0,EMS,MWH,VALID
2025-10-20 10:00:00,395.7869672090418,178.1041352440688,217.682831964973,80.0,220.0,EMS,MWH,VALID
2025-10-20 11:00:00,340.26911421179057,153.12110139530577,187.1480128164848,80.0,220.0,EMS,MWH,VALID
2025-10-20 12:00:00,353.6398769913117,159.1379446460903,194.50193234522143,80.0,220.0,EMS,MWH,VALID
2025-10-20 13:00:00,348.4057140363465,156.78257131635593,191.6231427199906,80.0,220.0,EMS,MWH,VALID
2025-10-20 14:00:00,347.0041526540331,156.15186869431489,190.85228395971825,80.0,220.0,EMS,MWH,VALID
2025-10-20 15:00:00,347.4324111523061,156.34458501853774,191.0878261337684,80.0,220.0,EMS,MWH,VALID
2025-10-20 16:00:00,386.4291233473487,173.8931055063069,212.5360178410418,80.0,220.0,EMS,MWH,VALID
2025-10-20 17:00:00,400.3376344982108,180.15193552419484,220.18569897401596,80.0,220.0,EMS,MWH,VALID
2025-10-20 18:00:00,461.3403678462088,207.60316553079397,253.7372023154149,80.0,220.0,EMS,MWH,VALID
2025-10-20 19:00:00,446.9540702656348,201.12933161953563,245.82473864609912,80.0,220.0,EMS,MWH,VALID
2025-10-20 20:00:00,441.3272011763856,198.59724052937355,242.7299606470121,80.0,220.0,EMS,MWH,VALID
2025-10-20 21:00:00,381.8053027285487,171.8123862278469,209.9929165007018,80.0,220.0,EMS,MWH,VALID
2025-10-20 22:00:00,336.39153136109945,151.37618911249476,185.01534224860472,80.0,220.0,EMS,MWH,VALID
2025-10-20 23:00:00,310.3952568874442,139.6778655993499,170.71739128809432,80.0,220.0,EMS,MWH,VALID
2025-10-21 00:00:00,275.1287487783682,123.8079369502657,151.3208118281025,80.0,220.0,EMS,MWH,VALID
2025-10-21 01:00:00,304.02227800871793,136.81002510392307,167.21225290479487,80.0,220.0,EMS,MWH,VALID
2025-10-21 02:00:00,293.7975325744597,132.2088896585069,161.58864291595287,80.0,220.0,EMS,MWH,VALID
2025-10-21 03:00:00,302.390585542856,136.0757634942852,166.31482204857082,80.0,220.0,EMS,MWH,VALID
2025-10-21 04:00:00,294.8080701417305,132.66363156377875,162.1444385779518,80.0,220.0,EMS,MWH,VALID
2025-10-21 05:00:00,331.8127501932964,149.31573758698335,182.49701260631304,80.0,220.0,EMS,MWH,VALID
2025-10-21 06:00:00,352.97111738994323,158.83700282547446,194.1341145644688,80.0,220.0,EMS,MWH,VALID
2025-10-21 07:00:00,363.7223968402871,163.6750785781292,200.04731826215792,80.0,220.0,EMS,MWH,VALID
2025-10-21 08:00:00,396.6371007475949,178.48669533641768,218.1504054111772,80.0,220.0,EMS,MWH,VALID
2025-10-21 09:00:00,403.679748662855,181.6558868982848,222.02386176457023,80.0,220.0,EMS,MWH,VALID
2025-10-21 10:00:00,371.9862094992548,167.39379427466466,204.59241522459013,80.0,220.0,EMS,MWH,VALID
2025-10-21 11:00:00,374.1798431969551,168.3809294386298,205.7989137583253,80.0,220.0,EMS,MWH,VALID
2025-10-21 12:00:00,336.6327926473818,151.48475669132182,185.14803595606,80.0,220.0,EMS,MWH,VALID
2025-10-21 13:00:00,353.0192819150514,158.85867686177315,194.1606050532783,80.0,220.0,EMS,MWH,VALID
2025-10-21 14:00:00,350.98399554416574,157.94279799487458,193.0411975492912,80.0,220.0,EMS,MWH,VALID
2025-10-21 15:00:00,385.4736039582661,173.4631217812197,212.01048217704636,80.0,220.0,EMS,MWH,VALID
2025-10-21 16:00:00,372.9760194733893,167.8392087630252,205.13681071036416,80.0,220.0,EMS,MWH,VALID
2025-10-21 17:00:00,418.74629152922273,188.43583118815025,230.3104603410725,80.0,220.0,EMS,MWH,VALID
2025-10-21 18:00:00,467.40094114359374,210.3304235146172,257.0705176289766,80.0,220.0,EMS,MWH,VALID
2025-10-21 19:00:00,460.7260494203505,207.32672223915773,253.3993271811928,80.0,220.0,EMS,MWH,VALID
2025-10-21 20:00:00,423.8894415423791,190.7502486940706,233.1391928483085,80.0,220.0,EMS,MWH,VALID
2025-10-21 21:00:00,403.18971068266166,181.43536980719776,221.75434087546392,80.0,220.0,EMS,MWH,VALID
2025-10-21 22:00:00,374.108840183385,168.34897808252325,205.75986210086177,80.0,220.0,EMS,MWH,VALID
2025-10-21 23:00:00,316.9906409551642,142.6457884298239,174.34485252534034,80.0,220.0,EMS,MWH,VALID
2025-10-22 00:00:00,311.6230406932458,140.2303683119606,171.3926723812852,80.0,220.0,EMS,MWH,VALID
2025-10-22 01:00:00,296.8222033791064,133.56999152059788,163.25221185850853,80.0,220.0,EMS,MWH,VALID
2025-10-22 02:00:00,317.0372640891933,142.666768840137,174.37049524905632,80.0,220.0,EMS,MWH,VALID
2025-10-22 03:00:00,299.80027202276085,134.9101224102424,164.89014961251848,80.0,220.0,EMS,MWH,VALID
2025-10-22 04:00:00,329.7710077923988,148.39695350657945,181.3740542858193,80.0,220.0,EMS,MWH,VALID
2025-10-22 05:00:00,311.5053901087288,140.17742554892797,171.32796455980088,80.0,220.0,EMS,MWH,VALID
2025-10-22 06:00:00,347.68790359714893,156.45955661871702,191.22834697843192,80.0,220.0,EMS,MWH,VALID
2025-10-22 07:00:00,362.4216725261126,163.0897526367507,199.331919889362,80.0,220.0,EMS,MWH,VALID
2025-10-22 08:00:00,405.79463207857486,182.6075844353587,223.1870476432162,80.0,220.0,EMS,MWH,VALID
2025-10-22 09:00:00,396.4907186651862,178.42082339933378,218.06989526585244,80.0,220.0,EMS,MWH,VALID
2025-10-22 10:00:00,388.46711167964287,174.8102002558393,213.6569114238036,80.0,220.0,EMS,MWH,VALID
2025-10-22 11:00:00,372.0456379677967,167.4205370855085,204.6251008822882,80.0,220.0,EMS,MWH,VALID
2025-10-22 12:00:00,363.8548681920351,163.7346906864158,200.12017750561927,80.0,220.0,EMS,MWH,VALID
2025-10-22 13:00:00,367.19376255675047,165.2371931505377,201.9565694062128,80.0,220.0,EMS,MWH,VALID
2025-10-22 14:00:00,370.7210589191089,166.824476513599,203.8965824055099,80.0,220.0,EMS,MWH,VALID
2025-10-22 15:00:00,371.3973793204618,167.12882069420783,204.268558626254,80.0,220.0,EMS,MWH,VALID
2025-10-22 16:00:00,389.8839523395806,175.4477785528113,214.43617378676936,80.0,220.0,EMS,MWH,VALID
2025-10-22 17:00:00,406.5140704874827,182.9313317193672,223.5827387681155,80.0,220.0,EMS,MWH,VALID
2025-10-22 18:00:00,463.1726492351296,208.42769215580836,254.7449570793213,80.0,220.0,EMS,MWH,VALID
2025-10-22 19:00:00,445.444274985298,200.4499237433841,244.99435124191396,80.0,220.0,EMS,MWH,VALID
2025-10-22 20:00:00,433.1462039160934,194.91579176224204,238.23041215385135,80.0,220.0,EMS,MWH,VALID
2025-10-22 21:00:00,393.831834216139,177.22432539726256,216.60750881887645,80.0,220.0,EMS,MWH,VALID
2025-10-22 22:00:00,329.8356030265818,148.4260213619618,181.40958166462,80.0,220.0,EMS,MWH,VALID
2025-10-22 23:00:00,298.7044505777384,134.41700275998227,164.28744781775612,80.0,220.0,EMS,MWH,VALID
2025-10-23 00:00:00,278.5250569562457,125.3362756303106,153.18878132593517,80.0,220.0,EMS,MWH,VALID
2025-10-23 01:00:00,295.95589258843904,133.18015166479756,162.77574092364148,80.0,220.0,EMS,MWH,VALID
2025-10-23 02:00:00,294.4327175243004,132.4947228859352,161.93799463836524,80.0,180.4,EMS,MWH,VALID
2025-10-23 03:00:00,284.22660965249923,127.90197434362466,156.3246353088746,80.0,180.4,EMS,MWH,VALID
2025-10-23 04:00:00,318.7495210797267,143.43728448587703,175.31223659384972,80.0,180.4,EMS,MWH,VALID
2025-10-23 05:00:00,311.7812915590024,140.30158120155107,171.47971035745132,80.0,180.4,EMS,MWH,VALID
2025-10-23 06:00:00,366.841614164064,165.07872637382883,201.76288779023523,80.0,180.4,EMS,MWH,VALID
2025-10-23 07:00:00,372.1300942925962,167.4585424316683,204.67155186092796,80.0,180.4,EMS,MWH,VALID
2025-10-23 08:00:00,385.3983290874508,173.42924808935285,211.96908099809795,80.0,180.4,EMS,MWH,VALID
2025-10-23 09:00:00,430.4012692409996,193.68057115844985,236.72069808254977,80.0,180.4,EMS,MWH,VALID
2025-10-23 10:00:00,350.0538234911329,157.5242205710098,192.52960292012312,80.0,220.0,EMS,MWH,VALID
2025-10-23 11:00:00,368.6981801726981,165.91418107771415,202.78399909498395,80.0,220.0,EMS,MWH,VALID
2025-10-23 12:00:00,346.29272610177213,155.83172674579745,190.46099935597468,80.0,220.0,EMS,MWH,VALID
2025-10-23 13:00:00,337.9045871750069,152.05706422875312,185.8475229462538,80.0,220.0,EMS,MWH,VALID
2025-10-23 14:00:00,356.1515532975862,160.26819898391378,195.8833543136724,80.0,220.0,EMS,MWH,VALID
2025-10-23 15:00:00,387.5184304165713,174.38329368745707,213.1351367291142,80.0,220.0,EMS,MWH,VALID
2025-10-23 16:00:00,393.64887940828095,177.14199573372642,216.50688367455453,80.0,220.0,EMS,MWH,VALID
2025-10-23 17:00:00,395.3629173248141,177.91331279616637,217.4496045286478,80.0,220.0,EMS,MWH,VALID
2025-10-23 18:00:00,431.4019439932297,194.13087479695332,237.27106919627636,80.0,220.0,EMS,MWH,VALID
2025-10-23 19:00:00,449.5086772399275,202.27890475796735,247.22977248196017,80.0,220.0,EMS,MWH,VALID
2025-10-23 20:00:00,422.2997699942413,190.03489649740857,232.2648734968327,80.0,220.0,EMS,MWH,VALID
2025-10-23 21:00:00,412.1597972177736,185.47190874799813,226.6878884697755,80.0,220.0,EMS,MWH,VALID
2025-10-23 22:00:00,355.81650960892114,160.11742932401452,195.69908028490664,80.0,220.0,EMS,MWH,VALID
2025-10-23 23:00:00,309.2623987853364,139.1680794534014,170.09431933193505,80.0,220.0,EMS,MWH,VALID
2025-10-24 00:00:00,287.8012183954533,129.510548277954,158.29067011749933,80.0,220.0,EMS,MWH,VALID
2025-10-24 01:00:00,275.7203372123464,124.07415174555588,151.64618546679054,80.0,220.0,EMS,MWH,VALID
2025-10-24 02:00:00,282.082572470409,126.93715761168404,155.14541485872496,80.0,220.0,EMS,MWH,VALID
2025-10-24 03:00:00,275.02135496479787,123.75960973415904,151.26174523063884,80.0,220.0,EMS,MWH,VALID
2025-10-24 04:00:00,300.95131583586675,135.42809212614003,165.52322370972672,80.0,220.0,EMS,MWH,VALID
2025-10-24 05:00:00,311.2627976843274,140.06825895794734,171.19453872638007,80.0,220.0,EMS,MWH,VALID
2025-10-24 06:00:00,345.1017706944409,155.29579681249842,189.8059738819425,80.0,220.0,EMS,MWH,VALID
2025-10-24 07:00:00,390.8293845789371,175.8732230605217,214.95616151841543,80.0,220.0,EMS,MWH,VALID
2025-10-24 08:00:00,392.4400647281848,176.59802912768316,215.84203560050165,80.0,220.0,EMS,MWH,VALID
2025-10-24 09:00:00,359.1581600377241,161.62117201697583,197.53698802074825,80.0,220.0,EMS,MWH,VALID
2025-10-24 10:00:00,403.0454073625506,181.3704333131478,221.6749740494029,80.0,220.0,EMS,MWH,VALID
2025-10-24 11:00:00,367.27159231237823,165.2722165405702,201.99937577180805,80.0,220.0,EMS,MWH,VALID
2025-10-24 12:00:00,339.4173446657495,152.7378050995873,186.67953956616225,80.0,220.0,EMS,MWH,VALID
2025-10-24 13:00:00,352.65177828030124,158.69330022613556,193.9584780541657,80.0,220.0,EMS,MWH,VALID
2025-10-24 14:00:00,369.5105404596743,166.27974320685345,203.23079725282088,80.0,220.0,EMS,MWH,VALID
2025-10-24 15:00:00,360.29141589666347,162.13113715349857,198.16027874316487,80.0,220.0,EMS,MWH,VALID
2025-10-24 16:00:00,384.5746553806206,173.05859492127928,211.51606045934133,80.0,220.0,EMS,MWH,VALID
2025-10-24 17:00:00,414.90865878366606,186.70889645264973,228.1997623310164,80.0,220.0,EMS,MWH,VALID
2025-10-24 18:00:00,470.59004358844027,211.7655196147981,258.82452397364216,80.0,220.0,EMS,MWH,VALID
2025-10-24 19:00:00,491.1379104188954,221.0120596885029,270.1258507303925,80.0,220.0,EMS,MWH,VALID
2025-10-24 20:00:00,448.90089157639113,202.005401209376,246.8954903670152,80.0,220.0,EMS,MWH,VALID
2025-10-24 21:00:00,416.359257337688,187.3616658019596,228.9975915357284,80.0,220.0,EMS,MWH,VALID
2025-10-24 22:00:00,327.0993138530067,147.19469123385304,179.9046226191537,80.0,220.0,EMS,MWH,VALID
2025-10-24 23:00:00,310.558953137221,139.75152891174946,170.80742422547158,80.0,220.0,EMS,MWH,VALID
2025-10-25 00:00:00,224.8631381953837,101.18841218792268,123.67472600746105,80.0,220.0,EMS,MWH,VALID
2025-10-25 01:00:00,246.3467966807407,110.85605850633333,135.4907381744074,80.0,220.0,EMS,MWH,VALID
2025-10-25 02:00:00,254.1398055169344,114.36291248262047,139.77689303431393,80.0,220.0,EMS,MWH,VALID
2025-10-25 03:00:00,236.44629036028127,106.40083066212657,130.0454596981547,80.0,220.0,EMS,MWH,VALID
2025-10-25 04:00:00,241.6715883332828,108.75221474997728,132.91937358330557,80.0,220.0,EMS,MWH,VALID
2025-10-25 05:00:00,261.186677510251,117.53400487961297,143.65267263063805,80.0,220.0,EMS,MWH,VALID
2025-10-25 06:00:00,272.4655107754282,122.60947984894268,149.85603092648552,80.0,220.0,EMS,MWH,VALID
2025-10-25 07:00:00,284.79279991153567,128.15675996019107,156.63603995134463,80.0,220.0,EMS,MWH,VALID
2025-10-25 08:00:00,337.21179218277854,151.74530648225036,185.4664857005282,80.0,220.0,EMS,MWH,VALID
2025-10-25 09:00:00,315.17394373737585,141.82827468181912,173.34566905555673,80.0,220.0,EMS,MWH,VALID
2025-10-25 10:00:00,306.7036521247624,138.01664345614307,168.6870086686193,80.0,220.0,EMS,MWH,VALID
2025-10-25 11:00:00,308.0017619192679,138.60079286367056,169.40096905559736,80.0,220.0,EMS,MWH,VALID
2025-10-25 12:00:00,232.7141274416166,104.72135734872748,127.99277009288916,80.0,220.0,EMS,MWH,VALID
2025-10-25 13:00:00,316.9944520824324,142.64750343709457,174.34694864533782,80.0,220.0,EMS,MWH,VALID
2025-10-25 14:00:00,299.1611314902855,134.6225091706285,164.5386223196571,80.0,220.0,EMS,MWH,VALID
2025-10-25 15:00:00,251.96205314014748,113.38292391306636,138.57912922708113,80.0,220.0,EMS,MWH,VALID
2025-10-25 16:00:00,332.04839913967226,149.42177961285253,182.62661952681972,80.0,220.0,EMS,MWH,VALID
2025-10-25 17:00:00,365.03875411015593,164.26743934957017,200.77131476058577,80.0,220.0,EMS,MWH,VALID
2025-10-25 18:00:00,342.18337095459725,153.98251692956876,188.2008540250285,80.0,220.0,EMS,MWH,VALID
2025-10-25 19:00:00,328.8699175584486,147.99146290130187,180.8784546571468,80.0,220.0,EMS,MWH,VALID
2025-10-25 20:00:00,354.1368348904025,159.36157570068113,194.7752591897214,80.0,220.0,EMS,MWH,VALID
2025-10-25 21:00:00,322.1377219936115,144.96197489712517,177.17574709648633,80.0,220.0,EMS,MWH,VALID
2025-10-25 22:00:00,288.8603074855273,129.98713836848728,158.87316911704002,80.0,220.0,EMS,MWH,VALID
2025-10-25 23:00:00,280.1834583798513,126.08255627093308,154.10090210891823,80.0,220.0,EMS,MWH,VALID
2025-10-26 00:00:00,240.69786527456563,108.31403937355454,132.3838259010111,80.0,220.0,EMS,MWH,VALID
2025-10-26 01:00:00,233.56626277223887,105.1048182475075,128.46144452473138,80.0,220.0,EMS,MWH,VALID
2025-10-26 02:00:00,249.59616523584987,112.31827435613243,137.27789087971743,80.0,220.0,EMS,MWH,VALID
2025-10-26 03:00:00,259.9622244535486,116.98300100409686,142.97922344945172,80.0,220.0,EMS,MWH,VALID
2025-10-26 04:00:00,221.32561662154328,99.59652747969449,121.72908914184882,80.0,220.0,EMS,MWH,VALID
2025-10-26 05:00:00,277.28564071320443,124.778538320942,152.50710239226245,80.0,220.0,EMS,MWH,VALID
2025-10-26 06:00:00,278.32344541792634,125.24555043806686,153.0778949798595,80.0,220.0,EMS,MWH,VALID
2025-10-26 07:00:00,323.602379310592,145.6210706897664,177.98130862082564,80.0,220.0,EMS,MWH,VALID
2025-10-26 08:00:00,311.86333486754137,140.33850069039363,171.52483417714777,80.0,220.0,EMS,MWH,VALID
2025-10-26 09:00:00,309.96970940425126,139.48636923191307,170.48334017233822,80.0,220.0,EMS,MWH,VALID
2025-10-26 10:00:00,267.67768167081323,120.45495675186596,147.22272491894728,80.0,220.0,EMS,MWH,VALID
2025-10-26 11:00:00,314.6553108601914,141.5948898870861,173.06042097310527,80.0,220.0,EMS,MWH,VALID
2025-10-26 12:00:00,257.0844753787049,115.68801392041723,141.39646145828775,80.0,220.0,EMS,MWH,VALID
2025-10-26 13:00:00,230.31708226554545,103.64268701949544,126.67439524605,80.0,220.0,EMS,MWH,VALID
2025-10-26 14:00:00,297.82593023454456,134.02166860554505,163.8042616289995,80.0,220.0,EMS,MWH,VALID
2025-10-26 15:00:00,283.66075860923496,127.64734137415572,156.01341723507923,80.0,220.0,EMS,MWH,VALID
2025-10-26 16:00:00,294.36111023678137,132.46249960655163,161.89861063022977,80.0,220.0,EMS,MWH,VALID
2025-10-26 17:00:00,319.65711676375054,143.84570254368774,175.8114142200628,80.0,220.0,EMS,MWH,VALID
2025-10-26 18:00:00,371.1383087280829,167.0122389276373,204.1260698004456,80.0,220.0,EMS,MWH,VALID
2025-10-26 19:00:00,377.3448264406709,169.8051718983019,207.539654542369,80.0,220.0,EMS,MWH,VALID
2025-10-26 20:00:00,360.9897497507965,162.44538738785843,198.54436236293807,80.0,220.0,EMS,MWH,VALID
2025-10-26 21:00:00,315.64395343829545,142.03977904723297,173.60417439106251,80.0,220.0,EMS,MWH,VALID
2025-10-26 22:00:00,277.64607760602803,124.94073492271262,152.70534268331542,80.0,220.0,EMS,MWH,VALID
2025-10-26 23:00:00,285.0862385900844,128.288807365538,156.79743122454644,80.0,220.0,EMS,MWH,VALID
2025-10-27 00:00:00,283.0737343411875,127.38318045353438,155.69055388765315,80.0,220.0,EMS,MWH,VALID
2025-10-27 01:00:00,291.4305813091257,131.1437615891066,160.28681972001917,80.0,220.0,EMS,MWH,VALID
2025-10-27 02:00:00,274.0475402042728,123.32139309192276,150.72614711235008,80.0,220.0,EMS,MWH,VALID
2025-10-27 03:00:00,306.1296932084215,137.75836194378968,168.37133126463183,80.0,220.0,EMS,MWH,VALID
2025-10-27 04:00:00,299.53970303291936,134.7928663648137,164.74683666810566,80.0,220.0,EMS,MWH,VALID
2025-10-27 05:00:00,324.77884414500187,146.15047986525084,178.62836427975105,80.0,220.0,EMS,MWH,VALID
2025-10-27 06:00:00,365.759246770538,164.5916610467421,201.16758572379592,80.0,220.0,EMS,MWH,VALID
2025-10-27 07:00:00,375.2905877009026,168.88076446540617,206.40982323549645,80.0,220.0,EMS,MWH,VALID
2025-10-27 08:00:00,429.967023883931,193.48516074776896,236.48186313616208,80.0,220.0,EMS,MWH,VALID
2025-10-27 09:00:00,413.752790669798,186.18875580140912,227.5640348683889,80.0,220.0,EMS,MWH,VALID
2025-10-27 10:00:00,377.69927572101017,169.9646740744546,207.7346016465556,80.0,220.0,EMS,MWH,VALID
2025-10-27 11:00:00,354.90186066148823,159.70583729766972,195.1960233638185,80.0,220.0,EMS,MWH,VALID
2025-10-27 12:00:00,342.3689710666199,154.06603697997895,188.30293408664096,80.0,220.0,EMS,MWH,VALID
2025-10-27 13:00:00,345.9954293668522,155.69794321508348,190.2974861517687,80.0,220.0,EMS,MWH,VALID
2025-10-27 14:00:00,335.9667026824844,151.18501620711797,184.78168647536643,80.0,220.0,EMS,MWH,VALID
2025-10-27 15:00:00,378.6315428035723,170.38419426160755,208.2473485419648,80.0,220.0,EMS,MWH,VALID
2025-10-27 16:00:00,395.25683254006833,177.86557464303075,217.3912578970376,80.0,220.0,EMS,MWH,VALID
2025-10-27 17:00:00,418.5545285731147,188.3495378579016,230.20499071521309,80.0,220.0,EMS,MWH,VALID
2025-10-27 18:00:00,459.4113012428747,206.7350855592936,252.6762156835811,80.0,220.0,EMS,MWH,VALID
2025-10-27 19:00:00,455.9145459899012,205.16154569545557,250.75300029444568,80.0,220.0,EMS,MWH,VALID
2025-10-27 20:00:00,429.6822606383285,193.3570172872478,236.32524335108067,80.0,220.0,EMS,MWH,VALID
2025-10-27 21:00:00,403.0626032249516,181.3781714512282,221.6844317737234,80.0,220.0,EMS,MWH,VALID
2025-10-27 22:00:00,341.1047439229525,153.4971347653286,187.60760915762387,80.0,220.0,EMS,MWH,VALID
2025-10-27 23:00:00,331.61322920106045,149.2259531404772,182.38727606058328,80.0,220.0,EMS,MWH,VALID
2025-10-28 00:00:00,290.92756377042906,130.91740369669307,160.010160073736,80.0,220.0,EMS,MWH,VALID
2025-10-28 01:00:00,319.7834420262676,143.90254891182042,175.8808931144472,80.0,220.0,EMS,MWH,VALID
2025-10-28 02:00:00,294.1182824309003,132.35322709390513,161.76505533699518,80.0,220.0,EMS,MWH,VALID
2025-10-28 03:00:00,278.8174547759399,125.46785464917296,153.34960012676694,80.0,220.0,EMS,MWH,VALID
2025-10-28 04:00:00,302.495470020621,136.12296150927943,166.37250851134155,80.0,220.0,EMS,MWH,VALID
2025-10-28 05:00:00,321.82400707512915,144.82080318380812,177.00320389132105,80.0,220.0,EMS,MWH,VALID
2025-10-28 06:00:00,343.4857461265292,154.56858575693815,188.91716036959107,80.0,220.0,EMS,MWH,VALID
2025-10-28 07:00:00,387.2846995044769,174.27811477701462,213.00658472746235,80.0,220.0,EMS,MWH,VALID
2025-10-28 08:00:00,412.2188074768745,185.49846336459356,226.720344112281,80.0,220.0,EMS,MWH,VALID
2025-10-28 09:00:00,395.9166101442591,178.1624745649166,217.7541355793425,80.0,220.0,EMS,MWH,VALID
2025-10-28 10:00:00,391.3954896714739,176.12797035216326,215.26751931931068,80.0,220.0,EMS,MWH,VALID
2025-10-28 11:00:00,365.9540041299809,164.6793018584914,201.2747022714895,80.0,220.0,EMS,MWH,VALID
2025-10-28 12:00:00,347.3921839239436,156.3264827657746,191.065701158169,80.0,220.0,EMS,MWH,VALID
2025-10-28 13:00:00,328.6854939115348,147.90847226019068,180.77702165134417,80.0,220.0,EMS,MWH,VALID
2025-10-28 14:00:00,379.9762194377708,170.98929874699687,208.986920690774,80.0,220.0,EMS,MWH,VALID
2025-10-28 15:00:00,388.16657437472986,174.67495846862843,213.49161590610143,80.0,220.0,EMS,MWH,VALID
2025-10-28 16:00:00,372.68477768657465,167.7081499589586,204.9766277276161,80.0,220.0,EMS,MWH,VALID
2025-10-28 17:00:00,393.8773257215204,177.2447965746842,216.63252914683625,80.0,220.0,EMS,MWH,VALID
2025-10-28 18:00:00,443.7604563817621,199.6922053717929,244.0682510099692,80.0,220.0,EMS,MWH,VALID
2025-10-28 19:00:00,455.3147361564978,204.89163127042403,250.42310488607384,80.0,220.0,EMS,MWH,VALID
2025-10-28 20:00:00,419.0766349668938,188.5844857351022,230.4921492317916,80.0,220.0,EMS,MWH,VALID
2025-10-28 21:00:00,387.074424190705,174.18349088581726,212.8909333048878,80.0,220.0,EMS,MWH,VALID
2025-10-28 22:00:00,367.1289339029236,165.20802025631562,201.920913646608,80.0,220.0,EMS,MWH,VALID
2025-10-28 23:00:00,317.1659987038956,142.72469941675303,174.44129928714258,80.0,220.0,EMS,MWH,VALID
2025-10-29 00:00:00,278.0325341172497,125.11464035276238,152.91789376448736,80.0,220.0,EMS,MWH,VALID
2025-10-29 01:00:00,295.53207727615,132.9894347742675,162.5426425018825,80.0,220.0,EMS,MWH,VALID
2025-10-29 02:00:00,284.5650231833599,128.05426043251197,156.51076275084796,80.0,220.0,EMS,MWH,VALID
2025-10-29 03:00:00,278.44662605716894,125.30098172572605,153.14564433144292,80.0,220.0,EMS,MWH,VALID
2025-10-29 04:00:00,276.8974009382412,124.60383042220856,152.29357051603267,80.0,220.0,EMS,MWH,VALID
2025-10-29 05:00:00,325.5233857384993,146.4855235823247,179.03786215617464,80.0,220.0,EMS,MWH,VALID
2025-10-29 06:00:00,325.8218606974424,146.61983731384908,179.20202338359334,80.0,220.0,EMS,MWH,VALID
2025-10-29 07:00:00,380.1996261149595,171.08983175173177,209.1097943632277,80.0,220.0,EMS,MWH,VALID
2025-10-29 08:00:00,423.5516196223391,190.5982288300526,232.9533907922865,80.0,220.0,EMS,MWH,VALID
2025-10-29 09:00:00,404.7092363357439,182.11915635108477,222.5900799846592,80.0,220.0,EMS,MWH,VALID
2025-10-29 10:00:00,380.6637505546076,171.29868774957342,209.3650628050342,80.0,220.0,EMS,MWH,VALID
2025-10-29 11:00:00,383.90624861329206,172.75781187598145,211.14843673731065,80.0,220.0,EMS,MWH,VALID
2025-10-29 12:00:00,373.7756252751726,168.1990313738277,205.57659390134492,80.0,220.0,EMS,MWH,VALID
2025-10-29 13:00:00,380.02747326761096,171.01236297042493,209.01511029718608,80.0,220.0,EMS,MWH,VALID
2025-10-29 14:00:00,348.1000360394359,156.64501621774616,191.45501982168977,80.0,220.0,EMS,MWH,VALID
2025-10-29 15:00:00,351.6802723850621,158.2561225732779,193.42414981178416,80.0,220.0,EMS,MWH,VALID
2025-10-29 16:00:00,364.7609981895194,164.14244918528374,200.6185490042357,80.0,220.0,EMS,MWH,VALID
2025-10-29 17:00:00,430.0147175061039,193.50662287774676,236.5080946283572,80.0,220.0,EMS,MWH,VALID
2025-10-29 18:00:00,463.3814375462336,208.52164689580516,254.8597906504285,80.0,220.0,EMS,MWH,VALID
2025-10-29 19:00:00,422.37026817495416,190.06662067872935,232.3036474962248,80.0,220.0,EMS,MWH,VALID
2025-10-29 20:00:00,451.44367481487706,203.1496536666947,248.2940211481824,80.0,220.0,EMS,MWH,VALID
2025-10-29 21:00:00,398.3625818101322,179.26316181455954,219.0994199955728,80.0,220.0,EMS,MWH,VALID
2025-10-29 22:00:00,337.5894711667336,151.9152620250301,185.67420914170347,80.0,220.0,EMS,MWH,VALID
2025-10-29 23:00:00,330.25545459121474,148.61495456604663,181.6405000251681,80.0,220.0,EMS,MWH,VALID
2025-10-30 00:00:00,293.29290726267817,131.9818082682052,161.311098994473,80.0,220.0,EMS,MWH,VALID
2025-10-30 01:00:00,297.239914547735,133.75796154648074,163.48195300125423,80.0,220.0,EMS,MWH,VALID
2025-10-30 02:00:00,275.5618994200112,124.00285473900504,151.55904468100616,80.0,220.0,EMS,MWH,VALID
2025-10-30 03:00:00,278.337742364333,125.25198406394983,153.08575830038316,80.0,220.0,EMS,MWH,VALID
2025-10-30 04:00:00,299.1113612057336,134.60011254258012,164.51124866315348,80.0,220.0,EMS,MWH,VALID
2025-10-30 05:00:00,313.2519731445469,140.96338791504613,172.28858522950082,80.0,220.0,EMS,MWH,VALID
2025-10-30 06:00:00,341.6018534701175,153.72083406155286,187.88101940856464,80.0,220.0,EMS,MWH,VALID
2025-10-30 07:00:00,395.29859774246233,177.88436898410805,217.4142287583543,80.0,220.0,EMS,MWH,VALID
2025-10-30 08:00:00,400.1563189763408,180.07034353935333,220.08597543698744,80.0,220.0,EMS,MWH,VALID
2025-10-30 09:00:00,383.53442461682215,172.59049107756996,210.94393353925216,80.0,220.0,EMS,MWH,VALID
2025-10-30 10:00:00,379.6794643607303,170.85575896232862,208.82370539840167,80.0,220.0,EMS,MWH,VALID
2025-10-30 11:00:00,391.1677524540461,176.02548860432074,215.14226384972537,80.0,220.0,EMS,MWH,VALID
2025-10-30 12:00:00,347.06931162273423,156.1811902302304,190.88812139250385,80.0,220.0,EMS,MWH,VALID
2025-10-30 13:00:00,336.1666454989355,151.274990474521,184.89165502441452,80.0,220.0,EMS,MWH,VALID
2025-10-30 14:00:00,353.9454011466951,159.2754305160128,194.66997063068231,80.0,220.0,EMS,MWH,VALID
2025-10-30 15:00:00,355.8809885298173,160.14644483841778,195.73454369139952,80.0,220.0,EMS,MWH,VALID
2025-10-30 16:00:00,389.59715188253887,175.3187183471425,214.2784335353964,80.0,220.0,EMS,MWH,VALID
2025-10-30 17:00:00,416.48180231743856,187.41681104284737,229.0649912745912,80.0,220.0,EMS,MWH,VALID
2025-10-30 18:00:00,454.0128197768138,204.30576889956623,249.70705087724764,80.0,220.0,EMS,MWH,VALID
2025-10-30 19:00:00,451.71374903462623,203.2711870655818,248.44256196904445,80.0,220.0,EMS,MWH,VALID
2025-10-30 20:00:00,427.6653556376496,192.44941003694237,235.2159456007073,80.0,220.0,EMS,MWH,VALID
2025-10-30 21:00:00,391.56430248015454,176.20393611606954,215.36036636408505,80.0,220.0,EMS,MWH,VALID
2025-10-30 22:00:00,329.63641628833574,148.3363873297511,181.30002895858468,80.0,220.0,EMS,MWH,VALID
2025-10-30 23:00:00,327.70656885110856,147.46795598299886,180.23861286810973,80.0,220.0,EMS,MWH,VALID
2025-10-31 00:00:00,328.7112868809267,147.92007909641703,180.7912077845097,80.0,220.0,EMS,MWH,VALID
2025-10-31 01:00:00,284.8615832877626,128.18771247949317,156.67387080826944,80.0,220.0,EMS,MWH,VALID
2025-10-31 02:00:00,309.98002026035016,139.49100911715755,170.4890111431926,80.0,220.0,EMS,MWH,VALID
2025-10-31 03:00:00,309.2411890792868,139.15853508567906,170.08265399360775,80.0,220.0,EMS,MWH,VALID
2025-10-31 04:00:00,304.8248558307909,137.1711851238559,167.653670706935,80.0,220.0,EMS,MWH,VALID
2025-10-31 05:00:00,295.9403580138793,133.1731611062457,162.76719690763363,80.0,220.0,EMS,MWH,VALID
2025-10-31 06:00:00,325.57872329701104,146.51042548365498,179.06829781335608,80.0,220.0,EMS,MWH,VALID
2025-10-31 07:00:00,358.5836157303253,161.36262707864637,197.2209886516789,80.0,220.0,EMS,MWH,VALID
2025-10-31 08:00:00,373.4541496786457,168.05436735539055,205.39978232325512,80.0,220.0,EMS,MWH,VALID
2025-10-31 09:00:00,377.8517430269689,170.033284362136,207.8184586648329,80.0,220.0,EMS,MWH,VALID
2025-10-31 10:00:00,358.8418019284369,161.47881086779662,197.36299106064035,80.0,220.0,EMS,MWH,VALID
2025-10-31 11:00:00,359.3538625742541,161.70923815841434,197.64462441583976,80.0,220.0,EMS,MWH,VALID
2025-10-31 12:00:00,379.1347969796182,170.6106586408282,208.52413833879004,80.0,220.0,EMS,MWH,VALID
2025-10-31 13:00:00,337.5027284016511,151.876227780743,185.62650062090813,80.0,220.0,EMS,MWH,VALID
2025-10-31 14:00:00,349.6802536473819,157.35611414132185,192.32413950606005,80.0,220.0,EMS,MWH,VALID
2025-10-31 15:00:00,360.4092127088159,162.18414571896716,198.2250669898488,80.0,220.0,EMS,MWH,VALID
2025-10-31 16:00:00,376.6639555749987,169.4987800087494,207.1651755662493,80.0,220.0,EMS,MWH,VALID
2025-10-31 17:00:00,411.7675910207012,185.29541595931556,226.47217506138568,80.0,220.0,EMS,MWH,VALID
2025-10-31 18:00:00,457.0491199424229,205.6721039740903,251.3770159683326,80.0,220.0,EMS,MWH,VALID
2025-10-31 19:00:00,447.066189061109,201.17978507749905,245.88640398361,80.0,220.0,EMS,MWH,VALID
2025-10-31 20:00:00,424.21150159573006,190.8951757180785,233.31632587765156,80.0,220.0,EMS,MWH,VALID
2025-10-31 21:00:00,396.8993224086082,178.6046950838737,218.2946273247345,80.0,220.0,EMS,MWH,VALID
2025-10-31 22:00:00,355.4928952917693,159.97180288129618,195.52109241047316,80.0,220.0,EMS,MWH,VALID
2025-10-31 23:00:00,319.1203641858075,143.60416388361338,175.51620030219414,80.0,220.0,EMS,MWH,VALID
2025-11-01 00:00:00,227.3369944613713,102.30164750761708,125.0353469537542,80.0,220.0,EMS,MWH,VALID
2025-11-01 01:00:00,215.659050853195,97.04657288393776,118.61247796925726,80.0,220.0,EMS,MWH,VALID
2025-11-01 02:00:00,215.9165415209841,97.16244368444283,118.75409783654128,80.0,220.0,EMS,MWH,VALID
2025-11-01 03:00:00,225.56919330199835,101.50613698589925,124.0630563160991,80.0,220.0,EMS,MWH,VALID
2025-11-01 04:00:00,252.32881349857232,113.54796607435756,138.78084742421478,80.0,220.0,EMS,MWH,VALID
2025-11-01 05:00:00,268.15643175220407,120.67039428849183,147.48603746371225,80.0,220.0,EMS,MWH,VALID
2025-11-01 06:00:00,285.3939790647023,128.42729057911603,156.96668848558627,80.0,220.0,EMS,MWH,VALID
2025-11-01 07:00:00,303.4091011175344,136.53409550289047,166.87500561464392,80.0,220.0,EMS,MWH,VALID
2025-11-01 08:00:00,312.46499847975906,140.6092493158916,171.8557491638675,80.0,220.0,EMS,MWH,VALID
2025-11-01 09:00:00,307.7961423195445,138.50826404379504,169.2878782757495,80.0,220.0,EMS,MWH,VALID
2025-11-01 10:00:00,307.7054202941377,138.467439132362,169.23798116177576,80.0,220.0,EMS,MWH,VALID
2025-11-01 11:00:00,299.4361056518899,134.74624754335045,164.68985810853945,80.0,220.0,EMS,MWH,VALID
2025-11-01 12:00:00,293.75498323988444,132.189742457948,161.56524078193647,80.0,220.0,EMS,MWH,VALID
2025-11-01 13:00:00,283.7263875190028,127.67687438355128,156.04951313545155,80.0,220.0,EMS,MWH,VALID
2025-11-01 14:00:00,239.44978408209823,107.7524028369442,131.69738124515405,80.0,220.0,EMS,MWH,VALID
2025-11-01 15:00:00,301.34064317634574,135.60328942935558,165.73735374699018,80.0,220.0,EMS,MWH,VALID
2025-11-01 16:00:00,316.8916050885928,142.60122228986677,174.29038279872606,80.0,220.0,EMS,MWH,VALID
2025-11-01 17:00:00,336.4346525205672,151.39559363425522,185.03905888631195,80.0,220.0,EMS,MWH,VALID
2025-11-01 18:00:00,366.6652047119295,164.99934212036828,201.66586259156125,80.0,220.0,EMS,MWH,VALID
2025-11-01 19:00:00,399.3684754152109,179.7158139368449,219.652661478366,80.0,220.0,EMS,MWH,VALID
2025-11-01 20:00:00,336.796871856516,151.5585923354322,185.2382795210838,80.0,220.0,EMS,MWH,VALID
2025-11-01 21:00:00,333.65437679849714,150.1444695593237,183.50990723917343,80.0,220.0,EMS,MWH,VALID
2025-11-01 22:00:00,287.0136574950724,129.1561458727826,157.85751162228982,80.0,220.0,EMS,MWH,VALID
2025-11-01 23:00:00,254.83902426207456,114.67756091793356,140.16146334414103,80.0,220.0,EMS,MWH,VALID
2025-11-02 00:00:00,235.59680808241885,106.01856363708848,129.57824444533037,80.0,220.0,EMS,MWH,VALID
2025-11-02 01:00:00,216.93843613778708,97.62229626200418,119.31613987578292,80.0,220.0,EMS,MWH,VALID
2025-11-02 02:00:00,219.131179357924,98.6090307110658,120.5221486468582,80.0,220.0,EMS,MWH,VALID
2025-11-02 03:00:00,237.8569081741555,107.03560867836998,130.82129949578555,80.0,220.0,EMS,MWH,VALID
2025-11-02 04:00:00,271.8353235299079,122.32589558845856,149.50942794144936,80.0,220.0,EMS,MWH,VALID
2025-11-02 05:00:00,247.37638176882632,111.31937179597185,136.05700997285447,80.0,220.0,EMS,MWH,VALID
2025-11-02 06:00:00,280.81092198238167,126.36491489207177,154.44600709030993,80.0,220.0,EMS,MWH,VALID
2025-11-02 07:00:00,320.51424845251427,144.23141180363143,176.28283664888286,80.0,220.0,EMS,MWH,VALID
2025-11-02 08:00:00,307.601890530288,138.42085073862958,169.18103979165838,80.0,220.0,EMS,MWH,VALID
2025-11-02 09:00:00,314.0770103008183,141.33465463536825,172.74235566545008,80.0,220.0,EMS,MWH,VALID
2025-11-02 10:00:00,279.19027905010296,125.63562557254632,153.55465347755663,80.0,220.0,EMS,MWH,VALID
2025-11-02 11:00:00,294.100412956043,132.34518583021935,161.75522712582367,80.0,220.0,EMS,MWH,VALID
2025-11-02 12:00:00,303.31192075771827,136.49036434097323,166.82155641674507,80.0,220.0,EMS,MWH,VALID
2025-11-02 13:00:00,312.0451357931414,140.42031110691363,171.62482468622778,80.0,220.0,EMS,MWH,VALID
2025-11-02 14:00:00,278.00830964578137,125.10373934060162,152.90457030517976,80.0,220.0,EMS,MWH,VALID
2025-11-02 15:00:00,295.0229217426123,132.7603147841755,162.26260695843678,80.0,220.0,EMS,MWH,VALID
2025-11-02 16:00:00,329.62069299500047,148.3293118477502,181.29138114725023,80.0,220.0,EMS,MWH,VALID
2025-11-02 17:00:00,372.4474787097372,167.60136541938175,204.84611329035548,80.0,220.0,EMS,MWH,VALID
2025-11-02 18:00:00,380.8975668380504,171.4039050771227,209.49366176092772,80.0,220.0,EMS,MWH,VALID
2025-11-02 19:00:00,374.96644662810303,168.73490098264637,206.2315456454567,80.0,220.0,EMS,MWH,VALID
2025-11-02 20:00:00,369.1889801099299,166.13504104946847,203.05393906046143,80.0,220.0,EMS,MWH,VALID
2025-11-02 21:00:00,319.2448439658401,143.66017978462807,175.58466418121208,80.0,220.0,EMS,MWH,VALID
2025-11-02 22:00:00,300.1700949086458,135.07654270889063,165.0935521997552,80.0,220.0,EMS,MWH,VALID
2025-11-02 23:00:00,257.43833404662473,115.84725032098112,141.5910837256436,80.0,220.0,EMS,MWH,VALID
2025-11-03 00:00:00,283.1953105881088,127.43788976464896,155.75742082345985,80.0,220.0,EMS,MWH,VALID
2025-11-03 01:00:00,294.81763476575964,132.66793564459184,162.1496991211678,80.0,220.0,EMS,MWH,VALID
2025-11-03 02:00:00,282.1463187495741,126.96584343730837,155.18047531226577,80.0,220.0,EMS,MWH,VALID
2025-11-03 03:00:00,308.34050085725823,138.7532253857662,169.58727547149203,80.0,220.0,EMS,MWH,VALID
2025-11-03 04:00:00,317.4881287314625,142.86965792915814,174.6184708023044,80.0,220.0,EMS,MWH,VALID
2025-11-03 05:00:00,320.995059935589,144.44777697101506,176.54728296457395,80.0,220.0,EMS,MWH,VALID
2025-11-03 06:00:00,353.3011104406648,158.98549969829915,194.31561074236564,80.0,220.0,EMS,MWH,VALID
2025-11-03 07:00:00,380.0368437367412,171.01657968153356,209.0202640552077,80.0,220.0,EMS,MWH,VALID
2025-11-03 08:00:00,376.0864068681669,169.23888309067513,206.84752377749183,80.0,220.0,EMS,MWH,VALID
2025-11-03 09:00:00,404.5779728154045,182.060087766932,222.5178850484725,80.0,220.0,EMS,MWH,VALID
2025-11-03 10:00:00,354.15767975040905,159.37095588768406,194.78672386272495,80.0,220.0,EMS,MWH,VALID
2025-11-03 11:00:00,380.6886956292095,171.30991303314428,209.3787825960653,80.0,220.0,EMS,MWH,VALID
2025-11-03 12:00:00,353.5644432043593,159.1039994419617,194.46044376239763,80.0,220.0,EMS,MWH,VALID
2025-11-03 13:00:00,340.5807469513359,153.26133612810116,187.3194108232348,80.0,220.0,EMS,MWH,VALID
2025-11-03 14:00:00,356.9936113978161,160.64712512901724,196.34648626879888,80.0,220.0,EMS,MWH,VALID
2025-11-03 15:00:00,377.9065696315869,170.0579563342141,207.8486132973728,80.0,220.0,EMS,MWH,VALID
2025-11-03 16:00:00,401.5906068235802,180.7157730706111,220.87483375296915,80.0,220.0,EMS,MWH,VALID
2025-11-03 17:00:00,432.7749993188866,194.748749693499,238.0262496253877,80.0,220.0,EMS,MWH,VALID
2025-11-03 18:00:00,436.9429767569689,196.624339540636,240.3186372163329,80.0,220.0,EMS,MWH,VALID
2025-11-03 19:00:00,443.09129184227817,199.3910813290252,243.700210513253,80.0,220.0,EMS,MWH,VALID
2025-11-03 20:00:00,431.0517745936551,193.9732985671448,237.07847602651037,80.0,220.0,EMS,MWH,VALID
2025-11-03 21:00:00,390.7524185057932,175.83858832760694,214.91383017818623,80.0,220.0,EMS,MWH,VALID
2025-11-03 22:00:00,347.2778849336184,156.27504822012827,191.00283671349013,80.0,220.0,EMS,MWH,VALID
2025-11-03 23:00:00,295.9444427192886,133.17499922367986,162.76944349560873,80.0,220.0,EMS,MWH,VALID
2025-11-04 00:00:00,288.5199694075708,129.83398623340685,158.68598317416394,80.0,220.0,EMS,MWH,VALID
2025-11-04 01:00:00,297.54857406223493,133.89685832800572,163.6517157342292,80.0,220.0,EMS,MWH,VALID
2025-11-04 02:00:00,282.7534555082114,127.23905497869514,155.51440052951628,80.0,220.0,EMS,MWH,VALID
2025-11-04 03:00:00,292.1919551148469,131.48637980168112,160.7055753131658,80.0,220.0,EMS,MWH,VALID
2025-11-04 04:00:00,314.86350826846075,141.68857872080733,173.17492954765342,80.0,220.0,EMS,MWH,VALID
2025-11-04 05:00:00,298.2548355469136,134.21467599611114,164.0401595508025,80.0,220.0,EMS,MWH,VALID
2025-11-04 06:00:00,350.25275743896725,157.61374084753527,192.639016591432,80.0,220.0,EMS,MWH,VALID
2025-11-04 07:00:00,350.1321562718871,157.5594703223492,192.5726859495379,80.0,220.0,EMS,MWH,VALID
2025-11-04 08:00:00,377.0798604919759,169.68593722138914,207.39392327058675,80.0,220.0,EMS,MWH,VALID
2025-11-04 09:00:00,416.6128878584672,187.47579953631023,229.13708832215696,80.0,220.0,EMS,MWH,VALID
2025-11-04 10:00:00,367.9295814168661,165.56831163758977,202.3612697792764,80.0,220.0,EMS,MWH,VALID
2025-11-04 11:00:00,366.6509698957178,164.992936453073,201.6580334426448,80.0,220.0,EMS,MWH,VALID
2025-11-04 12:00:00,335.7466255818837,151.08598151184765,184.66064407003603,80.0,220.0,EMS,MWH,VALID
2025-11-04 13:00:00,350.4984046441793,157.7242820898807,192.77412255429863,80.0,220.0,EMS,MWH,VALID
2025-11-04 14:00:00,362.0349830378037,162.9157423670117,199.11924067079207,80.0,220.0,EMS,MWH,VALID
2025-11-04 15:00:00,374.7209584895684,168.62443132030575,206.09652716926263,80.0,220.0,EMS,MWH,VALID
2025-11-04 16:00:00,393.0889601728987,176.89003207780442,216.1989280950943,80.0,220.0,EMS,MWH,VALID
2025-11-04 17:00:00,414.49524466882855,186.52286010097285,227.97238456785573,80.0,220.0,EMS,MWH,VALID
2025-11-04 18:00:00,458.91108993376406,206.50999047019383,252.40109946357023,80.0,220.0,EMS,MWH,VALID
2025-11-04 19:00:00,459.99304609480527,206.9968707426624,252.99617535214293,80.0,220.0,EMS,MWH,VALID
2025-11-04 20:00:00,412.2730066575767,185.52285299590952,226.7501536616672,80.0,220.0,EMS,MWH,VALID
2025-11-04 21:00:00,388.9498319609631,175.0274243824334,213.9224075785297,80.0,220.0,EMS,MWH,VALID
2025-11-04 22:00:00,333.3227443951563,149.99523497782033,183.327509417336,80.0,220.0,EMS,MWH,VALID
2025-11-04 23:00:00,300.58519298414654,135.26333684286595,165.32185614128062,80.0,220.0,EMS,MWH,VALID
2025-11-05 00:00:00,288.2095742472608,129.69430841126734,158.51526583599343,80.0,220.0,EMS,MWH,VALID
2025-11-05 01:00:00,275.07530237163826,123.78388606723722,151.29141630440105,80.0,220.0,EMS,MWH,VALID
2025-11-05 02:00:00,296.57218477228275,133.45748314752726,163.11470162475553,80.0,220.0,EMS,MWH,VALID
2025-11-05 03:00:00,300.7434110837084,135.33453498766875,165.40887609603962,80.0,220.0,EMS,MWH,VALID
2025-11-05 04:00:00,264.05762712423035,118.82593220590364,145.2316949183267,80.0,220.0,EMS,MWH,VALID
2025-11-05 05:00:00,330.77633226700027,148.84934952015013,181.92698274685017,80.0,220.0,EMS,MWH,VALID
2025-11-05 06:00:00,344.3651941430605,154.96433736437723,189.40085677868328,80.0,220.0,EMS,MWH,VALID
2025-11-05 07:00:00,382.0696987299868,171.93136442849405,210.13833430149276,80.0,220.0,EMS,MWH,VALID
2025-11-05 08:00:00,407.8813929342933,183.546626820432,224.33476611386132,80.0,220.0,EMS,MWH,VALID
2025-11-05 09:00:00,376.0879274126352,169.23956733568582,206.84836007694932,80.0,220.0,EMS,MWH,VALID
2025-11-05 10:00:00,378.5928067839087,170.3667630527589,208.2260437311498,80.0,220.0,EMS,MWH,VALID
2025-11-05 11:00:00,372.690858778385,167.71088645027325,204.97997232811176,80.0,220.0,EMS,MWH,VALID
2025-11-05 12:00:00,358.0099288233928,161.10446797052677,196.90546085286604,80.0,220.0,EMS,MWH,VALID
2025-11-05 13:00:00,377.2901930245766,169.78058686105948,207.50960616351716,80.0,220.0,EMS,MWH,VALID
2025-11-05 14:00:00,344.7503383155424,155.1376522419941,189.6126860735484,80.0,220.0,EMS,MWH,VALID
2025-11-05 15:00:00,365.2237295961796,164.3506783182808,200.8730512778988,80.0,220.0,EMS,MWH,VALID
2025-11-05 16:00:00,384.9964922312022,173.24842150404098,211.7480707271612,80.0,220.0,EMS,MWH,VALID
2025-11-05 17:00:00,441.0338855145369,198.4652484815416,242.56863703299533,80.0,220.0,EMS,MWH,VALID
2025-11-05 18:00:00,453.7307183939843,204.1788232772929,249.55189511669136,80.0,220.0,EMS,MWH,VALID
2025-11-05 19:00:00,457.1489546479152,205.71702959156184,251.43192505635335,80.0,220.0,EMS,MWH,VALID
2025-11-05 20:00:00,465.3826005080221,209.42217022860996,255.96043027941212,80.0,220.0,EMS,MWH,VALID
2025-11-05 21:00:00,404.34613061308113,181.9557587758865,222.39037183719464,80.0,220.0,EMS,MWH,VALID
2025-11-05 22:00:00,340.2942224132847,153.1324000859781,187.1618223273066,80.0,220.0,EMS,MWH,VALID
2025-11-05 23:00:00,314.5228740825208,141.53529333713433,172.98758074538642,80.0,220.0,EMS,MWH,VALID
2025-11-06 00:00:00,300.6565030870132,135.29542638915595,165.36107669785727,80.0,220.0,EMS,MWH,VALID
2025-11-06 01:00:00,277.2894819779679,124.78026689008556,152.50921508788235,80.0,220.0,EMS,MWH,VALID
2025-11-06 02:00:00,301.51008370230005,135.67953766603503,165.83054603626505,80.0,220.0,EMS,MWH,VALID
2025-11-06 03:00:00,309.716211332797,139.37229509975865,170.34391623303836,80.0,220.0,EMS,MWH,VALID
2025-11-06 04:00:00,307.91474913972496,138.56163711287624,169.35311202684875,80.0,220.0,EMS,MWH,VALID
2025-11-06 05:00:00,309.03306485617054,139.06487918527674,169.9681856708938,80.0,220.0,EMS,MWH,VALID
2025-11-06 06:00:00,340.6227320888127,153.28022943996572,187.34250264884705,80.0,220.0,EMS,MWH,VALID
2025-11-06 07:00:00,385.2537294080889,173.36417823364,211.8895511744489,80.0,220.0,EMS,MWH,VALID
2025-11-06 08:00:00,400.5701941275695,180.2565873574063,220.31360677016323,80.0,220.0,EMS,MWH,VALID
2025-11-06 09:00:00,427.2795262339922,192.2757868052965,235.00373942869575,80.0,220.0,EMS,MWH,VALID
2025-11-06 10:00:00,367.65527050769714,165.4448717284637,202.21039877923343,80.0,220.0,EMS,MWH,VALID
2025-11-06 11:00:00,373.2538667727347,167.9642400477306,205.2896267250041,80.0,220.0,EMS,MWH,VALID
2025-11-06 12:00:00,353.327716417714,158.99747238797127,194.3302440297427,80.0,220.0,EMS,MWH,VALID
2025-11-06 13:00:00,322.0891498874211,144.9401174493395,177.14903243808163,80.0,220.0,EMS,MWH,VALID
2025-11-06 14:00:00,374.8698920003417,168.69145140015377,206.17844060018797,80.0,220.0,EMS,MWH,VALID
2025-11-06 15:00:00,361.9793454064781,162.89070543291515,199.08863997356295,80.0,220.0,EMS,MWH,VALID
2025-11-06 16:00:00,404.3131124272544,181.94090059226448,222.3722118349899,80.0,220.0,EMS,MWH,VALID
2025-11-06 17:00:00,429.44155576451067,193.2487000940298,236.1928556704809,80.0,220.0,EMS,MWH,VALID
2025-11-06 18:00:00,459.4765235950244,206.76443561776097,252.71208797726345,80.0,220.0,EMS,MWH,VALID
2025-11-06 19:00:00,452.4078195856342,203.5835188135354,248.8243007720988,80.0,220.0,EMS,MWH,VALID
2025-11-06 20:00:00,428.2712973759761,192.72208381918924,235.54921355678687,80.0,220.0,EMS,MWH,VALID
2025-11-06 21:00:00,422.8726102319753,190.29267460438888,232.5799356275864,80.0,220.0,EMS,MWH,VALID
2025-11-06 22:00:00,353.7078903537834,159.16855065920254,194.5393396945809,80.0,220.0,EMS,MWH,VALID
2025-11-06 23:00:00,345.56967868710296,155.50635540919637,190.06332327790665,80.0,220.0,EMS,MWH,VALID
2025-11-07 00:00:00,289.66422714959174,130.3489022173163,159.31532493227547,80.0,220.0,EMS,MWH,VALID
2025-11-07 01:00:00,295.8462300325452,133.13080351464532,162.71542651789986,80.0,220.0,EMS,MWH,VALID
2025-11-07 02:00:00,298.8901348436882,134.50056067965969,164.38957416402852,80.0,220.0,EMS,MWH,VALID
2025-11-07 03:00:00,308.98640477819185,139.0438821501863,169.94252262800552,80.0,220.0,EMS,MWH,VALID
2025-11-07 04:00:00,268.7476411707403,120.93643852683311,147.81120264390717,80.0,220.0,EMS,MWH,VALID
2025-11-07 05:00:00,311.9839322106679,140.39276949480055,171.59116271586734,80.0,220.0,EMS,MWH,VALID
2025-11-07 06:00:00,354.07557312200373,159.33400790490168,194.74156521710208,80.0,220.0,EMS,MWH,VALID
2025-11-07 07:00:00,398.3897816272032,179.27540173224145,219.1143798949618,80.0,220.0,EMS,MWH,VALID
2025-11-07 08:00:00,408.50038679322006,183.82517405694904,224.67521273627105,80.0,220.0,EMS,MWH,VALID
2025-11-07 09:00:00,388.516330244775,174.83234861014876,213.6839816346263,80.0,220.0,EMS,MWH,VALID
2025-11-07 10:00:00,385.8572692339224,173.63577115526508,212.2214980786573,80.0,220.0,EMS,MWH,VALID
2025-11-07 11:00:00,403.18646865332846,181.43391089399785,221.75255775933067,80.0,220.0,EMS,MWH,VALID
2025-11-07 12:00:00,361.2521847060537,162.56348311772416,198.68870158832956,80.0,220.0,EMS,MWH,VALID
2025-11-07 13:00:00,353.0131057065143,158.85589756793144,194.1572081385829,80.0,220.0,EMS,MWH,VALID
2025-11-07 14:00:00,368.825586008846,165.97151370398072,202.85407230486533,80.0,220.0,EMS,MWH,VALID
2025-11-07 15:00:00,364.01076160951584,163.80484272428214,200.20591888523373,80.0,220.0,EMS,MWH,VALID
2025-11-07 16:00:00,390.822765529316,175.87024448819218,214.95252104112384,80.0,220.0,EMS,MWH,VALID
2025-11-07 17:00:00,426.02080181112586,191.70936081500665,234.31144099611925,80.0,220.0,EMS,MWH,VALID
2025-11-07 18:00:00,441.1188370418329,198.5034766688248,242.6153603730081,80.0,220.0,EMS,MWH,VALID
2025-11-07 19:00:00,450.5410624040005,202.74347808180025,247.7975843222003,80.0,220.0,EMS,MWH,VALID
2025-11-07 20:00:00,463.7151417266572,208.67181377699572,255.04332794966143,80.0,220.0,EMS,MWH,VALID
2025-11-07 21:00:00,378.6726157049714,170.40267706723714,208.2699386377343,80.0,220.0,EMS,MWH,VALID
2025-11-07 22:00:00,335.2487222235648,150.86192500060417,184.38679722296067,80.0,220.0,EMS,MWH,VALID
2025-11-07 23:00:00,318.76046427155427,143.44220892219943,175.31825534935487,80.0,220.0,EMS,MWH,VALID
2025-11-08 00:00:00,225.22104219299283,101.34946898684676,123.87157320614608,80.0,220.0,EMS,MWH,VALID
2025-11-08 01:00:00,246.46065126959547,110.90729307131797,135.55335819827752,80.0,220.0,EMS,MWH,VALID
2025-11-08 02:00:00,242.59944480572997,109.16975016257848,133.4296946431515,80.0,220.0,EMS,MWH,VALID
2025-11-08 03:00:00,251.24006150494563,113.05802767722554,138.18203382772012,80.0,220.0,EMS,MWH,VALID
2025-11-08 04:00:00,263.3037044851652,118.48666701832435,144.81703746684087,80.0,220.0,EMS,MWH,VALID
2025-11-08 05:00:00,267.03445396946427,120.16550428625892,146.86894968320536,80.0,220.0,EMS,MWH,VALID
2025-11-08 06:00:00,300.6746590320116,135.30359656440524,165.3710624676064,80.0,220.0,EMS,MWH,VALID
2025-11-08 07:00:00,284.3498691655599,127.95744112450195,156.39242804105794,80.0,220.0,EMS,MWH,VALID
2025-11-08 08:00:00,324.5156601509307,146.03204706791882,178.4836130830119,80.0,220.0,EMS,MWH,VALID
2025-11-08 09:00:00,298.2852001586534,134.22834007139406,164.0568600872594,80.0,220.0,EMS,MWH,VALID
2025-11-08 10:00:00,316.2679462095922,142.32057579431648,173.9473704152757,80.0,220.0,EMS,MWH,VALID
2025-11-08 11:00:00,318.68655059612576,143.40894776825658,175.27760282786917,80.0,220.0,EMS,MWH,VALID
2025-11-08 12:00:00,275.64831845589816,124.04174330515416,151.606575150744,80.0,220.0,EMS,MWH,VALID
2025-11-08 13:00:00,221.90555187660885,99.85749834447395,122.04805353213486,80.0,220.0,EMS,MWH,VALID
2025-11-08 14:00:00,283.6867853108822,127.659053389897,156.02773192098522,80.0,220.0,EMS,MWH,VALID
2025-11-08 15:00:00,311.97542333858667,140.388940502364,171.58648283622267,80.0,220.0,EMS,MWH,VALID
2025-11-08 16:00:00,320.0749129287404,144.03371081793318,176.04120211080723,80.0,220.0,EMS,MWH,VALID
2025-11-08 17:00:00,335.475183975452,150.9638327889534,184.5113511864986,80.0,220.0,EMS,MWH,VALID
2025-11-08 18:00:00,371.3082114078343,167.08869513352542,204.2195162743089,80.0,220.0,EMS,MWH,VALID
2025-11-08 19:00:00,354.843496436605,159.67957339647225,195.1639230401328,80.0,220.0,EMS,MWH,VALID
2025-11-08 20:00:00,360.6064154600019,162.27288695700088,198.33352850300108,80.0,220.0,EMS,MWH,VALID
2025-11-08 21:00:00,313.0430257784319,140.86936160029435,172.17366417813756,80.0,220.0,EMS,MWH,VALID
2025-11-08 22:00:00,297.7187943613746,133.97345746261857,163.74533689875605,80.0,220.0,EMS,MWH,VALID
2025-11-08 23:00:00,239.8716574956368,107.94224587303655,131.92941162260027,80.0,220.0,EMS,MWH,VALID
2025-11-09 00:00:00,238.7487396694138,107.4369328512362,131.3118068181776,80.0,220.0,EMS,MWH,VALID
2025-11-09 01:00:00,233.36896094696573,105.0160324261346,128.35292852083117,80.0,220.0,EMS,MWH,VALID
2025-11-09 02:00:00,252.93930430489104,113.82268693720096,139.11661736769008,80.0,220.0,EMS,MWH,VALID
2025-11-09 03:00:00,229.40406520881623,103.23182934396732,126.17223586484896,80.0,220.0,EMS,MWH,VALID
2025-11-09 04:00:00,218.38407169177904,98.27283226130056,120.11123943047848,80.0,220.0,EMS,MWH,VALID
2025-11-09 05:00:00,269.3559738475498,121.21018823139742,148.1457856161524,80.0,220.0,EMS,MWH,VALID
2025-11-09 06:00:00,265.9945606194368,119.69755227874656,146.29700834069027,80.0,220.0,EMS,MWH,VALID
2025-11-09 07:00:00,307.0984443462912,138.19429995583104,168.90414439046015,80.0,220.0,EMS,MWH,VALID
2025-11-09 08:00:00,329.6871309747129,148.3592089386208,181.3279220360921,80.0,220.0,EMS,MWH,VALID
2025-11-09 09:00:00,291.4795277446556,131.16578748509502,160.31374025956055,80.0,220.0,EMS,MWH,VALID
2025-11-09 10:00:00,295.1534870327197,132.81906916472386,162.33441786799582,80.0,220.0,EMS,MWH,VALID
2025-11-09 11:00:00,288.924229025943,130.01590306167435,158.90832596426867,80.0,220.0,EMS,MWH,VALID
2025-11-09 12:00:00,266.87012114064424,120.0915545132899,146.77856662735434,80.0,220.0,EMS,MWH,VALID
2025-11-09 13:00:00,256.6370342726696,115.48666542270132,141.1503688499683,80.0,220.0,EMS,MWH,VALID
2025-11-09 14:00:00,242.8243805067188,109.27097122802344,133.55340927869534,80.0,220.0,EMS,MWH,VALID
2025-11-09 15:00:00,336.8258564205561,151.57163538925025,185.25422103130583,80.0,220.0,EMS,MWH,VALID
2025-11-09 16:00:00,321.4021809262801,144.63098141682607,176.7711995094541,80.0,220.0,EMS,MWH,VALID
2025-11-09 17:00:00,354.8916176397764,159.70122793789938,195.19038970187705,80.0,220.0,EMS,MWH,VALID
2025-11-09 18:00:00,358.70432989687424,161.41694845359342,197.28738144328085,80.0,220.0,EMS,MWH,VALID
2025-11-09 19:00:00,360.3309764548905,162.1489394047007,198.18203705018976,80.0,220.0,EMS,MWH,VALID
2025-11-09 20:00:00,372.3177565177666,167.54299043299497,204.77476608477164,80.0,220.0,EMS,MWH,VALID
2025-11-09 21:00:00,319.7378309457599,143.88202392559197,175.85580702016796,80.0,220.0,EMS,MWH,VALID
2025-11-09 22:00:00,289.0151894469605,130.05683525113224,158.9583541958283,80.0,220.0,EMS,MWH,VALID
2025-11-09 23:00:00,256.9433324860993,115.62449961874468,141.31883286735462,80.0,220.0,EMS,MWH,VALID
2025-11-10 00:00:00,309.5085778884981,139.27886004982415,170.22971783867396,80.0,220.0,EMS,MWH,VALID
2025-11-10 01:00:00,286.49982786570735,128.9249225395683,157.57490532613906,80.0,220.0,EMS,MWH,VALID
2025-11-10 02:00:00,297.323068071588,133.7953806322146,163.5276874393734,80.0,220.0,EMS,MWH,VALID
2025-11-10 03:00:00,294.5287847288704,132.53795312799167,161.99083160087872,80.0,220.0,EMS,MWH,VALID
2025-11-10 04:00:00,279.607212093706,125.82324544216767,153.7839666515383,80.0,220.0,EMS,MWH,VALID
2025-11-10 05:00:00,305.5740604603264,137.5083272071469,168.06573325317953,80.0,220.0,EMS,MWH,VALID
2025-11-10 06:00:00,349.5732102681483,157.30794462066672,192.2652656474816,80.0,220.0,EMS,MWH,VALID
2025-11-10 07:00:00,370.5188323099338,166.73347453947022,203.78535777046363,80.0,220.0,EMS,MWH,VALID
2025-11-10 08:00:00,391.4900307665735,176.1705138449581,215.31951692161545,80.0,220.0,EMS,MWH,VALID
2025-11-10 09:00:00,414.24474119940334,186.4101335397315,227.83460765967183,80.0,220.0,EMS,MWH,VALID
2025-11-10 10:00:00,374.4461265452473,168.50075694536127,205.945369599886,80.0,220.0,EMS,MWH,VALID
2025-11-10 11:00:00,394.9426041336661,177.72417186014977,217.2184322735164,80.0,220.0,EMS,MWH,VALID
2025-11-10 12:00:00,353.7744936396339,159.19852213783523,194.57597150179865,80.0,220.0,EMS,MWH,VALID
2025-11-10 13:00:00,346.87881015977763,156.09546457189992,190.7833455878777,80.0,220.0,EMS,MWH,VALID
2025-11-10 14:00:00,378.4280676697378,170.29263045138202,208.1354372183558,80.0,220.0,EMS,MWH,VALID
2025-11-10 15:00:00,369.55472520513126,166.29962634230907,203.25509886282225,80.0,220.0,EMS,MWH,VALID
2025-11-10 16:00:00,405.43627560551926,182.44632402248368,222.9899515830356,80.0,220.0,EMS,MWH,VALID
2025-11-10 17:00:00,401.3464092825214,180.60588417713464,220.7405251053868,80.0,220.0,EMS,MWH,VALID
2025-11-10 18:00:00,419.4379611965079,188.74708253842857,230.69087865807936,80.0,220.0,EMS,MWH,VALID
2025-11-10 19:00:00,420.6380323400263,189.28711455301183,231.35091778701445,80.0,220.0,EMS,MWH,VALID
2025-11-10 20:00:00,415.5318504153888,186.98933268692497,228.54251772846388,80.0,220.0,EMS,MWH,VALID
2025-11-10 21:00:00,373.7242019410593,168.1758908734767,205.54831106758263,80.0,220.0,EMS,MWH,VALID
2025-11-10 22:00:00,355.70266452337034,160.06619903551666,195.6364654878537,80.0,220.0,EMS,MWH,VALID
2025-11-10 23:00:00,313.07931145816286,140.8856901561733,172.1936213019896,80.0,220.0,EMS,MWH,VALID
2025-11-11 00:00:00,284.2147654240671,127.8966444408302,156.3181209832369,80.0,220.0,EMS,MWH,VALID
2025-11-11 01:00:00,270.6696080136574,121.80132360614584,148.8682844075116,80.0,220.0,EMS,MWH,VALID
2025-11-11 02:00:00,301.93641337086416,135.87138601688886,166.0650273539753,80.0,220.0,EMS,MWH,VALID
2025-11-11 03:00:00,301.88334624393053,135.84750580976873,166.0358404341618,80.0,220.0,EMS,MWH,VALID
2025-11-11 04:00:00,277.2026515095658,124.7411931793046,152.4614583302612,80.0,220.0,EMS,MWH,VALID
2025-11-11 05:00:00,311.80451490697334,140.312031708138,171.49248319883534,80.0,220.0,EMS,MWH,VALID
2025-11-11 06:00:00,333.8566469845605,150.23549114305223,183.62115584150828,80.0,220.0,EMS,MWH,VALID
2025-11-11 07:00:00,400.5957303847961,180.26807867315827,220.32765171163788,80.0,220.0,EMS,MWH,VALID
2025-11-11 08:00:00,397.885769933648,179.04859647014158,218.8371734635064,80.0,220.0,EMS,MWH,VALID
2025-11-11 09:00:00,393.15679418588127,176.92055738364658,216.2362368022347,80.0,220.0,EMS,MWH,VALID
2025-11-11 10:00:00,381.6004522231558,171.72020350042013,209.8802487227357,80.0,220.0,EMS,MWH,VALID
2025-11-11 11:00:00,366.9492855402629,165.12717849311832,201.8221070471446,80.0,220.0,EMS,MWH,VALID
2025-11-11 12:00:00,360.6905863423853,162.3107638540734,198.37982248831196,80.0,220.0,EMS,MWH,VALID
2025-11-11 13:00:00,325.2827317235675,146.37722927560537,178.90550244796214,80.0,220.0,EMS,MWH,VALID
2025-11-11 14:00:00,356.83505155050085,160.5757731977254,196.25927835277548,80.0,220.0,EMS,MWH,VALID
2025-11-11 15:00:00,406.2832126689514,182.82744570102813,223.4557669679233,72.0,220.0,EMS,MWH,VALID
2025-11-11 16:00:00,372.3671613203208,167.56522259414433,204.8019387261764,72.0,220.0,EMS,MWH,VALID
2025-11-11 17:00:00,430.7076700283283,193.8184515127477,236.8892185155806,72.0,220.0,EMS,MWH,VALID
2025-11-11 18:00:00,456.5225800451536,205.43516102031916,251.08741902483453,72.0,220.0,EMS,MWH,VALID
2025-11-11 19:00:00,455.8811376055614,205.1465119225026,250.7346256830588,72.0,220.0,EMS,MWH,VALID
2025-11-11 20:00:00,422.608860420665,190.17398718929925,232.43487323136577,72.0,220.0,EMS,MWH,VALID
2025-11-11 21:00:00,400.3649952799772,180.16424787598973,220.20074740398744,80.0,220.0,EMS,MWH,VALID
2025-11-11 22:00:00,342.7397546118817,154.23288957534675,188.50686503653495,80.0,220.0,EMS,MWH,VALID
2025-11-11 23:00:00,314.4679070145732,141.51055815655795,172.95734885801528,80.0,220.0,EMS,MWH,VALID
2025-11-12 00:00:00,294.9692612721023,132.73616757244605,162.23309369965628,80.0,220.0,EMS,MWH,VALID
2025-11-12 01:00:00,275.6196630776558,124.0288483849451,151.5908146927107,80.0,220.0,EMS,MWH,VALID
2025-11-12 02:00:00,284.3772232539501,127.96975046427757,156.4074727896726,80.0,220.0,EMS,MWH,VALID
2025-11-12 03:00:00,302.0566543588721,135.92549446149246,166.1311598973797,80.0,220.0,EMS,MWH,VALID
2025-11-12 04:00:00,299.2245547907632,134.65104965584345,164.57350513491977,80.0,220.0,EMS,MWH,VALID
2025-11-12 05:00:00,291.52113778279136,131.18451200225613,160.33662578053526,80.0,220.0,EMS,MWH,VALID
2025-11-12 06:00:00,350.77701267701195,157.8496557046554,192.9273569723566,80.0,220.0,EMS,MWH,VALID
2025-11-12 07:00:00,384.2416207070224,172.9087293181601,211.33289138886235,80.0,220.0,EMS,MWH,VALID
2025-11-12 08:00:00,404.4530238995056,182.00386075477755,222.4491631447281,80.0,220.0,EMS,MWH,VALID
2025-11-12 09:00:00,390.4690165881727,175.7110574646777,214.757959123495,80.0,220.0,EMS,MWH,VALID
2025-11-12 10:00:00,365.3796052178321,164.42082234802444,200.9587828698077,80.0,220.0,EMS,MWH,VALID
2025-11-12 11:00:00,347.1676805356587,156.2254562410464,190.9422242946123,80.0,220.0,EMS,MWH,VALID
2025-11-12 12:00:00,351.4381699355264,158.1471764709869,193.29099346453955,80.0,220.0,EMS,MWH,VALID
2025-11-12 13:00:00,365.2911637922932,164.38102370653195,200.9101400857613,80.0,220.0,EMS,MWH,VALID
2025-11-12 14:00:00,347.06342268376056,156.1785402076923,190.88488247606836,80.0,220.0,EMS,MWH,VALID
2025-11-12 15:00:00,390.6486504856022,175.791892718521,214.85675776708123,80.0,220.0,EMS,MWH,VALID
2025-11-12 16:00:00,377.6134594390057,169.92605674755256,207.68740269145317,80.0,220.0,EMS,MWH,VALID
2025-11-12 17:00:00,437.387686756453,196.82445904040387,240.5632277160492,80.0,220.0,EMS,MWH,VALID
2025-11-12 18:00:00,453.7104890465687,204.16972007095592,249.5407689756128,80.0,220.0,EMS,MWH,VALID
2025-11-12 19:00:00,449.9084903642664,202.45882066391988,247.44966970034656,80.0,220.0,EMS,MWH,VALID
2025-11-12 20:00:00,419.48581788758,188.768618049411,230.71719983816905,80.0,220.0,EMS,MWH,VALID
2025-11-12 21:00:00,400.015677858344,180.00705503625483,220.0086228220892,80.0,220.0,EMS,MWH,VALID
2025-11-12 22:00:00,346.2896364659481,155.83033640967668,190.4593000562715,80.0,220.0,EMS,MWH,VALID
2025-11-12 23:00:00,305.519747700555,137.48388646524975,168.03586123530528,80.0,220.0,EMS,MWH,VALID
2025-11-13 00:00:00,289.6482208496463,130.34169938234083,159.3065214673055,80.0,220.0,EMS,MWH,VALID
2025-11-13 01:00:00,292.26544042924434,131.51944819315997,160.7459922360844,80.0,220.0,EMS,MWH,VALID
2025-11-13 02:00:00,277.1853286643331,124.7333978989499,152.45193076538322,80.0,220.0,EMS,MWH,VALID
2025-11-13 03:00:00,293.63497712923004,132.13573970815352,161.49923742107654,80.0,220.0,EMS,MWH,VALID
2025-11-13 04:00:00,269.1974679118396,121.1388605603278,148.05860735151177,80.0,220.0,EMS,MWH,VALID
2025-11-13 05:00:00,298.1606080211484,134.1722736095168,163.98833441163163,80.0,220.0,EMS,MWH,VALID
2025-11-13 06:00:00,358.18627096998694,161.18382193649413,197.00244903349284,80.0,220.0,EMS,MWH,VALID
2025-11-13 07:00:00,370.7905081651307,166.8557286743088,203.93477949082188,80.0,220.0,EMS,MWH,VALID
2025-11-13 08:00:00,404.0975390164303,181.84389255739364,222.25364645903667,80.0,220.0,EMS,MWH,VALID
2025-11-13 09:00:00,400.9718530022344,180.43733385100543,220.5345191512289,80.0,220.0,EMS,MWH,VALID
2025-11-13 10:00:00,392.2328367557829,176.50477654010228,215.72806021568056,80.0,220.0,EMS,MWH,VALID
2025-11-13 11:00:00,373.8265262536842,168.2219368141579,205.60458943952636,80.0,220.0,EMS,MWH,VALID
2025-11-13 12:00:00,369.16514809244507,166.12431664160027,203.0408314508448,80.0,220.0,EMS,MWH,VALID
2025-11-13 13:00:00,334.28944817415635,150.43025167837035,183.859196495786,80.0,220.0,EMS,MWH,VALID
2025-11-13 14:00:00,379.6783680327944,170.85526561475749,208.8231024180369,80.0,220.0,EMS,MWH,VALID
2025-11-13 15:00:00,373.63712870947086,168.13670791926188,205.50042079020895,80.0,220.0,EMS,MWH,VALID
2025-11-13 16:00:00,420.7174360366454,189.32284621649043,231.39458982015495,80.0,220.0,EMS,MWH,VALID
2025-11-13 17:00:00,415.5409808074159,186.99344136333715,228.5475394440788,80.0,220.0,EMS,MWH,VALID
2025-11-13 18:00:00,436.20475534080776,196.2921399033635,239.9126154374443,80.0,220.0,EMS,MWH,VALID
2025-11-13 19:00:00,473.2566397671576,212.9654878952209,260.2911518719367,80.0,220.0,EMS,MWH,VALID
2025-11-13 20:00:00,447.8174737402588,201.51786318311648,246.2996105571424,80.0,220.0,EMS,MWH,VALID
2025-11-13 21:00:00,368.8755418701904,165.99399384158568,202.88154802860475,80.0,220.0,EMS,MWH,VALID
2025-11-13 22:00:00,347.1073708842629,156.1983168979183,190.9090539863446,80.0,220.0,EMS,MWH,VALID
2025-11-13 23:00:00,307.1613770792874,138.22261968567932,168.93875739360806,80.0,220.0,EMS,MWH,VALID
2025-11-14 00:00:00,281.71163455024856,126.77023554761186,154.94139900263673,80.0,220.0,EMS,MWH,VALID
2025-11-14 01:00:00,290.0528147780145,130.52376665010655,159.529048127908,80.0,220.0,EMS,MWH,VALID
2025-11-14 02:00:00,276.7333601427308,124.53001206422888,152.20334807850196,80.0,220.0,EMS,MWH,VALID
2025-11-14 03:00:00,307.36963052101765,138.31633373445794,169.0532967865597,80.0,220.0,EMS,MWH,VALID
2025-11-14 04:00:00,288.64604202844674,129.89071891280105,158.75532311564572,80.0,220.0,EMS,MWH,VALID
2025-11-14 05:00:00,306.0015446475432,137.70069509139444,168.30084955614876,80.0,220.0,EMS,MWH,VALID
2025-11-14 06:00:00,327.6842431246847,147.45790940610812,180.2263337185766,80.0,220.0,EMS,MWH,VALID
2025-11-14 07:00:00,380.5670661237513,171.2551797556881,209.31188636806323,80.0,220.0,EMS,MWH,VALID
2025-11-14 08:00:00,378.60463085434105,170.37208388445347,208.2325469698876,80.0,220.0,EMS,MWH,VALID
2025-11-14 09:00:00,401.5411017386244,180.693495782381,220.84760595624343,80.0,220.0,EMS,MWH,VALID
2025-11-14 10:00:00,394.4479117479351,177.5015602865708,216.94635146136432,80.0,220.0,EMS,MWH,VALID
2025-11-14 11:00:00,357.4250240859513,160.8412608386781,196.58376324727325,80.0,220.0,EMS,MWH,VALID
2025-11-14 12:00:00,377.3942737838396,169.82742320272783,207.5668505811118,80.0,220.0,EMS,MWH,VALID
2025-11-14 13:00:00,351.33961722060576,158.1028277492726,193.2367894713332,80.0,220.0,EMS,MWH,VALID
2025-11-14 14:00:00,373.2504184436112,167.96268829962506,205.2877301439862,80.0,220.0,EMS,MWH,VALID
2025-11-14 15:00:00,377.0608057414777,169.67736258366497,207.38344315781276,80.0,220.0,EMS,MWH,VALID
2025-11-14 16:00:00,377.14281282221566,169.71426576999704,207.42854705221865,80.0,220.0,EMS,MWH,VALID
2025-11-14 17:00:00,419.5076638663348,188.77844873985063,230.72921512648412,80.0,220.0,EMS,MWH,VALID
2025-11-14 18:00:00,451.556751704758,203.20053826714116,248.35621343761693,80.0,220.0,EMS,MWH,VALID
2025-11-14 19:00:00,445.2384095006352,200.35728427528585,244.88112522534936,80.0,220.0,EMS,MWH,VALID
2025-11-14 20:00:00,420.5956534090877,189.26804403408943,231.32760937499825,80.0,220.0,EMS,MWH,VALID
2025-11-14 21:00:00,385.0478371872201,173.27152673424905,211.77631045297107,80.0,220.0,EMS,MWH,VALID
2025-11-14 22:00:00,338.3337305960847,152.25017876823813,186.0835518278466,80.0,220.0,EMS,MWH,VALID
2025-11-14 23:00:00,281.5872658231701,126.71426962042656,154.8729962027436,80.0,220.0,EMS,MWH,VALID
2025-11-15 00:00:00,267.2601093940755,120.26704922733398,146.99306016674154,80.0,220.0,EMS,MWH,VALID
2025-11-15 01:00:00,230.39334336382964,103.67700451372336,126.71633885010633,80.0,220.0,EMS,MWH,VALID
2025-11-15 02:00:00,255.7525983363011,115.0886692513355,140.66392908496562,80.0,220.0,EMS,MWH,VALID
2025-11-15 03:00:00,247.959115768064,111.5816020956288,136.3775136724352,80.0,220.0,EMS,MWH,VALID
2025-11-15 04:00:00,235.4065529181605,105.9329488131722,129.47360410498823,80.0,220.0,EMS,MWH,VALID
2025-11-15 05:00:00,271.8005248946095,122.31023620257427,149.49028869203525,80.0,220.0,EMS,MWH,VALID
2025-11-15 06:00:00,271.40484693298293,122.13218111984231,149.27266581314063,80.0,220.0,EMS,MWH,VALID
2025-11-15 07:00:00,335.7880336760645,151.10461515422904,184.6834185218355,80.0,220.0,EMS,MWH,VALID
2025-11-15 08:00:00,314.9172979666324,141.71278408498458,173.2045138816478,80.0,220.0,EMS,MWH,VALID
2025-11-15 09:00:00,312.20029235568074,140.49013156005634,171.71016079562443,80.0,220.0,EMS,MWH,VALID
2025-11-15 10:00:00,327.70775858920376,147.4684913651417,180.23926722406208,80.0,220.0,EMS,MWH,VALID
2025-11-15 11:00:00,298.1343120820408,134.16044043691835,163.97387164512244,80.0,220.0,EMS,MWH,VALID
2025-11-15 12:00:00,315.33193862553327,141.89937238148997,173.4325662440433,80.0,220.0,EMS,MWH,VALID
2025-11-15 13:00:00,279.07011487846813,125.58155169531068,153.48856318315748,80.0,220.0,EMS,MWH,VALID
2025-11-15 14:00:00,276.67835958329533,124.5052618124829,152.17309777081243,80.0,220.0,EMS,MWH,VALID
2025-11-15 15:00:00,259.0561653924725,116.57527442661264,142.48089096585989,80.0,220.0,EMS,MWH,VALID
2025-11-15 16:00:00,324.1232843031257,145.85547793640654,178.26780636671913,80.0,220.0,EMS,MWH,VALID
2025-11-15 17:00:00,333.09530431704144,149.89288694266864,183.2024173743728,80.0,220.0,EMS,MWH,VALID
2025-11-15 18:00:00,367.094269200196,165.1924211400882,201.90184806010785,80.0,220.0,EMS,MWH,VALID
2025-11-15 19:00:00,393.3726318621739,177.01768433797824,216.35494752419564,80.0,220.0,EMS,MWH,VALID
2025-11-15 20:00:00,346.7150359946655,156.0217661975995,190.69326979706605,80.0,220.0,EMS,MWH,VALID
2025-11-15 21:00:00,347.1637275383351,156.22367739225078,190.9400501460843,80.0,220.0,EMS,MWH,VALID
2025-11-15 22:00:00,296.25008752565014,133.31253938654257,162.9375481391076,80.0,220.0,EMS,MWH,VALID
2025-11-15 23:00:00,233.1422986993389,104.91403441470251,128.22826428463642,80.0,220.0,EMS,MWH,VALID
2025-11-16 00:00:00,232.2817419071265,104.52678385820693,127.7549580489196,80.0,220.0,EMS,MWH,VALID
2025-11-16 01:00:00,238.96539739964095,107.53442882983845,131.43096856980256,80.0,220.0,EMS,MWH,VALID
2025-11-16 02:00:00,240.34556296777123,108.15550333549706,132.1900596322742,80.0,220.0,EMS,MWH,VALID
2025-11-16 03:00:00,225.9143060650981,101.66143772929416,124.25286833580398,80.0,220.0,EMS,MWH,VALID
2025-11-16 04:00:00,237.4986599086192,106.87439695887863,130.62426294974057,80.0,220.0,EMS,MWH,VALID
2025-11-16 05:00:00,242.95526867808528,109.32987090513838,133.6253977729469,80.0,220.0,EMS,MWH,VALID
2025-11-16 06:00:00,305.00344079417386,137.25154835737823,167.75189243679563,80.0,220.0,EMS,MWH,VALID
2025-11-16 07:00:00,284.28432360880873,127.92794562396394,156.3563779848448,80.0,220.0,EMS,MWH,VALID
2025-11-16 08:00:00,299.95281694737685,134.97876762631958,164.9740493210573,80.0,220.0,EMS,MWH,VALID
2025-11-16 09:00:00,311.07927680358733,139.9856745616143,171.09360224197306,80.0,220.0,EMS,MWH,VALID
2025-11-16 10:00:00,302.76626126340625,136.24481756853282,166.52144369487343,80.0,220.0,EMS,MWH,VALID
2025-11-16 11:00:00,290.068976139749,130.53103926288705,159.53793687686195,80.0,220.0,EMS,MWH,VALID
2025-11-16 12:00:00,289.7017787219477,130.36580042487645,159.33597829707122,80.0,220.0,EMS,MWH,VALID
2025-11-16 13:00:00,307.5733730416441,138.40801786873985,169.16535517290427,80.0,220.0,EMS,MWH,VALID
2025-11-16 14:00:00,259.44571437208026,116.75057146743612,142.69514290464414,80.0,220.0,EMS,MWH,VALID
2025-11-16 15:00:00,291.6086164790381,131.22387741556716,160.384739063471,80.0,220.0,EMS,MWH,VALID
2025-11-16 16:00:00,326.4631832450101,146.90843246025457,179.55475078475558,80.0,220.0,EMS,MWH,VALID
2025-11-16 17:00:00,365.3315849518991,164.39921322835457,200.9323717235445,80.0,220.0,EMS,MWH,VALID
2025-11-16 18:00:00,379.05622402984034,170.57530081342816,208.4809232164122,80.0,220.0,EMS,MWH,VALID
2025-11-16 19:00:00,344.85877741467027,155.18644983660164,189.67232757806863,80.0,220.0,EMS,MWH,VALID
2025-11-16 20:00:00,358.78870194863345,161.45491587688505,197.3337860717484,80.0,220.0,EMS,MWH,VALID
2025-11-16 21:00:00,340.7761621856389,153.34927298353753,187.42688920210145,80.0,220.0,EMS,MWH,VALID
2025-11-16 22:00:00,257.20094724549034,115.74042626047066,141.4605209850197,80.0,220.0,EMS,MWH,VALID
2025-11-16 23:00:00,259.5907373175912,116.81583179291606,142.77490552467518,80.0,220.0,EMS,MWH,VALID
2025-11-17 00:00:00,284.8275863723184,128.1724138675433,156.65517250477515,80.0,220.0,EMS,MWH,VALID
2025-11-17 01:00:00,318.8247996678849,143.47115985054822,175.35363981733673,80.0,220.0,EMS,MWH,VALID
2025-11-17 02:00:00,294.9771548763816,132.7397196943717,162.23743518200988,80.0,220.0,EMS,MWH,VALID
2025-11-17 03:00:00,300.7727824742576,135.34775211341594,165.4250303608417,80.0,220.0,EMS,MWH,VALID
2025-11-17 04:00:00,316.4172605255909,142.3877672365159,174.02949328907502,80.0,220.0,EMS,MWH,VALID
2025-11-17 05:00:00,278.70576079655825,125.41759235845122,153.28816843810705,80.0,220.0,EMS,MWH,VALID
2025-11-17 06:00:00,353.68628634919963,159.15882885713984,194.52745749205985,80.0,220.0,EMS,MWH,VALID
2025-11-17 07:00:00,366.103868823319,164.74674097049353,201.35712785282544,80.0,220.0,EMS,MWH,VALID
2025-11-17 08:00:00,379.7693102762676,170.89618962432044,208.8731206519472,80.0,220.0,EMS,MWH,VALID
2025-11-17 09:00:00,388.2802601602205,174.7261170720992,213.5541430881213,80.0,220.0,EMS,MWH,VALID
2025-11-17 10:00:00,376.1194762020565,169.25376429092543,206.8657119111311,80.0,220.0,EMS,MWH,VALID
2025-11-17 11:00:00,369.57140572810977,166.3071325776494,203.2642731504604,80.0,220.0,EMS,MWH,VALID
2025-11-17 12:00:00,369.62818461142353,166.3326830751406,203.29550153628296,80.0,220.0,EMS,MWH,VALID
2025-11-17 13:00:00,377.0313510383252,169.66410796724634,207.3672430710789,80.0,220.0,EMS,MWH,VALID
2025-11-17 14:00:00,346.4095233073476,155.88428548830643,190.5252378190412,80.0,220.0,EMS,MWH,VALID
2025-11-17 15:00:00,365.5937546311316,164.51718958400923,201.0765650471224,80.0,220.0,EMS,MWH,VALID
2025-11-17 16:00:00,348.8306588647118,156.9737964891203,191.8568623755915,80.0,220.0,EMS,MWH,VALID
2025-11-17 17:00:00,405.9988853284286,182.6994983977929,223.29938693063576,80.0,220.0,EMS,MWH,VALID
2025-11-17 18:00:00,454.7012175588141,204.61554790146636,250.08566965734772,80.0,220.0,EMS,MWH,VALID
2025-11-17 19:00:00,468.87636704167215,210.99436516875247,257.8820018729197,80.0,220.0,EMS,MWH,VALID
2025-11-17 20:00:00,474.6452162102804,213.59034729462616,261.0548689156542,80.0,220.0,EMS,MWH,VALID
2025-11-17 21:00:00,390.4974800008188,175.72386600036845,214.77361400045035,80.0,220.0,EMS,MWH,VALID
2025-11-17 22:00:00,337.4156516751234,151.83704325380555,185.57860842131788,80.0,220.0,EMS,MWH,VALID
2025-11-17 23:00:00,314.70191912338265,141.6158636055222,173.08605551786047,80.0,220.0,EMS,MWH,VALID
2025-11-18 00:00:00,286.4363134827357,128.89634106723108,157.53997241550465,80.0,220.0,EMS,MWH,VALID
2025-11-18 01:00:00,274.84013851100565,123.67806232995254,151.16207618105312,80.0,220.0,EMS,MWH,VALID
2025-11-18 02:00:00,296.82082045224973,133.5693692035124,163.25145124873737,80.0,220.0,EMS,MWH,VALID
2025-11-18 03:00:00,273.667280845114,123.1502763803013,150.51700446481271,80.0,220.0,EMS,MWH,VALID
2025-11-18 04:00:00,306.90438939334234,138.10697522700406,168.7974141663383,80.0,220.0,EMS,MWH,VALID
2025-11-18 05:00:00,319.8304837348037,143.92371768066167,175.90676605414205,80.0,220.0,EMS,MWH,VALID
2025-11-18 06:00:00,350.3835628511976,157.67260328303894,192.7109595681587,80.0,220.0,EMS,MWH,VALID
2025-11-18 07:00:00,386.5762250112776,173.95930125507493,212.6169237562027,80.0,220.0,EMS,MWH,VALID
2025-11-18 08:00:00,416.6794482242844,187.505751700928,229.17369652335643,80.0,220.0,EMS,MWH,VALID
2025-11-18 09:00:00,394.9978458015792,177.74903061071066,217.24881519086856,80.0,220.0,EMS,MWH,VALID
2025-11-18 10:00:00,380.2365107288933,171.106429828002,209.13008090089136,80.0,220.0,EMS,MWH,VALID
2025-11-18 11:00:00,369.9192523884212,166.46366357478954,203.4555888136317,80.0,220.0,EMS,MWH,VALID
2025-11-18 12:00:00,352.85611242109246,158.78525058949162,194.0708618316009,80.0,220.0,EMS,MWH,VALID
2025-11-18 13:00:00,372.0923753009853,167.4415688854434,204.65080641554192,80.0,220.0,EMS,MWH,VALID
2025-11-18 14:00:00,338.92816348115844,152.5176735665213,186.4104899146372,80.0,220.0,EMS,MWH,VALID
2025-11-18 15:00:00,372.2469068101472,167.51110806456626,204.73579874558095,80.0,220.0,EMS,MWH,VALID
2025-11-18 16:00:00,382.6726908381875,172.2027108771844,210.4699799610032,80.0,220.0,EMS,MWH,VALID
2025-11-18 17:00:00,426.86801229431705,192.09060553244268,234.7774067618744,80.0,220.0,EMS,MWH,VALID
2025-11-18 18:00:00,437.8026037210465,197.01117167447092,240.7914320465756,80.0,220.0,EMS,MWH,VALID
2025-11-18 19:00:00,488.9078521350933,220.008533460792,268.89931867430136,80.0,220.0,EMS,MWH,VALID
2025-11-18 20:00:00,445.8838986203854,200.64775437917345,245.236144241212,80.0,220.0,EMS,MWH,VALID
2025-11-18 21:00:00,389.68090183807055,175.35640582713177,214.3244960109388,80.0,220.0,EMS,MWH,VALID
2025-11-18 22:00:00,352.0832588870416,158.43746649916872,193.6457923878729,80.0,220.0,EMS,MWH,VALID
2025-11-18 23:00:00,318.5366109074228,143.34147490834027,175.19513599908257,80.0,220.0,EMS,MWH,VALID
2025-11-19 00:00:00,296.60824594458586,133.47371067506364,163.13453526952225,80.0,220.0,EMS,MWH,VALID
2025-11-19 01:00:00,290.16128040024097,130.57257618010843,159.58870422013254,80.0,220.0,EMS,MWH,VALID
2025-11-19 02:00:00,306.6687583982116,138.00094127919522,168.66781711901638,80.0,220.0,EMS,MWH,VALID
2025-11-19 03:00:00,254.2908050087648,114.43086225394416,139.85994275482065,80.0,220.0,EMS,MWH,VALID
2025-11-19 04:00:00,291.4900744735602,131.1705335131021,160.3195409604581,80.0,220.0,EMS,MWH,VALID
2025-11-19 05:00:00,318.82625255131086,143.4718136480899,175.354438903221,80.0,220.0,EMS,MWH,VALID
2025-11-19 06:00:00,326.481930297292,146.9168686337814,179.56506166351062,80.0,220.0,EMS,MWH,VALID
2025-11-19 07:00:00,383.3237597923771,172.49569190656968,210.8280678858074,80.0,220.0,EMS,MWH,VALID
2025-11-19 08:00:00,408.7098153309266,183.91941689891695,224.79039843200965,80.0,220.0,EMS,MWH,VALID
2025-11-19 09:00:00,421.24861901960696,189.56187855882317,231.68674046078385,80.0,220.0,EMS,MWH,VALID
2025-11-19 10:00:00,393.0870623360625,176.88917805122813,216.1978842848344,80.0,220.0,EMS,MWH,VALID
2025-11-19 11:00:00,372.3913131134508,167.57609090105285,204.81522221239797,80.0,220.0,EMS,MWH,VALID
2025-11-19 12:00:00,366.8879891946816,165.0995951376067,201.78839405707487,80.0,220.0,EMS,MWH,VALID
2025-11-19 13:00:00,350.2876920075991,157.6294614034196,192.65823060417952,80.0,220.0,EMS,MWH,VALID
2025-11-19 14:00:00,350.16133482524646,157.5726006713609,192.58873415388555,80.0,220.0,EMS,MWH,VALID
2025-11-19 15:00:00,367.24552232340585,165.26048504553265,201.98503727787323,80.0,220.0,EMS,MWH,VALID
2025-11-19 16:00:00,395.58177678875205,178.01179955493842,217.5699772338137,80.0,220.0,EMS,MWH,VALID
2025-11-19 17:00:00,406.7747160303368,183.0486222136516,223.72609381668525,80.0,220.0,EMS,MWH,VALID
2025-11-19 18:00:00,462.5704224854043,208.15669011843195,254.4137323669724,80.0,220.0,EMS,MWH,VALID
2025-11-19 19:00:00,463.8402649701517,208.72811923656823,255.11214573358345,80.0,220.0,EMS,MWH,VALID
2025-11-19 20:00:00,442.340475166514,199.0532138249313,243.28726134158276,80.0,220.0,EMS,MWH,VALID
2025-11-19 21:00:00,383.5592516555277,172.60166324498744,210.9575884105402,80.0,220.0,EMS,MWH,VALID
2025-11-19 22:00:00,352.5200971420033,158.6340437139015,193.88605342810183,80.0,220.0,EMS,MWH,VALID
2025-11-19 23:00:00,336.3447049740978,151.355117238344,184.98958773575384,80.0,220.0,EMS,MWH,VALID
2025-11-20 00:00:00,303.90932878396484,136.75919795278418,167.15013083118066,80.0,220.0,EMS,MWH,VALID
2025-11-20 01:00:00,295.2043334369054,132.84195004660745,162.362383390298,80.0,220.0,EMS,MWH,VALID
2025-11-20 02:00:00,281.0687704351461,126.48094669581576,154.5878237393304,80.0,220.0,EMS,MWH,VALID
2025-11-20 03:00:00,288.0582197530833,129.62619888888747,158.4320208641958,80.0,220.0,EMS,MWH,VALID
2025-11-20 04:00:00,300.7577455477021,135.34098549646595,165.41676005123617,80.0,220.0,EMS,MWH,VALID
2025-11-20 05:00:00,313.7681884388941,141.19568479750234,172.57250364139176,80.0,220.0,EMS,MWH,VALID
2025-11-20 06:00:00,359.1510288887425,161.61796299993412,197.5330658888084,80.0,220.0,EMS,MWH,VALID
2025-11-20 07:00:00,352.93430717806723,158.82043823013026,194.113868947937,80.0,220.0,EMS,MWH,VALID
2025-11-20 08:00:00,385.3673336659348,173.41530014967066,211.95203351626412,80.0,220.0,EMS,MWH,VALID
2025-11-20 09:00:00,397.1655822196303,178.72451199883363,218.44107022079663,80.0,220.0,EMS,MWH,VALID
2025-11-20 10:00:00,365.7960461048255,164.6082207471715,201.18782535765405,80.0,220.0,EMS,MWH,VALID
2025-11-20 11:00:00,351.02186175287443,157.9598377887935,193.06202396408096,80.0,220.0,EMS,MWH,VALID
2025-11-20 12:00:00,368.3808475715615,165.77138140720265,202.6094661643588,80.0,220.0,EMS,MWH,VALID
2025-11-20 13:00:00,349.5606836607324,157.3023076473296,192.25837601340285,80.0,220.0,EMS,MWH,VALID
2025-11-20 14:00:00,342.20506927564213,153.99228117403896,188.2127881016032,80.0,220.0,EMS,MWH,VALID
2025-11-20 15:00:00,358.4141587229537,161.28637142532915,197.1277872976245,80.0,220.0,EMS,MWH,VALID
2025-11-20 16:00:00,377.7115237076605,169.9701856684472,207.74133803921328,80.0,220.0,EMS,MWH,VALID
2025-11-20 17:00:00,442.08285042798434,198.93728269259296,243.1455677353914,80.0,220.0,EMS,MWH,VALID
2025-11-20 18:00:00,432.6714802043565,194.7021660919604,237.9693141123961,80.0,220.0,EMS,MWH,VALID
2025-11-20 19:00:00,467.1270647086592,210.20717911889665,256.9198855897626,80.0,220.0,EMS,MWH,VALID
2025-11-20 20:00:00,453.3311513193145,203.99901809369155,249.332133225623,80.0,220.0,EMS,MWH,VALID
2025-11-20 21:00:00,391.700974366058,176.2654384647261,215.4355359013319,80.0,220.0,EMS,MWH,VALID
2025-11-20 22:00:00,330.9153353764814,148.91190091941664,182.0034344570648,80.0,220.0,EMS,MWH,VALID
2025-11-20 23:00:00,334.97091418567044,150.7369113835517,184.2340028021188,80.0,220.0,EMS,MWH,VALID
2025-11-21 00:00:00,290.3182847186216,130.64322812337974,159.6750565952419,80.0,220.0,EMS,MWH,VALID
2025-11-21 01:00:00,292.30394615001785,131.53677576750803,160.76717038250982,80.0,220.0,EMS,MWH,VALID
2025-11-21 02:00:00,276.31080735347206,124.33986330906242,151.97094404440963,80.0,220.0,EMS,MWH,VALID
2025-11-21 03:00:00,293.1014534250641,131.89565404127885,161.20579938378526,80.0,220.0,EMS,MWH,VALID
2025-11-21 04:00:00,288.06286697014497,129.62829013656523,158.43457683357974,80.0,220.0,EMS,MWH,VALID
2025-11-21 05:00:00,287.11155898966643,129.2002015453499,157.91135744431656,80.0,220.0,EMS,MWH,VALID
2025-11-21 06:00:00,326.9221221196343,147.11495495383545,179.8071671657989,80.0,220.0,EMS,MWH,VALID
2025-11-21 07:00:00,352.0932152046194,158.44194684207875,193.6512683625407,80.0,220.0,EMS,MWH,VALID
2025-11-21 08:00:00,398.7356311870224,179.4310340341601,219.3045971528624,80.0,220.0,EMS,MWH,VALID
2025-11-21 09:00:00,385.5078257797039,173.47852160086677,212.0293041788372,80.0,220.0,EMS,MWH,VALID
2025-11-21 10:00:00,400.0495260421226,180.02228671895517,220.02723932316744,80.0,220.0,EMS,MWH,VALID
2025-11-21 11:00:00,373.59002641765176,168.11551188794328,205.47451452970847,80.0,220.0,EMS,MWH,VALID
2025-11-21 12:00:00,362.0265372770708,162.91194177468185,199.1145955023889,80.0,220.0,EMS,MWH,VALID
2025-11-21 13:00:00,380.3234873760664,171.14556931922985,209.1779180568365,80.0,220.0,EMS,MWH,VALID
2025-11-21 14:00:00,337.69120257185324,151.96104115733397,185.7301614145193,80.0,220.0,EMS,MWH,VALID
2025-11-21 15:00:00,396.6032054205132,178.47144243923094,218.13176298128224,80.0,220.0,EMS,MWH,VALID
2025-11-21 16:00:00,374.1686833191388,168.37590749361246,205.79277582552635,80.0,220.0,EMS,MWH,VALID
2025-11-21 17:00:00,436.8428698206232,196.5792914192804,240.2635784013428,80.0,220.0,EMS,MWH,VALID
2025-11-21 18:00:00,429.4018199994385,193.23081899974733,236.1710009996912,80.0,220.0,EMS,MWH,VALID
2025-11-21 19:00:00,462.1061333851008,207.94776002329536,254.15837336180547,80.0,220.0,EMS,MWH,VALID
2025-11-21 20:00:00,456.72907677329465,205.5280845479826,251.2009922253121,80.0,220.0,EMS,MWH,VALID
2025-11-21 21:00:00,402.27581789142585,181.02411805114164,221.25169984028423,80.0,220.0,EMS,MWH,VALID
2025-11-21 22:00:00,350.5704516373117,157.75670323679026,192.81374840052143,80.0,220.0,EMS,MWH,VALID
2025-11-21 23:00:00,344.38208994772685,154.9719404764771,189.41014947124975,80.0,220.0,EMS,MWH,VALID
2025-11-22 00:00:00,220.9054363037937,99.40744633670715,121.49798996708654,80.0,220.0,EMS,MWH,VALID
2025-11-22 01:00:00,238.8134113948477,107.46603512768144,131.34737626716625,80.0,220.0,EMS,MWH,VALID
2025-11-22 02:00:00,221.40742601360392,99.63334170612175,121.77408430748216,80.0,220.0,EMS,MWH,VALID
2025-11-22 03:00:00,238.7517531544244,107.43828891949096,131.3134642349334,80.0,220.0,EMS,MWH,VALID
2025-11-22 04:00:00,233.5476752673148,105.09645387029164,128.45122139702315,80.0,220.0,EMS,MWH,VALID
2025-11-22 05:00:00,259.1051823444298,116.59733205499342,142.50785028943642,80.0,220.0,EMS,MWH,VALID
2025-11-22 06:00:00,273.2991695583931,122.98462630127688,150.3145432571162,80.0,220.0,EMS,MWH,VALID
2025-11-22 07:00:00,299.7515880228373,134.8882146102768,164.86337341256055,80.0,220.0,EMS,MWH,VALID
2025-11-22 08:00:00,321.662241129062,144.7480085080779,176.9142326209841,80.0,220.0,EMS,MWH,VALID
2025-11-22 09:00:00,331.82073810519086,149.3193321473359,182.50140595785496,80.0,220.0,EMS,MWH,VALID
2025-11-22 10:00:00,304.81001325306823,137.1645059638807,167.64550728918755,80.0,220.0,EMS,MWH,VALID
2025-11-22 11:00:00,257.7777116903489,115.999970260657,141.7777414296919,80.0,220.0,EMS,MWH,VALID
2025-11-22 12:00:00,284.033344297427,127.81500493384216,156.21833936358485,80.0,220.0,EMS,MWH,VALID
2025-11-22 13:00:00,288.82386281881435,129.97073826846645,158.8531245503479,80.0,220.0,EMS,MWH,VALID
2025-11-22 14:00:00,260.8465859788752,117.38096369049386,143.46562228838138,80.0,220.0,EMS,MWH,VALID
2025-11-22 15:00:00,292.78118504137603,131.75153326861923,161.02965177275684,80.0,220.0,EMS,MWH,VALID
2025-11-22 16:00:00,324.1582210888205,145.87119948996923,178.28702159885128,80.0,220.0,EMS,MWH,VALID
2025-11-22 17:00:00,321.226999127041,144.55214960716845,176.67484951987257,80.0,220.0,EMS,MWH,VALID
2025-11-22 18:00:00,372.4761775401315,167.61427989305918,204.86189764707237,80.0,220.0,EMS,MWH,VALID
2025-11-22 19:00:00,396.1836801566361,178.28265607048627,217.90102408614987,80.0,220.0,EMS,MWH,VALID
2025-11-22 20:00:00,360.79390240716384,162.35725608322377,198.43664632394007,80.0,220.0,EMS,MWH,VALID
2025-11-22 21:00:00,321.3666481162577,144.61499165231598,176.75165646394177,80.0,220.0,EMS,MWH,VALID
2025-11-22 22:00:00,301.3468801595558,135.6060960718001,165.74078408775569,80.0,220.0,EMS,MWH,VALID
2025-11-22 23:00:00,262.2130094745109,117.99585426352994,144.21715521098105,80.0,220.0,EMS,MWH,VALID
2025-11-23 00:00:00,254.3991592439928,114.47962165979676,139.91953758419606,80.0,220.0,EMS,MWH,VALID
2025-11-23 01:00:00,230.85035221408157,103.88265849633667,126.96769371774484,80.0,220.0,EMS,MWH,VALID
2025-11-23 02:00:00,261.1630985349996,117.52339434074985,143.63970419424982,80.0,220.0,EMS,MWH,VALID
2025-11-23 03:00:00,240.0562913099788,108.02533108949044,132.03096022048834,80.0,220.0,EMS,MWH,VALID
2025-11-23 04:00:00,256.687604687846,115.50942210953068,141.1781825783153,80.0,220.0,EMS,MWH,VALID
2025-11-23 05:00:00,263.215391732396,118.4469262795782,144.7684654528178,80.0,220.0,EMS,MWH,VALID
2025-11-23 06:00:00,299.84042707142925,134.92819218214316,164.9122348892861,80.0,220.0,EMS,MWH,VALID
2025-11-23 07:00:00,334.44109168977224,150.49849126039751,183.94260042937475,80.0,220.0,EMS,MWH,VALID
2025-11-23 08:00:00,321.7451391882327,144.78531263470472,176.95982655352802,80.0,220.0,EMS,MWH,VALID
2025-11-23 09:00:00,312.3166861431537,140.54250876441915,171.77417737873452,80.0,220.0,EMS,MWH,VALID
2025-11-23 10:00:00,257.0950696920289,115.692781361413,141.4022883306159,80.0,220.0,EMS,MWH,VALID
2025-11-23 11:00:00,266.1617924133209,119.7728065859944,146.3889858273265,80.0,220.0,EMS,MWH,VALID
2025-11-23 12:00:00,294.294889944979,132.43270047524055,161.86218946973847,80.0,220.0,EMS,MWH,VALID
2025-11-23 13:00:00,312.9920722438205,140.84643250971922,172.14563973410128,80.0,220.0,EMS,MWH,VALID
2025-11-23 14:00:00,299.936235646088,134.9713060407396,164.9649296053484,80.0,220.0,EMS,MWH,VALID
2025-11-23 15:00:00,273.440271385334,123.04812212340028,150.3921492619337,80.0,220.0,EMS,MWH,VALID
2025-11-23 16:00:00,310.0894026166774,139.54023117750484,170.54917143917257,80.0,220.0,EMS,MWH,VALID
2025-11-23 17:00:00,339.36871822275964,152.71592320024183,186.6527950225178,80.0,220.0,EMS,MWH,VALID
2025-11-23 18:00:00,368.18961740265655,165.68532783119545,202.50428957146116,80.0,220.0,EMS,MWH,VALID
2025-11-23 19:00:00,384.6054519014396,173.0724533556478,211.53299854579177,80.0,220.0,EMS,MWH,VALID
2025-11-23 20:00:00,351.7509084712329,158.2879088120548,193.4629996591781,80.0,220.0,EMS,MWH,VALID
2025-11-23 21:00:00,335.3356882523521,150.90105971355845,184.43462853879367,80.0,220.0,EMS,MWH,VALID
2025-11-23 22:00:00,306.8946480561456,138.10259162526552,168.79205643088008,80.0,220.0,EMS,MWH,VALID
2025-11-23 23:00:00,247.6567562222628,111.44554030001828,136.21121592224455,80.0,220.0,EMS,MWH,VALID
2025-11-24 00:00:00,325.2955854102314,146.38301343460415,178.9125719756273,80.0,220.0,EMS,MWH,VALID
2025-11-24 01:00:00,301.62920018768403,135.73314008445783,165.89606010322623,80.0,220.0,EMS,MWH,VALID
2025-11-24 02:00:00,285.1850176697462,128.33325795138578,156.8517597183604,80.0,220.0,EMS,MWH,VALID
2025-11-24 03:00:00,283.16197258619195,127.42288766378638,155.7390849224056,80.0,220.0,EMS,MWH,VALID
2025-11-24 04:00:00,313.1107627065222,140.899843217935,172.21091948858722,80.0,220.0,EMS,MWH,VALID
2025-11-24 05:00:00,338.494881090502,152.3226964907259,186.1721845997761,80.0,220.0,EMS,MWH,VALID
2025-11-24 06:00:00,349.6331396892456,157.33491286016053,192.29822682908508,80.0,220.0,EMS,MWH,VALID
2025-11-24 07:00:00,396.09272828198993,178.24172772689548,217.8510005550945,80.0,220.0,EMS,MWH,VALID
2025-11-24 08:00:00,421.2791140796394,189.57560133583772,231.70351274380167,80.0,220.0,EMS,MWH,VALID
2025-11-24 09:00:00,415.4997148975469,186.97487170389613,228.52484319365084,80.0,220.0,EMS,MWH,VALID
2025-11-24 10:00:00,400.5925430654585,180.26664437945635,220.3258986860022,80.0,220.0,EMS,MWH,VALID
2025-11-24 11:00:00,364.446753834888,164.00103922569957,200.4457146091884,80.0,220.0,EMS,MWH,VALID
2025-11-24 12:00:00,353.40603637035144,159.03271636665815,194.37332000369327,80.0,220.0,EMS,MWH,VALID
2025-11-24 13:00:00,351.43380435293966,158.14521195882284,193.2885923941168,80.0,220.0,EMS,MWH,VALID
2025-11-24 14:00:00,352.86362101455364,158.78862945654913,194.0749915580045,80.0,220.0,EMS,MWH,VALID
2025-11-24 15:00:00,359.2151785724293,161.64683035759322,197.56834821483616,80.0,220.0,EMS,MWH,VALID
2025-11-24 16:00:00,368.4362265777788,165.79630196000048,202.6399246177784,80.0,220.0,EMS,MWH,VALID
2025-11-24 17:00:00,448.9414535192636,202.02365408366865,246.917799435595,80.0,220.0,EMS,MWH,VALID
2025-11-24 18:00:00,440.80373532180687,198.3616808948131,242.4420544269938,80.0,220.0,EMS,MWH,VALID
2025-11-24 19:00:00,456.2027734867124,205.2912480690206,250.91152541769185,80.0,220.0,EMS,MWH,VALID
2025-11-24 20:00:00,437.0573723235162,196.6758175455823,240.381554777934,80.0,220.0,EMS,MWH,VALID
2025-11-24 21:00:00,393.3107282158553,176.98982769713487,216.3209005187204,80.0,220.0,EMS,MWH,VALID
2025-11-24 22:00:00,345.9901534445916,155.6955690500662,190.29458439452537,80.0,220.0,EMS,MWH,VALID
2025-11-24 23:00:00,323.1159338592232,145.40217023665045,177.7137636225728,80.0,220.0,EMS,MWH,VALID
2025-11-25 00:00:00,295.6152667438467,133.02687003473102,162.5883967091157,80.0,220.0,EMS,MWH,VALID
2025-11-25 01:00:00,296.29869090968884,133.33441090935997,162.96428000032887,80.0,220.0,EMS,MWH,VALID
2025-11-25 02:00:00,283.99082567201816,127.79587155240816,156.19495411961,80.0,220.0,EMS,MWH,VALID
2025-11-25 03:00:00,285.9050308961386,128.6572639032624,157.24776699287625,80.0,220.0,EMS,MWH,VALID
2025-11-25 04:00:00,320.9850643738768,144.44327896824456,176.54178540563225,80.0,220.0,EMS,MWH,VALID
2025-11-25 05:00:00,327.2458942503666,147.26065241266497,179.98524183770164,80.0,220.0,EMS,MWH,VALID
2025-11-25 06:00:00,356.5289901991744,160.4380455896285,196.09094460954597,80.0,220.0,EMS,MWH,VALID
2025-11-25 07:00:00,379.7342422117468,170.88040899528605,208.85383321646077,80.0,220.0,EMS,MWH,VALID
2025-11-25 08:00:00,392.1763003941279,176.47933517735757,215.6969652167704,80.0,220.0,EMS,MWH,VALID
2025-11-25 09:00:00,415.6785120903389,187.0553304406525,228.6231816496864,80.0,220.0,EMS,MWH,VALID
2025-11-25 10:00:00,391.701087170947,176.26548922692615,215.43559794402088,80.0,220.0,EMS,MWH,VALID
2025-11-25 11:00:00,388.0552097936872,174.62484440715923,213.430365386528,80.0,220.0,EMS,MWH,VALID
2025-11-25 12:00:00,350.35476267803654,157.65964320511645,192.6951194729201,80.0,220.0,EMS,MWH,VALID
2025-11-25 13:00:00,361.2601048563301,162.56704718534854,198.6930576709816,80.0,220.0,EMS,MWH,VALID
2025-11-25 14:00:00,362.5920361474829,163.16641626636732,199.42561988111564,80.0,220.0,EMS,MWH,VALID
2025-11-25 15:00:00,370.3609347019079,166.66242061585854,203.69851408604933,80.0,220.0,EMS,MWH,VALID
2025-11-25 16:00:00,403.9560500436478,181.7802225196415,222.1758275240063,80.0,220.0,EMS,MWH,VALID
2025-11-25 17:00:00,399.5133511613815,179.78100802262168,219.73234313875983,80.0,220.0,EMS,MWH,VALID
2025-11-25 18:00:00,414.8356517607146,186.6760432923216,228.15960846839303,80.0,220.0,EMS,MWH,VALID
2025-11-25 19:00:00,475.477802115812,213.96501095211545,261.51279116369665,80.0,220.0,EMS,MWH,VALID
2025-11-25 20:00:00,438.81048290038274,197.46471730517223,241.3457655952105,80.0,220.0,EMS,MWH,VALID
2025-11-25 21:00:00,409.8954099009701,184.45293445543652,225.4424754455336,80.0,220.0,EMS,MWH,VALID
2025-11-25 22:00:00,348.9568853663724,157.03059841486757,191.92628695150484,80.0,220.0,EMS,MWH,VALID
2025-11-25 23:00:00,302.93012210890595,136.31855494900768,166.61156715989827,80.0,220.0,EMS,MWH,VALID
2025-11-26 00:00:00,290.0748609342172,130.53368742039774,159.54117351381947,80.0,220.0,EMS,MWH,VALID
2025-11-26 01:00:00,287.6999503026495,129.46497763619226,158.23497266645722,80.0,220.0,EMS,MWH,VALID
2025-11-26 02:00:00,285.8348868732708,128.62569909297184,157.20918778029892,80.0,220.0,EMS,MWH,VALID
2025-11-26 03:00:00,317.7754801884764,142.99896608481438,174.77651410366204,80.0,220.0,EMS,MWH,VALID
2025-11-26 04:00:00,309.7083210230719,139.36874446038237,170.33957656268956,80.0,220.0,EMS,MWH,VALID
2025-11-26 05:00:00,309.48200745353626,139.2669033540913,170.21510409944494,80.0,220.0,EMS,MWH,VALID
2025-11-26 06:00:00,342.25305277168394,154.01387374725778,188.2391790244262,80.0,220.0,EMS,MWH,VALID
2025-11-26 07:00:00,394.4090843065804,177.48408793796116,216.9249963686192,80.0,220.0,EMS,MWH,VALID
2025-11-26 08:00:00,393.1785456069038,176.93034552310672,216.24820008379712,80.0,220.0,EMS,MWH,VALID
2025-11-26 09:00:00,401.6986861700768,180.76440877653457,220.93427739354223,80.0,220.0,EMS,MWH,VALID
2025-11-26 10:00:00,396.2368240473701,178.30657082131657,217.9302532260536,80.0,220.0,EMS,MWH,VALID
2025-11-26 11:00:00,396.42992718217073,178.39346723197684,218.03645995019392,80.0,220.0,EMS,MWH,VALID
2025-11-26 12:00:00,351.2631647118911,158.06842412035098,193.1947405915401,80.0,220.0,EMS,MWH,VALID
2025-11-26 13:00:00,370.8715991045795,166.89221959706077,203.97937950751876,80.0,220.0,EMS,MWH,VALID
2025-11-26 14:00:00,360.4696495886008,162.21134231487036,198.25830727373045,80.0,220.0,EMS,MWH,VALID
2025-11-26 15:00:00,370.9425471799703,166.92414623098662,204.01840094898367,80.0,220.0,EMS,MWH,VALID
2025-11-26 16:00:00,392.03141036246376,176.41413466310868,215.61727569935508,80.0,220.0,EMS,MWH,VALID
2025-11-26 17:00:00,427.7073454950682,192.46830547278068,235.23904002228755,80.0,220.0,EMS,MWH,VALID
2025-11-26 18:00:00,479.2203261028558,215.6491467462851,263.5711793565707,80.0,220.0,EMS,MWH,VALID
2025-11-26 19:00:00,463.3762982940512,208.51933423232305,254.85696406172815,80.0,220.0,EMS,MWH,VALID
2025-11-26 20:00:00,454.3726113143873,204.4676750914743,249.90493622291305,80.0,220.0,EMS,MWH,VALID
2025-11-26 21:00:00,390.2866627528118,175.62899823876532,214.65766451404653,80.0,220.0,EMS,MWH,VALID
2025-11-26 22:00:00,354.2518301411032,159.41332356349645,194.8385065776068,80.0,220.0,EMS,MWH,VALID
2025-11-26 23:00:00,290.6109984369139,130.77494929661125,159.83604914030266,80.0,220.0,EMS,MWH,VALID
2025-11-27 00:00:00,257.15566427431673,115.72004892344252,141.43561535087423,80.0,220.0,EMS,MWH,VALID
2025-11-27 01:00:00,325.0039130771813,146.2517608847316,178.75215219244976,80.0,220.0,EMS,MWH,VALID
2025-11-27 02:00:00,306.99147309511693,138.14616289280264,168.84531020231432,80.0,220.0,EMS,MWH,VALID
2025-11-27 03:00:00,283.85137213264125,127.73311745968856,156.1182546729527,80.0,220.0,EMS,MWH,VALID
2025-11-27 04:00:00,308.9820964821132,139.04194341695094,169.94015306516226,80.0,220.0,EMS,MWH,VALID
2025-11-27 05:00:00,331.1523668843887,149.0185650979749,182.1338017864138,80.0,220.0,EMS,MWH,VALID
2025-11-27 06:00:00,357.0693522082556,160.68120849371505,196.3881437145406,80.0,220.0,EMS,MWH,VALID
2025-11-27 07:00:00,345.2822558347191,155.3770151256236,189.90524070909552,80.0,220.0,EMS,MWH,VALID
2025-11-27 08:00:00,380.8425801356111,171.37916106102497,209.46341907458608,80.0,220.0,EMS,MWH,VALID
2025-11-27 09:00:00,391.6273140772386,176.23229133475738,215.39502274248127,80.0,220.0,EMS,MWH,VALID
2025-11-27 10:00:00,369.42635235509886,166.24185855979448,203.1844937953044,80.0,220.0,EMS,MWH,VALID
2025-11-27 11:00:00,361.1087910519722,162.4989559733875,198.60983507858472,80.0,220.0,EMS,MWH,VALID
2025-11-27 12:00:00,343.3420447503132,154.50392013764096,188.8381246126723,80.0,220.0,EMS,MWH,VALID
2025-11-27 13:00:00,369.0308321237978,166.06387445570903,202.96695766808884,80.0,220.0,EMS,MWH,VALID
2025-11-27 14:00:00,361.77842215165657,162.8002899682455,198.97813218341116,80.0,220.0,EMS,MWH,VALID
2025-11-27 15:00:00,357.543233303108,160.8944549863986,196.64877831670944,80.0,220.0,EMS,MWH,VALID
2025-11-27 16:00:00,384.2655046169335,172.91947707762006,211.34602753931344,80.0,220.0,EMS,MWH,VALID
2025-11-27 17:00:00,422.2386931850372,190.00741193326672,232.23128125177047,80.0,220.0,EMS,MWH,VALID
2025-11-27 18:00:00,472.1030613005125,212.4463775852306,259.6566837152819,80.0,220.0,EMS,MWH,VALID
2025-11-27 19:00:00,453.0709157290618,203.88191207807785,249.18900365098403,80.0,220.0,EMS,MWH,VALID
2025-11-27 20:00:00,443.8234619732447,199.72055788796013,244.10290408528465,80.0,220.0,EMS,MWH,VALID
2025-11-27 21:00:00,383.3980038830232,172.52910174736044,210.8689021356628,80.0,220.0,EMS,MWH,VALID
2025-11-27 22:00:00,330.5576026594708,148.75092119676185,181.80668146270892,80.0,220.0,EMS,MWH,VALID
2025-11-27 23:00:00,344.39419486979165,154.97738769140625,189.41680717838543,80.0,220.0,EMS,MWH,VALID
2025-11-28 00:00:00,279.91640964726736,125.96238434127032,153.95402530599705,80.0,220.0,EMS,MWH,VALID
2025-11-28 01:00:00,272.59333260052654,122.66699967023696,149.92633293028962,80.0,220.0,EMS,MWH,VALID
2025-11-28 02:00:00,295.3984157211673,132.9292870745253,162.46912864664202,80.0,220.0,EMS,MWH,VALID
2025-11-28 03:00:00,281.38402903447286,126.6228130655128,154.76121596896007,80.0,220.0,EMS,MWH,VALID
2025-11-28 04:00:00,307.12560633189804,138.20652284935412,168.91908348254393,80.0,220.0,EMS,MWH,VALID
2025-11-28 05:00:00,302.67622062705874,136.20429928217644,166.47192134488233,80.0,180.4,EMS,MWH,VALID
2025-11-28 06:00:00,366.800706484253,165.06031791791386,201.7403885663392,80.0,180.4,EMS,MWH,VALID
2025-11-28 07:00:00,372.7290687457713,167.7280809355971,205.00098781017425,80.0,180.4,EMS,MWH,VALID
2025-11-28 08:00:00,394.6101490115825,177.57456705521213,217.0355819563704,80.0,180.4,EMS,MWH,VALID
2025-11-28 09:00:00,410.8833355862906,184.8975010138308,225.98583457245985,80.0,180.4,EMS,MWH,VALID
2025-11-28 10:00:00,393.53692257815095,177.09161516016792,216.44530741798303,80.0,180.4,EMS,MWH,VALID
2025-11-28 11:00:00,372.2571704983122,167.5157267242405,204.7414437740717,80.0,180.4,EMS,MWH,VALID
2025-11-28 12:00:00,384.4215982608391,172.9897192173776,211.43187904346152,80.0,220.0,EMS,MWH,VALID
2025-11-28 13:00:00,363.33734737610047,163.50180631924522,199.83554105685528,80.0,220.0,EMS,MWH,VALID
2025-11-28 14:00:00,336.2817793712836,151.32680071707765,184.954978654206,80.0,220.0,EMS,MWH,VALID
2025-11-28 15:00:00,368.1787258369583,165.68042662663123,202.49829921032708,80.0,220.0,EMS,MWH,VALID
2025-11-28 16:00:00,387.58184533675967,174.41183040154186,213.17001493521784,80.0,220.0,EMS,MWH,VALID
2025-11-28 17:00:00,402.6977548436898,181.21398967966044,221.48376516402945,80.0,220.0,EMS,MWH,VALID
2025-11-28 18:00:00,460.67864747212303,207.30539136245537,253.3732561096677,80.0,220.0,EMS,MWH,VALID
2025-11-28 19:00:00,441.1759421082671,198.52917394872017,242.6467681595469,80.0,220.0,EMS,MWH,VALID
2025-11-28 20:00:00,435.3795185335025,195.92078334007613,239.4587351934264,80.0,220.0,EMS,MWH,VALID
2025-11-28 21:00:00,382.7175688708058,172.2229059918626,210.4946628789432,80.0,220.0,EMS,MWH,VALID
2025-11-28 22:00:00,362.7828775305877,163.25229488876448,199.5305826418233,80.0,220.0,EMS,MWH,VALID
2025-11-28 23:00:00,295.1067818195441,132.79805181879487,162.3087300007493,80.0,220.0,EMS,MWH,VALID
2025-11-29 00:00:00,243.1018964079647,109.39585338358413,133.7060430243806,80.0,220.0,EMS,MWH,VALID
2025-11-29 01:00:00,256.7118740316402,115.52034331423808,141.19153071740212,80.0,220.0,EMS,MWH,VALID
2025-11-29 02:00:00,224.16153710546888,100.872691697461,123.2888454080079,80.0,220.0,EMS,MWH,VALID
2025-11-29 03:00:00,244.1700346431913,109.87651558943608,134.2935190537552,80.0,220.0,EMS,MWH,VALID
2025-11-29 05:00:00,249.18072903979584,112.13132806790811,137.0494009718877,80.0,220.0,EMS,MWH,VALID
2025-11-29 06:00:00,271.510519026969,122.17973356213604,149.33078546483296,80.0,220.0,EMS,MWH,VALID
2025-11-29 07:00:00,340.0666565307391,153.0299954388326,187.03666109190647,80.0,220.0,EMS,MWH,VALID
2025-11-29 08:00:00,313.67905926577635,141.15557666959936,172.523482596177,80.0,220.0,EMS,MWH,VALID
2025-11-29 09:00:00,314.95263297239006,141.72868483757554,173.22394813481455,80.0,220.0,EMS,MWH,VALID
2025-11-29 10:00:00,315.520570231008,141.98425660395358,173.5363136270544,80.0,220.0,EMS,MWH,VALID
2025-11-29 11:00:00,262.6430208385987,118.18935937736944,144.4536614612293,80.0,220.0,EMS,MWH,VALID
2025-11-29 12:00:00,256.9823374156217,115.64205183702975,141.34028557859196,80.0,220.0,EMS,MWH,VALID
2025-11-29 13:00:00,294.2872959489442,132.42928317702487,161.8580127719193,80.0,220.0,EMS,MWH,VALID
2025-11-29 14:00:00,265.718055259397,119.57312486672863,146.14493039266836,80.0,220.0,EMS,MWH,VALID
2025-11-29 15:00:00,274.6112475006615,123.57506137529766,151.03618612536383,80.0,220.0,EMS,MWH,VALID
2025-11-29 16:00:00,303.6446691912642,136.6401011360689,167.00456805519534,80.0,220.0,EMS,MWH,VALID
2025-11-29 17:00:00,362.0684648813127,162.9308091965907,199.137655684722,80.0,220.0,EMS,MWH,VALID
2025-11-29 18:00:00,379.0284748187014,170.56281366841563,208.4656611502858,80.0,220.0,EMS,MWH,VALID
2025-11-29 19:00:00,403.5263182249762,181.5868432012393,221.9394750237369,80.0,220.0,EMS,MWH,VALID
2025-11-29 20:00:00,374.0989522671941,168.34452852023733,205.75442374695675,80.0,220.0,EMS,MWH,VALID
2025-11-29 21:00:00,317.6003784755279,142.92017031398757,174.68020816154038,80.0,220.0,EMS,MWH,VALID
2025-11-29 22:00:00,279.819163588495,125.91862361482274,153.90053997367224,80.0,220.0,EMS,MWH,VALID
2025-11-29 23:00:00,284.09514422039183,127.84281489917632,156.2523293212155,80.0,220.0,EMS,MWH,VALID
2025-11-30 00:00:00,236.4527923515056,106.4037565581775,130.04903579332807,80.0,220.0,EMS,MWH,VALID
2025-11-30 01:00:00,239.28874314876535,107.67993441694442,131.60880873182097,80.0,220.0,EMS,MWH,VALID
2025-11-30 02:00:00,236.1840153909863,106.28280692594385,129.9012084650425,80.0,220.0,EMS,MWH,VALID
2025-11-30 03:00:00,241.1561333671731,108.5202600152279,132.63587335194524,80.0,220.0,EMS,MWH,VALID
2025-11-30 04:00:00,251.608670389291,113.22390167518095,138.38476871411007,80.0,220.0,EMS,MWH,VALID
2025-11-30 05:00:00,280.6052766297342,126.2723744833804,154.33290214635383,80.0,220.0,EMS,MWH,VALID
2025-11-30 06:00:00,324.03473422670487,145.8156304020172,178.2191038246877,80.0,220.0,EMS,MWH,VALID
2025-11-30 07:00:00,309.0657609479776,139.07959242658993,169.9861685213877,80.0,220.0,EMS,MWH,VALID
2025-11-30 08:00:00,324.0680622679985,145.8306280205993,178.2374342473992,80.0,220.0,EMS,MWH,VALID
2025-11-30 09:00:00,325.6951434053034,146.56281453238654,179.13232887291687,80.0,220.0,EMS,MWH,VALID
2025-11-30 10:00:00,276.17422414903587,124.27840086706614,151.89582328196974,80.0,220.0,EMS,MWH,VALID
2025-11-30 11:00:00,297.7691721098578,133.99612744943602,163.7730446604218,80.0,220.0,EMS,MWH,VALID
2025-11-30 12:00:00,242.58123845686487,109.1615573055892,133.41968115127568,80.0,220.0,EMS,MWH,VALID
2025-11-30 13:00:00,233.1632977238484,104.92348397573176,128.23981374811663,80.0,220.0,EMS,MWH,VALID
2025-11-30 14:00:00,317.6082648800873,142.9237191960393,174.68454568404803,80.0,220.0,EMS,MWH,VALID
2025-11-30 15:00:00,294.2073569922715,132.3933106465222,161.81404634574935,80.0,220.0,EMS,MWH,VALID
2025-11-30 16:00:00,305.08373285677993,137.28767978555098,167.79605307122898,80.0,220.0,EMS,MWH,VALID
2025-11-30 17:00:00,378.54198391751095,170.34389276287993,208.19809115463104,80.0,220.0,EMS,MWH,VALID
2025-11-30 18:00:00,378.951233045823,170.52805487062037,208.42317817520268,80.0,220.0,EMS,MWH,VALID
2025-11-30 19:00:00,371.592858721456,167.2167864246552,204.3760722968008,80.0,220.0,EMS,MWH,VALID
2025-11-30 20:00:00,343.4181859031162,154.53818365640228,188.88000224671396,80.0,220.0,EMS,MWH,VALID
2025-11-30 21:00:00,343.7348109261815,154.6806649167817,189.05414600939983,80.0,220.0,EMS,MWH,VALID
2025-11-30 22:00:00,268.5761123107475,120.85925053983637,147.71686177091112,80.0,220.0,EMS,MWH,VALID
2025-11-30 23:00:00,241.3736160484151,108.6181272217868,132.75548882662832,80.0,220.0,EMS,MWH,VALID
2025-12-01 00:00:00,297.1340160488068,133.71030722196303,163.42370882684372,80.0,220.0,EMS,MWH,VALID
2025-12-01 01:00:00,274.8652561045508,123.68936524704786,151.17589085750294,80.0,220.0,EMS,MWH,VALID
2025-12-01 02:00:00,275.9863884401535,124.19387479806907,151.79251364208446,80.0,220.0,EMS,MWH,VALID
2025-12-01 03:00:00,300.8501947955158,135.3825876579821,165.4676071375337,80.0,220.0,EMS,MWH,VALID
2025-12-01 04:00:00,307.32890157011894,138.29800570655354,169.03089586356543,80.0,220.0,EMS,MWH,VALID
2025-12-01 05:00:00,297.46049435634364,133.85722246035465,163.60327189598902,80.0,198.0,EMS,MWH,VALID
2025-12-01 06:00:00,356.8149579944266,160.56673109749198,196.24822689693465,80.0,198.0,EMS,MWH,VALID
2025-12-01 07:00:00,354.97479190625586,159.73865635781513,195.23613554844076,80.0,198.0,EMS,MWH,VALID
2025-12-01 08:00:00,400.8878875006415,180.39954937528867,220.4883381253528,80.0,198.0,EMS,MWH,VALID
2025-12-01 09:00:00,379.1370607117197,170.61167732027386,208.5253833914458,80.0,198.0,EMS,MWH,VALID
2025-12-01 10:00:00,388.3322946466204,174.74953259097916,213.5827620556412,80.0,198.0,EMS,MWH,VALID
2025-12-01 11:00:00,368.25062890893776,165.712783009022,202.5378458999158,80.0,198.0,EMS,MWH,VALID
2025-12-01 12:00:00,352.06304074454613,158.42836833504575,193.6346724095004,80.0,220.0,EMS,MWH,VALID
2025-12-01 13:00:00,347.70586380048496,156.46763871021824,191.23822509026675,80.0,220.0,EMS,MWH,VALID
2025-12-01 14:00:00,360.8285447627114,162.37284514322013,198.45569961949127,80.0,220.0,EMS,MWH,VALID
2025-12-01 15:00:00,359.74971510431567,161.88737179694206,197.86234330737364,80.0,220.0,EMS,MWH,VALID
2025-12-01 16:00:00,377.7957512875933,170.00808807941698,207.7876632081763,80.0,220.0,EMS,MWH,VALID
2025-12-01 17:00:00,417.6423238102084,187.9390457145938,229.70327809561465,80.0,220.0,EMS,MWH,VALID
2025-12-01 18:00:00,462.2572883669202,208.0157797651141,254.2415086018061,80.0,220.0,EMS,MWH,VALID
2025-12-01 19:00:00,441.64705815611086,198.7411761702499,242.905881985861,80.0,220.0,EMS,MWH,VALID
2025-12-01 20:00:00,430.6129029762933,193.775806339332,236.8370966369613,80.0,220.0,EMS,MWH,VALID
2025-12-01 21:00:00,413.104233230362,185.8969049536629,227.2073282766991,80.0,220.0,EMS,MWH,VALID
2025-12-01 22:00:00,344.62469518677176,155.0811128340473,189.54358235272448,80.0,220.0,EMS,MWH,VALID
2025-12-01 23:00:00,352.5560428588955,158.650219286503,193.90582357239256,80.0,220.0,EMS,MWH,VALID
2025-12-02 00:00:00,308.2098517370165,138.69443328165744,169.5154184553591,80.0,220.0,EMS,MWH,VALID
2025-12-02 01:00:00,283.42021314150884,127.53909591367898,155.88111722782986,80.0,220.0,EMS,MWH,VALID
2025-12-02 02:00:00,279.3327131377322,125.69972091197948,153.6329922257527,80.0,220.0,EMS,MWH,VALID
2025-12-02 03:00:00,304.46644984071395,137.00990242832128,167.4565474123927,80.0,220.0,EMS,MWH,VALID
2025-12-02 04:00:00,332.9267451526929,149.81703531871182,183.1097098339811,80.0,220.0,EMS,MWH,VALID
2025-12-02 05:00:00,306.4834707576187,137.9175618409284,168.5659089166903,80.0,220.0,EMS,MWH,VALID
2025-12-02 06:00:00,370.9534221961055,166.92903998824747,204.02438220785805,80.0,220.0,EMS,MWH,VALID
2025-12-02 07:00:00,393.9934496617672,177.29705234779522,216.69639731397197,80.0,220.0,EMS,MWH,VALID
2025-12-02 08:00:00,385.5530435690561,173.49886960607526,212.05417396298088,80.0,220.0,EMS,MWH,VALID
2025-12-02 09:00:00,418.2143061764335,188.1964377793951,230.01786839703848,80.0,220.0,EMS,MWH,VALID
2025-12-02 10:00:00,382.5318831946236,172.13934743758062,210.392535757043,80.0,220.0,EMS,MWH,VALID
2025-12-02 11:00:00,375.6990187844196,169.06455845298882,206.6344603314308,80.0,220.0,EMS,MWH,VALID
2025-12-02 12:00:00,360.02651323440085,162.01193095548038,198.01458227892047,80.0,220.0,EMS,MWH,VALID
2025-12-02 13:00:00,334.3042608192684,150.43691736867078,183.86734345059764,80.0,220.0,EMS,MWH,VALID
2025-12-02 14:00:00,348.705349857514,156.9174074358813,191.78794242163272,80.0,220.0,EMS,MWH,VALID
2025-12-02 15:00:00,376.38926681390353,169.3751700662566,207.01409674764696,80.0,220.0,EMS,MWH,VALID
2025-12-02 16:00:00,405.7460200816354,182.58570903673595,223.16031104489952,80.0,220.0,EMS,MWH,VALID
2025-12-02 17:00:00,415.4219863069898,186.93989383814545,228.48209246884443,80.0,220.0,EMS,MWH,VALID
2025-12-02 18:00:00,444.5811635906394,200.0615236157877,244.51963997485169,80.0,220.0,EMS,MWH,VALID
2025-12-02 19:00:00,480.16405581768737,216.07382511795933,264.09023069972807,80.0,220.0,EMS,MWH,VALID
2025-12-02 20:00:00,469.3782697550954,211.22022138979293,258.1580483653025,80.0,220.0,EMS,MWH,VALID
2025-12-02 21:00:00,408.34323406848057,183.75445533081623,224.58877873766437,80.0,220.0,EMS,MWH,VALID
2025-12-02 22:00:00,349.1111078531312,157.09999853390903,192.01110931922216,80.0,220.0,EMS,MWH,VALID
2025-12-02 23:00:00,328.3241909259302,147.7458859166686,180.57830500926164,80.0,220.0,EMS,MWH,VALID
2025-12-03 00:00:00,298.7934655815987,134.45705951171942,164.3364060698793,80.0,220.0,EMS,MWH,VALID
2025-12-03 01:00:00,301.2672564688806,135.57026541099626,165.69699105788433,80.0,220.0,EMS,MWH,VALID
2025-12-03 02:00:00,307.04581827711604,138.17061822470222,168.87520005241385,80.0,220.0,EMS,MWH,VALID
2025-12-03 03:00:00,303.1477666553867,136.41649499492402,166.7312716604627,80.0,220.0,EMS,MWH,VALID
2025-12-03 04:00:00,330.4251952708494,148.6913378718822,181.7338573989672,80.0,220.0,EMS,MWH,VALID
2025-12-03 05:00:00,324.769553039454,146.14629886775433,178.62325417169973,80.0,220.0,EMS,MWH,VALID
2025-12-03 06:00:00,339.0984649758193,152.5943092391187,186.50415573670065,80.0,220.0,EMS,MWH,VALID
2025-12-03 07:00:00,394.0765495074028,177.33444727833125,216.74210222907155,80.0,220.0,EMS,MWH,VALID
2025-12-03 08:00:00,400.3779929122954,180.17009681053293,220.2078961017625,80.0,220.0,EMS,MWH,VALID
2025-12-03 09:00:00,404.73371711595775,182.130172702181,222.6035444137768,80.0,220.0,EMS,MWH,VALID
2025-12-03 10:00:00,394.5389076465669,177.54250844095512,216.99639920561185,80.0,220.0,EMS,MWH,VALID
2025-12-03 11:00:00,383.2255020873584,172.45147593931125,210.7740261480471,80.0,220.0,EMS,MWH,VALID
2025-12-03 12:00:00,337.1216843883425,151.70475797475413,185.4169264135884,80.0,220.0,EMS,MWH,VALID
2025-12-03 13:00:00,366.5212599288725,164.9345669679926,201.58669296087984,80.0,220.0,EMS,MWH,VALID
2025-12-03 14:00:00,352.1551887102538,158.4698349196142,193.6853537906396,80.0,220.0,EMS,MWH,VALID
2025-12-03 15:00:00,368.6666974948888,165.90001387269993,202.7666836221888,80.0,220.0,EMS,MWH,VALID
2025-12-03 16:00:00,358.66978015372325,161.40140106917548,197.2683790845478,80.0,220.0,EMS,MWH,VALID
2025-12-03 17:00:00,433.4557350433843,195.05508076952296,238.4006542738614,80.0,220.0,EMS,MWH,VALID
2025-12-03 18:00:00,464.4061558959169,208.98277015316265,255.42338574275436,80.0,220.0,EMS,MWH,VALID
2025-12-03 19:00:00,476.82887407935794,214.5729933357111,262.2558807436469,80.0,220.0,EMS,MWH,VALID
2025-12-03 20:00:00,443.7083100142704,199.66873950642167,244.0395705078487,80.0,220.0,EMS,MWH,VALID
2025-12-03 21:00:00,383.2227591609983,172.45024162244923,210.77251753854907,80.0,220.0,EMS,MWH,VALID
2025-12-03 22:00:00,328.339010889778,147.75255490040013,180.58645598937792,80.0,220.0,EMS,MWH,VALID
2025-12-03 23:00:00,333.32605910518004,149.99672659733102,183.32933250784905,80.0,220.0,EMS,MWH,VALID
2025-12-04 00:00:00,303.6500761833308,136.64253428249884,167.00754190083194,80.0,220.0,EMS,MWH,VALID
2025-12-04 01:00:00,292.9287426230189,131.8179341803585,161.1108084426604,80.0,220.0,EMS,MWH,VALID
2025-12-04 02:00:00,291.62093214298545,131.2294194643435,160.39151267864202,80.0,220.0,EMS,MWH,VALID
2025-12-04 03:00:00,309.3827488929634,139.22223700183352,170.16051189112986,80.0,220.0,EMS,MWH,VALID
2025-12-04 04:00:00,286.1492144755909,128.7671465140159,157.38206796157502,80.0,220.0,EMS,MWH,VALID
2025-12-04 05:00:00,315.0705613948339,141.78175262767525,173.28880876715866,80.0,220.0,EMS,MWH,VALID
2025-12-04 06:00:00,368.39084257193394,165.77587915737027,202.61496341456368,80.0,220.0,EMS,MWH,VALID
2025-12-04 07:00:00,359.2195155005869,161.64878197526411,197.5707335253228,80.0,220.0,EMS,MWH,VALID
2025-12-04 08:00:00,410.63907187700937,184.78758234465425,225.8514895323552,80.0,220.0,EMS,MWH,VALID
2025-12-04 09:00:00,384.3058313008301,172.93762408537353,211.36820721545652,80.0,220.0,EMS,MWH,VALID
2025-12-04 10:00:00,375.2669159344781,168.8701121705151,206.3968037639629,80.0,220.0,EMS,MWH,VALID
2025-12-04 11:00:00,365.9520734408911,164.678433048401,201.2736403924901,80.0,220.0,EMS,MWH,VALID
2025-12-04 12:00:00,365.3076779295353,164.3884550682909,200.91922286124444,80.0,220.0,EMS,MWH,VALID
2025-12-04 13:00:00,360.0614988763162,162.02767449434228,198.03382438197391,80.0,220.0,EMS,MWH,VALID
2025-12-04 14:00:00,367.8538025186396,165.53421113338783,202.3195913852518,80.0,220.0,EMS,MWH,VALID
2025-12-04 15:00:00,379.1298586018468,170.60843637083104,208.52142223101572,80.0,220.0,EMS,MWH,VALID
2025-12-04 16:00:00,377.8460252370133,170.03071135665596,207.8153138803573,80.0,220.0,EMS,MWH,VALID
2025-12-04 17:00:00,418.5774963034937,188.35987333657215,230.2176229669216,80.0,220.0,EMS,MWH,VALID
2025-12-04 18:00:00,449.3965086152382,202.2284288768572,247.16807973838104,80.0,220.0,EMS,MWH,VALID
2025-12-04 19:00:00,476.5316454010328,214.4392404304648,262.09240497056805,80.0,220.0,EMS,MWH,VALID
2025-12-04 20:00:00,436.0275582990592,196.21240123457665,239.81515706448255,80.0,220.0,EMS,MWH,VALID
2025-12-04 21:00:00,379.2271380383297,170.65221211724838,208.57492592108136,80.0,220.0,EMS,MWH,VALID
2025-12-04 22:00:00,345.5983995302752,155.51927978862383,190.07911974165137,80.0,220.0,EMS,MWH,VALID
2025-12-04 23:00:00,334.0056407147496,150.30253832163731,183.7031023931123,80.0,220.0,EMS,MWH,VALID
2025-12-05 00:00:00,297.51750586994785,133.88287764147654,163.63462822847134,80.0,220.0,EMS,MWH,VALID
2025-12-05 01:00:00,299.0695873722438,134.5813143175097,164.4882730547341,80.0,220.0,EMS,MWH,VALID
2025-12-05 02:00:00,277.50469039746645,124.8771106788599,152.62757971860657,80.0,220.0,EMS,MWH,VALID
2025-12-05 03:00:00,315.0169360046987,141.75762120211442,173.2593148025843,80.0,220.0,EMS,MWH,VALID
2025-12-05 04:00:00,310.809928648409,139.86446789178407,170.94546075662498,80.0,220.0,EMS,MWH,VALID
2025-12-05 05:00:00,326.5464085456154,146.94588384552694,179.6005247000885,80.0,220.0,EMS,MWH,VALID
2025-12-05 06:00:00,344.55846498417867,155.0513092428804,189.50715574129828,80.0,220.0,EMS,MWH,VALID
2025-12-05 07:00:00,401.4092485084853,180.6341618288184,220.7750866796669,80.0,220.0,EMS,MWH,VALID
2025-12-05 08:00:00,379.2351047438861,170.65579713474875,208.57930760913737,80.0,220.0,EMS,MWH,VALID
2025-12-05 09:00:00,376.0720497913748,169.23242240611867,206.83962738525616,80.0,220.0,EMS,MWH,VALID
2025-12-05 10:00:00,374.66141069189234,168.59763481135155,206.0637758805408,80.0,220.0,EMS,MWH,VALID
2025-12-05 11:00:00,364.0168549339787,163.80758472029044,200.2092702136883,80.0,220.0,EMS,MWH,VALID
2025-12-05 12:00:00,361.1919126566546,162.53636069549458,198.65555196116009,80.0,220.0,EMS,MWH,VALID
2025-12-05 13:00:00,364.3191810934836,163.9436314920676,200.375549601416,80.0,220.0,EMS,MWH,VALID
2025-12-05 14:00:00,375.53439891915485,168.99047951361968,206.5439194055352,80.0,220.0,EMS,MWH,VALID
2025-12-05 15:00:00,370.3416354839866,166.65373596779398,203.68789951619263,80.0,220.0,EMS,MWH,VALID
2025-12-05 16:00:00,383.9648613138888,172.78418759124995,211.18067372263883,80.0,220.0,EMS,MWH,VALID
2025-12-05 17:00:00,419.4508512507642,188.7528830628439,230.6979681879203,80.0,220.0,EMS,MWH,VALID
2025-12-05 18:00:00,464.3058135764233,208.9376161093905,255.36819746703284,80.0,220.0,EMS,MWH,VALID
2025-12-05 19:00:00,455.39121522396846,204.9260468507858,250.46516837318268,80.0,220.0,EMS,MWH,VALID
2025-12-05 20:00:00,439.7543700491884,197.8894665221348,241.86490352705368,80.0,220.0,EMS,MWH,VALID
2025-12-05 21:00:00,390.3097708265236,175.63939687193565,214.670373954588,80.0,220.0,EMS,MWH,VALID
2025-12-05 22:00:00,360.3514677566851,162.1581604905083,198.1933072661768,80.0,220.0,EMS,MWH,VALID
2025-12-05 23:00:00,328.3780688519201,147.77013098336406,180.6079378685561,80.0,220.0,EMS,MWH,VALID
2025-12-06 00:00:00,253.6637891390503,114.14870511257264,139.51508402647767,80.0,220.0,EMS,MWH,VALID
2025-12-06 01:00:00,238.36224247193744,107.26300911237186,131.0992333595656,80.0,220.0,EMS,MWH,VALID
2025-12-06 02:00:00,239.94830335540428,107.97673650993192,131.97156684547235,80.0,220.0,EMS,MWH,VALID
2025-12-06 03:00:00,227.2368623207914,102.25658804435614,124.98027427643528,80.0,220.0,EMS,MWH,VALID
2025-12-06 04:00:00,226.5611840907491,101.9525328408371,124.608651249912,80.0,220.0,EMS,MWH,VALID
2025-12-06 05:00:00,258.1106289956076,116.1497830480234,141.96084594758418,80.0,220.0,EMS,MWH,VALID
2025-12-06 06:00:00,283.57276368280355,127.6077436572616,155.96502002554195,80.0,220.0,EMS,MWH,VALID
2025-12-06 07:00:00,309.9958816893479,139.49814676020657,170.49773492914136,80.0,220.0,EMS,MWH,VALID
2025-12-06 08:00:00,342.16837211660624,153.9757674524728,188.19260466413343,80.0,220.0,EMS,MWH,VALID
2025-12-06 09:00:00,308.8889020463407,139.00000592085334,169.8888961254874,80.0,220.0,EMS,MWH,VALID
2025-12-06 10:00:00,292.3134880169801,131.54106960764105,160.77241840933908,80.0,220.0,EMS,MWH,VALID
2025-12-06 11:00:00,246.79732924474013,111.05879816013308,135.73853108460708,80.0,220.0,EMS,MWH,VALID
2025-12-06 12:00:00,290.7231702027741,130.82542659124834,159.89774361152575,80.0,220.0,EMS,MWH,VALID
2025-12-06 13:00:00,278.28088336395155,125.2263975137782,153.05448585017336,80.0,220.0,EMS,MWH,VALID
2025-12-06 14:00:00,266.7160887004917,120.02223991522128,146.6938487852705,80.0,220.0,EMS,MWH,VALID
2025-12-06 15:00:00,283.65637831603044,127.6453702422137,156.01100807381675,80.0,220.0,EMS,MWH,VALID
2025-12-06 16:00:00,312.6575247358702,140.6958861311416,171.96163860472862,80.0,220.0,EMS,MWH,VALID
2025-12-06 17:00:00,330.4689503773686,148.71102766981588,181.75792270755275,80.0,220.0,EMS,MWH,VALID
2025-12-06 18:00:00,378.5073321765868,170.32829947946405,208.17903269712275,80.0,220.0,EMS,MWH,VALID
2025-12-06 19:00:00,403.7372142887283,181.68174642992773,222.05546785880057,80.0,220.0,EMS,MWH,VALID
2025-12-06 20:00:00,359.35411283366165,161.70935077514775,197.64476205851392,80.0,220.0,EMS,MWH,VALID
2025-12-06 21:00:00,314.5493797926049,141.5472209066722,173.00215888593272,80.0,220.0,EMS,MWH,VALID
2025-12-06 22:00:00,282.2272695609543,127.00227130242943,155.2249982585249,80.0,220.0,EMS,MWH,VALID
2025-12-06 23:00:00,256.97527266260715,115.63887269817322,141.33639996443395,80.0,220.0,EMS,MWH,VALID
2025-12-07 00:00:00,264.8285219238822,119.172834865747,145.6556870581352,80.0,220.0,EMS,MWH,VALID
2025-12-07 01:00:00,238.8206613053772,107.46929758741972,131.35136371795747,80.0,220.0,EMS,MWH,VALID
2025-12-07 02:00:00,256.6893184871232,115.51019331920544,141.17912516791776,80.0,220.0,EMS,MWH,VALID
2025-12-07 03:00:00,252.09131344448053,113.44109105001624,138.6502223944643,80.0,220.0,EMS,MWH,VALID
2025-12-07 04:00:00,257.33049535695096,115.79872291062792,141.53177244632303,80.0,220.0,EMS,MWH,VALID
2025-12-07 05:00:00,280.44957821006204,126.20231019452793,154.24726801553413,80.0,220.0,EMS,MWH,VALID
2025-12-07 06:00:00,304.9851995813461,137.24333981160575,167.74185976974036,80.0,220.0,EMS,MWH,VALID
2025-12-07 07:00:00,309.1360860599719,139.11123872698735,170.02484733298456,80.0,220.0,EMS,MWH,VALID
2025-12-07 08:00:00,312.5701741088397,140.65657834897786,171.91359575986183,80.0,220.0,EMS,MWH,VALID
2025-12-07 09:00:00,323.7335962977861,145.68011833400377,178.05347796378237,80.0,220.0,EMS,MWH,VALID
2025-12-07 10:00:00,309.00990311094006,139.05445639992303,169.95544671101703,80.0,220.0,EMS,MWH,VALID
2025-12-07 11:00:00,322.031109148735,144.91399911693077,177.1171100318043,80.0,220.0,EMS,MWH,VALID
2025-12-07 12:00:00,302.85801376286383,136.28610619328873,166.57190756957513,80.0,220.0,EMS,MWH,VALID
2025-12-07 13:00:00,229.8191341052097,103.41861034734438,126.40052375786536,80.0,220.0,EMS,MWH,VALID
2025-12-07 14:00:00,257.01755388038663,115.65789924617398,141.35965463421266,80.0,220.0,EMS,MWH,VALID
2025-12-07 15:00:00,296.3619073217092,133.36285829476913,162.99904902694004,80.0,220.0,EMS,MWH,VALID
2025-12-07 16:00:00,332.1410003893967,149.46345017522853,182.6775502141682,80.0,220.0,EMS,MWH,VALID
2025-12-07 17:00:00,339.86225878824706,152.93801645471115,186.9242423335359,80.0,220.0,EMS,MWH,VALID
2025-12-07 18:00:00,387.4971330237096,174.37370986066932,213.1234231630403,80.0,220.0,EMS,MWH,VALID
2025-12-07 19:00:00,364.0005478049946,163.80024651224758,200.20030129274704,80.0,220.0,EMS,MWH,VALID
2025-12-07 20:00:00,334.9461100363807,150.7257495163713,184.2203605200094,80.0,220.0,EMS,MWH,VALID
2025-12-07 21:00:00,329.0042814739625,148.05192666328313,180.9523548106794,80.0,220.0,EMS,MWH,VALID
2025-12-07 22:00:00,263.828858251634,118.72298621323527,145.1058720383987,80.0,220.0,EMS,MWH,VALID
2025-12-07 23:00:00,259.09160356175784,116.59122160279102,142.5003819589668,80.0,220.0,EMS,MWH,VALID
2025-12-08 00:00:00,295.6074009295268,133.02333041828706,162.58407051123973,80.0,220.0,EMS,MWH,VALID
2025-12-08 01:00:00,307.7917250875388,138.50627628939247,169.28544879814635,80.0,220.0,EMS,MWH,VALID
2025-12-08 02:00:00,304.4575898818026,137.00591544681117,167.45167443499145,80.0,220.0,EMS,MWH,VALID
2025-12-08 03:00:00,279.6021586679572,125.82097140058076,153.78118726737648,80.0,220.0,EMS,MWH,VALID
2025-12-08 04:00:00,289.3334176329309,130.2000379348189,159.133379698112,80.0,220.0,EMS,MWH,VALID
2025-12-08 05:00:00,303.8322824041977,136.72452708188897,167.10775532230875,80.0,220.0,EMS,MWH,VALID
2025-12-08 06:00:00,341.9402571566732,153.87311572050294,188.06714143617023,80.0,220.0,EMS,MWH,VALID
2025-12-08 07:00:00,400.12992423344207,180.05846590504893,220.0714583283932,80.0,220.0,EMS,MWH,VALID
2025-12-08 08:00:00,441.6658739748509,198.7496432886829,242.916230686168,80.0,220.0,EMS,MWH,VALID
2025-12-08 09:00:00,402.5874224093405,181.1643400842032,221.4230823251373,80.0,220.0,EMS,MWH,VALID
2025-12-08 10:00:00,381.9982499122389,171.89921246050753,210.09903745173145,80.0,220.0,EMS,MWH,VALID
2025-12-08 11:00:00,364.9705507490261,164.23674783706173,200.73380291196435,80.0,220.0,EMS,MWH,VALID
2025-12-08 12:00:00,351.67026239585493,158.25161807813473,193.41864431772024,80.0,220.0,EMS,MWH,VALID
2025-12-08 13:00:00,332.77188172314527,149.74734677541537,183.0245349477299,80.0,220.0,EMS,MWH,VALID
2025-12-08 14:00:00,380.0867747273292,171.03904862729814,209.04772610003107,80.0,220.0,EMS,MWH,VALID
2025-12-08 15:00:00,377.0784950537536,169.6853227741891,207.39317227956448,80.0,220.0,EMS,MWH,VALID
2025-12-08 16:00:00,387.0868903161538,174.18910064226924,212.89778967388463,80.0,220.0,EMS,MWH,VALID
2025-12-08 17:00:00,429.9371184060542,193.4717032827244,236.46541512332985,80.0,220.0,EMS,MWH,VALID
2025-12-08 18:00:00,459.6226741829471,206.8302033823262,252.7924708006209,80.0,220.0,EMS,MWH,VALID
2025-12-08 19:00:00,478.48498336583697,215.31824251462663,263.1667408512104,80.0,220.0,EMS,MWH,VALID
2025-12-08 20:00:00,446.7560962512838,201.04024331307767,245.7158529382061,80.0,220.0,EMS,MWH,VALID
2025-12-08 21:00:00,396.499157039035,178.42462066756576,218.0745363714693,80.0,220.0,EMS,MWH,VALID
2025-12-08 22:00:00,354.091792575243,159.34130665885937,194.75048591638367,80.0,220.0,EMS,MWH,VALID
2025-12-08 23:00:00,309.4654502147034,139.25945259661654,170.20599761808688,80.0,220.0,EMS,MWH,VALID
2025-12-09 00:00:00,279.1517293559363,125.61827821017134,153.533451145765,80.0,220.0,EMS,MWH,VALID
2025-12-09 01:00:00,304.6580419758831,137.09611888914742,167.56192308673573,80.0,220.0,EMS,MWH,VALID
2025-12-09 02:00:00,320.6624023660187,144.2980810647084,176.3643213013103,80.0,220.0,EMS,MWH,VALID
2025-12-09 03:00:00,283.78104163762754,127.7014687369324,156.07957290069515,80.0,220.0,EMS,MWH,VALID
2025-12-09 04:00:00,281.8065822301453,126.8129620035654,154.99362022657994,80.0,220.0,EMS,MWH,VALID
2025-12-09 05:00:00,300.87995630086954,135.3959803353913,165.4839759654783,80.0,220.0,EMS,MWH,VALID
2025-12-09 06:00:00,342.7547122525574,154.23962051365083,188.5150917389066,80.0,220.0,EMS,MWH,VALID
2025-12-09 07:00:00,371.6501407077898,167.24256331850543,204.40757738928443,80.0,220.0,EMS,MWH,VALID
2025-12-09 08:00:00,413.2130060511647,185.94585272302413,227.2671533281406,80.0,220.0,EMS,MWH,VALID
2025-12-09 09:00:00,415.5234665120196,186.9855599304088,228.5379065816108,80.0,220.0,EMS,MWH,VALID
2025-12-09 10:00:00,408.3879473506879,183.77457630780955,224.61337104287836,80.0,220.0,EMS,MWH,VALID
2025-12-09 11:00:00,389.0111236414157,175.05500563863708,213.95611800277868,80.0,220.0,EMS,MWH,VALID
2025-12-09 12:00:00,370.4999640690433,166.7249838310695,203.77498023797384,80.0,220.0,EMS,MWH,VALID
2025-12-09 13:00:00,345.46062006654097,155.45727902994344,190.0033410365976,80.0,220.0,EMS,MWH,VALID
2025-12-09 14:00:00,366.0693868978831,164.7312241040474,201.3381627938357,80.0,220.0,EMS,MWH,VALID
2025-12-09 15:00:00,361.2323578068791,162.55456101309562,198.67779679378356,80.0,220.0,EMS,MWH,VALID
2025-12-09 16:00:00,360.57524512481086,162.2588603061649,198.316384818646,80.0,220.0,EMS,MWH,VALID
2025-12-09 17:00:00,423.5992418487076,190.6196588319184,232.9795830167892,80.0,220.0,EMS,MWH,VALID
2025-12-09 18:00:00,447.44457905676927,201.35006057554617,246.0945184812231,80.0,220.0,EMS,MWH,VALID
2025-12-09 19:00:00,447.3937169325412,201.3271726196436,246.0665443128977,80.0,220.0,EMS,MWH,VALID
2025-12-09 20:00:00,435.2766660087517,195.87449970393828,239.40216630481345,80.0,220.0,EMS,MWH,VALID
2025-12-09 21:00:00,425.6472518217912,191.54126331980603,234.1059885019852,80.0,220.0,EMS,MWH,VALID
2025-12-09 22:00:00,367.5262755549247,165.3868239997161,202.13945155520855,80.0,220.0,EMS,MWH,VALID
2025-12-09 23:00:00,346.7702945488109,156.0466325469649,190.723662001846,80.0,220.0,EMS,MWH,VALID
2025-12-10 00:00:00,295.2498922255702,132.8624515015066,162.38744072406362,80.0,220.0,EMS,MWH,VALID
2025-12-10 01:00:00,270.3207823167823,121.64435204255204,148.67643027423028,80.0,220.0,EMS,MWH,VALID
2025-12-10 02:00:00,268.9440080692554,121.02480363116491,147.91920443809047,80.0,220.0,EMS,MWH,VALID
2025-12-10 03:00:00,278.2537951481555,125.21420781666998,153.03958733148554,80.0,220.0,EMS,MWH,VALID
2025-12-10 04:00:00,336.33494082582416,151.3507233716209,184.9842174542033,80.0,220.0,EMS,MWH,VALID
2025-12-10 05:00:00,324.7345063896405,146.13052787533823,178.6039785143023,80.0,220.0,EMS,MWH,VALID
2025-12-10 06:00:00,354.85860875433747,159.68637393945187,195.17223481488563,80.0,220.0,EMS,MWH,VALID
2025-12-10 07:00:00,382.01258542737366,171.90566344231814,210.10692198505552,80.0,220.0,EMS,MWH,VALID
2025-12-10 08:00:00,407.12787314840574,183.2075429167826,223.9203302316232,80.0,220.0,EMS,MWH,VALID
2025-12-10 09:00:00,383.4049780965725,172.53224014345764,210.8727379531149,80.0,220.0,EMS,MWH,VALID
2025-12-10 10:00:00,379.4237856685701,170.74070355085655,208.68308211771355,80.0,220.0,EMS,MWH,VALID
2025-12-10 11:00:00,343.44190630872765,154.54885783892746,188.89304846980025,80.0,220.0,EMS,MWH,VALID
2025-12-10 12:00:00,367.6471917542343,165.44123628940545,202.2059554648289,80.0,220.0,EMS,MWH,VALID
2025-12-10 13:00:00,367.8502791296758,165.53262560835412,202.3176535213217,80.0,220.0,EMS,MWH,VALID
2025-12-10 14:00:00,351.76714961995685,158.29521732898058,193.4719322909763,80.0,220.0,EMS,MWH,VALID
2025-12-10 15:00:00,342.31444260374013,154.04149917168306,188.27294343205708,80.0,220.0,EMS,MWH,VALID
2025-12-10 16:00:00,387.1564524756757,174.22040361405408,212.93604886162169,80.0,220.0,EMS,MWH,VALID
2025-12-10 17:00:00,437.2655155500723,196.76948199753247,240.49603355253976,80.0,220.0,EMS,MWH,VALID
2025-12-10 18:00:00,436.62624300769767,196.48180935346397,240.1444336542337,80.0,220.0,EMS,MWH,VALID
2025-12-10 19:00:00,450.7650606480272,202.84427729161223,247.92078335641492,80.0,220.0,EMS,MWH,VALID
2025-12-10 20:00:00,441.4743323044105,198.66344953698476,242.8108827674258,80.0,220.0,EMS,MWH,VALID
2025-12-10 21:00:00,400.0147299707164,180.0066284868224,220.00810148389405,80.0,220.0,EMS,MWH,VALID
2025-12-10 22:00:00,361.13035955242674,162.50866179859204,198.62169775383472,80.0,220.0,EMS,MWH,VALID
2025-12-10 23:00:00,341.4064870843143,153.63291918794144,187.77356789637287,80.0,220.0,EMS,MWH,VALID
2025-12-11 00:00:00,281.51121550162145,126.68004697572964,154.8311685258918,80.0,220.0,EMS,MWH,VALID
2025-12-11 02:00:00,287.36247870442486,129.3131154169912,158.0493632874337,80.0,220.0,EMS,MWH,VALID
2025-12-11 03:00:00,281.52113496435464,126.6845107339596,154.83662423039507,80.0,220.0,EMS,MWH,VALID
2025-12-11 04:00:00,292.1388521038085,131.46248344671383,160.67636865709468,80.0,220.0,EMS,MWH,VALID
2025-12-11 05:00:00,320.25786538058924,144.11603942126516,176.1418259593241,80.0,220.0,EMS,MWH,VALID
2025-12-11 06:00:00,341.5146586513549,153.68159639310971,187.83306225824523,80.0,220.0,EMS,MWH,VALID
2025-12-11 07:00:00,397.6463411375761,178.94085351190924,218.70548762566688,80.0,220.0,EMS,MWH,VALID
2025-12-11 08:00:00,383.7954066958037,172.70793301311167,211.0874736826921,80.0,220.0,EMS,MWH,VALID
2025-12-11 09:00:00,398.1825128218894,179.18213076985023,219.0003820520392,80.0,220.0,EMS,MWH,VALID
2025-12-11 10:00:00,363.5361825782084,163.5912821601938,199.94490041801464,80.0,220.0,EMS,MWH,VALID
2025-12-11 11:00:00,374.3318762841545,168.44934432786954,205.88253195628505,80.0,220.0,EMS,MWH,VALID
2025-12-11 12:00:00,366.5894841370288,164.96526786166294,201.62421627536585,80.0,220.0,EMS,MWH,VALID
2025-12-11 13:00:00,388.31741270019126,174.74283571508607,213.5745769851052,80.0,220.0,EMS,MWH,VALID
2025-12-11 14:00:00,376.8690254473033,169.59106145128646,207.2779639960168,80.0,220.0,EMS,MWH,VALID
2025-12-11 15:00:00,348.3591252469095,156.76160636110927,191.59751888580024,80.0,220.0,EMS,MWH,VALID
2025-12-11 16:00:00,399.572052501556,179.80742362570018,219.7646288758558,80.0,220.0,EMS,MWH,VALID
2025-12-11 17:00:00,421.9741381263058,189.8883621568376,232.08577596946824,80.0,220.0,EMS,MWH,VALID
2025-12-11 18:00:00,463.1930876555499,208.43688944499743,254.75619821055247,80.0,220.0,EMS,MWH,VALID
2025-12-11 19:00:00,454.0674942174004,204.3303723978302,249.73712181957023,80.0,220.0,EMS,MWH,VALID
2025-12-11 20:00:00,454.7921721907411,204.6564774858335,250.1356947049076,80.0,220.0,EMS,MWH,VALID
2025-12-11 21:00:00,398.69619925849815,179.41328966632418,219.282909592174,80.0,220.0,EMS,MWH,VALID
2025-12-11 22:00:00,345.7828325073885,155.60227462832484,190.18055787906368,80.0,220.0,EMS,MWH,VALID
2025-12-11 23:00:00,306.2320660857309,137.8044297385789,168.427636347152,80.0,220.0,EMS,MWH,VALID
2025-12-12 00:00:00,275.5282511220663,123.98771300492984,151.5405381171365,80.0,220.0,EMS,MWH,VALID
2025-12-12 01:00:00,281.78098974629097,126.80144538583096,154.97954436046004,80.0,220.0,EMS,MWH,VALID
2025-12-12 02:00:00,288.68325596600846,129.90746518470382,158.77579078130466,80.0,220.0,EMS,MWH,VALID
2025-12-12 03:00:00,309.66972500575145,139.35137625258815,170.31834875316332,80.0,220.0,EMS,MWH,VALID
2025-12-12 04:00:00,322.4962500276674,145.12331251245033,177.37293751521707,80.0,220.0,EMS,MWH,VALID
2025-12-12 05:00:00,306.626000913069,137.98170041088105,168.64430050218797,80.0,220.0,EMS,MWH,VALID
2025-12-12 06:00:00,344.414400368865,154.98648016598926,189.42792020287575,80.0,220.0,EMS,MWH,VALID
2025-12-12 07:00:00,369.50342246105794,166.27654010747608,203.22688235358189,80.0,220.0,EMS,MWH,VALID
2025-12-12 08:00:00,381.6160845311728,171.72723803902775,209.88884649214503,80.0,220.0,EMS,MWH,VALID
2025-12-12 09:00:00,402.12764446929,180.95744001118047,221.17020445810957,80.0,220.0,EMS,MWH,VALID
2025-12-12 10:00:00,400.4452576576893,180.20036594596016,220.2448917117291,80.0,220.0,EMS,MWH,VALID
2025-12-12 11:00:00,382.1072830256248,171.94827736153115,210.15900566409368,80.0,220.0,EMS,MWH,VALID
2025-12-12 12:00:00,364.8097454162044,164.164385437292,200.64535997891244,80.0,220.0,EMS,MWH,VALID
2025-12-12 13:00:00,364.4404104215347,163.99818468969062,200.4422257318441,80.0,220.0,EMS,MWH,VALID
2025-12-12 14:00:00,355.5891693764316,160.0151262193942,195.57404315703735,80.0,220.0,EMS,MWH,VALID
2025-12-12 15:00:00,372.4343069720852,167.59543813743835,204.8388688346469,80.0,220.0,EMS,MWH,VALID
2025-12-12 16:00:00,378.3219661001897,170.24488474508536,208.07708135510435,80.0,220.0,EMS,MWH,VALID
2025-12-12 17:00:00,448.37626809956,201.769320644802,246.606947454758,80.0,220.0,EMS,MWH,VALID
2025-12-12 18:00:00,477.7027995012436,214.9662597755596,262.736539725684,80.0,220.0,EMS,MWH,VALID
2025-12-12 19:00:00,456.0013637486999,205.20061368691492,250.80075006178492,80.0,220.0,EMS,MWH,VALID
2025-12-12 20:00:00,452.110822686574,203.44987020895832,248.66095247761567,80.0,220.0,EMS,MWH,VALID
2025-12-12 21:00:00,403.9696490943202,181.7863420924441,222.18330700187616,80.0,220.0,EMS,MWH,VALID
2025-12-12 22:00:00,361.3967734057402,162.6285480325831,198.76822537315712,80.0,220.0,EMS,MWH,VALID
2025-12-12 23:00:00,313.01005684954663,140.854525582296,172.15553126725067,80.0,220.0,EMS,MWH,VALID
2025-12-13 00:00:00,219.81872521630916,98.9184263473391,120.90029886897004,80.0,220.0,EMS,MWH,VALID
2025-12-13 01:00:00,257.66654573186867,115.9499455793409,141.71660015252775,80.0,220.0,EMS,MWH,VALID
2025-12-13 02:00:00,257.3619675489718,115.8128853970373,141.5490821519345,80.0,220.0,EMS,MWH,VALID
2025-12-13 03:00:00,240.26005501104837,108.11702475497177,132.1430302560766,80.0,220.0,EMS,MWH,VALID
2025-12-13 04:00:00,224.24783184704685,100.91152433117108,123.33630751587576,80.0,220.0,EMS,MWH,VALID
2025-12-13 05:00:00,248.02770695615249,111.61246813026862,136.41523882588388,80.0,220.0,EMS,MWH,VALID
2025-12-13 06:00:00,296.2707617615473,133.3218427926963,162.94891896885102,80.0,220.0,EMS,MWH,VALID
2025-12-13 07:00:00,313.22688264926154,140.95209719216768,172.27478545709386,80.0,220.0,EMS,MWH,VALID
2025-12-13 08:00:00,319.79187477379423,143.9063436482074,175.88553112558685,80.0,220.0,EMS,MWH,VALID
2025-12-13 09:00:00,325.1669481740943,146.32512667834243,178.84182149575187,80.0,220.0,EMS,MWH,VALID
2025-12-13 10:00:00,308.6232484254853,138.8804617914684,169.74278663401694,80.0,220.0,EMS,MWH,VALID
2025-12-13 11:00:00,326.43717601419206,146.89672920638642,179.54044680780564,80.0,220.0,EMS,MWH,VALID
2025-12-13 12:00:00,270.7891002201273,121.85509509905732,148.93400512107004,80.0,220.0,EMS,MWH,VALID
2025-12-13 13:00:00,306.49377724505183,137.92219976027332,168.57157748477852,80.0,220.0,EMS,MWH,VALID
2025-12-13 14:00:00,293.9887401822761,132.29493308202424,161.69380710025186,80.0,220.0,EMS,MWH,VALID
2025-12-13 15:00:00,285.05928400405594,128.27667780182517,156.78260620223077,80.0,220.0,EMS,MWH,VALID
2025-12-13 16:00:00,321.1729812628659,144.52784156828966,176.64513969457627,80.0,220.0,EMS,MWH,VALID
2025-12-13 17:00:00,357.90561023050674,161.05752460372804,196.84808562677875,80.0,220.0,EMS,MWH,VALID
2025-12-13 18:00:00,384.2613197309847,172.91759387894314,211.3437258520416,80.0,220.0,EMS,MWH,VALID
2025-12-13 19:00:00,362.9540310429221,163.32931396931497,199.6247170736072,80.0,220.0,EMS,MWH,VALID
2025-12-13 20:00:00,366.7069096111972,165.01810932503875,201.68880028615848,80.0,220.0,EMS,MWH,VALID
2025-12-13 21:00:00,316.9915793062757,142.64621068782407,174.34536861845166,80.0,220.0,EMS,MWH,VALID
2025-12-13 22:00:00,265.2328402639591,119.35477811878158,145.8780621451775,80.0,220.0,EMS,MWH,VALID
2025-12-13 23:00:00,277.73792167563136,124.98206475403413,152.75585692159726,80.0,220.0,EMS,MWH,VALID
2025-12-14 00:00:00,266.55938967344207,119.95172535304891,146.60766432039316,80.0,220.0,EMS,MWH,VALID
2025-12-14 01:00:00,238.92880787836287,107.5179635452633,131.4108443330996,80.0,220.0,EMS,MWH,VALID
2025-12-14 02:00:00,226.339313409721,101.85269103437446,124.48662237534656,80.0,220.0,EMS,MWH,VALID
2025-12-14 03:00:00,258.20687644651645,116.1930944009324,142.0137820455841,80.0,220.0,EMS,MWH,VALID
2025-12-14 04:00:00,236.43442184810263,106.3954898316462,130.03893201645647,80.0,220.0,EMS,MWH,VALID
2025-12-14 05:00:00,240.9881156184936,108.44465202832212,132.54346359017148,80.0,220.0,EMS,MWH,VALID
2025-12-14 06:00:00,271.7246809059861,122.27610640769372,149.44857449829234,80.0,220.0,EMS,MWH,VALID
2025-12-14 07:00:00,344.17080584009454,154.87686262804257,189.29394321205203,80.0,220.0,EMS,MWH,VALID
2025-12-14 08:00:00,347.1910882380402,156.2359897071181,190.95509853092213,80.0,220.0,EMS,MWH,VALID
2025-12-14 09:00:00,340.8626379918849,153.38818709634822,187.47445089553676,80.0,220.0,EMS,MWH,VALID
2025-12-14 10:00:00,310.46486352715345,139.70918858721905,170.7556749399344,80.0,220.0,EMS,MWH,VALID
2025-12-14 11:00:00,285.1700158355389,128.3265071259925,156.8435087095464,80.0,220.0,EMS,MWH,VALID
2025-12-14 12:00:00,290.33869580535486,130.6524131124097,159.68628269294518,80.0,220.0,EMS,MWH,VALID
2025-12-14 13:00:00,255.10982828357655,114.79942272760948,140.31040555596712,80.0,220.0,EMS,MWH,VALID
2025-12-14 14:00:00,320.79116250729777,144.356023128284,176.43513937901378,80.0,220.0,EMS,MWH,VALID
2025-12-14 15:00:00,303.06506537749453,136.37927941987255,166.68578595762202,80.0,220.0,EMS,MWH,VALID
2025-12-14 16:00:00,323.8345093379035,145.72552920205658,178.1089801358469,80.0,220.0,EMS,MWH,VALID
2025-12-14 17:00:00,333.5431659944041,150.09442469748186,183.44874129692224,80.0,220.0,EMS,MWH,VALID
2025-12-14 18:00:00,357.2990360882454,160.7845662397104,196.51446984853496,80.0,220.0,EMS,MWH,VALID
2025-12-14 19:00:00,358.48099123992307,161.31644605796538,197.1645451819577,80.0,220.0,EMS,MWH,VALID
2025-12-14 20:00:00,326.94615473168693,147.1257696292591,179.82038510242782,80.0,220.0,EMS,MWH,VALID
2025-12-14 21:00:00,332.6579637771477,149.69608369971647,182.9618800774313,80.0,220.0,EMS,MWH,VALID
2025-12-14 22:00:00,326.9376984842616,147.12196431791773,179.8157341663439,80.0,220.0,EMS,MWH,VALID
2025-12-14 23:00:00,283.02160898894306,127.35972404502438,155.6618849439187,80.0,220.0,EMS,MWH,VALID
2025-12-15 00:00:00,302.0007973557257,135.90035881007657,166.10043854564915,80.0,220.0,EMS,MWH,VALID
2025-12-15 01:00:00,307.37599080427435,138.31919586192348,169.0567949423509,80.0,220.0,EMS,MWH,VALID
2025-12-15 02:00:00,297.0865922278934,133.68896650255203,163.39762572534138,80.0,220.0,EMS,MWH,VALID
2025-12-15 04:00:00,317.5307578734145,142.8888410430365,174.64191683037797,80.0,220.0,EMS,MWH,VALID
2025-12-15 05:00:00,324.12152178274783,145.85468480223653,178.26683698051133,80.0,220.0,EMS,MWH,VALID
2025-12-15 06:00:00,325.2098384415012,146.34442729867553,178.86541114282565,80.0,220.0,EMS,MWH,VALID
2025-12-15 07:00:00,397.7229629516872,178.97533332825924,218.747629623428,80.0,220.0,EMS,MWH,VALID
2025-12-15 08:00:00,392.09000419608753,176.4405018882394,215.64950230784817,80.0,220.0,EMS,MWH,VALID
2025-12-15 09:00:00,390.218121456932,175.5981546556194,214.6199668013126,80.0,220.0,EMS,MWH,VALID
2025-12-15 10:00:00,382.3268934466567,172.0471020509955,210.2797913956612,80.0,220.0,EMS,MWH,VALID
2025-12-15 11:00:00,372.2676097107168,167.52042436982256,204.74718534089425,80.0,220.0,EMS,MWH,VALID
2025-12-15 12:00:00,376.7419152739614,169.53386187328263,207.2080534006788,80.0,220.0,EMS,MWH,VALID
2025-12-15 13:00:00,380.7695475857378,171.34629641358202,209.42325117215583,80.0,220.0,EMS,MWH,VALID
2025-12-15 14:00:00,369.4333810243479,166.24502146095654,203.18835956339132,80.0,220.0,EMS,MWH,VALID
2025-12-15 15:00:00,384.6132769036108,173.07597460662484,211.53730229698596,80.0,220.0,EMS,MWH,VALID
2025-12-15 16:00:00,394.1922096294176,177.38649433323792,216.8057152961797,80.0,220.0,EMS,MWH,VALID
2025-12-15 17:00:00,412.1054610898445,185.44745749043005,226.65800359941449,80.0,220.0,EMS,MWH,VALID
2025-12-15 18:00:00,477.7753137747812,214.99889119865156,262.7764225761297,80.0,220.0,EMS,MWH,VALID
2025-12-15 19:00:00,449.740690925148,202.3833109163166,247.35738000883143,80.0,220.0,EMS,MWH,VALID
2025-12-15 20:00:00,427.13403333868655,192.21031500240892,234.92371833627763,80.0,220.0,EMS,MWH,VALID
2025-12-15 21:00:00,399.67734514313537,179.85480531441092,219.82253982872447,80.0,220.0,EMS,MWH,VALID
2025-12-15 22:00:00,352.9574423285865,158.83084904786395,194.1265932807226,80.0,220.0,EMS,MWH,VALID
2025-12-15 23:00:00,324.10260510396824,145.8461722967857,178.25643280718256,80.0,220.0,EMS,MWH,VALID
2025-12-16 00:00:00,318.9968807987498,143.54859635943745,175.44828443931243,80.0,220.0,EMS,MWH,VALID
2025-12-16 01:00:00,291.38525450128594,131.1233645255787,160.26188997570728,80.0,220.0,EMS,MWH,VALID
2025-12-16 02:00:00,281.6926818507681,126.76170683284565,154.93097501792246,80.0,220.0,EMS,MWH,VALID
2025-12-16 03:00:00,304.1779163141886,136.88006234138487,167.29785397280375,80.0,220.0,EMS,MWH,VALID
2025-12-16 04:00:00,330.5676225242245,148.755430135901,181.81219238832347,80.0,220.0,EMS,MWH,VALID
2025-12-16 05:00:00,336.910503613817,151.60972662621765,185.30077698759936,80.0,220.0,EMS,MWH,VALID
2025-12-16 06:00:00,354.3315960608628,159.44921822738826,194.88237783347452,80.0,220.0,EMS,MWH,VALID
2025-12-16 07:00:00,382.4646244509352,172.10908100292085,210.3555434480144,80.0,220.0,EMS,MWH,VALID
2025-12-16 08:00:00,416.10738425051,187.2483229127295,228.8590613377805,80.0,220.0,EMS,MWH,VALID
2025-12-16 09:00:00,383.56852167689135,172.60583475460112,210.96268692229023,80.0,220.0,EMS,MWH,VALID
2025-12-16 10:00:00,380.37900142553536,171.1705506414909,209.2084507840445,80.0,220.0,EMS,MWH,VALID
2025-12-16 11:00:00,358.4861369966474,161.31876164849135,197.1673753481561,80.0,220.0,EMS,MWH,VALID
2025-12-16 12:00:00,388.1593902833645,174.671725627514,213.48766465585047,80.0,220.0,EMS,MWH,VALID
2025-12-16 13:00:00,392.9982597468032,176.84921688606144,216.14904286074176,80.0,220.0,EMS,MWH,VALID
2025-12-16 14:00:00,384.4381028096384,172.99714626433726,211.4409565453011,80.0,220.0,EMS,MWH,VALID
2025-12-16 15:00:00,369.69577111187056,166.36309700034175,203.33267411152883,80.0,220.0,EMS,MWH,VALID
2025-12-16 16:00:00,371.40965142802486,167.1343431426112,204.2753082854137,80.0,220.0,EMS,MWH,VALID
2025-12-16 17:00:00,428.8979436932476,193.0040746619614,235.8938690312862,80.0,220.0,EMS,MWH,VALID
2025-12-16 18:00:00,448.5398557804337,201.8429351011952,246.69692067923856,80.0,220.0,EMS,MWH,VALID
2025-12-16 19:00:00,466.720795136074,210.0243578112333,256.6964373248407,80.0,220.0,EMS,MWH,VALID
2025-12-16 20:00:00,446.8428456075176,201.07928052338292,245.7635650841347,80.0,220.0,EMS,MWH,VALID
2025-12-16 21:00:00,420.8464239066199,189.38089075797896,231.465533148641,80.0,220.0,EMS,MWH,VALID
2025-12-16 22:00:00,357.18790404394355,160.7345568197746,196.45334722416897,80.0,220.0,EMS,MWH,VALID
2025-12-16 23:00:00,327.7330710623688,147.47988197806595,180.25318908430285,80.0,220.0,EMS,MWH,VALID
2025-12-17 00:00:00,314.65222233697574,141.5935000516391,173.05872228533667,80.0,220.0,EMS,MWH,VALID
2025-12-17 01:00:00,299.9322482591889,134.96951171663505,164.96273654255393,80.0,220.0,EMS,MWH,VALID
2025-12-17 02:00:00,288.3427832911716,129.75425248102724,158.5885308101444,80.0,220.0,EMS,MWH,VALID
2025-12-17 03:00:00,282.64026196364927,127.18811788364218,155.45214408000712,80.0,220.0,EMS,MWH,VALID
2025-12-17 04:00:00,312.45654963021906,140.6054473335986,171.8511022966205,80.0,220.0,EMS,MWH,VALID
2025-12-17 05:00:00,335.12943702108754,150.80824665948938,184.32119036159816,80.0,220.0,EMS,MWH,VALID
2025-12-17 06:00:00,358.7806963076399,161.45131333843796,197.329382969202,80.0,220.0,EMS,MWH,VALID
2025-12-17 07:00:00,391.1127678832225,176.00074554745012,215.1120223357724,80.0,220.0,EMS,MWH,VALID
2025-12-17 08:00:00,429.466706967332,193.26001813529945,236.20668883203265,80.0,220.0,EMS,MWH,VALID
2025-12-17 09:00:00,405.12282787968434,182.30527254585795,222.8175553338264,80.0,220.0,EMS,MWH,VALID
2025-12-17 10:00:00,385.3229202227809,173.3953141002514,211.92760612252948,80.0,220.0,EMS,MWH,VALID
2025-12-17 11:00:00,390.7198504323141,175.82393269454133,214.89591773777275,57.6,220.0,EMS,MWH,VALID
2025-12-17 12:00:00,365.2497062429094,164.36236780930923,200.88733843360015,57.6,220.0,EMS,MWH,VALID
2025-12-17 13:00:00,360.36034711606135,162.1621562022276,198.19819091383377,57.6,220.0,EMS,MWH,VALID
2025-12-17 14:00:00,376.2151967306708,169.29683852880186,206.91835820186893,57.6,220.0,EMS,MWH,VALID
2025-12-17 15:00:00,361.7349693826517,162.7807362221933,198.95423316045847,57.6,220.0,EMS,MWH,VALID
2025-12-17 16:00:00,371.4418863617222,167.148848862775,204.29303749894723,57.6,220.0,EMS,MWH,VALID
2025-12-17 17:00:00,439.32749245983297,197.69737160692483,241.63012085290816,57.6,220.0,EMS,MWH,VALID
2025-12-17 18:00:00,484.48486978086254,218.01819140138812,266.46667837947444,57.6,220.0,EMS,MWH,VALID
2025-12-17 19:00:00,495.6233909575078,223.03052593087853,272.59286502662934,57.6,220.0,EMS,MWH,VALID
2025-12-17 20:00:00,436.44873849409873,196.40193232234444,240.04680617175435,57.6,220.0,EMS,MWH,VALID
2025-12-17 21:00:00,399.64682634712585,179.84107185620664,219.80575449091924,80.0,220.0,EMS,MWH,VALID
2025-12-17 22:00:00,329.7604796961621,148.39221586327295,181.3682638328892,80.0,220.0,EMS,MWH,VALID
2025-12-17 23:00:00,320.27827486364504,144.12522368864026,176.15305117500478,80.0,220.0,EMS,MWH,VALID
2025-12-18 00:00:00,338.024185404504,152.1108834320268,185.91330197247723,80.0,220.0,EMS,MWH,VALID
2025-12-18 01:00:00,287.96535641042254,129.58441038469016,158.3809460257324,80.0,220.0,EMS,MWH,VALID
2025-12-18 02:00:00,324.06473512887914,145.82913080799565,178.23560432088354,80.0,220.0,EMS,MWH,VALID
2025-12-18 03:00:00,279.48408168681965,125.76783675906884,153.7162449277508,80.0,220.0,EMS,MWH,VALID
2025-12-18 04:00:00,309.8736132746172,139.44312597357774,170.43048730103948,80.0,220.0,EMS,MWH,VALID
2025-12-18 05:00:00,326.5948154050401,146.96766693226806,179.62714847277206,80.0,220.0,EMS,MWH,VALID
2025-12-18 06:00:00,367.6517667003317,165.44329501514926,202.20847168518245,80.0,220.0,EMS,MWH,VALID
2025-12-18 07:00:00,379.0254766110776,170.56146447498492,208.4640121360927,80.0,220.0,EMS,MWH,VALID
2025-12-18 08:00:00,377.5115279372407,169.8801875717583,207.6313403654824,80.0,220.0,EMS,MWH,VALID
2025-12-18 09:00:00,424.1449560913588,190.86523024111145,233.27972585024736,80.0,220.0,EMS,MWH,VALID
2025-12-18 10:00:00,374.33206170883454,168.44942776897554,205.882633939859,80.0,220.0,EMS,MWH,VALID
2025-12-18 11:00:00,358.5921981931693,161.36648918692617,197.2257090062431,80.0,220.0,EMS,MWH,VALID
2025-12-18 12:00:00,356.7131704544487,160.5209267045019,196.1922437499468,80.0,220.0,EMS,MWH,VALID
2025-12-18 13:00:00,346.48432764313014,155.91794743940858,190.5663802037216,80.0,220.0,EMS,MWH,VALID
2025-12-18 14:00:00,351.36121826889223,158.1125482210015,193.2486700478908,80.0,220.0,EMS,MWH,VALID
2025-12-18 15:00:00,372.4545314752122,167.6045391638455,204.84999231136672,80.0,220.0,EMS,MWH,VALID
2025-12-18 16:00:00,407.9907255520819,183.59582649843688,224.39489905364508,80.0,220.0,EMS,MWH,VALID
2025-12-18 17:00:00,423.8155415071706,190.7169936782268,233.09854782894385,80.0,220.0,EMS,MWH,VALID
2025-12-18 18:00:00,440.7015977203286,198.31571897414787,242.3858787461808,80.0,220.0,EMS,MWH,VALID
2025-12-18 19:00:00,446.8396165637698,201.0778274536964,245.7617891100734,80.0,220.0,EMS,MWH,VALID
2025-12-18 20:00:00,460.61775867952514,207.2779914057863,253.3397672737389,80.0,220.0,EMS,MWH,VALID
2025-12-18 21:00:00,388.51405177153686,174.8313232971916,213.68272847434528,80.0,220.0,EMS,MWH,VALID
2025-12-18 22:00:00,363.2978129185448,163.48401581334514,199.81379710519963,80.0,220.0,EMS,MWH,VALID
2025-12-18 23:00:00,317.9814842427629,143.0916679092433,174.8898163335196,80.0,220.0,EMS,MWH,VALID
2025-12-19 00:00:00,302.3225919174697,136.04516636286138,166.27742555460836,80.0,220.0,EMS,MWH,VALID
2025-12-19 01:00:00,305.5365880306077,137.49146461377345,168.04512341683423,80.0,220.0,EMS,MWH,VALID
2025-12-19 02:00:00,301.6142459817874,135.72641069180435,165.8878352899831,80.0,220.0,EMS,MWH,VALID
2025-12-19 03:00:00,291.5892240176441,131.21515080793984,160.37407320970425,80.0,220.0,EMS,MWH,VALID
2025-12-19 04:00:00,307.2429189825938,138.2593135421672,168.9836054404266,80.0,220.0,EMS,MWH,VALID
2025-12-19 05:00:00,318.9233913359338,143.5155261011702,175.4078652347636,80.0,220.0,EMS,MWH,VALID
2025-12-19 06:00:00,369.3518833289477,166.20834749802646,203.14353583092125,80.0,220.0,EMS,MWH,VALID
2025-12-19 07:00:00,392.5217049467345,176.63476722603053,215.886937720704,80.0,220.0,EMS,MWH,VALID
2025-12-19 08:00:00,381.575339206296,171.70890264283318,209.8664365634628,80.0,220.0,EMS,MWH,VALID
2025-12-19 09:00:00,415.1129780331933,186.800840114937,228.31213791825635,80.0,220.0,EMS,MWH,VALID
2025-12-19 10:00:00,393.0054316820605,176.8524442569272,216.1529874251333,80.0,220.0,EMS,MWH,VALID
2025-12-19 11:00:00,341.95954042628,153.881793191826,188.077747234454,80.0,220.0,EMS,MWH,VALID
2025-12-19 12:00:00,355.1675232363534,159.82538545635904,195.3421377799944,80.0,220.0,EMS,MWH,VALID
2025-12-19 13:00:00,379.08156102159,170.58670245971547,208.49485856187448,80.0,220.0,EMS,MWH,VALID
2025-12-19 14:00:00,368.7843047523134,165.95293713854105,202.8313676137724,80.0,220.0,EMS,MWH,VALID
2025-12-19 15:00:00,392.2703545327509,176.5216595397379,215.74869499301295,80.0,220.0,EMS,MWH,VALID
2025-12-19 16:00:00,403.08127441082667,181.386573484872,221.6947009259547,80.0,220.0,EMS,MWH,VALID
2025-12-19 17:00:00,432.4058924356244,194.58265159603096,237.8232408395934,80.0,220.0,EMS,MWH,VALID
2025-12-19 18:00:00,466.8284498903776,210.0728024506699,256.7556474397077,80.0,220.0,EMS,MWH,VALID
2025-12-19 19:00:00,462.9122213128615,208.31049959078769,254.60172172207385,80.0,220.0,EMS,MWH,VALID
2025-12-19 20:00:00,460.8899459710262,207.40047568696176,253.4894702840644,80.0,220.0,EMS,MWH,VALID
2025-12-19 21:00:00,404.03540876524215,181.81593394435896,222.2194748208832,80.0,220.0,EMS,MWH,VALID
2025-12-19 22:00:00,359.7293790503733,161.878220572668,197.85115847770533,80.0,220.0,EMS,MWH,VALID
2025-12-19 23:00:00,342.6339091488049,154.1852591169622,188.4486500318427,80.0,220.0,EMS,MWH,VALID
2025-12-20 00:00:00,255.40985535695447,114.93443491062952,140.475420446325,80.0,220.0,EMS,MWH,VALID
2025-12-20 01:00:00,249.3697490912622,112.216387091068,137.15336200019422,80.0,220.0,EMS,MWH,VALID
2025-12-20 02:00:00,234.29203277488912,105.4314147487001,128.86061802618903,80.0,220.0,EMS,MWH,VALID
2025-12-20 03:00:00,239.5494906083456,107.79727077375551,131.75221983459008,80.0,220.0,EMS,MWH,VALID
2025-12-20 04:00:00,252.0537489617418,113.42418703278382,138.629561928958,80.0,220.0,EMS,MWH,VALID
2025-12-20 05:00:00,242.38145652382195,109.07165543571988,133.3098010881021,80.0,220.0,EMS,MWH,VALID
2025-12-20 06:00:00,299.6094142676046,134.8242364204221,164.78517784718255,80.0,220.0,EMS,MWH,VALID
2025-12-20 07:00:00,310.8946665300225,139.90259993851012,170.99206659151238,80.0,220.0,EMS,MWH,VALID
2025-12-20 08:00:00,336.57656616559507,151.45945477451778,185.1171113910773,80.0,220.0,EMS,MWH,VALID
2025-12-20 09:00:00,321.8630400481554,144.83836802166994,177.0246720264855,80.0,220.0,EMS,MWH,VALID
2025-12-20 10:00:00,339.9268723925142,152.9670925766314,186.95977981588285,80.0,220.0,EMS,MWH,VALID
2025-12-20 11:00:00,267.13641608546493,120.21138723845922,146.92502884700573,80.0,220.0,EMS,MWH,VALID
2025-12-20 12:00:00,264.6454467358532,119.09045103113392,145.55499570471926,80.0,220.0,EMS,MWH,VALID
2025-12-20 13:00:00,274.0637807714685,123.32870134716082,150.73507942430768,80.0,220.0,EMS,MWH,VALID
2025-12-20 14:00:00,237.72131916969892,106.97459362636452,130.74672554333443,80.0,220.0,EMS,MWH,VALID
2025-12-20 15:00:00,267.5373055247869,120.39178748615412,147.14551803863282,80.0,220.0,EMS,MWH,VALID
2025-12-20 16:00:00,296.1016050923929,133.2457222915768,162.85588280081612,80.0,220.0,EMS,MWH,VALID
2025-12-20 17:00:00,366.48908805634585,164.92008962535564,201.56899843099023,80.0,220.0,EMS,MWH,VALID
2025-12-20 18:00:00,387.66535871283327,174.44941142077496,213.2159472920583,80.0,220.0,EMS,MWH,VALID
2025-12-20 19:00:00,397.09359793730073,178.69211907178533,218.40147886551543,80.0,220.0,EMS,MWH,VALID
2025-12-20 20:00:00,383.4873653659244,172.56931441466597,210.9180509512584,80.0,220.0,EMS,MWH,VALID
2025-12-20 21:00:00,341.3051030830446,153.5872963873701,187.71780669567457,80.0,220.0,EMS,MWH,VALID
2025-12-20 22:00:00,287.45015973106547,129.35257187897946,158.097587852086,80.0,220.0,EMS,MWH,VALID
2025-12-20 23:00:00,268.08495613694413,120.63823026162486,147.4467258753193,80.0,220.0,EMS,MWH,VALID
2025-12-21 00:00:00,254.1768467769896,114.37958104964532,139.79726572734427,80.0,220.0,EMS,MWH,VALID
2025-12-21 01:00:00,248.63395762084693,111.88528092938112,136.74867669146582,80.0,220.0,EMS,MWH,VALID
2025-12-21 02:00:00,233.4161034230362,105.03724654036628,128.3788568826699,80.0,220.0,EMS,MWH,VALID
2025-12-21 03:00:00,246.3624013963488,110.86308062835695,135.49932076799183,80.0,220.0,EMS,MWH,VALID
2025-12-21 04:00:00,254.098664850226,114.34439918260168,139.75426566762428,80.0,220.0,EMS,MWH,VALID
2025-12-21 05:00:00,279.819206053662,125.91864272414789,153.90056332951409,80.0,220.0,EMS,MWH,VALID
2025-12-21 06:00:00,293.9297712327872,132.26839705475425,161.66137417803296,80.0,220.0,EMS,MWH,VALID
2025-12-21 07:00:00,320.1353848788978,144.06092319550402,176.07446168339382,80.0,220.0,EMS,MWH,VALID
2025-12-21 08:00:00,321.55365324322344,144.69914395945054,176.8545092837729,80.0,220.0,EMS,MWH,VALID
2025-12-21 10:00:00,313.1640648439647,140.92382917978412,172.2402356641806,80.0,220.0,EMS,MWH,VALID
2025-12-21 11:00:00,277.4230559394125,124.84037517273563,152.5826807666769,80.0,220.0,EMS,MWH,VALID
2025-12-21 12:00:00,255.93912081873893,115.17260436843252,140.76651645030643,80.0,220.0,EMS,MWH,VALID
2025-12-21 13:00:00,259.5911330163329,116.8160098573498,142.7751231589831,80.0,220.0,EMS,MWH,VALID
2025-12-21 14:00:00,269.8754712165322,121.4439620474395,148.43150916909272,80.0,220.0,EMS,MWH,VALID
2025-12-21 15:00:00,299.6656705085293,134.84955172883818,164.81611877969112,80.0,220.0,EMS,MWH,VALID
2025-12-21 16:00:00,318.7711202587017,143.44700411641577,175.32411614228596,80.0,220.0,EMS,MWH,VALID
2025-12-21 17:00:00,350.0845752333283,157.53805885499773,192.54651637833055,80.0,220.0,EMS,MWH,VALID
2025-12-21 18:00:00,376.35250119301526,169.35862553685686,206.9938756561584,80.0,220.0,EMS,MWH,VALID
2025-12-21 19:00:00,363.4013778914453,163.53062005115038,199.8707578402949,80.0,220.0,EMS,MWH,VALID
2025-12-21 20:00:00,384.1170676601215,172.8526804470547,211.26438721306684,80.0,220.0,EMS,MWH,VALID
2025-12-21 21:00:00,323.4637633137535,145.55869349118908,177.90506982256443,80.0,220.0,EMS,MWH,VALID
2025-12-21 22:00:00,315.1822468142333,141.832011066405,173.35023574782832,80.0,220.0,EMS,MWH,VALID
2025-12-21 23:00:00,272.70077990443843,122.7153509569973,149.98542894744116,80.0,220.0,EMS,MWH,VALID
2025-12-22 00:00:00,280.6982845465513,126.31422804594808,154.38405650060324,80.0,220.0,EMS,MWH,VALID
2025-12-22 01:00:00,284.28053632131684,127.92624134459258,156.35429497672428,80.0,220.0,EMS,MWH,VALID
2025-12-22 02:00:00,301.82177881549944,135.81980046697475,166.00197834852472,80.0,220.0,EMS,MWH,VALID
2025-12-22 03:00:00,286.17764574993566,128.77994058747106,157.39770516246463,80.0,220.0,EMS,MWH,VALID
2025-12-22 04:00:00,322.9432801823175,145.32447608204288,177.61880410027464,80.0,220.0,EMS,MWH,VALID
2025-12-22 05:00:00,333.5744378682172,150.10849704069776,183.4659408275195,80.0,220.0,EMS,MWH,VALID
2025-12-22 06:00:00,386.28581545508746,173.82861695478937,212.4571985002981,80.0,220.0,EMS,MWH,VALID
2025-12-22 07:00:00,393.0484055609459,176.87178250242567,216.17662305852028,80.0,220.0,EMS,MWH,VALID
2025-12-22 08:00:00,392.4235592592512,176.59060166666302,215.83295759258812,80.0,220.0,EMS,MWH,VALID
2025-12-22 09:00:00,414.1950007889533,186.387750355029,227.8072504339244,80.0,220.0,EMS,MWH,VALID
2025-12-22 10:00:00,390.24902490861086,175.6120612088749,214.636963699736,80.0,220.0,EMS,MWH,VALID
2025-12-22 11:00:00,374.5804415512806,168.56119869807628,206.0192428532044,80.0,220.0,EMS,MWH,VALID
2025-12-22 12:00:00,373.509841031696,168.07942846426317,205.4304125674328,80.0,220.0,EMS,MWH,VALID
2025-12-22 13:00:00,352.7596865398617,158.74185894293777,194.01782759692395,80.0,220.0,EMS,MWH,VALID
2025-12-22 14:00:00,373.50106676882746,168.07548004597237,205.42558672285512,80.0,220.0,EMS,MWH,VALID
2025-12-22 15:00:00,383.5963867409284,172.61837403341778,210.97801270751063,80.0,220.0,EMS,MWH,VALID
2025-12-22 16:00:00,400.7906186411423,180.355778388514,220.43484025262825,80.0,220.0,EMS,MWH,VALID
2025-12-22 17:00:00,401.9049356636219,180.85722104862987,221.0477146149921,80.0,220.0,EMS,MWH,VALID
2025-12-22 18:00:00,461.507154486573,207.67821951895783,253.8289349676152,80.0,220.0,EMS,MWH,VALID
2025-12-22 19:00:00,449.7653901790617,202.39442558057775,247.37096459848397,80.0,220.0,EMS,MWH,VALID
2025-12-22 20:00:00,429.34019044147504,193.20308569866376,236.1371047428113,80.0,220.0,EMS,MWH,VALID
2025-12-22 21:00:00,387.7111910863077,174.47003598883848,213.2411550974693,80.0,220.0,EMS,MWH,VALID
2025-12-22 22:00:00,354.46674864177214,159.51003688879746,194.95671175297468,80.0,220.0,EMS,MWH,VALID
2025-12-22 23:00:00,320.5106055076526,144.22977247844366,176.28083302920894,80.0,220.0,EMS,MWH,VALID
2025-12-23 00:00:00,318.323355513109,143.24550998089904,175.07784553220995,80.0,220.0,EMS,MWH,VALID
2025-12-23 01:00:00,309.21397694573284,139.14628962557978,170.06768732015308,80.0,220.0,EMS,MWH,VALID
2025-12-23 02:00:00,314.8883121906813,141.6997404858066,173.18857170487473,80.0,220.0,EMS,MWH,VALID
2025-12-23 03:00:00,312.5290375364565,140.63806689140543,171.89097064505108,80.0,220.0,EMS,MWH,VALID
2025-12-23 04:00:00,291.4910304597358,131.1709637068811,160.3200667528547,80.0,220.0,EMS,MWH,VALID
2025-12-23 05:00:00,315.77277170512195,142.0977472673049,173.6750244378171,80.0,220.0,EMS,MWH,VALID
2025-12-23 06:00:00,317.8364583765574,143.02640626945083,174.81005210710657,80.0,220.0,EMS,MWH,VALID
2025-12-23 07:00:00,386.4757173485594,173.91407280685172,212.5616445417077,80.0,220.0,EMS,MWH,VALID
2025-12-23 08:00:00,426.6033277164599,191.97149747240692,234.63183024405296,80.0,220.0,EMS,MWH,VALID
2025-12-23 09:00:00,405.165013934428,182.32425627049255,222.8407576639354,80.0,220.0,EMS,MWH,VALID
2025-12-23 10:00:00,373.4401943604624,168.0480874622081,205.39210689825435,80.0,220.0,EMS,MWH,VALID
2025-12-23 11:00:00,363.0296407928973,163.3633383568038,199.6663024360936,80.0,220.0,EMS,MWH,VALID
2025-12-23 12:00:00,373.553207351546,168.0989433081957,205.4542640433503,80.0,220.0,EMS,MWH,VALID
2025-12-23 13:00:00,358.1878175023127,161.18451787604073,197.003299626272,80.0,220.0,EMS,MWH,VALID
2025-12-23 14:00:00,380.1753762945652,171.07891933255434,209.09645696201088,80.0,220.0,EMS,MWH,VALID
2025-12-23 15:00:00,386.93859547655,174.1223679644475,212.81622751210253,80.0,220.0,EMS,MWH,VALID
2025-12-23 16:00:00,393.1351626826525,176.9108232071936,216.2243394754589,80.0,220.0,EMS,MWH,VALID
2025-12-23 17:00:00,413.692732905532,186.1617298074894,227.5310030980426,80.0,220.0,EMS,MWH,VALID
2025-12-23 18:00:00,468.44904701727626,210.80207115777432,257.64697585950194,80.0,220.0,EMS,MWH,VALID
2025-12-23 19:00:00,460.7915041390008,207.35617686255037,253.43532727645044,80.0,220.0,EMS,MWH,VALID
2025-12-23 20:00:00,455.1084292745552,204.79879317354985,250.30963610100537,80.0,220.0,EMS,MWH,VALID
2025-12-23 21:00:00,412.4915827148873,185.62121222169927,226.870370493188,80.0,220.0,EMS,MWH,VALID
2025-12-23 22:00:00,350.4332930449505,157.69498187022774,192.7383111747228,80.0,220.0,EMS,MWH,VALID
2025-12-23 23:00:00,347.1264166890313,156.2068875100641,190.91952917896725,80.0,220.0,EMS,MWH,VALID
2025-12-24 00:00:00,293.4266451995575,132.0419903398009,161.3846548597567,80.0,220.0,EMS,MWH,VALID
2025-12-24 01:00:00,310.85873033723004,139.88642865175353,170.97230168547654,80.0,220.0,EMS,MWH,VALID
2025-12-24 02:00:00,309.2123467778979,139.14555605005407,170.06679072784385,80.0,220.0,EMS,MWH,VALID
2025-12-24 03:00:00,296.49009311592687,133.4205419021671,163.06955121375978,80.0,220.0,EMS,MWH,VALID
2025-12-24 04:00:00,291.993123484413,131.39690556798584,160.59621791642715,80.0,220.0,EMS,MWH,VALID
2025-12-24 05:00:00,326.6903778119611,147.01067001538252,179.67970779657864,80.0,220.0,EMS,MWH,VALID
2025-12-24 06:00:00,366.4493560100639,164.90221020452876,201.5471458055352,80.0,220.0,EMS,MWH,VALID
2025-12-24 07:00:00,384.3282353094256,172.94770588924152,211.38052942018408,80.0,220.0,EMS,MWH,VALID
2025-12-24 08:00:00,401.4260611134797,180.64172750106584,220.78433361241383,80.0,220.0,EMS,MWH,VALID
2025-12-24 09:00:00,411.2154747354396,185.0469636309478,226.16851110449176,80.0,220.0,EMS,MWH,VALID
2025-12-24 10:00:00,393.48175370373576,177.0667891666811,216.4149645370547,80.0,220.0,EMS,MWH,VALID
2025-12-24 11:00:00,364.2642159697768,163.9188971863996,200.34531878337728,80.0,220.0,EMS,MWH,VALID
2025-12-24 12:00:00,347.1007921766515,156.19535647949317,190.90543569715837,80.0,220.0,EMS,MWH,VALID
2025-12-24 13:00:00,373.7320803640171,168.1794361638077,205.55264420020944,80.0,220.0,EMS,MWH,VALID
2025-12-24 14:00:00,356.5640238896588,160.45381075034643,196.11021313931232,80.0,220.0,EMS,MWH,VALID
2025-12-24 15:00:00,369.1624879154602,166.12311956195708,203.0393683535031,80.0,220.0,EMS,MWH,VALID
2025-12-24 16:00:00,411.9680681819448,185.38563068187517,226.58243750006963,80.0,220.0,EMS,MWH,VALID
2025-12-24 17:00:00,466.8445869710706,210.0800641369818,256.7645228340889,80.0,220.0,EMS,MWH,VALID
2025-12-24 18:00:00,489.8498995961229,220.43245481825528,269.4174447778676,80.0,220.0,EMS,MWH,VALID
2025-12-24 19:00:00,470.8993315832095,211.90469921244429,258.99463237076526,80.0,220.0,EMS,MWH,VALID
2025-12-24 20:00:00,469.348873132605,211.20699290967227,258.1418802229328,80.0,220.0,EMS,MWH,VALID
2025-12-24 21:00:00,384.6412799656939,173.08857598456223,211.55270398113169,80.0,220.0,EMS,MWH,VALID
2025-12-24 22:00:00,354.63023100379394,159.5836039517073,195.04662705208668,80.0,220.0,EMS,MWH,VALID
2025-12-24 23:00:00,319.2824893123834,143.67712019057254,175.6053691218109,80.0,220.0,EMS,MWH,VALID
2025-12-25 00:00:00,289.20136455859443,130.1406140513675,159.06075050722694,80.0,220.0,EMS,MWH,VALID
2025-12-25 01:00:00,300.40819351970754,135.1836870838684,165.22450643583915,80.0,220.0,EMS,MWH,VALID
2025-12-25 02:00:00,303.68096390143575,136.65643375564608,167.02453014578967,80.0,220.0,EMS,MWH,VALID
2025-12-25 03:00:00,295.7982201434276,133.1091990645424,162.68902107888516,80.0,220.0,EMS,MWH,VALID
2025-12-25 04:00:00,311.1682825360553,140.02572714122488,171.14255539483042,80.0,220.0,EMS,MWH,VALID
2025-12-25 05:00:00,313.6776336108141,141.15493512486637,172.5226984859478,80.0,220.0,EMS,MWH,VALID
2025-12-25 06:00:00,316.58378266676647,142.4627022000449,174.12108046672157,80.0,220.0,EMS,MWH,VALID
2025-12-25 07:00:00,389.2293207060071,175.15319431770317,214.0761263883039,80.0,220.0,EMS,MWH,VALID
2025-12-25 08:00:00,412.66924240673234,185.70115908302955,226.9680833237028,80.0,220.0,EMS,MWH,VALID
2025-12-25 09:00:00,418.1714484219812,188.17715178989155,229.99429663208969,80.0,220.0,EMS,MWH,VALID
2025-12-25 10:00:00,372.0904416154754,167.44069872696394,204.6497428885115,80.0,220.0,EMS,MWH,VALID
2025-12-25 11:00:00,355.390789854736,159.92585543463122,195.4649344201048,80.0,220.0,EMS,MWH,VALID
2025-12-25 12:00:00,338.29637316384765,152.23336792373144,186.0630052401162,80.0,220.0,EMS,MWH,VALID
2025-12-25 13:00:00,370.8268418767846,166.87207884455307,203.95476303223157,80.0,220.0,EMS,MWH,VALID
2025-12-25 14:00:00,357.08030833779407,160.68613875200734,196.3941695857868,80.0,220.0,EMS,MWH,VALID
2025-12-25 15:00:00,367.0477805453405,165.17150124540325,201.8762792999373,80.0,220.0,EMS,MWH,VALID
2025-12-25 16:00:00,405.6842058021916,182.55789261098624,223.12631319120536,80.0,220.0,EMS,MWH,VALID
2025-12-25 17:00:00,450.2913494178256,202.6311072380215,247.6602421798041,80.0,220.0,EMS,MWH,VALID
2025-12-25 18:00:00,454.2247919117409,204.40115636028335,249.8236355514575,80.0,220.0,EMS,MWH,VALID
2025-12-25 19:00:00,483.0346138457884,217.3655762306048,265.66903761518364,80.0,220.0,EMS,MWH,VALID
2025-12-25 20:00:00,455.7617246925699,205.0927761116565,250.66894858091345,80.0,220.0,EMS,MWH,VALID
2025-12-25 21:00:00,425.8516900839531,191.63326053777888,234.2184295461742,80.0,220.0,EMS,MWH,VALID
2025-12-25 22:00:00,363.7377206738884,163.6819743032498,200.05574637063864,80.0,220.0,EMS,MWH,VALID
2025-12-25 23:00:00,315.96111881897235,142.18250346853756,173.77861535043482,80.0,220.0,EMS,MWH,VALID
2025-12-26 00:00:00,288.742700183798,129.9342150827091,158.8084851010889,80.0,220.0,EMS,MWH,VALID
2025-12-26 01:00:00,318.9373580824647,143.52181113710913,175.4155469453556,80.0,220.0,EMS,MWH,VALID
2025-12-26 02:00:00,325.8022581089373,146.6110161490218,179.19124195991552,80.0,220.0,EMS,MWH,VALID
2025-12-26 03:00:00,288.4772474353585,129.81476134591134,158.6624860894472,80.0,220.0,EMS,MWH,VALID
2025-12-26 04:00:00,283.54283967115566,127.59427785202006,155.94856181913562,80.0,220.0,EMS,MWH,VALID
2025-12-26 05:00:00,332.6115993799158,149.6752197209621,182.9363796589537,80.0,220.0,EMS,MWH,VALID
2025-12-26 06:00:00,338.94344148891014,152.52454867000958,186.4188928189006,80.0,220.0,EMS,MWH,VALID
2025-12-26 07:00:00,370.1066171612278,166.5479777225525,203.5586394386753,80.0,220.0,EMS,MWH,VALID
2025-12-26 08:00:00,395.5055654440996,177.97750444984482,217.5280609942548,80.0,220.0,EMS,MWH,VALID
2025-12-26 09:00:00,397.4682234737032,178.86070056316643,218.6075229105368,80.0,220.0,EMS,MWH,VALID
2025-12-26 10:00:00,367.4712518713538,165.36206334210922,202.10918852924465,80.0,220.0,EMS,MWH,VALID
2025-12-26 11:00:00,386.4336066468378,173.89512299107702,212.5384836557608,80.0,220.0,EMS,MWH,VALID
2025-12-26 12:00:00,364.5967329908625,164.0685298458881,200.5282031449744,80.0,220.0,EMS,MWH,VALID
2025-12-26 13:00:00,372.4305645405333,167.59375404323998,204.83681049729333,80.0,220.0,EMS,MWH,VALID
2025-12-26 14:00:00,358.4331880848228,161.29493463817028,197.13825344665256,80.0,220.0,EMS,MWH,VALID
2025-12-26 15:00:00,378.4274523442359,170.29235355490613,208.13509878932973,80.0,220.0,EMS,MWH,VALID
2025-12-26 16:00:00,396.09314162712326,178.24191373220546,217.8512278949178,80.0,220.0,EMS,MWH,VALID
2025-12-26 17:00:00,437.7948524745734,197.00768361355804,240.7871688610154,80.0,220.0,EMS,MWH,VALID
2025-12-26 18:00:00,446.0553556919591,200.7249100613816,245.33044563057751,80.0,220.0,EMS,MWH,VALID
2025-12-26 19:00:00,483.84619229577487,217.7307865330987,266.1154057626762,80.0,220.0,EMS,MWH,VALID
2025-12-26 20:00:00,448.5296060200855,201.8383227090385,246.69128331104704,80.0,220.0,EMS,MWH,VALID
2025-12-26 21:00:00,394.7276376865218,177.62743695893482,217.100200727587,80.0,220.0,EMS,MWH,VALID
2025-12-26 22:00:00,361.52494710646863,162.68622619791088,198.83872090855775,80.0,220.0,EMS,MWH,VALID
2025-12-26 23:00:00,341.4195735814583,153.63880811165623,187.78076546980208,80.0,220.0,EMS,MWH,VALID
2025-12-27 00:00:00,254.8193557736518,114.66871009814332,140.1506456755085,80.0,220.0,EMS,MWH,VALID
2025-12-27 01:00:00,257.0234558125693,115.6605551156562,141.36290069691316,80.0,220.0,EMS,MWH,VALID
2025-12-27 02:00:00,245.82864541319876,110.62289043593942,135.20575497725932,80.0,220.0,EMS,MWH,VALID
2025-12-27 03:00:00,234.94434941030576,105.7249572346376,129.2193921756682,80.0,220.0,EMS,MWH,VALID
2025-12-27 04:00:00,251.1042283978706,112.99690277904178,138.10732561882884,80.0,220.0,EMS,MWH,VALID
2025-12-27 05:00:00,268.9088638859108,121.00898874865985,147.89987513725094,80.0,220.0,EMS,MWH,VALID
2025-12-27 06:00:00,306.8929351303632,138.10182080866343,168.79111432169975,80.0,220.0,EMS,MWH,VALID
2025-12-27 07:00:00,306.9632755919491,138.1334740163771,168.82980157557202,80.0,220.0,EMS,MWH,VALID
2025-12-27 08:00:00,349.5674506320781,157.30535278443514,192.26209784764296,80.0,220.0,EMS,MWH,VALID
2025-12-27 09:00:00,346.7085984471655,156.0188693012245,190.68972914594104,80.0,220.0,EMS,MWH,VALID
2025-12-27 10:00:00,286.0020581887352,128.70092618493084,157.30113200380436,80.0,220.0,EMS,MWH,VALID
2025-12-27 11:00:00,319.25809892428515,143.66614451592832,175.59195440835686,80.0,220.0,EMS,MWH,VALID
2025-12-27 12:00:00,301.6525290471215,135.74363807120469,165.90889097591685,80.0,220.0,EMS,MWH,VALID
2025-12-27 13:00:00,292.5728126249169,131.6577656812126,160.91504694370428,80.0,220.0,EMS,MWH,VALID
2025-12-27 14:00:00,321.60668268419573,144.7230072078881,176.88367547630767,80.0,220.0,EMS,MWH,VALID
2025-12-27 15:00:00,316.5645325809721,142.45403966143746,174.1104929195347,80.0,220.0,EMS,MWH,VALID
2025-12-27 16:00:00,305.3086137384633,137.38887618230848,167.9197375561548,80.0,220.0,EMS,MWH,VALID
2025-12-27 17:00:00,370.776218137418,166.8492981618381,203.92691997557992,80.0,220.0,EMS,MWH,VALID
2025-12-27 18:00:00,379.6975459621162,170.86389568295232,208.83365027916395,80.0,220.0,EMS,MWH,VALID
2025-12-27 19:00:00,391.9238962399472,176.36575330797626,215.558142931971,80.0,220.0,EMS,MWH,VALID
2025-12-27 20:00:00,395.2531065208798,177.8638979343959,217.3892085864839,80.0,220.0,EMS,MWH,VALID
2025-12-27 21:00:00,330.0605359433518,148.5272411745083,181.5332947688435,80.0,220.0,EMS,MWH,VALID
2025-12-27 22:00:00,267.4989935022334,120.37454707600504,147.1244464262284,80.0,220.0,EMS,MWH,VALID
2025-12-27 23:00:00,270.57252163606404,121.75763473622882,148.81488689983524,80.0,220.0,EMS,MWH,VALID
2025-12-28 00:00:00,237.33906847435088,106.8025808134579,130.536487660893,80.0,220.0,EMS,MWH,VALID
2025-12-28 01:00:00,240.92641924234908,108.4168886590571,132.50953058329202,80.0,220.0,EMS,MWH,VALID
2025-12-28 02:00:00,235.16469303397065,105.82411186528678,129.34058116868383,80.0,220.0,EMS,MWH,VALID
2025-12-28 03:00:00,224.5824406597336,101.06209829688012,123.5203423628535,80.0,220.0,EMS,MWH,VALID
2025-12-28 04:00:00,263.2302359311421,118.45360616901394,144.77662976212815,80.0,220.0,EMS,MWH,VALID
2025-12-28 05:00:00,289.789880858054,130.4054463861243,159.38443447192972,80.0,220.0,EMS,MWH,VALID
2025-12-28 06:00:00,299.3273992502513,134.69732966261307,164.63006958763822,80.0,220.0,EMS,MWH,VALID
2025-12-28 07:00:00,307.23074328447507,138.25383447801377,168.9769088064613,80.0,220.0,EMS,MWH,VALID
2025-12-28 08:00:00,333.8005089967102,150.2102290485196,183.59027994819064,80.0,220.0,EMS,MWH,VALID
2025-12-28 09:00:00,369.50297503905136,166.27633876757312,203.22663627147827,80.0,220.0,EMS,MWH,VALID
2025-12-28 10:00:00,272.9928942936163,122.84680243212732,150.14609186148897,80.0,220.0,EMS,MWH,VALID
2025-12-28 11:00:00,309.59958213829515,139.31981196223282,170.27977017606236,80.0,220.0,EMS,MWH,VALID
2025-12-28 12:00:00,285.5013546833455,128.47560960750548,157.02574507584004,80.0,220.0,EMS,MWH,VALID
2025-12-28 13:00:00,302.47319124676994,136.11293606104647,166.36025518572347,80.0,220.0,EMS,MWH,VALID
2025-12-28 14:00:00,262.10508669801203,117.94728901410542,144.15779768390664,80.0,220.0,EMS,MWH,VALID
2025-12-28 15:00:00,284.52763220996,128.037434494482,156.49019771547802,80.0,220.0,EMS,MWH,VALID
2025-12-28 16:00:00,325.88418648307965,146.64788391738583,179.23630256569382,80.0,220.0,EMS,MWH,VALID
2025-12-28 17:00:00,371.9803207235993,167.39114432561968,204.58917639797963,80.0,220.0,EMS,MWH,VALID
2025-12-28 18:00:00,399.2334155273279,179.65503698729756,219.5783785400304,80.0,220.0,EMS,MWH,VALID
2025-12-28 19:00:00,363.3648240421544,163.5141708189695,199.8506532231849,80.0,220.0,EMS,MWH,VALID
2025-12-28 20:00:00,375.5332285844066,168.989952862983,206.54327572142367,80.0,220.0,EMS,MWH,VALID
2025-12-28 21:00:00,353.87777341741264,159.2449980378357,194.63277537957697,80.0,220.0,EMS,MWH,VALID
2025-12-28 22:00:00,309.852829936425,139.43377347139125,170.41905646503375,80.0,220.0,EMS,MWH,VALID
2025-12-28 23:00:00,236.05365668292376,106.2241455073157,129.82951117560808,80.0,220.0,EMS,MWH,VALID
2025-12-29 00:00:00,325.0874629273681,146.28935831731565,178.79810461005246,80.0,220.0,EMS,MWH,VALID
2025-12-29 01:00:00,278.50390340578235,125.32675653260206,153.1771468731803,80.0,220.0,EMS,MWH,VALID
2025-12-29 02:00:00,274.3946349313215,123.47758571909468,150.91704921222683,80.0,220.0,EMS,MWH,VALID
2025-12-29 03:00:00,278.25512711170205,125.21480720026592,153.04031991143614,80.0,220.0,EMS,MWH,VALID
2025-12-29 04:00:00,317.8422755863546,143.02902401385958,174.81325157249506,80.0,220.0,EMS,MWH,VALID
2025-12-29 05:00:00,314.5064769306512,141.52791461879306,172.97856231185818,80.0,220.0,EMS,MWH,VALID
2025-12-29 06:00:00,346.1680633332165,155.77562849994743,190.39243483326908,80.0,220.0,EMS,MWH,VALID
2025-12-29 07:00:00,381.00823309760017,171.45370489392008,209.5545282036801,80.0,220.0,EMS,MWH,VALID
2025-12-29 08:00:00,425.0212740861999,191.25957333879,233.76170074741,80.0,220.0,EMS,MWH,VALID
2025-12-29 09:00:00,416.7384683237119,187.53231074567037,229.20615757804157,80.0,220.0,EMS,MWH,VALID
2025-12-29 10:00:00,373.1860165188088,167.93370743346395,205.25230908534485,80.0,220.0,EMS,MWH,VALID
2025-12-29 11:00:00,365.98461795551657,164.69307807998246,201.2915398755341,80.0,220.0,EMS,MWH,VALID
2025-12-29 12:00:00,346.96534490348097,156.13440520656644,190.83093969691456,80.0,220.0,EMS,MWH,VALID
2025-12-29 13:00:00,357.1318958887292,160.70935314992815,196.4225427388011,80.0,220.0,EMS,MWH,VALID
2025-12-29 14:00:00,374.943844650101,168.72473009254546,206.2191145575556,80.0,220.0,EMS,MWH,VALID
2025-12-29 15:00:00,373.576098468979,168.10924431104056,205.46685415793849,80.0,220.0,EMS,MWH,VALID
2025-12-29 16:00:00,382.845055693636,172.2802750621362,210.56478063149984,80.0,220.0,EMS,MWH,VALID
2025-12-29 17:00:00,444.41506292310015,199.98677831539507,244.4282846077051,80.0,220.0,EMS,MWH,VALID
2025-12-29 18:00:00,463.9294324797345,208.7682446158805,255.161187863854,80.0,220.0,EMS,MWH,VALID
2025-12-29 19:00:00,459.6072781088204,206.8232751489692,252.7840029598512,80.0,220.0,EMS,MWH,VALID
2025-12-29 20:00:00,471.87687503488735,212.3445937656993,259.53228126918805,80.0,220.0,EMS,MWH,VALID
2025-12-29 21:00:00,410.8973125497993,184.9037906474097,225.9935219023897,80.0,220.0,EMS,MWH,VALID
2025-12-29 22:00:00,359.169989947535,161.62649547639074,197.54349447114427,80.0,220.0,EMS,MWH,VALID
2025-12-29 23:00:00,332.64978713271205,149.69240420972042,182.95738292299168,80.0,220.0,EMS,MWH,VALID
2025-12-30 00:00:00,278.50948418781934,125.3292678845187,153.18021630330065,80.0,220.0,EMS,MWH,VALID
2025-12-30 01:00:00,278.1321321801411,125.15945948106352,152.97267269907763,80.0,220.0,EMS,MWH,VALID
2025-12-30 02:00:00,289.0971928429327,130.09373677931973,159.00345606361302,80.0,220.0,EMS,MWH,VALID
2025-12-30 03:00:00,314.45054939961966,141.50274722982886,172.94780216979083,80.0,220.0,EMS,MWH,VALID
2025-12-30 04:00:00,301.3627858519694,135.61325363338625,165.7495322185832,80.0,220.0,EMS,MWH,VALID
2025-12-30 05:00:00,322.75903604141354,145.2415662186361,177.51746982277746,80.0,220.0,EMS,MWH,VALID
2025-12-30 06:00:00,385.2932158894184,173.3819471502383,211.91126873918012,80.0,220.0,EMS,MWH,VALID
2025-12-30 07:00:00,366.62751450587086,164.9823815276419,201.645132978229,80.0,220.0,EMS,MWH,VALID
2025-12-30 08:00:00,421.20772470900016,189.54347611905007,231.6642485899501,80.0,220.0,EMS,MWH,VALID
2025-12-30 09:00:00,390.8276407029886,175.87243831634487,214.95520238664372,80.0,220.0,EMS,MWH,VALID
2025-12-30 10:00:00,405.24457370310574,182.3600581663976,222.88451553670816,80.0,220.0,EMS,MWH,VALID
2025-12-30 11:00:00,366.5619629738949,164.95288333825272,201.60907963564225,80.0,220.0,EMS,MWH,VALID
2025-12-30 12:00:00,367.4492992545683,165.35218466455575,202.09711459001255,80.0,220.0,EMS,MWH,VALID
2025-12-30 13:00:00,354.8920488209061,159.70142196940776,195.1906268514984,80.0,220.0,EMS,MWH,VALID
2025-12-30 14:00:00,349.8946363870265,157.4525863741619,192.44205001286457,80.0,220.0,EMS,MWH,VALID
2025-12-30 15:00:00,362.59250236132726,163.16662606259726,199.42587629873,80.0,220.0,EMS,MWH,VALID
2025-12-30 16:00:00,397.10382586595057,178.69672163967775,218.4071042262728,80.0,220.0,EMS,MWH,VALID
2025-12-30 17:00:00,424.91422091096825,191.21139940993567,233.70282150103256,80.0,220.0,EMS,MWH,VALID
2025-12-30 18:00:00,447.0824716612073,201.1871122475433,245.89535941366404,80.0,220.0,EMS,MWH,VALID
2025-12-30 19:00:00,479.0085398028653,215.5538429112894,263.454696891576,80.0,220.0,EMS,MWH,VALID
2025-12-30 20:00:00,424.120740387612,190.8543331744254,233.26640721318665,80.0,220.0,EMS,MWH,VALID
2025-12-30 21:00:00,408.651083040021,183.89298736800944,224.7580956720116,80.0,220.0,EMS,MWH,VALID
2025-12-30 22:00:00,352.89238685819777,158.801574086189,194.0908127720088,80.0,220.0,EMS,MWH,VALID
2025-12-30 23:00:00,334.4348021996557,150.49566098984505,183.93914120981063,80.0,220.0,EMS,MWH,VALID
2025-12-31 00:00:00,318.79253869797844,143.4566424140903,175.33589628388816,80.0,220.0,EMS,MWH,VALID
2025-12-31 01:00:00,290.84505669816707,130.8802755141752,159.9647811839919,80.0,220.0,EMS,MWH,VALID
2025-12-31 02:00:00,294.9763345467683,132.73935054604576,162.2369840007226,80.0,220.0,EMS,MWH,VALID
2025-12-31 03:00:00,310.2396778951653,139.6078550528244,170.63182284234094,80.0,220.0,EMS,MWH,VALID
2025-12-31 04:00:00,311.1801324842761,140.03105961792426,171.14907286635187,80.0,220.0,EMS,MWH,VALID
2025-12-31 05:00:00,339.0858139231805,152.58861626543123,186.4971976577493,80.0,220.0,EMS,MWH,VALID
2025-12-31 06:00:00,346.3953750890619,155.87791879007784,190.5174562989841,80.0,220.0,EMS,MWH,VALID
2025-12-31 07:00:00,397.288391390644,178.77977612578977,218.50861526485417,80.0,220.0,EMS,MWH,VALID
2025-12-31 08:00:00,411.1622642762039,185.02301892429176,226.13924535191217,80.0,220.0,EMS,MWH,VALID
2025-12-31 09:00:00,412.1792818601493,185.4806768370672,226.6986050230821,80.0,220.0,EMS,MWH,VALID
2025-12-31 10:00:00,385.9387899300879,173.67245546853954,212.26633446154835,80.0,220.0,EMS,MWH,VALID
2025-12-31 11:00:00,372.6254379878212,167.6814470945195,204.94399089330165,80.0,220.0,EMS,MWH,VALID
2025-12-31 12:00:00,355.9185790349572,160.16336056573073,195.7552184692265,80.0,220.0,EMS,MWH,VALID
2025-12-31 13:00:00,375.4110634358764,168.9349785461444,206.47608488973205,80.0,220.0,EMS,MWH,VALID
2025-12-31 14:00:00,370.2646680856221,166.61910063852997,203.6455674470922,80.0,220.0,EMS,MWH,VALID
2025-12-31 15:00:00,379.0450419669378,170.570268885122,208.4747730818158,80.0,220.0,EMS,MWH,VALID
2025-12-31 16:00:00,386.7197109548608,174.02386992968735,212.69584102517345,80.0,220.0,EMS,MWH,VALID
2025-12-31 17:00:00,439.80535015573776,197.912407570082,241.8929425856558,80.0,220.0,EMS,MWH,VALID
2025-12-31 18:00:00,447.7718552943063,201.49733488243783,246.27452041186848,80.0,220.0,EMS,MWH,VALID
2025-12-31 19:00:00,482.54664268677936,217.14598920905075,265.40065347772867,80.0,220.0,EMS,MWH,VALID
2025-12-31 20:00:00,429.05757497049376,193.0759087367222,235.9816662337716,80.0,220.0,EMS,MWH,VALID
2025-12-31 21:00:00,433.5680589169351,195.1056265126208,238.46243240431437,80.0,220.0,EMS,MWH,VALID
2025-12-31 22:00:00,399.8182765546863,179.91822444960883,219.9000521050775,80.0,220.0,EMS,MWH,VALID
2025-12-31 23:00:00,339.82407754603827,152.92083489571723,186.90324265032103,80.0,220.0,EMS,MWH,VALID
