timestamp,total_demand_mwh,north_export_limit_mw,central_export_limit_mw,source_system,demand_unit,record_status
01/01/2025 00:00,269.5955427083412,80.0,220.0,EMS,MWH,VALID
2025-01-01 01:00:00,304.4527783502284,80.0,220.0,EMS,MWH,VALID
2025-01-01 02:00:00,285.878868970321,80.0,220.0,EMS,MWH,VALID
2025-01-01 03:00:00,299.7505722180065,80.0,220.0,EMS,MWH,VALID
2025-01-01 04:00:00,321.0410767910841,80.0,220.0,EMS,MWH,VALID
2025-01-01 05:00:00,303.67057507102027,80.0,220.0,EMS,MWH,VALID
2025-01-01 06:00:00,359.3540899290688,80.0,220.0,EMS,MWH,VALID
2025-01-01 07:00:00,389.79966248546657,80.0,220.0,EMS,MWH,VALID
2025-01-01 08:00:00,458.8858935401792,80.0,220.0,EMS,MWH,VALID
2025-01-01 09:00:00,400.21117471768537,80.0,220.0,EMS,MWH,VALID
2025-01-01 10:00:00,363.10623866708687,80.0,220.0,EMS,MWH,VALID
2025-01-01 11:00:00,368.5280254319438,80.0,220.0,EMS,MWH,VALID
2025-01-01 12:00:00,345.9803510752223,80.0,220.0,EMS,MWH,VALID
2025-01-01 13:00:00,387.46282570043695,80.0,220.0,EMS,MWH,VALID
2025-01-01 14:00:00,392.2963352806273,80.0,220.0,EMS,MWH,VALID
2025-01-01 15:00:00,375.2219311437764,80.0,220.0,EMS,MWH,VALID
2025-01-01 16:00:00,407.5131287983749,80.0,220.0,EMS,MWH,VALID
2025-01-01 17:00:00,435.9809014291279,80.0,220.0,EMS,MWH,VALID
2025-01-01 18:00:00,462.2097666509598,80.0,220.0,EMS,MWH,VALID
2025-01-01 19:00:00,456.3387100225066,80.0,220.0,EMS,MWH,VALID
2025-01-01 20:00:00,460.9850610777828,80.0,220.0,EMS,MWH,VALID
2025-01-01 21:00:00,409.8664949289608,80.0,220.0,EMS,MWH,VALID
2025-01-01 22:00:00,395.48390835637554,80.0,220.0,EMS,MWH,VALID
2025-01-01 23:00:00,326.7765198516309,80.0,220.0,EMS,MWH,VALID
2025-01-02 00:00:00,306.2508607469944,80.0,220.0,EMS,MWH,VALID
2025-01-02 01:00:00,302.7073227334691,80.0,220.0,EMS,MWH,VALID
2025-01-02 02:00:00,293.5891892097604,80.0,220.0,EMS,MWH,VALID
2025-01-02 03:00:00,305.7026950939908,80.0,220.0,EMS,MWH,VALID
2025-01-02 04:00:00,308.54596842316323,80.0,220.0,EMS,MWH,VALID
2025-01-02 05:00:00,311.91657044730374,80.0,220.0,EMS,MWH,VALID
2025-01-02 06:00:00,373.277034307589,80.0,220.0,EMS,MWH,VALID
2025-01-02 07:00:00,382.5989198005439,80.0,220.0,EMS,MWH,VALID
2025-01-02 08:00:00,421.5717987084911,80.0,220.0,EMS,MWH,VALID
2025-01-02 09:00:00,408.6659521636134,80.0,220.0,EMS,MWH,VALID
2025-01-02 10:00:00,398.3961312155112,80.0,220.0,EMS,MWH,VALID
2025-01-02 11:00:00,380.6312093630982,80.0,220.0,EMS,MWH,VALID
2025-01-02 12:00:00,390.5188573053647,80.0,220.0,EMS,MWH,VALID
2025-01-02 13:00:00,386.8985999752389,80.0,220.0,EMS,MWH,VALID
2025-01-02 14:00:00,371.4923752653116,80.0,220.0,EMS,MWH,VALID
2025-01-02 15:00:00,392.41653169971136,80.0,220.0,EMS,MWH,VALID
2025-01-02 16:00:00,402.1989778655749,80.0,220.0,EMS,MWH,VALID
2025-01-02 17:00:00,438.5380946612599,80.0,220.0,EMS,MWH,VALID
2025-01-02 18:00:00,493.06554810900576,80.0,220.0,EMS,MWH,VALID
2025-01-02 19:00:00,472.2376489701902,80.0,220.0,EMS,MWH,VALID
2025-01-02 20:00:00,467.087583491201,80.0,220.0,EMS,MWH,VALID
2025-01-02 21:00:00,415.1559121611127,80.0,220.0,EMS,MWH,VALID
2025-01-02 22:00:00,360.71796761719503,80.0,220.0,EMS,MWH,VALID
2025-01-02 23:00:00,331.5477494315707,80.0,220.0,EMS,MWH,VALID
2025-01-03 00:00:00,303.708305290942,80.0,220.0,EMS,MWH,VALID
2025-01-03 01:00:00,304.0770108213394,80.0,220.0,EMS,MWH,VALID
2025-01-03 02:00:00,306.4422209181527,80.0,220.0,EMS,MWH,VALID
2025-01-03 03:00:00,306.0579228778357,80.0,220.0,EMS,MWH,VALID
2025-01-03 04:00:00,316.5302903940549,80.0,220.0,EMS,MWH,VALID
2025-01-03 05:00:00,343.690456147104,80.0,220.0,EMS,MWH,VALID
2025-01-03 06:00:00,373.5445292584458,80.0,220.0,EMS,MWH,VALID
2025-01-03 07:00:00,400.0503803866085,80.0,220.0,EMS,MWH,VALID
2025-01-03 08:00:00,434.8927702815488,80.0,220.0,EMS,MWH,VALID
2025-01-03 09:00:00,404.7642153157538,80.0,220.0,EMS,MWH,VALID
2025-01-03 10:00:00,378.5370533411115,80.0,220.0,EMS,MWH,VALID
2025-01-03 11:00:00,380.25299141125527,80.0,220.0,EMS,MWH,VALID
2025-01-03 12:00:00,361.8778585075821,80.0,220.0,EMS,MWH,VALID
2025-01-03 13:00:00,387.5460616529307,80.0,220.0,EMS,MWH,VALID
2025-01-03 14:00:00,333.52165279603054,80.0,220.0,EMS,MWH,VALID
2025-01-03 15:00:00,372.6201326135246,80.0,220.0,EMS,MWH,VALID
2025-01-03 16:00:00,375.6662873225208,80.0,220.0,EMS,MWH,VALID
2025-01-03 17:00:00,437.1076902728888,80.0,220.0,EMS,MWH,VALID
2025-01-03 18:00:00,449.9857131100043,80.0,220.0,EMS,MWH,VALID
2025-01-03 19:00:00,476.3120696051014,80.0,220.0,EMS,MWH,VALID
2025-01-03 20:00:00,474.9368236635223,80.0,220.0,EMS,MWH,VALID
2025-01-03 21:00:00,407.1346757654532,80.0,220.0,EMS,MWH,VALID
2025/01/03 22:00,376.7912245453289,80.0,220.0,EMS,MWH,VALID
2025-01-03 23:00:00,343.71850396756474,80.0,220.0,EMS,MWH,VALID
2025-01-04 00:00:00,259.125327076116,80.0,220.0,EMS,MWH,VALID
2025-01-04 01:00:00,222.67726270732044,80.0,220.0,EMS,MWH,VALID
2025-01-04 02:00:00,267.25150351521296,80.0,220.0,EMS,MWH,VALID
2025-01-04 03:00:00,245.28093577234543,80.0,220.0,EMS,MWH,VALID
2025-01-04 04:00:00,264.3716762669936,80.0,220.0,EMS,MWH,VALID
2025-01-04 05:00:00,273.22600414626913,80.0,220.0,EMS,MWH,VALID
2025-01-04 06:00:00,283.68699884999165,80.0,220.0,EMS,MWH,VALID
2025-01-04 07:00:00,308.04174720820765,80.0,220.0,EMS,MWH,VALID
2025-01-04 08:00:00,369.2415791324226,80.0,220.0,EMS,MWH,VALID
2025-01-04 09:00:00,321.11892647806724,80.0,220.0,EMS,MWH,VALID
2025-01-04 10:00:00,277.1029706352195,80.0,220.0,EMS,MWH,VALID
2025-01-04 11:00:00,283.7050746089391,80.0,220.0,EMS,MWH,VALID
2025-01-04 12:00:00,297.39288356320475,80.0,220.0,EMS,MWH,VALID
2025-01-04 13:00:00,323.9921136360716,80.0,220.0,EMS,MWH,VALID
2025-01-04 14:00:00,312.94677498153294,80.0,220.0,EMS,MWH,VALID
2025-01-04 15:00:00,332.1411185814467,80.0,220.0,EMS,MWH,VALID
2025-01-04 17:00:00,356.93611523320743,80.0,220.0,EMS,MWH,VALID
2025-01-04 18:00:00,351.2930510381446,80.0,220.0,EMS,MWH,VALID
2025-01-04 19:00:00,362.2724110904393,80.0,220.0,EMS,MWH,VALID
2025-01-04 20:00:00,374.29761905557336,80.0,220.0,EMS,MWH,VALID
2025-01-04 21:00:00,325.88551230821696,80.0,220.0,EMS,MWH,VALID
2025-01-04 22:00:00,292.8274333368317,80.0,220.0,EMS,MWH,VALID
2025-01-04 23:00:00,282.0832769610931,80.0,220.0,EMS,MWH,VALID
2025-01-05 00:00:00,223.66277810233748,80.0,220.0,EMS,MWH,VALID
2025-01-05 01:00:00,241.83561355037395,80.0,220.0,EMS,MWH,VALID
2025-01-05 02:00:00,221.99808770934365,80.0,220.0,EMS,MWH,VALID
2025-01-05 03:00:00,224.1437194269965,80.0,220.0,EMS,MWH,VALID
2025-01-05 04:00:00,268.5852823758374,80.0,220.0,EMS,MWH,VALID
2025-01-05 05:00:00,276.0038499806022,80.0,220.0,EMS,MWH,VALID
2025-01-05 06:00:00,270.8089592756844,80.0,220.0,EMS,MWH,VALID
2025-01-05 07:00:00,329.4659675548055,80.0,220.0,EMS,MWH,VALID
2025-01-05 08:00:00,298.42572052892734,80.0,220.0,EMS,MWH,VALID
2025-01-05 09:00:00,325.7652606202287,80.0,220.0,EMS,MWH,VALID
2025-01-05 10:00:00,341.401509360917,80.0,220.0,EMS,MWH,VALID
2025-01-05 11:00:00,293.18676533390214,80.0,220.0,EMS,MWH,VALID
2025-01-05 12:00:00,255.34969794893385,80.0,220.0,EMS,MWH,VALID
2025-01-05 13:00:00,275.6015179295409,80.0,220.0,EMS,MWH,VALID
2025-01-05 14:00:00,296.3546130487667,80.0,220.0,EMS,MWH,VALID
2025-01-05 15:00:00,305.3204758083634,80.0,220.0,EMS,MWH,VALID
2025-01-05 16:00:00,315.5099405941761,80.0,220.0,EMS,MWH,VALID
2025-01-05 17:00:00,369.34967152700966,80.0,220.0,EMS,MWH,VALID
2025-01-05 18:00:00,372.3830233657912,80.0,220.0,EMS,MWH,VALID
2025-01-05 19:00:00,381.11251857709664,80.0,220.0,EMS,MWH,VALID
2025-01-05 20:00:00,358.4714242483082,80.0,220.0,EMS,MWH,VALID
2025-01-05 21:00:00,372.5497927437845,80.0,220.0,EMS,MWH,VALID
2025-01-05 22:00:00,320.32903549031204,80.0,220.0,EMS,MWH,VALID
2025-01-05 23:00:00,276.0039770702595,80.0,220.0,EMS,MWH,VALID
2025-01-06 00:00:00,304.57121369431394,80.0,220.0,EMS,MWH,VALID
2025-01-06 01:00:00,321.46833011320604,80.0,220.0,EMS,MWH,VALID
2025-01-06 02:00:00,291.85798292614083,80.0,220.0,EMS,MWH,VALID
2025-01-06 03:00:00,290.3709097200086,80.0,220.0,EMS,MWH,VALID
2025-01-06 04:00:00,329.06960000429723,80.0,220.0,EMS,MWH,VALID
2025-01-06 05:00:00,357.79176155143904,80.0,220.0,EMS,MWH,VALID
2025-01-06 06:00:00,351.3429453925748,80.0,220.0,EMS,MWH,VALID
2025-01-06 07:00:00,397.3453684818412,80.0,220.0,EMS,MWH,VALID
2025-01-06 08:00:00,420.55744891395256,80.0,220.0,EMS,MWH,VALID
2025-01-06 09:00:00,413.0980454031885,80.0,220.0,EMS,MWH,VALID
2025-01-06 10:00:00,401.6816514027543,80.0,220.0,EMS,MWH,VALID
2025-01-06 11:00:00,378.4276646687927,80.0,220.0,EMS,MWH,VALID
2025-01-06 12:00:00,336.34329880430266,80.0,220.0,EMS,MWH,VALID
2025-01-06 13:00:00,369.2922428777536,80.0,220.0,EMS,MWH,VALID
2025-01-06 14:00:00,383.4130413973602,80.0,220.0,EMS,MWH,VALID
2025-01-06 15:00:00,388.5008767573967,80.0,220.0,EMS,MWH,VALID
2025-01-06 16:00:00,396.45125661417273,80.0,220.0,EMS,MWH,VALID
2025-01-06 17:00:00,450.2384494650474,80.0,220.0,EMS,MWH,VALID
2025-01-06 18:00:00,467.8150140439359,80.0,220.0,EMS,MWH,VALID
2025-01-06 19:00:00,482.8956090515754,80.0,220.0,EMS,MWH,VALID
2025-01-06 20:00:00,446.3899471894341,80.0,220.0,EMS,MWH,VALID
2025-01-06 21:00:00,404.444302401054,80.0,220.0,EMS,MWH,VALID
2025-01-06 22:00:00,367.0699536196014,80.0,220.0,EMS,MWH,VALID
2025-01-06 23:00:00,330.44535510642584,80.0,220.0,EMS,MWH,VALID
2025-01-07 00:00:00,297.2841119815091,80.0,220.0,EMS,MWH,VALID
2025-01-07 01:00:00,294.9753067239557,80.0,220.0,EMS,MWH,VALID
2025-01-07 02:00:00,270.14142585509694,80.0,220.0,EMS,MWH,VALID
2025-01-07 03:00:00,287.8889574888028,80.0,220.0,EMS,MWH,VALID
2025-01-07 04:00:00,311.2627880478284,80.0,220.0,EMS,MWH,VALID
2025-01-07 05:00:00,329.4054017885164,80.0,220.0,EMS,MWH,VALID
2025-01-07 06:00:00,365.78181489674665,80.0,220.0,EMS,MWH,VALID
2025-01-07 07:00:00,410.6200923369843,80.0,220.0,EMS,MWH,VALID
2025-01-07 08:00:00,405.5084785807898,80.0,220.0,EMS,MWH,VALID
2025-01-07 09:00:00,393.5843794018765,80.0,220.0,EMS,MWH,VALID
2025-01-07 10:00:00,416.3490326850166,80.0,220.0,EMS,MWH,VALID
2025-01-07 11:00:00,386.7633826014446,80.0,220.0,EMS,MWH,VALID
2025-01-07 12:00:00,364.9436076380006,80.0,220.0,EMS,MWH,VALID
2025-01-07 13:00:00,346.20685216495167,80.0,220.0,EMS,MWH,VALID
2025-01-07 14:00:00,406.0838970405706,80.0,220.0,EMS,MWH,VALID
2025-01-07 15:00:00,378.2546655338328,80.0,220.0,EMS,MWH,VALID
2025-01-07 16:00:00,408.54755787027824,80.0,220.0,EMS,MWH,VALID
2025-01-07 17:00:00,423.2230079429785,80.0,220.0,EMS,MWH,VALID
2025-01-07 18:00:00,452.7906409752884,80.0,220.0,EMS,MWH,VALID
2025-01-07 19:00:00,495.1906628070018,80.0,220.0,EMS,MWH,VALID
2025-01-07 20:00:00,448.7634583482851,80.0,220.0,EMS,MWH,VALID
2025-01-07 21:00:00,402.3758663565913,80.0,220.0,EMS,MWH,VALID
2025-01-07 22:00:00,364.2420163798295,80.0,220.0,EMS,MWH,VALID
2025-01-07 23:00:00,330.5420581011309,80.0,220.0,EMS,MWH,VALID
2025-01-08 00:00:00,316.8184676200552,80.0,220.0,EMS,MWH,VALID
2025-01-08 01:00:00,300.4186662287776,80.0,220.0,EMS,MWH,VALID
2025-01-08 02:00:00,311.2083680629491,80.0,220.0,EMS,MWH,VALID
2025-01-08 03:00:00,295.93710868993674,80.0,220.0,EMS,MWH,VALID
2025-01-08 04:00:00,300.2005652094148,80.0,220.0,EMS,MWH,VALID
2025-01-08 05:00:00,318.5268055889158,80.0,220.0,EMS,MWH,VALID
2025-01-08 06:00:00,350.4952422659728,80.0,220.0,EMS,MWH,VALID
2025-01-08 07:00:00,416.6038933974605,80.0,220.0,EMS,MWH,VALID
2025-01-08 08:00:00,405.18090764452256,80.0,220.0,EMS,MWH,VALID
2025-01-08 09:00:00,403.5875316596757,80.0,220.0,EMS,MWH,VALID
2025-01-08 10:00:00,406.4742371838472,80.0,220.0,EMS,MWH,VALID
2025-01-08 11:00:00,390.8761818304055,80.0,220.0,EMS,MWH,VALID
2025-01-08 12:00:00,357.9206128413692,80.0,220.0,EMS,MWH,VALID
2025-01-08 13:00:00,368.25304268343206,80.0,220.0,EMS,MWH,VALID
2025-01-08 14:00:00,338.25777847750027,80.0,220.0,EMS,MWH,VALID
2025-01-08 15:00:00,389.26723116087294,80.0,220.0,EMS,MWH,VALID
2025-01-08 16:00:00,412.9228198167718,80.0,220.0,EMS,MWH,VALID
2025-01-08 17:00:00,445.85218407519983,80.0,220.0,EMS,MWH,VALID
2025-01-08 18:00:00,496.7503718579955,80.0,220.0,EMS,MWH,VALID
2025-01-08 19:00:00,484.6991292937342,80.0,220.0,EMS,MWH,VALID
2025-01-08 20:00:00,457.0486841514204,80.0,220.0,EMS,MWH,VALID
2025-01-08 21:00:00,413.3118819255839,80.0,220.0,EMS,MWH,VALID
2025-01-08 22:00:00,355.741604201135,80.0,220.0,EMS,MWH,VALID
2025-01-08 23:00:00,359.6272637576851,80.0,220.0,EMS,MWH,VALID
2025-01-09 00:00:00,327.4136882486246,80.0,220.0,EMS,MWH,VALID
2025-01-09 01:00:00,294.7362617249676,80.0,220.0,EMS,MWH,VALID
2025-01-09 02:00:00,286.9685452943401,80.0,220.0,EMS,MWH,VALID
2025-01-09 03:00:00,306.7500945644638,80.0,220.0,EMS,MWH,VALID
2025-01-09 04:00:00,313.18487631998585,80.0,220.0,EMS,MWH,VALID
2025-01-09 05:00:00,332.9416458194228,80.0,220.0,EMS,MWH,VALID
2025-01-09 06:00:00,364.3314198817626,80.0,220.0,EMS,MWH,VALID
2025-01-09 07:00:00,369.649405291695,80.0,220.0,EMS,MWH,VALID
2025-01-09 08:00:00,410.1322153604383,80.0,220.0,EMS,MWH,VALID
2025-01-09 09:00:00,413.81690794469154,80.0,220.0,EMS,MWH,VALID
2025-01-09 10:00:00,382.24644668433353,80.0,220.0,EMS,MWH,VALID
2025-01-09 11:00:00,398.7373334229872,80.0,220.0,EMS,MWH,VALID
2025-01-09 12:00:00,365.5246392966001,80.0,220.0,EMS,MWH,VALID
2025-01-09 13:00:00,368.10034568911135,80.0,220.0,EMS,MWH,VALID
2025-01-09 14:00:00,397.68600101640186,80.0,220.0,EMS,MWH,VALID
2025-01-09 15:00:00,359.40804797422174,80.0,220.0,EMS,MWH,VALID
2025-01-09 16:00:00,402.6285638607326,80.0,220.0,EMS,MWH,VALID
2025-01-09 17:00:00,423.2014928588197,80.0,220.0,EMS,MWH,VALID
2025-01-09 18:00:00,474.3541769316736,80.0,220.0,EMS,MWH,VALID
2025-01-09 19:00:00,485.25155227411744,80.0,220.0,EMS,MWH,VALID
2025-01-09 20:00:00,456.9272706165889,80.0,220.0,EMS,MWH,VALID
2025-01-09 21:00:00,398.3862196937704,80.0,220.0,EMS,MWH,VALID
2025-01-09 22:00:00,351.6460747208743,80.0,220.0,EMS,MWH,VALID
2025-01-09 23:00:00,322.70150594728045,80.0,220.0,EMS,MWH,VALID
2025-01-10 00:00:00,288.7336182786292,80.0,220.0,EMS,MWH,VALID
2025-01-10 01:00:00,309.2812022597884,80.0,220.0,EMS,MWH,VALID
2025-01-10 02:00:00,295.6036060507613,80.0,220.0,EMS,MWH,VALID
2025-01-10 03:00:00,308.1813054328679,80.0,220.0,EMS,MWH,VALID
2025-01-10 04:00:00,306.4625982956436,80.0,220.0,EMS,MWH,VALID
2025-01-10 05:00:00,349.64747355670846,80.0,220.0,EMS,MWH,VALID
2025-01-10 06:00:00,375.54310344530063,80.0,220.0,EMS,MWH,VALID
2025-01-10 07:00:00,393.12920446294015,80.0,220.0,EMS,MWH,VALID
2025-01-10 08:00:00,420.4994285828206,80.0,220.0,EMS,MWH,VALID
2025-01-10 09:00:00,426.0223971252884,80.0,220.0,EMS,MWH,VALID
2025-01-10 10:00:00,396.8853711939241,80.0,220.0,EMS,MWH,VALID
2025-01-10 11:00:00,371.6363510549806,80.0,220.0,EMS,MWH,VALID
2025-01-10 12:00:00,383.316664858931,80.0,220.0,EMS,MWH,VALID
2025-01-10 13:00:00,370.3118775841336,80.0,220.0,EMS,MWH,VALID
2025-01-10 14:00:00,351.1892468627456,80.0,220.0,EMS,MWH,VALID
2025-01-10 15:00:00,376.9036184217194,80.0,220.0,EMS,MWH,VALID
2025-01-10 16:00:00,421.001994438596,80.0,220.0,EMS,MWH,VALID
2025-01-10 17:00:00,439.8868651039503,80.0,220.0,EMS,MWH,VALID
2025-01-10 18:00:00,445.1249963976868,80.0,220.0,EMS,MWH,VALID
2025-01-10 19:00:00,470.04800767786287,80.0,220.0,EMS,MWH,VALID
2025-01-10 20:00:00,450.8465714369179,80.0,220.0,EMS,MWH,VALID
2025-01-10 21:00:00,396.99582613086494,80.0,220.0,EMS,MWH,VALID
2025-01-10 22:00:00,345.3066192450331,80.0,220.0,EMS,MWH,VALID
2025-01-10 23:00:00,302.8639549350528,80.0,220.0,EMS,MWH,VALID
2025-01-11 00:00:00,246.4773033673715,80.0,220.0,EMS,MWH,VALID
2025-01-11 01:00:00,253.5976005191968,80.0,220.0,EMS,MWH,VALID
2025-01-11 02:00:00,217.6754360968963,80.0,220.0,EMS,MWH,VALID
2025-01-11 03:00:00,278.7846021932631,80.0,220.0,EMS,MWH,VALID
2025-01-11 04:00:00,242.8668998311304,80.0,220.0,EMS,MWH,VALID
2025-01-11 05:00:00,277.65581350167173,80.0,220.0,EMS,MWH,VALID
2025-01-11 06:00:00,303.90743207110023,80.0,220.0,EMS,MWH,VALID
2025-01-11 07:00:00,303.6706032870398,80.0,220.0,EMS,MWH,VALID
2025-01-11 08:00:00,336.120748736061,80.0,220.0,EMS,MWH,VALID
2025-01-11 09:00:00,351.9887340394146,80.0,220.0,EMS,MWH,VALID
2025-01-11 10:00:00,309.9823201503124,80.0,220.0,EMS,MWH,VALID
2025-01-11 11:00:00,331.9044969463652,80.0,220.0,EMS,MWH,VALID
2025-01-11 12:00:00,269.70774600565784,80.0,220.0,EMS,MWH,VALID
2025-01-11 13:00:00,267.18563137876134,80.0,220.0,EMS,MWH,VALID
2025-01-11 14:00:00,314.66855768825167,80.0,220.0,EMS,MWH,VALID
2025-01-11 15:00:00,268.55447189437234,80.0,220.0,EMS,MWH,VALID
2025-01-11 16:00:00,343.32555153430656,80.0,220.0,EMS,MWH,VALID
2025-01-11 17:00:00,350.8846174339461,80.0,220.0,EMS,MWH,VALID
2025-01-11 18:00:00,386.467808689603,80.0,220.0,EMS,MWH,VALID
2025-01-11 19:00:00,405.5050394454051,80.0,220.0,EMS,MWH,VALID
2025-01-11 20:00:00,356.92543578229584,80.0,220.0,EMS,MWH,VALID
2025-01-11 21:00:00,344.56578238483934,80.0,220.0,EMS,MWH,VALID
2025-01-11 22:00:00,291.67310154032657,80.0,220.0,EMS,MWH,VALID
2025-01-11 23:00:00,280.94553312648026,80.0,220.0,EMS,MWH,VALID
2025-01-12 00:00:00,236.1974714559764,80.0,220.0,EMS,MWH,VALID
2025-01-12 01:00:00,262.52477571762466,80.0,220.0,EMS,MWH,VALID
2025-01-12 02:00:00,201.60908901686335,80.0,220.0,EMS,MWH,VALID
2025-01-12 03:00:00,236.8794564021418,80.0,220.0,EMS,MWH,VALID
2025-01-12 04:00:00,286.1567423944473,80.0,220.0,EMS,MWH,VALID
2025-01-12 05:00:00,280.7748322141859,80.0,220.0,EMS,MWH,VALID
2025-01-12 06:00:00,283.2647780632526,80.0,220.0,EMS,MWH,VALID
2025-01-12 07:00:00,308.6067363968525,80.0,220.0,EMS,MWH,VALID
2025-01-12 08:00:00,332.82683875984554,80.0,220.0,EMS,MWH,VALID
2025-01-12 09:00:00,336.55765870622326,80.0,220.0,EMS,MWH,VALID
2025-01-12 10:00:00,322.7775376964938,80.0,220.0,EMS,MWH,VALID
2025-01-12 11:00:00,330.47349215702195,80.0,220.0,EMS,MWH,VALID
2025-01-12 12:00:00,336.7426280726696,80.0,220.0,EMS,MWH,VALID
2025-01-12 13:00:00,303.7398210465426,80.0,220.0,EMS,MWH,VALID
2025-01-12 14:00:00,311.6075902262545,80.0,220.0,EMS,MWH,VALID
2025-01-12 15:00:00,309.92225227223287,80.0,220.0,EMS,MWH,VALID
2025-01-12 16:00:00,318.539973275406,80.0,220.0,EMS,MWH,VALID
2025-01-12 17:00:00,369.64108695976006,80.0,220.0,EMS,MWH,VALID
2025-01-12 18:00:00,386.9545957284108,80.0,220.0,EMS,MWH,VALID
2025-01-12 19:00:00,411.2554227045521,80.0,220.0,EMS,MWH,VALID
2025-01-12 20:00:00,365.4592858054396,80.0,220.0,EMS,MWH,VALID
2025-01-12 21:00:00,337.92758758945075,80.0,220.0,EMS,MWH,VALID
2025-01-12 22:00:00,279.3480441546249,80.0,220.0,EMS,MWH,VALID
2025-01-12 23:00:00,272.0664403646155,80.0,220.0,EMS,MWH,VALID
2025-01-13 00:00:00,308.0131954250663,80.0,220.0,EMS,MWH,VALID
2025-01-13 01:00:00,294.8540500147764,80.0,220.0,EMS,MWH,VALID
2025-01-13 02:00:00,305.7704512726736,80.0,220.0,EMS,MWH,VALID
2025-01-13 03:00:00,311.3160705808979,80.0,220.0,EMS,MWH,VALID
2025-01-13 04:00:00,289.89615748624504,80.0,220.0,EMS,MWH,VALID
2025-01-13 05:00:00,315.3948154786496,80.0,220.0,EMS,MWH,VALID
2025-01-13 06:00:00,361.3532819939186,80.0,220.0,EMS,MWH,VALID
2025-01-13 07:00:00,387.96210803270833,80.0,220.0,EMS,MWH,VALID
2025-01-13 08:00:00,429.7926442651388,80.0,220.0,EMS,MWH,VALID
2025-01-13 09:00:00,419.6404944253571,80.0,220.0,EMS,MWH,VALID
2025-01-13 10:00:00,400.63784666942365,80.0,220.0,EMS,MWH,VALID
2025-01-13 11:00:00,392.1765600875874,80.0,220.0,EMS,MWH,VALID
2025-01-13 12:00:00,385.00093391629326,80.0,220.0,EMS,MWH,VALID
2025-01-13 13:00:00,364.0804452804561,80.0,220.0,EMS,MWH,VALID
2025-01-13 14:00:00,383.3653878849009,80.0,220.0,EMS,MWH,VALID
2025-01-13 15:00:00,408.4934427228081,80.0,220.0,EMS,MWH,VALID
2025-01-13 16:00:00,416.6375202500109,80.0,220.0,EMS,MWH,VALID
2025-01-13 17:00:00,434.7442010301529,80.0,220.0,EMS,MWH,VALID
2025-01-13 18:00:00,444.1201847175405,80.0,220.0,EMS,MWH,VALID
2025-01-13 19:00:00,461.47068515949337,80.0,220.0,EMS,MWH,VALID
2025-01-13 20:00:00,460.5561946411681,80.0,220.0,EMS,MWH,VALID
2025-01-13 21:00:00,400.79411076206895,80.0,220.0,EMS,MWH,VALID
2025-01-13 22:00:00,348.74212494577154,80.0,220.0,EMS,MWH,VALID
2025-01-13 23:00:00,343.4599660145058,80.0,220.0,EMS,MWH,VALID
2025-01-14 00:00:00,320.27644919417884,80.0,220.0,EMS,MWH,VALID
2025-01-14 01:00:00,289.3320812501218,80.0,220.0,EMS,MWH,VALID
2025-01-14 02:00:00,326.3442628595596,80.0,220.0,EMS,MWH,VALID
2025-01-14 03:00:00,299.3063925440628,80.0,220.0,EMS,MWH,VALID
2025-01-14 04:00:00,318.28616881797336,80.0,220.0,EMS,MWH,VALID
2025-01-14 05:00:00,309.5687383470907,80.0,220.0,EMS,MWH,VALID
2025-01-14 06:00:00,375.5566555908461,80.0,220.0,EMS,MWH,VALID
2025-01-14 07:00:00,373.701808475917,80.0,220.0,EMS,MWH,VALID
2025-01-14 08:00:00,394.2867161076381,80.0,220.0,EMS,MWH,VALID
2025-01-14 09:00:00,416.6835932448718,80.0,220.0,EMS,MWH,VALID
2025-01-14 10:00:00,376.3809223871013,80.0,220.0,EMS,MWH,VALID
2025-01-14 11:00:00,381.3556136203677,80.0,220.0,EMS,MWH,VALID
2025-01-14 12:00:00,356.52252645742027,80.0,220.0,EMS,MWH,VALID
2025-01-14 13:00:00,387.3009273213983,80.0,220.0,EMS,MWH,VALID
2025-01-14 14:00:00,387.08796228943214,80.0,220.0,EMS,MWH,VALID
2025-01-14 15:00:00,372.7868835341532,80.0,220.0,EMS,MWH,VALID
2025-01-14 16:00:00,415.6779764886554,80.0,220.0,EMS,MWH,VALID
2025-01-14 17:00:00,429.0761516190989,80.0,220.0,EMS,MWH,VALID
2025-01-14 18:00:00,483.0677385100747,80.0,220.0,EMS,MWH,VALID
2025-01-14 19:00:00,483.2543193083256,80.0,220.0,EMS,MWH,VALID
2025-01-14 20:00:00,476.4962971874911,80.0,220.0,EMS,MWH,VALID
2025-01-14 21:00:00,404.5062518766046,80.0,220.0,EMS,MWH,VALID
2025-01-14 22:00:00,365.1219679624848,80.0,220.0,EMS,MWH,VALID
2025-01-14 23:00:00,338.40959762125965,80.0,220.0,EMS,MWH,VALID
2025-01-15 00:00:00,326.084968978396,80.0,220.0,EMS,MWH,VALID
2025-01-15 01:00:00,305.54971426728986,80.0,220.0,EMS,MWH,VALID
2025-01-15 02:00:00,291.41195970727534,80.0,220.0,EMS,MWH,VALID
2025-01-15 03:00:00,283.37612675688706,80.0,220.0,EMS,MWH,VALID
2025-01-15 04:00:00,311.81643353942354,80.0,220.0,EMS,MWH,VALID
2025-01-15 05:00:00,333.9256070104619,80.0,220.0,EMS,MWH,VALID
2025-01-15 06:00:00,334.19583571334044,80.0,220.0,EMS,MWH,VALID
2025-01-15 07:00:00,396.8171920443198,80.0,220.0,EMS,MWH,VALID
2025-01-15 08:00:00,427.2252659744556,80.0,220.0,EMS,MWH,VALID
2025-01-15 09:00:00,395.13198421739634,80.0,220.0,EMS,MWH,VALID
2025-01-15 10:00:00,389.7118951159172,80.0,220.0,EMS,MWH,VALID
2025-01-15 11:00:00,351.91326796673525,80.0,220.0,EMS,MWH,VALID
2025-01-15 12:00:00,368.8440156567772,80.0,220.0,EMS,MWH,VALID
2025-01-15 13:00:00,364.8201409002286,80.0,220.0,EMS,MWH,VALID
2025-01-15 14:00:00,387.9672594700325,80.0,220.0,EMS,MWH,VALID
2025-01-15 15:00:00,382.9124918709583,80.0,220.0,EMS,MWH,VALID
2025-01-15 16:00:00,413.3456045174941,80.0,220.0,EMS,MWH,VALID
2025-01-15 17:00:00,451.6683246360982,80.0,220.0,EMS,MWH,VALID
2025-01-15 18:00:00,503.4418251197877,80.0,220.0,EMS,MWH,VALID
2025-01-15 19:00:00,483.92439737225374,80.0,220.0,EMS,MWH,VALID
2025-01-15 20:00:00,445.7825474095671,80.0,220.0,EMS,MWH,VALID
2025-01-15 21:00:00,401.0280233091186,80.0,220.0,EMS,MWH,VALID
2025-01-15 22:00:00,372.1642015821057,80.0,220.0,EMS,MWH,VALID
2025-01-15 23:00:00,340.52999841895786,80.0,220.0,EMS,MWH,VALID
2025-01-16 00:00:00,308.71130320651537,80.0,220.0,EMS,MWH,VALID
2025-01-16 01:00:00,295.0728539627673,80.0,220.0,EMS,MWH,VALID
2025-01-16 02:00:00,325.6127069940443,80.0,220.0,EMS,MWH,VALID
2025-01-16 03:00:00,307.07014181224326,80.0,220.0,EMS,MWH,VALID
2025-01-16 04:00:00,303.6498031472888,80.0,220.0,EMS,MWH,VALID
2025-01-16 05:00:00,353.2009606676818,80.0,220.0,EMS,MWH,VALID
2025-01-16 06:00:00,390.3174993255434,80.0,220.0,EMS,MWH,VALID
2025-01-16 07:00:00,419.6887321637909,80.0,220.0,EMS,MWH,VALID
2025-01-16 08:00:00,398.8850603541321,80.0,220.0,EMS,MWH,VALID
2025-01-16 09:00:00,440.6660324778713,80.0,220.0,EMS,MWH,VALID
2025-01-16 10:00:00,392.5621285319849,80.0,220.0,EMS,MWH,VALID
2025-01-16 11:00:00,374.87381733788914,80.0,220.0,EMS,MWH,VALID
2025-01-16 12:00:00,381.3756684603707,80.0,220.0,EMS,MWH,VALID
2025-01-16 13:00:00,370.4022711757357,80.0,220.0,EMS,MWH,VALID
2025-01-16 14:00:00,368.248553161798,80.0,220.0,EMS,MWH,VALID
2025-01-16 15:00:00,379.1948105764846,80.0,220.0,EMS,MWH,VALID
2025-01-16 16:00:00,409.06603592672064,80.0,220.0,EMS,MWH,VALID
2025-01-16 17:00:00,435.0524405813889,80.0,220.0,EMS,MWH,VALID
2025-01-16 18:00:00,483.40107069510987,80.0,220.0,EMS,MWH,VALID
2025-01-16 19:00:00,480.26815576721634,80.0,220.0,EMS,MWH,VALID
2025-01-16 20:00:00,447.9818632190702,80.0,220.0,EMS,MWH,VALID
2025-01-16 21:00:00,397.6091440337706,80.0,220.0,EMS,MWH,VALID
2025-01-16 22:00:00,373.3413289859801,80.0,220.0,EMS,MWH,VALID
2025-01-16 23:00:00,335.1211460192605,80.0,220.0,EMS,MWH,VALID
2025-01-17 00:00:00,311.00736994813354,80.0,220.0,EMS,MWH,VALID
2025-01-17 01:00:00,306.4096296095738,80.0,220.0,EMS,MWH,VALID
2025-01-17 02:00:00,312.0662608738309,80.0,220.0,EMS,MWH,VALID
2025-01-17 03:00:00,298.78237326590465,80.0,220.0,EMS,MWH,VALID
2025-01-17 04:00:00,314.075970296385,80.0,220.0,EMS,MWH,VALID
2025-01-17 05:00:00,357.7949565002298,80.0,220.0,EMS,MWH,VALID
2025-01-17 06:00:00,368.6691950948842,80.0,220.0,EMS,MWH,VALID
2025-01-17 07:00:00,412.7444983262144,80.0,220.0,EMS,MWH,VALID
2025-01-17 08:00:00,398.8547693854517,80.0,220.0,EMS,MWH,VALID
2025-01-17 09:00:00,408.5546302333573,80.0,220.0,EMS,MWH,VALID
2025-01-17 10:00:00,389.1360864271284,80.0,220.0,EMS,MWH,VALID
2025-01-17 11:00:00,368.1197380412326,80.0,220.0,EMS,MWH,VALID
2025-01-17 12:00:00,376.4245084282604,80.0,220.0,EMS,MWH,VALID
2025-01-17 13:00:00,368.6090835407548,80.0,220.0,EMS,MWH,VALID
2025-01-17 14:00:00,374.3390560139459,80.0,220.0,EMS,MWH,VALID
2025-01-17 15:00:00,387.2092900907316,80.0,220.0,EMS,MWH,VALID
2025-01-17 16:00:00,402.0843848005218,80.0,220.0,EMS,MWH,VALID
2025-01-17 17:00:00,447.799674781791,80.0,220.0,EMS,MWH,VALID
2025-01-17 18:00:00,486.3724677856123,80.0,220.0,EMS,MWH,VALID
2025-01-17 19:00:00,457.6371481480587,80.0,220.0,EMS,MWH,VALID
2025-01-17 20:00:00,454.1936766421976,80.0,220.0,EMS,MWH,VALID
2025-01-17 21:00:00,426.6226946330802,80.0,220.0,EMS,MWH,VALID
2025-01-17 22:00:00,358.0979780016242,80.0,220.0,EMS,MWH,VALID
2025-01-17 23:00:00,355.73001082859537,80.0,220.0,EMS,MWH,VALID
2025-01-18 00:00:00,273.0979733222043,80.0,220.0,EMS,MWH,VALID
2025-01-18 01:00:00,236.4753892974477,80.0,220.0,EMS,MWH,VALID
2025-01-18 02:00:00,245.3817539150902,80.0,220.0,EMS,MWH,VALID
2025-01-18 03:00:00,258.47175690213214,80.0,220.0,EMS,MWH,VALID
2025-01-18 04:00:00,282.27511894076173,80.0,220.0,EMS,MWH,VALID
2025-01-18 05:00:00,281.69882012582906,80.0,220.0,EMS,MWH,VALID
2025-01-18 06:00:00,303.70444185204616,80.0,220.0,EMS,MWH,VALID
2025-01-18 07:00:00,329.7206453677705,80.0,220.0,EMS,MWH,VALID
2025-01-18 08:00:00,349.07124680822767,80.0,220.0,EMS,MWH,VALID
2025-01-18 09:00:00,341.75190759661507,80.0,220.0,EMS,MWH,VALID
2025-01-18 10:00:00,328.9552265350721,80.0,220.0,EMS,MWH,VALID
2025-01-18 11:00:00,313.6428201241084,80.0,220.0,EMS,MWH,VALID
2025-01-18 12:00:00,309.0780230040739,80.0,220.0,EMS,MWH,VALID
2025-01-18 13:00:00,305.1953609119023,80.0,220.0,EMS,MWH,VALID
2025-01-18 14:00:00,329.3110360642923,80.0,220.0,EMS,MWH,VALID
2025-01-18 15:00:00,326.8842643772362,80.0,220.0,EMS,MWH,VALID
2025-01-18 16:00:00,334.9525941570614,80.0,220.0,EMS,MWH,VALID
2025-01-18 17:00:00,389.721933569963,80.0,220.0,EMS,MWH,VALID
2025-01-18 18:00:00,363.1215024853285,80.0,220.0,EMS,MWH,VALID
2025-01-18 19:00:00,391.7515341656122,80.0,220.0,EMS,MWH,VALID
2025-01-18 20:00:00,378.76071248255647,80.0,220.0,EMS,MWH,VALID
2025-01-18 21:00:00,339.87547674590496,80.0,220.0,EMS,MWH,VALID
2025-01-18 22:00:00,310.049380735576,80.0,220.0,EMS,MWH,VALID
2025-01-18 23:00:00,283.0248092271021,80.0,220.0,EMS,MWH,VALID
2025-01-19 00:00:00,255.88905389645413,80.0,220.0,EMS,MWH,VALID
2025-01-19 01:00:00,235.3419663108808,80.0,220.0,EMS,MWH,VALID
2025-01-19 02:00:00,264.9767362891536,80.0,220.0,EMS,MWH,VALID
2025-01-19 03:00:00,245.95850174882025,80.0,220.0,EMS,MWH,VALID
2025-01-19 04:00:00,260.31531287747805,80.0,220.0,EMS,MWH,VALID
2025-01-19 05:00:00,281.69648868801977,80.0,220.0,EMS,MWH,VALID
2025-01-19 06:00:00,267.49717140156883,80.0,220.0,EMS,MWH,VALID
2025-01-19 07:00:00,322.9087803006287,80.0,220.0,EMS,MWH,VALID
2025-01-19 08:00:00,314.44981089638947,80.0,220.0,EMS,MWH,VALID
2025-01-19 09:00:00,339.3357584481456,80.0,220.0,EMS,MWH,VALID
2025-01-19 10:00:00,300.8047316583821,80.0,220.0,EMS,MWH,VALID
2025-01-19 11:00:00,332.5125668887967,80.0,220.0,EMS,MWH,VALID
2025-01-19 12:00:00,259.7540228508036,80.0,220.0,EMS,MWH,VALID
2025-01-19 13:00:00,258.21892510585843,80.0,220.0,EMS,MWH,VALID
2025-01-19 14:00:00,304.09111376016654,80.0,220.0,EMS,MWH,VALID
2025-01-19 15:00:00,267.7727766942356,80.0,220.0,EMS,MWH,VALID
2025-01-19 16:00:00,346.5445427196889,80.0,220.0,EMS,MWH,VALID
2025-01-19 17:00:00,346.6193451156021,80.0,220.0,EMS,MWH,VALID
2025-01-19 18:00:00,374.4472249369092,80.0,220.0,EMS,MWH,VALID
2025-01-19 19:00:00,394.8651719655796,80.0,220.0,EMS,MWH,VALID
2025-01-19 20:00:00,369.0851593315776,80.0,220.0,EMS,MWH,VALID
2025-01-19 21:00:00,332.3446687216562,80.0,220.0,EMS,MWH,VALID
2025-01-19 22:00:00,299.6740538049381,80.0,220.0,EMS,MWH,VALID
2025-01-19 23:00:00,263.2515572209648,80.0,220.0,EMS,MWH,VALID
2025-01-20 00:00:00,283.1981595359354,80.0,220.0,EMS,MWH,VALID
2025-01-20 01:00:00,311.3186697274838,80.0,220.0,EMS,MWH,VALID
2025-01-20 02:00:00,305.21089767577314,80.0,220.0,EMS,MWH,VALID
2025-01-20 03:00:00,301.19108729575754,80.0,220.0,EMS,MWH,VALID
2025-01-20 04:00:00,340.92931759169545,80.0,220.0,EMS,MWH,VALID
2025-01-20 05:00:00,345.5456626606434,80.0,220.0,EMS,MWH,VALID
2025-01-20 06:00:00,359.1741555914635,80.0,220.0,EMS,MWH,VALID
2025-01-20 07:00:00,394.44460287863257,80.0,220.0,EMS,MWH,VALID
2025-01-20 08:00:00,385.9724346592533,80.0,220.0,EMS,MWH,VALID
2025-01-20 09:00:00,403.1302119242224,80.0,220.0,EMS,MWH,VALID
2025-01-20 10:00:00,405.0492107364846,80.0,220.0,EMS,MWH,VALID
2025-01-20 11:00:00,406.9268987573344,80.0,220.0,EMS,MWH,VALID
2025-01-20 12:00:00,367.7980959319728,80.0,220.0,EMS,MWH,VALID
2025-01-20 13:00:00,370.86405819391655,80.0,220.0,EMS,MWH,VALID
2025-01-20 14:00:00,378.0337493352768,80.0,220.0,EMS,MWH,VALID
2025-01-20 15:00:00,390.0981977218768,80.0,220.0,EMS,MWH,VALID
2025-01-20 16:00:00,392.92892823298206,80.0,220.0,EMS,MWH,VALID
2025-01-20 17:00:00,425.12954688773664,80.0,220.0,EMS,MWH,VALID
2025-01-20 18:00:00,510.3856457301687,80.0,220.0,EMS,MWH,VALID
2025-01-20 19:00:00,462.2833073009987,80.0,220.0,EMS,MWH,VALID
2025-01-20 20:00:00,480.1798310066819,80.0,220.0,EMS,MWH,VALID
2025-01-20 21:00:00,421.8346892997392,80.0,220.0,EMS,MWH,VALID
2025-01-20 22:00:00,367.6919303497523,80.0,220.0,EMS,MWH,VALID
2025-01-20 23:00:00,338.4893947061827,80.0,220.0,EMS,MWH,VALID
2025-01-21 00:00:00,330.38996542368955,80.0,220.0,EMS,MWH,VALID
2025-01-21 01:00:00,307.7263780446584,80.0,220.0,EMS,MWH,VALID
2025-01-21 02:00:00,314.3284970754584,80.0,220.0,EMS,MWH,VALID
2025-01-21 03:00:00,333.4758217563885,80.0,220.0,EMS,MWH,VALID
2025-01-21 04:00:00,331.7638614329644,80.0,220.0,EMS,MWH,VALID
2025-01-21 05:00:00,312.68637805738393,80.0,220.0,EMS,MWH,VALID
2025-01-21 06:00:00,342.85902307919685,80.0,220.0,EMS,MWH,VALID
2025-01-21 07:00:00,402.4723642087839,80.0,220.0,EMS,MWH,VALID
2025-01-21 08:00:00,407.79680013750345,80.0,220.0,EMS,MWH,VALID
2025-01-21 09:00:00,420.10987425157583,80.0,220.0,EMS,MWH,VALID
2025-01-21 10:00:00,406.8676569208719,80.0,220.0,EMS,MWH,VALID
2025-01-21 11:00:00,411.1330585661274,80.0,220.0,EMS,MWH,VALID
2025-01-21 12:00:00,373.946013634897,80.0,220.0,EMS,MWH,VALID
2025-01-21 13:00:00,374.15347355923865,80.0,220.0,EMS,MWH,VALID
2025-01-21 14:00:00,362.7412759356056,80.0,220.0,EMS,MWH,VALID
2025-01-21 15:00:00,386.31316341366727,80.0,220.0,EMS,MWH,VALID
2025-01-21 16:00:00,393.700416198755,80.0,220.0,EMS,MWH,VALID
2025-01-21 17:00:00,450.5517793384536,80.0,220.0,EMS,MWH,VALID
2025-01-21 18:00:00,469.7634865319177,80.0,220.0,EMS,MWH,VALID
2025-01-21 19:00:00,480.9395039513248,80.0,220.0,EMS,MWH,VALID
2025-01-21 20:00:00,473.5632335976128,80.0,220.0,EMS,MWH,VALID
2025-01-21 21:00:00,416.7657210192757,80.0,220.0,EMS,MWH,VALID
2025-01-21 22:00:00,380.7162255212638,80.0,220.0,EMS,MWH,VALID
2025-01-21 23:00:00,325.7447600192129,80.0,220.0,EMS,MWH,VALID
2025-01-22 00:00:00,317.64126292734227,80.0,220.0,EMS,MWH,VALID
2025-01-22 01:00:00,291.68894361774176,80.0,220.0,EMS,MWH,VALID
2025-01-22 02:00:00,319.76821829044854,80.0,220.0,EMS,MWH,VALID
2025-01-22 03:00:00,300.66086831999627,80.0,220.0,EMS,MWH,VALID
2025-01-22 04:00:00,302.5844399936982,80.0,220.0,EMS,MWH,VALID
2025-01-22 05:00:00,339.111011728948,80.0,220.0,EMS,MWH,VALID
2025-01-22 06:00:00,389.5244464385165,80.0,220.0,EMS,MWH,VALID
2025-01-22 07:00:00,399.8989305732748,80.0,220.0,EMS,MWH,VALID
2025-01-22 08:00:00,420.0795925398018,80.0,220.0,EMS,MWH,VALID
2025-01-22 09:00:00,399.04893417319937,80.0,220.0,EMS,MWH,VALID
2025-01-22 10:00:00,438.8522100644859,80.0,220.0,EMS,MWH,VALID
2025-01-22 11:00:00,369.922511069602,80.0,220.0,EMS,MWH,VALID
2025-01-22 12:00:00,383.1893910323814,80.0,220.0,EMS,MWH,VALID
2025-01-22 13:00:00,381.6073090008797,80.0,220.0,EMS,MWH,VALID
2025-01-22 14:00:00,377.2982652766418,80.0,220.0,EMS,MWH,VALID
2025-01-22 15:00:00,395.8459870053487,80.0,220.0,EMS,MWH,VALID
2025-01-22 16:00:00,421.3241029595288,80.0,220.0,EMS,MWH,VALID
2025-01-22 17:00:00,417.7334375819685,80.0,220.0,EMS,MWH,VALID
2025-01-22 18:00:00,499.6277633435855,80.0,220.0,EMS,MWH,VALID
2025-01-22 19:00:00,475.1183048227948,80.0,220.0,EMS,MWH,VALID
2025-01-22 20:00:00,457.197194693305,80.0,220.0,EMS,MWH,VALID
2025-01-22 21:00:00,406.45884240552704,80.0,220.0,EMS,MWH,VALID
2025-01-22 22:00:00,353.9969713873855,80.0,220.0,EMS,MWH,VALID
2025-01-22 23:00:00,353.6089846883261,80.0,220.0,EMS,MWH,VALID
2025-01-23 00:00:00,303.0202378725876,80.0,220.0,EMS,MWH,VALID
2025-01-23 01:00:00,319.371548320654,80.0,220.0,EMS,MWH,VALID
2025-01-23 02:00:00,320.633892472168,80.0,220.0,EMS,MWH,VALID
2025-01-23 03:00:00,331.8070092214802,80.0,220.0,EMS,MWH,VALID
2025-01-23 04:00:00,300.93237809308164,80.0,220.0,EMS,MWH,VALID
2025-01-23 05:00:00,329.183305840153,80.0,220.0,EMS,MWH,VALID
2025-01-23 06:00:00,373.8425212534277,80.0,220.0,EMS,MWH,VALID
2025-01-23 07:00:00,414.5288094928365,80.0,220.0,EMS,MWH,VALID
2025-01-23 08:00:00,406.96104454346,80.0,220.0,EMS,MWH,VALID
2025-01-23 09:00:00,403.2386347058263,80.0,220.0,EMS,MWH,VALID
2025-01-23 10:00:00,412.2118729767122,80.0,220.0,EMS,MWH,VALID
2025-01-23 11:00:00,388.53361784076895,80.0,220.0,EMS,MWH,VALID
2025-01-23 12:00:00,370.04575549019984,80.0,220.0,EMS,MWH,VALID
2025-01-23 13:00:00,357.4978929695825,80.0,220.0,EMS,MWH,VALID
2025-01-23 14:00:00,365.24045716302055,80.0,220.0,EMS,MWH,VALID
2025-01-23 15:00:00,397.0911608758042,80.0,220.0,EMS,MWH,VALID
2025-01-23 16:00:00,426.0780840868752,80.0,220.0,EMS,MWH,VALID
2025-01-23 17:00:00,459.2664388670228,80.0,220.0,EMS,MWH,VALID
2025-01-23 18:00:00,463.3467693362799,80.0,220.0,EMS,MWH,VALID
2025-01-23 19:00:00,502.2042692017079,80.0,220.0,EMS,MWH,VALID
2025-01-23 20:00:00,481.8803016093268,80.0,220.0,EMS,MWH,VALID
2025-01-23 21:00:00,423.4420928029939,80.0,220.0,EMS,MWH,VALID
2025-01-23 22:00:00,372.3933812981496,80.0,220.0,EMS,MWH,VALID
2025-01-23 23:00:00,344.74085092709805,80.0,220.0,EMS,MWH,VALID
2025-01-24 00:00:00,285.9294097109296,80.0,220.0,EMS,MWH,VALID
2025-01-24 01:00:00,283.0072113590767,80.0,220.0,EMS,MWH,VALID
2025-01-24 02:00:00,307.41510958070404,80.0,220.0,EMS,MWH,VALID
2025-01-24 03:00:00,309.2710130573512,80.0,220.0,EMS,MWH,VALID
2025-01-24 04:00:00,277.9999679941864,80.0,220.0,EMS,MWH,VALID
2025-01-24 05:00:00,340.8388560235151,80.0,220.0,EMS,MWH,VALID
2025-01-24 06:00:00,381.4581309293078,80.0,220.0,EMS,MWH,VALID
2025-01-24 07:00:00,419.71207688193874,80.0,220.0,EMS,MWH,VALID
2025-01-24 08:00:00,425.3945657021309,80.0,220.0,EMS,MWH,VALID
2025-01-24 09:00:00,411.877915016523,80.0,220.0,EMS,MWH,VALID
2025-01-24 10:00:00,420.50536842141474,80.0,220.0,EMS,MWH,VALID
2025-01-24 11:00:00,404.89764917435735,80.0,220.0,EMS,MWH,VALID
2025-01-24 12:00:00,382.9459106379565,80.0,220.0,EMS,MWH,VALID
2025-01-24 13:00:00,388.2782305204444,80.0,220.0,EMS,MWH,VALID
2025-01-24 14:00:00,390.4923913685697,80.0,220.0,EMS,MWH,VALID
2025-01-24 15:00:00,418.8612282556072,80.0,220.0,EMS,MWH,VALID
2025-01-24 16:00:00,364.8306346033357,80.0,220.0,EMS,MWH,VALID
2025-01-24 17:00:00,457.1841042385695,80.0,220.0,EMS,MWH,VALID
2025-01-24 18:00:00,474.8233322252263,80.0,220.0,EMS,MWH,VALID
2025-01-24 19:00:00,488.2942235076541,80.0,220.0,EMS,MWH,VALID
2025-01-24 20:00:00,475.6646486226238,80.0,220.0,EMS,MWH,VALID
2025-01-24 21:00:00,418.9126969535551,80.0,220.0,EMS,MWH,VALID
2025-01-24 22:00:00,374.72766944045975,80.0,220.0,EMS,MWH,VALID
2025-01-24 23:00:00,334.0160215265325,80.0,220.0,EMS,MWH,VALID
2025-01-25 00:00:00,260.1231811209043,80.0,220.0,EMS,MWH,VALID
2025-01-25 01:00:00,258.5876375344006,80.0,220.0,EMS,MWH,VALID
2025-01-25 02:00:00,240.0471016954116,80.0,220.0,EMS,MWH,VALID
2025-01-25 03:00:00,262.3051348257885,80.0,220.0,EMS,MWH,VALID
2025-01-25 04:00:00,272.7329071222719,80.0,220.0,EMS,MWH,VALID
2025-01-25 05:00:00,281.1764287052135,80.0,220.0,EMS,MWH,VALID
2025-01-25 06:00:00,318.9821575714302,80.0,220.0,EMS,MWH,VALID
2025-01-25 07:00:00,327.6098813151435,80.0,220.0,EMS,MWH,VALID
2025-01-25 08:00:00,331.87445653685444,80.0,158.4,EMS,MWH,VALID
2025-01-25 09:00:00,346.0472757247645,80.0,158.4,EMS,MWH,VALID
2025-01-25 10:00:00,330.83112607208034,80.0,220.0,EMS,MWH,VALID
2025-01-25 11:00:00,246.0470902928801,80.0,220.0,EMS,MWH,VALID
2025-01-25 12:00:00,283.7672318262545,80.0,220.0,EMS,MWH,VALID
2025-01-25 13:00:00,338.6535912759821,80.0,220.0,EMS,MWH,VALID
2025-01-25 14:00:00,311.6074967884885,80.0,220.0,EMS,MWH,VALID
2025-01-25 15:00:00,310.98513330551725,80.0,220.0,EMS,MWH,VALID
2025-01-25 16:00:00,308.2446841420376,80.0,220.0,EMS,MWH,VALID
2025-01-25 17:00:00,371.0020220298578,80.0,220.0,EMS,MWH,VALID
2025-01-25 18:00:00,405.37114861534405,80.0,220.0,EMS,MWH,VALID
2025-01-25 19:00:00,395.53516092784776,80.0,220.0,EMS,MWH,VALID
2025-01-25 20:00:00,379.4236786776557,80.0,220.0,EMS,MWH,VALID
2025-01-25 21:00:00,319.45072602790225,80.0,220.0,EMS,MWH,VALID
2025-01-25 22:00:00,308.3066440075999,80.0,220.0,EMS,MWH,VALID
2025-01-25 23:00:00,260.40688702574766,80.0,220.0,EMS,MWH,VALID
2025-01-26 00:00:00,261.00324619314387,80.0,220.0,EMS,MWH,VALID
2025-01-26 01:00:00,254.9563323564424,80.0,220.0,EMS,MWH,VALID
2025-01-26 02:00:00,250.70305967101444,80.0,220.0,EMS,MWH,VALID
2025-01-26 03:00:00,272.20260977162224,80.0,220.0,EMS,MWH,VALID
2025-01-26 04:00:00,246.7024448569433,80.0,220.0,EMS,MWH,VALID
2025-01-26 05:00:00,303.1184816188505,80.0,220.0,EMS,MWH,VALID
2025-01-26 06:00:00,309.01312950699406,80.0,220.0,EMS,MWH,VALID
2025-01-26 07:00:00,329.2707891422217,80.0,220.0,EMS,MWH,VALID
2025-01-26 08:00:00,338.1902378655916,80.0,220.0,EMS,MWH,VALID
2025-01-26 09:00:00,357.71782873742086,80.0,220.0,EMS,MWH,VALID
2025-01-26 10:00:00,325.2729542875596,80.0,220.0,EMS,MWH,VALID
2025-01-26 11:00:00,336.17719879220203,80.0,220.0,EMS,MWH,VALID
2025-01-26 12:00:00,291.4960878328339,80.0,220.0,EMS,MWH,VALID
2025-01-26 13:00:00,299.3598769245911,80.0,220.0,EMS,MWH,VALID
2025-01-26 14:00:00,278.2576057487614,80.0,220.0,EMS,MWH,VALID
2025-01-26 15:00:00,299.3773583582573,80.0,220.0,EMS,MWH,VALID
2025-01-26 16:00:00,353.2194616361842,80.0,220.0,EMS,MWH,VALID
2025-01-26 17:00:00,371.5876010548073,80.0,220.0,EMS,MWH,VALID
2025-01-26 18:00:00,390.3183066618006,80.0,220.0,EMS,MWH,VALID
2025-01-26 19:00:00,373.740186534828,80.0,220.0,EMS,MWH,VALID
2025-01-26 20:00:00,390.3920093361288,80.0,220.0,EMS,MWH,VALID
2025-01-26 21:00:00,344.1221193420864,80.0,220.0,EMS,MWH,VALID
2025-01-26 22:00:00,289.73567176952656,80.0,220.0,EMS,MWH,VALID
2025-01-26 23:00:00,280.6796188019084,80.0,220.0,EMS,MWH,VALID
2025-01-27 00:00:00,329.01035381795583,80.0,220.0,EMS,MWH,VALID
2025-01-27 01:00:00,330.6479185604668,80.0,220.0,EMS,MWH,VALID
2025-01-27 02:00:00,306.31817538994073,80.0,220.0,EMS,MWH,VALID
2025-01-27 03:00:00,295.90622310319105,80.0,220.0,EMS,MWH,VALID
2025-01-27 04:00:00,334.8282551351302,80.0,220.0,EMS,MWH,VALID
2025-01-27 05:00:00,319.791612257614,80.0,220.0,EMS,MWH,VALID
2025-01-27 06:00:00,355.96020068416817,80.0,220.0,EMS,MWH,VALID
2025-01-27 07:00:00,412.64771792777,80.0,220.0,EMS,MWH,VALID
2025-01-27 08:00:00,439.47375306056784,80.0,220.0,EMS,MWH,VALID
2025-01-27 09:00:00,430.2616639008672,80.0,220.0,EMS,MWH,VALID
2025-01-27 10:00:00,402.10834435879167,80.0,220.0,EMS,MWH,VALID
2025-01-27 11:00:00,399.1236272909367,80.0,220.0,EMS,MWH,VALID
2025-01-27 12:00:00,398.13569496482336,80.0,220.0,EMS,MWH,VALID
2025-01-27 13:00:00,387.1339304593764,80.0,220.0,EMS,MWH,VALID
2025-01-27 14:00:00,352.5582439028937,80.0,220.0,EMS,MWH,VALID
2025-01-27 15:00:00,382.4923498711348,80.0,220.0,EMS,MWH,VALID
2025-01-27 16:00:00,426.2916417988704,80.0,220.0,EMS,MWH,VALID
2025-01-27 17:00:00,437.7056869619313,80.0,220.0,EMS,MWH,VALID
2025-01-27 18:00:00,492.60866468234303,80.0,220.0,EMS,MWH,VALID
2025-01-27 19:00:00,495.4098976292801,80.0,220.0,EMS,MWH,VALID
2025-01-27 20:00:00,471.2819059592035,80.0,220.0,EMS,MWH,VALID
2025-01-27 21:00:00,437.5656583338384,80.0,220.0,EMS,MWH,VALID
2025-01-27 22:00:00,369.2685855441631,80.0,220.0,EMS,MWH,VALID
2025-01-27 23:00:00,348.5652360091339,80.0,220.0,EMS,MWH,VALID
2025-01-28 00:00:00,307.2322542850881,80.0,220.0,EMS,MWH,VALID
2025-01-28 01:00:00,315.0857424878803,80.0,220.0,EMS,MWH,VALID
2025-01-28 02:00:00,323.5331800964861,80.0,220.0,EMS,MWH,VALID
2025-01-28 03:00:00,301.1145630611986,80.0,220.0,EMS,MWH,VALID
2025-01-28 04:00:00,324.40140003665044,80.0,220.0,EMS,MWH,VALID
2025-01-28 05:00:00,324.9786053916054,80.0,220.0,EMS,MWH,VALID
2025-01-28 06:00:00,364.65769581393147,80.0,220.0,EMS,MWH,VALID
2025-01-28 07:00:00,396.5971480751192,80.0,220.0,EMS,MWH,VALID
2025-01-28 08:00:00,413.5158509779004,80.0,220.0,EMS,MWH,VALID
2025-01-28 09:00:00,434.426342815798,80.0,220.0,EMS,MWH,VALID
2025-01-28 10:00:00,405.8944219653324,80.0,220.0,EMS,MWH,VALID
2025-01-28 11:00:00,426.5040027301272,80.0,220.0,EMS,MWH,VALID
2025-01-28 12:00:00,383.2540139455162,80.0,220.0,EMS,MWH,VALID
2025-01-28 13:00:00,372.5613203627317,80.0,220.0,EMS,MWH,VALID
2025-01-28 14:00:00,393.7822317223413,80.0,220.0,EMS,MWH,VALID
2025-01-28 15:00:00,398.4515133970696,80.0,220.0,EMS,MWH,VALID
2025-01-28 16:00:00,427.4794455866772,80.0,220.0,EMS,MWH,VALID
2025-01-28 17:00:00,441.4947612455574,80.0,220.0,EMS,MWH,VALID
2025-01-28 18:00:00,475.15294997620816,80.0,220.0,EMS,MWH,VALID
2025-01-28 19:00:00,493.6965523096836,80.0,220.0,EMS,MWH,VALID
2025-01-28 20:00:00,465.04656510275873,80.0,220.0,EMS,MWH,VALID
2025-01-28 21:00:00,437.2797709289426,80.0,220.0,EMS,MWH,VALID
2025-01-28 22:00:00,357.1010699362744,80.0,220.0,EMS,MWH,VALID
2025-01-28 23:00:00,351.15704803359887,80.0,220.0,EMS,MWH,VALID
2025-01-29 00:00:00,338.17314333631924,80.0,220.0,EMS,MWH,VALID
2025-01-29 01:00:00,322.4191634885613,80.0,220.0,EMS,MWH,VALID
2025-01-29 02:00:00,324.0968559240156,80.0,220.0,EMS,MWH,VALID
2025-01-29 03:00:00,314.2998892889197,80.0,220.0,EMS,MWH,VALID
2025-01-29 04:00:00,305.9083813531093,80.0,220.0,EMS,MWH,VALID
2025-01-29 05:00:00,310.5569252005453,80.0,220.0,EMS,MWH,VALID
2025-01-29 06:00:00,377.0648168090944,80.0,220.0,EMS,MWH,VALID
2025-01-29 07:00:00,402.1097431490505,80.0,220.0,EMS,MWH,VALID
2025-01-29 08:00:00,406.2218080180053,80.0,220.0,EMS,MWH,VALID
2025-01-29 09:00:00,445.8940016837749,80.0,220.0,EMS,MWH,VALID
2025-01-29 10:00:00,399.86922440351134,80.0,220.0,EMS,MWH,VALID
2025-01-29 11:00:00,392.5660736628576,80.0,220.0,EMS,MWH,VALID
2025-01-29 12:00:00,385.3776434657128,80.0,220.0,EMS,MWH,VALID
2025-01-29 13:00:00,391.3986350986735,80.0,220.0,EMS,MWH,VALID
2025-01-29 14:00:00,389.8382840648967,80.0,220.0,EMS,MWH,VALID
2025-01-29 15:00:00,378.4251824283607,80.0,220.0,EMS,MWH,VALID
2025-01-29 16:00:00,393.33696696157983,80.0,220.0,EMS,MWH,VALID
2025-01-29 17:00:00,446.9978600413773,80.0,220.0,EMS,MWH,VALID
2025-01-29 18:00:00,475.5264013982117,80.0,220.0,EMS,MWH,VALID
2025-01-29 19:00:00,501.155261035428,80.0,220.0,EMS,MWH,VALID
2025-01-29 20:00:00,457.4064027749628,80.0,220.0,EMS,MWH,VALID
2025-01-29 21:00:00,425.2015431318825,80.0,220.0,EMS,MWH,VALID
2025-01-29 22:00:00,386.8206533295718,80.0,220.0,EMS,MWH,VALID
2025-01-29 23:00:00,319.25432702499177,80.0,220.0,EMS,MWH,VALID
2025-01-30 00:00:00,315.7772353775006,80.0,220.0,EMS,MWH,VALID
2025-01-30 01:00:00,312.4520501081364,80.0,220.0,EMS,MWH,VALID
2025-01-30 02:00:00,303.4513392060867,80.0,220.0,EMS,MWH,VALID
2025-01-30 03:00:00,290.84468535747624,80.0,220.0,EMS,MWH,VALID
2025-01-30 04:00:00,289.3299756885721,80.0,220.0,EMS,MWH,VALID
2025-01-30 05:00:00,335.62920621322,80.0,220.0,EMS,MWH,VALID
2025-01-30 06:00:00,373.5483891090725,80.0,220.0,EMS,MWH,VALID
2025-01-30 07:00:00,409.74462849451135,80.0,220.0,EMS,MWH,VALID
2025-01-30 08:00:00,416.2455656187455,80.0,220.0,EMS,MWH,VALID
2025-01-30 09:00:00,439.01202444358745,80.0,220.0,EMS,MWH,VALID
2025-01-30 10:00:00,421.646639428558,80.0,220.0,EMS,MWH,VALID
2025-01-30 11:00:00,385.0932180225333,80.0,220.0,EMS,MWH,VALID
2025-01-30 12:00:00,380.1751353407844,80.0,220.0,EMS,MWH,VALID
2025-01-30 13:00:00,379.204300517764,80.0,220.0,EMS,MWH,VALID
2025-01-30 14:00:00,384.9695957692851,80.0,220.0,EMS,MWH,VALID
2025-01-30 15:00:00,398.4781301497456,80.0,220.0,EMS,MWH,VALID
2025-01-30 16:00:00,437.1477982279323,80.0,220.0,EMS,MWH,VALID
2025-01-30 17:00:00,434.0006912367808,80.0,220.0,EMS,MWH,VALID
2025-01-30 18:00:00,475.6064617300301,80.0,220.0,EMS,MWH,VALID
2025-01-30 19:00:00,493.928398133515,80.0,220.0,EMS,MWH,VALID
2025-01-30 20:00:00,455.6214160028922,80.0,220.0,EMS,MWH,VALID
2025-01-30 21:00:00,414.80623304310905,80.0,220.0,EMS,MWH,VALID
2025-01-30 22:00:00,400.1116324881408,80.0,220.0,EMS,MWH,VALID
2025-01-30 23:00:00,354.83042071681564,80.0,220.0,EMS,MWH,VALID
2025-01-31 00:00:00,316.5325239719033,80.0,220.0,EMS,MWH,VALID
2025-01-31 01:00:00,308.669750139295,80.0,220.0,EMS,MWH,VALID
2025-01-31 02:00:00,298.8722164269518,80.0,220.0,EMS,MWH,VALID
2025-01-31 03:00:00,325.0740991096502,80.0,220.0,EMS,MWH,VALID
2025-01-31 04:00:00,334.4615481317754,80.0,220.0,EMS,MWH,VALID
2025-01-31 05:00:00,330.5436394342891,80.0,220.0,EMS,MWH,VALID
2025-01-31 06:00:00,379.1346802352733,80.0,220.0,EMS,MWH,VALID
2025-01-31 07:00:00,383.0200767938686,80.0,220.0,EMS,MWH,VALID
2025-01-31 08:00:00,437.1089257637666,80.0,220.0,EMS,MWH,VALID
2025-01-31 09:00:00,407.5322624662448,80.0,220.0,EMS,MWH,VALID
2025-01-31 10:00:00,420.4076166036437,80.0,220.0,EMS,MWH,VALID
2025-01-31 11:00:00,404.1935245117331,80.0,220.0,EMS,MWH,VALID
2025-01-31 12:00:00,408.76370956894505,80.0,220.0,EMS,MWH,VALID
2025-01-31 13:00:00,393.0864722973289,80.0,220.0,EMS,MWH,VALID
2025-01-31 14:00:00,410.3137148432372,80.0,220.0,EMS,MWH,VALID
2025-01-31 15:00:00,380.7764683991504,80.0,220.0,EMS,MWH,VALID
2025-01-31 16:00:00,398.927440705416,80.0,220.0,EMS,MWH,VALID
2025-01-31 17:00:00,451.5233854900315,80.0,220.0,EMS,MWH,VALID
2025-01-31 18:00:00,461.62565734412016,80.0,220.0,EMS,MWH,VALID
2025-01-31 19:00:00,528.1150407063064,80.0,220.0,EMS,MWH,VALID
2025-01-31 20:00:00,487.3940563405922,80.0,220.0,EMS,MWH,VALID
2025-01-31 21:00:00,412.0346591911857,80.0,220.0,EMS,MWH,VALID
2025-01-31 22:00:00,359.5519889697801,80.0,220.0,EMS,MWH,VALID
2025-01-31 23:00:00,339.51403838164293,80.0,220.0,EMS,MWH,VALID
2025-02-01 00:00:00,254.4239940275268,80.0,220.0,EMS,MWH,VALID
2025-02-01 01:00:00,233.1282524975952,80.0,220.0,EMS,MWH,VALID
2025-02-01 02:00:00,257.1720429995914,80.0,220.0,EMS,MWH,VALID
2025-02-01 03:00:00,261.0972242784603,80.0,220.0,EMS,MWH,VALID
01/02/2025 04:00,292.60826857500064,80.0,220.0,EMS,MWH,VALID
2025-02-01 05:00:00,285.3271564319934,80.0,220.0,EMS,MWH,VALID
2025-02-01 06:00:00,319.7239671818598,80.0,220.0,EMS,MWH,VALID
2025-02-01 07:00:00,340.65741683820033,80.0,220.0,EMS,MWH,VALID
2025-02-01 08:00:00,355.9619959253901,80.0,220.0,EMS,MWH,VALID
2025-02-01 09:00:00,337.810427727937,80.0,220.0,EMS,MWH,VALID
2025-02-01 10:00:00,281.44384146561623,80.0,220.0,EMS,MWH,VALID
2025-02-01 11:00:00,270.99512387966644,80.0,220.0,EMS,MWH,VALID
2025-02-01 12:00:00,309.45693177158523,80.0,220.0,EMS,MWH,VALID
2025-02-01 13:00:00,300.143250843859,80.0,220.0,EMS,MWH,VALID
2025-02-01 14:00:00,317.7804568867276,80.0,220.0,EMS,MWH,VALID
2025-02-01 15:00:00,307.55259639226006,80.0,220.0,EMS,MWH,VALID
2025-02-01 16:00:00,361.6127646000233,80.0,220.0,EMS,MWH,VALID
2025-02-01 17:00:00,361.2068624209352,80.0,220.0,EMS,MWH,VALID
2025-02-01 18:00:00,358.0554573152165,80.0,220.0,EMS,MWH,VALID
2025-02-01 19:00:00,417.9840556823448,80.0,220.0,EMS,MWH,VALID
2025-02-01 20:00:00,407.7217134762384,80.0,220.0,EMS,MWH,VALID
2025-02-01 21:00:00,344.35773392068523,80.0,220.0,EMS,MWH,VALID
2025-02-01 22:00:00,306.77590180788843,80.0,220.0,EMS,MWH,VALID
2025-02-01 23:00:00,273.00147792479,80.0,220.0,EMS,MWH,VALID
2025-02-02 00:00:00,281.7818873571053,80.0,220.0,EMS,MWH,VALID
2025-02-02 01:00:00,253.367928703222,80.0,220.0,EMS,MWH,VALID
2025-02-02 02:00:00,239.09001504503132,80.0,220.0,EMS,MWH,VALID
2025-02-02 03:00:00,248.93618471192687,80.0,220.0,EMS,MWH,VALID
2025-02-02 04:00:00,276.6818797887112,80.0,220.0,EMS,MWH,VALID
2025-02-02 05:00:00,296.26278658802084,80.0,220.0,EMS,MWH,VALID
2025-02-02 06:00:00,316.9122011633689,80.0,220.0,EMS,MWH,VALID
2025-02-02 07:00:00,327.00828757665886,80.0,220.0,EMS,MWH,VALID
2025-02-02 08:00:00,353.8238019360393,80.0,220.0,EMS,MWH,VALID
2025-02-02 09:00:00,329.17648694007715,80.0,220.0,EMS,MWH,VALID
2025-02-02 10:00:00,291.9811775410828,80.0,220.0,EMS,MWH,VALID
2025-02-02 11:00:00,310.3722546875776,80.0,220.0,EMS,MWH,VALID
2025-02-02 12:00:00,348.679858691942,80.0,220.0,EMS,MWH,VALID
2025-02-02 13:00:00,271.81823816068567,80.0,220.0,EMS,MWH,VALID
2025-02-02 14:00:00,295.5436326800543,80.0,220.0,EMS,MWH,VALID
2025-02-02 15:00:00,341.33332877367366,80.0,220.0,EMS,MWH,VALID
2025-02-02 16:00:00,353.91978720639577,80.0,220.0,EMS,MWH,VALID
2025-02-02 17:00:00,360.6568741952867,80.0,220.0,EMS,MWH,VALID
2025-02-02 18:00:00,426.28827971635474,80.0,220.0,EMS,MWH,VALID
2025-02-02 19:00:00,396.721147175441,80.0,220.0,EMS,MWH,VALID
2025-02-02 20:00:00,381.675807686266,80.0,220.0,EMS,MWH,VALID
2025-02-02 21:00:00,372.52153306283645,80.0,220.0,EMS,MWH,VALID
2025-02-02 22:00:00,315.2928721834942,80.0,220.0,EMS,MWH,VALID
2025-02-02 23:00:00,280.40332930009043,80.0,220.0,EMS,MWH,VALID
2025-02-03 00:00:00,312.84797816303063,80.0,220.0,EMS,MWH,VALID
2025-02-03 01:00:00,286.38593685444584,80.0,220.0,EMS,MWH,VALID
2025-02-03 02:00:00,286.3579966785011,80.0,220.0,EMS,MWH,VALID
2025-02-03 03:00:00,322.99540911887783,80.0,220.0,EMS,MWH,VALID
2025-02-03 04:00:00,319.53344577820366,80.0,220.0,EMS,MWH,VALID
2025-02-03 05:00:00,330.2361365015993,80.0,220.0,EMS,MWH,VALID
2025-02-03 06:00:00,379.2957830111273,80.0,220.0,EMS,MWH,VALID
2025-02-03 07:00:00,389.1887519490848,80.0,220.0,EMS,MWH,VALID
2025-02-03 08:00:00,426.3010721556417,80.0,220.0,EMS,MWH,VALID
2025-02-03 09:00:00,415.0145640406034,80.0,220.0,EMS,MWH,VALID
2025-02-03 10:00:00,420.0358161220664,80.0,220.0,EMS,MWH,VALID
2025-02-03 11:00:00,388.8460398057287,80.0,220.0,EMS,MWH,VALID
2025-02-03 12:00:00,399.12683993007823,80.0,220.0,EMS,MWH,VALID
2025-02-03 13:00:00,377.1587642372417,80.0,220.0,EMS,MWH,VALID
2025-02-03 14:00:00,371.42655995375793,80.0,220.0,EMS,MWH,VALID
2025-02-03 15:00:00,394.6104328094286,80.0,220.0,EMS,MWH,VALID
2025-02-03 16:00:00,430.593469491502,80.0,220.0,EMS,MWH,VALID
2025-02-03 17:00:00,436.0818048859019,80.0,220.0,EMS,MWH,VALID
2025-02-03 18:00:00,468.30986555803287,80.0,220.0,EMS,MWH,VALID
2025-02-03 19:00:00,481.39452778525714,80.0,220.0,EMS,MWH,VALID
2025-02-03 20:00:00,493.6046414919857,80.0,220.0,EMS,MWH,VALID
2025-02-03 21:00:00,413.9929661301485,80.0,220.0,EMS,MWH,VALID
2025-02-03 22:00:00,392.1773994917367,80.0,220.0,EMS,MWH,VALID
2025-02-03 23:00:00,338.0050695990912,80.0,220.0,EMS,MWH,VALID
2025-02-04 00:00:00,304.2745804139814,80.0,220.0,EMS,MWH,VALID
2025-02-04 01:00:00,322.0108111646887,80.0,220.0,EMS,MWH,VALID
2025-02-04 02:00:00,311.89429300436484,80.0,220.0,EMS,MWH,VALID
2025-02-04 03:00:00,330.77716470612825,80.0,220.0,EMS,MWH,VALID
2025-02-04 04:00:00,313.6038511179122,80.0,220.0,EMS,MWH,VALID
2025-02-04 05:00:00,345.7380288226511,80.0,220.0,EMS,MWH,VALID
2025-02-04 06:00:00,357.1535872569476,80.0,220.0,EMS,MWH,VALID
2025-02-04 07:00:00,384.540897966216,80.0,220.0,EMS,MWH,VALID
2025-02-04 08:00:00,418.5871858036157,80.0,220.0,EMS,MWH,VALID
2025-02-04 09:00:00,421.5190880672173,72.0,220.0,EMS,MWH,VALID
2025-02-04 10:00:00,403.5143430782925,72.0,220.0,EMS,MWH,VALID
2025-02-04 11:00:00,374.96112274997057,72.0,220.0,EMS,MWH,VALID
2025-02-04 12:00:00,381.05693365686966,72.0,220.0,EMS,MWH,VALID
2025-02-04 13:00:00,378.801966941421,80.0,220.0,EMS,MWH,VALID
2025-02-04 14:00:00,406.64075370099806,80.0,220.0,EMS,MWH,VALID
2025-02-04 15:00:00,401.5567341750673,80.0,220.0,EMS,MWH,VALID
2025-02-04 16:00:00,391.2520088546691,80.0,220.0,EMS,MWH,VALID
2025-02-04 17:00:00,441.8094946387331,80.0,220.0,EMS,MWH,VALID
2025-02-04 18:00:00,491.9350894553252,80.0,220.0,EMS,MWH,VALID
2025-02-04 19:00:00,486.8408909030026,80.0,220.0,EMS,MWH,VALID
2025-02-04 20:00:00,459.7033834720876,80.0,220.0,EMS,MWH,VALID
2025-02-04 21:00:00,408.12109207924834,80.0,220.0,EMS,MWH,VALID
2025-02-04 22:00:00,376.6930031485808,80.0,220.0,EMS,MWH,VALID
2025-02-04 23:00:00,366.2913025855526,80.0,220.0,EMS,MWH,VALID
2025-02-05 00:00:00,299.35208186880334,80.0,220.0,EMS,MWH,VALID
2025-02-05 01:00:00,328.7016557676369,80.0,220.0,EMS,MWH,VALID
2025-02-05 02:00:00,319.0868397957797,80.0,220.0,EMS,MWH,VALID
2025-02-05 03:00:00,307.7637961927997,80.0,220.0,EMS,MWH,VALID
2025-02-05 04:00:00,330.9923573839402,80.0,220.0,EMS,MWH,VALID
2025-02-05 05:00:00,321.2824448284457,80.0,220.0,EMS,MWH,VALID
2025-02-05 06:00:00,382.6529292278112,80.0,220.0,EMS,MWH,VALID
2025-02-05 07:00:00,404.1647229135473,80.0,220.0,EMS,MWH,VALID
2025-02-05 08:00:00,425.8961634477408,80.0,220.0,EMS,MWH,VALID
2025-02-05 09:00:00,425.8907268520172,80.0,220.0,EMS,MWH,VALID
2025-02-05 10:00:00,422.5133743343436,80.0,220.0,EMS,MWH,VALID
2025-02-05 11:00:00,382.3248164497153,80.0,220.0,EMS,MWH,VALID
2025-02-05 12:00:00,354.3921246000301,80.0,220.0,EMS,MWH,VALID
2025-02-05 13:00:00,350.0939589184438,80.0,220.0,EMS,MWH,VALID
2025-02-05 14:00:00,380.6096235918672,80.0,220.0,EMS,MWH,VALID
2025-02-05 15:00:00,426.3932783443983,80.0,220.0,EMS,MWH,VALID
2025-02-05 16:00:00,411.7358670860896,80.0,220.0,EMS,MWH,VALID
2025-02-05 17:00:00,471.96838277740926,80.0,220.0,EMS,MWH,VALID
2025-02-05 18:00:00,474.4429777645505,80.0,220.0,EMS,MWH,VALID
2025-02-05 19:00:00,505.1186802446245,80.0,220.0,EMS,MWH,VALID
2025-02-05 20:00:00,462.5939847928529,80.0,220.0,EMS,MWH,VALID
2025-02-05 21:00:00,405.554565299357,80.0,220.0,EMS,MWH,VALID
2025-02-05 22:00:00,376.694004649965,80.0,220.0,EMS,MWH,VALID
2025-02-05 23:00:00,344.66039598833544,80.0,220.0,EMS,MWH,VALID
2025-02-06 00:00:00,315.77160078750967,80.0,220.0,EMS,MWH,VALID
2025-02-06 01:00:00,327.9566342150299,80.0,220.0,EMS,MWH,VALID
2025-02-06 02:00:00,321.0994308651796,80.0,220.0,EMS,MWH,VALID
2025-02-06 03:00:00,334.3409572202819,80.0,220.0,EMS,MWH,VALID
2025-02-06 04:00:00,342.51709789825907,80.0,220.0,EMS,MWH,VALID
2025-02-06 05:00:00,342.7728743519265,80.0,220.0,EMS,MWH,VALID
2025-02-06 06:00:00,348.4396178443167,80.0,220.0,EMS,MWH,VALID
2025-02-06 07:00:00,400.95142272564334,80.0,220.0,EMS,MWH,VALID
2025-02-06 08:00:00,434.3896087825862,80.0,220.0,EMS,MWH,VALID
2025-02-06 09:00:00,427.6215978585055,80.0,220.0,EMS,MWH,VALID
2025-02-06 10:00:00,434.24199906885104,80.0,220.0,EMS,MWH,VALID
2025-02-06 11:00:00,412.9942013003379,80.0,220.0,EMS,MWH,VALID
2025-02-06 12:00:00,395.3357047342285,80.0,220.0,EMS,MWH,VALID
2025-02-06 13:00:00,388.1511080917168,80.0,220.0,EMS,MWH,VALID
2025-02-06 14:00:00,382.14051144193394,80.0,220.0,EMS,MWH,VALID
2025-02-06 15:00:00,406.02654217365887,80.0,220.0,EMS,MWH,VALID
2025-02-06 16:00:00,417.1265996981991,80.0,220.0,EMS,MWH,VALID
2025-02-06 17:00:00,436.6420507611882,80.0,220.0,EMS,MWH,VALID
2025-02-06 18:00:00,501.3096453976814,80.0,220.0,EMS,MWH,VALID
2025-02-06 19:00:00,468.0055507820572,80.0,220.0,EMS,MWH,VALID
2025-02-06 20:00:00,462.0344409060569,80.0,220.0,EMS,MWH,VALID
2025-02-06 21:00:00,419.6034956828023,80.0,220.0,EMS,MWH,VALID
2025-02-06 22:00:00,363.6374055015618,80.0,220.0,EMS,MWH,VALID
2025-02-06 23:00:00,329.12120331197224,80.0,220.0,EMS,MWH,VALID
2025-02-07 00:00:00,315.42325857134784,80.0,220.0,EMS,MWH,VALID
2025-02-07 01:00:00,306.4092686748865,80.0,220.0,EMS,MWH,VALID
2025-02-07 02:00:00,320.7182800770883,80.0,220.0,EMS,MWH,VALID
2025-02-07 03:00:00,317.7852025067876,80.0,220.0,EMS,MWH,VALID
2025-02-07 04:00:00,325.8059260581293,80.0,220.0,EMS,MWH,VALID
2025-02-07 05:00:00,352.2018805525356,80.0,220.0,EMS,MWH,VALID
2025-02-07 06:00:00,360.6873618134707,80.0,220.0,EMS,MWH,VALID
2025-02-07 07:00:00,379.63129057700536,80.0,220.0,EMS,MWH,VALID
2025-02-07 08:00:00,438.1174372892607,80.0,220.0,EMS,MWH,VALID
2025-02-07 09:00:00,423.68458045579695,80.0,220.0,EMS,MWH,VALID
2025-02-07 10:00:00,417.225287445761,80.0,220.0,EMS,MWH,VALID
2025-02-07 11:00:00,357.2657912198967,80.0,220.0,EMS,MWH,VALID
2025-02-07 12:00:00,378.5429755745024,80.0,220.0,EMS,MWH,VALID
2025-02-07 13:00:00,382.2655144912754,80.0,220.0,EMS,MWH,VALID
2025-02-07 14:00:00,388.7811889591088,80.0,220.0,EMS,MWH,VALID
2025-02-07 15:00:00,410.3324462879546,80.0,220.0,EMS,MWH,VALID
2025-02-07 16:00:00,409.2951194408786,80.0,220.0,EMS,MWH,VALID
2025-02-07 17:00:00,423.3467722423373,80.0,220.0,EMS,MWH,VALID
2025-02-07 18:00:00,472.4276797004897,80.0,220.0,EMS,MWH,VALID
2025-02-07 19:00:00,490.8635794654555,80.0,220.0,EMS,MWH,VALID
2025-02-07 20:00:00,478.05395402737855,80.0,220.0,EMS,MWH,VALID
2025-02-07 21:00:00,430.65564035506304,80.0,220.0,EMS,MWH,VALID
2025-02-07 22:00:00,360.9088494219302,80.0,220.0,EMS,MWH,VALID
2025-02-07 23:00:00,356.3784650594684,80.0,220.0,EMS,MWH,VALID
2025-02-08 00:00:00,235.35139116012328,80.0,220.0,EMS,MWH,VALID
2025-02-08 01:00:00,291.95813622317945,80.0,220.0,EMS,MWH,VALID
2025-02-08 02:00:00,254.524259918888,80.0,220.0,EMS,MWH,VALID
2025-02-08 03:00:00,243.24885934890457,80.0,220.0,EMS,MWH,VALID
2025-02-08 04:00:00,260.3143184811804,80.0,220.0,EMS,MWH,VALID
2025-02-08 05:00:00,268.13496681921754,80.0,220.0,EMS,MWH,VALID
2025-02-08 06:00:00,294.17469482880625,80.0,220.0,EMS,MWH,VALID
2025-02-08 07:00:00,344.8673328724882,80.0,220.0,EMS,MWH,VALID
2025-02-08 08:00:00,365.939102228952,80.0,220.0,EMS,MWH,VALID
2025-02-08 09:00:00,344.86302968439657,80.0,220.0,EMS,MWH,VALID
2025-02-08 10:00:00,307.3201928253172,80.0,220.0,EMS,MWH,VALID
2025-02-08 11:00:00,306.8424254929378,80.0,220.0,EMS,MWH,VALID
2025-02-08 12:00:00,332.33053981335274,80.0,220.0,EMS,MWH,VALID
2025-02-08 13:00:00,308.3545155279364,80.0,220.0,EMS,MWH,VALID
2025-02-08 14:00:00,331.01197356688647,80.0,220.0,EMS,MWH,VALID
2025-02-08 15:00:00,327.6862509342449,80.0,220.0,EMS,MWH,VALID
2025-02-08 16:00:00,335.9935037902957,80.0,220.0,EMS,MWH,VALID
2025-02-08 17:00:00,356.11211896910595,80.0,220.0,EMS,MWH,VALID
2025-02-08 18:00:00,422.5838205339489,80.0,220.0,EMS,MWH,VALID
2025-02-08 19:00:00,413.9241266196059,80.0,220.0,EMS,MWH,VALID
2025-02-08 20:00:00,387.1380418105925,80.0,220.0,EMS,MWH,VALID
2025-02-08 21:00:00,364.3499551056874,80.0,220.0,EMS,MWH,VALID
2025-02-08 22:00:00,312.34545077924383,80.0,220.0,EMS,MWH,VALID
2025-02-08 23:00:00,275.6100694506432,80.0,220.0,EMS,MWH,VALID
2025-02-09 00:00:00,236.3813544273976,80.0,220.0,EMS,MWH,VALID
2025-02-09 01:00:00,238.98995000667065,80.0,220.0,EMS,MWH,VALID
2025-02-09 02:00:00,269.4170420276027,80.0,220.0,EMS,MWH,VALID
2025-02-09 03:00:00,251.81171117653892,80.0,220.0,EMS,MWH,VALID
2025-02-09 04:00:00,253.5333417788376,80.0,220.0,EMS,MWH,VALID
2025-02-09 05:00:00,292.2358641107844,80.0,220.0,EMS,MWH,VALID
2025-02-09 06:00:00,302.4152081142307,80.0,220.0,EMS,MWH,VALID
2025-02-09 07:00:00,328.3045172017991,80.0,220.0,EMS,MWH,VALID
2025-02-09 08:00:00,331.95815963518334,80.0,220.0,EMS,MWH,VALID
2025-02-09 09:00:00,333.6188646491385,80.0,220.0,EMS,MWH,VALID
2025-02-09 10:00:00,302.0380946620784,80.0,220.0,EMS,MWH,VALID
2025-02-09 11:00:00,322.92164065659574,80.0,220.0,EMS,MWH,VALID
2025-02-09 12:00:00,312.3787877973242,80.0,220.0,EMS,MWH,VALID
2025-02-09 13:00:00,337.8715115507367,80.0,220.0,EMS,MWH,VALID
2025-02-09 14:00:00,317.22345498448567,80.0,220.0,EMS,MWH,VALID
2025-02-09 15:00:00,287.28647295237664,80.0,220.0,EMS,MWH,VALID
2025-02-09 16:00:00,325.6001724274957,80.0,220.0,EMS,MWH,VALID
2025-02-09 17:00:00,369.33918741958047,80.0,220.0,EMS,MWH,VALID
2025-02-09 18:00:00,395.4233700144193,80.0,220.0,EMS,MWH,VALID
2025-02-09 19:00:00,399.2586187546866,80.0,220.0,EMS,MWH,VALID
2025-02-09 20:00:00,417.3253452307497,80.0,220.0,EMS,MWH,VALID
2025-02-09 21:00:00,346.7361587764578,80.0,220.0,EMS,MWH,VALID
2025-02-09 22:00:00,313.44243270112514,80.0,220.0,EMS,MWH,VALID
2025-02-09 23:00:00,289.0666002902359,80.0,220.0,EMS,MWH,VALID
2025-02-10 00:00:00,311.50979800146814,80.0,220.0,EMS,MWH,VALID
2025-02-10 01:00:00,313.4995338571698,80.0,220.0,EMS,MWH,VALID
2025-02-10 02:00:00,325.76972783940687,80.0,220.0,EMS,MWH,VALID
2025-02-10 03:00:00,298.2575224625904,80.0,220.0,EMS,MWH,VALID
2025-02-10 04:00:00,347.4499213193983,80.0,220.0,EMS,MWH,VALID
2025-02-10 05:00:00,349.75343436082824,80.0,220.0,EMS,MWH,VALID
2025-02-10 06:00:00,396.217741235474,80.0,220.0,EMS,MWH,VALID
2025-02-10 07:00:00,417.9819219045944,80.0,220.0,EMS,MWH,VALID
2025-02-10 08:00:00,404.35761669218346,80.0,220.0,EMS,MWH,VALID
2025-02-10 09:00:00,415.3071064131671,80.0,220.0,EMS,MWH,VALID
2025-02-10 10:00:00,405.9719347258359,80.0,220.0,EMS,MWH,VALID
2025-02-10 11:00:00,375.2138849781774,80.0,220.0,EMS,MWH,VALID
2025-02-10 12:00:00,385.30816042979166,80.0,220.0,EMS,MWH,VALID
2025-02-10 13:00:00,369.12467957736976,80.0,220.0,EMS,MWH,VALID
2025-02-10 14:00:00,383.4067156270156,80.0,220.0,EMS,MWH,VALID
2025-02-10 15:00:00,384.7287410781208,65.6,220.0,EMS,MWH,VALID
2025-02-10 16:00:00,416.52805099417606,65.6,220.0,EMS,MWH,VALID
2025-02-10 17:00:00,470.5540220142141,65.6,220.0,EMS,MWH,VALID
2025-02-10 18:00:00,476.3850300218265,65.6,220.0,EMS,MWH,VALID
2025-02-10 19:00:00,499.96266905190697,65.6,220.0,EMS,MWH,VALID
2025-02-10 20:00:00,460.9875894946503,65.6,220.0,EMS,MWH,VALID
2025-02-10 21:00:00,434.402465118341,65.6,220.0,EMS,MWH,VALID
2025-02-10 22:00:00,369.0516413729093,65.6,220.0,EMS,MWH,VALID
2025-02-10 23:00:00,348.99122914310675,65.6,220.0,EMS,MWH,VALID
2025-02-11 00:00:00,287.16138875730616,80.0,220.0,EMS,MWH,VALID
2025-02-11 01:00:00,295.4211093547781,80.0,220.0,EMS,MWH,VALID
2025-02-11 02:00:00,321.9242400936067,80.0,220.0,EMS,MWH,VALID
2025-02-11 03:00:00,335.195745147376,80.0,220.0,EMS,MWH,VALID
2025-02-11 04:00:00,339.56173835900046,80.0,220.0,EMS,MWH,VALID
2025-02-11 05:00:00,348.1509006460508,80.0,220.0,EMS,MWH,VALID
2025-02-11 06:00:00,366.4919814139564,80.0,220.0,EMS,MWH,VALID
2025-02-11 07:00:00,391.602241589468,80.0,220.0,EMS,MWH,VALID
2025-02-11 08:00:00,427.2794092277493,80.0,220.0,EMS,MWH,VALID
2025-02-11 09:00:00,412.8291240136838,80.0,220.0,EMS,MWH,VALID
2025-02-11 10:00:00,405.3106943001602,80.0,220.0,EMS,MWH,VALID
2025-02-11 11:00:00,402.5133341467448,80.0,180.4,EMS,MWH,VALID
2025-02-11 12:00:00,379.7956152873021,80.0,180.4,EMS,MWH,VALID
2025-02-11 13:00:00,379.9294238862983,80.0,180.4,EMS,MWH,VALID
2025-02-11 14:00:00,385.0767650872599,80.0,180.4,EMS,MWH,VALID
2025-02-11 15:00:00,403.424044339633,80.0,180.4,EMS,MWH,VALID
2025-02-11 16:00:00,414.9893503107909,80.0,180.4,EMS,MWH,VALID
2025-02-11 17:00:00,471.3258223030609,80.0,180.4,EMS,MWH,VALID
2025-02-11 18:00:00,498.313449506318,80.0,180.4,EMS,MWH,VALID
2025-02-11 19:00:00,514.6612892585239,80.0,180.4,EMS,MWH,VALID
2025-02-11 20:00:00,479.4331354237324,80.0,180.4,EMS,MWH,VALID
2025-02-11 21:00:00,449.1309151870744,80.0,220.0,EMS,MWH,VALID
2025-02-11 22:00:00,381.3058750083814,80.0,220.0,EMS,MWH,VALID
2025-02-11 23:00:00,350.75704028109675,80.0,220.0,EMS,MWH,VALID
2025-02-12 00:00:00,291.73697342058966,80.0,220.0,EMS,MWH,VALID
2025-02-12 01:00:00,319.87457156229823,80.0,220.0,EMS,MWH,VALID
2025-02-12 02:00:00,323.8039390767159,80.0,220.0,EMS,MWH,VALID
2025-02-12 03:00:00,323.6915562667818,80.0,220.0,EMS,MWH,VALID
2025-02-12 04:00:00,338.27874908586193,80.0,220.0,EMS,MWH,VALID
2025-02-12 05:00:00,349.83166120201764,80.0,220.0,EMS,MWH,VALID
2025-02-12 06:00:00,374.5751504743573,80.0,220.0,EMS,MWH,VALID
2025-02-12 07:00:00,428.0138140175649,80.0,220.0,EMS,MWH,VALID
2025-02-12 08:00:00,414.8247531550575,80.0,220.0,EMS,MWH,VALID
2025-02-12 09:00:00,439.28617013765313,65.6,220.0,EMS,MWH,VALID
2025-02-12 10:00:00,412.06233264427846,65.6,220.0,EMS,MWH,VALID
2025-02-12 11:00:00,402.6835649027436,65.6,220.0,EMS,MWH,VALID
2025-02-12 12:00:00,381.32745896323627,65.6,220.0,EMS,MWH,VALID
2025-02-12 13:00:00,395.0896163472935,80.0,220.0,EMS,MWH,VALID
2025-02-12 14:00:00,374.9597983396621,80.0,220.0,EMS,MWH,VALID
2025-02-12 15:00:00,392.39801261100735,80.0,220.0,EMS,MWH,VALID
2025-02-12 16:00:00,423.9352941842834,80.0,220.0,EMS,MWH,VALID
2025-02-12 17:00:00,443.77737992590255,80.0,220.0,EMS,MWH,VALID
2025-02-12 18:00:00,503.0695847078305,80.0,220.0,EMS,MWH,VALID
2025-02-12 19:00:00,512.7359216491707,80.0,220.0,EMS,MWH,VALID
2025-02-12 20:00:00,466.5574386175426,80.0,220.0,EMS,MWH,VALID
2025-02-12 21:00:00,437.8012361263599,80.0,220.0,EMS,MWH,VALID
2025-02-12 22:00:00,371.7506404042634,80.0,220.0,EMS,MWH,VALID
2025-02-12 23:00:00,365.4665858998512,80.0,220.0,EMS,MWH,VALID
2025-02-13 00:00:00,283.76504571280714,80.0,220.0,EMS,MWH,VALID
2025-02-13 01:00:00,326.291667478496,80.0,220.0,EMS,MWH,VALID
2025-02-13 02:00:00,327.79548407176696,80.0,220.0,EMS,MWH,VALID
2025-02-13 03:00:00,309.3314768440581,80.0,220.0,EMS,MWH,VALID
2025-02-13 04:00:00,332.70724168983963,80.0,220.0,EMS,MWH,VALID
2025-02-13 05:00:00,337.2431909267022,80.0,220.0,EMS,MWH,VALID
2025-02-13 06:00:00,367.5963426672523,80.0,220.0,EMS,MWH,VALID
2025-02-13 07:00:00,424.286021284618,80.0,220.0,EMS,MWH,VALID
2025-02-13 08:00:00,451.70600158286646,80.0,220.0,EMS,MWH,VALID
2025-02-13 09:00:00,416.9788366254025,80.0,220.0,EMS,MWH,VALID
2025-02-13 10:00:00,427.69249730566975,80.0,220.0,EMS,MWH,VALID
2025-02-13 11:00:00,410.53510247482535,80.0,220.0,EMS,MWH,VALID
2025-02-13 12:00:00,368.08605054048974,80.0,220.0,EMS,MWH,VALID
2025-02-13 13:00:00,378.3715020961665,80.0,220.0,EMS,MWH,VALID
2025-02-13 14:00:00,375.9482889804538,80.0,220.0,EMS,MWH,VALID
2025-02-13 15:00:00,399.9277676211056,80.0,220.0,EMS,MWH,VALID
2025-02-13 16:00:00,410.7754738747824,80.0,220.0,EMS,MWH,VALID
2025-02-13 17:00:00,455.984216828103,80.0,220.0,EMS,MWH,VALID
2025-02-13 18:00:00,501.8074441875453,80.0,220.0,EMS,MWH,VALID
2025-02-13 19:00:00,505.9360548345868,80.0,220.0,EMS,MWH,VALID
2025-02-13 20:00:00,466.54477908535466,80.0,220.0,EMS,MWH,VALID
2025-02-13 21:00:00,441.546994715558,80.0,220.0,EMS,MWH,VALID
2025-02-13 22:00:00,392.88684555203326,80.0,220.0,EMS,MWH,VALID
2025-02-13 23:00:00,358.4765125908261,80.0,220.0,EMS,MWH,VALID
2025-02-14 00:00:00,327.63552159575687,80.0,220.0,EMS,MWH,VALID
2025-02-14 01:00:00,299.09436184756123,80.0,220.0,EMS,MWH,VALID
2025-02-14 02:00:00,327.83585270337267,80.0,220.0,EMS,MWH,VALID
2025-02-14 03:00:00,314.5126101387687,80.0,220.0,EMS,MWH,VALID
2025-02-14 04:00:00,322.573000580262,80.0,220.0,EMS,MWH,VALID
2025-02-14 05:00:00,346.29405801611546,80.0,220.0,EMS,MWH,VALID
2025-02-14 06:00:00,377.98511689809885,80.0,220.0,EMS,MWH,VALID
2025-02-14 07:00:00,385.4229771451196,80.0,220.0,EMS,MWH,VALID
2025-02-14 08:00:00,438.2076752749873,80.0,220.0,EMS,MWH,VALID
2025-02-14 09:00:00,431.4286522693683,80.0,220.0,EMS,MWH,VALID
2025-02-14 10:00:00,416.5331770275073,80.0,220.0,EMS,MWH,VALID
2025-02-14 11:00:00,377.8077361179048,80.0,220.0,EMS,MWH,VALID
2025-02-14 12:00:00,378.349148264528,80.0,220.0,EMS,MWH,VALID
2025-02-14 13:00:00,382.38057757182565,80.0,220.0,EMS,MWH,VALID
2025-02-14 14:00:00,394.9451901314483,80.0,220.0,EMS,MWH,VALID
2025-02-14 15:00:00,410.77188529614097,80.0,220.0,EMS,MWH,VALID
2025-02-14 16:00:00,411.9333771606395,80.0,220.0,EMS,MWH,VALID
2025-02-14 17:00:00,467.5534772217937,80.0,220.0,EMS,MWH,VALID
2025-02-14 18:00:00,480.5639537090416,80.0,220.0,EMS,MWH,VALID
2025-02-14 19:00:00,493.014060498384,80.0,220.0,EMS,MWH,VALID
2025-02-14 20:00:00,474.0654082568541,80.0,220.0,EMS,MWH,VALID
2025-02-14 21:00:00,422.032215450407,80.0,220.0,EMS,MWH,VALID
2025-02-14 22:00:00,384.8668041590681,80.0,220.0,EMS,MWH,VALID
2025-02-14 23:00:00,335.39796989346803,80.0,220.0,EMS,MWH,VALID
2025-02-15 00:00:00,265.7779185806892,80.0,220.0,EMS,MWH,VALID
2025-02-15 01:00:00,260.18182029064445,80.0,220.0,EMS,MWH,VALID
2025-02-15 02:00:00,241.81858731525764,80.0,180.4,EMS,MWH,VALID
2025-02-15 03:00:00,274.263124665479,80.0,180.4,EMS,MWH,VALID
2025-02-15 04:00:00,274.23744118515265,80.0,180.4,EMS,MWH,VALID
2025-02-15 05:00:00,287.49552440202524,80.0,180.4,EMS,MWH,VALID
2025-02-15 06:00:00,301.8588137432392,80.0,220.0,EMS,MWH,VALID
2025-02-15 07:00:00,316.1509974070369,80.0,220.0,EMS,MWH,VALID
2025-02-15 08:00:00,359.0746243921538,80.0,220.0,EMS,MWH,VALID
2025-02-15 09:00:00,390.1012401275985,80.0,220.0,EMS,MWH,VALID
2025-02-15 10:00:00,303.5109466798254,80.0,220.0,EMS,MWH,VALID
2025-02-15 11:00:00,339.7279861430572,80.0,220.0,EMS,MWH,VALID
2025-02-15 12:00:00,261.09383250550195,80.0,220.0,EMS,MWH,VALID
2025-02-15 13:00:00,276.62003762581645,80.0,220.0,EMS,MWH,VALID
2025-02-15 14:00:00,258.1686662308245,80.0,220.0,EMS,MWH,VALID
2025-02-15 15:00:00,336.5124783581173,80.0,220.0,EMS,MWH,VALID
2025-02-15 16:00:00,362.7537952989909,80.0,220.0,EMS,MWH,VALID
2025-02-15 17:00:00,375.4687109949606,80.0,220.0,EMS,MWH,VALID
2025-02-15 18:00:00,408.7204103430621,80.0,220.0,EMS,MWH,VALID
2025-02-15 19:00:00,413.602820934821,80.0,220.0,EMS,MWH,VALID
2025-02-15 20:00:00,380.4423347064924,80.0,220.0,EMS,MWH,VALID
2025-02-15 21:00:00,350.6517935678526,80.0,220.0,EMS,MWH,VALID
2025-02-15 22:00:00,319.6244803610359,80.0,220.0,EMS,MWH,VALID
2025-02-15 23:00:00,301.580846212455,80.0,220.0,EMS,MWH,VALID
2025-02-16 00:00:00,251.28672870804257,80.0,220.0,EMS,MWH,VALID
2025-02-16 01:00:00,266.080755992925,80.0,220.0,EMS,MWH,VALID
2025-02-16 02:00:00,255.17676756748008,80.0,220.0,EMS,MWH,VALID
2025-02-16 03:00:00,270.97244258148373,80.0,220.0,EMS,MWH,VALID
2025-02-16 04:00:00,279.1789483829365,80.0,220.0,EMS,MWH,VALID
2025-02-16 05:00:00,283.07757215737826,80.0,220.0,EMS,MWH,VALID
2025-02-16 06:00:00,315.98001658909106,80.0,220.0,EMS,MWH,VALID
2025-02-16 07:00:00,317.01893243520345,80.0,220.0,EMS,MWH,VALID
2025-02-16 08:00:00,362.5480606729862,80.0,220.0,EMS,MWH,VALID
2025-02-16 09:00:00,358.55797787984585,80.0,220.0,EMS,MWH,VALID
2025-02-16 10:00:00,329.11912033551613,80.0,220.0,EMS,MWH,VALID
2025-02-16 11:00:00,301.4983243392812,80.0,220.0,EMS,MWH,VALID
2025-02-16 12:00:00,319.1035978126387,80.0,220.0,EMS,MWH,VALID
2025-02-16 13:00:00,265.7709712641057,80.0,220.0,EMS,MWH,VALID
2025-02-16 14:00:00,304.13973021516813,80.0,220.0,EMS,MWH,VALID
2025-02-16 15:00:00,300.05477160841406,80.0,220.0,EMS,MWH,VALID
2025-02-16 16:00:00,350.0811662261705,80.0,220.0,EMS,MWH,VALID
2025-02-16 17:00:00,366.85531425564056,80.0,220.0,EMS,MWH,VALID
2025-02-16 18:00:00,403.9496107154189,80.0,220.0,EMS,MWH,VALID
2025-02-16 19:00:00,412.5384862311484,80.0,220.0,EMS,MWH,VALID
2025-02-16 20:00:00,397.353493884907,80.0,220.0,EMS,MWH,VALID
2025-02-16 21:00:00,361.566717248686,80.0,220.0,EMS,MWH,VALID
2025-02-16 22:00:00,330.9010830203219,80.0,220.0,EMS,MWH,VALID
2025-02-16 23:00:00,282.900730367033,80.0,220.0,EMS,MWH,VALID
2025-02-17 00:00:00,311.7227513833338,80.0,220.0,EMS,MWH,VALID
2025-02-17 01:00:00,300.5947875121834,80.0,220.0,EMS,MWH,VALID
2025-02-17 02:00:00,324.41120391374824,80.0,220.0,EMS,MWH,VALID
2025-02-17 03:00:00,308.9852953889566,80.0,220.0,EMS,MWH,VALID
2025-02-17 04:00:00,331.25722299261804,80.0,220.0,EMS,MWH,VALID
2025-02-17 05:00:00,375.5608545195255,80.0,220.0,EMS,MWH,VALID
2025-02-17 06:00:00,357.09056272062264,80.0,220.0,EMS,MWH,VALID
2025-02-17 07:00:00,396.5848132348837,80.0,220.0,EMS,MWH,VALID
2025-02-17 08:00:00,434.3038797084338,80.0,220.0,EMS,MWH,VALID
2025-02-17 09:00:00,415.5952461440977,80.0,220.0,EMS,MWH,VALID
2025-02-17 10:00:00,432.11752496909816,80.0,220.0,EMS,MWH,VALID
2025-02-17 11:00:00,385.5148308657893,80.0,220.0,EMS,MWH,VALID
2025-02-17 12:00:00,390.2889159702257,80.0,220.0,EMS,MWH,VALID
2025-02-17 13:00:00,395.3653483807654,80.0,220.0,EMS,MWH,VALID
2025-02-17 14:00:00,372.3921306937792,80.0,220.0,EMS,MWH,VALID
2025-02-17 15:00:00,401.1607610903134,80.0,220.0,EMS,MWH,VALID
2025-02-17 16:00:00,442.0168881428434,80.0,220.0,EMS,MWH,VALID
2025-02-17 17:00:00,465.0465185452945,80.0,220.0,EMS,MWH,VALID
2025-02-17 18:00:00,485.871250184593,80.0,220.0,EMS,MWH,VALID
2025-02-17 19:00:00,511.0680238426602,80.0,220.0,EMS,MWH,VALID
2025-02-17 20:00:00,445.52887482374825,80.0,220.0,EMS,MWH,VALID
2025-02-17 21:00:00,422.6836936630596,80.0,220.0,EMS,MWH,VALID
2025-02-17 22:00:00,360.4919678841245,80.0,220.0,EMS,MWH,VALID
2025-02-17 23:00:00,349.55555685807815,80.0,220.0,EMS,MWH,VALID
2025-02-18 00:00:00,317.9245235482388,80.0,220.0,EMS,MWH,VALID
2025-02-18 01:00:00,304.34393602975126,80.0,220.0,EMS,MWH,VALID
2025-02-18 02:00:00,332.0819637290844,80.0,220.0,EMS,MWH,VALID
2025-02-18 03:00:00,292.5988674384429,80.0,220.0,EMS,MWH,VALID
2025-02-18 04:00:00,351.6139021624604,80.0,220.0,EMS,MWH,VALID
2025-02-18 05:00:00,361.9040878900116,80.0,220.0,EMS,MWH,VALID
2025-02-18 06:00:00,380.2388024741525,80.0,220.0,EMS,MWH,VALID
2025-02-18 07:00:00,405.21522533523927,80.0,220.0,EMS,MWH,VALID
2025-02-18 08:00:00,429.52853875000494,80.0,220.0,EMS,MWH,VALID
2025-02-18 09:00:00,435.9121866108251,80.0,220.0,EMS,MWH,VALID
2025-02-18 10:00:00,406.3051301848964,80.0,220.0,EMS,MWH,VALID
2025-02-18 11:00:00,397.5944031729448,80.0,220.0,EMS,MWH,VALID
2025-02-18 12:00:00,395.9998080510773,80.0,220.0,EMS,MWH,VALID
2025-02-18 13:00:00,397.5908501007717,80.0,220.0,EMS,MWH,VALID
2025-02-18 14:00:00,410.30960598347104,80.0,220.0,EMS,MWH,VALID
2025-02-18 15:00:00,421.2643103449559,80.0,220.0,EMS,MWH,VALID
2025-02-18 16:00:00,422.11057086679176,80.0,220.0,EMS,MWH,VALID
2025-02-18 17:00:00,436.2950196591256,80.0,220.0,EMS,MWH,VALID
2025-02-18 18:00:00,491.3266307812985,80.0,220.0,EMS,MWH,VALID
2025-02-18 19:00:00,520.2571990501239,80.0,220.0,EMS,MWH,VALID
2025-02-18 20:00:00,476.6755147934935,80.0,220.0,EMS,MWH,VALID
2025-02-18 21:00:00,453.3689680158071,80.0,220.0,EMS,MWH,VALID
2025-02-18 22:00:00,364.6813032534135,80.0,220.0,EMS,MWH,VALID
2025-02-18 23:00:00,352.4922622894878,80.0,220.0,EMS,MWH,VALID
2025-02-19 00:00:00,323.00346586924815,80.0,220.0,EMS,MWH,VALID
2025-02-19 01:00:00,341.43472796815774,80.0,220.0,EMS,MWH,VALID
2025-02-19 02:00:00,318.826881114431,80.0,220.0,EMS,MWH,VALID
2025-02-19 03:00:00,326.91254322283044,80.0,220.0,EMS,MWH,VALID
2025-02-19 04:00:00,338.82847022622354,80.0,220.0,EMS,MWH,VALID
2025-02-19 05:00:00,333.2347873871768,80.0,220.0,EMS,MWH,VALID
2025-02-19 06:00:00,371.06181372902097,80.0,220.0,EMS,MWH,VALID
2025-02-19 07:00:00,417.8580970323267,80.0,220.0,EMS,MWH,VALID
2025-02-19 08:00:00,436.2875214246724,80.0,220.0,EMS,MWH,VALID
2025-02-19 09:00:00,428.1558718078158,80.0,220.0,EMS,MWH,VALID
2025-02-19 10:00:00,421.6702762500834,80.0,220.0,EMS,MWH,VALID
2025-02-19 11:00:00,402.5246594621781,80.0,220.0,EMS,MWH,VALID
2025-02-19 12:00:00,405.5296065384117,80.0,220.0,EMS,MWH,VALID
2025-02-19 13:00:00,382.5898900395657,80.0,220.0,EMS,MWH,VALID
2025-02-19 14:00:00,396.32853958522026,80.0,220.0,EMS,MWH,VALID
2025-02-19 15:00:00,396.028621530616,80.0,220.0,EMS,MWH,VALID
2025-02-19 16:00:00,416.6851283915066,80.0,220.0,EMS,MWH,VALID
2025-02-19 17:00:00,476.9122083317452,80.0,220.0,EMS,MWH,VALID
2025-02-19 18:00:00,505.68762460499687,80.0,220.0,EMS,MWH,VALID
2025-02-19 19:00:00,504.00867459203226,80.0,220.0,EMS,MWH,VALID
2025-02-19 20:00:00,471.2591349215985,80.0,220.0,EMS,MWH,VALID
2025-02-19 21:00:00,450.024130974541,80.0,220.0,EMS,MWH,VALID
2025-02-19 22:00:00,407.938376276401,80.0,220.0,EMS,MWH,VALID
2025-02-19 23:00:00,327.0177859813886,80.0,220.0,EMS,MWH,VALID
2025-02-20 00:00:00,309.03806618787985,80.0,220.0,EMS,MWH,VALID
2025-02-20 01:00:00,310.1295176925608,80.0,220.0,EMS,MWH,VALID
2025/02/20 02:00,315.32203686538617,80.0,220.0,EMS,MWH,VALID
2025-02-20 03:00:00,315.6881856760144,80.0,220.0,EMS,MWH,VALID
2025-02-20 04:00:00,327.6106952425626,80.0,220.0,EMS,MWH,VALID
2025-02-20 05:00:00,357.9486008568776,80.0,220.0,EMS,MWH,VALID
2025-02-20 06:00:00,375.4660724557692,80.0,220.0,EMS,MWH,VALID
2025-02-20 07:00:00,407.73492373099685,80.0,220.0,EMS,MWH,VALID
2025-02-20 08:00:00,432.71039718316496,80.0,220.0,EMS,MWH,VALID
2025-02-20 09:00:00,436.0475468701948,80.0,220.0,EMS,MWH,VALID
2025-02-20 10:00:00,417.9759977695368,80.0,220.0,EMS,MWH,VALID
2025-02-20 11:00:00,405.083305154876,80.0,220.0,EMS,MWH,VALID
2025-02-20 12:00:00,392.0164181627276,80.0,220.0,EMS,MWH,VALID
2025-02-20 13:00:00,382.4427384383376,80.0,220.0,EMS,MWH,VALID
2025-02-20 14:00:00,396.9441663544449,80.0,220.0,EMS,MWH,VALID
2025-02-20 15:00:00,380.0840170666825,80.0,220.0,EMS,MWH,VALID
2025-02-20 16:00:00,432.28316845867454,80.0,220.0,EMS,MWH,VALID
2025-02-20 17:00:00,472.0577109291236,80.0,220.0,EMS,MWH,VALID
2025-02-20 18:00:00,477.667220116687,80.0,220.0,EMS,MWH,VALID
2025-02-20 19:00:00,516.0586420978252,80.0,220.0,EMS,MWH,VALID
2025-02-20 20:00:00,499.8829288224933,80.0,220.0,EMS,MWH,VALID
2025-02-20 21:00:00,420.0033767322869,80.0,220.0,EMS,MWH,VALID
2025-02-20 22:00:00,386.656435706998,80.0,220.0,EMS,MWH,VALID
2025-02-20 23:00:00,342.1668883124573,80.0,220.0,EMS,MWH,VALID
2025-02-21 00:00:00,315.56575414724574,80.0,220.0,EMS,MWH,VALID
2025-02-21 01:00:00,310.75136328377977,80.0,220.0,EMS,MWH,VALID
2025-02-21 02:00:00,301.48326090681365,80.0,220.0,EMS,MWH,VALID
2025-02-21 03:00:00,341.53563053104097,80.0,220.0,EMS,MWH,VALID
2025-02-21 04:00:00,329.2316817353469,80.0,220.0,EMS,MWH,VALID
2025-02-21 05:00:00,350.74673451305205,80.0,220.0,EMS,MWH,VALID
2025-02-21 06:00:00,390.0416583687882,80.0,220.0,EMS,MWH,VALID
2025-02-21 07:00:00,421.5735159679387,80.0,220.0,EMS,MWH,VALID
2025-02-21 08:00:00,427.9976555107082,80.0,220.0,EMS,MWH,VALID
2025-02-21 09:00:00,426.7502222105989,80.0,220.0,EMS,MWH,VALID
2025-02-21 10:00:00,413.4926224666151,80.0,220.0,EMS,MWH,VALID
2025-02-21 11:00:00,416.1443328508197,80.0,220.0,EMS,MWH,VALID
2025-02-21 12:00:00,387.3486300977549,80.0,220.0,EMS,MWH,VALID
2025-02-21 13:00:00,383.01183770497295,80.0,220.0,EMS,MWH,VALID
2025-02-21 14:00:00,384.9723157679014,80.0,220.0,EMS,MWH,VALID
2025-02-21 15:00:00,402.8854997142373,80.0,220.0,EMS,MWH,VALID
2025-02-21 16:00:00,429.56236395216695,80.0,220.0,EMS,MWH,VALID
2025-02-21 17:00:00,497.68597827263466,80.0,220.0,EMS,MWH,VALID
2025-02-21 18:00:00,477.4331399888902,80.0,220.0,EMS,MWH,VALID
2025-02-21 19:00:00,488.18398799380185,80.0,220.0,EMS,MWH,VALID
2025-02-21 20:00:00,501.8741327625896,80.0,220.0,EMS,MWH,VALID
2025-02-21 21:00:00,401.8867384637264,80.0,220.0,EMS,MWH,VALID
2025-02-21 22:00:00,397.0770552901325,80.0,220.0,EMS,MWH,VALID
2025-02-21 23:00:00,337.82359743357955,80.0,220.0,EMS,MWH,VALID
2025-02-22 00:00:00,259.14424602365256,80.0,220.0,EMS,MWH,VALID
2025-02-22 01:00:00,259.16082693200593,80.0,220.0,EMS,MWH,VALID
2025-02-22 02:00:00,282.4483242755048,80.0,220.0,EMS,MWH,VALID
2025-02-22 03:00:00,259.1975687355074,80.0,220.0,EMS,MWH,VALID
2025-02-22 04:00:00,282.3279107625897,80.0,220.0,EMS,MWH,VALID
2025-02-22 05:00:00,280.2688735446496,80.0,220.0,EMS,MWH,VALID
2025-02-22 06:00:00,301.19413675740446,80.0,220.0,EMS,MWH,VALID
2025-02-22 07:00:00,331.1491866646783,80.0,220.0,EMS,MWH,VALID
2025-02-22 08:00:00,350.5353978100935,80.0,220.0,EMS,MWH,VALID
2025-02-22 09:00:00,337.2547103077988,80.0,220.0,EMS,MWH,VALID
2025-02-22 10:00:00,338.3411231773728,80.0,220.0,EMS,MWH,VALID
2025-02-22 11:00:00,318.2985025012589,80.0,220.0,EMS,MWH,VALID
2025-02-22 12:00:00,333.1294381453258,80.0,220.0,EMS,MWH,VALID
2025-02-22 13:00:00,320.4484917877489,80.0,220.0,EMS,MWH,VALID
2025-02-22 14:00:00,328.1669403276779,80.0,220.0,EMS,MWH,VALID
2025-02-22 15:00:00,325.2858356715112,80.0,220.0,EMS,MWH,VALID
2025-02-22 16:00:00,349.9784520297689,80.0,220.0,EMS,MWH,VALID
2025-02-22 17:00:00,382.8849979802813,80.0,220.0,EMS,MWH,VALID
2025-02-22 18:00:00,386.28018159746006,80.0,220.0,EMS,MWH,VALID
2025-02-22 19:00:00,420.1742120809857,80.0,220.0,EMS,MWH,VALID
2025-02-22 20:00:00,400.5072043992244,80.0,220.0,EMS,MWH,VALID
2025-02-22 21:00:00,345.9590257674937,80.0,220.0,EMS,MWH,VALID
2025-02-22 22:00:00,307.522019967471,80.0,220.0,EMS,MWH,VALID
2025-02-22 23:00:00,299.2900172696018,80.0,220.0,EMS,MWH,VALID
2025-02-23 00:00:00,277.369951840272,80.0,220.0,EMS,MWH,VALID
2025-02-23 01:00:00,256.0505812600297,80.0,220.0,EMS,MWH,VALID
2025-02-23 02:00:00,270.8748166463584,80.0,220.0,EMS,MWH,VALID
2025-02-23 03:00:00,285.32716384884026,80.0,220.0,EMS,MWH,VALID
2025-02-23 04:00:00,274.13691937573884,80.0,220.0,EMS,MWH,VALID
2025-02-23 05:00:00,269.37232468610324,80.0,220.0,EMS,MWH,VALID
2025-02-23 06:00:00,305.93917140706185,80.0,220.0,EMS,MWH,VALID
2025-02-23 07:00:00,319.93415961628114,80.0,220.0,EMS,MWH,VALID
2025-02-23 08:00:00,374.9437758042167,80.0,220.0,EMS,MWH,VALID
2025-02-23 09:00:00,384.67396768920514,80.0,220.0,EMS,MWH,VALID
2025-02-23 10:00:00,348.3140105658866,80.0,220.0,EMS,MWH,VALID
2025-02-23 11:00:00,317.42873869779135,80.0,220.0,EMS,MWH,VALID
2025-02-23 12:00:00,276.5661387569165,80.0,220.0,EMS,MWH,VALID
2025-02-23 13:00:00,309.0137290378925,80.0,220.0,EMS,MWH,VALID
2025-02-23 14:00:00,349.6449212830238,80.0,220.0,EMS,MWH,VALID
2025-02-23 15:00:00,319.27469439063407,80.0,220.0,EMS,MWH,VALID
2025-02-23 16:00:00,351.60558076856057,80.0,220.0,EMS,MWH,VALID
2025-02-23 17:00:00,390.74224187567904,80.0,220.0,EMS,MWH,VALID
2025-02-23 18:00:00,407.8966458306888,80.0,220.0,EMS,MWH,VALID
2025-02-23 19:00:00,389.035855973421,80.0,220.0,EMS,MWH,VALID
2025-02-23 20:00:00,401.0750677636107,80.0,220.0,EMS,MWH,VALID
2025-02-23 21:00:00,344.2199197674699,80.0,220.0,EMS,MWH,VALID
2025-02-23 22:00:00,318.4395817082253,80.0,220.0,EMS,MWH,VALID
2025-02-23 23:00:00,268.7113790590731,80.0,220.0,EMS,MWH,VALID
2025-02-24 00:00:00,322.2472568214853,80.0,220.0,EMS,MWH,VALID
2025-02-24 01:00:00,328.1107231339512,80.0,220.0,EMS,MWH,VALID
2025-02-24 02:00:00,334.6657644438361,80.0,220.0,EMS,MWH,VALID
2025-02-24 03:00:00,334.5570086286383,80.0,220.0,EMS,MWH,VALID
2025-02-24 04:00:00,352.2734593913599,80.0,220.0,EMS,MWH,VALID
2025-02-24 05:00:00,359.29358373230224,80.0,220.0,EMS,MWH,VALID
2025-02-24 06:00:00,377.7185536060058,80.0,220.0,EMS,MWH,VALID
2025-02-24 07:00:00,417.5680529272634,80.0,220.0,EMS,MWH,VALID
2025-02-24 08:00:00,446.7676371077315,80.0,220.0,EMS,MWH,VALID
2025-02-24 09:00:00,412.4441153219208,80.0,220.0,EMS,MWH,VALID
2025-02-24 10:00:00,390.6586602397935,80.0,220.0,EMS,MWH,VALID
2025-02-24 11:00:00,406.9398404579588,80.0,220.0,EMS,MWH,VALID
2025-02-24 12:00:00,424.3539891099624,80.0,220.0,EMS,MWH,VALID
2025-02-24 13:00:00,407.9578954538566,80.0,220.0,EMS,MWH,VALID
2025-02-24 14:00:00,390.18907620429206,80.0,220.0,EMS,MWH,VALID
2025-02-24 15:00:00,417.7008066701569,80.0,220.0,EMS,MWH,VALID
2025-02-24 16:00:00,422.4676020442405,80.0,220.0,EMS,MWH,VALID
2025-02-24 17:00:00,450.4694407354618,80.0,220.0,EMS,MWH,VALID
2025-02-24 18:00:00,477.090484814784,80.0,220.0,EMS,MWH,VALID
2025-02-24 19:00:00,503.6848181122001,80.0,220.0,EMS,MWH,VALID
2025-02-24 20:00:00,470.6758714088912,80.0,220.0,EMS,MWH,VALID
2025-02-24 21:00:00,446.2940347419405,80.0,220.0,EMS,MWH,VALID
2025-02-24 22:00:00,363.0750657449789,80.0,220.0,EMS,MWH,VALID
2025-02-24 23:00:00,358.54081103367554,80.0,220.0,EMS,MWH,VALID
2025-02-25 00:00:00,307.6536918927919,80.0,220.0,EMS,MWH,VALID
2025-02-25 01:00:00,322.25568441033573,80.0,220.0,EMS,MWH,VALID
2025-02-25 02:00:00,311.11352965778474,80.0,220.0,EMS,MWH,VALID
2025/02/25 03:00,336.67445175705416,80.0,220.0,EMS,MWH,VALID
2025-02-25 04:00:00,327.98939045718794,80.0,220.0,EMS,MWH,VALID
2025-02-25 05:00:00,361.490006182052,80.0,220.0,EMS,MWH,VALID
2025-02-25 06:00:00,385.6080611861474,80.0,220.0,EMS,MWH,VALID
2025-02-25 07:00:00,429.4475253092277,80.0,220.0,EMS,MWH,VALID
2025-02-25 08:00:00,429.8285081189474,80.0,220.0,EMS,MWH,VALID
2025-02-25 09:00:00,455.28879644827646,80.0,220.0,EMS,MWH,VALID
2025-02-25 10:00:00,411.75330835044326,80.0,220.0,EMS,MWH,VALID
2025-02-25 11:00:00,404.4499116318949,80.0,220.0,EMS,MWH,VALID
2025-02-25 12:00:00,393.64321175910425,80.0,220.0,EMS,MWH,VALID
2025-02-25 13:00:00,403.3028976087438,80.0,220.0,EMS,MWH,VALID
2025-02-25 14:00:00,415.3985481563852,80.0,220.0,EMS,MWH,VALID
2025-02-25 15:00:00,403.4049627332657,80.0,220.0,EMS,MWH,VALID
2025-02-25 16:00:00,440.3820937344034,80.0,220.0,EMS,MWH,VALID
2025-02-25 17:00:00,446.943460022778,80.0,220.0,EMS,MWH,VALID
2025-02-25 18:00:00,499.6520574167928,72.0,220.0,EMS,MWH,VALID
2025-02-25 19:00:00,528.6986226776629,72.0,220.0,EMS,MWH,VALID
2025-02-25 20:00:00,483.3315041227648,72.0,220.0,EMS,MWH,VALID
2025-02-25 21:00:00,439.9789620691319,72.0,220.0,EMS,MWH,VALID
2025-02-25 22:00:00,400.69514282905067,72.0,220.0,EMS,MWH,VALID
2025-02-25 23:00:00,342.1889230796311,72.0,220.0,EMS,MWH,VALID
2025-02-26 00:00:00,349.1862049912204,72.0,220.0,EMS,MWH,VALID
2025-02-26 01:00:00,316.58350235087505,72.0,220.0,EMS,MWH,VALID
2025-02-26 02:00:00,325.8275940320027,72.0,220.0,EMS,MWH,VALID
2025-02-26 03:00:00,300.7942459567685,80.0,220.0,EMS,MWH,VALID
2025-02-26 04:00:00,347.429036861653,80.0,220.0,EMS,MWH,VALID
2025-02-26 05:00:00,355.2673214875969,80.0,220.0,EMS,MWH,VALID
2025-02-26 06:00:00,380.5308283568451,80.0,220.0,EMS,MWH,VALID
2025-02-26 07:00:00,402.8290559589042,80.0,220.0,EMS,MWH,VALID
2025-02-26 08:00:00,464.94152085437946,80.0,220.0,EMS,MWH,VALID
2025-02-26 09:00:00,443.11882787713296,80.0,220.0,EMS,MWH,VALID
2025/02/26 10:00,443.5065876316672,80.0,220.0,EMS,MWH,VALID
2025-02-26 11:00:00,407.62353956589874,80.0,220.0,EMS,MWH,VALID
2025-02-26 12:00:00,399.78248550340527,80.0,220.0,EMS,MWH,VALID
2025-02-26 13:00:00,397.28895406501374,80.0,220.0,EMS,MWH,VALID
2025-02-26 14:00:00,386.8181243330189,80.0,220.0,EMS,MWH,VALID
2025-02-26 15:00:00,398.1727253535054,80.0,220.0,EMS,MWH,VALID
2025-02-26 16:00:00,428.5633287889028,80.0,220.0,EMS,MWH,VALID
2025-02-26 17:00:00,487.9305395922877,80.0,220.0,EMS,MWH,VALID
2025-02-26 18:00:00,465.046200811288,80.0,220.0,EMS,MWH,VALID
2025-02-26 19:00:00,524.021145841723,80.0,220.0,EMS,MWH,VALID
2025-02-26 20:00:00,469.4648856380699,80.0,220.0,EMS,MWH,VALID
2025-02-26 21:00:00,433.8112997458359,80.0,220.0,EMS,MWH,VALID
2025-02-26 22:00:00,378.3307480198654,80.0,220.0,EMS,MWH,VALID
2025-02-26 23:00:00,359.30962423708826,80.0,220.0,EMS,MWH,VALID
2025-02-27 00:00:00,340.656121104648,80.0,220.0,EMS,MWH,VALID
2025-02-27 01:00:00,330.5158324826433,80.0,220.0,EMS,MWH,VALID
2025-02-27 02:00:00,309.62420897627175,80.0,220.0,EMS,MWH,VALID
2025-02-27 03:00:00,327.1787358946501,80.0,220.0,EMS,MWH,VALID
2025-02-27 04:00:00,344.3910852778327,80.0,220.0,EMS,MWH,VALID
2025-02-27 05:00:00,356.5346531898855,80.0,220.0,EMS,MWH,VALID
2025-02-27 06:00:00,393.50242730415823,80.0,220.0,EMS,MWH,VALID
2025-02-27 07:00:00,432.4195183861973,80.0,220.0,EMS,MWH,VALID
2025-02-27 09:00:00,436.4155321641842,80.0,220.0,EMS,MWH,VALID
2025-02-27 10:00:00,425.54315683869527,80.0,220.0,EMS,MWH,VALID
2025-02-27 11:00:00,415.23389469776816,80.0,220.0,EMS,MWH,VALID
2025-02-27 12:00:00,397.8662513639893,80.0,220.0,EMS,MWH,VALID
2025-02-27 13:00:00,372.4113960816285,80.0,220.0,EMS,MWH,VALID
2025-02-27 14:00:00,396.3870338230432,80.0,220.0,EMS,MWH,VALID
2025-02-27 15:00:00,402.4708500236904,80.0,220.0,EMS,MWH,VALID
2025-02-27 16:00:00,419.3880027951512,80.0,220.0,EMS,MWH,VALID
2025-02-27 17:00:00,449.6864038591929,80.0,220.0,EMS,MWH,VALID
2025-02-27 18:00:00,481.5203120749649,80.0,220.0,EMS,MWH,VALID
2025-02-27 19:00:00,500.7665261641205,80.0,220.0,EMS,MWH,VALID
2025-02-27 20:00:00,474.2750751621829,80.0,220.0,EMS,MWH,VALID
2025-02-27 21:00:00,431.5371456812546,80.0,220.0,EMS,MWH,VALID
2025-02-27 22:00:00,381.6526375894247,80.0,220.0,EMS,MWH,VALID
2025-02-27 23:00:00,334.0307610166755,80.0,220.0,EMS,MWH,VALID
2025-02-28 00:00:00,289.1080275723477,80.0,220.0,EMS,MWH,VALID
2025-02-28 01:00:00,338.87318694551584,80.0,220.0,EMS,MWH,VALID
2025-02-28 02:00:00,325.59979421411265,80.0,220.0,EMS,MWH,VALID
2025-02-28 03:00:00,314.2621477572169,80.0,220.0,EMS,MWH,VALID
2025-02-28 04:00:00,332.63603283493586,80.0,220.0,EMS,MWH,VALID
2025-02-28 05:00:00,373.8882127580984,80.0,220.0,EMS,MWH,VALID
2025-02-28 06:00:00,402.7772236901397,80.0,220.0,EMS,MWH,VALID
2025-02-28 07:00:00,394.7783487645852,80.0,220.0,EMS,MWH,VALID
2025-02-28 08:00:00,435.7452082007874,80.0,220.0,EMS,MWH,VALID
2025-02-28 09:00:00,440.5126714153792,80.0,220.0,EMS,MWH,VALID
2025-02-28 10:00:00,439.83705669625,80.0,220.0,EMS,MWH,VALID
2025-02-28 11:00:00,389.732823124776,80.0,220.0,EMS,MWH,VALID
2025-02-28 12:00:00,395.4602097072701,80.0,158.4,EMS,MWH,VALID
2025-02-28 13:00:00,381.5023829805208,80.0,158.4,EMS,MWH,VALID
2025-02-28 14:00:00,390.82023801535695,80.0,158.4,EMS,MWH,VALID
2025-02-28 15:00:00,406.25774089993934,80.0,158.4,EMS,MWH,VALID
2025-02-28 16:00:00,416.22049697910273,80.0,158.4,EMS,MWH,VALID
2025-02-28 17:00:00,458.0594689094588,80.0,158.4,EMS,MWH,VALID
2025-02-28 18:00:00,498.4363220025048,80.0,220.0,EMS,MWH,VALID
2025-02-28 19:00:00,519.8989710757704,80.0,220.0,EMS,MWH,VALID
2025-02-28 20:00:00,472.357498184912,80.0,220.0,EMS,MWH,VALID
2025-02-28 21:00:00,441.1419179540008,80.0,220.0,EMS,MWH,VALID
2025-02-28 22:00:00,384.7870141128004,80.0,220.0,EMS,MWH,VALID
2025-02-28 23:00:00,361.2924138173428,80.0,220.0,EMS,MWH,VALID
2025-03-01 00:00:00,240.6281877908976,80.0,220.0,EMS,MWH,VALID
2025-03-01 01:00:00,249.53447548017144,80.0,220.0,EMS,MWH,VALID
2025-03-01 02:00:00,253.57320783458655,80.0,220.0,EMS,MWH,VALID
2025-03-01 03:00:00,247.5061169785045,80.0,220.0,EMS,MWH,VALID
2025-03-01 04:00:00,274.6831602091736,80.0,220.0,EMS,MWH,VALID
2025-03-01 05:00:00,288.23916518953257,80.0,220.0,EMS,MWH,VALID
2025-03-01 06:00:00,319.1076983908984,80.0,220.0,EMS,MWH,VALID
2025-03-01 07:00:00,344.404900549558,80.0,220.0,EMS,MWH,VALID
2025-03-01 08:00:00,386.9120754577817,80.0,220.0,EMS,MWH,VALID
2025-03-01 09:00:00,368.3319368838671,80.0,220.0,EMS,MWH,VALID
2025-03-01 10:00:00,352.78329137014936,80.0,220.0,EMS,MWH,VALID
2025-03-01 11:00:00,329.4068990370645,80.0,220.0,EMS,MWH,VALID
2025-03-01 12:00:00,348.1004117997886,80.0,220.0,EMS,MWH,VALID
2025-03-01 13:00:00,319.4213281747087,80.0,220.0,EMS,MWH,VALID
2025/03/01 14:00,333.20404102661666,80.0,220.0,EMS,MWH,VALID
2025-03-01 15:00:00,328.3110287777768,80.0,220.0,EMS,MWH,VALID
2025-03-01 16:00:00,354.7245332023284,80.0,220.0,EMS,MWH,VALID
2025-03-01 17:00:00,387.5732484250335,80.0,220.0,EMS,MWH,VALID
2025-03-01 18:00:00,420.9131943999888,80.0,220.0,EMS,MWH,VALID
2025-03-01 19:00:00,401.7757481294186,80.0,220.0,EMS,MWH,VALID
2025-03-01 20:00:00,399.11046023709855,80.0,220.0,EMS,MWH,VALID
2025-03-01 21:00:00,344.3328484647051,80.0,220.0,EMS,MWH,VALID
2025-03-01 22:00:00,312.1633753892476,80.0,220.0,EMS,MWH,VALID
2025-03-01 23:00:00,289.1371102518602,80.0,220.0,EMS,MWH,VALID
2025-03-02 00:00:00,267.29530651749906,80.0,220.0,EMS,MWH,VALID
2025-03-02 01:00:00,262.86383405115964,80.0,220.0,EMS,MWH,VALID
2025-03-02 02:00:00,250.6223150689744,80.0,220.0,EMS,MWH,VALID
2025-03-02 03:00:00,277.2137202644643,80.0,220.0,EMS,MWH,VALID
2025-03-02 04:00:00,250.24433649785024,80.0,220.0,EMS,MWH,VALID
2025-03-02 05:00:00,293.4366494587373,80.0,220.0,EMS,MWH,VALID
2025-03-02 06:00:00,316.4715220757139,80.0,220.0,EMS,MWH,VALID
2025-03-02 07:00:00,343.7892478285719,80.0,220.0,EMS,MWH,VALID
2025-03-02 08:00:00,378.8409706990174,80.0,220.0,EMS,MWH,VALID
2025-03-02 09:00:00,361.600645501969,80.0,220.0,EMS,MWH,VALID
2025-03-02 10:00:00,370.1362994919156,80.0,220.0,EMS,MWH,VALID
2025-03-02 11:00:00,302.1013637401451,80.0,220.0,EMS,MWH,VALID
2025-03-02 12:00:00,270.51102357342506,80.0,220.0,EMS,MWH,VALID
2025-03-02 13:00:00,282.0770185041794,80.0,220.0,EMS,MWH,VALID
2025-03-02 14:00:00,319.307125154776,80.0,220.0,EMS,MWH,VALID
2025-03-02 15:00:00,314.402504158106,80.0,220.0,EMS,MWH,VALID
2025-03-02 16:00:00,359.4905195776178,80.0,220.0,EMS,MWH,VALID
2025-03-02 17:00:00,365.7539807160624,80.0,220.0,EMS,MWH,VALID
2025-03-02 18:00:00,420.8060849881349,80.0,220.0,EMS,MWH,VALID
2025-03-02 19:00:00,418.5479357400986,80.0,220.0,EMS,MWH,VALID
2025-03-02 20:00:00,409.96189259215953,80.0,220.0,EMS,MWH,VALID
2025-03-02 21:00:00,340.3896154576699,80.0,220.0,EMS,MWH,VALID
2025-03-02 22:00:00,316.1987304817532,80.0,220.0,EMS,MWH,VALID
2025-03-02 23:00:00,293.9162596790804,80.0,220.0,EMS,MWH,VALID
2025-03-03 00:00:00,313.6444298693687,80.0,220.0,EMS,MWH,VALID
2025-03-03 01:00:00,328.2929919463897,80.0,220.0,EMS,MWH,VALID
2025-03-03 02:00:00,315.18033651598256,80.0,220.0,EMS,MWH,VALID
2025-03-03 03:00:00,327.7934052658276,80.0,220.0,EMS,MWH,VALID
2025-03-03 04:00:00,345.0097395615763,80.0,220.0,EMS,MWH,VALID
2025-03-03 05:00:00,357.9222608648493,80.0,220.0,EMS,MWH,VALID
2025-03-03 06:00:00,364.4968488816159,80.0,220.0,EMS,MWH,VALID
2025-03-03 07:00:00,438.8514822084357,80.0,220.0,EMS,MWH,VALID
2025-03-03 08:00:00,451.4860606566298,80.0,220.0,EMS,MWH,VALID
2025-03-03 09:00:00,442.4313802268104,80.0,220.0,EMS,MWH,VALID
2025-03-03 10:00:00,447.7145981717253,80.0,220.0,EMS,MWH,VALID
2025-03-03 11:00:00,404.8427247507285,80.0,220.0,EMS,MWH,VALID
2025-03-03 12:00:00,408.3125991828002,80.0,220.0,EMS,MWH,VALID
2025-03-03 13:00:00,369.1732846223664,80.0,220.0,EMS,MWH,VALID
2025-03-03 14:00:00,418.47638757777145,80.0,220.0,EMS,MWH,VALID
2025-03-03 15:00:00,417.14216967582615,80.0,220.0,EMS,MWH,VALID
2025-03-03 16:00:00,451.2899130836469,80.0,220.0,EMS,MWH,VALID
2025-03-03 17:00:00,456.7362082740917,80.0,220.0,EMS,MWH,VALID
2025-03-03 18:00:00,528.7036818076302,80.0,220.0,EMS,MWH,VALID
2025-03-03 19:00:00,520.1465574156679,80.0,220.0,EMS,MWH,VALID
2025-03-03 20:00:00,497.2071431098007,80.0,220.0,EMS,MWH,VALID
2025-03-03 21:00:00,425.30966159201233,80.0,220.0,EMS,MWH,VALID
2025-03-03 22:00:00,394.9818478698552,80.0,220.0,EMS,MWH,VALID
2025-03-03 23:00:00,356.40240296582886,80.0,220.0,EMS,MWH,VALID
2025-03-04 00:00:00,323.84148573539665,80.0,220.0,EMS,MWH,VALID
2025-03-04 01:00:00,328.5264855685283,80.0,220.0,EMS,MWH,VALID
2025-03-04 02:00:00,300.8155861867035,80.0,220.0,EMS,MWH,VALID
2025-03-04 03:00:00,339.28293480036825,80.0,220.0,EMS,MWH,VALID
2025-03-04 04:00:00,322.54361777874664,80.0,220.0,EMS,MWH,VALID
2025-03-04 05:00:00,353.21117554051904,80.0,220.0,EMS,MWH,VALID
2025-03-04 06:00:00,381.5395175093261,80.0,220.0,EMS,MWH,VALID
2025-03-04 07:00:00,419.2594372837535,80.0,220.0,EMS,MWH,VALID
2025-03-04 08:00:00,420.92743599551216,80.0,220.0,EMS,MWH,VALID
2025-03-04 09:00:00,417.570402632585,80.0,220.0,EMS,MWH,VALID
2025-03-04 10:00:00,416.9459718476287,80.0,220.0,EMS,MWH,VALID
2025-03-04 11:00:00,382.7391760489261,80.0,220.0,EMS,MWH,VALID
2025-03-04 12:00:00,383.6193314476246,80.0,220.0,EMS,MWH,VALID
2025-03-04 13:00:00,403.3338668183096,80.0,220.0,EMS,MWH,VALID
2025-03-04 14:00:00,392.7640413160481,80.0,220.0,EMS,MWH,VALID
2025-03-04 15:00:00,403.3336738081335,80.0,220.0,EMS,MWH,VALID
2025-03-04 16:00:00,450.37405905083176,80.0,220.0,EMS,MWH,VALID
2025-03-04 17:00:00,430.4650108528761,80.0,220.0,EMS,MWH,VALID
2025-03-04 18:00:00,492.4103017199503,80.0,220.0,EMS,MWH,VALID
2025-03-04 19:00:00,511.6149154415955,80.0,220.0,EMS,MWH,VALID
2025-03-04 20:00:00,491.3654171428599,80.0,220.0,EMS,MWH,VALID
2025-03-04 21:00:00,418.5268740580622,80.0,220.0,EMS,MWH,VALID
2025-03-04 22:00:00,392.7183280785495,80.0,220.0,EMS,MWH,VALID
2025-03-04 23:00:00,346.1672529191662,80.0,220.0,EMS,MWH,VALID
2025-03-05 00:00:00,341.36678001311043,80.0,220.0,EMS,MWH,VALID
2025-03-05 01:00:00,334.19475517955203,80.0,220.0,EMS,MWH,VALID
2025-03-05 02:00:00,319.1545707549633,80.0,220.0,EMS,MWH,VALID
2025-03-05 03:00:00,325.25936632287005,80.0,220.0,EMS,MWH,VALID
2025-03-05 04:00:00,338.169462460897,80.0,220.0,EMS,MWH,VALID
2025-03-05 05:00:00,356.1066409540148,80.0,220.0,EMS,MWH,VALID
2025-03-05 06:00:00,384.2779921692588,80.0,220.0,EMS,MWH,VALID
2025-03-05 07:00:00,416.2500675875222,80.0,220.0,EMS,MWH,VALID
2025-03-05 08:00:00,467.7029612942574,80.0,220.0,EMS,MWH,VALID
2025-03-05 09:00:00,450.75553956961886,80.0,220.0,EMS,MWH,VALID
2025-03-05 10:00:00,426.6115563959464,80.0,220.0,EMS,MWH,VALID
2025-03-05 11:00:00,414.73879902478114,80.0,220.0,EMS,MWH,VALID
2025-03-05 12:00:00,387.94240651429993,80.0,220.0,EMS,MWH,VALID
2025-03-05 13:00:00,392.9206072347705,80.0,220.0,EMS,MWH,VALID
2025-03-05 14:00:00,382.2494465380885,80.0,220.0,EMS,MWH,VALID
2025-03-05 15:00:00,406.84397215433705,80.0,220.0,EMS,MWH,VALID
2025-03-05 16:00:00,416.0733379488001,80.0,220.0,EMS,MWH,VALID
2025-03-05 17:00:00,461.3394983193717,80.0,220.0,EMS,MWH,VALID
2025-03-05 18:00:00,496.3150806696611,80.0,220.0,EMS,MWH,VALID
2025-03-05 19:00:00,501.43769451461,80.0,220.0,EMS,MWH,VALID
2025-03-05 20:00:00,497.83261808772585,80.0,220.0,EMS,MWH,VALID
2025-03-05 21:00:00,470.6519200170553,80.0,220.0,EMS,MWH,VALID
2025-03-05 22:00:00,367.0350325191916,80.0,220.0,EMS,MWH,VALID
2025-03-05 23:00:00,363.3021838644602,80.0,220.0,EMS,MWH,VALID
2025-03-06 00:00:00,321.14908253647565,80.0,220.0,EMS,MWH,VALID
2025-03-06 01:00:00,306.4297019582347,80.0,220.0,EMS,MWH,VALID
2025-03-06 02:00:00,312.5206817563654,80.0,220.0,EMS,MWH,VALID
2025-03-06 03:00:00,327.8431435695844,80.0,220.0,EMS,MWH,VALID
2025-03-06 04:00:00,335.38344209027866,80.0,220.0,EMS,MWH,VALID
2025-03-06 05:00:00,358.69215709276494,80.0,220.0,EMS,MWH,VALID
2025-03-06 06:00:00,373.8500201430779,80.0,220.0,EMS,MWH,VALID
2025-03-06 07:00:00,394.378764707105,80.0,220.0,EMS,MWH,VALID
2025-03-06 08:00:00,442.0876404087561,80.0,220.0,EMS,MWH,VALID
2025-03-06 09:00:00,453.821617380198,80.0,220.0,EMS,MWH,VALID
2025-03-06 10:00:00,406.1176595754694,80.0,220.0,EMS,MWH,VALID
2025-03-06 11:00:00,416.5919118099666,80.0,220.0,EMS,MWH,VALID
2025-03-06 12:00:00,400.8410971082954,80.0,220.0,EMS,MWH,VALID
2025-03-06 13:00:00,415.40890586592286,80.0,220.0,EMS,MWH,VALID
2025-03-06 14:00:00,404.9833310067107,80.0,220.0,EMS,MWH,VALID
2025-03-06 15:00:00,433.39074962295786,80.0,220.0,EMS,MWH,VALID
2025-03-06 16:00:00,447.2068507838802,80.0,220.0,EMS,MWH,VALID
2025-03-06 17:00:00,440.65305246382735,80.0,220.0,EMS,MWH,VALID
2025-03-06 18:00:00,492.18827128592216,80.0,220.0,EMS,MWH,VALID
2025-03-06 19:00:00,486.2861560386113,80.0,220.0,EMS,MWH,VALID
2025-03-06 20:00:00,504.52402605235153,80.0,220.0,EMS,MWH,VALID
2025-03-06 21:00:00,435.2354541751224,80.0,220.0,EMS,MWH,VALID
2025-03-06 22:00:00,393.6291506980916,80.0,220.0,EMS,MWH,VALID
2025-03-06 23:00:00,328.1105847057781,80.0,220.0,EMS,MWH,VALID
2025-03-07 00:00:00,299.2277899758642,80.0,220.0,EMS,MWH,VALID
2025-03-07 01:00:00,316.30486224780554,80.0,220.0,EMS,MWH,VALID
2025-03-07 02:00:00,321.6648964652188,80.0,220.0,EMS,MWH,VALID
2025-03-07 03:00:00,314.31964279635656,80.0,220.0,EMS,MWH,VALID
2025-03-07 04:00:00,332.2155620634188,80.0,220.0,EMS,MWH,VALID
2025-03-07 05:00:00,356.1732946635255,80.0,220.0,EMS,MWH,VALID
07/03/2025 06:00,391.33096716599664,80.0,220.0,EMS,MWH,VALID
2025-03-07 07:00:00,415.853300449552,80.0,220.0,EMS,MWH,VALID
2025-03-07 08:00:00,452.82169253030025,80.0,220.0,EMS,MWH,VALID
2025-03-07 09:00:00,450.039020758798,80.0,220.0,EMS,MWH,VALID
2025-03-07 10:00:00,444.7187081182825,80.0,220.0,EMS,MWH,VALID
2025-03-07 11:00:00,429.3870890681384,80.0,220.0,EMS,MWH,VALID
2025-03-07 12:00:00,393.4506980362684,80.0,220.0,EMS,MWH,VALID
2025-03-07 13:00:00,379.8274535280199,80.0,220.0,EMS,MWH,VALID
2025-03-07 14:00:00,394.48779978533264,80.0,220.0,EMS,MWH,VALID
2025-03-07 15:00:00,414.3178411525333,80.0,220.0,EMS,MWH,VALID
2025-03-07 16:00:00,427.4881354661783,80.0,220.0,EMS,MWH,VALID
2025-03-07 17:00:00,463.6623812775921,80.0,220.0,EMS,MWH,VALID
2025-03-07 18:00:00,501.9882969133047,80.0,220.0,EMS,MWH,VALID
2025-03-07 19:00:00,505.1142537011757,80.0,220.0,EMS,MWH,VALID
2025-03-07 20:00:00,477.1275718123987,80.0,220.0,EMS,MWH,VALID
2025-03-07 21:00:00,425.0040317575464,80.0,220.0,EMS,MWH,VALID
2025-03-07 22:00:00,402.0352787951842,80.0,220.0,EMS,MWH,VALID
2025-03-07 23:00:00,350.8029786533279,80.0,220.0,EMS,MWH,VALID
2025-03-08 00:00:00,272.3136563846829,80.0,220.0,EMS,MWH,VALID
2025-03-08 01:00:00,264.738927067322,80.0,220.0,EMS,MWH,VALID
2025-03-08 02:00:00,255.7050133960044,80.0,220.0,EMS,MWH,VALID
2025-03-08 03:00:00,261.98741497701155,80.0,220.0,EMS,MWH,VALID
2025-03-08 04:00:00,253.14801473045264,80.0,220.0,EMS,MWH,VALID
2025-03-08 05:00:00,294.4605694903189,80.0,220.0,EMS,MWH,VALID
2025-03-08 06:00:00,341.1048110781491,80.0,220.0,EMS,MWH,VALID
2025-03-08 07:00:00,348.2388716373171,80.0,220.0,EMS,MWH,VALID
2025-03-08 08:00:00,374.0613653938997,80.0,220.0,EMS,MWH,VALID
2025-03-08 09:00:00,343.6758932817038,80.0,220.0,EMS,MWH,VALID
2025-03-08 10:00:00,320.0291758117037,80.0,220.0,EMS,MWH,VALID
2025-03-08 11:00:00,328.7248285169077,80.0,220.0,EMS,MWH,VALID
2025-03-08 12:00:00,362.8744429278692,80.0,220.0,EMS,MWH,VALID
2025-03-08 13:00:00,301.17649271284625,80.0,220.0,EMS,MWH,VALID
2025-03-08 14:00:00,342.8103247802994,80.0,220.0,EMS,MWH,VALID
2025-03-08 15:00:00,339.09852055652834,80.0,220.0,EMS,MWH,VALID
2025-03-08 16:00:00,361.5997441444161,80.0,220.0,EMS,MWH,VALID
2025-03-08 17:00:00,385.9807839227968,80.0,220.0,EMS,MWH,VALID
2025-03-08 18:00:00,402.7856533281493,80.0,220.0,EMS,MWH,VALID
2025-03-08 19:00:00,414.0694967741315,80.0,220.0,EMS,MWH,VALID
2025-03-08 20:00:00,410.2145724455088,80.0,220.0,EMS,MWH,VALID
2025-03-08 21:00:00,372.6071691661565,80.0,220.0,EMS,MWH,VALID
2025-03-08 22:00:00,297.8451521420579,80.0,220.0,EMS,MWH,VALID
2025-03-08 23:00:00,290.6630987236848,80.0,220.0,EMS,MWH,VALID
2025-03-09 00:00:00,260.616373670554,80.0,220.0,EMS,MWH,VALID
2025-03-09 01:00:00,247.4664955841784,80.0,220.0,EMS,MWH,VALID
2025-03-09 02:00:00,283.0919560299728,80.0,220.0,EMS,MWH,VALID
2025-03-09 03:00:00,262.9224172873974,80.0,220.0,EMS,MWH,VALID
2025-03-09 04:00:00,276.9307281764327,80.0,220.0,EMS,MWH,VALID
2025-03-09 05:00:00,307.85601216617187,80.0,220.0,EMS,MWH,VALID
2025-03-09 06:00:00,329.05367763243214,80.0,220.0,EMS,MWH,VALID
2025-03-09 07:00:00,363.6589436499729,80.0,220.0,EMS,MWH,VALID
2025-03-09 08:00:00,347.25252650581973,80.0,220.0,EMS,MWH,VALID
2025-03-09 09:00:00,382.9835962786655,80.0,220.0,EMS,MWH,VALID
2025-03-09 10:00:00,339.5574916921013,80.0,220.0,EMS,MWH,VALID
2025-03-09 11:00:00,291.7136898206855,80.0,220.0,EMS,MWH,VALID
2025-03-09 12:00:00,335.0587727006768,80.0,220.0,EMS,MWH,VALID
2025-03-09 13:00:00,320.016511949972,80.0,220.0,EMS,MWH,VALID
2025-03-09 14:00:00,291.844792608903,80.0,220.0,EMS,MWH,VALID
2025-03-09 15:00:00,293.67563294830484,80.0,220.0,EMS,MWH,VALID
2025-03-09 16:00:00,355.7446553695463,80.0,220.0,EMS,MWH,VALID
2025-03-09 17:00:00,406.66961375444254,80.0,220.0,EMS,MWH,VALID
2025-03-09 18:00:00,418.2553741793089,80.0,220.0,EMS,MWH,VALID
2025-03-09 19:00:00,418.44997428041256,80.0,220.0,EMS,MWH,VALID
2025-03-09 20:00:00,404.5161910732634,80.0,220.0,EMS,MWH,VALID
2025-03-09 21:00:00,328.1567928330536,80.0,220.0,EMS,MWH,VALID
2025-03-09 22:00:00,316.3819339271224,80.0,220.0,EMS,MWH,VALID
2025-03-09 23:00:00,272.5609199246249,80.0,220.0,EMS,MWH,VALID
2025-03-10 00:00:00,319.3979406388274,80.0,220.0,EMS,MWH,VALID
2025-03-10 01:00:00,307.5322247327444,80.0,220.0,EMS,MWH,VALID
2025-03-10 02:00:00,328.05529952034345,80.0,220.0,EMS,MWH,VALID
2025-03-10 03:00:00,299.2900547454837,80.0,220.0,EMS,MWH,VALID
2025-03-10 04:00:00,334.5987293641184,80.0,220.0,EMS,MWH,VALID
2025-03-10 05:00:00,373.5327817626259,80.0,220.0,EMS,MWH,VALID
2025-03-10 06:00:00,400.1068388763553,80.0,220.0,EMS,MWH,VALID
2025-03-10 07:00:00,420.12709042198514,80.0,220.0,EMS,MWH,VALID
2025-03-10 08:00:00,456.30460082790097,80.0,220.0,EMS,MWH,VALID
2025-03-10 09:00:00,439.2900825293332,80.0,220.0,EMS,MWH,VALID
2025-03-10 10:00:00,424.65843326668033,80.0,220.0,EMS,MWH,VALID
2025-03-10 11:00:00,395.20436206513057,80.0,220.0,EMS,MWH,VALID
2025-03-10 12:00:00,396.90820645094726,65.6,220.0,EMS,MWH,VALID
2025-03-10 13:00:00,412.23424991269286,65.6,220.0,EMS,MWH,VALID
2025-03-10 14:00:00,408.9501721755073,65.6,220.0,EMS,MWH,VALID
2025-03-10 15:00:00,433.8987388757277,65.6,220.0,EMS,MWH,VALID
2025-03-10 16:00:00,444.4168357598189,65.6,220.0,EMS,MWH,VALID
2025-03-10 17:00:00,453.9588300058165,65.6,220.0,EMS,MWH,VALID
2025-03-10 18:00:00,473.5325850515175,80.0,220.0,EMS,MWH,VALID
2025-03-10 19:00:00,519.8527495821218,80.0,180.4,EMS,MWH,VALID
2025-03-10 20:00:00,497.3718396937949,80.0,180.4,EMS,MWH,VALID
2025-03-10 21:00:00,440.57166299492576,80.0,220.0,EMS,MWH,VALID
2025-03-10 22:00:00,412.1995302425336,80.0,220.0,EMS,MWH,VALID
2025-03-10 23:00:00,356.94060254046974,80.0,220.0,EMS,MWH,VALID
2025-03-11 00:00:00,337.4654192767908,80.0,220.0,EMS,MWH,VALID
2025-03-11 01:00:00,328.16850914155583,80.0,220.0,EMS,MWH,VALID
2025-03-11 02:00:00,327.5635306781914,80.0,220.0,EMS,MWH,VALID
2025-03-11 03:00:00,344.12523776176505,80.0,220.0,EMS,MWH,VALID
2025-03-11 04:00:00,365.9658433383357,80.0,220.0,EMS,MWH,VALID
2025-03-11 05:00:00,354.7561089307056,80.0,220.0,EMS,MWH,VALID
2025-03-11 06:00:00,396.180869099148,80.0,220.0,EMS,MWH,VALID
2025-03-11 07:00:00,428.39058592529415,80.0,220.0,EMS,MWH,VALID
2025-03-11 08:00:00,439.6060552442831,80.0,220.0,EMS,MWH,VALID
2025-03-11 09:00:00,430.30436763641967,80.0,220.0,EMS,MWH,VALID
2025-03-11 10:00:00,440.0433359743758,80.0,220.0,EMS,MWH,VALID
2025-03-11 11:00:00,429.76227772085497,80.0,220.0,EMS,MWH,VALID
2025-03-11 12:00:00,401.0723009597928,80.0,220.0,EMS,MWH,VALID
2025-03-11 13:00:00,392.6245488103253,80.0,220.0,EMS,MWH,VALID
2025-03-11 14:00:00,415.3905036065212,80.0,220.0,EMS,MWH,VALID
2025-03-11 15:00:00,397.3615292578206,80.0,220.0,EMS,MWH,VALID
2025-03-11 16:00:00,438.665017680482,80.0,220.0,EMS,MWH,VALID
2025-03-11 17:00:00,474.36703160972826,80.0,220.0,EMS,MWH,VALID
2025-03-11 18:00:00,504.2086543978143,80.0,220.0,EMS,MWH,VALID
2025-03-11 19:00:00,528.2940553808565,80.0,220.0,EMS,MWH,VALID
2025-03-11 20:00:00,494.1388479490692,80.0,220.0,EMS,MWH,VALID
2025-03-11 21:00:00,440.99846681096346,80.0,220.0,EMS,MWH,VALID
2025-03-11 22:00:00,383.37515348084855,80.0,220.0,EMS,MWH,VALID
2025-03-12 00:00:00,318.91704397482295,80.0,220.0,EMS,MWH,VALID
2025-03-12 01:00:00,321.19733798514267,80.0,220.0,EMS,MWH,VALID
2025-03-12 02:00:00,335.3471444178193,80.0,220.0,EMS,MWH,VALID
2025-03-12 03:00:00,319.12806950281094,80.0,220.0,EMS,MWH,VALID
2025-03-12 04:00:00,347.788651256251,80.0,220.0,EMS,MWH,VALID
2025-03-12 05:00:00,369.3815889719917,80.0,220.0,EMS,MWH,VALID
2025-03-12 06:00:00,409.4928299554088,80.0,220.0,EMS,MWH,VALID
2025-03-12 07:00:00,431.0944969348053,80.0,220.0,EMS,MWH,VALID
2025-03-12 08:00:00,448.4383069881256,80.0,220.0,EMS,MWH,VALID
2025-03-12 09:00:00,453.2002874909156,80.0,220.0,EMS,MWH,VALID
2025-03-12 10:00:00,434.2175658281972,80.0,220.0,EMS,MWH,VALID
2025-03-12 11:00:00,421.04424988873313,80.0,220.0,EMS,MWH,VALID
2025-03-12 12:00:00,383.22443705831705,80.0,220.0,EMS,MWH,VALID
2025-03-12 13:00:00,385.5332760239442,80.0,220.0,EMS,MWH,VALID
2025-03-12 14:00:00,390.1974409675117,80.0,220.0,EMS,MWH,VALID
2025-03-12 15:00:00,431.3055469749542,80.0,220.0,EMS,MWH,VALID
2025-03-12 16:00:00,402.17616342102895,80.0,220.0,EMS,MWH,VALID
2025-03-12 17:00:00,485.1859156929959,80.0,220.0,EMS,MWH,VALID
2025-03-12 18:00:00,501.8196238606896,80.0,220.0,EMS,MWH,VALID
2025-03-12 19:00:00,514.6553668961743,80.0,220.0,EMS,MWH,VALID
2025-03-12 20:00:00,492.92500071570646,80.0,220.0,EMS,MWH,VALID
2025-03-12 21:00:00,412.76297152632566,80.0,220.0,EMS,MWH,VALID
2025-03-12 22:00:00,382.7015005267018,80.0,220.0,EMS,MWH,VALID
2025-03-12 23:00:00,361.3773874143464,80.0,220.0,EMS,MWH,VALID
2025-03-13 00:00:00,336.32872252372186,80.0,220.0,EMS,MWH,VALID
2025-03-13 01:00:00,336.63354951183766,80.0,158.4,EMS,MWH,VALID
2025-03-13 02:00:00,326.6350977929014,80.0,158.4,EMS,MWH,VALID
2025-03-13 03:00:00,347.2919606220111,80.0,158.4,EMS,MWH,VALID
2025-03-13 04:00:00,335.9419989224781,80.0,158.4,EMS,MWH,VALID
2025-03-13 05:00:00,361.20431615421865,80.0,158.4,EMS,MWH,VALID
2025-03-13 06:00:00,396.4194031119193,80.0,158.4,EMS,MWH,VALID
2025-03-13 07:00:00,415.15135738726,80.0,158.4,EMS,MWH,VALID
2025-03-13 08:00:00,450.01948958778667,80.0,158.4,EMS,MWH,VALID
2025-03-13 09:00:00,439.0104453628003,80.0,158.4,EMS,MWH,VALID
2025-03-13 10:00:00,422.7751807340524,80.0,158.4,EMS,MWH,VALID
2025-03-13 11:00:00,415.53902577263614,80.0,220.0,EMS,MWH,VALID
2025-03-13 12:00:00,409.77274284179407,80.0,220.0,EMS,MWH,VALID
2025-03-13 13:00:00,400.4874906240625,80.0,220.0,EMS,MWH,VALID
2025-03-13 14:00:00,400.6534656530759,80.0,220.0,EMS,MWH,VALID
2025-03-13 15:00:00,417.1257232181598,80.0,220.0,EMS,MWH,VALID
2025-03-13 16:00:00,436.38847059701015,80.0,220.0,EMS,MWH,VALID
2025-03-13 17:00:00,458.34667782180753,80.0,220.0,EMS,MWH,VALID
2025-03-13 18:00:00,517.3844469790113,80.0,220.0,EMS,MWH,VALID
2025-03-13 19:00:00,504.2226999333068,80.0,220.0,EMS,MWH,VALID
2025-03-13 20:00:00,504.84392968428085,80.0,220.0,EMS,MWH,VALID
2025-03-13 21:00:00,449.82766566445446,80.0,220.0,EMS,MWH,VALID
2025-03-13 22:00:00,398.9155534692912,80.0,220.0,EMS,MWH,VALID
2025-03-13 23:00:00,371.6376953736615,80.0,220.0,EMS,MWH,VALID
2025-03-14 00:00:00,330.26903751970747,80.0,220.0,EMS,MWH,VALID
2025-03-14 01:00:00,357.66541130271423,80.0,220.0,EMS,MWH,VALID
2025-03-14 03:00:00,301.2854047169584,80.0,220.0,EMS,MWH,VALID
2025-03-14 04:00:00,332.6812362245398,80.0,220.0,EMS,MWH,VALID
2025-03-14 05:00:00,377.5877794126653,80.0,220.0,EMS,MWH,VALID
2025-03-14 06:00:00,419.6071371176184,80.0,220.0,EMS,MWH,VALID
2025-03-14 07:00:00,453.5442482748777,80.0,220.0,EMS,MWH,VALID
2025-03-14 08:00:00,465.6716005459032,80.0,220.0,EMS,MWH,VALID
2025-03-14 09:00:00,444.0359975427979,80.0,220.0,EMS,MWH,VALID
2025-03-14 10:00:00,424.0488859299585,80.0,220.0,EMS,MWH,VALID
2025-03-14 11:00:00,438.17586826297054,80.0,220.0,EMS,MWH,VALID
2025-03-14 12:00:00,410.5118784293659,80.0,220.0,EMS,MWH,VALID
2025-03-14 13:00:00,395.9988710609023,80.0,220.0,EMS,MWH,VALID
2025-03-14 14:00:00,415.3981895010824,80.0,220.0,EMS,MWH,VALID
2025-03-14 15:00:00,394.6865259761889,80.0,220.0,EMS,MWH,VALID
2025-03-14 16:00:00,422.6964567289183,80.0,220.0,EMS,MWH,VALID
2025-03-14 17:00:00,451.4391069486449,80.0,220.0,EMS,MWH,VALID
2025-03-14 18:00:00,506.85857180545975,80.0,220.0,EMS,MWH,VALID
2025-03-14 19:00:00,527.6436417880162,80.0,220.0,EMS,MWH,VALID
2025-03-14 20:00:00,496.2730122299644,80.0,220.0,EMS,MWH,VALID
2025-03-14 21:00:00,423.88246471796776,80.0,220.0,EMS,MWH,VALID
2025-03-14 22:00:00,396.101391815705,80.0,220.0,EMS,MWH,VALID
2025-03-14 23:00:00,347.70217557222014,80.0,220.0,EMS,MWH,VALID
2025-03-15 00:00:00,251.44885740308104,80.0,220.0,EMS,MWH,VALID
2025-03-15 01:00:00,251.26043313191292,80.0,220.0,EMS,MWH,VALID
2025-03-15 02:00:00,282.7614448531699,80.0,220.0,EMS,MWH,VALID
2025-03-15 03:00:00,274.65327596233,80.0,220.0,EMS,MWH,VALID
2025-03-15 04:00:00,290.9102734211645,80.0,220.0,EMS,MWH,VALID
2025-03-15 05:00:00,323.05707132954626,80.0,220.0,EMS,MWH,VALID
2025-03-15 06:00:00,321.44030891615864,80.0,220.0,EMS,MWH,VALID
2025-03-15 07:00:00,365.16539166558255,80.0,220.0,EMS,MWH,VALID
2025-03-15 08:00:00,360.17428194348514,80.0,220.0,EMS,MWH,VALID
2025-03-15 09:00:00,361.90997407650286,80.0,220.0,EMS,MWH,VALID
2025-03-15 10:00:00,354.79912233174184,80.0,220.0,EMS,MWH,VALID
2025-03-15 11:00:00,338.30856016169287,80.0,220.0,EMS,MWH,VALID
2025-03-15 12:00:00,335.6668202420179,80.0,220.0,EMS,MWH,VALID
2025-03-15 13:00:00,309.99508162886195,80.0,220.0,EMS,MWH,VALID
2025-03-15 14:00:00,344.87817496040907,80.0,220.0,EMS,MWH,VALID
2025-03-15 15:00:00,329.5665618537374,80.0,220.0,EMS,MWH,VALID
2025-03-15 16:00:00,357.23539190007,80.0,220.0,EMS,MWH,VALID
2025-03-15 17:00:00,389.7315503920945,80.0,220.0,EMS,MWH,VALID
2025-03-15 18:00:00,433.0683951454367,80.0,220.0,EMS,MWH,VALID
2025-03-15 19:00:00,433.9473279082569,80.0,220.0,EMS,MWH,VALID
2025-03-15 20:00:00,397.6270233549753,80.0,220.0,EMS,MWH,VALID
2025-03-15 21:00:00,335.25903081917545,80.0,220.0,EMS,MWH,VALID
2025-03-15 22:00:00,331.3653708117165,80.0,220.0,EMS,MWH,VALID
2025-03-15 23:00:00,310.98883887457873,80.0,220.0,EMS,MWH,VALID
2025-03-16 00:00:00,255.3950981776001,80.0,220.0,EMS,MWH,VALID
2025-03-16 01:00:00,273.9753219503717,80.0,220.0,EMS,MWH,VALID
2025-03-16 02:00:00,274.7182798711006,80.0,220.0,EMS,MWH,VALID
2025-03-16 03:00:00,286.8302846675423,80.0,220.0,EMS,MWH,VALID
2025-03-16 04:00:00,270.24322847746856,80.0,220.0,EMS,MWH,VALID
2025-03-16 05:00:00,305.5842968918088,80.0,220.0,EMS,MWH,VALID
2025-03-16 06:00:00,315.37058976115645,80.0,220.0,EMS,MWH,VALID
2025-03-16 07:00:00,334.66095679123697,80.0,220.0,EMS,MWH,VALID
2025-03-16 08:00:00,355.4621134173989,80.0,220.0,EMS,MWH,VALID
2025-03-16 09:00:00,363.9003263497698,80.0,220.0,EMS,MWH,VALID
2025-03-16 10:00:00,294.39948687711774,80.0,220.0,EMS,MWH,VALID
2025-03-16 11:00:00,340.27690057643395,80.0,220.0,EMS,MWH,VALID
2025-03-16 12:00:00,286.18978172723547,80.0,220.0,EMS,MWH,VALID
2025-03-16 13:00:00,324.3094892227671,80.0,220.0,EMS,MWH,VALID
2025-03-16 14:00:00,312.46491710908265,80.0,220.0,EMS,MWH,VALID
2025-03-16 15:00:00,312.2223983638096,80.0,220.0,EMS,MWH,VALID
2025-03-16 16:00:00,340.5598864883268,80.0,220.0,EMS,MWH,VALID
2025-03-16 17:00:00,366.7867475678927,80.0,220.0,EMS,MWH,VALID
2025-03-16 18:00:00,436.5601206983691,80.0,220.0,EMS,MWH,VALID
2025-03-16 19:00:00,428.7253261641657,80.0,220.0,EMS,MWH,VALID
2025-03-16 20:00:00,414.1282552828745,80.0,220.0,EMS,MWH,VALID
2025-03-16 21:00:00,367.5476214130173,80.0,220.0,EMS,MWH,VALID
2025-03-16 22:00:00,313.9839518387331,80.0,220.0,EMS,MWH,VALID
2025-03-16 23:00:00,287.280213898488,80.0,220.0,EMS,MWH,VALID
2025-03-17 00:00:00,299.6123189673529,80.0,220.0,EMS,MWH,VALID
2025-03-17 01:00:00,316.9975373144558,80.0,220.0,EMS,MWH,VALID
2025-03-17 02:00:00,315.8953781118776,80.0,220.0,EMS,MWH,VALID
2025-03-17 03:00:00,303.72130910944264,80.0,220.0,EMS,MWH,VALID
2025-03-17 04:00:00,346.4048880106273,80.0,220.0,EMS,MWH,VALID
2025-03-17 05:00:00,353.9748066704104,80.0,220.0,EMS,MWH,VALID
2025-03-17 06:00:00,405.70032705821626,80.0,220.0,EMS,MWH,VALID
2025-03-17 07:00:00,439.8798568845324,80.0,220.0,EMS,MWH,VALID
2025-03-17 08:00:00,471.38663600616576,80.0,220.0,EMS,MWH,VALID
2025-03-17 09:00:00,459.5180379574592,80.0,220.0,EMS,MWH,VALID
2025-03-17 10:00:00,431.3079350456512,80.0,220.0,EMS,MWH,VALID
2025-03-17 11:00:00,409.20061157803946,80.0,220.0,EMS,MWH,VALID
2025-03-17 12:00:00,394.8711113259115,80.0,220.0,EMS,MWH,VALID
2025-03-17 13:00:00,417.37836622599457,80.0,220.0,EMS,MWH,VALID
2025-03-17 14:00:00,388.51975578030505,80.0,220.0,EMS,MWH,VALID
2025-03-17 15:00:00,411.3290487002351,80.0,220.0,EMS,MWH,VALID
2025-03-17 16:00:00,436.2115166623208,80.0,220.0,EMS,MWH,VALID
2025-03-17 17:00:00,471.2304196351624,80.0,220.0,EMS,MWH,VALID
2025-03-17 18:00:00,481.74242001784506,80.0,220.0,EMS,MWH,VALID
2025-03-17 19:00:00,515.0773692956319,80.0,220.0,EMS,MWH,VALID
2025-03-17 20:00:00,487.8609644883771,80.0,220.0,EMS,MWH,VALID
2025-03-17 21:00:00,458.88652485524864,80.0,220.0,EMS,MWH,VALID
2025-03-17 22:00:00,407.8988799793647,80.0,220.0,EMS,MWH,VALID
2025-03-17 23:00:00,344.50294111495333,80.0,220.0,EMS,MWH,VALID
2025-03-18 00:00:00,340.65049028937267,80.0,220.0,EMS,MWH,VALID
2025-03-18 01:00:00,316.07210734044736,80.0,220.0,EMS,MWH,VALID
2025-03-18 02:00:00,319.5875687831285,80.0,220.0,EMS,MWH,VALID
2025-03-18 03:00:00,330.5113136586141,80.0,220.0,EMS,MWH,VALID
2025-03-18 04:00:00,346.3940082670779,80.0,220.0,EMS,MWH,VALID
2025-03-18 05:00:00,341.456083525798,80.0,220.0,EMS,MWH,VALID
2025-03-18 06:00:00,396.6569398647388,80.0,220.0,EMS,MWH,VALID
2025-03-18 07:00:00,420.4862089022293,80.0,220.0,EMS,MWH,VALID
2025-03-18 08:00:00,436.8237328352856,80.0,220.0,EMS,MWH,VALID
2025-03-18 09:00:00,428.1924995095578,80.0,220.0,EMS,MWH,VALID
2025-03-18 10:00:00,432.0731566392388,80.0,220.0,EMS,MWH,VALID
2025-03-18 11:00:00,422.98024677570345,80.0,220.0,EMS,MWH,VALID
2025-03-18 12:00:00,382.2021215256207,80.0,220.0,EMS,MWH,VALID
2025-03-18 13:00:00,385.02396155197096,80.0,220.0,EMS,MWH,VALID
2025-03-18 14:00:00,389.0516806649138,80.0,220.0,EMS,MWH,VALID
2025-03-18 15:00:00,418.1870236698334,80.0,220.0,EMS,MWH,VALID
2025-03-18 16:00:00,441.91297915435183,80.0,220.0,EMS,MWH,VALID
2025-03-18 17:00:00,473.2119239897029,80.0,220.0,EMS,MWH,VALID
2025-03-18 18:00:00,484.97159562120186,80.0,220.0,EMS,MWH,VALID
2025-03-18 19:00:00,514.2368897524201,80.0,220.0,EMS,MWH,VALID
2025-03-18 20:00:00,466.8215352024684,80.0,220.0,EMS,MWH,VALID
2025-03-18 21:00:00,446.0290273823852,80.0,220.0,EMS,MWH,VALID
2025-03-18 22:00:00,403.9449401383859,80.0,220.0,EMS,MWH,VALID
2025-03-18 23:00:00,325.56300320952084,80.0,220.0,EMS,MWH,VALID
2025-03-19 00:00:00,303.1320661648688,80.0,220.0,EMS,MWH,VALID
2025-03-19 01:00:00,315.495604255631,80.0,220.0,EMS,MWH,VALID
2025-03-19 02:00:00,317.89644025519925,80.0,220.0,EMS,MWH,VALID
2025-03-19 03:00:00,329.45325442818154,80.0,220.0,EMS,MWH,VALID
2025-03-19 04:00:00,360.66929618826606,80.0,220.0,EMS,MWH,VALID
2025-03-19 05:00:00,359.21511301309454,80.0,220.0,EMS,MWH,VALID
2025-03-19 06:00:00,374.9127012327464,80.0,220.0,EMS,MWH,VALID
2025-03-19 07:00:00,380.8016781532076,80.0,220.0,EMS,MWH,VALID
2025-03-19 08:00:00,461.8863213762229,80.0,220.0,EMS,MWH,VALID
2025-03-19 09:00:00,438.80009514938826,80.0,220.0,EMS,MWH,VALID
2025-03-19 10:00:00,440.4372034099365,80.0,220.0,EMS,MWH,VALID
2025-03-19 11:00:00,413.0169788698611,80.0,220.0,EMS,MWH,VALID
2025-03-19 12:00:00,399.2801484789745,80.0,220.0,EMS,MWH,VALID
2025-03-19 13:00:00,392.2151834120693,80.0,220.0,EMS,MWH,VALID
2025-03-19 14:00:00,408.9547949155282,80.0,220.0,EMS,MWH,VALID
2025-03-19 15:00:00,425.01483953104736,80.0,220.0,EMS,MWH,VALID
2025-03-19 16:00:00,449.06239297413737,80.0,220.0,EMS,MWH,VALID
2025-03-19 17:00:00,477.811493809666,80.0,220.0,EMS,MWH,VALID
2025-03-19 18:00:00,504.9154012869881,80.0,220.0,EMS,MWH,VALID
2025-03-19 19:00:00,527.2531067142373,80.0,220.0,EMS,MWH,VALID
2025-03-19 20:00:00,481.4069885742114,80.0,220.0,EMS,MWH,VALID
2025-03-19 21:00:00,456.55118094484544,80.0,220.0,EMS,MWH,VALID
2025-03-19 22:00:00,377.9466083619524,80.0,220.0,EMS,MWH,VALID
2025-03-19 23:00:00,366.9961275872812,80.0,220.0,EMS,MWH,VALID
2025-03-20 00:00:00,338.94768608664526,80.0,220.0,EMS,MWH,VALID
2025-03-20 01:00:00,328.8174649380784,80.0,220.0,EMS,MWH,VALID
2025-03-20 02:00:00,330.4138895754573,80.0,220.0,EMS,MWH,VALID
2025-03-20 03:00:00,333.08279426922127,80.0,220.0,EMS,MWH,VALID
2025-03-20 04:00:00,334.0720382064001,80.0,220.0,EMS,MWH,VALID
2025-03-20 05:00:00,349.1568435177305,80.0,220.0,EMS,MWH,VALID
2025-03-20 06:00:00,395.1688686368239,80.0,220.0,EMS,MWH,VALID
2025-03-20 07:00:00,424.66810186623854,80.0,220.0,EMS,MWH,VALID
2025-03-20 08:00:00,449.3996451306153,80.0,220.0,EMS,MWH,VALID
2025-03-20 09:00:00,452.5824734543576,80.0,220.0,EMS,MWH,VALID
2025-03-20 10:00:00,441.0939198763628,80.0,220.0,EMS,MWH,VALID
2025-03-20 11:00:00,406.9991049158618,80.0,220.0,EMS,MWH,VALID
2025-03-20 12:00:00,393.1328812851722,80.0,220.0,EMS,MWH,VALID
2025-03-20 13:00:00,400.4362216689043,80.0,220.0,EMS,MWH,VALID
2025-03-20 14:00:00,400.4645060441511,80.0,220.0,EMS,MWH,VALID
2025-03-20 15:00:00,391.4889369300312,80.0,220.0,EMS,MWH,VALID
2025-03-20 16:00:00,431.0308819059082,80.0,220.0,EMS,MWH,VALID
2025-03-20 17:00:00,461.7782065873714,80.0,220.0,EMS,MWH,VALID
2025-03-20 18:00:00,501.6067975043128,80.0,220.0,EMS,MWH,VALID
2025-03-20 19:00:00,520.6326676997326,80.0,220.0,EMS,MWH,VALID
2025-03-20 20:00:00,461.701498379154,80.0,220.0,EMS,MWH,VALID
2025-03-20 21:00:00,446.3254890882296,80.0,220.0,EMS,MWH,VALID
2025-03-20 22:00:00,404.1591292546709,80.0,220.0,EMS,MWH,VALID
2025-03-20 23:00:00,362.76629961867366,80.0,220.0,EMS,MWH,VALID
2025-03-21 00:00:00,315.4810516490173,80.0,220.0,EMS,MWH,VALID
2025-03-21 01:00:00,352.1876211118363,80.0,220.0,EMS,MWH,VALID
2025-03-21 02:00:00,312.4382149214129,80.0,220.0,EMS,MWH,VALID
2025-03-21 03:00:00,332.8134728021128,80.0,220.0,EMS,MWH,VALID
2025-03-21 04:00:00,363.63764569942896,80.0,220.0,EMS,MWH,VALID
2025-03-21 05:00:00,351.89165533858016,80.0,220.0,EMS,MWH,VALID
2025-03-21 06:00:00,387.1155870566327,80.0,220.0,EMS,MWH,VALID
2025-03-21 07:00:00,426.9994092173411,80.0,220.0,EMS,MWH,VALID
2025-03-21 08:00:00,454.4265158332303,80.0,220.0,EMS,MWH,VALID
2025-03-21 09:00:00,480.63677312631336,80.0,220.0,EMS,MWH,VALID
2025-03-21 10:00:00,432.2920840510376,80.0,220.0,EMS,MWH,VALID
2025-03-21 11:00:00,411.9974145119564,80.0,220.0,EMS,MWH,VALID
2025-03-21 12:00:00,409.6242851756453,80.0,220.0,EMS,MWH,VALID
2025-03-21 13:00:00,375.7141869044418,80.0,220.0,EMS,MWH,VALID
2025-03-21 14:00:00,420.09083656086233,80.0,220.0,EMS,MWH,VALID
2025-03-21 15:00:00,444.44592146728354,80.0,220.0,EMS,MWH,VALID
2025-03-21 16:00:00,468.9553669224172,80.0,220.0,EMS,MWH,VALID
2025-03-21 17:00:00,477.61324005261537,80.0,220.0,EMS,MWH,VALID
2025-03-21 18:00:00,494.1103550783955,80.0,220.0,EMS,MWH,VALID
2025-03-21 19:00:00,509.5415243121124,80.0,220.0,EMS,MWH,VALID
2025-03-21 20:00:00,491.95588079647047,80.0,220.0,EMS,MWH,VALID
2025-03-21 21:00:00,439.913752276014,80.0,220.0,EMS,MWH,VALID
2025-03-21 22:00:00,385.8944342297827,80.0,220.0,EMS,MWH,VALID
2025-03-21 23:00:00,347.8580887533515,80.0,220.0,EMS,MWH,VALID
2025-03-22 00:00:00,257.02367335797,80.0,220.0,EMS,MWH,VALID
2025-03-22 01:00:00,249.29297431599088,80.0,220.0,EMS,MWH,VALID
2025-03-22 02:00:00,273.91583589843543,80.0,220.0,EMS,MWH,VALID
2025-03-22 03:00:00,288.15854188631755,80.0,220.0,EMS,MWH,VALID
2025-03-22 04:00:00,284.6939326662029,80.0,220.0,EMS,MWH,VALID
2025-03-22 05:00:00,317.2027695335638,80.0,220.0,EMS,MWH,VALID
2025-03-22 06:00:00,334.79527719157977,80.0,220.0,EMS,MWH,VALID
2025-03-22 07:00:00,361.56999110042096,80.0,220.0,EMS,MWH,VALID
2025-03-22 08:00:00,349.34796966064425,80.0,220.0,EMS,MWH,VALID
2025-03-22 09:00:00,352.34124019810343,80.0,220.0,EMS,MWH,VALID
2025-03-22 10:00:00,345.1215050224885,80.0,220.0,EMS,MWH,VALID
2025-03-22 11:00:00,334.20285980337536,80.0,220.0,EMS,MWH,VALID
2025-03-22 12:00:00,315.4446011537425,80.0,220.0,EMS,MWH,VALID
2025-03-22 13:00:00,301.2066208146328,80.0,220.0,EMS,MWH,VALID
2025-03-22 14:00:00,351.48366215258784,80.0,220.0,EMS,MWH,VALID
2025-03-22 15:00:00,293.45759514217,80.0,220.0,EMS,MWH,VALID
2025-03-22 16:00:00,354.1316466281036,80.0,220.0,EMS,MWH,VALID
2025-03-22 17:00:00,374.8858756354309,80.0,220.0,EMS,MWH,VALID
2025-03-22 18:00:00,404.3460555554345,80.0,220.0,EMS,MWH,VALID
2025-03-22 19:00:00,439.989341871999,80.0,220.0,EMS,MWH,VALID
2025-03-22 20:00:00,391.5293489829701,80.0,220.0,EMS,MWH,VALID
2025-03-22 21:00:00,367.4625669031852,80.0,220.0,EMS,MWH,VALID
2025-03-22 22:00:00,282.7558545964848,80.0,220.0,EMS,MWH,VALID
2025-03-22 23:00:00,317.39042248187155,80.0,220.0,EMS,MWH,VALID
2025-03-23 00:00:00,269.2584076159313,80.0,220.0,EMS,MWH,VALID
2025-03-23 01:00:00,280.388203747091,80.0,220.0,EMS,MWH,VALID
2025-03-23 02:00:00,272.99872359924257,80.0,220.0,EMS,MWH,VALID
2025-03-23 03:00:00,275.63926542948565,80.0,220.0,EMS,MWH,VALID
2025-03-23 04:00:00,267.11076150353034,80.0,220.0,EMS,MWH,VALID
2025-03-23 05:00:00,279.2176089520657,80.0,220.0,EMS,MWH,VALID
2025-03-23 06:00:00,292.3943423163191,80.0,220.0,EMS,MWH,VALID
2025-03-23 07:00:00,374.81290085571374,80.0,220.0,EMS,MWH,VALID
2025-03-23 08:00:00,385.4091870797234,80.0,220.0,EMS,MWH,VALID
2025-03-23 09:00:00,383.0328683375528,80.0,220.0,EMS,MWH,VALID
2025-03-23 10:00:00,303.3461091597161,80.0,220.0,EMS,MWH,VALID
2025-03-23 11:00:00,348.4793446760393,80.0,220.0,EMS,MWH,VALID
2025-03-23 12:00:00,321.9116967326427,80.0,220.0,EMS,MWH,VALID
2025-03-23 13:00:00,346.5497497087342,80.0,220.0,EMS,MWH,VALID
2025-03-23 14:00:00,329.69049004645126,80.0,220.0,EMS,MWH,VALID
2025-03-23 15:00:00,333.2909671157834,80.0,220.0,EMS,MWH,VALID
2025-03-23 16:00:00,345.5977687127661,80.0,220.0,EMS,MWH,VALID
2025-03-23 17:00:00,385.49013344289006,80.0,220.0,EMS,MWH,VALID
2025-03-23 18:00:00,401.0902537616856,80.0,220.0,EMS,MWH,VALID
2025-03-23 19:00:00,402.96445303122033,80.0,220.0,EMS,MWH,VALID
2025-03-23 20:00:00,398.27710325710433,80.0,220.0,EMS,MWH,VALID
2025-03-23 21:00:00,369.6325823893333,80.0,220.0,EMS,MWH,VALID
2025-03-23 22:00:00,318.4226244683391,80.0,220.0,EMS,MWH,VALID
2025-03-23 23:00:00,280.93740273495496,80.0,220.0,EMS,MWH,VALID
2025-03-24 00:00:00,370.7495796160816,80.0,220.0,EMS,MWH,VALID
2025-03-24 01:00:00,321.3135601308889,80.0,220.0,EMS,MWH,VALID
2025-03-24 02:00:00,345.96706018456325,80.0,220.0,EMS,MWH,VALID
2025-03-24 03:00:00,302.8527830625092,80.0,220.0,EMS,MWH,VALID
2025-03-24 04:00:00,300.59359201376105,80.0,220.0,EMS,MWH,VALID
2025-03-24 05:00:00,379.7618170115998,80.0,220.0,EMS,MWH,VALID
2025-03-24 06:00:00,395.0292386324453,80.0,220.0,EMS,MWH,VALID
2025-03-24 07:00:00,438.8479331223591,80.0,220.0,EMS,MWH,VALID
2025-03-24 08:00:00,455.57878565546537,80.0,220.0,EMS,MWH,VALID
2025-03-24 09:00:00,423.6431151512306,80.0,220.0,EMS,MWH,VALID
2025-03-24 10:00:00,432.7445679861332,80.0,220.0,EMS,MWH,VALID
2025-03-24 11:00:00,428.0939803256695,80.0,220.0,EMS,MWH,VALID
2025-03-24 12:00:00,379.8881772732036,80.0,220.0,EMS,MWH,VALID
2025-03-24 13:00:00,396.4114132395084,80.0,220.0,EMS,MWH,VALID
2025-03-24 14:00:00,412.8064685161047,80.0,220.0,EMS,MWH,VALID
2025-03-24 15:00:00,398.84167168357646,80.0,220.0,EMS,MWH,VALID
2025-03-24 16:00:00,451.3497769131572,80.0,220.0,EMS,MWH,VALID
2025-03-24 17:00:00,461.4623372088464,80.0,220.0,EMS,MWH,VALID
2025-03-24 18:00:00,477.6536222298935,80.0,220.0,EMS,MWH,VALID
2025-03-24 19:00:00,523.493539751084,80.0,220.0,EMS,MWH,VALID
2025-03-24 20:00:00,508.6542035690084,80.0,220.0,EMS,MWH,VALID
2025-03-24 21:00:00,464.8983352244429,80.0,220.0,EMS,MWH,VALID
2025-03-24 22:00:00,419.2559606624762,80.0,220.0,EMS,MWH,VALID
2025-03-24 23:00:00,336.01776787966924,80.0,220.0,EMS,MWH,VALID
2025-03-25 00:00:00,327.2518639352052,80.0,220.0,EMS,MWH,VALID
2025-03-25 01:00:00,343.92539319337953,80.0,220.0,EMS,MWH,VALID
2025-03-25 02:00:00,337.6066773753939,80.0,220.0,EMS,MWH,VALID
2025-03-25 03:00:00,326.55199812825833,80.0,220.0,EMS,MWH,VALID
2025-03-25 04:00:00,362.7272870776813,80.0,220.0,EMS,MWH,VALID
2025-03-25 05:00:00,368.8331034482719,80.0,220.0,EMS,MWH,VALID
2025-03-25 06:00:00,408.68448249980247,80.0,220.0,EMS,MWH,VALID
2025-03-25 07:00:00,408.43375511955696,80.0,220.0,EMS,MWH,VALID
2025-03-25 08:00:00,442.3199222844574,80.0,220.0,EMS,MWH,VALID
2025-03-25 09:00:00,436.1714623888648,80.0,220.0,EMS,MWH,VALID
2025-03-25 10:00:00,428.569161155854,80.0,220.0,EMS,MWH,VALID
2025-03-25 11:00:00,408.25509891637984,80.0,220.0,EMS,MWH,VALID
2025-03-25 12:00:00,423.1323173817528,80.0,220.0,EMS,MWH,VALID
2025-03-25 13:00:00,392.8349772242029,80.0,220.0,EMS,MWH,VALID
2025-03-25 14:00:00,401.2725316207723,80.0,220.0,EMS,MWH,VALID
2025-03-25 15:00:00,425.2222574837776,80.0,220.0,EMS,MWH,VALID
2025-03-25 16:00:00,419.700306605994,80.0,220.0,EMS,MWH,VALID
2025-03-25 17:00:00,471.5746284081417,80.0,220.0,EMS,MWH,VALID
2025-03-25 18:00:00,510.6707185502594,80.0,220.0,EMS,MWH,VALID
2025-03-25 19:00:00,512.47430938554,80.0,220.0,EMS,MWH,VALID
2025-03-25 20:00:00,487.3190386560279,80.0,220.0,EMS,MWH,VALID
2025-03-25 21:00:00,449.5771173768376,80.0,220.0,EMS,MWH,VALID
2025-03-25 22:00:00,382.4513979101055,80.0,220.0,EMS,MWH,VALID
2025-03-25 23:00:00,361.70596871518165,80.0,220.0,EMS,MWH,VALID
2025-03-26 00:00:00,321.0388962689743,80.0,220.0,EMS,MWH,VALID
2025-03-26 01:00:00,331.240987890723,80.0,220.0,EMS,MWH,VALID
2025-03-26 02:00:00,338.2902514846988,80.0,220.0,EMS,MWH,VALID
2025-03-26 03:00:00,337.62718476226706,80.0,220.0,EMS,MWH,VALID
2025-03-26 04:00:00,336.2245734340211,80.0,220.0,EMS,MWH,VALID
2025-03-26 05:00:00,393.16392735137896,80.0,220.0,EMS,MWH,VALID
2025-03-26 06:00:00,399.4971263112241,80.0,220.0,EMS,MWH,VALID
2025-03-26 07:00:00,413.6048554931733,80.0,220.0,EMS,MWH,VALID
2025-03-26 08:00:00,458.5899659243266,80.0,220.0,EMS,MWH,VALID
2025-03-26 09:00:00,441.3380680662425,80.0,220.0,EMS,MWH,VALID
2025-03-26 10:00:00,438.0045314537351,80.0,220.0,EMS,MWH,VALID
2025-03-26 11:00:00,418.37729568017033,80.0,220.0,EMS,MWH,VALID
2025-03-26 12:00:00,407.79484765065376,80.0,220.0,EMS,MWH,VALID
2025-03-26 13:00:00,409.336502136163,80.0,220.0,EMS,MWH,VALID
2025-03-26 14:00:00,387.6696847146202,80.0,220.0,EMS,MWH,VALID
2025-03-26 15:00:00,404.4282897353265,80.0,220.0,EMS,MWH,VALID
2025-03-26 16:00:00,429.11838303165575,80.0,220.0,EMS,MWH,VALID
2025-03-26 17:00:00,467.4175700920395,80.0,220.0,EMS,MWH,VALID
2025-03-26 18:00:00,529.3077352396093,80.0,220.0,EMS,MWH,VALID
2025-03-26 19:00:00,525.9461443134,80.0,220.0,EMS,MWH,VALID
2025-03-26 20:00:00,498.94017260357685,80.0,220.0,EMS,MWH,VALID
2025-03-26 21:00:00,444.937178154885,80.0,220.0,EMS,MWH,VALID
2025-03-26 22:00:00,427.2958307423588,80.0,220.0,EMS,MWH,VALID
2025-03-26 23:00:00,349.52345384829545,80.0,220.0,EMS,MWH,VALID
2025-03-27 00:00:00,339.90257284250924,80.0,220.0,EMS,MWH,VALID
2025-03-27 01:00:00,340.49876665336586,80.0,220.0,EMS,MWH,VALID
2025-03-27 02:00:00,340.04957583636315,80.0,220.0,EMS,MWH,VALID
2025-03-27 03:00:00,326.41972457773977,80.0,220.0,EMS,MWH,VALID
2025-03-27 04:00:00,325.8795570123171,80.0,220.0,EMS,MWH,VALID
2025-03-27 05:00:00,366.0318436726015,80.0,220.0,EMS,MWH,VALID
2025-03-27 06:00:00,393.37275272836894,80.0,220.0,EMS,MWH,VALID
2025-03-27 07:00:00,423.92807685773903,80.0,220.0,EMS,MWH,VALID
2025-03-27 08:00:00,442.6061971042616,80.0,220.0,EMS,MWH,VALID
2025-03-27 09:00:00,458.4108032204805,80.0,220.0,EMS,MWH,VALID
2025-03-27 10:00:00,427.6353986010892,80.0,220.0,EMS,MWH,VALID
2025-03-27 11:00:00,400.8713821609778,80.0,220.0,EMS,MWH,VALID
2025-03-27 12:00:00,441.0782703377902,80.0,220.0,EMS,MWH,VALID
2025-03-27 13:00:00,423.2856142796664,80.0,220.0,EMS,MWH,VALID
2025-03-27 14:00:00,399.5126655149092,80.0,220.0,EMS,MWH,VALID
2025-03-27 15:00:00,439.9867857965087,80.0,220.0,EMS,MWH,VALID
2025-03-27 16:00:00,418.6281978635829,80.0,220.0,EMS,MWH,VALID
2025-03-27 17:00:00,457.56440707369137,80.0,220.0,EMS,MWH,VALID
2025-03-27 18:00:00,501.906606489912,80.0,220.0,EMS,MWH,VALID
2025-03-27 19:00:00,538.4587953889824,80.0,220.0,EMS,MWH,VALID
2025-03-27 20:00:00,485.6791123691519,80.0,220.0,EMS,MWH,VALID
2025-03-27 21:00:00,458.3368851088623,80.0,220.0,EMS,MWH,VALID
2025-03-27 22:00:00,382.24354643930207,80.0,220.0,EMS,MWH,VALID
2025-03-27 23:00:00,361.4246415249421,80.0,220.0,EMS,MWH,VALID
2025-03-28 00:00:00,331.1155009201123,80.0,220.0,EMS,MWH,VALID
2025-03-28 01:00:00,319.2067030911128,80.0,220.0,EMS,MWH,VALID
2025-03-28 02:00:00,336.0671192480218,80.0,220.0,EMS,MWH,VALID
2025-03-28 03:00:00,319.3063775357724,80.0,220.0,EMS,MWH,VALID
2025-03-28 04:00:00,323.8140727423688,80.0,220.0,EMS,MWH,VALID
2025-03-28 05:00:00,352.7209740471802,80.0,220.0,EMS,MWH,VALID
2025-03-28 06:00:00,376.16558075572834,80.0,220.0,EMS,MWH,VALID
2025-03-28 07:00:00,409.85147103315967,80.0,220.0,EMS,MWH,VALID
2025-03-28 08:00:00,472.39773550810713,80.0,220.0,EMS,MWH,VALID
2025-03-28 09:00:00,444.0830084378185,80.0,220.0,EMS,MWH,VALID
2025-03-28 10:00:00,428.0405225697805,80.0,220.0,EMS,MWH,VALID
2025-03-28 11:00:00,410.1384028568774,80.0,220.0,EMS,MWH,VALID
2025-03-28 12:00:00,398.6033952147845,80.0,220.0,EMS,MWH,VALID
2025-03-28 13:00:00,368.0582148289615,80.0,220.0,EMS,MWH,VALID
2025-03-28 14:00:00,419.0062178401215,80.0,220.0,EMS,MWH,VALID
2025-03-28 15:00:00,444.246090939628,80.0,220.0,EMS,MWH,VALID
2025-03-28 16:00:00,431.4416147964014,80.0,220.0,EMS,MWH,VALID
2025-03-28 17:00:00,476.3926888004117,80.0,220.0,EMS,MWH,VALID
2025-03-28 18:00:00,513.0818209555937,80.0,220.0,EMS,MWH,VALID
2025-03-28 19:00:00,513.4040580477975,80.0,220.0,EMS,MWH,VALID
2025-03-28 20:00:00,487.10835843979135,80.0,220.0,EMS,MWH,VALID
2025-03-28 21:00:00,451.5587463136248,80.0,220.0,EMS,MWH,VALID
2025-03-28 22:00:00,376.8320632726902,80.0,220.0,EMS,MWH,VALID
2025-03-28 23:00:00,371.2091299041394,80.0,220.0,EMS,MWH,VALID
2025-03-29 00:00:00,262.50676222070047,80.0,220.0,EMS,MWH,VALID
2025-03-29 01:00:00,238.29710571128732,65.6,220.0,EMS,MWH,VALID
2025-03-29 02:00:00,254.7230794799645,65.6,220.0,EMS,MWH,VALID
2025-03-29 03:00:00,267.6081982392012,65.6,220.0,EMS,MWH,VALID
2025-03-29 04:00:00,291.5957783488701,65.6,220.0,EMS,MWH,VALID
2025-03-29 05:00:00,314.57829559484026,65.6,220.0,EMS,MWH,VALID
2025-03-29 06:00:00,333.1595351942587,65.6,220.0,EMS,MWH,VALID
2025-03-29 07:00:00,356.63513043958267,65.6,220.0,EMS,MWH,VALID
2025-03-29 08:00:00,379.45193304204827,65.6,220.0,EMS,MWH,VALID
2025-03-29 09:00:00,357.8677140854605,65.6,220.0,EMS,MWH,VALID
2025-03-29 10:00:00,334.4706240123678,65.6,220.0,EMS,MWH,VALID
2025-03-29 11:00:00,321.312159083192,65.6,220.0,EMS,MWH,VALID
2025-03-29 12:00:00,288.3684385803651,80.0,220.0,EMS,MWH,VALID
2025-03-29 13:00:00,296.3424025933204,80.0,220.0,EMS,MWH,VALID
2025-03-29 14:00:00,326.00325948799804,80.0,220.0,EMS,MWH,VALID
2025-03-29 15:00:00,265.3258734794083,80.0,220.0,EMS,MWH,VALID
2025-03-29 16:00:00,377.2033111823188,80.0,220.0,EMS,MWH,VALID
2025-03-29 17:00:00,382.1683306336239,80.0,220.0,EMS,MWH,VALID
2025-03-29 18:00:00,394.78884332735606,80.0,220.0,EMS,MWH,VALID
2025-03-29 19:00:00,393.4261944852763,80.0,220.0,EMS,MWH,VALID
2025-03-29 20:00:00,427.88747649854656,80.0,220.0,EMS,MWH,VALID
2025-03-29 21:00:00,380.7883274470893,80.0,220.0,EMS,MWH,VALID
2025-03-29 22:00:00,313.0779191372447,80.0,220.0,EMS,MWH,VALID
2025-03-29 23:00:00,304.1003930533078,80.0,220.0,EMS,MWH,VALID
2025-03-30 00:00:00,253.0906324555553,80.0,220.0,EMS,MWH,VALID
2025-03-30 01:00:00,268.5179030552901,80.0,220.0,EMS,MWH,VALID
2025-03-30 02:00:00,259.4901929408196,80.0,220.0,EMS,MWH,VALID
2025-03-30 03:00:00,256.1379798656527,80.0,220.0,EMS,MWH,VALID
2025-03-30 04:00:00,292.1593046821552,80.0,220.0,EMS,MWH,VALID
2025-03-30 05:00:00,300.979807414226,80.0,220.0,EMS,MWH,VALID
2025-03-30 06:00:00,317.1517283501787,80.0,220.0,EMS,MWH,VALID
2025-03-30 07:00:00,360.78059252907855,80.0,220.0,EMS,MWH,VALID
2025-03-30 08:00:00,370.1475882905798,80.0,220.0,EMS,MWH,VALID
2025-03-30 09:00:00,356.09624263363594,80.0,220.0,EMS,MWH,VALID
2025-03-30 10:00:00,339.97062520754906,80.0,220.0,EMS,MWH,VALID
2025-03-30 11:00:00,304.5623663096687,80.0,220.0,EMS,MWH,VALID
2025-03-30 12:00:00,334.5651036668419,80.0,220.0,EMS,MWH,VALID
2025-03-30 13:00:00,327.4956766033907,80.0,220.0,EMS,MWH,VALID
2025-03-30 14:00:00,329.58629790103527,80.0,220.0,EMS,MWH,VALID
2025-03-30 15:00:00,356.4270962506767,80.0,220.0,EMS,MWH,VALID
2025-03-30 16:00:00,369.8717711032919,80.0,220.0,EMS,MWH,VALID
2025-03-30 17:00:00,388.7693954005715,80.0,220.0,EMS,MWH,VALID
2025-03-30 18:00:00,450.084722263238,80.0,220.0,EMS,MWH,VALID
2025-03-30 19:00:00,426.33808102532464,80.0,220.0,EMS,MWH,VALID
2025-03-30 20:00:00,413.9564255006508,80.0,220.0,EMS,MWH,VALID
2025-03-30 21:00:00,377.0039343359411,80.0,220.0,EMS,MWH,VALID
2025-03-30 22:00:00,300.6672807902036,80.0,220.0,EMS,MWH,VALID
2025-03-30 23:00:00,291.2897464243343,80.0,220.0,EMS,MWH,VALID
2025-03-31 00:00:00,327.0910540602537,80.0,220.0,EMS,MWH,VALID
2025-03-31 01:00:00,294.8028772629234,80.0,220.0,EMS,MWH,VALID
2025-03-31 02:00:00,333.9833679774618,80.0,220.0,EMS,MWH,VALID
2025-03-31 03:00:00,307.0526862162844,80.0,220.0,EMS,MWH,VALID
2025-03-31 04:00:00,379.6515466000001,80.0,220.0,EMS,MWH,VALID
2025-03-31 05:00:00,372.14418878613606,80.0,220.0,EMS,MWH,VALID
2025-03-31 06:00:00,380.5816823967751,80.0,220.0,EMS,MWH,VALID
2025-03-31 07:00:00,460.2741562996413,80.0,220.0,EMS,MWH,VALID
2025-03-31 08:00:00,465.66033968427854,80.0,220.0,EMS,MWH,VALID
2025-03-31 09:00:00,456.7690472074929,80.0,220.0,EMS,MWH,VALID
2025-03-31 10:00:00,437.1054596811444,60.0,220.0,EMS,MWH,VALID
2025-03-31 11:00:00,410.6244298812182,60.0,220.0,EMS,MWH,VALID
2025-03-31 12:00:00,403.2167215552829,60.0,220.0,EMS,MWH,VALID
2025-03-31 13:00:00,412.5581939760213,60.0,220.0,EMS,MWH,VALID
2025-03-31 14:00:00,435.9278980402978,60.0,220.0,EMS,MWH,VALID
2025-03-31 15:00:00,427.2756444505593,60.0,220.0,EMS,MWH,VALID
2025-03-31 16:00:00,463.5523244158165,80.0,220.0,EMS,MWH,VALID
2025-03-31 17:00:00,478.42257848069335,80.0,220.0,EMS,MWH,VALID
2025-03-31 18:00:00,502.99017226968215,80.0,220.0,EMS,MWH,VALID
2025-03-31 19:00:00,545.878682874125,80.0,220.0,EMS,MWH,VALID
2025-03-31 20:00:00,524.182113341087,80.0,220.0,EMS,MWH,VALID
2025-03-31 21:00:00,432.2303454508711,80.0,220.0,EMS,MWH,VALID
2025-03-31 22:00:00,395.65793711223927,80.0,220.0,EMS,MWH,VALID
2025-03-31 23:00:00,376.2061343711735,80.0,220.0,EMS,MWH,VALID
2025-04-01 00:00:00,321.6271052418731,80.0,220.0,EMS,MWH,VALID
2025-04-01 01:00:00,327.0467438578909,80.0,220.0,EMS,MWH,VALID
2025-04-01 02:00:00,349.0043236071478,80.0,220.0,EMS,MWH,VALID
2025-04-01 03:00:00,334.8454615982132,80.0,220.0,EMS,MWH,VALID
2025-04-01 04:00:00,338.51844844032206,80.0,220.0,EMS,MWH,VALID
2025-04-01 05:00:00,368.0316066626016,80.0,220.0,EMS,MWH,VALID
2025-04-01 06:00:00,404.1666006128273,80.0,220.0,EMS,MWH,VALID
2025/04/01 07:00,390.6204680011523,80.0,220.0,EMS,MWH,VALID
2025-04-01 08:00:00,480.62895775458406,80.0,220.0,EMS,MWH,VALID
2025-04-01 09:00:00,451.9621959444358,80.0,220.0,EMS,MWH,VALID
2025-04-01 10:00:00,445.7448345808464,60.0,220.0,EMS,MWH,VALID
2025-04-01 11:00:00,431.4814977232667,60.0,220.0,EMS,MWH,VALID
2025-04-01 12:00:00,392.4810797945252,60.0,220.0,EMS,MWH,VALID
2025-04-01 13:00:00,378.0466624143472,60.0,220.0,EMS,MWH,VALID
2025-04-01 14:00:00,421.1975919455687,60.0,220.0,EMS,MWH,VALID
2025-04-01 15:00:00,431.1517990101663,60.0,220.0,EMS,MWH,VALID
2025-04-01 16:00:00,428.9198520653829,80.0,220.0,EMS,MWH,VALID
2025-04-01 17:00:00,496.96220039616526,80.0,220.0,EMS,MWH,VALID
2025-04-01 18:00:00,498.6059887528979,80.0,220.0,EMS,MWH,VALID
2025-04-01 19:00:00,514.6632089053509,80.0,220.0,EMS,MWH,VALID
2025-04-01 20:00:00,495.6895880923583,80.0,220.0,EMS,MWH,VALID
2025-04-01 21:00:00,431.5867659594235,80.0,220.0,EMS,MWH,VALID
2025-04-01 22:00:00,390.6234108283515,80.0,220.0,EMS,MWH,VALID
2025-04-01 23:00:00,366.15792723538766,80.0,220.0,EMS,MWH,VALID
2025-04-02 00:00:00,345.6097737765271,80.0,220.0,EMS,MWH,VALID
2025-04-02 01:00:00,331.732953027095,80.0,220.0,EMS,MWH,VALID
2025-04-02 02:00:00,326.2024265823084,80.0,220.0,EMS,MWH,VALID
2025-04-02 03:00:00,318.6235406600181,80.0,220.0,EMS,MWH,VALID
2025-04-02 04:00:00,340.7829563987726,80.0,220.0,EMS,MWH,VALID
2025-04-02 05:00:00,349.7024863966171,80.0,220.0,EMS,MWH,VALID
2025-04-02 06:00:00,380.52980611021394,80.0,220.0,EMS,MWH,VALID
2025-04-02 07:00:00,416.7211023821318,80.0,220.0,EMS,MWH,VALID
2025-04-02 08:00:00,454.15272939589465,80.0,220.0,EMS,MWH,VALID
2025-04-02 09:00:00,454.2278668232783,80.0,220.0,EMS,MWH,VALID
2025-04-02 10:00:00,429.3773276574993,60.0,220.0,EMS,MWH,VALID
2025-04-02 11:00:00,431.4930924108292,60.0,220.0,EMS,MWH,VALID
2025-04-02 12:00:00,421.0698758602528,60.0,220.0,EMS,MWH,VALID
2025-04-02 13:00:00,392.60729087062,60.0,220.0,EMS,MWH,VALID
2025-04-02 14:00:00,428.4811439492719,60.0,220.0,EMS,MWH,VALID
2025-04-02 15:00:00,385.93460764461565,60.0,220.0,EMS,MWH,VALID
2025-04-02 16:00:00,452.72236115632114,80.0,220.0,EMS,MWH,VALID
2025-04-02 17:00:00,479.47819558574713,80.0,220.0,EMS,MWH,VALID
2025-04-02 18:00:00,505.4543419128451,80.0,220.0,EMS,MWH,VALID
2025-04-02 19:00:00,516.3437275602168,80.0,220.0,EMS,MWH,VALID
2025-04-02 20:00:00,501.4469272800546,80.0,220.0,EMS,MWH,VALID
2025-04-02 21:00:00,441.71161878763473,80.0,220.0,EMS,MWH,VALID
2025-04-02 22:00:00,406.339795681974,80.0,220.0,EMS,MWH,VALID
2025-04-02 23:00:00,330.25211777651776,80.0,220.0,EMS,MWH,VALID
2025-04-03 00:00:00,323.68637219901206,65.6,220.0,EMS,MWH,VALID
2025-04-03 01:00:00,335.0830902939952,65.6,220.0,EMS,MWH,VALID
2025-04-03 02:00:00,329.624327579138,65.6,220.0,EMS,MWH,VALID
2025-04-03 03:00:00,318.084400548356,65.6,220.0,EMS,MWH,VALID
2025-04-03 04:00:00,341.2762907893929,65.6,220.0,EMS,MWH,VALID
2025-04-03 05:00:00,368.3494836496271,80.0,220.0,EMS,MWH,VALID
2025-04-03 06:00:00,399.17567277455225,80.0,220.0,EMS,MWH,VALID
2025-04-03 07:00:00,424.9141269628889,80.0,220.0,EMS,MWH,VALID
2025-04-03 08:00:00,458.8739271589829,80.0,220.0,EMS,MWH,VALID
2025-04-03 09:00:00,442.7534911857224,80.0,220.0,EMS,MWH,VALID
2025-04-03 10:00:00,427.0883168719676,60.0,220.0,EMS,MWH,VALID
2025-04-03 11:00:00,427.79409019051946,60.0,220.0,EMS,MWH,VALID
2025-04-03 12:00:00,392.9303039479682,60.0,220.0,EMS,MWH,VALID
2025-04-03 13:00:00,406.2565655480208,60.0,220.0,EMS,MWH,VALID
2025-04-03 14:00:00,389.4351496558975,60.0,220.0,EMS,MWH,VALID
2025-04-03 15:00:00,429.48248922864434,60.0,220.0,EMS,MWH,VALID
2025-04-03 16:00:00,444.08630233899737,80.0,220.0,EMS,MWH,VALID
2025-04-03 17:00:00,494.7827303294714,80.0,220.0,EMS,MWH,VALID
2025-04-03 18:00:00,530.9422543591776,80.0,220.0,EMS,MWH,VALID
2025-04-03 19:00:00,522.752202848414,80.0,220.0,EMS,MWH,VALID
2025-04-03 20:00:00,478.8697368329028,80.0,220.0,EMS,MWH,VALID
2025-04-03 21:00:00,441.492794871817,80.0,220.0,EMS,MWH,VALID
2025-04-03 22:00:00,388.8810182431904,80.0,220.0,EMS,MWH,VALID
2025-04-03 23:00:00,387.66550080083374,80.0,220.0,EMS,MWH,VALID
2025-04-04 00:00:00,335.6093289816737,80.0,220.0,EMS,MWH,VALID
2025-04-04 01:00:00,340.0567609487037,80.0,220.0,EMS,MWH,VALID
2025-04-04 02:00:00,352.528851336138,80.0,220.0,EMS,MWH,VALID
2025-04-04 03:00:00,342.1775698479133,80.0,220.0,EMS,MWH,VALID
2025-04-04 04:00:00,346.3793334297152,80.0,220.0,EMS,MWH,VALID
2025-04-04 05:00:00,376.0036726277756,80.0,220.0,EMS,MWH,VALID
2025-04-04 06:00:00,367.5621689526034,80.0,220.0,EMS,MWH,VALID
2025-04-04 07:00:00,412.95946471201694,80.0,220.0,EMS,MWH,VALID
2025-04-04 08:00:00,453.3963355362209,80.0,220.0,EMS,MWH,VALID
2025-04-04 09:00:00,463.03448465374566,80.0,220.0,EMS,MWH,VALID
2025-04-04 10:00:00,433.1311413018629,60.0,220.0,EMS,MWH,VALID
2025-04-04 11:00:00,417.8395196817241,60.0,220.0,EMS,MWH,VALID
2025-04-04 12:00:00,381.8876206115585,60.0,220.0,EMS,MWH,VALID
2025-04-04 13:00:00,421.7648392249469,60.0,220.0,EMS,MWH,VALID
2025-04-04 14:00:00,431.3615542907658,60.0,220.0,EMS,MWH,VALID
2025-04-04 15:00:00,398.0174719326957,60.0,220.0,EMS,MWH,VALID
2025-04-04 16:00:00,413.94455353034687,80.0,220.0,EMS,MWH,VALID
2025-04-04 17:00:00,488.0592420310038,80.0,220.0,EMS,MWH,VALID
2025-04-04 18:00:00,524.884268403648,80.0,220.0,EMS,MWH,VALID
2025-04-04 19:00:00,474.5604277423839,80.0,220.0,EMS,MWH,VALID
2025-04-04 20:00:00,504.4441172966536,80.0,220.0,EMS,MWH,VALID
2025-04-04 21:00:00,444.2893494901056,80.0,220.0,EMS,MWH,VALID
2025-04-04 22:00:00,388.9627265839978,80.0,220.0,EMS,MWH,VALID
2025-04-04 23:00:00,339.49502721947545,80.0,220.0,EMS,MWH,VALID
2025-04-05 00:00:00,274.25681785700573,80.0,220.0,EMS,MWH,VALID
2025-04-05 01:00:00,261.6473102711441,80.0,220.0,EMS,MWH,VALID
2025-04-05 02:00:00,266.81803702848305,80.0,220.0,EMS,MWH,VALID
2025-04-05 03:00:00,301.9976338210213,80.0,198.0,EMS,MWH,VALID
2025-04-05 04:00:00,306.1444337086063,80.0,198.0,EMS,MWH,VALID
2025-04-05 05:00:00,311.7434575376919,80.0,198.0,EMS,MWH,VALID
2025-04-05 06:00:00,311.68130488500987,80.0,198.0,EMS,MWH,VALID
2025-04-05 07:00:00,343.99107563662847,80.0,198.0,EMS,MWH,VALID
2025-04-05 08:00:00,367.9804989974338,80.0,198.0,EMS,MWH,VALID
2025-04-05 09:00:00,383.5207785687717,80.0,198.0,EMS,MWH,VALID
2025-04-05 10:00:00,336.6665589392847,60.0,198.0,EMS,MWH,VALID
2025-04-05 11:00:00,330.96905288818215,60.0,198.0,EMS,MWH,VALID
2025-04-05 12:00:00,336.5728409593204,60.0,198.0,EMS,MWH,VALID
2025-04-05 13:00:00,328.0810610293939,60.0,198.0,EMS,MWH,VALID
2025-04-05 14:00:00,322.1551057325464,60.0,220.0,EMS,MWH,VALID
2025-04-05 15:00:00,344.8988587056896,60.0,220.0,EMS,MWH,VALID
2025-04-05 16:00:00,343.6289870352943,80.0,220.0,EMS,MWH,VALID
2025-04-05 17:00:00,388.39639604838857,80.0,220.0,EMS,MWH,VALID
2025-04-05 18:00:00,398.1079790983709,80.0,220.0,EMS,MWH,VALID
2025-04-05 19:00:00,438.3053200491109,80.0,220.0,EMS,MWH,VALID
2025-04-05 20:00:00,382.95233684864377,80.0,220.0,EMS,MWH,VALID
2025-04-05 21:00:00,343.7472792173995,80.0,220.0,EMS,MWH,VALID
2025-04-05 22:00:00,314.49743342781346,80.0,220.0,EMS,MWH,VALID
2025-04-05 23:00:00,273.64581407220106,80.0,220.0,EMS,MWH,VALID
2025-04-06 00:00:00,266.0593274746252,80.0,220.0,EMS,MWH,VALID
2025-04-06 01:00:00,263.0154823488025,80.0,220.0,EMS,MWH,VALID
2025-04-06 02:00:00,276.52792548809066,80.0,220.0,EMS,MWH,VALID
2025-04-06 03:00:00,267.61887891978324,80.0,220.0,EMS,MWH,VALID
2025-04-06 04:00:00,285.74085271286685,80.0,220.0,EMS,MWH,VALID
2025-04-06 05:00:00,293.5596737245894,80.0,220.0,EMS,MWH,VALID
2025-04-06 06:00:00,356.5940674477509,80.0,220.0,EMS,MWH,VALID
2025-04-06 07:00:00,333.7186768727591,80.0,220.0,EMS,MWH,VALID
2025-04-06 08:00:00,347.2431567193835,80.0,220.0,EMS,MWH,VALID
2025-04-06 09:00:00,368.13826963224346,80.0,220.0,EMS,MWH,VALID
2025-04-06 10:00:00,337.85353568598066,60.0,220.0,EMS,MWH,VALID
2025-04-06 11:00:00,337.8863999242601,60.0,220.0,EMS,MWH,VALID
2025-04-06 12:00:00,350.48321142164144,60.0,220.0,EMS,MWH,VALID
2025-04-06 13:00:00,337.0001203150381,60.0,220.0,EMS,MWH,VALID
2025-04-06 14:00:00,344.3095663323646,60.0,220.0,EMS,MWH,VALID
2025-04-06 15:00:00,333.1910362506943,60.0,220.0,EMS,MWH,VALID
2025-04-06 16:00:00,351.27866583784584,80.0,220.0,EMS,MWH,VALID
2025-04-06 17:00:00,402.9047881654034,80.0,220.0,EMS,MWH,VALID
2025-04-06 18:00:00,397.1851771909629,80.0,220.0,EMS,MWH,VALID
2025-04-06 19:00:00,431.1766051811556,80.0,220.0,EMS,MWH,VALID
2025-04-06 20:00:00,402.6803021428309,80.0,220.0,EMS,MWH,VALID
2025-04-06 21:00:00,357.14459776052126,80.0,220.0,EMS,MWH,VALID
2025-04-06 22:00:00,322.2141669946604,80.0,220.0,EMS,MWH,VALID
2025-04-06 23:00:00,290.6387404671845,80.0,220.0,EMS,MWH,VALID
2025-04-07 00:00:00,336.1669868971373,80.0,220.0,EMS,MWH,VALID
2025-04-07 01:00:00,332.16914533344266,80.0,220.0,EMS,MWH,VALID
2025-04-07 02:00:00,316.98213300125053,80.0,220.0,EMS,MWH,VALID
2025-04-07 03:00:00,350.5621508878655,80.0,220.0,EMS,MWH,VALID
2025-04-07 04:00:00,362.42971368438106,80.0,220.0,EMS,MWH,VALID
2025-04-07 05:00:00,365.7723250492325,80.0,220.0,EMS,MWH,VALID
2025-04-07 06:00:00,408.03991090951416,80.0,220.0,EMS,MWH,VALID
2025-04-07 07:00:00,429.1251059718661,80.0,220.0,EMS,MWH,VALID
2025-04-07 08:00:00,437.5588938677326,80.0,220.0,EMS,MWH,VALID
2025-04-07 09:00:00,458.3364480216708,80.0,220.0,EMS,MWH,VALID
2025-04-07 10:00:00,431.9267394507661,60.0,220.0,EMS,MWH,VALID
2025-04-07 11:00:00,418.123477502969,60.0,220.0,EMS,MWH,VALID
2025-04-07 12:00:00,406.2518918257406,60.0,220.0,EMS,MWH,VALID
2025-04-07 13:00:00,418.3950645563556,60.0,220.0,EMS,MWH,VALID
2025-04-07 14:00:00,405.7011074578708,60.0,220.0,EMS,MWH,VALID
2025-04-07 15:00:00,417.6784660915922,60.0,220.0,EMS,MWH,VALID
2025-04-07 16:00:00,452.1850195987651,80.0,220.0,EMS,MWH,VALID
2025-04-07 17:00:00,503.7481825083973,80.0,220.0,EMS,MWH,VALID
2025-04-07 18:00:00,508.26096255089146,80.0,220.0,EMS,MWH,VALID
2025-04-07 19:00:00,551.6135584556711,80.0,220.0,EMS,MWH,VALID
2025-04-07 20:00:00,513.5460411419052,80.0,220.0,EMS,MWH,VALID
2025-04-07 21:00:00,455.119269722312,80.0,220.0,EMS,MWH,VALID
2025-04-07 22:00:00,408.7754028648648,80.0,220.0,EMS,MWH,VALID
2025-04-07 23:00:00,385.217744626982,80.0,220.0,EMS,MWH,VALID
2025-04-08 00:00:00,327.4817345026345,80.0,220.0,EMS,MWH,VALID
2025-04-08 01:00:00,303.0428154183225,80.0,220.0,EMS,MWH,VALID
2025-04-08 02:00:00,310.2253650450309,80.0,220.0,EMS,MWH,VALID
2025-04-08 03:00:00,320.9415098356484,80.0,220.0,EMS,MWH,VALID
2025-04-08 04:00:00,351.3830263921432,80.0,220.0,EMS,MWH,VALID
2025-04-08 05:00:00,361.3081154112861,80.0,220.0,EMS,MWH,VALID
2025-04-08 06:00:00,419.5963504100378,80.0,220.0,EMS,MWH,VALID
2025-04-08 07:00:00,442.6309555873444,80.0,220.0,EMS,MWH,VALID
2025-04-08 08:00:00,452.34436002848855,80.0,220.0,EMS,MWH,VALID
2025-04-08 09:00:00,449.4087397459159,80.0,220.0,EMS,MWH,VALID
2025-04-08 10:00:00,428.0632144029879,60.0,220.0,EMS,MWH,VALID
2025-04-08 11:00:00,411.9746740303822,60.0,220.0,EMS,MWH,VALID
2025-04-08 12:00:00,409.0631397887698,60.0,220.0,EMS,MWH,VALID
2025-04-08 13:00:00,386.395963202348,60.0,220.0,EMS,MWH,VALID
2025-04-08 14:00:00,386.3087144577692,60.0,220.0,EMS,MWH,VALID
2025-04-08 15:00:00,415.2457037139322,60.0,220.0,EMS,MWH,VALID
2025-04-08 16:00:00,443.3697183227124,80.0,220.0,EMS,MWH,VALID
2025-04-08 17:00:00,474.7343262575235,80.0,220.0,EMS,MWH,VALID
2025-04-08 18:00:00,503.58117179903945,80.0,220.0,EMS,MWH,VALID
2025-04-08 19:00:00,541.4696636018575,80.0,220.0,EMS,MWH,VALID
2025-04-08 20:00:00,507.7395033538119,80.0,220.0,EMS,MWH,VALID
2025-04-08 21:00:00,447.1565231341502,80.0,220.0,EMS,MWH,VALID
2025-04-08 22:00:00,388.4801006424416,80.0,220.0,EMS,MWH,VALID
2025-04-08 23:00:00,348.65017398853934,80.0,220.0,EMS,MWH,VALID
2025-04-09 00:00:00,340.8408734818753,80.0,220.0,EMS,MWH,VALID
2025-04-09 01:00:00,317.74816986248425,80.0,220.0,EMS,MWH,VALID
2025-04-09 02:00:00,350.2527995950374,80.0,220.0,EMS,MWH,VALID
2025-04-09 03:00:00,342.72545990774233,80.0,220.0,EMS,MWH,VALID
2025-04-09 04:00:00,340.0841474243523,80.0,220.0,EMS,MWH,VALID
2025-04-09 05:00:00,352.1189530222579,80.0,220.0,EMS,MWH,VALID
2025-04-09 06:00:00,400.4451061949789,80.0,220.0,EMS,MWH,VALID
2025-04-09 07:00:00,426.3898978802705,80.0,220.0,EMS,MWH,VALID
2025-04-09 08:00:00,445.1835712561857,80.0,220.0,EMS,MWH,VALID
2025-04-09 09:00:00,441.44787740049327,80.0,220.0,EMS,MWH,VALID
2025-04-09 10:00:00,436.42167774979936,60.0,220.0,EMS,MWH,VALID
2025-04-09 11:00:00,406.70865477321945,60.0,220.0,EMS,MWH,VALID
2025-04-09 12:00:00,409.3472748310976,60.0,220.0,EMS,MWH,VALID
2025-04-09 13:00:00,421.0842998352565,60.0,220.0,EMS,MWH,VALID
2025-04-09 14:00:00,399.3629163225091,60.0,220.0,EMS,MWH,VALID
2025-04-09 15:00:00,403.5859622601299,60.0,220.0,EMS,MWH,VALID
2025-04-09 16:00:00,467.78382111522166,80.0,220.0,EMS,MWH,VALID
2025-04-09 17:00:00,474.4632989605669,80.0,220.0,EMS,MWH,VALID
2025-04-09 18:00:00,522.8175511803377,80.0,220.0,EMS,MWH,VALID
2025-04-09 19:00:00,520.906870460152,80.0,220.0,EMS,MWH,VALID
2025-04-09 20:00:00,493.4247824338762,80.0,220.0,EMS,MWH,VALID
2025-04-09 21:00:00,461.237920832791,80.0,220.0,EMS,MWH,VALID
2025-04-09 22:00:00,415.0356163985203,80.0,220.0,EMS,MWH,VALID
2025-04-09 23:00:00,345.27804982888125,80.0,220.0,EMS,MWH,VALID
2025-04-10 00:00:00,299.7861516780316,80.0,220.0,EMS,MWH,VALID
2025-04-10 01:00:00,339.2568108725925,80.0,220.0,EMS,MWH,VALID
2025-04-10 02:00:00,349.62083820938085,80.0,220.0,EMS,MWH,VALID
2025-04-10 03:00:00,334.1321076224351,80.0,220.0,EMS,MWH,VALID
2025-04-10 04:00:00,338.3293568618189,80.0,220.0,EMS,MWH,VALID
2025-04-10 05:00:00,363.1401040923523,80.0,220.0,EMS,MWH,VALID
2025-04-10 06:00:00,407.0808958223531,80.0,220.0,EMS,MWH,VALID
2025-04-10 07:00:00,438.0354102020161,80.0,220.0,EMS,MWH,VALID
2025-04-10 08:00:00,438.27538196740255,80.0,220.0,EMS,MWH,VALID
2025-04-10 09:00:00,431.8111771279013,80.0,220.0,EMS,MWH,VALID
2025-04-10 10:00:00,410.48289328899847,60.0,220.0,EMS,MWH,VALID
2025-04-10 11:00:00,418.1351793257145,60.0,220.0,EMS,MWH,VALID
2025-04-10 12:00:00,429.8009366011128,60.0,220.0,EMS,MWH,VALID
2025-04-10 13:00:00,373.01820691046015,60.0,220.0,EMS,MWH,VALID
2025-04-10 14:00:00,394.6699351474598,60.0,220.0,EMS,MWH,VALID
2025-04-10 15:00:00,431.29028085122536,60.0,220.0,EMS,MWH,VALID
2025-04-10 16:00:00,429.6341528182933,80.0,220.0,EMS,MWH,VALID
2025-04-10 17:00:00,486.57132974707855,80.0,220.0,EMS,MWH,VALID
2025-04-10 18:00:00,502.237906302354,80.0,220.0,EMS,MWH,VALID
2025-04-10 19:00:00,507.855071757282,80.0,220.0,EMS,MWH,VALID
2025-04-10 20:00:00,505.7112554518343,80.0,220.0,EMS,MWH,VALID
2025-04-10 21:00:00,431.62839734718193,80.0,220.0,EMS,MWH,VALID
2025-04-10 22:00:00,396.0397691782352,80.0,220.0,EMS,MWH,VALID
2025-04-10 23:00:00,359.0328250514874,80.0,220.0,EMS,MWH,VALID
2025-04-11 00:00:00,355.7120655818807,80.0,220.0,EMS,MWH,VALID
2025-04-11 01:00:00,321.2892746112436,80.0,220.0,EMS,MWH,VALID
2025-04-11 02:00:00,322.77425846676044,80.0,220.0,EMS,MWH,VALID
2025-04-11 03:00:00,343.11575242680385,80.0,220.0,EMS,MWH,VALID
2025-04-11 04:00:00,347.47607917579,80.0,220.0,EMS,MWH,VALID
2025-04-11 05:00:00,352.0659206013896,80.0,220.0,EMS,MWH,VALID
2025-04-11 06:00:00,385.6251578490181,80.0,220.0,EMS,MWH,VALID
2025-04-11 07:00:00,417.6556748981412,80.0,220.0,EMS,MWH,VALID
2025-04-11 08:00:00,447.5977088276865,80.0,220.0,EMS,MWH,VALID
2025-04-11 09:00:00,455.8841222336082,80.0,220.0,EMS,MWH,VALID
2025-04-11 10:00:00,421.5444924999524,60.0,220.0,EMS,MWH,VALID
2025-04-11 11:00:00,407.6383873959826,60.0,220.0,EMS,MWH,VALID
2025-04-11 12:00:00,428.7608481849751,60.0,220.0,EMS,MWH,VALID
2025-04-11 13:00:00,403.53296396568834,60.0,220.0,EMS,MWH,VALID
2025-04-11 14:00:00,418.8329355903342,60.0,220.0,EMS,MWH,VALID
2025-04-11 15:00:00,421.0973062501774,60.0,220.0,EMS,MWH,VALID
2025-04-11 16:00:00,440.4077648137237,80.0,220.0,EMS,MWH,VALID
2025-04-11 17:00:00,491.069593213066,80.0,220.0,EMS,MWH,VALID
2025-04-11 18:00:00,508.1491236596019,80.0,220.0,EMS,MWH,VALID
2025-04-11 19:00:00,525.3142454064225,80.0,220.0,EMS,MWH,VALID
2025-04-11 20:00:00,480.5565345194885,80.0,220.0,EMS,MWH,VALID
2025-04-11 21:00:00,432.3722996919434,80.0,220.0,EMS,MWH,VALID
2025-04-11 22:00:00,382.4077494124671,80.0,220.0,EMS,MWH,VALID
2025-04-11 23:00:00,343.2099309452866,80.0,220.0,EMS,MWH,VALID
2025-04-12 00:00:00,289.22819934110555,80.0,220.0,EMS,MWH,VALID
2025-04-12 01:00:00,259.8973825937646,80.0,220.0,EMS,MWH,VALID
2025-04-12 02:00:00,268.2213608892539,80.0,220.0,EMS,MWH,VALID
2025-04-12 03:00:00,285.54680019913053,80.0,220.0,EMS,MWH,VALID
2025-04-12 04:00:00,301.7797910647569,80.0,220.0,EMS,MWH,VALID
2025-04-12 05:00:00,294.8398823414741,80.0,220.0,EMS,MWH,VALID
2025-04-12 06:00:00,321.4964824247652,80.0,220.0,EMS,MWH,VALID
2025-04-12 07:00:00,334.8633211321973,80.0,220.0,EMS,MWH,VALID
2025-04-12 08:00:00,344.7879319525382,80.0,220.0,EMS,MWH,VALID
2025-04-12 09:00:00,383.061528581471,80.0,220.0,EMS,MWH,VALID
2025-04-12 10:00:00,316.0837361539467,60.0,220.0,EMS,MWH,VALID
2025-04-12 11:00:00,349.68729955958975,60.0,220.0,EMS,MWH,VALID
2025-04-12 12:00:00,285.0649092662958,60.0,220.0,EMS,MWH,VALID
2025-04-12 13:00:00,276.84810176098324,60.0,220.0,EMS,MWH,VALID
2025-04-12 14:00:00,322.4081359108072,60.0,220.0,EMS,MWH,VALID
2025-04-12 15:00:00,349.6269517256527,60.0,220.0,EMS,MWH,VALID
2025-04-12 16:00:00,366.7674883191929,80.0,220.0,EMS,MWH,VALID
2025-04-12 17:00:00,406.5638383737368,80.0,220.0,EMS,MWH,VALID
2025-04-12 18:00:00,409.4364347160778,80.0,220.0,EMS,MWH,VALID
2025-04-12 19:00:00,416.0875991402711,80.0,220.0,EMS,MWH,VALID
2025-04-12 20:00:00,410.91383612639487,80.0,220.0,EMS,MWH,VALID
2025-04-12 21:00:00,387.427836138608,80.0,220.0,EMS,MWH,VALID
2025-04-12 22:00:00,347.15774480196865,80.0,220.0,EMS,MWH,VALID
2025-04-12 23:00:00,281.83020180557287,80.0,220.0,EMS,MWH,VALID
2025-04-13 00:00:00,271.73089508298096,80.0,220.0,EMS,MWH,VALID
2025-04-13 01:00:00,289.1653568511268,80.0,220.0,EMS,MWH,VALID
2025-04-13 02:00:00,281.3572791342815,80.0,220.0,EMS,MWH,VALID
2025-04-13 03:00:00,252.4960501343051,80.0,220.0,EMS,MWH,VALID
2025-04-13 04:00:00,293.88194360584345,80.0,220.0,EMS,MWH,VALID
2025-04-13 05:00:00,286.8314140627432,80.0,220.0,EMS,MWH,VALID
2025-04-13 06:00:00,328.8165031624573,80.0,220.0,EMS,MWH,VALID
2025-04-13 07:00:00,359.2697028551624,80.0,220.0,EMS,MWH,VALID
2025-04-13 08:00:00,381.3290846916559,80.0,220.0,EMS,MWH,VALID
2025-04-13 09:00:00,368.2626325064809,80.0,220.0,EMS,MWH,VALID
2025-04-13 10:00:00,360.0081612725569,60.0,220.0,EMS,MWH,VALID
2025-04-13 11:00:00,293.38661149545743,60.0,220.0,EMS,MWH,VALID
2025-04-13 12:00:00,337.0785286099345,60.0,220.0,EMS,MWH,VALID
2025-04-13 13:00:00,352.7059330292792,60.0,220.0,EMS,MWH,VALID
2025-04-13 14:00:00,339.90619398294183,60.0,220.0,EMS,MWH,VALID
2025-04-13 15:00:00,282.7275209355412,60.0,220.0,EMS,MWH,VALID
2025-04-13 16:00:00,365.6789888456979,80.0,220.0,EMS,MWH,VALID
2025-04-13 17:00:00,387.0583206774267,80.0,220.0,EMS,MWH,VALID
2025-04-13 18:00:00,432.8881230575611,80.0,220.0,EMS,MWH,VALID
2025-04-13 19:00:00,439.2391028795468,65.6,220.0,EMS,MWH,VALID
2025-04-13 20:00:00,416.2290502235334,65.6,220.0,EMS,MWH,VALID
2025-04-13 21:00:00,350.7549414564076,80.0,220.0,EMS,MWH,VALID
2025-04-13 22:00:00,330.00517167789934,80.0,220.0,EMS,MWH,VALID
2025-04-13 23:00:00,280.8650108612595,80.0,220.0,EMS,MWH,VALID
2025-04-14 00:00:00,315.66585216462016,80.0,220.0,EMS,MWH,VALID
2025-04-14 01:00:00,328.1531290898729,80.0,220.0,EMS,MWH,VALID
2025-04-14 02:00:00,339.2441237095887,80.0,220.0,EMS,MWH,VALID
2025-04-14 03:00:00,338.1275224923272,80.0,220.0,EMS,MWH,VALID
2025-04-14 04:00:00,335.9575047709897,80.0,220.0,EMS,MWH,VALID
2025-04-14 05:00:00,363.84188256098827,80.0,220.0,EMS,MWH,VALID
2025-04-14 06:00:00,417.06168286971246,80.0,220.0,EMS,MWH,VALID
2025-04-14 07:00:00,421.7529009017372,80.0,220.0,EMS,MWH,VALID
2025-04-14 08:00:00,426.07804171207647,80.0,220.0,EMS,MWH,VALID
2025-04-14 09:00:00,449.7369733600268,80.0,220.0,EMS,MWH,VALID
2025-04-14 10:00:00,419.27105625983535,60.0,220.0,EMS,MWH,VALID
2025-04-14 11:00:00,421.0532383367564,60.0,220.0,EMS,MWH,VALID
2025-04-14 12:00:00,386.6962458398976,60.0,220.0,EMS,MWH,VALID
2025-04-14 13:00:00,378.1801425167435,60.0,220.0,EMS,MWH,VALID
2025-04-14 14:00:00,398.4396496763191,60.0,220.0,EMS,MWH,VALID
2025-04-14 15:00:00,432.8634969851458,60.0,220.0,EMS,MWH,VALID
2025-04-14 16:00:00,434.1442728725492,80.0,220.0,EMS,MWH,VALID
2025-04-14 17:00:00,489.35523467583823,80.0,220.0,EMS,MWH,VALID
2025-04-14 18:00:00,512.9291120899557,80.0,220.0,EMS,MWH,VALID
2025-04-14 19:00:00,499.6221594434795,80.0,220.0,EMS,MWH,VALID
2025-04-14 20:00:00,498.9001058005981,80.0,220.0,EMS,MWH,VALID
2025-04-14 21:00:00,467.1950196449497,80.0,220.0,EMS,MWH,VALID
2025-04-14 22:00:00,402.86528604727823,80.0,220.0,EMS,MWH,VALID
2025-04-14 23:00:00,378.1166476089775,80.0,220.0,EMS,MWH,VALID
2025-04-15 00:00:00,332.9558866487436,80.0,220.0,EMS,MWH,VALID
2025-04-15 01:00:00,348.4071054387944,80.0,220.0,EMS,MWH,VALID
2025-04-15 02:00:00,335.6868320418746,80.0,220.0,EMS,MWH,VALID
2025-04-15 03:00:00,311.96908998066806,80.0,220.0,EMS,MWH,VALID
2025-04-15 04:00:00,329.9761782823021,80.0,220.0,EMS,MWH,VALID
2025-04-15 05:00:00,378.6325617084795,80.0,220.0,EMS,MWH,VALID
2025-04-15 06:00:00,385.6653147956134,80.0,220.0,EMS,MWH,VALID
2025-04-15 07:00:00,431.0905147394522,80.0,220.0,EMS,MWH,VALID
2025-04-15 08:00:00,457.13525610468486,80.0,220.0,EMS,MWH,VALID
2025-04-15 09:00:00,448.47350214646576,80.0,220.0,EMS,MWH,VALID
2025-04-15 10:00:00,427.71610365718016,60.0,220.0,EMS,MWH,VALID
2025-04-15 11:00:00,423.8045990358804,60.0,220.0,EMS,MWH,VALID
2025-04-15 12:00:00,407.88034676213823,60.0,220.0,EMS,MWH,VALID
2025-04-15 13:00:00,418.7524252202564,60.0,220.0,EMS,MWH,VALID
2025-04-15 14:00:00,393.4828467853417,60.0,220.0,EMS,MWH,VALID
2025-04-15 15:00:00,411.2043291478744,60.0,220.0,EMS,MWH,VALID
2025-04-15 16:00:00,466.1082434375776,80.0,220.0,EMS,MWH,VALID
2025-04-15 17:00:00,501.9060887161753,80.0,220.0,EMS,MWH,VALID
2025-04-15 18:00:00,512.0443835103255,80.0,220.0,EMS,MWH,VALID
2025-04-15 19:00:00,508.7470901187937,80.0,220.0,EMS,MWH,VALID
2025-04-15 20:00:00,514.7064705806175,80.0,220.0,EMS,MWH,VALID
2025-04-15 21:00:00,482.62780422146375,80.0,220.0,EMS,MWH,VALID
04-15-2025 22:00,378.8832257424767,80.0,220.0,EMS,MWH,VALID
2025-04-15 23:00:00,374.9781693953698,80.0,220.0,EMS,MWH,VALID
2025-04-16 00:00:00,338.7190250503046,80.0,220.0,EMS,MWH,VALID
2025-04-16 01:00:00,318.46651650012586,80.0,220.0,EMS,MWH,VALID
2025-04-16 02:00:00,345.59599004700254,80.0,220.0,EMS,MWH,VALID
2025-04-16 03:00:00,320.4891946585381,80.0,220.0,EMS,MWH,VALID
2025-04-16 04:00:00,337.9593795561406,80.0,220.0,EMS,MWH,VALID
2025-04-16 05:00:00,360.11319122641584,80.0,220.0,EMS,MWH,VALID
2025-04-16 06:00:00,379.4495653890359,80.0,220.0,EMS,MWH,VALID
2025-04-16 07:00:00,430.3958300778983,80.0,220.0,EMS,MWH,VALID
2025-04-16 08:00:00,436.0120332268874,80.0,220.0,EMS,MWH,VALID
2025-04-16 09:00:00,444.2850604345976,80.0,220.0,EMS,MWH,VALID
2025-04-16 10:00:00,452.7253719224397,60.0,220.0,EMS,MWH,VALID
2025-04-16 11:00:00,428.8030500367756,60.0,220.0,EMS,MWH,VALID
2025-04-16 12:00:00,418.2883694095169,60.0,220.0,EMS,MWH,VALID
2025-04-16 13:00:00,421.0517188556022,60.0,220.0,EMS,MWH,VALID
2025-04-16 14:00:00,429.7787338135398,60.0,220.0,EMS,MWH,VALID
2025-04-16 15:00:00,395.0894978613987,60.0,220.0,EMS,MWH,VALID
2025-04-16 16:00:00,446.3950848292788,80.0,220.0,EMS,MWH,VALID
2025-04-16 17:00:00,465.0386521217752,80.0,220.0,EMS,MWH,VALID
2025-04-16 18:00:00,503.7583828542279,80.0,220.0,EMS,MWH,VALID
2025-04-16 19:00:00,506.7706322952208,80.0,220.0,EMS,MWH,VALID
2025-04-16 20:00:00,529.4245562953037,80.0,220.0,EMS,MWH,VALID
2025-04-16 21:00:00,423.8497966096167,80.0,220.0,EMS,MWH,VALID
2025-04-16 22:00:00,401.363325465624,80.0,220.0,EMS,MWH,VALID
2025-04-16 23:00:00,386.058238609536,80.0,220.0,EMS,MWH,VALID
2025-04-17 00:00:00,330.0679332733516,80.0,220.0,EMS,MWH,VALID
2025-04-17 01:00:00,293.76296440032786,80.0,220.0,EMS,MWH,VALID
2025-04-17 02:00:00,363.1622682241568,80.0,220.0,EMS,MWH,VALID
2025-04-17 03:00:00,362.7863310469484,80.0,220.0,EMS,MWH,VALID
2025-04-17 04:00:00,328.99509851828054,80.0,220.0,EMS,MWH,VALID
2025-04-17 05:00:00,378.8763079108972,80.0,220.0,EMS,MWH,VALID
2025-04-17 06:00:00,400.6249034710201,80.0,220.0,EMS,MWH,VALID
2025-04-17 07:00:00,411.9461331470863,80.0,220.0,EMS,MWH,VALID
2025-04-17 08:00:00,467.409072783584,80.0,220.0,EMS,MWH,VALID
2025-04-17 09:00:00,443.8030958952591,80.0,220.0,EMS,MWH,VALID
2025-04-17 10:00:00,435.3702067650681,60.0,220.0,EMS,MWH,VALID
2025-04-17 11:00:00,427.7210151645887,60.0,220.0,EMS,MWH,VALID
2025-04-17 12:00:00,416.6226953180428,60.0,220.0,EMS,MWH,VALID
2025-04-17 13:00:00,415.1543424708408,60.0,220.0,EMS,MWH,VALID
2025-04-17 14:00:00,392.89163035051473,60.0,220.0,EMS,MWH,VALID
2025-04-17 15:00:00,380.5289619250316,60.0,220.0,EMS,MWH,VALID
2025-04-17 16:00:00,431.91293191146286,80.0,220.0,EMS,MWH,VALID
2025-04-17 17:00:00,491.3444098296032,80.0,220.0,EMS,MWH,VALID
2025-04-17 18:00:00,496.63729625181605,80.0,220.0,EMS,MWH,VALID
2025-04-17 19:00:00,522.7129375803338,80.0,220.0,EMS,MWH,VALID
2025-04-17 20:00:00,503.6123372216591,80.0,220.0,EMS,MWH,VALID
2025-04-17 21:00:00,448.9926529456364,80.0,220.0,EMS,MWH,VALID
2025-04-17 22:00:00,417.7719448034432,80.0,220.0,EMS,MWH,VALID
2025-04-17 23:00:00,354.52037372765875,80.0,220.0,EMS,MWH,VALID
2025-04-18 00:00:00,329.3048617550423,80.0,220.0,EMS,MWH,VALID
2025-04-18 01:00:00,334.7656003608884,80.0,220.0,EMS,MWH,VALID
2025-04-18 02:00:00,334.26244335430886,80.0,220.0,EMS,MWH,VALID
2025-04-18 03:00:00,313.58053679685446,80.0,220.0,EMS,MWH,VALID
2025-04-18 04:00:00,364.14540503322416,80.0,220.0,EMS,MWH,VALID
2025-04-18 05:00:00,377.8878388695803,80.0,220.0,EMS,MWH,VALID
2025-04-18 06:00:00,383.5274837861764,80.0,220.0,EMS,MWH,VALID
2025-04-18 07:00:00,439.0672127340959,80.0,220.0,EMS,MWH,VALID
2025-04-18 08:00:00,447.50443060582825,80.0,220.0,EMS,MWH,VALID
2025-04-18 09:00:00,463.3323893269653,80.0,220.0,EMS,MWH,VALID
2025-04-18 10:00:00,455.31584871638665,60.0,220.0,EMS,MWH,VALID
2025-04-18 11:00:00,395.0518587406542,60.0,220.0,EMS,MWH,VALID
2025-04-18 12:00:00,434.4818357349586,60.0,220.0,EMS,MWH,VALID
2025-04-18 13:00:00,430.373388549858,60.0,220.0,EMS,MWH,VALID
2025-04-18 14:00:00,395.722942722166,60.0,220.0,EMS,MWH,VALID
2025-04-18 15:00:00,385.2883669544169,60.0,220.0,EMS,MWH,VALID
2025-04-18 16:00:00,443.100361680962,80.0,220.0,EMS,MWH,VALID
2025-04-18 17:00:00,483.8318297167775,80.0,220.0,EMS,MWH,VALID
2025-04-18 18:00:00,499.7745691134429,80.0,220.0,EMS,MWH,VALID
2025-04-18 19:00:00,512.1349682927992,80.0,220.0,EMS,MWH,VALID
2025-04-18 20:00:00,509.0630438824654,80.0,220.0,EMS,MWH,VALID
2025-04-18 21:00:00,450.3762878681988,80.0,220.0,EMS,MWH,VALID
2025-04-18 22:00:00,388.8648182352524,80.0,220.0,EMS,MWH,VALID
2025-04-18 23:00:00,372.8177680250608,80.0,220.0,EMS,MWH,VALID
2025-04-19 00:00:00,272.62495566441646,80.0,220.0,EMS,MWH,VALID
2025-04-19 01:00:00,299.67891984983726,80.0,220.0,EMS,MWH,VALID
2025-04-19 02:00:00,304.01601997354123,80.0,220.0,EMS,MWH,VALID
2025-04-19 03:00:00,278.36586074813664,80.0,220.0,EMS,MWH,VALID
2025-04-19 04:00:00,280.1979045886412,80.0,220.0,EMS,MWH,VALID
2025-04-19 05:00:00,299.1751137526266,80.0,220.0,EMS,MWH,VALID
2025-04-19 06:00:00,315.1739066554912,80.0,220.0,EMS,MWH,VALID
2025-04-19 07:00:00,359.9447032367368,57.6,220.0,EMS,MWH,VALID
2025-04-19 08:00:00,358.97558364237204,57.6,220.0,EMS,MWH,VALID
2025-04-19 09:00:00,373.3501366067937,57.6,220.0,EMS,MWH,VALID
2025-04-19 10:00:00,346.3641956018258,43.2,220.0,EMS,MWH,VALID
2025-04-19 11:00:00,331.54021229197457,43.2,220.0,EMS,MWH,VALID
2025-04-19 12:00:00,277.8247306119062,43.2,220.0,EMS,MWH,VALID
2025-04-19 13:00:00,327.48189043105555,60.0,220.0,EMS,MWH,VALID
2025-04-19 14:00:00,340.64977174231086,60.0,220.0,EMS,MWH,VALID
2025-04-19 15:00:00,349.2786885764553,60.0,220.0,EMS,MWH,VALID
2025-04-19 16:00:00,363.4391208351276,80.0,220.0,EMS,MWH,VALID
2025-04-19 17:00:00,396.32929965624254,80.0,220.0,EMS,MWH,VALID
2025-04-19 18:00:00,428.4667331989128,80.0,220.0,EMS,MWH,VALID
2025-04-19 19:00:00,418.3475769473452,80.0,220.0,EMS,MWH,VALID
2025-04-19 20:00:00,411.4107122998906,80.0,220.0,EMS,MWH,VALID
2025-04-19 21:00:00,366.02935637600456,80.0,220.0,EMS,MWH,VALID
2025-04-19 22:00:00,317.25361145427485,80.0,220.0,EMS,MWH,VALID
2025-04-19 23:00:00,310.06160605364744,80.0,220.0,EMS,MWH,VALID
2025-04-20 00:00:00,298.1916913910472,80.0,220.0,EMS,MWH,VALID
2025-04-20 01:00:00,288.283573797093,80.0,220.0,EMS,MWH,VALID
2025-04-20 02:00:00,284.3627736450096,80.0,220.0,EMS,MWH,VALID
2025-04-20 03:00:00,279.5218386741384,80.0,220.0,EMS,MWH,VALID
2025-04-20 04:00:00,285.34004480154965,80.0,220.0,EMS,MWH,VALID
2025-04-20 05:00:00,303.3289648318158,80.0,220.0,EMS,MWH,VALID
2025-04-20 06:00:00,331.3649834122381,80.0,220.0,EMS,MWH,VALID
2025-04-20 07:00:00,370.0448736855064,80.0,220.0,EMS,MWH,VALID
2025-04-20 08:00:00,367.8804548134368,80.0,220.0,EMS,MWH,VALID
2025-04-20 09:00:00,371.9662980195794,80.0,220.0,EMS,MWH,VALID
2025-04-20 10:00:00,371.9861758996342,60.0,220.0,EMS,MWH,VALID
2025-04-20 11:00:00,334.15498802655327,60.0,220.0,EMS,MWH,VALID
2025-04-20 12:00:00,300.15209757355615,60.0,220.0,EMS,MWH,VALID
2025-04-20 13:00:00,326.4564758414747,60.0,220.0,EMS,MWH,VALID
2025-04-20 14:00:00,280.71650375547904,60.0,220.0,EMS,MWH,VALID
2025-04-20 15:00:00,357.5464151716544,60.0,220.0,EMS,MWH,VALID
2025-04-20 16:00:00,390.010518742362,80.0,220.0,EMS,MWH,VALID
2025-04-20 17:00:00,382.7441501383505,80.0,220.0,EMS,MWH,VALID
2025-04-20 18:00:00,401.3914227225385,80.0,220.0,EMS,MWH,VALID
2025-04-20 19:00:00,422.6074544491655,80.0,220.0,EMS,MWH,VALID
2025-04-20 20:00:00,411.3578026851421,80.0,220.0,EMS,MWH,VALID
2025-04-20 21:00:00,364.16331036773465,80.0,220.0,EMS,MWH,VALID
2025-04-20 22:00:00,333.2728791001565,80.0,220.0,EMS,MWH,VALID
2025-04-20 23:00:00,295.6760302633817,80.0,220.0,EMS,MWH,VALID
2025-04-21 00:00:00,344.9030797203752,80.0,220.0,EMS,MWH,VALID
2025-04-21 01:00:00,337.18119653893626,80.0,220.0,EMS,MWH,VALID
2025-04-21 02:00:00,297.3296445372878,80.0,220.0,EMS,MWH,VALID
2025-04-21 03:00:00,319.59409561079644,80.0,220.0,EMS,MWH,VALID
2025-04-21 04:00:00,339.8723204018329,80.0,220.0,EMS,MWH,VALID
2025-04-21 05:00:00,342.5750774793642,80.0,220.0,EMS,MWH,VALID
2025-04-21 06:00:00,402.60009285523824,80.0,220.0,EMS,MWH,VALID
2025-04-21 07:00:00,444.0161182841697,80.0,220.0,EMS,MWH,VALID
2025-04-21 08:00:00,456.6816561393599,80.0,220.0,EMS,MWH,VALID
2025-04-21 09:00:00,448.0223233625368,80.0,220.0,EMS,MWH,VALID
2025-04-21 10:00:00,432.0129470601186,60.0,220.0,EMS,MWH,VALID
2025-04-21 11:00:00,407.7239961126588,60.0,220.0,EMS,MWH,VALID
2025-04-21 12:00:00,408.2923889490251,60.0,220.0,EMS,MWH,VALID
2025-04-21 13:00:00,392.0951986560221,60.0,220.0,EMS,MWH,VALID
2025-04-21 14:00:00,403.0267268312999,60.0,220.0,EMS,MWH,VALID
2025-04-21 15:00:00,408.8928680812385,60.0,220.0,EMS,MWH,VALID
2025-04-21 16:00:00,432.6155600157386,80.0,220.0,EMS,MWH,VALID
2025-04-21 17:00:00,509.7489449911177,80.0,220.0,EMS,MWH,VALID
2025-04-21 18:00:00,510.1692919512341,80.0,220.0,EMS,MWH,VALID
2025-04-21 19:00:00,530.474042150815,80.0,220.0,EMS,MWH,VALID
2025-04-21 20:00:00,498.6908851406167,80.0,220.0,EMS,MWH,VALID
2025-04-21 21:00:00,435.5040947790272,80.0,220.0,EMS,MWH,VALID
2025-04-21 22:00:00,403.0764066213136,80.0,220.0,EMS,MWH,VALID
2025-04-21 23:00:00,343.3267185611097,80.0,220.0,EMS,MWH,VALID
2025-04-22 00:00:00,334.56226543549224,80.0,220.0,EMS,MWH,VALID
2025-04-22 01:00:00,335.4701128752983,80.0,220.0,EMS,MWH,VALID
2025-04-22 02:00:00,329.5551668939857,80.0,220.0,EMS,MWH,VALID
2025-04-22 03:00:00,320.004612233007,80.0,220.0,EMS,MWH,VALID
2025-04-22 05:00:00,384.31486953502576,80.0,220.0,EMS,MWH,VALID
2025-04-22 06:00:00,366.1937649393944,80.0,220.0,EMS,MWH,VALID
2025-04-22 07:00:00,420.6733648189132,80.0,220.0,EMS,MWH,VALID
2025-04-22 08:00:00,438.3736238549316,80.0,220.0,EMS,MWH,VALID
2025-04-22 09:00:00,442.1893582555079,80.0,220.0,EMS,MWH,VALID
2025-04-22 10:00:00,428.97816425254496,60.0,220.0,EMS,MWH,VALID
2025-04-22 11:00:00,415.2282332505054,60.0,220.0,EMS,MWH,VALID
2025-04-22 12:00:00,435.1656117596756,60.0,220.0,EMS,MWH,VALID
2025-04-22 13:00:00,402.4815747888862,60.0,220.0,EMS,MWH,VALID
2025-04-22 14:00:00,416.3034530919068,60.0,220.0,EMS,MWH,VALID
2025-04-22 15:00:00,422.676654143512,60.0,220.0,EMS,MWH,VALID
2025-04-22 16:00:00,443.3515023662223,80.0,220.0,EMS,MWH,VALID
2025-04-22 17:00:00,491.6373736494797,80.0,220.0,EMS,MWH,VALID
2025-04-22 18:00:00,510.2435229589587,80.0,220.0,EMS,MWH,VALID
2025-04-22 19:00:00,537.3924207165106,80.0,220.0,EMS,MWH,VALID
2025-04-22 20:00:00,524.4711646133918,80.0,220.0,EMS,MWH,VALID
2025-04-22 21:00:00,437.7656844168184,80.0,220.0,EMS,MWH,VALID
2025-04-22 22:00:00,412.7888025991287,80.0,220.0,EMS,MWH,VALID
2025-04-22 23:00:00,366.6898065747606,80.0,220.0,EMS,MWH,VALID
2025-04-23 00:00:00,336.06142407405554,80.0,220.0,EMS,MWH,VALID
2025-04-23 01:00:00,328.8927548968571,80.0,220.0,EMS,MWH,VALID
2025-04-23 02:00:00,344.57142000082166,80.0,220.0,EMS,MWH,VALID
2025-04-23 03:00:00,313.9024463130362,80.0,220.0,EMS,MWH,VALID
2025-04-23 04:00:00,341.9750921869005,80.0,220.0,EMS,MWH,VALID
2025-04-23 05:00:00,346.572393403043,80.0,220.0,EMS,MWH,VALID
2025-04-23 06:00:00,369.79330159381806,80.0,220.0,EMS,MWH,VALID
2025-04-23 07:00:00,446.5488478144096,80.0,220.0,EMS,MWH,VALID
2025-04-23 08:00:00,433.551305547775,80.0,220.0,EMS,MWH,VALID
2025-04-23 09:00:00,473.3088607663835,80.0,220.0,EMS,MWH,VALID
2025-04-23 10:00:00,441.2629811479515,60.0,220.0,EMS,MWH,VALID
2025-04-23 11:00:00,420.1478165008068,60.0,220.0,EMS,MWH,VALID
2025-04-23 12:00:00,398.6085072463,60.0,220.0,EMS,MWH,VALID
2025-04-23 13:00:00,419.85039530321046,60.0,220.0,EMS,MWH,VALID
2025-04-23 14:00:00,424.6149745574465,60.0,220.0,EMS,MWH,VALID
2025-04-23 15:00:00,420.1573443453557,60.0,220.0,EMS,MWH,VALID
2025-04-23 16:00:00,464.8829854810292,80.0,220.0,EMS,MWH,VALID
2025-04-23 17:00:00,478.2666989497589,80.0,220.0,EMS,MWH,VALID
2025-04-23 18:00:00,509.53140915498506,80.0,220.0,EMS,MWH,VALID
2025-04-23 19:00:00,527.8960772816589,80.0,220.0,EMS,MWH,VALID
2025-04-23 20:00:00,523.708255061651,80.0,220.0,EMS,MWH,VALID
2025-04-23 21:00:00,439.630744842581,80.0,220.0,EMS,MWH,VALID
2025-04-23 22:00:00,414.6593906747164,80.0,220.0,EMS,MWH,VALID
2025-04-23 23:00:00,370.4317489157314,80.0,220.0,EMS,MWH,VALID
2025-04-24 00:00:00,340.3406869125773,80.0,220.0,EMS,MWH,VALID
2025-04-24 01:00:00,328.5743404467564,80.0,220.0,EMS,MWH,VALID
2025-04-24 02:00:00,324.0354623900022,80.0,220.0,EMS,MWH,VALID
2025-04-24 03:00:00,340.12605877168096,80.0,220.0,EMS,MWH,VALID
2025-04-24 04:00:00,335.25886972414355,80.0,220.0,EMS,MWH,VALID
2025-04-24 05:00:00,366.569450525378,80.0,220.0,EMS,MWH,VALID
2025-04-24 06:00:00,393.4282343742595,80.0,220.0,EMS,MWH,VALID
2025-04-24 07:00:00,439.9895633758899,80.0,220.0,EMS,MWH,VALID
2025-04-24 08:00:00,463.4686839507878,80.0,220.0,EMS,MWH,VALID
2025-04-24 09:00:00,464.5287252076582,80.0,220.0,EMS,MWH,VALID
2025-04-24 10:00:00,433.13719437873976,60.0,220.0,EMS,MWH,VALID
2025-04-24 11:00:00,431.061784762999,60.0,220.0,EMS,MWH,VALID
2025-04-24 12:00:00,426.973925366829,60.0,220.0,EMS,MWH,VALID
2025-04-24 13:00:00,389.9629901800833,60.0,220.0,EMS,MWH,VALID
2025-04-24 14:00:00,414.5409814417213,60.0,220.0,EMS,MWH,VALID
2025-04-24 15:00:00,398.0677654107087,60.0,220.0,EMS,MWH,VALID
2025-04-24 16:00:00,458.7330301683901,80.0,220.0,EMS,MWH,VALID
2025-04-24 17:00:00,512.1235649910899,80.0,220.0,EMS,MWH,VALID
2025-04-24 18:00:00,517.7788858943856,80.0,220.0,EMS,MWH,VALID
2025-04-24 19:00:00,520.0543673395707,80.0,220.0,EMS,MWH,VALID
2025-04-24 20:00:00,501.2089426018009,80.0,220.0,EMS,MWH,VALID
2025-04-24 21:00:00,443.9592099885816,80.0,220.0,EMS,MWH,VALID
2025-04-24 22:00:00,382.7957211887545,80.0,220.0,EMS,MWH,VALID
2025-04-24 23:00:00,331.74436202089663,80.0,220.0,EMS,MWH,VALID
2025-04-25 00:00:00,319.93516739218467,80.0,220.0,EMS,MWH,VALID
2025-04-25 01:00:00,326.8142152729501,80.0,220.0,EMS,MWH,VALID
2025-04-25 02:00:00,324.5798206269476,80.0,220.0,EMS,MWH,VALID
2025-04-25 03:00:00,334.82710080519973,80.0,220.0,EMS,MWH,VALID
2025-04-25 04:00:00,344.6241848281073,80.0,220.0,EMS,MWH,VALID
2025-04-25 05:00:00,352.6468906008499,80.0,220.0,EMS,MWH,VALID
2025-04-25 06:00:00,395.4698997175389,80.0,220.0,EMS,MWH,VALID
2025-04-25 07:00:00,432.1779628853211,80.0,220.0,EMS,MWH,VALID
2025-04-25 08:00:00,449.182558225286,80.0,220.0,EMS,MWH,VALID
2025-04-25 09:00:00,461.3614493782026,80.0,220.0,EMS,MWH,VALID
2025-04-25 10:00:00,471.1650179896993,60.0,220.0,EMS,MWH,VALID
2025-04-25 11:00:00,429.7921577344668,60.0,220.0,EMS,MWH,VALID
2025-04-25 12:00:00,407.0127819483248,60.0,220.0,EMS,MWH,VALID
2025-04-25 13:00:00,394.6165774349132,60.0,220.0,EMS,MWH,VALID
2025-04-25 14:00:00,445.4057805794969,60.0,220.0,EMS,MWH,VALID
2025-04-25 15:00:00,428.15487737390765,60.0,220.0,EMS,MWH,VALID
2025-04-25 16:00:00,442.4494951111774,80.0,220.0,EMS,MWH,VALID
2025-04-25 17:00:00,490.4643117813918,80.0,220.0,EMS,MWH,VALID
2025-04-25 18:00:00,518.577113707167,80.0,220.0,EMS,MWH,VALID
2025-04-25 19:00:00,536.0006077965742,80.0,220.0,EMS,MWH,VALID
2025-04-25 20:00:00,502.4755776264183,80.0,220.0,EMS,MWH,VALID
2025-04-25 21:00:00,438.2378103102373,80.0,220.0,EMS,MWH,VALID
2025-04-25 22:00:00,396.4448393077707,80.0,220.0,EMS,MWH,VALID
2025-04-25 23:00:00,344.42819207539105,80.0,220.0,EMS,MWH,VALID
2025-04-26 00:00:00,280.44248481191096,80.0,220.0,EMS,MWH,VALID
2025-04-26 01:00:00,279.8458419364478,80.0,220.0,EMS,MWH,VALID
2025-04-26 02:00:00,283.90684955341214,80.0,220.0,EMS,MWH,VALID
2025-04-26 03:00:00,289.43584335193486,80.0,220.0,EMS,MWH,VALID
2025-04-26 04:00:00,246.5035302991775,80.0,220.0,EMS,MWH,VALID
2025-04-26 05:00:00,294.50459209178564,80.0,220.0,EMS,MWH,VALID
2025-04-26 06:00:00,321.587553876827,80.0,220.0,EMS,MWH,VALID
2025-04-26 07:00:00,346.7817391074383,80.0,220.0,EMS,MWH,VALID
2025-04-26 08:00:00,372.035772260796,80.0,220.0,EMS,MWH,VALID
2025-04-26 09:00:00,354.7906927709726,80.0,220.0,EMS,MWH,VALID
2025-04-26 10:00:00,373.4661615103341,60.0,220.0,EMS,MWH,VALID
2025-04-26 11:00:00,317.3624478543836,60.0,220.0,EMS,MWH,VALID
2025-04-26 12:00:00,316.1669765618319,60.0,220.0,EMS,MWH,VALID
2025-04-26 13:00:00,278.52665387223857,60.0,220.0,EMS,MWH,VALID
2025-04-26 14:00:00,343.8859219311204,60.0,220.0,EMS,MWH,VALID
2025-04-26 15:00:00,333.4718375559668,60.0,220.0,EMS,MWH,VALID
2025-04-26 16:00:00,378.3724116320513,80.0,220.0,EMS,MWH,VALID
2025-04-26 17:00:00,375.9674248488638,80.0,220.0,EMS,MWH,VALID
2025-04-26 18:00:00,420.38343314444217,80.0,220.0,EMS,MWH,VALID
2025-04-26 19:00:00,434.679573658398,80.0,220.0,EMS,MWH,VALID
2025-04-26 20:00:00,415.55104710694434,80.0,220.0,EMS,MWH,VALID
2025-04-26 21:00:00,354.1885388333088,80.0,220.0,EMS,MWH,VALID
2025-04-26 22:00:00,328.5138730681755,80.0,220.0,EMS,MWH,VALID
2025-04-26 23:00:00,267.738849704808,80.0,220.0,EMS,MWH,VALID
2025-04-27 00:00:00,308.19823301228064,80.0,220.0,EMS,MWH,VALID
2025-04-27 01:00:00,286.4825532465866,80.0,220.0,EMS,MWH,VALID
2025-04-27 02:00:00,285.4975790487937,80.0,220.0,EMS,MWH,VALID
2025-04-27 03:00:00,270.9194917747473,80.0,220.0,EMS,MWH,VALID
2025-04-27 04:00:00,280.2215922029111,80.0,220.0,EMS,MWH,VALID
2025-04-27 05:00:00,307.3301224965824,80.0,220.0,EMS,MWH,VALID
2025-04-27 06:00:00,321.4678076192947,80.0,220.0,EMS,MWH,VALID
2025-04-27 07:00:00,361.94006633256936,80.0,220.0,EMS,MWH,VALID
2025-04-27 08:00:00,392.1463292172178,80.0,220.0,EMS,MWH,VALID
2025-04-27 09:00:00,355.35568530654774,80.0,220.0,EMS,MWH,VALID
2025-04-27 10:00:00,370.343683713223,60.0,220.0,EMS,MWH,VALID
2025-04-27 11:00:00,285.38906478835776,60.0,220.0,EMS,MWH,VALID
2025-04-27 12:00:00,322.86172580772813,60.0,220.0,EMS,MWH,VALID
2025-04-27 13:00:00,295.3349652134477,60.0,220.0,EMS,MWH,VALID
2025-04-27 14:00:00,342.3169231815263,60.0,220.0,EMS,MWH,VALID
2025-04-27 15:00:00,320.4610818759057,60.0,220.0,EMS,MWH,VALID
2025-04-27 16:00:00,380.5408629038099,80.0,220.0,EMS,MWH,VALID
2025-04-27 17:00:00,378.2221845539336,80.0,220.0,EMS,MWH,VALID
2025-04-27 18:00:00,386.4899750358623,80.0,220.0,EMS,MWH,VALID
2025-04-27 19:00:00,422.5240198759069,80.0,220.0,EMS,MWH,VALID
2025-04-27 20:00:00,393.8875025917874,80.0,220.0,EMS,MWH,VALID
2025-04-27 21:00:00,370.07313469315966,80.0,220.0,EMS,MWH,VALID
2025-04-27 22:00:00,330.58870986749133,80.0,220.0,EMS,MWH,VALID
2025-04-27 23:00:00,278.41486205509847,80.0,220.0,EMS,MWH,VALID
2025-04-28 00:00:00,328.4374357785449,80.0,220.0,EMS,MWH,VALID
2025-04-28 01:00:00,346.1462231061656,80.0,220.0,EMS,MWH,VALID
2025-04-28 02:00:00,361.8488439997085,80.0,220.0,EMS,MWH,VALID
2025-04-28 03:00:00,331.0850781030672,80.0,220.0,EMS,MWH,VALID
2025-04-28 04:00:00,348.19273035923203,80.0,220.0,EMS,MWH,VALID
2025-04-28 05:00:00,351.66583189913297,80.0,220.0,EMS,MWH,VALID
2025-04-28 06:00:00,393.1183407472345,80.0,220.0,EMS,MWH,VALID
2025-04-28 07:00:00,448.1316486625803,80.0,220.0,EMS,MWH,VALID
2025-04-28 08:00:00,447.27763673631233,80.0,220.0,EMS,MWH,VALID
2025-04-28 09:00:00,440.5192524594371,80.0,220.0,EMS,MWH,VALID
2025-04-28 10:00:00,432.8173519994938,60.0,220.0,EMS,MWH,VALID
2025-04-28 11:00:00,406.8385508429405,60.0,220.0,EMS,MWH,VALID
2025-04-28 12:00:00,399.5253924218118,60.0,180.4,EMS,MWH,VALID
2025-04-28 13:00:00,410.4038341042997,60.0,180.4,EMS,MWH,VALID
2025-04-28 14:00:00,397.1691395384527,60.0,180.4,EMS,MWH,VALID
2025-04-28 15:00:00,384.1346547419373,60.0,180.4,EMS,MWH,VALID
2025-04-28 16:00:00,434.69113319438776,80.0,180.4,EMS,MWH,VALID
2025-04-28 17:00:00,470.59037828145455,80.0,180.4,EMS,MWH,VALID
2025-04-28 18:00:00,514.7915577177155,80.0,180.4,EMS,MWH,VALID
2025-04-28 19:00:00,532.2559686897008,80.0,220.0,EMS,MWH,VALID
2025-04-28 20:00:00,501.08047423903486,80.0,220.0,EMS,MWH,VALID
2025-04-28 21:00:00,440.4407694042778,80.0,220.0,EMS,MWH,VALID
2025-04-28 22:00:00,402.78399750300656,80.0,220.0,EMS,MWH,VALID
2025-04-28 23:00:00,372.1701342535725,80.0,220.0,EMS,MWH,VALID
2025-04-29 00:00:00,321.5487275324661,80.0,220.0,EMS,MWH,VALID
2025-04-29 01:00:00,328.09540885472035,80.0,220.0,EMS,MWH,VALID
2025-04-29 02:00:00,357.8970523484894,80.0,220.0,EMS,MWH,VALID
2025-04-29 03:00:00,344.6645667770057,80.0,220.0,EMS,MWH,VALID
2025-04-29 04:00:00,363.3083913167645,80.0,220.0,EMS,MWH,VALID
2025-04-29 05:00:00,367.02675299249466,80.0,220.0,EMS,MWH,VALID
2025-04-29 06:00:00,387.39268393241855,80.0,220.0,EMS,MWH,VALID
2025-04-29 07:00:00,441.7602642948671,80.0,220.0,EMS,MWH,VALID
2025-04-29 08:00:00,447.509619035886,80.0,220.0,EMS,MWH,VALID
2025-04-29 09:00:00,433.5460111731023,80.0,220.0,EMS,MWH,VALID
2025-04-29 10:00:00,422.9533835364193,60.0,220.0,EMS,MWH,VALID
2025-04-29 11:00:00,423.6963957977089,60.0,220.0,EMS,MWH,VALID
2025-04-29 12:00:00,408.5174478275138,60.0,220.0,EMS,MWH,VALID
2025-04-29 13:00:00,402.8966648221031,60.0,220.0,EMS,MWH,VALID
2025-04-29 14:00:00,404.2345777803603,60.0,220.0,EMS,MWH,VALID
2025-04-29 15:00:00,418.4849778821229,60.0,220.0,EMS,MWH,VALID
2025-04-29 16:00:00,460.4548666020484,80.0,220.0,EMS,MWH,VALID
2025-04-29 17:00:00,454.0776330556277,80.0,220.0,EMS,MWH,VALID
2025-04-29 18:00:00,518.1041192889501,80.0,220.0,EMS,MWH,VALID
2025-04-29 19:00:00,540.9591859431957,80.0,220.0,EMS,MWH,VALID
2025-04-29 20:00:00,503.6271394325818,80.0,220.0,EMS,MWH,VALID
2025-04-29 21:00:00,457.8045168108863,80.0,220.0,EMS,MWH,VALID
2025-04-29 22:00:00,414.9550094316084,80.0,220.0,EMS,MWH,VALID
2025-04-29 23:00:00,350.77649756440854,80.0,220.0,EMS,MWH,VALID
2025-04-30 00:00:00,333.7335893125038,80.0,220.0,EMS,MWH,VALID
2025-04-30 01:00:00,315.12090872933214,80.0,220.0,EMS,MWH,VALID
2025-04-30 02:00:00,343.2761707848725,80.0,220.0,EMS,MWH,VALID
2025-04-30 03:00:00,357.84416640279056,80.0,220.0,EMS,MWH,VALID
2025-04-30 04:00:00,353.2705524237265,80.0,220.0,EMS,MWH,VALID
2025-04-30 05:00:00,350.38688937912326,80.0,220.0,EMS,MWH,VALID
2025-04-30 06:00:00,432.10416637457337,80.0,220.0,EMS,MWH,VALID
2025-04-30 07:00:00,447.00880062036015,80.0,220.0,EMS,MWH,VALID
2025-04-30 08:00:00,442.528972541604,80.0,220.0,EMS,MWH,VALID
2025-04-30 09:00:00,454.2623164634105,80.0,220.0,EMS,MWH,VALID
2025-04-30 10:00:00,428.5836594908145,60.0,220.0,EMS,MWH,VALID
2025-04-30 11:00:00,418.9749751812761,60.0,220.0,EMS,MWH,VALID
2025-04-30 12:00:00,422.023572219964,60.0,220.0,EMS,MWH,VALID
2025-04-30 13:00:00,402.43299000820906,60.0,220.0,EMS,MWH,VALID
2025-04-30 15:00:00,401.0901505195502,60.0,220.0,EMS,MWH,VALID
2025-04-30 16:00:00,442.9101012638658,80.0,220.0,EMS,MWH,VALID
2025-04-30 17:00:00,491.3636068085863,80.0,220.0,EMS,MWH,VALID
2025-04-30 18:00:00,491.3367346087789,80.0,220.0,EMS,MWH,VALID
2025-04-30 19:00:00,524.248184498993,80.0,220.0,EMS,MWH,VALID
2025-04-30 20:00:00,500.76258046992143,80.0,220.0,EMS,MWH,VALID
2025-04-30 21:00:00,441.4896118058151,80.0,220.0,EMS,MWH,VALID
2025-04-30 22:00:00,381.82596556526914,80.0,220.0,EMS,MWH,VALID
2025-04-30 23:00:00,365.54623438290616,80.0,220.0,EMS,MWH,VALID
2025-05-01 00:00:00,336.31140277040686,80.0,220.0,EMS,MWH,VALID
2025-05-01 01:00:00,330.99131510301686,80.0,220.0,EMS,MWH,VALID
2025-05-01 02:00:00,332.52194966904875,80.0,220.0,EMS,MWH,VALID
2025-05-01 03:00:00,330.6256903767645,80.0,220.0,EMS,MWH,VALID
2025-05-01 04:00:00,341.69854170607164,80.0,220.0,EMS,MWH,VALID
2025-05-01 05:00:00,390.0042567923504,80.0,220.0,EMS,MWH,VALID
2025-05-01 06:00:00,399.806412270799,80.0,220.0,EMS,MWH,VALID
2025-05-01 07:00:00,443.10517057735103,80.0,220.0,EMS,MWH,VALID
2025-05-01 08:00:00,441.293617127628,80.0,220.0,EMS,MWH,VALID
2025-05-01 09:00:00,439.60691337345673,80.0,220.0,EMS,MWH,VALID
2025-05-01 10:00:00,436.7666297438367,60.0,220.0,EMS,MWH,VALID
2025-05-01 11:00:00,408.6730879483254,60.0,220.0,EMS,MWH,VALID
2025-05-01 12:00:00,396.3291676774613,60.0,220.0,EMS,MWH,VALID
2025-05-01 13:00:00,396.4615364289863,60.0,220.0,EMS,MWH,VALID
2025-05-01 14:00:00,402.5329068696226,60.0,220.0,EMS,MWH,VALID
2025-05-01 15:00:00,450.54879701867145,60.0,220.0,EMS,MWH,VALID
2025-05-01 16:00:00,470.2601779251498,80.0,220.0,EMS,MWH,VALID
2025-05-01 17:00:00,496.7795607232677,80.0,220.0,EMS,MWH,VALID
2025-05-01 18:00:00,531.1259474192088,80.0,220.0,EMS,MWH,VALID
2025-05-01 19:00:00,536.9159783535436,80.0,220.0,EMS,MWH,VALID
2025-05-01 20:00:00,480.6073392023701,80.0,220.0,EMS,MWH,VALID
2025-05-01 21:00:00,462.524584075544,80.0,220.0,EMS,MWH,VALID
2025-05-01 22:00:00,376.657788823032,80.0,220.0,EMS,MWH,VALID
2025-05-01 23:00:00,384.6473207216965,80.0,220.0,EMS,MWH,VALID
2025-05-02 00:00:00,338.9261982400058,80.0,220.0,EMS,MWH,VALID
2025-05-02 01:00:00,320.7044867010178,80.0,220.0,EMS,MWH,VALID
2025-05-02 02:00:00,338.3261970467306,80.0,220.0,EMS,MWH,VALID
2025-05-02 03:00:00,321.28802211718966,80.0,220.0,EMS,MWH,VALID
2025-05-02 04:00:00,341.9067748533739,80.0,220.0,EMS,MWH,VALID
2025-05-02 05:00:00,363.1989102626272,80.0,220.0,EMS,MWH,VALID
2025-05-02 06:00:00,391.9772402873348,80.0,220.0,EMS,MWH,VALID
2025-05-02 07:00:00,457.1908150747608,80.0,220.0,EMS,MWH,VALID
2025-05-02 08:00:00,462.3419430585439,80.0,220.0,EMS,MWH,VALID
2025/05/02 09:00,460.029604586667,80.0,220.0,EMS,MWH,VALID
2025-05-02 10:00:00,428.2073540520293,60.0,220.0,EMS,MWH,VALID
2025-05-02 11:00:00,414.9710783653807,60.0,220.0,EMS,MWH,VALID
2025-05-02 12:00:00,424.0875586256696,60.0,220.0,EMS,MWH,VALID
2025-05-02 13:00:00,400.5927085009551,60.0,220.0,EMS,MWH,VALID
2025-05-02 14:00:00,402.6845921541029,60.0,220.0,EMS,MWH,VALID
2025-05-02 15:00:00,421.46343390920975,60.0,220.0,EMS,MWH,VALID
2025-05-02 16:00:00,447.09672159102746,80.0,220.0,EMS,MWH,VALID
2025-05-02 17:00:00,475.6377888385964,80.0,220.0,EMS,MWH,VALID
2025-05-02 18:00:00,509.4608390864411,80.0,220.0,EMS,MWH,VALID
2025-05-02 19:00:00,506.79165215140057,80.0,220.0,EMS,MWH,VALID
2025-05-02 20:00:00,511.0851057142694,80.0,220.0,EMS,MWH,VALID
2025-05-02 21:00:00,441.7097002190605,80.0,220.0,EMS,MWH,VALID
2025-05-02 22:00:00,399.2414132938671,80.0,220.0,EMS,MWH,VALID
2025-05-02 23:00:00,327.99711568875296,80.0,220.0,EMS,MWH,VALID
2025-05-03 00:00:00,281.8851588621648,80.0,220.0,EMS,MWH,VALID
2025-05-03 01:00:00,287.17357778610045,80.0,220.0,EMS,MWH,VALID
2025-05-03 02:00:00,282.8747638556516,80.0,220.0,EMS,MWH,VALID
2025-05-03 03:00:00,285.7474697769199,80.0,220.0,EMS,MWH,VALID
2025-05-03 04:00:00,278.73836911420943,80.0,220.0,EMS,MWH,VALID
2025-05-03 05:00:00,324.6041608262351,80.0,220.0,EMS,MWH,VALID
2025-05-03 06:00:00,321.99566069176706,80.0,220.0,EMS,MWH,VALID
2025-05-03 07:00:00,375.022026949607,80.0,220.0,EMS,MWH,VALID
2025-05-03 08:00:00,365.0599762828989,80.0,220.0,EMS,MWH,VALID
2025-05-03 09:00:00,396.269874476546,80.0,220.0,EMS,MWH,VALID
2025-05-03 10:00:00,357.6103643124561,60.0,220.0,EMS,MWH,VALID
2025-05-03 11:00:00,330.5693417263349,60.0,220.0,EMS,MWH,VALID
2025-05-03 12:00:00,284.4585998406937,60.0,220.0,EMS,MWH,VALID
2025-05-03 13:00:00,327.6112957696354,60.0,220.0,EMS,MWH,VALID
2025-05-03 14:00:00,349.58006352925094,60.0,220.0,EMS,MWH,VALID
2025-05-03 15:00:00,300.9045608241105,60.0,220.0,EMS,MWH,VALID
2025-05-03 16:00:00,341.6653455773281,80.0,220.0,EMS,MWH,VALID
2025-05-03 17:00:00,390.8874296885554,80.0,220.0,EMS,MWH,VALID
2025-05-03 18:00:00,445.464576751056,80.0,220.0,EMS,MWH,VALID
2025-05-03 19:00:00,454.0266542687845,80.0,220.0,EMS,MWH,VALID
2025-05-03 20:00:00,364.6870565257296,80.0,220.0,EMS,MWH,VALID
2025-05-03 21:00:00,378.2549164009324,80.0,220.0,EMS,MWH,VALID
2025-05-03 22:00:00,334.5938562640334,80.0,220.0,EMS,MWH,VALID
2025-05-03 23:00:00,277.43795860041485,80.0,220.0,EMS,MWH,VALID
2025-05-04 00:00:00,271.5296156001307,80.0,220.0,EMS,MWH,VALID
2025-05-04 01:00:00,297.56744719755216,80.0,220.0,EMS,MWH,VALID
2025-05-04 02:00:00,277.85878428686203,80.0,220.0,EMS,MWH,VALID
2025-05-04 03:00:00,293.0238690829432,80.0,220.0,EMS,MWH,VALID
2025-05-04 04:00:00,263.9493256519764,80.0,220.0,EMS,MWH,VALID
2025-05-04 05:00:00,311.16739001293814,80.0,220.0,EMS,MWH,VALID
2025-05-04 06:00:00,323.9956583076206,80.0,220.0,EMS,MWH,VALID
2025-05-04 07:00:00,349.4394737094621,80.0,220.0,EMS,MWH,VALID
2025-05-04 08:00:00,360.40183631450975,80.0,220.0,EMS,MWH,VALID
2025-05-04 09:00:00,362.120015701306,80.0,220.0,EMS,MWH,VALID
2025-05-04 10:00:00,309.2292681630734,60.0,220.0,EMS,MWH,VALID
2025-05-04 11:00:00,295.0694645899684,60.0,220.0,EMS,MWH,VALID
2025-05-04 12:00:00,299.5815287981694,60.0,220.0,EMS,MWH,VALID
2025-05-04 13:00:00,282.71359284964086,60.0,220.0,EMS,MWH,VALID
2025-05-04 14:00:00,303.6014752416055,60.0,220.0,EMS,MWH,VALID
2025-05-04 15:00:00,319.9435188836574,60.0,220.0,EMS,MWH,VALID
2025-05-04 16:00:00,351.2190325485944,80.0,220.0,EMS,MWH,VALID
2025-05-04 17:00:00,406.0833407053189,80.0,180.4,EMS,MWH,VALID
2025-05-04 18:00:00,435.1355246110648,80.0,180.4,EMS,MWH,VALID
2025-05-04 19:00:00,436.50950044662943,80.0,220.0,EMS,MWH,VALID
2025-05-04 20:00:00,424.01259670579134,80.0,220.0,EMS,MWH,VALID
2025-05-04 21:00:00,374.0514625320605,80.0,220.0,EMS,MWH,VALID
2025-05-04 22:00:00,325.3082877210727,80.0,220.0,EMS,MWH,VALID
2025-05-04 23:00:00,292.46101248737244,80.0,220.0,EMS,MWH,VALID
2025-05-05 00:00:00,330.0926480814616,80.0,220.0,EMS,MWH,VALID
2025-05-05 01:00:00,332.77972336589505,80.0,220.0,EMS,MWH,VALID
2025-05-05 02:00:00,328.81841725118073,80.0,220.0,EMS,MWH,VALID
2025-05-05 03:00:00,323.73708076486054,80.0,220.0,EMS,MWH,VALID
2025-05-05 04:00:00,322.57799818822696,80.0,220.0,EMS,MWH,VALID
2025-05-05 05:00:00,351.11636966907747,80.0,220.0,EMS,MWH,VALID
2025-05-05 06:00:00,410.7261290081081,80.0,220.0,EMS,MWH,VALID
2025-05-05 07:00:00,428.7205522888368,80.0,220.0,EMS,MWH,VALID
2025-05-05 08:00:00,446.1263339831718,80.0,220.0,EMS,MWH,VALID
2025-05-05 09:00:00,464.9571704735556,80.0,220.0,EMS,MWH,VALID
2025-05-05 10:00:00,433.7320552750365,60.0,220.0,EMS,MWH,VALID
2025-05-05 11:00:00,424.37876390292166,60.0,220.0,EMS,MWH,VALID
2025-05-05 12:00:00,404.60359212722847,60.0,220.0,EMS,MWH,VALID
2025-05-05 13:00:00,403.5121470499776,60.0,220.0,EMS,MWH,VALID
2025-05-05 14:00:00,394.1888585056772,60.0,220.0,EMS,MWH,VALID
2025-05-05 15:00:00,419.2935708140753,60.0,220.0,EMS,MWH,VALID
2025-05-05 16:00:00,432.4580729347279,80.0,220.0,EMS,MWH,VALID
2025-05-05 17:00:00,467.0444879976589,80.0,220.0,EMS,MWH,VALID
2025-05-05 18:00:00,516.6265075005125,80.0,220.0,EMS,MWH,VALID
2025-05-05 19:00:00,526.4142557564406,80.0,220.0,EMS,MWH,VALID
2025-05-05 20:00:00,489.7120514943539,80.0,220.0,EMS,MWH,VALID
2025-05-05 21:00:00,447.0745846717407,80.0,220.0,EMS,MWH,VALID
2025-05-05 22:00:00,397.992935523486,80.0,220.0,EMS,MWH,VALID
2025-05-05 23:00:00,379.1235607258845,80.0,220.0,EMS,MWH,VALID
2025-05-06 00:00:00,309.66242124089734,80.0,220.0,EMS,MWH,VALID
2025-05-06 01:00:00,348.98670486530455,80.0,220.0,EMS,MWH,VALID
2025-05-06 02:00:00,346.3605454627084,80.0,220.0,EMS,MWH,VALID
2025-05-06 03:00:00,335.648319115779,80.0,220.0,EMS,MWH,VALID
2025-05-06 04:00:00,350.4243486201652,80.0,220.0,EMS,MWH,VALID
2025-05-06 05:00:00,371.3575930381408,80.0,220.0,EMS,MWH,VALID
2025-05-06 06:00:00,376.98888963451134,80.0,220.0,EMS,MWH,VALID
2025-05-06 07:00:00,435.4938276037908,80.0,220.0,EMS,MWH,VALID
2025-05-06 08:00:00,447.801769373084,80.0,220.0,EMS,MWH,VALID
2025-05-06 09:00:00,425.5483738264148,80.0,220.0,EMS,MWH,VALID
2025-05-06 10:00:00,423.82135677722704,60.0,220.0,EMS,MWH,VALID
2025-05-06 11:00:00,433.7169568761165,60.0,220.0,EMS,MWH,VALID
2025-05-06 12:00:00,407.14661428731074,60.0,220.0,EMS,MWH,VALID
2025-05-06 13:00:00,420.509902236319,60.0,220.0,EMS,MWH,VALID
2025-05-06 14:00:00,413.5273332541344,60.0,220.0,EMS,MWH,VALID
2025-05-06 15:00:00,400.6676522227482,60.0,220.0,EMS,MWH,VALID
2025-05-06 16:00:00,454.0120854773396,80.0,220.0,EMS,MWH,VALID
2025-05-06 17:00:00,491.4769525589061,80.0,220.0,EMS,MWH,VALID
2025-05-06 18:00:00,507.54793498484486,80.0,220.0,EMS,MWH,VALID
2025-05-06 19:00:00,504.4645602321488,80.0,220.0,EMS,MWH,VALID
2025-05-06 20:00:00,498.1532448974329,80.0,220.0,EMS,MWH,VALID
2025-05-06 21:00:00,442.5829760008402,80.0,220.0,EMS,MWH,VALID
2025-05-06 22:00:00,398.1842195151296,80.0,220.0,EMS,MWH,VALID
2025-05-06 23:00:00,380.2532793059257,80.0,220.0,EMS,MWH,VALID
2025-05-07 00:00:00,346.5264678495068,80.0,220.0,EMS,MWH,VALID
2025-05-07 01:00:00,343.2557647739649,80.0,220.0,EMS,MWH,VALID
2025-05-07 02:00:00,340.1263272331006,80.0,220.0,EMS,MWH,VALID
2025-05-07 03:00:00,333.2068970339054,80.0,220.0,EMS,MWH,VALID
2025-05-07 04:00:00,361.2067183448488,80.0,220.0,EMS,MWH,VALID
2025-05-07 05:00:00,351.68393783841105,80.0,220.0,EMS,MWH,VALID
2025-05-07 06:00:00,387.0939674765717,80.0,220.0,EMS,MWH,VALID
2025-05-07 07:00:00,438.8620505135919,80.0,220.0,EMS,MWH,VALID
2025-05-07 08:00:00,483.7396005868257,80.0,220.0,EMS,MWH,VALID
2025-05-07 09:00:00,449.50085596047904,80.0,220.0,EMS,MWH,VALID
2025-05-07 10:00:00,450.4991054615451,60.0,220.0,EMS,MWH,VALID
2025-05-07 11:00:00,403.2410949267305,60.0,220.0,EMS,MWH,VALID
2025-05-07 12:00:00,413.5592807246136,60.0,220.0,EMS,MWH,VALID
2025-05-07 13:00:00,416.8031819670414,60.0,220.0,EMS,MWH,VALID
2025-05-07 14:00:00,421.5814644259274,60.0,220.0,EMS,MWH,VALID
2025-05-07 15:00:00,415.9660997137967,60.0,220.0,EMS,MWH,VALID
2025-05-07 16:00:00,434.5757047707864,80.0,220.0,EMS,MWH,VALID
2025-05-07 17:00:00,464.2614232600009,80.0,220.0,EMS,MWH,VALID
2025-05-07 18:00:00,512.4201269535939,80.0,220.0,EMS,MWH,VALID
2025-05-07 19:00:00,548.7769953018119,80.0,220.0,EMS,MWH,VALID
2025-05-07 20:00:00,496.5017049725404,80.0,220.0,EMS,MWH,VALID
2025-05-07 21:00:00,486.0682883093816,80.0,220.0,EMS,MWH,VALID
2025-05-07 22:00:00,400.2085661783307,80.0,220.0,EMS,MWH,VALID
2025-05-07 23:00:00,374.7500879891039,80.0,220.0,EMS,MWH,VALID
2025-05-08 00:00:00,362.3346697167922,80.0,220.0,EMS,MWH,VALID
2025-05-08 01:00:00,333.8595713363626,80.0,220.0,EMS,MWH,VALID
2025-05-08 02:00:00,359.1821158714053,80.0,220.0,EMS,MWH,VALID
2025-05-08 03:00:00,336.5672326533888,80.0,220.0,EMS,MWH,VALID
2025-05-08 04:00:00,341.6498686967961,80.0,220.0,EMS,MWH,VALID
2025-05-08 05:00:00,366.1071087374708,80.0,220.0,EMS,MWH,VALID
2025-05-08 06:00:00,375.5889496345323,80.0,220.0,EMS,MWH,VALID
2025-05-08 07:00:00,419.9607163259302,80.0,220.0,EMS,MWH,VALID
2025-05-08 08:00:00,438.8583648829537,80.0,220.0,EMS,MWH,VALID
2025-05-08 09:00:00,451.8903769806292,80.0,220.0,EMS,MWH,VALID
2025-05-08 10:00:00,443.3087522636272,60.0,220.0,EMS,MWH,VALID
2025-05-08 11:00:00,410.665176792084,60.0,220.0,EMS,MWH,VALID
2025-05-08 12:00:00,444.93390982658906,60.0,220.0,EMS,MWH,VALID
2025-05-08 13:00:00,385.7681618581401,60.0,220.0,EMS,MWH,VALID
2025-05-08 14:00:00,393.0305201854269,60.0,220.0,EMS,MWH,VALID
2025-05-08 15:00:00,429.8030541895489,60.0,220.0,EMS,MWH,VALID
2025-05-08 16:00:00,438.0562919218637,80.0,220.0,EMS,MWH,VALID
2025-05-08 17:00:00,451.48641016821625,80.0,220.0,EMS,MWH,VALID
2025-05-08 18:00:00,521.025684110142,80.0,220.0,EMS,MWH,VALID
2025-05-08 19:00:00,530.0088799100606,80.0,220.0,EMS,MWH,VALID
2025-05-08 20:00:00,503.5351602296407,80.0,220.0,EMS,MWH,VALID
2025-05-08 21:00:00,450.5060796756064,80.0,220.0,EMS,MWH,VALID
2025-05-08 22:00:00,399.5056396191565,80.0,220.0,EMS,MWH,VALID
2025-05-08 23:00:00,386.2599005050865,80.0,220.0,EMS,MWH,VALID
2025-05-09 00:00:00,346.101935176898,80.0,220.0,EMS,MWH,VALID
2025-05-09 01:00:00,342.1816185271621,80.0,220.0,EMS,MWH,VALID
2025-05-09 02:00:00,347.82720167010547,80.0,220.0,EMS,MWH,VALID
2025-05-09 03:00:00,334.39681055419203,80.0,220.0,EMS,MWH,VALID
2025-05-09 04:00:00,348.7798966391253,80.0,220.0,EMS,MWH,VALID
2025-05-09 05:00:00,319.64931543801373,80.0,220.0,EMS,MWH,VALID
2025-05-09 06:00:00,432.01129319939713,80.0,220.0,EMS,MWH,VALID
2025-05-09 07:00:00,432.5129204353586,80.0,220.0,EMS,MWH,VALID
2025-05-09 08:00:00,469.9331447016617,80.0,220.0,EMS,MWH,VALID
2025-05-09 09:00:00,464.4649368118782,80.0,220.0,EMS,MWH,VALID
2025-05-09 10:00:00,446.0959949517865,60.0,220.0,EMS,MWH,VALID
2025-05-09 11:00:00,414.0044982449527,60.0,220.0,EMS,MWH,VALID
2025-05-09 12:00:00,428.34496444915527,60.0,220.0,EMS,MWH,VALID
2025-05-09 13:00:00,419.3348503840121,60.0,220.0,EMS,MWH,VALID
2025-05-09 14:00:00,393.7664121562979,60.0,220.0,EMS,MWH,VALID
2025-05-09 15:00:00,422.0363645241702,60.0,220.0,EMS,MWH,VALID
2025-05-09 16:00:00,444.6891347619716,80.0,220.0,EMS,MWH,VALID
2025-05-09 17:00:00,473.6578695634119,80.0,220.0,EMS,MWH,VALID
2025-05-09 18:00:00,498.9327899049905,80.0,220.0,EMS,MWH,VALID
2025-05-09 19:00:00,511.8240373163355,80.0,220.0,EMS,MWH,VALID
2025-05-09 20:00:00,509.5897025359063,80.0,220.0,EMS,MWH,VALID
2025-05-09 21:00:00,445.7178466770641,80.0,220.0,EMS,MWH,VALID
2025-05-09 22:00:00,406.9568932230017,80.0,220.0,EMS,MWH,VALID
2025-05-09 23:00:00,360.85732155861007,80.0,220.0,EMS,MWH,VALID
2025-05-10 00:00:00,270.3220386553767,80.0,220.0,EMS,MWH,VALID
2025-05-10 01:00:00,259.1630430265116,80.0,220.0,EMS,MWH,VALID
2025-05-10 02:00:00,264.1856095384094,80.0,220.0,EMS,MWH,VALID
2025-05-10 03:00:00,273.8888456355903,80.0,220.0,EMS,MWH,VALID
2025-05-10 04:00:00,259.1920402101517,80.0,220.0,EMS,MWH,VALID
2025-05-10 05:00:00,301.8098842011568,80.0,220.0,EMS,MWH,VALID
2025-05-10 06:00:00,323.94939404529174,80.0,220.0,EMS,MWH,VALID
2025-05-10 07:00:00,332.59996468384975,80.0,220.0,EMS,MWH,VALID
2025-05-10 08:00:00,370.24172895251,80.0,220.0,EMS,MWH,VALID
2025-05-10 09:00:00,331.8649791532583,80.0,220.0,EMS,MWH,VALID
2025-05-10 10:00:00,350.034111118582,60.0,220.0,EMS,MWH,VALID
2025-05-10 12:00:00,348.8043741360043,60.0,220.0,EMS,MWH,VALID
2025-05-10 13:00:00,371.2659892873616,60.0,220.0,EMS,MWH,VALID
2025-05-10 14:00:00,338.59725392810515,60.0,220.0,EMS,MWH,VALID
2025-05-10 15:00:00,307.28001279671093,60.0,220.0,EMS,MWH,VALID
2025-05-10 16:00:00,340.86700488632584,80.0,220.0,EMS,MWH,VALID
2025-05-10 17:00:00,390.721055979247,80.0,220.0,EMS,MWH,VALID
2025-05-10 18:00:00,415.30034255614174,80.0,220.0,EMS,MWH,VALID
2025-05-10 19:00:00,406.6874945909393,80.0,220.0,EMS,MWH,VALID
2025-05-10 20:00:00,434.5430995928218,80.0,220.0,EMS,MWH,VALID
2025-05-10 21:00:00,376.0157046113703,80.0,220.0,EMS,MWH,VALID
2025-05-10 22:00:00,335.3252447331043,80.0,220.0,EMS,MWH,VALID
2025-05-10 23:00:00,320.8564444697665,80.0,220.0,EMS,MWH,VALID
2025-05-11 00:00:00,252.06695747729245,80.0,220.0,EMS,MWH,VALID
2025-05-11 01:00:00,254.0592396378025,80.0,220.0,EMS,MWH,VALID
2025-05-11 02:00:00,292.17919909685287,80.0,220.0,EMS,MWH,VALID
2025-05-11 03:00:00,261.1420571936199,80.0,220.0,EMS,MWH,VALID
2025-05-11 04:00:00,291.7426750581202,80.0,220.0,EMS,MWH,VALID
2025-05-11 05:00:00,302.5420038317369,80.0,220.0,EMS,MWH,VALID
2025-05-11 06:00:00,353.1043732621265,80.0,220.0,EMS,MWH,VALID
2025-05-11 07:00:00,375.0295017722263,80.0,220.0,EMS,MWH,VALID
2025-05-11 08:00:00,393.2660444266435,80.0,220.0,EMS,MWH,VALID
2025-05-11 09:00:00,346.8496083155504,80.0,220.0,EMS,MWH,VALID
2025-05-11 10:00:00,366.0024080868188,60.0,220.0,EMS,MWH,VALID
2025-05-11 11:00:00,296.599678922219,60.0,220.0,EMS,MWH,VALID
2025-05-11 12:00:00,335.79757975137164,60.0,220.0,EMS,MWH,VALID
2025-05-11 13:00:00,279.17284769477897,60.0,220.0,EMS,MWH,VALID
2025-05-11 14:00:00,305.58654007816307,60.0,220.0,EMS,MWH,VALID
2025-05-11 15:00:00,316.87206432663544,60.0,220.0,EMS,MWH,VALID
2025-05-11 16:00:00,345.57468404737955,80.0,220.0,EMS,MWH,VALID
2025-05-11 17:00:00,418.05957292708416,80.0,220.0,EMS,MWH,VALID
2025-05-11 18:00:00,395.6418723364643,80.0,220.0,EMS,MWH,VALID
2025-05-11 19:00:00,420.9312847293861,80.0,220.0,EMS,MWH,VALID
2025-05-11 20:00:00,393.2014350032672,80.0,220.0,EMS,MWH,VALID
2025-05-11 21:00:00,370.0938330312293,80.0,220.0,EMS,MWH,VALID
2025-05-11 22:00:00,320.5958019449316,80.0,220.0,EMS,MWH,VALID
2025-05-11 23:00:00,315.7131122709606,80.0,220.0,EMS,MWH,VALID
2025-05-12 00:00:00,328.3404625516377,80.0,220.0,EMS,MWH,VALID
2025-05-12 01:00:00,335.9287828957184,80.0,220.0,EMS,MWH,VALID
2025-05-12 02:00:00,330.53995411865515,80.0,220.0,EMS,MWH,VALID
2025-05-12 03:00:00,330.7733237931444,80.0,220.0,EMS,MWH,VALID
2025-05-12 04:00:00,346.7467299203239,80.0,220.0,EMS,MWH,VALID
2025-05-12 05:00:00,345.510673567306,80.0,220.0,EMS,MWH,VALID
2025-05-12 06:00:00,382.84767110873184,80.0,220.0,EMS,MWH,VALID
2025-05-12 07:00:00,416.1118409861976,80.0,220.0,EMS,MWH,VALID
2025-05-12 08:00:00,457.476476627869,80.0,220.0,EMS,MWH,VALID
2025-05-12 09:00:00,453.4277458799209,80.0,220.0,EMS,MWH,VALID
2025-05-12 10:00:00,437.6547906307426,60.0,220.0,EMS,MWH,VALID
2025-05-12 11:00:00,418.5826820761307,60.0,220.0,EMS,MWH,VALID
2025-05-12 12:00:00,415.3355896877796,60.0,220.0,EMS,MWH,VALID
2025-05-12 13:00:00,401.51028314789386,60.0,220.0,EMS,MWH,VALID
2025-05-12 14:00:00,407.5489591899064,60.0,220.0,EMS,MWH,VALID
2025-05-12 15:00:00,424.623946985074,60.0,220.0,EMS,MWH,VALID
2025-05-12 16:00:00,432.3899416021469,80.0,220.0,EMS,MWH,VALID
2025-05-12 17:00:00,486.27341383578425,80.0,220.0,EMS,MWH,VALID
2025-05-12 18:00:00,530.3972952346057,80.0,220.0,EMS,MWH,VALID
2025-05-12 19:00:00,527.6457380602178,80.0,220.0,EMS,MWH,VALID
2025-05-12 20:00:00,520.4666899509353,80.0,220.0,EMS,MWH,VALID
2025-05-12 21:00:00,449.3520664358863,80.0,220.0,EMS,MWH,VALID
2025-05-12 22:00:00,414.9359797510777,80.0,220.0,EMS,MWH,VALID
2025-05-12 23:00:00,351.3193326186626,80.0,220.0,EMS,MWH,VALID
2025-05-13 00:00:00,335.83490838492025,80.0,220.0,EMS,MWH,VALID
2025-05-13 01:00:00,339.4804586978974,80.0,220.0,EMS,MWH,VALID
2025-05-13 02:00:00,346.14221884226225,80.0,220.0,EMS,MWH,VALID
2025-05-13 03:00:00,342.3605528498527,80.0,220.0,EMS,MWH,VALID
2025-05-13 04:00:00,365.83217145941205,80.0,220.0,EMS,MWH,VALID
2025-05-13 05:00:00,374.4237577348731,80.0,220.0,EMS,MWH,VALID
2025-05-13 06:00:00,397.3932326323443,80.0,220.0,EMS,MWH,VALID
2025-05-13 07:00:00,433.2211252891991,80.0,220.0,EMS,MWH,VALID
2025-05-13 08:00:00,444.4255229373512,80.0,220.0,EMS,MWH,VALID
2025-05-13 09:00:00,447.8774205779439,80.0,220.0,EMS,MWH,VALID
2025-05-13 10:00:00,432.4653854979417,60.0,220.0,EMS,MWH,VALID
2025-05-13 11:00:00,421.3690356467188,60.0,220.0,EMS,MWH,VALID
2025-05-13 12:00:00,407.58951815918425,60.0,220.0,EMS,MWH,VALID
2025-05-13 13:00:00,388.24792771539273,60.0,220.0,EMS,MWH,VALID
2025-05-13 14:00:00,426.7813698568563,60.0,220.0,EMS,MWH,VALID
2025-05-13 15:00:00,389.25156954721547,60.0,220.0,EMS,MWH,VALID
2025-05-13 16:00:00,430.6803899646805,80.0,220.0,EMS,MWH,VALID
2025-05-13 17:00:00,497.222161345712,80.0,220.0,EMS,MWH,VALID
2025-05-13 18:00:00,502.9627061312094,80.0,220.0,EMS,MWH,VALID
2025-05-13 19:00:00,538.8126453918637,80.0,220.0,EMS,MWH,VALID
2025-05-13 20:00:00,503.5841734148085,80.0,220.0,EMS,MWH,VALID
2025-05-13 21:00:00,458.29086320013977,80.0,220.0,EMS,MWH,VALID
2025-05-13 22:00:00,393.7645458014298,80.0,220.0,EMS,MWH,VALID
2025-05-13 23:00:00,358.854632791785,80.0,220.0,EMS,MWH,VALID
2025-05-14 00:00:00,340.5881321623679,80.0,220.0,EMS,MWH,VALID
2025-05-14 01:00:00,332.53477440251174,80.0,220.0,EMS,MWH,VALID
2025-05-14 02:00:00,325.6735549656363,80.0,220.0,EMS,MWH,VALID
2025-05-14 03:00:00,334.6589965533461,80.0,220.0,EMS,MWH,VALID
2025-05-14 04:00:00,339.7495213808904,80.0,220.0,EMS,MWH,VALID
2025-05-14 05:00:00,345.99685489161243,80.0,220.0,EMS,MWH,VALID
2025-05-14 06:00:00,397.32575194307,80.0,220.0,EMS,MWH,VALID
2025-05-14 07:00:00,441.25485103834126,80.0,220.0,EMS,MWH,VALID
2025-05-14 08:00:00,452.7848757834362,80.0,220.0,EMS,MWH,VALID
2025-05-14 09:00:00,449.3028748710862,80.0,220.0,EMS,MWH,VALID
2025-05-14 10:00:00,438.9717124492147,60.0,220.0,EMS,MWH,VALID
2025-05-14 11:00:00,403.6241249366409,60.0,220.0,EMS,MWH,VALID
2025-05-14 12:00:00,381.8288288905836,60.0,220.0,EMS,MWH,VALID
2025-05-14 13:00:00,420.5703141587667,60.0,220.0,EMS,MWH,VALID
2025-05-14 14:00:00,417.8152955559197,60.0,220.0,EMS,MWH,VALID
2025-05-14 15:00:00,391.0095649058474,60.0,220.0,EMS,MWH,VALID
2025-05-14 16:00:00,440.2746293606153,80.0,220.0,EMS,MWH,VALID
2025-05-14 17:00:00,479.0375193496967,80.0,220.0,EMS,MWH,VALID
2025-05-14 18:00:00,507.7896858682464,80.0,220.0,EMS,MWH,VALID
2025-05-14 19:00:00,512.2935432777069,80.0,220.0,EMS,MWH,VALID
2025-05-14 20:00:00,499.081346059161,80.0,220.0,EMS,MWH,VALID
2025-05-14 21:00:00,439.8270341589103,80.0,220.0,EMS,MWH,VALID
2025-05-14 22:00:00,398.5662477639786,80.0,220.0,EMS,MWH,VALID
2025-05-14 23:00:00,343.1452535063525,80.0,220.0,EMS,MWH,VALID
2025-05-15 00:00:00,338.3771330935461,80.0,220.0,EMS,MWH,VALID
2025-05-15 01:00:00,353.7513590535247,80.0,220.0,EMS,MWH,VALID
2025-05-15 02:00:00,332.58633923268286,80.0,220.0,EMS,MWH,VALID
2025-05-15 03:00:00,344.9442231673673,80.0,220.0,EMS,MWH,VALID
2025-05-15 04:00:00,340.3640809248853,80.0,220.0,EMS,MWH,VALID
2025-05-15 05:00:00,385.319618681305,80.0,220.0,EMS,MWH,VALID
2025-05-15 06:00:00,386.5036238750175,80.0,220.0,EMS,MWH,VALID
2025-05-15 07:00:00,409.0502417351245,80.0,220.0,EMS,MWH,VALID
2025-05-15 08:00:00,432.5789014404239,80.0,220.0,EMS,MWH,VALID
2025-05-15 09:00:00,438.6507560221541,80.0,220.0,EMS,MWH,VALID
2025-05-15 10:00:00,436.5887417799285,60.0,220.0,EMS,MWH,VALID
2025-05-15 11:00:00,413.453878091473,60.0,220.0,EMS,MWH,VALID
2025-05-15 12:00:00,437.26422891108064,60.0,220.0,EMS,MWH,VALID
2025-05-15 13:00:00,410.6318978696209,60.0,220.0,EMS,MWH,VALID
2025-05-15 14:00:00,410.6605022316117,60.0,220.0,EMS,MWH,VALID
2025-05-15 15:00:00,420.8333938586566,60.0,220.0,EMS,MWH,VALID
2025-05-15 16:00:00,460.6751574065884,80.0,220.0,EMS,MWH,VALID
2025-05-15 17:00:00,455.3696723908358,80.0,220.0,EMS,MWH,VALID
2025-05-15 18:00:00,522.5922261831571,80.0,220.0,EMS,MWH,VALID
2025-05-15 19:00:00,511.3913063475625,80.0,220.0,EMS,MWH,VALID
2025-05-15 20:00:00,504.27301899535576,80.0,220.0,EMS,MWH,VALID
2025-05-15 21:00:00,445.7187084410485,80.0,220.0,EMS,MWH,VALID
2025-05-15 22:00:00,400.50251892514217,80.0,220.0,EMS,MWH,VALID
2025-05-15 23:00:00,369.2613230620317,80.0,220.0,EMS,MWH,VALID
2025-05-16 00:00:00,343.55269405210595,80.0,220.0,EMS,MWH,VALID
2025-05-16 01:00:00,338.1577233239813,80.0,220.0,EMS,MWH,VALID
2025-05-16 02:00:00,333.9032877377026,80.0,220.0,EMS,MWH,VALID
2025-05-16 03:00:00,341.71648234861584,80.0,220.0,EMS,MWH,VALID
2025-05-16 04:00:00,342.9087701643088,80.0,220.0,EMS,MWH,VALID
2025-05-16 05:00:00,371.24481964754347,80.0,220.0,EMS,MWH,VALID
2025-05-16 06:00:00,412.1928000722066,80.0,220.0,EMS,MWH,VALID
2025-05-16 07:00:00,456.5839122901199,80.0,220.0,EMS,MWH,VALID
2025-05-16 08:00:00,469.121758201601,80.0,220.0,EMS,MWH,VALID
2025-05-16 09:00:00,471.17322599817953,80.0,220.0,EMS,MWH,VALID
2025-05-16 10:00:00,422.1450693572836,60.0,220.0,EMS,MWH,VALID
2025-05-16 11:00:00,430.6572639261863,60.0,220.0,EMS,MWH,VALID
2025-05-16 12:00:00,412.4570863399829,60.0,220.0,EMS,MWH,VALID
2025-05-16 13:00:00,395.64334745486855,60.0,220.0,EMS,MWH,VALID
2025-05-16 14:00:00,400.2306551726044,60.0,220.0,EMS,MWH,VALID
2025-05-16 15:00:00,434.1825390020711,60.0,220.0,EMS,MWH,VALID
2025-05-16 16:00:00,456.0045091805896,80.0,220.0,EMS,MWH,VALID
2025-05-16 17:00:00,463.3303963323511,80.0,220.0,EMS,MWH,VALID
2025-05-16 18:00:00,511.9187947176253,80.0,220.0,EMS,MWH,VALID
2025-05-16 19:00:00,506.0729419035853,80.0,220.0,EMS,MWH,VALID
2025-05-16 20:00:00,494.293016291012,80.0,220.0,EMS,MWH,VALID
2025-05-16 21:00:00,440.74476187327446,80.0,220.0,EMS,MWH,VALID
2025-05-16 22:00:00,398.6578958832077,80.0,220.0,EMS,MWH,VALID
2025-05-16 23:00:00,373.1486991587245,80.0,220.0,EMS,MWH,VALID
2025-05-17 00:00:00,260.24305496215493,80.0,220.0,EMS,MWH,VALID
2025-05-17 01:00:00,257.3395322338856,80.0,220.0,EMS,MWH,VALID
2025-05-17 02:00:00,272.2085156234041,80.0,220.0,EMS,MWH,VALID
2025-05-17 03:00:00,274.3318196842588,80.0,220.0,EMS,MWH,VALID
2025-05-17 04:00:00,264.3017812690858,80.0,220.0,EMS,MWH,VALID
2025-05-17 05:00:00,305.6746656577609,80.0,220.0,EMS,MWH,VALID
2025-05-17 06:00:00,311.8384542587106,80.0,220.0,EMS,MWH,VALID
2025-05-17 07:00:00,372.52436192761417,80.0,220.0,EMS,MWH,VALID
2025-05-17 08:00:00,381.5766115220464,80.0,220.0,EMS,MWH,VALID
2025-05-17 09:00:00,387.1824250528994,80.0,220.0,EMS,MWH,VALID
2025-05-17 10:00:00,352.71127157098704,60.0,220.0,EMS,MWH,VALID
2025-05-17 11:00:00,301.408183082165,60.0,220.0,EMS,MWH,VALID
2025-05-17 12:00:00,342.61015945244657,60.0,220.0,EMS,MWH,VALID
2025-05-17 13:00:00,346.87851100309825,60.0,220.0,EMS,MWH,VALID
2025-05-17 14:00:00,350.28576986555294,60.0,220.0,EMS,MWH,VALID
2025-05-17 15:00:00,318.8726132735862,60.0,220.0,EMS,MWH,VALID
2025-05-17 16:00:00,346.4053068286957,80.0,220.0,EMS,MWH,VALID
2025-05-17 17:00:00,388.2030923431022,80.0,220.0,EMS,MWH,VALID
2025-05-17 18:00:00,424.174031995779,80.0,220.0,EMS,MWH,VALID
2025-05-17 19:00:00,419.05598216411965,80.0,220.0,EMS,MWH,VALID
05-17-2025 20:00,416.0163159589868,80.0,220.0,EMS,MWH,VALID
2025-05-17 21:00:00,358.13567407676044,80.0,220.0,EMS,MWH,VALID
2025-05-17 22:00:00,335.9391414993433,80.0,220.0,EMS,MWH,VALID
2025-05-17 23:00:00,313.03513973785186,80.0,220.0,EMS,MWH,VALID
2025-05-18 00:00:00,300.8025519952285,80.0,220.0,EMS,MWH,VALID
2025-05-18 01:00:00,269.0672076998315,80.0,220.0,EMS,MWH,VALID
2025-05-18 02:00:00,276.00023715083023,80.0,220.0,EMS,MWH,VALID
2025-05-18 03:00:00,270.8623737762733,80.0,220.0,EMS,MWH,VALID
2025-05-18 04:00:00,292.8124729580858,80.0,220.0,EMS,MWH,VALID
2025-05-18 05:00:00,297.81123560352785,80.0,220.0,EMS,MWH,VALID
2025-05-18 06:00:00,319.64029552265833,80.0,220.0,EMS,MWH,VALID
2025-05-18 07:00:00,381.8455099020587,80.0,220.0,EMS,MWH,VALID
2025-05-18 08:00:00,383.44197174817225,80.0,220.0,EMS,MWH,VALID
2025-05-18 09:00:00,351.2701176192299,80.0,220.0,EMS,MWH,VALID
2025-05-18 10:00:00,349.7696732351203,60.0,220.0,EMS,MWH,VALID
2025-05-18 11:00:00,312.4309893346121,60.0,220.0,EMS,MWH,VALID
2025-05-18 12:00:00,340.25544813552864,60.0,220.0,EMS,MWH,VALID
2025-05-18 13:00:00,310.0290095470792,60.0,220.0,EMS,MWH,VALID
2025-05-18 14:00:00,332.5431931555919,60.0,220.0,EMS,MWH,VALID
2025-05-18 15:00:00,319.6066236002589,60.0,220.0,EMS,MWH,VALID
2025-05-18 16:00:00,375.1471034334789,80.0,220.0,EMS,MWH,VALID
2025-05-18 17:00:00,403.8560005359637,80.0,220.0,EMS,MWH,VALID
2025-05-18 18:00:00,391.76075904154135,80.0,220.0,EMS,MWH,VALID
2025-05-18 19:00:00,403.21295347204295,80.0,220.0,EMS,MWH,VALID
2025-05-18 20:00:00,407.5416771852055,80.0,220.0,EMS,MWH,VALID
2025-05-18 21:00:00,356.8526371646033,80.0,220.0,EMS,MWH,VALID
2025-05-18 22:00:00,320.37905074353694,80.0,220.0,EMS,MWH,VALID
2025-05-18 23:00:00,288.8054347036527,80.0,220.0,EMS,MWH,VALID
2025-05-19 00:00:00,332.5489941752588,80.0,220.0,EMS,MWH,VALID
2025-05-19 01:00:00,324.15624673055555,80.0,220.0,EMS,MWH,VALID
2025-05-19 02:00:00,352.87248681060487,80.0,220.0,EMS,MWH,VALID
2025-05-19 03:00:00,300.0575439029234,80.0,220.0,EMS,MWH,VALID
2025-05-19 04:00:00,349.89553707434123,80.0,220.0,EMS,MWH,VALID
2025-05-19 05:00:00,360.0158726933727,80.0,220.0,EMS,MWH,VALID
2025-05-19 06:00:00,400.18417194315634,80.0,220.0,EMS,MWH,VALID
2025-05-19 07:00:00,436.0677062311463,80.0,220.0,EMS,MWH,VALID
2025-05-19 08:00:00,441.1346080262064,80.0,220.0,EMS,MWH,VALID
2025-05-19 09:00:00,448.8247143366686,80.0,220.0,EMS,MWH,VALID
2025-05-19 10:00:00,441.45496872391095,60.0,220.0,EMS,MWH,VALID
2025-05-19 11:00:00,408.130710560055,60.0,220.0,EMS,MWH,VALID
2025-05-19 12:00:00,417.3780745996668,60.0,220.0,EMS,MWH,VALID
2025-05-19 13:00:00,419.69492994389225,60.0,220.0,EMS,MWH,VALID
2025-05-19 14:00:00,388.7127883440912,60.0,220.0,EMS,MWH,VALID
2025-05-19 15:00:00,405.2155164538873,60.0,220.0,EMS,MWH,VALID
2025-05-19 16:00:00,408.5116408200713,80.0,220.0,EMS,MWH,VALID
2025-05-19 17:00:00,496.9077582338121,80.0,220.0,EMS,MWH,VALID
2025-05-19 18:00:00,502.7470318675092,80.0,220.0,EMS,MWH,VALID
2025-05-19 19:00:00,549.8985498610554,80.0,220.0,EMS,MWH,VALID
2025-05-19 20:00:00,494.6524987330388,80.0,220.0,EMS,MWH,VALID
2025-05-19 21:00:00,478.6191991657587,80.0,220.0,EMS,MWH,VALID
2025-05-19 22:00:00,396.3256343912523,80.0,220.0,EMS,MWH,VALID
2025-05-19 23:00:00,344.87059471716594,80.0,220.0,EMS,MWH,VALID
2025-05-20 00:00:00,331.08669463714165,80.0,220.0,EMS,MWH,VALID
2025-05-20 01:00:00,323.95230889524134,80.0,220.0,EMS,MWH,VALID
2025-05-20 02:00:00,327.3194598639891,80.0,220.0,EMS,MWH,VALID
2025-05-20 03:00:00,349.13027386776065,80.0,220.0,EMS,MWH,VALID
2025-05-20 04:00:00,353.6377229370426,80.0,220.0,EMS,MWH,VALID
2025-05-20 05:00:00,366.6320622573298,80.0,220.0,EMS,MWH,VALID
20/05/2025 06:00,390.6454180694087,80.0,220.0,EMS,MWH,VALID
2025-05-20 07:00:00,425.9827398550606,80.0,220.0,EMS,MWH,VALID
2025-05-20 08:00:00,460.6130222835856,80.0,220.0,EMS,MWH,VALID
2025-05-20 09:00:00,474.46723278698414,80.0,220.0,EMS,MWH,VALID
2025-05-20 10:00:00,448.9365303123821,60.0,220.0,EMS,MWH,VALID
2025-05-20 11:00:00,397.4431125826041,60.0,220.0,EMS,MWH,VALID
2025-05-20 12:00:00,421.8152496331638,60.0,220.0,EMS,MWH,VALID
2025-05-20 13:00:00,399.2931253249832,60.0,220.0,EMS,MWH,VALID
2025-05-20 14:00:00,406.75267391895466,60.0,220.0,EMS,MWH,VALID
2025-05-20 15:00:00,431.9172571079562,60.0,220.0,EMS,MWH,VALID
2025-05-20 16:00:00,443.0774170601873,80.0,220.0,EMS,MWH,VALID
2025-05-20 17:00:00,490.9905697673275,80.0,220.0,EMS,MWH,VALID
2025-05-20 18:00:00,509.5992613186789,80.0,220.0,EMS,MWH,VALID
2025-05-20 19:00:00,500.4645084091503,80.0,220.0,EMS,MWH,VALID
2025-05-20 20:00:00,490.5359700727203,80.0,220.0,EMS,MWH,VALID
2025-05-20 21:00:00,424.5737664267898,80.0,220.0,EMS,MWH,VALID
2025-05-20 22:00:00,404.395114357957,80.0,220.0,EMS,MWH,VALID
2025-05-20 23:00:00,355.48830980472,80.0,220.0,EMS,MWH,VALID
2025-05-21 00:00:00,325.90513446556434,80.0,220.0,EMS,MWH,VALID
2025-05-21 01:00:00,326.78261142048785,80.0,220.0,EMS,MWH,VALID
2025-05-21 02:00:00,343.77411159606777,80.0,220.0,EMS,MWH,VALID
2025-05-21 03:00:00,340.84967808298575,80.0,220.0,EMS,MWH,VALID
2025-05-21 04:00:00,298.6953360365383,80.0,220.0,EMS,MWH,VALID
2025-05-21 05:00:00,329.8860849242396,80.0,220.0,EMS,MWH,VALID
2025-05-21 06:00:00,409.57928048111,80.0,220.0,EMS,MWH,VALID
2025-05-21 07:00:00,434.3328248664267,80.0,220.0,EMS,MWH,VALID
2025-05-21 08:00:00,449.0127772440496,80.0,220.0,EMS,MWH,VALID
2025-05-21 09:00:00,450.6212754716295,80.0,220.0,EMS,MWH,VALID
2025-05-21 10:00:00,435.3197995817836,60.0,220.0,EMS,MWH,VALID
2025-05-21 11:00:00,417.5111080849217,60.0,220.0,EMS,MWH,VALID
2025-05-21 12:00:00,418.5371587576192,60.0,220.0,EMS,MWH,VALID
2025-05-21 13:00:00,391.347625401614,60.0,220.0,EMS,MWH,VALID
2025-05-21 14:00:00,403.7642242881857,60.0,220.0,EMS,MWH,VALID
2025-05-21 15:00:00,417.0597006817703,60.0,220.0,EMS,MWH,VALID
2025-05-21 16:00:00,443.9444763268395,80.0,220.0,EMS,MWH,VALID
2025-05-21 17:00:00,475.4307692428675,80.0,220.0,EMS,MWH,VALID
2025-05-21 18:00:00,510.3273986464389,80.0,220.0,EMS,MWH,VALID
2025-05-21 19:00:00,530.5877218670383,80.0,220.0,EMS,MWH,VALID
2025-05-21 20:00:00,513.2116583432748,80.0,220.0,EMS,MWH,VALID
2025-05-21 21:00:00,452.8726047776629,80.0,220.0,EMS,MWH,VALID
2025-05-21 22:00:00,380.7041238006452,80.0,220.0,EMS,MWH,VALID
2025-05-21 23:00:00,355.3382922779746,80.0,220.0,EMS,MWH,VALID
2025-05-22 00:00:00,307.3727007795989,80.0,220.0,EMS,MWH,VALID
2025-05-22 01:00:00,338.81237732367464,80.0,220.0,EMS,MWH,VALID
2025-05-22 02:00:00,327.84358731188,80.0,220.0,EMS,MWH,VALID
2025-05-22 03:00:00,348.120253572069,80.0,220.0,EMS,MWH,VALID
2025-05-22 04:00:00,347.293679972175,80.0,220.0,EMS,MWH,VALID
2025-05-22 05:00:00,369.0983187575417,80.0,220.0,EMS,MWH,VALID
2025-05-22 06:00:00,376.80840624531146,80.0,220.0,EMS,MWH,VALID
2025-05-22 07:00:00,416.9831610435919,80.0,220.0,EMS,MWH,VALID
2025-05-22 08:00:00,448.0234251524794,80.0,220.0,EMS,MWH,VALID
2025-05-22 09:00:00,443.0901349954132,80.0,220.0,EMS,MWH,VALID
2025-05-22 10:00:00,428.9577351418486,60.0,220.0,EMS,MWH,VALID
2025-05-22 11:00:00,402.60579145295696,60.0,220.0,EMS,MWH,VALID
2025-05-22 12:00:00,415.91478271962006,60.0,220.0,EMS,MWH,VALID
2025-05-22 13:00:00,403.5022607276604,60.0,220.0,EMS,MWH,VALID
2025-05-22 14:00:00,422.1538925734616,60.0,220.0,EMS,MWH,VALID
2025-05-22 15:00:00,397.7116493095589,60.0,220.0,EMS,MWH,VALID
2025-05-22 16:00:00,461.7847986842623,80.0,220.0,EMS,MWH,VALID
2025-05-22 17:00:00,476.07786046153086,80.0,220.0,EMS,MWH,VALID
2025-05-22 18:00:00,500.6870638455084,80.0,220.0,EMS,MWH,VALID
2025-05-22 19:00:00,519.4875740633646,80.0,220.0,EMS,MWH,VALID
2025-05-22 20:00:00,486.64876684608015,80.0,220.0,EMS,MWH,VALID
2025-05-22 21:00:00,445.5856567175164,80.0,220.0,EMS,MWH,VALID
2025-05-22 22:00:00,412.84339293054734,80.0,220.0,EMS,MWH,VALID
2025-05-22 23:00:00,356.8748715274278,80.0,220.0,EMS,MWH,VALID
2025-05-23 00:00:00,331.77414867999994,80.0,220.0,EMS,MWH,VALID
2025-05-23 01:00:00,324.86106062329776,80.0,220.0,EMS,MWH,VALID
2025-05-23 02:00:00,327.7840780016314,80.0,220.0,EMS,MWH,VALID
2025-05-23 03:00:00,328.30368237341867,80.0,220.0,EMS,MWH,VALID
2025-05-23 04:00:00,325.1050614228444,80.0,220.0,EMS,MWH,VALID
2025-05-23 05:00:00,387.7735393352903,80.0,220.0,EMS,MWH,VALID
2025-05-23 06:00:00,399.4622517023501,80.0,220.0,EMS,MWH,VALID
2025-05-23 07:00:00,455.0432801504459,80.0,220.0,EMS,MWH,VALID
2025-05-23 08:00:00,460.4343284395911,80.0,220.0,EMS,MWH,VALID
2025-05-23 09:00:00,424.8986405418463,80.0,220.0,EMS,MWH,VALID
2025-05-23 10:00:00,438.1987820570323,60.0,220.0,EMS,MWH,VALID
2025-05-23 11:00:00,416.2652273072792,60.0,220.0,EMS,MWH,VALID
2025-05-23 12:00:00,404.6765544506286,60.0,220.0,EMS,MWH,VALID
2025-05-23 13:00:00,401.5174472795647,60.0,220.0,EMS,MWH,VALID
2025-05-23 14:00:00,426.386732658055,60.0,220.0,EMS,MWH,VALID
2025-05-23 15:00:00,402.0438405200632,60.0,220.0,EMS,MWH,VALID
2025-05-23 16:00:00,437.4176367113651,80.0,220.0,EMS,MWH,VALID
2025-05-23 17:00:00,484.35021648429887,80.0,220.0,EMS,MWH,VALID
2025-05-23 18:00:00,503.29731970825264,80.0,220.0,EMS,MWH,VALID
2025-05-23 19:00:00,525.5537348398024,80.0,220.0,EMS,MWH,VALID
2025-05-23 20:00:00,513.5815902502237,80.0,220.0,EMS,MWH,VALID
2025-05-23 21:00:00,457.8073920206559,80.0,220.0,EMS,MWH,VALID
2025-05-23 22:00:00,370.9740254046554,80.0,220.0,EMS,MWH,VALID
2025-05-23 23:00:00,350.54016431950544,80.0,220.0,EMS,MWH,VALID
2025-05-24 00:00:00,258.29824177504463,80.0,220.0,EMS,MWH,VALID
2025-05-24 01:00:00,279.72361807458753,80.0,220.0,EMS,MWH,VALID
2025-05-24 02:00:00,264.3208020446565,80.0,220.0,EMS,MWH,VALID
2025-05-24 03:00:00,274.29995421626603,80.0,220.0,EMS,MWH,VALID
2025-05-24 04:00:00,273.1012266551052,80.0,220.0,EMS,MWH,VALID
2025-05-24 05:00:00,295.11870709076254,80.0,220.0,EMS,MWH,VALID
2025-05-24 06:00:00,348.6858834732271,80.0,220.0,EMS,MWH,VALID
2025-05-24 07:00:00,385.0543571553509,80.0,220.0,EMS,MWH,VALID
2025-05-24 08:00:00,373.82918398389455,80.0,220.0,EMS,MWH,VALID
2025-05-24 09:00:00,354.56689592504966,80.0,220.0,EMS,MWH,VALID
2025-05-24 10:00:00,358.0735745912667,60.0,220.0,EMS,MWH,VALID
2025-05-24 11:00:00,362.8821111522598,60.0,220.0,EMS,MWH,VALID
2025-05-24 12:00:00,307.50529712494324,60.0,220.0,EMS,MWH,VALID
2025-05-24 13:00:00,309.4221737324375,60.0,220.0,EMS,MWH,VALID
2025-05-24 14:00:00,332.16380757840454,60.0,220.0,EMS,MWH,VALID
2025-05-24 15:00:00,323.9665229160248,60.0,220.0,EMS,MWH,VALID
2025-05-24 16:00:00,348.2984749151424,80.0,220.0,EMS,MWH,VALID
2025-05-24 17:00:00,389.8102331365905,80.0,220.0,EMS,MWH,VALID
2025-05-24 18:00:00,408.1903993296961,80.0,220.0,EMS,MWH,VALID
2025-05-24 19:00:00,435.348502168152,80.0,220.0,EMS,MWH,VALID
2025-05-24 20:00:00,421.8438439177353,80.0,220.0,EMS,MWH,VALID
2025-05-24 21:00:00,350.4001275756272,80.0,220.0,EMS,MWH,VALID
2025-05-24 22:00:00,339.8061509974687,80.0,220.0,EMS,MWH,VALID
2025-05-24 23:00:00,307.9861289538565,80.0,220.0,EMS,MWH,VALID
2025-05-25 00:00:00,271.73831536539006,80.0,220.0,EMS,MWH,VALID
2025-05-25 01:00:00,275.22166637327587,80.0,220.0,EMS,MWH,VALID
2025-05-25 02:00:00,279.76826723681535,80.0,220.0,EMS,MWH,VALID
2025-05-25 03:00:00,288.1462638806615,80.0,220.0,EMS,MWH,VALID
2025-05-25 04:00:00,257.2906222892568,80.0,220.0,EMS,MWH,VALID
2025-05-25 05:00:00,309.847625367137,80.0,220.0,EMS,MWH,VALID
2025-05-25 06:00:00,339.16328433547744,80.0,220.0,EMS,MWH,VALID
2025-05-25 07:00:00,355.5181360032448,80.0,220.0,EMS,MWH,VALID
2025-05-25 08:00:00,381.83559063734896,80.0,220.0,EMS,MWH,VALID
2025-05-25 09:00:00,340.83105361334293,80.0,220.0,EMS,MWH,VALID
2025-05-25 10:00:00,322.20306123703176,60.0,220.0,EMS,MWH,VALID
2025-05-25 11:00:00,324.5253475111461,60.0,220.0,EMS,MWH,VALID
2025-05-25 12:00:00,302.13430745470487,60.0,220.0,EMS,MWH,VALID
2025-05-25 13:00:00,360.3689372300959,60.0,220.0,EMS,MWH,VALID
2025-05-25 14:00:00,357.8228470550151,60.0,220.0,EMS,MWH,VALID
2025-05-25 15:00:00,300.50898465272087,60.0,220.0,EMS,MWH,VALID
2025-05-25 16:00:00,358.3387594452867,80.0,220.0,EMS,MWH,VALID
2025-05-25 17:00:00,407.1959465552552,80.0,220.0,EMS,MWH,VALID
2025-05-25 18:00:00,416.7446116165303,80.0,220.0,EMS,MWH,VALID
2025-05-25 19:00:00,448.7669194585386,80.0,220.0,EMS,MWH,VALID
2025-05-25 20:00:00,415.2681186185712,80.0,220.0,EMS,MWH,VALID
2025-05-25 21:00:00,334.6134990832481,80.0,220.0,EMS,MWH,VALID
2025-05-25 22:00:00,337.9410462155569,80.0,220.0,EMS,MWH,VALID
2025-05-25 23:00:00,274.6188785078986,80.0,220.0,EMS,MWH,VALID
2025-05-26 00:00:00,356.2161774127509,80.0,220.0,EMS,MWH,VALID
2025-05-26 01:00:00,341.62797944763395,80.0,220.0,EMS,MWH,VALID
2025-05-26 02:00:00,328.8707425691828,80.0,220.0,EMS,MWH,VALID
2025-05-26 03:00:00,358.4331733925579,80.0,220.0,EMS,MWH,VALID
2025-05-26 04:00:00,345.6030337177761,80.0,220.0,EMS,MWH,VALID
2025-05-26 05:00:00,349.6416981165301,80.0,220.0,EMS,MWH,VALID
2025-05-26 06:00:00,398.1892534520504,80.0,220.0,EMS,MWH,VALID
2025-05-26 07:00:00,453.91324391515394,80.0,220.0,EMS,MWH,VALID
2025-05-26 08:00:00,457.6477682834737,80.0,220.0,EMS,MWH,VALID
2025-05-26 09:00:00,422.58744481918194,80.0,220.0,EMS,MWH,VALID
2025-05-26 10:00:00,436.83619910478296,60.0,220.0,EMS,MWH,VALID
2025-05-26 11:00:00,422.73071278361607,60.0,220.0,EMS,MWH,VALID
2025-05-26 12:00:00,409.621580444089,60.0,220.0,EMS,MWH,VALID
2025-05-26 13:00:00,369.343843587706,60.0,220.0,EMS,MWH,VALID
2025-05-26 14:00:00,396.6791529129884,60.0,220.0,EMS,MWH,VALID
2025-05-26 15:00:00,424.3972688899577,60.0,220.0,EMS,MWH,VALID
2025-05-26 16:00:00,462.6134917459183,80.0,220.0,EMS,MWH,VALID
2025-05-26 17:00:00,464.306373246976,80.0,220.0,EMS,MWH,VALID
2025-05-26 18:00:00,500.4004717486776,80.0,220.0,EMS,MWH,VALID
2025-05-26 19:00:00,510.061201333763,80.0,220.0,EMS,MWH,VALID
2025-05-26 20:00:00,506.0071733513326,80.0,220.0,EMS,MWH,VALID
2025-05-26 21:00:00,456.951960325927,80.0,220.0,EMS,MWH,VALID
2025-05-26 22:00:00,405.9412327699982,80.0,220.0,EMS,MWH,VALID
2025-05-26 23:00:00,354.733202517422,80.0,220.0,EMS,MWH,VALID
2025-05-27 00:00:00,320.89309978587187,80.0,220.0,EMS,MWH,VALID
2025-05-27 01:00:00,337.98321328924146,80.0,220.0,EMS,MWH,VALID
2025-05-27 02:00:00,350.3451363584142,80.0,220.0,EMS,MWH,VALID
2025-05-27 03:00:00,336.9549387162268,80.0,220.0,EMS,MWH,VALID
2025-05-27 04:00:00,348.1436821334745,80.0,220.0,EMS,MWH,VALID
2025-05-27 05:00:00,350.2086179214584,80.0,220.0,EMS,MWH,VALID
2025-05-27 06:00:00,378.5617316992285,80.0,220.0,EMS,MWH,VALID
2025-05-27 07:00:00,437.6871464689289,80.0,220.0,EMS,MWH,VALID
2025-05-27 08:00:00,445.1304643271994,80.0,220.0,EMS,MWH,VALID
2025-05-27 09:00:00,449.1935236381932,80.0,220.0,EMS,MWH,VALID
2025-05-27 10:00:00,444.0016007709623,60.0,220.0,EMS,MWH,VALID
2025-05-27 11:00:00,422.959354490928,60.0,220.0,EMS,MWH,VALID
2025-05-27 12:00:00,399.5549828441796,60.0,220.0,EMS,MWH,VALID
2025-05-27 13:00:00,415.6818762186806,60.0,220.0,EMS,MWH,VALID
2025-05-27 14:00:00,421.19216099825786,60.0,220.0,EMS,MWH,VALID
2025-05-27 15:00:00,437.1891843690272,60.0,220.0,EMS,MWH,VALID
2025-05-27 16:00:00,436.7989253139613,80.0,220.0,EMS,MWH,VALID
2025-05-27 17:00:00,474.7055865524722,80.0,220.0,EMS,MWH,VALID
2025-05-27 18:00:00,498.5709305586972,80.0,220.0,EMS,MWH,VALID
2025-05-27 19:00:00,533.4881686746427,80.0,220.0,EMS,MWH,VALID
2025-05-27 20:00:00,510.2812288158312,80.0,220.0,EMS,MWH,VALID
2025-05-27 21:00:00,450.28749623939393,80.0,220.0,EMS,MWH,VALID
2025-05-27 22:00:00,419.9082868045925,80.0,220.0,EMS,MWH,VALID
2025-05-27 23:00:00,366.17120751134337,80.0,220.0,EMS,MWH,VALID
2025-05-28 00:00:00,319.0237800185398,80.0,220.0,EMS,MWH,VALID
2025-05-28 01:00:00,332.0053889441395,80.0,220.0,EMS,MWH,VALID
2025-05-28 02:00:00,327.9698503449425,80.0,220.0,EMS,MWH,VALID
2025-05-28 03:00:00,340.77492115315846,80.0,220.0,EMS,MWH,VALID
2025-05-28 04:00:00,378.3475543325569,80.0,220.0,EMS,MWH,VALID
2025-05-28 05:00:00,383.1418103800676,80.0,220.0,EMS,MWH,VALID
2025-05-28 06:00:00,410.3662547619514,80.0,220.0,EMS,MWH,VALID
2025-05-28 07:00:00,410.4535816337122,80.0,220.0,EMS,MWH,VALID
2025-05-28 08:00:00,470.3657734109288,80.0,220.0,EMS,MWH,VALID
2025-05-28 09:00:00,459.640591873719,80.0,220.0,EMS,MWH,VALID
2025-05-28 10:00:00,452.3059224194021,60.0,220.0,EMS,MWH,VALID
2025-05-28 11:00:00,392.16094105369865,60.0,220.0,EMS,MWH,VALID
2025-05-28 12:00:00,397.4853205708213,60.0,220.0,EMS,MWH,VALID
2025-05-28 13:00:00,415.0074806723106,60.0,220.0,EMS,MWH,VALID
2025-05-28 14:00:00,385.0714801375123,60.0,220.0,EMS,MWH,VALID
2025-05-28 15:00:00,438.4400600452756,60.0,220.0,EMS,MWH,VALID
2025-05-28 16:00:00,449.1426174645765,80.0,220.0,EMS,MWH,VALID
2025-05-28 17:00:00,479.1438801563287,80.0,220.0,EMS,MWH,VALID
2025-05-28 19:00:00,512.7544838640672,80.0,220.0,EMS,MWH,VALID
2025-05-28 20:00:00,481.94098540103056,80.0,220.0,EMS,MWH,VALID
2025-05-28 21:00:00,445.16362390591473,80.0,220.0,EMS,MWH,VALID
2025-05-28 22:00:00,409.8831971454002,80.0,220.0,EMS,MWH,VALID
2025-05-28 23:00:00,355.767795476555,80.0,220.0,EMS,MWH,VALID
2025-05-29 00:00:00,342.1642333502767,80.0,220.0,EMS,MWH,VALID
2025-05-29 01:00:00,310.5952354346293,80.0,220.0,EMS,MWH,VALID
2025-05-29 02:00:00,304.98452738046564,80.0,220.0,EMS,MWH,VALID
2025-05-29 03:00:00,349.56211120406056,80.0,220.0,EMS,MWH,VALID
2025-05-29 04:00:00,332.5601893392291,80.0,220.0,EMS,MWH,VALID
2025-05-29 05:00:00,359.40378982038067,80.0,220.0,EMS,MWH,VALID
2025-05-29 06:00:00,381.67821862133707,80.0,220.0,EMS,MWH,VALID
2025-05-29 07:00:00,432.6858911044617,80.0,220.0,EMS,MWH,VALID
2025-05-29 08:00:00,474.14088675033935,80.0,220.0,EMS,MWH,VALID
2025-05-29 09:00:00,437.7859083632024,80.0,220.0,EMS,MWH,VALID
2025-05-29 10:00:00,409.86047316484064,60.0,220.0,EMS,MWH,VALID
2025-05-29 11:00:00,399.1155794118694,60.0,220.0,EMS,MWH,VALID
2025-05-29 12:00:00,407.6937990160453,60.0,220.0,EMS,MWH,VALID
2025-05-29 13:00:00,388.3706109354882,60.0,220.0,EMS,MWH,VALID
2025-05-29 14:00:00,394.7606712438201,60.0,220.0,EMS,MWH,VALID
2025-05-29 15:00:00,387.26154560556336,60.0,220.0,EMS,MWH,VALID
2025-05-29 16:00:00,443.991007839172,80.0,220.0,EMS,MWH,VALID
2025-05-29 17:00:00,486.9162625353831,80.0,220.0,EMS,MWH,VALID
2025-05-29 18:00:00,498.575288073305,80.0,220.0,EMS,MWH,VALID
2025-05-29 19:00:00,511.818811598802,80.0,220.0,EMS,MWH,VALID
2025-05-29 20:00:00,499.7204191147926,80.0,220.0,EMS,MWH,VALID
2025-05-29 21:00:00,455.51896688091983,80.0,220.0,EMS,MWH,VALID
2025-05-29 22:00:00,397.945530934868,80.0,220.0,EMS,MWH,VALID
2025-05-29 23:00:00,361.6901661906722,80.0,220.0,EMS,MWH,VALID
2025-05-30 00:00:00,323.9383224330339,80.0,220.0,EMS,MWH,VALID
2025-05-30 01:00:00,338.27493712173447,80.0,220.0,EMS,MWH,VALID
2025-05-30 02:00:00,336.45515073130315,80.0,220.0,EMS,MWH,VALID
2025-05-30 03:00:00,320.76257777064154,80.0,220.0,EMS,MWH,VALID
2025-05-30 05:00:00,369.3787564797692,80.0,220.0,EMS,MWH,VALID
2025-05-30 06:00:00,401.24975623434506,80.0,220.0,EMS,MWH,VALID
2025-05-30 07:00:00,414.4066980849396,80.0,220.0,EMS,MWH,VALID
2025-05-30 08:00:00,449.3028032214916,65.6,220.0,EMS,MWH,VALID
2025-05-30 09:00:00,442.5836134457399,65.6,220.0,EMS,MWH,VALID
2025-05-30 10:00:00,405.2684371951538,49.2,220.0,EMS,MWH,VALID
2025-05-30 11:00:00,436.9465265490479,49.2,220.0,EMS,MWH,VALID
2025-05-30 12:00:00,401.6561176305255,49.2,220.0,EMS,MWH,VALID
2025-05-30 13:00:00,393.41250507902834,49.2,220.0,EMS,MWH,VALID
2025-05-30 14:00:00,406.0559523409313,49.2,220.0,EMS,MWH,VALID
2025-05-30 15:00:00,409.9343049372669,49.2,220.0,EMS,MWH,VALID
2025-05-30 16:00:00,458.5274004177595,65.6,220.0,EMS,MWH,VALID
2025-05-30 17:00:00,492.1554440491998,65.6,220.0,EMS,MWH,VALID
2025-05-30 18:00:00,510.2286573586314,65.6,220.0,EMS,MWH,VALID
2025-05-30 19:00:00,533.9252775767058,80.0,220.0,EMS,MWH,VALID
2025-05-30 20:00:00,496.980323933728,80.0,220.0,EMS,MWH,VALID
2025-05-30 21:00:00,424.1736828267774,80.0,220.0,EMS,MWH,VALID
2025-05-30 22:00:00,396.9266313469098,80.0,220.0,EMS,MWH,VALID
2025-05-30 23:00:00,352.2146965114098,80.0,220.0,EMS,MWH,VALID
2025-05-31 00:00:00,259.4808892870232,80.0,220.0,EMS,MWH,VALID
2025-05-31 01:00:00,277.92209659424884,80.0,220.0,EMS,MWH,VALID
2025-05-31 02:00:00,299.5178833293607,80.0,220.0,EMS,MWH,VALID
2025-05-31 03:00:00,261.9286750374021,80.0,220.0,EMS,MWH,VALID
2025-05-31 04:00:00,283.27988490208554,80.0,220.0,EMS,MWH,VALID
2025-05-31 05:00:00,297.31584727521624,80.0,220.0,EMS,MWH,VALID
2025-05-31 06:00:00,349.7064570022703,80.0,220.0,EMS,MWH,VALID
2025-05-31 07:00:00,345.1867076498479,80.0,220.0,EMS,MWH,VALID
2025-05-31 08:00:00,392.7414381508066,80.0,220.0,EMS,MWH,VALID
2025-05-31 09:00:00,341.70760187884923,80.0,220.0,EMS,MWH,VALID
2025-05-31 10:00:00,285.39387552367543,60.0,220.0,EMS,MWH,VALID
2025-05-31 11:00:00,352.22857674254726,60.0,220.0,EMS,MWH,VALID
2025-05-31 12:00:00,250.10348142214295,60.0,220.0,EMS,MWH,VALID
2025-05-31 13:00:00,327.6988446523831,60.0,220.0,EMS,MWH,VALID
2025-05-31 14:00:00,273.53089732970244,60.0,220.0,EMS,MWH,VALID
2025-05-31 15:00:00,321.9049812415238,60.0,220.0,EMS,MWH,VALID
2025-05-31 16:00:00,384.3832021833898,80.0,220.0,EMS,MWH,VALID
2025-05-31 17:00:00,404.2020268110752,80.0,220.0,EMS,MWH,VALID
2025-05-31 18:00:00,420.8286989040878,80.0,220.0,EMS,MWH,VALID
2025-05-31 19:00:00,444.8893489926624,80.0,220.0,EMS,MWH,VALID
2025-05-31 20:00:00,413.85160407768063,80.0,220.0,EMS,MWH,VALID
2025-05-31 21:00:00,380.4863074473574,80.0,220.0,EMS,MWH,VALID
2025-05-31 22:00:00,329.1360970062118,80.0,220.0,EMS,MWH,VALID
2025-05-31 23:00:00,289.51509403514234,80.0,220.0,EMS,MWH,VALID
2025-06-01 00:00:00,259.5385095031253,80.0,220.0,EMS,MWH,VALID
2025-06-01 01:00:00,266.4044672678017,80.0,220.0,EMS,MWH,VALID
2025-06-01 02:00:00,247.3417988327515,80.0,220.0,EMS,MWH,VALID
2025-06-01 03:00:00,274.22818246848146,80.0,220.0,EMS,MWH,VALID
2025-06-01 04:00:00,301.02423280632206,80.0,220.0,EMS,MWH,VALID
2025-06-01 05:00:00,284.00447442478645,80.0,220.0,EMS,MWH,VALID
2025-06-01 06:00:00,320.6087843131217,80.0,220.0,EMS,MWH,VALID
2025-06-01 07:00:00,321.10361749743174,80.0,220.0,EMS,MWH,VALID
2025-06-01 08:00:00,369.819519236458,80.0,220.0,EMS,MWH,VALID
2025-06-01 09:00:00,408.5109478946848,80.0,220.0,EMS,MWH,VALID
2025-06-01 10:00:00,355.9672088244408,60.0,220.0,EMS,MWH,VALID
2025-06-01 11:00:00,353.88806611736936,60.0,220.0,EMS,MWH,VALID
2025-06-01 12:00:00,294.1405708345519,60.0,220.0,EMS,MWH,VALID
2025-06-01 13:00:00,339.8462376870588,60.0,220.0,EMS,MWH,VALID
2025-06-01 14:00:00,324.416246831042,60.0,220.0,EMS,MWH,VALID
2025-06-01 15:00:00,287.7003976673388,60.0,220.0,EMS,MWH,VALID
2025-06-01 16:00:00,336.50364703751285,80.0,220.0,EMS,MWH,VALID
2025-06-01 17:00:00,405.6723322807497,80.0,220.0,EMS,MWH,VALID
2025-06-01 18:00:00,425.1964414886216,80.0,220.0,EMS,MWH,VALID
2025-06-01 19:00:00,436.9690137861355,80.0,220.0,EMS,MWH,VALID
2025-06-01 20:00:00,400.87115405136166,80.0,220.0,EMS,MWH,VALID
2025-06-01 21:00:00,373.4375971473023,80.0,220.0,EMS,MWH,VALID
2025-06-01 22:00:00,345.5120841775838,80.0,220.0,EMS,MWH,VALID
2025-06-01 23:00:00,284.42090848640925,80.0,220.0,EMS,MWH,VALID
2025-06-02 00:00:00,339.19962760356094,80.0,220.0,EMS,MWH,VALID
2025-06-02 01:00:00,328.5422244978804,80.0,220.0,EMS,MWH,VALID
2025-06-02 02:00:00,351.23469629486965,80.0,220.0,EMS,MWH,VALID
2025-06-02 03:00:00,322.1309482366408,80.0,220.0,EMS,MWH,VALID
2025-06-02 04:00:00,333.62339949969754,80.0,220.0,EMS,MWH,VALID
2025-06-02 05:00:00,374.4804343388596,80.0,220.0,EMS,MWH,VALID
2025-06-02 06:00:00,390.54088176195256,80.0,220.0,EMS,MWH,VALID
2025-06-02 07:00:00,434.87905552396177,80.0,220.0,EMS,MWH,VALID
2025-06-02 08:00:00,459.9061411153922,80.0,220.0,EMS,MWH,VALID
2025-06-02 09:00:00,450.5553072741548,80.0,220.0,EMS,MWH,VALID
2025-06-02 10:00:00,406.8598634184681,60.0,220.0,EMS,MWH,VALID
2025-06-02 11:00:00,423.84345172886816,60.0,220.0,EMS,MWH,VALID
2025-06-02 12:00:00,396.926386785242,60.0,220.0,EMS,MWH,VALID
2025-06-02 13:00:00,383.0776138895853,60.0,220.0,EMS,MWH,VALID
2025-06-02 14:00:00,430.3524811136246,60.0,220.0,EMS,MWH,VALID
2025-06-02 15:00:00,431.9299638504583,60.0,220.0,EMS,MWH,VALID
2025-06-02 16:00:00,422.1262538467518,80.0,220.0,EMS,MWH,VALID
2025-06-02 17:00:00,442.5695890296082,80.0,220.0,EMS,MWH,VALID
2025-06-02 18:00:00,506.484550197536,80.0,220.0,EMS,MWH,VALID
2025-06-02 19:00:00,543.7848311068365,80.0,220.0,EMS,MWH,VALID
2025-06-02 20:00:00,482.128138586292,80.0,220.0,EMS,MWH,VALID
2025-06-02 21:00:00,440.740983626906,80.0,220.0,EMS,MWH,VALID
2025-06-02 22:00:00,380.78335631125833,80.0,220.0,EMS,MWH,VALID
2025-06-02 23:00:00,364.0760108324666,80.0,220.0,EMS,MWH,VALID
2025-06-03 00:00:00,326.9058587625179,80.0,220.0,EMS,MWH,VALID
2025-06-03 01:00:00,317.4823631746716,80.0,220.0,EMS,MWH,VALID
2025-06-03 02:00:00,308.3290926451989,80.0,220.0,EMS,MWH,VALID
2025-06-03 03:00:00,335.42353862161866,80.0,220.0,EMS,MWH,VALID
2025-06-03 04:00:00,352.8436675943417,80.0,220.0,EMS,MWH,VALID
2025-06-03 05:00:00,352.49891325763986,80.0,220.0,EMS,MWH,VALID
2025-06-03 06:00:00,401.5390202292304,80.0,220.0,EMS,MWH,VALID
2025-06-03 07:00:00,426.7526921424573,80.0,220.0,EMS,MWH,VALID
2025-06-03 08:00:00,477.0898420719995,80.0,220.0,EMS,MWH,VALID
2025-06-03 09:00:00,466.4433218484989,80.0,220.0,EMS,MWH,VALID
2025-06-03 10:00:00,436.6972868130421,60.0,220.0,EMS,MWH,VALID
2025-06-03 11:00:00,415.4048986238562,60.0,220.0,EMS,MWH,VALID
2025-06-03 12:00:00,407.4213360120816,60.0,220.0,EMS,MWH,VALID
2025-06-03 13:00:00,403.863804997658,60.0,220.0,EMS,MWH,VALID
2025-06-03 14:00:00,404.34873183827625,60.0,220.0,EMS,MWH,VALID
2025-06-03 15:00:00,390.4860643314786,60.0,220.0,EMS,MWH,VALID
2025-06-03 16:00:00,463.1171031610091,80.0,220.0,EMS,MWH,VALID
2025-06-03 17:00:00,458.53806659296106,80.0,220.0,EMS,MWH,VALID
2025-06-03 18:00:00,528.1238480026303,80.0,220.0,EMS,MWH,VALID
2025-06-03 19:00:00,504.3695301028878,80.0,220.0,EMS,MWH,VALID
2025-06-03 20:00:00,489.5604501593795,80.0,220.0,EMS,MWH,VALID
2025-06-03 21:00:00,448.0444814757815,80.0,220.0,EMS,MWH,VALID
2025-06-03 22:00:00,397.2609736786671,80.0,220.0,EMS,MWH,VALID
2025-06-03 23:00:00,337.9621229748027,80.0,220.0,EMS,MWH,VALID
2025-06-04 00:00:00,340.0379513144016,80.0,220.0,EMS,MWH,VALID
2025-06-04 01:00:00,320.3708630325426,80.0,220.0,EMS,MWH,VALID
2025-06-04 02:00:00,336.9658630307007,80.0,220.0,EMS,MWH,VALID
2025-06-04 03:00:00,358.79234843224253,80.0,220.0,EMS,MWH,VALID
2025-06-04 04:00:00,340.1099590067602,80.0,220.0,EMS,MWH,VALID
2025-06-04 05:00:00,363.34638889698687,80.0,220.0,EMS,MWH,VALID
2025-06-04 06:00:00,376.4623335133514,80.0,220.0,EMS,MWH,VALID
2025-06-04 07:00:00,427.9185325251518,80.0,220.0,EMS,MWH,VALID
2025-06-04 08:00:00,432.0047229417033,80.0,220.0,EMS,MWH,VALID
2025-06-04 09:00:00,444.5115708152364,80.0,220.0,EMS,MWH,VALID
2025-06-04 10:00:00,435.0874897997738,60.0,220.0,EMS,MWH,VALID
2025-06-04 11:00:00,396.5239230062461,60.0,220.0,EMS,MWH,VALID
2025-06-04 12:00:00,392.827029890741,60.0,220.0,EMS,MWH,VALID
2025-06-04 13:00:00,412.3972944138947,60.0,220.0,EMS,MWH,VALID
2025-06-04 14:00:00,402.00226452655374,60.0,220.0,EMS,MWH,VALID
2025-06-04 15:00:00,411.6644474332384,60.0,220.0,EMS,MWH,VALID
2025-06-04 16:00:00,457.3515623944273,80.0,220.0,EMS,MWH,VALID
2025-06-04 17:00:00,458.34549673602487,80.0,220.0,EMS,MWH,VALID
2025-06-04 18:00:00,490.2382908616525,80.0,220.0,EMS,MWH,VALID
2025-06-04 19:00:00,523.7255910146145,80.0,220.0,EMS,MWH,VALID
2025-06-04 20:00:00,525.0687413742705,80.0,220.0,EMS,MWH,VALID
2025-06-04 21:00:00,454.2525301011012,80.0,220.0,EMS,MWH,VALID
2025-06-04 22:00:00,394.474167007012,80.0,220.0,EMS,MWH,VALID
2025-06-04 23:00:00,362.9087085136356,80.0,220.0,EMS,MWH,VALID
2025-06-05 00:00:00,322.0640074666108,80.0,220.0,EMS,MWH,VALID
2025-06-05 01:00:00,344.8989453238472,80.0,220.0,EMS,MWH,VALID
2025-06-05 02:00:00,316.9847626093372,80.0,220.0,EMS,MWH,VALID
2025-06-05 03:00:00,326.929401422011,80.0,220.0,EMS,MWH,VALID
2025-06-05 04:00:00,362.1637283441096,80.0,220.0,EMS,MWH,VALID
2025-06-05 05:00:00,361.7283468923514,80.0,220.0,EMS,MWH,VALID
2025-06-05 06:00:00,402.5393180595445,80.0,220.0,EMS,MWH,VALID
2025-06-05 07:00:00,413.8876483496209,80.0,220.0,EMS,MWH,VALID
2025-06-05 08:00:00,438.98991613309664,80.0,220.0,EMS,MWH,VALID
2025-06-05 09:00:00,447.1205602457226,80.0,220.0,EMS,MWH,VALID
2025-06-05 10:00:00,432.4348909643224,60.0,220.0,EMS,MWH,VALID
2025-06-05 11:00:00,409.2289252129076,60.0,220.0,EMS,MWH,VALID
2025-06-05 12:00:00,385.2603697262306,60.0,220.0,EMS,MWH,VALID
2025-06-05 13:00:00,407.9668951753416,60.0,220.0,EMS,MWH,VALID
2025-06-05 14:00:00,406.81573878501575,60.0,220.0,EMS,MWH,VALID
2025-06-05 15:00:00,429.2909683644017,60.0,220.0,EMS,MWH,VALID
2025-06-05 16:00:00,414.4044496417657,80.0,220.0,EMS,MWH,VALID
2025-06-05 17:00:00,458.8551088072377,80.0,220.0,EMS,MWH,VALID
2025-06-05 18:00:00,498.7696503645925,80.0,220.0,EMS,MWH,VALID
2025-06-05 19:00:00,488.4121284659203,80.0,220.0,EMS,MWH,VALID
2025-06-05 20:00:00,501.9525236226846,80.0,220.0,EMS,MWH,VALID
2025-06-05 21:00:00,437.4370724059358,80.0,220.0,EMS,MWH,VALID
2025-06-05 22:00:00,387.24934488448287,80.0,220.0,EMS,MWH,VALID
2025-06-05 23:00:00,358.6037919287509,80.0,220.0,EMS,MWH,VALID
2025-06-06 00:00:00,310.7431584446885,80.0,220.0,EMS,MWH,VALID
2025-06-06 01:00:00,321.95769455331146,80.0,220.0,EMS,MWH,VALID
2025-06-06 02:00:00,340.4458956148037,80.0,220.0,EMS,MWH,VALID
2025-06-06 03:00:00,307.34237705111485,80.0,220.0,EMS,MWH,VALID
2025-06-06 04:00:00,327.82275990555297,80.0,220.0,EMS,MWH,VALID
2025-06-06 05:00:00,364.7321906191258,80.0,220.0,EMS,MWH,VALID
2025-06-06 06:00:00,416.5069490904101,80.0,220.0,EMS,MWH,VALID
2025-06-06 07:00:00,438.52580723156007,80.0,220.0,EMS,MWH,VALID
2025-06-06 08:00:00,449.1771070374701,80.0,220.0,EMS,MWH,VALID
2025-06-06 09:00:00,469.6716026034508,80.0,220.0,EMS,MWH,VALID
2025-06-06 10:00:00,417.2523217977765,60.0,220.0,EMS,MWH,VALID
2025-06-06 11:00:00,427.79284908343766,60.0,220.0,EMS,MWH,VALID
2025-06-06 12:00:00,412.2666314218852,60.0,220.0,EMS,MWH,VALID
2025-06-06 13:00:00,415.91800606514727,60.0,198.0,EMS,MWH,VALID
2025-06-06 14:00:00,433.7677021890675,60.0,198.0,EMS,MWH,VALID
2025-06-06 15:00:00,405.08037095290734,60.0,198.0,EMS,MWH,VALID
2025-06-06 16:00:00,433.1713211934684,80.0,198.0,EMS,MWH,VALID
2025-06-06 17:00:00,472.4799530266505,80.0,198.0,EMS,MWH,VALID
2025-06-06 18:00:00,524.5244595842144,80.0,198.0,EMS,MWH,VALID
2025-06-06 19:00:00,498.9228032855084,80.0,198.0,EMS,MWH,VALID
2025-06-06 20:00:00,510.1368467819434,80.0,198.0,EMS,MWH,VALID
2025-06-06 21:00:00,414.2714557370164,80.0,198.0,EMS,MWH,VALID
2025-06-06 22:00:00,400.7509569578319,80.0,220.0,EMS,MWH,VALID
2025-06-06 23:00:00,343.8007136464275,80.0,220.0,EMS,MWH,VALID
2025-06-07 00:00:00,264.2118085166423,80.0,220.0,EMS,MWH,VALID
2025-06-07 01:00:00,262.22329853956506,80.0,220.0,EMS,MWH,VALID
2025-06-07 02:00:00,272.33758381509534,80.0,220.0,EMS,MWH,VALID
2025-06-07 03:00:00,273.7026592938272,80.0,220.0,EMS,MWH,VALID
2025-06-07 04:00:00,297.6162576910958,80.0,220.0,EMS,MWH,VALID
2025-06-07 05:00:00,277.22505140567506,80.0,220.0,EMS,MWH,VALID
2025-06-07 06:00:00,321.81538649270715,80.0,220.0,EMS,MWH,VALID
2025-06-07 07:00:00,352.79761110828514,80.0,220.0,EMS,MWH,VALID
2025-06-07 08:00:00,361.90247039439686,80.0,220.0,EMS,MWH,VALID
2025-06-07 09:00:00,366.5953911031153,80.0,220.0,EMS,MWH,VALID
2025-06-07 10:00:00,348.49317755066016,60.0,220.0,EMS,MWH,VALID
2025-06-07 11:00:00,360.3728509895723,60.0,220.0,EMS,MWH,VALID
2025-06-07 12:00:00,316.22896844158726,60.0,220.0,EMS,MWH,VALID
2025-06-07 13:00:00,312.68330909131186,60.0,220.0,EMS,MWH,VALID
2025-06-07 14:00:00,363.1594095661704,60.0,220.0,EMS,MWH,VALID
2025-06-07 15:00:00,337.1469450018995,60.0,220.0,EMS,MWH,VALID
2025-06-07 16:00:00,369.5305177279707,80.0,220.0,EMS,MWH,VALID
2025-06-07 17:00:00,378.9256522523117,80.0,220.0,EMS,MWH,VALID
2025-06-07 18:00:00,415.93528261669127,80.0,220.0,EMS,MWH,VALID
2025-06-07 19:00:00,420.6723405489834,80.0,220.0,EMS,MWH,VALID
2025-06-07 20:00:00,406.22137418218495,80.0,220.0,EMS,MWH,VALID
2025-06-07 21:00:00,375.7267367727447,80.0,220.0,EMS,MWH,VALID
2025-06-07 22:00:00,323.22499644674315,80.0,220.0,EMS,MWH,VALID
2025-06-07 23:00:00,298.43524990659665,80.0,220.0,EMS,MWH,VALID
2025-06-08 00:00:00,259.3049848412943,65.6,220.0,EMS,MWH,VALID
2025-06-08 01:00:00,252.31137749584727,65.6,220.0,EMS,MWH,VALID
2025-06-08 02:00:00,266.43808594170025,65.6,220.0,EMS,MWH,VALID
2025-06-08 03:00:00,260.7282957705559,65.6,220.0,EMS,MWH,VALID
2025-06-08 04:00:00,292.5888491643961,65.6,220.0,EMS,MWH,VALID
2025-06-08 05:00:00,298.5909128397288,80.0,220.0,EMS,MWH,VALID
2025-06-08 06:00:00,316.34297194196336,80.0,220.0,EMS,MWH,VALID
2025-06-08 07:00:00,351.7026123405856,80.0,220.0,EMS,MWH,VALID
2025-06-08 08:00:00,366.5638022266857,80.0,220.0,EMS,MWH,VALID
2025-06-08 09:00:00,348.7519461831174,80.0,220.0,EMS,MWH,VALID
2025-06-08 10:00:00,348.4035651005037,60.0,220.0,EMS,MWH,VALID
2025-06-08 11:00:00,307.106523657073,60.0,220.0,EMS,MWH,VALID
2025-06-08 12:00:00,281.99219638842834,60.0,220.0,EMS,MWH,VALID
2025-06-08 13:00:00,272.5495100717506,60.0,220.0,EMS,MWH,VALID
2025-06-08 14:00:00,301.4409352403748,60.0,220.0,EMS,MWH,VALID
2025-06-08 15:00:00,354.8217891320685,60.0,220.0,EMS,MWH,VALID
2025-06-08 16:00:00,353.6859342408233,80.0,220.0,EMS,MWH,VALID
2025-06-08 17:00:00,400.3299470939699,80.0,220.0,EMS,MWH,VALID
2025-06-08 18:00:00,422.5272032821373,80.0,220.0,EMS,MWH,VALID
2025-06-08 19:00:00,436.1630360018271,80.0,220.0,EMS,MWH,VALID
2025-06-08 20:00:00,401.47681437811895,80.0,220.0,EMS,MWH,VALID
2025-06-08 21:00:00,344.7919366233046,80.0,220.0,EMS,MWH,VALID
2025-06-08 22:00:00,321.2482312757994,80.0,220.0,EMS,MWH,VALID
2025-06-08 23:00:00,300.7322827946579,80.0,220.0,EMS,MWH,VALID
2025-06-09 00:00:00,342.8924714160345,80.0,220.0,EMS,MWH,VALID
2025-06-09 01:00:00,315.0131033458032,80.0,220.0,EMS,MWH,VALID
2025-06-09 02:00:00,323.34530491191447,80.0,220.0,EMS,MWH,VALID
2025-06-09 03:00:00,325.46661470905013,80.0,220.0,EMS,MWH,VALID
2025-06-09 04:00:00,362.6206646811201,80.0,220.0,EMS,MWH,VALID
2025-06-09 05:00:00,357.2512246441204,80.0,220.0,EMS,MWH,VALID
2025-06-09 06:00:00,395.2234185604713,80.0,220.0,EMS,MWH,VALID
2025-06-09 07:00:00,428.8116060551956,80.0,220.0,EMS,MWH,VALID
2025-06-09 08:00:00,416.126230306781,80.0,220.0,EMS,MWH,VALID
2025-06-09 09:00:00,449.5433450894785,80.0,220.0,EMS,MWH,VALID
2025-06-09 10:00:00,426.98064357977785,60.0,220.0,EMS,MWH,VALID
2025-06-09 11:00:00,397.844650259152,60.0,220.0,EMS,MWH,VALID
2025-06-09 12:00:00,434.3132378674364,60.0,220.0,EMS,MWH,VALID
2025-06-09 13:00:00,422.98612140066274,60.0,220.0,EMS,MWH,VALID
2025-06-09 14:00:00,408.5116303608988,60.0,220.0,EMS,MWH,VALID
2025-06-09 15:00:00,415.9249940684656,60.0,220.0,EMS,MWH,VALID
2025-06-09 16:00:00,458.3005997815905,80.0,220.0,EMS,MWH,VALID
2025-06-09 17:00:00,488.9380270165785,80.0,220.0,EMS,MWH,VALID
2025-06-09 18:00:00,503.3499486179767,80.0,220.0,EMS,MWH,VALID
2025-06-09 19:00:00,519.9401304476405,80.0,220.0,EMS,MWH,VALID
2025-06-09 20:00:00,502.7639826881816,80.0,220.0,EMS,MWH,VALID
2025-06-09 21:00:00,435.4780698605039,80.0,220.0,EMS,MWH,VALID
2025-06-09 22:00:00,429.9542590850793,80.0,220.0,EMS,MWH,VALID
2025-06-09 23:00:00,369.551760161916,80.0,220.0,EMS,MWH,VALID
2025-06-10 00:00:00,320.6182007863334,80.0,220.0,EMS,MWH,VALID
2025-06-10 01:00:00,391.1825018860167,80.0,220.0,EMS,MWH,VALID
2025-06-10 02:00:00,320.95655251549675,80.0,220.0,EMS,MWH,VALID
2025-06-10 03:00:00,345.2749135447815,80.0,220.0,EMS,MWH,VALID
2025-06-10 04:00:00,332.5825755913935,80.0,220.0,EMS,MWH,VALID
2025-06-10 05:00:00,352.5193230107364,80.0,220.0,EMS,MWH,VALID
2025-06-10 06:00:00,397.0478831417042,80.0,220.0,EMS,MWH,VALID
2025-06-10 07:00:00,427.7037365580958,80.0,220.0,EMS,MWH,VALID
2025-06-10 08:00:00,447.7853440483052,80.0,220.0,EMS,MWH,VALID
2025-06-10 09:00:00,448.7153548752879,80.0,220.0,EMS,MWH,VALID
2025-06-10 10:00:00,441.8696402343433,60.0,220.0,EMS,MWH,VALID
2025-06-10 11:00:00,430.1067047885725,60.0,220.0,EMS,MWH,VALID
2025-06-10 12:00:00,450.4918712482333,60.0,220.0,EMS,MWH,VALID
2025-06-10 13:00:00,418.4666843478431,60.0,220.0,EMS,MWH,VALID
2025-06-10 14:00:00,400.6491859522969,60.0,220.0,EMS,MWH,VALID
2025-06-10 15:00:00,404.56256199408085,60.0,220.0,EMS,MWH,VALID
2025-06-10 16:00:00,449.46782953050587,80.0,220.0,EMS,MWH,VALID
2025-06-10 17:00:00,469.6458845411524,80.0,220.0,EMS,MWH,VALID
2025-06-10 18:00:00,496.476279442978,80.0,220.0,EMS,MWH,VALID
2025-06-10 19:00:00,500.0066203728204,80.0,220.0,EMS,MWH,VALID
2025-06-10 20:00:00,490.54372114579377,80.0,220.0,EMS,MWH,VALID
2025-06-10 21:00:00,423.60979983983856,80.0,220.0,EMS,MWH,VALID
2025-06-10 22:00:00,403.16548680702346,80.0,220.0,EMS,MWH,VALID
2025-06-10 23:00:00,340.74158587276924,80.0,220.0,EMS,MWH,VALID
2025-06-11 00:00:00,338.7989840832371,80.0,220.0,EMS,MWH,VALID
2025-06-11 01:00:00,345.8514628444864,80.0,220.0,EMS,MWH,VALID
2025-06-11 02:00:00,325.10130804592325,80.0,220.0,EMS,MWH,VALID
2025-06-11 03:00:00,302.6640879473457,80.0,220.0,EMS,MWH,VALID
2025-06-11 04:00:00,364.7230776496047,80.0,220.0,EMS,MWH,VALID
2025-06-11 05:00:00,359.2746908478105,80.0,220.0,EMS,MWH,VALID
2025-06-11 06:00:00,402.3921764128228,80.0,220.0,EMS,MWH,VALID
2025-06-11 07:00:00,407.7458614334417,80.0,220.0,EMS,MWH,VALID
2025-06-11 08:00:00,468.49882674809896,80.0,220.0,EMS,MWH,VALID
2025-06-11 09:00:00,414.39370565135073,80.0,220.0,EMS,MWH,VALID
2025-06-11 10:00:00,407.2871307981034,60.0,220.0,EMS,MWH,VALID
2025-06-11 11:00:00,431.41902124042434,60.0,220.0,EMS,MWH,VALID
2025-06-11 12:00:00,388.0141866836724,60.0,220.0,EMS,MWH,VALID
2025-06-11 13:00:00,414.2431757677905,60.0,220.0,EMS,MWH,VALID
2025-06-11 14:00:00,412.330482567582,60.0,220.0,EMS,MWH,VALID
2025-06-11 15:00:00,423.9740980108539,60.0,220.0,EMS,MWH,VALID
2025-06-11 16:00:00,454.0211469932154,80.0,220.0,EMS,MWH,VALID
2025-06-11 17:00:00,457.5785187215849,80.0,220.0,EMS,MWH,VALID
2025-06-11 18:00:00,531.7451821464781,80.0,220.0,EMS,MWH,VALID
2025-06-11 19:00:00,515.673004323927,80.0,220.0,EMS,MWH,VALID
2025-06-11 20:00:00,503.8588313424426,80.0,220.0,EMS,MWH,VALID
2025-06-11 21:00:00,470.2940908044093,80.0,220.0,EMS,MWH,VALID
2025-06-11 22:00:00,395.68324255880174,80.0,220.0,EMS,MWH,VALID
2025-06-11 23:00:00,393.3873665131836,80.0,220.0,EMS,MWH,VALID
2025-06-12 00:00:00,298.342617895228,80.0,220.0,EMS,MWH,VALID
2025-06-12 01:00:00,352.6961553592363,80.0,220.0,EMS,MWH,VALID
2025-06-12 02:00:00,321.08900084128857,80.0,220.0,EMS,MWH,VALID
2025-06-12 03:00:00,313.35040557521626,80.0,220.0,EMS,MWH,VALID
2025-06-12 04:00:00,378.7724639601069,80.0,220.0,EMS,MWH,VALID
2025-06-12 05:00:00,340.6595150951167,80.0,220.0,EMS,MWH,VALID
2025-06-12 06:00:00,376.5898737191198,80.0,220.0,EMS,MWH,VALID
2025-06-12 07:00:00,439.5946282116493,80.0,220.0,EMS,MWH,VALID
2025-06-12 08:00:00,459.5053201591203,80.0,220.0,EMS,MWH,VALID
2025-06-12 09:00:00,441.6060207394826,80.0,220.0,EMS,MWH,VALID
2025-06-12 10:00:00,410.7451470229223,60.0,220.0,EMS,MWH,VALID
2025-06-12 11:00:00,407.9807043524521,60.0,220.0,EMS,MWH,VALID
2025-06-12 12:00:00,399.0716493189588,60.0,220.0,EMS,MWH,VALID
2025-06-12 13:00:00,385.23165997885735,60.0,220.0,EMS,MWH,VALID
2025-06-12 14:00:00,395.7784813061244,60.0,220.0,EMS,MWH,VALID
2025-06-12 15:00:00,430.8515357103839,60.0,220.0,EMS,MWH,VALID
2025-06-12 16:00:00,445.47607385949146,80.0,220.0,EMS,MWH,VALID
2025-06-12 17:00:00,483.42349527893737,80.0,220.0,EMS,MWH,VALID
2025-06-12 18:00:00,499.9233158841595,80.0,220.0,EMS,MWH,VALID
2025-06-12 19:00:00,503.49737719454896,80.0,220.0,EMS,MWH,VALID
2025-06-12 20:00:00,516.1608798122544,80.0,220.0,EMS,MWH,VALID
2025-06-12 21:00:00,434.5208687752073,80.0,220.0,EMS,MWH,VALID
2025-06-12 22:00:00,376.38720571875615,80.0,220.0,EMS,MWH,VALID
2025-06-12 23:00:00,361.88441619157777,80.0,220.0,EMS,MWH,VALID
2025-06-13 00:00:00,325.8735228094908,80.0,220.0,EMS,MWH,VALID
2025-06-13 01:00:00,316.810394293375,80.0,220.0,EMS,MWH,VALID
2025-06-13 02:00:00,311.8013964948185,80.0,220.0,EMS,MWH,VALID
2025-06-13 03:00:00,313.89902487721577,80.0,220.0,EMS,MWH,VALID
2025-06-13 04:00:00,343.7756576554785,80.0,220.0,EMS,MWH,VALID
2025-06-13 05:00:00,345.8599897707344,80.0,220.0,EMS,MWH,VALID
2025-06-13 06:00:00,409.5197747025375,80.0,220.0,EMS,MWH,VALID
2025-06-13 07:00:00,437.9717617983246,80.0,220.0,EMS,MWH,VALID
2025-06-13 08:00:00,448.8043701608576,80.0,220.0,EMS,MWH,VALID
2025-06-13 09:00:00,445.6350435772744,80.0,220.0,EMS,MWH,VALID
2025-06-13 10:00:00,449.0842029289274,60.0,220.0,EMS,MWH,VALID
2025-06-13 11:00:00,431.4805331931491,60.0,220.0,EMS,MWH,VALID
2025-06-13 12:00:00,422.9237738691382,60.0,220.0,EMS,MWH,VALID
2025-06-13 13:00:00,416.4813501620322,60.0,220.0,EMS,MWH,VALID
2025-06-13 14:00:00,399.2674831509629,60.0,220.0,EMS,MWH,VALID
2025-06-13 15:00:00,441.0266200084393,60.0,220.0,EMS,MWH,VALID
2025-06-13 16:00:00,437.513142508496,80.0,220.0,EMS,MWH,VALID
2025-06-13 17:00:00,472.7934289881839,80.0,220.0,EMS,MWH,VALID
2025-06-13 18:00:00,500.8078120223603,80.0,220.0,EMS,MWH,VALID
2025-06-13 19:00:00,507.15736488787775,80.0,220.0,EMS,MWH,VALID
2025-06-13 20:00:00,494.3512310267319,80.0,220.0,EMS,MWH,VALID
2025-06-13 21:00:00,433.55750560495926,80.0,220.0,EMS,MWH,VALID
2025-06-13 22:00:00,386.2071077511146,80.0,220.0,EMS,MWH,VALID
2025-06-13 23:00:00,375.85247533652415,80.0,220.0,EMS,MWH,VALID
2025-06-14 00:00:00,276.05420150508485,80.0,220.0,EMS,MWH,VALID
2025-06-14 01:00:00,275.43824585593825,80.0,220.0,EMS,MWH,VALID
2025-06-14 02:00:00,247.73771858681528,80.0,220.0,EMS,MWH,VALID
2025-06-14 03:00:00,304.22098848589434,80.0,220.0,EMS,MWH,VALID
2025-06-14 04:00:00,267.5271626974264,80.0,220.0,EMS,MWH,VALID
2025-06-14 05:00:00,291.80695397410324,80.0,220.0,EMS,MWH,VALID
2025-06-14 06:00:00,320.92438968888786,80.0,220.0,EMS,MWH,VALID
2025-06-14 07:00:00,353.0374499856757,80.0,220.0,EMS,MWH,VALID
2025-06-14 08:00:00,367.1841307982125,80.0,220.0,EMS,MWH,VALID
2025-06-14 09:00:00,357.8205737212569,80.0,220.0,EMS,MWH,VALID
2025-06-14 10:00:00,286.906796580407,60.0,220.0,EMS,MWH,VALID
2025-06-14 11:00:00,330.2477663776655,60.0,220.0,EMS,MWH,VALID
2025-06-14 12:00:00,265.9315541852475,60.0,220.0,EMS,MWH,VALID
2025-06-14 13:00:00,350.88229495095885,60.0,220.0,EMS,MWH,VALID
2025-06-14 14:00:00,337.74414447456127,60.0,220.0,EMS,MWH,VALID
2025-06-14 15:00:00,364.0660686981832,60.0,220.0,EMS,MWH,VALID
2025-06-14 16:00:00,369.05696044459097,80.0,220.0,EMS,MWH,VALID
2025-06-14 17:00:00,397.3373808996118,80.0,220.0,EMS,MWH,VALID
2025-06-14 18:00:00,419.4514651415132,80.0,220.0,EMS,MWH,VALID
2025-06-14 19:00:00,427.38162250392185,80.0,220.0,EMS,MWH,VALID
2025-06-14 20:00:00,399.46085444360847,80.0,220.0,EMS,MWH,VALID
2025-06-14 21:00:00,355.7821641758919,80.0,220.0,EMS,MWH,VALID
2025-06-14 22:00:00,292.0551331110569,65.6,220.0,EMS,MWH,VALID
2025-06-14 23:00:00,292.93181392919104,65.6,220.0,EMS,MWH,VALID
2025-06-15 00:00:00,265.08936429810166,65.6,220.0,EMS,MWH,VALID
2025-06-15 01:00:00,269.361830236602,65.6,220.0,EMS,MWH,VALID
2025-06-15 02:00:00,275.54067839258465,65.6,220.0,EMS,MWH,VALID
2025-06-15 03:00:00,273.6886472064949,65.6,220.0,EMS,MWH,VALID
2025-06-15 04:00:00,280.2538123474833,65.6,220.0,EMS,MWH,VALID
2025-06-15 05:00:00,284.8462443212381,65.6,220.0,EMS,MWH,VALID
2025-06-15 06:00:00,320.4257196761526,80.0,220.0,EMS,MWH,VALID
2025-06-15 07:00:00,352.529981389634,80.0,220.0,EMS,MWH,VALID
2025-06-15 08:00:00,356.786927136116,80.0,220.0,EMS,MWH,VALID
2025-06-15 09:00:00,359.761504766008,80.0,220.0,EMS,MWH,VALID
2025-06-15 10:00:00,324.3321263727524,60.0,220.0,EMS,MWH,VALID
2025-06-15 11:00:00,316.0555128540432,60.0,220.0,EMS,MWH,VALID
2025-06-15 12:00:00,279.2372963417957,60.0,220.0,EMS,MWH,VALID
2025-06-15 13:00:00,339.0898771811727,60.0,220.0,EMS,MWH,VALID
2025-06-15 14:00:00,314.5196247448539,60.0,220.0,EMS,MWH,VALID
2025-06-15 15:00:00,271.69661276173395,60.0,220.0,EMS,MWH,VALID
2025-06-15 16:00:00,370.3238241690584,80.0,220.0,EMS,MWH,VALID
2025-06-15 17:00:00,393.5290671280584,80.0,220.0,EMS,MWH,VALID
2025-06-15 18:00:00,397.8504897376308,80.0,220.0,EMS,MWH,VALID
2025-06-15 19:00:00,417.5487655655785,80.0,220.0,EMS,MWH,VALID
2025-06-15 20:00:00,396.9239008634564,80.0,220.0,EMS,MWH,VALID
2025-06-15 21:00:00,370.9339715184802,80.0,220.0,EMS,MWH,VALID
2025-06-15 22:00:00,331.1059659620514,80.0,220.0,EMS,MWH,VALID
2025-06-15 23:00:00,284.2739664704136,80.0,220.0,EMS,MWH,VALID
2025-06-16 00:00:00,333.04155095990524,80.0,220.0,EMS,MWH,VALID
2025-06-16 01:00:00,322.2945530320126,80.0,220.0,EMS,MWH,VALID
2025-06-16 02:00:00,330.0395235350278,80.0,220.0,EMS,MWH,VALID
2025-06-16 03:00:00,336.84812291385003,80.0,220.0,EMS,MWH,VALID
2025-06-16 04:00:00,348.1263976407767,80.0,220.0,EMS,MWH,VALID
2025-06-16 05:00:00,350.7464299535911,80.0,220.0,EMS,MWH,VALID
2025-06-16 06:00:00,368.38062199855983,80.0,220.0,EMS,MWH,VALID
2025-06-16 07:00:00,421.60571853799615,80.0,220.0,EMS,MWH,VALID
2025-06-16 08:00:00,446.2324936122608,80.0,220.0,EMS,MWH,VALID
2025-06-16 09:00:00,415.2573542089685,80.0,220.0,EMS,MWH,VALID
2025-06-16 10:00:00,422.3030209552505,60.0,220.0,EMS,MWH,VALID
2025-06-16 11:00:00,401.015298307934,60.0,220.0,EMS,MWH,VALID
2025-06-16 12:00:00,392.42450858304574,60.0,220.0,EMS,MWH,VALID
2025-06-16 13:00:00,387.3133720669985,60.0,220.0,EMS,MWH,VALID
2025-06-16 14:00:00,409.8749023706177,60.0,220.0,EMS,MWH,VALID
2025-06-16 15:00:00,393.6431441277695,60.0,220.0,EMS,MWH,VALID
2025-06-16 16:00:00,442.5316085714152,80.0,220.0,EMS,MWH,VALID
2025-06-16 17:00:00,484.5039973311461,80.0,220.0,EMS,MWH,VALID
2025-06-16 18:00:00,523.2037988805446,80.0,220.0,EMS,MWH,VALID
2025-06-16 19:00:00,518.2570127146842,80.0,220.0,EMS,MWH,VALID
2025-06-16 20:00:00,508.7572718539984,80.0,220.0,EMS,MWH,VALID
2025-06-16 21:00:00,437.9836845586926,80.0,220.0,EMS,MWH,VALID
2025-06-16 22:00:00,391.6774968616521,80.0,220.0,EMS,MWH,VALID
2025-06-16 23:00:00,367.8750271710575,80.0,220.0,EMS,MWH,VALID
2025-06-17 00:00:00,326.445330081494,80.0,220.0,EMS,MWH,VALID
2025-06-17 01:00:00,315.3899767960377,80.0,220.0,EMS,MWH,VALID
2025-06-17 02:00:00,310.3361034837956,80.0,220.0,EMS,MWH,VALID
2025-06-17 03:00:00,339.5363273759305,80.0,220.0,EMS,MWH,VALID
2025-06-17 04:00:00,339.420051322098,80.0,220.0,EMS,MWH,VALID
2025-06-17 05:00:00,357.07582125374,80.0,220.0,EMS,MWH,VALID
2025-06-17 06:00:00,396.15312866993145,80.0,220.0,EMS,MWH,VALID
2025-06-17 07:00:00,409.0175542707578,80.0,220.0,EMS,MWH,VALID
2025-06-17 08:00:00,450.0912600991631,80.0,220.0,EMS,MWH,VALID
2025-06-17 09:00:00,441.7527033028812,80.0,220.0,EMS,MWH,VALID
2025-06-17 10:00:00,411.3052302315585,60.0,220.0,EMS,MWH,VALID
2025-06-17 11:00:00,403.228588934661,60.0,220.0,EMS,MWH,VALID
2025-06-17 12:00:00,420.1170710312183,60.0,220.0,EMS,MWH,VALID
2025-06-17 13:00:00,391.5608445221407,60.0,220.0,EMS,MWH,VALID
2025-06-17 14:00:00,405.1815771425199,60.0,220.0,EMS,MWH,VALID
2025-06-17 15:00:00,422.7256543527804,60.0,220.0,EMS,MWH,VALID
2025-06-17 16:00:00,427.2035931659996,80.0,220.0,EMS,MWH,VALID
2025-06-17 17:00:00,499.8296924589679,80.0,220.0,EMS,MWH,VALID
2025-06-17 18:00:00,517.1857781433118,80.0,220.0,EMS,MWH,VALID
2025-06-17 19:00:00,508.3321656355489,80.0,220.0,EMS,MWH,VALID
2025-06-17 20:00:00,492.1352040227295,80.0,220.0,EMS,MWH,VALID
2025-06-17 21:00:00,374.8057404952745,80.0,220.0,EMS,MWH,VALID
2025-06-17 22:00:00,397.2470419733152,80.0,220.0,EMS,MWH,VALID
2025-06-17 23:00:00,390.7114268059617,80.0,220.0,EMS,MWH,VALID
2025-06-18 00:00:00,326.7259145306895,80.0,220.0,EMS,MWH,VALID
2025-06-18 01:00:00,317.8347756982577,80.0,220.0,EMS,MWH,VALID
2025-06-18 02:00:00,331.4212297173817,80.0,220.0,EMS,MWH,VALID
2025-06-18 03:00:00,304.17006364415033,80.0,220.0,EMS,MWH,VALID
2025-06-18 04:00:00,354.8297029557408,80.0,220.0,EMS,MWH,VALID
2025-06-18 05:00:00,354.0494895635143,80.0,220.0,EMS,MWH,VALID
2025-06-18 06:00:00,377.2298315271111,80.0,220.0,EMS,MWH,VALID
2025-06-18 07:00:00,413.8023179936429,80.0,220.0,EMS,MWH,VALID
2025-06-18 08:00:00,449.5175816186904,80.0,220.0,EMS,MWH,VALID
2025-06-18 09:00:00,454.64791542583686,80.0,220.0,EMS,MWH,VALID
2025-06-18 10:00:00,425.2269692143838,60.0,220.0,EMS,MWH,VALID
2025-06-18 11:00:00,419.47248898288814,60.0,220.0,EMS,MWH,VALID
2025-06-18 12:00:00,407.9007784025921,60.0,220.0,EMS,MWH,VALID
2025-06-18 13:00:00,382.1587674269238,60.0,220.0,EMS,MWH,VALID
2025-06-18 14:00:00,412.2583680667208,60.0,220.0,EMS,MWH,VALID
2025-06-18 15:00:00,416.4735843095792,60.0,220.0,EMS,MWH,VALID
2025-06-18 16:00:00,431.4022298406599,80.0,220.0,EMS,MWH,VALID
2025-06-18 17:00:00,486.1895121813012,80.0,220.0,EMS,MWH,VALID
2025-06-18 18:00:00,503.1429507161127,80.0,220.0,EMS,MWH,VALID
2025-06-18 19:00:00,523.495010469779,80.0,220.0,EMS,MWH,VALID
2025-06-18 20:00:00,471.4047607231061,80.0,220.0,EMS,MWH,VALID
2025-06-18 21:00:00,460.4959789183168,80.0,220.0,EMS,MWH,VALID
2025-06-18 22:00:00,412.8667847033987,80.0,220.0,EMS,MWH,VALID
2025-06-18 23:00:00,338.1885036568031,80.0,220.0,EMS,MWH,VALID
2025-06-19 00:00:00,308.3965567944328,80.0,220.0,EMS,MWH,VALID
2025-06-19 01:00:00,327.27738758238746,80.0,220.0,EMS,MWH,VALID
2025-06-19 02:00:00,348.7901307415255,80.0,220.0,EMS,MWH,VALID
2025-06-19 03:00:00,343.4429523608265,80.0,220.0,EMS,MWH,VALID
2025-06-19 04:00:00,337.14311970069866,80.0,220.0,EMS,MWH,VALID
2025-06-19 05:00:00,357.45577754567574,80.0,220.0,EMS,MWH,VALID
2025-06-19 06:00:00,376.3957885605823,80.0,220.0,EMS,MWH,VALID
2025-06-19 07:00:00,432.0976886217159,80.0,220.0,EMS,MWH,VALID
2025-06-19 08:00:00,429.91316742321214,80.0,220.0,EMS,MWH,VALID
2025-06-19 09:00:00,461.86747027920575,80.0,220.0,EMS,MWH,VALID
2025-06-19 10:00:00,431.46649612401006,60.0,220.0,EMS,MWH,VALID
2025-06-19 11:00:00,389.4702310056085,60.0,220.0,EMS,MWH,VALID
2025-06-19 12:00:00,405.86951294515126,60.0,220.0,EMS,MWH,VALID
2025-06-19 13:00:00,398.8779826984387,60.0,220.0,EMS,MWH,VALID
2025-06-19 14:00:00,381.6892774894097,60.0,220.0,EMS,MWH,VALID
2025-06-19 15:00:00,404.34257032804953,60.0,220.0,EMS,MWH,VALID
2025-06-19 16:00:00,445.06085804324726,80.0,220.0,EMS,MWH,VALID
2025-06-19 17:00:00,475.82586456822,80.0,220.0,EMS,MWH,VALID
2025-06-19 18:00:00,504.2304146691773,80.0,220.0,EMS,MWH,VALID
2025-06-19 19:00:00,511.80629897410665,80.0,220.0,EMS,MWH,VALID
2025-06-19 20:00:00,474.294614498922,80.0,220.0,EMS,MWH,VALID
2025-06-19 21:00:00,438.2349716153968,80.0,220.0,EMS,MWH,VALID
2025-06-19 22:00:00,397.0604607377228,80.0,220.0,EMS,MWH,VALID
2025-06-19 23:00:00,349.9682842090509,80.0,220.0,EMS,MWH,VALID
2025-06-20 00:00:00,336.265690926944,80.0,220.0,EMS,MWH,VALID
2025-06-20 01:00:00,309.94322159502764,80.0,220.0,EMS,MWH,VALID
2025-06-20 02:00:00,326.5922655944851,80.0,220.0,EMS,MWH,VALID
2025-06-20 03:00:00,331.18836245347273,80.0,220.0,EMS,MWH,VALID
2025-06-20 04:00:00,350.14104845169163,80.0,220.0,EMS,MWH,VALID
2025-06-20 05:00:00,364.47555750949454,80.0,220.0,EMS,MWH,VALID
2025-06-20 06:00:00,376.5896798646915,80.0,220.0,EMS,MWH,VALID
2025-06-20 07:00:00,435.94586947108616,80.0,220.0,EMS,MWH,VALID
2025-06-20 08:00:00,437.261791475671,80.0,220.0,EMS,MWH,VALID
2025-06-20 09:00:00,432.81836666046553,80.0,220.0,EMS,MWH,VALID
2025-06-20 10:00:00,421.13416516817006,60.0,220.0,EMS,MWH,VALID
2025-06-20 11:00:00,409.7815480034005,60.0,220.0,EMS,MWH,VALID
2025-06-20 12:00:00,418.0879456176945,60.0,220.0,EMS,MWH,VALID
2025-06-20 13:00:00,405.3611240075928,60.0,220.0,EMS,MWH,VALID
2025-06-20 14:00:00,416.743969908815,60.0,220.0,EMS,MWH,VALID
2025-06-20 15:00:00,421.0116141359795,60.0,220.0,EMS,MWH,VALID
2025-06-20 16:00:00,449.28783258691954,80.0,220.0,EMS,MWH,VALID
2025-06-20 17:00:00,466.6522330089366,80.0,220.0,EMS,MWH,VALID
2025-06-20 18:00:00,466.1104792310935,80.0,220.0,EMS,MWH,VALID
2025-06-20 19:00:00,536.4092640752984,80.0,220.0,EMS,MWH,VALID
2025-06-20 20:00:00,495.1818833467127,80.0,220.0,EMS,MWH,VALID
2025-06-20 21:00:00,457.14325212803647,80.0,220.0,EMS,MWH,VALID
2025-06-20 22:00:00,356.51665221594385,80.0,220.0,EMS,MWH,VALID
2025-06-20 23:00:00,374.825779030081,80.0,220.0,EMS,MWH,VALID
2025-06-21 00:00:00,291.608499971415,80.0,220.0,EMS,MWH,VALID
2025-06-21 01:00:00,293.7487493908867,80.0,220.0,EMS,MWH,VALID
2025-06-21 02:00:00,249.95514965064888,80.0,220.0,EMS,MWH,VALID
2025-06-21 03:00:00,240.3824407699896,80.0,220.0,EMS,MWH,VALID
2025-06-21 04:00:00,262.19687809806675,80.0,220.0,EMS,MWH,VALID
2025-06-21 05:00:00,293.0352800108193,80.0,220.0,EMS,MWH,VALID
2025-06-21 06:00:00,326.9674155475362,80.0,220.0,EMS,MWH,VALID
2025-06-21 07:00:00,338.53504748945375,80.0,220.0,EMS,MWH,VALID
2025-06-21 08:00:00,373.9672974025372,80.0,220.0,EMS,MWH,VALID
2025-06-21 09:00:00,356.8998702892459,80.0,220.0,EMS,MWH,VALID
2025-06-21 10:00:00,346.3094920243566,60.0,220.0,EMS,MWH,VALID
2025-06-21 11:00:00,274.9976448555902,60.0,220.0,EMS,MWH,VALID
2025-06-21 12:00:00,309.59377468224864,60.0,220.0,EMS,MWH,VALID
2025-06-21 13:00:00,298.6315599634805,60.0,220.0,EMS,MWH,VALID
2025-06-21 14:00:00,282.29702425615056,60.0,220.0,EMS,MWH,VALID
2025-06-21 15:00:00,281.20520962797497,60.0,220.0,EMS,MWH,VALID
2025-06-21 16:00:00,346.33987307130684,80.0,220.0,EMS,MWH,VALID
2025-06-21 17:00:00,387.2437444458287,80.0,220.0,EMS,MWH,VALID
2025-06-21 18:00:00,388.66694669916006,80.0,220.0,EMS,MWH,VALID
2025-06-21 19:00:00,435.72217338676,80.0,220.0,EMS,MWH,VALID
2025-06-21 20:00:00,420.91371384352607,80.0,220.0,EMS,MWH,VALID
2025-06-21 21:00:00,357.3062525807114,80.0,220.0,EMS,MWH,VALID
2025-06-21 22:00:00,326.63365384436025,80.0,220.0,EMS,MWH,VALID
2025-06-21 23:00:00,300.6071879927899,80.0,220.0,EMS,MWH,VALID
2025-06-22 00:00:00,280.8978140631646,80.0,220.0,EMS,MWH,VALID
2025-06-22 01:00:00,265.40892440608405,80.0,220.0,EMS,MWH,VALID
2025-06-22 02:00:00,279.5065730238023,80.0,220.0,EMS,MWH,VALID
2025-06-22 03:00:00,277.86320180598227,80.0,220.0,EMS,MWH,VALID
2025-06-22 04:00:00,267.2520296750357,80.0,220.0,EMS,MWH,VALID
2025-06-22 05:00:00,278.6679854727201,80.0,220.0,EMS,MWH,VALID
2025-06-22 06:00:00,302.4255720545939,80.0,220.0,EMS,MWH,VALID
2025-06-22 07:00:00,325.0319950838684,80.0,220.0,EMS,MWH,VALID
2025-06-22 08:00:00,358.22355753879964,80.0,220.0,EMS,MWH,VALID
2025-06-22 09:00:00,363.9389420495594,80.0,220.0,EMS,MWH,VALID
2025-06-22 10:00:00,277.1127487179082,60.0,220.0,EMS,MWH,VALID
2025-06-22 11:00:00,326.16453131030795,60.0,220.0,EMS,MWH,VALID
2025-06-22 12:00:00,312.7153187701473,60.0,220.0,EMS,MWH,VALID
2025-06-22 13:00:00,291.248685373116,60.0,220.0,EMS,MWH,VALID
2025-06-22 14:00:00,331.0293047277738,60.0,220.0,EMS,MWH,VALID
2025-06-22 15:00:00,342.70196769169723,60.0,220.0,EMS,MWH,VALID
2025-06-22 16:00:00,349.73605671078724,80.0,220.0,EMS,MWH,VALID
2025-06-22 17:00:00,379.322393008628,80.0,220.0,EMS,MWH,VALID
2025-06-22 18:00:00,411.9953551296503,80.0,220.0,EMS,MWH,VALID
2025-06-22 19:00:00,400.99861253038233,80.0,220.0,EMS,MWH,VALID
2025-06-22 20:00:00,400.6743559801668,80.0,220.0,EMS,MWH,VALID
2025-06-22 21:00:00,356.9220386809283,80.0,220.0,EMS,MWH,VALID
2025-06-22 22:00:00,300.59206437213044,80.0,220.0,EMS,MWH,VALID
2025-06-22 23:00:00,282.9008337276534,80.0,220.0,EMS,MWH,VALID
2025-06-23 00:00:00,317.3679966421593,80.0,220.0,EMS,MWH,VALID
2025-06-23 01:00:00,312.52346660970875,80.0,220.0,EMS,MWH,VALID
2025-06-23 02:00:00,343.1731299698648,80.0,220.0,EMS,MWH,VALID
2025-06-23 03:00:00,341.7355362558461,80.0,220.0,EMS,MWH,VALID
2025-06-23 04:00:00,332.75759611527263,80.0,220.0,EMS,MWH,VALID
2025-06-23 05:00:00,360.1224448964571,80.0,220.0,EMS,MWH,VALID
2025-06-23 06:00:00,382.0794416774418,80.0,220.0,EMS,MWH,VALID
2025-06-23 07:00:00,420.3912171536954,80.0,220.0,EMS,MWH,VALID
2025-06-23 08:00:00,452.3912605146887,80.0,220.0,EMS,MWH,VALID
2025-06-23 09:00:00,426.37825050975897,80.0,220.0,EMS,MWH,VALID
2025-06-23 10:00:00,417.5708916762248,60.0,220.0,EMS,MWH,VALID
2025-06-23 11:00:00,408.8629308750428,60.0,220.0,EMS,MWH,VALID
2025-06-23 12:00:00,385.0779508087609,60.0,220.0,EMS,MWH,VALID
2025-06-23 13:00:00,402.1449169394066,60.0,220.0,EMS,MWH,VALID
2025-06-23 14:00:00,415.753788650012,60.0,220.0,EMS,MWH,VALID
2025-06-23 15:00:00,419.274575302232,60.0,220.0,EMS,MWH,VALID
2025-06-23 16:00:00,442.6963269889704,80.0,220.0,EMS,MWH,VALID
2025/06/23 17:00,456.84458272778335,80.0,220.0,EMS,MWH,VALID
2025-06-23 18:00:00,501.31578397877576,80.0,220.0,EMS,MWH,VALID
2025-06-23 19:00:00,526.5639767121145,80.0,220.0,EMS,MWH,VALID
2025-06-23 20:00:00,473.12007627228365,80.0,220.0,EMS,MWH,VALID
2025-06-23 21:00:00,421.9805416126621,80.0,220.0,EMS,MWH,VALID
2025-06-23 22:00:00,390.0634726171531,80.0,220.0,EMS,MWH,VALID
2025-06-23 23:00:00,351.34651675619153,80.0,220.0,EMS,MWH,VALID
2025-06-24 00:00:00,339.9827599831629,80.0,220.0,EMS,MWH,VALID
2025-06-24 01:00:00,338.37236497294595,80.0,220.0,EMS,MWH,VALID
2025-06-24 02:00:00,324.5914213264897,80.0,220.0,EMS,MWH,VALID
2025-06-24 03:00:00,323.58232095331294,80.0,220.0,EMS,MWH,VALID
2025-06-24 04:00:00,331.0394331954768,80.0,220.0,EMS,MWH,VALID
2025-06-24 05:00:00,340.212249817325,80.0,220.0,EMS,MWH,VALID
2025-06-24 06:00:00,378.1639154731541,80.0,220.0,EMS,MWH,VALID
2025-06-24 07:00:00,403.0508364407367,80.0,220.0,EMS,MWH,VALID
2025-06-24 08:00:00,438.7558892777743,80.0,220.0,EMS,MWH,VALID
2025-06-24 09:00:00,432.3609406454886,80.0,220.0,EMS,MWH,VALID
2025-06-24 10:00:00,430.5546078445799,60.0,220.0,EMS,MWH,VALID
2025-06-24 11:00:00,421.2532120258071,60.0,220.0,EMS,MWH,VALID
2025-06-24 12:00:00,405.76181022759823,60.0,220.0,EMS,MWH,VALID
2025-06-24 13:00:00,403.3326728771808,60.0,220.0,EMS,MWH,VALID
2025-06-24 14:00:00,411.0900239935148,60.0,220.0,EMS,MWH,VALID
2025-06-24 15:00:00,409.2481679148,60.0,220.0,EMS,MWH,VALID
2025-06-24 16:00:00,462.49176226661626,80.0,220.0,EMS,MWH,VALID
2025-06-24 17:00:00,476.7739650714781,80.0,220.0,EMS,MWH,VALID
2025-06-24 18:00:00,494.31375322126695,80.0,220.0,EMS,MWH,VALID
2025-06-24 19:00:00,504.5038711946112,80.0,220.0,EMS,MWH,VALID
2025-06-24 20:00:00,476.3880604406216,80.0,220.0,EMS,MWH,VALID
2025/06/24 21:00,439.842956637175,80.0,220.0,EMS,MWH,VALID
2025-06-24 22:00:00,370.3237470551498,80.0,220.0,EMS,MWH,VALID
2025-06-24 23:00:00,350.48490505692746,80.0,220.0,EMS,MWH,VALID
2025-06-25 00:00:00,286.072090126162,80.0,220.0,EMS,MWH,VALID
2025-06-25 01:00:00,340.6183749531497,80.0,220.0,EMS,MWH,VALID
2025-06-25 02:00:00,322.2833134201754,80.0,220.0,EMS,MWH,VALID
2025-06-25 03:00:00,361.2850061492951,80.0,220.0,EMS,MWH,VALID
2025-06-25 04:00:00,334.7832203763519,80.0,220.0,EMS,MWH,VALID
2025-06-25 05:00:00,352.4320190443915,80.0,220.0,EMS,MWH,VALID
2025-06-25 06:00:00,370.858045428063,80.0,220.0,EMS,MWH,VALID
2025-06-25 07:00:00,417.7326444759148,80.0,220.0,EMS,MWH,VALID
2025-06-25 08:00:00,468.1150762944689,80.0,220.0,EMS,MWH,VALID
2025-06-25 09:00:00,442.9965426072608,80.0,220.0,EMS,MWH,VALID
2025-06-25 10:00:00,438.7893874710553,60.0,220.0,EMS,MWH,VALID
2025-06-25 11:00:00,407.7550698706041,60.0,220.0,EMS,MWH,VALID
2025-06-25 12:00:00,420.2254645193663,60.0,220.0,EMS,MWH,VALID
2025-06-25 13:00:00,408.3923774560245,60.0,220.0,EMS,MWH,VALID
2025-06-25 14:00:00,388.3979786070347,60.0,220.0,EMS,MWH,VALID
2025-06-25 15:00:00,416.6224526322964,60.0,220.0,EMS,MWH,VALID
2025-06-25 16:00:00,446.7107129810659,80.0,220.0,EMS,MWH,VALID
2025-06-25 17:00:00,437.7559807336726,80.0,220.0,EMS,MWH,VALID
2025-06-25 18:00:00,491.42030133776416,80.0,220.0,EMS,MWH,VALID
2025-06-25 19:00:00,488.00886051378734,80.0,220.0,EMS,MWH,VALID
2025-06-25 20:00:00,500.0138096484333,80.0,220.0,EMS,MWH,VALID
2025-06-25 21:00:00,447.965130156899,80.0,220.0,EMS,MWH,VALID
2025-06-25 22:00:00,387.0490645274208,80.0,220.0,EMS,MWH,VALID
2025-06-25 23:00:00,351.8333515628399,80.0,220.0,EMS,MWH,VALID
2025-06-26 00:00:00,325.87579015968447,80.0,220.0,EMS,MWH,VALID
2025-06-26 01:00:00,327.1692006988685,80.0,220.0,EMS,MWH,VALID
2025-06-26 02:00:00,356.9744187721737,80.0,220.0,EMS,MWH,VALID
2025-06-26 03:00:00,323.0178010033481,80.0,220.0,EMS,MWH,VALID
2025-06-26 04:00:00,336.46473750450195,80.0,220.0,EMS,MWH,VALID
2025-06-26 05:00:00,362.7722689361663,80.0,220.0,EMS,MWH,VALID
2025-06-26 06:00:00,398.843381510632,80.0,220.0,EMS,MWH,VALID
2025-06-26 07:00:00,421.95199483022657,80.0,220.0,EMS,MWH,VALID
2025-06-26 08:00:00,445.68042171777,80.0,220.0,EMS,MWH,VALID
2025-06-26 09:00:00,438.97071945652897,80.0,220.0,EMS,MWH,VALID
2025-06-26 10:00:00,419.290491736974,60.0,220.0,EMS,MWH,VALID
2025-06-26 11:00:00,447.5058089520196,60.0,220.0,EMS,MWH,VALID
2025-06-26 12:00:00,400.5500875027369,60.0,220.0,EMS,MWH,VALID
2025-06-26 13:00:00,418.9515053321902,60.0,220.0,EMS,MWH,VALID
2025-06-26 14:00:00,394.8082182284567,60.0,220.0,EMS,MWH,VALID
2025-06-26 15:00:00,393.80092840636576,60.0,220.0,EMS,MWH,VALID
2025-06-26 16:00:00,411.6125179759928,80.0,220.0,EMS,MWH,VALID
2025-06-26 17:00:00,462.10339053335554,80.0,220.0,EMS,MWH,VALID
2025-06-26 18:00:00,472.3438238482981,80.0,220.0,EMS,MWH,VALID
2025-06-26 19:00:00,529.4969345145875,80.0,220.0,EMS,MWH,VALID
2025-06-26 20:00:00,484.24840755527646,80.0,220.0,EMS,MWH,VALID
2025-06-26 21:00:00,441.13562219619257,80.0,220.0,EMS,MWH,VALID
2025-06-26 22:00:00,375.5217489823472,80.0,220.0,EMS,MWH,VALID
2025-06-26 23:00:00,333.16137491085493,80.0,220.0,EMS,MWH,VALID
2025-06-27 00:00:00,307.31668741287604,80.0,220.0,EMS,MWH,VALID
2025-06-27 01:00:00,338.8512984454022,80.0,220.0,EMS,MWH,VALID
2025-06-27 02:00:00,336.1570019787233,80.0,220.0,EMS,MWH,VALID
2025-06-27 03:00:00,324.40965054558643,80.0,220.0,EMS,MWH,VALID
2025-06-27 04:00:00,317.32733561650787,80.0,220.0,EMS,MWH,VALID
2025-06-27 05:00:00,355.0980339935847,80.0,220.0,EMS,MWH,VALID
2025-06-27 06:00:00,402.06592339269366,80.0,220.0,EMS,MWH,VALID
2025-06-27 07:00:00,446.306029854088,80.0,220.0,EMS,MWH,VALID
2025-06-27 08:00:00,472.693734879566,80.0,220.0,EMS,MWH,VALID
2025-06-27 09:00:00,443.9436271960838,80.0,220.0,EMS,MWH,VALID
2025-06-27 10:00:00,411.8716060751958,60.0,220.0,EMS,MWH,VALID
2025-06-27 11:00:00,410.2877120632125,60.0,220.0,EMS,MWH,VALID
2025-06-27 12:00:00,388.1355218911263,60.0,220.0,EMS,MWH,VALID
2025-06-27 13:00:00,413.47192838278175,60.0,220.0,EMS,MWH,VALID
2025-06-27 14:00:00,418.0349135849886,60.0,220.0,EMS,MWH,VALID
2025-06-27 15:00:00,405.1380724719312,60.0,220.0,EMS,MWH,VALID
2025-06-27 16:00:00,440.8917089932532,80.0,220.0,EMS,MWH,VALID
2025-06-27 17:00:00,482.9104237176461,80.0,220.0,EMS,MWH,VALID
2025-06-27 18:00:00,483.4030315339528,80.0,220.0,EMS,MWH,VALID
2025-06-27 19:00:00,525.7329890876607,80.0,220.0,EMS,MWH,VALID
2025-06-27 20:00:00,489.1388819993044,80.0,220.0,EMS,MWH,VALID
2025-06-27 21:00:00,431.6141901038321,80.0,220.0,EMS,MWH,VALID
2025-06-27 22:00:00,369.6855049136466,80.0,220.0,EMS,MWH,VALID
2025-06-27 23:00:00,357.89689237159246,80.0,220.0,EMS,MWH,VALID
2025-06-28 00:00:00,273.58542056145325,80.0,220.0,EMS,MWH,VALID
2025-06-28 01:00:00,294.93080068533123,80.0,220.0,EMS,MWH,VALID
2025-06-28 02:00:00,253.01374149679265,80.0,220.0,EMS,MWH,VALID
2025-06-28 03:00:00,283.68528383734724,80.0,220.0,EMS,MWH,VALID
2025-06-28 04:00:00,293.02180905790533,80.0,220.0,EMS,MWH,VALID
2025-06-28 05:00:00,284.62773654456214,80.0,220.0,EMS,MWH,VALID
2025-06-28 06:00:00,329.8217381460705,80.0,220.0,EMS,MWH,VALID
2025-06-28 07:00:00,324.64947560662534,80.0,220.0,EMS,MWH,VALID
2025-06-28 08:00:00,388.9975430142292,80.0,220.0,EMS,MWH,VALID
2025-06-28 09:00:00,357.2310323664741,80.0,220.0,EMS,MWH,VALID
2025-06-28 10:00:00,294.8061397435385,60.0,220.0,EMS,MWH,VALID
2025-06-28 11:00:00,273.4323617348533,60.0,220.0,EMS,MWH,VALID
2025-06-28 12:00:00,328.01111347388115,60.0,220.0,EMS,MWH,VALID
2025-06-28 13:00:00,312.5810616097227,60.0,220.0,EMS,MWH,VALID
2025-06-28 14:00:00,344.3284743717458,60.0,220.0,EMS,MWH,VALID
2025-06-28 15:00:00,339.17243161517365,60.0,220.0,EMS,MWH,VALID
2025-06-28 16:00:00,354.6244558249612,80.0,220.0,EMS,MWH,VALID
2025-06-28 17:00:00,366.8770284962852,80.0,220.0,EMS,MWH,VALID
2025-06-28 18:00:00,420.5440991691816,80.0,220.0,EMS,MWH,VALID
2025-06-28 19:00:00,431.48649918723305,80.0,220.0,EMS,MWH,VALID
2025-06-28 20:00:00,405.8440674084341,80.0,220.0,EMS,MWH,VALID
2025-06-28 21:00:00,358.33614555324283,80.0,220.0,EMS,MWH,VALID
2025-06-28 22:00:00,312.5959836498233,80.0,220.0,EMS,MWH,VALID
2025-06-28 23:00:00,292.46278821810705,80.0,220.0,EMS,MWH,VALID
2025-06-29 00:00:00,266.56280960648905,80.0,220.0,EMS,MWH,VALID
2025-06-29 01:00:00,276.4442930773491,80.0,220.0,EMS,MWH,VALID
2025-06-29 02:00:00,270.6813400149347,80.0,220.0,EMS,MWH,VALID
2025-06-29 03:00:00,242.4914940465061,80.0,220.0,EMS,MWH,VALID
2025-06-29 04:00:00,280.0118435533377,80.0,220.0,EMS,MWH,VALID
2025-06-29 05:00:00,283.5342026752319,80.0,220.0,EMS,MWH,VALID
2025-06-29 06:00:00,299.869801848393,80.0,220.0,EMS,MWH,VALID
2025-06-29 07:00:00,324.3641012513326,80.0,220.0,EMS,MWH,VALID
2025-06-29 08:00:00,350.353255584308,80.0,220.0,EMS,MWH,VALID
2025-06-29 09:00:00,334.10248618827256,80.0,220.0,EMS,MWH,VALID
2025-06-29 10:00:00,341.7829262029575,60.0,220.0,EMS,MWH,VALID
2025-06-29 11:00:00,349.36671562018194,60.0,220.0,EMS,MWH,VALID
2025-06-29 12:00:00,279.32602755521674,60.0,220.0,EMS,MWH,VALID
2025-06-29 13:00:00,264.7748190305428,60.0,220.0,EMS,MWH,VALID
2025-06-29 14:00:00,311.29668839854713,60.0,220.0,EMS,MWH,VALID
2025-06-29 15:00:00,366.2953833483037,60.0,220.0,EMS,MWH,VALID
2025-06-29 16:00:00,355.24197205793774,80.0,220.0,EMS,MWH,VALID
2025-06-29 17:00:00,384.97974103325066,80.0,220.0,EMS,MWH,VALID
2025-06-29 18:00:00,410.01131693164285,80.0,220.0,EMS,MWH,VALID
2025-06-29 19:00:00,392.31550502611503,80.0,220.0,EMS,MWH,VALID
2025-06-29 20:00:00,373.8666109240208,80.0,220.0,EMS,MWH,VALID
2025-06-29 21:00:00,343.23472120063246,80.0,220.0,EMS,MWH,VALID
2025-06-29 22:00:00,308.2338693025528,80.0,220.0,EMS,MWH,VALID
2025-06-29 23:00:00,274.94913311089977,80.0,220.0,EMS,MWH,VALID
2025-06-30 00:00:00,319.43629006928296,80.0,220.0,EMS,MWH,VALID
2025-06-30 01:00:00,335.56201136452046,80.0,220.0,EMS,MWH,VALID
2025-06-30 02:00:00,340.3021917410413,80.0,220.0,EMS,MWH,VALID
2025-06-30 03:00:00,317.64033069218806,80.0,220.0,EMS,MWH,VALID
2025-06-30 04:00:00,330.37324169253844,80.0,220.0,EMS,MWH,VALID
2025-06-30 05:00:00,357.8830879635034,80.0,220.0,EMS,MWH,VALID
2025-06-30 06:00:00,387.2035072442657,80.0,220.0,EMS,MWH,VALID
2025-06-30 07:00:00,419.467639396956,80.0,220.0,EMS,MWH,VALID
2025-06-30 08:00:00,448.2688778316064,80.0,220.0,EMS,MWH,VALID
2025-06-30 09:00:00,448.5630283980008,80.0,220.0,EMS,MWH,VALID
2025-06-30 10:00:00,434.1070091700104,60.0,220.0,EMS,MWH,VALID
2025-06-30 11:00:00,406.0465477103112,60.0,220.0,EMS,MWH,VALID
2025-06-30 12:00:00,408.9359445543784,60.0,220.0,EMS,MWH,VALID
2025-06-30 13:00:00,355.35777580345353,60.0,220.0,EMS,MWH,VALID
2025-06-30 14:00:00,398.9727433955314,60.0,220.0,EMS,MWH,VALID
2025-06-30 15:00:00,415.70867033705457,60.0,220.0,EMS,MWH,VALID
2025-06-30 16:00:00,414.1231966760996,80.0,220.0,EMS,MWH,VALID
2025-06-30 17:00:00,480.9023480299204,80.0,220.0,EMS,MWH,VALID
2025-06-30 18:00:00,468.36661709585405,80.0,220.0,EMS,MWH,VALID
2025-06-30 19:00:00,483.1647589047288,80.0,220.0,EMS,MWH,VALID
2025-06-30 20:00:00,485.6317234302901,80.0,220.0,EMS,MWH,VALID
2025-06-30 21:00:00,401.3202777804141,80.0,220.0,EMS,MWH,VALID
2025-06-30 22:00:00,387.73820596080526,80.0,220.0,EMS,MWH,VALID
2025-06-30 23:00:00,369.7120592224852,80.0,220.0,EMS,MWH,VALID
2025-07-01 00:00:00,320.7576936268557,80.0,220.0,EMS,MWH,VALID
2025-07-01 01:00:00,310.9305800582255,80.0,220.0,EMS,MWH,VALID
2025-07-01 02:00:00,335.7797461221326,80.0,220.0,EMS,MWH,VALID
2025-07-01 03:00:00,293.5263681428454,80.0,220.0,EMS,MWH,VALID
2025-07-01 04:00:00,339.1568871438447,80.0,220.0,EMS,MWH,VALID
2025-07-01 05:00:00,351.92438356811454,80.0,220.0,EMS,MWH,VALID
2025-07-01 06:00:00,362.08920681717615,80.0,220.0,EMS,MWH,VALID
2025-07-01 07:00:00,412.0013280666272,80.0,220.0,EMS,MWH,VALID
2025-07-01 08:00:00,439.1057300336884,80.0,220.0,EMS,MWH,VALID
2025-07-01 09:00:00,440.86715569076966,80.0,220.0,EMS,MWH,VALID
2025-07-01 10:00:00,446.1076243612592,60.0,220.0,EMS,MWH,VALID
2025-07-01 11:00:00,401.3904949602479,60.0,220.0,EMS,MWH,VALID
2025-07-01 12:00:00,392.1192292063227,60.0,220.0,EMS,MWH,VALID
2025-07-01 13:00:00,386.0099170117223,60.0,220.0,EMS,MWH,VALID
2025-07-01 14:00:00,386.72618784608505,60.0,220.0,EMS,MWH,VALID
2025-07-01 15:00:00,431.9081640524832,60.0,220.0,EMS,MWH,VALID
2025-07-01 16:00:00,443.5569544350463,80.0,220.0,EMS,MWH,VALID
2025-07-01 17:00:00,443.61806317533,80.0,220.0,EMS,MWH,VALID
2025-07-01 18:00:00,501.1622103472696,80.0,220.0,EMS,MWH,VALID
2025-07-01 19:00:00,501.4790711329156,80.0,220.0,EMS,MWH,VALID
2025-07-01 20:00:00,486.7782582908837,80.0,220.0,EMS,MWH,VALID
2025-07-01 21:00:00,401.2172391878328,80.0,220.0,EMS,MWH,VALID
2025-07-01 22:00:00,363.5638590180497,80.0,220.0,EMS,MWH,VALID
2025-07-01 23:00:00,348.67211709223534,80.0,220.0,EMS,MWH,VALID
2025-07-02 00:00:00,330.4769840262108,80.0,220.0,EMS,MWH,VALID
2025-07-02 01:00:00,319.00225991079776,80.0,220.0,EMS,MWH,VALID
2025-07-02 02:00:00,304.2778994075116,80.0,220.0,EMS,MWH,VALID
2025-07-02 03:00:00,330.8591359396896,80.0,220.0,EMS,MWH,VALID
2025-07-02 04:00:00,328.89461696177244,80.0,220.0,EMS,MWH,VALID
2025-07-02 05:00:00,347.95628018514856,80.0,220.0,EMS,MWH,VALID
2025-07-02 06:00:00,371.0565671907493,80.0,220.0,EMS,MWH,VALID
2025-07-02 07:00:00,438.3920274361646,80.0,220.0,EMS,MWH,VALID
2025-07-02 08:00:00,434.5511945831116,80.0,220.0,EMS,MWH,VALID
2025-07-02 09:00:00,451.806789482345,80.0,220.0,EMS,MWH,VALID
2025-07-02 10:00:00,416.3995483972571,60.0,220.0,EMS,MWH,VALID
2025-07-02 11:00:00,380.03674896067486,60.0,220.0,EMS,MWH,VALID
2025-07-02 12:00:00,401.340662412732,60.0,220.0,EMS,MWH,VALID
2025-07-02 13:00:00,401.9890269168021,60.0,220.0,EMS,MWH,VALID
2025-07-02 14:00:00,375.59073877605647,60.0,220.0,EMS,MWH,VALID
2025-07-02 15:00:00,420.1655562650279,60.0,220.0,EMS,MWH,VALID
2025-07-02 16:00:00,422.2854156279474,80.0,220.0,EMS,MWH,VALID
2025-07-02 17:00:00,481.1061114105114,80.0,220.0,EMS,MWH,VALID
2025-07-02 18:00:00,500.8729560893056,80.0,220.0,EMS,MWH,VALID
2025-07-02 19:00:00,497.873349147984,80.0,220.0,EMS,MWH,VALID
2025-07-02 20:00:00,476.8701399312277,80.0,220.0,EMS,MWH,VALID
2025-07-02 21:00:00,459.8674063647304,80.0,220.0,EMS,MWH,VALID
2025-07-02 22:00:00,397.418561375171,80.0,220.0,EMS,MWH,VALID
2025-07-02 23:00:00,354.7780052223568,80.0,220.0,EMS,MWH,VALID
2025-07-03 00:00:00,332.8411248024139,80.0,220.0,EMS,MWH,VALID
2025-07-03 01:00:00,333.4185190258854,80.0,220.0,EMS,MWH,VALID
2025-07-03 02:00:00,337.11006534153006,80.0,220.0,EMS,MWH,VALID
2025-07-03 03:00:00,346.7663226898589,80.0,220.0,EMS,MWH,VALID
2025-07-03 04:00:00,351.86489415485204,80.0,220.0,EMS,MWH,VALID
2025-07-03 05:00:00,380.4858771974035,80.0,220.0,EMS,MWH,VALID
2025-07-03 06:00:00,377.023578616579,80.0,220.0,EMS,MWH,VALID
2025-07-03 07:00:00,409.1569088169152,80.0,220.0,EMS,MWH,VALID
2025-07-03 08:00:00,466.4528441656934,80.0,220.0,EMS,MWH,VALID
2025-07-03 09:00:00,441.33680947911074,80.0,220.0,EMS,MWH,VALID
2025-07-03 10:00:00,415.9205463166409,60.0,220.0,EMS,MWH,VALID
2025-07-03 11:00:00,396.8700975473719,60.0,220.0,EMS,MWH,VALID
2025-07-03 12:00:00,402.5671432479393,60.0,220.0,EMS,MWH,VALID
2025-07-03 13:00:00,384.3039528275048,60.0,220.0,EMS,MWH,VALID
2025-07-03 14:00:00,383.5870167609377,60.0,220.0,EMS,MWH,VALID
2025-07-03 15:00:00,407.6928659472703,60.0,220.0,EMS,MWH,VALID
2025-07-03 16:00:00,431.42811706088327,80.0,220.0,EMS,MWH,VALID
2025-07-03 17:00:00,468.2644041353332,80.0,220.0,EMS,MWH,VALID
2025-07-03 18:00:00,484.5032608470434,80.0,220.0,EMS,MWH,VALID
2025-07-03 19:00:00,497.4062901758464,80.0,220.0,EMS,MWH,VALID
2025-07-03 20:00:00,496.23467065670025,80.0,220.0,EMS,MWH,VALID
2025-07-03 21:00:00,436.26737485290994,80.0,220.0,EMS,MWH,VALID
2025-07-03 22:00:00,411.203334858629,80.0,220.0,EMS,MWH,VALID
2025-07-03 23:00:00,352.619026020375,80.0,220.0,EMS,MWH,VALID
2025-07-04 00:00:00,316.9001154031876,80.0,220.0,EMS,MWH,VALID
2025-07-04 01:00:00,297.68552270359777,80.0,220.0,EMS,MWH,VALID
2025-07-04 02:00:00,308.06386994673426,80.0,220.0,EMS,MWH,VALID
2025-07-04 03:00:00,310.7687537344418,80.0,220.0,EMS,MWH,VALID
2025-07-04 04:00:00,335.5057206899294,80.0,220.0,EMS,MWH,VALID
2025-07-04 05:00:00,329.8358301916858,80.0,220.0,EMS,MWH,VALID
2025-07-04 06:00:00,383.7509889525364,80.0,220.0,EMS,MWH,VALID
2025-07-04 07:00:00,419.2555847593795,80.0,220.0,EMS,MWH,VALID
2025-07-04 08:00:00,418.4688350412896,80.0,220.0,EMS,MWH,VALID
2025-07-04 09:00:00,432.5808589703373,80.0,220.0,EMS,MWH,VALID
2025-07-04 10:00:00,407.4840515342353,60.0,220.0,EMS,MWH,VALID
2025-07-04 11:00:00,406.1918816824341,60.0,220.0,EMS,MWH,VALID
2025-07-04 12:00:00,390.1352712617816,60.0,220.0,EMS,MWH,VALID
2025-07-04 13:00:00,410.3228549237213,60.0,220.0,EMS,MWH,VALID
2025-07-04 14:00:00,366.4046550444939,60.0,220.0,EMS,MWH,VALID
2025-07-04 15:00:00,422.3272322562044,60.0,220.0,EMS,MWH,VALID
2025-07-04 16:00:00,406.2607125364759,80.0,220.0,EMS,MWH,VALID
2025-07-04 17:00:00,474.0542385072785,80.0,220.0,EMS,MWH,VALID
2025-07-04 18:00:00,477.2703392947796,80.0,220.0,EMS,MWH,VALID
2025-07-04 19:00:00,512.6815955194439,80.0,220.0,EMS,MWH,VALID
2025-07-04 20:00:00,495.8807212665672,80.0,220.0,EMS,MWH,VALID
2025-07-04 21:00:00,429.1161397619884,80.0,220.0,EMS,MWH,VALID
2025-07-04 22:00:00,392.590010887705,80.0,220.0,EMS,MWH,VALID
2025-07-04 23:00:00,339.5381292429115,80.0,220.0,EMS,MWH,VALID
2025-07-05 00:00:00,277.57289168049846,80.0,220.0,EMS,MWH,VALID
2025-07-05 01:00:00,249.4221052063293,80.0,220.0,EMS,MWH,VALID
2025-07-05 02:00:00,250.9686653155828,80.0,220.0,EMS,MWH,VALID
2025-07-05 03:00:00,265.6994797670974,80.0,220.0,EMS,MWH,VALID
2025-07-05 04:00:00,283.066331911766,80.0,220.0,EMS,MWH,VALID
2025-07-05 05:00:00,277.409372532804,80.0,220.0,EMS,MWH,VALID
2025-07-05 06:00:00,310.6006344500197,80.0,220.0,EMS,MWH,VALID
2025-07-05 07:00:00,336.4276975052256,80.0,220.0,EMS,MWH,VALID
2025-07-05 08:00:00,373.6289332481504,80.0,220.0,EMS,MWH,VALID
2025-07-05 09:00:00,369.5815469755429,80.0,220.0,EMS,MWH,VALID
2025-07-05 10:00:00,288.8554943384111,60.0,220.0,EMS,MWH,VALID
2025-07-05 11:00:00,241.0601650826986,60.0,220.0,EMS,MWH,VALID
2025-07-05 12:00:00,299.9719108507647,60.0,220.0,EMS,MWH,VALID
2025-07-05 13:00:00,341.5242219146835,60.0,220.0,EMS,MWH,VALID
2025-07-05 14:00:00,346.77659154207817,60.0,220.0,EMS,MWH,VALID
2025-07-05 15:00:00,276.48614689859653,60.0,220.0,EMS,MWH,VALID
2025-07-05 16:00:00,346.34008950428085,80.0,220.0,EMS,MWH,VALID
2025-07-05 17:00:00,379.6956537776029,80.0,220.0,EMS,MWH,VALID
2025-07-05 18:00:00,406.5841705256018,80.0,220.0,EMS,MWH,VALID
2025-07-05 19:00:00,432.3421016457133,80.0,220.0,EMS,MWH,VALID
2025-07-05 20:00:00,412.22333921091246,80.0,220.0,EMS,MWH,VALID
2025-07-05 21:00:00,339.22202370008404,80.0,220.0,EMS,MWH,VALID
2025-07-05 22:00:00,304.08682878783407,80.0,220.0,EMS,MWH,VALID
2025-07-05 23:00:00,288.4998861489305,80.0,220.0,EMS,MWH,VALID
2025-07-06 00:00:00,289.2101046862563,80.0,220.0,EMS,MWH,VALID
2025-07-06 01:00:00,268.08982225001006,80.0,220.0,EMS,MWH,VALID
2025-07-06 02:00:00,265.6209777191904,80.0,220.0,EMS,MWH,VALID
2025-07-06 03:00:00,259.3533532941176,80.0,220.0,EMS,MWH,VALID
2025-07-06 04:00:00,257.2809780102234,80.0,220.0,EMS,MWH,VALID
2025-07-06 05:00:00,275.33228717463527,80.0,220.0,EMS,MWH,VALID
2025-07-06 06:00:00,301.8809917602124,80.0,220.0,EMS,MWH,VALID
2025-07-06 07:00:00,356.7292521393928,80.0,220.0,EMS,MWH,VALID
2025-07-06 08:00:00,375.18238376277645,80.0,220.0,EMS,MWH,VALID
2025-07-06 09:00:00,370.340465310475,80.0,220.0,EMS,MWH,VALID
2025-07-06 10:00:00,335.49578113477384,60.0,220.0,EMS,MWH,VALID
2025-07-06 11:00:00,329.36476901352574,60.0,220.0,EMS,MWH,VALID
2025-07-06 12:00:00,364.5249047032736,60.0,220.0,EMS,MWH,VALID
2025-07-06 13:00:00,289.33784627896205,60.0,220.0,EMS,MWH,VALID
2025-07-06 14:00:00,318.7775407169982,60.0,220.0,EMS,MWH,VALID
2025-07-06 15:00:00,291.28224318435696,60.0,220.0,EMS,MWH,VALID
2025-07-06 16:00:00,360.2480892691747,80.0,220.0,EMS,MWH,VALID
2025-07-06 17:00:00,383.2537468033215,80.0,220.0,EMS,MWH,VALID
2025-07-06 18:00:00,395.3025973962064,80.0,220.0,EMS,MWH,VALID
2025-07-06 19:00:00,423.1640140812767,80.0,220.0,EMS,MWH,VALID
2025-07-06 20:00:00,380.70372699305705,80.0,220.0,EMS,MWH,VALID
2025-07-06 21:00:00,380.3269646163536,80.0,220.0,EMS,MWH,VALID
2025-07-06 22:00:00,310.9594681484089,80.0,220.0,EMS,MWH,VALID
2025-07-06 23:00:00,297.6527410233139,80.0,220.0,EMS,MWH,VALID
2025-07-07 00:00:00,337.8809020314868,80.0,220.0,EMS,MWH,VALID
2025-07-07 01:00:00,309.5607288734969,80.0,220.0,EMS,MWH,VALID
2025-07-07 02:00:00,326.1988438429072,80.0,220.0,EMS,MWH,VALID
2025-07-07 03:00:00,352.82078124336454,80.0,220.0,EMS,MWH,VALID
2025-07-07 04:00:00,353.11382030797705,80.0,220.0,EMS,MWH,VALID
2025-07-07 05:00:00,321.0689664461553,80.0,220.0,EMS,MWH,VALID
2025-07-07 06:00:00,388.36417654503134,80.0,220.0,EMS,MWH,VALID
2025-07-07 07:00:00,435.83604909402,80.0,220.0,EMS,MWH,VALID
2025-07-07 08:00:00,451.1856790456577,80.0,220.0,EMS,MWH,VALID
2025-07-07 09:00:00,442.2603702337107,80.0,220.0,EMS,MWH,VALID
2025-07-07 10:00:00,439.6736920906504,60.0,220.0,EMS,MWH,VALID
2025-07-07 11:00:00,404.368792608305,60.0,220.0,EMS,MWH,VALID
2025-07-07 12:00:00,434.6672838491239,60.0,220.0,EMS,MWH,VALID
2025-07-07 13:00:00,380.5655781235325,60.0,220.0,EMS,MWH,VALID
2025-07-07 14:00:00,399.3608141890943,60.0,220.0,EMS,MWH,VALID
2025-07-07 15:00:00,396.1328849876156,60.0,220.0,EMS,MWH,VALID
2025-07-07 16:00:00,445.1335256857031,80.0,220.0,EMS,MWH,VALID
2025-07-07 17:00:00,463.22139866369554,80.0,220.0,EMS,MWH,VALID
2025-07-07 18:00:00,470.2368801628576,80.0,220.0,EMS,MWH,VALID
2025-07-07 19:00:00,479.9297843050751,80.0,220.0,EMS,MWH,VALID
2025-07-07 20:00:00,458.3360350433835,80.0,220.0,EMS,MWH,VALID
2025-07-07 21:00:00,408.0384688182364,80.0,220.0,EMS,MWH,VALID
2025-07-07 22:00:00,395.4989953519229,80.0,220.0,EMS,MWH,VALID
2025-07-07 23:00:00,342.01726905213604,80.0,220.0,EMS,MWH,VALID
2025-07-08 00:00:00,321.3171752594304,80.0,220.0,EMS,MWH,VALID
2025-07-08 01:00:00,327.60038525742334,80.0,220.0,EMS,MWH,VALID
2025-07-08 02:00:00,297.7029994633309,80.0,220.0,EMS,MWH,VALID
2025-07-08 03:00:00,315.7421177784505,80.0,220.0,EMS,MWH,VALID
2025-07-08 04:00:00,362.31701337765054,80.0,220.0,EMS,MWH,VALID
2025-07-08 05:00:00,367.5484505150485,80.0,220.0,EMS,MWH,VALID
2025-07-08 06:00:00,389.5350959449293,80.0,220.0,EMS,MWH,VALID
2025-07-08 07:00:00,421.8428431989486,80.0,220.0,EMS,MWH,VALID
2025-07-08 08:00:00,435.24754986164055,80.0,220.0,EMS,MWH,VALID
2025-07-08 09:00:00,419.9132346282063,80.0,220.0,EMS,MWH,VALID
2025-07-08 10:00:00,442.4566384498412,60.0,220.0,EMS,MWH,VALID
2025-07-08 11:00:00,377.2231154258469,60.0,220.0,EMS,MWH,VALID
2025-07-08 12:00:00,372.710977704828,60.0,220.0,EMS,MWH,VALID
2025-07-08 13:00:00,393.34557092825,60.0,220.0,EMS,MWH,VALID
2025-07-08 14:00:00,395.2096601240779,60.0,220.0,EMS,MWH,VALID
2025-07-08 15:00:00,425.1305408220565,60.0,220.0,EMS,MWH,VALID
2025-07-08 16:00:00,396.9448430895917,80.0,220.0,EMS,MWH,VALID
2025-07-08 17:00:00,467.29434089994953,80.0,220.0,EMS,MWH,VALID
2025-07-08 18:00:00,497.4026240835781,80.0,220.0,EMS,MWH,VALID
2025-07-08 19:00:00,503.77909315988745,80.0,220.0,EMS,MWH,VALID
2025-07-08 20:00:00,461.1558007843976,80.0,220.0,EMS,MWH,VALID
2025-07-08 21:00:00,427.1367949179791,80.0,220.0,EMS,MWH,VALID
2025-07-08 22:00:00,380.2538865420193,80.0,220.0,EMS,MWH,VALID
2025-07-08 23:00:00,382.4475522741042,80.0,220.0,EMS,MWH,VALID
2025-07-09 00:00:00,327.06435346998205,80.0,220.0,EMS,MWH,VALID
2025-07-09 01:00:00,301.7418076516783,80.0,220.0,EMS,MWH,VALID
2025-07-09 02:00:00,342.0989174528794,80.0,220.0,EMS,MWH,VALID
2025-07-09 03:00:00,332.47231192013413,80.0,220.0,EMS,MWH,VALID
2025-07-09 04:00:00,328.6831225724234,80.0,220.0,EMS,MWH,VALID
2025-07-09 05:00:00,348.35391781373227,80.0,220.0,EMS,MWH,VALID
2025-07-09 06:00:00,373.12225635516046,80.0,220.0,EMS,MWH,VALID
2025-07-09 07:00:00,416.8748459287096,80.0,220.0,EMS,MWH,VALID
2025-07-09 08:00:00,442.6087737893976,80.0,220.0,EMS,MWH,VALID
2025-07-09 09:00:00,434.7361654968826,80.0,220.0,EMS,MWH,VALID
2025-07-09 10:00:00,414.5372251531917,60.0,220.0,EMS,MWH,VALID
2025-07-09 11:00:00,405.1319189790756,60.0,220.0,EMS,MWH,VALID
2025-07-09 12:00:00,402.76019340557673,60.0,220.0,EMS,MWH,VALID
2025-07-09 13:00:00,396.61834690216455,60.0,220.0,EMS,MWH,VALID
2025-07-09 14:00:00,402.9528378884407,60.0,220.0,EMS,MWH,VALID
2025-07-09 15:00:00,390.5160849560907,60.0,220.0,EMS,MWH,VALID
2025-07-09 16:00:00,434.2200120664783,80.0,220.0,EMS,MWH,VALID
2025-07-09 17:00:00,443.5096818624886,80.0,220.0,EMS,MWH,VALID
2025-07-09 18:00:00,506.18441113095776,80.0,220.0,EMS,MWH,VALID
2025-07-09 19:00:00,481.6922851021381,80.0,220.0,EMS,MWH,VALID
2025-07-09 20:00:00,496.38302997482185,80.0,220.0,EMS,MWH,VALID
2025-07-09 21:00:00,448.3995653462073,80.0,220.0,EMS,MWH,VALID
2025-07-09 22:00:00,388.5989814822543,80.0,220.0,EMS,MWH,VALID
2025-07-09 23:00:00,338.63026231874335,80.0,220.0,EMS,MWH,VALID
2025-07-10 00:00:00,316.6884402051347,80.0,220.0,EMS,MWH,VALID
2025-07-10 01:00:00,331.13106248773295,80.0,220.0,EMS,MWH,VALID
2025-07-10 02:00:00,328.1996465496618,80.0,220.0,EMS,MWH,VALID
2025-07-10 03:00:00,312.8698890473851,80.0,220.0,EMS,MWH,VALID
2025-07-10 04:00:00,324.24976636776256,80.0,220.0,EMS,MWH,VALID
2025-07-10 05:00:00,384.51242906279776,80.0,220.0,EMS,MWH,VALID
2025-07-10 06:00:00,362.09439525235285,80.0,220.0,EMS,MWH,VALID
2025-07-10 07:00:00,382.5911409803336,80.0,220.0,EMS,MWH,VALID
2025-07-10 08:00:00,405.8713359772351,80.0,220.0,EMS,MWH,VALID
2025-07-10 09:00:00,432.69134592756353,80.0,220.0,EMS,MWH,VALID
2025-07-10 10:00:00,406.859761712897,60.0,220.0,EMS,MWH,VALID
2025-07-10 11:00:00,398.58742359338754,60.0,220.0,EMS,MWH,VALID
2025-07-10 12:00:00,405.8690577301937,60.0,220.0,EMS,MWH,VALID
2025-07-10 13:00:00,417.479523536038,60.0,220.0,EMS,MWH,VALID
2025-07-10 14:00:00,395.2582340405719,60.0,220.0,EMS,MWH,VALID
2025-07-10 15:00:00,404.2031881374391,60.0,220.0,EMS,MWH,VALID
2025-07-10 16:00:00,449.669767918195,80.0,220.0,EMS,MWH,VALID
2025-07-10 17:00:00,468.4418836049944,80.0,220.0,EMS,MWH,VALID
2025-07-10 18:00:00,500.4958956146447,80.0,220.0,EMS,MWH,VALID
2025-07-10 19:00:00,522.6743455911783,80.0,220.0,EMS,MWH,VALID
2025-07-10 20:00:00,477.3661790923484,80.0,220.0,EMS,MWH,VALID
2025-07-10 21:00:00,411.88747070371966,80.0,220.0,EMS,MWH,VALID
2025-07-10 22:00:00,383.5679533050157,80.0,220.0,EMS,MWH,VALID
2025-07-10 23:00:00,335.6184164904087,80.0,220.0,EMS,MWH,VALID
2025-07-11 00:00:00,312.0645403080468,80.0,220.0,EMS,MWH,VALID
2025-07-11 01:00:00,308.3267582193195,80.0,220.0,EMS,MWH,VALID
2025-07-11 02:00:00,318.3974892520297,80.0,220.0,EMS,MWH,VALID
2025-07-11 03:00:00,324.0670493492801,80.0,220.0,EMS,MWH,VALID
2025-07-11 04:00:00,309.68945692885944,80.0,220.0,EMS,MWH,VALID
2025-07-11 05:00:00,368.2968474379908,80.0,220.0,EMS,MWH,VALID
2025-07-11 06:00:00,391.841476725983,80.0,220.0,EMS,MWH,VALID
2025-07-11 07:00:00,398.4714387607832,80.0,220.0,EMS,MWH,VALID
2025-07-11 08:00:00,438.3040262760687,80.0,220.0,EMS,MWH,VALID
2025-07-11 09:00:00,466.2485527649612,80.0,220.0,EMS,MWH,VALID
2025-07-11 10:00:00,418.8484401182987,60.0,220.0,EMS,MWH,VALID
2025-07-11 11:00:00,400.9672653327788,54.0,220.0,EMS,MWH,VALID
2025-07-11 12:00:00,372.6166538265824,54.0,220.0,EMS,MWH,VALID
2025-07-11 13:00:00,379.5936794581526,54.0,220.0,EMS,MWH,VALID
2025-07-11 14:00:00,394.3453647073172,54.0,220.0,EMS,MWH,VALID
2025-07-11 15:00:00,410.34244022472586,54.0,220.0,EMS,MWH,VALID
2025-07-11 16:00:00,416.4842558038642,72.0,220.0,EMS,MWH,VALID
2025-07-11 17:00:00,460.9850458113837,72.0,220.0,EMS,MWH,VALID
2025-07-11 18:00:00,514.9156801905386,72.0,220.0,EMS,MWH,VALID
2025-07-11 19:00:00,505.03136726237614,72.0,220.0,EMS,MWH,VALID
2025-07-11 20:00:00,495.19230221130925,72.0,220.0,EMS,MWH,VALID
2025-07-11 21:00:00,430.1376011954799,80.0,220.0,EMS,MWH,VALID
2025-07-11 22:00:00,397.924512773194,80.0,220.0,EMS,MWH,VALID
2025-07-11 23:00:00,354.8204820451737,80.0,220.0,EMS,MWH,VALID
2025-07-12 00:00:00,248.8298465158876,80.0,220.0,EMS,MWH,VALID
2025-07-12 01:00:00,245.80165903844895,80.0,220.0,EMS,MWH,VALID
2025-07-12 02:00:00,279.17722578199823,80.0,220.0,EMS,MWH,VALID
2025-07-12 03:00:00,271.7587246704492,80.0,220.0,EMS,MWH,VALID
2025-07-12 04:00:00,256.2164987760511,80.0,220.0,EMS,MWH,VALID
2025-07-12 05:00:00,285.0881943888445,80.0,220.0,EMS,MWH,VALID
2025-07-12 06:00:00,319.403968934038,80.0,220.0,EMS,MWH,VALID
2025-07-12 07:00:00,310.9733992948129,80.0,220.0,EMS,MWH,VALID
2025-07-12 08:00:00,358.85007946392926,80.0,220.0,EMS,MWH,VALID
2025-07-12 09:00:00,364.0095503627341,80.0,220.0,EMS,MWH,VALID
2025-07-12 10:00:00,341.94231506604774,60.0,220.0,EMS,MWH,VALID
2025-07-12 11:00:00,338.77006525616736,60.0,220.0,EMS,MWH,VALID
2025-07-12 12:00:00,307.3775445793691,60.0,220.0,EMS,MWH,VALID
2025-07-12 13:00:00,346.1479130762036,60.0,220.0,EMS,MWH,VALID
2025-07-12 14:00:00,279.9958331636967,60.0,220.0,EMS,MWH,VALID
2025-07-12 15:00:00,252.941837578927,60.0,220.0,EMS,MWH,VALID
2025-07-12 16:00:00,358.63000347043163,80.0,220.0,EMS,MWH,VALID
2025-07-12 17:00:00,378.788676119812,80.0,220.0,EMS,MWH,VALID
2025-07-12 18:00:00,379.3003750889473,80.0,220.0,EMS,MWH,VALID
2025-07-12 19:00:00,428.3577343015317,80.0,220.0,EMS,MWH,VALID
2025-07-12 20:00:00,376.6613502467281,80.0,220.0,EMS,MWH,VALID
2025-07-12 21:00:00,362.49296873626633,80.0,220.0,EMS,MWH,VALID
2025-07-12 22:00:00,275.8358090334336,80.0,220.0,EMS,MWH,VALID
2025-07-12 23:00:00,262.77947001918096,80.0,220.0,EMS,MWH,VALID
2025-07-13 00:00:00,272.8754984739662,80.0,220.0,EMS,MWH,VALID
2025-07-13 01:00:00,287.20340474951,80.0,220.0,EMS,MWH,VALID
2025-07-13 02:00:00,262.95059110146605,80.0,220.0,EMS,MWH,VALID
2025-07-13 03:00:00,264.5099403654949,80.0,220.0,EMS,MWH,VALID
2025-07-13 04:00:00,248.77637178878712,80.0,220.0,EMS,MWH,VALID
2025-07-13 05:00:00,275.4380861099406,80.0,220.0,EMS,MWH,VALID
2025-07-13 06:00:00,296.91827181059205,80.0,220.0,EMS,MWH,VALID
2025-07-13 07:00:00,327.8874832739633,80.0,220.0,EMS,MWH,VALID
2025-07-13 08:00:00,333.8260456557398,80.0,220.0,EMS,MWH,VALID
2025-07-13 09:00:00,364.4386137905669,80.0,220.0,EMS,MWH,VALID
2025-07-13 10:00:00,333.89989951294524,60.0,220.0,EMS,MWH,VALID
2025-07-13 11:00:00,347.88947276983214,60.0,220.0,EMS,MWH,VALID
2025-07-13 12:00:00,307.9172847348158,60.0,220.0,EMS,MWH,VALID
2025-07-13 13:00:00,316.3338034784118,60.0,220.0,EMS,MWH,VALID
2025-07-13 14:00:00,288.15926266618635,60.0,220.0,EMS,MWH,VALID
2025-07-13 15:00:00,321.5928807094562,60.0,220.0,EMS,MWH,VALID
2025-07-13 16:00:00,325.7792894408703,80.0,220.0,EMS,MWH,VALID
2025-07-13 17:00:00,379.56686976010366,80.0,220.0,EMS,MWH,VALID
2025-07-13 18:00:00,414.3450911196683,80.0,220.0,EMS,MWH,VALID
2025-07-13 19:00:00,415.8005028536184,80.0,220.0,EMS,MWH,VALID
2025-07-13 20:00:00,407.096888157535,80.0,220.0,EMS,MWH,VALID
2025-07-13 21:00:00,342.78564684196533,80.0,220.0,EMS,MWH,VALID
2025-07-13 22:00:00,344.31574802635794,80.0,220.0,EMS,MWH,VALID
2025-07-13 23:00:00,281.7010136392843,80.0,220.0,EMS,MWH,VALID
2025-07-14 00:00:00,314.1205342846717,80.0,220.0,EMS,MWH,VALID
2025-07-14 01:00:00,324.6078011801443,80.0,220.0,EMS,MWH,VALID
2025-07-14 02:00:00,344.61983242934366,80.0,220.0,EMS,MWH,VALID
2025-07-14 03:00:00,315.7240088327757,80.0,220.0,EMS,MWH,VALID
2025-07-14 04:00:00,346.8274291447019,80.0,220.0,EMS,MWH,VALID
2025-07-14 05:00:00,349.869128692923,80.0,220.0,EMS,MWH,VALID
2025-07-14 06:00:00,354.1377822439111,80.0,220.0,EMS,MWH,VALID
2025-07-14 07:00:00,415.8114122733595,80.0,220.0,EMS,MWH,VALID
2025-07-14 08:00:00,430.5971898187445,80.0,220.0,EMS,MWH,VALID
2025-07-14 09:00:00,453.1742240609955,80.0,220.0,EMS,MWH,VALID
2025-07-14 10:00:00,400.9271134824252,60.0,220.0,EMS,MWH,VALID
2025-07-14 11:00:00,391.09177292701617,60.0,220.0,EMS,MWH,VALID
2025-07-14 12:00:00,374.8374023093114,60.0,220.0,EMS,MWH,VALID
2025-07-14 13:00:00,400.9098383131429,60.0,220.0,EMS,MWH,VALID
2025-07-14 14:00:00,390.7180485766095,60.0,220.0,EMS,MWH,VALID
2025-07-14 15:00:00,406.0118897218464,60.0,220.0,EMS,MWH,VALID
2025-07-14 16:00:00,430.2233001193931,80.0,220.0,EMS,MWH,VALID
2025-07-14 17:00:00,426.6706045576543,80.0,220.0,EMS,MWH,VALID
2025-07-14 18:00:00,457.72144821584016,80.0,220.0,EMS,MWH,VALID
2025-07-14 19:00:00,517.3000997021825,80.0,220.0,EMS,MWH,VALID
2025-07-14 20:00:00,467.93758389921777,80.0,220.0,EMS,MWH,VALID
2025-07-14 21:00:00,439.36769481769466,80.0,220.0,EMS,MWH,VALID
2025-07-14 22:00:00,382.1063507197189,80.0,220.0,EMS,MWH,VALID
2025-07-14 23:00:00,371.7265034950256,80.0,220.0,EMS,MWH,VALID
2025-07-15 00:00:00,314.45840501695767,80.0,220.0,EMS,MWH,VALID
2025-07-15 01:00:00,328.04172481725783,80.0,220.0,EMS,MWH,VALID
2025-07-15 02:00:00,317.68299070507805,80.0,220.0,EMS,MWH,VALID
2025-07-15 03:00:00,322.7344307544124,80.0,220.0,EMS,MWH,VALID
2025-07-15 04:00:00,322.7437797411432,80.0,220.0,EMS,MWH,VALID
2025-07-15 05:00:00,348.7364252910508,80.0,220.0,EMS,MWH,VALID
2025-07-15 06:00:00,371.6939642794135,80.0,220.0,EMS,MWH,VALID
2025-07-15 07:00:00,396.83177110746624,80.0,220.0,EMS,MWH,VALID
2025-07-15 08:00:00,425.732656710854,80.0,220.0,EMS,MWH,VALID
2025-07-15 09:00:00,426.1102415324207,80.0,220.0,EMS,MWH,VALID
2025-07-15 10:00:00,421.8346801685517,60.0,220.0,EMS,MWH,VALID
2025-07-15 11:00:00,381.13157661569056,60.0,220.0,EMS,MWH,VALID
2025-07-15 12:00:00,370.510167010868,60.0,220.0,EMS,MWH,VALID
2025-07-15 13:00:00,396.3833294420307,60.0,220.0,EMS,MWH,VALID
2025-07-15 14:00:00,389.3307344707986,60.0,220.0,EMS,MWH,VALID
2025-07-15 15:00:00,422.2113481585088,60.0,220.0,EMS,MWH,VALID
2025-07-15 16:00:00,402.4493451507076,80.0,220.0,EMS,MWH,VALID
2025-07-15 17:00:00,450.597948431802,80.0,220.0,EMS,MWH,VALID
2025-07-15 18:00:00,511.5505772686249,80.0,220.0,EMS,MWH,VALID
2025-07-15 19:00:00,476.4793754630544,80.0,220.0,EMS,MWH,VALID
2025-07-15 20:00:00,484.3084487288359,80.0,220.0,EMS,MWH,VALID
2025-07-15 21:00:00,430.72509592483135,80.0,220.0,EMS,MWH,VALID
2025-07-15 22:00:00,392.1363810148587,80.0,220.0,EMS,MWH,VALID
2025-07-15 23:00:00,357.4825262214368,80.0,220.0,EMS,MWH,VALID
2025-07-16 00:00:00,301.6264284684712,80.0,220.0,EMS,MWH,VALID
2025-07-16 01:00:00,336.6604157085456,80.0,220.0,EMS,MWH,VALID
2025-07-16 02:00:00,318.46506249353945,80.0,220.0,EMS,MWH,VALID
2025-07-16 03:00:00,323.04426347375795,80.0,220.0,EMS,MWH,VALID
2025-07-16 04:00:00,334.20815948922666,80.0,220.0,EMS,MWH,VALID
2025-07-16 05:00:00,356.22634115362786,80.0,220.0,EMS,MWH,VALID
2025-07-16 06:00:00,360.4280870464772,80.0,220.0,EMS,MWH,VALID
2025-07-16 07:00:00,415.4989907476707,80.0,220.0,EMS,MWH,VALID
2025-07-16 08:00:00,436.4299518155186,80.0,220.0,EMS,MWH,VALID
2025-07-16 09:00:00,420.56731046186695,80.0,220.0,EMS,MWH,VALID
2025-07-16 10:00:00,420.2478331955706,60.0,220.0,EMS,MWH,VALID
2025-07-16 11:00:00,400.4897310449023,60.0,220.0,EMS,MWH,VALID
2025-07-16 12:00:00,371.56620745265417,60.0,220.0,EMS,MWH,VALID
2025-07-16 13:00:00,394.55298688419896,60.0,220.0,EMS,MWH,VALID
2025-07-16 14:00:00,381.69744408051446,60.0,220.0,EMS,MWH,VALID
2025-07-16 15:00:00,419.63143578846496,60.0,220.0,EMS,MWH,VALID
2025-07-16 16:00:00,422.9681112406324,80.0,220.0,EMS,MWH,VALID
2025-07-16 17:00:00,441.922725200748,80.0,220.0,EMS,MWH,VALID
2025-07-16 18:00:00,501.5841912824124,80.0,220.0,EMS,MWH,VALID
2025-07-16 19:00:00,484.5319967002574,80.0,220.0,EMS,MWH,VALID
2025-07-16 20:00:00,484.02267819949714,80.0,220.0,EMS,MWH,VALID
2025-07-16 21:00:00,419.17045400253846,80.0,220.0,EMS,MWH,VALID
2025-07-16 22:00:00,385.3699957144525,80.0,220.0,EMS,MWH,VALID
2025-07-16 23:00:00,319.6749218438852,80.0,220.0,EMS,MWH,VALID
2025-07-17 00:00:00,291.2591255957645,80.0,220.0,EMS,MWH,VALID
2025-07-17 01:00:00,331.90101626066763,80.0,220.0,EMS,MWH,VALID
2025-07-17 02:00:00,329.7079254323613,80.0,220.0,EMS,MWH,VALID
2025-07-17 03:00:00,327.6474101143026,80.0,220.0,EMS,MWH,VALID
2025-07-17 04:00:00,342.3064995509748,80.0,220.0,EMS,MWH,VALID
2025-07-17 05:00:00,339.61633755534456,80.0,220.0,EMS,MWH,VALID
2025-07-17 06:00:00,366.0181658294888,80.0,220.0,EMS,MWH,VALID
2025-07-17 07:00:00,400.557994213225,80.0,220.0,EMS,MWH,VALID
2025-07-17 08:00:00,424.8420899902388,80.0,220.0,EMS,MWH,VALID
2025-07-17 09:00:00,446.2108271695253,80.0,220.0,EMS,MWH,VALID
2025-07-17 10:00:00,408.6445707424505,60.0,220.0,EMS,MWH,VALID
2025-07-17 11:00:00,385.7624159151603,60.0,220.0,EMS,MWH,VALID
2025-07-17 12:00:00,396.8838183107872,60.0,220.0,EMS,MWH,VALID
2025-07-17 13:00:00,379.4140086729081,60.0,220.0,EMS,MWH,VALID
2025-07-17 14:00:00,390.6835103464873,60.0,220.0,EMS,MWH,VALID
2025-07-17 15:00:00,412.4661077446307,60.0,220.0,EMS,MWH,VALID
2025-07-17 16:00:00,420.06940878822365,80.0,220.0,EMS,MWH,VALID
2025-07-17 17:00:00,459.5763986351538,80.0,220.0,EMS,MWH,VALID
2025-07-17 18:00:00,500.5442032925194,80.0,220.0,EMS,MWH,VALID
2025-07-17 19:00:00,509.9452967886098,80.0,220.0,EMS,MWH,VALID
2025-07-17 20:00:00,466.1092492105923,80.0,220.0,EMS,MWH,VALID
2025-07-17 21:00:00,418.2154149894049,80.0,220.0,EMS,MWH,VALID
2025-07-17 22:00:00,366.9047918362008,80.0,220.0,EMS,MWH,VALID
2025-07-17 23:00:00,347.88962717143227,80.0,220.0,EMS,MWH,VALID
2025-07-18 00:00:00,312.33022091402114,80.0,220.0,EMS,MWH,VALID
2025-07-18 01:00:00,321.7401017389511,80.0,220.0,EMS,MWH,VALID
2025-07-18 02:00:00,297.3472313289387,80.0,220.0,EMS,MWH,VALID
2025-07-18 03:00:00,308.49255908883373,80.0,220.0,EMS,MWH,VALID
2025-07-18 04:00:00,340.1579922298607,80.0,220.0,EMS,MWH,VALID
2025-07-18 05:00:00,342.4549529833006,80.0,220.0,EMS,MWH,VALID
2025-07-18 06:00:00,374.0795195036424,80.0,220.0,EMS,MWH,VALID
2025-07-18 07:00:00,392.1397040609983,80.0,220.0,EMS,MWH,VALID
2025-07-18 08:00:00,442.8599708589801,80.0,220.0,EMS,MWH,VALID
2025-07-18 09:00:00,440.8026780724629,80.0,220.0,EMS,MWH,VALID
2025-07-18 10:00:00,417.571377346948,60.0,220.0,EMS,MWH,VALID
2025-07-18 11:00:00,381.0758047975694,60.0,220.0,EMS,MWH,VALID
2025-07-18 12:00:00,401.6656177935171,60.0,220.0,EMS,MWH,VALID
2025-07-18 13:00:00,360.3286867008436,60.0,220.0,EMS,MWH,VALID
2025-07-18 14:00:00,388.56342104768106,60.0,220.0,EMS,MWH,VALID
2025-07-18 15:00:00,394.5389408139809,60.0,220.0,EMS,MWH,VALID
2025-07-18 16:00:00,440.1134530875897,80.0,220.0,EMS,MWH,VALID
2025-07-18 17:00:00,470.0687256242148,80.0,220.0,EMS,MWH,VALID
2025-07-18 18:00:00,519.8946029152736,80.0,220.0,EMS,MWH,VALID
2025-07-18 19:00:00,482.216898665288,80.0,220.0,EMS,MWH,VALID
2025-07-18 20:00:00,487.39993384843376,80.0,220.0,EMS,MWH,VALID
2025-07-18 21:00:00,433.7597506385842,80.0,220.0,EMS,MWH,VALID
2025-07-18 22:00:00,372.42002301747607,80.0,220.0,EMS,MWH,VALID
2025-07-18 23:00:00,339.4104362871709,80.0,220.0,EMS,MWH,VALID
2025-07-19 00:00:00,278.8777122947406,80.0,220.0,EMS,MWH,VALID
2025-07-19 01:00:00,257.05719660932334,80.0,158.4,EMS,MWH,VALID
2025-07-19 02:00:00,244.5023992952008,80.0,158.4,EMS,MWH,VALID
2025-07-19 03:00:00,277.19097434593857,80.0,158.4,EMS,MWH,VALID
2025-07-19 04:00:00,279.24493847730866,80.0,158.4,EMS,MWH,VALID
2025-07-19 05:00:00,286.81705463941216,80.0,158.4,EMS,MWH,VALID
2025-07-19 06:00:00,292.1800357860915,80.0,158.4,EMS,MWH,VALID
2025-07-19 07:00:00,306.259999032106,80.0,220.0,EMS,MWH,VALID
2025-07-19 08:00:00,384.7744265697951,80.0,220.0,EMS,MWH,VALID
2025-07-19 09:00:00,347.30062438057007,80.0,220.0,EMS,MWH,VALID
2025-07-19 10:00:00,318.1292989926412,60.0,220.0,EMS,MWH,VALID
2025-07-19 11:00:00,302.9659198185189,60.0,220.0,EMS,MWH,VALID
2025-07-19 12:00:00,287.2715261834445,60.0,220.0,EMS,MWH,VALID
2025-07-19 13:00:00,275.54143172925865,60.0,220.0,EMS,MWH,VALID
2025-07-19 14:00:00,346.6624785752903,60.0,220.0,EMS,MWH,VALID
2025-07-19 15:00:00,325.8264963006752,60.0,220.0,EMS,MWH,VALID
2025-07-19 16:00:00,345.8140657710297,80.0,220.0,EMS,MWH,VALID
2025-07-19 17:00:00,384.85631116453146,80.0,220.0,EMS,MWH,VALID
2025-07-19 18:00:00,385.1263206556552,80.0,220.0,EMS,MWH,VALID
2025-07-19 19:00:00,431.351611986855,80.0,220.0,EMS,MWH,VALID
2025-07-19 20:00:00,373.5221318684102,80.0,220.0,EMS,MWH,VALID
2025-07-19 21:00:00,355.0257424521878,80.0,220.0,EMS,MWH,VALID
2025-07-19 22:00:00,313.324896557066,80.0,220.0,EMS,MWH,VALID
2025-07-19 23:00:00,302.6881446313988,80.0,220.0,EMS,MWH,VALID
2025-07-20 00:00:00,235.7714780751345,80.0,220.0,EMS,MWH,VALID
2025-07-20 01:00:00,243.10635985713483,80.0,220.0,EMS,MWH,VALID
2025-07-20 02:00:00,262.7787138958375,80.0,220.0,EMS,MWH,VALID
2025-07-20 03:00:00,232.38504037409143,80.0,220.0,EMS,MWH,VALID
2025-07-20 04:00:00,239.51549606067584,80.0,220.0,EMS,MWH,VALID
2025-07-20 05:00:00,269.9464778582655,80.0,220.0,EMS,MWH,VALID
2025-07-20 06:00:00,306.8961533743381,80.0,220.0,EMS,MWH,VALID
2025-07-20 07:00:00,313.9628082169223,80.0,220.0,EMS,MWH,VALID
2025-07-20 08:00:00,357.8384960941966,80.0,220.0,EMS,MWH,VALID
2025-07-20 09:00:00,361.9883790444186,80.0,220.0,EMS,MWH,VALID
2025-07-20 10:00:00,315.4241098361529,60.0,220.0,EMS,MWH,VALID
2025-07-20 11:00:00,336.53874282434055,60.0,220.0,EMS,MWH,VALID
2025-07-20 12:00:00,327.3142545633212,60.0,220.0,EMS,MWH,VALID
2025-07-20 13:00:00,320.0688371366724,60.0,220.0,EMS,MWH,VALID
2025-07-20 14:00:00,287.3922849461749,60.0,220.0,EMS,MWH,VALID
2025-07-20 15:00:00,337.55303911921806,60.0,220.0,EMS,MWH,VALID
2025-07-20 16:00:00,346.8915712122387,80.0,220.0,EMS,MWH,VALID
2025-07-20 17:00:00,372.88001907482095,80.0,220.0,EMS,MWH,VALID
2025-07-20 18:00:00,408.8993810399725,80.0,220.0,EMS,MWH,VALID
2025-07-20 19:00:00,407.5201057164165,80.0,220.0,EMS,MWH,VALID
2025-07-20 20:00:00,400.7743364296987,80.0,220.0,EMS,MWH,VALID
2025-07-20 21:00:00,366.5602983486966,80.0,220.0,EMS,MWH,VALID
2025-07-20 22:00:00,315.36384253063045,80.0,220.0,EMS,MWH,VALID
2025-07-20 23:00:00,277.6588576875732,80.0,220.0,EMS,MWH,VALID
2025-07-21 00:00:00,301.5245901428895,80.0,220.0,EMS,MWH,VALID
2025-07-21 01:00:00,319.79024833637567,80.0,220.0,EMS,MWH,VALID
2025-07-21 02:00:00,335.04657914044043,80.0,220.0,EMS,MWH,VALID
2025-07-21 03:00:00,328.36138910549363,80.0,220.0,EMS,MWH,VALID
2025-07-21 04:00:00,298.9247423453582,80.0,220.0,EMS,MWH,VALID
2025-07-21 05:00:00,359.9210992518032,80.0,220.0,EMS,MWH,VALID
2025-07-21 06:00:00,368.0735390915341,80.0,220.0,EMS,MWH,VALID
2025-07-21 07:00:00,413.9495927806223,80.0,220.0,EMS,MWH,VALID
2025-07-21 08:00:00,417.2827573774415,80.0,220.0,EMS,MWH,VALID
2025-07-21 09:00:00,424.5756604606245,80.0,220.0,EMS,MWH,VALID
2025-07-21 10:00:00,379.8765227176777,60.0,220.0,EMS,MWH,VALID
2025-07-21 11:00:00,391.2752097989263,60.0,220.0,EMS,MWH,VALID
2025-07-21 12:00:00,373.2732595895194,60.0,220.0,EMS,MWH,VALID
2025-07-21 13:00:00,361.5239361087116,60.0,220.0,EMS,MWH,VALID
2025-07-21 14:00:00,412.7574308644398,60.0,220.0,EMS,MWH,VALID
2025-07-21 15:00:00,392.5892501803605,60.0,220.0,EMS,MWH,VALID
2025-07-21 16:00:00,444.8477748024478,80.0,220.0,EMS,MWH,VALID
2025-07-21 17:00:00,451.3832273912946,80.0,220.0,EMS,MWH,VALID
2025-07-21 18:00:00,492.4658961030945,80.0,220.0,EMS,MWH,VALID
2025-07-21 19:00:00,501.6132031784406,80.0,220.0,EMS,MWH,VALID
2025-07-21 20:00:00,464.7102512731997,80.0,220.0,EMS,MWH,VALID
2025-07-21 21:00:00,434.1804087713895,80.0,220.0,EMS,MWH,VALID
2025-07-21 22:00:00,405.2688425374873,80.0,220.0,EMS,MWH,VALID
2025-07-21 23:00:00,349.5845340093607,80.0,220.0,EMS,MWH,VALID
2025-07-22 00:00:00,308.91171827480827,80.0,220.0,EMS,MWH,VALID
2025-07-22 01:00:00,317.47360914867147,80.0,220.0,EMS,MWH,VALID
2025-07-22 02:00:00,324.53816608506446,80.0,220.0,EMS,MWH,VALID
2025-07-22 03:00:00,312.5565475999242,80.0,220.0,EMS,MWH,VALID
2025-07-22 04:00:00,321.0803665636947,80.0,220.0,EMS,MWH,VALID
2025-07-22 05:00:00,339.3708798019859,80.0,220.0,EMS,MWH,VALID
2025-07-22 06:00:00,379.76124202062886,80.0,220.0,EMS,MWH,VALID
2025-07-22 07:00:00,425.73717201792175,80.0,220.0,EMS,MWH,VALID
2025-07-22 08:00:00,430.3092126961113,80.0,220.0,EMS,MWH,VALID
2025-07-22 09:00:00,435.3250073327692,80.0,220.0,EMS,MWH,VALID
2025-07-22 10:00:00,416.7961136966091,60.0,220.0,EMS,MWH,VALID
2025-07-22 11:00:00,364.4801057304651,60.0,220.0,EMS,MWH,VALID
2025-07-22 12:00:00,383.777976875581,60.0,220.0,EMS,MWH,VALID
2025-07-22 13:00:00,355.761332537533,60.0,220.0,EMS,MWH,VALID
2025-07-22 14:00:00,373.2056177851944,60.0,220.0,EMS,MWH,VALID
2025-07-22 15:00:00,372.0023292118875,60.0,220.0,EMS,MWH,VALID
2025-07-22 16:00:00,416.6983573300429,80.0,220.0,EMS,MWH,VALID
2025-07-22 17:00:00,443.5483577539163,80.0,220.0,EMS,MWH,VALID
2025-07-22 18:00:00,488.7465771503308,80.0,220.0,EMS,MWH,VALID
22/07/2025 19:00,505.2601421645927,80.0,220.0,EMS,MWH,VALID
2025-07-22 20:00:00,466.9482107006821,80.0,220.0,EMS,MWH,VALID
2025-07-22 21:00:00,417.1574460012723,80.0,220.0,EMS,MWH,VALID
2025-07-22 22:00:00,377.8358788999016,80.0,220.0,EMS,MWH,VALID
2025-07-22 23:00:00,349.2003685466757,80.0,220.0,EMS,MWH,VALID
2025-07-23 00:00:00,299.40459697494424,80.0,220.0,EMS,MWH,VALID
2025-07-23 01:00:00,300.55733009045014,80.0,220.0,EMS,MWH,VALID
2025-07-23 02:00:00,327.0085635143126,80.0,220.0,EMS,MWH,VALID
2025-07-23 03:00:00,327.3531011731848,80.0,220.0,EMS,MWH,VALID
2025-07-23 04:00:00,339.3047664852239,80.0,220.0,EMS,MWH,VALID
2025-07-23 05:00:00,352.0266687027236,80.0,220.0,EMS,MWH,VALID
2025-07-23 06:00:00,368.6621248582615,80.0,220.0,EMS,MWH,VALID
2025-07-23 07:00:00,380.753740410589,80.0,220.0,EMS,MWH,VALID
2025-07-23 08:00:00,428.77300951592485,80.0,220.0,EMS,MWH,VALID
2025-07-23 09:00:00,449.9550272612091,80.0,220.0,EMS,MWH,VALID
2025-07-23 10:00:00,414.0495980217728,60.0,220.0,EMS,MWH,VALID
2025-07-23 11:00:00,387.8243217256078,60.0,220.0,EMS,MWH,VALID
2025-07-23 12:00:00,362.4854020735588,60.0,220.0,EMS,MWH,VALID
2025-07-23 13:00:00,362.10295835188,60.0,220.0,EMS,MWH,VALID
2025-07-23 14:00:00,382.3218127914813,60.0,220.0,EMS,MWH,VALID
2025-07-23 15:00:00,393.90964259441495,60.0,220.0,EMS,MWH,VALID
2025-07-23 16:00:00,408.9096750036053,80.0,220.0,EMS,MWH,VALID
2025-07-23 17:00:00,462.6821330811318,80.0,220.0,EMS,MWH,VALID
2025-07-23 18:00:00,477.8931579002684,80.0,220.0,EMS,MWH,VALID
2025-07-23 19:00:00,479.8314896282311,80.0,220.0,EMS,MWH,VALID
2025-07-23 20:00:00,486.8772068043587,80.0,220.0,EMS,MWH,VALID
2025-07-23 21:00:00,427.657823442956,80.0,220.0,EMS,MWH,VALID
2025-07-23 22:00:00,374.8473068333373,80.0,220.0,EMS,MWH,VALID
2025-07-23 23:00:00,330.59466468047066,80.0,220.0,EMS,MWH,VALID
2025-07-24 00:00:00,296.5235387170737,80.0,220.0,EMS,MWH,VALID
2025-07-24 01:00:00,294.59999135869106,80.0,220.0,EMS,MWH,VALID
2025-07-24 02:00:00,314.65897005669353,80.0,220.0,EMS,MWH,VALID
2025-07-24 03:00:00,320.8096182468878,80.0,220.0,EMS,MWH,VALID
2025-07-24 04:00:00,311.04604547519415,80.0,220.0,EMS,MWH,VALID
2025-07-24 05:00:00,334.9298931268747,80.0,220.0,EMS,MWH,VALID
2025-07-24 06:00:00,368.0767348852737,80.0,220.0,EMS,MWH,VALID
2025-07-24 07:00:00,398.8285843809616,80.0,220.0,EMS,MWH,VALID
2025-07-24 08:00:00,415.7902128607706,80.0,220.0,EMS,MWH,VALID
2025-07-24 09:00:00,430.8521748648613,80.0,220.0,EMS,MWH,VALID
2025-07-24 10:00:00,401.3363285071608,60.0,220.0,EMS,MWH,VALID
2025-07-24 11:00:00,397.03087651978046,60.0,220.0,EMS,MWH,VALID
2025-07-24 12:00:00,383.1071866237977,60.0,220.0,EMS,MWH,VALID
2025-07-24 13:00:00,381.98668310896073,60.0,220.0,EMS,MWH,VALID
2025-07-24 14:00:00,377.4288321560956,60.0,220.0,EMS,MWH,VALID
2025-07-24 15:00:00,371.7342122950682,60.0,220.0,EMS,MWH,VALID
2025-07-24 16:00:00,409.5445741326156,80.0,220.0,EMS,MWH,VALID
2025-07-24 17:00:00,448.5059499390258,80.0,220.0,EMS,MWH,VALID
2025-07-24 18:00:00,481.4758699516305,80.0,220.0,EMS,MWH,VALID
2025-07-24 19:00:00,481.1919400701057,80.0,220.0,EMS,MWH,VALID
2025-07-24 20:00:00,459.5136637875909,80.0,220.0,EMS,MWH,VALID
2025-07-24 21:00:00,435.3041624611183,80.0,220.0,EMS,MWH,VALID
2025-07-24 22:00:00,357.0867939544862,80.0,220.0,EMS,MWH,VALID
2025-07-24 23:00:00,353.772003830814,80.0,220.0,EMS,MWH,VALID
2025-07-25 00:00:00,296.04357815906377,80.0,220.0,EMS,MWH,VALID
2025-07-25 01:00:00,318.8376557573938,80.0,220.0,EMS,MWH,VALID
2025-07-25 02:00:00,314.39758545456,80.0,220.0,EMS,MWH,VALID
2025-07-25 03:00:00,275.8731565942211,80.0,220.0,EMS,MWH,VALID
2025-07-25 04:00:00,352.0341026057308,80.0,220.0,EMS,MWH,VALID
2025-07-25 05:00:00,365.50543192223415,80.0,220.0,EMS,MWH,VALID
2025-07-25 06:00:00,351.58838122790803,80.0,220.0,EMS,MWH,VALID
2025-07-25 07:00:00,415.8219759187418,80.0,220.0,EMS,MWH,VALID
2025-07-25 08:00:00,418.1840093305141,80.0,220.0,EMS,MWH,VALID
2025-07-25 09:00:00,405.15300785445686,80.0,220.0,EMS,MWH,VALID
2025-07-25 10:00:00,393.964033844168,60.0,220.0,EMS,MWH,VALID
2025-07-25 11:00:00,394.1747809528496,60.0,220.0,EMS,MWH,VALID
2025-07-25 12:00:00,383.4246065650984,60.0,220.0,EMS,MWH,VALID
2025-07-25 13:00:00,392.1906324770201,60.0,220.0,EMS,MWH,VALID
2025-07-25 14:00:00,392.3627120444745,60.0,220.0,EMS,MWH,VALID
2025-07-25 15:00:00,401.76246400190746,60.0,220.0,EMS,MWH,VALID
2025-07-25 16:00:00,433.76790118634375,80.0,220.0,EMS,MWH,VALID
2025-07-25 17:00:00,453.3824956229095,80.0,220.0,EMS,MWH,VALID
2025-07-25 18:00:00,479.2920646289377,80.0,220.0,EMS,MWH,VALID
2025-07-25 19:00:00,496.4360008606037,80.0,220.0,EMS,MWH,VALID
2025-07-25 20:00:00,497.6889791065369,80.0,220.0,EMS,MWH,VALID
2025-07-25 21:00:00,425.9583380792103,80.0,220.0,EMS,MWH,VALID
2025-07-25 22:00:00,361.99410614635696,80.0,220.0,EMS,MWH,VALID
2025-07-25 23:00:00,335.87723018925703,80.0,220.0,EMS,MWH,VALID
2025-07-26 00:00:00,248.129866733624,80.0,220.0,EMS,MWH,VALID
2025-07-26 01:00:00,267.9487907533175,80.0,220.0,EMS,MWH,VALID
2025-07-26 02:00:00,244.57932963516632,80.0,220.0,EMS,MWH,VALID
2025-07-26 03:00:00,260.3721974006826,80.0,220.0,EMS,MWH,VALID
2025-07-26 04:00:00,273.20466033515,80.0,220.0,EMS,MWH,VALID
2025-07-26 05:00:00,298.9391391130498,80.0,220.0,EMS,MWH,VALID
2025-07-26 06:00:00,301.4329981225732,80.0,220.0,EMS,MWH,VALID
2025-07-26 07:00:00,345.0147465724341,80.0,220.0,EMS,MWH,VALID
2025-07-26 08:00:00,360.3747038466951,80.0,220.0,EMS,MWH,VALID
2025-07-26 09:00:00,330.8466927592718,80.0,220.0,EMS,MWH,VALID
2025-07-26 10:00:00,334.9970231426177,60.0,220.0,EMS,MWH,VALID
2025-07-26 11:00:00,323.02021771561857,60.0,220.0,EMS,MWH,VALID
2025-07-26 12:00:00,352.9393512694089,60.0,220.0,EMS,MWH,VALID
2025-07-26 13:00:00,272.9136216069283,60.0,220.0,EMS,MWH,VALID
2025-07-26 14:00:00,280.4447690097011,60.0,220.0,EMS,MWH,VALID
2025-07-26 15:00:00,260.1204890122093,60.0,220.0,EMS,MWH,VALID
2025-07-26 16:00:00,336.07659069637475,80.0,220.0,EMS,MWH,VALID
2025-07-26 17:00:00,341.9462620219438,80.0,220.0,EMS,MWH,VALID
2025-07-26 18:00:00,369.3809023965737,80.0,220.0,EMS,MWH,VALID
2025-07-26 19:00:00,404.335456589914,80.0,220.0,EMS,MWH,VALID
2025-07-26 20:00:00,372.8630263256081,80.0,220.0,EMS,MWH,VALID
2025-07-26 21:00:00,344.1924674413799,80.0,220.0,EMS,MWH,VALID
2025-07-26 22:00:00,317.8498639146248,80.0,220.0,EMS,MWH,VALID
2025-07-26 23:00:00,264.5033654195956,80.0,220.0,EMS,MWH,VALID
2025-07-27 00:00:00,260.0859131637988,80.0,220.0,EMS,MWH,VALID
2025-07-27 01:00:00,262.17703276087593,80.0,220.0,EMS,MWH,VALID
2025-07-27 02:00:00,262.3626492064327,80.0,220.0,EMS,MWH,VALID
2025-07-27 03:00:00,268.2334479867097,80.0,220.0,EMS,MWH,VALID
2025-07-27 04:00:00,271.52332996746736,80.0,220.0,EMS,MWH,VALID
2025-07-27 05:00:00,282.52160858175245,80.0,220.0,EMS,MWH,VALID
2025-07-27 06:00:00,294.7648374696088,80.0,220.0,EMS,MWH,VALID
2025-07-27 07:00:00,322.9425279677451,80.0,220.0,EMS,MWH,VALID
2025-07-27 08:00:00,313.3179375733907,80.0,220.0,EMS,MWH,VALID
2025-07-27 09:00:00,369.2877533855472,80.0,220.0,EMS,MWH,VALID
2025-07-27 10:00:00,310.69266283956705,60.0,220.0,EMS,MWH,VALID
2025-07-27 11:00:00,316.73326556567696,60.0,220.0,EMS,MWH,VALID
2025-07-27 12:00:00,315.957115565396,60.0,220.0,EMS,MWH,VALID
2025-07-27 13:00:00,278.38575280839615,60.0,220.0,EMS,MWH,VALID
2025-07-27 14:00:00,279.9746921571141,60.0,220.0,EMS,MWH,VALID
2025-07-27 15:00:00,276.76254098857095,60.0,220.0,EMS,MWH,VALID
2025-07-27 16:00:00,346.57639457865633,80.0,220.0,EMS,MWH,VALID
2025-07-27 17:00:00,396.56018566845967,80.0,220.0,EMS,MWH,VALID
2025-07-27 18:00:00,395.7434538793228,80.0,220.0,EMS,MWH,VALID
2025-07-27 19:00:00,410.0405239403714,80.0,220.0,EMS,MWH,VALID
2025-07-27 20:00:00,379.3933279724715,80.0,220.0,EMS,MWH,VALID
2025-07-27 21:00:00,347.8703368396773,80.0,220.0,EMS,MWH,VALID
2025-07-27 22:00:00,321.0447542646257,80.0,220.0,EMS,MWH,VALID
2025-07-27 23:00:00,278.9855630569425,80.0,220.0,EMS,MWH,VALID
2025-07-28 00:00:00,299.19346846485547,80.0,220.0,EMS,MWH,VALID
2025-07-28 01:00:00,288.3024970749547,80.0,220.0,EMS,MWH,VALID
2025-07-28 02:00:00,299.3664170713739,80.0,220.0,EMS,MWH,VALID
2025-07-28 03:00:00,335.5979503388973,80.0,220.0,EMS,MWH,VALID
2025-07-28 04:00:00,320.5023992546978,80.0,220.0,EMS,MWH,VALID
2025-07-28 05:00:00,317.04680201819065,80.0,220.0,EMS,MWH,VALID
2025-07-28 06:00:00,346.68428037462206,80.0,220.0,EMS,MWH,VALID
2025-07-28 07:00:00,411.8447337584348,80.0,220.0,EMS,MWH,VALID
2025-07-28 08:00:00,401.0035775307293,80.0,220.0,EMS,MWH,VALID
2025-07-28 09:00:00,404.4213357077892,80.0,220.0,EMS,MWH,VALID
2025-07-28 10:00:00,413.3560324420143,60.0,220.0,EMS,MWH,VALID
2025-07-28 11:00:00,412.1558773343529,60.0,220.0,EMS,MWH,VALID
2025-07-28 12:00:00,395.3242294985168,60.0,220.0,EMS,MWH,VALID
2025-07-28 13:00:00,363.2337413125087,60.0,220.0,EMS,MWH,VALID
2025-07-28 14:00:00,393.8335432978348,60.0,220.0,EMS,MWH,VALID
2025-07-28 15:00:00,411.318941041187,60.0,220.0,EMS,MWH,VALID
2025-07-28 16:00:00,402.03633358965766,80.0,220.0,EMS,MWH,VALID
2025-07-28 17:00:00,455.94947817809685,80.0,220.0,EMS,MWH,VALID
2025-07-28 18:00:00,499.062997352832,80.0,220.0,EMS,MWH,VALID
2025-07-28 19:00:00,504.0102761560302,80.0,220.0,EMS,MWH,VALID
2025-07-28 20:00:00,443.6078735133447,80.0,220.0,EMS,MWH,VALID
2025-07-28 21:00:00,412.88505751348873,80.0,220.0,EMS,MWH,VALID
2025-07-28 22:00:00,371.0070650172895,80.0,220.0,EMS,MWH,VALID
2025-07-28 23:00:00,338.11120473442884,80.0,220.0,EMS,MWH,VALID
2025-07-29 00:00:00,306.95158833804544,80.0,220.0,EMS,MWH,VALID
2025-07-29 01:00:00,291.93317573726745,80.0,220.0,EMS,MWH,VALID
2025-07-29 02:00:00,301.39611295678554,80.0,220.0,EMS,MWH,VALID
2025-07-29 03:00:00,304.43331770820174,80.0,220.0,EMS,MWH,VALID
2025-07-29 04:00:00,325.09903972857023,80.0,220.0,EMS,MWH,VALID
2025-07-29 05:00:00,334.1343635675276,80.0,220.0,EMS,MWH,VALID
2025-07-29 06:00:00,368.8961818077335,80.0,220.0,EMS,MWH,VALID
2025-07-29 07:00:00,376.4766555647376,80.0,220.0,EMS,MWH,VALID
2025-07-29 08:00:00,434.7389774566353,80.0,220.0,EMS,MWH,VALID
2025-07-29 09:00:00,423.4938581146925,80.0,220.0,EMS,MWH,VALID
2025-07-29 10:00:00,414.5075301787089,60.0,220.0,EMS,MWH,VALID
2025-07-29 11:00:00,381.31117189202655,60.0,220.0,EMS,MWH,VALID
2025-07-29 12:00:00,383.21853049981263,60.0,220.0,EMS,MWH,VALID
2025-07-29 13:00:00,383.8704699913567,60.0,220.0,EMS,MWH,VALID
2025-07-29 14:00:00,379.284438983854,60.0,220.0,EMS,MWH,VALID
2025-07-29 15:00:00,392.8847695297529,60.0,220.0,EMS,MWH,VALID
2025-07-29 16:00:00,426.76005960248256,80.0,220.0,EMS,MWH,VALID
2025-07-29 17:00:00,448.8017174087519,80.0,220.0,EMS,MWH,VALID
2025-07-29 18:00:00,493.70442094329326,80.0,220.0,EMS,MWH,VALID
2025-07-29 19:00:00,501.8412639289497,80.0,220.0,EMS,MWH,VALID
2025-07-29 20:00:00,446.82474167061696,80.0,220.0,EMS,MWH,VALID
2025-07-29 21:00:00,437.7130607920651,80.0,220.0,EMS,MWH,VALID
2025-07-29 22:00:00,371.5723305745472,80.0,220.0,EMS,MWH,VALID
2025-07-29 23:00:00,349.9554932985118,80.0,220.0,EMS,MWH,VALID
2025-07-30 00:00:00,312.91300620720244,80.0,220.0,EMS,MWH,VALID
2025-07-30 01:00:00,299.15134335594314,80.0,220.0,EMS,MWH,VALID
2025-07-30 02:00:00,267.59644056486246,80.0,220.0,EMS,MWH,VALID
2025-07-30 03:00:00,350.15471047069,80.0,220.0,EMS,MWH,VALID
2025-07-30 04:00:00,311.091699281564,80.0,220.0,EMS,MWH,VALID
2025-07-30 05:00:00,335.6070395543747,80.0,220.0,EMS,MWH,VALID
2025-07-30 06:00:00,352.6162230226235,80.0,220.0,EMS,MWH,VALID
2025-07-30 07:00:00,389.3270030423636,80.0,220.0,EMS,MWH,VALID
2025-07-30 08:00:00,421.2965993929365,80.0,220.0,EMS,MWH,VALID
2025-07-30 09:00:00,409.7713536748263,80.0,220.0,EMS,MWH,VALID
2025-07-30 10:00:00,398.62729275428745,60.0,220.0,EMS,MWH,VALID
2025-07-30 11:00:00,388.3882407736626,60.0,220.0,EMS,MWH,VALID
2025-07-30 12:00:00,395.34428634115534,60.0,220.0,EMS,MWH,VALID
2025-07-30 13:00:00,385.91328976097554,60.0,220.0,EMS,MWH,VALID
2025-07-30 14:00:00,364.2300278465224,60.0,220.0,EMS,MWH,VALID
2025-07-30 15:00:00,408.4158058475941,60.0,220.0,EMS,MWH,VALID
2025-07-30 16:00:00,403.9737004900203,80.0,220.0,EMS,MWH,VALID
2025-07-30 17:00:00,424.99391166541335,80.0,220.0,EMS,MWH,VALID
2025-07-30 18:00:00,483.5560119133056,80.0,220.0,EMS,MWH,VALID
2025-07-30 19:00:00,483.613918543712,80.0,220.0,EMS,MWH,VALID
2025-07-30 20:00:00,431.297898151566,80.0,220.0,EMS,MWH,VALID
2025-07-30 21:00:00,415.5525648810925,80.0,220.0,EMS,MWH,VALID
2025-07-30 22:00:00,387.7067871591431,80.0,220.0,EMS,MWH,VALID
2025-07-30 23:00:00,340.2559045381376,80.0,220.0,EMS,MWH,VALID
2025-07-31 00:00:00,290.86627214668493,80.0,220.0,EMS,MWH,VALID
2025-07-31 01:00:00,316.69372812089057,80.0,220.0,EMS,MWH,VALID
2025-07-31 02:00:00,318.6955197075964,80.0,220.0,EMS,MWH,VALID
2025-07-31 03:00:00,315.52113755406805,80.0,220.0,EMS,MWH,VALID
2025-07-31 04:00:00,344.5431440914123,80.0,220.0,EMS,MWH,VALID
2025-07-31 05:00:00,358.6451635826628,80.0,220.0,EMS,MWH,VALID
2025-07-31 06:00:00,380.74815633499,80.0,220.0,EMS,MWH,VALID
2025-07-31 07:00:00,387.66576595521394,80.0,220.0,EMS,MWH,VALID
2025-07-31 08:00:00,429.6724749071811,80.0,220.0,EMS,MWH,VALID
2025-07-31 09:00:00,422.27997864044255,80.0,220.0,EMS,MWH,VALID
2025-07-31 10:00:00,400.84532672287503,60.0,220.0,EMS,MWH,VALID
2025-07-31 11:00:00,387.1224971602832,60.0,220.0,EMS,MWH,VALID
2025-07-31 12:00:00,344.8615416567302,60.0,220.0,EMS,MWH,VALID
2025-07-31 13:00:00,383.7011317130501,60.0,220.0,EMS,MWH,VALID
2025-07-31 14:00:00,380.2135927428136,60.0,220.0,EMS,MWH,VALID
2025-07-31 15:00:00,367.7410042072787,60.0,220.0,EMS,MWH,VALID
2025-07-31 16:00:00,402.1318978941157,80.0,220.0,EMS,MWH,VALID
2025-07-31 17:00:00,414.391938915598,80.0,220.0,EMS,MWH,VALID
2025-07-31 18:00:00,496.7484762018625,80.0,220.0,EMS,MWH,VALID
2025-07-31 19:00:00,520.243160413703,80.0,220.0,EMS,MWH,VALID
2025-07-31 20:00:00,469.2397692258873,80.0,220.0,EMS,MWH,VALID
2025-07-31 21:00:00,422.29305775783325,80.0,220.0,EMS,MWH,VALID
2025-07-31 22:00:00,354.966695594006,80.0,220.0,EMS,MWH,VALID
2025-07-31 23:00:00,350.4999685733316,80.0,220.0,EMS,MWH,VALID
2025-08-01 00:00:00,294.0045046762159,80.0,220.0,EMS,MWH,VALID
2025-08-01 01:00:00,299.114106946263,80.0,220.0,EMS,MWH,VALID
2025-08-01 02:00:00,281.1540235837979,80.0,220.0,EMS,MWH,VALID
2025-08-01 03:00:00,313.40179077865605,80.0,220.0,EMS,MWH,VALID
2025-08-01 04:00:00,307.5317308431579,80.0,220.0,EMS,MWH,VALID
2025-08-01 05:00:00,309.5894680923897,80.0,220.0,EMS,MWH,VALID
2025-08-01 06:00:00,350.3305742324932,80.0,220.0,EMS,MWH,VALID
2025-08-01 07:00:00,428.33752165837024,80.0,220.0,EMS,MWH,VALID
2025-08-01 08:00:00,435.52823677831606,80.0,220.0,EMS,MWH,VALID
2025-08-01 09:00:00,433.14462838020376,80.0,220.0,EMS,MWH,VALID
2025-08-01 10:00:00,376.6096916286191,60.0,220.0,EMS,MWH,VALID
2025-08-01 11:00:00,393.5675401789785,60.0,220.0,EMS,MWH,VALID
2025-08-01 12:00:00,390.5337007549277,60.0,220.0,EMS,MWH,VALID
2025-08-01 13:00:00,392.69416734989954,60.0,220.0,EMS,MWH,VALID
2025-08-01 14:00:00,380.6233666653801,60.0,220.0,EMS,MWH,VALID
2025-08-01 15:00:00,393.081256865869,60.0,220.0,EMS,MWH,VALID
2025-08-01 16:00:00,417.0985593236911,80.0,220.0,EMS,MWH,VALID
2025-08-01 17:00:00,463.27636951369567,80.0,220.0,EMS,MWH,VALID
2025-08-01 18:00:00,472.0408004558523,80.0,220.0,EMS,MWH,VALID
2025-08-01 19:00:00,492.7314129001791,80.0,220.0,EMS,MWH,VALID
2025-08-01 20:00:00,495.46809505800417,80.0,220.0,EMS,MWH,VALID
2025-08-01 21:00:00,423.7087042061969,80.0,220.0,EMS,MWH,VALID
2025-08-01 22:00:00,372.32807342794,80.0,220.0,EMS,MWH,VALID
2025-08-01 23:00:00,365.23800566984863,80.0,220.0,EMS,MWH,VALID
2025-08-02 00:00:00,253.77574558731368,80.0,220.0,EMS,MWH,VALID
2025-08-02 01:00:00,269.437630854011,80.0,220.0,EMS,MWH,VALID
2025-08-02 02:00:00,274.12655426610354,80.0,220.0,EMS,MWH,VALID
2025-08-02 03:00:00,250.5325670373496,80.0,220.0,EMS,MWH,VALID
2025-08-02 04:00:00,268.974127360449,80.0,220.0,EMS,MWH,VALID
2025-08-02 05:00:00,277.2472081391496,80.0,220.0,EMS,MWH,VALID
2025-08-02 06:00:00,287.43912965464614,80.0,220.0,EMS,MWH,VALID
2025-08-02 07:00:00,315.1548275502457,80.0,220.0,EMS,MWH,VALID
2025-08-02 08:00:00,355.9480067405524,80.0,220.0,EMS,MWH,VALID
2025-08-02 09:00:00,354.3520376693399,80.0,220.0,EMS,MWH,VALID
2025-08-02 10:00:00,285.4811222238748,60.0,220.0,EMS,MWH,VALID
2025-08-02 11:00:00,318.3310061417691,60.0,220.0,EMS,MWH,VALID
2025-08-02 12:00:00,275.3441169149733,60.0,220.0,EMS,MWH,VALID
2025-08-02 13:00:00,340.49779966659764,60.0,220.0,EMS,MWH,VALID
2025-08-02 14:00:00,301.6629971176041,60.0,220.0,EMS,MWH,VALID
2025-08-02 15:00:00,326.5177512657846,60.0,220.0,EMS,MWH,VALID
2025-08-02 16:00:00,328.5711805427931,80.0,220.0,EMS,MWH,VALID
2025-08-02 17:00:00,359.9007117537171,80.0,220.0,EMS,MWH,VALID
2025-08-02 18:00:00,385.8326808186122,80.0,220.0,EMS,MWH,VALID
2025-08-02 19:00:00,401.7788489632135,80.0,220.0,EMS,MWH,VALID
2025-08-02 20:00:00,389.3365219234423,80.0,220.0,EMS,MWH,VALID
2025-08-02 21:00:00,355.6011823617609,80.0,220.0,EMS,MWH,VALID
2025-08-02 22:00:00,284.5421383725263,80.0,220.0,EMS,MWH,VALID
2025-08-02 23:00:00,256.5958243696981,80.0,220.0,EMS,MWH,VALID
2025-08-03 00:00:00,246.2986368793005,80.0,220.0,EMS,MWH,VALID
2025-08-03 01:00:00,251.9912871573379,80.0,220.0,EMS,MWH,VALID
2025-08-03 02:00:00,242.3303632682301,80.0,220.0,EMS,MWH,VALID
2025-08-03 03:00:00,259.8854356443717,80.0,220.0,EMS,MWH,VALID
2025-08-03 04:00:00,260.5815946553644,80.0,220.0,EMS,MWH,VALID
2025-08-03 05:00:00,265.9120040063581,80.0,220.0,EMS,MWH,VALID
2025-08-03 06:00:00,314.572826703988,80.0,220.0,EMS,MWH,VALID
2025-08-03 07:00:00,335.8627891425464,80.0,220.0,EMS,MWH,VALID
2025-08-03 08:00:00,350.2338358237917,80.0,220.0,EMS,MWH,VALID
2025-08-03 09:00:00,339.8138332179332,80.0,220.0,EMS,MWH,VALID
2025-08-03 10:00:00,322.0187883862741,60.0,220.0,EMS,MWH,VALID
2025-08-03 11:00:00,279.9780203794408,60.0,220.0,EMS,MWH,VALID
2025-08-03 12:00:00,313.41478424611284,60.0,220.0,EMS,MWH,VALID
2025-08-03 13:00:00,293.8704613688436,60.0,220.0,EMS,MWH,VALID
2025-08-03 14:00:00,323.45486812352226,60.0,220.0,EMS,MWH,VALID
2025-08-03 15:00:00,349.38062633180044,60.0,220.0,EMS,MWH,VALID
2025-08-03 16:00:00,327.3233501891282,80.0,220.0,EMS,MWH,VALID
2025-08-03 17:00:00,366.8783882931519,80.0,220.0,EMS,MWH,VALID
2025-08-03 18:00:00,391.2583493235187,80.0,220.0,EMS,MWH,VALID
2025-08-03 19:00:00,410.73570379626375,80.0,220.0,EMS,MWH,VALID
2025-08-03 20:00:00,381.693663933147,80.0,220.0,EMS,MWH,VALID
2025-08-03 21:00:00,336.5322759647234,80.0,220.0,EMS,MWH,VALID
2025-08-03 22:00:00,314.69687909284244,80.0,220.0,EMS,MWH,VALID
2025-08-03 23:00:00,282.82934401007634,80.0,220.0,EMS,MWH,VALID
2025-08-04 00:00:00,327.17049838639576,80.0,220.0,EMS,MWH,VALID
2025-08-04 01:00:00,327.1551617238801,80.0,220.0,EMS,MWH,VALID
2025-08-04 02:00:00,306.48918357125444,80.0,220.0,EMS,MWH,VALID
2025-08-04 03:00:00,324.16715222525374,80.0,220.0,EMS,MWH,VALID
2025-08-04 04:00:00,331.6670019250071,80.0,220.0,EMS,MWH,VALID
2025-08-04 05:00:00,354.9530671994328,80.0,220.0,EMS,MWH,VALID
2025-08-04 06:00:00,370.74680310539566,80.0,220.0,EMS,MWH,VALID
2025-08-04 07:00:00,380.0445281485707,80.0,220.0,EMS,MWH,VALID
2025-08-04 08:00:00,406.485472970552,80.0,220.0,EMS,MWH,VALID
2025-08-04 09:00:00,412.9940296149136,80.0,220.0,EMS,MWH,VALID
2025-08-04 10:00:00,396.3538940099233,60.0,220.0,EMS,MWH,VALID
2025-08-04 11:00:00,399.42047270668354,60.0,220.0,EMS,MWH,VALID
2025-08-04 12:00:00,386.8723164915793,60.0,220.0,EMS,MWH,VALID
2025-08-04 13:00:00,383.0083676550107,60.0,220.0,EMS,MWH,VALID
08-04-2025 14:00,383.7615087524376,60.0,220.0,EMS,MWH,VALID
2025-08-04 15:00:00,381.87957800750513,60.0,220.0,EMS,MWH,VALID
2025-08-04 16:00:00,437.3195683938358,80.0,220.0,EMS,MWH,VALID
2025-08-04 17:00:00,450.0636715333743,80.0,220.0,EMS,MWH,VALID
2025-08-04 18:00:00,480.765221734409,80.0,220.0,EMS,MWH,VALID
2025-08-04 19:00:00,487.9492718181499,80.0,220.0,EMS,MWH,VALID
2025-08-04 20:00:00,447.3468660221892,80.0,220.0,EMS,MWH,VALID
2025-08-04 21:00:00,436.6518953705485,80.0,220.0,EMS,MWH,VALID
2025-08-04 22:00:00,381.4291623053885,80.0,220.0,EMS,MWH,VALID
2025-08-04 23:00:00,366.9652103538291,80.0,220.0,EMS,MWH,VALID
2025-08-05 00:00:00,318.65410045184444,80.0,220.0,EMS,MWH,VALID
2025-08-05 01:00:00,318.90756448457256,80.0,220.0,EMS,MWH,VALID
2025-08-05 02:00:00,301.8098073832522,80.0,220.0,EMS,MWH,VALID
2025-08-05 03:00:00,316.3994846071515,80.0,220.0,EMS,MWH,VALID
2025-08-05 04:00:00,328.433247335712,80.0,220.0,EMS,MWH,VALID
2025-08-05 05:00:00,311.459758992812,80.0,220.0,EMS,MWH,VALID
2025-08-05 06:00:00,394.160355171163,80.0,220.0,EMS,MWH,VALID
2025-08-05 07:00:00,408.6321734434307,80.0,220.0,EMS,MWH,VALID
2025-08-05 08:00:00,438.624887794776,80.0,220.0,EMS,MWH,VALID
2025-08-05 09:00:00,435.8121960204449,80.0,220.0,EMS,MWH,VALID
2025-08-05 10:00:00,390.8072163756045,60.0,220.0,EMS,MWH,VALID
2025-08-05 11:00:00,378.5279308659451,60.0,220.0,EMS,MWH,VALID
2025-08-05 12:00:00,379.0594778715701,60.0,220.0,EMS,MWH,VALID
2025-08-05 13:00:00,374.8096248464793,60.0,220.0,EMS,MWH,VALID
2025-08-05 14:00:00,385.43717298576166,60.0,220.0,EMS,MWH,VALID
2025-08-05 15:00:00,403.9019222672547,60.0,220.0,EMS,MWH,VALID
2025-08-05 16:00:00,388.48519896540336,80.0,220.0,EMS,MWH,VALID
2025-08-05 17:00:00,441.85881624632367,80.0,220.0,EMS,MWH,VALID
2025-08-05 18:00:00,491.7005519968831,80.0,220.0,EMS,MWH,VALID
2025-08-05 19:00:00,465.8885995209031,80.0,220.0,EMS,MWH,VALID
2025-08-05 20:00:00,473.8533386522287,80.0,220.0,EMS,MWH,VALID
2025-08-05 21:00:00,434.67971805055566,80.0,220.0,EMS,MWH,VALID
2025-08-05 22:00:00,357.95498161452315,80.0,220.0,EMS,MWH,VALID
2025-08-05 23:00:00,341.61272445438243,80.0,220.0,EMS,MWH,VALID
2025-08-06 00:00:00,317.8339814261112,80.0,220.0,EMS,MWH,VALID
2025-08-06 01:00:00,314.8862966158336,80.0,220.0,EMS,MWH,VALID
2025-08-06 02:00:00,319.3321914425466,80.0,220.0,EMS,MWH,VALID
2025-08-06 03:00:00,316.83531871982296,80.0,220.0,EMS,MWH,VALID
2025-08-06 04:00:00,323.90455881903324,80.0,220.0,EMS,MWH,VALID
2025-08-06 05:00:00,342.02925525919534,80.0,220.0,EMS,MWH,VALID
2025-08-06 06:00:00,382.60882147551513,80.0,220.0,EMS,MWH,VALID
2025-08-06 07:00:00,393.334684285825,80.0,220.0,EMS,MWH,VALID
2025-08-06 08:00:00,431.7796097890414,80.0,220.0,EMS,MWH,VALID
2025-08-06 09:00:00,401.6261825414572,80.0,220.0,EMS,MWH,VALID
2025-08-06 10:00:00,384.6788127823859,60.0,220.0,EMS,MWH,VALID
2025-08-06 11:00:00,352.7872439473986,60.0,220.0,EMS,MWH,VALID
2025-08-06 12:00:00,372.9334584704064,60.0,220.0,EMS,MWH,VALID
2025-08-06 13:00:00,365.7867283913865,60.0,220.0,EMS,MWH,VALID
2025-08-06 14:00:00,377.8608712951186,60.0,220.0,EMS,MWH,VALID
2025-08-06 15:00:00,391.4234182846128,60.0,220.0,EMS,MWH,VALID
2025-08-06 16:00:00,401.1503228092852,80.0,220.0,EMS,MWH,VALID
2025-08-06 17:00:00,456.6701055766582,80.0,220.0,EMS,MWH,VALID
2025-08-06 18:00:00,484.8462305616931,80.0,220.0,EMS,MWH,VALID
2025-08-06 19:00:00,471.3770581071802,80.0,220.0,EMS,MWH,VALID
2025-08-06 20:00:00,436.0115176575869,80.0,220.0,EMS,MWH,VALID
2025-08-06 21:00:00,417.970418361916,80.0,220.0,EMS,MWH,VALID
2025-08-06 22:00:00,357.073118759118,80.0,220.0,EMS,MWH,VALID
2025-08-06 23:00:00,351.2237886839414,80.0,220.0,EMS,MWH,VALID
2025-08-07 01:00:00,299.9943099669979,80.0,220.0,EMS,MWH,VALID
2025-08-07 02:00:00,313.6696938729299,80.0,220.0,EMS,MWH,VALID
2025-08-07 03:00:00,313.370318596704,80.0,220.0,EMS,MWH,VALID
2025-08-07 04:00:00,333.68069754886784,80.0,220.0,EMS,MWH,VALID
2025-08-07 05:00:00,327.4526431688726,80.0,220.0,EMS,MWH,VALID
2025-08-07 06:00:00,404.995548822931,80.0,220.0,EMS,MWH,VALID
2025-08-07 07:00:00,408.478368906674,80.0,220.0,EMS,MWH,VALID
2025-08-07 08:00:00,423.0187896406257,80.0,220.0,EMS,MWH,VALID
2025-08-07 09:00:00,426.575527308798,80.0,220.0,EMS,MWH,VALID
2025-08-07 10:00:00,397.2847997795116,60.0,220.0,EMS,MWH,VALID
2025-08-07 11:00:00,386.0201726069125,60.0,220.0,EMS,MWH,VALID
2025-08-07 12:00:00,366.7628867933358,60.0,220.0,EMS,MWH,VALID
2025-08-07 13:00:00,392.1968629071709,60.0,220.0,EMS,MWH,VALID
2025-08-07 14:00:00,377.34249445465673,60.0,220.0,EMS,MWH,VALID
2025-08-07 15:00:00,388.2559793825694,60.0,220.0,EMS,MWH,VALID
2025-08-07 16:00:00,407.2030903855644,80.0,220.0,EMS,MWH,VALID
2025-08-07 17:00:00,441.612536398722,80.0,220.0,EMS,MWH,VALID
2025-08-07 18:00:00,467.0205427499601,80.0,220.0,EMS,MWH,VALID
2025-08-07 19:00:00,484.479841113998,80.0,220.0,EMS,MWH,VALID
2025-08-07 20:00:00,427.8864401557618,80.0,220.0,EMS,MWH,VALID
2025-08-07 21:00:00,435.60650913765136,80.0,220.0,EMS,MWH,VALID
2025-08-07 22:00:00,367.0071425707122,80.0,220.0,EMS,MWH,VALID
2025-08-07 23:00:00,328.2825382414171,80.0,220.0,EMS,MWH,VALID
2025-08-08 00:00:00,321.72363831008414,80.0,220.0,EMS,MWH,VALID
2025-08-08 01:00:00,332.60679934442715,80.0,220.0,EMS,MWH,VALID
2025-08-08 02:00:00,289.40622018536936,80.0,220.0,EMS,MWH,VALID
2025-08-08 03:00:00,328.7005299750025,80.0,220.0,EMS,MWH,VALID
2025-08-08 04:00:00,301.4653905677295,80.0,220.0,EMS,MWH,VALID
2025-08-08 05:00:00,339.03997212644606,80.0,220.0,EMS,MWH,VALID
2025-08-08 06:00:00,387.8779631011434,80.0,220.0,EMS,MWH,VALID
2025-08-08 07:00:00,386.2760606898542,80.0,220.0,EMS,MWH,VALID
2025-08-08 08:00:00,407.9589253459841,80.0,220.0,EMS,MWH,VALID
2025-08-08 09:00:00,436.49562582885926,80.0,220.0,EMS,MWH,VALID
2025-08-08 10:00:00,365.344020934485,60.0,220.0,EMS,MWH,VALID
2025-08-08 11:00:00,407.58197662739553,60.0,220.0,EMS,MWH,VALID
2025-08-08 12:00:00,361.1792506688753,60.0,220.0,EMS,MWH,VALID
2025-08-08 13:00:00,382.39218303731934,60.0,220.0,EMS,MWH,VALID
2025-08-08 14:00:00,360.760849245947,60.0,220.0,EMS,MWH,VALID
2025-08-08 15:00:00,387.3612086971877,60.0,220.0,EMS,MWH,VALID
2025-08-08 16:00:00,401.5103029253394,80.0,220.0,EMS,MWH,VALID
2025-08-08 17:00:00,437.6569711896646,80.0,220.0,EMS,MWH,VALID
2025-08-08 18:00:00,464.29504136161216,80.0,220.0,EMS,MWH,VALID
2025-08-08 19:00:00,490.5814537770229,80.0,220.0,EMS,MWH,VALID
2025-08-08 20:00:00,456.9781673186519,80.0,220.0,EMS,MWH,VALID
2025-08-08 21:00:00,426.2357202628218,80.0,220.0,EMS,MWH,VALID
2025-08-08 22:00:00,373.9512707416445,80.0,220.0,EMS,MWH,VALID
2025-08-08 23:00:00,335.22870013105387,80.0,220.0,EMS,MWH,VALID
2025-08-09 00:00:00,258.2493085176101,80.0,220.0,EMS,MWH,VALID
2025-08-09 01:00:00,252.8282056297124,80.0,220.0,EMS,MWH,VALID
2025-08-09 02:00:00,224.7293773150678,80.0,220.0,EMS,MWH,VALID
2025-08-09 03:00:00,259.62707912103315,80.0,220.0,EMS,MWH,VALID
2025-08-09 04:00:00,253.77723085123404,80.0,220.0,EMS,MWH,VALID
2025-08-09 05:00:00,262.24200250921825,80.0,220.0,EMS,MWH,VALID
2025-08-09 06:00:00,283.7825055530334,80.0,220.0,EMS,MWH,VALID
2025-08-09 07:00:00,315.74088069961573,80.0,220.0,EMS,MWH,VALID
2025-08-09 08:00:00,352.14334346851786,80.0,220.0,EMS,MWH,VALID
2025-08-09 09:00:00,314.5446636862892,80.0,220.0,EMS,MWH,VALID
2025-08-09 10:00:00,337.9684987105248,60.0,220.0,EMS,MWH,VALID
2025-08-09 11:00:00,298.0752789526826,60.0,220.0,EMS,MWH,VALID
2025-08-09 12:00:00,310.6772706397205,60.0,220.0,EMS,MWH,VALID
2025-08-09 13:00:00,335.0984010734469,60.0,220.0,EMS,MWH,VALID
2025-08-09 14:00:00,271.0216529055548,60.0,220.0,EMS,MWH,VALID
2025-08-09 15:00:00,310.66687723108487,60.0,220.0,EMS,MWH,VALID
2025-08-09 16:00:00,312.0990941130134,80.0,220.0,EMS,MWH,VALID
2025-08-09 17:00:00,367.71471744454647,80.0,220.0,EMS,MWH,VALID
2025-08-09 18:00:00,379.0012820045773,80.0,220.0,EMS,MWH,VALID
2025-08-09 19:00:00,388.1854064004847,80.0,220.0,EMS,MWH,VALID
2025-08-09 20:00:00,409.7776818528389,80.0,220.0,EMS,MWH,VALID
2025-08-09 21:00:00,340.91061536409165,80.0,220.0,EMS,MWH,VALID
2025-08-09 22:00:00,289.66847375510537,80.0,220.0,EMS,MWH,VALID
2025-08-09 23:00:00,271.14075047783655,80.0,220.0,EMS,MWH,VALID
2025-08-10 00:00:00,238.4977128823959,80.0,220.0,EMS,MWH,VALID
2025-08-10 01:00:00,247.13065374527005,80.0,220.0,EMS,MWH,VALID
2025-08-10 02:00:00,244.03997810356125,80.0,220.0,EMS,MWH,VALID
2025-08-10 03:00:00,257.3839570285704,80.0,220.0,EMS,MWH,VALID
2025-08-10 04:00:00,255.00371265146504,80.0,220.0,EMS,MWH,VALID
2025-08-10 05:00:00,296.17403687779944,80.0,220.0,EMS,MWH,VALID
2025-08-10 06:00:00,315.42921069094683,80.0,220.0,EMS,MWH,VALID
2025-08-10 07:00:00,315.3641831090289,80.0,220.0,EMS,MWH,VALID
2025-08-10 08:00:00,335.5911432220389,80.0,220.0,EMS,MWH,VALID
2025-08-10 09:00:00,329.69836165622894,80.0,220.0,EMS,MWH,VALID
2025-08-10 10:00:00,292.5041086396182,60.0,220.0,EMS,MWH,VALID
2025-08-10 11:00:00,328.1143436248419,60.0,220.0,EMS,MWH,VALID
2025-08-10 12:00:00,307.49179898795103,60.0,220.0,EMS,MWH,VALID
2025-08-10 13:00:00,279.0803126004697,60.0,220.0,EMS,MWH,VALID
2025-08-10 14:00:00,320.35771110766245,60.0,220.0,EMS,MWH,VALID
2025-08-10 15:00:00,327.53185301771487,60.0,220.0,EMS,MWH,VALID
2025-08-10 16:00:00,355.0986430920266,80.0,220.0,EMS,MWH,VALID
2025-08-10 17:00:00,366.7131992670368,80.0,220.0,EMS,MWH,VALID
2025-08-10 18:00:00,396.13209590851545,80.0,220.0,EMS,MWH,VALID
2025-08-10 19:00:00,403.0025137316782,80.0,220.0,EMS,MWH,VALID
2025-08-10 20:00:00,378.1185468208759,80.0,220.0,EMS,MWH,VALID
2025-08-10 21:00:00,332.1747499771608,80.0,220.0,EMS,MWH,VALID
2025-08-10 22:00:00,316.6839467457335,80.0,220.0,EMS,MWH,VALID
2025-08-10 23:00:00,266.6159851187179,80.0,220.0,EMS,MWH,VALID
2025-08-11 00:00:00,304.30669842002646,80.0,220.0,EMS,MWH,VALID
2025-08-11 01:00:00,322.2761694509732,80.0,220.0,EMS,MWH,VALID
2025-08-11 02:00:00,333.4271780032809,80.0,220.0,EMS,MWH,VALID
2025-08-11 03:00:00,334.9348031635819,80.0,220.0,EMS,MWH,VALID
2025-08-11 04:00:00,327.2815483866572,80.0,220.0,EMS,MWH,VALID
2025-08-11 05:00:00,339.62634755940263,80.0,220.0,EMS,MWH,VALID
2025-08-11 06:00:00,379.73611344390616,80.0,220.0,EMS,MWH,VALID
2025-08-11 07:00:00,390.2089946714309,80.0,220.0,EMS,MWH,VALID
2025-08-11 08:00:00,419.0319038860637,80.0,220.0,EMS,MWH,VALID
2025-08-11 09:00:00,441.5930068360217,80.0,220.0,EMS,MWH,VALID
2025-08-11 10:00:00,403.72514978773927,60.0,220.0,EMS,MWH,VALID
2025-08-11 11:00:00,387.2386514509609,60.0,220.0,EMS,MWH,VALID
2025-08-11 12:00:00,377.7449905309314,60.0,220.0,EMS,MWH,VALID
2025-08-11 13:00:00,397.3445234493833,60.0,220.0,EMS,MWH,VALID
2025-08-11 14:00:00,382.3076846865048,60.0,220.0,EMS,MWH,VALID
2025-08-11 15:00:00,375.9470763975549,60.0,220.0,EMS,MWH,VALID
2025-08-11 16:00:00,403.36670746981474,80.0,220.0,EMS,MWH,VALID
2025-08-11 17:00:00,445.2954702135882,80.0,220.0,EMS,MWH,VALID
2025-08-11 18:00:00,458.9895437101457,80.0,220.0,EMS,MWH,VALID
2025-08-11 19:00:00,483.6943661059264,80.0,220.0,EMS,MWH,VALID
2025-08-11 20:00:00,454.3133585590241,80.0,220.0,EMS,MWH,VALID
2025-08-11 21:00:00,397.32656573896656,80.0,220.0,EMS,MWH,VALID
2025-08-11 22:00:00,373.1651167704687,80.0,220.0,EMS,MWH,VALID
2025-08-11 23:00:00,345.43372698188017,80.0,220.0,EMS,MWH,VALID
2025-08-12 00:00:00,321.5280207196918,80.0,220.0,EMS,MWH,VALID
2025-08-12 01:00:00,305.7475687185532,80.0,220.0,EMS,MWH,VALID
2025-08-12 02:00:00,300.8433803520026,80.0,220.0,EMS,MWH,VALID
2025-08-12 03:00:00,306.3165110650059,80.0,220.0,EMS,MWH,VALID
2025-08-12 04:00:00,341.0785715418617,80.0,220.0,EMS,MWH,VALID
2025-08-12 05:00:00,323.0398277393349,80.0,220.0,EMS,MWH,VALID
2025-08-12 06:00:00,364.6476582648773,80.0,220.0,EMS,MWH,VALID
2025-08-12 07:00:00,388.1981345643333,80.0,220.0,EMS,MWH,VALID
2025-08-12 08:00:00,431.3943370120475,80.0,220.0,EMS,MWH,VALID
2025-08-12 09:00:00,409.12898420312735,80.0,220.0,EMS,MWH,VALID
2025-08-12 10:00:00,378.2324432298673,60.0,220.0,EMS,MWH,VALID
2025-08-12 11:00:00,379.3368233473283,60.0,220.0,EMS,MWH,VALID
2025-08-12 12:00:00,380.5352363028297,60.0,220.0,EMS,MWH,VALID
2025-08-12 13:00:00,388.1482217464244,60.0,220.0,EMS,MWH,VALID
2025-08-12 14:00:00,392.8452689693002,60.0,220.0,EMS,MWH,VALID
2025-08-12 15:00:00,374.3307239560834,60.0,220.0,EMS,MWH,VALID
2025-08-12 16:00:00,402.46790041720135,80.0,220.0,EMS,MWH,VALID
2025-08-12 17:00:00,440.8646571165805,80.0,220.0,EMS,MWH,VALID
2025-08-12 18:00:00,472.7855447871352,80.0,220.0,EMS,MWH,VALID
2025-08-12 19:00:00,461.7215414851032,80.0,220.0,EMS,MWH,VALID
2025-08-12 20:00:00,459.5995835202879,80.0,220.0,EMS,MWH,VALID
2025-08-12 21:00:00,405.09199997917545,80.0,220.0,EMS,MWH,VALID
2025-08-12 22:00:00,377.71021063391777,80.0,220.0,EMS,MWH,VALID
2025-08-12 23:00:00,357.5960112343769,80.0,220.0,EMS,MWH,VALID
2025-08-13 00:00:00,313.39072605288163,80.0,220.0,EMS,MWH,VALID
2025-08-13 01:00:00,299.7409653901704,80.0,220.0,EMS,MWH,VALID
2025-08-13 02:00:00,304.2977425316464,80.0,220.0,EMS,MWH,VALID
2025-08-13 03:00:00,331.33064411301376,80.0,220.0,EMS,MWH,VALID
2025-08-13 04:00:00,293.6451105969107,80.0,220.0,EMS,MWH,VALID
2025-08-13 05:00:00,338.1219665418292,80.0,220.0,EMS,MWH,VALID
2025-08-13 06:00:00,375.3122338483878,80.0,220.0,EMS,MWH,VALID
2025-08-13 07:00:00,414.9227146929347,80.0,220.0,EMS,MWH,VALID
2025-08-13 08:00:00,390.5510734872925,80.0,220.0,EMS,MWH,VALID
2025-08-13 09:00:00,403.9365677422479,80.0,220.0,EMS,MWH,VALID
2025-08-13 10:00:00,394.193745276942,60.0,220.0,EMS,MWH,VALID
2025-08-13 11:00:00,381.83516667692624,60.0,220.0,EMS,MWH,VALID
2025-08-13 12:00:00,369.613518973048,60.0,220.0,EMS,MWH,VALID
2025-08-13 13:00:00,370.917315401246,60.0,220.0,EMS,MWH,VALID
2025-08-13 14:00:00,374.6150877950861,60.0,220.0,EMS,MWH,VALID
2025-08-13 15:00:00,384.71993164832776,60.0,220.0,EMS,MWH,VALID
2025-08-13 16:00:00,405.14229218562446,80.0,220.0,EMS,MWH,VALID
2025-08-13 17:00:00,449.05267356717104,80.0,220.0,EMS,MWH,VALID
2025-08-13 18:00:00,490.1999440852194,80.0,220.0,EMS,MWH,VALID
2025-08-13 19:00:00,506.5213624061491,80.0,220.0,EMS,MWH,VALID
2025-08-13 20:00:00,458.3978901767143,80.0,220.0,EMS,MWH,VALID
2025-08-13 21:00:00,431.8059625876701,80.0,220.0,EMS,MWH,VALID
2025-08-13 22:00:00,370.9715900097062,80.0,220.0,EMS,MWH,VALID
2025-08-13 23:00:00,318.52762795511273,80.0,220.0,EMS,MWH,VALID
2025-08-14 00:00:00,293.8434387488533,80.0,220.0,EMS,MWH,VALID
2025-08-14 01:00:00,318.85275917104934,80.0,220.0,EMS,MWH,VALID
2025-08-14 02:00:00,317.28502073995537,80.0,220.0,EMS,MWH,VALID
2025-08-14 03:00:00,325.48844588079777,80.0,220.0,EMS,MWH,VALID
2025-08-14 04:00:00,319.9677815770609,80.0,220.0,EMS,MWH,VALID
2025-08-14 05:00:00,317.8138536629456,80.0,220.0,EMS,MWH,VALID
2025-08-14 06:00:00,390.207628301916,80.0,220.0,EMS,MWH,VALID
2025-08-14 07:00:00,398.0271993706961,80.0,220.0,EMS,MWH,VALID
2025-08-14 08:00:00,411.0103532125394,80.0,220.0,EMS,MWH,VALID
2025-08-14 09:00:00,399.11388403697214,80.0,220.0,EMS,MWH,VALID
2025-08-14 10:00:00,388.71442950484703,60.0,220.0,EMS,MWH,VALID
2025-08-14 11:00:00,393.671115311553,60.0,220.0,EMS,MWH,VALID
2025-08-14 12:00:00,375.5253426997665,60.0,220.0,EMS,MWH,VALID
2025-08-14 13:00:00,348.62651948032425,60.0,220.0,EMS,MWH,VALID
2025-08-14 14:00:00,367.6226380868548,60.0,220.0,EMS,MWH,VALID
2025-08-14 15:00:00,373.22762166965776,60.0,220.0,EMS,MWH,VALID
2025-08-14 16:00:00,397.754164796148,80.0,220.0,EMS,MWH,VALID
2025-08-14 17:00:00,443.2370310659786,80.0,220.0,EMS,MWH,VALID
2025-08-14 18:00:00,449.064583926837,80.0,220.0,EMS,MWH,VALID
2025-08-14 19:00:00,483.95852227857785,80.0,220.0,EMS,MWH,VALID
2025-08-14 20:00:00,493.7734294165588,80.0,220.0,EMS,MWH,VALID
2025-08-14 21:00:00,404.3836879989199,80.0,220.0,EMS,MWH,VALID
2025-08-14 22:00:00,385.7827165169,80.0,220.0,EMS,MWH,VALID
2025-08-14 23:00:00,326.0917719450472,80.0,220.0,EMS,MWH,VALID
2025-08-15 00:00:00,286.2317100322708,80.0,220.0,EMS,MWH,VALID
2025-08-15 01:00:00,270.8192810294934,80.0,220.0,EMS,MWH,VALID
2025-08-15 02:00:00,320.3914168016019,80.0,220.0,EMS,MWH,VALID
2025-08-15 03:00:00,312.2900459402522,80.0,220.0,EMS,MWH,VALID
2025-08-15 04:00:00,279.25540220984425,80.0,220.0,EMS,MWH,VALID
2025-08-15 05:00:00,334.78554172078094,80.0,220.0,EMS,MWH,VALID
2025-08-15 06:00:00,342.39625783580806,80.0,220.0,EMS,MWH,VALID
2025-08-15 07:00:00,427.66033723516057,80.0,220.0,EMS,MWH,VALID
2025-08-15 08:00:00,416.1911774624792,80.0,220.0,EMS,MWH,VALID
2025-08-15 09:00:00,409.31998033844445,80.0,220.0,EMS,MWH,VALID
2025-08-15 10:00:00,393.6689234377762,60.0,220.0,EMS,MWH,VALID
2025-08-15 11:00:00,389.2395186131794,60.0,220.0,EMS,MWH,VALID
2025-08-15 12:00:00,370.8898347794116,60.0,220.0,EMS,MWH,VALID
2025-08-15 13:00:00,358.8409524443142,60.0,220.0,EMS,MWH,VALID
2025-08-15 14:00:00,383.6589178366961,60.0,220.0,EMS,MWH,VALID
2025-08-15 15:00:00,372.4007211633386,60.0,220.0,EMS,MWH,VALID
2025-08-15 16:00:00,419.66985572322346,80.0,220.0,EMS,MWH,VALID
2025-08-15 17:00:00,458.38475967359767,80.0,220.0,EMS,MWH,VALID
2025-08-15 18:00:00,467.5138783401307,80.0,220.0,EMS,MWH,VALID
2025-08-15 19:00:00,458.6124050229765,80.0,220.0,EMS,MWH,VALID
2025-08-15 20:00:00,455.4229601165158,80.0,220.0,EMS,MWH,VALID
2025-08-15 21:00:00,413.8131396810787,80.0,220.0,EMS,MWH,VALID
2025-08-15 22:00:00,347.2531446574155,80.0,220.0,EMS,MWH,VALID
2025-08-15 23:00:00,304.2658199160701,80.0,220.0,EMS,MWH,VALID
2025-08-16 00:00:00,220.98387080434276,80.0,220.0,EMS,MWH,VALID
2025-08-16 01:00:00,265.7492777739891,80.0,220.0,EMS,MWH,VALID
2025-08-16 02:00:00,261.358955924164,80.0,220.0,EMS,MWH,VALID
2025-08-16 03:00:00,233.37893146137856,80.0,220.0,EMS,MWH,VALID
2025-08-16 04:00:00,273.5843560922164,80.0,220.0,EMS,MWH,VALID
2025-08-16 05:00:00,276.5830187099603,80.0,220.0,EMS,MWH,VALID
2025-08-16 06:00:00,303.3206466477665,80.0,220.0,EMS,MWH,VALID
2025-08-16 07:00:00,271.3859672819959,80.0,220.0,EMS,MWH,VALID
2025-08-16 08:00:00,330.44429270979333,80.0,220.0,EMS,MWH,VALID
2025-08-16 09:00:00,354.8814265417741,80.0,220.0,EMS,MWH,VALID
2025-08-16 10:00:00,295.2994403587578,60.0,220.0,EMS,MWH,VALID
2025-08-16 11:00:00,302.49273815141646,60.0,220.0,EMS,MWH,VALID
2025-08-16 12:00:00,262.8993783928796,60.0,220.0,EMS,MWH,VALID
2025-08-16 13:00:00,303.13656362384194,60.0,220.0,EMS,MWH,VALID
2025-08-16 14:00:00,293.7051504826915,60.0,220.0,EMS,MWH,VALID
2025-08-16 15:00:00,326.3470349574192,60.0,220.0,EMS,MWH,VALID
2025-08-16 16:00:00,337.2844161665824,80.0,220.0,EMS,MWH,VALID
2025-08-16 17:00:00,355.9316787379987,80.0,220.0,EMS,MWH,VALID
2025-08-16 18:00:00,394.6252728339833,80.0,220.0,EMS,MWH,VALID
2025-08-16 19:00:00,379.3532157838397,80.0,220.0,EMS,MWH,VALID
2025-08-16 20:00:00,367.739912494376,80.0,220.0,EMS,MWH,VALID
2025-08-16 21:00:00,334.1328922679673,80.0,220.0,EMS,MWH,VALID
2025-08-16 22:00:00,291.846967619595,80.0,220.0,EMS,MWH,VALID
2025-08-16 23:00:00,273.7916551987523,80.0,220.0,EMS,MWH,VALID
2025-08-17 00:00:00,246.4452378894969,80.0,220.0,EMS,MWH,VALID
2025-08-17 01:00:00,257.47375660548306,80.0,220.0,EMS,MWH,VALID
2025-08-17 02:00:00,254.69465993216247,80.0,220.0,EMS,MWH,VALID
2025-08-17 03:00:00,266.9520812630817,80.0,220.0,EMS,MWH,VALID
2025-08-17 04:00:00,235.6052909756471,80.0,220.0,EMS,MWH,VALID
2025-08-17 05:00:00,288.4722051500658,80.0,220.0,EMS,MWH,VALID
2025-08-17 06:00:00,290.1032090277061,80.0,220.0,EMS,MWH,VALID
2025-08-17 07:00:00,313.3313611075655,80.0,220.0,EMS,MWH,VALID
2025-08-17 08:00:00,329.2808223123945,80.0,220.0,EMS,MWH,VALID
2025-08-17 09:00:00,326.179478577643,80.0,220.0,EMS,MWH,VALID
2025-08-17 10:00:00,270.408902170414,60.0,220.0,EMS,MWH,VALID
2025-08-17 11:00:00,318.6699811099164,60.0,220.0,EMS,MWH,VALID
2025-08-17 12:00:00,328.17788366739984,60.0,220.0,EMS,MWH,VALID
2025-08-17 13:00:00,311.3120458630591,60.0,220.0,EMS,MWH,VALID
2025-08-17 14:00:00,274.2037627055863,60.0,220.0,EMS,MWH,VALID
2025-08-17 15:00:00,295.70703939860124,60.0,220.0,EMS,MWH,VALID
2025-08-17 16:00:00,326.81227419611474,80.0,220.0,EMS,MWH,VALID
2025-08-17 17:00:00,357.89875903239994,80.0,220.0,EMS,MWH,VALID
2025-08-17 18:00:00,375.40894395625577,80.0,220.0,EMS,MWH,VALID
2025-08-17 19:00:00,391.46262658105695,80.0,220.0,EMS,MWH,VALID
2025-08-17 20:00:00,371.69320097276426,80.0,220.0,EMS,MWH,VALID
2025-08-17 21:00:00,358.2777150635908,80.0,220.0,EMS,MWH,VALID
2025-08-17 22:00:00,277.6101817403268,80.0,220.0,EMS,MWH,VALID
2025-08-17 23:00:00,273.10481914829336,80.0,220.0,EMS,MWH,VALID
2025-08-18 00:00:00,300.47829909716364,80.0,220.0,EMS,MWH,VALID
2025-08-18 01:00:00,309.1917263193535,80.0,220.0,EMS,MWH,VALID
2025-08-18 02:00:00,310.25740838246094,80.0,220.0,EMS,MWH,VALID
2025-08-18 03:00:00,324.9654358280735,80.0,220.0,EMS,MWH,VALID
08-18-2025 04:00,313.8825304665524,80.0,220.0,EMS,MWH,VALID
2025-08-18 05:00:00,326.9186492877257,80.0,220.0,EMS,MWH,VALID
2025-08-18 06:00:00,367.5788835488523,80.0,220.0,EMS,MWH,VALID
2025-08-18 07:00:00,367.3076398198753,80.0,220.0,EMS,MWH,VALID
2025-08-18 08:00:00,415.1467474373377,80.0,220.0,EMS,MWH,VALID
2025-08-18 09:00:00,417.3852151432869,80.0,220.0,EMS,MWH,VALID
2025-08-18 10:00:00,399.0277492440053,60.0,220.0,EMS,MWH,VALID
2025-08-18 11:00:00,376.193578607697,60.0,220.0,EMS,MWH,VALID
2025-08-18 12:00:00,379.1201752511553,60.0,220.0,EMS,MWH,VALID
2025-08-18 13:00:00,375.9085304944662,60.0,220.0,EMS,MWH,VALID
2025-08-18 14:00:00,383.17103049796367,60.0,220.0,EMS,MWH,VALID
2025-08-18 15:00:00,390.5954629937712,60.0,220.0,EMS,MWH,VALID
2025-08-18 16:00:00,408.7179336199573,80.0,220.0,EMS,MWH,VALID
2025-08-18 17:00:00,440.3003609184787,80.0,220.0,EMS,MWH,VALID
2025-08-18 18:00:00,464.7789434122095,80.0,220.0,EMS,MWH,VALID
2025-08-18 19:00:00,487.5575360325885,80.0,220.0,EMS,MWH,VALID
2025-08-18 20:00:00,485.2668575016692,80.0,220.0,EMS,MWH,VALID
2025-08-18 21:00:00,426.7845220790451,80.0,220.0,EMS,MWH,VALID
2025-08-18 22:00:00,359.7540292224378,80.0,220.0,EMS,MWH,VALID
2025-08-18 23:00:00,317.36004120655934,80.0,220.0,EMS,MWH,VALID
2025-08-19 00:00:00,307.88099972351336,80.0,220.0,EMS,MWH,VALID
2025-08-19 01:00:00,316.26961526502294,80.0,220.0,EMS,MWH,VALID
2025-08-19 02:00:00,299.9089516726325,80.0,220.0,EMS,MWH,VALID
2025-08-19 03:00:00,303.9776950317845,80.0,220.0,EMS,MWH,VALID
2025-08-19 04:00:00,308.9998305050176,80.0,220.0,EMS,MWH,VALID
2025-08-19 05:00:00,362.41602349697456,80.0,220.0,EMS,MWH,VALID
2025-08-19 06:00:00,364.8269460353016,80.0,220.0,EMS,MWH,VALID
2025-08-19 07:00:00,405.4455619307635,80.0,220.0,EMS,MWH,VALID
2025-08-19 08:00:00,399.85386795718085,80.0,220.0,EMS,MWH,VALID
2025-08-19 09:00:00,408.83925827817177,80.0,220.0,EMS,MWH,VALID
2025-08-19 10:00:00,427.4081171594929,60.0,220.0,EMS,MWH,VALID
2025-08-19 11:00:00,381.68600840829214,60.0,220.0,EMS,MWH,VALID
2025-08-19 12:00:00,384.7419935207973,60.0,220.0,EMS,MWH,VALID
2025-08-19 13:00:00,355.9357481929929,60.0,220.0,EMS,MWH,VALID
2025-08-19 14:00:00,374.92901529429975,60.0,220.0,EMS,MWH,VALID
2025-08-19 15:00:00,355.41898154825054,60.0,220.0,EMS,MWH,VALID
2025-08-19 16:00:00,397.96371569659607,80.0,220.0,EMS,MWH,VALID
2025-08-19 17:00:00,438.2804372635475,80.0,220.0,EMS,MWH,VALID
2025-08-19 18:00:00,484.5827887535843,80.0,220.0,EMS,MWH,VALID
2025-08-19 19:00:00,477.8296655352145,80.0,220.0,EMS,MWH,VALID
2025-08-19 20:00:00,456.4490471539495,80.0,220.0,EMS,MWH,VALID
2025-08-19 21:00:00,399.2856559722254,80.0,220.0,EMS,MWH,VALID
2025-08-19 22:00:00,363.28480325838063,80.0,220.0,EMS,MWH,VALID
2025-08-19 23:00:00,342.1091358816511,80.0,220.0,EMS,MWH,VALID
2025-08-20 00:00:00,266.24388568992896,80.0,220.0,EMS,MWH,VALID
2025-08-20 01:00:00,314.92883625855166,80.0,220.0,EMS,MWH,VALID
2025-08-20 02:00:00,298.4252459877305,80.0,220.0,EMS,MWH,VALID
2025-08-20 03:00:00,303.77081810501346,80.0,220.0,EMS,MWH,VALID
2025-08-20 04:00:00,308.1991287383421,80.0,220.0,EMS,MWH,VALID
2025-08-20 05:00:00,323.54586378270665,80.0,220.0,EMS,MWH,VALID
2025-08-20 06:00:00,344.94955537611025,80.0,220.0,EMS,MWH,VALID
2025-08-20 07:00:00,381.7853372432698,80.0,220.0,EMS,MWH,VALID
2025-08-20 08:00:00,398.4733689121522,80.0,220.0,EMS,MWH,VALID
2025-08-20 09:00:00,421.0027576328262,80.0,220.0,EMS,MWH,VALID
2025-08-20 10:00:00,417.7467030305092,60.0,220.0,EMS,MWH,VALID
2025-08-20 11:00:00,376.3184984888465,60.0,220.0,EMS,MWH,VALID
2025-08-20 12:00:00,366.3025936927729,60.0,220.0,EMS,MWH,VALID
2025-08-20 13:00:00,370.3879810297075,60.0,220.0,EMS,MWH,VALID
2025-08-20 14:00:00,358.25629921185765,60.0,220.0,EMS,MWH,VALID
2025-08-20 15:00:00,388.0887128612648,60.0,220.0,EMS,MWH,VALID
2025-08-20 16:00:00,402.7175132458207,80.0,220.0,EMS,MWH,VALID
2025-08-20 17:00:00,407.861282374473,80.0,220.0,EMS,MWH,VALID
2025-08-20 18:00:00,477.671775962878,80.0,220.0,EMS,MWH,VALID
2025-08-20 19:00:00,460.7862259057548,80.0,220.0,EMS,MWH,VALID
2025-08-20 20:00:00,453.7299948644943,80.0,220.0,EMS,MWH,VALID
2025-08-20 21:00:00,406.3520051901084,80.0,220.0,EMS,MWH,VALID
2025-08-20 22:00:00,374.6269840186661,80.0,220.0,EMS,MWH,VALID
2025-08-20 23:00:00,324.0746853621689,80.0,220.0,EMS,MWH,VALID
2025-08-21 00:00:00,321.6215216900317,80.0,220.0,EMS,MWH,VALID
2025-08-21 01:00:00,318.02454855404085,80.0,220.0,EMS,MWH,VALID
2025-08-21 02:00:00,302.1223129171547,80.0,220.0,EMS,MWH,VALID
2025-08-21 03:00:00,334.51985716367017,80.0,220.0,EMS,MWH,VALID
2025-08-21 04:00:00,308.06440635964645,80.0,220.0,EMS,MWH,VALID
2025-08-21 05:00:00,321.1840965411135,80.0,220.0,EMS,MWH,VALID
2025-08-21 06:00:00,386.99149089412174,80.0,220.0,EMS,MWH,VALID
2025-08-21 07:00:00,405.2172009757962,80.0,220.0,EMS,MWH,VALID
2025-08-21 08:00:00,426.1271543482455,80.0,220.0,EMS,MWH,VALID
2025-08-21 09:00:00,422.6910237884891,80.0,220.0,EMS,MWH,VALID
2025-08-21 10:00:00,407.72821209536886,60.0,220.0,EMS,MWH,VALID
2025-08-21 11:00:00,385.0169827602661,60.0,220.0,EMS,MWH,VALID
2025-08-21 12:00:00,362.6454093480458,60.0,220.0,EMS,MWH,VALID
2025-08-21 13:00:00,350.9626036731105,60.0,220.0,EMS,MWH,VALID
2025-08-21 14:00:00,367.1647650958536,60.0,220.0,EMS,MWH,VALID
2025-08-21 15:00:00,386.1685098159671,60.0,220.0,EMS,MWH,VALID
2025-08-21 16:00:00,419.7164012328111,80.0,220.0,EMS,MWH,VALID
2025-08-21 17:00:00,431.4755051808098,80.0,220.0,EMS,MWH,VALID
2025-08-21 18:00:00,444.7955485742578,80.0,220.0,EMS,MWH,VALID
2025-08-21 19:00:00,498.6413029638342,80.0,220.0,EMS,MWH,VALID
2025-08-21 20:00:00,473.8261108356929,80.0,220.0,EMS,MWH,VALID
2025-08-21 21:00:00,406.23002611177327,80.0,220.0,EMS,MWH,VALID
2025-08-21 22:00:00,369.3117687176444,80.0,220.0,EMS,MWH,VALID
2025-08-21 23:00:00,325.1635869399628,80.0,220.0,EMS,MWH,VALID
2025-08-22 00:00:00,286.22447186017166,80.0,220.0,EMS,MWH,VALID
2025-08-22 01:00:00,300.3367515116357,80.0,220.0,EMS,MWH,VALID
2025-08-22 02:00:00,280.7566258826386,80.0,220.0,EMS,MWH,VALID
2025-08-22 03:00:00,308.258824264154,80.0,220.0,EMS,MWH,VALID
2025-08-22 04:00:00,318.48629258730574,80.0,220.0,EMS,MWH,VALID
2025-08-22 05:00:00,319.87361498289,80.0,220.0,EMS,MWH,VALID
2025-08-22 06:00:00,373.5739860889895,80.0,220.0,EMS,MWH,VALID
2025-08-22 07:00:00,373.5553398096231,80.0,220.0,EMS,MWH,VALID
2025-08-22 08:00:00,397.1186338466215,80.0,220.0,EMS,MWH,VALID
2025-08-22 09:00:00,422.0921741363112,80.0,220.0,EMS,MWH,VALID
2025-08-22 10:00:00,401.9457581185805,60.0,220.0,EMS,MWH,VALID
2025-08-22 11:00:00,373.620481787161,60.0,220.0,EMS,MWH,VALID
2025-08-22 12:00:00,374.9495332362936,60.0,220.0,EMS,MWH,VALID
2025-08-22 13:00:00,364.1218773161372,60.0,220.0,EMS,MWH,VALID
2025-08-22 14:00:00,365.3674001444522,60.0,220.0,EMS,MWH,VALID
2025-08-22 15:00:00,385.90572007676224,60.0,220.0,EMS,MWH,VALID
2025-08-22 16:00:00,400.3116433631036,80.0,220.0,EMS,MWH,VALID
2025-08-22 17:00:00,430.9940873470744,80.0,220.0,EMS,MWH,VALID
2025-08-22 18:00:00,463.3653199889092,80.0,220.0,EMS,MWH,VALID
2025-08-22 19:00:00,512.1032942841967,80.0,220.0,EMS,MWH,VALID
2025-08-22 20:00:00,465.6717948280197,80.0,220.0,EMS,MWH,VALID
2025-08-22 21:00:00,403.4149163017395,80.0,220.0,EMS,MWH,VALID
2025-08-22 22:00:00,350.01971953719004,80.0,220.0,EMS,MWH,VALID
2025-08-22 23:00:00,329.1444089002647,80.0,220.0,EMS,MWH,VALID
2025-08-23 00:00:00,223.3719814795901,80.0,220.0,EMS,MWH,VALID
2025-08-23 01:00:00,265.91183522232654,80.0,220.0,EMS,MWH,VALID
2025-08-23 02:00:00,238.66202095965184,80.0,220.0,EMS,MWH,VALID
2025-08-23 03:00:00,248.85774233749052,80.0,220.0,EMS,MWH,VALID
08-23-2025 04:00,269.97642956940734,80.0,220.0,EMS,MWH,VALID
2025-08-23 05:00:00,293.2357826115967,80.0,220.0,EMS,MWH,VALID
2025-08-23 06:00:00,286.7769219934814,80.0,220.0,EMS,MWH,VALID
2025-08-23 07:00:00,331.75050581236763,80.0,220.0,EMS,MWH,VALID
2025-08-23 08:00:00,366.4912676661284,80.0,220.0,EMS,MWH,VALID
2025-08-23 09:00:00,315.002597173583,80.0,220.0,EMS,MWH,VALID
2025-08-23 10:00:00,279.8402623699316,60.0,220.0,EMS,MWH,VALID
2025-08-23 11:00:00,316.4083924717426,60.0,220.0,EMS,MWH,VALID
2025-08-23 12:00:00,293.7223236379676,60.0,220.0,EMS,MWH,VALID
2025-08-23 13:00:00,250.42187204377737,60.0,220.0,EMS,MWH,VALID
2025-08-23 14:00:00,313.95045525173816,60.0,220.0,EMS,MWH,VALID
2025-08-23 15:00:00,282.0352715544282,60.0,220.0,EMS,MWH,VALID
2025-08-23 16:00:00,348.2787937968275,80.0,220.0,EMS,MWH,VALID
2025-08-23 17:00:00,347.0655932741953,80.0,220.0,EMS,MWH,VALID
2025-08-23 18:00:00,381.45970092125617,80.0,220.0,EMS,MWH,VALID
2025-08-23 19:00:00,376.7403239590534,80.0,220.0,EMS,MWH,VALID
2025-08-23 20:00:00,396.4984444418786,80.0,220.0,EMS,MWH,VALID
2025-08-23 21:00:00,342.678291715763,80.0,220.0,EMS,MWH,VALID
2025-08-23 22:00:00,296.6717699553825,80.0,220.0,EMS,MWH,VALID
2025-08-23 23:00:00,270.8180838015604,80.0,220.0,EMS,MWH,VALID
2025-08-24 00:00:00,244.92872252759832,80.0,220.0,EMS,MWH,VALID
2025-08-24 01:00:00,239.8568144021205,80.0,220.0,EMS,MWH,VALID
2025-08-24 02:00:00,244.06499260473197,80.0,220.0,EMS,MWH,VALID
2025-08-24 03:00:00,242.22245431193704,80.0,220.0,EMS,MWH,VALID
2025-08-24 04:00:00,263.6372335660199,80.0,220.0,EMS,MWH,VALID
2025-08-24 05:00:00,255.1180409317137,80.0,220.0,EMS,MWH,VALID
2025-08-24 06:00:00,299.41583265082033,80.0,220.0,EMS,MWH,VALID
2025-08-24 07:00:00,297.2523474923417,80.0,220.0,EMS,MWH,VALID
2025-08-24 08:00:00,347.156997180281,80.0,220.0,EMS,MWH,VALID
2025-08-24 09:00:00,321.9511967397061,80.0,220.0,EMS,MWH,VALID
08-24-2025 10:00,316.2795267966479,60.0,220.0,EMS,MWH,VALID
2025-08-24 11:00:00,307.66279217870726,60.0,220.0,EMS,MWH,VALID
2025-08-24 12:00:00,299.44723589554343,60.0,220.0,EMS,MWH,VALID
2025-08-24 13:00:00,339.1406239277588,60.0,220.0,EMS,MWH,VALID
2025-08-24 14:00:00,269.2618884674669,60.0,220.0,EMS,MWH,VALID
2025-08-24 15:00:00,281.52924552373554,60.0,220.0,EMS,MWH,VALID
2025-08-24 16:00:00,312.7683221083105,80.0,220.0,EMS,MWH,VALID
2025-08-24 17:00:00,383.4262716912691,80.0,220.0,EMS,MWH,VALID
2025-08-24 18:00:00,381.1446297187516,80.0,220.0,EMS,MWH,VALID
2025-08-24 19:00:00,373.84680751881393,80.0,220.0,EMS,MWH,VALID
2025-08-24 20:00:00,394.4780641476172,80.0,220.0,EMS,MWH,VALID
2025-08-24 21:00:00,345.1761682151739,80.0,220.0,EMS,MWH,VALID
2025-08-24 22:00:00,297.57643143400594,80.0,220.0,EMS,MWH,VALID
2025-08-24 23:00:00,270.2531892836401,80.0,220.0,EMS,MWH,VALID
2025-08-25 00:00:00,301.7666301616803,80.0,220.0,EMS,MWH,VALID
2025-08-25 01:00:00,316.42241963579903,80.0,220.0,EMS,MWH,VALID
2025-08-25 02:00:00,319.6114204510794,80.0,220.0,EMS,MWH,VALID
2025-08-25 03:00:00,269.0673253923666,80.0,220.0,EMS,MWH,VALID
2025-08-25 04:00:00,303.8069150359213,80.0,220.0,EMS,MWH,VALID
2025-08-25 05:00:00,331.1962404419033,80.0,220.0,EMS,MWH,VALID
2025-08-25 06:00:00,349.31105383204044,80.0,220.0,EMS,MWH,VALID
2025-08-25 07:00:00,379.9702595884375,80.0,220.0,EMS,MWH,VALID
2025-08-25 08:00:00,418.7490977262206,80.0,220.0,EMS,MWH,VALID
2025-08-25 09:00:00,431.7811599702828,80.0,220.0,EMS,MWH,VALID
2025-08-25 10:00:00,395.0658661817902,60.0,220.0,EMS,MWH,VALID
2025-08-25 11:00:00,375.1224875893125,60.0,220.0,EMS,MWH,VALID
2025-08-25 12:00:00,354.7703767114693,60.0,220.0,EMS,MWH,VALID
2025-08-25 13:00:00,391.1211191487179,60.0,220.0,EMS,MWH,VALID
2025-08-25 14:00:00,377.4813885572619,60.0,220.0,EMS,MWH,VALID
2025-08-25 15:00:00,384.45431622187175,60.0,220.0,EMS,MWH,VALID
2025-08-25 16:00:00,405.640260285269,80.0,220.0,EMS,MWH,VALID
2025-08-25 17:00:00,449.6135356072393,80.0,220.0,EMS,MWH,VALID
2025-08-25 18:00:00,462.3647207883215,80.0,220.0,EMS,MWH,VALID
2025-08-25 19:00:00,486.0148880163903,80.0,220.0,EMS,MWH,VALID
2025-08-25 20:00:00,450.14468537705966,80.0,220.0,EMS,MWH,VALID
2025-08-25 21:00:00,400.1448599446084,80.0,220.0,EMS,MWH,VALID
2025-08-25 22:00:00,350.50326535212724,80.0,220.0,EMS,MWH,VALID
2025-08-25 23:00:00,315.19471313231975,80.0,220.0,EMS,MWH,VALID
2025-08-26 00:00:00,277.3833911954349,80.0,220.0,EMS,MWH,VALID
2025-08-26 01:00:00,323.41773589701586,80.0,220.0,EMS,MWH,VALID
2025-08-26 02:00:00,317.0527707351209,80.0,220.0,EMS,MWH,VALID
2025-08-26 03:00:00,300.00970368023206,80.0,220.0,EMS,MWH,VALID
2025-08-26 04:00:00,311.95055650381335,80.0,220.0,EMS,MWH,VALID
2025-08-26 05:00:00,331.6029039372783,80.0,220.0,EMS,MWH,VALID
2025-08-26 06:00:00,368.28245159483794,80.0,220.0,EMS,MWH,VALID
2025-08-26 07:00:00,405.71068173530296,80.0,220.0,EMS,MWH,VALID
2025-08-26 08:00:00,419.7897585426412,80.0,220.0,EMS,MWH,VALID
2025-08-26 09:00:00,394.7026030583438,80.0,220.0,EMS,MWH,VALID
2025-08-26 10:00:00,389.7312224118174,60.0,220.0,EMS,MWH,VALID
2025-08-26 11:00:00,373.4992154671248,60.0,220.0,EMS,MWH,VALID
2025-08-26 12:00:00,322.914884314611,60.0,220.0,EMS,MWH,VALID
2025-08-26 13:00:00,371.7196776554379,60.0,220.0,EMS,MWH,VALID
2025-08-26 14:00:00,336.0995994617678,60.0,220.0,EMS,MWH,VALID
2025-08-26 15:00:00,402.31136444745306,60.0,220.0,EMS,MWH,VALID
2025-08-26 16:00:00,381.24552980376137,80.0,220.0,EMS,MWH,VALID
2025-08-26 17:00:00,433.9765857979509,80.0,220.0,EMS,MWH,VALID
2025-08-26 18:00:00,484.7762253265994,80.0,220.0,EMS,MWH,VALID
2025-08-26 19:00:00,462.8465086511223,80.0,220.0,EMS,MWH,VALID
2025-08-26 20:00:00,457.63904158018494,80.0,220.0,EMS,MWH,VALID
2025-08-26 21:00:00,394.4942524165924,80.0,220.0,EMS,MWH,VALID
2025-08-26 22:00:00,359.030271590629,80.0,220.0,EMS,MWH,VALID
2025-08-26 23:00:00,318.90481308367964,80.0,220.0,EMS,MWH,VALID
2025-08-27 00:00:00,308.943467557745,80.0,220.0,EMS,MWH,VALID
2025-08-27 01:00:00,304.71004457085354,80.0,220.0,EMS,MWH,VALID
2025-08-27 02:00:00,307.756310193904,80.0,220.0,EMS,MWH,VALID
2025-08-27 03:00:00,304.555048427204,80.0,220.0,EMS,MWH,VALID
2025-08-27 04:00:00,302.1797802415993,80.0,220.0,EMS,MWH,VALID
2025-08-27 05:00:00,337.5389487258315,80.0,220.0,EMS,MWH,VALID
2025-08-27 06:00:00,363.3107477308119,80.0,220.0,EMS,MWH,VALID
2025-08-27 07:00:00,373.633227671165,80.0,220.0,EMS,MWH,VALID
2025-08-27 08:00:00,422.2645319298485,80.0,220.0,EMS,MWH,VALID
2025-08-27 09:00:00,419.17494762513286,80.0,220.0,EMS,MWH,VALID
2025-08-27 10:00:00,407.4535692949931,60.0,220.0,EMS,MWH,VALID
2025-08-27 11:00:00,385.0550287218039,60.0,220.0,EMS,MWH,VALID
2025-08-27 12:00:00,358.55491263271705,60.0,220.0,EMS,MWH,VALID
2025-08-27 13:00:00,369.7900277263668,60.0,220.0,EMS,MWH,VALID
2025-08-27 14:00:00,352.2443461422562,60.0,220.0,EMS,MWH,VALID
2025-08-27 15:00:00,388.86889614726016,60.0,220.0,EMS,MWH,VALID
27/08/2025 16:00,419.1021153089946,80.0,220.0,EMS,MWH,VALID
2025-08-27 17:00:00,463.4782527930419,80.0,220.0,EMS,MWH,VALID
2025-08-27 18:00:00,460.4766467710612,80.0,220.0,EMS,MWH,VALID
2025-08-27 19:00:00,450.54240657158095,80.0,220.0,EMS,MWH,VALID
2025-08-27 20:00:00,442.3653955792207,80.0,220.0,EMS,MWH,VALID
2025-08-27 21:00:00,397.7903716966828,80.0,220.0,EMS,MWH,VALID
2025-08-27 22:00:00,353.48990498727426,80.0,220.0,EMS,MWH,VALID
2025-08-27 23:00:00,353.0084403043779,80.0,220.0,EMS,MWH,VALID
2025-08-28 00:00:00,303.05663675394135,80.0,220.0,EMS,MWH,VALID
2025-08-28 01:00:00,320.02984402530353,80.0,220.0,EMS,MWH,VALID
2025-08-28 02:00:00,313.8300173142211,80.0,220.0,EMS,MWH,VALID
2025-08-28 03:00:00,315.0364412092785,80.0,220.0,EMS,MWH,VALID
2025-08-28 04:00:00,318.98283853961897,80.0,220.0,EMS,MWH,VALID
2025-08-28 05:00:00,322.90695089983615,80.0,220.0,EMS,MWH,VALID
2025-08-28 06:00:00,366.484022393864,80.0,220.0,EMS,MWH,VALID
2025-08-28 07:00:00,420.7416302309899,80.0,220.0,EMS,MWH,VALID
2025-08-28 08:00:00,411.804864087581,80.0,220.0,EMS,MWH,VALID
2025-08-28 09:00:00,414.0084551834177,80.0,220.0,EMS,MWH,VALID
2025-08-28 10:00:00,381.1474496603721,60.0,220.0,EMS,MWH,VALID
2025-08-28 11:00:00,374.5282108631661,60.0,220.0,EMS,MWH,VALID
2025-08-28 12:00:00,365.0032478058764,60.0,220.0,EMS,MWH,VALID
2025-08-28 13:00:00,393.0464640425511,60.0,220.0,EMS,MWH,VALID
2025-08-28 14:00:00,368.7208129912821,60.0,220.0,EMS,MWH,VALID
2025-08-28 15:00:00,383.0690641721285,60.0,220.0,EMS,MWH,VALID
2025-08-28 16:00:00,423.85060269686136,80.0,220.0,EMS,MWH,VALID
2025-08-28 17:00:00,444.5131386391425,80.0,220.0,EMS,MWH,VALID
2025-08-28 18:00:00,468.07245940568953,80.0,220.0,EMS,MWH,VALID
2025-08-28 19:00:00,479.4238172662031,80.0,220.0,EMS,MWH,VALID
2025-08-28 20:00:00,455.10392467584506,80.0,220.0,EMS,MWH,VALID
2025-08-28 21:00:00,423.8128871162027,80.0,220.0,EMS,MWH,VALID
2025-08-28 22:00:00,356.1406585792602,80.0,220.0,EMS,MWH,VALID
2025-08-28 23:00:00,325.4546263976377,80.0,220.0,EMS,MWH,VALID
2025-08-29 00:00:00,293.1716986183207,80.0,220.0,EMS,MWH,VALID
2025-08-29 01:00:00,315.7930915938355,80.0,220.0,EMS,MWH,VALID
2025-08-29 02:00:00,317.9398150081545,80.0,220.0,EMS,MWH,VALID
2025-08-29 03:00:00,304.48411554051927,80.0,220.0,EMS,MWH,VALID
2025-08-29 04:00:00,315.0644635579817,80.0,220.0,EMS,MWH,VALID
2025-08-29 05:00:00,352.1234739541179,80.0,220.0,EMS,MWH,VALID
2025-08-29 06:00:00,367.6506588390486,80.0,220.0,EMS,MWH,VALID
2025-08-29 07:00:00,380.0203326022721,80.0,220.0,EMS,MWH,VALID
2025-08-29 08:00:00,400.8324385554105,80.0,220.0,EMS,MWH,VALID
2025-08-29 09:00:00,412.6331605403184,80.0,220.0,EMS,MWH,VALID
2025-08-29 10:00:00,413.4872535418273,60.0,220.0,EMS,MWH,VALID
2025-08-29 11:00:00,386.1852824707986,60.0,220.0,EMS,MWH,VALID
2025-08-29 12:00:00,363.39513577606846,60.0,220.0,EMS,MWH,VALID
2025-08-29 13:00:00,385.8545604791786,60.0,220.0,EMS,MWH,VALID
2025-08-29 14:00:00,363.9228331576508,60.0,220.0,EMS,MWH,VALID
2025-08-29 15:00:00,379.2980812093368,60.0,220.0,EMS,MWH,VALID
2025-08-29 16:00:00,435.1769251679945,80.0,220.0,EMS,MWH,VALID
2025-08-29 17:00:00,427.3827073340425,80.0,220.0,EMS,MWH,VALID
2025-08-29 18:00:00,467.42198493181854,80.0,220.0,EMS,MWH,VALID
2025-08-29 19:00:00,480.05317898708944,80.0,220.0,EMS,MWH,VALID
2025-08-29 20:00:00,436.05414787876265,80.0,220.0,EMS,MWH,VALID
2025-08-29 21:00:00,422.4780232118836,80.0,220.0,EMS,MWH,VALID
2025-08-29 22:00:00,362.4998116948893,80.0,220.0,EMS,MWH,VALID
2025-08-29 23:00:00,333.69105020438286,80.0,220.0,EMS,MWH,VALID
2025-08-30 00:00:00,245.6197429093905,80.0,220.0,EMS,MWH,VALID
2025-08-30 01:00:00,230.1834203112018,80.0,220.0,EMS,MWH,VALID
2025-08-30 02:00:00,257.8393014344414,80.0,220.0,EMS,MWH,VALID
2025-08-30 03:00:00,267.00784994332423,80.0,220.0,EMS,MWH,VALID
2025-08-30 04:00:00,240.01374908877253,80.0,220.0,EMS,MWH,VALID
2025-08-30 05:00:00,271.51213515752613,80.0,220.0,EMS,MWH,VALID
2025-08-30 06:00:00,308.99185414356185,80.0,220.0,EMS,MWH,VALID
2025-08-30 07:00:00,316.65311630977953,80.0,220.0,EMS,MWH,VALID
2025-08-30 08:00:00,335.0669216862089,80.0,220.0,EMS,MWH,VALID
2025-08-30 09:00:00,339.98925007486,80.0,220.0,EMS,MWH,VALID
2025-08-30 10:00:00,289.31901993434144,60.0,220.0,EMS,MWH,VALID
2025-08-30 11:00:00,315.4402013111164,60.0,220.0,EMS,MWH,VALID
2025-08-30 12:00:00,295.59677163942297,60.0,220.0,EMS,MWH,VALID
2025-08-30 13:00:00,306.17043749965484,60.0,220.0,EMS,MWH,VALID
2025-08-30 14:00:00,273.9391380944128,60.0,220.0,EMS,MWH,VALID
2025-08-30 15:00:00,313.59261488983526,60.0,220.0,EMS,MWH,VALID
2025-08-30 16:00:00,335.5888150583835,80.0,220.0,EMS,MWH,VALID
2025-08-30 17:00:00,345.8265880766116,80.0,220.0,EMS,MWH,VALID
2025-08-30 18:00:00,373.28113661012384,80.0,220.0,EMS,MWH,VALID
2025-08-30 19:00:00,389.8700021805966,80.0,220.0,EMS,MWH,VALID
2025-08-30 20:00:00,354.0789131185278,80.0,220.0,EMS,MWH,VALID
2025-08-30 21:00:00,327.0017848450568,80.0,220.0,EMS,MWH,VALID
2025-08-30 22:00:00,281.9670945827687,80.0,220.0,EMS,MWH,VALID
2025-08-30 23:00:00,267.9451237687019,80.0,220.0,EMS,MWH,VALID
2025-08-31 00:00:00,254.73170948785932,80.0,220.0,EMS,MWH,VALID
2025-08-31 01:00:00,259.0028546261525,80.0,220.0,EMS,MWH,VALID
2025-08-31 02:00:00,265.37537247981106,80.0,220.0,EMS,MWH,VALID
2025-08-31 03:00:00,250.81672329545643,80.0,220.0,EMS,MWH,VALID
2025-08-31 04:00:00,238.66710787162512,80.0,220.0,EMS,MWH,VALID
2025-08-31 05:00:00,252.88343717603107,80.0,220.0,EMS,MWH,VALID
2025-08-31 06:00:00,299.3344253044129,80.0,220.0,EMS,MWH,VALID
2025-08-31 07:00:00,314.69630795907904,80.0,220.0,EMS,MWH,VALID
2025-08-31 08:00:00,323.6013032313833,80.0,220.0,EMS,MWH,VALID
2025-08-31 09:00:00,347.3631852520576,80.0,220.0,EMS,MWH,VALID
2025-08-31 10:00:00,285.2761765079572,60.0,220.0,EMS,MWH,VALID
2025-08-31 11:00:00,316.12178722664123,60.0,220.0,EMS,MWH,VALID
2025-08-31 12:00:00,316.06585697850653,60.0,220.0,EMS,MWH,VALID
2025-08-31 13:00:00,257.70215068325587,60.0,220.0,EMS,MWH,VALID
2025-08-31 14:00:00,269.98971817807666,60.0,220.0,EMS,MWH,VALID
2025-08-31 15:00:00,229.23843542498537,60.0,220.0,EMS,MWH,VALID
2025-08-31 16:00:00,343.1731768809029,80.0,220.0,EMS,MWH,VALID
2025-08-31 17:00:00,365.1936696185031,80.0,220.0,EMS,MWH,VALID
2025-08-31 18:00:00,381.0312152286252,80.0,220.0,EMS,MWH,VALID
2025-08-31 19:00:00,406.97149395512326,80.0,220.0,EMS,MWH,VALID
2025-08-31 20:00:00,376.73966863398346,80.0,220.0,EMS,MWH,VALID
2025-08-31 21:00:00,335.02146242876427,80.0,220.0,EMS,MWH,VALID
2025-08-31 22:00:00,312.1930095694969,80.0,220.0,EMS,MWH,VALID
2025-08-31 23:00:00,262.289314884681,80.0,220.0,EMS,MWH,VALID
2025-09-01 00:00:00,292.68691763662866,80.0,220.0,EMS,MWH,VALID
2025-09-01 01:00:00,293.2518574758772,80.0,220.0,EMS,MWH,VALID
2025-09-01 02:00:00,283.82517698984253,65.6,220.0,EMS,MWH,VALID
2025-09-01 03:00:00,328.02935828330936,65.6,220.0,EMS,MWH,VALID
2025-09-01 04:00:00,297.1784949095552,65.6,220.0,EMS,MWH,VALID
2025-09-01 05:00:00,324.6917636089494,65.6,220.0,EMS,MWH,VALID
2025-09-01 06:00:00,362.16432303944,65.6,220.0,EMS,MWH,VALID
2025-09-01 07:00:00,397.0117699681556,65.6,220.0,EMS,MWH,VALID
2025-09-01 08:00:00,417.4727899632848,65.6,220.0,EMS,MWH,VALID
2025-09-01 09:00:00,386.1210873628722,65.6,220.0,EMS,MWH,VALID
2025-09-01 10:00:00,373.9265491549558,49.2,220.0,EMS,MWH,VALID
2025-09-01 11:00:00,382.7767618548176,49.2,220.0,EMS,MWH,VALID
2025-09-01 12:00:00,391.3309076365137,49.2,220.0,EMS,MWH,VALID
2025-09-01 13:00:00,388.7570470637714,60.0,220.0,EMS,MWH,VALID
2025-09-01 14:00:00,385.5866904400787,60.0,220.0,EMS,MWH,VALID
2025-09-01 15:00:00,375.6451900941668,60.0,220.0,EMS,MWH,VALID
2025-09-01 16:00:00,393.3685417675028,80.0,220.0,EMS,MWH,VALID
2025-09-01 17:00:00,416.0863287272198,80.0,220.0,EMS,MWH,VALID
2025-09-01 18:00:00,471.4496859777678,80.0,220.0,EMS,MWH,VALID
2025-09-01 19:00:00,485.6278572775258,80.0,220.0,EMS,MWH,VALID
2025-09-01 20:00:00,454.79187655017387,80.0,220.0,EMS,MWH,VALID
2025-09-01 21:00:00,422.1120467869944,80.0,220.0,EMS,MWH,VALID
2025-09-01 22:00:00,370.2008128431288,80.0,220.0,EMS,MWH,VALID
2025-09-01 23:00:00,333.4598311611405,80.0,220.0,EMS,MWH,VALID
2025-09-02 00:00:00,298.5457106754484,80.0,220.0,EMS,MWH,VALID
2025-09-02 01:00:00,275.6949076660856,80.0,220.0,EMS,MWH,VALID
2025-09-02 02:00:00,299.631422342208,80.0,220.0,EMS,MWH,VALID
2025-09-02 03:00:00,283.5038453995128,80.0,220.0,EMS,MWH,VALID
2025-09-02 04:00:00,309.8680586582411,80.0,220.0,EMS,MWH,VALID
2025-09-02 05:00:00,290.95802927990525,80.0,220.0,EMS,MWH,VALID
2025-09-02 06:00:00,353.6339091600955,80.0,220.0,EMS,MWH,VALID
2025-09-02 07:00:00,396.95329851352193,80.0,220.0,EMS,MWH,VALID
2025-09-02 08:00:00,386.2650562408163,80.0,220.0,EMS,MWH,VALID
2025-09-02 09:00:00,414.2204332508573,80.0,220.0,EMS,MWH,VALID
2025-09-02 10:00:00,379.6056116498696,60.0,220.0,EMS,MWH,VALID
2025-09-02 11:00:00,381.0409717939013,60.0,220.0,EMS,MWH,VALID
2025-09-02 12:00:00,366.3860734480272,60.0,220.0,EMS,MWH,VALID
2025-09-02 13:00:00,364.3206689375149,60.0,220.0,EMS,MWH,VALID
2025-09-02 14:00:00,386.1032264202148,60.0,220.0,EMS,MWH,VALID
2025-09-02 15:00:00,387.4879844458269,60.0,220.0,EMS,MWH,VALID
2025-09-02 16:00:00,372.685872074597,80.0,220.0,EMS,MWH,VALID
2025-09-02 17:00:00,420.0549615502204,80.0,220.0,EMS,MWH,VALID
2025-09-02 18:00:00,455.895402483259,80.0,220.0,EMS,MWH,VALID
2025-09-02 19:00:00,491.6807647066642,80.0,220.0,EMS,MWH,VALID
2025-09-02 20:00:00,444.5733883750854,80.0,220.0,EMS,MWH,VALID
2025-09-02 21:00:00,390.7607348962114,80.0,220.0,EMS,MWH,VALID
2025-09-02 22:00:00,355.0460900537906,80.0,220.0,EMS,MWH,VALID
2025-09-02 23:00:00,318.98610820882334,80.0,220.0,EMS,MWH,VALID
2025-09-03 00:00:00,290.14085502428907,80.0,220.0,EMS,MWH,VALID
2025-09-03 01:00:00,298.9512835879906,80.0,220.0,EMS,MWH,VALID
2025-09-03 02:00:00,309.3152996894929,80.0,220.0,EMS,MWH,VALID
2025-09-03 03:00:00,309.54057862763085,80.0,220.0,EMS,MWH,VALID
2025-09-03 04:00:00,331.1931788008067,80.0,220.0,EMS,MWH,VALID
2025-09-03 05:00:00,333.8792246835802,80.0,220.0,EMS,MWH,VALID
2025-09-03 06:00:00,364.5182664126623,80.0,220.0,EMS,MWH,VALID
2025-09-03 07:00:00,391.4543077363722,80.0,220.0,EMS,MWH,VALID
2025-09-03 08:00:00,399.2062179884354,80.0,220.0,EMS,MWH,VALID
2025-09-03 09:00:00,398.8191227303088,80.0,220.0,EMS,MWH,VALID
2025-09-03 10:00:00,376.2986550873553,60.0,220.0,EMS,MWH,VALID
2025-09-03 11:00:00,351.5680078230238,60.0,220.0,EMS,MWH,VALID
2025-09-03 12:00:00,376.321071283095,60.0,220.0,EMS,MWH,VALID
2025-09-03 13:00:00,370.3730106547034,60.0,220.0,EMS,MWH,VALID
2025-09-03 14:00:00,351.8396603776532,60.0,220.0,EMS,MWH,VALID
2025-09-03 15:00:00,381.5859754148639,60.0,220.0,EMS,MWH,VALID
2025-09-03 16:00:00,402.3823779970114,80.0,220.0,EMS,MWH,VALID
2025-09-03 17:00:00,441.004009081149,80.0,220.0,EMS,MWH,VALID
2025-09-03 18:00:00,457.2931275648106,80.0,220.0,EMS,MWH,VALID
2025-09-03 19:00:00,462.3963695311033,80.0,220.0,EMS,MWH,VALID
2025-09-03 20:00:00,440.97370144413225,80.0,220.0,EMS,MWH,VALID
2025-09-03 21:00:00,416.8000838448494,80.0,220.0,EMS,MWH,VALID
2025-09-03 22:00:00,371.7453413766468,80.0,220.0,EMS,MWH,VALID
2025-09-03 23:00:00,314.3289613647242,80.0,220.0,EMS,MWH,VALID
2025-09-04 00:00:00,298.1626028701768,80.0,220.0,EMS,MWH,VALID
2025-09-04 01:00:00,292.74613705656026,80.0,220.0,EMS,MWH,VALID
2025-09-04 02:00:00,290.81375684141153,80.0,220.0,EMS,MWH,VALID
2025-09-04 03:00:00,306.9080797756824,80.0,220.0,EMS,MWH,VALID
2025-09-04 04:00:00,311.1737590334624,80.0,220.0,EMS,MWH,VALID
2025-09-04 05:00:00,293.57811953752827,80.0,220.0,EMS,MWH,VALID
2025-09-04 06:00:00,359.12299380255087,80.0,220.0,EMS,MWH,VALID
2025-09-04 07:00:00,408.4189825504004,80.0,198.0,EMS,MWH,VALID
2025-09-04 08:00:00,407.6235783795696,80.0,198.0,EMS,MWH,VALID
2025-09-04 09:00:00,425.515298504094,80.0,198.0,EMS,MWH,VALID
2025-09-04 10:00:00,394.8165459496329,60.0,198.0,EMS,MWH,VALID
2025-09-04 11:00:00,403.587802215023,60.0,198.0,EMS,MWH,VALID
2025-09-04 12:00:00,396.1768235203123,60.0,220.0,EMS,MWH,VALID
2025-09-04 13:00:00,394.2456320820029,60.0,220.0,EMS,MWH,VALID
2025-09-04 14:00:00,377.6659986611693,60.0,220.0,EMS,MWH,VALID
2025-09-04 15:00:00,380.2149457825442,60.0,220.0,EMS,MWH,VALID
2025-09-04 16:00:00,380.6240689818132,80.0,220.0,EMS,MWH,VALID
2025-09-04 17:00:00,411.8709387863124,80.0,220.0,EMS,MWH,VALID
2025-09-04 18:00:00,481.7285591490731,80.0,220.0,EMS,MWH,VALID
2025-09-04 19:00:00,459.851809864977,80.0,220.0,EMS,MWH,VALID
2025-09-04 20:00:00,471.0455808547787,80.0,220.0,EMS,MWH,VALID
2025-09-04 21:00:00,394.85816657447873,80.0,220.0,EMS,MWH,VALID
2025-09-04 22:00:00,330.1862043228458,80.0,220.0,EMS,MWH,VALID
2025-09-04 23:00:00,313.90481428065954,80.0,220.0,EMS,MWH,VALID
2025-09-05 00:00:00,277.8237495168537,80.0,220.0,EMS,MWH,VALID
2025-09-05 01:00:00,318.0570083451188,80.0,220.0,EMS,MWH,VALID
2025-09-05 02:00:00,294.54496111375465,80.0,220.0,EMS,MWH,VALID
2025-09-05 03:00:00,296.69998198458785,80.0,220.0,EMS,MWH,VALID
2025-09-05 04:00:00,301.48546820437366,80.0,220.0,EMS,MWH,VALID
2025-09-05 05:00:00,326.4149564523213,80.0,220.0,EMS,MWH,VALID
2025-09-05 06:00:00,359.7768149076677,80.0,220.0,EMS,MWH,VALID
2025-09-05 07:00:00,379.6912449308605,80.0,220.0,EMS,MWH,VALID
2025-09-05 08:00:00,384.1118703833001,80.0,220.0,EMS,MWH,VALID
2025-09-05 09:00:00,383.32813807235937,80.0,220.0,EMS,MWH,VALID
2025-09-05 10:00:00,376.9700252680488,60.0,220.0,EMS,MWH,VALID
2025-09-05 11:00:00,354.5485886604929,60.0,220.0,EMS,MWH,VALID
2025-09-05 12:00:00,385.89252375019873,60.0,220.0,EMS,MWH,VALID
2025-09-05 13:00:00,359.4020496659223,60.0,220.0,EMS,MWH,VALID
2025-09-05 14:00:00,343.45775681471304,60.0,220.0,EMS,MWH,VALID
2025-09-05 15:00:00,382.2788861947205,60.0,220.0,EMS,MWH,VALID
2025-09-05 16:00:00,386.9956406727786,80.0,220.0,EMS,MWH,VALID
2025-09-05 17:00:00,444.4181087177416,80.0,220.0,EMS,MWH,VALID
2025-09-05 18:00:00,452.0171674224412,80.0,220.0,EMS,MWH,VALID
2025-09-05 19:00:00,465.4854864539124,80.0,220.0,EMS,MWH,VALID
2025-09-05 20:00:00,480.52808819124726,80.0,220.0,EMS,MWH,VALID
2025-09-05 21:00:00,406.1747564031117,80.0,220.0,EMS,MWH,VALID
2025-09-05 22:00:00,358.96741698671565,80.0,220.0,EMS,MWH,VALID
2025-09-05 23:00:00,327.32351066013297,80.0,220.0,EMS,MWH,VALID
2025-09-06 00:00:00,234.84703995102217,80.0,220.0,EMS,MWH,VALID
2025-09-06 01:00:00,273.1340933546995,80.0,220.0,EMS,MWH,VALID
2025-09-06 02:00:00,231.94233622313752,80.0,220.0,EMS,MWH,VALID
2025-09-06 03:00:00,264.173479205105,80.0,220.0,EMS,MWH,VALID
2025-09-06 04:00:00,247.93719769983392,80.0,220.0,EMS,MWH,VALID
2025-09-06 05:00:00,261.2702826622127,80.0,220.0,EMS,MWH,VALID
2025-09-06 06:00:00,282.91078553822945,80.0,220.0,EMS,MWH,VALID
2025-09-06 07:00:00,289.0271923654093,80.0,220.0,EMS,MWH,VALID
2025-09-06 08:00:00,327.59109772890224,80.0,220.0,EMS,MWH,VALID
2025-09-06 09:00:00,343.5831477650717,80.0,220.0,EMS,MWH,VALID
2025-09-06 10:00:00,319.05395689362086,60.0,220.0,EMS,MWH,VALID
2025-09-06 11:00:00,291.4289925658012,60.0,220.0,EMS,MWH,VALID
2025-09-06 12:00:00,287.69659881464463,60.0,220.0,EMS,MWH,VALID
2025-09-06 13:00:00,273.1825130683392,60.0,220.0,EMS,MWH,VALID
2025-09-06 14:00:00,297.33933151509297,60.0,220.0,EMS,MWH,VALID
2025-09-06 15:00:00,247.7783872539666,60.0,220.0,EMS,MWH,VALID
2025-09-06 16:00:00,316.80295407485016,80.0,220.0,EMS,MWH,VALID
2025-09-06 17:00:00,350.89319243693166,80.0,220.0,EMS,MWH,VALID
2025-09-06 18:00:00,376.2280971609777,80.0,220.0,EMS,MWH,VALID
2025-09-06 19:00:00,397.8679356871359,80.0,220.0,EMS,MWH,VALID
2025-09-06 20:00:00,340.67532766755926,80.0,220.0,EMS,MWH,VALID
2025-09-06 21:00:00,319.12168524730754,80.0,220.0,EMS,MWH,VALID
2025-09-06 22:00:00,289.05021959241293,80.0,220.0,EMS,MWH,VALID
2025-09-06 23:00:00,272.8200050814799,80.0,220.0,EMS,MWH,VALID
2025-09-07 00:00:00,244.27981995234492,80.0,220.0,EMS,MWH,VALID
2025-09-07 01:00:00,240.68334718731407,80.0,220.0,EMS,MWH,VALID
2025-09-07 02:00:00,258.1514908184771,80.0,220.0,EMS,MWH,VALID
2025-09-07 03:00:00,298.2153275157077,80.0,220.0,EMS,MWH,VALID
2025-09-07 04:00:00,249.93159572055316,80.0,220.0,EMS,MWH,VALID
2025-09-07 05:00:00,287.64929234651913,80.0,220.0,EMS,MWH,VALID
2025-09-07 06:00:00,316.2539148365718,80.0,220.0,EMS,MWH,VALID
2025-09-07 07:00:00,308.59803276912123,80.0,220.0,EMS,MWH,VALID
2025-09-07 08:00:00,335.4129489499173,80.0,220.0,EMS,MWH,VALID
2025-09-07 09:00:00,304.3860581279796,80.0,220.0,EMS,MWH,VALID
2025-09-07 10:00:00,314.61990366721653,60.0,220.0,EMS,MWH,VALID
2025-09-07 11:00:00,293.59713840118434,60.0,220.0,EMS,MWH,VALID
2025-09-07 12:00:00,296.161056262942,60.0,220.0,EMS,MWH,VALID
2025-09-07 13:00:00,301.63832316458627,60.0,220.0,EMS,MWH,VALID
2025-09-07 14:00:00,307.89451456017247,60.0,220.0,EMS,MWH,VALID
2025-09-07 15:00:00,312.051789799248,60.0,220.0,EMS,MWH,VALID
2025-09-07 16:00:00,328.8949077909017,80.0,220.0,EMS,MWH,VALID
2025-09-07 17:00:00,356.1316601457824,80.0,220.0,EMS,MWH,VALID
2025-09-07 18:00:00,383.0059530805879,80.0,220.0,EMS,MWH,VALID
2025-09-07 19:00:00,388.1538851147423,80.0,220.0,EMS,MWH,VALID
2025-09-07 20:00:00,357.95519081971844,80.0,220.0,EMS,MWH,VALID
2025-09-07 21:00:00,315.03777162674623,80.0,220.0,EMS,MWH,VALID
2025-09-07 22:00:00,293.8490864965989,80.0,220.0,EMS,MWH,VALID
2025-09-07 23:00:00,257.314232911191,80.0,220.0,EMS,MWH,VALID
2025-09-08 00:00:00,316.6282401718902,80.0,220.0,EMS,MWH,VALID
2025-09-08 01:00:00,273.3692632105364,80.0,220.0,EMS,MWH,VALID
2025-09-08 02:00:00,290.4614432405649,80.0,220.0,EMS,MWH,VALID
2025-09-08 03:00:00,310.0736116827172,80.0,220.0,EMS,MWH,VALID
2025-09-08 04:00:00,288.6770425715915,80.0,220.0,EMS,MWH,VALID
2025-09-08 05:00:00,315.1961553742338,80.0,220.0,EMS,MWH,VALID
2025-09-08 06:00:00,349.63286657873147,80.0,220.0,EMS,MWH,VALID
2025-09-08 07:00:00,411.3012543662275,80.0,220.0,EMS,MWH,VALID
2025-09-08 08:00:00,399.431519407462,80.0,220.0,EMS,MWH,VALID
2025-09-08 09:00:00,410.3553143211192,80.0,220.0,EMS,MWH,VALID
2025-09-08 10:00:00,386.3943416607409,60.0,220.0,EMS,MWH,VALID
2025-09-08 11:00:00,368.241210939154,60.0,220.0,EMS,MWH,VALID
2025-09-08 12:00:00,385.12948841250216,60.0,220.0,EMS,MWH,VALID
2025-09-08 13:00:00,349.4358951184964,60.0,220.0,EMS,MWH,VALID
2025-09-08 14:00:00,367.4655032504339,60.0,220.0,EMS,MWH,VALID
2025-09-08 15:00:00,377.6085043909629,60.0,220.0,EMS,MWH,VALID
2025-09-08 16:00:00,414.2050977597791,80.0,220.0,EMS,MWH,VALID
2025-09-08 17:00:00,426.217238002744,80.0,220.0,EMS,MWH,VALID
2025-09-08 18:00:00,440.12071747027534,80.0,220.0,EMS,MWH,VALID
2025-09-08 19:00:00,452.0435677423788,80.0,220.0,EMS,MWH,VALID
2025-09-08 20:00:00,434.1839372157693,80.0,220.0,EMS,MWH,VALID
2025-09-08 21:00:00,415.5311486682373,80.0,220.0,EMS,MWH,VALID
2025-09-08 22:00:00,352.07674202846806,80.0,220.0,EMS,MWH,VALID
2025-09-08 23:00:00,332.5613434858526,80.0,220.0,EMS,MWH,VALID
2025-09-09 00:00:00,320.38536308677385,80.0,220.0,EMS,MWH,VALID
2025-09-09 01:00:00,306.9073214996198,80.0,220.0,EMS,MWH,VALID
2025-09-09 02:00:00,309.18128006774265,80.0,220.0,EMS,MWH,VALID
2025-09-09 03:00:00,303.83463399739634,80.0,220.0,EMS,MWH,VALID
2025-09-09 04:00:00,294.2420872553399,80.0,220.0,EMS,MWH,VALID
2025-09-09 05:00:00,353.9869554796364,80.0,220.0,EMS,MWH,VALID
2025-09-09 06:00:00,345.2348034426639,80.0,220.0,EMS,MWH,VALID
2025-09-09 07:00:00,398.97371158344833,80.0,220.0,EMS,MWH,VALID
2025-09-09 08:00:00,418.75300562111374,80.0,220.0,EMS,MWH,VALID
2025-09-09 09:00:00,385.15502286076463,80.0,220.0,EMS,MWH,VALID
2025-09-09 10:00:00,367.7836482565965,60.0,220.0,EMS,MWH,VALID
2025-09-09 11:00:00,381.570422084233,60.0,220.0,EMS,MWH,VALID
2025-09-09 12:00:00,352.3949197319581,60.0,220.0,EMS,MWH,VALID
2025-09-09 13:00:00,384.1045160075087,60.0,220.0,EMS,MWH,VALID
2025-09-09 14:00:00,358.24506714414315,60.0,220.0,EMS,MWH,VALID
2025-09-09 15:00:00,391.0286279527327,60.0,220.0,EMS,MWH,VALID
2025-09-09 17:00:00,432.94907915073776,80.0,220.0,EMS,MWH,VALID
2025-09-09 18:00:00,458.837889254433,80.0,220.0,EMS,MWH,VALID
2025-09-09 19:00:00,476.621152181699,80.0,220.0,EMS,MWH,VALID
2025-09-09 20:00:00,444.9799588880053,80.0,220.0,EMS,MWH,VALID
2025-09-09 21:00:00,399.2827864127937,80.0,220.0,EMS,MWH,VALID
2025-09-09 22:00:00,339.71130468964657,80.0,220.0,EMS,MWH,VALID
2025-09-09 23:00:00,336.1908638991699,80.0,220.0,EMS,MWH,VALID
2025-09-10 00:00:00,290.28398822964857,80.0,220.0,EMS,MWH,VALID
2025-09-10 01:00:00,304.61774334459733,80.0,220.0,EMS,MWH,VALID
2025-09-10 02:00:00,303.96794830688435,80.0,220.0,EMS,MWH,VALID
2025-09-10 03:00:00,280.28838995292523,80.0,220.0,EMS,MWH,VALID
2025-09-10 04:00:00,312.9098341707981,80.0,220.0,EMS,MWH,VALID
2025-09-10 05:00:00,334.9215471257039,80.0,220.0,EMS,MWH,VALID
2025-09-10 06:00:00,354.3877181301597,80.0,220.0,EMS,MWH,VALID
2025-09-10 07:00:00,391.6776673579651,80.0,220.0,EMS,MWH,VALID
2025-09-10 08:00:00,409.8306732323167,80.0,220.0,EMS,MWH,VALID
2025-09-10 10:00:00,389.5616162353991,60.0,220.0,EMS,MWH,VALID
2025-09-10 11:00:00,387.6585467420835,60.0,220.0,EMS,MWH,VALID
2025-09-10 12:00:00,345.5674303521305,60.0,220.0,EMS,MWH,VALID
2025-09-10 13:00:00,360.2670184831354,60.0,220.0,EMS,MWH,VALID
2025-09-10 14:00:00,374.13244923648296,60.0,220.0,EMS,MWH,VALID
2025-09-10 15:00:00,371.2478389394384,60.0,220.0,EMS,MWH,VALID
2025-09-10 16:00:00,403.07757210771376,80.0,220.0,EMS,MWH,VALID
2025-09-10 17:00:00,436.1274862786045,80.0,220.0,EMS,MWH,VALID
2025-09-10 18:00:00,466.5818640941672,80.0,220.0,EMS,MWH,VALID
2025-09-10 19:00:00,456.76813170044994,80.0,220.0,EMS,MWH,VALID
2025-09-10 20:00:00,453.4212917380894,80.0,220.0,EMS,MWH,VALID
2025-09-10 21:00:00,393.22573192547816,80.0,220.0,EMS,MWH,VALID
2025-09-10 22:00:00,351.83948699289624,80.0,220.0,EMS,MWH,VALID
2025-09-10 23:00:00,348.38332486462895,80.0,220.0,EMS,MWH,VALID
2025-09-11 00:00:00,308.46919024680074,80.0,220.0,EMS,MWH,VALID
2025-09-11 01:00:00,296.95937804200435,80.0,220.0,EMS,MWH,VALID
2025-09-11 02:00:00,295.8969569958027,80.0,220.0,EMS,MWH,VALID
2025-09-11 03:00:00,311.0816205271216,80.0,220.0,EMS,MWH,VALID
2025-09-11 04:00:00,323.7819304659719,80.0,220.0,EMS,MWH,VALID
2025-09-11 05:00:00,331.00097271693926,80.0,220.0,EMS,MWH,VALID
2025-09-11 06:00:00,369.86301016018245,80.0,220.0,EMS,MWH,VALID
2025-09-11 07:00:00,384.9335048597703,80.0,220.0,EMS,MWH,VALID
2025-09-11 08:00:00,412.3876847834895,80.0,220.0,EMS,MWH,VALID
2025-09-11 09:00:00,394.9719201145088,80.0,220.0,EMS,MWH,VALID
2025-09-11 10:00:00,388.6384012838111,60.0,220.0,EMS,MWH,VALID
2025-09-11 11:00:00,349.69199560622667,60.0,220.0,EMS,MWH,VALID
2025-09-11 12:00:00,356.6963668662785,60.0,220.0,EMS,MWH,VALID
2025-09-11 13:00:00,356.31135941325687,60.0,220.0,EMS,MWH,VALID
2025-09-11 14:00:00,364.38541677281887,60.0,220.0,EMS,MWH,VALID
2025-09-11 15:00:00,368.7132617079642,60.0,220.0,EMS,MWH,VALID
09-11-2025 16:00,368.32197289868594,80.0,220.0,EMS,MWH,VALID
2025-09-11 17:00:00,443.9486738783593,80.0,220.0,EMS,MWH,VALID
2025-09-11 18:00:00,460.0390149385957,80.0,220.0,EMS,MWH,VALID
2025-09-11 19:00:00,476.9031226169657,80.0,220.0,EMS,MWH,VALID
2025-09-11 20:00:00,454.796348991143,80.0,220.0,EMS,MWH,VALID
2025-09-11 21:00:00,390.48433733924753,80.0,220.0,EMS,MWH,VALID
2025-09-11 22:00:00,352.7855300936894,80.0,220.0,EMS,MWH,VALID
2025-09-11 23:00:00,327.1749394163897,80.0,220.0,EMS,MWH,VALID
2025-09-12 00:00:00,301.7081955470486,80.0,220.0,EMS,MWH,VALID
2025-09-12 01:00:00,311.1731299182621,80.0,220.0,EMS,MWH,VALID
2025-09-12 02:00:00,314.11184101047644,80.0,220.0,EMS,MWH,VALID
2025-09-12 03:00:00,319.824051253555,80.0,220.0,EMS,MWH,VALID
2025-09-12 04:00:00,304.9583554861969,80.0,220.0,EMS,MWH,VALID
2025-09-12 05:00:00,300.68494499222646,80.0,220.0,EMS,MWH,VALID
2025-09-12 06:00:00,366.0629783903511,80.0,220.0,EMS,MWH,VALID
2025-09-12 07:00:00,389.7716242843369,80.0,220.0,EMS,MWH,VALID
2025-09-12 08:00:00,389.28299437637327,80.0,220.0,EMS,MWH,VALID
2025-09-12 09:00:00,390.2077500926866,80.0,220.0,EMS,MWH,VALID
2025-09-12 10:00:00,382.136643910902,60.0,220.0,EMS,MWH,VALID
2025-09-12 11:00:00,370.66611599939387,60.0,220.0,EMS,MWH,VALID
2025-09-12 12:00:00,354.2615072437494,60.0,220.0,EMS,MWH,VALID
2025-09-12 13:00:00,373.4733465036067,60.0,220.0,EMS,MWH,VALID
2025-09-12 14:00:00,373.97377741204383,60.0,220.0,EMS,MWH,VALID
2025-09-12 15:00:00,375.8769156473456,60.0,220.0,EMS,MWH,VALID
2025-09-12 16:00:00,379.9059756248369,80.0,220.0,EMS,MWH,VALID
2025-09-12 17:00:00,432.38687723101685,80.0,220.0,EMS,MWH,VALID
2025-09-12 18:00:00,454.43269864354704,80.0,220.0,EMS,MWH,VALID
2025-09-12 19:00:00,441.6129488700177,80.0,220.0,EMS,MWH,VALID
2025-09-12 20:00:00,453.67278494594336,80.0,220.0,EMS,MWH,VALID
2025-09-12 21:00:00,389.6336727309309,80.0,220.0,EMS,MWH,VALID
2025-09-12 22:00:00,349.4529266770852,80.0,220.0,EMS,MWH,VALID
2025-09-12 23:00:00,319.90432521169566,80.0,220.0,EMS,MWH,VALID
2025-09-13 00:00:00,218.70441931087493,80.0,220.0,EMS,MWH,VALID
2025-09-13 01:00:00,248.16524901182868,80.0,220.0,EMS,MWH,VALID
2025-09-13 02:00:00,243.0516285660328,80.0,220.0,EMS,MWH,VALID
2025-09-13 03:00:00,246.72661317886465,80.0,220.0,EMS,MWH,VALID
2025-09-13 04:00:00,241.92333860623444,80.0,220.0,EMS,MWH,VALID
2025-09-13 05:00:00,269.801030531817,80.0,220.0,EMS,MWH,VALID
2025-09-13 06:00:00,294.0534160288472,80.0,220.0,EMS,MWH,VALID
2025-09-13 07:00:00,315.04866676210526,80.0,220.0,EMS,MWH,VALID
2025-09-13 08:00:00,338.6752347978652,80.0,220.0,EMS,MWH,VALID
2025-09-13 09:00:00,328.6764669921329,80.0,220.0,EMS,MWH,VALID
2025-09-13 10:00:00,265.435491702846,60.0,220.0,EMS,MWH,VALID
2025-09-13 11:00:00,254.96828225163165,60.0,220.0,EMS,MWH,VALID
2025-09-13 12:00:00,293.36770373003554,60.0,220.0,EMS,MWH,VALID
2025-09-13 13:00:00,302.27113452688843,60.0,220.0,EMS,MWH,VALID
2025-09-13 14:00:00,291.93525702004104,60.0,220.0,EMS,MWH,VALID
2025-09-13 15:00:00,265.5089178667959,60.0,220.0,EMS,MWH,VALID
2025-09-13 16:00:00,330.13481909757843,80.0,220.0,EMS,MWH,VALID
2025-09-13 17:00:00,360.0627447991925,80.0,220.0,EMS,MWH,VALID
2025-09-13 18:00:00,381.1875414466237,80.0,220.0,EMS,MWH,VALID
2025-09-13 19:00:00,386.91960217997706,80.0,220.0,EMS,MWH,VALID
2025-09-13 20:00:00,369.9769806106273,80.0,220.0,EMS,MWH,VALID
2025-09-13 21:00:00,360.7251743420104,80.0,220.0,EMS,MWH,VALID
2025-09-13 22:00:00,297.2887236071436,80.0,220.0,EMS,MWH,VALID
2025-09-13 23:00:00,261.8218589136598,80.0,220.0,EMS,MWH,VALID
2025-09-14 00:00:00,239.46907882927215,80.0,220.0,EMS,MWH,VALID
2025-09-14 01:00:00,261.6514954809532,80.0,220.0,EMS,MWH,VALID
2025-09-14 02:00:00,232.48045467626463,80.0,220.0,EMS,MWH,VALID
2025-09-14 03:00:00,244.2493290922374,80.0,220.0,EMS,MWH,VALID
2025-09-14 04:00:00,259.5886814526454,80.0,220.0,EMS,MWH,VALID
2025-09-14 05:00:00,277.63230555237686,80.0,220.0,EMS,MWH,VALID
2025-09-14 06:00:00,264.94796405648174,80.0,220.0,EMS,MWH,VALID
2025-09-14 07:00:00,319.4371438092807,80.0,220.0,EMS,MWH,VALID
2025-09-14 08:00:00,313.5594593939553,80.0,220.0,EMS,MWH,VALID
2025-09-14 09:00:00,369.5740312241281,80.0,220.0,EMS,MWH,VALID
2025-09-14 10:00:00,313.30534034671666,60.0,220.0,EMS,MWH,VALID
2025-09-14 11:00:00,274.14272492442944,60.0,220.0,EMS,MWH,VALID
2025-09-14 12:00:00,328.3327249020335,60.0,220.0,EMS,MWH,VALID
2025-09-14 13:00:00,292.0997882515719,60.0,220.0,EMS,MWH,VALID
2025-09-14 14:00:00,287.18076634193005,60.0,220.0,EMS,MWH,VALID
2025-09-14 15:00:00,302.5776899910415,60.0,220.0,EMS,MWH,VALID
2025-09-14 16:00:00,356.9956385207859,80.0,220.0,EMS,MWH,VALID
2025-09-14 17:00:00,350.197394130111,80.0,220.0,EMS,MWH,VALID
2025-09-14 18:00:00,375.7075322908916,80.0,220.0,EMS,MWH,VALID
2025-09-14 19:00:00,366.7333906031637,80.0,220.0,EMS,MWH,VALID
2025-09-14 20:00:00,386.09512998824056,80.0,220.0,EMS,MWH,VALID
2025-09-14 21:00:00,324.269820224278,80.0,220.0,EMS,MWH,VALID
2025-09-14 22:00:00,281.16607824630546,80.0,220.0,EMS,MWH,VALID
2025-09-14 23:00:00,280.714406259959,80.0,220.0,EMS,MWH,VALID
2025-09-15 00:00:00,274.096643094446,80.0,220.0,EMS,MWH,VALID
2025-09-15 01:00:00,303.1168773512197,80.0,220.0,EMS,MWH,VALID
2025-09-15 02:00:00,266.04318214312093,80.0,220.0,EMS,MWH,VALID
2025-09-15 03:00:00,308.2304741293053,80.0,220.0,EMS,MWH,VALID
2025-09-15 04:00:00,305.4608379041436,80.0,220.0,EMS,MWH,VALID
2025-09-15 05:00:00,336.01366627138185,80.0,220.0,EMS,MWH,VALID
2025-09-15 06:00:00,334.30353449294995,80.0,220.0,EMS,MWH,VALID
2025-09-15 07:00:00,382.18115895329936,80.0,220.0,EMS,MWH,VALID
2025-09-15 08:00:00,389.126696032309,80.0,220.0,EMS,MWH,VALID
15/09/2025 09:00,383.3121834922065,80.0,220.0,EMS,MWH,VALID
2025-09-15 10:00:00,393.45593220699664,60.0,220.0,EMS,MWH,VALID
2025-09-15 11:00:00,384.76403556961,60.0,220.0,EMS,MWH,VALID
2025-09-15 12:00:00,329.6964932577218,60.0,220.0,EMS,MWH,VALID
2025-09-15 13:00:00,378.28667653812505,60.0,220.0,EMS,MWH,VALID
2025-09-15 14:00:00,384.837506177835,60.0,220.0,EMS,MWH,VALID
2025-09-15 15:00:00,402.2246597476154,60.0,220.0,EMS,MWH,VALID
2025-09-15 16:00:00,365.60582340090025,80.0,220.0,EMS,MWH,VALID
2025-09-15 17:00:00,445.8004024664036,80.0,220.0,EMS,MWH,VALID
2025-09-15 18:00:00,460.07131610621855,80.0,220.0,EMS,MWH,VALID
2025-09-15 19:00:00,462.84409083946935,80.0,220.0,EMS,MWH,VALID
2025-09-15 20:00:00,470.6195774901369,80.0,220.0,EMS,MWH,VALID
2025-09-15 21:00:00,399.6470838984026,80.0,220.0,EMS,MWH,VALID
2025-09-15 22:00:00,355.456611965636,80.0,220.0,EMS,MWH,VALID
2025-09-15 23:00:00,298.5132412139759,80.0,220.0,EMS,MWH,VALID
2025-09-16 00:00:00,268.3469217704002,80.0,220.0,EMS,MWH,VALID
2025-09-16 01:00:00,296.14125612240923,80.0,220.0,EMS,MWH,VALID
2025-09-16 02:00:00,323.05774839111865,80.0,220.0,EMS,MWH,VALID
2025-09-16 03:00:00,313.05018356047657,80.0,220.0,EMS,MWH,VALID
2025-09-16 04:00:00,319.18300868574283,80.0,220.0,EMS,MWH,VALID
2025-09-16 05:00:00,303.06304535358026,80.0,220.0,EMS,MWH,VALID
2025-09-16 06:00:00,360.3404839644851,80.0,220.0,EMS,MWH,VALID
2025-09-16 07:00:00,399.2995218850091,80.0,220.0,EMS,MWH,VALID
2025-09-16 08:00:00,408.1774106283477,80.0,220.0,EMS,MWH,VALID
2025-09-16 09:00:00,376.20210085033887,80.0,220.0,EMS,MWH,VALID
2025-09-16 10:00:00,412.03598949913936,60.0,220.0,EMS,MWH,VALID
2025-09-16 11:00:00,377.0001047457434,60.0,220.0,EMS,MWH,VALID
2025-09-16 12:00:00,344.5702769706017,60.0,220.0,EMS,MWH,VALID
2025-09-16 13:00:00,385.7497278729247,60.0,220.0,EMS,MWH,VALID
2025-09-16 14:00:00,361.1648878989174,60.0,220.0,EMS,MWH,VALID
2025-09-16 15:00:00,382.4215681293794,60.0,220.0,EMS,MWH,VALID
2025-09-16 16:00:00,385.3622386710739,80.0,220.0,EMS,MWH,VALID
2025-09-16 17:00:00,413.8426479370884,80.0,220.0,EMS,MWH,VALID
2025-09-16 18:00:00,468.83681714134775,80.0,220.0,EMS,MWH,VALID
2025-09-16 19:00:00,447.89879221474814,80.0,220.0,EMS,MWH,VALID
2025-09-16 20:00:00,469.39056521597314,80.0,220.0,EMS,MWH,VALID
2025-09-16 21:00:00,399.5128689958343,80.0,220.0,EMS,MWH,VALID
2025-09-16 22:00:00,355.2217175364008,80.0,220.0,EMS,MWH,VALID
2025-09-16 23:00:00,321.97266946170305,80.0,220.0,EMS,MWH,VALID
2025-09-17 00:00:00,301.2669959111507,80.0,220.0,EMS,MWH,VALID
2025-09-17 01:00:00,282.0146420261066,80.0,220.0,EMS,MWH,VALID
2025-09-17 02:00:00,294.14441055206,80.0,220.0,EMS,MWH,VALID
2025-09-17 03:00:00,326.48054923004867,80.0,220.0,EMS,MWH,VALID
2025-09-17 04:00:00,316.3341698471524,80.0,220.0,EMS,MWH,VALID
2025-09-17 05:00:00,316.5278129496192,80.0,220.0,EMS,MWH,VALID
2025-09-17 06:00:00,338.67593240644345,80.0,220.0,EMS,MWH,VALID
2025-09-17 07:00:00,361.28056545177645,80.0,220.0,EMS,MWH,VALID
2025-09-17 08:00:00,412.603017968559,80.0,220.0,EMS,MWH,VALID
2025-09-17 09:00:00,387.4996373904618,80.0,220.0,EMS,MWH,VALID
2025-09-17 10:00:00,398.471103775448,60.0,220.0,EMS,MWH,VALID
2025-09-17 11:00:00,372.2690879632128,60.0,220.0,EMS,MWH,VALID
2025-09-17 12:00:00,366.2640765375722,60.0,220.0,EMS,MWH,VALID
2025-09-17 13:00:00,358.0275682705536,60.0,220.0,EMS,MWH,VALID
2025-09-17 14:00:00,354.6921935776523,60.0,220.0,EMS,MWH,VALID
2025-09-17 15:00:00,362.07810273509807,60.0,220.0,EMS,MWH,VALID
2025-09-17 16:00:00,399.8638645764604,80.0,220.0,EMS,MWH,VALID
2025-09-17 17:00:00,412.4688169549124,80.0,220.0,EMS,MWH,VALID
2025-09-17 18:00:00,448.9824621816956,80.0,220.0,EMS,MWH,VALID
2025-09-17 19:00:00,454.26321912782936,80.0,220.0,EMS,MWH,VALID
2025-09-17 20:00:00,465.90104802475946,80.0,220.0,EMS,MWH,VALID
2025-09-17 21:00:00,372.3095670572027,80.0,220.0,EMS,MWH,VALID
2025-09-17 22:00:00,363.3049580336862,80.0,220.0,EMS,MWH,VALID
2025-09-17 23:00:00,351.67018117583376,80.0,220.0,EMS,MWH,VALID
2025-09-18 00:00:00,265.0906915664055,80.0,220.0,EMS,MWH,VALID
2025-09-18 01:00:00,301.37825622077503,80.0,220.0,EMS,MWH,VALID
2025-09-18 02:00:00,282.2787855890571,80.0,220.0,EMS,MWH,VALID
2025-09-18 03:00:00,308.994780163271,80.0,220.0,EMS,MWH,VALID
2025-09-18 04:00:00,287.5659356150903,80.0,220.0,EMS,MWH,VALID
2025-09-18 05:00:00,336.65280766136027,80.0,220.0,EMS,MWH,VALID
2025-09-18 06:00:00,343.4092229895685,80.0,220.0,EMS,MWH,VALID
2025-09-18 07:00:00,365.4124120251014,80.0,220.0,EMS,MWH,VALID
2025-09-18 08:00:00,400.9035119655285,80.0,220.0,EMS,MWH,VALID
2025-09-18 09:00:00,390.0847560116511,80.0,220.0,EMS,MWH,VALID
2025-09-18 10:00:00,352.1639913261524,60.0,220.0,EMS,MWH,VALID
2025-09-18 11:00:00,352.44577261943346,60.0,220.0,EMS,MWH,VALID
2025-09-18 12:00:00,382.7908647167799,60.0,220.0,EMS,MWH,VALID
2025-09-18 13:00:00,358.10956933989587,60.0,220.0,EMS,MWH,VALID
2025-09-18 14:00:00,372.0076199027255,60.0,220.0,EMS,MWH,VALID
2025-09-18 15:00:00,358.4292024353359,60.0,220.0,EMS,MWH,VALID
2025-09-18 16:00:00,400.5465580801721,80.0,220.0,EMS,MWH,VALID
2025-09-18 17:00:00,427.166098780893,80.0,220.0,EMS,MWH,VALID
2025-09-18 18:00:00,474.879166629703,80.0,220.0,EMS,MWH,VALID
2025-09-18 19:00:00,466.7550154933591,80.0,220.0,EMS,MWH,VALID
2025-09-18 20:00:00,440.4942528801538,80.0,220.0,EMS,MWH,VALID
2025-09-18 21:00:00,396.0614486884272,80.0,220.0,EMS,MWH,VALID
2025-09-18 22:00:00,351.71648817199645,80.0,220.0,EMS,MWH,VALID
2025-09-18 23:00:00,328.25010168231626,80.0,220.0,EMS,MWH,VALID
2025-09-19 00:00:00,300.26412488837855,80.0,220.0,EMS,MWH,VALID
2025-09-19 01:00:00,277.1290302436993,80.0,220.0,EMS,MWH,VALID
2025-09-19 02:00:00,314.13772278040454,80.0,220.0,EMS,MWH,VALID
2025-09-19 03:00:00,281.4944635948201,80.0,220.0,EMS,MWH,VALID
2025-09-19 04:00:00,301.75525477380535,80.0,220.0,EMS,MWH,VALID
2025-09-19 05:00:00,320.829191475748,80.0,220.0,EMS,MWH,VALID
2025-09-19 06:00:00,348.70094764958594,80.0,220.0,EMS,MWH,VALID
2025-09-19 07:00:00,383.8605508960258,80.0,220.0,EMS,MWH,VALID
2025-09-19 08:00:00,388.6741545022219,80.0,220.0,EMS,MWH,VALID
2025-09-19 09:00:00,401.60329161889786,80.0,220.0,EMS,MWH,VALID
2025-09-19 10:00:00,380.3928669768876,60.0,220.0,EMS,MWH,VALID
2025-09-19 11:00:00,390.9597686930765,60.0,220.0,EMS,MWH,VALID
2025-09-19 12:00:00,359.4666016232773,60.0,220.0,EMS,MWH,VALID
2025-09-19 13:00:00,382.8232815342487,60.0,220.0,EMS,MWH,VALID
2025-09-19 14:00:00,367.3824749513238,60.0,220.0,EMS,MWH,VALID
2025-09-19 15:00:00,366.6801447348955,60.0,220.0,EMS,MWH,VALID
2025-09-19 16:00:00,413.4353253918759,80.0,220.0,EMS,MWH,VALID
2025-09-19 17:00:00,449.5718841677236,80.0,220.0,EMS,MWH,VALID
2025-09-19 18:00:00,449.7547346274801,80.0,220.0,EMS,MWH,VALID
2025-09-19 19:00:00,468.1174576688376,80.0,220.0,EMS,MWH,VALID
2025-09-19 20:00:00,453.7235134375264,80.0,220.0,EMS,MWH,VALID
2025-09-19 21:00:00,401.3627351911457,80.0,220.0,EMS,MWH,VALID
2025-09-19 22:00:00,349.20806354278704,80.0,220.0,EMS,MWH,VALID
2025-09-19 23:00:00,315.4576602311856,80.0,220.0,EMS,MWH,VALID
2025-09-20 00:00:00,261.8333987519092,80.0,220.0,EMS,MWH,VALID
2025-09-20 01:00:00,260.4545949785536,80.0,220.0,EMS,MWH,VALID
2025-09-20 02:00:00,235.21205567263175,80.0,220.0,EMS,MWH,VALID
2025-09-20 03:00:00,240.1842086496165,80.0,220.0,EMS,MWH,VALID
2025-09-20 04:00:00,241.67054430195637,80.0,220.0,EMS,MWH,VALID
2025-09-20 05:00:00,285.86226223490667,80.0,220.0,EMS,MWH,VALID
2025-09-20 06:00:00,283.2708248866501,80.0,220.0,EMS,MWH,VALID
2025-09-20 07:00:00,318.48189819550385,80.0,220.0,EMS,MWH,VALID
2025-09-20 08:00:00,345.06546209443866,80.0,220.0,EMS,MWH,VALID
2025-09-20 09:00:00,300.56578451509364,80.0,220.0,EMS,MWH,VALID
2025-09-20 10:00:00,265.5118861465952,60.0,220.0,EMS,MWH,VALID
2025-09-20 11:00:00,280.3873240213782,60.0,220.0,EMS,MWH,VALID
2025-09-20 12:00:00,283.4611751969184,60.0,220.0,EMS,MWH,VALID
2025-09-20 13:00:00,245.21731608862817,60.0,220.0,EMS,MWH,VALID
2025-09-20 14:00:00,239.5492608350468,60.0,220.0,EMS,MWH,VALID
2025-09-20 15:00:00,328.9244369920657,60.0,220.0,EMS,MWH,VALID
2025-09-20 16:00:00,312.8376367358514,80.0,220.0,EMS,MWH,VALID
2025-09-20 17:00:00,330.07991107278855,80.0,220.0,EMS,MWH,VALID
2025-09-20 18:00:00,352.6922892936745,80.0,220.0,EMS,MWH,VALID
2025-09-20 19:00:00,386.5259933455318,80.0,220.0,EMS,MWH,VALID
2025-09-20 20:00:00,367.75488657444976,80.0,220.0,EMS,MWH,VALID
2025-09-20 21:00:00,335.5243458298017,80.0,220.0,EMS,MWH,VALID
2025-09-20 22:00:00,287.5167314167968,80.0,220.0,EMS,MWH,VALID
2025-09-20 23:00:00,291.75354755378964,80.0,220.0,EMS,MWH,VALID
2025-09-21 00:00:00,242.21053432411892,80.0,220.0,EMS,MWH,VALID
2025-09-21 01:00:00,237.32850615596905,80.0,220.0,EMS,MWH,VALID
2025-09-21 02:00:00,224.77942806780183,80.0,220.0,EMS,MWH,VALID
2025-09-21 03:00:00,222.83322971461408,80.0,220.0,EMS,MWH,VALID
2025-09-21 04:00:00,279.59909659285296,80.0,220.0,EMS,MWH,VALID
2025-09-21 05:00:00,243.38494178687048,80.0,220.0,EMS,MWH,VALID
2025-09-21 06:00:00,271.3048533045434,80.0,220.0,EMS,MWH,VALID
2025-09-21 07:00:00,313.0881203163629,80.0,220.0,EMS,MWH,VALID
2025-09-21 08:00:00,350.9918599976804,80.0,220.0,EMS,MWH,VALID
2025-09-21 09:00:00,312.8910191411245,80.0,220.0,EMS,MWH,VALID
2025-09-21 10:00:00,284.7644800532624,60.0,220.0,EMS,MWH,VALID
2025-09-21 11:00:00,308.9744497799214,60.0,220.0,EMS,MWH,VALID
2025-09-21 12:00:00,300.54300194375213,60.0,220.0,EMS,MWH,VALID
2025-09-21 13:00:00,282.3854448043829,60.0,220.0,EMS,MWH,VALID
2025-09-21 14:00:00,271.1588828304889,60.0,220.0,EMS,MWH,VALID
2025-09-21 15:00:00,337.72090974542806,60.0,220.0,EMS,MWH,VALID
2025-09-21 16:00:00,329.5596590025853,80.0,220.0,EMS,MWH,VALID
2025-09-21 17:00:00,353.5591862141636,80.0,220.0,EMS,MWH,VALID
2025-09-21 18:00:00,355.3347887536889,80.0,220.0,EMS,MWH,VALID
2025-09-21 19:00:00,386.1503476103711,80.0,220.0,EMS,MWH,VALID
2025-09-21 20:00:00,351.0561945617816,80.0,220.0,EMS,MWH,VALID
2025-09-21 21:00:00,324.55124000734503,80.0,220.0,EMS,MWH,VALID
2025-09-21 22:00:00,294.37488428178614,80.0,220.0,EMS,MWH,VALID
2025-09-21 23:00:00,271.15959572482666,80.0,220.0,EMS,MWH,VALID
2025-09-22 00:00:00,295.46466730723694,80.0,220.0,EMS,MWH,VALID
2025-09-22 01:00:00,278.5109153976365,80.0,220.0,EMS,MWH,VALID
2025-09-22 02:00:00,278.9187260528157,80.0,220.0,EMS,MWH,VALID
2025-09-22 03:00:00,279.7853655039981,80.0,220.0,EMS,MWH,VALID
2025-09-22 04:00:00,312.04191641560345,80.0,220.0,EMS,MWH,VALID
2025-09-22 05:00:00,319.1406690520878,80.0,220.0,EMS,MWH,VALID
2025-09-22 06:00:00,354.4980165533764,80.0,220.0,EMS,MWH,VALID
2025-09-22 07:00:00,365.67467143115306,80.0,220.0,EMS,MWH,VALID
2025-09-22 08:00:00,391.5791539733456,80.0,220.0,EMS,MWH,VALID
2025-09-22 09:00:00,416.9296362076578,80.0,220.0,EMS,MWH,VALID
2025-09-22 10:00:00,379.5663573963808,60.0,220.0,EMS,MWH,VALID
2025-09-22 11:00:00,392.26224802854784,60.0,220.0,EMS,MWH,VALID
2025-09-22 12:00:00,371.40182389678296,60.0,220.0,EMS,MWH,VALID
2025-09-22 13:00:00,353.67694739610835,60.0,220.0,EMS,MWH,VALID
2025-09-22 14:00:00,378.46687662202703,60.0,220.0,EMS,MWH,VALID
2025-09-22 15:00:00,374.5665990447339,60.0,220.0,EMS,MWH,VALID
2025-09-22 16:00:00,376.0900377881613,80.0,220.0,EMS,MWH,VALID
2025-09-22 17:00:00,424.5043417000759,80.0,220.0,EMS,MWH,VALID
2025-09-22 18:00:00,455.51418230772015,80.0,220.0,EMS,MWH,VALID
2025-09-22 19:00:00,453.6201094484258,80.0,220.0,EMS,MWH,VALID
2025-09-22 20:00:00,434.9517005007012,80.0,220.0,EMS,MWH,VALID
2025-09-22 21:00:00,372.40357676483256,80.0,220.0,EMS,MWH,VALID
2025-09-22 22:00:00,354.90817288401263,80.0,220.0,EMS,MWH,VALID
2025-09-22 23:00:00,314.0471446606569,80.0,220.0,EMS,MWH,VALID
2025-09-23 00:00:00,285.3854702496031,80.0,220.0,EMS,MWH,VALID
2025-09-23 01:00:00,303.3579292318353,80.0,220.0,EMS,MWH,VALID
2025-09-23 02:00:00,334.38530202444,80.0,220.0,EMS,MWH,VALID
2025-09-23 03:00:00,290.20467409732845,80.0,220.0,EMS,MWH,VALID
2025-09-23 04:00:00,309.1289015929721,80.0,220.0,EMS,MWH,VALID
2025-09-23 05:00:00,336.21263507272096,80.0,220.0,EMS,MWH,VALID
2025-09-23 06:00:00,355.93479100520096,80.0,220.0,EMS,MWH,VALID
2025-09-23 07:00:00,382.0159660076637,80.0,220.0,EMS,MWH,VALID
2025-09-23 08:00:00,406.1908078997057,80.0,220.0,EMS,MWH,VALID
2025-09-23 09:00:00,403.28668517677977,80.0,220.0,EMS,MWH,VALID
2025-09-23 10:00:00,376.57994806614704,60.0,220.0,EMS,MWH,VALID
2025-09-23 11:00:00,379.827553533628,60.0,220.0,EMS,MWH,VALID
2025-09-23 12:00:00,363.5479742419491,60.0,220.0,EMS,MWH,VALID
2025-09-23 13:00:00,359.5477435253332,60.0,220.0,EMS,MWH,VALID
2025-09-23 14:00:00,358.2140201055398,60.0,220.0,EMS,MWH,VALID
2025-09-23 15:00:00,378.8947630447663,60.0,220.0,EMS,MWH,VALID
2025-09-23 17:00:00,443.2826525231021,80.0,220.0,EMS,MWH,VALID
2025-09-23 18:00:00,443.0246791980714,80.0,220.0,EMS,MWH,VALID
2025-09-23 19:00:00,466.83572344779367,80.0,220.0,EMS,MWH,VALID
2025-09-23 20:00:00,472.390105544897,80.0,220.0,EMS,MWH,VALID
2025-09-23 21:00:00,396.7093157348065,80.0,220.0,EMS,MWH,VALID
2025-09-23 22:00:00,335.0001846498472,80.0,220.0,EMS,MWH,VALID
2025-09-23 23:00:00,330.4599397212477,80.0,220.0,EMS,MWH,VALID
2025-09-24 00:00:00,277.21729115280937,80.0,220.0,EMS,MWH,VALID
2025-09-24 01:00:00,315.5220339402027,80.0,220.0,EMS,MWH,VALID
2025-09-24 02:00:00,290.26248850454215,80.0,220.0,EMS,MWH,VALID
2025-09-24 03:00:00,293.3212129766882,80.0,220.0,EMS,MWH,VALID
2025-09-24 04:00:00,301.0242034302693,80.0,220.0,EMS,MWH,VALID
2025-09-24 05:00:00,315.1298762084384,80.0,220.0,EMS,MWH,VALID
2025-09-24 06:00:00,347.22901318071035,80.0,220.0,EMS,MWH,VALID
2025-09-24 07:00:00,376.8034789093224,80.0,220.0,EMS,MWH,VALID
2025-09-24 08:00:00,398.7626842659721,80.0,220.0,EMS,MWH,VALID
2025-09-24 09:00:00,404.28661285264513,80.0,220.0,EMS,MWH,VALID
2025-09-24 10:00:00,380.1704448457919,60.0,220.0,EMS,MWH,VALID
2025-09-24 11:00:00,411.4139218270547,60.0,220.0,EMS,MWH,VALID
2025-09-24 12:00:00,363.78546107155626,60.0,220.0,EMS,MWH,VALID
2025-09-24 13:00:00,372.32840886910407,60.0,220.0,EMS,MWH,VALID
2025-09-24 14:00:00,350.9830287587515,60.0,220.0,EMS,MWH,VALID
2025-09-24 15:00:00,367.9803151833829,60.0,220.0,EMS,MWH,VALID
2025-09-24 16:00:00,385.1443555379111,80.0,220.0,EMS,MWH,VALID
2025-09-24 17:00:00,449.8935223074585,80.0,220.0,EMS,MWH,VALID
2025-09-24 18:00:00,459.40516702642526,80.0,220.0,EMS,MWH,VALID
2025-09-24 19:00:00,456.0014002882521,80.0,220.0,EMS,MWH,VALID
2025-09-24 20:00:00,419.2416231822,80.0,220.0,EMS,MWH,VALID
2025-09-24 21:00:00,407.0523475003537,80.0,220.0,EMS,MWH,VALID
2025-09-24 22:00:00,359.65387488721785,80.0,220.0,EMS,MWH,VALID
2025-09-24 23:00:00,336.8447952522939,80.0,220.0,EMS,MWH,VALID
2025-09-25 00:00:00,288.4850268534809,80.0,220.0,EMS,MWH,VALID
2025-09-25 01:00:00,297.44080646657386,80.0,220.0,EMS,MWH,VALID
2025-09-25 02:00:00,304.2421932159612,80.0,220.0,EMS,MWH,VALID
2025-09-25 03:00:00,282.583966102446,80.0,220.0,EMS,MWH,VALID
2025-09-25 04:00:00,320.3320684000664,80.0,220.0,EMS,MWH,VALID
2025-09-25 05:00:00,298.29788490334147,80.0,220.0,EMS,MWH,VALID
2025-09-25 06:00:00,357.1220133507049,80.0,220.0,EMS,MWH,VALID
2025-09-25 07:00:00,374.50847252457424,80.0,220.0,EMS,MWH,VALID
2025-09-25 08:00:00,396.1431920147998,80.0,220.0,EMS,MWH,VALID
2025-09-25 09:00:00,409.2902256343824,80.0,220.0,EMS,MWH,VALID
2025-09-25 10:00:00,402.2491718687944,60.0,220.0,EMS,MWH,VALID
2025-09-25 11:00:00,373.2392866460582,60.0,220.0,EMS,MWH,VALID
2025-09-25 12:00:00,358.1930803416413,60.0,220.0,EMS,MWH,VALID
2025-09-25 13:00:00,350.18803141241574,60.0,220.0,EMS,MWH,VALID
2025-09-25 14:00:00,341.76122986224993,60.0,220.0,EMS,MWH,VALID
2025-09-25 15:00:00,361.5550905982733,60.0,220.0,EMS,MWH,VALID
2025-09-25 16:00:00,398.9959713067975,80.0,220.0,EMS,MWH,VALID
2025-09-25 17:00:00,429.2978272631928,80.0,220.0,EMS,MWH,VALID
2025-09-25 18:00:00,451.3223199200961,80.0,220.0,EMS,MWH,VALID
2025-09-25 19:00:00,459.6754791527009,80.0,220.0,EMS,MWH,VALID
2025-09-25 20:00:00,457.1495128925226,80.0,220.0,EMS,MWH,VALID
2025-09-25 21:00:00,407.5117344485459,80.0,220.0,EMS,MWH,VALID
2025-09-25 22:00:00,357.94498250598303,80.0,220.0,EMS,MWH,VALID
2025-09-25 23:00:00,302.54606242430003,80.0,220.0,EMS,MWH,VALID
2025-09-26 00:00:00,288.7104587397543,80.0,220.0,EMS,MWH,VALID
2025-09-26 01:00:00,312.8676298965888,80.0,220.0,EMS,MWH,VALID
2025-09-26 02:00:00,299.1176438478149,80.0,220.0,EMS,MWH,VALID
2025-09-26 03:00:00,268.8815000413188,80.0,220.0,EMS,MWH,VALID
2025-09-26 04:00:00,305.19959286814657,80.0,220.0,EMS,MWH,VALID
2025-09-26 05:00:00,332.38376219411845,80.0,220.0,EMS,MWH,VALID
2025-09-26 06:00:00,344.3149068729839,80.0,220.0,EMS,MWH,VALID
2025-09-26 07:00:00,385.7147633977338,80.0,220.0,EMS,MWH,VALID
2025-09-26 08:00:00,432.37035527525575,80.0,220.0,EMS,MWH,VALID
2025-09-26 09:00:00,376.7212253580708,80.0,220.0,EMS,MWH,VALID
2025-09-26 10:00:00,365.3166537014504,60.0,220.0,EMS,MWH,VALID
2025-09-26 11:00:00,358.86916766585665,60.0,220.0,EMS,MWH,VALID
2025-09-26 12:00:00,341.8826773816751,60.0,220.0,EMS,MWH,VALID
2025-09-26 13:00:00,365.1056357791732,60.0,220.0,EMS,MWH,VALID
2025-09-26 14:00:00,365.6416823491661,60.0,220.0,EMS,MWH,VALID
2025-09-26 15:00:00,368.8418234608431,60.0,220.0,EMS,MWH,VALID
2025-09-26 16:00:00,388.3848650434575,80.0,220.0,EMS,MWH,VALID
2025-09-26 17:00:00,423.8136437068631,80.0,220.0,EMS,MWH,VALID
2025-09-26 18:00:00,453.90362306832486,80.0,220.0,EMS,MWH,VALID
2025-09-26 19:00:00,451.46611382842553,80.0,220.0,EMS,MWH,VALID
2025-09-26 20:00:00,442.6748589422682,80.0,220.0,EMS,MWH,VALID
2025-09-26 21:00:00,414.3359697017869,80.0,220.0,EMS,MWH,VALID
2025-09-26 22:00:00,358.5104362331677,80.0,220.0,EMS,MWH,VALID
2025-09-26 23:00:00,307.372211969508,80.0,220.0,EMS,MWH,VALID
2025-09-27 00:00:00,239.8419475761809,80.0,220.0,EMS,MWH,VALID
2025-09-27 01:00:00,212.3290624852108,80.0,220.0,EMS,MWH,VALID
2025-09-27 02:00:00,208.6240540439055,80.0,220.0,EMS,MWH,VALID
2025-09-27 03:00:00,239.74362181400852,80.0,220.0,EMS,MWH,VALID
2025-09-27 04:00:00,257.86400606186663,80.0,220.0,EMS,MWH,VALID
2025-09-27 05:00:00,273.2974986816522,80.0,220.0,EMS,MWH,VALID
2025-09-27 06:00:00,244.8021874512373,80.0,220.0,EMS,MWH,VALID
2025-09-27 07:00:00,347.79598334030965,80.0,220.0,EMS,MWH,VALID
2025-09-27 08:00:00,323.0061192545272,80.0,220.0,EMS,MWH,VALID
2025-09-27 09:00:00,327.2166580316149,80.0,220.0,EMS,MWH,VALID
2025-09-27 10:00:00,310.6320955123268,60.0,220.0,EMS,MWH,VALID
2025-09-27 11:00:00,311.55162924997614,60.0,220.0,EMS,MWH,VALID
2025-09-27 12:00:00,257.45133090074995,60.0,220.0,EMS,MWH,VALID
2025-09-27 13:00:00,272.3954196393459,60.0,220.0,EMS,MWH,VALID
2025-09-27 14:00:00,327.5545580252545,60.0,220.0,EMS,MWH,VALID
2025-09-27 15:00:00,305.53820484113004,60.0,220.0,EMS,MWH,VALID
2025-09-27 16:00:00,309.15488454192223,80.0,220.0,EMS,MWH,VALID
2025-09-27 17:00:00,348.3525463939836,80.0,220.0,EMS,MWH,VALID
2025-09-27 18:00:00,397.9775285580485,80.0,220.0,EMS,MWH,VALID
2025-09-27 19:00:00,396.8494699988064,80.0,220.0,EMS,MWH,VALID
2025-09-27 20:00:00,374.3857657094081,80.0,220.0,EMS,MWH,VALID
2025-09-27 21:00:00,311.020514345689,80.0,220.0,EMS,MWH,VALID
2025-09-27 22:00:00,278.5924108019966,80.0,220.0,EMS,MWH,VALID
2025-09-27 23:00:00,264.9318501914784,80.0,220.0,EMS,MWH,VALID
2025-09-28 00:00:00,247.53090353394688,80.0,220.0,EMS,MWH,VALID
2025-09-28 01:00:00,265.3757465159555,80.0,220.0,EMS,MWH,VALID
2025-09-28 02:00:00,232.04129146465664,80.0,220.0,EMS,MWH,VALID
2025-09-28 03:00:00,246.8798535159061,80.0,220.0,EMS,MWH,VALID
2025-09-28 04:00:00,259.2953999144863,80.0,220.0,EMS,MWH,VALID
2025-09-28 05:00:00,265.47656551965537,80.0,220.0,EMS,MWH,VALID
2025-09-28 06:00:00,301.4215328640396,80.0,220.0,EMS,MWH,VALID
2025-09-28 07:00:00,350.18978312693764,80.0,220.0,EMS,MWH,VALID
2025-09-28 08:00:00,338.6868899481699,80.0,220.0,EMS,MWH,VALID
2025-09-28 09:00:00,299.60342632483884,80.0,220.0,EMS,MWH,VALID
2025-09-28 10:00:00,325.53441197703125,60.0,220.0,EMS,MWH,VALID
2025-09-28 11:00:00,316.9816513405048,60.0,220.0,EMS,MWH,VALID
2025-09-28 12:00:00,246.58248142698685,60.0,220.0,EMS,MWH,VALID
2025-09-28 13:00:00,297.11248570777303,60.0,220.0,EMS,MWH,VALID
2025-09-28 14:00:00,282.4881088897204,60.0,220.0,EMS,MWH,VALID
2025-09-28 15:00:00,285.29764033501004,60.0,220.0,EMS,MWH,VALID
2025-09-28 16:00:00,337.29312175594663,80.0,220.0,EMS,MWH,VALID
2025-09-28 17:00:00,342.20138489529523,80.0,220.0,EMS,MWH,VALID
2025-09-28 18:00:00,379.4130247959291,80.0,220.0,EMS,MWH,VALID
2025-09-28 19:00:00,366.9500362448384,80.0,220.0,EMS,MWH,VALID
2025-09-28 20:00:00,337.05422284950487,80.0,220.0,EMS,MWH,VALID
2025-09-28 21:00:00,335.95923279343225,80.0,220.0,EMS,MWH,VALID
2025-09-28 22:00:00,269.5025211200933,80.0,220.0,EMS,MWH,VALID
2025-09-28 23:00:00,245.8695173966636,80.0,220.0,EMS,MWH,VALID
2025-09-29 00:00:00,289.10554227251305,80.0,220.0,EMS,MWH,VALID
2025-09-29 01:00:00,284.9427194963527,80.0,220.0,EMS,MWH,VALID
2025-09-29 02:00:00,261.70901846186786,80.0,220.0,EMS,MWH,VALID
2025-09-29 03:00:00,290.09580496918227,80.0,220.0,EMS,MWH,VALID
2025-09-29 04:00:00,296.1810861321364,80.0,220.0,EMS,MWH,VALID
2025-09-29 05:00:00,330.842590191208,80.0,220.0,EMS,MWH,VALID
2025-09-29 06:00:00,368.9110969187536,80.0,220.0,EMS,MWH,VALID
2025-09-29 07:00:00,391.1860164207071,80.0,220.0,EMS,MWH,VALID
2025-09-29 08:00:00,386.0234828457668,80.0,220.0,EMS,MWH,VALID
2025-09-29 09:00:00,406.1165171122718,80.0,220.0,EMS,MWH,VALID
2025-09-29 10:00:00,393.1535795494521,60.0,220.0,EMS,MWH,VALID
2025-09-29 11:00:00,364.4513158332079,60.0,220.0,EMS,MWH,VALID
2025-09-29 12:00:00,351.8491137129543,60.0,220.0,EMS,MWH,VALID
2025-09-29 13:00:00,338.3376986355556,60.0,220.0,EMS,MWH,VALID
2025-09-29 14:00:00,342.66167158496705,60.0,220.0,EMS,MWH,VALID
2025-09-29 15:00:00,370.0053730411766,60.0,220.0,EMS,MWH,VALID
2025-09-29 16:00:00,398.3562677365141,80.0,220.0,EMS,MWH,VALID
2025-09-29 17:00:00,424.80955064405,80.0,220.0,EMS,MWH,VALID
2025-09-29 18:00:00,465.2415798496267,80.0,220.0,EMS,MWH,VALID
2025-09-29 19:00:00,453.7114599157357,80.0,220.0,EMS,MWH,VALID
2025-09-29 20:00:00,427.951024135432,80.0,220.0,EMS,MWH,VALID
2025-09-29 21:00:00,398.5292919875474,80.0,220.0,EMS,MWH,VALID
2025-09-29 22:00:00,362.17847236807535,80.0,220.0,EMS,MWH,VALID
2025-09-29 23:00:00,312.31706827123486,80.0,220.0,EMS,MWH,VALID
2025-09-30 00:00:00,272.89435638773875,80.0,220.0,EMS,MWH,VALID
2025-09-30 01:00:00,308.4239500148003,80.0,220.0,EMS,MWH,VALID
2025-09-30 02:00:00,284.59954462287703,80.0,220.0,EMS,MWH,VALID
2025-09-30 03:00:00,310.78272234155696,80.0,220.0,EMS,MWH,VALID
2025-09-30 04:00:00,311.68530934947506,80.0,220.0,EMS,MWH,VALID
2025-09-30 05:00:00,313.9968699826937,80.0,220.0,EMS,MWH,VALID
2025-09-30 06:00:00,339.2493333421864,80.0,220.0,EMS,MWH,VALID
2025-09-30 07:00:00,379.4274401043316,80.0,220.0,EMS,MWH,VALID
2025-09-30 08:00:00,363.8966931679381,80.0,220.0,EMS,MWH,VALID
2025-09-30 09:00:00,420.97603777623726,80.0,220.0,EMS,MWH,VALID
2025-09-30 10:00:00,384.5305160509324,60.0,220.0,EMS,MWH,VALID
2025-09-30 11:00:00,378.3409326487922,60.0,220.0,EMS,MWH,VALID
2025-09-30 12:00:00,340.6811508396304,60.0,220.0,EMS,MWH,VALID
2025-09-30 13:00:00,381.3486393287373,60.0,220.0,EMS,MWH,VALID
2025-09-30 14:00:00,352.48576270578627,60.0,220.0,EMS,MWH,VALID
2025-09-30 15:00:00,365.4582124611544,60.0,220.0,EMS,MWH,VALID
2025-09-30 16:00:00,388.9758048158323,80.0,220.0,EMS,MWH,VALID
2025-09-30 17:00:00,408.4133040653856,80.0,220.0,EMS,MWH,VALID
2025-09-30 18:00:00,442.949931714573,80.0,220.0,EMS,MWH,VALID
2025-09-30 19:00:00,477.03313620941327,80.0,220.0,EMS,MWH,VALID
2025-09-30 20:00:00,452.0143464717306,80.0,220.0,EMS,MWH,VALID
2025-09-30 21:00:00,399.9080147993694,80.0,220.0,EMS,MWH,VALID
2025-09-30 22:00:00,336.36876977308407,80.0,220.0,EMS,MWH,VALID
2025-09-30 23:00:00,312.01394411443465,80.0,220.0,EMS,MWH,VALID
2025-10-01 00:00:00,294.407569599993,80.0,220.0,EMS,MWH,VALID
2025-10-01 01:00:00,295.4448350115743,80.0,220.0,EMS,MWH,VALID
2025-10-01 02:00:00,303.1690742372074,80.0,220.0,EMS,MWH,VALID
2025-10-01 03:00:00,277.653536941503,80.0,220.0,EMS,MWH,VALID
2025-10-01 04:00:00,304.32402897984707,80.0,220.0,EMS,MWH,VALID
2025-10-01 05:00:00,340.69007406901267,80.0,220.0,EMS,MWH,VALID
2025-10-01 06:00:00,350.5806419828588,80.0,220.0,EMS,MWH,VALID
2025-10-01 07:00:00,391.89253149576206,80.0,220.0,EMS,MWH,VALID
2025-10-01 08:00:00,384.5851747199912,80.0,220.0,EMS,MWH,VALID
2025-10-01 09:00:00,406.8643014219843,80.0,220.0,EMS,MWH,VALID
2025-10-01 10:00:00,379.86862390559367,60.0,220.0,EMS,MWH,VALID
2025-10-01 11:00:00,340.1064818025737,60.0,220.0,EMS,MWH,VALID
2025-10-01 12:00:00,396.16373272696114,60.0,220.0,EMS,MWH,VALID
2025-10-01 13:00:00,363.53425257611696,60.0,220.0,EMS,MWH,VALID
2025-10-01 14:00:00,380.0878796557591,60.0,220.0,EMS,MWH,VALID
2025-10-01 15:00:00,380.2231087906492,60.0,220.0,EMS,MWH,VALID
2025-10-01 16:00:00,372.39228445011855,80.0,220.0,EMS,MWH,VALID
2025-10-01 17:00:00,414.609145128492,80.0,220.0,EMS,MWH,VALID
2025-10-01 18:00:00,452.3244629890394,80.0,220.0,EMS,MWH,VALID
2025-10-01 19:00:00,503.42999119293097,80.0,220.0,EMS,MWH,VALID
2025-10-01 20:00:00,444.0914059838967,80.0,220.0,EMS,MWH,VALID
2025-10-01 21:00:00,379.0247761937016,80.0,220.0,EMS,MWH,VALID
2025-10-01 22:00:00,337.4718806719985,80.0,220.0,EMS,MWH,VALID
2025-10-01 23:00:00,338.6401310346352,80.0,220.0,EMS,MWH,VALID
2025-10-02 00:00:00,285.5867915854557,80.0,220.0,EMS,MWH,VALID
2025-10-02 01:00:00,281.48402660553086,80.0,220.0,EMS,MWH,VALID
2025-10-02 02:00:00,292.7512650240077,80.0,220.0,EMS,MWH,VALID
2025-10-02 03:00:00,329.0196924222008,80.0,220.0,EMS,MWH,VALID
2025-10-02 04:00:00,304.53757395863806,80.0,220.0,EMS,MWH,VALID
2025-10-02 05:00:00,336.4490034716288,80.0,220.0,EMS,MWH,VALID
2025-10-02 06:00:00,355.34207323394946,80.0,220.0,EMS,MWH,VALID
2025-10-02 07:00:00,370.8865202727272,80.0,220.0,EMS,MWH,VALID
2025-10-02 08:00:00,394.23371268515154,80.0,220.0,EMS,MWH,VALID
2025-10-02 09:00:00,406.6244327552617,80.0,220.0,EMS,MWH,VALID
2025-10-02 10:00:00,342.5488431141713,60.0,220.0,EMS,MWH,VALID
2025-10-02 11:00:00,354.1608214456215,60.0,220.0,EMS,MWH,VALID
2025-10-02 12:00:00,345.3936330299701,60.0,220.0,EMS,MWH,VALID
2025-10-02 13:00:00,365.5299894225881,60.0,220.0,EMS,MWH,VALID
2025-10-02 14:00:00,350.2660656483141,60.0,220.0,EMS,MWH,VALID
2025-10-02 15:00:00,360.6474544577525,60.0,220.0,EMS,MWH,VALID
2025-10-02 16:00:00,391.6309832257275,80.0,220.0,EMS,MWH,VALID
2025-10-02 17:00:00,393.83051856208425,80.0,220.0,EMS,MWH,VALID
2025-10-02 18:00:00,426.4901682543745,80.0,220.0,EMS,MWH,VALID
2025-10-02 19:00:00,472.2664983594301,80.0,220.0,EMS,MWH,VALID
2025-10-02 20:00:00,431.0140080783403,80.0,220.0,EMS,MWH,VALID
2025-10-02 21:00:00,371.8454665032376,80.0,220.0,EMS,MWH,VALID
2025-10-02 22:00:00,355.9096013124605,80.0,220.0,EMS,MWH,VALID
2025-10-02 23:00:00,314.39757916692736,80.0,220.0,EMS,MWH,VALID
2025-10-03 00:00:00,308.62436830792944,80.0,220.0,EMS,MWH,VALID
2025-10-03 01:00:00,295.7766529934511,80.0,220.0,EMS,MWH,VALID
2025-10-03 02:00:00,274.1708737261637,80.0,220.0,EMS,MWH,VALID
2025-10-03 03:00:00,286.20205146601273,80.0,220.0,EMS,MWH,VALID
2025-10-03 04:00:00,308.94528389891826,80.0,220.0,EMS,MWH,VALID
2025-10-03 05:00:00,328.353308509406,80.0,220.0,EMS,MWH,VALID
2025-10-03 06:00:00,360.944970378654,80.0,220.0,EMS,MWH,VALID
2025-10-03 07:00:00,368.8439348702384,80.0,220.0,EMS,MWH,VALID
2025-10-03 08:00:00,408.1918448485616,80.0,220.0,EMS,MWH,VALID
2025-10-03 09:00:00,427.7998484237175,80.0,220.0,EMS,MWH,VALID
2025-10-03 10:00:00,395.5384463449,60.0,220.0,EMS,MWH,VALID
2025-10-03 11:00:00,375.9013651629055,60.0,220.0,EMS,MWH,VALID
2025-10-03 12:00:00,354.10838993586475,60.0,220.0,EMS,MWH,VALID
2025-10-03 13:00:00,370.201807679811,60.0,220.0,EMS,MWH,VALID
2025-10-03 14:00:00,338.43314701973844,60.0,220.0,EMS,MWH,VALID
2025-10-03 15:00:00,370.1818790181052,60.0,220.0,EMS,MWH,VALID
2025-10-03 16:00:00,375.0354385901425,80.0,220.0,EMS,MWH,VALID
2025-10-03 17:00:00,412.6140571000184,80.0,220.0,EMS,MWH,VALID
2025-10-03 18:00:00,461.7233207343571,80.0,220.0,EMS,MWH,VALID
2025-10-03 19:00:00,427.1683777099455,80.0,220.0,EMS,MWH,VALID
2025-10-03 20:00:00,419.6504036475568,80.0,220.0,EMS,MWH,VALID
2025-10-03 21:00:00,386.3595870443544,80.0,220.0,EMS,MWH,VALID
2025-10-03 22:00:00,313.7596336211775,80.0,220.0,EMS,MWH,VALID
2025-10-03 23:00:00,320.0395488582907,80.0,220.0,EMS,MWH,VALID
2025-10-04 00:00:00,230.0914637316561,80.0,220.0,EMS,MWH,VALID
2025-10-04 01:00:00,247.96514550001072,80.0,220.0,EMS,MWH,VALID
2025-10-04 02:00:00,242.37991991602075,80.0,220.0,EMS,MWH,VALID
2025-10-04 03:00:00,237.11942912153603,80.0,220.0,EMS,MWH,VALID
2025-10-04 04:00:00,235.68046937661688,80.0,220.0,EMS,MWH,VALID
2025-10-04 05:00:00,278.20020888481184,80.0,220.0,EMS,MWH,VALID
2025-10-04 06:00:00,292.9598913389442,80.0,220.0,EMS,MWH,VALID
2025-10-04 07:00:00,326.57159865860444,80.0,220.0,EMS,MWH,VALID
2025-10-04 08:00:00,322.87652514385434,80.0,220.0,EMS,MWH,VALID
2025-10-04 09:00:00,317.80559265986614,80.0,220.0,EMS,MWH,VALID
2025-10-04 10:00:00,305.0932978687209,60.0,220.0,EMS,MWH,VALID
2025-10-04 11:00:00,326.0819191314812,60.0,220.0,EMS,MWH,VALID
2025-10-04 12:00:00,320.8253589623434,60.0,220.0,EMS,MWH,VALID
2025-10-04 13:00:00,296.8017165659258,60.0,220.0,EMS,MWH,VALID
2025-10-04 14:00:00,273.8308976772574,60.0,220.0,EMS,MWH,VALID
2025-10-04 15:00:00,268.0226176044458,60.0,220.0,EMS,MWH,VALID
2025-10-04 16:00:00,323.1414185870478,80.0,220.0,EMS,MWH,VALID
2025-10-04 17:00:00,358.47588522899747,80.0,220.0,EMS,MWH,VALID
2025-10-04 18:00:00,353.65929565752833,80.0,220.0,EMS,MWH,VALID
2025-10-04 19:00:00,383.33978859951486,80.0,220.0,EMS,MWH,VALID
2025-10-04 20:00:00,407.24730461455306,80.0,220.0,EMS,MWH,VALID
2025-10-04 21:00:00,306.75299311299216,80.0,220.0,EMS,MWH,VALID
2025-10-04 22:00:00,297.2410566348373,80.0,220.0,EMS,MWH,VALID
2025-10-04 23:00:00,271.0557194244396,80.0,220.0,EMS,MWH,VALID
2025-10-05 00:00:00,222.33947265386297,80.0,220.0,EMS,MWH,VALID
2025-10-05 01:00:00,248.48717793269432,80.0,220.0,EMS,MWH,VALID
2025-10-05 02:00:00,238.5465082391198,80.0,220.0,EMS,MWH,VALID
2025-10-05 03:00:00,250.03198610231703,80.0,220.0,EMS,MWH,VALID
2025-10-05 04:00:00,244.62506458684356,80.0,220.0,EMS,MWH,VALID
2025-10-05 05:00:00,266.0772030102869,80.0,220.0,EMS,MWH,VALID
2025-10-05 06:00:00,289.50858998023205,80.0,220.0,EMS,MWH,VALID
2025-10-05 07:00:00,306.70586910041715,80.0,220.0,EMS,MWH,VALID
2025-10-05 08:00:00,322.3127101848945,80.0,220.0,EMS,MWH,VALID
2025-10-05 09:00:00,323.23578406593066,80.0,220.0,EMS,MWH,VALID
2025-10-05 10:00:00,307.1729679244259,60.0,220.0,EMS,MWH,VALID
2025-10-05 11:00:00,295.7079979606816,60.0,220.0,EMS,MWH,VALID
2025-10-05 12:00:00,274.70314096549936,60.0,220.0,EMS,MWH,VALID
2025-10-05 13:00:00,282.59220554412803,60.0,220.0,EMS,MWH,VALID
2025-10-05 14:00:00,238.3582513149136,60.0,220.0,EMS,MWH,VALID
2025-10-05 15:00:00,315.8854388392638,60.0,220.0,EMS,MWH,VALID
2025-10-05 16:00:00,324.73946174864176,80.0,220.0,EMS,MWH,VALID
2025-10-05 17:00:00,351.44026200288926,80.0,220.0,EMS,MWH,VALID
2025-10-05 18:00:00,362.4645934888084,80.0,220.0,EMS,MWH,VALID
2025-10-05 19:00:00,364.4745667203808,80.0,220.0,EMS,MWH,VALID
2025-10-05 20:00:00,352.8920692034017,80.0,220.0,EMS,MWH,VALID
2025-10-05 21:00:00,313.2720133197125,80.0,220.0,EMS,MWH,VALID
2025-10-05 22:00:00,262.9464135479975,80.0,220.0,EMS,MWH,VALID
2025-10-05 23:00:00,260.0284812059398,80.0,220.0,EMS,MWH,VALID
2025-10-06 00:00:00,281.06660436963284,80.0,220.0,EMS,MWH,VALID
2025-10-06 01:00:00,290.9433016452507,80.0,220.0,EMS,MWH,VALID
2025-10-06 02:00:00,277.1758236447265,80.0,220.0,EMS,MWH,VALID
2025-10-06 03:00:00,274.11587818584906,80.0,220.0,EMS,MWH,VALID
2025-10-06 04:00:00,300.9795945867144,80.0,220.0,EMS,MWH,VALID
2025-10-06 05:00:00,289.39871728870213,80.0,220.0,EMS,MWH,VALID
2025-10-06 06:00:00,362.3142125591039,80.0,220.0,EMS,MWH,VALID
2025-10-06 07:00:00,379.5487247388552,80.0,220.0,EMS,MWH,VALID
2025-10-06 08:00:00,390.50853317671096,80.0,220.0,EMS,MWH,VALID
2025-10-06 09:00:00,393.024125149299,80.0,220.0,EMS,MWH,VALID
2025-10-06 10:00:00,399.4839664655755,60.0,220.0,EMS,MWH,VALID
2025-10-06 11:00:00,363.9065417531112,60.0,220.0,EMS,MWH,VALID
2025-10-06 12:00:00,359.3503065181786,60.0,220.0,EMS,MWH,VALID
2025-10-06 13:00:00,346.4803796667335,60.0,220.0,EMS,MWH,VALID
2025-10-06 14:00:00,378.1923496861579,60.0,220.0,EMS,MWH,VALID
2025-10-06 15:00:00,372.4605213419929,60.0,220.0,EMS,MWH,VALID
2025-10-06 16:00:00,405.97852186542895,80.0,220.0,EMS,MWH,VALID
2025-10-06 17:00:00,391.40039285556327,80.0,220.0,EMS,MWH,VALID
2025-10-06 18:00:00,434.600706154318,80.0,220.0,EMS,MWH,VALID
2025-10-06 19:00:00,460.0421925478893,80.0,220.0,EMS,MWH,VALID
2025-10-06 20:00:00,448.82082439999607,80.0,220.0,EMS,MWH,VALID
2025-10-06 21:00:00,409.3474510109567,80.0,220.0,EMS,MWH,VALID
2025-10-06 22:00:00,349.78088172769804,80.0,220.0,EMS,MWH,VALID
2025-10-06 23:00:00,305.3745108560548,80.0,220.0,EMS,MWH,VALID
2025-10-07 00:00:00,278.1666274103771,80.0,220.0,EMS,MWH,VALID
2025-10-07 01:00:00,309.29121891037374,80.0,220.0,EMS,MWH,VALID
2025-10-07 02:00:00,298.6369007026574,80.0,220.0,EMS,MWH,VALID
2025-10-07 03:00:00,307.4968445026394,80.0,220.0,EMS,MWH,VALID
2025-10-07 04:00:00,327.77923151062816,80.0,220.0,EMS,MWH,VALID
2025-10-07 05:00:00,275.3925024023325,80.0,220.0,EMS,MWH,VALID
2025-10-07 06:00:00,332.39079162431364,80.0,220.0,EMS,MWH,VALID
2025-10-07 07:00:00,360.3080657318124,80.0,220.0,EMS,MWH,VALID
2025-10-07 08:00:00,366.85824476960886,80.0,220.0,EMS,MWH,VALID
2025-10-07 09:00:00,401.68113807050935,80.0,220.0,EMS,MWH,VALID
2025-10-07 10:00:00,364.0904428879352,60.0,220.0,EMS,MWH,VALID
2025-10-07 11:00:00,356.3295142744966,60.0,220.0,EMS,MWH,VALID
2025-10-07 12:00:00,358.0998996244305,60.0,220.0,EMS,MWH,VALID
2025-10-07 13:00:00,356.5405472296011,60.0,220.0,EMS,MWH,VALID
2025-10-07 14:00:00,379.7179064225158,60.0,220.0,EMS,MWH,VALID
2025-10-07 15:00:00,372.8198885693664,60.0,220.0,EMS,MWH,VALID
2025-10-07 16:00:00,357.3095089331829,80.0,220.0,EMS,MWH,VALID
2025-10-07 17:00:00,409.82513793049947,80.0,220.0,EMS,MWH,VALID
2025-10-07 18:00:00,438.2299093755729,80.0,220.0,EMS,MWH,VALID
2025-10-07 19:00:00,486.2610589411133,80.0,220.0,EMS,MWH,VALID
2025-10-07 20:00:00,458.0269522028813,80.0,220.0,EMS,MWH,VALID
2025-10-07 21:00:00,393.2288930758195,80.0,220.0,EMS,MWH,VALID
2025-10-07 22:00:00,338.9772315326944,80.0,220.0,EMS,MWH,VALID
2025-10-07 23:00:00,323.3437051677841,80.0,220.0,EMS,MWH,VALID
2025-10-08 00:00:00,296.6625407980144,80.0,220.0,EMS,MWH,VALID
2025-10-08 01:00:00,288.30243681269604,80.0,220.0,EMS,MWH,VALID
2025-10-08 02:00:00,255.45925210011927,80.0,220.0,EMS,MWH,VALID
2025-10-08 03:00:00,286.3401131728125,80.0,220.0,EMS,MWH,VALID
2025-10-08 04:00:00,292.7735047913179,80.0,220.0,EMS,MWH,VALID
2025-10-08 05:00:00,308.3176035040215,80.0,220.0,EMS,MWH,VALID
2025-10-08 06:00:00,322.34867045776974,80.0,220.0,EMS,MWH,VALID
2025-10-08 07:00:00,389.38707865708056,80.0,220.0,EMS,MWH,VALID
2025-10-08 08:00:00,396.0273014444021,80.0,220.0,EMS,MWH,VALID
2025-10-08 09:00:00,384.5871931173424,80.0,220.0,EMS,MWH,VALID
2025-10-08 10:00:00,360.8562948422604,80.0,220.0,EMS,MWH,VALID
2025-10-08 11:00:00,355.4259788416358,80.0,220.0,EMS,MWH,VALID
2025-10-08 12:00:00,362.1095005498465,80.0,220.0,EMS,MWH,VALID
2025-10-08 13:00:00,372.4125841117765,80.0,220.0,EMS,MWH,VALID
2025-10-08 14:00:00,374.6907985159762,80.0,220.0,EMS,MWH,VALID
2025-10-08 15:00:00,353.6179938456673,80.0,220.0,EMS,MWH,VALID
2025-10-08 16:00:00,422.55453361791865,80.0,220.0,EMS,MWH,VALID
2025-10-08 17:00:00,451.8494982124492,80.0,220.0,EMS,MWH,VALID
2025-10-08 18:00:00,431.2048028805336,80.0,220.0,EMS,MWH,VALID
2025-10-08 19:00:00,443.560457515066,80.0,220.0,EMS,MWH,VALID
2025-10-08 20:00:00,435.2502134877883,80.0,220.0,EMS,MWH,VALID
2025-10-08 21:00:00,410.1972782163542,80.0,220.0,EMS,MWH,VALID
2025-10-08 22:00:00,368.5942077061517,80.0,220.0,EMS,MWH,VALID
2025-10-08 23:00:00,323.43845454246207,80.0,220.0,EMS,MWH,VALID
2025-10-09 00:00:00,300.1771494703521,80.0,220.0,EMS,MWH,VALID
2025-10-09 01:00:00,291.5500896944635,80.0,220.0,EMS,MWH,VALID
2025-10-09 02:00:00,296.0609274615412,80.0,220.0,EMS,MWH,VALID
2025-10-09 03:00:00,299.42744887931224,80.0,220.0,EMS,MWH,VALID
2025-10-09 04:00:00,292.1204753257489,80.0,220.0,EMS,MWH,VALID
2025-10-09 05:00:00,349.31108410875004,80.0,220.0,EMS,MWH,VALID
2025-10-09 06:00:00,362.2271089905359,80.0,220.0,EMS,MWH,VALID
2025-10-09 07:00:00,389.4933528003901,80.0,220.0,EMS,MWH,VALID
2025-10-09 08:00:00,392.91820097203566,80.0,220.0,EMS,MWH,VALID
2025-10-09 09:00:00,386.3400808455035,80.0,220.0,EMS,MWH,VALID
2025-10-09 10:00:00,357.2140041368082,80.0,220.0,EMS,MWH,VALID
2025-10-09 11:00:00,361.7278708289258,80.0,220.0,EMS,MWH,VALID
2025-10-09 12:00:00,361.5695136077002,80.0,220.0,EMS,MWH,VALID
2025-10-09 13:00:00,339.14668366577547,80.0,220.0,EMS,MWH,VALID
2025-10-09 14:00:00,352.62645563227284,80.0,220.0,EMS,MWH,VALID
2025-10-09 15:00:00,361.42937688547767,80.0,220.0,EMS,MWH,VALID
2025-10-09 16:00:00,397.8838356977212,80.0,158.4,EMS,MWH,VALID
2025-10-09 17:00:00,428.9836443304631,80.0,158.4,EMS,MWH,VALID
2025-10-09 18:00:00,438.3754680373035,80.0,158.4,EMS,MWH,VALID
2025-10-09 19:00:00,453.884211338956,80.0,158.4,EMS,MWH,VALID
2025-10-09 20:00:00,430.7151052684365,80.0,158.4,EMS,MWH,VALID
2025-10-09 21:00:00,379.8160835621193,80.0,158.4,EMS,MWH,VALID
2025-10-09 22:00:00,342.1462086612891,80.0,158.4,EMS,MWH,VALID
2025-10-09 23:00:00,320.2815713527229,80.0,158.4,EMS,MWH,VALID
2025-10-10 00:00:00,267.9631724015631,80.0,158.4,EMS,MWH,VALID
2025-10-10 01:00:00,296.5693200202795,80.0,220.0,EMS,MWH,VALID
2025-10-10 02:00:00,276.9313931604091,80.0,220.0,EMS,MWH,VALID
2025-10-10 03:00:00,273.1929454898035,80.0,220.0,EMS,MWH,VALID
2025-10-10 04:00:00,291.41503762024223,80.0,220.0,EMS,MWH,VALID
2025-10-10 05:00:00,315.60597231420206,80.0,220.0,EMS,MWH,VALID
2025-10-10 06:00:00,352.50009206705244,80.0,220.0,EMS,MWH,VALID
2025-10-10 07:00:00,368.3597975013453,80.0,220.0,EMS,MWH,VALID
2025-10-10 08:00:00,402.4186844075503,80.0,220.0,EMS,MWH,VALID
2025-10-10 09:00:00,397.0902320826206,80.0,220.0,EMS,MWH,VALID
2025-10-10 10:00:00,396.2424922021965,80.0,220.0,EMS,MWH,VALID
2025-10-10 11:00:00,361.9075548914334,80.0,220.0,EMS,MWH,VALID
2025-10-10 12:00:00,349.9991237211586,80.0,220.0,EMS,MWH,VALID
2025-10-10 13:00:00,393.1524984878335,80.0,220.0,EMS,MWH,VALID
2025-10-10 14:00:00,371.7882076997544,80.0,220.0,EMS,MWH,VALID
2025-10-10 15:00:00,355.686315031975,80.0,220.0,EMS,MWH,VALID
2025-10-10 16:00:00,400.9075117843101,80.0,220.0,EMS,MWH,VALID
2025-10-10 17:00:00,447.3822195471133,80.0,220.0,EMS,MWH,VALID
2025-10-10 18:00:00,451.831687985544,80.0,220.0,EMS,MWH,VALID
2025-10-10 19:00:00,461.0163817558253,80.0,220.0,EMS,MWH,VALID
2025-10-10 20:00:00,427.1298352322366,80.0,220.0,EMS,MWH,VALID
2025-10-10 21:00:00,409.8652899365516,80.0,220.0,EMS,MWH,VALID
2025-10-10 22:00:00,355.8250304154902,80.0,220.0,EMS,MWH,VALID
2025-10-10 23:00:00,294.89831744895224,80.0,220.0,EMS,MWH,VALID
2025-10-11 00:00:00,235.3038848616189,80.0,220.0,EMS,MWH,VALID
2025-10-11 01:00:00,236.2198317712026,80.0,220.0,EMS,MWH,VALID
2025-10-11 02:00:00,234.14793594216687,80.0,220.0,EMS,MWH,VALID
2025-10-11 03:00:00,236.60955710247,80.0,220.0,EMS,MWH,VALID
2025-10-11 04:00:00,222.578101023399,80.0,220.0,EMS,MWH,VALID
2025-10-11 05:00:00,290.41509418732625,80.0,220.0,EMS,MWH,VALID
2025-10-11 06:00:00,280.6215352663164,80.0,220.0,EMS,MWH,VALID
2025-10-11 07:00:00,330.8252399231725,80.0,220.0,EMS,MWH,VALID
2025-10-11 08:00:00,318.1380180966924,80.0,220.0,EMS,MWH,VALID
2025-10-11 09:00:00,303.1887606848644,80.0,220.0,EMS,MWH,VALID
2025-10-11 10:00:00,312.43571995797447,80.0,220.0,EMS,MWH,VALID
2025-10-11 11:00:00,264.2817595759105,80.0,220.0,EMS,MWH,VALID
2025-10-11 12:00:00,283.7445366424192,80.0,220.0,EMS,MWH,VALID
2025-10-11 13:00:00,270.08492835295607,80.0,220.0,EMS,MWH,VALID
2025-10-11 14:00:00,286.3957117523138,80.0,220.0,EMS,MWH,VALID
2025-10-11 15:00:00,247.0512629073213,80.0,220.0,EMS,MWH,VALID
2025-10-11 16:00:00,321.6244605151465,80.0,220.0,EMS,MWH,VALID
2025-10-11 17:00:00,363.0565340822261,80.0,220.0,EMS,MWH,VALID
2025-10-11 18:00:00,397.4535415981279,80.0,220.0,EMS,MWH,VALID
2025-10-11 19:00:00,356.3768835543624,80.0,220.0,EMS,MWH,VALID
2025-10-11 20:00:00,348.75752878899624,80.0,220.0,EMS,MWH,VALID
2025-10-11 21:00:00,314.9227216139215,80.0,220.0,EMS,MWH,VALID
2025-10-11 22:00:00,279.7493844448805,80.0,220.0,EMS,MWH,VALID
2025-10-11 23:00:00,262.1276737909858,80.0,220.0,EMS,MWH,VALID
2025-10-12 00:00:00,268.6585766790273,80.0,220.0,EMS,MWH,VALID
2025-10-12 01:00:00,269.1183589497016,80.0,220.0,EMS,MWH,VALID
2025-10-12 02:00:00,275.69025848453794,80.0,220.0,EMS,MWH,VALID
2025-10-12 03:00:00,254.3716366264844,80.0,220.0,EMS,MWH,VALID
2025-10-12 04:00:00,245.2308255657256,80.0,220.0,EMS,MWH,VALID
2025-10-12 05:00:00,243.7503639397342,80.0,220.0,EMS,MWH,VALID
2025-10-12 06:00:00,255.80360871479576,80.0,220.0,EMS,MWH,VALID
2025-10-12 07:00:00,322.9585867243923,80.0,220.0,EMS,MWH,VALID
2025-10-12 08:00:00,325.89678548044674,80.0,220.0,EMS,MWH,VALID
2025-10-12 09:00:00,349.55353537471365,80.0,220.0,EMS,MWH,VALID
2025-10-12 10:00:00,308.153071934024,80.0,220.0,EMS,MWH,VALID
2025-10-12 11:00:00,319.28539610333667,80.0,220.0,EMS,MWH,VALID
2025-10-12 12:00:00,309.3333466090032,80.0,220.0,EMS,MWH,VALID
2025-10-12 13:00:00,216.6159677511642,80.0,220.0,EMS,MWH,VALID
2025-10-12 14:00:00,297.3339355686214,80.0,220.0,EMS,MWH,VALID
2025-10-12 15:00:00,298.45905664461753,80.0,220.0,EMS,MWH,VALID
2025-10-12 16:00:00,298.3208671543599,80.0,220.0,EMS,MWH,VALID
2025-10-12 17:00:00,372.2299270991745,80.0,220.0,EMS,MWH,VALID
2025-10-12 18:00:00,376.1669910939544,80.0,220.0,EMS,MWH,VALID
2025-10-12 19:00:00,404.35981040331166,80.0,220.0,EMS,MWH,VALID
2025-10-12 20:00:00,361.9942067953568,80.0,220.0,EMS,MWH,VALID
2025-10-12 21:00:00,327.12336293595536,80.0,220.0,EMS,MWH,VALID
2025-10-12 22:00:00,291.1625036030826,80.0,220.0,EMS,MWH,VALID
2025-10-12 23:00:00,262.37976024553893,80.0,220.0,EMS,MWH,VALID
2025-10-13 00:00:00,304.1883527930012,80.0,220.0,EMS,MWH,VALID
2025-10-13 01:00:00,292.6110769592754,80.0,220.0,EMS,MWH,VALID
2025-10-13 02:00:00,268.5446337349759,80.0,220.0,EMS,MWH,VALID
2025-10-13 03:00:00,319.8744717950557,80.0,220.0,EMS,MWH,VALID
2025-10-13 04:00:00,287.7547493090484,80.0,220.0,EMS,MWH,VALID
2025-10-13 05:00:00,313.0627888592712,80.0,220.0,EMS,MWH,VALID
2025-10-13 06:00:00,344.8214911358149,80.0,220.0,EMS,MWH,VALID
2025-10-13 07:00:00,353.52484915778854,80.0,220.0,EMS,MWH,VALID
2025-10-13 08:00:00,392.7599098299482,80.0,220.0,EMS,MWH,VALID
2025-10-13 09:00:00,385.4459631587437,80.0,220.0,EMS,MWH,VALID
2025-10-13 10:00:00,385.4953880345649,80.0,220.0,EMS,MWH,VALID
2025-10-13 11:00:00,380.269147054114,80.0,220.0,EMS,MWH,VALID
2025-10-13 12:00:00,336.2277630395089,80.0,220.0,EMS,MWH,VALID
2025-10-13 13:00:00,346.7319481857594,80.0,220.0,EMS,MWH,VALID
2025-10-13 14:00:00,353.2616919418199,80.0,220.0,EMS,MWH,VALID
2025-10-13 15:00:00,395.0662958084986,80.0,220.0,EMS,MWH,VALID
2025-10-13 16:00:00,381.14889494276025,80.0,220.0,EMS,MWH,VALID
2025-10-13 17:00:00,384.3736198716145,80.0,220.0,EMS,MWH,VALID
2025-10-13 18:00:00,449.789970999195,80.0,220.0,EMS,MWH,VALID
2025-10-13 19:00:00,469.6306497071994,80.0,220.0,EMS,MWH,VALID
2025-10-13 20:00:00,423.90572812326417,80.0,220.0,EMS,MWH,VALID
2025-10-13 21:00:00,379.1631681250342,80.0,220.0,EMS,MWH,VALID
2025-10-13 22:00:00,344.2602314890197,80.0,220.0,EMS,MWH,VALID
2025-10-13 23:00:00,320.2670628321001,80.0,220.0,EMS,MWH,VALID
2025-10-14 00:00:00,282.07678868086083,80.0,220.0,EMS,MWH,VALID
2025-10-14 01:00:00,305.38106621484604,80.0,220.0,EMS,MWH,VALID
2025-10-14 02:00:00,286.54145255149774,80.0,220.0,EMS,MWH,VALID
2025-10-14 03:00:00,307.04209989560286,80.0,220.0,EMS,MWH,VALID
2025-10-14 04:00:00,289.31449507365454,80.0,220.0,EMS,MWH,VALID
2025-10-14 05:00:00,333.84350994461005,80.0,220.0,EMS,MWH,VALID
2025-10-14 06:00:00,329.7772451433871,80.0,220.0,EMS,MWH,VALID
2025-10-14 07:00:00,384.288822053681,80.0,220.0,EMS,MWH,VALID
2025-10-14 08:00:00,392.80590349389394,80.0,220.0,EMS,MWH,VALID
2025-10-14 09:00:00,372.0036698091319,80.0,220.0,EMS,MWH,VALID
2025-10-14 10:00:00,387.0821580559981,80.0,220.0,EMS,MWH,VALID
2025-10-14 11:00:00,373.942449064847,80.0,220.0,EMS,MWH,VALID
2025-10-14 12:00:00,354.6079754677928,80.0,220.0,EMS,MWH,VALID
2025-10-14 13:00:00,367.4784137335795,80.0,220.0,EMS,MWH,VALID
2025-10-14 14:00:00,370.2301675537421,80.0,220.0,EMS,MWH,VALID
2025-10-14 15:00:00,362.1203433814781,80.0,220.0,EMS,MWH,VALID
2025-10-14 16:00:00,382.3306841210881,80.0,220.0,EMS,MWH,VALID
2025-10-14 17:00:00,435.614261671515,80.0,220.0,EMS,MWH,VALID
2025-10-14 18:00:00,438.3579153145154,80.0,220.0,EMS,MWH,VALID
2025-10-14 19:00:00,491.8565985682725,80.0,220.0,EMS,MWH,VALID
2025-10-14 20:00:00,428.6917290503628,80.0,220.0,EMS,MWH,VALID
2025-10-14 21:00:00,416.36700313498,80.0,220.0,EMS,MWH,VALID
2025-10-14 22:00:00,340.8272048440096,80.0,220.0,EMS,MWH,VALID
2025-10-14 23:00:00,302.38378675282274,80.0,220.0,EMS,MWH,VALID
2025-10-15 00:00:00,300.2905995049712,80.0,220.0,EMS,MWH,VALID
2025-10-15 01:00:00,283.5787304660344,80.0,220.0,EMS,MWH,VALID
2025-10-15 02:00:00,255.6591431602613,80.0,220.0,EMS,MWH,VALID
2025-10-15 03:00:00,306.19327108404946,80.0,220.0,EMS,MWH,VALID
2025-10-15 04:00:00,308.2584214458345,80.0,220.0,EMS,MWH,VALID
2025-10-15 05:00:00,293.0262902103033,80.0,220.0,EMS,MWH,VALID
2025-10-15 06:00:00,328.50201674582826,80.0,220.0,EMS,MWH,VALID
2025-10-15 07:00:00,374.8930521604929,80.0,220.0,EMS,MWH,VALID
2025-10-15 08:00:00,389.2947132917099,80.0,220.0,EMS,MWH,VALID
2025-10-15 09:00:00,409.0629890288252,80.0,220.0,EMS,MWH,VALID
2025-10-15 10:00:00,386.7280596934855,80.0,220.0,EMS,MWH,VALID
2025-10-15 11:00:00,359.2756705887639,80.0,220.0,EMS,MWH,VALID
2025-10-15 12:00:00,341.99359651053874,80.0,220.0,EMS,MWH,VALID
2025-10-15 13:00:00,335.89377932109835,80.0,220.0,EMS,MWH,VALID
2025-10-15 14:00:00,369.6550836189384,80.0,220.0,EMS,MWH,VALID
2025-10-15 15:00:00,349.94110217699296,80.0,220.0,EMS,MWH,VALID
2025-10-15 16:00:00,383.2387848900104,80.0,220.0,EMS,MWH,VALID
2025-10-15 17:00:00,417.48237122233735,80.0,220.0,EMS,MWH,VALID
2025-10-15 18:00:00,429.3310259632302,80.0,220.0,EMS,MWH,VALID
2025-10-15 19:00:00,461.916185753316,80.0,220.0,EMS,MWH,VALID
2025-10-15 20:00:00,449.4027124288655,80.0,220.0,EMS,MWH,VALID
2025-10-15 21:00:00,392.772939107648,80.0,220.0,EMS,MWH,VALID
2025-10-15 22:00:00,330.2378900843111,80.0,220.0,EMS,MWH,VALID
2025-10-15 23:00:00,327.079874209871,80.0,220.0,EMS,MWH,VALID
2025-10-16 00:00:00,279.52050466460133,80.0,220.0,EMS,MWH,VALID
2025-10-16 01:00:00,276.2962193615716,80.0,220.0,EMS,MWH,VALID
2025-10-16 02:00:00,320.00185578853274,80.0,220.0,EMS,MWH,VALID
2025-10-16 03:00:00,267.16699296692394,80.0,220.0,EMS,MWH,VALID
2025-10-16 04:00:00,283.232805156718,80.0,220.0,EMS,MWH,VALID
2025-10-16 05:00:00,322.34271148869124,80.0,220.0,EMS,MWH,VALID
2025-10-16 06:00:00,343.40264783374056,80.0,220.0,EMS,MWH,VALID
2025-10-16 07:00:00,379.5392658644303,80.0,220.0,EMS,MWH,VALID
2025-10-16 08:00:00,397.9900151283735,80.0,220.0,EMS,MWH,VALID
2025-10-16 09:00:00,391.65707599776977,80.0,220.0,EMS,MWH,VALID
2025-10-16 10:00:00,394.0446663627509,80.0,220.0,EMS,MWH,VALID
2025-10-16 11:00:00,376.3645789639187,80.0,220.0,EMS,MWH,VALID
2025-10-16 12:00:00,354.34597795827364,80.0,220.0,EMS,MWH,VALID
2025-10-16 13:00:00,352.073518696385,80.0,220.0,EMS,MWH,VALID
2025-10-16 14:00:00,361.59422162795465,80.0,220.0,EMS,MWH,VALID
2025-10-16 15:00:00,363.1512408288773,80.0,220.0,EMS,MWH,VALID
2025-10-16 16:00:00,404.5201400480307,80.0,220.0,EMS,MWH,VALID
2025-10-16 17:00:00,431.6360540723582,80.0,220.0,EMS,MWH,VALID
2025-10-16 18:00:00,456.1347966051871,80.0,220.0,EMS,MWH,VALID
2025-10-16 19:00:00,477.1298005937205,80.0,220.0,EMS,MWH,VALID
2025-10-16 20:00:00,443.9449374424103,80.0,220.0,EMS,MWH,VALID
2025-10-16 21:00:00,395.2694109140493,80.0,220.0,EMS,MWH,VALID
2025-10-16 22:00:00,348.38112624094146,80.0,220.0,EMS,MWH,VALID
2025-10-16 23:00:00,319.1450164942661,80.0,220.0,EMS,MWH,VALID
2025-10-17 00:00:00,310.6706284765104,80.0,220.0,EMS,MWH,VALID
2025-10-17 01:00:00,293.5823327069416,80.0,220.0,EMS,MWH,VALID
2025-10-17 02:00:00,271.6017769578121,80.0,220.0,EMS,MWH,VALID
2025-10-17 03:00:00,282.9392689389302,80.0,220.0,EMS,MWH,VALID
2025-10-17 04:00:00,313.74512214194004,80.0,220.0,EMS,MWH,VALID
2025-10-17 05:00:00,307.1560926379749,80.0,220.0,EMS,MWH,VALID
2025-10-17 06:00:00,348.7817917737546,80.0,220.0,EMS,MWH,VALID
2025-10-17 07:00:00,384.87574506019183,80.0,220.0,EMS,MWH,VALID
2025-10-17 08:00:00,397.9548978839486,80.0,220.0,EMS,MWH,VALID
2025-10-17 09:00:00,392.1256112860629,80.0,220.0,EMS,MWH,VALID
2025-10-17 10:00:00,366.147708621922,80.0,220.0,EMS,MWH,VALID
2025-10-17 11:00:00,374.32473324520015,80.0,220.0,EMS,MWH,VALID
2025-10-17 12:00:00,342.88707674601073,80.0,220.0,EMS,MWH,VALID
2025-10-17 13:00:00,361.8015107120966,80.0,220.0,EMS,MWH,VALID
2025-10-17 14:00:00,328.9107081434271,80.0,220.0,EMS,MWH,VALID
2025-10-17 15:00:00,354.68844881845246,80.0,220.0,EMS,MWH,VALID
2025-10-17 16:00:00,386.9452498284159,80.0,220.0,EMS,MWH,VALID
2025-10-17 17:00:00,416.5534902050055,80.0,220.0,EMS,MWH,VALID
2025-10-17 18:00:00,458.6496807178101,80.0,220.0,EMS,MWH,VALID
2025-10-17 19:00:00,431.55297850673526,80.0,220.0,EMS,MWH,VALID
2025-10-17 20:00:00,425.15343185863065,80.0,220.0,EMS,MWH,VALID
2025-10-17 21:00:00,378.4345967168858,80.0,220.0,EMS,MWH,VALID
2025-10-17 22:00:00,363.01644773534633,80.0,220.0,EMS,MWH,VALID
2025-10-17 23:00:00,303.7704798284507,80.0,220.0,EMS,MWH,VALID
2025-10-18 00:00:00,234.11266067238137,80.0,220.0,EMS,MWH,VALID
2025-10-18 01:00:00,239.5994358632519,80.0,220.0,EMS,MWH,VALID
2025-10-18 02:00:00,229.242054129946,80.0,220.0,EMS,MWH,VALID
2025-10-18 03:00:00,246.7904709002199,80.0,220.0,EMS,MWH,VALID
2025-10-18 04:00:00,237.29989411304211,80.0,220.0,EMS,MWH,VALID
2025-10-18 05:00:00,234.85772406274532,80.0,220.0,EMS,MWH,VALID
2025-10-18 06:00:00,269.47401759606646,80.0,220.0,EMS,MWH,VALID
2025-10-18 07:00:00,282.5400615809584,80.0,220.0,EMS,MWH,VALID
2025-10-18 08:00:00,325.845251489633,80.0,220.0,EMS,MWH,VALID
2025-10-18 09:00:00,320.8214360870135,80.0,220.0,EMS,MWH,VALID
2025-10-18 10:00:00,252.19131576565272,80.0,220.0,EMS,MWH,VALID
2025-10-18 11:00:00,306.01786584536546,80.0,220.0,EMS,MWH,VALID
2025-10-18 12:00:00,276.4576379234066,80.0,220.0,EMS,MWH,VALID
2025-10-18 13:00:00,277.1570830580628,80.0,220.0,EMS,MWH,VALID
2025-10-18 14:00:00,297.091642254468,80.0,220.0,EMS,MWH,VALID
2025-10-18 15:00:00,284.61889247501443,80.0,220.0,EMS,MWH,VALID
2025-10-18 16:00:00,293.8361527124631,80.0,220.0,EMS,MWH,VALID
2025-10-18 17:00:00,359.03189320501946,80.0,220.0,EMS,MWH,VALID
2025-10-18 18:00:00,365.5779637749808,80.0,220.0,EMS,MWH,VALID
2025-10-18 19:00:00,382.0917172767864,80.0,220.0,EMS,MWH,VALID
2025-10-18 20:00:00,340.45427446307326,80.0,220.0,EMS,MWH,VALID
2025-10-18 21:00:00,327.12443784949534,80.0,220.0,EMS,MWH,VALID
2025-10-18 22:00:00,282.0963456771976,80.0,220.0,EMS,MWH,VALID
2025-10-18 23:00:00,258.1885173865459,80.0,220.0,EMS,MWH,VALID
2025-10-19 00:00:00,259.53992847246366,80.0,220.0,EMS,MWH,VALID
2025-10-19 01:00:00,210.5550236423561,80.0,220.0,EMS,MWH,VALID
2025-10-19 02:00:00,245.12548549944705,80.0,220.0,EMS,MWH,VALID
2025-10-19 03:00:00,255.76131079230336,80.0,220.0,EMS,MWH,VALID
2025-10-19 04:00:00,252.7217012208961,80.0,220.0,EMS,MWH,VALID
2025-10-19 05:00:00,274.73852673382646,80.0,220.0,EMS,MWH,VALID
2025-10-19 06:00:00,271.9308885043871,80.0,220.0,EMS,MWH,VALID
2025-10-19 07:00:00,307.9606983462221,80.0,220.0,EMS,MWH,VALID
2025-10-19 08:00:00,335.5709594408744,80.0,220.0,EMS,MWH,VALID
2025-10-19 09:00:00,314.1989176636135,80.0,220.0,EMS,MWH,VALID
2025-10-19 10:00:00,289.9861310498285,80.0,220.0,EMS,MWH,VALID
2025-10-19 11:00:00,280.0543008772531,80.0,220.0,EMS,MWH,VALID
2025-10-19 12:00:00,301.9416043808053,80.0,220.0,EMS,MWH,VALID
2025-10-19 13:00:00,262.99828838589195,80.0,220.0,EMS,MWH,VALID
2025-10-19 14:00:00,257.35361133104203,80.0,220.0,EMS,MWH,VALID
2025-10-19 15:00:00,307.95929681224567,80.0,220.0,EMS,MWH,VALID
2025-10-19 16:00:00,309.6323831012291,80.0,220.0,EMS,MWH,VALID
2025-10-19 17:00:00,344.1455470200655,80.0,220.0,EMS,MWH,VALID
2025-10-19 18:00:00,370.0140381046512,80.0,220.0,EMS,MWH,VALID
2025-10-19 19:00:00,380.6426526950565,80.0,220.0,EMS,MWH,VALID
2025-10-19 20:00:00,351.80147318882774,80.0,220.0,EMS,MWH,VALID
2025-10-19 21:00:00,318.1744415770572,80.0,220.0,EMS,MWH,VALID
2025-10-19 22:00:00,294.92528598434444,80.0,220.0,EMS,MWH,VALID
2025-10-19 23:00:00,263.6472581390866,80.0,220.0,EMS,MWH,VALID
2025-10-20 00:00:00,301.0545443312015,80.0,220.0,EMS,MWH,VALID
2025-10-20 01:00:00,272.2847592723785,80.0,220.0,EMS,MWH,VALID
2025-10-20 02:00:00,298.55505107366656,80.0,220.0,EMS,MWH,VALID
2025-10-20 03:00:00,278.4455235467974,80.0,220.0,EMS,MWH,VALID
2025-10-20 04:00:00,319.7062923510993,80.0,220.0,EMS,MWH,VALID
2025-10-20 05:00:00,317.9205008394293,80.0,220.0,EMS,MWH,VALID
2025-10-20 06:00:00,344.5757379079807,80.0,220.0,EMS,MWH,VALID
2025-10-20 07:00:00,378.7888587819765,80.0,220.0,EMS,MWH,VALID
2025-10-20 08:00:00,400.0862869825584,80.0,220.0,EMS,MWH,VALID
2025-10-20 09:00:00,406.1876405768236,80.0,220.0,EMS,MWH,VALID
2025-10-20 10:00:00,395.7869672090418,80.0,220.0,EMS,MWH,VALID
2025-10-20 11:00:00,340.26911421179057,80.0,220.0,EMS,MWH,VALID
2025-10-20 12:00:00,353.6398769913117,80.0,220.0,EMS,MWH,VALID
2025-10-20 13:00:00,348.4057140363465,80.0,220.0,EMS,MWH,VALID
2025-10-20 14:00:00,347.0041526540331,80.0,220.0,EMS,MWH,VALID
2025-10-20 15:00:00,347.4324111523061,80.0,220.0,EMS,MWH,VALID
2025-10-20 16:00:00,386.4291233473487,80.0,220.0,EMS,MWH,VALID
2025-10-20 17:00:00,400.3376344982108,80.0,220.0,EMS,MWH,VALID
2025-10-20 18:00:00,461.3403678462088,80.0,220.0,EMS,MWH,VALID
2025-10-20 19:00:00,446.9540702656348,80.0,220.0,EMS,MWH,VALID
2025-10-20 20:00:00,441.3272011763856,80.0,220.0,EMS,MWH,VALID
2025-10-20 21:00:00,381.8053027285487,80.0,220.0,EMS,MWH,VALID
2025-10-20 22:00:00,336.39153136109945,80.0,220.0,EMS,MWH,VALID
2025-10-20 23:00:00,310.3952568874442,80.0,220.0,EMS,MWH,VALID
2025-10-21 00:00:00,275.1287487783682,80.0,220.0,EMS,MWH,VALID
2025-10-21 01:00:00,304.02227800871793,80.0,220.0,EMS,MWH,VALID
2025-10-21 02:00:00,293.7975325744597,80.0,220.0,EMS,MWH,VALID
2025-10-21 03:00:00,302.390585542856,80.0,220.0,EMS,MWH,VALID
2025-10-21 04:00:00,294.8080701417305,80.0,220.0,EMS,MWH,VALID
2025-10-21 05:00:00,331.8127501932964,80.0,220.0,EMS,MWH,VALID
2025-10-21 06:00:00,352.97111738994323,80.0,220.0,EMS,MWH,VALID
2025-10-21 07:00:00,363.7223968402871,80.0,220.0,EMS,MWH,VALID
2025-10-21 08:00:00,396.6371007475949,80.0,220.0,EMS,MWH,VALID
2025-10-21 09:00:00,403.679748662855,80.0,220.0,EMS,MWH,VALID
2025-10-21 10:00:00,371.9862094992548,80.0,220.0,EMS,MWH,VALID
2025-10-21 11:00:00,374.1798431969551,80.0,220.0,EMS,MWH,VALID
2025-10-21 12:00:00,336.6327926473818,80.0,220.0,EMS,MWH,VALID
2025-10-21 13:00:00,353.0192819150514,80.0,220.0,EMS,MWH,VALID
2025-10-21 14:00:00,350.98399554416574,80.0,220.0,EMS,MWH,VALID
2025-10-21 15:00:00,385.4736039582661,80.0,220.0,EMS,MWH,VALID
2025-10-21 16:00:00,372.9760194733893,80.0,220.0,EMS,MWH,VALID
2025-10-21 17:00:00,418.74629152922273,80.0,220.0,EMS,MWH,VALID
2025-10-21 18:00:00,467.40094114359374,80.0,220.0,EMS,MWH,VALID
2025-10-21 19:00:00,460.7260494203505,80.0,220.0,EMS,MWH,VALID
2025-10-21 20:00:00,423.8894415423791,80.0,220.0,EMS,MWH,VALID
2025-10-21 21:00:00,403.18971068266166,80.0,220.0,EMS,MWH,VALID
2025-10-21 22:00:00,374.108840183385,80.0,220.0,EMS,MWH,VALID
2025-10-21 23:00:00,316.9906409551642,80.0,220.0,EMS,MWH,VALID
2025-10-22 00:00:00,311.6230406932458,80.0,220.0,EMS,MWH,VALID
2025-10-22 01:00:00,296.8222033791064,80.0,220.0,EMS,MWH,VALID
2025-10-22 02:00:00,317.0372640891933,80.0,220.0,EMS,MWH,VALID
2025-10-22 03:00:00,299.80027202276085,80.0,220.0,EMS,MWH,VALID
2025-10-22 04:00:00,329.7710077923988,80.0,220.0,EMS,MWH,VALID
2025-10-22 05:00:00,311.5053901087288,80.0,220.0,EMS,MWH,VALID
2025-10-22 06:00:00,347.68790359714893,80.0,220.0,EMS,MWH,VALID
2025-10-22 07:00:00,362.4216725261126,80.0,220.0,EMS,MWH,VALID
2025-10-22 08:00:00,405.79463207857486,80.0,220.0,EMS,MWH,VALID
2025-10-22 09:00:00,396.4907186651862,80.0,220.0,EMS,MWH,VALID
2025-10-22 10:00:00,388.46711167964287,80.0,220.0,EMS,MWH,VALID
2025-10-22 11:00:00,372.0456379677967,80.0,220.0,EMS,MWH,VALID
2025-10-22 12:00:00,363.8548681920351,80.0,220.0,EMS,MWH,VALID
2025-10-22 13:00:00,367.19376255675047,80.0,220.0,EMS,MWH,VALID
2025-10-22 14:00:00,370.7210589191089,80.0,220.0,EMS,MWH,VALID
2025-10-22 15:00:00,371.3973793204618,80.0,220.0,EMS,MWH,VALID
2025-10-22 16:00:00,389.8839523395806,80.0,220.0,EMS,MWH,VALID
2025-10-22 17:00:00,406.5140704874827,80.0,220.0,EMS,MWH,VALID
2025-10-22 18:00:00,463.1726492351296,80.0,220.0,EMS,MWH,VALID
2025-10-22 19:00:00,445.444274985298,80.0,220.0,EMS,MWH,VALID
2025-10-22 20:00:00,433.1462039160934,80.0,220.0,EMS,MWH,VALID
2025-10-22 21:00:00,393.831834216139,80.0,220.0,EMS,MWH,VALID
2025-10-22 22:00:00,329.8356030265818,80.0,220.0,EMS,MWH,VALID
2025-10-22 23:00:00,298.7044505777384,80.0,220.0,EMS,MWH,VALID
2025-10-23 00:00:00,278.5250569562457,80.0,220.0,EMS,MWH,VALID
2025-10-23 01:00:00,295.95589258843904,80.0,220.0,EMS,MWH,VALID
2025-10-23 02:00:00,294.4327175243004,80.0,180.4,EMS,MWH,VALID
2025-10-23 03:00:00,284.22660965249923,80.0,180.4,EMS,MWH,VALID
2025-10-23 04:00:00,318.7495210797267,80.0,180.4,EMS,MWH,VALID
2025-10-23 05:00:00,311.7812915590024,80.0,180.4,EMS,MWH,VALID
2025-10-23 06:00:00,366.841614164064,80.0,180.4,EMS,MWH,VALID
2025-10-23 07:00:00,372.1300942925962,80.0,180.4,EMS,MWH,VALID
2025-10-23 08:00:00,385.3983290874508,80.0,180.4,EMS,MWH,VALID
2025-10-23 09:00:00,430.4012692409996,80.0,180.4,EMS,MWH,VALID
2025-10-23 10:00:00,350.0538234911329,80.0,220.0,EMS,MWH,VALID
2025-10-23 11:00:00,368.6981801726981,80.0,220.0,EMS,MWH,VALID
2025-10-23 12:00:00,346.29272610177213,80.0,220.0,EMS,MWH,VALID
2025-10-23 13:00:00,337.9045871750069,80.0,220.0,EMS,MWH,VALID
2025-10-23 14:00:00,356.1515532975862,80.0,220.0,EMS,MWH,VALID
2025-10-23 15:00:00,387.5184304165713,80.0,220.0,EMS,MWH,VALID
2025-10-23 16:00:00,393.64887940828095,80.0,220.0,EMS,MWH,VALID
2025-10-23 17:00:00,395.3629173248141,80.0,220.0,EMS,MWH,VALID
2025-10-23 18:00:00,431.4019439932297,80.0,220.0,EMS,MWH,VALID
2025-10-23 19:00:00,449.5086772399275,80.0,220.0,EMS,MWH,VALID
2025-10-23 20:00:00,422.2997699942413,80.0,220.0,EMS,MWH,VALID
2025-10-23 21:00:00,412.1597972177736,80.0,220.0,EMS,MWH,VALID
2025-10-23 22:00:00,355.81650960892114,80.0,220.0,EMS,MWH,VALID
2025-10-23 23:00:00,309.2623987853364,80.0,220.0,EMS,MWH,VALID
2025-10-24 00:00:00,287.8012183954533,80.0,220.0,EMS,MWH,VALID
2025-10-24 01:00:00,275.7203372123464,80.0,220.0,EMS,MWH,VALID
2025-10-24 02:00:00,282.082572470409,80.0,220.0,EMS,MWH,VALID
2025-10-24 03:00:00,275.02135496479787,80.0,220.0,EMS,MWH,VALID
2025-10-24 04:00:00,300.95131583586675,80.0,220.0,EMS,MWH,VALID
2025-10-24 05:00:00,311.2627976843274,80.0,220.0,EMS,MWH,VALID
2025-10-24 06:00:00,345.1017706944409,80.0,220.0,EMS,MWH,VALID
2025-10-24 07:00:00,390.8293845789371,80.0,220.0,EMS,MWH,VALID
2025-10-24 08:00:00,392.4400647281848,80.0,220.0,EMS,MWH,VALID
2025-10-24 09:00:00,359.1581600377241,80.0,220.0,EMS,MWH,VALID
2025-10-24 10:00:00,403.0454073625506,80.0,220.0,EMS,MWH,VALID
2025-10-24 11:00:00,367.27159231237823,80.0,220.0,EMS,MWH,VALID
2025-10-24 12:00:00,339.4173446657495,80.0,220.0,EMS,MWH,VALID
2025-10-24 13:00:00,352.65177828030124,80.0,220.0,EMS,MWH,VALID
2025-10-24 14:00:00,369.5105404596743,80.0,220.0,EMS,MWH,VALID
2025-10-24 15:00:00,360.29141589666347,80.0,220.0,EMS,MWH,VALID
2025-10-24 16:00:00,384.5746553806206,80.0,220.0,EMS,MWH,VALID
2025-10-24 17:00:00,414.90865878366606,80.0,220.0,EMS,MWH,VALID
2025-10-24 18:00:00,470.59004358844027,80.0,220.0,EMS,MWH,VALID
2025-10-24 19:00:00,491.1379104188954,80.0,220.0,EMS,MWH,VALID
2025-10-24 20:00:00,448.90089157639113,80.0,220.0,EMS,MWH,VALID
2025-10-24 21:00:00,416.359257337688,80.0,220.0,EMS,MWH,VALID
2025-10-24 22:00:00,327.0993138530067,80.0,220.0,EMS,MWH,VALID
2025-10-24 23:00:00,310.558953137221,80.0,220.0,EMS,MWH,VALID
2025-10-25 00:00:00,224.8631381953837,80.0,220.0,EMS,MWH,VALID
2025-10-25 01:00:00,246.3467966807407,80.0,220.0,EMS,MWH,VALID
2025-10-25 02:00:00,254.1398055169344,80.0,220.0,EMS,MWH,VALID
2025-10-25 03:00:00,236.44629036028127,80.0,220.0,EMS,MWH,VALID
2025-10-25 04:00:00,241.6715883332828,80.0,220.0,EMS,MWH,VALID
2025-10-25 05:00:00,261.186677510251,80.0,220.0,EMS,MWH,VALID
2025-10-25 06:00:00,272.4655107754282,80.0,220.0,EMS,MWH,VALID
2025-10-25 07:00:00,284.79279991153567,80.0,220.0,EMS,MWH,VALID
2025-10-25 08:00:00,337.21179218277854,80.0,220.0,EMS,MWH,VALID
2025-10-25 09:00:00,315.17394373737585,80.0,220.0,EMS,MWH,VALID
2025-10-25 10:00:00,306.7036521247624,80.0,220.0,EMS,MWH,VALID
2025-10-25 11:00:00,308.0017619192679,80.0,220.0,EMS,MWH,VALID
2025-10-25 12:00:00,232.7141274416166,80.0,220.0,EMS,MWH,VALID
2025-10-25 13:00:00,316.9944520824324,80.0,220.0,EMS,MWH,VALID
2025-10-25 14:00:00,299.1611314902855,80.0,220.0,EMS,MWH,VALID
2025-10-25 15:00:00,251.96205314014748,80.0,220.0,EMS,MWH,VALID
2025-10-25 16:00:00,332.04839913967226,80.0,220.0,EMS,MWH,VALID
2025-10-25 17:00:00,365.03875411015593,80.0,220.0,EMS,MWH,VALID
2025-10-25 18:00:00,342.18337095459725,80.0,220.0,EMS,MWH,VALID
2025-10-25 19:00:00,328.8699175584486,80.0,220.0,EMS,MWH,VALID
2025-10-25 20:00:00,354.1368348904025,80.0,220.0,EMS,MWH,VALID
2025-10-25 21:00:00,322.1377219936115,80.0,220.0,EMS,MWH,VALID
2025-10-25 22:00:00,288.8603074855273,80.0,220.0,EMS,MWH,VALID
2025-10-25 23:00:00,280.1834583798513,80.0,220.0,EMS,MWH,VALID
2025-10-26 00:00:00,240.69786527456563,80.0,220.0,EMS,MWH,VALID
2025-10-26 01:00:00,233.56626277223887,80.0,220.0,EMS,MWH,VALID
2025-10-26 02:00:00,249.59616523584987,80.0,220.0,EMS,MWH,VALID
2025-10-26 03:00:00,259.9622244535486,80.0,220.0,EMS,MWH,VALID
2025-10-26 04:00:00,221.32561662154328,80.0,220.0,EMS,MWH,VALID
2025-10-26 05:00:00,277.28564071320443,80.0,220.0,EMS,MWH,VALID
2025-10-26 06:00:00,278.32344541792634,80.0,220.0,EMS,MWH,VALID
2025-10-26 07:00:00,323.602379310592,80.0,220.0,EMS,MWH,VALID
2025-10-26 08:00:00,311.86333486754137,80.0,220.0,EMS,MWH,VALID
2025-10-26 09:00:00,309.96970940425126,80.0,220.0,EMS,MWH,VALID
2025-10-26 10:00:00,267.67768167081323,80.0,220.0,EMS,MWH,VALID
2025-10-26 11:00:00,314.6553108601914,80.0,220.0,EMS,MWH,VALID
2025-10-26 12:00:00,257.0844753787049,80.0,220.0,EMS,MWH,VALID
2025-10-26 13:00:00,230.31708226554545,80.0,220.0,EMS,MWH,VALID
2025-10-26 14:00:00,297.82593023454456,80.0,220.0,EMS,MWH,VALID
2025-10-26 15:00:00,283.66075860923496,80.0,220.0,EMS,MWH,VALID
2025-10-26 16:00:00,294.36111023678137,80.0,220.0,EMS,MWH,VALID
2025-10-26 17:00:00,319.65711676375054,80.0,220.0,EMS,MWH,VALID
2025-10-26 18:00:00,371.1383087280829,80.0,220.0,EMS,MWH,VALID
2025-10-26 19:00:00,377.3448264406709,80.0,220.0,EMS,MWH,VALID
2025-10-26 20:00:00,360.9897497507965,80.0,220.0,EMS,MWH,VALID
2025-10-26 21:00:00,315.64395343829545,80.0,220.0,EMS,MWH,VALID
2025-10-26 22:00:00,277.64607760602803,80.0,220.0,EMS,MWH,VALID
2025-10-26 23:00:00,285.0862385900844,80.0,220.0,EMS,MWH,VALID
2025-10-27 00:00:00,283.0737343411875,80.0,220.0,EMS,MWH,VALID
2025-10-27 01:00:00,291.4305813091257,80.0,220.0,EMS,MWH,VALID
2025-10-27 02:00:00,274.0475402042728,80.0,220.0,EMS,MWH,VALID
2025-10-27 03:00:00,306.1296932084215,80.0,220.0,EMS,MWH,VALID
2025-10-27 04:00:00,299.53970303291936,80.0,220.0,EMS,MWH,VALID
2025-10-27 05:00:00,324.77884414500187,80.0,220.0,EMS,MWH,VALID
2025-10-27 06:00:00,365.759246770538,80.0,220.0,EMS,MWH,VALID
2025-10-27 07:00:00,375.2905877009026,80.0,220.0,EMS,MWH,VALID
2025-10-27 08:00:00,429.967023883931,80.0,220.0,EMS,MWH,VALID
2025-10-27 09:00:00,413.752790669798,80.0,220.0,EMS,MWH,VALID
2025-10-27 10:00:00,377.69927572101017,80.0,220.0,EMS,MWH,VALID
2025-10-27 11:00:00,354.90186066148823,80.0,220.0,EMS,MWH,VALID
2025-10-27 12:00:00,342.3689710666199,80.0,220.0,EMS,MWH,VALID
2025-10-27 13:00:00,345.9954293668522,80.0,220.0,EMS,MWH,VALID
2025-10-27 14:00:00,335.9667026824844,80.0,220.0,EMS,MWH,VALID
2025-10-27 15:00:00,378.6315428035723,80.0,220.0,EMS,MWH,VALID
2025-10-27 16:00:00,395.25683254006833,80.0,220.0,EMS,MWH,VALID
2025-10-27 17:00:00,418.5545285731147,80.0,220.0,EMS,MWH,VALID
2025-10-27 18:00:00,459.4113012428747,80.0,220.0,EMS,MWH,VALID
2025-10-27 19:00:00,455.9145459899012,80.0,220.0,EMS,MWH,VALID
2025-10-27 20:00:00,429.6822606383285,80.0,220.0,EMS,MWH,VALID
2025-10-27 21:00:00,403.0626032249516,80.0,220.0,EMS,MWH,VALID
2025-10-27 22:00:00,341.1047439229525,80.0,220.0,EMS,MWH,VALID
2025-10-27 23:00:00,331.61322920106045,80.0,220.0,EMS,MWH,VALID
2025-10-28 00:00:00,290.92756377042906,80.0,220.0,EMS,MWH,VALID
2025-10-28 01:00:00,319.7834420262676,80.0,220.0,EMS,MWH,VALID
2025-10-28 02:00:00,294.1182824309003,80.0,220.0,EMS,MWH,VALID
2025-10-28 03:00:00,278.8174547759399,80.0,220.0,EMS,MWH,VALID
2025-10-28 04:00:00,302.495470020621,80.0,220.0,EMS,MWH,VALID
2025-10-28 05:00:00,321.82400707512915,80.0,220.0,EMS,MWH,VALID
2025-10-28 06:00:00,343.4857461265292,80.0,220.0,EMS,MWH,VALID
2025-10-28 07:00:00,387.2846995044769,80.0,220.0,EMS,MWH,VALID
2025-10-28 08:00:00,412.2188074768745,80.0,220.0,EMS,MWH,VALID
2025-10-28 09:00:00,395.9166101442591,80.0,220.0,EMS,MWH,VALID
2025-10-28 10:00:00,391.3954896714739,80.0,220.0,EMS,MWH,VALID
2025-10-28 11:00:00,365.9540041299809,80.0,220.0,EMS,MWH,VALID
2025-10-28 12:00:00,347.3921839239436,80.0,220.0,EMS,MWH,VALID
2025-10-28 13:00:00,328.6854939115348,80.0,220.0,EMS,MWH,VALID
2025-10-28 14:00:00,379.9762194377708,80.0,220.0,EMS,MWH,VALID
2025-10-28 15:00:00,388.16657437472986,80.0,220.0,EMS,MWH,VALID
2025-10-28 16:00:00,372.68477768657465,80.0,220.0,EMS,MWH,VALID
2025-10-28 17:00:00,393.8773257215204,80.0,220.0,EMS,MWH,VALID
2025-10-28 18:00:00,443.7604563817621,80.0,220.0,EMS,MWH,VALID
2025-10-28 19:00:00,455.3147361564978,80.0,220.0,EMS,MWH,VALID
2025-10-28 20:00:00,419.0766349668938,80.0,220.0,EMS,MWH,VALID
2025-10-28 21:00:00,387.074424190705,80.0,220.0,EMS,MWH,VALID
2025-10-28 22:00:00,367.1289339029236,80.0,220.0,EMS,MWH,VALID
2025-10-28 23:00:00,317.1659987038956,80.0,220.0,EMS,MWH,VALID
2025-10-29 00:00:00,278.0325341172497,80.0,220.0,EMS,MWH,VALID
2025-10-29 01:00:00,295.53207727615,80.0,220.0,EMS,MWH,VALID
2025-10-29 02:00:00,284.5650231833599,80.0,220.0,EMS,MWH,VALID
2025-10-29 03:00:00,278.44662605716894,80.0,220.0,EMS,MWH,VALID
2025-10-29 04:00:00,276.8974009382412,80.0,220.0,EMS,MWH,VALID
2025-10-29 05:00:00,325.5233857384993,80.0,220.0,EMS,MWH,VALID
2025-10-29 06:00:00,325.8218606974424,80.0,220.0,EMS,MWH,VALID
2025-10-29 07:00:00,380.1996261149595,80.0,220.0,EMS,MWH,VALID
2025-10-29 08:00:00,423.5516196223391,80.0,220.0,EMS,MWH,VALID
2025-10-29 09:00:00,404.7092363357439,80.0,220.0,EMS,MWH,VALID
2025-10-29 10:00:00,380.6637505546076,80.0,220.0,EMS,MWH,VALID
2025-10-29 11:00:00,383.90624861329206,80.0,220.0,EMS,MWH,VALID
2025-10-29 12:00:00,373.7756252751726,80.0,220.0,EMS,MWH,VALID
2025-10-29 13:00:00,380.02747326761096,80.0,220.0,EMS,MWH,VALID
2025-10-29 14:00:00,348.1000360394359,80.0,220.0,EMS,MWH,VALID
2025-10-29 15:00:00,351.6802723850621,80.0,220.0,EMS,MWH,VALID
2025-10-29 16:00:00,364.7609981895194,80.0,220.0,EMS,MWH,VALID
2025-10-29 17:00:00,430.0147175061039,80.0,220.0,EMS,MWH,VALID
2025-10-29 18:00:00,463.3814375462336,80.0,220.0,EMS,MWH,VALID
2025-10-29 19:00:00,422.37026817495416,80.0,220.0,EMS,MWH,VALID
2025-10-29 20:00:00,451.44367481487706,80.0,220.0,EMS,MWH,VALID
2025-10-29 21:00:00,398.3625818101322,80.0,220.0,EMS,MWH,VALID
2025-10-29 22:00:00,337.5894711667336,80.0,220.0,EMS,MWH,VALID
2025-10-29 23:00:00,330.25545459121474,80.0,220.0,EMS,MWH,VALID
2025-10-30 00:00:00,293.29290726267817,80.0,220.0,EMS,MWH,VALID
2025-10-30 01:00:00,297.239914547735,80.0,220.0,EMS,MWH,VALID
2025-10-30 02:00:00,275.5618994200112,80.0,220.0,EMS,MWH,VALID
2025-10-30 03:00:00,278.337742364333,80.0,220.0,EMS,MWH,VALID
2025-10-30 04:00:00,299.1113612057336,80.0,220.0,EMS,MWH,VALID
2025-10-30 05:00:00,313.2519731445469,80.0,220.0,EMS,MWH,VALID
2025-10-30 06:00:00,341.6018534701175,80.0,220.0,EMS,MWH,VALID
2025-10-30 07:00:00,395.29859774246233,80.0,220.0,EMS,MWH,VALID
2025-10-30 08:00:00,400.1563189763408,80.0,220.0,EMS,MWH,VALID
2025-10-30 09:00:00,383.53442461682215,80.0,220.0,EMS,MWH,VALID
2025-10-30 10:00:00,379.6794643607303,80.0,220.0,EMS,MWH,VALID
2025-10-30 11:00:00,391.1677524540461,80.0,220.0,EMS,MWH,VALID
2025-10-30 12:00:00,347.06931162273423,80.0,220.0,EMS,MWH,VALID
2025-10-30 13:00:00,336.1666454989355,80.0,220.0,EMS,MWH,VALID
2025-10-30 14:00:00,353.9454011466951,80.0,220.0,EMS,MWH,VALID
2025-10-30 15:00:00,355.8809885298173,80.0,220.0,EMS,MWH,VALID
2025-10-30 16:00:00,389.59715188253887,80.0,220.0,EMS,MWH,VALID
2025-10-30 17:00:00,416.48180231743856,80.0,220.0,EMS,MWH,VALID
2025-10-30 18:00:00,454.0128197768138,80.0,220.0,EMS,MWH,VALID
2025-10-30 19:00:00,451.71374903462623,80.0,220.0,EMS,MWH,VALID
2025-10-30 20:00:00,427.6653556376496,80.0,220.0,EMS,MWH,VALID
2025-10-30 21:00:00,391.56430248015454,80.0,220.0,EMS,MWH,VALID
2025-10-30 22:00:00,329.63641628833574,80.0,220.0,EMS,MWH,VALID
2025-10-30 23:00:00,327.70656885110856,80.0,220.0,EMS,MWH,VALID
2025-10-31 00:00:00,328.7112868809267,80.0,220.0,EMS,MWH,VALID
2025-10-31 01:00:00,284.8615832877626,80.0,220.0,EMS,MWH,VALID
2025-10-31 02:00:00,309.98002026035016,80.0,220.0,EMS,MWH,VALID
2025-10-31 03:00:00,309.2411890792868,80.0,220.0,EMS,MWH,VALID
2025-10-31 04:00:00,304.8248558307909,80.0,220.0,EMS,MWH,VALID
2025-10-31 05:00:00,295.9403580138793,80.0,220.0,EMS,MWH,VALID
2025-10-31 06:00:00,325.57872329701104,80.0,220.0,EMS,MWH,VALID
2025-10-31 07:00:00,358.5836157303253,80.0,220.0,EMS,MWH,VALID
2025-10-31 08:00:00,373.4541496786457,80.0,220.0,EMS,MWH,VALID
2025-10-31 09:00:00,377.8517430269689,80.0,220.0,EMS,MWH,VALID
2025-10-31 10:00:00,358.8418019284369,80.0,220.0,EMS,MWH,VALID
2025-10-31 11:00:00,359.3538625742541,80.0,220.0,EMS,MWH,VALID
2025-10-31 12:00:00,379.1347969796182,80.0,220.0,EMS,MWH,VALID
2025-10-31 13:00:00,337.5027284016511,80.0,220.0,EMS,MWH,VALID
2025-10-31 14:00:00,349.6802536473819,80.0,220.0,EMS,MWH,VALID
2025-10-31 15:00:00,360.4092127088159,80.0,220.0,EMS,MWH,VALID
2025-10-31 16:00:00,376.6639555749987,80.0,220.0,EMS,MWH,VALID
2025-10-31 17:00:00,411.7675910207012,80.0,220.0,EMS,MWH,VALID
2025-10-31 18:00:00,457.0491199424229,80.0,220.0,EMS,MWH,VALID
2025-10-31 19:00:00,447.066189061109,80.0,220.0,EMS,MWH,VALID
2025-10-31 20:00:00,424.21150159573006,80.0,220.0,EMS,MWH,VALID
2025-10-31 21:00:00,396.8993224086082,80.0,220.0,EMS,MWH,VALID
2025-10-31 22:00:00,355.4928952917693,80.0,220.0,EMS,MWH,VALID
2025-10-31 23:00:00,319.1203641858075,80.0,220.0,EMS,MWH,VALID
2025-11-01 00:00:00,227.3369944613713,80.0,220.0,EMS,MWH,VALID
2025-11-01 01:00:00,215.659050853195,80.0,220.0,EMS,MWH,VALID
2025-11-01 02:00:00,215.9165415209841,80.0,220.0,EMS,MWH,VALID
2025-11-01 03:00:00,225.56919330199835,80.0,220.0,EMS,MWH,VALID
2025-11-01 04:00:00,252.32881349857232,80.0,220.0,EMS,MWH,VALID
2025-11-01 05:00:00,268.15643175220407,80.0,220.0,EMS,MWH,VALID
2025-11-01 06:00:00,285.3939790647023,80.0,220.0,EMS,MWH,VALID
2025-11-01 07:00:00,303.4091011175344,80.0,220.0,EMS,MWH,VALID
2025-11-01 08:00:00,312.46499847975906,80.0,220.0,EMS,MWH,VALID
2025-11-01 09:00:00,307.7961423195445,80.0,220.0,EMS,MWH,VALID
2025-11-01 10:00:00,307.7054202941377,80.0,220.0,EMS,MWH,VALID
2025-11-01 11:00:00,299.4361056518899,80.0,220.0,EMS,MWH,VALID
2025-11-01 12:00:00,293.75498323988444,80.0,220.0,EMS,MWH,VALID
2025-11-01 13:00:00,283.7263875190028,80.0,220.0,EMS,MWH,VALID
2025-11-01 14:00:00,239.44978408209823,80.0,220.0,EMS,MWH,VALID
2025-11-01 15:00:00,301.34064317634574,80.0,220.0,EMS,MWH,VALID
2025-11-01 16:00:00,316.8916050885928,80.0,220.0,EMS,MWH,VALID
2025-11-01 17:00:00,336.4346525205672,80.0,220.0,EMS,MWH,VALID
2025-11-01 18:00:00,366.6652047119295,80.0,220.0,EMS,MWH,VALID
2025-11-01 19:00:00,399.3684754152109,80.0,220.0,EMS,MWH,VALID
2025-11-01 20:00:00,336.796871856516,80.0,220.0,EMS,MWH,VALID
2025-11-01 21:00:00,333.65437679849714,80.0,220.0,EMS,MWH,VALID
2025-11-01 22:00:00,287.0136574950724,80.0,220.0,EMS,MWH,VALID
2025-11-01 23:00:00,254.83902426207456,80.0,220.0,EMS,MWH,VALID
2025-11-02 00:00:00,235.59680808241885,80.0,220.0,EMS,MWH,VALID
2025-11-02 01:00:00,216.93843613778708,80.0,220.0,EMS,MWH,VALID
2025-11-02 02:00:00,219.131179357924,80.0,220.0,EMS,MWH,VALID
2025-11-02 03:00:00,237.8569081741555,80.0,220.0,EMS,MWH,VALID
2025-11-02 04:00:00,271.8353235299079,80.0,220.0,EMS,MWH,VALID
2025-11-02 05:00:00,247.37638176882632,80.0,220.0,EMS,MWH,VALID
2025-11-02 06:00:00,280.81092198238167,80.0,220.0,EMS,MWH,VALID
2025-11-02 07:00:00,320.51424845251427,80.0,220.0,EMS,MWH,VALID
2025-11-02 08:00:00,307.601890530288,80.0,220.0,EMS,MWH,VALID
2025-11-02 09:00:00,314.0770103008183,80.0,220.0,EMS,MWH,VALID
2025-11-02 10:00:00,279.19027905010296,80.0,220.0,EMS,MWH,VALID
2025-11-02 11:00:00,294.100412956043,80.0,220.0,EMS,MWH,VALID
2025-11-02 12:00:00,303.31192075771827,80.0,220.0,EMS,MWH,VALID
2025-11-02 13:00:00,312.0451357931414,80.0,220.0,EMS,MWH,VALID
2025-11-02 14:00:00,278.00830964578137,80.0,220.0,EMS,MWH,VALID
2025-11-02 15:00:00,295.0229217426123,80.0,220.0,EMS,MWH,VALID
2025-11-02 16:00:00,329.62069299500047,80.0,220.0,EMS,MWH,VALID
2025-11-02 17:00:00,372.4474787097372,80.0,220.0,EMS,MWH,VALID
2025-11-02 18:00:00,380.8975668380504,80.0,220.0,EMS,MWH,VALID
2025-11-02 19:00:00,374.96644662810303,80.0,220.0,EMS,MWH,VALID
2025-11-02 20:00:00,369.1889801099299,80.0,220.0,EMS,MWH,VALID
2025-11-02 21:00:00,319.2448439658401,80.0,220.0,EMS,MWH,VALID
2025-11-02 22:00:00,300.1700949086458,80.0,220.0,EMS,MWH,VALID
2025-11-02 23:00:00,257.43833404662473,80.0,220.0,EMS,MWH,VALID
2025-11-03 00:00:00,283.1953105881088,80.0,220.0,EMS,MWH,VALID
2025-11-03 01:00:00,294.81763476575964,80.0,220.0,EMS,MWH,VALID
2025-11-03 02:00:00,282.1463187495741,80.0,220.0,EMS,MWH,VALID
2025-11-03 03:00:00,308.34050085725823,80.0,220.0,EMS,MWH,VALID
2025-11-03 04:00:00,317.4881287314625,80.0,220.0,EMS,MWH,VALID
2025-11-03 05:00:00,320.995059935589,80.0,220.0,EMS,MWH,VALID
2025-11-03 06:00:00,353.3011104406648,80.0,220.0,EMS,MWH,VALID
2025-11-03 07:00:00,380.0368437367412,80.0,220.0,EMS,MWH,VALID
2025-11-03 08:00:00,376.0864068681669,80.0,220.0,EMS,MWH,VALID
2025-11-03 09:00:00,404.5779728154045,80.0,220.0,EMS,MWH,VALID
2025-11-03 10:00:00,354.15767975040905,80.0,220.0,EMS,MWH,VALID
2025-11-03 11:00:00,380.6886956292095,80.0,220.0,EMS,MWH,VALID
2025-11-03 12:00:00,353.5644432043593,80.0,220.0,EMS,MWH,VALID
2025-11-03 13:00:00,340.5807469513359,80.0,220.0,EMS,MWH,VALID
2025-11-03 14:00:00,356.9936113978161,80.0,220.0,EMS,MWH,VALID
2025-11-03 15:00:00,377.9065696315869,80.0,220.0,EMS,MWH,VALID
2025-11-03 16:00:00,401.5906068235802,80.0,220.0,EMS,MWH,VALID
2025-11-03 17:00:00,432.7749993188866,80.0,220.0,EMS,MWH,VALID
2025-11-03 18:00:00,436.9429767569689,80.0,220.0,EMS,MWH,VALID
2025-11-03 19:00:00,443.09129184227817,80.0,220.0,EMS,MWH,VALID
2025-11-03 20:00:00,431.0517745936551,80.0,220.0,EMS,MWH,VALID
2025-11-03 21:00:00,390.7524185057932,80.0,220.0,EMS,MWH,VALID
2025-11-03 22:00:00,347.2778849336184,80.0,220.0,EMS,MWH,VALID
2025-11-03 23:00:00,295.9444427192886,80.0,220.0,EMS,MWH,VALID
2025-11-04 00:00:00,288.5199694075708,80.0,220.0,EMS,MWH,VALID
2025-11-04 01:00:00,297.54857406223493,80.0,220.0,EMS,MWH,VALID
2025-11-04 02:00:00,282.7534555082114,80.0,220.0,EMS,MWH,VALID
2025-11-04 03:00:00,292.1919551148469,80.0,220.0,EMS,MWH,VALID
2025-11-04 04:00:00,314.86350826846075,80.0,220.0,EMS,MWH,VALID
2025-11-04 05:00:00,298.2548355469136,80.0,220.0,EMS,MWH,VALID
2025-11-04 06:00:00,350.25275743896725,80.0,220.0,EMS,MWH,VALID
2025-11-04 07:00:00,350.1321562718871,80.0,220.0,EMS,MWH,VALID
2025-11-04 08:00:00,377.0798604919759,80.0,220.0,EMS,MWH,VALID
2025-11-04 09:00:00,416.6128878584672,80.0,220.0,EMS,MWH,VALID
2025-11-04 10:00:00,367.9295814168661,80.0,220.0,EMS,MWH,VALID
2025-11-04 11:00:00,366.6509698957178,80.0,220.0,EMS,MWH,VALID
2025-11-04 12:00:00,335.7466255818837,80.0,220.0,EMS,MWH,VALID
2025-11-04 13:00:00,350.4984046441793,80.0,220.0,EMS,MWH,VALID
2025-11-04 14:00:00,362.0349830378037,80.0,220.0,EMS,MWH,VALID
2025-11-04 15:00:00,374.7209584895684,80.0,220.0,EMS,MWH,VALID
2025-11-04 16:00:00,393.0889601728987,80.0,220.0,EMS,MWH,VALID
2025-11-04 17:00:00,414.49524466882855,80.0,220.0,EMS,MWH,VALID
2025-11-04 18:00:00,458.91108993376406,80.0,220.0,EMS,MWH,VALID
2025-11-04 19:00:00,459.99304609480527,80.0,220.0,EMS,MWH,VALID
2025-11-04 20:00:00,412.2730066575767,80.0,220.0,EMS,MWH,VALID
2025-11-04 21:00:00,388.9498319609631,80.0,220.0,EMS,MWH,VALID
2025-11-04 22:00:00,333.3227443951563,80.0,220.0,EMS,MWH,VALID
2025-11-04 23:00:00,300.58519298414654,80.0,220.0,EMS,MWH,VALID
2025-11-05 00:00:00,288.2095742472608,80.0,220.0,EMS,MWH,VALID
2025-11-05 01:00:00,275.07530237163826,80.0,220.0,EMS,MWH,VALID
2025-11-05 02:00:00,296.57218477228275,80.0,220.0,EMS,MWH,VALID
2025-11-05 03:00:00,300.7434110837084,80.0,220.0,EMS,MWH,VALID
2025-11-05 04:00:00,264.05762712423035,80.0,220.0,EMS,MWH,VALID
2025-11-05 05:00:00,330.77633226700027,80.0,220.0,EMS,MWH,VALID
2025-11-05 06:00:00,344.3651941430605,80.0,220.0,EMS,MWH,VALID
2025-11-05 07:00:00,382.0696987299868,80.0,220.0,EMS,MWH,VALID
2025-11-05 08:00:00,407.8813929342933,80.0,220.0,EMS,MWH,VALID
2025-11-05 09:00:00,376.0879274126352,80.0,220.0,EMS,MWH,VALID
2025-11-05 10:00:00,378.5928067839087,80.0,220.0,EMS,MWH,VALID
2025-11-05 11:00:00,372.690858778385,80.0,220.0,EMS,MWH,VALID
2025-11-05 12:00:00,358.0099288233928,80.0,220.0,EMS,MWH,VALID
2025-11-05 13:00:00,377.2901930245766,80.0,220.0,EMS,MWH,VALID
2025-11-05 14:00:00,344.7503383155424,80.0,220.0,EMS,MWH,VALID
2025-11-05 15:00:00,365.2237295961796,80.0,220.0,EMS,MWH,VALID
2025-11-05 16:00:00,384.9964922312022,80.0,220.0,EMS,MWH,VALID
2025-11-05 17:00:00,441.0338855145369,80.0,220.0,EMS,MWH,VALID
2025-11-05 18:00:00,453.7307183939843,80.0,220.0,EMS,MWH,VALID
2025-11-05 19:00:00,457.1489546479152,80.0,220.0,EMS,MWH,VALID
2025-11-05 20:00:00,465.3826005080221,80.0,220.0,EMS,MWH,VALID
2025-11-05 21:00:00,404.34613061308113,80.0,220.0,EMS,MWH,VALID
2025-11-05 22:00:00,340.2942224132847,80.0,220.0,EMS,MWH,VALID
2025-11-05 23:00:00,314.5228740825208,80.0,220.0,EMS,MWH,VALID
2025-11-06 00:00:00,300.6565030870132,80.0,220.0,EMS,MWH,VALID
2025-11-06 01:00:00,277.2894819779679,80.0,220.0,EMS,MWH,VALID
2025-11-06 02:00:00,301.51008370230005,80.0,220.0,EMS,MWH,VALID
2025-11-06 03:00:00,309.716211332797,80.0,220.0,EMS,MWH,VALID
2025-11-06 04:00:00,307.91474913972496,80.0,220.0,EMS,MWH,VALID
2025-11-06 05:00:00,309.03306485617054,80.0,220.0,EMS,MWH,VALID
2025-11-06 06:00:00,340.6227320888127,80.0,220.0,EMS,MWH,VALID
2025-11-06 07:00:00,385.2537294080889,80.0,220.0,EMS,MWH,VALID
2025-11-06 08:00:00,400.5701941275695,80.0,220.0,EMS,MWH,VALID
2025-11-06 09:00:00,427.2795262339922,80.0,220.0,EMS,MWH,VALID
2025-11-06 10:00:00,367.65527050769714,80.0,220.0,EMS,MWH,VALID
2025-11-06 11:00:00,373.2538667727347,80.0,220.0,EMS,MWH,VALID
2025-11-06 12:00:00,353.327716417714,80.0,220.0,EMS,MWH,VALID
2025-11-06 13:00:00,322.0891498874211,80.0,220.0,EMS,MWH,VALID
2025-11-06 14:00:00,374.8698920003417,80.0,220.0,EMS,MWH,VALID
2025-11-06 15:00:00,361.9793454064781,80.0,220.0,EMS,MWH,VALID
2025-11-06 16:00:00,404.3131124272544,80.0,220.0,EMS,MWH,VALID
2025-11-06 17:00:00,429.44155576451067,80.0,220.0,EMS,MWH,VALID
2025-11-06 18:00:00,459.4765235950244,80.0,220.0,EMS,MWH,VALID
2025-11-06 19:00:00,452.4078195856342,80.0,220.0,EMS,MWH,VALID
2025-11-06 20:00:00,428.2712973759761,80.0,220.0,EMS,MWH,VALID
2025-11-06 21:00:00,422.8726102319753,80.0,220.0,EMS,MWH,VALID
2025-11-06 22:00:00,353.7078903537834,80.0,220.0,EMS,MWH,VALID
2025-11-06 23:00:00,345.56967868710296,80.0,220.0,EMS,MWH,VALID
2025-11-07 00:00:00,289.66422714959174,80.0,220.0,EMS,MWH,VALID
2025-11-07 01:00:00,295.8462300325452,80.0,220.0,EMS,MWH,VALID
2025-11-07 02:00:00,298.8901348436882,80.0,220.0,EMS,MWH,VALID
2025-11-07 03:00:00,308.98640477819185,80.0,220.0,EMS,MWH,VALID
2025-11-07 04:00:00,268.7476411707403,80.0,220.0,EMS,MWH,VALID
2025-11-07 05:00:00,311.9839322106679,80.0,220.0,EMS,MWH,VALID
2025-11-07 06:00:00,354.07557312200373,80.0,220.0,EMS,MWH,VALID
2025-11-07 07:00:00,398.3897816272032,80.0,220.0,EMS,MWH,VALID
2025-11-07 08:00:00,408.50038679322006,80.0,220.0,EMS,MWH,VALID
2025-11-07 09:00:00,388.516330244775,80.0,220.0,EMS,MWH,VALID
2025-11-07 10:00:00,385.8572692339224,80.0,220.0,EMS,MWH,VALID
2025-11-07 11:00:00,403.18646865332846,80.0,220.0,EMS,MWH,VALID
2025-11-07 12:00:00,361.2521847060537,80.0,220.0,EMS,MWH,VALID
2025-11-07 13:00:00,353.0131057065143,80.0,220.0,EMS,MWH,VALID
2025-11-07 14:00:00,368.825586008846,80.0,220.0,EMS,MWH,VALID
2025-11-07 15:00:00,364.01076160951584,80.0,220.0,EMS,MWH,VALID
2025-11-07 16:00:00,390.822765529316,80.0,220.0,EMS,MWH,VALID
2025-11-07 17:00:00,426.02080181112586,80.0,220.0,EMS,MWH,VALID
2025-11-07 18:00:00,441.1188370418329,80.0,220.0,EMS,MWH,VALID
2025-11-07 19:00:00,450.5410624040005,80.0,220.0,EMS,MWH,VALID
2025-11-07 20:00:00,463.7151417266572,80.0,220.0,EMS,MWH,VALID
2025-11-07 21:00:00,378.6726157049714,80.0,220.0,EMS,MWH,VALID
2025-11-07 22:00:00,335.2487222235648,80.0,220.0,EMS,MWH,VALID
2025-11-07 23:00:00,318.76046427155427,80.0,220.0,EMS,MWH,VALID
2025-11-08 00:00:00,225.22104219299283,80.0,220.0,EMS,MWH,VALID
2025-11-08 01:00:00,246.46065126959547,80.0,220.0,EMS,MWH,VALID
2025-11-08 02:00:00,242.59944480572997,80.0,220.0,EMS,MWH,VALID
2025-11-08 03:00:00,251.24006150494563,80.0,220.0,EMS,MWH,VALID
2025-11-08 04:00:00,263.3037044851652,80.0,220.0,EMS,MWH,VALID
2025-11-08 05:00:00,267.03445396946427,80.0,220.0,EMS,MWH,VALID
2025-11-08 06:00:00,300.6746590320116,80.0,220.0,EMS,MWH,VALID
2025-11-08 07:00:00,284.3498691655599,80.0,220.0,EMS,MWH,VALID
2025-11-08 08:00:00,324.5156601509307,80.0,220.0,EMS,MWH,VALID
2025-11-08 09:00:00,298.2852001586534,80.0,220.0,EMS,MWH,VALID
2025-11-08 10:00:00,316.2679462095922,80.0,220.0,EMS,MWH,VALID
2025-11-08 11:00:00,318.68655059612576,80.0,220.0,EMS,MWH,VALID
2025-11-08 12:00:00,275.64831845589816,80.0,220.0,EMS,MWH,VALID
2025-11-08 13:00:00,221.90555187660885,80.0,220.0,EMS,MWH,VALID
2025-11-08 14:00:00,283.6867853108822,80.0,220.0,EMS,MWH,VALID
2025-11-08 15:00:00,311.97542333858667,80.0,220.0,EMS,MWH,VALID
2025-11-08 16:00:00,320.0749129287404,80.0,220.0,EMS,MWH,VALID
2025-11-08 17:00:00,335.475183975452,80.0,220.0,EMS,MWH,VALID
2025-11-08 18:00:00,371.3082114078343,80.0,220.0,EMS,MWH,VALID
2025-11-08 19:00:00,354.843496436605,80.0,220.0,EMS,MWH,VALID
2025-11-08 20:00:00,360.6064154600019,80.0,220.0,EMS,MWH,VALID
2025-11-08 21:00:00,313.0430257784319,80.0,220.0,EMS,MWH,VALID
2025-11-08 22:00:00,297.7187943613746,80.0,220.0,EMS,MWH,VALID
2025-11-08 23:00:00,239.8716574956368,80.0,220.0,EMS,MWH,VALID
2025-11-09 00:00:00,238.7487396694138,80.0,220.0,EMS,MWH,VALID
2025-11-09 01:00:00,233.36896094696573,80.0,220.0,EMS,MWH,VALID
2025-11-09 02:00:00,252.93930430489104,80.0,220.0,EMS,MWH,VALID
2025-11-09 03:00:00,229.40406520881623,80.0,220.0,EMS,MWH,VALID
2025-11-09 04:00:00,218.38407169177904,80.0,220.0,EMS,MWH,VALID
2025-11-09 05:00:00,269.3559738475498,80.0,220.0,EMS,MWH,VALID
2025-11-09 06:00:00,265.9945606194368,80.0,220.0,EMS,MWH,VALID
2025-11-09 07:00:00,307.0984443462912,80.0,220.0,EMS,MWH,VALID
2025-11-09 08:00:00,329.6871309747129,80.0,220.0,EMS,MWH,VALID
2025-11-09 09:00:00,291.4795277446556,80.0,220.0,EMS,MWH,VALID
2025-11-09 10:00:00,295.1534870327197,80.0,220.0,EMS,MWH,VALID
2025-11-09 11:00:00,288.924229025943,80.0,220.0,EMS,MWH,VALID
2025-11-09 12:00:00,266.87012114064424,80.0,220.0,EMS,MWH,VALID
2025-11-09 13:00:00,256.6370342726696,80.0,220.0,EMS,MWH,VALID
2025-11-09 14:00:00,242.8243805067188,80.0,220.0,EMS,MWH,VALID
2025-11-09 15:00:00,336.8258564205561,80.0,220.0,EMS,MWH,VALID
2025-11-09 16:00:00,321.4021809262801,80.0,220.0,EMS,MWH,VALID
2025-11-09 17:00:00,354.8916176397764,80.0,220.0,EMS,MWH,VALID
2025-11-09 18:00:00,358.70432989687424,80.0,220.0,EMS,MWH,VALID
2025-11-09 19:00:00,360.3309764548905,80.0,220.0,EMS,MWH,VALID
2025-11-09 20:00:00,372.3177565177666,80.0,220.0,EMS,MWH,VALID
2025-11-09 21:00:00,319.7378309457599,80.0,220.0,EMS,MWH,VALID
2025-11-09 22:00:00,289.0151894469605,80.0,220.0,EMS,MWH,VALID
2025-11-09 23:00:00,256.9433324860993,80.0,220.0,EMS,MWH,VALID
2025-11-10 00:00:00,309.5085778884981,80.0,220.0,EMS,MWH,VALID
2025-11-10 01:00:00,286.49982786570735,80.0,220.0,EMS,MWH,VALID
2025-11-10 02:00:00,297.323068071588,80.0,220.0,EMS,MWH,VALID
2025-11-10 03:00:00,294.5287847288704,80.0,220.0,EMS,MWH,VALID
2025-11-10 04:00:00,279.607212093706,80.0,220.0,EMS,MWH,VALID
2025-11-10 05:00:00,305.5740604603264,80.0,220.0,EMS,MWH,VALID
2025-11-10 06:00:00,349.5732102681483,80.0,220.0,EMS,MWH,VALID
2025-11-10 07:00:00,370.5188323099338,80.0,220.0,EMS,MWH,VALID
2025-11-10 08:00:00,391.4900307665735,80.0,220.0,EMS,MWH,VALID
2025-11-10 09:00:00,414.24474119940334,80.0,220.0,EMS,MWH,VALID
2025-11-10 10:00:00,374.4461265452473,80.0,220.0,EMS,MWH,VALID
2025-11-10 11:00:00,394.9426041336661,80.0,220.0,EMS,MWH,VALID
2025-11-10 12:00:00,353.7744936396339,80.0,220.0,EMS,MWH,VALID
2025-11-10 13:00:00,346.87881015977763,80.0,220.0,EMS,MWH,VALID
2025-11-10 14:00:00,378.4280676697378,80.0,220.0,EMS,MWH,VALID
2025-11-10 15:00:00,369.55472520513126,80.0,220.0,EMS,MWH,VALID
2025-11-10 16:00:00,405.43627560551926,80.0,220.0,EMS,MWH,VALID
2025-11-10 17:00:00,401.3464092825214,80.0,220.0,EMS,MWH,VALID
2025-11-10 18:00:00,419.4379611965079,80.0,220.0,EMS,MWH,VALID
2025-11-10 19:00:00,420.6380323400263,80.0,220.0,EMS,MWH,VALID
2025-11-10 20:00:00,415.5318504153888,80.0,220.0,EMS,MWH,VALID
2025-11-10 21:00:00,373.7242019410593,80.0,220.0,EMS,MWH,VALID
2025-11-10 22:00:00,355.70266452337034,80.0,220.0,EMS,MWH,VALID
2025-11-10 23:00:00,313.07931145816286,80.0,220.0,EMS,MWH,VALID
2025-11-11 00:00:00,284.2147654240671,80.0,220.0,EMS,MWH,VALID
2025-11-11 01:00:00,270.6696080136574,80.0,220.0,EMS,MWH,VALID
2025-11-11 02:00:00,301.93641337086416,80.0,220.0,EMS,MWH,VALID
2025-11-11 03:00:00,301.88334624393053,80.0,220.0,EMS,MWH,VALID
2025-11-11 04:00:00,277.2026515095658,80.0,220.0,EMS,MWH,VALID
2025-11-11 05:00:00,311.80451490697334,80.0,220.0,EMS,MWH,VALID
2025-11-11 06:00:00,333.8566469845605,80.0,220.0,EMS,MWH,VALID
2025-11-11 07:00:00,400.5957303847961,80.0,220.0,EMS,MWH,VALID
2025-11-11 08:00:00,397.885769933648,80.0,220.0,EMS,MWH,VALID
2025-11-11 09:00:00,393.15679418588127,80.0,220.0,EMS,MWH,VALID
2025-11-11 10:00:00,381.6004522231558,80.0,220.0,EMS,MWH,VALID
2025-11-11 11:00:00,366.9492855402629,80.0,220.0,EMS,MWH,VALID
2025-11-11 12:00:00,360.6905863423853,80.0,220.0,EMS,MWH,VALID
2025-11-11 13:00:00,325.2827317235675,80.0,220.0,EMS,MWH,VALID
2025-11-11 14:00:00,356.83505155050085,80.0,220.0,EMS,MWH,VALID
2025-11-11 15:00:00,406.2832126689514,72.0,220.0,EMS,MWH,VALID
2025-11-11 16:00:00,372.3671613203208,72.0,220.0,EMS,MWH,VALID
2025-11-11 17:00:00,430.7076700283283,72.0,220.0,EMS,MWH,VALID
2025-11-11 18:00:00,456.5225800451536,72.0,220.0,EMS,MWH,VALID
2025-11-11 19:00:00,455.8811376055614,72.0,220.0,EMS,MWH,VALID
2025-11-11 20:00:00,422.608860420665,72.0,220.0,EMS,MWH,VALID
2025-11-11 21:00:00,400.3649952799772,80.0,220.0,EMS,MWH,VALID
2025-11-11 22:00:00,342.7397546118817,80.0,220.0,EMS,MWH,VALID
2025-11-11 23:00:00,314.4679070145732,80.0,220.0,EMS,MWH,VALID
2025-11-12 00:00:00,294.9692612721023,80.0,220.0,EMS,MWH,VALID
2025-11-12 01:00:00,275.6196630776558,80.0,220.0,EMS,MWH,VALID
2025-11-12 02:00:00,284.3772232539501,80.0,220.0,EMS,MWH,VALID
2025-11-12 03:00:00,302.0566543588721,80.0,220.0,EMS,MWH,VALID
2025-11-12 04:00:00,299.2245547907632,80.0,220.0,EMS,MWH,VALID
2025-11-12 05:00:00,291.52113778279136,80.0,220.0,EMS,MWH,VALID
2025-11-12 06:00:00,350.77701267701195,80.0,220.0,EMS,MWH,VALID
2025-11-12 07:00:00,384.2416207070224,80.0,220.0,EMS,MWH,VALID
2025-11-12 08:00:00,404.4530238995056,80.0,220.0,EMS,MWH,VALID
2025-11-12 09:00:00,390.4690165881727,80.0,220.0,EMS,MWH,VALID
2025-11-12 10:00:00,365.3796052178321,80.0,220.0,EMS,MWH,VALID
2025-11-12 11:00:00,347.1676805356587,80.0,220.0,EMS,MWH,VALID
2025-11-12 12:00:00,351.4381699355264,80.0,220.0,EMS,MWH,VALID
2025-11-12 13:00:00,365.2911637922932,80.0,220.0,EMS,MWH,VALID
2025-11-12 14:00:00,347.06342268376056,80.0,220.0,EMS,MWH,VALID
2025-11-12 15:00:00,390.6486504856022,80.0,220.0,EMS,MWH,VALID
2025-11-12 16:00:00,377.6134594390057,80.0,220.0,EMS,MWH,VALID
2025-11-12 17:00:00,437.387686756453,80.0,220.0,EMS,MWH,VALID
2025-11-12 18:00:00,453.7104890465687,80.0,220.0,EMS,MWH,VALID
2025-11-12 19:00:00,449.9084903642664,80.0,220.0,EMS,MWH,VALID
2025-11-12 20:00:00,419.48581788758,80.0,220.0,EMS,MWH,VALID
2025-11-12 21:00:00,400.015677858344,80.0,220.0,EMS,MWH,VALID
2025-11-12 22:00:00,346.2896364659481,80.0,220.0,EMS,MWH,VALID
2025-11-12 23:00:00,305.519747700555,80.0,220.0,EMS,MWH,VALID
2025-11-13 00:00:00,289.6482208496463,80.0,220.0,EMS,MWH,VALID
2025-11-13 01:00:00,292.26544042924434,80.0,220.0,EMS,MWH,VALID
2025-11-13 02:00:00,277.1853286643331,80.0,220.0,EMS,MWH,VALID
2025-11-13 03:00:00,293.63497712923004,80.0,220.0,EMS,MWH,VALID
2025-11-13 04:00:00,269.1974679118396,80.0,220.0,EMS,MWH,VALID
2025-11-13 05:00:00,298.1606080211484,80.0,220.0,EMS,MWH,VALID
2025-11-13 06:00:00,358.18627096998694,80.0,220.0,EMS,MWH,VALID
2025-11-13 07:00:00,370.7905081651307,80.0,220.0,EMS,MWH,VALID
2025-11-13 08:00:00,404.0975390164303,80.0,220.0,EMS,MWH,VALID
2025-11-13 09:00:00,400.9718530022344,80.0,220.0,EMS,MWH,VALID
2025-11-13 10:00:00,392.2328367557829,80.0,220.0,EMS,MWH,VALID
2025-11-13 11:00:00,373.8265262536842,80.0,220.0,EMS,MWH,VALID
2025-11-13 12:00:00,369.16514809244507,80.0,220.0,EMS,MWH,VALID
2025-11-13 13:00:00,334.28944817415635,80.0,220.0,EMS,MWH,VALID
2025-11-13 14:00:00,379.6783680327944,80.0,220.0,EMS,MWH,VALID
2025-11-13 15:00:00,373.63712870947086,80.0,220.0,EMS,MWH,VALID
2025-11-13 16:00:00,420.7174360366454,80.0,220.0,EMS,MWH,VALID
2025-11-13 17:00:00,415.5409808074159,80.0,220.0,EMS,MWH,VALID
2025-11-13 18:00:00,436.20475534080776,80.0,220.0,EMS,MWH,VALID
2025-11-13 19:00:00,473.2566397671576,80.0,220.0,EMS,MWH,VALID
2025-11-13 20:00:00,447.8174737402588,80.0,220.0,EMS,MWH,VALID
2025-11-13 21:00:00,368.8755418701904,80.0,220.0,EMS,MWH,VALID
2025-11-13 22:00:00,347.1073708842629,80.0,220.0,EMS,MWH,VALID
2025-11-13 23:00:00,307.1613770792874,80.0,220.0,EMS,MWH,VALID
2025-11-14 00:00:00,281.71163455024856,80.0,220.0,EMS,MWH,VALID
2025-11-14 01:00:00,290.0528147780145,80.0,220.0,EMS,MWH,VALID
2025-11-14 02:00:00,276.7333601427308,80.0,220.0,EMS,MWH,VALID
2025-11-14 03:00:00,307.36963052101765,80.0,220.0,EMS,MWH,VALID
2025-11-14 04:00:00,288.64604202844674,80.0,220.0,EMS,MWH,VALID
2025-11-14 05:00:00,306.0015446475432,80.0,220.0,EMS,MWH,VALID
2025-11-14 06:00:00,327.6842431246847,80.0,220.0,EMS,MWH,VALID
2025-11-14 07:00:00,380.5670661237513,80.0,220.0,EMS,MWH,VALID
2025-11-14 08:00:00,378.60463085434105,80.0,220.0,EMS,MWH,VALID
2025-11-14 09:00:00,401.5411017386244,80.0,220.0,EMS,MWH,VALID
2025-11-14 10:00:00,394.4479117479351,80.0,220.0,EMS,MWH,VALID
2025-11-14 11:00:00,357.4250240859513,80.0,220.0,EMS,MWH,VALID
2025-11-14 12:00:00,377.3942737838396,80.0,220.0,EMS,MWH,VALID
2025-11-14 13:00:00,351.33961722060576,80.0,220.0,EMS,MWH,VALID
2025-11-14 14:00:00,373.2504184436112,80.0,220.0,EMS,MWH,VALID
2025-11-14 15:00:00,377.0608057414777,80.0,220.0,EMS,MWH,VALID
2025-11-14 16:00:00,377.14281282221566,80.0,220.0,EMS,MWH,VALID
2025-11-14 17:00:00,419.5076638663348,80.0,220.0,EMS,MWH,VALID
2025-11-14 18:00:00,451.556751704758,80.0,220.0,EMS,MWH,VALID
2025-11-14 19:00:00,445.2384095006352,80.0,220.0,EMS,MWH,VALID
2025-11-14 20:00:00,420.5956534090877,80.0,220.0,EMS,MWH,VALID
2025-11-14 21:00:00,385.0478371872201,80.0,220.0,EMS,MWH,VALID
2025-11-14 22:00:00,338.3337305960847,80.0,220.0,EMS,MWH,VALID
2025-11-14 23:00:00,281.5872658231701,80.0,220.0,EMS,MWH,VALID
2025-11-15 00:00:00,267.2601093940755,80.0,220.0,EMS,MWH,VALID
2025-11-15 01:00:00,230.39334336382964,80.0,220.0,EMS,MWH,VALID
2025-11-15 02:00:00,255.7525983363011,80.0,220.0,EMS,MWH,VALID
2025-11-15 03:00:00,247.959115768064,80.0,220.0,EMS,MWH,VALID
2025-11-15 04:00:00,235.4065529181605,80.0,220.0,EMS,MWH,VALID
2025-11-15 05:00:00,271.8005248946095,80.0,220.0,EMS,MWH,VALID
2025-11-15 06:00:00,271.40484693298293,80.0,220.0,EMS,MWH,VALID
2025-11-15 07:00:00,335.7880336760645,80.0,220.0,EMS,MWH,VALID
2025-11-15 08:00:00,314.9172979666324,80.0,220.0,EMS,MWH,VALID
2025-11-15 09:00:00,312.20029235568074,80.0,220.0,EMS,MWH,VALID
2025-11-15 10:00:00,327.70775858920376,80.0,220.0,EMS,MWH,VALID
2025-11-15 11:00:00,298.1343120820408,80.0,220.0,EMS,MWH,VALID
2025-11-15 12:00:00,315.33193862553327,80.0,220.0,EMS,MWH,VALID
2025-11-15 13:00:00,279.07011487846813,80.0,220.0,EMS,MWH,VALID
2025-11-15 14:00:00,276.67835958329533,80.0,220.0,EMS,MWH,VALID
2025-11-15 15:00:00,259.0561653924725,80.0,220.0,EMS,MWH,VALID
2025-11-15 16:00:00,324.1232843031257,80.0,220.0,EMS,MWH,VALID
2025-11-15 17:00:00,333.09530431704144,80.0,220.0,EMS,MWH,VALID
2025-11-15 18:00:00,367.094269200196,80.0,220.0,EMS,MWH,VALID
2025-11-15 19:00:00,393.3726318621739,80.0,220.0,EMS,MWH,VALID
2025-11-15 20:00:00,346.7150359946655,80.0,220.0,EMS,MWH,VALID
2025-11-15 21:00:00,347.1637275383351,80.0,220.0,EMS,MWH,VALID
2025-11-15 22:00:00,296.25008752565014,80.0,220.0,EMS,MWH,VALID
2025-11-15 23:00:00,233.1422986993389,80.0,220.0,EMS,MWH,VALID
2025-11-16 00:00:00,232.2817419071265,80.0,220.0,EMS,MWH,VALID
2025-11-16 01:00:00,238.96539739964095,80.0,220.0,EMS,MWH,VALID
2025-11-16 02:00:00,240.34556296777123,80.0,220.0,EMS,MWH,VALID
2025-11-16 03:00:00,225.9143060650981,80.0,220.0,EMS,MWH,VALID
2025-11-16 04:00:00,237.4986599086192,80.0,220.0,EMS,MWH,VALID
2025-11-16 05:00:00,242.95526867808528,80.0,220.0,EMS,MWH,VALID
2025-11-16 06:00:00,305.00344079417386,80.0,220.0,EMS,MWH,VALID
2025-11-16 07:00:00,284.28432360880873,80.0,220.0,EMS,MWH,VALID
2025-11-16 08:00:00,299.95281694737685,80.0,220.0,EMS,MWH,VALID
2025-11-16 09:00:00,311.07927680358733,80.0,220.0,EMS,MWH,VALID
2025-11-16 10:00:00,302.76626126340625,80.0,220.0,EMS,MWH,VALID
2025-11-16 11:00:00,290.068976139749,80.0,220.0,EMS,MWH,VALID
2025-11-16 12:00:00,289.7017787219477,80.0,220.0,EMS,MWH,VALID
2025-11-16 13:00:00,307.5733730416441,80.0,220.0,EMS,MWH,VALID
2025-11-16 14:00:00,259.44571437208026,80.0,220.0,EMS,MWH,VALID
2025-11-16 15:00:00,291.6086164790381,80.0,220.0,EMS,MWH,VALID
2025-11-16 16:00:00,326.4631832450101,80.0,220.0,EMS,MWH,VALID
2025-11-16 17:00:00,365.3315849518991,80.0,220.0,EMS,MWH,VALID
2025-11-16 18:00:00,379.05622402984034,80.0,220.0,EMS,MWH,VALID
2025-11-16 19:00:00,344.85877741467027,80.0,220.0,EMS,MWH,VALID
2025-11-16 20:00:00,358.78870194863345,80.0,220.0,EMS,MWH,VALID
2025-11-16 21:00:00,340.7761621856389,80.0,220.0,EMS,MWH,VALID
2025-11-16 22:00:00,257.20094724549034,80.0,220.0,EMS,MWH,VALID
2025-11-16 23:00:00,259.5907373175912,80.0,220.0,EMS,MWH,VALID
2025-11-17 00:00:00,284.8275863723184,80.0,220.0,EMS,MWH,VALID
2025-11-17 01:00:00,318.8247996678849,80.0,220.0,EMS,MWH,VALID
2025-11-17 02:00:00,294.9771548763816,80.0,220.0,EMS,MWH,VALID
2025-11-17 03:00:00,300.7727824742576,80.0,220.0,EMS,MWH,VALID
2025-11-17 04:00:00,316.4172605255909,80.0,220.0,EMS,MWH,VALID
2025-11-17 05:00:00,278.70576079655825,80.0,220.0,EMS,MWH,VALID
2025-11-17 06:00:00,353.68628634919963,80.0,220.0,EMS,MWH,VALID
2025-11-17 07:00:00,366.103868823319,80.0,220.0,EMS,MWH,VALID
2025-11-17 08:00:00,379.7693102762676,80.0,220.0,EMS,MWH,VALID
2025-11-17 09:00:00,388.2802601602205,80.0,220.0,EMS,MWH,VALID
2025-11-17 10:00:00,376.1194762020565,80.0,220.0,EMS,MWH,VALID
2025-11-17 11:00:00,369.57140572810977,80.0,220.0,EMS,MWH,VALID
2025-11-17 12:00:00,369.62818461142353,80.0,220.0,EMS,MWH,VALID
2025-11-17 13:00:00,377.0313510383252,80.0,220.0,EMS,MWH,VALID
2025-11-17 14:00:00,346.4095233073476,80.0,220.0,EMS,MWH,VALID
2025-11-17 15:00:00,365.5937546311316,80.0,220.0,EMS,MWH,VALID
2025-11-17 16:00:00,348.8306588647118,80.0,220.0,EMS,MWH,VALID
2025-11-17 17:00:00,405.9988853284286,80.0,220.0,EMS,MWH,VALID
2025-11-17 18:00:00,454.7012175588141,80.0,220.0,EMS,MWH,VALID
2025-11-17 19:00:00,468.87636704167215,80.0,220.0,EMS,MWH,VALID
2025-11-17 20:00:00,474.6452162102804,80.0,220.0,EMS,MWH,VALID
11-17-2025 21:00,390.4974800008188,80.0,220.0,EMS,MWH,VALID
2025-11-17 22:00:00,337.4156516751234,80.0,220.0,EMS,MWH,VALID
2025-11-17 23:00:00,314.70191912338265,80.0,220.0,EMS,MWH,VALID
2025-11-18 00:00:00,286.4363134827357,80.0,220.0,EMS,MWH,VALID
2025-11-18 01:00:00,274.84013851100565,80.0,220.0,EMS,MWH,VALID
2025-11-18 02:00:00,296.82082045224973,80.0,220.0,EMS,MWH,VALID
2025-11-18 03:00:00,273.667280845114,80.0,220.0,EMS,MWH,VALID
2025-11-18 04:00:00,306.90438939334234,80.0,220.0,EMS,MWH,VALID
2025-11-18 05:00:00,319.8304837348037,80.0,220.0,EMS,MWH,VALID
2025-11-18 06:00:00,350.3835628511976,80.0,220.0,EMS,MWH,VALID
2025-11-18 07:00:00,386.5762250112776,80.0,220.0,EMS,MWH,VALID
2025-11-18 08:00:00,416.6794482242844,80.0,220.0,EMS,MWH,VALID
2025-11-18 09:00:00,394.9978458015792,80.0,220.0,EMS,MWH,VALID
2025-11-18 10:00:00,380.2365107288933,80.0,220.0,EMS,MWH,VALID
2025-11-18 11:00:00,369.9192523884212,80.0,220.0,EMS,MWH,VALID
2025-11-18 12:00:00,352.85611242109246,80.0,220.0,EMS,MWH,VALID
2025-11-18 13:00:00,372.0923753009853,80.0,220.0,EMS,MWH,VALID
2025-11-18 14:00:00,338.92816348115844,80.0,220.0,EMS,MWH,VALID
2025-11-18 15:00:00,372.2469068101472,80.0,220.0,EMS,MWH,VALID
2025-11-18 16:00:00,382.6726908381875,80.0,220.0,EMS,MWH,VALID
2025-11-18 17:00:00,426.86801229431705,80.0,220.0,EMS,MWH,VALID
2025-11-18 18:00:00,437.8026037210465,80.0,220.0,EMS,MWH,VALID
2025-11-18 19:00:00,488.9078521350933,80.0,220.0,EMS,MWH,VALID
2025-11-18 20:00:00,445.8838986203854,80.0,220.0,EMS,MWH,VALID
2025-11-18 21:00:00,389.68090183807055,80.0,220.0,EMS,MWH,VALID
2025-11-18 22:00:00,352.0832588870416,80.0,220.0,EMS,MWH,VALID
2025-11-18 23:00:00,318.5366109074228,80.0,220.0,EMS,MWH,VALID
2025-11-19 00:00:00,296.60824594458586,80.0,220.0,EMS,MWH,VALID
2025-11-19 01:00:00,290.16128040024097,80.0,220.0,EMS,MWH,VALID
2025-11-19 02:00:00,306.6687583982116,80.0,220.0,EMS,MWH,VALID
2025-11-19 03:00:00,254.2908050087648,80.0,220.0,EMS,MWH,VALID
2025-11-19 04:00:00,291.4900744735602,80.0,220.0,EMS,MWH,VALID
2025-11-19 05:00:00,318.82625255131086,80.0,220.0,EMS,MWH,VALID
2025-11-19 06:00:00,326.481930297292,80.0,220.0,EMS,MWH,VALID
2025-11-19 07:00:00,383.3237597923771,80.0,220.0,EMS,MWH,VALID
2025-11-19 08:00:00,408.7098153309266,80.0,220.0,EMS,MWH,VALID
2025-11-19 09:00:00,421.24861901960696,80.0,220.0,EMS,MWH,VALID
2025-11-19 10:00:00,393.0870623360625,80.0,220.0,EMS,MWH,VALID
2025-11-19 11:00:00,372.3913131134508,80.0,220.0,EMS,MWH,VALID
2025-11-19 12:00:00,366.8879891946816,80.0,220.0,EMS,MWH,VALID
2025-11-19 13:00:00,350.2876920075991,80.0,220.0,EMS,MWH,VALID
2025-11-19 14:00:00,350.16133482524646,80.0,220.0,EMS,MWH,VALID
2025-11-19 15:00:00,367.24552232340585,80.0,220.0,EMS,MWH,VALID
2025-11-19 16:00:00,395.58177678875205,80.0,220.0,EMS,MWH,VALID
2025-11-19 17:00:00,406.7747160303368,80.0,220.0,EMS,MWH,VALID
2025-11-19 18:00:00,462.5704224854043,80.0,220.0,EMS,MWH,VALID
2025-11-19 19:00:00,463.8402649701517,80.0,220.0,EMS,MWH,VALID
2025-11-19 20:00:00,442.340475166514,80.0,220.0,EMS,MWH,VALID
2025-11-19 21:00:00,383.5592516555277,80.0,220.0,EMS,MWH,VALID
2025-11-19 22:00:00,352.5200971420033,80.0,220.0,EMS,MWH,VALID
2025-11-19 23:00:00,336.3447049740978,80.0,220.0,EMS,MWH,VALID
2025-11-20 00:00:00,303.90932878396484,80.0,220.0,EMS,MWH,VALID
2025-11-20 01:00:00,295.2043334369054,80.0,220.0,EMS,MWH,VALID
2025-11-20 02:00:00,281.0687704351461,80.0,220.0,EMS,MWH,VALID
2025-11-20 03:00:00,288.0582197530833,80.0,220.0,EMS,MWH,VALID
2025-11-20 04:00:00,300.7577455477021,80.0,220.0,EMS,MWH,VALID
2025-11-20 05:00:00,313.7681884388941,80.0,220.0,EMS,MWH,VALID
2025-11-20 06:00:00,359.1510288887425,80.0,220.0,EMS,MWH,VALID
2025-11-20 07:00:00,352.93430717806723,80.0,220.0,EMS,MWH,VALID
2025-11-20 08:00:00,385.3673336659348,80.0,220.0,EMS,MWH,VALID
2025-11-20 09:00:00,397.1655822196303,80.0,220.0,EMS,MWH,VALID
2025-11-20 10:00:00,365.7960461048255,80.0,220.0,EMS,MWH,VALID
2025-11-20 11:00:00,351.02186175287443,80.0,220.0,EMS,MWH,VALID
2025-11-20 12:00:00,368.3808475715615,80.0,220.0,EMS,MWH,VALID
2025-11-20 13:00:00,349.5606836607324,80.0,220.0,EMS,MWH,VALID
2025-11-20 14:00:00,342.20506927564213,80.0,220.0,EMS,MWH,VALID
2025-11-20 15:00:00,358.4141587229537,80.0,220.0,EMS,MWH,VALID
2025-11-20 16:00:00,377.7115237076605,80.0,220.0,EMS,MWH,VALID
2025-11-20 17:00:00,442.08285042798434,80.0,220.0,EMS,MWH,VALID
2025-11-20 18:00:00,432.6714802043565,80.0,220.0,EMS,MWH,VALID
2025-11-20 19:00:00,467.1270647086592,80.0,220.0,EMS,MWH,VALID
2025-11-20 20:00:00,453.3311513193145,80.0,220.0,EMS,MWH,VALID
2025-11-20 21:00:00,391.700974366058,80.0,220.0,EMS,MWH,VALID
2025-11-20 22:00:00,330.9153353764814,80.0,220.0,EMS,MWH,VALID
2025-11-20 23:00:00,334.97091418567044,80.0,220.0,EMS,MWH,VALID
2025-11-21 00:00:00,290.3182847186216,80.0,220.0,EMS,MWH,VALID
2025-11-21 01:00:00,292.30394615001785,80.0,220.0,EMS,MWH,VALID
2025-11-21 02:00:00,276.31080735347206,80.0,220.0,EMS,MWH,VALID
2025-11-21 03:00:00,293.1014534250641,80.0,220.0,EMS,MWH,VALID
2025-11-21 04:00:00,288.06286697014497,80.0,220.0,EMS,MWH,VALID
2025-11-21 05:00:00,287.11155898966643,80.0,220.0,EMS,MWH,VALID
2025-11-21 06:00:00,326.9221221196343,80.0,220.0,EMS,MWH,VALID
2025-11-21 07:00:00,352.0932152046194,80.0,220.0,EMS,MWH,VALID
2025-11-21 08:00:00,398.7356311870224,80.0,220.0,EMS,MWH,VALID
2025-11-21 09:00:00,385.5078257797039,80.0,220.0,EMS,MWH,VALID
2025-11-21 10:00:00,400.0495260421226,80.0,220.0,EMS,MWH,VALID
2025-11-21 11:00:00,373.59002641765176,80.0,220.0,EMS,MWH,VALID
2025-11-21 12:00:00,362.0265372770708,80.0,220.0,EMS,MWH,VALID
2025-11-21 13:00:00,380.3234873760664,80.0,220.0,EMS,MWH,VALID
2025-11-21 14:00:00,337.69120257185324,80.0,220.0,EMS,MWH,VALID
2025-11-21 15:00:00,396.6032054205132,80.0,220.0,EMS,MWH,VALID
2025-11-21 16:00:00,374.1686833191388,80.0,220.0,EMS,MWH,VALID
2025-11-21 17:00:00,436.8428698206232,80.0,220.0,EMS,MWH,VALID
2025-11-21 18:00:00,429.4018199994385,80.0,220.0,EMS,MWH,VALID
2025-11-21 19:00:00,462.1061333851008,80.0,220.0,EMS,MWH,VALID
2025-11-21 20:00:00,456.72907677329465,80.0,220.0,EMS,MWH,VALID
2025-11-21 21:00:00,402.27581789142585,80.0,220.0,EMS,MWH,VALID
2025-11-21 22:00:00,350.5704516373117,80.0,220.0,EMS,MWH,VALID
2025-11-21 23:00:00,344.38208994772685,80.0,220.0,EMS,MWH,VALID
2025-11-22 00:00:00,220.9054363037937,80.0,220.0,EMS,MWH,VALID
2025-11-22 01:00:00,238.8134113948477,80.0,220.0,EMS,MWH,VALID
2025-11-22 02:00:00,221.40742601360392,80.0,220.0,EMS,MWH,VALID
2025-11-22 03:00:00,238.7517531544244,80.0,220.0,EMS,MWH,VALID
2025-11-22 04:00:00,233.5476752673148,80.0,220.0,EMS,MWH,VALID
2025-11-22 05:00:00,259.1051823444298,80.0,220.0,EMS,MWH,VALID
2025-11-22 06:00:00,273.2991695583931,80.0,220.0,EMS,MWH,VALID
2025-11-22 07:00:00,299.7515880228373,80.0,220.0,EMS,MWH,VALID
2025-11-22 08:00:00,321.662241129062,80.0,220.0,EMS,MWH,VALID
2025-11-22 09:00:00,331.82073810519086,80.0,220.0,EMS,MWH,VALID
2025-11-22 10:00:00,304.81001325306823,80.0,220.0,EMS,MWH,VALID
2025-11-22 11:00:00,257.7777116903489,80.0,220.0,EMS,MWH,VALID
2025-11-22 12:00:00,284.033344297427,80.0,220.0,EMS,MWH,VALID
2025-11-22 13:00:00,288.82386281881435,80.0,220.0,EMS,MWH,VALID
2025-11-22 14:00:00,260.8465859788752,80.0,220.0,EMS,MWH,VALID
2025-11-22 15:00:00,292.78118504137603,80.0,220.0,EMS,MWH,VALID
2025-11-22 16:00:00,324.1582210888205,80.0,220.0,EMS,MWH,VALID
2025-11-22 17:00:00,321.226999127041,80.0,220.0,EMS,MWH,VALID
2025-11-22 18:00:00,372.4761775401315,80.0,220.0,EMS,MWH,VALID
2025-11-22 19:00:00,396.1836801566361,80.0,220.0,EMS,MWH,VALID
2025-11-22 20:00:00,360.79390240716384,80.0,220.0,EMS,MWH,VALID
2025-11-22 21:00:00,321.3666481162577,80.0,220.0,EMS,MWH,VALID
2025-11-22 22:00:00,301.3468801595558,80.0,220.0,EMS,MWH,VALID
2025-11-22 23:00:00,262.2130094745109,80.0,220.0,EMS,MWH,VALID
2025-11-23 00:00:00,254.3991592439928,80.0,220.0,EMS,MWH,VALID
2025-11-23 01:00:00,230.85035221408157,80.0,220.0,EMS,MWH,VALID
2025-11-23 02:00:00,261.1630985349996,80.0,220.0,EMS,MWH,VALID
2025-11-23 03:00:00,240.0562913099788,80.0,220.0,EMS,MWH,VALID
2025-11-23 04:00:00,256.687604687846,80.0,220.0,EMS,MWH,VALID
2025-11-23 05:00:00,263.215391732396,80.0,220.0,EMS,MWH,VALID
2025-11-23 06:00:00,299.84042707142925,80.0,220.0,EMS,MWH,VALID
2025-11-23 07:00:00,334.44109168977224,80.0,220.0,EMS,MWH,VALID
2025-11-23 08:00:00,321.7451391882327,80.0,220.0,EMS,MWH,VALID
2025-11-23 09:00:00,312.3166861431537,80.0,220.0,EMS,MWH,VALID
2025-11-23 10:00:00,257.0950696920289,80.0,220.0,EMS,MWH,VALID
2025-11-23 11:00:00,266.1617924133209,80.0,220.0,EMS,MWH,VALID
2025-11-23 12:00:00,294.294889944979,80.0,220.0,EMS,MWH,VALID
2025-11-23 13:00:00,312.9920722438205,80.0,220.0,EMS,MWH,VALID
2025-11-23 14:00:00,299.936235646088,80.0,220.0,EMS,MWH,VALID
2025-11-23 15:00:00,273.440271385334,80.0,220.0,EMS,MWH,VALID
2025-11-23 16:00:00,310.0894026166774,80.0,220.0,EMS,MWH,VALID
2025-11-23 17:00:00,339.36871822275964,80.0,220.0,EMS,MWH,VALID
2025-11-23 18:00:00,368.18961740265655,80.0,220.0,EMS,MWH,VALID
2025-11-23 19:00:00,384.6054519014396,80.0,220.0,EMS,MWH,VALID
2025-11-23 20:00:00,351.7509084712329,80.0,220.0,EMS,MWH,VALID
2025-11-23 21:00:00,335.3356882523521,80.0,220.0,EMS,MWH,VALID
2025-11-23 22:00:00,306.8946480561456,80.0,220.0,EMS,MWH,VALID
2025-11-23 23:00:00,247.6567562222628,80.0,220.0,EMS,MWH,VALID
2025-11-24 00:00:00,325.2955854102314,80.0,220.0,EMS,MWH,VALID
2025-11-24 01:00:00,301.62920018768403,80.0,220.0,EMS,MWH,VALID
2025-11-24 02:00:00,285.1850176697462,80.0,220.0,EMS,MWH,VALID
2025-11-24 03:00:00,283.16197258619195,80.0,220.0,EMS,MWH,VALID
2025-11-24 04:00:00,313.1107627065222,80.0,220.0,EMS,MWH,VALID
2025-11-24 05:00:00,338.494881090502,80.0,220.0,EMS,MWH,VALID
2025-11-24 06:00:00,349.6331396892456,80.0,220.0,EMS,MWH,VALID
2025-11-24 07:00:00,396.09272828198993,80.0,220.0,EMS,MWH,VALID
2025-11-24 08:00:00,421.2791140796394,80.0,220.0,EMS,MWH,VALID
2025-11-24 09:00:00,415.4997148975469,80.0,220.0,EMS,MWH,VALID
2025-11-24 10:00:00,400.5925430654585,80.0,220.0,EMS,MWH,VALID
2025-11-24 11:00:00,364.446753834888,80.0,220.0,EMS,MWH,VALID
2025-11-24 12:00:00,353.40603637035144,80.0,220.0,EMS,MWH,VALID
2025-11-24 13:00:00,351.43380435293966,80.0,220.0,EMS,MWH,VALID
2025-11-24 14:00:00,352.86362101455364,80.0,220.0,EMS,MWH,VALID
2025-11-24 15:00:00,359.2151785724293,80.0,220.0,EMS,MWH,VALID
2025-11-24 16:00:00,368.4362265777788,80.0,220.0,EMS,MWH,VALID
2025-11-24 17:00:00,448.9414535192636,80.0,220.0,EMS,MWH,VALID
2025-11-24 18:00:00,440.80373532180687,80.0,220.0,EMS,MWH,VALID
2025-11-24 19:00:00,456.2027734867124,80.0,220.0,EMS,MWH,VALID
2025-11-24 20:00:00,437.0573723235162,80.0,220.0,EMS,MWH,VALID
2025-11-24 21:00:00,393.3107282158553,80.0,220.0,EMS,MWH,VALID
2025-11-24 22:00:00,345.9901534445916,80.0,220.0,EMS,MWH,VALID
2025-11-24 23:00:00,323.1159338592232,80.0,220.0,EMS,MWH,VALID
2025-11-25 00:00:00,295.6152667438467,80.0,220.0,EMS,MWH,VALID
2025-11-25 01:00:00,296.29869090968884,80.0,220.0,EMS,MWH,VALID
2025-11-25 02:00:00,283.99082567201816,80.0,220.0,EMS,MWH,VALID
2025-11-25 03:00:00,285.9050308961386,80.0,220.0,EMS,MWH,VALID
2025-11-25 04:00:00,320.9850643738768,80.0,220.0,EMS,MWH,VALID
2025-11-25 05:00:00,327.2458942503666,80.0,220.0,EMS,MWH,VALID
2025-11-25 06:00:00,356.5289901991744,80.0,220.0,EMS,MWH,VALID
2025-11-25 07:00:00,379.7342422117468,80.0,220.0,EMS,MWH,VALID
2025-11-25 08:00:00,392.1763003941279,80.0,220.0,EMS,MWH,VALID
2025-11-25 09:00:00,415.6785120903389,80.0,220.0,EMS,MWH,VALID
2025-11-25 10:00:00,391.701087170947,80.0,220.0,EMS,MWH,VALID
2025-11-25 11:00:00,388.0552097936872,80.0,220.0,EMS,MWH,VALID
2025-11-25 12:00:00,350.35476267803654,80.0,220.0,EMS,MWH,VALID
2025-11-25 13:00:00,361.2601048563301,80.0,220.0,EMS,MWH,VALID
2025-11-25 14:00:00,362.5920361474829,80.0,220.0,EMS,MWH,VALID
2025-11-25 15:00:00,370.3609347019079,80.0,220.0,EMS,MWH,VALID
2025-11-25 16:00:00,403.9560500436478,80.0,220.0,EMS,MWH,VALID
2025-11-25 17:00:00,399.5133511613815,80.0,220.0,EMS,MWH,VALID
2025-11-25 18:00:00,414.8356517607146,80.0,220.0,EMS,MWH,VALID
2025-11-25 19:00:00,475.477802115812,80.0,220.0,EMS,MWH,VALID
2025-11-25 20:00:00,438.81048290038274,80.0,220.0,EMS,MWH,VALID
2025-11-25 21:00:00,409.8954099009701,80.0,220.0,EMS,MWH,VALID
2025-11-25 22:00:00,348.9568853663724,80.0,220.0,EMS,MWH,VALID
2025-11-25 23:00:00,302.93012210890595,80.0,220.0,EMS,MWH,VALID
2025-11-26 00:00:00,290.0748609342172,80.0,220.0,EMS,MWH,VALID
2025-11-26 01:00:00,287.6999503026495,80.0,220.0,EMS,MWH,VALID
2025-11-26 02:00:00,285.8348868732708,80.0,220.0,EMS,MWH,VALID
2025-11-26 03:00:00,317.7754801884764,80.0,220.0,EMS,MWH,VALID
2025-11-26 04:00:00,309.7083210230719,80.0,220.0,EMS,MWH,VALID
2025-11-26 05:00:00,309.48200745353626,80.0,220.0,EMS,MWH,VALID
2025-11-26 06:00:00,342.25305277168394,80.0,220.0,EMS,MWH,VALID
2025-11-26 07:00:00,394.4090843065804,80.0,220.0,EMS,MWH,VALID
2025-11-26 08:00:00,393.1785456069038,80.0,220.0,EMS,MWH,VALID
2025-11-26 09:00:00,401.6986861700768,80.0,220.0,EMS,MWH,VALID
2025-11-26 10:00:00,396.2368240473701,80.0,220.0,EMS,MWH,VALID
2025-11-26 11:00:00,396.42992718217073,80.0,220.0,EMS,MWH,VALID
2025-11-26 12:00:00,351.2631647118911,80.0,220.0,EMS,MWH,VALID
2025-11-26 13:00:00,370.8715991045795,80.0,220.0,EMS,MWH,VALID
2025-11-26 14:00:00,360.4696495886008,80.0,220.0,EMS,MWH,VALID
2025-11-26 15:00:00,370.9425471799703,80.0,220.0,EMS,MWH,VALID
2025-11-26 16:00:00,392.03141036246376,80.0,220.0,EMS,MWH,VALID
2025-11-26 17:00:00,427.7073454950682,80.0,220.0,EMS,MWH,VALID
2025-11-26 18:00:00,479.2203261028558,80.0,220.0,EMS,MWH,VALID
2025-11-26 19:00:00,463.3762982940512,80.0,220.0,EMS,MWH,VALID
2025-11-26 20:00:00,454.3726113143873,80.0,220.0,EMS,MWH,VALID
2025-11-26 21:00:00,390.2866627528118,80.0,220.0,EMS,MWH,VALID
2025-11-26 22:00:00,354.2518301411032,80.0,220.0,EMS,MWH,VALID
2025-11-26 23:00:00,290.6109984369139,80.0,220.0,EMS,MWH,VALID
2025-11-27 00:00:00,257.15566427431673,80.0,220.0,EMS,MWH,VALID
2025-11-27 01:00:00,325.0039130771813,80.0,220.0,EMS,MWH,VALID
2025-11-27 02:00:00,306.99147309511693,80.0,220.0,EMS,MWH,VALID
2025-11-27 03:00:00,283.85137213264125,80.0,220.0,EMS,MWH,VALID
2025-11-27 04:00:00,308.9820964821132,80.0,220.0,EMS,MWH,VALID
2025-11-27 05:00:00,331.1523668843887,80.0,220.0,EMS,MWH,VALID
2025-11-27 06:00:00,357.0693522082556,80.0,220.0,EMS,MWH,VALID
2025-11-27 07:00:00,345.2822558347191,80.0,220.0,EMS,MWH,VALID
2025-11-27 08:00:00,380.8425801356111,80.0,220.0,EMS,MWH,VALID
2025-11-27 09:00:00,391.6273140772386,80.0,220.0,EMS,MWH,VALID
2025-11-27 10:00:00,369.42635235509886,80.0,220.0,EMS,MWH,VALID
2025-11-27 11:00:00,361.1087910519722,80.0,220.0,EMS,MWH,VALID
2025-11-27 12:00:00,343.3420447503132,80.0,220.0,EMS,MWH,VALID
2025-11-27 13:00:00,369.0308321237978,80.0,220.0,EMS,MWH,VALID
2025-11-27 14:00:00,361.77842215165657,80.0,220.0,EMS,MWH,VALID
2025-11-27 15:00:00,357.543233303108,80.0,220.0,EMS,MWH,VALID
2025-11-27 16:00:00,384.2655046169335,80.0,220.0,EMS,MWH,VALID
2025-11-27 17:00:00,422.2386931850372,80.0,220.0,EMS,MWH,VALID
2025-11-27 18:00:00,472.1030613005125,80.0,220.0,EMS,MWH,VALID
2025-11-27 19:00:00,453.0709157290618,80.0,220.0,EMS,MWH,VALID
2025-11-27 20:00:00,443.8234619732447,80.0,220.0,EMS,MWH,VALID
2025-11-27 21:00:00,383.3980038830232,80.0,220.0,EMS,MWH,VALID
2025-11-27 22:00:00,330.5576026594708,80.0,220.0,EMS,MWH,VALID
2025-11-27 23:00:00,344.39419486979165,80.0,220.0,EMS,MWH,VALID
2025-11-28 00:00:00,279.91640964726736,80.0,220.0,EMS,MWH,VALID
2025-11-28 01:00:00,272.59333260052654,80.0,220.0,EMS,MWH,VALID
2025-11-28 02:00:00,295.3984157211673,80.0,220.0,EMS,MWH,VALID
2025-11-28 03:00:00,281.38402903447286,80.0,220.0,EMS,MWH,VALID
2025-11-28 04:00:00,307.12560633189804,80.0,220.0,EMS,MWH,VALID
2025-11-28 05:00:00,302.67622062705874,80.0,180.4,EMS,MWH,VALID
2025-11-28 06:00:00,366.800706484253,80.0,180.4,EMS,MWH,VALID
2025-11-28 07:00:00,372.7290687457713,80.0,180.4,EMS,MWH,VALID
2025-11-28 08:00:00,394.6101490115825,80.0,180.4,EMS,MWH,VALID
2025-11-28 09:00:00,410.8833355862906,80.0,180.4,EMS,MWH,VALID
2025-11-28 10:00:00,393.53692257815095,80.0,180.4,EMS,MWH,VALID
2025-11-28 11:00:00,372.2571704983122,80.0,180.4,EMS,MWH,VALID
2025-11-28 12:00:00,384.4215982608391,80.0,220.0,EMS,MWH,VALID
2025-11-28 13:00:00,363.33734737610047,80.0,220.0,EMS,MWH,VALID
2025-11-28 14:00:00,336.2817793712836,80.0,220.0,EMS,MWH,VALID
2025-11-28 15:00:00,368.1787258369583,80.0,220.0,EMS,MWH,VALID
2025-11-28 16:00:00,387.58184533675967,80.0,220.0,EMS,MWH,VALID
2025-11-28 17:00:00,402.6977548436898,80.0,220.0,EMS,MWH,VALID
2025-11-28 18:00:00,460.67864747212303,80.0,220.0,EMS,MWH,VALID
2025-11-28 19:00:00,441.1759421082671,80.0,220.0,EMS,MWH,VALID
2025-11-28 20:00:00,435.3795185335025,80.0,220.0,EMS,MWH,VALID
2025-11-28 21:00:00,382.7175688708058,80.0,220.0,EMS,MWH,VALID
2025-11-28 22:00:00,362.7828775305877,80.0,220.0,EMS,MWH,VALID
2025-11-28 23:00:00,295.1067818195441,80.0,220.0,EMS,MWH,VALID
2025-11-29 00:00:00,243.1018964079647,80.0,220.0,EMS,MWH,VALID
2025-11-29 01:00:00,256.7118740316402,80.0,220.0,EMS,MWH,VALID
2025-11-29 02:00:00,224.16153710546888,80.0,220.0,EMS,MWH,VALID
2025-11-29 03:00:00,244.1700346431913,80.0,220.0,EMS,MWH,VALID
2025-11-29 05:00:00,249.18072903979584,80.0,220.0,EMS,MWH,VALID
2025-11-29 06:00:00,271.510519026969,80.0,220.0,EMS,MWH,VALID
2025-11-29 07:00:00,340.0666565307391,80.0,220.0,EMS,MWH,VALID
2025-11-29 08:00:00,313.67905926577635,80.0,220.0,EMS,MWH,VALID
2025-11-29 09:00:00,314.95263297239006,80.0,220.0,EMS,MWH,VALID
2025-11-29 10:00:00,315.520570231008,80.0,220.0,EMS,MWH,VALID
2025-11-29 11:00:00,262.6430208385987,80.0,220.0,EMS,MWH,VALID
2025-11-29 12:00:00,256.9823374156217,80.0,220.0,EMS,MWH,VALID
2025-11-29 13:00:00,294.2872959489442,80.0,220.0,EMS,MWH,VALID
2025-11-29 14:00:00,265.718055259397,80.0,220.0,EMS,MWH,VALID
2025-11-29 15:00:00,274.6112475006615,80.0,220.0,EMS,MWH,VALID
2025-11-29 16:00:00,303.6446691912642,80.0,220.0,EMS,MWH,VALID
2025-11-29 17:00:00,362.0684648813127,80.0,220.0,EMS,MWH,VALID
2025-11-29 18:00:00,379.0284748187014,80.0,220.0,EMS,MWH,VALID
2025-11-29 19:00:00,403.5263182249762,80.0,220.0,EMS,MWH,VALID
2025-11-29 20:00:00,374.0989522671941,80.0,220.0,EMS,MWH,VALID
2025-11-29 21:00:00,317.6003784755279,80.0,220.0,EMS,MWH,VALID
2025-11-29 22:00:00,279.819163588495,80.0,220.0,EMS,MWH,VALID
2025-11-29 23:00:00,284.09514422039183,80.0,220.0,EMS,MWH,VALID
2025-11-30 00:00:00,236.4527923515056,80.0,220.0,EMS,MWH,VALID
2025-11-30 01:00:00,239.28874314876535,80.0,220.0,EMS,MWH,VALID
2025-11-30 02:00:00,236.1840153909863,80.0,220.0,EMS,MWH,VALID
2025-11-30 03:00:00,241.1561333671731,80.0,220.0,EMS,MWH,VALID
2025-11-30 04:00:00,251.608670389291,80.0,220.0,EMS,MWH,VALID
2025-11-30 05:00:00,280.6052766297342,80.0,220.0,EMS,MWH,VALID
2025-11-30 06:00:00,324.03473422670487,80.0,220.0,EMS,MWH,VALID
2025-11-30 07:00:00,309.0657609479776,80.0,220.0,EMS,MWH,VALID
2025-11-30 08:00:00,324.0680622679985,80.0,220.0,EMS,MWH,VALID
2025-11-30 09:00:00,325.6951434053034,80.0,220.0,EMS,MWH,VALID
2025-11-30 10:00:00,276.17422414903587,80.0,220.0,EMS,MWH,VALID
2025-11-30 11:00:00,297.7691721098578,80.0,220.0,EMS,MWH,VALID
2025-11-30 12:00:00,242.58123845686487,80.0,220.0,EMS,MWH,VALID
2025-11-30 13:00:00,233.1632977238484,80.0,220.0,EMS,MWH,VALID
2025-11-30 14:00:00,317.6082648800873,80.0,220.0,EMS,MWH,VALID
2025-11-30 15:00:00,294.2073569922715,80.0,220.0,EMS,MWH,VALID
2025-11-30 16:00:00,305.08373285677993,80.0,220.0,EMS,MWH,VALID
2025-11-30 17:00:00,378.54198391751095,80.0,220.0,EMS,MWH,VALID
2025-11-30 18:00:00,378.951233045823,80.0,220.0,EMS,MWH,VALID
2025-11-30 19:00:00,371.592858721456,80.0,220.0,EMS,MWH,VALID
2025-11-30 20:00:00,343.4181859031162,80.0,220.0,EMS,MWH,VALID
2025-11-30 21:00:00,343.7348109261815,80.0,220.0,EMS,MWH,VALID
2025-11-30 22:00:00,268.5761123107475,80.0,220.0,EMS,MWH,VALID
2025-11-30 23:00:00,241.3736160484151,80.0,220.0,EMS,MWH,VALID
2025-12-01 00:00:00,297.1340160488068,80.0,220.0,EMS,MWH,VALID
2025-12-01 01:00:00,274.8652561045508,80.0,220.0,EMS,MWH,VALID
2025-12-01 02:00:00,275.9863884401535,80.0,220.0,EMS,MWH,VALID
2025-12-01 03:00:00,300.8501947955158,80.0,220.0,EMS,MWH,VALID
2025-12-01 04:00:00,307.32890157011894,80.0,220.0,EMS,MWH,VALID
2025-12-01 05:00:00,297.46049435634364,80.0,198.0,EMS,MWH,VALID
2025-12-01 06:00:00,356.8149579944266,80.0,198.0,EMS,MWH,VALID
2025-12-01 07:00:00,354.97479190625586,80.0,198.0,EMS,MWH,VALID
2025-12-01 08:00:00,400.8878875006415,80.0,198.0,EMS,MWH,VALID
2025-12-01 09:00:00,379.1370607117197,80.0,198.0,EMS,MWH,VALID
2025-12-01 10:00:00,388.3322946466204,80.0,198.0,EMS,MWH,VALID
2025-12-01 11:00:00,368.25062890893776,80.0,198.0,EMS,MWH,VALID
2025-12-01 12:00:00,352.06304074454613,80.0,220.0,EMS,MWH,VALID
2025-12-01 13:00:00,347.70586380048496,80.0,220.0,EMS,MWH,VALID
2025-12-01 14:00:00,360.8285447627114,80.0,220.0,EMS,MWH,VALID
2025-12-01 15:00:00,359.74971510431567,80.0,220.0,EMS,MWH,VALID
2025-12-01 16:00:00,377.7957512875933,80.0,220.0,EMS,MWH,VALID
2025-12-01 17:00:00,417.6423238102084,80.0,220.0,EMS,MWH,VALID
2025-12-01 18:00:00,462.2572883669202,80.0,220.0,EMS,MWH,VALID
2025-12-01 19:00:00,441.64705815611086,80.0,220.0,EMS,MWH,VALID
2025-12-01 20:00:00,430.6129029762933,80.0,220.0,EMS,MWH,VALID
2025-12-01 21:00:00,413.104233230362,80.0,220.0,EMS,MWH,VALID
2025-12-01 22:00:00,344.62469518677176,80.0,220.0,EMS,MWH,VALID
2025-12-01 23:00:00,352.5560428588955,80.0,220.0,EMS,MWH,VALID
2025-12-02 00:00:00,308.2098517370165,80.0,220.0,EMS,MWH,VALID
2025-12-02 01:00:00,283.42021314150884,80.0,220.0,EMS,MWH,VALID
2025-12-02 02:00:00,279.3327131377322,80.0,220.0,EMS,MWH,VALID
2025-12-02 03:00:00,304.46644984071395,80.0,220.0,EMS,MWH,VALID
2025-12-02 04:00:00,332.9267451526929,80.0,220.0,EMS,MWH,VALID
2025-12-02 05:00:00,306.4834707576187,80.0,220.0,EMS,MWH,VALID
2025-12-02 06:00:00,370.9534221961055,80.0,220.0,EMS,MWH,VALID
2025-12-02 07:00:00,393.9934496617672,80.0,220.0,EMS,MWH,VALID
2025-12-02 08:00:00,385.5530435690561,80.0,220.0,EMS,MWH,VALID
2025-12-02 09:00:00,418.2143061764335,80.0,220.0,EMS,MWH,VALID
2025-12-02 10:00:00,382.5318831946236,80.0,220.0,EMS,MWH,VALID
2025-12-02 11:00:00,375.6990187844196,80.0,220.0,EMS,MWH,VALID
2025-12-02 12:00:00,360.02651323440085,80.0,220.0,EMS,MWH,VALID
2025-12-02 13:00:00,334.3042608192684,80.0,220.0,EMS,MWH,VALID
2025-12-02 14:00:00,348.705349857514,80.0,220.0,EMS,MWH,VALID
2025-12-02 15:00:00,376.38926681390353,80.0,220.0,EMS,MWH,VALID
2025-12-02 16:00:00,405.7460200816354,80.0,220.0,EMS,MWH,VALID
2025-12-02 17:00:00,415.4219863069898,80.0,220.0,EMS,MWH,VALID
2025-12-02 18:00:00,444.5811635906394,80.0,220.0,EMS,MWH,VALID
2025-12-02 19:00:00,480.16405581768737,80.0,220.0,EMS,MWH,VALID
2025-12-02 20:00:00,469.3782697550954,80.0,220.0,EMS,MWH,VALID
2025-12-02 21:00:00,408.34323406848057,80.0,220.0,EMS,MWH,VALID
2025-12-02 22:00:00,349.1111078531312,80.0,220.0,EMS,MWH,VALID
2025-12-02 23:00:00,328.3241909259302,80.0,220.0,EMS,MWH,VALID
2025-12-03 00:00:00,298.7934655815987,80.0,220.0,EMS,MWH,VALID
2025-12-03 01:00:00,301.2672564688806,80.0,220.0,EMS,MWH,VALID
2025-12-03 02:00:00,307.04581827711604,80.0,220.0,EMS,MWH,VALID
2025-12-03 03:00:00,303.1477666553867,80.0,220.0,EMS,MWH,VALID
2025-12-03 04:00:00,330.4251952708494,80.0,220.0,EMS,MWH,VALID
2025-12-03 05:00:00,324.769553039454,80.0,220.0,EMS,MWH,VALID
2025-12-03 06:00:00,339.0984649758193,80.0,220.0,EMS,MWH,VALID
2025-12-03 07:00:00,394.0765495074028,80.0,220.0,EMS,MWH,VALID
2025-12-03 08:00:00,400.3779929122954,80.0,220.0,EMS,MWH,VALID
2025-12-03 09:00:00,404.73371711595775,80.0,220.0,EMS,MWH,VALID
2025-12-03 10:00:00,394.5389076465669,80.0,220.0,EMS,MWH,VALID
2025-12-03 11:00:00,383.2255020873584,80.0,220.0,EMS,MWH,VALID
2025-12-03 12:00:00,337.1216843883425,80.0,220.0,EMS,MWH,VALID
2025-12-03 13:00:00,366.5212599288725,80.0,220.0,EMS,MWH,VALID
2025-12-03 14:00:00,352.1551887102538,80.0,220.0,EMS,MWH,VALID
2025-12-03 15:00:00,368.6666974948888,80.0,220.0,EMS,MWH,VALID
2025-12-03 16:00:00,358.66978015372325,80.0,220.0,EMS,MWH,VALID
2025-12-03 17:00:00,433.4557350433843,80.0,220.0,EMS,MWH,VALID
2025-12-03 18:00:00,464.4061558959169,80.0,220.0,EMS,MWH,VALID
2025-12-03 19:00:00,476.82887407935794,80.0,220.0,EMS,MWH,VALID
2025-12-03 20:00:00,443.7083100142704,80.0,220.0,EMS,MWH,VALID
2025-12-03 21:00:00,383.2227591609983,80.0,220.0,EMS,MWH,VALID
2025-12-03 22:00:00,328.339010889778,80.0,220.0,EMS,MWH,VALID
2025-12-03 23:00:00,333.32605910518004,80.0,220.0,EMS,MWH,VALID
2025-12-04 00:00:00,303.6500761833308,80.0,220.0,EMS,MWH,VALID
2025-12-04 01:00:00,292.9287426230189,80.0,220.0,EMS,MWH,VALID
2025-12-04 02:00:00,291.62093214298545,80.0,220.0,EMS,MWH,VALID
2025-12-04 03:00:00,309.3827488929634,80.0,220.0,EMS,MWH,VALID
2025-12-04 04:00:00,286.1492144755909,80.0,220.0,EMS,MWH,VALID
2025-12-04 05:00:00,315.0705613948339,80.0,220.0,EMS,MWH,VALID
2025-12-04 06:00:00,368.39084257193394,80.0,220.0,EMS,MWH,VALID
2025-12-04 07:00:00,359.2195155005869,80.0,220.0,EMS,MWH,VALID
2025-12-04 08:00:00,410.63907187700937,80.0,220.0,EMS,MWH,VALID
2025-12-04 09:00:00,384.3058313008301,80.0,220.0,EMS,MWH,VALID
2025-12-04 10:00:00,375.2669159344781,80.0,220.0,EMS,MWH,VALID
2025-12-04 11:00:00,365.9520734408911,80.0,220.0,EMS,MWH,VALID
2025-12-04 12:00:00,365.3076779295353,80.0,220.0,EMS,MWH,VALID
2025-12-04 13:00:00,360.0614988763162,80.0,220.0,EMS,MWH,VALID
2025-12-04 14:00:00,367.8538025186396,80.0,220.0,EMS,MWH,VALID
2025-12-04 15:00:00,379.1298586018468,80.0,220.0,EMS,MWH,VALID
2025-12-04 16:00:00,377.8460252370133,80.0,220.0,EMS,MWH,VALID
2025-12-04 17:00:00,418.5774963034937,80.0,220.0,EMS,MWH,VALID
2025-12-04 18:00:00,449.3965086152382,80.0,220.0,EMS,MWH,VALID
2025-12-04 19:00:00,476.5316454010328,80.0,220.0,EMS,MWH,VALID
2025-12-04 20:00:00,436.0275582990592,80.0,220.0,EMS,MWH,VALID
2025-12-04 21:00:00,379.2271380383297,80.0,220.0,EMS,MWH,VALID
2025-12-04 22:00:00,345.5983995302752,80.0,220.0,EMS,MWH,VALID
2025-12-04 23:00:00,334.0056407147496,80.0,220.0,EMS,MWH,VALID
2025-12-05 00:00:00,297.51750586994785,80.0,220.0,EMS,MWH,VALID
2025-12-05 01:00:00,299.0695873722438,80.0,220.0,EMS,MWH,VALID
2025-12-05 02:00:00,277.50469039746645,80.0,220.0,EMS,MWH,VALID
2025-12-05 03:00:00,315.0169360046987,80.0,220.0,EMS,MWH,VALID
2025-12-05 04:00:00,310.809928648409,80.0,220.0,EMS,MWH,VALID
2025-12-05 05:00:00,326.5464085456154,80.0,220.0,EMS,MWH,VALID
2025-12-05 06:00:00,344.55846498417867,80.0,220.0,EMS,MWH,VALID
2025-12-05 07:00:00,401.4092485084853,80.0,220.0,EMS,MWH,VALID
2025-12-05 08:00:00,379.2351047438861,80.0,220.0,EMS,MWH,VALID
2025-12-05 09:00:00,376.0720497913748,80.0,220.0,EMS,MWH,VALID
2025-12-05 10:00:00,374.66141069189234,80.0,220.0,EMS,MWH,VALID
2025-12-05 11:00:00,364.0168549339787,80.0,220.0,EMS,MWH,VALID
2025-12-05 12:00:00,361.1919126566546,80.0,220.0,EMS,MWH,VALID
2025-12-05 13:00:00,364.3191810934836,80.0,220.0,EMS,MWH,VALID
2025-12-05 14:00:00,375.53439891915485,80.0,220.0,EMS,MWH,VALID
2025-12-05 15:00:00,370.3416354839866,80.0,220.0,EMS,MWH,VALID
2025-12-05 16:00:00,383.9648613138888,80.0,220.0,EMS,MWH,VALID
2025-12-05 17:00:00,419.4508512507642,80.0,220.0,EMS,MWH,VALID
2025-12-05 18:00:00,464.3058135764233,80.0,220.0,EMS,MWH,VALID
2025-12-05 19:00:00,455.39121522396846,80.0,220.0,EMS,MWH,VALID
2025-12-05 20:00:00,439.7543700491884,80.0,220.0,EMS,MWH,VALID
2025-12-05 21:00:00,390.3097708265236,80.0,220.0,EMS,MWH,VALID
2025-12-05 22:00:00,360.3514677566851,80.0,220.0,EMS,MWH,VALID
2025-12-05 23:00:00,328.3780688519201,80.0,220.0,EMS,MWH,VALID
2025-12-06 00:00:00,253.6637891390503,80.0,220.0,EMS,MWH,VALID
2025-12-06 01:00:00,238.36224247193744,80.0,220.0,EMS,MWH,VALID
2025-12-06 02:00:00,239.94830335540428,80.0,220.0,EMS,MWH,VALID
2025-12-06 03:00:00,227.2368623207914,80.0,220.0,EMS,MWH,VALID
2025-12-06 04:00:00,226.5611840907491,80.0,220.0,EMS,MWH,VALID
2025-12-06 05:00:00,258.1106289956076,80.0,220.0,EMS,MWH,VALID
2025-12-06 06:00:00,283.57276368280355,80.0,220.0,EMS,MWH,VALID
2025-12-06 07:00:00,309.9958816893479,80.0,220.0,EMS,MWH,VALID
2025-12-06 08:00:00,342.16837211660624,80.0,220.0,EMS,MWH,VALID
2025-12-06 09:00:00,308.8889020463407,80.0,220.0,EMS,MWH,VALID
2025-12-06 10:00:00,292.3134880169801,80.0,220.0,EMS,MWH,VALID
2025-12-06 11:00:00,246.79732924474013,80.0,220.0,EMS,MWH,VALID
2025-12-06 12:00:00,290.7231702027741,80.0,220.0,EMS,MWH,VALID
2025-12-06 13:00:00,278.28088336395155,80.0,220.0,EMS,MWH,VALID
2025-12-06 14:00:00,266.7160887004917,80.0,220.0,EMS,MWH,VALID
2025-12-06 15:00:00,283.65637831603044,80.0,220.0,EMS,MWH,VALID
2025-12-06 16:00:00,312.6575247358702,80.0,220.0,EMS,MWH,VALID
2025-12-06 17:00:00,330.4689503773686,80.0,220.0,EMS,MWH,VALID
2025-12-06 18:00:00,378.5073321765868,80.0,220.0,EMS,MWH,VALID
2025-12-06 19:00:00,403.7372142887283,80.0,220.0,EMS,MWH,VALID
2025-12-06 20:00:00,359.35411283366165,80.0,220.0,EMS,MWH,VALID
2025-12-06 21:00:00,314.5493797926049,80.0,220.0,EMS,MWH,VALID
2025-12-06 22:00:00,282.2272695609543,80.0,220.0,EMS,MWH,VALID
2025-12-06 23:00:00,256.97527266260715,80.0,220.0,EMS,MWH,VALID
2025-12-07 00:00:00,264.8285219238822,80.0,220.0,EMS,MWH,VALID
2025-12-07 01:00:00,238.8206613053772,80.0,220.0,EMS,MWH,VALID
2025-12-07 02:00:00,256.6893184871232,80.0,220.0,EMS,MWH,VALID
2025-12-07 03:00:00,252.09131344448053,80.0,220.0,EMS,MWH,VALID
2025-12-07 04:00:00,257.33049535695096,80.0,220.0,EMS,MWH,VALID
2025-12-07 05:00:00,280.44957821006204,80.0,220.0,EMS,MWH,VALID
2025-12-07 06:00:00,304.9851995813461,80.0,220.0,EMS,MWH,VALID
2025-12-07 07:00:00,309.1360860599719,80.0,220.0,EMS,MWH,VALID
2025-12-07 08:00:00,312.5701741088397,80.0,220.0,EMS,MWH,VALID
2025-12-07 09:00:00,323.7335962977861,80.0,220.0,EMS,MWH,VALID
2025-12-07 10:00:00,309.00990311094006,80.0,220.0,EMS,MWH,VALID
2025-12-07 11:00:00,322.031109148735,80.0,220.0,EMS,MWH,VALID
2025-12-07 12:00:00,302.85801376286383,80.0,220.0,EMS,MWH,VALID
2025-12-07 13:00:00,229.8191341052097,80.0,220.0,EMS,MWH,VALID
2025-12-07 14:00:00,257.01755388038663,80.0,220.0,EMS,MWH,VALID
2025-12-07 15:00:00,296.3619073217092,80.0,220.0,EMS,MWH,VALID
2025-12-07 16:00:00,332.1410003893967,80.0,220.0,EMS,MWH,VALID
2025-12-07 17:00:00,339.86225878824706,80.0,220.0,EMS,MWH,VALID
2025-12-07 18:00:00,387.4971330237096,80.0,220.0,EMS,MWH,VALID
2025-12-07 19:00:00,364.0005478049946,80.0,220.0,EMS,MWH,VALID
2025-12-07 20:00:00,334.9461100363807,80.0,220.0,EMS,MWH,VALID
2025-12-07 21:00:00,329.0042814739625,80.0,220.0,EMS,MWH,VALID
2025-12-07 22:00:00,263.828858251634,80.0,220.0,EMS,MWH,VALID
2025-12-07 23:00:00,259.09160356175784,80.0,220.0,EMS,MWH,VALID
2025-12-08 00:00:00,295.6074009295268,80.0,220.0,EMS,MWH,VALID
2025-12-08 01:00:00,307.7917250875388,80.0,220.0,EMS,MWH,VALID
2025-12-08 02:00:00,304.4575898818026,80.0,220.0,EMS,MWH,VALID
2025-12-08 03:00:00,279.6021586679572,80.0,220.0,EMS,MWH,VALID
2025-12-08 04:00:00,289.3334176329309,80.0,220.0,EMS,MWH,VALID
2025-12-08 05:00:00,303.8322824041977,80.0,220.0,EMS,MWH,VALID
2025-12-08 06:00:00,341.9402571566732,80.0,220.0,EMS,MWH,VALID
2025-12-08 07:00:00,400.12992423344207,80.0,220.0,EMS,MWH,VALID
2025-12-08 08:00:00,441.6658739748509,80.0,220.0,EMS,MWH,VALID
2025-12-08 09:00:00,402.5874224093405,80.0,220.0,EMS,MWH,VALID
2025-12-08 10:00:00,381.9982499122389,80.0,220.0,EMS,MWH,VALID
2025-12-08 11:00:00,364.9705507490261,80.0,220.0,EMS,MWH,VALID
2025-12-08 12:00:00,351.67026239585493,80.0,220.0,EMS,MWH,VALID
2025-12-08 13:00:00,332.77188172314527,80.0,220.0,EMS,MWH,VALID
2025-12-08 14:00:00,380.0867747273292,80.0,220.0,EMS,MWH,VALID
2025-12-08 15:00:00,377.0784950537536,80.0,220.0,EMS,MWH,VALID
2025-12-08 16:00:00,387.0868903161538,80.0,220.0,EMS,MWH,VALID
2025-12-08 17:00:00,429.9371184060542,80.0,220.0,EMS,MWH,VALID
2025-12-08 18:00:00,459.6226741829471,80.0,220.0,EMS,MWH,VALID
2025-12-08 19:00:00,478.48498336583697,80.0,220.0,EMS,MWH,VALID
2025-12-08 20:00:00,446.7560962512838,80.0,220.0,EMS,MWH,VALID
2025-12-08 21:00:00,396.499157039035,80.0,220.0,EMS,MWH,VALID
2025-12-08 22:00:00,354.091792575243,80.0,220.0,EMS,MWH,VALID
2025-12-08 23:00:00,309.4654502147034,80.0,220.0,EMS,MWH,VALID
2025-12-09 00:00:00,279.1517293559363,80.0,220.0,EMS,MWH,VALID
2025-12-09 01:00:00,304.6580419758831,80.0,220.0,EMS,MWH,VALID
2025-12-09 02:00:00,320.6624023660187,80.0,220.0,EMS,MWH,VALID
2025-12-09 03:00:00,283.78104163762754,80.0,220.0,EMS,MWH,VALID
2025-12-09 04:00:00,281.8065822301453,80.0,220.0,EMS,MWH,VALID
2025-12-09 05:00:00,300.87995630086954,80.0,220.0,EMS,MWH,VALID
2025-12-09 06:00:00,342.7547122525574,80.0,220.0,EMS,MWH,VALID
2025-12-09 07:00:00,371.6501407077898,80.0,220.0,EMS,MWH,VALID
2025-12-09 08:00:00,413.2130060511647,80.0,220.0,EMS,MWH,VALID
2025-12-09 09:00:00,415.5234665120196,80.0,220.0,EMS,MWH,VALID
2025-12-09 10:00:00,408.3879473506879,80.0,220.0,EMS,MWH,VALID
2025-12-09 11:00:00,389.0111236414157,80.0,220.0,EMS,MWH,VALID
2025-12-09 12:00:00,370.4999640690433,80.0,220.0,EMS,MWH,VALID
2025-12-09 13:00:00,345.46062006654097,80.0,220.0,EMS,MWH,VALID
2025-12-09 14:00:00,366.0693868978831,80.0,220.0,EMS,MWH,VALID
2025-12-09 15:00:00,361.2323578068791,80.0,220.0,EMS,MWH,VALID
2025-12-09 16:00:00,360.57524512481086,80.0,220.0,EMS,MWH,VALID
2025-12-09 17:00:00,423.5992418487076,80.0,220.0,EMS,MWH,VALID
2025-12-09 18:00:00,447.44457905676927,80.0,220.0,EMS,MWH,VALID
2025-12-09 19:00:00,447.3937169325412,80.0,220.0,EMS,MWH,VALID
2025-12-09 20:00:00,435.2766660087517,80.0,220.0,EMS,MWH,VALID
2025-12-09 21:00:00,425.6472518217912,80.0,220.0,EMS,MWH,VALID
2025-12-09 22:00:00,367.5262755549247,80.0,220.0,EMS,MWH,VALID
2025-12-09 23:00:00,346.7702945488109,80.0,220.0,EMS,MWH,VALID
2025-12-10 00:00:00,295.2498922255702,80.0,220.0,EMS,MWH,VALID
2025-12-10 01:00:00,270.3207823167823,80.0,220.0,EMS,MWH,VALID
2025-12-10 02:00:00,268.9440080692554,80.0,220.0,EMS,MWH,VALID
2025-12-10 03:00:00,278.2537951481555,80.0,220.0,EMS,MWH,VALID
2025-12-10 04:00:00,336.33494082582416,80.0,220.0,EMS,MWH,VALID
2025-12-10 05:00:00,324.7345063896405,80.0,220.0,EMS,MWH,VALID
2025-12-10 06:00:00,354.85860875433747,80.0,220.0,EMS,MWH,VALID
2025-12-10 07:00:00,382.01258542737366,80.0,220.0,EMS,MWH,VALID
2025-12-10 08:00:00,407.12787314840574,80.0,220.0,EMS,MWH,VALID
2025-12-10 09:00:00,383.4049780965725,80.0,220.0,EMS,MWH,VALID
2025-12-10 10:00:00,379.4237856685701,80.0,220.0,EMS,MWH,VALID
2025-12-10 11:00:00,343.44190630872765,80.0,220.0,EMS,MWH,VALID
2025-12-10 12:00:00,367.6471917542343,80.0,220.0,EMS,MWH,VALID
2025-12-10 13:00:00,367.8502791296758,80.0,220.0,EMS,MWH,VALID
2025-12-10 14:00:00,351.76714961995685,80.0,220.0,EMS,MWH,VALID
2025-12-10 15:00:00,342.31444260374013,80.0,220.0,EMS,MWH,VALID
2025-12-10 16:00:00,387.1564524756757,80.0,220.0,EMS,MWH,VALID
2025-12-10 17:00:00,437.2655155500723,80.0,220.0,EMS,MWH,VALID
2025-12-10 18:00:00,436.62624300769767,80.0,220.0,EMS,MWH,VALID
2025-12-10 19:00:00,450.7650606480272,80.0,220.0,EMS,MWH,VALID
2025-12-10 20:00:00,441.4743323044105,80.0,220.0,EMS,MWH,VALID
2025-12-10 21:00:00,400.0147299707164,80.0,220.0,EMS,MWH,VALID
2025-12-10 22:00:00,361.13035955242674,80.0,220.0,EMS,MWH,VALID
2025-12-10 23:00:00,341.4064870843143,80.0,220.0,EMS,MWH,VALID
2025-12-11 00:00:00,281.51121550162145,80.0,220.0,EMS,MWH,VALID
2025-12-11 02:00:00,287.36247870442486,80.0,220.0,EMS,MWH,VALID
2025-12-11 03:00:00,281.52113496435464,80.0,220.0,EMS,MWH,VALID
2025-12-11 04:00:00,292.1388521038085,80.0,220.0,EMS,MWH,VALID
2025-12-11 05:00:00,320.25786538058924,80.0,220.0,EMS,MWH,VALID
2025-12-11 06:00:00,341.5146586513549,80.0,220.0,EMS,MWH,VALID
2025-12-11 07:00:00,397.6463411375761,80.0,220.0,EMS,MWH,VALID
2025-12-11 08:00:00,383.7954066958037,80.0,220.0,EMS,MWH,VALID
2025-12-11 09:00:00,398.1825128218894,80.0,220.0,EMS,MWH,VALID
2025-12-11 10:00:00,363.5361825782084,80.0,220.0,EMS,MWH,VALID
2025-12-11 11:00:00,374.3318762841545,80.0,220.0,EMS,MWH,VALID
2025-12-11 12:00:00,366.5894841370288,80.0,220.0,EMS,MWH,VALID
2025-12-11 13:00:00,388.31741270019126,80.0,220.0,EMS,MWH,VALID
2025-12-11 14:00:00,376.8690254473033,80.0,220.0,EMS,MWH,VALID
2025-12-11 15:00:00,348.3591252469095,80.0,220.0,EMS,MWH,VALID
2025-12-11 16:00:00,399.572052501556,80.0,220.0,EMS,MWH,VALID
2025-12-11 17:00:00,421.9741381263058,80.0,220.0,EMS,MWH,VALID
2025-12-11 18:00:00,463.1930876555499,80.0,220.0,EMS,MWH,VALID
2025-12-11 19:00:00,454.0674942174004,80.0,220.0,EMS,MWH,VALID
2025-12-11 20:00:00,454.7921721907411,80.0,220.0,EMS,MWH,VALID
2025-12-11 21:00:00,398.69619925849815,80.0,220.0,EMS,MWH,VALID
2025-12-11 22:00:00,345.7828325073885,80.0,220.0,EMS,MWH,VALID
2025-12-11 23:00:00,306.2320660857309,80.0,220.0,EMS,MWH,VALID
2025-12-12 00:00:00,275.5282511220663,80.0,220.0,EMS,MWH,VALID
2025-12-12 01:00:00,281.78098974629097,80.0,220.0,EMS,MWH,VALID
2025-12-12 02:00:00,288.68325596600846,80.0,220.0,EMS,MWH,VALID
2025-12-12 03:00:00,309.66972500575145,80.0,220.0,EMS,MWH,VALID
2025-12-12 04:00:00,322.4962500276674,80.0,220.0,EMS,MWH,VALID
2025-12-12 05:00:00,306.626000913069,80.0,220.0,EMS,MWH,VALID
2025-12-12 06:00:00,344.414400368865,80.0,220.0,EMS,MWH,VALID
2025-12-12 07:00:00,369.50342246105794,80.0,220.0,EMS,MWH,VALID
2025-12-12 08:00:00,381.6160845311728,80.0,220.0,EMS,MWH,VALID
2025-12-12 09:00:00,402.12764446929,80.0,220.0,EMS,MWH,VALID
2025-12-12 10:00:00,400.4452576576893,80.0,220.0,EMS,MWH,VALID
2025-12-12 11:00:00,382.1072830256248,80.0,220.0,EMS,MWH,VALID
2025-12-12 12:00:00,364.8097454162044,80.0,220.0,EMS,MWH,VALID
2025-12-12 13:00:00,364.4404104215347,80.0,220.0,EMS,MWH,VALID
2025-12-12 14:00:00,355.5891693764316,80.0,220.0,EMS,MWH,VALID
2025-12-12 15:00:00,372.4343069720852,80.0,220.0,EMS,MWH,VALID
2025-12-12 16:00:00,378.3219661001897,80.0,220.0,EMS,MWH,VALID
2025-12-12 17:00:00,448.37626809956,80.0,220.0,EMS,MWH,VALID
2025-12-12 18:00:00,477.7027995012436,80.0,220.0,EMS,MWH,VALID
2025-12-12 19:00:00,456.0013637486999,80.0,220.0,EMS,MWH,VALID
2025-12-12 20:00:00,452.110822686574,80.0,220.0,EMS,MWH,VALID
2025-12-12 21:00:00,403.9696490943202,80.0,220.0,EMS,MWH,VALID
2025-12-12 22:00:00,361.3967734057402,80.0,220.0,EMS,MWH,VALID
2025-12-12 23:00:00,313.01005684954663,80.0,220.0,EMS,MWH,VALID
2025-12-13 00:00:00,219.81872521630916,80.0,220.0,EMS,MWH,VALID
2025-12-13 01:00:00,257.66654573186867,80.0,220.0,EMS,MWH,VALID
2025-12-13 02:00:00,257.3619675489718,80.0,220.0,EMS,MWH,VALID
2025-12-13 03:00:00,240.26005501104837,80.0,220.0,EMS,MWH,VALID
2025-12-13 04:00:00,224.24783184704685,80.0,220.0,EMS,MWH,VALID
2025-12-13 05:00:00,248.02770695615249,80.0,220.0,EMS,MWH,VALID
2025-12-13 06:00:00,296.2707617615473,80.0,220.0,EMS,MWH,VALID
2025-12-13 07:00:00,313.22688264926154,80.0,220.0,EMS,MWH,VALID
2025-12-13 08:00:00,319.79187477379423,80.0,220.0,EMS,MWH,VALID
2025-12-13 09:00:00,325.1669481740943,80.0,220.0,EMS,MWH,VALID
2025-12-13 10:00:00,308.6232484254853,80.0,220.0,EMS,MWH,VALID
2025-12-13 11:00:00,326.43717601419206,80.0,220.0,EMS,MWH,VALID
2025-12-13 12:00:00,270.7891002201273,80.0,220.0,EMS,MWH,VALID
2025-12-13 13:00:00,306.49377724505183,80.0,220.0,EMS,MWH,VALID
2025-12-13 14:00:00,293.9887401822761,80.0,220.0,EMS,MWH,VALID
2025-12-13 15:00:00,285.05928400405594,80.0,220.0,EMS,MWH,VALID
2025-12-13 16:00:00,321.1729812628659,80.0,220.0,EMS,MWH,VALID
2025-12-13 17:00:00,357.90561023050674,80.0,220.0,EMS,MWH,VALID
2025-12-13 18:00:00,384.2613197309847,80.0,220.0,EMS,MWH,VALID
2025-12-13 19:00:00,362.9540310429221,80.0,220.0,EMS,MWH,VALID
2025-12-13 20:00:00,366.7069096111972,80.0,220.0,EMS,MWH,VALID
2025-12-13 21:00:00,316.9915793062757,80.0,220.0,EMS,MWH,VALID
2025-12-13 22:00:00,265.2328402639591,80.0,220.0,EMS,MWH,VALID
2025-12-13 23:00:00,277.73792167563136,80.0,220.0,EMS,MWH,VALID
2025-12-14 00:00:00,266.55938967344207,80.0,220.0,EMS,MWH,VALID
2025-12-14 01:00:00,238.92880787836287,80.0,220.0,EMS,MWH,VALID
2025-12-14 02:00:00,226.339313409721,80.0,220.0,EMS,MWH,VALID
2025-12-14 03:00:00,258.20687644651645,80.0,220.0,EMS,MWH,VALID
2025-12-14 04:00:00,236.43442184810263,80.0,220.0,EMS,MWH,VALID
2025-12-14 05:00:00,240.9881156184936,80.0,220.0,EMS,MWH,VALID
2025-12-14 06:00:00,271.7246809059861,80.0,220.0,EMS,MWH,VALID
2025-12-14 07:00:00,344.17080584009454,80.0,220.0,EMS,MWH,VALID
2025-12-14 08:00:00,347.1910882380402,80.0,220.0,EMS,MWH,VALID
2025-12-14 09:00:00,340.8626379918849,80.0,220.0,EMS,MWH,VALID
2025-12-14 10:00:00,310.46486352715345,80.0,220.0,EMS,MWH,VALID
2025-12-14 11:00:00,285.1700158355389,80.0,220.0,EMS,MWH,VALID
2025-12-14 12:00:00,290.33869580535486,80.0,220.0,EMS,MWH,VALID
2025-12-14 13:00:00,255.10982828357655,80.0,220.0,EMS,MWH,VALID
2025-12-14 14:00:00,320.79116250729777,80.0,220.0,EMS,MWH,VALID
2025-12-14 15:00:00,303.06506537749453,80.0,220.0,EMS,MWH,VALID
2025-12-14 16:00:00,323.8345093379035,80.0,220.0,EMS,MWH,VALID
2025-12-14 17:00:00,333.5431659944041,80.0,220.0,EMS,MWH,VALID
2025-12-14 18:00:00,357.2990360882454,80.0,220.0,EMS,MWH,VALID
2025-12-14 19:00:00,358.48099123992307,80.0,220.0,EMS,MWH,VALID
2025-12-14 20:00:00,326.94615473168693,80.0,220.0,EMS,MWH,VALID
2025-12-14 21:00:00,332.6579637771477,80.0,220.0,EMS,MWH,VALID
2025-12-14 22:00:00,326.9376984842616,80.0,220.0,EMS,MWH,VALID
2025-12-14 23:00:00,283.02160898894306,80.0,220.0,EMS,MWH,VALID
2025-12-15 00:00:00,302.0007973557257,80.0,220.0,EMS,MWH,VALID
2025-12-15 01:00:00,307.37599080427435,80.0,220.0,EMS,MWH,VALID
2025-12-15 02:00:00,297.0865922278934,80.0,220.0,EMS,MWH,VALID
2025-12-15 04:00:00,317.5307578734145,80.0,220.0,EMS,MWH,VALID
2025-12-15 05:00:00,324.12152178274783,80.0,220.0,EMS,MWH,VALID
2025-12-15 06:00:00,325.2098384415012,80.0,220.0,EMS,MWH,VALID
2025-12-15 07:00:00,397.7229629516872,80.0,220.0,EMS,MWH,VALID
2025-12-15 08:00:00,392.09000419608753,80.0,220.0,EMS,MWH,VALID
2025-12-15 09:00:00,390.218121456932,80.0,220.0,EMS,MWH,VALID
2025-12-15 10:00:00,382.3268934466567,80.0,220.0,EMS,MWH,VALID
2025-12-15 11:00:00,372.2676097107168,80.0,220.0,EMS,MWH,VALID
2025-12-15 12:00:00,376.7419152739614,80.0,220.0,EMS,MWH,VALID
2025-12-15 13:00:00,380.7695475857378,80.0,220.0,EMS,MWH,VALID
2025-12-15 14:00:00,369.4333810243479,80.0,220.0,EMS,MWH,VALID
2025-12-15 15:00:00,384.6132769036108,80.0,220.0,EMS,MWH,VALID
2025-12-15 16:00:00,394.1922096294176,80.0,220.0,EMS,MWH,VALID
2025-12-15 17:00:00,412.1054610898445,80.0,220.0,EMS,MWH,VALID
2025-12-15 18:00:00,477.7753137747812,80.0,220.0,EMS,MWH,VALID
2025-12-15 19:00:00,449.740690925148,80.0,220.0,EMS,MWH,VALID
2025-12-15 20:00:00,427.13403333868655,80.0,220.0,EMS,MWH,VALID
2025-12-15 21:00:00,399.67734514313537,80.0,220.0,EMS,MWH,VALID
2025-12-15 22:00:00,352.9574423285865,80.0,220.0,EMS,MWH,VALID
2025-12-15 23:00:00,324.10260510396824,80.0,220.0,EMS,MWH,VALID
2025-12-16 00:00:00,318.9968807987498,80.0,220.0,EMS,MWH,VALID
2025-12-16 01:00:00,291.38525450128594,80.0,220.0,EMS,MWH,VALID
2025-12-16 02:00:00,281.6926818507681,80.0,220.0,EMS,MWH,VALID
2025-12-16 03:00:00,304.1779163141886,80.0,220.0,EMS,MWH,VALID
2025-12-16 04:00:00,330.5676225242245,80.0,220.0,EMS,MWH,VALID
2025-12-16 05:00:00,336.910503613817,80.0,220.0,EMS,MWH,VALID
2025-12-16 06:00:00,354.3315960608628,80.0,220.0,EMS,MWH,VALID
2025-12-16 07:00:00,382.4646244509352,80.0,220.0,EMS,MWH,VALID
2025-12-16 08:00:00,416.10738425051,80.0,220.0,EMS,MWH,VALID
2025-12-16 09:00:00,383.56852167689135,80.0,220.0,EMS,MWH,VALID
2025-12-16 10:00:00,380.37900142553536,80.0,220.0,EMS,MWH,VALID
2025-12-16 11:00:00,358.4861369966474,80.0,220.0,EMS,MWH,VALID
2025-12-16 12:00:00,388.1593902833645,80.0,220.0,EMS,MWH,VALID
2025-12-16 13:00:00,392.9982597468032,80.0,220.0,EMS,MWH,VALID
2025-12-16 14:00:00,384.4381028096384,80.0,220.0,EMS,MWH,VALID
2025-12-16 15:00:00,369.69577111187056,80.0,220.0,EMS,MWH,VALID
2025-12-16 16:00:00,371.40965142802486,80.0,220.0,EMS,MWH,VALID
2025-12-16 17:00:00,428.8979436932476,80.0,220.0,EMS,MWH,VALID
2025-12-16 18:00:00,448.5398557804337,80.0,220.0,EMS,MWH,VALID
2025-12-16 19:00:00,466.720795136074,80.0,220.0,EMS,MWH,VALID
2025-12-16 20:00:00,446.8428456075176,80.0,220.0,EMS,MWH,VALID
2025-12-16 21:00:00,420.8464239066199,80.0,220.0,EMS,MWH,VALID
2025-12-16 22:00:00,357.18790404394355,80.0,220.0,EMS,MWH,VALID
2025-12-16 23:00:00,327.7330710623688,80.0,220.0,EMS,MWH,VALID
2025-12-17 00:00:00,314.65222233697574,80.0,220.0,EMS,MWH,VALID
2025-12-17 01:00:00,299.9322482591889,80.0,220.0,EMS,MWH,VALID
2025-12-17 02:00:00,288.3427832911716,80.0,220.0,EMS,MWH,VALID
2025-12-17 03:00:00,282.64026196364927,80.0,220.0,EMS,MWH,VALID
2025-12-17 04:00:00,312.45654963021906,80.0,220.0,EMS,MWH,VALID
2025-12-17 05:00:00,335.12943702108754,80.0,220.0,EMS,MWH,VALID
2025-12-17 06:00:00,358.7806963076399,80.0,220.0,EMS,MWH,VALID
2025-12-17 07:00:00,391.1127678832225,80.0,220.0,EMS,MWH,VALID
2025-12-17 08:00:00,429.466706967332,80.0,220.0,EMS,MWH,VALID
2025-12-17 09:00:00,405.12282787968434,80.0,220.0,EMS,MWH,VALID
2025-12-17 10:00:00,385.3229202227809,80.0,220.0,EMS,MWH,VALID
2025-12-17 11:00:00,390.7198504323141,57.6,220.0,EMS,MWH,VALID
2025-12-17 12:00:00,365.2497062429094,57.6,220.0,EMS,MWH,VALID
2025/12/17 13:00,360.36034711606135,57.6,220.0,EMS,MWH,VALID
2025-12-17 14:00:00,376.2151967306708,57.6,220.0,EMS,MWH,VALID
2025-12-17 15:00:00,361.7349693826517,57.6,220.0,EMS,MWH,VALID
2025-12-17 16:00:00,371.4418863617222,57.6,220.0,EMS,MWH,VALID
2025-12-17 17:00:00,439.32749245983297,57.6,220.0,EMS,MWH,VALID
2025-12-17 18:00:00,484.48486978086254,57.6,220.0,EMS,MWH,VALID
2025-12-17 19:00:00,495.6233909575078,57.6,220.0,EMS,MWH,VALID
2025-12-17 20:00:00,436.44873849409873,57.6,220.0,EMS,MWH,VALID
2025-12-17 21:00:00,399.64682634712585,80.0,220.0,EMS,MWH,VALID
2025-12-17 22:00:00,329.7604796961621,80.0,220.0,EMS,MWH,VALID
2025-12-17 23:00:00,320.27827486364504,80.0,220.0,EMS,MWH,VALID
2025-12-18 00:00:00,338.024185404504,80.0,220.0,EMS,MWH,VALID
2025-12-18 01:00:00,287.96535641042254,80.0,220.0,EMS,MWH,VALID
2025-12-18 02:00:00,324.06473512887914,80.0,220.0,EMS,MWH,VALID
2025-12-18 03:00:00,279.48408168681965,80.0,220.0,EMS,MWH,VALID
2025-12-18 04:00:00,309.8736132746172,80.0,220.0,EMS,MWH,VALID
2025-12-18 05:00:00,326.5948154050401,80.0,220.0,EMS,MWH,VALID
2025-12-18 06:00:00,367.6517667003317,80.0,220.0,EMS,MWH,VALID
2025-12-18 07:00:00,379.0254766110776,80.0,220.0,EMS,MWH,VALID
2025-12-18 08:00:00,377.5115279372407,80.0,220.0,EMS,MWH,VALID
2025-12-18 09:00:00,424.1449560913588,80.0,220.0,EMS,MWH,VALID
2025-12-18 10:00:00,374.33206170883454,80.0,220.0,EMS,MWH,VALID
2025-12-18 11:00:00,358.5921981931693,80.0,220.0,EMS,MWH,VALID
2025-12-18 12:00:00,356.7131704544487,80.0,220.0,EMS,MWH,VALID
2025-12-18 13:00:00,346.48432764313014,80.0,220.0,EMS,MWH,VALID
2025-12-18 14:00:00,351.36121826889223,80.0,220.0,EMS,MWH,VALID
2025-12-18 15:00:00,372.4545314752122,80.0,220.0,EMS,MWH,VALID
2025-12-18 16:00:00,407.9907255520819,80.0,220.0,EMS,MWH,VALID
2025-12-18 17:00:00,423.8155415071706,80.0,220.0,EMS,MWH,VALID
2025-12-18 18:00:00,440.7015977203286,80.0,220.0,EMS,MWH,VALID
2025-12-18 19:00:00,446.8396165637698,80.0,220.0,EMS,MWH,VALID
2025-12-18 20:00:00,460.61775867952514,80.0,220.0,EMS,MWH,VALID
2025-12-18 21:00:00,388.51405177153686,80.0,220.0,EMS,MWH,VALID
2025-12-18 22:00:00,363.2978129185448,80.0,220.0,EMS,MWH,VALID
2025-12-18 23:00:00,317.9814842427629,80.0,220.0,EMS,MWH,VALID
2025-12-19 00:00:00,302.3225919174697,80.0,220.0,EMS,MWH,VALID
2025-12-19 01:00:00,305.5365880306077,80.0,220.0,EMS,MWH,VALID
2025-12-19 02:00:00,301.6142459817874,80.0,220.0,EMS,MWH,VALID
2025-12-19 03:00:00,291.5892240176441,80.0,220.0,EMS,MWH,VALID
2025-12-19 04:00:00,307.2429189825938,80.0,220.0,EMS,MWH,VALID
2025-12-19 05:00:00,318.9233913359338,80.0,220.0,EMS,MWH,VALID
2025-12-19 06:00:00,369.3518833289477,80.0,220.0,EMS,MWH,VALID
2025-12-19 07:00:00,392.5217049467345,80.0,220.0,EMS,MWH,VALID
2025-12-19 08:00:00,381.575339206296,80.0,220.0,EMS,MWH,VALID
2025-12-19 09:00:00,415.1129780331933,80.0,220.0,EMS,MWH,VALID
2025-12-19 10:00:00,393.0054316820605,80.0,220.0,EMS,MWH,VALID
2025-12-19 11:00:00,341.95954042628,80.0,220.0,EMS,MWH,VALID
2025-12-19 12:00:00,355.1675232363534,80.0,220.0,EMS,MWH,VALID
2025-12-19 13:00:00,379.08156102159,80.0,220.0,EMS,MWH,VALID
2025-12-19 14:00:00,368.7843047523134,80.0,220.0,EMS,MWH,VALID
2025-12-19 15:00:00,392.2703545327509,80.0,220.0,EMS,MWH,VALID
2025-12-19 16:00:00,403.08127441082667,80.0,220.0,EMS,MWH,VALID
2025-12-19 17:00:00,432.4058924356244,80.0,220.0,EMS,MWH,VALID
2025-12-19 18:00:00,466.8284498903776,80.0,220.0,EMS,MWH,VALID
2025-12-19 19:00:00,462.9122213128615,80.0,220.0,EMS,MWH,VALID
2025-12-19 20:00:00,460.8899459710262,80.0,220.0,EMS,MWH,VALID
2025-12-19 21:00:00,404.03540876524215,80.0,220.0,EMS,MWH,VALID
2025-12-19 22:00:00,359.7293790503733,80.0,220.0,EMS,MWH,VALID
2025-12-19 23:00:00,342.6339091488049,80.0,220.0,EMS,MWH,VALID
2025-12-20 00:00:00,255.40985535695447,80.0,220.0,EMS,MWH,VALID
2025-12-20 01:00:00,249.3697490912622,80.0,220.0,EMS,MWH,VALID
2025-12-20 02:00:00,234.29203277488912,80.0,220.0,EMS,MWH,VALID
2025-12-20 03:00:00,239.5494906083456,80.0,220.0,EMS,MWH,VALID
2025-12-20 04:00:00,252.0537489617418,80.0,220.0,EMS,MWH,VALID
2025-12-20 05:00:00,242.38145652382195,80.0,220.0,EMS,MWH,VALID
2025-12-20 06:00:00,299.6094142676046,80.0,220.0,EMS,MWH,VALID
2025-12-20 07:00:00,310.8946665300225,80.0,220.0,EMS,MWH,VALID
2025-12-20 08:00:00,336.57656616559507,80.0,220.0,EMS,MWH,VALID
2025-12-20 09:00:00,321.8630400481554,80.0,220.0,EMS,MWH,VALID
2025-12-20 10:00:00,339.9268723925142,80.0,220.0,EMS,MWH,VALID
2025-12-20 11:00:00,267.13641608546493,80.0,220.0,EMS,MWH,VALID
2025-12-20 12:00:00,264.6454467358532,80.0,220.0,EMS,MWH,VALID
2025-12-20 13:00:00,274.0637807714685,80.0,220.0,EMS,MWH,VALID
2025-12-20 14:00:00,237.72131916969892,80.0,220.0,EMS,MWH,VALID
2025-12-20 15:00:00,267.5373055247869,80.0,220.0,EMS,MWH,VALID
2025-12-20 16:00:00,296.1016050923929,80.0,220.0,EMS,MWH,VALID
2025-12-20 17:00:00,366.48908805634585,80.0,220.0,EMS,MWH,VALID
2025-12-20 18:00:00,387.66535871283327,80.0,220.0,EMS,MWH,VALID
2025-12-20 19:00:00,397.09359793730073,80.0,220.0,EMS,MWH,VALID
2025-12-20 20:00:00,383.4873653659244,80.0,220.0,EMS,MWH,VALID
2025-12-20 21:00:00,341.3051030830446,80.0,220.0,EMS,MWH,VALID
2025-12-20 22:00:00,287.45015973106547,80.0,220.0,EMS,MWH,VALID
2025-12-20 23:00:00,268.08495613694413,80.0,220.0,EMS,MWH,VALID
2025-12-21 00:00:00,254.1768467769896,80.0,220.0,EMS,MWH,VALID
2025-12-21 01:00:00,248.63395762084693,80.0,220.0,EMS,MWH,VALID
2025-12-21 02:00:00,233.4161034230362,80.0,220.0,EMS,MWH,VALID
2025-12-21 03:00:00,246.3624013963488,80.0,220.0,EMS,MWH,VALID
2025-12-21 04:00:00,254.098664850226,80.0,220.0,EMS,MWH,VALID
2025-12-21 05:00:00,279.819206053662,80.0,220.0,EMS,MWH,VALID
2025-12-21 06:00:00,293.9297712327872,80.0,220.0,EMS,MWH,VALID
2025-12-21 07:00:00,320.1353848788978,80.0,220.0,EMS,MWH,VALID
2025-12-21 08:00:00,321.55365324322344,80.0,220.0,EMS,MWH,VALID
2025-12-21 10:00:00,313.1640648439647,80.0,220.0,EMS,MWH,VALID
2025-12-21 11:00:00,277.4230559394125,80.0,220.0,EMS,MWH,VALID
2025-12-21 12:00:00,255.93912081873893,80.0,220.0,EMS,MWH,VALID
2025-12-21 13:00:00,259.5911330163329,80.0,220.0,EMS,MWH,VALID
2025-12-21 14:00:00,269.8754712165322,80.0,220.0,EMS,MWH,VALID
2025-12-21 15:00:00,299.6656705085293,80.0,220.0,EMS,MWH,VALID
2025-12-21 16:00:00,318.7711202587017,80.0,220.0,EMS,MWH,VALID
2025-12-21 17:00:00,350.0845752333283,80.0,220.0,EMS,MWH,VALID
2025-12-21 18:00:00,376.35250119301526,80.0,220.0,EMS,MWH,VALID
2025-12-21 19:00:00,363.4013778914453,80.0,220.0,EMS,MWH,VALID
2025-12-21 20:00:00,384.1170676601215,80.0,220.0,EMS,MWH,VALID
2025-12-21 21:00:00,323.4637633137535,80.0,220.0,EMS,MWH,VALID
2025-12-21 22:00:00,315.1822468142333,80.0,220.0,EMS,MWH,VALID
2025-12-21 23:00:00,272.70077990443843,80.0,220.0,EMS,MWH,VALID
2025-12-22 00:00:00,280.6982845465513,80.0,220.0,EMS,MWH,VALID
2025-12-22 01:00:00,284.28053632131684,80.0,220.0,EMS,MWH,VALID
2025-12-22 02:00:00,301.82177881549944,80.0,220.0,EMS,MWH,VALID
2025-12-22 03:00:00,286.17764574993566,80.0,220.0,EMS,MWH,VALID
2025-12-22 04:00:00,322.9432801823175,80.0,220.0,EMS,MWH,VALID
2025-12-22 05:00:00,333.5744378682172,80.0,220.0,EMS,MWH,VALID
2025-12-22 06:00:00,386.28581545508746,80.0,220.0,EMS,MWH,VALID
2025-12-22 07:00:00,393.0484055609459,80.0,220.0,EMS,MWH,VALID
2025-12-22 08:00:00,392.4235592592512,80.0,220.0,EMS,MWH,VALID
2025-12-22 09:00:00,414.1950007889533,80.0,220.0,EMS,MWH,VALID
2025-12-22 10:00:00,390.24902490861086,80.0,220.0,EMS,MWH,VALID
2025-12-22 11:00:00,374.5804415512806,80.0,220.0,EMS,MWH,VALID
2025-12-22 12:00:00,373.509841031696,80.0,220.0,EMS,MWH,VALID
2025-12-22 13:00:00,352.7596865398617,80.0,220.0,EMS,MWH,VALID
2025-12-22 14:00:00,373.50106676882746,80.0,220.0,EMS,MWH,VALID
2025-12-22 15:00:00,383.5963867409284,80.0,220.0,EMS,MWH,VALID
2025-12-22 16:00:00,400.7906186411423,80.0,220.0,EMS,MWH,VALID
2025-12-22 17:00:00,401.9049356636219,80.0,220.0,EMS,MWH,VALID
2025-12-22 18:00:00,461.507154486573,80.0,220.0,EMS,MWH,VALID
2025-12-22 19:00:00,449.7653901790617,80.0,220.0,EMS,MWH,VALID
2025-12-22 20:00:00,429.34019044147504,80.0,220.0,EMS,MWH,VALID
2025-12-22 21:00:00,387.7111910863077,80.0,220.0,EMS,MWH,VALID
2025-12-22 22:00:00,354.46674864177214,80.0,220.0,EMS,MWH,VALID
2025-12-22 23:00:00,320.5106055076526,80.0,220.0,EMS,MWH,VALID
2025-12-23 00:00:00,318.323355513109,80.0,220.0,EMS,MWH,VALID
2025-12-23 01:00:00,309.21397694573284,80.0,220.0,EMS,MWH,VALID
2025-12-23 02:00:00,314.8883121906813,80.0,220.0,EMS,MWH,VALID
2025-12-23 03:00:00,312.5290375364565,80.0,220.0,EMS,MWH,VALID
2025-12-23 04:00:00,291.4910304597358,80.0,220.0,EMS,MWH,VALID
2025-12-23 05:00:00,315.77277170512195,80.0,220.0,EMS,MWH,VALID
2025-12-23 06:00:00,317.8364583765574,80.0,220.0,EMS,MWH,VALID
2025-12-23 07:00:00,386.4757173485594,80.0,220.0,EMS,MWH,VALID
2025-12-23 08:00:00,426.6033277164599,80.0,220.0,EMS,MWH,VALID
2025-12-23 09:00:00,405.165013934428,80.0,220.0,EMS,MWH,VALID
2025-12-23 10:00:00,373.4401943604624,80.0,220.0,EMS,MWH,VALID
2025-12-23 11:00:00,363.0296407928973,80.0,220.0,EMS,MWH,VALID
2025-12-23 12:00:00,373.553207351546,80.0,220.0,EMS,MWH,VALID
2025-12-23 13:00:00,358.1878175023127,80.0,220.0,EMS,MWH,VALID
2025-12-23 14:00:00,380.1753762945652,80.0,220.0,EMS,MWH,VALID
2025-12-23 15:00:00,386.93859547655,80.0,220.0,EMS,MWH,VALID
2025-12-23 16:00:00,393.1351626826525,80.0,220.0,EMS,MWH,VALID
2025-12-23 17:00:00,413.692732905532,80.0,220.0,EMS,MWH,VALID
2025-12-23 18:00:00,468.44904701727626,80.0,220.0,EMS,MWH,VALID
2025-12-23 19:00:00,460.7915041390008,80.0,220.0,EMS,MWH,VALID
2025-12-23 20:00:00,455.1084292745552,80.0,220.0,EMS,MWH,VALID
2025-12-23 21:00:00,412.4915827148873,80.0,220.0,EMS,MWH,VALID
2025-12-23 22:00:00,350.4332930449505,80.0,220.0,EMS,MWH,VALID
2025-12-23 23:00:00,347.1264166890313,80.0,220.0,EMS,MWH,VALID
2025-12-24 00:00:00,293.4266451995575,80.0,220.0,EMS,MWH,VALID
2025-12-24 01:00:00,310.85873033723004,80.0,220.0,EMS,MWH,VALID
2025-12-24 02:00:00,309.2123467778979,80.0,220.0,EMS,MWH,VALID
2025-12-24 03:00:00,296.49009311592687,80.0,220.0,EMS,MWH,VALID
2025-12-24 04:00:00,291.993123484413,80.0,220.0,EMS,MWH,VALID
2025-12-24 05:00:00,326.6903778119611,80.0,220.0,EMS,MWH,VALID
2025-12-24 06:00:00,366.4493560100639,80.0,220.0,EMS,MWH,VALID
2025-12-24 07:00:00,384.3282353094256,80.0,220.0,EMS,MWH,VALID
2025-12-24 08:00:00,401.4260611134797,80.0,220.0,EMS,MWH,VALID
2025-12-24 09:00:00,411.2154747354396,80.0,220.0,EMS,MWH,VALID
2025-12-24 10:00:00,393.48175370373576,80.0,220.0,EMS,MWH,VALID
2025-12-24 11:00:00,364.2642159697768,80.0,220.0,EMS,MWH,VALID
2025-12-24 12:00:00,347.1007921766515,80.0,220.0,EMS,MWH,VALID
2025-12-24 13:00:00,373.7320803640171,80.0,220.0,EMS,MWH,VALID
2025-12-24 14:00:00,356.5640238896588,80.0,220.0,EMS,MWH,VALID
2025-12-24 15:00:00,369.1624879154602,80.0,220.0,EMS,MWH,VALID
2025-12-24 16:00:00,411.9680681819448,80.0,220.0,EMS,MWH,VALID
2025-12-24 17:00:00,466.8445869710706,80.0,220.0,EMS,MWH,VALID
2025-12-24 18:00:00,489.8498995961229,80.0,220.0,EMS,MWH,VALID
2025-12-24 19:00:00,470.8993315832095,80.0,220.0,EMS,MWH,VALID
2025-12-24 20:00:00,469.348873132605,80.0,220.0,EMS,MWH,VALID
2025-12-24 21:00:00,384.6412799656939,80.0,220.0,EMS,MWH,VALID
2025-12-24 22:00:00,354.63023100379394,80.0,220.0,EMS,MWH,VALID
2025-12-24 23:00:00,319.2824893123834,80.0,220.0,EMS,MWH,VALID
2025-12-25 00:00:00,289.20136455859443,80.0,220.0,EMS,MWH,VALID
2025-12-25 01:00:00,300.40819351970754,80.0,220.0,EMS,MWH,VALID
2025-12-25 02:00:00,303.68096390143575,80.0,220.0,EMS,MWH,VALID
2025-12-25 03:00:00,295.7982201434276,80.0,220.0,EMS,MWH,VALID
2025-12-25 04:00:00,311.1682825360553,80.0,220.0,EMS,MWH,VALID
2025-12-25 05:00:00,313.6776336108141,80.0,220.0,EMS,MWH,VALID
2025-12-25 06:00:00,316.58378266676647,80.0,220.0,EMS,MWH,VALID
2025-12-25 07:00:00,389.2293207060071,80.0,220.0,EMS,MWH,VALID
2025-12-25 08:00:00,412.66924240673234,80.0,220.0,EMS,MWH,VALID
2025-12-25 09:00:00,418.1714484219812,80.0,220.0,EMS,MWH,VALID
2025-12-25 10:00:00,372.0904416154754,80.0,220.0,EMS,MWH,VALID
2025-12-25 11:00:00,355.390789854736,80.0,220.0,EMS,MWH,VALID
2025-12-25 12:00:00,338.29637316384765,80.0,220.0,EMS,MWH,VALID
2025-12-25 13:00:00,370.8268418767846,80.0,220.0,EMS,MWH,VALID
2025-12-25 14:00:00,357.08030833779407,80.0,220.0,EMS,MWH,VALID
2025-12-25 15:00:00,367.0477805453405,80.0,220.0,EMS,MWH,VALID
2025-12-25 16:00:00,405.6842058021916,80.0,220.0,EMS,MWH,VALID
2025-12-25 17:00:00,450.2913494178256,80.0,220.0,EMS,MWH,VALID
2025-12-25 18:00:00,454.2247919117409,80.0,220.0,EMS,MWH,VALID
2025-12-25 19:00:00,483.0346138457884,80.0,220.0,EMS,MWH,VALID
2025-12-25 20:00:00,455.7617246925699,80.0,220.0,EMS,MWH,VALID
2025-12-25 21:00:00,425.8516900839531,80.0,220.0,EMS,MWH,VALID
2025-12-25 22:00:00,363.7377206738884,80.0,220.0,EMS,MWH,VALID
2025-12-25 23:00:00,315.96111881897235,80.0,220.0,EMS,MWH,VALID
2025-12-26 00:00:00,288.742700183798,80.0,220.0,EMS,MWH,VALID
2025-12-26 01:00:00,318.9373580824647,80.0,220.0,EMS,MWH,VALID
2025-12-26 02:00:00,325.8022581089373,80.0,220.0,EMS,MWH,VALID
2025-12-26 03:00:00,288.4772474353585,80.0,220.0,EMS,MWH,VALID
2025-12-26 04:00:00,283.54283967115566,80.0,220.0,EMS,MWH,VALID
2025-12-26 05:00:00,332.6115993799158,80.0,220.0,EMS,MWH,VALID
2025-12-26 06:00:00,338.94344148891014,80.0,220.0,EMS,MWH,VALID
2025-12-26 07:00:00,370.1066171612278,80.0,220.0,EMS,MWH,VALID
2025-12-26 08:00:00,395.5055654440996,80.0,220.0,EMS,MWH,VALID
2025-12-26 09:00:00,397.4682234737032,80.0,220.0,EMS,MWH,VALID
2025-12-26 10:00:00,367.4712518713538,80.0,220.0,EMS,MWH,VALID
2025-12-26 11:00:00,386.4336066468378,80.0,220.0,EMS,MWH,VALID
2025-12-26 12:00:00,364.5967329908625,80.0,220.0,EMS,MWH,VALID
2025-12-26 13:00:00,372.4305645405333,80.0,220.0,EMS,MWH,VALID
2025-12-26 14:00:00,358.4331880848228,80.0,220.0,EMS,MWH,VALID
2025-12-26 15:00:00,378.4274523442359,80.0,220.0,EMS,MWH,VALID
2025-12-26 16:00:00,396.09314162712326,80.0,220.0,EMS,MWH,VALID
2025-12-26 17:00:00,437.7948524745734,80.0,220.0,EMS,MWH,VALID
2025-12-26 18:00:00,446.0553556919591,80.0,220.0,EMS,MWH,VALID
2025-12-26 19:00:00,483.84619229577487,80.0,220.0,EMS,MWH,VALID
2025-12-26 20:00:00,448.5296060200855,80.0,220.0,EMS,MWH,VALID
2025-12-26 21:00:00,394.7276376865218,80.0,220.0,EMS,MWH,VALID
2025-12-26 22:00:00,361.52494710646863,80.0,220.0,EMS,MWH,VALID
2025-12-26 23:00:00,341.4195735814583,80.0,220.0,EMS,MWH,VALID
2025-12-27 00:00:00,254.8193557736518,80.0,220.0,EMS,MWH,VALID
2025-12-27 01:00:00,257.0234558125693,80.0,220.0,EMS,MWH,VALID
2025-12-27 02:00:00,245.82864541319876,80.0,220.0,EMS,MWH,VALID
2025-12-27 03:00:00,234.94434941030576,80.0,220.0,EMS,MWH,VALID
2025-12-27 04:00:00,251.1042283978706,80.0,220.0,EMS,MWH,VALID
2025-12-27 05:00:00,268.9088638859108,80.0,220.0,EMS,MWH,VALID
2025-12-27 06:00:00,306.8929351303632,80.0,220.0,EMS,MWH,VALID
2025-12-27 07:00:00,306.9632755919491,80.0,220.0,EMS,MWH,VALID
2025-12-27 08:00:00,349.5674506320781,80.0,220.0,EMS,MWH,VALID
2025-12-27 09:00:00,346.7085984471655,80.0,220.0,EMS,MWH,VALID
2025-12-27 10:00:00,286.0020581887352,80.0,220.0,EMS,MWH,VALID
2025-12-27 11:00:00,319.25809892428515,80.0,220.0,EMS,MWH,VALID
2025-12-27 12:00:00,301.6525290471215,80.0,220.0,EMS,MWH,VALID
2025-12-27 13:00:00,292.5728126249169,80.0,220.0,EMS,MWH,VALID
2025-12-27 14:00:00,321.60668268419573,80.0,220.0,EMS,MWH,VALID
2025-12-27 15:00:00,316.5645325809721,80.0,220.0,EMS,MWH,VALID
2025-12-27 16:00:00,305.3086137384633,80.0,220.0,EMS,MWH,VALID
2025-12-27 17:00:00,370.776218137418,80.0,220.0,EMS,MWH,VALID
2025-12-27 18:00:00,379.6975459621162,80.0,220.0,EMS,MWH,VALID
2025-12-27 19:00:00,391.9238962399472,80.0,220.0,EMS,MWH,VALID
2025-12-27 20:00:00,395.2531065208798,80.0,220.0,EMS,MWH,VALID
2025-12-27 21:00:00,330.0605359433518,80.0,220.0,EMS,MWH,VALID
2025-12-27 22:00:00,267.4989935022334,80.0,220.0,EMS,MWH,VALID
2025-12-27 23:00:00,270.57252163606404,80.0,220.0,EMS,MWH,VALID
2025-12-28 00:00:00,237.33906847435088,80.0,220.0,EMS,MWH,VALID
2025-12-28 01:00:00,240.92641924234908,80.0,220.0,EMS,MWH,VALID
2025-12-28 02:00:00,235.16469303397065,80.0,220.0,EMS,MWH,VALID
2025-12-28 03:00:00,224.5824406597336,80.0,220.0,EMS,MWH,VALID
2025-12-28 04:00:00,263.2302359311421,80.0,220.0,EMS,MWH,VALID
2025-12-28 05:00:00,289.789880858054,80.0,220.0,EMS,MWH,VALID
2025-12-28 06:00:00,299.3273992502513,80.0,220.0,EMS,MWH,VALID
2025-12-28 07:00:00,307.23074328447507,80.0,220.0,EMS,MWH,VALID
2025-12-28 08:00:00,333.8005089967102,80.0,220.0,EMS,MWH,VALID
2025-12-28 09:00:00,369.50297503905136,80.0,220.0,EMS,MWH,VALID
2025-12-28 10:00:00,272.9928942936163,80.0,220.0,EMS,MWH,VALID
2025-12-28 11:00:00,309.59958213829515,80.0,220.0,EMS,MWH,VALID
2025-12-28 12:00:00,285.5013546833455,80.0,220.0,EMS,MWH,VALID
2025-12-28 13:00:00,302.47319124676994,80.0,220.0,EMS,MWH,VALID
2025-12-28 14:00:00,262.10508669801203,80.0,220.0,EMS,MWH,VALID
2025-12-28 15:00:00,284.52763220996,80.0,220.0,EMS,MWH,VALID
2025-12-28 16:00:00,325.88418648307965,80.0,220.0,EMS,MWH,VALID
2025-12-28 17:00:00,371.9803207235993,80.0,220.0,EMS,MWH,VALID
2025-12-28 18:00:00,399.2334155273279,80.0,220.0,EMS,MWH,VALID
2025-12-28 19:00:00,363.3648240421544,80.0,220.0,EMS,MWH,VALID
2025-12-28 20:00:00,375.5332285844066,80.0,220.0,EMS,MWH,VALID
2025-12-28 21:00:00,353.87777341741264,80.0,220.0,EMS,MWH,VALID
2025-12-28 22:00:00,309.852829936425,80.0,220.0,EMS,MWH,VALID
2025-12-28 23:00:00,236.05365668292376,80.0,220.0,EMS,MWH,VALID
2025-12-29 00:00:00,325.0874629273681,80.0,220.0,EMS,MWH,VALID
2025-12-29 01:00:00,278.50390340578235,80.0,220.0,EMS,MWH,VALID
2025-12-29 02:00:00,274.3946349313215,80.0,220.0,EMS,MWH,VALID
2025-12-29 03:00:00,278.25512711170205,80.0,220.0,EMS,MWH,VALID
2025-12-29 04:00:00,317.8422755863546,80.0,220.0,EMS,MWH,VALID
2025-12-29 05:00:00,314.5064769306512,80.0,220.0,EMS,MWH,VALID
2025-12-29 06:00:00,346.1680633332165,80.0,220.0,EMS,MWH,VALID
2025-12-29 07:00:00,381.00823309760017,80.0,220.0,EMS,MWH,VALID
2025-12-29 08:00:00,425.0212740861999,80.0,220.0,EMS,MWH,VALID
2025-12-29 09:00:00,416.7384683237119,80.0,220.0,EMS,MWH,VALID
2025-12-29 10:00:00,373.1860165188088,80.0,220.0,EMS,MWH,VALID
2025-12-29 11:00:00,365.98461795551657,80.0,220.0,EMS,MWH,VALID
2025-12-29 12:00:00,346.96534490348097,80.0,220.0,EMS,MWH,VALID
2025-12-29 13:00:00,357.1318958887292,80.0,220.0,EMS,MWH,VALID
2025-12-29 14:00:00,374.943844650101,80.0,220.0,EMS,MWH,VALID
2025-12-29 15:00:00,373.576098468979,80.0,220.0,EMS,MWH,VALID
2025-12-29 16:00:00,382.845055693636,80.0,220.0,EMS,MWH,VALID
2025-12-29 17:00:00,444.41506292310015,80.0,220.0,EMS,MWH,VALID
2025-12-29 18:00:00,463.9294324797345,80.0,220.0,EMS,MWH,VALID
2025-12-29 19:00:00,459.6072781088204,80.0,220.0,EMS,MWH,VALID
2025-12-29 20:00:00,471.87687503488735,80.0,220.0,EMS,MWH,VALID
2025-12-29 21:00:00,410.8973125497993,80.0,220.0,EMS,MWH,VALID
2025-12-29 22:00:00,359.169989947535,80.0,220.0,EMS,MWH,VALID
2025-12-29 23:00:00,332.64978713271205,80.0,220.0,EMS,MWH,VALID
2025-12-30 00:00:00,278.50948418781934,80.0,220.0,EMS,MWH,VALID
2025-12-30 01:00:00,278.1321321801411,80.0,220.0,EMS,MWH,VALID
2025-12-30 02:00:00,289.0971928429327,80.0,220.0,EMS,MWH,VALID
2025-12-30 03:00:00,314.45054939961966,80.0,220.0,EMS,MWH,VALID
2025-12-30 04:00:00,301.3627858519694,80.0,220.0,EMS,MWH,VALID
2025-12-30 05:00:00,322.75903604141354,80.0,220.0,EMS,MWH,VALID
2025-12-30 06:00:00,385.2932158894184,80.0,220.0,EMS,MWH,VALID
2025-12-30 07:00:00,366.62751450587086,80.0,220.0,EMS,MWH,VALID
2025-12-30 08:00:00,421.20772470900016,80.0,220.0,EMS,MWH,VALID
2025-12-30 09:00:00,390.8276407029886,80.0,220.0,EMS,MWH,VALID
2025-12-30 10:00:00,405.24457370310574,80.0,220.0,EMS,MWH,VALID
2025-12-30 11:00:00,366.5619629738949,80.0,220.0,EMS,MWH,VALID
2025-12-30 12:00:00,367.4492992545683,80.0,220.0,EMS,MWH,VALID
2025-12-30 13:00:00,354.8920488209061,80.0,220.0,EMS,MWH,VALID
2025-12-30 14:00:00,349.8946363870265,80.0,220.0,EMS,MWH,VALID
2025-12-30 15:00:00,362.59250236132726,80.0,220.0,EMS,MWH,VALID
2025-12-30 16:00:00,397.10382586595057,80.0,220.0,EMS,MWH,VALID
2025-12-30 17:00:00,424.91422091096825,80.0,220.0,EMS,MWH,VALID
2025-12-30 18:00:00,447.0824716612073,80.0,220.0,EMS,MWH,VALID
2025-12-30 19:00:00,479.0085398028653,80.0,220.0,EMS,MWH,VALID
2025-12-30 20:00:00,424.120740387612,80.0,220.0,EMS,MWH,VALID
2025-12-30 21:00:00,408.651083040021,80.0,220.0,EMS,MWH,VALID
2025-12-30 22:00:00,352.89238685819777,80.0,220.0,EMS,MWH,VALID
2025-12-30 23:00:00,334.4348021996557,80.0,220.0,EMS,MWH,VALID
2025-12-31 00:00:00,318.79253869797844,80.0,220.0,EMS,MWH,VALID
2025-12-31 01:00:00,290.84505669816707,80.0,220.0,EMS,MWH,VALID
2025-12-31 02:00:00,294.9763345467683,80.0,220.0,EMS,MWH,VALID
2025-12-31 03:00:00,310.2396778951653,80.0,220.0,EMS,MWH,VALID
2025-12-31 04:00:00,311.1801324842761,80.0,220.0,EMS,MWH,VALID
2025-12-31 05:00:00,339.0858139231805,80.0,220.0,EMS,MWH,VALID
2025-12-31 06:00:00,346.3953750890619,80.0,220.0,EMS,MWH,VALID
2025-12-31 07:00:00,397.288391390644,80.0,220.0,EMS,MWH,VALID
2025-12-31 08:00:00,411.1622642762039,80.0,220.0,EMS,MWH,VALID
2025-12-31 09:00:00,412.1792818601493,80.0,220.0,EMS,MWH,VALID
2025-12-31 10:00:00,385.9387899300879,80.0,220.0,EMS,MWH,VALID
2025-12-31 11:00:00,372.6254379878212,80.0,220.0,EMS,MWH,VALID
2025-12-31 12:00:00,355.9185790349572,80.0,220.0,EMS,MWH,VALID
2025-12-31 13:00:00,375.4110634358764,80.0,220.0,EMS,MWH,VALID
2025-12-31 14:00:00,370.2646680856221,80.0,220.0,EMS,MWH,VALID
2025-12-31 15:00:00,379.0450419669378,80.0,220.0,EMS,MWH,VALID
2025-12-31 16:00:00,386.7197109548608,80.0,220.0,EMS,MWH,VALID
2025-12-31 17:00:00,439.80535015573776,80.0,220.0,EMS,MWH,VALID
2025-12-31 18:00:00,447.7718552943063,80.0,220.0,EMS,MWH,VALID
2025-12-31 19:00:00,482.54664268677936,80.0,220.0,EMS,MWH,VALID
2025-12-31 20:00:00,429.05757497049376,80.0,220.0,EMS,MWH,VALID
2025-12-31 21:00:00,433.5680589169351,80.0,220.0,EMS,MWH,VALID
2025-12-31 22:00:00,399.8182765546863,80.0,220.0,EMS,MWH,VALID
2025-12-31 23:00:00,339.82407754603827,80.0,220.0,EMS,MWH,VALID
