timestamp,market_price_usd_per_mwh,source_system,record_status
2025-01-01 00:00:00,52.97,MARKET_FEED,VALID
2025-01-01 01:00:00,55.24,MARKET_FEED,VALID
2025-01-01 02:00:00,63.02,MARKET_FEED,VALID
2025-01-01 03:00:00,54.8,MARKET_FEED,VALID
2025-01-01 04:00:00,63.04,MARKET_FEED,VALID
2025-01-01 05:00:00,68.85,MARKET_FEED,VALID
2025-01-01 06:00:00,70.49,MARKET_FEED,VALID
2025-01-01 07:00:00,67.26,MARKET_FEED,VALID
2025-01-01 08:00:00,71.94,MARKET_FEED,VALID
2025-01-01 09:00:00,77.38,MARKET_FEED,VALID
2025-01-01 10:00:00,70.36,MARKET_FEED,VALID
2025-01-01 11:00:00,69.85,MARKET_FEED,VALID
2025-01-01 12:00:00,71.59,MARKET_FEED,VALID
2025-01-01 13:00:00,82.63,MARKET_FEED,VALID
2025-01-01 14:00:00,73.18,MARKET_FEED,VALID
2025-01-01 15:00:00,81.85,MARKET_FEED,VALID
2025-01-01 16:00:00,80.19,MARKET_FEED,VALID
2025-01-01 17:00:00,84.61,MARKET_FEED,VALID
2025-01-01 18:00:00,83.44,MARKET_FEED,VALID
2025-01-01 19:00:00,65.15,MARKET_FEED,VALID
2025-01-01 20:00:00,70.14,MARKET_FEED,VALID
2025-01-01 21:00:00,61.18,MARKET_FEED,VALID
2025-01-01 22:00:00,64.03,MARKET_FEED,VALID
2025-01-01 23:00:00,54.04,MARKET_FEED,VALID
2025-01-02 00:00:00,60.19,MARKET_FEED,VALID
2025-01-02 01:00:00,67.01,MARKET_FEED,VALID
2025-01-02 02:00:00,52.75,MARKET_FEED,VALID
2025-01-02 03:00:00,64.19,MARKET_FEED,VALID
2025-01-02 04:00:00,64.66,MARKET_FEED,VALID
2025-01-02 05:00:00,70.76,MARKET_FEED,VALID
2025-01-02 06:00:00,68.08,MARKET_FEED,VALID
2025-01-02 07:00:00,71.07,MARKET_FEED,VALID
2025-01-02 08:00:00,77.36,MARKET_FEED,VALID
2025-01-02 09:00:00,86.49,MARKET_FEED,VALID
2025-01-02 10:00:00,78.49,MARKET_FEED,VALID
2025-01-02 11:00:00,72.79,MARKET_FEED,VALID
2025-01-02 12:00:00,79.71,MARKET_FEED,VALID
2025-01-02 13:00:00,75.02,MARKET_FEED,VALID
2025-01-02 14:00:00,77.97,MARKET_FEED,VALID
2025-01-02 15:00:00,75.44,MARKET_FEED,VALID
2025-01-02 16:00:00,81.44,MARKET_FEED,VALID
2025-01-02 17:00:00,74.89,MARKET_FEED,VALID
2025-01-02 18:00:00,71.63,MARKET_FEED,VALID
2025-01-02 19:00:00,72.5,MARKET_FEED,VALID
2025-01-02 20:00:00,62.68,MARKET_FEED,VALID
2025-01-02 21:00:00,63.41,MARKET_FEED,VALID
2025-01-02 22:00:00,65.8,MARKET_FEED,VALID
2025-01-02 23:00:00,60.42,MARKET_FEED,VALID
2025-01-03 00:00:00,62.83,MARKET_FEED,VALID
2025-01-03 01:00:00,49.28,MARKET_FEED,VALID
2025-01-03 02:00:00,59.51,MARKET_FEED,VALID
2025-01-03 03:00:00,59.9,MARKET_FEED,VALID
2025-01-03 04:00:00,63.79,MARKET_FEED,VALID
2025-01-03 05:00:00,57.48,MARKET_FEED,VALID
2025-01-03 06:00:00,64.11,MARKET_FEED,VALID
2025-01-03 07:00:00,64.11,MARKET_FEED,VALID
2025-01-03 08:00:00,70.91,MARKET_FEED,VALID
2025-01-03 09:00:00,86.07,MARKET_FEED,VALID
2025-01-03 10:00:00,76.92,MARKET_FEED,VALID
2025-01-03 11:00:00,68.84,MARKET_FEED,VALID
2025-01-03 12:00:00,72.42,MARKET_FEED,VALID
2025-01-03 13:00:00,76.0,MARKET_FEED,VALID
2025-01-03 14:00:00,76.41,MARKET_FEED,VALID
2025-01-03 15:00:00,83.67,MARKET_FEED,VALID
2025-01-03 16:00:00,80.94,MARKET_FEED,VALID
2025-01-03 17:00:00,79.59,MARKET_FEED,VALID
2025-01-03 18:00:00,78.62,MARKET_FEED,VALID
2025-01-03 19:00:00,73.52,MARKET_FEED,VALID
2025-01-03 20:00:00,71.3,MARKET_FEED,VALID
2025-01-03 21:00:00,77.02,MARKET_FEED,VALID
2025-01-03 22:00:00,64.13,MARKET_FEED,VALID
2025-01-03 23:00:00,59.89,MARKET_FEED,VALID
2025-01-04 00:00:00,58.45,MARKET_FEED,VALID
2025-01-04 01:00:00,55.87,MARKET_FEED,VALID
2025-01-04 02:00:00,54.04,MARKET_FEED,VALID
2025-01-04 03:00:00,52.06,MARKET_FEED,VALID
2025-01-04 04:00:00,74.89,MARKET_FEED,VALID
2025-01-04 05:00:00,60.23,MARKET_FEED,VALID
2025-01-04 06:00:00,71.0,MARKET_FEED,VALID
2025-01-04 07:00:00,70.54,MARKET_FEED,VALID
2025-01-04 08:00:00,72.82,MARKET_FEED,VALID
2025-01-04 09:00:00,76.54,MARKET_FEED,VALID
2025-01-04 10:00:00,71.15,MARKET_FEED,VALID
2025-01-04 11:00:00,62.03,MARKET_FEED,VALID
2025-01-04 12:00:00,76.33,MARKET_FEED,VALID
2025-01-04 13:00:00,76.56,MARKET_FEED,VALID
2025-01-04 15:00:00,75.86,MARKET_FEED,VALID
2025-01-04 16:00:00,81.71,MARKET_FEED,VALID
2025-01-04 17:00:00,71.52,MARKET_FEED,VALID
2025-01-04 18:00:00,58.46,MARKET_FEED,VALID
2025-01-04 19:00:00,61.14,MARKET_FEED,VALID
2025-01-04 20:00:00,58.44,MARKET_FEED,VALID
2025-01-04 21:00:00,72.15,MARKET_FEED,VALID
2025-01-04 22:00:00,62.17,MARKET_FEED,VALID
2025-01-04 23:00:00,50.99,MARKET_FEED,VALID
2025-01-05 00:00:00,62.58,MARKET_FEED,VALID
2025-01-05 01:00:00,62.69,MARKET_FEED,VALID
2025-01-05 02:00:00,61.65,MARKET_FEED,VALID
2025-01-05 03:00:00,59.95,MARKET_FEED,VALID
2025-01-05 04:00:00,63.46,MARKET_FEED,VALID
2025-01-05 05:00:00,59.52,MARKET_FEED,VALID
2025-01-05 06:00:00,69.51,MARKET_FEED,VALID
2025-01-05 07:00:00,70.57,MARKET_FEED,VALID
2025-01-05 08:00:00,63.28,MARKET_FEED,VALID
2025-01-05 09:00:00,72.84,MARKET_FEED,VALID
2025-01-05 10:00:00,78.46,MARKET_FEED,VALID
2025-01-05 11:00:00,67.96,MARKET_FEED,VALID
2025-01-05 12:00:00,79.98,MARKET_FEED,VALID
2025-01-05 13:00:00,74.51,MARKET_FEED,VALID
2025-01-05 14:00:00,67.25,MARKET_FEED,VALID
2025-01-05 15:00:00,85.52,MARKET_FEED,VALID
2025-01-05 16:00:00,80.54,MARKET_FEED,VALID
2025-01-05 17:00:00,73.32,MARKET_FEED,VALID
2025-01-05 18:00:00,77.93,MARKET_FEED,VALID
2025-01-05 19:00:00,77.7,MARKET_FEED,VALID
2025-01-05 20:00:00,61.43,MARKET_FEED,VALID
2025-01-05 21:00:00,70.52,MARKET_FEED,VALID
2025-01-05 22:00:00,66.04,MARKET_FEED,VALID
2025-01-05 23:00:00,63.51,MARKET_FEED,VALID
2025-01-06 00:00:00,65.85,MARKET_FEED,VALID
2025-01-06 01:00:00,69.67,MARKET_FEED,VALID
2025-01-06 02:00:00,62.41,MARKET_FEED,VALID
2025-01-06 03:00:00,63.36,MARKET_FEED,VALID
2025-01-06 04:00:00,60.11,MARKET_FEED,VALID
2025-01-06 05:00:00,61.42,MARKET_FEED,VALID
2025-01-06 06:00:00,71.47,MARKET_FEED,VALID
2025-01-06 07:00:00,66.8,MARKET_FEED,VALID
2025-01-06 08:00:00,80.06,MARKET_FEED,VALID
2025-01-06 09:00:00,73.32,MARKET_FEED,VALID
2025-01-06 10:00:00,88.7,MARKET_FEED,VALID
2025-01-06 11:00:00,83.16,MARKET_FEED,VALID
2025-01-06 12:00:00,72.58,MARKET_FEED,VALID
2025-01-06 13:00:00,71.79,MARKET_FEED,VALID
2025-01-06 14:00:00,75.34,MARKET_FEED,VALID
2025-01-06 15:00:00,83.51,MARKET_FEED,VALID
2025-01-06 16:00:00,85.79,MARKET_FEED,VALID
2025-01-06 17:00:00,68.72,MARKET_FEED,VALID
2025-01-06 18:00:00,77.83,MARKET_FEED,VALID
2025-01-06 19:00:00,72.73,MARKET_FEED,VALID
2025-01-06 20:00:00,74.02,MARKET_FEED,VALID
2025-01-06 21:00:00,68.34,MARKET_FEED,VALID
2025-01-06 22:00:00,65.53,MARKET_FEED,VALID
2025-01-06 23:00:00,61.36,MARKET_FEED,VALID
2025-01-07 00:00:00,60.67,MARKET_FEED,VALID
2025-01-07 01:00:00,57.1,MARKET_FEED,VALID
2025-01-07 02:00:00,55.35,MARKET_FEED,VALID
2025-01-07 03:00:00,59.04,MARKET_FEED,VALID
2025-01-07 04:00:00,58.12,MARKET_FEED,VALID
2025-01-07 05:00:00,61.95,MARKET_FEED,VALID
2025-01-07 06:00:00,71.74,MARKET_FEED,VALID
2025-01-07 07:00:00,65.57,MARKET_FEED,VALID
2025-01-07 08:00:00,72.77,MARKET_FEED,VALID
2025-01-07 09:00:00,69.07,MARKET_FEED,VALID
2025-01-07 10:00:00,77.35,MARKET_FEED,VALID
2025-01-07 11:00:00,80.0,MARKET_FEED,VALID
2025-01-07 12:00:00,77.07,MARKET_FEED,VALID
2025-01-07 13:00:00,68.53,MARKET_FEED,VALID
2025-01-07 14:00:00,80.94,MARKET_FEED,VALID
2025-01-07 15:00:00,79.16,MARKET_FEED,VALID
2025-01-07 16:00:00,76.21,MARKET_FEED,VALID
2025-01-07 17:00:00,78.17,MARKET_FEED,VALID
2025-01-07 18:00:00,71.24,MARKET_FEED,VALID
2025-01-07 19:00:00,70.92,MARKET_FEED,VALID
2025-01-07 20:00:00,63.15,MARKET_FEED,VALID
2025-01-07 21:00:00,67.88,MARKET_FEED,VALID
2025-01-07 22:00:00,70.07,MARKET_FEED,VALID
2025-01-07 23:00:00,57.62,MARKET_FEED,VALID
2025-01-08 00:00:00,58.3,MARKET_FEED,VALID
2025-01-08 01:00:00,59.43,MARKET_FEED,VALID
2025-01-08 02:00:00,58.84,MARKET_FEED,VALID
2025-01-08 03:00:00,62.53,MARKET_FEED,VALID
2025-01-08 04:00:00,66.02,MARKET_FEED,VALID
2025-01-08 05:00:00,57.13,MARKET_FEED,VALID
2025-01-08 06:00:00,68.77,MARKET_FEED,VALID
2025-01-08 07:00:00,71.24,MARKET_FEED,VALID
2025-01-08 08:00:00,80.87,MARKET_FEED,VALID
2025-01-08 09:00:00,76.63,MARKET_FEED,VALID
2025-01-08 10:00:00,73.63,MARKET_FEED,VALID
2025-01-08 11:00:00,84.52,MARKET_FEED,VALID
2025-01-08 12:00:00,78.04,MARKET_FEED,VALID
2025-01-08 13:00:00,83.3,MARKET_FEED,VALID
2025-01-08 14:00:00,86.12,MARKET_FEED,VALID
2025-01-08 15:00:00,76.39,MARKET_FEED,VALID
2025-01-08 16:00:00,74.16,MARKET_FEED,VALID
2025-01-08 17:00:00,78.75,MARKET_FEED,VALID
2025-01-08 18:00:00,72.88,MARKET_FEED,VALID
2025-01-08 19:00:00,64.25,MARKET_FEED,VALID
2025-01-08 20:00:00,66.41,MARKET_FEED,VALID
2025-01-08 21:00:00,69.08,MARKET_FEED,VALID
2025-01-08 22:00:00,50.21,MARKET_FEED,VALID
2025-01-08 23:00:00,63.09,MARKET_FEED,VALID
2025-01-09 00:00:00,50.01,MARKET_FEED,VALID
2025-01-09 01:00:00,57.54,MARKET_FEED,VALID
2025-01-09 02:00:00,57.76,MARKET_FEED,VALID
2025-01-09 03:00:00,56.8,MARKET_FEED,VALID
2025-01-09 04:00:00,61.89,MARKET_FEED,VALID
2025-01-09 05:00:00,72.15,MARKET_FEED,VALID
2025-01-09 06:00:00,65.19,MARKET_FEED,VALID
2025-01-09 07:00:00,70.92,MARKET_FEED,VALID
2025-01-09 08:00:00,73.43,MARKET_FEED,VALID
2025-01-09 09:00:00,75.32,MARKET_FEED,VALID
2025-01-09 10:00:00,76.78,MARKET_FEED,VALID
2025-01-09 11:00:00,69.38,MARKET_FEED,VALID
2025-01-09 12:00:00,79.59,MARKET_FEED,VALID
2025-01-09 13:00:00,87.53,MARKET_FEED,VALID
2025-01-09 14:00:00,86.51,MARKET_FEED,VALID
2025-01-09 15:00:00,77.91,MARKET_FEED,VALID
2025-01-09 16:00:00,86.73,MARKET_FEED,VALID
2025-01-09 17:00:00,67.54,MARKET_FEED,VALID
2025-01-09 18:00:00,73.63,MARKET_FEED,VALID
2025-01-09 19:00:00,61.54,MARKET_FEED,VALID
2025-01-09 20:00:00,74.54,MARKET_FEED,VALID
2025-01-09 21:00:00,59.45,MARKET_FEED,VALID
2025-01-09 22:00:00,66.09,MARKET_FEED,VALID
2025-01-09 23:00:00,64.44,MARKET_FEED,VALID
2025-01-10 00:00:00,63.59,MARKET_FEED,VALID
2025-01-10 01:00:00,57.48,MARKET_FEED,VALID
2025-01-10 02:00:00,46.89,MARKET_FEED,VALID
2025-01-10 03:00:00,60.46,MARKET_FEED,VALID
2025-01-10 04:00:00,59.78,MARKET_FEED,VALID
2025-01-10 05:00:00,63.02,MARKET_FEED,VALID
2025-01-10 06:00:00,63.39,MARKET_FEED,VALID
2025-01-10 07:00:00,65.03,MARKET_FEED,VALID
2025-01-10 08:00:00,66.88,MARKET_FEED,VALID
2025-01-10 09:00:00,77.38,MARKET_FEED,VALID
2025-01-10 10:00:00,73.72,MARKET_FEED,VALID
2025-01-10 11:00:00,68.31,MARKET_FEED,VALID
2025-01-10 12:00:00,75.36,MARKET_FEED,VALID
2025-01-10 13:00:00,73.96,MARKET_FEED,VALID
2025-01-10 14:00:00,72.62,MARKET_FEED,VALID
2025-01-10 15:00:00,79.49,MARKET_FEED,VALID
2025-01-10 16:00:00,76.73,MARKET_FEED,VALID
2025-01-10 17:00:00,68.9,MARKET_FEED,VALID
2025-01-10 18:00:00,74.13,MARKET_FEED,VALID
2025-01-10 19:00:00,67.62,MARKET_FEED,VALID
2025-01-10 20:00:00,69.32,MARKET_FEED,VALID
2025-01-10 21:00:00,70.35,MARKET_FEED,VALID
2025-01-10 22:00:00,59.13,MARKET_FEED,VALID
2025-01-10 23:00:00,66.39,MARKET_FEED,VALID
2025-01-11 00:00:00,57.31,MARKET_FEED,VALID
2025-01-11 01:00:00,61.71,MARKET_FEED,VALID
2025-01-11 02:00:00,61.45,MARKET_FEED,VALID
2025-01-11 03:00:00,53.94,MARKET_FEED,VALID
2025-01-11 04:00:00,62.18,MARKET_FEED,VALID
2025-01-11 05:00:00,65.35,MARKET_FEED,VALID
2025-01-11 06:00:00,70.88,MARKET_FEED,VALID
2025-01-11 07:00:00,70.09,MARKET_FEED,VALID
2025-01-11 08:00:00,73.2,MARKET_FEED,VALID
2025-01-11 09:00:00,70.68,MARKET_FEED,VALID
2025-01-11 10:00:00,75.13,MARKET_FEED,VALID
2025-01-11 11:00:00,67.53,MARKET_FEED,VALID
2025-01-11 12:00:00,67.16,MARKET_FEED,VALID
2025-01-11 13:00:00,75.37,MARKET_FEED,VALID
2025-01-11 14:00:00,82.8,MARKET_FEED,VALID
2025-01-11 15:00:00,60.56,MARKET_FEED,VALID
2025-01-11 16:00:00,83.55,MARKET_FEED,VALID
2025-01-11 17:00:00,82.38,MARKET_FEED,VALID
2025-01-11 18:00:00,72.79,MARKET_FEED,VALID
2025-01-11 19:00:00,73.06,MARKET_FEED,VALID
2025-01-11 20:00:00,64.82,MARKET_FEED,VALID
2025-01-11 21:00:00,57.51,MARKET_FEED,VALID
2025-01-11 22:00:00,68.12,MARKET_FEED,VALID
2025-01-11 23:00:00,60.09,MARKET_FEED,VALID
2025-01-12 00:00:00,60.94,MARKET_FEED,VALID
2025-01-12 01:00:00,47.83,MARKET_FEED,VALID
2025-01-12 02:00:00,59.02,MARKET_FEED,VALID
2025-01-12 03:00:00,53.39,MARKET_FEED,VALID
2025-01-12 04:00:00,70.12,MARKET_FEED,VALID
2025-01-12 05:00:00,66.15,MARKET_FEED,VALID
2025-01-12 06:00:00,70.16,MARKET_FEED,VALID
2025-01-12 07:00:00,62.78,MARKET_FEED,VALID
2025-01-12 08:00:00,77.49,MARKET_FEED,VALID
2025-01-12 09:00:00,72.65,MARKET_FEED,VALID
2025-01-12 10:00:00,74.65,MARKET_FEED,VALID
2025-01-12 11:00:00,75.47,MARKET_FEED,VALID
2025-01-12 12:00:00,82.43,MARKET_FEED,VALID
2025-01-12 13:00:00,76.02,MARKET_FEED,VALID
2025-01-12 14:00:00,77.55,MARKET_FEED,VALID
2025-01-12 15:00:00,78.62,MARKET_FEED,VALID
2025-01-12 17:00:00,77.91,MARKET_FEED,VALID
2025-01-12 18:00:00,67.74,MARKET_FEED,VALID
2025-01-12 19:00:00,71.52,MARKET_FEED,VALID
2025-01-12 20:00:00,63.24,MARKET_FEED,VALID
2025-01-12 21:00:00,62.54,MARKET_FEED,VALID
2025-01-12 22:00:00,56.14,MARKET_FEED,VALID
2025-01-12 23:00:00,68.33,MARKET_FEED,VALID
2025-01-13 00:00:00,54.63,MARKET_FEED,VALID
2025-01-13 01:00:00,57.21,MARKET_FEED,VALID
2025-01-13 02:00:00,57.1,MARKET_FEED,VALID
2025-01-13 03:00:00,59.63,MARKET_FEED,VALID
2025-01-13 04:00:00,56.6,MARKET_FEED,VALID
2025-01-13 05:00:00,63.58,MARKET_FEED,VALID
2025-01-13 06:00:00,67.75,MARKET_FEED,VALID
2025-01-13 07:00:00,70.98,MARKET_FEED,VALID
2025-01-13 08:00:00,80.0,MARKET_FEED,VALID
2025-01-13 09:00:00,79.22,MARKET_FEED,VALID
2025-01-13 10:00:00,88.01,MARKET_FEED,VALID
2025-01-13 11:00:00,75.34,MARKET_FEED,VALID
2025-01-13 12:00:00,74.26,MARKET_FEED,VALID
2025-01-13 13:00:00,76.86,MARKET_FEED,VALID
2025-01-13 14:00:00,75.73,MARKET_FEED,VALID
2025-01-13 15:00:00,81.4,MARKET_FEED,VALID
2025-01-13 16:00:00,77.66,MARKET_FEED,VALID
2025-01-13 17:00:00,83.13,MARKET_FEED,VALID
2025-01-13 18:00:00,72.93,MARKET_FEED,VALID
2025-01-13 19:00:00,65.11,MARKET_FEED,VALID
2025-01-13 20:00:00,61.24,MARKET_FEED,VALID
2025-01-13 21:00:00,73.67,MARKET_FEED,VALID
2025-01-13 22:00:00,63.72,MARKET_FEED,VALID
2025-01-13 23:00:00,55.35,MARKET_FEED,VALID
2025-01-14 00:00:00,67.46,MARKET_FEED,VALID
2025-01-14 01:00:00,56.47,MARKET_FEED,VALID
2025-01-14 02:00:00,50.18,MARKET_FEED,VALID
2025-01-14 03:00:00,54.81,MARKET_FEED,VALID
2025-01-14 04:00:00,60.55,MARKET_FEED,VALID
2025-01-14 05:00:00,62.55,MARKET_FEED,VALID
2025-01-14 06:00:00,68.31,MARKET_FEED,VALID
2025-01-14 07:00:00,80.21,MARKET_FEED,VALID
2025-01-14 08:00:00,71.35,MARKET_FEED,VALID
2025-01-14 09:00:00,76.04,MARKET_FEED,VALID
2025-01-14 10:00:00,70.96,MARKET_FEED,VALID
2025-01-14 11:00:00,75.42,MARKET_FEED,VALID
2025-01-14 12:00:00,85.43,MARKET_FEED,VALID
2025-01-14 13:00:00,69.19,MARKET_FEED,VALID
2025-01-14 14:00:00,71.04,MARKET_FEED,VALID
2025-01-14 15:00:00,74.73,MARKET_FEED,VALID
2025-01-14 16:00:00,72.15,MARKET_FEED,VALID
2025-01-14 17:00:00,77.01,MARKET_FEED,VALID
2025-01-14 18:00:00,78.82,MARKET_FEED,VALID
2025-01-14 19:00:00,70.98,MARKET_FEED,VALID
2025-01-14 20:00:00,70.04,MARKET_FEED,VALID
2025-01-14 21:00:00,64.51,MARKET_FEED,VALID
2025-01-14 22:00:00,59.71,MARKET_FEED,VALID
2025-01-14 23:00:00,60.79,MARKET_FEED,VALID
2025-01-15 00:00:00,51.52,MARKET_FEED,VALID
2025-01-15 01:00:00,69.67,MARKET_FEED,VALID
2025-01-15 02:00:00,57.45,MARKET_FEED,VALID
2025-01-15 03:00:00,57.2,MARKET_FEED,VALID
2025-01-15 04:00:00,57.29,MARKET_FEED,VALID
2025-01-15 05:00:00,63.87,MARKET_FEED,VALID
2025-01-15 06:00:00,68.93,MARKET_FEED,VALID
2025-01-15 07:00:00,70.63,MARKET_FEED,VALID
2025-01-15 08:00:00,73.3,MARKET_FEED,VALID
2025-01-15 09:00:00,72.96,MARKET_FEED,VALID
2025-01-15 10:00:00,78.95,MARKET_FEED,VALID
2025-01-15 11:00:00,83.72,MARKET_FEED,VALID
2025-01-15 12:00:00,78.43,MARKET_FEED,VALID
2025-01-15 13:00:00,80.69,MARKET_FEED,VALID
2025-01-15 14:00:00,77.67,MARKET_FEED,VALID
2025-01-15 15:00:00,79.69,MARKET_FEED,VALID
2025-01-15 16:00:00,83.64,MARKET_FEED,VALID
2025-01-15 17:00:00,63.78,MARKET_FEED,VALID
2025-01-15 18:00:00,76.6,MARKET_FEED,VALID
2025-01-15 19:00:00,65.68,MARKET_FEED,VALID
2025-01-15 20:00:00,66.68,MARKET_FEED,VALID
2025-01-15 21:00:00,65.27,MARKET_FEED,VALID
2025-01-15 22:00:00,67.9,MARKET_FEED,VALID
2025-01-15 23:00:00,60.39,MARKET_FEED,VALID
2025-01-16 00:00:00,60.06,MARKET_FEED,VALID
2025-01-16 01:00:00,52.66,MARKET_FEED,VALID
2025-01-16 02:00:00,52.92,MARKET_FEED,VALID
2025-01-16 03:00:00,60.7,MARKET_FEED,VALID
2025-01-16 04:00:00,64.4,MARKET_FEED,VALID
2025-01-16 05:00:00,69.67,MARKET_FEED,VALID
2025-01-16 06:00:00,68.94,MARKET_FEED,VALID
2025-01-16 07:00:00,66.72,MARKET_FEED,VALID
2025-01-16 08:00:00,73.57,MARKET_FEED,VALID
2025-01-16 09:00:00,73.39,MARKET_FEED,VALID
2025-01-16 10:00:00,72.28,MARKET_FEED,VALID
2025-01-16 11:00:00,76.78,MARKET_FEED,VALID
2025-01-16 12:00:00,67.36,MARKET_FEED,VALID
2025-01-16 13:00:00,70.71,MARKET_FEED,VALID
2025-01-16 14:00:00,70.2,MARKET_FEED,VALID
2025-01-16 15:00:00,84.24,MARKET_FEED,VALID
2025-01-16 16:00:00,71.75,MARKET_FEED,VALID
2025-01-16 17:00:00,72.37,MARKET_FEED,VALID
2025-01-16 18:00:00,70.08,MARKET_FEED,VALID
2025-01-16 19:00:00,72.56,MARKET_FEED,VALID
2025-01-16 20:00:00,68.12,MARKET_FEED,VALID
2025-01-16 21:00:00,65.03,MARKET_FEED,VALID
2025-01-16 22:00:00,53.01,MARKET_FEED,VALID
2025-01-16 23:00:00,60.42,MARKET_FEED,VALID
2025-01-17 00:00:00,56.06,MARKET_FEED,VALID
2025-01-17 01:00:00,52.95,MARKET_FEED,VALID
2025-01-17 02:00:00,56.78,MARKET_FEED,VALID
2025-01-17 03:00:00,56.09,MARKET_FEED,VALID
2025-01-17 04:00:00,50.56,MARKET_FEED,VALID
2025-01-17 05:00:00,66.28,MARKET_FEED,VALID
2025-01-17 06:00:00,59.05,MARKET_FEED,VALID
2025-01-17 07:00:00,77.79,MARKET_FEED,VALID
2025-01-17 08:00:00,63.63,MARKET_FEED,VALID
2025-01-17 09:00:00,79.86,MARKET_FEED,VALID
2025-01-17 10:00:00,73.47,MARKET_FEED,VALID
2025-01-17 11:00:00,84.61,MARKET_FEED,VALID
2025-01-17 12:00:00,67.52,MARKET_FEED,VALID
2025-01-17 13:00:00,82.21,MARKET_FEED,VALID
2025-01-17 14:00:00,83.91,MARKET_FEED,VALID
2025-01-17 15:00:00,79.8,MARKET_FEED,VALID
2025-01-17 16:00:00,84.16,MARKET_FEED,VALID
2025-01-17 17:00:00,71.07,MARKET_FEED,VALID
2025-01-17 18:00:00,75.29,MARKET_FEED,VALID
2025-01-17 19:00:00,66.6,MARKET_FEED,VALID
2025-01-17 20:00:00,66.44,MARKET_FEED,VALID
2025-01-17 21:00:00,67.72,MARKET_FEED,VALID
2025-01-17 22:00:00,60.02,MARKET_FEED,VALID
2025-01-17 23:00:00,56.55,MARKET_FEED,VALID
2025-01-18 00:00:00,56.61,MARKET_FEED,VALID
2025-01-18 01:00:00,56.58,MARKET_FEED,VALID
2025-01-18 02:00:00,58.04,MARKET_FEED,VALID
2025-01-18 03:00:00,62.24,MARKET_FEED,VALID
2025-01-18 04:00:00,62.17,MARKET_FEED,VALID
2025-01-18 05:00:00,67.78,MARKET_FEED,VALID
2025-01-18 06:00:00,66.99,MARKET_FEED,VALID
2025-01-18 07:00:00,60.41,MARKET_FEED,VALID
2025-01-18 08:00:00,72.43,MARKET_FEED,VALID
2025-01-18 09:00:00,74.09,MARKET_FEED,VALID
2025-01-18 10:00:00,83.26,MARKET_FEED,VALID
2025-01-18 11:00:00,69.11,MARKET_FEED,VALID
2025-01-18 12:00:00,69.81,MARKET_FEED,VALID
2025-01-18 13:00:00,80.19,MARKET_FEED,VALID
2025-01-18 14:00:00,76.99,MARKET_FEED,VALID
2025-01-18 15:00:00,69.03,MARKET_FEED,VALID
2025-01-18 16:00:00,77.03,MARKET_FEED,VALID
2025-01-18 17:00:00,76.82,MARKET_FEED,VALID
2025-01-18 18:00:00,75.43,MARKET_FEED,VALID
2025-01-18 19:00:00,59.23,MARKET_FEED,VALID
2025-01-18 20:00:00,70.14,MARKET_FEED,VALID
2025-01-18 21:00:00,67.44,MARKET_FEED,VALID
2025-01-18 22:00:00,61.61,MARKET_FEED,VALID
2025-01-18 23:00:00,55.51,MARKET_FEED,VALID
2025-01-19 00:00:00,66.17,MARKET_FEED,VALID
2025-01-19 01:00:00,56.24,MARKET_FEED,VALID
2025-01-19 02:00:00,59.19,MARKET_FEED,VALID
2025-01-19 03:00:00,61.02,MARKET_FEED,VALID
2025-01-19 04:00:00,65.16,MARKET_FEED,VALID
2025-01-19 05:00:00,64.02,MARKET_FEED,VALID
2025-01-19 06:00:00,67.44,MARKET_FEED,VALID
2025-01-19 07:00:00,69.7,MARKET_FEED,VALID
2025-01-19 08:00:00,66.33,MARKET_FEED,VALID
2025-01-19 09:00:00,64.65,MARKET_FEED,VALID
2025-01-19 10:00:00,75.45,MARKET_FEED,VALID
2025-01-19 11:00:00,71.33,MARKET_FEED,VALID
2025-01-19 12:00:00,72.07,MARKET_FEED,VALID
2025-01-19 13:00:00,80.12,MARKET_FEED,VALID
2025-01-19 14:00:00,71.98,MARKET_FEED,VALID
2025-01-19 15:00:00,80.26,MARKET_FEED,VALID
2025-01-19 16:00:00,73.82,MARKET_FEED,VALID
2025-01-19 17:00:00,85.57,MARKET_FEED,VALID
2025-01-19 18:00:00,84.68,MARKET_FEED,VALID
2025-01-19 19:00:00,75.09,MARKET_FEED,VALID
2025-01-19 20:00:00,73.16,MARKET_FEED,VALID
2025-01-19 21:00:00,64.13,MARKET_FEED,VALID
2025-01-19 22:00:00,67.12,MARKET_FEED,VALID
2025-01-19 23:00:00,57.89,MARKET_FEED,VALID
2025-01-20 00:00:00,65.07,MARKET_FEED,VALID
2025-01-20 01:00:00,50.57,MARKET_FEED,VALID
2025-01-20 02:00:00,53.37,MARKET_FEED,VALID
2025-01-20 03:00:00,66.49,MARKET_FEED,VALID
2025-01-20 04:00:00,58.71,MARKET_FEED,VALID
2025-01-20 05:00:00,64.6,MARKET_FEED,VALID
2025-01-20 06:00:00,57.84,MARKET_FEED,VALID
2025-01-20 07:00:00,71.8,MARKET_FEED,VALID
2025-01-20 08:00:00,68.38,MARKET_FEED,VALID
2025-01-20 09:00:00,71.42,MARKET_FEED,VALID
2025-01-20 10:00:00,75.34,MARKET_FEED,VALID
2025-01-20 11:00:00,68.96,MARKET_FEED,VALID
2025-01-20 12:00:00,73.08,MARKET_FEED,VALID
2025-01-20 13:00:00,79.16,MARKET_FEED,VALID
2025-01-20 14:00:00,72.83,MARKET_FEED,VALID
2025-01-20 15:00:00,82.39,MARKET_FEED,VALID
2025-01-20 16:00:00,74.95,MARKET_FEED,VALID
2025-01-20 17:00:00,76.42,MARKET_FEED,VALID
2025-01-20 18:00:00,79.51,MARKET_FEED,VALID
2025-01-20 19:00:00,66.05,MARKET_FEED,VALID
2025-01-20 20:00:00,71.39,MARKET_FEED,VALID
2025-01-20 21:00:00,60.43,MARKET_FEED,VALID
2025-01-20 22:00:00,65.06,MARKET_FEED,VALID
2025-01-20 23:00:00,53.29,MARKET_FEED,VALID
2025-01-21 00:00:00,60.0,MARKET_FEED,VALID
2025-01-21 01:00:00,50.24,MARKET_FEED,VALID
2025-01-21 02:00:00,56.05,MARKET_FEED,VALID
2025-01-21 03:00:00,55.56,MARKET_FEED,VALID
2025-01-21 04:00:00,63.21,MARKET_FEED,VALID
2025-01-21 05:00:00,64.42,MARKET_FEED,VALID
2025-01-21 06:00:00,67.95,MARKET_FEED,VALID
2025-01-21 07:00:00,72.5,MARKET_FEED,VALID
2025-01-21 08:00:00,72.15,MARKET_FEED,VALID
2025-01-21 09:00:00,83.91,MARKET_FEED,VALID
2025-01-21 10:00:00,64.23,MARKET_FEED,VALID
2025-01-21 11:00:00,79.14,MARKET_FEED,VALID
2025-01-21 12:00:00,73.8,MARKET_FEED,VALID
2025-01-21 13:00:00,79.57,MARKET_FEED,VALID
2025-01-21 14:00:00,81.93,MARKET_FEED,VALID
2025-01-21 15:00:00,79.96,MARKET_FEED,VALID
2025-01-21 16:00:00,78.86,MARKET_FEED,VALID
2025-01-21 17:00:00,76.71,MARKET_FEED,VALID
2025-01-21 18:00:00,74.87,MARKET_FEED,VALID
2025-01-21 19:00:00,70.09,MARKET_FEED,VALID
2025-01-21 20:00:00,66.81,MARKET_FEED,VALID
2025-01-21 21:00:00,61.85,MARKET_FEED,VALID
2025-01-21 22:00:00,63.66,MARKET_FEED,VALID
2025-01-21 23:00:00,63.63,MARKET_FEED,VALID
2025-01-22 00:00:00,50.59,MARKET_FEED,VALID
2025-01-22 01:00:00,63.1,MARKET_FEED,VALID
2025-01-22 02:00:00,58.9,MARKET_FEED,VALID
2025-01-22 03:00:00,59.44,MARKET_FEED,VALID
2025-01-22 04:00:00,66.14,MARKET_FEED,VALID
2025-01-22 05:00:00,69.43,MARKET_FEED,VALID
2025-01-22 06:00:00,64.3,MARKET_FEED,VALID
2025-01-22 07:00:00,75.64,MARKET_FEED,VALID
2025-01-22 08:00:00,73.96,MARKET_FEED,VALID
2025-01-22 09:00:00,70.79,MARKET_FEED,VALID
2025-01-22 10:00:00,74.23,MARKET_FEED,VALID
2025-01-22 11:00:00,77.97,MARKET_FEED,VALID
2025-01-22 12:00:00,75.12,MARKET_FEED,VALID
2025-01-22 13:00:00,66.02,MARKET_FEED,VALID
2025-01-22 14:00:00,83.68,MARKET_FEED,VALID
2025-01-22 15:00:00,85.44,MARKET_FEED,VALID
2025-01-22 16:00:00,82.03,MARKET_FEED,VALID
2025-01-22 17:00:00,74.79,MARKET_FEED,VALID
2025-01-22 18:00:00,77.56,MARKET_FEED,VALID
2025-01-22 19:00:00,62.9,MARKET_FEED,VALID
2025-01-22 20:00:00,60.24,MARKET_FEED,VALID
2025-01-22 21:00:00,63.38,MARKET_FEED,VALID
2025-01-22 22:00:00,61.03,MARKET_FEED,VALID
2025-01-22 23:00:00,60.04,MARKET_FEED,VALID
2025-01-23 00:00:00,47.03,MARKET_FEED,VALID
2025-01-23 01:00:00,58.47,MARKET_FEED,VALID
2025-01-23 02:00:00,47.75,MARKET_FEED,VALID
2025-01-23 03:00:00,61.76,MARKET_FEED,VALID
2025-01-23 04:00:00,50.89,MARKET_FEED,VALID
2025-01-23 05:00:00,69.66,MARKET_FEED,VALID
2025-01-23 06:00:00,69.03,MARKET_FEED,VALID
2025-01-23 07:00:00,72.33,MARKET_FEED,VALID
2025-01-23 08:00:00,73.34,MARKET_FEED,VALID
2025-01-23 09:00:00,79.93,MARKET_FEED,VALID
2025-01-23 10:00:00,83.99,MARKET_FEED,VALID
2025-01-23 11:00:00,70.37,MARKET_FEED,VALID
2025-01-23 12:00:00,72.25,MARKET_FEED,VALID
2025-01-23 13:00:00,84.2,MARKET_FEED,VALID
2025-01-23 14:00:00,75.55,MARKET_FEED,VALID
2025-01-23 15:00:00,79.11,MARKET_FEED,VALID
2025-01-23 16:00:00,81.26,MARKET_FEED,VALID
2025-01-23 17:00:00,82.83,MARKET_FEED,VALID
2025-01-23 18:00:00,76.29,MARKET_FEED,VALID
2025-01-23 19:00:00,75.86,MARKET_FEED,VALID
2025-01-23 20:00:00,68.72,MARKET_FEED,VALID
2025-01-23 21:00:00,60.16,MARKET_FEED,VALID
2025-01-23 22:00:00,65.75,MARKET_FEED,VALID
2025-01-23 23:00:00,49.93,MARKET_FEED,VALID
2025-01-24 00:00:00,64.69,MARKET_FEED,VALID
2025-01-24 01:00:00,55.6,MARKET_FEED,VALID
2025-01-24 02:00:00,62.5,MARKET_FEED,VALID
2025-01-24 04:00:00,54.25,MARKET_FEED,VALID
2025-01-24 05:00:00,66.38,MARKET_FEED,VALID
2025-01-24 06:00:00,69.24,MARKET_FEED,VALID
2025-01-24 07:00:00,66.18,MARKET_FEED,VALID
2025-01-24 08:00:00,77.03,MARKET_FEED,VALID
2025-01-24 09:00:00,77.35,MARKET_FEED,VALID
2025-01-24 10:00:00,76.17,MARKET_FEED,VALID
2025-01-24 11:00:00,82.13,MARKET_FEED,VALID
2025-01-24 12:00:00,75.5,MARKET_FEED,VALID
2025-01-24 13:00:00,75.41,MARKET_FEED,VALID
2025-01-24 14:00:00,81.88,MARKET_FEED,VALID
2025-01-24 15:00:00,78.88,MARKET_FEED,VALID
2025-01-24 16:00:00,75.55,MARKET_FEED,VALID
2025-01-24 17:00:00,69.58,MARKET_FEED,VALID
2025-01-24 18:00:00,74.8,MARKET_FEED,VALID
2025-01-24 19:00:00,66.85,MARKET_FEED,VALID
2025-01-24 20:00:00,69.21,MARKET_FEED,VALID
2025-01-24 21:00:00,64.28,MARKET_FEED,VALID
2025-01-24 22:00:00,62.14,MARKET_FEED,VALID
2025-01-24 23:00:00,64.35,MARKET_FEED,VALID
2025-01-25 00:00:00,58.26,MARKET_FEED,VALID
2025-01-25 01:00:00,55.19,MARKET_FEED,VALID
2025-01-25 02:00:00,59.1,MARKET_FEED,VALID
2025-01-25 03:00:00,62.38,MARKET_FEED,VALID
2025-01-25 04:00:00,64.86,MARKET_FEED,VALID
2025-01-25 05:00:00,62.08,MARKET_FEED,VALID
2025-01-25 06:00:00,79.24,MARKET_FEED,VALID
2025-01-25 07:00:00,64.71,MARKET_FEED,VALID
2025-01-25 08:00:00,71.65,MARKET_FEED,VALID
2025-01-25 09:00:00,75.78,MARKET_FEED,VALID
2025-01-25 10:00:00,80.67,MARKET_FEED,VALID
2025-01-25 11:00:00,71.27,MARKET_FEED,VALID
2025-01-25 12:00:00,78.64,MARKET_FEED,VALID
2025-01-25 13:00:00,74.83,MARKET_FEED,VALID
2025-01-25 14:00:00,79.94,MARKET_FEED,VALID
2025-01-25 15:00:00,83.15,MARKET_FEED,VALID
2025-01-25 16:00:00,78.29,MARKET_FEED,VALID
2025-01-25 17:00:00,70.55,MARKET_FEED,VALID
2025-01-25 18:00:00,81.46,MARKET_FEED,VALID
2025-01-25 19:00:00,70.06,MARKET_FEED,VALID
2025-01-25 20:00:00,62.1,MARKET_FEED,VALID
2025-01-25 21:00:00,73.54,MARKET_FEED,VALID
2025-01-25 22:00:00,64.45,MARKET_FEED,VALID
2025-01-25 23:00:00,62.81,MARKET_FEED,VALID
2025-01-26 00:00:00,51.12,MARKET_FEED,VALID
2025-01-26 01:00:00,65.2,MARKET_FEED,VALID
2025-01-26 02:00:00,51.37,MARKET_FEED,VALID
2025-01-26 03:00:00,68.29,MARKET_FEED,VALID
2025-01-26 04:00:00,58.3,MARKET_FEED,VALID
2025-01-26 05:00:00,57.87,MARKET_FEED,VALID
2025-01-26 06:00:00,74.53,MARKET_FEED,VALID
2025-01-26 07:00:00,60.4,MARKET_FEED,VALID
2025-01-26 08:00:00,75.69,MARKET_FEED,VALID
2025-01-26 09:00:00,72.66,MARKET_FEED,VALID
2025-01-26 10:00:00,86.28,MARKET_FEED,VALID
2025-01-26 11:00:00,74.92,MARKET_FEED,VALID
2025-01-26 12:00:00,82.01,MARKET_FEED,VALID
2025-01-26 13:00:00,69.53,MARKET_FEED,VALID
2025-01-26 14:00:00,80.83,MARKET_FEED,VALID
2025-01-26 15:00:00,87.73,MARKET_FEED,VALID
2025-01-26 16:00:00,88.79,MARKET_FEED,VALID
2025-01-26 17:00:00,83.44,MARKET_FEED,VALID
2025-01-26 18:00:00,82.19,MARKET_FEED,VALID
2025-01-26 19:00:00,71.05,MARKET_FEED,VALID
2025-01-26 20:00:00,66.57,MARKET_FEED,VALID
2025-01-26 21:00:00,61.61,MARKET_FEED,VALID
2025-01-26 22:00:00,55.9,MARKET_FEED,VALID
2025-01-26 23:00:00,62.51,MARKET_FEED,VALID
2025-01-27 00:00:00,61.09,MARKET_FEED,VALID
2025-01-27 01:00:00,59.42,MARKET_FEED,VALID
2025-01-27 02:00:00,62.57,MARKET_FEED,VALID
2025-01-27 03:00:00,53.97,MARKET_FEED,VALID
2025-01-27 04:00:00,60.7,MARKET_FEED,VALID
2025-01-27 05:00:00,68.95,MARKET_FEED,VALID
2025-01-27 06:00:00,60.09,MARKET_FEED,VALID
2025-01-27 07:00:00,66.58,MARKET_FEED,VALID
2025-01-27 08:00:00,77.52,MARKET_FEED,VALID
2025-01-27 09:00:00,71.51,MARKET_FEED,VALID
2025-01-27 10:00:00,77.18,MARKET_FEED,VALID
2025-01-27 11:00:00,71.65,MARKET_FEED,VALID
2025-01-27 12:00:00,75.48,MARKET_FEED,VALID
2025-01-27 13:00:00,94.03,MARKET_FEED,VALID
2025-01-27 14:00:00,72.74,MARKET_FEED,VALID
2025-01-27 15:00:00,81.61,MARKET_FEED,VALID
2025-01-27 16:00:00,80.45,MARKET_FEED,VALID
2025-01-27 17:00:00,73.09,MARKET_FEED,VALID
2025-01-27 18:00:00,75.62,MARKET_FEED,VALID
2025-01-27 19:00:00,58.11,MARKET_FEED,VALID
2025-01-27 20:00:00,76.26,MARKET_FEED,VALID
2025-01-27 21:00:00,60.89,MARKET_FEED,VALID
2025-01-27 22:00:00,55.74,MARKET_FEED,VALID
2025-01-27 23:00:00,55.05,MARKET_FEED,VALID
2025-01-28 00:00:00,51.42,MARKET_FEED,VALID
2025-01-28 01:00:00,57.01,MARKET_FEED,VALID
2025-01-28 02:00:00,60.76,MARKET_FEED,VALID
2025-01-28 03:00:00,56.44,MARKET_FEED,VALID
2025-01-28 04:00:00,59.69,MARKET_FEED,VALID
2025-01-28 05:00:00,71.23,MARKET_FEED,VALID
2025-01-28 06:00:00,64.9,MARKET_FEED,VALID
2025-01-28 07:00:00,73.09,MARKET_FEED,VALID
2025-01-28 08:00:00,63.65,MARKET_FEED,VALID
2025-01-28 09:00:00,78.38,MARKET_FEED,VALID
2025-01-28 10:00:00,74.43,MARKET_FEED,VALID
2025-01-28 11:00:00,80.21,MARKET_FEED,VALID
2025-01-28 12:00:00,73.5,MARKET_FEED,VALID
2025-01-28 13:00:00,76.85,MARKET_FEED,VALID
2025-01-28 14:00:00,82.6,MARKET_FEED,VALID
2025-01-28 15:00:00,83.38,MARKET_FEED,VALID
2025-01-28 16:00:00,85.33,MARKET_FEED,VALID
2025-01-28 17:00:00,68.78,MARKET_FEED,VALID
2025-01-28 18:00:00,73.71,MARKET_FEED,VALID
2025-01-28 19:00:00,66.51,MARKET_FEED,VALID
2025-01-28 20:00:00,75.98,MARKET_FEED,VALID
2025-01-28 21:00:00,63.01,MARKET_FEED,VALID
2025-01-28 22:00:00,67.56,MARKET_FEED,VALID
2025-01-28 23:00:00,55.81,MARKET_FEED,VALID
2025-01-29 00:00:00,57.05,MARKET_FEED,VALID
2025-01-29 01:00:00,49.47,MARKET_FEED,VALID
2025-01-29 02:00:00,62.38,MARKET_FEED,VALID
2025-01-29 03:00:00,50.96,MARKET_FEED,VALID
2025-01-29 04:00:00,61.51,MARKET_FEED,VALID
2025-01-29 05:00:00,68.16,MARKET_FEED,VALID
2025-01-29 06:00:00,68.06,MARKET_FEED,VALID
2025-01-29 07:00:00,59.43,MARKET_FEED,VALID
2025-01-29 08:00:00,71.41,MARKET_FEED,VALID
2025-01-29 09:00:00,82.19,MARKET_FEED,VALID
2025-01-29 10:00:00,77.56,MARKET_FEED,VALID
2025-01-29 11:00:00,79.16,MARKET_FEED,VALID
2025-01-29 12:00:00,76.43,MARKET_FEED,VALID
2025-01-29 13:00:00,84.16,MARKET_FEED,VALID
2025-01-29 14:00:00,77.92,MARKET_FEED,VALID
2025-01-29 15:00:00,75.75,MARKET_FEED,VALID
2025-01-29 16:00:00,77.28,MARKET_FEED,VALID
2025-01-29 17:00:00,79.4,MARKET_FEED,VALID
2025-01-29 18:00:00,69.83,MARKET_FEED,VALID
2025-01-29 19:00:00,69.87,MARKET_FEED,VALID
2025-01-29 20:00:00,65.43,MARKET_FEED,VALID
2025-01-29 21:00:00,57.98,MARKET_FEED,VALID
2025-01-29 22:00:00,59.96,MARKET_FEED,VALID
2025-01-29 23:00:00,59.94,MARKET_FEED,VALID
2025-01-30 00:00:00,59.06,MARKET_FEED,VALID
2025-01-30 01:00:00,63.47,MARKET_FEED,VALID
2025-01-30 02:00:00,59.51,MARKET_FEED,VALID
2025-01-30 03:00:00,54.46,MARKET_FEED,VALID
2025-01-30 04:00:00,64.61,MARKET_FEED,VALID
2025-01-30 05:00:00,60.96,MARKET_FEED,VALID
2025-01-30 06:00:00,62.32,MARKET_FEED,VALID
2025-01-30 07:00:00,78.33,MARKET_FEED,VALID
2025-01-30 08:00:00,74.72,MARKET_FEED,VALID
2025-01-30 09:00:00,74.99,MARKET_FEED,VALID
2025-01-30 10:00:00,75.83,MARKET_FEED,VALID
2025-01-30 11:00:00,77.94,MARKET_FEED,VALID
2025-01-30 12:00:00,83.28,MARKET_FEED,VALID
2025-01-30 13:00:00,81.63,MARKET_FEED,VALID
2025-01-30 14:00:00,84.52,MARKET_FEED,VALID
2025-01-30 15:00:00,82.53,MARKET_FEED,VALID
2025-01-30 16:00:00,70.91,MARKET_FEED,VALID
2025-01-30 17:00:00,73.89,MARKET_FEED,VALID
2025-01-30 18:00:00,75.98,MARKET_FEED,VALID
2025-01-30 19:00:00,67.7,MARKET_FEED,VALID
2025-01-30 20:00:00,63.07,MARKET_FEED,VALID
2025-01-30 21:00:00,62.84,MARKET_FEED,VALID
2025-01-30 22:00:00,55.59,MARKET_FEED,VALID
2025-01-30 23:00:00,50.46,MARKET_FEED,VALID
2025-01-31 00:00:00,57.53,MARKET_FEED,VALID
2025-01-31 01:00:00,60.52,MARKET_FEED,VALID
2025-01-31 02:00:00,58.99,MARKET_FEED,VALID
2025-01-31 03:00:00,69.25,MARKET_FEED,VALID
2025-01-31 04:00:00,65.95,MARKET_FEED,VALID
2025-01-31 05:00:00,66.21,MARKET_FEED,VALID
2025-01-31 06:00:00,71.52,MARKET_FEED,VALID
2025-01-31 07:00:00,59.44,MARKET_FEED,VALID
2025-01-31 08:00:00,64.35,MARKET_FEED,VALID
2025-01-31 09:00:00,77.93,MARKET_FEED,VALID
2025-01-31 10:00:00,85.01,MARKET_FEED,VALID
2025-01-31 11:00:00,68.28,MARKET_FEED,VALID
2025-01-31 12:00:00,67.76,MARKET_FEED,VALID
2025-01-31 13:00:00,77.41,MARKET_FEED,VALID
2025-01-31 14:00:00,81.2,MARKET_FEED,VALID
2025-01-31 15:00:00,81.26,MARKET_FEED,VALID
2025-01-31 16:00:00,76.0,MARKET_FEED,VALID
2025-01-31 17:00:00,71.48,MARKET_FEED,VALID
2025-01-31 18:00:00,70.58,MARKET_FEED,VALID
2025-01-31 19:00:00,69.2,MARKET_FEED,VALID
2025-01-31 20:00:00,59.68,MARKET_FEED,VALID
2025-01-31 21:00:00,56.77,MARKET_FEED,VALID
2025-01-31 22:00:00,59.38,MARKET_FEED,VALID
2025-01-31 23:00:00,68.28,MARKET_FEED,VALID
2025-02-01 00:00:00,52.76,MARKET_FEED,VALID
2025-02-01 01:00:00,58.83,MARKET_FEED,VALID
2025-02-01 02:00:00,57.24,MARKET_FEED,VALID
2025-02-01 03:00:00,54.15,MARKET_FEED,VALID
2025-02-01 04:00:00,59.72,MARKET_FEED,VALID
2025-02-01 05:00:00,64.0,MARKET_FEED,VALID
2025-02-01 06:00:00,68.27,MARKET_FEED,VALID
2025-02-01 07:00:00,67.7,MARKET_FEED,VALID
2025-02-01 08:00:00,77.65,MARKET_FEED,VALID
2025-02-01 09:00:00,69.07,MARKET_FEED,VALID
2025-02-01 10:00:00,62.07,MARKET_FEED,VALID
2025-02-01 11:00:00,68.46829988465976,MARKET_FEED,VALID
2025-02-01 12:00:00,76.0,MARKET_FEED,VALID
2025-02-01 13:00:00,66.22,MARKET_FEED,VALID
2025-02-01 14:00:00,81.6,MARKET_FEED,VALID
2025-02-01 15:00:00,68.99,MARKET_FEED,VALID
2025-02-01 16:00:00,79.91,MARKET_FEED,VALID
2025-02-01 17:00:00,67.33,MARKET_FEED,VALID
2025-02-01 18:00:00,62.0,MARKET_FEED,VALID
2025-02-01 19:00:00,66.85,MARKET_FEED,VALID
2025-02-01 20:00:00,59.77,MARKET_FEED,VALID
2025-02-01 21:00:00,73.58,MARKET_FEED,VALID
2025-02-01 22:00:00,58.58,MARKET_FEED,VALID
2025-02-01 23:00:00,57.44,MARKET_FEED,VALID
2025-02-02 00:00:00,57.96,MARKET_FEED,VALID
2025-02-02 01:00:00,58.14,MARKET_FEED,VALID
2025-02-02 02:00:00,58.76,MARKET_FEED,VALID
2025-02-02 03:00:00,63.68,MARKET_FEED,VALID
2025-02-02 04:00:00,66.36,MARKET_FEED,VALID
2025-02-02 05:00:00,63.21,MARKET_FEED,VALID
2025-02-02 06:00:00,68.22,MARKET_FEED,VALID
2025-02-02 07:00:00,75.94,MARKET_FEED,VALID
2025-02-02 08:00:00,72.04,MARKET_FEED,VALID
2025-02-02 09:00:00,71.69,MARKET_FEED,VALID
2025-02-02 10:00:00,61.83,MARKET_FEED,VALID
2025-02-02 11:00:00,69.34,MARKET_FEED,VALID
2025-02-02 12:00:00,77.17,MARKET_FEED,VALID
2025-02-02 13:00:00,78.94,MARKET_FEED,VALID
2025-02-02 14:00:00,63.42,MARKET_FEED,VALID
2025-02-02 15:00:00,83.54,MARKET_FEED,VALID
2025-02-02 16:00:00,83.67,MARKET_FEED,VALID
2025-02-02 17:00:00,83.05,MARKET_FEED,VALID
2025-02-02 18:00:00,77.18,MARKET_FEED,VALID
2025-02-02 19:00:00,71.72,MARKET_FEED,VALID
2025-02-02 20:00:00,64.55,MARKET_FEED,VALID
2025-02-02 21:00:00,60.36,MARKET_FEED,VALID
2025-02-02 22:00:00,62.48,MARKET_FEED,VALID
2025-02-02 23:00:00,61.97,MARKET_FEED,VALID
2025-02-03 00:00:00,50.05,MARKET_FEED,VALID
2025-02-03 01:00:00,61.63,MARKET_FEED,VALID
2025-02-03 02:00:00,52.77,MARKET_FEED,VALID
2025-02-03 03:00:00,63.83,MARKET_FEED,VALID
2025-02-03 04:00:00,60.61,MARKET_FEED,VALID
2025-02-03 05:00:00,66.21,MARKET_FEED,VALID
2025-02-03 06:00:00,71.23,MARKET_FEED,VALID
2025-02-03 07:00:00,72.41,MARKET_FEED,VALID
2025-02-03 08:00:00,70.32,MARKET_FEED,VALID
2025-02-03 09:00:00,83.42,MARKET_FEED,VALID
2025-02-03 10:00:00,77.45,MARKET_FEED,VALID
2025-02-03 11:00:00,70.7,MARKET_FEED,VALID
2025-02-03 12:00:00,76.66,MARKET_FEED,VALID
2025-02-03 13:00:00,70.99,MARKET_FEED,VALID
2025-02-03 14:00:00,71.28,MARKET_FEED,VALID
2025-02-03 15:00:00,77.12,MARKET_FEED,VALID
2025-02-03 16:00:00,78.51,MARKET_FEED,VALID
2025-02-03 17:00:00,72.52,MARKET_FEED,VALID
2025-02-03 18:00:00,71.53,MARKET_FEED,VALID
2025-02-03 19:00:00,59.0,MARKET_FEED,VALID
2025-02-03 20:00:00,73.23,MARKET_FEED,VALID
2025-02-03 21:00:00,64.4,MARKET_FEED,VALID
2025-02-03 22:00:00,57.6,MARKET_FEED,VALID
2025-02-03 23:00:00,66.2,MARKET_FEED,VALID
2025-02-04 00:00:00,51.29,MARKET_FEED,VALID
2025-02-04 01:00:00,53.12,MARKET_FEED,VALID
2025-02-04 02:00:00,55.83,MARKET_FEED,VALID
2025-02-04 03:00:00,56.06,MARKET_FEED,VALID
2025-02-04 04:00:00,59.14,MARKET_FEED,VALID
2025-02-04 05:00:00,67.02,MARKET_FEED,VALID
2025-02-04 06:00:00,71.52,MARKET_FEED,VALID
2025-02-04 07:00:00,75.06,MARKET_FEED,VALID
2025-02-04 08:00:00,80.04,MARKET_FEED,VALID
2025-02-04 09:00:00,71.86,MARKET_FEED,VALID
2025-02-04 10:00:00,80.61,MARKET_FEED,VALID
2025-02-04 11:00:00,72.19,MARKET_FEED,VALID
2025-02-04 12:00:00,69.11,MARKET_FEED,VALID
2025-02-04 13:00:00,74.46,MARKET_FEED,VALID
2025-02-04 14:00:00,80.99,MARKET_FEED,VALID
2025-02-04 15:00:00,86.75,MARKET_FEED,VALID
2025-02-04 16:00:00,89.97,MARKET_FEED,VALID
2025-02-04 17:00:00,80.1,MARKET_FEED,VALID
2025-02-04 18:00:00,75.38,MARKET_FEED,VALID
2025-02-04 19:00:00,67.71,MARKET_FEED,VALID
2025-02-04 20:00:00,72.68,MARKET_FEED,VALID
2025-02-04 21:00:00,66.19,MARKET_FEED,VALID
2025-02-04 22:00:00,55.2,MARKET_FEED,VALID
2025-02-04 23:00:00,60.23,MARKET_FEED,VALID
2025-02-05 00:00:00,51.72,MARKET_FEED,VALID
2025-02-05 01:00:00,59.85,MARKET_FEED,VALID
2025-02-05 02:00:00,63.13,MARKET_FEED,VALID
2025-02-05 03:00:00,58.03,MARKET_FEED,VALID
2025-02-05 04:00:00,57.8,MARKET_FEED,VALID
2025-02-05 05:00:00,73.81,MARKET_FEED,VALID
2025-02-05 06:00:00,68.37,MARKET_FEED,VALID
2025-02-05 07:00:00,73.01,MARKET_FEED,VALID
2025-02-05 08:00:00,74.93,MARKET_FEED,VALID
2025-02-05 09:00:00,81.05,MARKET_FEED,VALID
2025-02-05 10:00:00,82.22,MARKET_FEED,VALID
2025-02-05 11:00:00,75.63,MARKET_FEED,VALID
2025-02-05 12:00:00,63.43,MARKET_FEED,VALID
2025-02-05 13:00:00,72.67,MARKET_FEED,VALID
2025-02-05 14:00:00,79.61,MARKET_FEED,VALID
2025-02-05 15:00:00,85.9,MARKET_FEED,VALID
2025-02-05 16:00:00,86.35,MARKET_FEED,VALID
2025-02-05 17:00:00,74.88,MARKET_FEED,VALID
2025-02-05 18:00:00,82.84,MARKET_FEED,VALID
2025-02-05 19:00:00,72.76,MARKET_FEED,VALID
2025-02-05 20:00:00,68.24,MARKET_FEED,VALID
2025-02-05 21:00:00,65.56,MARKET_FEED,VALID
2025-02-05 22:00:00,65.59,MARKET_FEED,VALID
2025-02-05 23:00:00,60.19,MARKET_FEED,VALID
2025-02-06 00:00:00,58.91,MARKET_FEED,VALID
2025-02-06 01:00:00,62.95,MARKET_FEED,VALID
2025-02-06 02:00:00,64.43,MARKET_FEED,VALID
2025-02-06 03:00:00,59.99,MARKET_FEED,VALID
2025-02-06 04:00:00,61.42,MARKET_FEED,VALID
2025-02-06 05:00:00,60.15,MARKET_FEED,VALID
2025-02-06 06:00:00,65.35,MARKET_FEED,VALID
2025-02-06 07:00:00,76.02,MARKET_FEED,VALID
2025-02-06 08:00:00,73.65,MARKET_FEED,VALID
2025-02-06 09:00:00,80.82,MARKET_FEED,VALID
2025-02-06 10:00:00,75.29,MARKET_FEED,VALID
2025-02-06 11:00:00,82.07,MARKET_FEED,VALID
2025-02-06 12:00:00,79.38,MARKET_FEED,VALID
2025-02-06 13:00:00,85.1,MARKET_FEED,VALID
2025-02-06 14:00:00,69.45,MARKET_FEED,VALID
2025-02-06 15:00:00,85.57,MARKET_FEED,VALID
2025-02-06 16:00:00,79.26,MARKET_FEED,VALID
2025-02-06 17:00:00,76.52,MARKET_FEED,VALID
2025-02-06 18:00:00,63.71,MARKET_FEED,VALID
2025-02-06 19:00:00,62.8,MARKET_FEED,VALID
2025-02-06 20:00:00,69.65,MARKET_FEED,VALID
2025-02-06 21:00:00,71.59,MARKET_FEED,VALID
2025-02-06 22:00:00,62.81,MARKET_FEED,VALID
2025-02-06 23:00:00,67.34,MARKET_FEED,VALID
2025-02-07 00:00:00,44.38,MARKET_FEED,VALID
2025-02-07 01:00:00,49.84,MARKET_FEED,VALID
2025-02-07 02:00:00,49.75,MARKET_FEED,VALID
2025-02-07 03:00:00,65.06,MARKET_FEED,VALID
2025-02-07 04:00:00,64.35,MARKET_FEED,VALID
2025-02-07 05:00:00,64.14,MARKET_FEED,VALID
2025-02-07 06:00:00,71.82,MARKET_FEED,VALID
2025-02-07 07:00:00,68.8,MARKET_FEED,VALID
2025-02-07 08:00:00,79.69,MARKET_FEED,VALID
2025-02-07 09:00:00,84.2,MARKET_FEED,VALID
2025-02-07 10:00:00,67.95,MARKET_FEED,VALID
2025-02-07 11:00:00,81.67,MARKET_FEED,VALID
2025-02-07 12:00:00,77.08,MARKET_FEED,VALID
2025-02-07 13:00:00,72.12,MARKET_FEED,VALID
2025-02-07 14:00:00,72.9,MARKET_FEED,VALID
2025-02-07 15:00:00,79.95,MARKET_FEED,VALID
2025-02-07 16:00:00,80.08,MARKET_FEED,VALID
2025-02-07 17:00:00,79.46,MARKET_FEED,VALID
2025-02-07 18:00:00,80.01,MARKET_FEED,VALID
2025-02-07 19:00:00,70.49,MARKET_FEED,VALID
2025-02-07 20:00:00,68.03,MARKET_FEED,VALID
2025-02-07 21:00:00,76.25,MARKET_FEED,VALID
2025-02-07 22:00:00,63.24,MARKET_FEED,VALID
2025-02-07 23:00:00,56.89,MARKET_FEED,VALID
2025-02-08 00:00:00,62.06,MARKET_FEED,VALID
2025-02-08 01:00:00,55.76,MARKET_FEED,VALID
2025-02-08 02:00:00,56.22,MARKET_FEED,VALID
2025-02-08 03:00:00,54.48,MARKET_FEED,VALID
2025-02-08 04:00:00,63.17,MARKET_FEED,VALID
2025-02-08 05:00:00,71.2,MARKET_FEED,VALID
2025-02-08 06:00:00,69.39,MARKET_FEED,VALID
2025-02-08 07:00:00,73.7,MARKET_FEED,VALID
2025-02-08 08:00:00,77.0,MARKET_FEED,VALID
2025-02-08 09:00:00,83.57,MARKET_FEED,VALID
2025-02-08 10:00:00,74.93,MARKET_FEED,VALID
2025-02-08 11:00:00,69.0,MARKET_FEED,VALID
2025-02-08 12:00:00,74.82,MARKET_FEED,VALID
2025-02-08 13:00:00,67.84,MARKET_FEED,VALID
2025-02-08 14:00:00,68.65,MARKET_FEED,VALID
2025-02-08 15:00:00,79.49,MARKET_FEED,VALID
2025-02-08 16:00:00,64.09,MARKET_FEED,VALID
2025-02-08 17:00:00,81.19,MARKET_FEED,VALID
2025-02-08 18:00:00,69.23,MARKET_FEED,VALID
2025-02-08 19:00:00,60.18,MARKET_FEED,VALID
2025-02-08 20:00:00,72.16,MARKET_FEED,VALID
2025-02-08 21:00:00,64.7,MARKET_FEED,VALID
2025-02-08 22:00:00,64.24,MARKET_FEED,VALID
2025-02-08 23:00:00,68.97,MARKET_FEED,VALID
2025-02-09 00:00:00,63.51,MARKET_FEED,VALID
2025-02-09 01:00:00,64.61,MARKET_FEED,VALID
2025-02-09 02:00:00,60.48,MARKET_FEED,VALID
2025-02-09 03:00:00,70.74,MARKET_FEED,VALID
2025-02-09 04:00:00,64.11,MARKET_FEED,VALID
2025-02-09 05:00:00,57.3,MARKET_FEED,VALID
2025-02-09 06:00:00,59.23,MARKET_FEED,VALID
2025-02-09 07:00:00,74.49,MARKET_FEED,VALID
2025-02-09 08:00:00,68.83,MARKET_FEED,VALID
2025-02-09 09:00:00,75.82,MARKET_FEED,VALID
2025-02-09 10:00:00,72.49,MARKET_FEED,VALID
2025-02-09 11:00:00,77.33,MARKET_FEED,VALID
2025-02-09 12:00:00,65.82,MARKET_FEED,VALID
2025-02-09 13:00:00,76.57,MARKET_FEED,VALID
2025-02-09 14:00:00,79.39,MARKET_FEED,VALID
2025-02-09 15:00:00,76.39,MARKET_FEED,VALID
2025-02-09 16:00:00,72.43,MARKET_FEED,VALID
2025-02-09 17:00:00,86.58,MARKET_FEED,VALID
2025-02-09 18:00:00,75.99,MARKET_FEED,VALID
2025-02-09 19:00:00,72.14,MARKET_FEED,VALID
2025-02-09 20:00:00,66.75,MARKET_FEED,VALID
2025-02-09 21:00:00,64.68,MARKET_FEED,VALID
2025-02-09 22:00:00,63.61,MARKET_FEED,VALID
2025-02-09 23:00:00,60.5,MARKET_FEED,VALID
2025-02-10 00:00:00,65.47,MARKET_FEED,VALID
2025-02-10 01:00:00,64.69,MARKET_FEED,VALID
2025-02-10 02:00:00,59.75,MARKET_FEED,VALID
2025-02-10 03:00:00,56.29,MARKET_FEED,VALID
2025-02-10 04:00:00,57.27,MARKET_FEED,VALID
2025-02-10 05:00:00,64.27,MARKET_FEED,VALID
2025-02-10 06:00:00,65.99,MARKET_FEED,VALID
2025-02-10 07:00:00,73.28,MARKET_FEED,VALID
2025-02-10 08:00:00,81.97,MARKET_FEED,VALID
2025-02-10 09:00:00,77.9,MARKET_FEED,VALID
2025-02-10 10:00:00,75.34,MARKET_FEED,VALID
2025-02-10 11:00:00,70.51,MARKET_FEED,VALID
2025-02-10 12:00:00,74.36,MARKET_FEED,VALID
2025-02-10 13:00:00,77.34,MARKET_FEED,VALID
2025-02-10 14:00:00,76.96,MARKET_FEED,VALID
2025-02-10 15:00:00,80.6,MARKET_FEED,VALID
2025-02-10 16:00:00,85.01,MARKET_FEED,VALID
2025-02-10 17:00:00,74.01,MARKET_FEED,VALID
2025-02-10 18:00:00,72.49,MARKET_FEED,VALID
2025-02-10 19:00:00,74.18,MARKET_FEED,VALID
2025-02-10 20:00:00,75.0,MARKET_FEED,VALID
2025-02-10 21:00:00,67.75,MARKET_FEED,VALID
2025-02-10 22:00:00,54.52,MARKET_FEED,VALID
2025-02-10 23:00:00,67.08,MARKET_FEED,VALID
2025-02-11 00:00:00,55.34,MARKET_FEED,VALID
2025-02-11 01:00:00,55.78,MARKET_FEED,VALID
2025-02-11 02:00:00,52.02,MARKET_FEED,VALID
2025-02-11 03:00:00,57.25,MARKET_FEED,VALID
2025-02-11 04:00:00,63.24,MARKET_FEED,VALID
2025-02-11 05:00:00,58.35,MARKET_FEED,VALID
2025-02-11 06:00:00,66.21,MARKET_FEED,VALID
2025-02-11 07:00:00,62.3,MARKET_FEED,VALID
2025-02-11 08:00:00,76.14,MARKET_FEED,VALID
2025-02-11 09:00:00,72.31,MARKET_FEED,VALID
2025-02-11 10:00:00,79.74,MARKET_FEED,VALID
2025-02-11 11:00:00,77.66,MARKET_FEED,VALID
2025-02-11 12:00:00,71.07,MARKET_FEED,VALID
2025-02-11 13:00:00,73.6,MARKET_FEED,VALID
2025-02-11 14:00:00,73.59,MARKET_FEED,VALID
2025-02-11 15:00:00,80.99,MARKET_FEED,VALID
2025-02-11 16:00:00,84.94,MARKET_FEED,VALID
2025-02-11 17:00:00,67.45,MARKET_FEED,VALID
2025-02-11 18:00:00,67.65,MARKET_FEED,VALID
2025-02-11 19:00:00,75.02,MARKET_FEED,VALID
2025-02-11 20:00:00,67.1,MARKET_FEED,VALID
2025-02-11 21:00:00,64.79,MARKET_FEED,VALID
2025-02-11 22:00:00,72.14,MARKET_FEED,VALID
2025-02-11 23:00:00,57.7,MARKET_FEED,VALID
2025-02-12 00:00:00,53.52,MARKET_FEED,VALID
2025-02-12 01:00:00,53.74,MARKET_FEED,VALID
2025-02-12 02:00:00,63.87,MARKET_FEED,VALID
2025-02-12 03:00:00,50.82,MARKET_FEED,VALID
2025-02-12 04:00:00,56.4,MARKET_FEED,VALID
2025-02-12 05:00:00,61.67,MARKET_FEED,VALID
2025-02-12 06:00:00,59.11,MARKET_FEED,VALID
2025-02-12 07:00:00,65.36,MARKET_FEED,VALID
2025-02-12 08:00:00,78.8,MARKET_FEED,VALID
2025-02-12 09:00:00,70.91,MARKET_FEED,VALID
2025-02-12 10:00:00,65.31,MARKET_FEED,VALID
2025-02-12 11:00:00,73.34,MARKET_FEED,VALID
2025-02-12 12:00:00,63.76,MARKET_FEED,VALID
2025-02-12 13:00:00,82.67,MARKET_FEED,VALID
2025-02-12 14:00:00,76.09,MARKET_FEED,VALID
2025-02-12 15:00:00,77.41,MARKET_FEED,VALID
2025-02-12 16:00:00,77.58,MARKET_FEED,VALID
2025-02-12 17:00:00,79.66,MARKET_FEED,VALID
2025-02-12 18:00:00,70.3,MARKET_FEED,VALID
2025-02-12 19:00:00,58.0,MARKET_FEED,VALID
2025-02-12 20:00:00,62.36,MARKET_FEED,VALID
2025-02-12 21:00:00,67.1,MARKET_FEED,VALID
2025-02-12 22:00:00,55.3,MARKET_FEED,VALID
2025-02-12 23:00:00,57.04,MARKET_FEED,VALID
2025-02-13 00:00:00,58.35,MARKET_FEED,VALID
2025-02-13 01:00:00,53.73,MARKET_FEED,VALID
2025-02-13 02:00:00,60.12,MARKET_FEED,VALID
2025-02-13 03:00:00,55.9,MARKET_FEED,VALID
2025-02-13 04:00:00,69.54,MARKET_FEED,VALID
2025-02-13 05:00:00,68.95,MARKET_FEED,VALID
2025-02-13 06:00:00,66.42,MARKET_FEED,VALID
2025-02-13 07:00:00,77.51,MARKET_FEED,VALID
2025-02-13 08:00:00,74.33,MARKET_FEED,VALID
2025-02-13 09:00:00,75.03,MARKET_FEED,VALID
2025-02-13 10:00:00,79.73,MARKET_FEED,VALID
2025-02-13 11:00:00,72.7,MARKET_FEED,VALID
2025-02-13 12:00:00,79.83,MARKET_FEED,VALID
2025-02-13 13:00:00,80.39,MARKET_FEED,VALID
2025-02-13 14:00:00,80.99,MARKET_FEED,VALID
2025-02-13 15:00:00,87.34,MARKET_FEED,VALID
2025-02-13 16:00:00,86.12,MARKET_FEED,VALID
2025-02-13 17:00:00,70.16,MARKET_FEED,VALID
2025-02-13 18:00:00,72.85,MARKET_FEED,VALID
2025-02-13 19:00:00,69.25,MARKET_FEED,VALID
2025-02-13 20:00:00,57.69,MARKET_FEED,VALID
2025-02-13 21:00:00,72.44,MARKET_FEED,VALID
2025-02-13 22:00:00,56.7,MARKET_FEED,VALID
2025-02-13 23:00:00,64.05,MARKET_FEED,VALID
2025-02-14 00:00:00,50.77,MARKET_FEED,VALID
2025-02-14 01:00:00,56.69,MARKET_FEED,VALID
2025-02-14 02:00:00,56.7,MARKET_FEED,VALID
2025-02-14 03:00:00,63.61,MARKET_FEED,VALID
2025-02-14 04:00:00,62.08,MARKET_FEED,VALID
2025-02-14 05:00:00,68.11,MARKET_FEED,VALID
2025-02-14 06:00:00,67.55,MARKET_FEED,VALID
2025-02-14 07:00:00,67.06,MARKET_FEED,VALID
2025-02-14 08:00:00,68.9,MARKET_FEED,VALID
2025-02-14 09:00:00,79.99,MARKET_FEED,VALID
2025-02-14 10:00:00,72.4,MARKET_FEED,VALID
2025-02-14 11:00:00,74.19,MARKET_FEED,VALID
2025-02-14 12:00:00,64.53,MARKET_FEED,VALID
2025-02-14 13:00:00,78.28,MARKET_FEED,VALID
2025-02-14 14:00:00,84.17,MARKET_FEED,VALID
2025-02-14 15:00:00,79.28,MARKET_FEED,VALID
2025-02-14 16:00:00,69.01,MARKET_FEED,VALID
2025-02-14 17:00:00,79.92,MARKET_FEED,VALID
2025-02-14 18:00:00,70.87,MARKET_FEED,VALID
2025-02-14 19:00:00,79.55,MARKET_FEED,VALID
2025-02-14 20:00:00,69.09,MARKET_FEED,VALID
2025-02-14 21:00:00,68.62,MARKET_FEED,VALID
2025-02-14 22:00:00,51.22,MARKET_FEED,VALID
2025-02-14 23:00:00,56.56,MARKET_FEED,VALID
2025-02-15 00:00:00,61.44,MARKET_FEED,VALID
2025-02-15 01:00:00,57.84,MARKET_FEED,VALID
2025-02-15 02:00:00,50.51,MARKET_FEED,VALID
2025-02-15 03:00:00,53.79,MARKET_FEED,VALID
2025-02-15 04:00:00,61.73,MARKET_FEED,VALID
2025-02-15 05:00:00,63.44,MARKET_FEED,VALID
2025-02-15 06:00:00,56.84,MARKET_FEED,VALID
2025-02-15 07:00:00,77.92,MARKET_FEED,VALID
2025-02-15 08:00:00,73.07,MARKET_FEED,VALID
2025-02-15 09:00:00,78.4,MARKET_FEED,VALID
2025-02-15 10:00:00,80.2,MARKET_FEED,VALID
2025-02-15 11:00:00,70.06,MARKET_FEED,VALID
2025-02-15 12:00:00,64.62,MARKET_FEED,VALID
2025-02-15 13:00:00,68.89,MARKET_FEED,VALID
2025-02-15 14:00:00,75.91,MARKET_FEED,VALID
2025-02-15 15:00:00,80.73,MARKET_FEED,VALID
2025-02-15 16:00:00,74.96,MARKET_FEED,VALID
2025-02-15 17:00:00,72.35,MARKET_FEED,VALID
2025-02-15 18:00:00,68.17,MARKET_FEED,VALID
2025-02-15 19:00:00,72.98,MARKET_FEED,VALID
2025-02-15 20:00:00,64.95,MARKET_FEED,VALID
2025-02-15 21:00:00,57.91,MARKET_FEED,VALID
2025-02-15 22:00:00,63.6,MARKET_FEED,VALID
2025-02-15 23:00:00,53.73,MARKET_FEED,VALID
2025-02-16 00:00:00,53.8,MARKET_FEED,VALID
2025-02-16 01:00:00,56.78,MARKET_FEED,VALID
2025-02-16 02:00:00,59.37,MARKET_FEED,VALID
2025-02-16 03:00:00,60.71,MARKET_FEED,VALID
2025-02-16 04:00:00,63.6,MARKET_FEED,VALID
2025-02-16 05:00:00,58.94,MARKET_FEED,VALID
2025-02-16 06:00:00,71.29,MARKET_FEED,VALID
2025-02-16 07:00:00,69.3,MARKET_FEED,VALID
2025-02-16 08:00:00,76.57,MARKET_FEED,VALID
2025-02-16 09:00:00,73.61,MARKET_FEED,VALID
2025-02-16 10:00:00,64.6,MARKET_FEED,VALID
2025-02-16 11:00:00,76.15,MARKET_FEED,VALID
2025-02-16 12:00:00,62.44,MARKET_FEED,VALID
2025-02-16 13:00:00,67.14,MARKET_FEED,VALID
2025-02-16 14:00:00,78.39,MARKET_FEED,VALID
2025-02-16 15:00:00,82.27,MARKET_FEED,VALID
2025-02-16 16:00:00,81.17,MARKET_FEED,VALID
2025-02-16 17:00:00,64.77,MARKET_FEED,VALID
2025-02-16 18:00:00,69.69,MARKET_FEED,VALID
2025-02-16 19:00:00,68.36,MARKET_FEED,VALID
2025-02-16 20:00:00,62.94,MARKET_FEED,VALID
2025-02-16 21:00:00,59.37,MARKET_FEED,VALID
2025-02-16 22:00:00,66.71,MARKET_FEED,VALID
2025-02-16 23:00:00,64.4,MARKET_FEED,VALID
2025-02-17 00:00:00,54.22,MARKET_FEED,VALID
2025-02-17 01:00:00,58.55,MARKET_FEED,VALID
2025-02-17 02:00:00,52.49,MARKET_FEED,VALID
2025-02-17 03:00:00,65.57,MARKET_FEED,VALID
2025-02-17 04:00:00,57.39,MARKET_FEED,VALID
2025-02-17 05:00:00,59.51,MARKET_FEED,VALID
2025-02-17 06:00:00,74.82,MARKET_FEED,VALID
2025-02-17 07:00:00,72.61,MARKET_FEED,VALID
2025-02-17 08:00:00,64.27,MARKET_FEED,VALID
2025-02-17 09:00:00,74.14,MARKET_FEED,VALID
2025-02-17 10:00:00,75.52,MARKET_FEED,VALID
2025-02-17 11:00:00,64.63,MARKET_FEED,VALID
2025-02-17 12:00:00,63.37,MARKET_FEED,VALID
2025-02-17 13:00:00,81.01,MARKET_FEED,VALID
2025-02-17 14:00:00,86.36,MARKET_FEED,VALID
2025-02-17 15:00:00,86.6,MARKET_FEED,VALID
2025-02-17 16:00:00,88.68,MARKET_FEED,VALID
2025-02-17 17:00:00,77.12,MARKET_FEED,VALID
2025-02-17 18:00:00,71.55,MARKET_FEED,VALID
2025-02-17 19:00:00,72.72,MARKET_FEED,VALID
2025-02-17 20:00:00,68.55,MARKET_FEED,VALID
2025-02-17 21:00:00,59.9,MARKET_FEED,VALID
2025-02-17 22:00:00,63.13,MARKET_FEED,VALID
2025-02-17 23:00:00,60.4,MARKET_FEED,VALID
2025-02-18 00:00:00,67.39,MARKET_FEED,VALID
2025-02-18 01:00:00,55.92,MARKET_FEED,VALID
2025-02-18 02:00:00,57.61,MARKET_FEED,VALID
2025-02-18 03:00:00,53.24,MARKET_FEED,VALID
2025-02-18 04:00:00,52.93,MARKET_FEED,VALID
2025-02-18 05:00:00,62.77,MARKET_FEED,VALID
2025-02-18 06:00:00,74.27,MARKET_FEED,VALID
2025-02-18 07:00:00,68.36,MARKET_FEED,VALID
2025-02-18 08:00:00,72.47,MARKET_FEED,VALID
2025-02-18 09:00:00,79.92,MARKET_FEED,VALID
2025-02-18 10:00:00,83.08,MARKET_FEED,VALID
2025-02-18 11:00:00,78.14,MARKET_FEED,VALID
2025-02-18 12:00:00,81.38,MARKET_FEED,VALID
2025-02-18 13:00:00,79.97,MARKET_FEED,VALID
2025-02-18 14:00:00,70.53,MARKET_FEED,VALID
2025-02-18 15:00:00,74.17,MARKET_FEED,VALID
2025-02-18 16:00:00,82.09,MARKET_FEED,VALID
2025-02-18 17:00:00,80.52,MARKET_FEED,VALID
2025-02-18 18:00:00,65.33,MARKET_FEED,VALID
2025-02-18 19:00:00,72.11,MARKET_FEED,VALID
2025-02-18 20:00:00,73.11,MARKET_FEED,VALID
2025-02-18 21:00:00,68.3,MARKET_FEED,VALID
2025-02-18 22:00:00,57.95,MARKET_FEED,VALID
2025-02-18 23:00:00,60.95,MARKET_FEED,VALID
2025-02-19 00:00:00,59.23,MARKET_FEED,VALID
2025-02-19 01:00:00,54.08,MARKET_FEED,VALID
2025-02-19 02:00:00,65.19,MARKET_FEED,VALID
2025-02-19 03:00:00,62.26,MARKET_FEED,VALID
2025-02-19 04:00:00,72.38,MARKET_FEED,VALID
2025-02-19 05:00:00,59.68,MARKET_FEED,VALID
2025-02-19 06:00:00,67.66,MARKET_FEED,VALID
2025-02-19 07:00:00,75.58,MARKET_FEED,VALID
2025-02-19 08:00:00,62.45,MARKET_FEED,VALID
2025-02-19 09:00:00,77.45,MARKET_FEED,VALID
2025-02-19 10:00:00,69.02,MARKET_FEED,VALID
2025-02-19 11:00:00,65.68,MARKET_FEED,VALID
2025-02-19 12:00:00,73.04,MARKET_FEED,VALID
2025-02-19 13:00:00,83.06,MARKET_FEED,VALID
2025-02-19 14:00:00,74.59,MARKET_FEED,VALID
2025-02-19 15:00:00,75.77,MARKET_FEED,VALID
2025-02-19 16:00:00,80.15,MARKET_FEED,VALID
2025-02-19 17:00:00,79.06,MARKET_FEED,VALID
2025-02-19 18:00:00,75.53,MARKET_FEED,VALID
2025-02-19 19:00:00,61.65,MARKET_FEED,VALID
2025-02-19 20:00:00,68.62,MARKET_FEED,VALID
2025-02-19 21:00:00,69.21,MARKET_FEED,VALID
2025-02-19 22:00:00,61.93,MARKET_FEED,VALID
2025-02-19 23:00:00,62.14,MARKET_FEED,VALID
2025-02-20 00:00:00,64.92,MARKET_FEED,VALID
2025-02-20 01:00:00,52.66,MARKET_FEED,VALID
2025-02-20 02:00:00,57.76,MARKET_FEED,VALID
2025-02-20 03:00:00,54.17,MARKET_FEED,VALID
2025-02-20 04:00:00,59.91,MARKET_FEED,VALID
2025-02-20 05:00:00,59.0,MARKET_FEED,VALID
2025-02-20 06:00:00,67.18,MARKET_FEED,VALID
2025-02-20 07:00:00,78.28,MARKET_FEED,VALID
2025-02-20 08:00:00,71.72,MARKET_FEED,VALID
2025-02-20 09:00:00,76.75,MARKET_FEED,VALID
2025-02-20 10:00:00,83.11,MARKET_FEED,VALID
2025-02-20 11:00:00,74.9,MARKET_FEED,VALID
2025-02-20 12:00:00,75.89,MARKET_FEED,VALID
2025-02-20 13:00:00,77.72,MARKET_FEED,VALID
2025-02-20 14:00:00,79.54,MARKET_FEED,VALID
2025-02-20 15:00:00,87.03,MARKET_FEED,VALID
2025-02-20 16:00:00,73.48,MARKET_FEED,VALID
2025-02-20 17:00:00,74.74,MARKET_FEED,VALID
2025-02-20 18:00:00,78.99,MARKET_FEED,VALID
2025-02-20 19:00:00,70.76,MARKET_FEED,VALID
2025-02-20 20:00:00,63.2,MARKET_FEED,VALID
2025-02-20 21:00:00,61.67,MARKET_FEED,VALID
2025-02-20 22:00:00,63.57,MARKET_FEED,VALID
2025-02-20 23:00:00,51.65,MARKET_FEED,VALID
2025-02-21 00:00:00,64.87,MARKET_FEED,VALID
2025-02-21 01:00:00,58.24,MARKET_FEED,VALID
2025-02-21 02:00:00,60.95,MARKET_FEED,VALID
2025-02-21 03:00:00,58.13,MARKET_FEED,VALID
2025-02-21 04:00:00,60.93,MARKET_FEED,VALID
2025-02-21 05:00:00,65.13,MARKET_FEED,VALID
2025-02-21 06:00:00,68.96,MARKET_FEED,VALID
2025-02-21 07:00:00,78.23,MARKET_FEED,VALID
2025-02-21 08:00:00,75.67,MARKET_FEED,VALID
2025-02-21 09:00:00,78.16,MARKET_FEED,VALID
2025-02-21 10:00:00,74.59,MARKET_FEED,VALID
2025-02-21 11:00:00,83.9,MARKET_FEED,VALID
2025-02-21 12:00:00,73.98,MARKET_FEED,VALID
2025-02-21 13:00:00,76.92,MARKET_FEED,VALID
2025-02-21 14:00:00,78.23,MARKET_FEED,VALID
2025-02-21 15:00:00,74.13,MARKET_FEED,VALID
2025-02-21 16:00:00,81.91,MARKET_FEED,VALID
2025-02-21 17:00:00,71.95,MARKET_FEED,VALID
2025-02-21 18:00:00,85.46,MARKET_FEED,VALID
2025-02-21 19:00:00,72.2,MARKET_FEED,VALID
2025-02-21 20:00:00,69.45,MARKET_FEED,VALID
2025-02-21 21:00:00,55.65,MARKET_FEED,VALID
2025-02-21 22:00:00,71.27,MARKET_FEED,VALID
2025-02-21 23:00:00,54.28,MARKET_FEED,VALID
2025-02-22 00:00:00,47.51,MARKET_FEED,VALID
2025-02-22 01:00:00,58.87,MARKET_FEED,VALID
2025-02-22 02:00:00,48.48,MARKET_FEED,VALID
2025-02-22 03:00:00,60.26,MARKET_FEED,VALID
2025-02-22 04:00:00,60.03,MARKET_FEED,VALID
2025-02-22 05:00:00,54.92,MARKET_FEED,VALID
2025-02-22 06:00:00,65.12,MARKET_FEED,VALID
2025-02-22 07:00:00,70.92,MARKET_FEED,VALID
2025-02-22 08:00:00,70.1,MARKET_FEED,VALID
2025-02-22 09:00:00,70.35,MARKET_FEED,VALID
2025-02-22 10:00:00,75.29,MARKET_FEED,VALID
2025-02-22 11:00:00,76.32,MARKET_FEED,VALID
2025-02-22 12:00:00,68.49,MARKET_FEED,VALID
2025-02-22 13:00:00,67.87,MARKET_FEED,VALID
2025-02-22 14:00:00,68.0,MARKET_FEED,VALID
2025-02-22 15:00:00,79.39,MARKET_FEED,VALID
2025-02-22 16:00:00,75.58,MARKET_FEED,VALID
2025-02-22 17:00:00,74.94,MARKET_FEED,VALID
2025-02-22 18:00:00,75.34,MARKET_FEED,VALID
2025-02-22 19:00:00,74.44,MARKET_FEED,VALID
2025-02-22 20:00:00,67.64,MARKET_FEED,VALID
2025-02-22 21:00:00,59.68,MARKET_FEED,VALID
2025-02-22 22:00:00,57.05,MARKET_FEED,VALID
2025-02-22 23:00:00,53.4,MARKET_FEED,VALID
2025-02-23 00:00:00,64.8,MARKET_FEED,VALID
2025-02-23 01:00:00,57.48,MARKET_FEED,VALID
2025-02-23 02:00:00,63.46,MARKET_FEED,VALID
2025-02-23 03:00:00,66.98,MARKET_FEED,VALID
2025-02-23 04:00:00,55.26,MARKET_FEED,VALID
2025-02-23 05:00:00,73.32,MARKET_FEED,VALID
2025-02-23 06:00:00,71.46,MARKET_FEED,VALID
2025-02-23 07:00:00,74.04,MARKET_FEED,VALID
2025-02-23 08:00:00,72.41,MARKET_FEED,VALID
2025-02-23 09:00:00,80.83,MARKET_FEED,VALID
2025-02-23 10:00:00,78.96,MARKET_FEED,VALID
2025-02-23 11:00:00,58.42,MARKET_FEED,VALID
2025-02-23 12:00:00,70.93,MARKET_FEED,VALID
2025-02-23 13:00:00,64.82,MARKET_FEED,VALID
2025-02-23 14:00:00,76.52,MARKET_FEED,VALID
2025-02-23 15:00:00,70.81,MARKET_FEED,VALID
2025-02-23 16:00:00,75.73,MARKET_FEED,VALID
2025-02-23 17:00:00,73.9,MARKET_FEED,VALID
2025-02-23 18:00:00,63.51,MARKET_FEED,VALID
2025-02-23 19:00:00,66.23,MARKET_FEED,VALID
2025-02-23 20:00:00,67.07,MARKET_FEED,VALID
2025-02-23 21:00:00,56.36,MARKET_FEED,VALID
2025-02-23 22:00:00,58.5,MARKET_FEED,VALID
2025-02-23 23:00:00,61.28,MARKET_FEED,VALID
2025-02-24 00:00:00,48.79,MARKET_FEED,VALID
2025-02-24 01:00:00,55.17,MARKET_FEED,VALID
2025-02-24 02:00:00,58.71,MARKET_FEED,VALID
2025-02-24 03:00:00,64.84,MARKET_FEED,VALID
2025-02-24 04:00:00,69.3,MARKET_FEED,VALID
2025-02-24 05:00:00,66.75,MARKET_FEED,VALID
2025-02-24 06:00:00,75.62,MARKET_FEED,VALID
2025-02-24 07:00:00,80.38,MARKET_FEED,VALID
2025-02-24 08:00:00,75.47,MARKET_FEED,VALID
2025-02-24 09:00:00,72.72,MARKET_FEED,VALID
2025-02-24 10:00:00,77.32,MARKET_FEED,VALID
2025-02-24 11:00:00,71.72,MARKET_FEED,VALID
2025-02-24 12:00:00,84.65,MARKET_FEED,VALID
2025-02-24 13:00:00,71.59,MARKET_FEED,VALID
2025-02-24 14:00:00,80.09,MARKET_FEED,VALID
2025-02-24 15:00:00,81.85,MARKET_FEED,VALID
2025-02-24 16:00:00,80.27,MARKET_FEED,VALID
2025-02-24 17:00:00,75.99,MARKET_FEED,VALID
2025-02-24 18:00:00,67.38,MARKET_FEED,VALID
2025-02-24 19:00:00,69.84,MARKET_FEED,VALID
2025-02-24 20:00:00,62.25,MARKET_FEED,VALID
2025-02-24 21:00:00,58.33,MARKET_FEED,VALID
2025-02-24 22:00:00,70.41,MARKET_FEED,VALID
2025-02-24 23:00:00,50.28,MARKET_FEED,VALID
2025-02-25 00:00:00,58.72,MARKET_FEED,VALID
2025-02-25 01:00:00,61.67,MARKET_FEED,VALID
2025-02-25 02:00:00,63.15,MARKET_FEED,VALID
2025-02-25 03:00:00,60.82,MARKET_FEED,VALID
2025-02-25 04:00:00,61.11,MARKET_FEED,VALID
2025-02-25 05:00:00,69.67,MARKET_FEED,VALID
2025-02-25 06:00:00,66.98,MARKET_FEED,VALID
2025-02-25 07:00:00,75.86,MARKET_FEED,VALID
2025-02-25 08:00:00,79.27,MARKET_FEED,VALID
2025-02-25 09:00:00,75.01,MARKET_FEED,VALID
2025-02-25 10:00:00,84.83,MARKET_FEED,VALID
2025-02-25 11:00:00,69.66,MARKET_FEED,VALID
2025-02-25 12:00:00,77.73,MARKET_FEED,VALID
2025-02-25 13:00:00,68.2,MARKET_FEED,VALID
2025-02-25 14:00:00,83.85,MARKET_FEED,VALID
2025-02-25 15:00:00,91.96,MARKET_FEED,VALID
2025-02-25 16:00:00,79.46,MARKET_FEED,VALID
2025-02-25 17:00:00,77.3,MARKET_FEED,VALID
2025-02-25 18:00:00,81.56,MARKET_FEED,VALID
2025-02-25 19:00:00,69.57,MARKET_FEED,VALID
2025-02-25 20:00:00,54.36,MARKET_FEED,VALID
2025-02-25 21:00:00,65.41,MARKET_FEED,VALID
2025-02-25 22:00:00,57.04,MARKET_FEED,VALID
2025-02-25 23:00:00,58.98,MARKET_FEED,VALID
2025-02-26 00:00:00,53.01,MARKET_FEED,VALID
2025-02-26 01:00:00,65.73,MARKET_FEED,VALID
2025-02-26 02:00:00,60.87,MARKET_FEED,VALID
2025-02-26 03:00:00,57.74,MARKET_FEED,VALID
2025-02-26 04:00:00,64.53,MARKET_FEED,VALID
2025-02-26 05:00:00,63.71,MARKET_FEED,VALID
2025-02-26 06:00:00,74.69,MARKET_FEED,VALID
2025-02-26 07:00:00,72.55,MARKET_FEED,VALID
2025-02-26 08:00:00,80.37,MARKET_FEED,VALID
2025-02-26 09:00:00,73.1,MARKET_FEED,VALID
2025-02-26 10:00:00,76.81,MARKET_FEED,VALID
2025-02-26 11:00:00,79.01,MARKET_FEED,VALID
2025-02-26 12:00:00,79.31,MARKET_FEED,VALID
2025-02-26 13:00:00,67.86,MARKET_FEED,VALID
2025-02-26 14:00:00,79.48,MARKET_FEED,VALID
2025-02-26 15:00:00,75.49,MARKET_FEED,VALID
2025-02-26 16:00:00,84.72,MARKET_FEED,VALID
2025-02-26 17:00:00,79.55,MARKET_FEED,VALID
2025-02-26 18:00:00,78.16,MARKET_FEED,VALID
2025-02-26 19:00:00,65.86,MARKET_FEED,VALID
2025-02-26 20:00:00,62.55,MARKET_FEED,VALID
2025-02-26 21:00:00,57.52,MARKET_FEED,VALID
2025-02-26 22:00:00,59.95,MARKET_FEED,VALID
2025-02-26 23:00:00,59.16,MARKET_FEED,VALID
2025-02-27 00:00:00,63.3,MARKET_FEED,VALID
2025-02-27 01:00:00,56.62,MARKET_FEED,VALID
2025-02-27 02:00:00,53.65,MARKET_FEED,VALID
2025-02-27 03:00:00,64.4,MARKET_FEED,VALID
2025-02-27 04:00:00,56.69,MARKET_FEED,VALID
2025-02-27 05:00:00,69.88,MARKET_FEED,VALID
2025-02-27 06:00:00,80.07,MARKET_FEED,VALID
2025-02-27 07:00:00,67.6,MARKET_FEED,VALID
2025-02-27 08:00:00,60.32,MARKET_FEED,VALID
2025-02-27 09:00:00,77.0,MARKET_FEED,VALID
2025-02-27 10:00:00,77.99,MARKET_FEED,VALID
2025-02-27 11:00:00,71.77,MARKET_FEED,VALID
2025-02-27 12:00:00,76.47,MARKET_FEED,VALID
2025-02-27 13:00:00,81.8,MARKET_FEED,VALID
2025-02-27 14:00:00,75.98,MARKET_FEED,VALID
2025-02-27 15:00:00,75.83,MARKET_FEED,VALID
2025-02-27 16:00:00,76.31,MARKET_FEED,VALID
2025-02-27 17:00:00,74.72,MARKET_FEED,VALID
2025-02-27 18:00:00,70.71,MARKET_FEED,VALID
2025-02-27 19:00:00,69.65,MARKET_FEED,VALID
2025-02-27 20:00:00,61.19,MARKET_FEED,VALID
2025-02-27 21:00:00,72.92,MARKET_FEED,VALID
2025-02-27 22:00:00,59.25,MARKET_FEED,VALID
2025-02-27 23:00:00,54.46,MARKET_FEED,VALID
2025-02-28 00:00:00,59.78,MARKET_FEED,VALID
2025-02-28 01:00:00,55.3,MARKET_FEED,VALID
2025-02-28 02:00:00,56.65,MARKET_FEED,VALID
2025-02-28 03:00:00,60.78,MARKET_FEED,VALID
2025-02-28 04:00:00,62.21,MARKET_FEED,VALID
2025-02-28 05:00:00,57.78,MARKET_FEED,VALID
2025-02-28 06:00:00,70.22,MARKET_FEED,VALID
2025-02-28 07:00:00,69.38,MARKET_FEED,VALID
2025-02-28 08:00:00,70.35,MARKET_FEED,VALID
2025-02-28 09:00:00,83.6,MARKET_FEED,VALID
2025-02-28 10:00:00,81.11,MARKET_FEED,VALID
2025-02-28 11:00:00,66.17,MARKET_FEED,VALID
2025-02-28 12:00:00,75.58,MARKET_FEED,VALID
2025-02-28 13:00:00,72.66,MARKET_FEED,VALID
2025-02-28 14:00:00,83.88,MARKET_FEED,VALID
2025-02-28 15:00:00,76.95,MARKET_FEED,VALID
2025-02-28 16:00:00,75.53,MARKET_FEED,VALID
2025-02-28 17:00:00,70.65,MARKET_FEED,VALID
2025-02-28 18:00:00,76.9,MARKET_FEED,VALID
2025-02-28 19:00:00,68.74,MARKET_FEED,VALID
2025-02-28 20:00:00,61.72,MARKET_FEED,VALID
2025-02-28 21:00:00,54.11,MARKET_FEED,VALID
2025-02-28 22:00:00,59.94,MARKET_FEED,VALID
2025-02-28 23:00:00,55.56,MARKET_FEED,VALID
2025-03-01 00:00:00,56.6,MARKET_FEED,VALID
2025-03-01 01:00:00,63.65,MARKET_FEED,VALID
2025-03-01 02:00:00,65.89,MARKET_FEED,VALID
2025-03-01 03:00:00,54.82,MARKET_FEED,VALID
2025-03-01 04:00:00,56.56,MARKET_FEED,VALID
2025-03-01 05:00:00,64.08,MARKET_FEED,VALID
2025-03-01 06:00:00,70.0,MARKET_FEED,VALID
2025-03-01 07:00:00,74.15,MARKET_FEED,VALID
2025-03-01 08:00:00,81.24,MARKET_FEED,VALID
2025-03-01 09:00:00,76.62,MARKET_FEED,VALID
2025-03-01 10:00:00,69.2,MARKET_FEED,VALID
2025-03-01 11:00:00,66.99,MARKET_FEED,VALID
2025-03-01 12:00:00,66.15,MARKET_FEED,VALID
2025-03-01 13:00:00,70.13,MARKET_FEED,VALID
2025-03-01 14:00:00,86.75,MARKET_FEED,VALID
2025-03-01 15:00:00,78.34,MARKET_FEED,VALID
2025-03-01 16:00:00,88.58,MARKET_FEED,VALID
2025-03-01 17:00:00,82.33,MARKET_FEED,VALID
2025-03-01 18:00:00,62.19,MARKET_FEED,VALID
2025-03-01 19:00:00,73.34,MARKET_FEED,VALID
2025-03-01 20:00:00,56.81,MARKET_FEED,VALID
2025-03-01 21:00:00,67.65,MARKET_FEED,VALID
2025-03-01 22:00:00,58.86,MARKET_FEED,VALID
2025-03-01 23:00:00,60.01,MARKET_FEED,VALID
2025-03-02 00:00:00,54.39,MARKET_FEED,VALID
2025-03-02 01:00:00,60.89,MARKET_FEED,VALID
2025-03-02 02:00:00,69.36,MARKET_FEED,VALID
2025-03-02 03:00:00,72.01,MARKET_FEED,VALID
2025-03-02 04:00:00,57.36,MARKET_FEED,VALID
2025-03-02 05:00:00,63.64,MARKET_FEED,VALID
2025-03-02 06:00:00,72.05,MARKET_FEED,VALID
2025-03-02 07:00:00,60.74,MARKET_FEED,VALID
2025-03-02 08:00:00,70.64,MARKET_FEED,VALID
2025-03-02 09:00:00,80.22,MARKET_FEED,VALID
2025-03-02 10:00:00,72.18,MARKET_FEED,VALID
2025-03-02 11:00:00,70.76,MARKET_FEED,VALID
2025-03-02 12:00:00,68.46829988465976,MARKET_FEED,VALID
2025-03-02 13:00:00,72.49,MARKET_FEED,VALID
2025-03-02 14:00:00,68.6,MARKET_FEED,VALID
2025-03-02 15:00:00,76.81,MARKET_FEED,VALID
2025-03-02 16:00:00,81.9,MARKET_FEED,VALID
2025-03-02 17:00:00,74.69,MARKET_FEED,VALID
2025-03-02 18:00:00,74.68,MARKET_FEED,VALID
2025-03-02 19:00:00,73.19,MARKET_FEED,VALID
2025-03-02 20:00:00,71.38,MARKET_FEED,VALID
2025-03-02 21:00:00,63.62,MARKET_FEED,VALID
2025-03-02 22:00:00,57.79,MARKET_FEED,VALID
2025-03-02 23:00:00,61.62,MARKET_FEED,VALID
2025-03-03 00:00:00,56.92,MARKET_FEED,VALID
2025-03-03 01:00:00,52.52,MARKET_FEED,VALID
2025-03-03 02:00:00,51.18,MARKET_FEED,VALID
2025-03-03 03:00:00,61.54,MARKET_FEED,VALID
2025-03-03 04:00:00,54.68,MARKET_FEED,VALID
2025-03-03 05:00:00,70.98,MARKET_FEED,VALID
2025-03-03 06:00:00,64.03,MARKET_FEED,VALID
2025-03-03 07:00:00,61.76,MARKET_FEED,VALID
2025-03-03 08:00:00,78.64,MARKET_FEED,VALID
2025-03-03 09:00:00,75.23,MARKET_FEED,VALID
2025-03-03 10:00:00,79.39,MARKET_FEED,VALID
2025-03-03 11:00:00,75.65,MARKET_FEED,VALID
2025-03-03 12:00:00,79.57,MARKET_FEED,VALID
2025-03-03 13:00:00,79.76,MARKET_FEED,VALID
2025-03-03 14:00:00,70.42,MARKET_FEED,VALID
2025-03-03 15:00:00,78.97,MARKET_FEED,VALID
2025-03-03 16:00:00,81.61,MARKET_FEED,VALID
2025-03-03 17:00:00,72.05,MARKET_FEED,VALID
2025-03-03 18:00:00,65.83,MARKET_FEED,VALID
2025-03-03 19:00:00,68.68,MARKET_FEED,VALID
2025-03-03 20:00:00,76.69,MARKET_FEED,VALID
2025-03-03 21:00:00,71.04,MARKET_FEED,VALID
2025-03-03 22:00:00,67.94,MARKET_FEED,VALID
2025-03-03 23:00:00,64.78,MARKET_FEED,VALID
2025-03-04 00:00:00,57.55,MARKET_FEED,VALID
2025-03-04 01:00:00,55.27,MARKET_FEED,VALID
2025-03-04 02:00:00,59.77,MARKET_FEED,VALID
2025-03-04 03:00:00,63.66,MARKET_FEED,VALID
2025-03-04 04:00:00,55.34,MARKET_FEED,VALID
2025-03-04 05:00:00,62.96,MARKET_FEED,VALID
2025-03-04 06:00:00,73.89,MARKET_FEED,VALID
2025-03-04 07:00:00,73.59,MARKET_FEED,VALID
2025-03-04 08:00:00,74.24,MARKET_FEED,VALID
2025-03-04 09:00:00,63.57,MARKET_FEED,VALID
2025-03-04 10:00:00,75.33,MARKET_FEED,VALID
2025-03-04 11:00:00,79.58,MARKET_FEED,VALID
2025-03-04 12:00:00,71.53,MARKET_FEED,VALID
2025-03-04 13:00:00,80.67,MARKET_FEED,VALID
2025-03-04 14:00:00,81.45,MARKET_FEED,VALID
2025-03-04 15:00:00,79.0,MARKET_FEED,VALID
2025-03-04 16:00:00,81.01,MARKET_FEED,VALID
2025-03-04 17:00:00,73.87,MARKET_FEED,VALID
2025-03-04 18:00:00,74.88,MARKET_FEED,VALID
2025-03-04 19:00:00,60.3,MARKET_FEED,VALID
2025-03-04 20:00:00,62.86,MARKET_FEED,VALID
2025-03-04 21:00:00,60.25,MARKET_FEED,VALID
2025-03-04 22:00:00,60.37,MARKET_FEED,VALID
2025-03-04 23:00:00,54.49,MARKET_FEED,VALID
2025-03-05 00:00:00,62.07,MARKET_FEED,VALID
2025-03-05 01:00:00,64.23,MARKET_FEED,VALID
2025-03-05 02:00:00,60.83,MARKET_FEED,VALID
2025-03-05 03:00:00,61.37,MARKET_FEED,VALID
2025-03-05 04:00:00,62.26,MARKET_FEED,VALID
2025-03-05 05:00:00,70.01,MARKET_FEED,VALID
2025-03-05 06:00:00,60.9,MARKET_FEED,VALID
2025-03-05 07:00:00,59.08,MARKET_FEED,VALID
2025-03-05 08:00:00,66.74,MARKET_FEED,VALID
2025-03-05 09:00:00,72.97,MARKET_FEED,VALID
2025-03-05 10:00:00,79.25,MARKET_FEED,VALID
2025-03-05 11:00:00,80.91,MARKET_FEED,VALID
2025-03-05 12:00:00,72.59,MARKET_FEED,VALID
2025-03-05 13:00:00,67.55,MARKET_FEED,VALID
2025-03-05 14:00:00,74.5,MARKET_FEED,VALID
2025-03-05 15:00:00,85.1,MARKET_FEED,VALID
2025-03-05 16:00:00,77.48,MARKET_FEED,VALID
2025-03-05 17:00:00,73.29,MARKET_FEED,VALID
2025-03-05 18:00:00,78.15,MARKET_FEED,VALID
2025-03-05 19:00:00,79.81,MARKET_FEED,VALID
2025-03-05 20:00:00,68.13,MARKET_FEED,VALID
2025-03-05 21:00:00,59.92,MARKET_FEED,VALID
2025-03-05 22:00:00,57.45,MARKET_FEED,VALID
2025-03-05 23:00:00,67.75,MARKET_FEED,VALID
2025-03-06 00:00:00,62.12,MARKET_FEED,VALID
2025-03-06 01:00:00,60.13,MARKET_FEED,VALID
2025-03-06 02:00:00,60.93,MARKET_FEED,VALID
2025-03-06 03:00:00,57.58,MARKET_FEED,VALID
2025-03-06 04:00:00,65.6,MARKET_FEED,VALID
2025-03-06 05:00:00,69.43,MARKET_FEED,VALID
2025-03-06 06:00:00,67.82,MARKET_FEED,VALID
2025-03-06 07:00:00,67.91,MARKET_FEED,VALID
2025-03-06 08:00:00,72.13,MARKET_FEED,VALID
2025-03-06 09:00:00,75.75,MARKET_FEED,VALID
2025-03-06 10:00:00,83.55,MARKET_FEED,VALID
2025-03-06 11:00:00,84.9,MARKET_FEED,VALID
2025-03-06 12:00:00,75.39,MARKET_FEED,VALID
2025-03-06 13:00:00,79.47,MARKET_FEED,VALID
2025-03-06 14:00:00,81.9,MARKET_FEED,VALID
2025-03-06 15:00:00,67.63,MARKET_FEED,VALID
2025-03-06 16:00:00,75.2,MARKET_FEED,VALID
2025-03-06 17:00:00,75.1,MARKET_FEED,VALID
2025-03-06 18:00:00,73.62,MARKET_FEED,VALID
2025-03-06 19:00:00,60.5,MARKET_FEED,VALID
2025-03-06 20:00:00,72.7,MARKET_FEED,VALID
2025-03-06 21:00:00,58.83,MARKET_FEED,VALID
2025-03-06 22:00:00,64.39,MARKET_FEED,VALID
2025-03-06 23:00:00,57.98,MARKET_FEED,VALID
2025-03-07 00:00:00,60.5,MARKET_FEED,VALID
2025-03-07 01:00:00,50.29,MARKET_FEED,VALID
2025-03-07 02:00:00,55.49,MARKET_FEED,VALID
2025-03-07 03:00:00,66.09,MARKET_FEED,VALID
2025-03-07 04:00:00,58.75,MARKET_FEED,VALID
2025-03-07 05:00:00,56.86,MARKET_FEED,VALID
2025-03-07 06:00:00,67.85,MARKET_FEED,VALID
2025-03-07 07:00:00,69.66,MARKET_FEED,VALID
2025-03-07 08:00:00,70.27,MARKET_FEED,VALID
2025-03-07 09:00:00,79.91,MARKET_FEED,VALID
2025-03-07 10:00:00,75.42,MARKET_FEED,VALID
2025-03-07 11:00:00,73.99,MARKET_FEED,VALID
2025-03-07 12:00:00,77.93,MARKET_FEED,VALID
2025-03-07 13:00:00,72.71,MARKET_FEED,VALID
2025-03-07 14:00:00,74.42,MARKET_FEED,VALID
2025-03-07 15:00:00,94.83,MARKET_FEED,VALID
2025-03-07 16:00:00,83.0,MARKET_FEED,VALID
2025-03-07 17:00:00,84.63,MARKET_FEED,VALID
2025-03-07 18:00:00,73.01,MARKET_FEED,VALID
2025-03-07 19:00:00,66.76,MARKET_FEED,VALID
2025-03-07 20:00:00,60.86,MARKET_FEED,VALID
2025-03-07 21:00:00,63.06,MARKET_FEED,VALID
2025-03-07 22:00:00,51.74,MARKET_FEED,VALID
2025-03-07 23:00:00,48.94,MARKET_FEED,VALID
2025-03-08 00:00:00,56.03,MARKET_FEED,VALID
2025-03-08 01:00:00,56.5,MARKET_FEED,VALID
2025-03-08 02:00:00,56.9,MARKET_FEED,VALID
2025-03-08 03:00:00,62.53,MARKET_FEED,VALID
2025-03-08 04:00:00,58.16,MARKET_FEED,VALID
2025-03-08 05:00:00,66.76,MARKET_FEED,VALID
2025-03-08 06:00:00,67.06,MARKET_FEED,VALID
2025-03-08 07:00:00,68.49,MARKET_FEED,VALID
2025-03-08 08:00:00,66.94,MARKET_FEED,VALID
2025-03-08 09:00:00,85.8,MARKET_FEED,VALID
2025-03-08 10:00:00,76.75,MARKET_FEED,VALID
2025-03-08 11:00:00,68.51,MARKET_FEED,VALID
2025-03-08 12:00:00,76.38,MARKET_FEED,VALID
2025-03-08 13:00:00,74.15,MARKET_FEED,VALID
2025-03-08 14:00:00,78.44,MARKET_FEED,VALID
2025-03-08 15:00:00,75.98,MARKET_FEED,VALID
2025-03-08 16:00:00,85.34,MARKET_FEED,VALID
2025-03-08 17:00:00,68.67,MARKET_FEED,VALID
2025-03-08 18:00:00,62.96,MARKET_FEED,VALID
2025-03-08 19:00:00,68.64,MARKET_FEED,VALID
2025-03-08 20:00:00,63.83,MARKET_FEED,VALID
2025-03-08 21:00:00,67.06,MARKET_FEED,VALID
2025-03-08 22:00:00,53.05,MARKET_FEED,VALID
2025-03-08 23:00:00,60.47,MARKET_FEED,VALID
2025-03-09 00:00:00,55.17,MARKET_FEED,VALID
2025-03-09 01:00:00,65.57,MARKET_FEED,VALID
2025-03-09 02:00:00,50.61,MARKET_FEED,VALID
2025-03-09 03:00:00,66.99,MARKET_FEED,VALID
2025-03-09 04:00:00,67.37,MARKET_FEED,VALID
2025-03-09 05:00:00,63.53,MARKET_FEED,VALID
2025-03-09 06:00:00,69.45,MARKET_FEED,VALID
2025-03-09 07:00:00,74.06,MARKET_FEED,VALID
2025-03-09 08:00:00,71.07,MARKET_FEED,VALID
2025-03-09 09:00:00,80.56,MARKET_FEED,VALID
2025-03-09 10:00:00,70.06,MARKET_FEED,VALID
2025-03-09 11:00:00,76.25,MARKET_FEED,VALID
2025-03-09 12:00:00,68.93,MARKET_FEED,VALID
2025-03-09 13:00:00,70.18,MARKET_FEED,VALID
2025-03-09 14:00:00,75.59,MARKET_FEED,VALID
2025-03-09 15:00:00,63.68,MARKET_FEED,VALID
2025-03-09 16:00:00,85.34,MARKET_FEED,VALID
2025-03-09 17:00:00,74.8,MARKET_FEED,VALID
2025-03-09 18:00:00,75.62,MARKET_FEED,VALID
2025-03-09 19:00:00,70.16,MARKET_FEED,VALID
2025-03-09 20:00:00,69.72,MARKET_FEED,VALID
2025-03-09 21:00:00,61.69,MARKET_FEED,VALID
2025-03-09 22:00:00,63.58,MARKET_FEED,VALID
2025-03-09 23:00:00,57.55,MARKET_FEED,VALID
2025-03-10 00:00:00,71.91,MARKET_FEED,VALID
2025-03-10 01:00:00,54.27,MARKET_FEED,VALID
2025-03-10 02:00:00,62.77,MARKET_FEED,VALID
2025-03-10 03:00:00,54.75,MARKET_FEED,VALID
2025-03-10 04:00:00,56.01,MARKET_FEED,VALID
2025-03-10 05:00:00,67.12,MARKET_FEED,VALID
2025-03-10 06:00:00,50.72,MARKET_FEED,VALID
2025-03-10 07:00:00,63.76,MARKET_FEED,VALID
2025-03-10 08:00:00,68.06,MARKET_FEED,VALID
2025-03-10 09:00:00,78.67,MARKET_FEED,VALID
2025-03-10 10:00:00,76.85,MARKET_FEED,VALID
2025-03-10 11:00:00,62.77,MARKET_FEED,VALID
2025-03-10 12:00:00,79.36,MARKET_FEED,VALID
2025-03-10 13:00:00,76.72,MARKET_FEED,VALID
2025-03-10 14:00:00,81.36,MARKET_FEED,VALID
2025-03-10 15:00:00,71.37,MARKET_FEED,VALID
2025-03-10 16:00:00,78.12,MARKET_FEED,VALID
2025-03-10 17:00:00,76.51,MARKET_FEED,VALID
2025-03-10 18:00:00,74.61,MARKET_FEED,VALID
2025-03-10 19:00:00,72.73,MARKET_FEED,VALID
2025-03-10 20:00:00,68.74,MARKET_FEED,VALID
2025-03-10 21:00:00,68.74,MARKET_FEED,VALID
2025-03-10 22:00:00,67.42,MARKET_FEED,VALID
2025-03-10 23:00:00,52.99,MARKET_FEED,VALID
2025-03-11 00:00:00,59.68,MARKET_FEED,VALID
2025-03-11 01:00:00,61.17,MARKET_FEED,VALID
2025-03-11 02:00:00,56.12,MARKET_FEED,VALID
2025-03-11 03:00:00,57.46,MARKET_FEED,VALID
2025-03-11 04:00:00,73.42,MARKET_FEED,VALID
2025-03-11 05:00:00,62.77,MARKET_FEED,VALID
2025-03-11 06:00:00,72.19,MARKET_FEED,VALID
2025-03-11 07:00:00,75.83,MARKET_FEED,VALID
2025-03-11 08:00:00,79.82,MARKET_FEED,VALID
2025-03-11 09:00:00,82.97,MARKET_FEED,VALID
2025-03-11 10:00:00,74.27,MARKET_FEED,VALID
2025-03-11 11:00:00,78.58,MARKET_FEED,VALID
2025-03-11 12:00:00,69.72,MARKET_FEED,VALID
2025-03-11 13:00:00,79.92,MARKET_FEED,VALID
2025-03-11 14:00:00,78.28,MARKET_FEED,VALID
2025-03-11 15:00:00,79.59,MARKET_FEED,VALID
2025-03-11 16:00:00,71.52,MARKET_FEED,VALID
2025-03-11 17:00:00,79.6,MARKET_FEED,VALID
2025-03-11 18:00:00,69.87,MARKET_FEED,VALID
2025-03-11 19:00:00,70.99,MARKET_FEED,VALID
2025-03-11 20:00:00,64.41,MARKET_FEED,VALID
2025-03-11 21:00:00,58.46,MARKET_FEED,VALID
2025-03-11 22:00:00,57.39,MARKET_FEED,VALID
2025-03-11 23:00:00,64.82,MARKET_FEED,VALID
2025-03-12 00:00:00,51.11,MARKET_FEED,VALID
2025-03-12 01:00:00,55.05,MARKET_FEED,VALID
2025-03-12 02:00:00,61.37,MARKET_FEED,VALID
2025-03-12 03:00:00,57.42,MARKET_FEED,VALID
2025-03-12 04:00:00,58.49,MARKET_FEED,VALID
2025-03-12 05:00:00,62.08,MARKET_FEED,VALID
2025-03-12 06:00:00,63.47,MARKET_FEED,VALID
2025-03-12 07:00:00,63.35,MARKET_FEED,VALID
2025-03-12 08:00:00,72.48,MARKET_FEED,VALID
2025-03-12 09:00:00,63.9,MARKET_FEED,VALID
2025-03-12 10:00:00,77.72,MARKET_FEED,VALID
2025-03-12 11:00:00,84.72,MARKET_FEED,VALID
2025-03-12 12:00:00,78.07,MARKET_FEED,VALID
2025-03-12 13:00:00,80.68,MARKET_FEED,VALID
2025-03-12 14:00:00,79.72,MARKET_FEED,VALID
2025-03-12 15:00:00,78.62,MARKET_FEED,VALID
2025-03-12 16:00:00,74.74,MARKET_FEED,VALID
2025-03-12 17:00:00,81.33,MARKET_FEED,VALID
2025-03-12 18:00:00,76.51,MARKET_FEED,VALID
2025-03-12 19:00:00,72.58,MARKET_FEED,VALID
2025-03-12 20:00:00,73.42,MARKET_FEED,VALID
2025-03-12 21:00:00,68.82,MARKET_FEED,VALID
2025-03-12 22:00:00,58.57,MARKET_FEED,VALID
2025-03-12 23:00:00,56.19,MARKET_FEED,VALID
2025-03-13 00:00:00,61.45,MARKET_FEED,VALID
2025-03-13 01:00:00,59.61,MARKET_FEED,VALID
2025-03-13 02:00:00,63.48,MARKET_FEED,VALID
2025-03-13 03:00:00,59.84,MARKET_FEED,VALID
2025-03-13 04:00:00,63.72,MARKET_FEED,VALID
2025-03-13 05:00:00,70.32,MARKET_FEED,VALID
2025-03-13 06:00:00,60.75,MARKET_FEED,VALID
2025-03-13 07:00:00,68.18,MARKET_FEED,VALID
2025-03-13 08:00:00,78.45,MARKET_FEED,VALID
2025-03-13 09:00:00,75.79,MARKET_FEED,VALID
2025-03-13 10:00:00,79.82,MARKET_FEED,VALID
2025-03-13 11:00:00,71.81,MARKET_FEED,VALID
2025-03-13 12:00:00,74.38,MARKET_FEED,VALID
2025-03-13 13:00:00,79.63,MARKET_FEED,VALID
2025-03-13 14:00:00,75.36,MARKET_FEED,VALID
2025-03-13 15:00:00,83.52,MARKET_FEED,VALID
2025-03-13 16:00:00,75.34,MARKET_FEED,VALID
2025-03-13 17:00:00,78.64,MARKET_FEED,VALID
2025-03-13 18:00:00,75.2,MARKET_FEED,VALID
2025-03-13 19:00:00,71.5,MARKET_FEED,VALID
2025-03-13 20:00:00,71.25,MARKET_FEED,VALID
2025-03-13 21:00:00,75.38,MARKET_FEED,VALID
2025-03-13 22:00:00,55.8,MARKET_FEED,VALID
2025-03-13 23:00:00,55.79,MARKET_FEED,VALID
2025-03-14 00:00:00,57.02,MARKET_FEED,VALID
2025-03-14 01:00:00,55.29,MARKET_FEED,VALID
2025-03-14 02:00:00,51.86,MARKET_FEED,VALID
2025-03-14 03:00:00,54.93,MARKET_FEED,VALID
2025-03-14 04:00:00,69.28,MARKET_FEED,VALID
2025-03-14 05:00:00,59.29,MARKET_FEED,VALID
2025-03-14 06:00:00,70.61,MARKET_FEED,VALID
2025-03-14 07:00:00,67.46,MARKET_FEED,VALID
2025-03-14 08:00:00,73.87,MARKET_FEED,VALID
2025-03-14 09:00:00,73.94,MARKET_FEED,VALID
2025-03-14 10:00:00,75.01,MARKET_FEED,VALID
2025-03-14 11:00:00,76.73,MARKET_FEED,VALID
2025-03-14 12:00:00,83.08,MARKET_FEED,VALID
2025-03-14 13:00:00,69.56,MARKET_FEED,VALID
2025-03-14 14:00:00,78.68,MARKET_FEED,VALID
2025-03-14 15:00:00,81.87,MARKET_FEED,VALID
2025-03-14 16:00:00,86.31,MARKET_FEED,VALID
2025-03-14 17:00:00,74.7,MARKET_FEED,VALID
2025-03-14 18:00:00,70.36,MARKET_FEED,VALID
2025-03-14 19:00:00,67.08,MARKET_FEED,VALID
2025-03-14 20:00:00,68.45,MARKET_FEED,VALID
2025-03-14 21:00:00,59.02,MARKET_FEED,VALID
2025-03-14 22:00:00,55.72,MARKET_FEED,VALID
2025-03-14 23:00:00,57.27,MARKET_FEED,VALID
2025-03-15 00:00:00,59.37,MARKET_FEED,VALID
2025-03-15 01:00:00,53.14,MARKET_FEED,VALID
2025-03-15 02:00:00,64.03,MARKET_FEED,VALID
2025-03-15 03:00:00,63.04,MARKET_FEED,VALID
2025-03-15 04:00:00,62.61,MARKET_FEED,VALID
2025-03-15 05:00:00,68.64,MARKET_FEED,VALID
2025-03-15 06:00:00,67.2,MARKET_FEED,VALID
2025-03-15 07:00:00,78.53,MARKET_FEED,VALID
2025-03-15 08:00:00,67.84,MARKET_FEED,VALID
2025-03-15 09:00:00,67.27,MARKET_FEED,VALID
2025-03-15 10:00:00,68.31,MARKET_FEED,VALID
2025-03-15 11:00:00,63.86,MARKET_FEED,VALID
2025-03-15 12:00:00,76.76,MARKET_FEED,VALID
2025-03-15 13:00:00,75.3,MARKET_FEED,VALID
2025-03-15 14:00:00,86.85,MARKET_FEED,VALID
2025-03-15 15:00:00,73.07,MARKET_FEED,VALID
2025-03-15 16:00:00,74.05,MARKET_FEED,VALID
2025-03-15 17:00:00,64.76,MARKET_FEED,VALID
2025-03-15 18:00:00,67.88,MARKET_FEED,VALID
2025-03-15 19:00:00,74.63,MARKET_FEED,VALID
2025-03-15 20:00:00,65.32,MARKET_FEED,VALID
2025-03-15 21:00:00,64.08,MARKET_FEED,VALID
2025-03-15 22:00:00,58.41,MARKET_FEED,VALID
2025-03-15 23:00:00,56.56,MARKET_FEED,VALID
2025-03-16 00:00:00,56.47,MARKET_FEED,VALID
2025-03-16 01:00:00,65.06,MARKET_FEED,VALID
2025-03-16 02:00:00,65.97,MARKET_FEED,VALID
2025-03-16 03:00:00,56.55,MARKET_FEED,VALID
2025-03-16 04:00:00,66.65,MARKET_FEED,VALID
2025-03-16 05:00:00,70.61,MARKET_FEED,VALID
2025-03-16 06:00:00,65.25,MARKET_FEED,VALID
2025-03-16 07:00:00,62.29,MARKET_FEED,VALID
2025-03-16 08:00:00,79.58,MARKET_FEED,VALID
2025-03-16 09:00:00,64.11,MARKET_FEED,VALID
2025-03-16 10:00:00,57.85,MARKET_FEED,VALID
2025-03-16 11:00:00,79.56,MARKET_FEED,VALID
2025-03-16 12:00:00,65.74,MARKET_FEED,VALID
2025-03-16 13:00:00,74.95,MARKET_FEED,VALID
2025-03-16 14:00:00,72.62,MARKET_FEED,VALID
2025-03-16 15:00:00,73.37,MARKET_FEED,VALID
2025-03-16 16:00:00,77.85,MARKET_FEED,VALID
2025-03-16 17:00:00,81.95,MARKET_FEED,VALID
2025-03-16 18:00:00,69.25,MARKET_FEED,VALID
2025-03-16 19:00:00,68.64,MARKET_FEED,VALID
2025-03-16 20:00:00,51.16,MARKET_FEED,VALID
2025-03-16 21:00:00,63.94,MARKET_FEED,VALID
2025-03-16 22:00:00,50.13,MARKET_FEED,VALID
2025-03-16 23:00:00,66.08,MARKET_FEED,VALID
2025-03-17 00:00:00,55.46,MARKET_FEED,VALID
2025-03-17 01:00:00,66.2,MARKET_FEED,VALID
2025-03-17 02:00:00,55.48,MARKET_FEED,VALID
2025-03-17 03:00:00,60.2,MARKET_FEED,VALID
2025-03-17 04:00:00,55.12,MARKET_FEED,VALID
2025-03-17 05:00:00,63.34,MARKET_FEED,VALID
2025-03-17 06:00:00,68.15,MARKET_FEED,VALID
2025-03-17 07:00:00,68.81,MARKET_FEED,VALID
2025-03-17 08:00:00,76.86,MARKET_FEED,VALID
2025-03-17 09:00:00,70.16,MARKET_FEED,VALID
2025-03-17 10:00:00,88.68,MARKET_FEED,VALID
2025-03-17 11:00:00,82.2,MARKET_FEED,VALID
2025-03-17 12:00:00,68.46829988465976,MARKET_FEED,VALID
2025-03-17 13:00:00,77.91,MARKET_FEED,VALID
2025-03-17 14:00:00,67.96,MARKET_FEED,VALID
2025-03-17 15:00:00,82.94,MARKET_FEED,VALID
2025-03-17 16:00:00,70.05,MARKET_FEED,VALID
2025-03-17 17:00:00,75.57,MARKET_FEED,VALID
2025-03-17 18:00:00,82.32,MARKET_FEED,VALID
2025-03-17 19:00:00,71.62,MARKET_FEED,VALID
2025-03-17 20:00:00,57.56,MARKET_FEED,VALID
2025-03-17 21:00:00,64.88,MARKET_FEED,VALID
2025-03-17 22:00:00,60.38,MARKET_FEED,VALID
2025-03-17 23:00:00,63.55,MARKET_FEED,VALID
2025-03-18 00:00:00,60.6,MARKET_FEED,VALID
2025-03-18 01:00:00,59.93,MARKET_FEED,VALID
2025-03-18 02:00:00,56.06,MARKET_FEED,VALID
2025-03-18 03:00:00,50.21,MARKET_FEED,VALID
2025-03-18 04:00:00,62.61,MARKET_FEED,VALID
2025-03-18 05:00:00,58.55,MARKET_FEED,VALID
2025-03-18 06:00:00,71.08,MARKET_FEED,VALID
2025-03-18 07:00:00,64.99,MARKET_FEED,VALID
2025-03-18 08:00:00,86.89,MARKET_FEED,VALID
2025-03-18 09:00:00,70.45,MARKET_FEED,VALID
2025-03-18 10:00:00,75.88,MARKET_FEED,VALID
2025-03-18 11:00:00,63.14,MARKET_FEED,VALID
2025-03-18 12:00:00,82.94,MARKET_FEED,VALID
2025-03-18 13:00:00,72.56,MARKET_FEED,VALID
2025-03-18 14:00:00,74.51,MARKET_FEED,VALID
2025-03-18 15:00:00,82.94,MARKET_FEED,VALID
2025-03-18 16:00:00,82.55,MARKET_FEED,VALID
2025-03-18 17:00:00,78.64,MARKET_FEED,VALID
2025-03-18 18:00:00,72.31,MARKET_FEED,VALID
2025-03-18 19:00:00,74.37,MARKET_FEED,VALID
2025-03-18 20:00:00,67.22,MARKET_FEED,VALID
2025-03-18 21:00:00,55.61,MARKET_FEED,VALID
2025-03-18 22:00:00,56.96,MARKET_FEED,VALID
2025-03-18 23:00:00,64.96,MARKET_FEED,VALID
2025-03-19 00:00:00,62.43,MARKET_FEED,VALID
2025-03-19 01:00:00,49.85,MARKET_FEED,VALID
2025-03-19 02:00:00,56.08,MARKET_FEED,VALID
2025-03-19 03:00:00,54.19,MARKET_FEED,VALID
2025-03-19 04:00:00,60.93,MARKET_FEED,VALID
2025-03-19 05:00:00,62.46,MARKET_FEED,VALID
2025-03-19 06:00:00,67.34,MARKET_FEED,VALID
2025-03-19 07:00:00,74.92,MARKET_FEED,VALID
2025-03-19 08:00:00,73.27,MARKET_FEED,VALID
2025-03-19 09:00:00,73.27,MARKET_FEED,VALID
2025-03-19 10:00:00,76.18,MARKET_FEED,VALID
2025-03-19 11:00:00,81.62,MARKET_FEED,VALID
2025-03-19 12:00:00,69.41,MARKET_FEED,VALID
2025-03-19 13:00:00,66.62,MARKET_FEED,VALID
2025-03-19 14:00:00,72.6,MARKET_FEED,VALID
2025-03-19 15:00:00,76.64,MARKET_FEED,VALID
2025-03-19 16:00:00,73.03,MARKET_FEED,VALID
2025-03-19 17:00:00,80.1,MARKET_FEED,VALID
2025-03-19 18:00:00,80.7,MARKET_FEED,VALID
2025-03-19 19:00:00,78.92,MARKET_FEED,VALID
2025-03-19 20:00:00,66.38,MARKET_FEED,VALID
2025-03-19 21:00:00,66.12,MARKET_FEED,VALID
2025-03-19 22:00:00,58.51,MARKET_FEED,VALID
2025-03-19 23:00:00,58.93,MARKET_FEED,VALID
2025-03-20 00:00:00,53.9,MARKET_FEED,VALID
2025-03-20 01:00:00,63.18,MARKET_FEED,VALID
2025-03-20 02:00:00,57.23,MARKET_FEED,VALID
2025-03-20 03:00:00,64.23,MARKET_FEED,VALID
2025-03-20 04:00:00,65.54,MARKET_FEED,VALID
2025-03-20 05:00:00,65.43,MARKET_FEED,VALID
2025-03-20 06:00:00,68.57,MARKET_FEED,VALID
2025-03-20 07:00:00,65.33,MARKET_FEED,VALID
2025-03-20 08:00:00,68.23,MARKET_FEED,VALID
2025-03-20 09:00:00,60.28,MARKET_FEED,VALID
2025-03-20 10:00:00,74.41,MARKET_FEED,VALID
2025-03-20 11:00:00,69.57,MARKET_FEED,VALID
2025-03-20 12:00:00,85.55,MARKET_FEED,VALID
2025-03-20 13:00:00,78.72,MARKET_FEED,VALID
2025-03-20 14:00:00,81.07,MARKET_FEED,VALID
2025-03-20 15:00:00,82.55,MARKET_FEED,VALID
2025-03-20 16:00:00,73.36,MARKET_FEED,VALID
2025-03-20 17:00:00,74.53,MARKET_FEED,VALID
2025-03-20 18:00:00,65.29,MARKET_FEED,VALID
2025-03-20 19:00:00,68.73,MARKET_FEED,VALID
2025-03-20 20:00:00,65.96,MARKET_FEED,VALID
2025-03-20 21:00:00,57.68,MARKET_FEED,VALID
2025-03-20 22:00:00,64.79,MARKET_FEED,VALID
2025-03-20 23:00:00,56.08,MARKET_FEED,VALID
2025-03-21 00:00:00,48.34,MARKET_FEED,VALID
2025-03-21 01:00:00,53.33,MARKET_FEED,VALID
2025-03-21 02:00:00,61.37,MARKET_FEED,VALID
2025-03-21 03:00:00,51.32,MARKET_FEED,VALID
2025-03-21 04:00:00,62.02,MARKET_FEED,VALID
2025-03-21 05:00:00,59.6,MARKET_FEED,VALID
2025-03-21 06:00:00,63.03,MARKET_FEED,VALID
2025-03-21 07:00:00,65.67,MARKET_FEED,VALID
2025-03-21 08:00:00,70.28,MARKET_FEED,VALID
2025-03-21 09:00:00,72.86,MARKET_FEED,VALID
2025-03-21 10:00:00,82.31,MARKET_FEED,VALID
2025-03-21 11:00:00,76.46,MARKET_FEED,VALID
2025-03-21 12:00:00,75.8,MARKET_FEED,VALID
2025-03-21 13:00:00,71.45,MARKET_FEED,VALID
2025-03-21 14:00:00,80.71,MARKET_FEED,VALID
2025-03-21 15:00:00,81.03,MARKET_FEED,VALID
2025-03-21 16:00:00,80.76,MARKET_FEED,VALID
2025-03-21 17:00:00,75.94,MARKET_FEED,VALID
2025-03-21 18:00:00,72.57,MARKET_FEED,VALID
2025-03-21 19:00:00,75.17,MARKET_FEED,VALID
2025-03-21 20:00:00,66.71,MARKET_FEED,VALID
2025-03-21 21:00:00,64.86,MARKET_FEED,VALID
2025-03-21 22:00:00,66.55,MARKET_FEED,VALID
2025-03-21 23:00:00,69.13,MARKET_FEED,VALID
2025-03-22 00:00:00,54.66,MARKET_FEED,VALID
2025-03-22 01:00:00,56.65,MARKET_FEED,VALID
2025-03-22 02:00:00,62.7,MARKET_FEED,VALID
2025-03-22 03:00:00,61.65,MARKET_FEED,VALID
2025-03-22 04:00:00,60.13,MARKET_FEED,VALID
2025-03-22 05:00:00,75.51,MARKET_FEED,VALID
2025-03-22 06:00:00,71.16,MARKET_FEED,VALID
2025-03-22 07:00:00,67.11,MARKET_FEED,VALID
2025-03-22 08:00:00,69.06,MARKET_FEED,VALID
2025-03-22 09:00:00,74.83,MARKET_FEED,VALID
2025-03-22 10:00:00,75.34,MARKET_FEED,VALID
2025-03-22 11:00:00,71.08,MARKET_FEED,VALID
2025-03-22 12:00:00,68.46829988465976,MARKET_FEED,VALID
2025-03-22 13:00:00,64.47,MARKET_FEED,VALID
2025-03-22 14:00:00,79.65,MARKET_FEED,VALID
2025-03-22 15:00:00,67.72,MARKET_FEED,VALID
2025-03-22 16:00:00,71.56,MARKET_FEED,VALID
2025-03-22 17:00:00,82.12,MARKET_FEED,VALID
2025-03-22 18:00:00,68.49,MARKET_FEED,VALID
2025-03-22 19:00:00,76.97,MARKET_FEED,VALID
2025-03-22 20:00:00,73.0,MARKET_FEED,VALID
2025-03-22 21:00:00,62.14,MARKET_FEED,VALID
2025-03-22 22:00:00,68.71,MARKET_FEED,VALID
2025-03-22 23:00:00,61.24,MARKET_FEED,VALID
2025-03-23 00:00:00,55.31,MARKET_FEED,VALID
2025-03-23 01:00:00,60.58,MARKET_FEED,VALID
2025-03-23 02:00:00,55.67,MARKET_FEED,VALID
2025-03-23 03:00:00,57.72,MARKET_FEED,VALID
2025-03-23 04:00:00,59.68,MARKET_FEED,VALID
2025-03-23 05:00:00,66.29,MARKET_FEED,VALID
2025-03-23 06:00:00,68.19,MARKET_FEED,VALID
2025-03-23 07:00:00,75.32,MARKET_FEED,VALID
2025-03-23 08:00:00,80.66,MARKET_FEED,VALID
2025-03-23 09:00:00,78.38,MARKET_FEED,VALID
2025-03-23 10:00:00,68.99,MARKET_FEED,VALID
2025-03-23 11:00:00,74.8,MARKET_FEED,VALID
2025-03-23 12:00:00,64.48,MARKET_FEED,VALID
2025-03-23 13:00:00,77.74,MARKET_FEED,VALID
2025-03-23 14:00:00,74.82,MARKET_FEED,VALID
2025-03-23 15:00:00,85.54,MARKET_FEED,VALID
2025-03-23 16:00:00,74.44,MARKET_FEED,VALID
2025-03-23 17:00:00,75.46,MARKET_FEED,VALID
2025-03-23 18:00:00,74.1,MARKET_FEED,VALID
2025-03-23 19:00:00,73.7,MARKET_FEED,VALID
2025-03-23 20:00:00,65.8,MARKET_FEED,VALID
2025-03-23 21:00:00,61.69,MARKET_FEED,VALID
2025-03-23 22:00:00,57.2,MARKET_FEED,VALID
2025-03-23 23:00:00,56.77,MARKET_FEED,VALID
2025-03-24 00:00:00,69.23,MARKET_FEED,VALID
2025-03-24 01:00:00,57.27,MARKET_FEED,VALID
2025-03-24 02:00:00,66.22,MARKET_FEED,VALID
2025-03-24 03:00:00,61.09,MARKET_FEED,VALID
2025-03-24 04:00:00,59.26,MARKET_FEED,VALID
2025-03-24 05:00:00,71.38,MARKET_FEED,VALID
2025-03-24 06:00:00,72.01,MARKET_FEED,VALID
2025-03-24 07:00:00,69.83,MARKET_FEED,VALID
2025-03-24 08:00:00,67.71,MARKET_FEED,VALID
2025-03-24 09:00:00,77.69,MARKET_FEED,VALID
2025-03-24 10:00:00,79.69,MARKET_FEED,VALID
2025-03-24 11:00:00,77.69,MARKET_FEED,VALID
2025-03-24 12:00:00,74.52,MARKET_FEED,VALID
2025-03-24 13:00:00,81.63,MARKET_FEED,VALID
2025-03-24 14:00:00,77.38,MARKET_FEED,VALID
2025-03-24 15:00:00,83.97,MARKET_FEED,VALID
2025-03-24 16:00:00,80.38,MARKET_FEED,VALID
2025-03-24 17:00:00,76.65,MARKET_FEED,VALID
2025-03-24 18:00:00,84.21,MARKET_FEED,VALID
2025-03-24 19:00:00,71.76,MARKET_FEED,VALID
2025-03-24 20:00:00,59.31,MARKET_FEED,VALID
2025-03-24 21:00:00,68.26,MARKET_FEED,VALID
2025-03-24 22:00:00,75.01,MARKET_FEED,VALID
2025-03-24 23:00:00,54.61,MARKET_FEED,VALID
2025-03-25 00:00:00,59.86,MARKET_FEED,VALID
2025-03-25 01:00:00,57.81,MARKET_FEED,VALID
2025-03-25 02:00:00,61.45,MARKET_FEED,VALID
2025-03-25 03:00:00,57.58,MARKET_FEED,VALID
2025-03-25 04:00:00,63.32,MARKET_FEED,VALID
2025-03-25 05:00:00,57.87,MARKET_FEED,VALID
2025-03-25 06:00:00,72.66,MARKET_FEED,VALID
2025-03-25 07:00:00,68.67,MARKET_FEED,VALID
2025-03-25 08:00:00,83.79,MARKET_FEED,VALID
2025-03-25 09:00:00,82.11,MARKET_FEED,VALID
2025-03-25 10:00:00,68.46829988465976,MARKET_FEED,VALID
2025-03-25 11:00:00,80.65,MARKET_FEED,VALID
2025-03-25 12:00:00,83.17,MARKET_FEED,VALID
2025-03-25 13:00:00,68.14,MARKET_FEED,VALID
2025-03-25 14:00:00,75.46,MARKET_FEED,VALID
2025-03-25 15:00:00,77.98,MARKET_FEED,VALID
2025-03-25 16:00:00,68.08,MARKET_FEED,VALID
2025-03-25 17:00:00,77.82,MARKET_FEED,VALID
2025-03-25 18:00:00,79.04,MARKET_FEED,VALID
2025-03-25 19:00:00,71.96,MARKET_FEED,VALID
2025-03-25 20:00:00,70.91,MARKET_FEED,VALID
2025-03-25 21:00:00,65.59,MARKET_FEED,VALID
2025-03-25 22:00:00,63.54,MARKET_FEED,VALID
2025-03-25 23:00:00,49.41,MARKET_FEED,VALID
2025-03-26 00:00:00,62.56,MARKET_FEED,VALID
2025-03-26 01:00:00,59.11,MARKET_FEED,VALID
2025-03-26 02:00:00,58.35,MARKET_FEED,VALID
2025-03-26 03:00:00,56.52,MARKET_FEED,VALID
2025-03-26 04:00:00,57.02,MARKET_FEED,VALID
2025-03-26 05:00:00,64.08,MARKET_FEED,VALID
2025-03-26 06:00:00,68.53,MARKET_FEED,VALID
2025-03-26 07:00:00,65.53,MARKET_FEED,VALID
2025-03-26 08:00:00,79.14,MARKET_FEED,VALID
2025-03-26 09:00:00,72.45,MARKET_FEED,VALID
2025-03-26 10:00:00,77.45,MARKET_FEED,VALID
2025-03-26 11:00:00,84.38,MARKET_FEED,VALID
2025-03-26 12:00:00,69.11,MARKET_FEED,VALID
2025-03-26 13:00:00,68.11,MARKET_FEED,VALID
2025-03-26 14:00:00,68.46829988465976,MARKET_FEED,VALID
2025-03-26 15:00:00,81.2,MARKET_FEED,VALID
2025-03-26 16:00:00,83.49,MARKET_FEED,VALID
2025-03-26 17:00:00,74.96,MARKET_FEED,VALID
2025-03-26 18:00:00,75.05,MARKET_FEED,VALID
2025-03-26 19:00:00,77.5,MARKET_FEED,VALID
2025-03-26 20:00:00,62.99,MARKET_FEED,VALID
2025-03-26 21:00:00,66.41,MARKET_FEED,VALID
2025-03-26 22:00:00,67.4,MARKET_FEED,VALID
2025-03-26 23:00:00,55.7,MARKET_FEED,VALID
2025-03-27 00:00:00,55.25,MARKET_FEED,VALID
2025-03-27 01:00:00,59.17,MARKET_FEED,VALID
2025-03-27 02:00:00,52.97,MARKET_FEED,VALID
2025-03-27 03:00:00,53.52,MARKET_FEED,VALID
2025-03-27 04:00:00,59.56,MARKET_FEED,VALID
2025-03-27 05:00:00,59.31,MARKET_FEED,VALID
2025-03-27 06:00:00,64.62,MARKET_FEED,VALID
2025-03-27 07:00:00,70.0,MARKET_FEED,VALID
2025-03-27 08:00:00,80.25,MARKET_FEED,VALID
2025-03-27 09:00:00,78.63,MARKET_FEED,VALID
2025-03-27 10:00:00,72.14,MARKET_FEED,VALID
2025-03-27 11:00:00,67.86,MARKET_FEED,VALID
2025-03-27 12:00:00,64.15,MARKET_FEED,VALID
2025-03-27 13:00:00,72.03,MARKET_FEED,VALID
2025-03-27 14:00:00,78.71,MARKET_FEED,VALID
2025-03-27 15:00:00,89.44,MARKET_FEED,VALID
2025-03-27 16:00:00,79.75,MARKET_FEED,VALID
2025-03-27 17:00:00,83.8,MARKET_FEED,VALID
2025-03-27 18:00:00,68.69,MARKET_FEED,VALID
2025-03-27 19:00:00,71.03,MARKET_FEED,VALID
2025-03-27 20:00:00,59.64,MARKET_FEED,VALID
2025-03-27 21:00:00,60.98,MARKET_FEED,VALID
2025-03-27 22:00:00,67.54,MARKET_FEED,VALID
2025-03-27 23:00:00,57.1,MARKET_FEED,VALID
2025-03-28 00:00:00,54.25,MARKET_FEED,VALID
2025-03-28 01:00:00,52.94,MARKET_FEED,VALID
2025-03-28 02:00:00,62.59,MARKET_FEED,VALID
2025-03-28 03:00:00,63.02,MARKET_FEED,VALID
2025-03-28 04:00:00,61.59,MARKET_FEED,VALID
2025-03-28 05:00:00,64.22,MARKET_FEED,VALID
2025-03-28 06:00:00,59.69,MARKET_FEED,VALID
2025-03-28 07:00:00,66.15,MARKET_FEED,VALID
2025-03-28 08:00:00,77.0,MARKET_FEED,VALID
2025-03-28 09:00:00,76.83,MARKET_FEED,VALID
2025-03-28 10:00:00,78.29,MARKET_FEED,VALID
2025-03-28 11:00:00,82.85,MARKET_FEED,VALID
2025-03-28 12:00:00,74.07,MARKET_FEED,VALID
2025-03-28 13:00:00,77.88,MARKET_FEED,VALID
2025-03-28 14:00:00,74.41,MARKET_FEED,VALID
2025-03-28 15:00:00,84.39,MARKET_FEED,VALID
2025-03-28 16:00:00,81.57,MARKET_FEED,VALID
2025-03-28 17:00:00,77.71,MARKET_FEED,VALID
2025-03-28 18:00:00,61.08,MARKET_FEED,VALID
2025-03-28 19:00:00,72.16,MARKET_FEED,VALID
2025-03-28 20:00:00,63.87,MARKET_FEED,VALID
2025-03-28 21:00:00,71.12,MARKET_FEED,VALID
2025-03-28 22:00:00,56.86,MARKET_FEED,VALID
2025-03-28 23:00:00,63.04,MARKET_FEED,VALID
2025-03-29 00:00:00,49.58,MARKET_FEED,VALID
2025-03-29 01:00:00,49.7,MARKET_FEED,VALID
2025-03-29 02:00:00,57.74,MARKET_FEED,VALID
2025-03-29 03:00:00,62.7,MARKET_FEED,VALID
2025-03-29 04:00:00,60.4,MARKET_FEED,VALID
2025-03-29 05:00:00,64.28,MARKET_FEED,VALID
2025-03-29 06:00:00,68.53,MARKET_FEED,VALID
2025-03-29 07:00:00,73.03,MARKET_FEED,VALID
2025-03-29 08:00:00,68.51,MARKET_FEED,VALID
2025-03-29 09:00:00,83.1,MARKET_FEED,VALID
2025-03-29 10:00:00,73.53,MARKET_FEED,VALID
2025-03-29 11:00:00,60.96,MARKET_FEED,VALID
2025-03-29 12:00:00,68.46829988465976,MARKET_FEED,VALID
2025-03-29 13:00:00,72.59,MARKET_FEED,VALID
2025-03-29 14:00:00,78.12,MARKET_FEED,VALID
2025-03-29 15:00:00,69.24,MARKET_FEED,VALID
2025-03-29 16:00:00,72.95,MARKET_FEED,VALID
2025-03-29 17:00:00,82.8,MARKET_FEED,VALID
2025-03-29 18:00:00,73.26,MARKET_FEED,VALID
2025-03-29 19:00:00,68.95,MARKET_FEED,VALID
2025-03-29 20:00:00,65.02,MARKET_FEED,VALID
2025-03-29 21:00:00,62.05,MARKET_FEED,VALID
2025-03-29 22:00:00,53.05,MARKET_FEED,VALID
2025-03-29 23:00:00,65.81,MARKET_FEED,VALID
2025-03-30 00:00:00,61.85,MARKET_FEED,VALID
2025-03-30 01:00:00,48.24,MARKET_FEED,VALID
2025-03-30 02:00:00,59.02,MARKET_FEED,VALID
2025-03-30 03:00:00,62.32,MARKET_FEED,VALID
2025-03-30 04:00:00,62.42,MARKET_FEED,VALID
2025-03-30 05:00:00,67.25,MARKET_FEED,VALID
2025-03-30 06:00:00,71.63,MARKET_FEED,VALID
2025-03-30 07:00:00,69.6,MARKET_FEED,VALID
2025-03-30 08:00:00,74.29,MARKET_FEED,VALID
2025-03-30 09:00:00,69.51,MARKET_FEED,VALID
2025-03-30 10:00:00,84.34,MARKET_FEED,VALID
2025-03-30 11:00:00,77.82,MARKET_FEED,VALID
2025-03-30 12:00:00,64.83,MARKET_FEED,VALID
2025-03-30 13:00:00,70.83,MARKET_FEED,VALID
2025-03-30 14:00:00,67.05,MARKET_FEED,VALID
2025-03-30 15:00:00,85.18,MARKET_FEED,VALID
2025-03-30 16:00:00,80.75,MARKET_FEED,VALID
2025-03-30 17:00:00,75.74,MARKET_FEED,VALID
2025-03-30 18:00:00,77.3,MARKET_FEED,VALID
2025-03-30 19:00:00,66.63,MARKET_FEED,VALID
2025-03-30 20:00:00,64.76,MARKET_FEED,VALID
2025-03-30 21:00:00,60.06,MARKET_FEED,VALID
2025-03-30 22:00:00,67.26,MARKET_FEED,VALID
2025-03-30 23:00:00,55.99,MARKET_FEED,VALID
2025-03-31 00:00:00,53.74,MARKET_FEED,VALID
2025-03-31 01:00:00,62.59,MARKET_FEED,VALID
2025-03-31 02:00:00,46.59,MARKET_FEED,VALID
2025-03-31 03:00:00,60.52,MARKET_FEED,VALID
2025-03-31 04:00:00,63.34,MARKET_FEED,VALID
2025-03-31 05:00:00,66.69,MARKET_FEED,VALID
2025-03-31 06:00:00,60.84,MARKET_FEED,VALID
2025-03-31 07:00:00,73.76,MARKET_FEED,VALID
2025-03-31 08:00:00,62.26,MARKET_FEED,VALID
2025-03-31 09:00:00,73.76,MARKET_FEED,VALID
2025-03-31 10:00:00,76.24,MARKET_FEED,VALID
2025-03-31 11:00:00,67.81,MARKET_FEED,VALID
2025-03-31 12:00:00,75.1,MARKET_FEED,VALID
2025-03-31 13:00:00,81.26,MARKET_FEED,VALID
2025-03-31 14:00:00,78.1,MARKET_FEED,VALID
2025-03-31 15:00:00,83.58,MARKET_FEED,VALID
2025-03-31 16:00:00,76.28,MARKET_FEED,VALID
2025-03-31 17:00:00,74.84,MARKET_FEED,VALID
2025-03-31 18:00:00,79.22,MARKET_FEED,VALID
2025-03-31 19:00:00,74.79,MARKET_FEED,VALID
2025-03-31 20:00:00,71.07,MARKET_FEED,VALID
2025-03-31 21:00:00,67.09,MARKET_FEED,VALID
2025-03-31 22:00:00,61.77,MARKET_FEED,VALID
2025-03-31 23:00:00,52.47,MARKET_FEED,VALID
2025-04-01 00:00:00,51.62,MARKET_FEED,VALID
2025-04-01 01:00:00,60.04,MARKET_FEED,VALID
2025-04-01 02:00:00,52.1,MARKET_FEED,VALID
2025-04-01 03:00:00,62.9,MARKET_FEED,VALID
2025-04-01 04:00:00,60.61,MARKET_FEED,VALID
2025-04-01 05:00:00,70.3,MARKET_FEED,VALID
2025-04-01 06:00:00,69.98,MARKET_FEED,VALID
2025-04-01 07:00:00,66.4,MARKET_FEED,VALID
2025-04-01 08:00:00,77.36,MARKET_FEED,VALID
2025-04-01 09:00:00,79.16,MARKET_FEED,VALID
2025-04-01 10:00:00,78.29,MARKET_FEED,VALID
2025-04-01 11:00:00,84.84,MARKET_FEED,VALID
2025-04-01 12:00:00,68.11,MARKET_FEED,VALID
2025-04-01 13:00:00,79.26,MARKET_FEED,VALID
2025-04-01 14:00:00,73.37,MARKET_FEED,VALID
2025-04-01 15:00:00,70.05,MARKET_FEED,VALID
2025-04-01 16:00:00,71.7,MARKET_FEED,VALID
2025-04-01 17:00:00,74.16,MARKET_FEED,VALID
2025-04-01 18:00:00,72.34,MARKET_FEED,VALID
2025-04-01 19:00:00,74.33,MARKET_FEED,VALID
2025-04-01 20:00:00,59.48,MARKET_FEED,VALID
2025-04-01 21:00:00,59.35,MARKET_FEED,VALID
2025-04-01 22:00:00,59.87,MARKET_FEED,VALID
2025-04-01 23:00:00,59.01,MARKET_FEED,VALID
2025-04-02 00:00:00,61.64,MARKET_FEED,VALID
2025-04-02 01:00:00,50.5,MARKET_FEED,VALID
2025-04-02 02:00:00,66.58,MARKET_FEED,VALID
2025-04-02 03:00:00,58.1,MARKET_FEED,VALID
2025-04-02 04:00:00,69.11,MARKET_FEED,VALID
2025-04-02 05:00:00,67.8,MARKET_FEED,VALID
2025-04-02 06:00:00,60.72,MARKET_FEED,VALID
2025-04-02 07:00:00,66.38,MARKET_FEED,VALID
2025-04-02 08:00:00,61.35,MARKET_FEED,VALID
2025-04-02 09:00:00,70.16,MARKET_FEED,VALID
2025-04-02 10:00:00,75.98,MARKET_FEED,VALID
2025-04-02 11:00:00,77.07,MARKET_FEED,VALID
2025-04-02 12:00:00,75.37,MARKET_FEED,VALID
2025-04-02 13:00:00,73.43,MARKET_FEED,VALID
2025-04-02 14:00:00,76.41,MARKET_FEED,VALID
2025-04-02 15:00:00,75.43,MARKET_FEED,VALID
2025-04-02 16:00:00,79.28,MARKET_FEED,VALID
2025-04-02 17:00:00,67.07,MARKET_FEED,VALID
2025-04-02 18:00:00,77.18,MARKET_FEED,VALID
2025-04-02 19:00:00,69.31,MARKET_FEED,VALID
2025-04-02 20:00:00,68.67,MARKET_FEED,VALID
2025-04-02 21:00:00,62.66,MARKET_FEED,VALID
2025-04-02 22:00:00,59.49,MARKET_FEED,VALID
2025-04-02 23:00:00,50.92,MARKET_FEED,VALID
2025-04-03 00:00:00,71.89,MARKET_FEED,VALID
2025-04-03 01:00:00,61.39,MARKET_FEED,VALID
2025-04-03 02:00:00,57.69,MARKET_FEED,VALID
2025-04-03 03:00:00,62.17,MARKET_FEED,VALID
2025-04-03 04:00:00,60.42,MARKET_FEED,VALID
2025-04-03 05:00:00,58.41,MARKET_FEED,VALID
2025-04-03 06:00:00,61.55,MARKET_FEED,VALID
2025-04-03 07:00:00,77.73,MARKET_FEED,VALID
2025-04-03 08:00:00,71.96,MARKET_FEED,VALID
2025-04-03 09:00:00,80.28,MARKET_FEED,VALID
2025-04-03 10:00:00,80.21,MARKET_FEED,VALID
2025-04-03 11:00:00,77.54,MARKET_FEED,VALID
2025-04-03 12:00:00,74.36,MARKET_FEED,VALID
2025-04-03 13:00:00,75.86,MARKET_FEED,VALID
2025-04-03 14:00:00,71.19,MARKET_FEED,VALID
2025-04-03 15:00:00,84.93,MARKET_FEED,VALID
2025-04-03 16:00:00,83.7,MARKET_FEED,VALID
2025-04-03 17:00:00,68.83,MARKET_FEED,VALID
2025-04-03 18:00:00,71.31,MARKET_FEED,VALID
2025-04-03 19:00:00,64.56,MARKET_FEED,VALID
2025-04-03 20:00:00,73.63,MARKET_FEED,VALID
2025-04-03 21:00:00,63.91,MARKET_FEED,VALID
2025-04-03 22:00:00,63.4,MARKET_FEED,VALID
2025-04-03 23:00:00,59.61,MARKET_FEED,VALID
2025-04-04 00:00:00,54.91,MARKET_FEED,VALID
2025-04-04 01:00:00,67.48,MARKET_FEED,VALID
2025-04-04 02:00:00,64.52,MARKET_FEED,VALID
2025-04-04 03:00:00,61.34,MARKET_FEED,VALID
2025-04-04 04:00:00,56.66,MARKET_FEED,VALID
2025-04-04 05:00:00,62.35,MARKET_FEED,VALID
2025-04-04 06:00:00,67.98,MARKET_FEED,VALID
2025-04-04 07:00:00,68.06,MARKET_FEED,VALID
2025-04-04 08:00:00,68.39,MARKET_FEED,VALID
2025-04-04 09:00:00,75.27,MARKET_FEED,VALID
2025-04-04 10:00:00,76.07,MARKET_FEED,VALID
2025-04-04 11:00:00,63.64,MARKET_FEED,VALID
2025-04-04 12:00:00,64.02,MARKET_FEED,VALID
2025-04-04 13:00:00,77.8,MARKET_FEED,VALID
2025-04-04 14:00:00,81.72,MARKET_FEED,VALID
2025-04-04 15:00:00,83.54,MARKET_FEED,VALID
2025-04-04 16:00:00,84.72,MARKET_FEED,VALID
2025-04-04 17:00:00,67.8,MARKET_FEED,VALID
2025-04-04 18:00:00,69.14,MARKET_FEED,VALID
2025-04-04 19:00:00,61.45,MARKET_FEED,VALID
2025-04-04 20:00:00,75.56,MARKET_FEED,VALID
2025-04-04 21:00:00,63.42,MARKET_FEED,VALID
2025-04-04 22:00:00,53.7,MARKET_FEED,VALID
2025-04-04 23:00:00,60.05,MARKET_FEED,VALID
2025-04-05 00:00:00,52.82,MARKET_FEED,VALID
2025-04-05 01:00:00,62.2,MARKET_FEED,VALID
2025-04-05 02:00:00,54.76,MARKET_FEED,VALID
2025-04-05 03:00:00,57.8,MARKET_FEED,VALID
2025-04-05 04:00:00,53.64,MARKET_FEED,VALID
2025-04-05 05:00:00,60.98,MARKET_FEED,VALID
2025-04-05 06:00:00,65.26,MARKET_FEED,VALID
2025-04-05 07:00:00,70.66,MARKET_FEED,VALID
2025-04-05 08:00:00,82.44,MARKET_FEED,VALID
2025-04-05 09:00:00,68.46829988465976,MARKET_FEED,VALID
2025-04-05 10:00:00,71.33,MARKET_FEED,VALID
2025-04-05 11:00:00,66.18,MARKET_FEED,VALID
2025-04-05 12:00:00,76.12,MARKET_FEED,VALID
2025-04-05 13:00:00,69.91,MARKET_FEED,VALID
2025-04-05 14:00:00,67.96,MARKET_FEED,VALID
2025-04-05 15:00:00,71.81,MARKET_FEED,VALID
2025-04-05 16:00:00,83.11,MARKET_FEED,VALID
2025-04-05 17:00:00,73.98,MARKET_FEED,VALID
2025-04-05 18:00:00,82.19,MARKET_FEED,VALID
2025-04-05 19:00:00,74.62,MARKET_FEED,VALID
2025-04-05 20:00:00,70.68,MARKET_FEED,VALID
2025-04-05 21:00:00,76.27,MARKET_FEED,VALID
2025-04-05 22:00:00,58.83,MARKET_FEED,VALID
2025-04-05 23:00:00,63.42,MARKET_FEED,VALID
2025-04-06 00:00:00,49.54,MARKET_FEED,VALID
2025-04-06 01:00:00,60.49,MARKET_FEED,VALID
2025-04-06 02:00:00,61.48,MARKET_FEED,VALID
2025-04-06 03:00:00,63.79,MARKET_FEED,VALID
2025-04-06 04:00:00,57.52,MARKET_FEED,VALID
2025-04-06 05:00:00,65.78,MARKET_FEED,VALID
2025-04-06 06:00:00,64.24,MARKET_FEED,VALID
2025-04-06 07:00:00,67.72,MARKET_FEED,VALID
2025-04-06 08:00:00,67.33,MARKET_FEED,VALID
2025-04-06 09:00:00,76.62,MARKET_FEED,VALID
2025-04-06 10:00:00,71.11,MARKET_FEED,VALID
2025-04-06 11:00:00,72.44,MARKET_FEED,VALID
2025-04-06 12:00:00,72.47,MARKET_FEED,VALID
2025-04-06 13:00:00,72.93,MARKET_FEED,VALID
2025-04-06 14:00:00,74.42,MARKET_FEED,VALID
2025-04-06 15:00:00,79.43,MARKET_FEED,VALID
2025-04-06 16:00:00,75.06,MARKET_FEED,VALID
2025-04-06 17:00:00,75.49,MARKET_FEED,VALID
2025-04-06 18:00:00,75.72,MARKET_FEED,VALID
2025-04-06 19:00:00,75.09,MARKET_FEED,VALID
2025-04-06 20:00:00,68.63,MARKET_FEED,VALID
2025-04-06 21:00:00,68.47,MARKET_FEED,VALID
2025-04-06 22:00:00,66.53,MARKET_FEED,VALID
2025-04-06 23:00:00,62.99,MARKET_FEED,VALID
2025-04-07 00:00:00,57.8,MARKET_FEED,VALID
2025-04-07 01:00:00,57.25,MARKET_FEED,VALID
2025-04-07 02:00:00,54.85,MARKET_FEED,VALID
2025-04-07 03:00:00,62.22,MARKET_FEED,VALID
2025-04-07 04:00:00,54.29,MARKET_FEED,VALID
2025-04-07 05:00:00,72.49,MARKET_FEED,VALID
2025-04-07 06:00:00,66.18,MARKET_FEED,VALID
2025-04-07 07:00:00,63.77,MARKET_FEED,VALID
2025-04-07 08:00:00,77.68,MARKET_FEED,VALID
2025-04-07 09:00:00,72.8,MARKET_FEED,VALID
2025-04-07 10:00:00,79.5,MARKET_FEED,VALID
2025-04-07 11:00:00,75.49,MARKET_FEED,VALID
2025-04-07 12:00:00,78.0,MARKET_FEED,VALID
2025-04-07 13:00:00,88.2,MARKET_FEED,VALID
2025-04-07 14:00:00,80.65,MARKET_FEED,VALID
2025-04-07 15:00:00,82.97,MARKET_FEED,VALID
2025-04-07 16:00:00,78.62,MARKET_FEED,VALID
2025-04-07 17:00:00,75.43,MARKET_FEED,VALID
2025-04-07 18:00:00,70.05,MARKET_FEED,VALID
2025-04-07 19:00:00,63.92,MARKET_FEED,VALID
2025-04-07 20:00:00,69.11,MARKET_FEED,VALID
2025-04-07 21:00:00,64.33,MARKET_FEED,VALID
2025-04-07 22:00:00,58.96,MARKET_FEED,VALID
2025-04-07 23:00:00,57.8,MARKET_FEED,VALID
2025-04-08 00:00:00,64.42,MARKET_FEED,VALID
2025-04-08 01:00:00,61.78,MARKET_FEED,VALID
2025-04-08 02:00:00,59.56,MARKET_FEED,VALID
2025-04-08 03:00:00,53.14,MARKET_FEED,VALID
2025-04-08 04:00:00,63.49,MARKET_FEED,VALID
2025-04-08 05:00:00,60.46,MARKET_FEED,VALID
2025-04-08 06:00:00,65.0,MARKET_FEED,VALID
2025-04-08 07:00:00,76.68,MARKET_FEED,VALID
2025-04-08 08:00:00,67.83,MARKET_FEED,VALID
2025-04-08 09:00:00,65.87,MARKET_FEED,VALID
2025-04-08 10:00:00,82.09,MARKET_FEED,VALID
2025-04-08 11:00:00,77.01,MARKET_FEED,VALID
2025-04-08 12:00:00,65.57,MARKET_FEED,VALID
2025-04-08 13:00:00,72.09,MARKET_FEED,VALID
2025-04-08 14:00:00,82.82,MARKET_FEED,VALID
2025-04-08 15:00:00,87.81,MARKET_FEED,VALID
2025-04-08 16:00:00,70.44,MARKET_FEED,VALID
2025-04-08 17:00:00,75.51,MARKET_FEED,VALID
2025-04-08 18:00:00,74.48,MARKET_FEED,VALID
2025-04-08 19:00:00,74.62,MARKET_FEED,VALID
2025-04-08 20:00:00,64.76,MARKET_FEED,VALID
2025-04-08 21:00:00,62.54,MARKET_FEED,VALID
2025-04-08 22:00:00,78.69,MARKET_FEED,VALID
2025-04-08 23:00:00,64.97,MARKET_FEED,VALID
2025-04-09 00:00:00,61.44,MARKET_FEED,VALID
2025-04-09 01:00:00,55.34,MARKET_FEED,VALID
2025-04-09 02:00:00,59.68,MARKET_FEED,VALID
2025-04-09 03:00:00,59.04,MARKET_FEED,VALID
2025-04-09 04:00:00,59.46,MARKET_FEED,VALID
2025-04-09 05:00:00,60.81,MARKET_FEED,VALID
2025-04-09 06:00:00,63.12,MARKET_FEED,VALID
2025-04-09 07:00:00,69.77,MARKET_FEED,VALID
2025-04-09 08:00:00,66.87,MARKET_FEED,VALID
2025-04-09 09:00:00,65.88,MARKET_FEED,VALID
2025-04-09 10:00:00,74.21,MARKET_FEED,VALID
2025-04-09 11:00:00,73.47,MARKET_FEED,VALID
2025-04-09 12:00:00,64.04,MARKET_FEED,VALID
2025-04-09 13:00:00,73.68,MARKET_FEED,VALID
2025-04-09 14:00:00,66.86,MARKET_FEED,VALID
2025-04-09 15:00:00,81.76,MARKET_FEED,VALID
2025-04-09 16:00:00,79.39,MARKET_FEED,VALID
2025-04-09 17:00:00,71.46,MARKET_FEED,VALID
2025-04-09 18:00:00,69.13,MARKET_FEED,VALID
2025-04-09 19:00:00,69.82,MARKET_FEED,VALID
2025-04-09 20:00:00,67.38,MARKET_FEED,VALID
2025-04-09 21:00:00,62.05,MARKET_FEED,VALID
2025-04-09 22:00:00,67.19,MARKET_FEED,VALID
2025-04-09 23:00:00,58.13,MARKET_FEED,VALID
2025-04-10 00:00:00,63.17,MARKET_FEED,VALID
2025-04-10 01:00:00,62.98,MARKET_FEED,VALID
2025-04-10 02:00:00,50.07,MARKET_FEED,VALID
2025-04-10 03:00:00,63.67,MARKET_FEED,VALID
2025-04-10 04:00:00,66.09,MARKET_FEED,VALID
2025-04-10 05:00:00,67.63,MARKET_FEED,VALID
2025-04-10 06:00:00,59.73,MARKET_FEED,VALID
2025-04-10 07:00:00,67.92,MARKET_FEED,VALID
2025-04-10 08:00:00,70.66,MARKET_FEED,VALID
2025-04-10 09:00:00,83.31,MARKET_FEED,VALID
2025-04-10 10:00:00,84.9,MARKET_FEED,VALID
2025-04-10 11:00:00,66.87,MARKET_FEED,VALID
2025-04-10 12:00:00,70.19,MARKET_FEED,VALID
2025-04-10 13:00:00,62.59,MARKET_FEED,VALID
2025-04-10 14:00:00,81.19,MARKET_FEED,VALID
2025-04-10 15:00:00,89.27,MARKET_FEED,VALID
2025-04-10 16:00:00,68.97,MARKET_FEED,VALID
2025-04-10 17:00:00,67.62,MARKET_FEED,VALID
2025-04-10 18:00:00,69.18,MARKET_FEED,VALID
2025-04-10 19:00:00,70.18,MARKET_FEED,VALID
2025-04-10 20:00:00,67.33,MARKET_FEED,VALID
2025-04-10 21:00:00,59.71,MARKET_FEED,VALID
2025-04-10 22:00:00,64.54,MARKET_FEED,VALID
2025-04-10 23:00:00,60.36,MARKET_FEED,VALID
2025-04-11 00:00:00,64.7,MARKET_FEED,VALID
2025-04-11 01:00:00,57.52,MARKET_FEED,VALID
2025-04-11 02:00:00,56.12,MARKET_FEED,VALID
2025-04-11 03:00:00,63.8,MARKET_FEED,VALID
2025-04-11 04:00:00,69.41,MARKET_FEED,VALID
2025-04-11 05:00:00,56.32,MARKET_FEED,VALID
2025-04-11 06:00:00,72.21,MARKET_FEED,VALID
2025-04-11 07:00:00,63.12,MARKET_FEED,VALID
2025-04-11 08:00:00,80.22,MARKET_FEED,VALID
2025-04-11 09:00:00,67.16,MARKET_FEED,VALID
2025-04-11 10:00:00,82.05,MARKET_FEED,VALID
2025-04-11 11:00:00,68.73,MARKET_FEED,VALID
2025-04-11 12:00:00,80.88,MARKET_FEED,VALID
2025-04-11 13:00:00,80.23,MARKET_FEED,VALID
2025-04-11 14:00:00,80.43,MARKET_FEED,VALID
2025-04-11 15:00:00,80.02,MARKET_FEED,VALID
2025-04-11 16:00:00,73.89,MARKET_FEED,VALID
2025-04-11 17:00:00,71.4,MARKET_FEED,VALID
2025-04-11 18:00:00,76.63,MARKET_FEED,VALID
2025-04-11 19:00:00,64.14,MARKET_FEED,VALID
2025-04-11 20:00:00,56.35,MARKET_FEED,VALID
2025-04-11 21:00:00,60.99,MARKET_FEED,VALID
2025-04-11 22:00:00,57.1,MARKET_FEED,VALID
2025-04-11 23:00:00,63.12,MARKET_FEED,VALID
2025-04-12 00:00:00,59.84,MARKET_FEED,VALID
2025-04-12 01:00:00,64.05,MARKET_FEED,VALID
2025-04-12 02:00:00,64.36,MARKET_FEED,VALID
2025-04-12 03:00:00,63.52,MARKET_FEED,VALID
2025-04-12 04:00:00,55.82,MARKET_FEED,VALID
2025-04-12 05:00:00,68.22,MARKET_FEED,VALID
2025-04-12 06:00:00,78.17,MARKET_FEED,VALID
2025-04-12 07:00:00,70.21,MARKET_FEED,VALID
2025-04-12 08:00:00,71.29,MARKET_FEED,VALID
2025-04-12 09:00:00,71.91,MARKET_FEED,VALID
2025-04-12 10:00:00,58.88,MARKET_FEED,VALID
2025-04-12 11:00:00,69.99,MARKET_FEED,VALID
2025-04-12 12:00:00,68.46829988465976,MARKET_FEED,VALID
2025-04-12 13:00:00,68.46829988465976,MARKET_FEED,VALID
2025-04-12 14:00:00,75.59,MARKET_FEED,VALID
2025-04-12 15:00:00,85.44,MARKET_FEED,VALID
2025-04-12 16:00:00,75.86,MARKET_FEED,VALID
2025-04-12 17:00:00,72.97,MARKET_FEED,VALID
2025-04-12 18:00:00,70.69,MARKET_FEED,VALID
2025-04-12 19:00:00,64.09,MARKET_FEED,VALID
2025-04-12 20:00:00,66.49,MARKET_FEED,VALID
2025-04-12 21:00:00,55.53,MARKET_FEED,VALID
2025-04-12 22:00:00,48.91,MARKET_FEED,VALID
2025-04-12 23:00:00,61.62,MARKET_FEED,VALID
2025-04-13 00:00:00,55.86,MARKET_FEED,VALID
2025-04-13 01:00:00,54.47,MARKET_FEED,VALID
2025-04-13 02:00:00,62.84,MARKET_FEED,VALID
2025-04-13 03:00:00,60.7,MARKET_FEED,VALID
2025-04-13 04:00:00,55.65,MARKET_FEED,VALID
2025-04-13 05:00:00,65.57,MARKET_FEED,VALID
2025-04-13 06:00:00,72.95,MARKET_FEED,VALID
2025-04-13 07:00:00,75.14,MARKET_FEED,VALID
2025-04-13 08:00:00,78.53,MARKET_FEED,VALID
2025-04-13 09:00:00,76.26,MARKET_FEED,VALID
2025-04-13 10:00:00,68.31,MARKET_FEED,VALID
2025-04-13 11:00:00,76.03,MARKET_FEED,VALID
2025-04-13 12:00:00,82.35,MARKET_FEED,VALID
2025-04-13 13:00:00,79.93,MARKET_FEED,VALID
2025-04-13 14:00:00,70.88,MARKET_FEED,VALID
2025-04-13 15:00:00,82.73,MARKET_FEED,VALID
2025-04-13 16:00:00,77.67,MARKET_FEED,VALID
2025-04-13 17:00:00,74.15,MARKET_FEED,VALID
2025-04-13 18:00:00,70.41,MARKET_FEED,VALID
2025-04-13 19:00:00,73.1,MARKET_FEED,VALID
2025-04-13 20:00:00,66.74,MARKET_FEED,VALID
2025-04-13 21:00:00,61.78,MARKET_FEED,VALID
2025-04-13 22:00:00,61.15,MARKET_FEED,VALID
2025-04-13 23:00:00,58.31,MARKET_FEED,VALID
2025-04-14 00:00:00,56.12,MARKET_FEED,VALID
2025-04-14 01:00:00,59.9,MARKET_FEED,VALID
2025-04-14 02:00:00,59.21,MARKET_FEED,VALID
2025-04-14 03:00:00,61.32,MARKET_FEED,VALID
2025-04-14 04:00:00,66.59,MARKET_FEED,VALID
2025-04-14 05:00:00,57.66,MARKET_FEED,VALID
2025-04-14 06:00:00,59.09,MARKET_FEED,VALID
2025-04-14 07:00:00,65.72,MARKET_FEED,VALID
2025-04-14 08:00:00,73.1,MARKET_FEED,VALID
2025-04-14 09:00:00,76.67,MARKET_FEED,VALID
2025-04-14 10:00:00,68.05,MARKET_FEED,VALID
2025-04-14 11:00:00,74.41,MARKET_FEED,VALID
2025-04-14 12:00:00,70.34,MARKET_FEED,VALID
2025-04-14 13:00:00,74.15,MARKET_FEED,VALID
2025-04-14 14:00:00,70.58,MARKET_FEED,VALID
2025-04-14 15:00:00,81.19,MARKET_FEED,VALID
2025-04-14 16:00:00,70.1,MARKET_FEED,VALID
2025-04-14 17:00:00,81.18,MARKET_FEED,VALID
2025-04-14 18:00:00,73.37,MARKET_FEED,VALID
2025-04-14 19:00:00,65.3,MARKET_FEED,VALID
2025-04-14 20:00:00,66.01,MARKET_FEED,VALID
2025-04-14 21:00:00,59.04,MARKET_FEED,VALID
2025-04-14 22:00:00,69.48,MARKET_FEED,VALID
2025-04-14 23:00:00,57.47,MARKET_FEED,VALID
2025-04-15 00:00:00,52.76,MARKET_FEED,VALID
2025-04-15 01:00:00,71.34,MARKET_FEED,VALID
2025-04-15 02:00:00,58.04,MARKET_FEED,VALID
2025-04-15 03:00:00,63.07,MARKET_FEED,VALID
2025-04-15 04:00:00,62.22,MARKET_FEED,VALID
2025-04-15 05:00:00,65.33,MARKET_FEED,VALID
2025-04-15 06:00:00,70.51,MARKET_FEED,VALID
2025-04-15 07:00:00,74.21,MARKET_FEED,VALID
2025-04-15 08:00:00,69.16,MARKET_FEED,VALID
2025-04-15 09:00:00,75.51,MARKET_FEED,VALID
2025-04-15 10:00:00,70.83,MARKET_FEED,VALID
2025-04-15 11:00:00,72.42,MARKET_FEED,VALID
2025-04-15 12:00:00,75.91,MARKET_FEED,VALID
2025-04-15 13:00:00,82.15,MARKET_FEED,VALID
2025-04-15 14:00:00,64.29,MARKET_FEED,VALID
2025-04-15 15:00:00,82.44,MARKET_FEED,VALID
2025-04-15 16:00:00,81.0,MARKET_FEED,VALID
2025-04-15 17:00:00,78.82,MARKET_FEED,VALID
2025-04-15 18:00:00,75.37,MARKET_FEED,VALID
2025-04-15 19:00:00,67.9,MARKET_FEED,VALID
2025-04-15 20:00:00,74.9,MARKET_FEED,VALID
2025-04-15 21:00:00,50.61,MARKET_FEED,VALID
2025-04-15 22:00:00,51.72,MARKET_FEED,VALID
2025-04-15 23:00:00,53.55,MARKET_FEED,VALID
2025-04-16 00:00:00,59.87,MARKET_FEED,VALID
2025-04-16 01:00:00,54.01,MARKET_FEED,VALID
2025-04-16 02:00:00,58.74,MARKET_FEED,VALID
2025-04-16 03:00:00,55.65,MARKET_FEED,VALID
2025-04-16 04:00:00,56.52,MARKET_FEED,VALID
2025-04-16 05:00:00,65.98,MARKET_FEED,VALID
2025-04-16 06:00:00,69.41,MARKET_FEED,VALID
2025-04-16 07:00:00,81.04,MARKET_FEED,VALID
2025-04-16 08:00:00,74.43,MARKET_FEED,VALID
2025-04-16 09:00:00,73.73,MARKET_FEED,VALID
2025-04-16 10:00:00,72.38,MARKET_FEED,VALID
2025-04-16 11:00:00,68.46829988465976,MARKET_FEED,VALID
2025-04-16 12:00:00,78.34,MARKET_FEED,VALID
2025-04-16 13:00:00,77.52,MARKET_FEED,VALID
2025-04-16 14:00:00,79.7,MARKET_FEED,VALID
2025-04-16 15:00:00,76.04,MARKET_FEED,VALID
2025-04-16 16:00:00,73.6,MARKET_FEED,VALID
2025-04-16 17:00:00,64.75,MARKET_FEED,VALID
2025-04-16 18:00:00,72.04,MARKET_FEED,VALID
2025-04-16 19:00:00,68.33,MARKET_FEED,VALID
2025-04-16 20:00:00,68.07,MARKET_FEED,VALID
2025-04-16 21:00:00,64.5,MARKET_FEED,VALID
2025-04-16 22:00:00,61.93,MARKET_FEED,VALID
2025-04-16 23:00:00,56.34,MARKET_FEED,VALID
2025-04-17 00:00:00,68.4,MARKET_FEED,VALID
2025-04-17 01:00:00,61.14,MARKET_FEED,VALID
2025-04-17 02:00:00,53.67,MARKET_FEED,VALID
2025-04-17 03:00:00,66.45,MARKET_FEED,VALID
2025-04-17 04:00:00,63.58,MARKET_FEED,VALID
2025-04-17 05:00:00,56.29,MARKET_FEED,VALID
2025-04-17 06:00:00,72.83,MARKET_FEED,VALID
2025-04-17 07:00:00,67.67,MARKET_FEED,VALID
2025-04-17 08:00:00,71.01,MARKET_FEED,VALID
2025-04-17 09:00:00,75.01,MARKET_FEED,VALID
2025-04-17 10:00:00,72.91,MARKET_FEED,VALID
2025-04-17 11:00:00,75.98,MARKET_FEED,VALID
2025-04-17 12:00:00,77.18,MARKET_FEED,VALID
2025-04-17 13:00:00,79.9,MARKET_FEED,VALID
2025-04-17 14:00:00,71.09,MARKET_FEED,VALID
2025-04-17 15:00:00,66.56,MARKET_FEED,VALID
2025-04-17 16:00:00,76.23,MARKET_FEED,VALID
2025-04-17 17:00:00,71.49,MARKET_FEED,VALID
2025-04-17 18:00:00,70.36,MARKET_FEED,VALID
2025-04-17 19:00:00,63.09,MARKET_FEED,VALID
2025-04-17 20:00:00,69.14,MARKET_FEED,VALID
2025-04-17 21:00:00,56.9,MARKET_FEED,VALID
2025-04-17 22:00:00,55.8,MARKET_FEED,VALID
2025-04-17 23:00:00,67.62,MARKET_FEED,VALID
2025-04-18 00:00:00,50.99,MARKET_FEED,VALID
2025-04-18 01:00:00,50.16,MARKET_FEED,VALID
2025-04-18 02:00:00,66.05,MARKET_FEED,VALID
2025-04-18 03:00:00,59.05,MARKET_FEED,VALID
2025-04-18 04:00:00,55.77,MARKET_FEED,VALID
2025-04-18 05:00:00,58.81,MARKET_FEED,VALID
2025-04-18 06:00:00,80.47,MARKET_FEED,VALID
2025-04-18 07:00:00,74.06,MARKET_FEED,VALID
2025-04-18 08:00:00,74.55,MARKET_FEED,VALID
2025-04-18 09:00:00,80.18,MARKET_FEED,VALID
2025-04-18 10:00:00,66.95,MARKET_FEED,VALID
2025-04-18 11:00:00,65.5,MARKET_FEED,VALID
2025-04-18 12:00:00,79.32,MARKET_FEED,VALID
2025-04-18 13:00:00,70.21,MARKET_FEED,VALID
2025-04-18 14:00:00,76.07,MARKET_FEED,VALID
2025-04-18 15:00:00,81.24,MARKET_FEED,VALID
2025-04-18 16:00:00,72.75,MARKET_FEED,VALID
2025-04-18 17:00:00,73.49,MARKET_FEED,VALID
2025-04-18 18:00:00,70.04,MARKET_FEED,VALID
2025-04-18 19:00:00,73.76,MARKET_FEED,VALID
2025-04-18 20:00:00,72.41,MARKET_FEED,VALID
2025-04-18 21:00:00,56.54,MARKET_FEED,VALID
2025-04-18 22:00:00,59.86,MARKET_FEED,VALID
2025-04-18 23:00:00,55.9,MARKET_FEED,VALID
2025-04-19 00:00:00,60.84,MARKET_FEED,VALID
2025-04-19 01:00:00,58.03,MARKET_FEED,VALID
2025-04-19 02:00:00,62.84,MARKET_FEED,VALID
2025-04-19 03:00:00,69.11,MARKET_FEED,VALID
2025-04-19 04:00:00,50.94,MARKET_FEED,VALID
2025-04-19 05:00:00,53.45,MARKET_FEED,VALID
2025-04-19 06:00:00,66.93,MARKET_FEED,VALID
2025-04-19 07:00:00,72.11,MARKET_FEED,VALID
2025-04-19 08:00:00,68.76,MARKET_FEED,VALID
2025-04-19 09:00:00,70.9,MARKET_FEED,VALID
2025-04-19 10:00:00,72.33,MARKET_FEED,VALID
2025-04-19 11:00:00,61.32,MARKET_FEED,VALID
2025-04-19 12:00:00,63.81,MARKET_FEED,VALID
2025-04-19 13:00:00,77.75,MARKET_FEED,VALID
2025-04-19 14:00:00,76.32,MARKET_FEED,VALID
2025-04-19 15:00:00,69.17,MARKET_FEED,VALID
2025-04-19 16:00:00,73.65,MARKET_FEED,VALID
2025-04-19 17:00:00,78.26,MARKET_FEED,VALID
2025-04-19 18:00:00,81.97,MARKET_FEED,VALID
2025-04-19 19:00:00,72.12,MARKET_FEED,VALID
2025-04-19 20:00:00,65.52,MARKET_FEED,VALID
2025-04-19 21:00:00,64.94,MARKET_FEED,VALID
2025-04-19 22:00:00,60.14,MARKET_FEED,VALID
2025-04-19 23:00:00,61.35,MARKET_FEED,VALID
2025-04-20 00:00:00,60.73,MARKET_FEED,VALID
2025-04-20 01:00:00,50.07,MARKET_FEED,VALID
2025-04-20 02:00:00,64.63,MARKET_FEED,VALID
2025-04-20 03:00:00,68.27,MARKET_FEED,VALID
2025-04-20 04:00:00,55.48,MARKET_FEED,VALID
2025-04-20 05:00:00,60.57,MARKET_FEED,VALID
2025-04-20 06:00:00,70.53,MARKET_FEED,VALID
2025-04-20 07:00:00,68.43,MARKET_FEED,VALID
2025-04-20 08:00:00,67.29,MARKET_FEED,VALID
2025-04-20 09:00:00,66.54,MARKET_FEED,VALID
2025-04-20 10:00:00,67.21,MARKET_FEED,VALID
2025-04-20 11:00:00,68.46829988465976,MARKET_FEED,VALID
2025-04-20 12:00:00,68.97,MARKET_FEED,VALID
2025-04-20 13:00:00,71.5,MARKET_FEED,VALID
2025-04-20 14:00:00,79.59,MARKET_FEED,VALID
2025-04-20 15:00:00,86.32,MARKET_FEED,VALID
2025-04-20 16:00:00,78.27,MARKET_FEED,VALID
2025-04-20 17:00:00,81.85,MARKET_FEED,VALID
2025-04-20 18:00:00,69.94,MARKET_FEED,VALID
2025-04-20 19:00:00,66.15,MARKET_FEED,VALID
2025-04-20 20:00:00,73.23,MARKET_FEED,VALID
2025-04-20 21:00:00,73.63,MARKET_FEED,VALID
2025-04-20 22:00:00,67.05,MARKET_FEED,VALID
2025-04-20 23:00:00,53.59,MARKET_FEED,VALID
2025-04-21 00:00:00,52.06,MARKET_FEED,VALID
2025-04-21 01:00:00,61.54,MARKET_FEED,VALID
2025-04-21 02:00:00,53.92,MARKET_FEED,VALID
2025-04-21 03:00:00,55.4,MARKET_FEED,VALID
2025-04-21 04:00:00,60.72,MARKET_FEED,VALID
2025-04-21 05:00:00,60.67,MARKET_FEED,VALID
2025-04-21 06:00:00,76.31,MARKET_FEED,VALID
2025-04-21 07:00:00,78.39,MARKET_FEED,VALID
2025-04-21 08:00:00,79.12,MARKET_FEED,VALID
2025-04-21 09:00:00,73.31,MARKET_FEED,VALID
2025-04-21 10:00:00,87.03,MARKET_FEED,VALID
2025-04-21 11:00:00,78.64,MARKET_FEED,VALID
2025-04-21 12:00:00,73.58,MARKET_FEED,VALID
2025-04-21 13:00:00,79.44,MARKET_FEED,VALID
2025-04-21 14:00:00,74.43,MARKET_FEED,VALID
2025-04-21 15:00:00,81.95,MARKET_FEED,VALID
2025-04-21 16:00:00,77.22,MARKET_FEED,VALID
2025-04-21 17:00:00,78.89,MARKET_FEED,VALID
2025-04-21 18:00:00,69.34,MARKET_FEED,VALID
2025-04-21 19:00:00,72.65,MARKET_FEED,VALID
2025-04-21 20:00:00,70.28,MARKET_FEED,VALID
2025-04-21 21:00:00,67.73,MARKET_FEED,VALID
2025-04-21 22:00:00,72.09,MARKET_FEED,VALID
2025-04-21 23:00:00,66.65,MARKET_FEED,VALID
2025-04-22 00:00:00,54.97,MARKET_FEED,VALID
2025-04-22 01:00:00,53.9,MARKET_FEED,VALID
2025-04-22 02:00:00,64.15,MARKET_FEED,VALID
2025-04-22 03:00:00,67.14,MARKET_FEED,VALID
2025-04-22 04:00:00,50.62,MARKET_FEED,VALID
2025-04-22 05:00:00,66.13,MARKET_FEED,VALID
2025-04-22 06:00:00,57.55,MARKET_FEED,VALID
2025-04-22 07:00:00,72.59,MARKET_FEED,VALID
2025-04-22 08:00:00,77.93,MARKET_FEED,VALID
2025-04-22 09:00:00,75.35,MARKET_FEED,VALID
2025-04-22 10:00:00,66.81,MARKET_FEED,VALID
2025-04-22 11:00:00,68.46829988465976,MARKET_FEED,VALID
2025-04-22 12:00:00,68.46829988465976,MARKET_FEED,VALID
2025-04-22 13:00:00,73.99,MARKET_FEED,VALID
2025-04-22 14:00:00,86.66,MARKET_FEED,VALID
2025-04-22 15:00:00,82.62,MARKET_FEED,VALID
2025-04-22 16:00:00,72.72,MARKET_FEED,VALID
2025-04-22 17:00:00,66.88,MARKET_FEED,VALID
2025-04-22 18:00:00,68.73,MARKET_FEED,VALID
2025-04-22 19:00:00,69.17,MARKET_FEED,VALID
2025-04-22 20:00:00,74.67,MARKET_FEED,VALID
2025-04-22 22:00:00,70.92,MARKET_FEED,VALID
2025-04-22 23:00:00,63.06,MARKET_FEED,VALID
2025-04-23 00:00:00,64.4,MARKET_FEED,VALID
2025-04-23 01:00:00,48.75,MARKET_FEED,VALID
2025-04-23 02:00:00,51.12,MARKET_FEED,VALID
2025-04-23 03:00:00,66.74,MARKET_FEED,VALID
2025-04-23 04:00:00,62.47,MARKET_FEED,VALID
2025-04-23 05:00:00,63.44,MARKET_FEED,VALID
2025-04-23 06:00:00,57.68,MARKET_FEED,VALID
2025-04-23 07:00:00,73.36,MARKET_FEED,VALID
2025-04-23 08:00:00,72.24,MARKET_FEED,VALID
2025-04-23 09:00:00,65.63,MARKET_FEED,VALID
2025-04-23 10:00:00,76.27,MARKET_FEED,VALID
2025-04-23 11:00:00,76.16,MARKET_FEED,VALID
2025-04-23 12:00:00,68.64,MARKET_FEED,VALID
2025-04-23 13:00:00,84.15,MARKET_FEED,VALID
2025-04-23 14:00:00,73.25,MARKET_FEED,VALID
2025-04-23 15:00:00,72.8,MARKET_FEED,VALID
2025-04-23 16:00:00,75.34,MARKET_FEED,VALID
2025-04-23 17:00:00,80.38,MARKET_FEED,VALID
2025-04-23 18:00:00,67.82,MARKET_FEED,VALID
2025-04-23 19:00:00,70.69,MARKET_FEED,VALID
2025-04-23 20:00:00,72.15,MARKET_FEED,VALID
2025-04-23 21:00:00,64.3,MARKET_FEED,VALID
2025-04-23 22:00:00,58.69,MARKET_FEED,VALID
2025-04-23 23:00:00,62.64,MARKET_FEED,VALID
2025-04-24 00:00:00,58.26,MARKET_FEED,VALID
2025-04-24 01:00:00,56.68,MARKET_FEED,VALID
2025-04-24 02:00:00,55.16,MARKET_FEED,VALID
2025-04-24 03:00:00,59.96,MARKET_FEED,VALID
2025-04-24 04:00:00,65.49,MARKET_FEED,VALID
2025-04-24 05:00:00,61.48,MARKET_FEED,VALID
2025-04-24 06:00:00,66.01,MARKET_FEED,VALID
2025-04-24 07:00:00,74.49,MARKET_FEED,VALID
2025-04-24 08:00:00,72.78,MARKET_FEED,VALID
2025-04-24 09:00:00,75.0,MARKET_FEED,VALID
2025-04-24 10:00:00,71.81,MARKET_FEED,VALID
2025-04-24 11:00:00,75.41,MARKET_FEED,VALID
2025-04-24 12:00:00,79.01,MARKET_FEED,VALID
2025-04-24 13:00:00,69.05,MARKET_FEED,VALID
2025-04-24 14:00:00,80.73,MARKET_FEED,VALID
2025-04-24 15:00:00,77.97,MARKET_FEED,VALID
2025-04-24 16:00:00,70.97,MARKET_FEED,VALID
2025-04-24 17:00:00,65.94,MARKET_FEED,VALID
2025-04-24 18:00:00,77.81,MARKET_FEED,VALID
2025-04-24 19:00:00,79.47,MARKET_FEED,VALID
2025-04-24 20:00:00,73.64,MARKET_FEED,VALID
2025-04-24 21:00:00,60.18,MARKET_FEED,VALID
2025-04-24 22:00:00,65.95,MARKET_FEED,VALID
2025-04-24 23:00:00,56.8,MARKET_FEED,VALID
2025-04-25 00:00:00,54.52,MARKET_FEED,VALID
2025-04-25 01:00:00,64.49,MARKET_FEED,VALID
2025-04-25 02:00:00,54.74,MARKET_FEED,VALID
2025-04-25 03:00:00,58.29,MARKET_FEED,VALID
2025-04-25 04:00:00,60.09,MARKET_FEED,VALID
2025-04-25 05:00:00,60.69,MARKET_FEED,VALID
2025-04-25 06:00:00,74.49,MARKET_FEED,VALID
2025-04-25 07:00:00,77.01,MARKET_FEED,VALID
2025-04-25 08:00:00,65.42,MARKET_FEED,VALID
2025-04-25 09:00:00,78.26,MARKET_FEED,VALID
2025-04-25 10:00:00,74.12,MARKET_FEED,VALID
2025-04-25 11:00:00,71.73,MARKET_FEED,VALID
2025-04-25 12:00:00,67.51,MARKET_FEED,VALID
2025-04-25 13:00:00,72.05,MARKET_FEED,VALID
2025-04-25 14:00:00,77.73,MARKET_FEED,VALID
2025-04-25 15:00:00,83.4,MARKET_FEED,VALID
2025-04-25 16:00:00,81.88,MARKET_FEED,VALID
2025-04-25 17:00:00,68.71,MARKET_FEED,VALID
2025-04-25 18:00:00,72.45,MARKET_FEED,VALID
2025-04-25 19:00:00,68.88,MARKET_FEED,VALID
2025-04-25 20:00:00,71.18,MARKET_FEED,VALID
2025-04-25 21:00:00,52.59,MARKET_FEED,VALID
2025-04-25 22:00:00,70.37,MARKET_FEED,VALID
2025-04-25 23:00:00,59.55,MARKET_FEED,VALID
2025-04-26 00:00:00,60.12,MARKET_FEED,VALID
2025-04-26 01:00:00,48.64,MARKET_FEED,VALID
2025-04-26 02:00:00,56.8,MARKET_FEED,VALID
2025-04-26 03:00:00,54.14,MARKET_FEED,VALID
2025-04-26 04:00:00,66.58,MARKET_FEED,VALID
2025-04-26 05:00:00,61.54,MARKET_FEED,VALID
2025-04-26 06:00:00,66.18,MARKET_FEED,VALID
2025-04-26 07:00:00,66.51,MARKET_FEED,VALID
2025-04-26 08:00:00,61.13,MARKET_FEED,VALID
2025-04-26 09:00:00,76.12,MARKET_FEED,VALID
2025-04-26 10:00:00,61.64,MARKET_FEED,VALID
2025-04-26 11:00:00,68.46829988465976,MARKET_FEED,VALID
2025-04-26 12:00:00,63.1,MARKET_FEED,VALID
2025-04-26 13:00:00,68.99,MARKET_FEED,VALID
2025-04-26 14:00:00,73.85,MARKET_FEED,VALID
2025-04-26 15:00:00,66.34,MARKET_FEED,VALID
2025-04-26 16:00:00,83.19,MARKET_FEED,VALID
2025-04-26 17:00:00,80.54,MARKET_FEED,VALID
2025-04-26 18:00:00,74.82,MARKET_FEED,VALID
2025-04-26 19:00:00,71.01,MARKET_FEED,VALID
2025-04-26 20:00:00,62.85,MARKET_FEED,VALID
2025-04-26 21:00:00,60.48,MARKET_FEED,VALID
2025-04-26 22:00:00,62.84,MARKET_FEED,VALID
2025-04-26 23:00:00,55.69,MARKET_FEED,VALID
2025-04-27 00:00:00,55.97,MARKET_FEED,VALID
2025-04-27 01:00:00,61.32,MARKET_FEED,VALID
2025-04-27 02:00:00,63.15,MARKET_FEED,VALID
2025-04-27 03:00:00,45.48,MARKET_FEED,VALID
2025-04-27 04:00:00,61.03,MARKET_FEED,VALID
2025-04-27 05:00:00,67.97,MARKET_FEED,VALID
2025-04-27 06:00:00,64.83,MARKET_FEED,VALID
2025-04-27 07:00:00,73.09,MARKET_FEED,VALID
2025-04-27 08:00:00,75.72,MARKET_FEED,VALID
2025-04-27 09:00:00,69.97,MARKET_FEED,VALID
2025-04-27 10:00:00,63.67,MARKET_FEED,VALID
2025-04-27 11:00:00,58.31,MARKET_FEED,VALID
2025-04-27 12:00:00,68.46829988465976,MARKET_FEED,VALID
2025-04-27 13:00:00,70.71,MARKET_FEED,VALID
2025-04-27 14:00:00,72.82,MARKET_FEED,VALID
2025-04-27 15:00:00,78.93,MARKET_FEED,VALID
2025-04-27 16:00:00,83.09,MARKET_FEED,VALID
2025-04-27 17:00:00,80.35,MARKET_FEED,VALID
2025-04-27 18:00:00,70.21,MARKET_FEED,VALID
2025-04-27 19:00:00,75.39,MARKET_FEED,VALID
2025-04-27 20:00:00,53.43,MARKET_FEED,VALID
2025-04-27 21:00:00,60.93,MARKET_FEED,VALID
2025-04-27 22:00:00,51.69,MARKET_FEED,VALID
2025-04-27 23:00:00,61.02,MARKET_FEED,VALID
2025-04-28 00:00:00,54.84,MARKET_FEED,VALID
2025-04-28 01:00:00,52.82,MARKET_FEED,VALID
2025-04-28 02:00:00,49.89,MARKET_FEED,VALID
2025-04-28 03:00:00,60.68,MARKET_FEED,VALID
2025-04-28 04:00:00,60.66,MARKET_FEED,VALID
2025-04-28 05:00:00,60.0,MARKET_FEED,VALID
2025-04-28 06:00:00,69.3,MARKET_FEED,VALID
2025-04-28 07:00:00,66.56,MARKET_FEED,VALID
2025-04-28 08:00:00,75.74,MARKET_FEED,VALID
2025-04-28 09:00:00,65.15,MARKET_FEED,VALID
2025-04-28 10:00:00,82.07,MARKET_FEED,VALID
2025-04-28 11:00:00,80.85,MARKET_FEED,VALID
2025-04-28 12:00:00,76.76,MARKET_FEED,VALID
2025-04-28 13:00:00,80.29,MARKET_FEED,VALID
2025-04-28 14:00:00,71.12,MARKET_FEED,VALID
2025-04-28 15:00:00,81.54,MARKET_FEED,VALID
2025-04-28 16:00:00,68.05,MARKET_FEED,VALID
2025-04-28 17:00:00,72.42,MARKET_FEED,VALID
2025-04-28 18:00:00,76.86,MARKET_FEED,VALID
2025-04-28 19:00:00,78.83,MARKET_FEED,VALID
2025-04-28 20:00:00,66.17,MARKET_FEED,VALID
2025-04-28 21:00:00,57.46,MARKET_FEED,VALID
2025-04-28 22:00:00,63.05,MARKET_FEED,VALID
2025-04-28 23:00:00,52.52,MARKET_FEED,VALID
2025-04-29 00:00:00,53.45,MARKET_FEED,VALID
2025-04-29 01:00:00,55.59,MARKET_FEED,VALID
2025-04-29 02:00:00,60.46,MARKET_FEED,VALID
2025-04-29 03:00:00,54.67,MARKET_FEED,VALID
2025-04-29 04:00:00,59.13,MARKET_FEED,VALID
2025-04-29 05:00:00,64.7,MARKET_FEED,VALID
2025-04-29 06:00:00,70.03,MARKET_FEED,VALID
2025-04-29 07:00:00,62.96,MARKET_FEED,VALID
2025-04-29 08:00:00,70.51,MARKET_FEED,VALID
2025-04-29 09:00:00,75.89,MARKET_FEED,VALID
2025-04-29 10:00:00,68.31,MARKET_FEED,VALID
2025-04-29 11:00:00,72.57,MARKET_FEED,VALID
2025-04-29 12:00:00,73.16,MARKET_FEED,VALID
2025-04-29 13:00:00,75.45,MARKET_FEED,VALID
2025-04-29 14:00:00,83.23,MARKET_FEED,VALID
2025-04-29 15:00:00,83.73,MARKET_FEED,VALID
2025-04-29 16:00:00,84.38,MARKET_FEED,VALID
2025-04-29 17:00:00,72.75,MARKET_FEED,VALID
2025-04-29 18:00:00,67.05,MARKET_FEED,VALID
2025-04-29 19:00:00,68.61,MARKET_FEED,VALID
2025-04-29 20:00:00,67.12,MARKET_FEED,VALID
2025-04-29 21:00:00,65.36,MARKET_FEED,VALID
2025-04-29 22:00:00,52.04,MARKET_FEED,VALID
2025-04-29 23:00:00,54.9,MARKET_FEED,VALID
2025-04-30 00:00:00,54.42,MARKET_FEED,VALID
2025-04-30 01:00:00,59.26,MARKET_FEED,VALID
2025-04-30 02:00:00,51.76,MARKET_FEED,VALID
2025-04-30 03:00:00,62.05,MARKET_FEED,VALID
2025-04-30 04:00:00,54.91,MARKET_FEED,VALID
2025-04-30 05:00:00,59.93,MARKET_FEED,VALID
2025-04-30 06:00:00,61.13,MARKET_FEED,VALID
2025-04-30 07:00:00,70.64,MARKET_FEED,VALID
2025-04-30 08:00:00,76.31,MARKET_FEED,VALID
2025-04-30 09:00:00,84.88,MARKET_FEED,VALID
2025-04-30 10:00:00,75.41,MARKET_FEED,VALID
2025-04-30 11:00:00,71.17,MARKET_FEED,VALID
2025-04-30 12:00:00,72.69,MARKET_FEED,VALID
2025-04-30 13:00:00,82.69,MARKET_FEED,VALID
2025-04-30 14:00:00,92.53,MARKET_FEED,VALID
2025-04-30 15:00:00,76.08,MARKET_FEED,VALID
2025-04-30 16:00:00,86.76,MARKET_FEED,VALID
2025-04-30 17:00:00,79.34,MARKET_FEED,VALID
2025-04-30 18:00:00,69.44,MARKET_FEED,VALID
2025-04-30 19:00:00,70.01,MARKET_FEED,VALID
2025-04-30 20:00:00,58.12,MARKET_FEED,VALID
2025-04-30 21:00:00,66.24,MARKET_FEED,VALID
2025-04-30 22:00:00,55.64,MARKET_FEED,VALID
2025-04-30 23:00:00,59.81,MARKET_FEED,VALID
2025-05-01 00:00:00,57.66,MARKET_FEED,VALID
2025-05-01 01:00:00,59.61,MARKET_FEED,VALID
2025-05-01 02:00:00,55.93,MARKET_FEED,VALID
2025-05-01 03:00:00,61.34,MARKET_FEED,VALID
2025-05-01 04:00:00,59.39,MARKET_FEED,VALID
2025-05-01 05:00:00,62.26,MARKET_FEED,VALID
2025-05-01 06:00:00,68.96,MARKET_FEED,VALID
2025-05-01 07:00:00,62.68,MARKET_FEED,VALID
2025-05-01 08:00:00,73.9,MARKET_FEED,VALID
2025-05-01 09:00:00,65.17,MARKET_FEED,VALID
2025-05-01 10:00:00,70.35,MARKET_FEED,VALID
2025-05-01 11:00:00,66.0,MARKET_FEED,VALID
2025-05-01 12:00:00,65.81,MARKET_FEED,VALID
2025-05-01 13:00:00,69.28,MARKET_FEED,VALID
2025-05-01 14:00:00,78.33,MARKET_FEED,VALID
2025-05-01 15:00:00,81.54,MARKET_FEED,VALID
2025-05-01 16:00:00,77.8,MARKET_FEED,VALID
2025-05-01 17:00:00,77.88,MARKET_FEED,VALID
2025-05-01 18:00:00,70.56,MARKET_FEED,VALID
2025-05-01 19:00:00,67.75,MARKET_FEED,VALID
2025-05-01 20:00:00,74.33,MARKET_FEED,VALID
2025-05-01 21:00:00,67.3,MARKET_FEED,VALID
2025-05-01 22:00:00,58.15,MARKET_FEED,VALID
2025-05-01 23:00:00,57.86,MARKET_FEED,VALID
2025-05-02 00:00:00,53.44,MARKET_FEED,VALID
2025-05-02 01:00:00,64.04,MARKET_FEED,VALID
2025-05-02 02:00:00,58.23,MARKET_FEED,VALID
2025-05-02 03:00:00,52.8,MARKET_FEED,VALID
2025-05-02 04:00:00,60.46,MARKET_FEED,VALID
2025-05-02 05:00:00,57.02,MARKET_FEED,VALID
2025-05-02 06:00:00,64.67,MARKET_FEED,VALID
2025-05-02 07:00:00,69.21,MARKET_FEED,VALID
2025-05-02 08:00:00,70.56,MARKET_FEED,VALID
2025-05-02 09:00:00,76.68,MARKET_FEED,VALID
2025-05-02 10:00:00,73.49,MARKET_FEED,VALID
2025-05-02 11:00:00,71.89,MARKET_FEED,VALID
2025-05-02 12:00:00,64.81,MARKET_FEED,VALID
2025-05-02 13:00:00,76.57,MARKET_FEED,VALID
2025-05-02 14:00:00,80.54,MARKET_FEED,VALID
2025-05-02 15:00:00,75.32,MARKET_FEED,VALID
2025-05-02 16:00:00,84.97,MARKET_FEED,VALID
2025-05-02 17:00:00,86.28,MARKET_FEED,VALID
2025-05-02 18:00:00,68.08,MARKET_FEED,VALID
2025-05-02 19:00:00,65.57,MARKET_FEED,VALID
2025-05-02 20:00:00,71.91,MARKET_FEED,VALID
2025-05-02 21:00:00,68.74,MARKET_FEED,VALID
2025-05-02 22:00:00,58.94,MARKET_FEED,VALID
2025-05-02 23:00:00,52.0,MARKET_FEED,VALID
2025-05-03 00:00:00,49.48,MARKET_FEED,VALID
2025-05-03 01:00:00,54.44,MARKET_FEED,VALID
2025-05-03 02:00:00,64.54,MARKET_FEED,VALID
2025-05-03 03:00:00,60.01,MARKET_FEED,VALID
2025-05-03 04:00:00,59.1,MARKET_FEED,VALID
2025-05-03 05:00:00,71.24,MARKET_FEED,VALID
2025-05-03 06:00:00,68.41,MARKET_FEED,VALID
2025-05-03 07:00:00,67.52,MARKET_FEED,VALID
2025-05-03 08:00:00,65.09,MARKET_FEED,VALID
2025-05-03 09:00:00,65.54,MARKET_FEED,VALID
2025-05-03 10:00:00,80.29,MARKET_FEED,VALID
2025-05-03 11:00:00,64.97,MARKET_FEED,VALID
2025-05-03 12:00:00,54.81,MARKET_FEED,VALID
2025-05-03 13:00:00,58.57,MARKET_FEED,VALID
2025-05-03 14:00:00,74.88,MARKET_FEED,VALID
2025-05-03 15:00:00,73.57,MARKET_FEED,VALID
2025-05-03 16:00:00,80.56,MARKET_FEED,VALID
2025-05-03 17:00:00,80.57,MARKET_FEED,VALID
2025-05-03 18:00:00,67.91,MARKET_FEED,VALID
2025-05-03 19:00:00,66.66,MARKET_FEED,VALID
2025-05-03 20:00:00,67.44,MARKET_FEED,VALID
2025-05-03 21:00:00,66.03,MARKET_FEED,VALID
2025-05-03 22:00:00,57.21,MARKET_FEED,VALID
2025-05-03 23:00:00,63.05,MARKET_FEED,VALID
2025-05-04 00:00:00,55.88,MARKET_FEED,VALID
2025-05-04 01:00:00,60.72,MARKET_FEED,VALID
2025-05-04 02:00:00,58.16,MARKET_FEED,VALID
2025-05-04 03:00:00,59.37,MARKET_FEED,VALID
2025-05-04 04:00:00,62.48,MARKET_FEED,VALID
2025-05-04 05:00:00,65.13,MARKET_FEED,VALID
2025-05-04 06:00:00,67.35,MARKET_FEED,VALID
2025-05-04 07:00:00,69.65,MARKET_FEED,VALID
2025-05-04 08:00:00,71.12,MARKET_FEED,VALID
2025-05-04 09:00:00,83.66,MARKET_FEED,VALID
2025-05-04 10:00:00,72.13,MARKET_FEED,VALID
2025-05-04 11:00:00,66.39,MARKET_FEED,VALID
2025-05-04 12:00:00,71.84,MARKET_FEED,VALID
2025-05-04 13:00:00,77.36,MARKET_FEED,VALID
2025-05-04 14:00:00,68.46829988465976,MARKET_FEED,VALID
2025-05-04 15:00:00,77.91,MARKET_FEED,VALID
2025-05-04 16:00:00,79.23,MARKET_FEED,VALID
2025-05-04 17:00:00,64.8,MARKET_FEED,VALID
2025-05-04 18:00:00,70.4,MARKET_FEED,VALID
2025-05-04 19:00:00,74.02,MARKET_FEED,VALID
2025-05-04 20:00:00,72.79,MARKET_FEED,VALID
2025-05-04 21:00:00,57.64,MARKET_FEED,VALID
2025-05-04 22:00:00,55.99,MARKET_FEED,VALID
2025-05-04 23:00:00,63.44,MARKET_FEED,VALID
2025-05-05 00:00:00,56.47,MARKET_FEED,VALID
2025-05-05 01:00:00,59.42,MARKET_FEED,VALID
2025-05-05 02:00:00,60.33,MARKET_FEED,VALID
2025-05-05 03:00:00,64.35,MARKET_FEED,VALID
2025-05-05 04:00:00,68.6,MARKET_FEED,VALID
2025-05-05 05:00:00,59.33,MARKET_FEED,VALID
2025-05-05 06:00:00,63.37,MARKET_FEED,VALID
2025-05-05 07:00:00,75.33,MARKET_FEED,VALID
2025-05-05 08:00:00,72.7,MARKET_FEED,VALID
2025-05-05 09:00:00,77.79,MARKET_FEED,VALID
2025-05-05 10:00:00,67.22,MARKET_FEED,VALID
2025-05-05 11:00:00,70.08,MARKET_FEED,VALID
2025-05-05 12:00:00,76.87,MARKET_FEED,VALID
2025-05-05 13:00:00,73.91,MARKET_FEED,VALID
2025-05-05 14:00:00,71.4,MARKET_FEED,VALID
2025-05-05 15:00:00,67.03,MARKET_FEED,VALID
2025-05-05 16:00:00,71.35,MARKET_FEED,VALID
2025-05-05 17:00:00,80.82,MARKET_FEED,VALID
2025-05-05 18:00:00,75.4,MARKET_FEED,VALID
2025-05-05 19:00:00,71.72,MARKET_FEED,VALID
2025-05-05 20:00:00,72.02,MARKET_FEED,VALID
2025-05-05 21:00:00,66.09,MARKET_FEED,VALID
2025-05-05 22:00:00,57.2,MARKET_FEED,VALID
2025-05-05 23:00:00,60.99,MARKET_FEED,VALID
2025-05-06 00:00:00,60.11,MARKET_FEED,VALID
2025-05-06 01:00:00,58.69,MARKET_FEED,VALID
2025-05-06 02:00:00,59.89,MARKET_FEED,VALID
2025-05-06 03:00:00,58.82,MARKET_FEED,VALID
2025-05-06 04:00:00,59.85,MARKET_FEED,VALID
2025-05-06 05:00:00,63.5,MARKET_FEED,VALID
2025-05-06 06:00:00,71.44,MARKET_FEED,VALID
2025-05-06 07:00:00,78.48,MARKET_FEED,VALID
2025-05-06 08:00:00,73.24,MARKET_FEED,VALID
2025-05-06 09:00:00,77.43,MARKET_FEED,VALID
2025-05-06 10:00:00,72.19,MARKET_FEED,VALID
2025-05-06 11:00:00,84.83,MARKET_FEED,VALID
2025-05-06 12:00:00,83.66,MARKET_FEED,VALID
2025-05-06 13:00:00,75.95,MARKET_FEED,VALID
2025-05-06 14:00:00,73.08,MARKET_FEED,VALID
2025-05-06 15:00:00,66.9,MARKET_FEED,VALID
2025-05-06 16:00:00,79.47,MARKET_FEED,VALID
2025-05-06 17:00:00,77.38,MARKET_FEED,VALID
2025-05-06 18:00:00,73.93,MARKET_FEED,VALID
2025-05-06 19:00:00,71.32,MARKET_FEED,VALID
2025-05-06 20:00:00,69.9,MARKET_FEED,VALID
2025-05-06 21:00:00,63.76,MARKET_FEED,VALID
2025-05-06 22:00:00,56.45,MARKET_FEED,VALID
2025-05-06 23:00:00,62.2,MARKET_FEED,VALID
2025-05-07 00:00:00,58.38,MARKET_FEED,VALID
2025-05-07 01:00:00,55.53,MARKET_FEED,VALID
2025-05-07 02:00:00,68.58,MARKET_FEED,VALID
2025-05-07 03:00:00,60.56,MARKET_FEED,VALID
2025-05-07 04:00:00,58.86,MARKET_FEED,VALID
2025-05-07 05:00:00,66.48,MARKET_FEED,VALID
2025-05-07 06:00:00,78.15,MARKET_FEED,VALID
2025-05-07 07:00:00,72.91,MARKET_FEED,VALID
2025-05-07 08:00:00,70.85,MARKET_FEED,VALID
2025-05-07 09:00:00,84.6,MARKET_FEED,VALID
2025-05-07 10:00:00,74.96,MARKET_FEED,VALID
2025-05-07 11:00:00,68.46829988465976,MARKET_FEED,VALID
2025-05-07 12:00:00,69.89,MARKET_FEED,VALID
2025-05-07 13:00:00,75.76,MARKET_FEED,VALID
2025-05-07 14:00:00,85.38,MARKET_FEED,VALID
2025-05-07 15:00:00,84.37,MARKET_FEED,VALID
2025-05-07 16:00:00,67.86,MARKET_FEED,VALID
2025-05-07 17:00:00,74.44,MARKET_FEED,VALID
2025-05-07 18:00:00,74.55,MARKET_FEED,VALID
2025-05-07 19:00:00,63.09,MARKET_FEED,VALID
2025-05-07 20:00:00,58.73,MARKET_FEED,VALID
2025-05-07 21:00:00,69.08,MARKET_FEED,VALID
2025-05-07 22:00:00,61.52,MARKET_FEED,VALID
2025-05-07 23:00:00,57.96,MARKET_FEED,VALID
2025-05-08 00:00:00,57.14,MARKET_FEED,VALID
2025-05-08 01:00:00,60.9,MARKET_FEED,VALID
2025-05-08 02:00:00,60.94,MARKET_FEED,VALID
2025-05-08 03:00:00,63.81,MARKET_FEED,VALID
2025-05-08 04:00:00,63.43,MARKET_FEED,VALID
2025-05-08 05:00:00,67.51,MARKET_FEED,VALID
2025-05-08 06:00:00,71.79,MARKET_FEED,VALID
2025-05-08 07:00:00,76.92,MARKET_FEED,VALID
2025-05-08 08:00:00,74.53,MARKET_FEED,VALID
2025-05-08 09:00:00,71.96,MARKET_FEED,VALID
2025-05-08 10:00:00,81.4,MARKET_FEED,VALID
2025-05-08 11:00:00,69.12,MARKET_FEED,VALID
2025-05-08 12:00:00,63.23,MARKET_FEED,VALID
2025-05-08 13:00:00,74.82,MARKET_FEED,VALID
2025-05-08 14:00:00,74.77,MARKET_FEED,VALID
2025-05-08 15:00:00,75.52,MARKET_FEED,VALID
2025-05-08 16:00:00,80.93,MARKET_FEED,VALID
2025-05-08 17:00:00,75.19,MARKET_FEED,VALID
2025-05-08 18:00:00,71.58,MARKET_FEED,VALID
2025-05-08 19:00:00,70.65,MARKET_FEED,VALID
2025-05-08 20:00:00,71.18,MARKET_FEED,VALID
2025-05-08 21:00:00,69.64,MARKET_FEED,VALID
2025-05-08 22:00:00,67.93,MARKET_FEED,VALID
2025-05-08 23:00:00,61.55,MARKET_FEED,VALID
2025-05-09 00:00:00,56.16,MARKET_FEED,VALID
2025-05-09 01:00:00,57.31,MARKET_FEED,VALID
2025-05-09 02:00:00,57.88,MARKET_FEED,VALID
2025-05-09 03:00:00,53.72,MARKET_FEED,VALID
2025-05-09 04:00:00,56.32,MARKET_FEED,VALID
2025-05-09 05:00:00,52.33,MARKET_FEED,VALID
2025-05-09 06:00:00,64.63,MARKET_FEED,VALID
2025-05-09 07:00:00,65.5,MARKET_FEED,VALID
2025-05-09 08:00:00,74.31,MARKET_FEED,VALID
2025-05-09 09:00:00,74.02,MARKET_FEED,VALID
2025-05-09 10:00:00,81.44,MARKET_FEED,VALID
2025-05-09 11:00:00,74.93,MARKET_FEED,VALID
2025-05-09 12:00:00,56.3,MARKET_FEED,VALID
2025-05-09 13:00:00,67.88,MARKET_FEED,VALID
2025-05-09 14:00:00,73.93,MARKET_FEED,VALID
2025-05-09 15:00:00,77.94,MARKET_FEED,VALID
2025-05-09 16:00:00,76.41,MARKET_FEED,VALID
2025-05-09 17:00:00,68.02,MARKET_FEED,VALID
2025-05-09 18:00:00,74.77,MARKET_FEED,VALID
2025-05-09 19:00:00,67.89,MARKET_FEED,VALID
2025-05-09 20:00:00,61.74,MARKET_FEED,VALID
2025-05-09 21:00:00,58.5,MARKET_FEED,VALID
2025-05-09 22:00:00,60.59,MARKET_FEED,VALID
2025-05-09 23:00:00,70.85,MARKET_FEED,VALID
2025-05-10 00:00:00,56.13,MARKET_FEED,VALID
2025-05-10 01:00:00,61.85,MARKET_FEED,VALID
2025-05-10 02:00:00,63.68,MARKET_FEED,VALID
2025-05-10 03:00:00,56.74,MARKET_FEED,VALID
2025-05-10 04:00:00,62.31,MARKET_FEED,VALID
2025-05-10 05:00:00,58.2,MARKET_FEED,VALID
2025-05-10 06:00:00,55.17,MARKET_FEED,VALID
2025-05-10 07:00:00,70.23,MARKET_FEED,VALID
2025-05-10 08:00:00,67.73,MARKET_FEED,VALID
2025-05-10 09:00:00,65.04,MARKET_FEED,VALID
2025-05-10 10:00:00,72.94,MARKET_FEED,VALID
2025-05-10 11:00:00,68.46829988465976,MARKET_FEED,VALID
2025-05-10 12:00:00,63.29,MARKET_FEED,VALID
2025-05-10 13:00:00,71.56,MARKET_FEED,VALID
2025-05-10 14:00:00,74.53,MARKET_FEED,VALID
2025-05-10 15:00:00,71.67,MARKET_FEED,VALID
2025-05-10 16:00:00,75.04,MARKET_FEED,VALID
2025-05-10 17:00:00,77.44,MARKET_FEED,VALID
2025-05-10 18:00:00,76.96,MARKET_FEED,VALID
2025-05-10 19:00:00,62.23,MARKET_FEED,VALID
2025-05-10 20:00:00,65.92,MARKET_FEED,VALID
2025-05-10 21:00:00,59.76,MARKET_FEED,VALID
2025-05-10 22:00:00,69.45,MARKET_FEED,VALID
2025-05-10 23:00:00,61.75,MARKET_FEED,VALID
2025-05-11 00:00:00,60.63,MARKET_FEED,VALID
2025-05-11 01:00:00,61.1,MARKET_FEED,VALID
2025-05-11 02:00:00,57.54,MARKET_FEED,VALID
2025-05-11 03:00:00,54.93,MARKET_FEED,VALID
2025-05-11 04:00:00,61.4,MARKET_FEED,VALID
2025-05-11 05:00:00,66.24,MARKET_FEED,VALID
2025-05-11 06:00:00,77.1,MARKET_FEED,VALID
2025-05-11 07:00:00,76.59,MARKET_FEED,VALID
2025-05-11 08:00:00,68.69,MARKET_FEED,VALID
2025-05-11 09:00:00,75.48,MARKET_FEED,VALID
2025-05-11 10:00:00,73.26,MARKET_FEED,VALID
2025-05-11 11:00:00,61.68,MARKET_FEED,VALID
2025-05-11 12:00:00,68.46829988465976,MARKET_FEED,VALID
2025-05-11 13:00:00,68.76,MARKET_FEED,VALID
2025-05-11 14:00:00,66.61,MARKET_FEED,VALID
2025-05-11 15:00:00,75.16,MARKET_FEED,VALID
2025-05-11 16:00:00,72.54,MARKET_FEED,VALID
2025-05-11 17:00:00,80.01,MARKET_FEED,VALID
2025-05-11 18:00:00,71.46,MARKET_FEED,VALID
2025-05-11 19:00:00,66.77,MARKET_FEED,VALID
2025-05-11 20:00:00,64.4,MARKET_FEED,VALID
2025-05-11 21:00:00,70.36,MARKET_FEED,VALID
2025-05-11 22:00:00,65.18,MARKET_FEED,VALID
2025-05-11 23:00:00,52.53,MARKET_FEED,VALID
2025-05-12 00:00:00,58.9,MARKET_FEED,VALID
2025-05-12 01:00:00,54.24,MARKET_FEED,VALID
2025-05-12 02:00:00,50.59,MARKET_FEED,VALID
2025-05-12 03:00:00,58.69,MARKET_FEED,VALID
2025-05-12 04:00:00,69.28,MARKET_FEED,VALID
2025-05-12 05:00:00,66.24,MARKET_FEED,VALID
2025-05-12 06:00:00,64.79,MARKET_FEED,VALID
2025-05-12 07:00:00,74.6,MARKET_FEED,VALID
2025-05-12 08:00:00,76.37,MARKET_FEED,VALID
2025-05-12 09:00:00,74.1,MARKET_FEED,VALID
2025-05-12 10:00:00,83.6,MARKET_FEED,VALID
2025-05-12 11:00:00,70.78,MARKET_FEED,VALID
2025-05-12 12:00:00,78.18,MARKET_FEED,VALID
2025-05-12 13:00:00,75.61,MARKET_FEED,VALID
2025-05-12 14:00:00,82.4,MARKET_FEED,VALID
2025-05-12 15:00:00,78.61,MARKET_FEED,VALID
2025-05-12 16:00:00,64.44,MARKET_FEED,VALID
2025-05-12 17:00:00,71.76,MARKET_FEED,VALID
2025-05-12 18:00:00,73.01,MARKET_FEED,VALID
2025-05-12 19:00:00,66.58,MARKET_FEED,VALID
2025-05-12 20:00:00,62.37,MARKET_FEED,VALID
2025-05-12 21:00:00,65.51,MARKET_FEED,VALID
2025-05-12 22:00:00,54.93,MARKET_FEED,VALID
2025-05-12 23:00:00,59.26,MARKET_FEED,VALID
2025-05-13 00:00:00,52.98,MARKET_FEED,VALID
2025-05-13 01:00:00,52.23,MARKET_FEED,VALID
2025-05-13 02:00:00,64.68,MARKET_FEED,VALID
2025-05-13 03:00:00,53.9,MARKET_FEED,VALID
2025-05-13 04:00:00,50.55,MARKET_FEED,VALID
2025-05-13 05:00:00,73.18,MARKET_FEED,VALID
2025-05-13 06:00:00,63.68,MARKET_FEED,VALID
2025-05-13 07:00:00,64.92,MARKET_FEED,VALID
2025-05-13 08:00:00,73.45,MARKET_FEED,VALID
2025-05-13 09:00:00,72.64,MARKET_FEED,VALID
2025-05-13 10:00:00,72.7,MARKET_FEED,VALID
2025-05-13 11:00:00,73.13,MARKET_FEED,VALID
2025-05-13 12:00:00,83.7,MARKET_FEED,VALID
2025-05-13 13:00:00,82.01,MARKET_FEED,VALID
2025-05-13 14:00:00,82.11,MARKET_FEED,VALID
2025-05-13 15:00:00,82.56,MARKET_FEED,VALID
2025-05-13 16:00:00,78.83,MARKET_FEED,VALID
2025-05-13 17:00:00,82.77,MARKET_FEED,VALID
2025-05-13 18:00:00,78.44,MARKET_FEED,VALID
2025-05-13 19:00:00,67.27,MARKET_FEED,VALID
2025-05-13 20:00:00,71.63,MARKET_FEED,VALID
2025-05-13 21:00:00,77.69,MARKET_FEED,VALID
2025-05-13 22:00:00,59.12,MARKET_FEED,VALID
2025-05-13 23:00:00,59.98,MARKET_FEED,VALID
2025-05-14 00:00:00,46.08,MARKET_FEED,VALID
2025-05-14 01:00:00,59.94,MARKET_FEED,VALID
2025-05-14 02:00:00,61.89,MARKET_FEED,VALID
2025-05-14 03:00:00,60.93,MARKET_FEED,VALID
2025-05-14 04:00:00,63.81,MARKET_FEED,VALID
2025-05-14 05:00:00,68.71,MARKET_FEED,VALID
2025-05-14 06:00:00,63.04,MARKET_FEED,VALID
2025-05-14 07:00:00,65.44,MARKET_FEED,VALID
2025-05-14 08:00:00,69.49,MARKET_FEED,VALID
2025-05-14 09:00:00,77.06,MARKET_FEED,VALID
2025-05-14 10:00:00,74.16,MARKET_FEED,VALID
2025-05-14 11:00:00,70.1,MARKET_FEED,VALID
2025-05-14 12:00:00,70.22,MARKET_FEED,VALID
2025-05-14 13:00:00,82.61,MARKET_FEED,VALID
2025-05-14 14:00:00,75.74,MARKET_FEED,VALID
2025-05-14 15:00:00,77.41,MARKET_FEED,VALID
2025-05-14 16:00:00,75.56,MARKET_FEED,VALID
2025-05-14 17:00:00,70.78,MARKET_FEED,VALID
2025-05-14 18:00:00,76.62,MARKET_FEED,VALID
2025-05-14 19:00:00,83.34,MARKET_FEED,VALID
2025-05-14 20:00:00,67.69,MARKET_FEED,VALID
2025-05-14 21:00:00,58.24,MARKET_FEED,VALID
2025-05-14 22:00:00,70.29,MARKET_FEED,VALID
2025-05-14 23:00:00,67.21,MARKET_FEED,VALID
2025-05-15 00:00:00,65.56,MARKET_FEED,VALID
2025-05-15 01:00:00,56.54,MARKET_FEED,VALID
2025-05-15 02:00:00,56.57,MARKET_FEED,VALID
2025-05-15 03:00:00,57.12,MARKET_FEED,VALID
2025-05-15 04:00:00,59.15,MARKET_FEED,VALID
2025-05-15 05:00:00,64.93,MARKET_FEED,VALID
2025-05-15 06:00:00,65.96,MARKET_FEED,VALID
2025-05-15 07:00:00,70.36,MARKET_FEED,VALID
2025-05-15 08:00:00,75.02,MARKET_FEED,VALID
2025-05-15 09:00:00,68.75,MARKET_FEED,VALID
2025-05-15 10:00:00,70.06,MARKET_FEED,VALID
2025-05-15 11:00:00,67.98,MARKET_FEED,VALID
2025-05-15 12:00:00,70.03,MARKET_FEED,VALID
2025-05-15 13:00:00,80.17,MARKET_FEED,VALID
2025-05-15 14:00:00,66.08,MARKET_FEED,VALID
2025-05-15 15:00:00,77.06,MARKET_FEED,VALID
2025-05-15 16:00:00,80.86,MARKET_FEED,VALID
2025-05-15 17:00:00,80.21,MARKET_FEED,VALID
2025-05-15 18:00:00,75.28,MARKET_FEED,VALID
2025-05-15 19:00:00,74.61,MARKET_FEED,VALID
2025-05-15 20:00:00,70.0,MARKET_FEED,VALID
2025-05-15 21:00:00,55.64,MARKET_FEED,VALID
2025-05-15 22:00:00,60.41,MARKET_FEED,VALID
2025-05-15 23:00:00,62.83,MARKET_FEED,VALID
2025-05-16 00:00:00,53.43,MARKET_FEED,VALID
2025-05-16 01:00:00,61.38,MARKET_FEED,VALID
2025-05-16 02:00:00,50.03,MARKET_FEED,VALID
2025-05-16 03:00:00,66.44,MARKET_FEED,VALID
2025-05-16 04:00:00,62.2,MARKET_FEED,VALID
2025-05-16 05:00:00,58.09,MARKET_FEED,VALID
2025-05-16 06:00:00,62.04,MARKET_FEED,VALID
2025-05-16 07:00:00,71.44,MARKET_FEED,VALID
2025-05-16 08:00:00,71.2,MARKET_FEED,VALID
2025-05-16 10:00:00,65.61,MARKET_FEED,VALID
2025-05-16 11:00:00,74.55,MARKET_FEED,VALID
2025-05-16 12:00:00,84.06,MARKET_FEED,VALID
2025-05-16 13:00:00,62.95,MARKET_FEED,VALID
2025-05-16 14:00:00,75.74,MARKET_FEED,VALID
2025-05-16 15:00:00,78.0,MARKET_FEED,VALID
2025-05-16 16:00:00,83.87,MARKET_FEED,VALID
2025-05-16 17:00:00,84.01,MARKET_FEED,VALID
2025-05-16 18:00:00,69.59,MARKET_FEED,VALID
2025-05-16 19:00:00,66.8,MARKET_FEED,VALID
2025-05-16 20:00:00,64.18,MARKET_FEED,VALID
2025-05-16 21:00:00,65.36,MARKET_FEED,VALID
2025-05-16 22:00:00,70.66,MARKET_FEED,VALID
2025-05-16 23:00:00,64.09,MARKET_FEED,VALID
2025-05-17 00:00:00,59.3,MARKET_FEED,VALID
2025-05-17 01:00:00,53.32,MARKET_FEED,VALID
2025-05-17 02:00:00,61.22,MARKET_FEED,VALID
2025-05-17 03:00:00,51.33,MARKET_FEED,VALID
2025-05-17 04:00:00,63.14,MARKET_FEED,VALID
2025-05-17 05:00:00,76.17,MARKET_FEED,VALID
2025-05-17 06:00:00,63.58,MARKET_FEED,VALID
2025-05-17 07:00:00,58.24,MARKET_FEED,VALID
2025-05-17 08:00:00,79.32,MARKET_FEED,VALID
2025-05-17 09:00:00,71.01,MARKET_FEED,VALID
2025-05-17 10:00:00,70.39,MARKET_FEED,VALID
2025-05-17 11:00:00,71.02,MARKET_FEED,VALID
2025-05-17 12:00:00,68.46829988465976,MARKET_FEED,VALID
2025-05-17 13:00:00,85.35,MARKET_FEED,VALID
2025-05-17 14:00:00,75.3,MARKET_FEED,VALID
2025-05-17 15:00:00,78.4,MARKET_FEED,VALID
2025-05-17 16:00:00,83.85,MARKET_FEED,VALID
2025-05-17 17:00:00,68.79,MARKET_FEED,VALID
2025-05-17 18:00:00,81.58,MARKET_FEED,VALID
2025-05-17 19:00:00,52.96,MARKET_FEED,VALID
2025-05-17 20:00:00,67.34,MARKET_FEED,VALID
2025-05-17 21:00:00,65.33,MARKET_FEED,VALID
2025-05-17 22:00:00,64.79,MARKET_FEED,VALID
2025-05-17 23:00:00,46.19,MARKET_FEED,VALID
2025-05-18 00:00:00,51.84,MARKET_FEED,VALID
2025-05-18 01:00:00,61.35,MARKET_FEED,VALID
2025-05-18 02:00:00,65.88,MARKET_FEED,VALID
2025-05-18 03:00:00,57.47,MARKET_FEED,VALID
2025-05-18 04:00:00,59.08,MARKET_FEED,VALID
2025-05-18 05:00:00,62.03,MARKET_FEED,VALID
2025-05-18 06:00:00,72.36,MARKET_FEED,VALID
2025-05-18 07:00:00,77.88,MARKET_FEED,VALID
2025-05-18 08:00:00,69.5,MARKET_FEED,VALID
2025-05-18 09:00:00,63.92,MARKET_FEED,VALID
2025-05-18 10:00:00,70.33,MARKET_FEED,VALID
2025-05-18 11:00:00,68.46829988465976,MARKET_FEED,VALID
2025-05-18 12:00:00,68.2,MARKET_FEED,VALID
2025-05-18 13:00:00,69.45,MARKET_FEED,VALID
2025-05-18 14:00:00,68.46829988465976,MARKET_FEED,VALID
2025-05-18 15:00:00,74.01,MARKET_FEED,VALID
2025-05-18 16:00:00,69.91,MARKET_FEED,VALID
2025-05-18 17:00:00,64.33,MARKET_FEED,VALID
2025-05-18 18:00:00,78.28,MARKET_FEED,VALID
2025-05-18 19:00:00,71.97,MARKET_FEED,VALID
2025-05-18 20:00:00,75.28,MARKET_FEED,VALID
2025-05-18 21:00:00,58.67,MARKET_FEED,VALID
2025-05-18 22:00:00,66.2,MARKET_FEED,VALID
2025-05-18 23:00:00,57.89,MARKET_FEED,VALID
2025-05-19 00:00:00,64.42,MARKET_FEED,VALID
2025-05-19 01:00:00,58.97,MARKET_FEED,VALID
2025-05-19 02:00:00,57.04,MARKET_FEED,VALID
2025-05-19 03:00:00,55.37,MARKET_FEED,VALID
2025-05-19 04:00:00,63.71,MARKET_FEED,VALID
2025-05-19 05:00:00,64.31,MARKET_FEED,VALID
2025-05-19 06:00:00,64.37,MARKET_FEED,VALID
2025-05-19 07:00:00,75.5,MARKET_FEED,VALID
2025-05-19 08:00:00,76.47,MARKET_FEED,VALID
2025-05-19 09:00:00,60.79,MARKET_FEED,VALID
2025-05-19 10:00:00,70.76,MARKET_FEED,VALID
2025-05-19 11:00:00,68.46829988465976,MARKET_FEED,VALID
2025-05-19 12:00:00,68.21,MARKET_FEED,VALID
2025-05-19 13:00:00,68.46829988465976,MARKET_FEED,VALID
2025-05-19 14:00:00,62.68,MARKET_FEED,VALID
2025-05-19 15:00:00,73.29,MARKET_FEED,VALID
2025-05-19 16:00:00,81.08,MARKET_FEED,VALID
2025-05-19 17:00:00,74.4,MARKET_FEED,VALID
2025-05-19 18:00:00,64.77,MARKET_FEED,VALID
2025-05-19 19:00:00,65.8,MARKET_FEED,VALID
2025-05-19 20:00:00,64.51,MARKET_FEED,VALID
2025-05-19 21:00:00,66.08,MARKET_FEED,VALID
2025-05-19 22:00:00,55.55,MARKET_FEED,VALID
2025-05-19 23:00:00,50.14,MARKET_FEED,VALID
2025-05-20 00:00:00,59.21,MARKET_FEED,VALID
2025-05-20 01:00:00,59.5,MARKET_FEED,VALID
2025-05-20 02:00:00,65.04,MARKET_FEED,VALID
2025-05-20 03:00:00,65.32,MARKET_FEED,VALID
2025-05-20 04:00:00,57.72,MARKET_FEED,VALID
2025-05-20 05:00:00,67.34,MARKET_FEED,VALID
2025-05-20 06:00:00,70.31,MARKET_FEED,VALID
2025-05-20 07:00:00,65.25,MARKET_FEED,VALID
2025-05-20 08:00:00,73.76,MARKET_FEED,VALID
2025-05-20 09:00:00,74.41,MARKET_FEED,VALID
2025-05-20 10:00:00,73.66,MARKET_FEED,VALID
2025-05-20 11:00:00,63.13,MARKET_FEED,VALID
2025-05-20 12:00:00,76.35,MARKET_FEED,VALID
2025-05-20 13:00:00,82.29,MARKET_FEED,VALID
2025-05-20 14:00:00,78.52,MARKET_FEED,VALID
2025-05-20 15:00:00,85.94,MARKET_FEED,VALID
2025-05-20 16:00:00,75.21,MARKET_FEED,VALID
2025-05-20 17:00:00,74.9,MARKET_FEED,VALID
2025-05-20 18:00:00,75.78,MARKET_FEED,VALID
2025-05-20 19:00:00,65.33,MARKET_FEED,VALID
2025-05-20 20:00:00,72.98,MARKET_FEED,VALID
2025-05-20 21:00:00,60.99,MARKET_FEED,VALID
2025-05-20 22:00:00,51.57,MARKET_FEED,VALID
2025-05-20 23:00:00,57.34,MARKET_FEED,VALID
2025-05-21 00:00:00,56.27,MARKET_FEED,VALID
2025-05-21 01:00:00,59.97,MARKET_FEED,VALID
2025-05-21 02:00:00,45.94,MARKET_FEED,VALID
2025-05-21 03:00:00,60.53,MARKET_FEED,VALID
2025-05-21 04:00:00,62.52,MARKET_FEED,VALID
2025-05-21 05:00:00,71.88,MARKET_FEED,VALID
2025-05-21 06:00:00,64.75,MARKET_FEED,VALID
2025-05-21 07:00:00,71.31,MARKET_FEED,VALID
2025-05-21 08:00:00,71.8,MARKET_FEED,VALID
2025-05-21 09:00:00,73.14,MARKET_FEED,VALID
2025-05-21 10:00:00,73.05,MARKET_FEED,VALID
2025-05-21 11:00:00,86.17,MARKET_FEED,VALID
2025-05-21 12:00:00,75.13,MARKET_FEED,VALID
2025-05-21 13:00:00,74.6,MARKET_FEED,VALID
2025-05-21 14:00:00,76.11,MARKET_FEED,VALID
2025-05-21 15:00:00,77.16,MARKET_FEED,VALID
2025-05-21 16:00:00,86.79,MARKET_FEED,VALID
2025-05-21 17:00:00,77.88,MARKET_FEED,VALID
2025-05-21 18:00:00,75.56,MARKET_FEED,VALID
2025-05-21 19:00:00,70.73,MARKET_FEED,VALID
2025-05-21 20:00:00,67.82,MARKET_FEED,VALID
2025-05-21 21:00:00,63.04,MARKET_FEED,VALID
2025-05-21 22:00:00,66.27,MARKET_FEED,VALID
2025-05-21 23:00:00,51.84,MARKET_FEED,VALID
2025-05-22 00:00:00,63.19,MARKET_FEED,VALID
2025-05-22 01:00:00,60.41,MARKET_FEED,VALID
2025-05-22 02:00:00,69.39,MARKET_FEED,VALID
2025-05-22 03:00:00,64.67,MARKET_FEED,VALID
2025-05-22 04:00:00,56.43,MARKET_FEED,VALID
2025-05-22 05:00:00,65.84,MARKET_FEED,VALID
2025-05-22 06:00:00,75.74,MARKET_FEED,VALID
2025-05-22 07:00:00,69.67,MARKET_FEED,VALID
2025-05-22 08:00:00,70.02,MARKET_FEED,VALID
2025-05-22 09:00:00,81.49,MARKET_FEED,VALID
2025-05-22 10:00:00,69.65,MARKET_FEED,VALID
2025-05-22 11:00:00,69.46,MARKET_FEED,VALID
2025-05-22 12:00:00,68.9,MARKET_FEED,VALID
2025-05-22 13:00:00,78.65,MARKET_FEED,VALID
2025-05-22 14:00:00,72.9,MARKET_FEED,VALID
2025-05-22 15:00:00,83.15,MARKET_FEED,VALID
2025-05-22 16:00:00,80.67,MARKET_FEED,VALID
2025-05-22 17:00:00,71.09,MARKET_FEED,VALID
2025-05-22 18:00:00,79.35,MARKET_FEED,VALID
2025-05-22 19:00:00,69.34,MARKET_FEED,VALID
2025-05-22 20:00:00,63.39,MARKET_FEED,VALID
2025-05-22 21:00:00,57.62,MARKET_FEED,VALID
2025-05-22 22:00:00,56.56,MARKET_FEED,VALID
2025-05-22 23:00:00,61.26,MARKET_FEED,VALID
2025-05-23 00:00:00,57.41,MARKET_FEED,VALID
2025-05-23 01:00:00,57.58,MARKET_FEED,VALID
2025-05-23 02:00:00,57.04,MARKET_FEED,VALID
2025-05-23 03:00:00,70.17,MARKET_FEED,VALID
2025-05-23 04:00:00,67.79,MARKET_FEED,VALID
2025-05-23 05:00:00,73.36,MARKET_FEED,VALID
2025-05-23 06:00:00,64.79,MARKET_FEED,VALID
2025-05-23 07:00:00,74.44,MARKET_FEED,VALID
2025-05-23 08:00:00,65.21,MARKET_FEED,VALID
2025-05-23 09:00:00,51.73,MARKET_FEED,VALID
2025-05-23 10:00:00,67.45,MARKET_FEED,VALID
2025-05-23 11:00:00,73.09,MARKET_FEED,VALID
2025-05-23 12:00:00,75.56,MARKET_FEED,VALID
2025-05-23 13:00:00,82.53,MARKET_FEED,VALID
2025-05-23 14:00:00,66.5,MARKET_FEED,VALID
2025-05-23 15:00:00,80.54,MARKET_FEED,VALID
2025-05-23 16:00:00,77.17,MARKET_FEED,VALID
2025-05-23 17:00:00,65.97,MARKET_FEED,VALID
2025-05-23 18:00:00,80.56,MARKET_FEED,VALID
2025-05-23 19:00:00,73.81,MARKET_FEED,VALID
2025-05-23 20:00:00,64.48,MARKET_FEED,VALID
2025-05-23 21:00:00,71.14,MARKET_FEED,VALID
2025-05-23 22:00:00,54.31,MARKET_FEED,VALID
2025-05-23 23:00:00,60.24,MARKET_FEED,VALID
2025-05-24 00:00:00,57.9,MARKET_FEED,VALID
2025-05-24 01:00:00,56.23,MARKET_FEED,VALID
2025-05-24 02:00:00,59.01,MARKET_FEED,VALID
2025-05-24 03:00:00,59.99,MARKET_FEED,VALID
2025-05-24 04:00:00,56.28,MARKET_FEED,VALID
2025-05-24 05:00:00,65.72,MARKET_FEED,VALID
2025-05-24 06:00:00,63.78,MARKET_FEED,VALID
2025-05-24 07:00:00,68.78,MARKET_FEED,VALID
2025-05-24 08:00:00,76.43,MARKET_FEED,VALID
2025-05-24 09:00:00,63.78,MARKET_FEED,VALID
2025-05-24 10:00:00,71.22,MARKET_FEED,VALID
2025-05-24 11:00:00,65.36,MARKET_FEED,VALID
2025-05-24 12:00:00,64.47,MARKET_FEED,VALID
2025-05-24 13:00:00,70.81,MARKET_FEED,VALID
2025-05-24 14:00:00,79.35,MARKET_FEED,VALID
2025-05-24 15:00:00,84.38,MARKET_FEED,VALID
2025-05-24 16:00:00,85.87,MARKET_FEED,VALID
2025-05-24 17:00:00,75.57,MARKET_FEED,VALID
2025-05-24 18:00:00,69.18,MARKET_FEED,VALID
2025-05-24 19:00:00,66.33,MARKET_FEED,VALID
2025-05-24 20:00:00,70.2,MARKET_FEED,VALID
2025-05-24 21:00:00,74.41,MARKET_FEED,VALID
2025-05-24 22:00:00,61.55,MARKET_FEED,VALID
2025-05-24 23:00:00,67.86,MARKET_FEED,VALID
2025-05-25 00:00:00,51.02,MARKET_FEED,VALID
2025-05-25 01:00:00,60.3,MARKET_FEED,VALID
2025-05-25 02:00:00,57.85,MARKET_FEED,VALID
2025-05-25 03:00:00,58.15,MARKET_FEED,VALID
2025-05-25 04:00:00,60.68,MARKET_FEED,VALID
2025-05-25 05:00:00,61.43,MARKET_FEED,VALID
2025-05-25 06:00:00,67.97,MARKET_FEED,VALID
2025-05-25 07:00:00,71.16,MARKET_FEED,VALID
2025-05-25 08:00:00,76.73,MARKET_FEED,VALID
2025-05-25 09:00:00,61.24,MARKET_FEED,VALID
2025-05-25 10:00:00,68.46829988465976,MARKET_FEED,VALID
2025-05-25 11:00:00,78.96,MARKET_FEED,VALID
2025-05-25 12:00:00,59.65,MARKET_FEED,VALID
2025-05-25 13:00:00,68.46829988465976,MARKET_FEED,VALID
2025-05-25 14:00:00,76.69,MARKET_FEED,VALID
2025-05-25 15:00:00,67.81,MARKET_FEED,VALID
2025-05-25 16:00:00,75.09,MARKET_FEED,VALID
2025-05-25 17:00:00,68.47,MARKET_FEED,VALID
2025-05-25 18:00:00,70.21,MARKET_FEED,VALID
2025-05-25 19:00:00,70.98,MARKET_FEED,VALID
2025-05-25 20:00:00,61.37,MARKET_FEED,VALID
2025-05-25 21:00:00,62.84,MARKET_FEED,VALID
2025-05-25 22:00:00,63.1,MARKET_FEED,VALID
2025-05-25 23:00:00,60.76,MARKET_FEED,VALID
2025-05-26 00:00:00,60.03,MARKET_FEED,VALID
2025-05-26 01:00:00,51.52,MARKET_FEED,VALID
2025-05-26 02:00:00,58.57,MARKET_FEED,VALID
2025-05-26 03:00:00,58.92,MARKET_FEED,VALID
2025-05-26 04:00:00,69.63,MARKET_FEED,VALID
2025-05-26 05:00:00,64.11,MARKET_FEED,VALID
2025-05-26 06:00:00,70.22,MARKET_FEED,VALID
2025-05-26 07:00:00,68.81,MARKET_FEED,VALID
2025-05-26 08:00:00,71.55,MARKET_FEED,VALID
2025-05-26 09:00:00,72.22,MARKET_FEED,VALID
2025-05-26 10:00:00,58.23,MARKET_FEED,VALID
2025-05-26 11:00:00,71.57,MARKET_FEED,VALID
2025-05-26 12:00:00,78.8,MARKET_FEED,VALID
2025-05-26 13:00:00,68.46829988465976,MARKET_FEED,VALID
2025-05-26 14:00:00,78.58,MARKET_FEED,VALID
2025-05-26 15:00:00,86.68,MARKET_FEED,VALID
2025-05-26 16:00:00,75.19,MARKET_FEED,VALID
2025-05-26 17:00:00,80.42,MARKET_FEED,VALID
2025-05-26 18:00:00,65.71,MARKET_FEED,VALID
2025-05-26 19:00:00,65.13,MARKET_FEED,VALID
2025-05-26 20:00:00,67.18,MARKET_FEED,VALID
2025-05-26 21:00:00,65.19,MARKET_FEED,VALID
2025-05-26 22:00:00,62.91,MARKET_FEED,VALID
2025-05-26 23:00:00,68.81,MARKET_FEED,VALID
2025-05-27 00:00:00,66.02,MARKET_FEED,VALID
2025-05-27 01:00:00,59.65,MARKET_FEED,VALID
2025-05-27 02:00:00,58.33,MARKET_FEED,VALID
2025-05-27 03:00:00,66.34,MARKET_FEED,VALID
2025-05-27 04:00:00,58.88,MARKET_FEED,VALID
2025-05-27 05:00:00,66.19,MARKET_FEED,VALID
2025-05-27 06:00:00,59.23,MARKET_FEED,VALID
2025-05-27 07:00:00,71.08,MARKET_FEED,VALID
2025-05-27 08:00:00,84.85,MARKET_FEED,VALID
2025-05-27 09:00:00,74.82,MARKET_FEED,VALID
2025-05-27 10:00:00,76.51,MARKET_FEED,VALID
2025-05-27 11:00:00,79.84,MARKET_FEED,VALID
2025-05-27 12:00:00,63.18,MARKET_FEED,VALID
2025-05-27 13:00:00,77.6,MARKET_FEED,VALID
2025-05-27 14:00:00,78.18,MARKET_FEED,VALID
2025-05-27 15:00:00,84.46,MARKET_FEED,VALID
2025-05-27 16:00:00,81.01,MARKET_FEED,VALID
2025-05-27 17:00:00,70.38,MARKET_FEED,VALID
2025-05-27 18:00:00,81.33,MARKET_FEED,VALID
2025-05-27 19:00:00,69.12,MARKET_FEED,VALID
2025-05-27 20:00:00,76.25,MARKET_FEED,VALID
2025-05-27 21:00:00,63.27,MARKET_FEED,VALID
2025-05-27 22:00:00,56.9,MARKET_FEED,VALID
2025-05-27 23:00:00,53.92,MARKET_FEED,VALID
2025-05-28 00:00:00,51.03,MARKET_FEED,VALID
2025-05-28 01:00:00,61.95,MARKET_FEED,VALID
2025-05-28 02:00:00,56.2,MARKET_FEED,VALID
2025-05-28 03:00:00,63.57,MARKET_FEED,VALID
2025-05-28 04:00:00,57.29,MARKET_FEED,VALID
2025-05-28 05:00:00,66.65,MARKET_FEED,VALID
2025-05-28 06:00:00,65.91,MARKET_FEED,VALID
2025-05-28 07:00:00,69.8,MARKET_FEED,VALID
2025-05-28 08:00:00,76.27,MARKET_FEED,VALID
2025-05-28 09:00:00,77.74,MARKET_FEED,VALID
2025-05-28 10:00:00,76.5,MARKET_FEED,VALID
2025-05-28 11:00:00,78.42,MARKET_FEED,VALID
2025-05-28 12:00:00,73.49,MARKET_FEED,VALID
2025-05-28 13:00:00,59.77,MARKET_FEED,VALID
2025-05-28 14:00:00,70.83,MARKET_FEED,VALID
2025-05-28 15:00:00,83.4,MARKET_FEED,VALID
2025-05-28 16:00:00,70.98,MARKET_FEED,VALID
2025-05-28 17:00:00,70.69,MARKET_FEED,VALID
2025-05-28 18:00:00,74.9,MARKET_FEED,VALID
2025-05-28 19:00:00,67.52,MARKET_FEED,VALID
2025-05-28 20:00:00,57.89,MARKET_FEED,VALID
2025-05-28 21:00:00,66.0,MARKET_FEED,VALID
2025-05-28 22:00:00,60.31,MARKET_FEED,VALID
2025-05-28 23:00:00,53.1,MARKET_FEED,VALID
2025-05-29 00:00:00,59.07,MARKET_FEED,VALID
2025-05-29 01:00:00,43.29,MARKET_FEED,VALID
2025-05-29 02:00:00,53.96,MARKET_FEED,VALID
2025-05-29 03:00:00,68.52,MARKET_FEED,VALID
2025-05-29 04:00:00,66.08,MARKET_FEED,VALID
2025-05-29 05:00:00,63.54,MARKET_FEED,VALID
2025-05-29 06:00:00,69.28,MARKET_FEED,VALID
2025-05-29 07:00:00,63.3,MARKET_FEED,VALID
2025-05-29 08:00:00,80.97,MARKET_FEED,VALID
2025-05-29 09:00:00,76.68,MARKET_FEED,VALID
2025-05-29 10:00:00,78.65,MARKET_FEED,VALID
2025-05-29 11:00:00,70.66,MARKET_FEED,VALID
2025-05-29 12:00:00,68.46829988465976,MARKET_FEED,VALID
2025-05-29 13:00:00,68.32,MARKET_FEED,VALID
2025-05-29 14:00:00,80.97,MARKET_FEED,VALID
2025-05-29 15:00:00,82.56,MARKET_FEED,VALID
2025-05-29 16:00:00,75.72,MARKET_FEED,VALID
2025-05-29 17:00:00,75.09,MARKET_FEED,VALID
2025-05-29 18:00:00,79.21,MARKET_FEED,VALID
2025-05-29 19:00:00,76.77,MARKET_FEED,VALID
2025-05-29 20:00:00,60.46,MARKET_FEED,VALID
2025-05-29 21:00:00,64.93,MARKET_FEED,VALID
2025-05-29 22:00:00,54.08,MARKET_FEED,VALID
2025-05-29 23:00:00,60.89,MARKET_FEED,VALID
2025-05-30 00:00:00,55.08,MARKET_FEED,VALID
2025-05-30 01:00:00,51.13,MARKET_FEED,VALID
2025-05-30 02:00:00,65.02,MARKET_FEED,VALID
2025-05-30 03:00:00,65.28,MARKET_FEED,VALID
2025-05-30 04:00:00,57.6,MARKET_FEED,VALID
2025-05-30 05:00:00,66.25,MARKET_FEED,VALID
2025-05-30 06:00:00,66.16,MARKET_FEED,VALID
2025-05-30 07:00:00,69.06,MARKET_FEED,VALID
2025-05-30 08:00:00,77.31,MARKET_FEED,VALID
2025-05-30 09:00:00,77.26,MARKET_FEED,VALID
2025-05-30 10:00:00,75.79,MARKET_FEED,VALID
2025-05-30 11:00:00,85.24,MARKET_FEED,VALID
2025-05-30 12:00:00,75.08,MARKET_FEED,VALID
2025-05-30 13:00:00,73.62,MARKET_FEED,VALID
2025-05-30 14:00:00,66.81,MARKET_FEED,VALID
2025-05-30 15:00:00,88.42,MARKET_FEED,VALID
2025-05-30 16:00:00,72.49,MARKET_FEED,VALID
2025-05-30 17:00:00,82.58,MARKET_FEED,VALID
2025-05-30 18:00:00,68.09,MARKET_FEED,VALID
2025-05-30 19:00:00,69.61,MARKET_FEED,VALID
2025-05-30 20:00:00,70.16,MARKET_FEED,VALID
2025-05-30 21:00:00,75.98,MARKET_FEED,VALID
2025-05-30 22:00:00,57.24,MARKET_FEED,VALID
2025-05-30 23:00:00,67.14,MARKET_FEED,VALID
2025-05-31 00:00:00,55.01,MARKET_FEED,VALID
2025-05-31 01:00:00,59.76,MARKET_FEED,VALID
2025-05-31 02:00:00,52.95,MARKET_FEED,VALID
2025-05-31 03:00:00,60.58,MARKET_FEED,VALID
2025-05-31 04:00:00,64.48,MARKET_FEED,VALID
2025-05-31 05:00:00,68.38,MARKET_FEED,VALID
2025-05-31 06:00:00,71.01,MARKET_FEED,VALID
2025-05-31 07:00:00,69.72,MARKET_FEED,VALID
2025-05-31 08:00:00,71.03,MARKET_FEED,VALID
2025-05-31 09:00:00,78.12,MARKET_FEED,VALID
2025-05-31 10:00:00,67.12,MARKET_FEED,VALID
2025-05-31 11:00:00,67.34,MARKET_FEED,VALID
2025-05-31 12:00:00,68.46829988465976,MARKET_FEED,VALID
2025-05-31 13:00:00,68.86,MARKET_FEED,VALID
2025-05-31 14:00:00,76.55,MARKET_FEED,VALID
2025-05-31 15:00:00,70.09,MARKET_FEED,VALID
2025-05-31 16:00:00,79.5,MARKET_FEED,VALID
2025-05-31 17:00:00,80.96,MARKET_FEED,VALID
2025-05-31 18:00:00,64.56,MARKET_FEED,VALID
2025-05-31 19:00:00,67.09,MARKET_FEED,VALID
2025-05-31 20:00:00,67.09,MARKET_FEED,VALID
2025-05-31 21:00:00,59.83,MARKET_FEED,VALID
2025-05-31 22:00:00,63.81,MARKET_FEED,VALID
2025-05-31 23:00:00,54.21,MARKET_FEED,VALID
2025-06-01 00:00:00,60.34,MARKET_FEED,VALID
2025-06-01 01:00:00,57.78,MARKET_FEED,VALID
2025-06-01 02:00:00,54.41,MARKET_FEED,VALID
2025-06-01 03:00:00,52.99,MARKET_FEED,VALID
2025-06-01 04:00:00,63.35,MARKET_FEED,VALID
2025-06-01 05:00:00,73.69,MARKET_FEED,VALID
2025-06-01 06:00:00,70.68,MARKET_FEED,VALID
2025-06-01 07:00:00,73.59,MARKET_FEED,VALID
2025-06-01 08:00:00,71.18,MARKET_FEED,VALID
2025-06-01 09:00:00,71.65,MARKET_FEED,VALID
2025-06-01 10:00:00,66.98,MARKET_FEED,VALID
2025-06-01 11:00:00,66.91,MARKET_FEED,VALID
2025-06-01 12:00:00,69.48,MARKET_FEED,VALID
2025-06-01 13:00:00,57.25,MARKET_FEED,VALID
2025-06-01 14:00:00,68.46829988465976,MARKET_FEED,VALID
2025-06-01 15:00:00,71.04,MARKET_FEED,VALID
2025-06-01 16:00:00,77.36,MARKET_FEED,VALID
2025-06-01 17:00:00,71.31,MARKET_FEED,VALID
2025-06-01 18:00:00,63.26,MARKET_FEED,VALID
2025-06-01 19:00:00,72.13,MARKET_FEED,VALID
2025-06-01 20:00:00,66.84,MARKET_FEED,VALID
2025-06-01 21:00:00,68.0,MARKET_FEED,VALID
2025-06-01 22:00:00,69.11,MARKET_FEED,VALID
2025-06-01 23:00:00,61.9,MARKET_FEED,VALID
2025-06-02 00:00:00,62.52,MARKET_FEED,VALID
2025-06-02 01:00:00,62.04,MARKET_FEED,VALID
2025-06-02 02:00:00,67.2,MARKET_FEED,VALID
2025-06-02 03:00:00,55.51,MARKET_FEED,VALID
2025-06-02 04:00:00,60.07,MARKET_FEED,VALID
2025-06-02 05:00:00,61.26,MARKET_FEED,VALID
2025-06-02 06:00:00,67.18,MARKET_FEED,VALID
2025-06-02 07:00:00,66.53,MARKET_FEED,VALID
2025-06-02 08:00:00,68.1,MARKET_FEED,VALID
2025-06-02 09:00:00,69.76,MARKET_FEED,VALID
2025-06-02 10:00:00,69.32,MARKET_FEED,VALID
2025-06-02 11:00:00,67.39,MARKET_FEED,VALID
2025-06-02 12:00:00,64.88,MARKET_FEED,VALID
2025-06-02 13:00:00,82.03,MARKET_FEED,VALID
2025-06-02 14:00:00,74.03,MARKET_FEED,VALID
2025-06-02 15:00:00,77.09,MARKET_FEED,VALID
2025-06-02 16:00:00,83.62,MARKET_FEED,VALID
2025-06-02 17:00:00,76.53,MARKET_FEED,VALID
2025-06-02 18:00:00,68.35,MARKET_FEED,VALID
2025-06-02 19:00:00,75.39,MARKET_FEED,VALID
2025-06-02 20:00:00,71.57,MARKET_FEED,VALID
2025-06-02 21:00:00,68.32,MARKET_FEED,VALID
2025-06-02 22:00:00,66.01,MARKET_FEED,VALID
2025-06-02 23:00:00,62.13,MARKET_FEED,VALID
2025-06-03 00:00:00,61.6,MARKET_FEED,VALID
2025-06-03 01:00:00,62.73,MARKET_FEED,VALID
2025-06-03 02:00:00,55.31,MARKET_FEED,VALID
2025-06-03 03:00:00,59.23,MARKET_FEED,VALID
2025-06-03 04:00:00,54.72,MARKET_FEED,VALID
2025-06-03 05:00:00,71.4,MARKET_FEED,VALID
2025-06-03 06:00:00,69.15,MARKET_FEED,VALID
2025-06-03 07:00:00,63.65,MARKET_FEED,VALID
2025-06-03 08:00:00,61.6,MARKET_FEED,VALID
2025-06-03 09:00:00,76.59,MARKET_FEED,VALID
2025-06-03 10:00:00,69.14,MARKET_FEED,VALID
2025-06-03 11:00:00,67.22,MARKET_FEED,VALID
2025-06-03 12:00:00,76.08,MARKET_FEED,VALID
2025-06-03 13:00:00,75.88,MARKET_FEED,VALID
2025-06-03 14:00:00,84.27,MARKET_FEED,VALID
2025-06-03 15:00:00,85.13,MARKET_FEED,VALID
2025-06-03 16:00:00,78.76,MARKET_FEED,VALID
2025-06-03 17:00:00,84.61,MARKET_FEED,VALID
2025-06-03 18:00:00,70.95,MARKET_FEED,VALID
2025-06-03 19:00:00,71.63,MARKET_FEED,VALID
2025-06-03 20:00:00,69.34,MARKET_FEED,VALID
2025-06-03 21:00:00,67.85,MARKET_FEED,VALID
2025-06-03 22:00:00,56.05,MARKET_FEED,VALID
2025-06-03 23:00:00,63.78,MARKET_FEED,VALID
2025-06-04 00:00:00,61.54,MARKET_FEED,VALID
2025-06-04 01:00:00,50.99,MARKET_FEED,VALID
2025-06-04 02:00:00,59.2,MARKET_FEED,VALID
2025-06-04 03:00:00,58.62,MARKET_FEED,VALID
2025-06-04 04:00:00,71.1,MARKET_FEED,VALID
2025-06-04 05:00:00,66.05,MARKET_FEED,VALID
2025-06-04 06:00:00,65.11,MARKET_FEED,VALID
2025-06-04 07:00:00,67.54,MARKET_FEED,VALID
2025-06-04 08:00:00,77.86,MARKET_FEED,VALID
2025-06-04 09:00:00,76.92,MARKET_FEED,VALID
2025-06-04 10:00:00,72.68,MARKET_FEED,VALID
2025-06-04 11:00:00,72.62,MARKET_FEED,VALID
2025-06-04 12:00:00,68.46829988465976,MARKET_FEED,VALID
2025-06-04 13:00:00,79.17,MARKET_FEED,VALID
2025-06-04 14:00:00,70.24,MARKET_FEED,VALID
2025-06-04 15:00:00,74.01,MARKET_FEED,VALID
2025-06-04 16:00:00,76.9,MARKET_FEED,VALID
2025-06-04 17:00:00,75.89,MARKET_FEED,VALID
2025-06-04 18:00:00,74.25,MARKET_FEED,VALID
2025-06-04 19:00:00,71.27,MARKET_FEED,VALID
2025-06-04 20:00:00,68.27,MARKET_FEED,VALID
2025-06-04 21:00:00,61.08,MARKET_FEED,VALID
2025-06-04 22:00:00,54.35,MARKET_FEED,VALID
2025-06-04 23:00:00,50.07,MARKET_FEED,VALID
2025-06-05 00:00:00,62.04,MARKET_FEED,VALID
2025-06-05 01:00:00,46.29,MARKET_FEED,VALID
2025-06-05 02:00:00,59.83,MARKET_FEED,VALID
2025-06-05 03:00:00,62.0,MARKET_FEED,VALID
2025-06-05 04:00:00,64.56,MARKET_FEED,VALID
2025-06-05 05:00:00,66.28,MARKET_FEED,VALID
2025-06-05 06:00:00,66.53,MARKET_FEED,VALID
2025-06-05 07:00:00,63.46,MARKET_FEED,VALID
2025-06-05 08:00:00,69.88,MARKET_FEED,VALID
2025-06-05 09:00:00,82.57,MARKET_FEED,VALID
2025-06-05 10:00:00,80.35,MARKET_FEED,VALID
2025-06-05 11:00:00,64.42,MARKET_FEED,VALID
2025-06-05 12:00:00,68.46829988465976,MARKET_FEED,VALID
2025-06-05 13:00:00,85.4,MARKET_FEED,VALID
2025-06-05 14:00:00,68.1,MARKET_FEED,VALID
2025-06-05 15:00:00,80.35,MARKET_FEED,VALID
2025-06-05 16:00:00,79.45,MARKET_FEED,VALID
2025-06-05 17:00:00,80.94,MARKET_FEED,VALID
2025-06-05 18:00:00,77.92,MARKET_FEED,VALID
2025-06-05 19:00:00,73.01,MARKET_FEED,VALID
2025-06-05 20:00:00,67.43,MARKET_FEED,VALID
2025-06-05 21:00:00,66.68,MARKET_FEED,VALID
2025-06-05 22:00:00,76.99,MARKET_FEED,VALID
2025-06-05 23:00:00,77.15,MARKET_FEED,VALID
2025-06-06 00:00:00,61.52,MARKET_FEED,VALID
2025-06-06 01:00:00,56.03,MARKET_FEED,VALID
2025-06-06 02:00:00,58.54,MARKET_FEED,VALID
2025-06-06 03:00:00,63.93,MARKET_FEED,VALID
2025-06-06 04:00:00,56.74,MARKET_FEED,VALID
2025-06-06 05:00:00,67.6,MARKET_FEED,VALID
2025-06-06 06:00:00,67.83,MARKET_FEED,VALID
2025-06-06 07:00:00,62.3,MARKET_FEED,VALID
2025-06-06 08:00:00,75.09,MARKET_FEED,VALID
2025-06-06 09:00:00,73.41,MARKET_FEED,VALID
2025-06-06 10:00:00,79.03,MARKET_FEED,VALID
2025-06-06 11:00:00,74.22,MARKET_FEED,VALID
2025-06-06 12:00:00,67.05,MARKET_FEED,VALID
2025-06-06 13:00:00,77.46,MARKET_FEED,VALID
2025-06-06 14:00:00,78.31,MARKET_FEED,VALID
2025-06-06 15:00:00,70.26,MARKET_FEED,VALID
2025-06-06 16:00:00,81.68,MARKET_FEED,VALID
2025-06-06 17:00:00,72.03,MARKET_FEED,VALID
2025-06-06 18:00:00,76.93,MARKET_FEED,VALID
2025-06-06 19:00:00,79.3,MARKET_FEED,VALID
2025-06-06 20:00:00,72.8,MARKET_FEED,VALID
2025-06-06 21:00:00,63.31,MARKET_FEED,VALID
2025-06-06 22:00:00,66.47,MARKET_FEED,VALID
2025-06-06 23:00:00,62.36,MARKET_FEED,VALID
2025-06-07 00:00:00,58.75,MARKET_FEED,VALID
2025-06-07 01:00:00,73.68,MARKET_FEED,VALID
2025-06-07 02:00:00,63.2,MARKET_FEED,VALID
2025-06-07 03:00:00,56.97,MARKET_FEED,VALID
2025-06-07 04:00:00,62.79,MARKET_FEED,VALID
2025-06-07 05:00:00,66.78,MARKET_FEED,VALID
2025-06-07 06:00:00,69.24,MARKET_FEED,VALID
2025-06-07 07:00:00,70.14,MARKET_FEED,VALID
2025-06-07 08:00:00,74.93,MARKET_FEED,VALID
2025-06-07 09:00:00,66.08,MARKET_FEED,VALID
2025-06-07 10:00:00,72.19,MARKET_FEED,VALID
2025-06-07 11:00:00,78.57,MARKET_FEED,VALID
2025-06-07 12:00:00,69.19,MARKET_FEED,VALID
2025-06-07 13:00:00,76.55,MARKET_FEED,VALID
2025-06-07 14:00:00,83.71,MARKET_FEED,VALID
2025-06-07 15:00:00,77.92,MARKET_FEED,VALID
2025-06-07 16:00:00,77.33,MARKET_FEED,VALID
2025-06-07 17:00:00,70.29,MARKET_FEED,VALID
2025-06-07 18:00:00,65.66,MARKET_FEED,VALID
2025-06-07 19:00:00,74.06,MARKET_FEED,VALID
2025-06-07 20:00:00,80.97,MARKET_FEED,VALID
2025-06-07 21:00:00,63.35,MARKET_FEED,VALID
2025-06-07 22:00:00,48.62,MARKET_FEED,VALID
2025-06-07 23:00:00,66.01,MARKET_FEED,VALID
2025-06-08 00:00:00,60.19,MARKET_FEED,VALID
2025-06-08 01:00:00,57.13,MARKET_FEED,VALID
2025-06-08 02:00:00,52.27,MARKET_FEED,VALID
2025-06-08 03:00:00,66.44,MARKET_FEED,VALID
2025-06-08 04:00:00,62.02,MARKET_FEED,VALID
2025-06-08 05:00:00,69.28,MARKET_FEED,VALID
2025-06-08 06:00:00,64.98,MARKET_FEED,VALID
2025-06-08 07:00:00,79.65,MARKET_FEED,VALID
2025-06-08 08:00:00,74.31,MARKET_FEED,VALID
2025-06-08 09:00:00,70.05,MARKET_FEED,VALID
2025-06-08 10:00:00,74.77,MARKET_FEED,VALID
2025-06-08 11:00:00,81.06,MARKET_FEED,VALID
2025-06-08 12:00:00,57.69,MARKET_FEED,VALID
2025-06-08 13:00:00,71.5,MARKET_FEED,VALID
2025-06-08 14:00:00,73.94,MARKET_FEED,VALID
2025-06-08 15:00:00,87.5,MARKET_FEED,VALID
2025-06-08 16:00:00,75.98,MARKET_FEED,VALID
2025-06-08 17:00:00,81.42,MARKET_FEED,VALID
2025-06-08 18:00:00,72.35,MARKET_FEED,VALID
2025-06-08 19:00:00,77.42,MARKET_FEED,VALID
2025-06-08 20:00:00,76.95,MARKET_FEED,VALID
2025-06-08 21:00:00,65.24,MARKET_FEED,VALID
2025-06-08 22:00:00,58.66,MARKET_FEED,VALID
2025-06-08 23:00:00,56.67,MARKET_FEED,VALID
2025-06-09 00:00:00,63.92,MARKET_FEED,VALID
2025-06-09 01:00:00,53.57,MARKET_FEED,VALID
2025-06-09 02:00:00,50.04,MARKET_FEED,VALID
2025-06-09 03:00:00,65.99,MARKET_FEED,VALID
2025-06-09 04:00:00,57.41,MARKET_FEED,VALID
2025-06-09 05:00:00,57.46,MARKET_FEED,VALID
2025-06-09 06:00:00,63.14,MARKET_FEED,VALID
2025-06-09 07:00:00,69.15,MARKET_FEED,VALID
2025-06-09 08:00:00,67.11,MARKET_FEED,VALID
2025-06-09 09:00:00,70.5,MARKET_FEED,VALID
2025-06-09 10:00:00,74.86,MARKET_FEED,VALID
2025-06-09 11:00:00,62.27,MARKET_FEED,VALID
2025-06-09 12:00:00,75.59,MARKET_FEED,VALID
2025-06-09 13:00:00,76.75,MARKET_FEED,VALID
2025-06-09 14:00:00,74.08,MARKET_FEED,VALID
2025-06-09 15:00:00,77.13,MARKET_FEED,VALID
2025-06-09 16:00:00,82.79,MARKET_FEED,VALID
2025-06-09 17:00:00,82.19,MARKET_FEED,VALID
2025-06-09 18:00:00,61.17,MARKET_FEED,VALID
2025-06-09 19:00:00,62.77,MARKET_FEED,VALID
2025-06-09 20:00:00,68.06,MARKET_FEED,VALID
2025-06-09 21:00:00,64.31,MARKET_FEED,VALID
2025-06-09 22:00:00,60.26,MARKET_FEED,VALID
2025-06-09 23:00:00,57.87,MARKET_FEED,VALID
2025-06-10 00:00:00,54.56,MARKET_FEED,VALID
2025-06-10 01:00:00,65.73,MARKET_FEED,VALID
2025-06-10 02:00:00,53.38,MARKET_FEED,VALID
2025-06-10 03:00:00,59.28,MARKET_FEED,VALID
2025-06-10 04:00:00,61.22,MARKET_FEED,VALID
2025-06-10 05:00:00,68.55,MARKET_FEED,VALID
2025-06-10 06:00:00,70.82,MARKET_FEED,VALID
2025-06-10 07:00:00,70.15,MARKET_FEED,VALID
2025-06-10 08:00:00,72.04,MARKET_FEED,VALID
2025-06-10 09:00:00,71.37,MARKET_FEED,VALID
2025-06-10 10:00:00,79.59,MARKET_FEED,VALID
2025-06-10 11:00:00,67.54,MARKET_FEED,VALID
2025-06-10 12:00:00,74.63,MARKET_FEED,VALID
2025-06-10 13:00:00,81.96,MARKET_FEED,VALID
2025-06-10 14:00:00,72.09,MARKET_FEED,VALID
2025-06-10 15:00:00,83.33,MARKET_FEED,VALID
2025-06-10 16:00:00,85.44,MARKET_FEED,VALID
2025-06-10 17:00:00,82.08,MARKET_FEED,VALID
2025-06-10 18:00:00,69.91,MARKET_FEED,VALID
2025-06-10 19:00:00,68.2,MARKET_FEED,VALID
2025-06-10 20:00:00,61.77,MARKET_FEED,VALID
2025-06-10 21:00:00,64.9,MARKET_FEED,VALID
2025-06-10 22:00:00,69.89,MARKET_FEED,VALID
2025-06-10 23:00:00,59.89,MARKET_FEED,VALID
2025-06-11 00:00:00,58.54,MARKET_FEED,VALID
2025-06-11 01:00:00,58.82,MARKET_FEED,VALID
2025-06-11 02:00:00,57.98,MARKET_FEED,VALID
2025-06-11 03:00:00,62.84,MARKET_FEED,VALID
2025-06-11 04:00:00,54.06,MARKET_FEED,VALID
2025-06-11 05:00:00,64.8,MARKET_FEED,VALID
2025-06-11 06:00:00,70.44,MARKET_FEED,VALID
2025-06-11 07:00:00,75.24,MARKET_FEED,VALID
2025-06-11 08:00:00,80.71,MARKET_FEED,VALID
2025-06-11 09:00:00,72.37,MARKET_FEED,VALID
2025-06-11 10:00:00,68.13,MARKET_FEED,VALID
2025-06-11 11:00:00,73.03,MARKET_FEED,VALID
2025-06-11 12:00:00,78.09,MARKET_FEED,VALID
2025-06-11 13:00:00,65.57,MARKET_FEED,VALID
2025-06-11 14:00:00,82.72,MARKET_FEED,VALID
2025-06-11 15:00:00,80.21,MARKET_FEED,VALID
2025-06-11 16:00:00,75.76,MARKET_FEED,VALID
2025-06-11 17:00:00,79.86,MARKET_FEED,VALID
2025-06-11 18:00:00,66.54,MARKET_FEED,VALID
2025-06-11 19:00:00,76.98,MARKET_FEED,VALID
2025-06-11 20:00:00,70.07,MARKET_FEED,VALID
2025-06-11 21:00:00,62.96,MARKET_FEED,VALID
2025-06-11 22:00:00,55.16,MARKET_FEED,VALID
2025-06-11 23:00:00,59.57,MARKET_FEED,VALID
2025-06-12 00:00:00,61.46,MARKET_FEED,VALID
2025-06-12 01:00:00,55.39,MARKET_FEED,VALID
2025-06-12 02:00:00,48.88,MARKET_FEED,VALID
2025-06-12 03:00:00,55.53,MARKET_FEED,VALID
2025-06-12 04:00:00,74.16,MARKET_FEED,VALID
2025-06-12 05:00:00,66.18,MARKET_FEED,VALID
2025-06-12 06:00:00,65.54,MARKET_FEED,VALID
2025-06-12 07:00:00,82.88,MARKET_FEED,VALID
2025-06-12 08:00:00,77.89,MARKET_FEED,VALID
2025-06-12 09:00:00,81.58,MARKET_FEED,VALID
2025-06-12 10:00:00,76.87,MARKET_FEED,VALID
2025-06-12 11:00:00,74.28,MARKET_FEED,VALID
2025-06-12 12:00:00,69.97,MARKET_FEED,VALID
2025-06-12 13:00:00,68.34,MARKET_FEED,VALID
2025-06-12 14:00:00,81.01,MARKET_FEED,VALID
2025-06-12 15:00:00,81.07,MARKET_FEED,VALID
2025-06-12 16:00:00,78.16,MARKET_FEED,VALID
2025-06-12 17:00:00,72.7,MARKET_FEED,VALID
2025-06-12 18:00:00,71.85,MARKET_FEED,VALID
2025-06-12 19:00:00,68.04,MARKET_FEED,VALID
2025-06-12 20:00:00,64.56,MARKET_FEED,VALID
2025-06-12 21:00:00,71.0,MARKET_FEED,VALID
2025-06-12 22:00:00,63.01,MARKET_FEED,VALID
2025-06-12 23:00:00,53.07,MARKET_FEED,VALID
2025-06-13 00:00:00,51.49,MARKET_FEED,VALID
2025-06-13 01:00:00,56.14,MARKET_FEED,VALID
2025-06-13 02:00:00,53.85,MARKET_FEED,VALID
2025-06-13 03:00:00,58.45,MARKET_FEED,VALID
2025-06-13 04:00:00,71.3,MARKET_FEED,VALID
2025-06-13 05:00:00,60.45,MARKET_FEED,VALID
2025-06-13 06:00:00,61.95,MARKET_FEED,VALID
2025-06-13 07:00:00,71.9,MARKET_FEED,VALID
2025-06-13 08:00:00,69.29,MARKET_FEED,VALID
2025-06-13 09:00:00,66.67,MARKET_FEED,VALID
2025-06-13 10:00:00,73.74,MARKET_FEED,VALID
2025-06-13 11:00:00,64.7,MARKET_FEED,VALID
2025-06-13 12:00:00,68.48,MARKET_FEED,VALID
2025-06-13 13:00:00,67.1,MARKET_FEED,VALID
2025-06-13 14:00:00,67.81,MARKET_FEED,VALID
2025-06-13 15:00:00,85.33,MARKET_FEED,VALID
2025-06-13 16:00:00,77.61,MARKET_FEED,VALID
2025-06-13 17:00:00,84.15,MARKET_FEED,VALID
2025-06-13 18:00:00,73.56,MARKET_FEED,VALID
2025-06-13 19:00:00,69.51,MARKET_FEED,VALID
2025-06-13 20:00:00,67.47,MARKET_FEED,VALID
2025-06-13 21:00:00,67.0,MARKET_FEED,VALID
2025-06-13 22:00:00,68.69,MARKET_FEED,VALID
2025-06-13 23:00:00,54.77,MARKET_FEED,VALID
2025-06-14 00:00:00,58.77,MARKET_FEED,VALID
2025-06-14 01:00:00,57.86,MARKET_FEED,VALID
2025-06-14 02:00:00,64.55,MARKET_FEED,VALID
2025-06-14 03:00:00,61.01,MARKET_FEED,VALID
2025-06-14 04:00:00,57.39,MARKET_FEED,VALID
2025-06-14 05:00:00,64.57,MARKET_FEED,VALID
2025-06-14 06:00:00,59.57,MARKET_FEED,VALID
2025-06-14 07:00:00,75.63,MARKET_FEED,VALID
2025-06-14 08:00:00,67.67,MARKET_FEED,VALID
2025-06-14 09:00:00,66.86,MARKET_FEED,VALID
2025-06-14 10:00:00,68.46829988465976,MARKET_FEED,VALID
2025-06-14 11:00:00,76.95,MARKET_FEED,VALID
2025-06-14 12:00:00,75.69,MARKET_FEED,VALID
2025-06-14 13:00:00,73.03,MARKET_FEED,VALID
2025-06-14 14:00:00,77.38,MARKET_FEED,VALID
2025-06-14 15:00:00,76.76,MARKET_FEED,VALID
2025-06-14 16:00:00,76.54,MARKET_FEED,VALID
2025-06-14 17:00:00,75.27,MARKET_FEED,VALID
2025-06-14 18:00:00,79.03,MARKET_FEED,VALID
2025-06-14 19:00:00,66.27,MARKET_FEED,VALID
2025-06-14 20:00:00,67.46,MARKET_FEED,VALID
2025-06-14 21:00:00,53.2,MARKET_FEED,VALID
2025-06-14 22:00:00,64.96,MARKET_FEED,VALID
2025-06-14 23:00:00,62.84,MARKET_FEED,VALID
2025-06-15 00:00:00,66.17,MARKET_FEED,VALID
2025-06-15 01:00:00,59.71,MARKET_FEED,VALID
2025-06-15 02:00:00,53.7,MARKET_FEED,VALID
2025-06-15 03:00:00,60.68,MARKET_FEED,VALID
2025-06-15 04:00:00,75.41,MARKET_FEED,VALID
2025-06-15 05:00:00,57.3,MARKET_FEED,VALID
2025-06-15 06:00:00,67.68,MARKET_FEED,VALID
2025-06-15 07:00:00,61.76,MARKET_FEED,VALID
2025-06-15 08:00:00,80.08,MARKET_FEED,VALID
2025-06-15 09:00:00,71.45,MARKET_FEED,VALID
2025-06-15 10:00:00,76.55,MARKET_FEED,VALID
2025-06-15 11:00:00,50.56,MARKET_FEED,VALID
2025-06-15 12:00:00,68.46829988465976,MARKET_FEED,VALID
2025-06-15 13:00:00,55.83,MARKET_FEED,VALID
2025-06-15 14:00:00,69.59,MARKET_FEED,VALID
2025-06-15 15:00:00,73.93,MARKET_FEED,VALID
2025-06-15 16:00:00,72.85,MARKET_FEED,VALID
2025-06-15 17:00:00,82.86,MARKET_FEED,VALID
2025-06-15 18:00:00,69.25,MARKET_FEED,VALID
2025-06-15 19:00:00,67.84,MARKET_FEED,VALID
2025-06-15 20:00:00,61.69,MARKET_FEED,VALID
2025-06-15 21:00:00,72.75,MARKET_FEED,VALID
2025-06-15 22:00:00,51.27,MARKET_FEED,VALID
2025-06-15 23:00:00,61.09,MARKET_FEED,VALID
2025-06-16 00:00:00,57.53,MARKET_FEED,VALID
2025-06-16 01:00:00,66.24,MARKET_FEED,VALID
2025-06-16 02:00:00,56.18,MARKET_FEED,VALID
2025-06-16 03:00:00,58.54,MARKET_FEED,VALID
2025-06-16 04:00:00,58.89,MARKET_FEED,VALID
2025-06-16 05:00:00,64.26,MARKET_FEED,VALID
2025-06-16 06:00:00,70.38,MARKET_FEED,VALID
2025-06-16 08:00:00,68.21,MARKET_FEED,VALID
2025-06-16 09:00:00,67.13,MARKET_FEED,VALID
2025-06-16 10:00:00,72.39,MARKET_FEED,VALID
2025-06-16 11:00:00,74.05,MARKET_FEED,VALID
2025-06-16 12:00:00,77.62,MARKET_FEED,VALID
2025-06-16 13:00:00,70.94,MARKET_FEED,VALID
2025-06-16 14:00:00,74.32,MARKET_FEED,VALID
2025-06-16 15:00:00,82.18,MARKET_FEED,VALID
2025-06-16 16:00:00,82.1,MARKET_FEED,VALID
2025-06-16 17:00:00,79.28,MARKET_FEED,VALID
2025-06-16 18:00:00,66.39,MARKET_FEED,VALID
2025-06-16 19:00:00,61.69,MARKET_FEED,VALID
2025-06-16 20:00:00,68.79,MARKET_FEED,VALID
2025-06-16 21:00:00,59.4,MARKET_FEED,VALID
2025-06-16 22:00:00,57.14,MARKET_FEED,VALID
2025-06-16 23:00:00,57.98,MARKET_FEED,VALID
2025-06-17 00:00:00,49.31,MARKET_FEED,VALID
2025-06-17 01:00:00,56.6,MARKET_FEED,VALID
2025-06-17 02:00:00,56.55,MARKET_FEED,VALID
2025-06-17 03:00:00,57.33,MARKET_FEED,VALID
2025-06-17 04:00:00,55.34,MARKET_FEED,VALID
2025-06-17 05:00:00,72.1,MARKET_FEED,VALID
2025-06-17 06:00:00,73.23,MARKET_FEED,VALID
2025-06-17 07:00:00,78.34,MARKET_FEED,VALID
2025-06-17 08:00:00,64.3,MARKET_FEED,VALID
2025-06-17 09:00:00,78.2,MARKET_FEED,VALID
2025-06-17 10:00:00,85.93,MARKET_FEED,VALID
2025-06-17 11:00:00,68.46829988465976,MARKET_FEED,VALID
2025-06-17 12:00:00,74.17,MARKET_FEED,VALID
2025-06-17 13:00:00,70.48,MARKET_FEED,VALID
2025-06-17 14:00:00,79.41,MARKET_FEED,VALID
2025-06-17 15:00:00,89.83,MARKET_FEED,VALID
2025-06-17 16:00:00,70.71,MARKET_FEED,VALID
2025-06-17 17:00:00,74.87,MARKET_FEED,VALID
2025-06-17 18:00:00,77.36,MARKET_FEED,VALID
2025-06-17 19:00:00,66.87,MARKET_FEED,VALID
2025-06-17 20:00:00,70.11,MARKET_FEED,VALID
2025-06-17 21:00:00,65.36,MARKET_FEED,VALID
2025-06-17 22:00:00,66.97,MARKET_FEED,VALID
2025-06-17 23:00:00,57.87,MARKET_FEED,VALID
2025-06-18 00:00:00,56.42,MARKET_FEED,VALID
2025-06-18 01:00:00,58.89,MARKET_FEED,VALID
2025-06-18 02:00:00,58.12,MARKET_FEED,VALID
2025-06-18 03:00:00,60.6,MARKET_FEED,VALID
2025-06-18 04:00:00,64.61,MARKET_FEED,VALID
2025-06-18 05:00:00,65.09,MARKET_FEED,VALID
2025-06-18 06:00:00,65.41,MARKET_FEED,VALID
2025-06-18 07:00:00,64.82,MARKET_FEED,VALID
2025-06-18 08:00:00,74.59,MARKET_FEED,VALID
2025-06-18 09:00:00,69.93,MARKET_FEED,VALID
2025-06-18 10:00:00,77.68,MARKET_FEED,VALID
2025-06-18 11:00:00,75.33,MARKET_FEED,VALID
2025-06-18 12:00:00,75.39,MARKET_FEED,VALID
2025-06-18 13:00:00,69.97,MARKET_FEED,VALID
2025-06-18 14:00:00,79.7,MARKET_FEED,VALID
2025-06-18 15:00:00,74.81,MARKET_FEED,VALID
2025-06-18 16:00:00,76.75,MARKET_FEED,VALID
2025-06-18 17:00:00,78.21,MARKET_FEED,VALID
2025-06-18 18:00:00,71.48,MARKET_FEED,VALID
2025-06-18 19:00:00,71.89,MARKET_FEED,VALID
2025-06-18 20:00:00,72.24,MARKET_FEED,VALID
2025-06-18 21:00:00,64.09,MARKET_FEED,VALID
2025-06-18 22:00:00,61.64,MARKET_FEED,VALID
2025-06-18 23:00:00,49.42,MARKET_FEED,VALID
2025-06-19 00:00:00,61.26,MARKET_FEED,VALID
2025-06-19 01:00:00,49.17,MARKET_FEED,VALID
2025-06-19 02:00:00,60.19,MARKET_FEED,VALID
2025-06-19 03:00:00,57.62,MARKET_FEED,VALID
2025-06-19 04:00:00,60.3,MARKET_FEED,VALID
2025-06-19 05:00:00,58.6,MARKET_FEED,VALID
2025-06-19 06:00:00,62.91,MARKET_FEED,VALID
2025-06-19 07:00:00,58.8,MARKET_FEED,VALID
2025-06-19 08:00:00,78.59,MARKET_FEED,VALID
2025-06-19 09:00:00,75.29,MARKET_FEED,VALID
2025-06-19 10:00:00,71.28,MARKET_FEED,VALID
2025-06-19 11:00:00,59.47,MARKET_FEED,VALID
2025-06-19 12:00:00,66.83,MARKET_FEED,VALID
2025-06-19 13:00:00,70.85,MARKET_FEED,VALID
2025-06-19 14:00:00,65.46,MARKET_FEED,VALID
2025-06-19 15:00:00,80.76,MARKET_FEED,VALID
2025-06-19 16:00:00,75.65,MARKET_FEED,VALID
2025-06-19 17:00:00,88.87,MARKET_FEED,VALID
2025-06-19 18:00:00,72.26,MARKET_FEED,VALID
2025-06-19 19:00:00,67.94,MARKET_FEED,VALID
2025-06-19 20:00:00,74.84,MARKET_FEED,VALID
2025-06-19 21:00:00,62.11,MARKET_FEED,VALID
2025-06-19 22:00:00,61.71,MARKET_FEED,VALID
2025-06-19 23:00:00,65.5,MARKET_FEED,VALID
2025-06-20 00:00:00,59.12,MARKET_FEED,VALID
2025-06-20 01:00:00,56.21,MARKET_FEED,VALID
2025-06-20 02:00:00,64.9,MARKET_FEED,VALID
2025-06-20 03:00:00,64.3,MARKET_FEED,VALID
2025-06-20 04:00:00,72.2,MARKET_FEED,VALID
2025-06-20 05:00:00,69.29,MARKET_FEED,VALID
2025-06-20 06:00:00,67.36,MARKET_FEED,VALID
2025-06-20 07:00:00,70.5,MARKET_FEED,VALID
2025-06-20 08:00:00,71.9,MARKET_FEED,VALID
2025-06-20 09:00:00,70.7,MARKET_FEED,VALID
2025-06-20 10:00:00,68.46829988465976,MARKET_FEED,VALID
2025-06-20 11:00:00,78.58,MARKET_FEED,VALID
2025-06-20 12:00:00,83.22,MARKET_FEED,VALID
2025-06-20 13:00:00,75.54,MARKET_FEED,VALID
2025-06-20 14:00:00,71.41,MARKET_FEED,VALID
2025-06-20 15:00:00,85.24,MARKET_FEED,VALID
2025-06-20 16:00:00,74.94,MARKET_FEED,VALID
2025-06-20 17:00:00,72.01,MARKET_FEED,VALID
2025-06-20 18:00:00,69.07,MARKET_FEED,VALID
2025-06-20 19:00:00,69.03,MARKET_FEED,VALID
2025-06-20 20:00:00,73.04,MARKET_FEED,VALID
2025-06-20 21:00:00,64.05,MARKET_FEED,VALID
2025-06-20 22:00:00,59.51,MARKET_FEED,VALID
2025-06-20 23:00:00,65.97,MARKET_FEED,VALID
2025-06-21 00:00:00,55.39,MARKET_FEED,VALID
2025-06-21 01:00:00,53.43,MARKET_FEED,VALID
2025-06-21 02:00:00,57.15,MARKET_FEED,VALID
2025-06-21 03:00:00,58.26,MARKET_FEED,VALID
2025-06-21 04:00:00,63.05,MARKET_FEED,VALID
2025-06-21 05:00:00,74.91,MARKET_FEED,VALID
2025-06-21 06:00:00,61.43,MARKET_FEED,VALID
2025-06-21 07:00:00,68.56,MARKET_FEED,VALID
2025-06-21 08:00:00,76.75,MARKET_FEED,VALID
2025-06-21 09:00:00,72.34,MARKET_FEED,VALID
2025-06-21 10:00:00,79.61,MARKET_FEED,VALID
2025-06-21 11:00:00,68.46829988465976,MARKET_FEED,VALID
2025-06-21 12:00:00,61.57,MARKET_FEED,VALID
2025-06-21 13:00:00,64.53,MARKET_FEED,VALID
2025-06-21 14:00:00,66.69,MARKET_FEED,VALID
2025-06-21 15:00:00,73.66,MARKET_FEED,VALID
2025-06-21 16:00:00,81.76,MARKET_FEED,VALID
2025-06-21 17:00:00,75.96,MARKET_FEED,VALID
2025-06-21 18:00:00,72.49,MARKET_FEED,VALID
2025-06-21 19:00:00,73.41,MARKET_FEED,VALID
2025-06-21 20:00:00,71.53,MARKET_FEED,VALID
2025-06-21 21:00:00,67.94,MARKET_FEED,VALID
2025-06-21 22:00:00,66.99,MARKET_FEED,VALID
2025-06-21 23:00:00,60.92,MARKET_FEED,VALID
2025-06-22 00:00:00,53.48,MARKET_FEED,VALID
2025-06-22 01:00:00,55.62,MARKET_FEED,VALID
2025-06-22 02:00:00,56.81,MARKET_FEED,VALID
2025-06-22 03:00:00,60.48,MARKET_FEED,VALID
2025-06-22 04:00:00,66.79,MARKET_FEED,VALID
2025-06-22 05:00:00,65.32,MARKET_FEED,VALID
2025-06-22 06:00:00,61.93,MARKET_FEED,VALID
2025-06-22 07:00:00,73.76,MARKET_FEED,VALID
2025-06-22 08:00:00,75.06,MARKET_FEED,VALID
2025-06-22 09:00:00,73.37,MARKET_FEED,VALID
2025-06-22 10:00:00,68.46829988465976,MARKET_FEED,VALID
2025-06-22 11:00:00,78.24,MARKET_FEED,VALID
2025-06-22 12:00:00,69.77,MARKET_FEED,VALID
2025-06-22 13:00:00,68.46829988465976,MARKET_FEED,VALID
2025-06-22 14:00:00,76.19,MARKET_FEED,VALID
2025-06-22 15:00:00,61.85,MARKET_FEED,VALID
2025-06-22 16:00:00,68.32,MARKET_FEED,VALID
2025-06-22 17:00:00,82.27,MARKET_FEED,VALID
2025-06-22 18:00:00,70.44,MARKET_FEED,VALID
2025-06-22 19:00:00,67.25,MARKET_FEED,VALID
2025-06-22 20:00:00,72.34,MARKET_FEED,VALID
2025-06-22 21:00:00,65.19,MARKET_FEED,VALID
2025-06-22 22:00:00,61.92,MARKET_FEED,VALID
2025-06-22 23:00:00,61.54,MARKET_FEED,VALID
2025-06-23 00:00:00,62.7,MARKET_FEED,VALID
2025-06-23 01:00:00,66.0,MARKET_FEED,VALID
2025-06-23 02:00:00,51.51,MARKET_FEED,VALID
2025-06-23 03:00:00,62.33,MARKET_FEED,VALID
2025-06-23 04:00:00,68.42,MARKET_FEED,VALID
2025-06-23 05:00:00,53.48,MARKET_FEED,VALID
2025-06-23 06:00:00,70.19,MARKET_FEED,VALID
2025-06-23 07:00:00,69.62,MARKET_FEED,VALID
2025-06-23 08:00:00,66.62,MARKET_FEED,VALID
2025-06-23 09:00:00,74.65,MARKET_FEED,VALID
2025-06-23 10:00:00,76.76,MARKET_FEED,VALID
2025-06-23 11:00:00,68.38,MARKET_FEED,VALID
2025-06-23 12:00:00,74.03,MARKET_FEED,VALID
2025-06-23 13:00:00,68.46829988465976,MARKET_FEED,VALID
2025-06-23 14:00:00,91.16,MARKET_FEED,VALID
2025-06-23 15:00:00,94.42,MARKET_FEED,VALID
2025-06-23 16:00:00,74.26,MARKET_FEED,VALID
2025-06-23 17:00:00,75.52,MARKET_FEED,VALID
2025-06-23 18:00:00,77.07,MARKET_FEED,VALID
2025-06-23 19:00:00,76.5,MARKET_FEED,VALID
2025-06-23 20:00:00,69.74,MARKET_FEED,VALID
2025-06-23 21:00:00,56.62,MARKET_FEED,VALID
2025-06-23 22:00:00,56.93,MARKET_FEED,VALID
2025-06-23 23:00:00,60.32,MARKET_FEED,VALID
2025-06-24 00:00:00,55.79,MARKET_FEED,VALID
2025-06-24 01:00:00,58.39,MARKET_FEED,VALID
2025-06-24 02:00:00,52.09,MARKET_FEED,VALID
2025-06-24 03:00:00,54.54,MARKET_FEED,VALID
2025-06-24 04:00:00,55.28,MARKET_FEED,VALID
2025-06-24 05:00:00,67.11,MARKET_FEED,VALID
2025-06-24 06:00:00,70.82,MARKET_FEED,VALID
2025-06-24 07:00:00,70.06,MARKET_FEED,VALID
2025-06-24 08:00:00,64.59,MARKET_FEED,VALID
2025-06-24 09:00:00,77.38,MARKET_FEED,VALID
2025-06-24 10:00:00,74.82,MARKET_FEED,VALID
2025-06-24 11:00:00,80.78,MARKET_FEED,VALID
2025-06-24 12:00:00,73.22,MARKET_FEED,VALID
2025-06-24 13:00:00,76.9,MARKET_FEED,VALID
2025-06-24 14:00:00,81.98,MARKET_FEED,VALID
2025-06-24 15:00:00,73.0,MARKET_FEED,VALID
2025-06-24 16:00:00,75.59,MARKET_FEED,VALID
2025-06-24 17:00:00,73.67,MARKET_FEED,VALID
2025-06-24 18:00:00,71.33,MARKET_FEED,VALID
2025-06-24 19:00:00,68.54,MARKET_FEED,VALID
2025-06-24 20:00:00,64.52,MARKET_FEED,VALID
2025-06-24 21:00:00,67.83,MARKET_FEED,VALID
2025-06-24 22:00:00,55.43,MARKET_FEED,VALID
2025-06-24 23:00:00,60.0,MARKET_FEED,VALID
2025-06-25 00:00:00,55.47,MARKET_FEED,VALID
2025-06-25 01:00:00,54.88,MARKET_FEED,VALID
2025-06-25 02:00:00,62.75,MARKET_FEED,VALID
2025-06-25 03:00:00,63.73,MARKET_FEED,VALID
2025-06-25 04:00:00,62.97,MARKET_FEED,VALID
2025-06-25 05:00:00,68.78,MARKET_FEED,VALID
2025-06-25 06:00:00,75.54,MARKET_FEED,VALID
2025-06-25 07:00:00,73.83,MARKET_FEED,VALID
2025-06-25 08:00:00,72.7,MARKET_FEED,VALID
2025-06-25 09:00:00,80.69,MARKET_FEED,VALID
2025-06-25 10:00:00,70.5,MARKET_FEED,VALID
2025-06-25 11:00:00,67.89,MARKET_FEED,VALID
2025-06-25 12:00:00,70.26,MARKET_FEED,VALID
2025-06-25 13:00:00,75.29,MARKET_FEED,VALID
2025-06-25 14:00:00,69.27,MARKET_FEED,VALID
2025-06-25 15:00:00,64.36,MARKET_FEED,VALID
2025-06-25 16:00:00,77.15,MARKET_FEED,VALID
2025-06-25 17:00:00,77.83,MARKET_FEED,VALID
2025-06-25 18:00:00,80.9,MARKET_FEED,VALID
2025-06-25 19:00:00,69.74,MARKET_FEED,VALID
2025-06-25 20:00:00,68.95,MARKET_FEED,VALID
2025-06-25 21:00:00,64.0,MARKET_FEED,VALID
2025-06-25 22:00:00,73.93,MARKET_FEED,VALID
2025-06-25 23:00:00,61.79,MARKET_FEED,VALID
2025-06-26 00:00:00,53.36,MARKET_FEED,VALID
2025-06-26 01:00:00,60.5,MARKET_FEED,VALID
2025-06-26 02:00:00,59.0,MARKET_FEED,VALID
2025-06-26 03:00:00,58.13,MARKET_FEED,VALID
2025-06-26 04:00:00,58.15,MARKET_FEED,VALID
2025-06-26 05:00:00,64.21,MARKET_FEED,VALID
2025-06-26 06:00:00,64.98,MARKET_FEED,VALID
2025-06-26 07:00:00,67.99,MARKET_FEED,VALID
2025-06-26 08:00:00,74.63,MARKET_FEED,VALID
2025-06-26 09:00:00,76.0,MARKET_FEED,VALID
2025-06-26 10:00:00,69.09,MARKET_FEED,VALID
2025-06-26 11:00:00,66.76,MARKET_FEED,VALID
2025-06-26 12:00:00,69.6,MARKET_FEED,VALID
2025-06-26 13:00:00,77.76,MARKET_FEED,VALID
2025-06-26 14:00:00,76.62,MARKET_FEED,VALID
2025-06-26 15:00:00,68.46,MARKET_FEED,VALID
2025-06-26 16:00:00,68.0,MARKET_FEED,VALID
2025-06-26 17:00:00,80.62,MARKET_FEED,VALID
2025-06-26 18:00:00,67.91,MARKET_FEED,VALID
2025-06-26 19:00:00,63.76,MARKET_FEED,VALID
2025-06-26 20:00:00,69.8,MARKET_FEED,VALID
2025-06-26 21:00:00,56.11,MARKET_FEED,VALID
2025-06-26 22:00:00,58.17,MARKET_FEED,VALID
2025-06-26 23:00:00,63.74,MARKET_FEED,VALID
2025-06-27 00:00:00,60.67,MARKET_FEED,VALID
2025-06-27 01:00:00,55.97,MARKET_FEED,VALID
2025-06-27 02:00:00,56.5,MARKET_FEED,VALID
2025-06-27 03:00:00,55.58,MARKET_FEED,VALID
2025-06-27 04:00:00,59.47,MARKET_FEED,VALID
2025-06-27 05:00:00,61.86,MARKET_FEED,VALID
2025-06-27 06:00:00,66.52,MARKET_FEED,VALID
2025-06-27 07:00:00,74.27,MARKET_FEED,VALID
2025-06-27 08:00:00,75.19,MARKET_FEED,VALID
2025-06-27 09:00:00,68.91,MARKET_FEED,VALID
2025-06-27 10:00:00,67.65,MARKET_FEED,VALID
2025-06-27 11:00:00,78.98,MARKET_FEED,VALID
2025-06-27 12:00:00,77.45,MARKET_FEED,VALID
2025-06-27 13:00:00,69.18,MARKET_FEED,VALID
2025-06-27 14:00:00,82.58,MARKET_FEED,VALID
2025-06-27 15:00:00,63.92,MARKET_FEED,VALID
2025-06-27 16:00:00,75.17,MARKET_FEED,VALID
2025-06-27 17:00:00,68.88,MARKET_FEED,VALID
2025-06-27 18:00:00,73.91,MARKET_FEED,VALID
2025-06-27 19:00:00,64.09,MARKET_FEED,VALID
2025-06-27 20:00:00,81.57,MARKET_FEED,VALID
2025-06-27 21:00:00,67.79,MARKET_FEED,VALID
2025-06-27 22:00:00,63.06,MARKET_FEED,VALID
2025-06-27 23:00:00,56.99,MARKET_FEED,VALID
2025-06-28 00:00:00,56.2,MARKET_FEED,VALID
2025-06-28 01:00:00,59.28,MARKET_FEED,VALID
2025-06-28 02:00:00,68.62,MARKET_FEED,VALID
2025-06-28 03:00:00,63.44,MARKET_FEED,VALID
2025-06-28 04:00:00,64.23,MARKET_FEED,VALID
2025-06-28 05:00:00,62.66,MARKET_FEED,VALID
2025-06-28 06:00:00,57.0,MARKET_FEED,VALID
2025-06-28 07:00:00,62.01,MARKET_FEED,VALID
2025-06-28 08:00:00,70.68,MARKET_FEED,VALID
2025-06-28 09:00:00,74.89,MARKET_FEED,VALID
2025-06-28 10:00:00,60.03,MARKET_FEED,VALID
2025-06-28 11:00:00,66.51,MARKET_FEED,VALID
2025-06-28 12:00:00,65.57,MARKET_FEED,VALID
2025-06-28 13:00:00,84.8,MARKET_FEED,VALID
2025-06-28 14:00:00,83.0,MARKET_FEED,VALID
2025-06-28 15:00:00,73.21,MARKET_FEED,VALID
2025-06-28 16:00:00,79.09,MARKET_FEED,VALID
2025-06-28 17:00:00,64.88,MARKET_FEED,VALID
2025-06-28 18:00:00,67.17,MARKET_FEED,VALID
2025-06-28 19:00:00,76.28,MARKET_FEED,VALID
2025-06-28 20:00:00,71.19,MARKET_FEED,VALID
2025-06-28 21:00:00,64.11,MARKET_FEED,VALID
2025-06-28 22:00:00,63.44,MARKET_FEED,VALID
2025-06-28 23:00:00,61.94,MARKET_FEED,VALID
2025-06-29 00:00:00,52.8,MARKET_FEED,VALID
2025-06-29 01:00:00,50.91,MARKET_FEED,VALID
2025-06-29 02:00:00,50.12,MARKET_FEED,VALID
2025-06-29 03:00:00,60.87,MARKET_FEED,VALID
2025-06-29 04:00:00,67.49,MARKET_FEED,VALID
2025-06-29 05:00:00,66.64,MARKET_FEED,VALID
2025-06-29 06:00:00,63.38,MARKET_FEED,VALID
2025-06-29 07:00:00,59.95,MARKET_FEED,VALID
2025-06-29 08:00:00,77.53,MARKET_FEED,VALID
2025-06-29 09:00:00,68.07,MARKET_FEED,VALID
2025-06-29 10:00:00,66.54,MARKET_FEED,VALID
2025-06-29 11:00:00,68.46829988465976,MARKET_FEED,VALID
2025-06-29 12:00:00,47.21,MARKET_FEED,VALID
2025-06-29 13:00:00,68.65,MARKET_FEED,VALID
2025-06-29 14:00:00,58.89,MARKET_FEED,VALID
2025-06-29 15:00:00,82.96,MARKET_FEED,VALID
2025-06-29 16:00:00,74.76,MARKET_FEED,VALID
2025-06-29 17:00:00,73.8,MARKET_FEED,VALID
2025-06-29 18:00:00,69.85,MARKET_FEED,VALID
2025-06-29 19:00:00,66.26,MARKET_FEED,VALID
2025-06-29 20:00:00,64.97,MARKET_FEED,VALID
2025-06-29 21:00:00,64.09,MARKET_FEED,VALID
2025-06-29 22:00:00,64.27,MARKET_FEED,VALID
2025-06-29 23:00:00,64.65,MARKET_FEED,VALID
2025-06-30 00:00:00,72.22,MARKET_FEED,VALID
2025-06-30 01:00:00,62.94,MARKET_FEED,VALID
2025-06-30 02:00:00,62.13,MARKET_FEED,VALID
2025-06-30 03:00:00,58.6,MARKET_FEED,VALID
2025-06-30 04:00:00,66.45,MARKET_FEED,VALID
2025-06-30 05:00:00,72.18,MARKET_FEED,VALID
2025-06-30 06:00:00,68.62,MARKET_FEED,VALID
2025-06-30 07:00:00,70.21,MARKET_FEED,VALID
2025-06-30 08:00:00,75.93,MARKET_FEED,VALID
2025-06-30 09:00:00,84.37,MARKET_FEED,VALID
2025-06-30 10:00:00,64.86,MARKET_FEED,VALID
2025-06-30 11:00:00,75.8,MARKET_FEED,VALID
2025-06-30 12:00:00,72.54,MARKET_FEED,VALID
2025-06-30 13:00:00,65.64,MARKET_FEED,VALID
2025-06-30 14:00:00,72.58,MARKET_FEED,VALID
2025-06-30 15:00:00,82.14,MARKET_FEED,VALID
2025-06-30 16:00:00,75.15,MARKET_FEED,VALID
2025-06-30 17:00:00,82.75,MARKET_FEED,VALID
2025-06-30 18:00:00,76.98,MARKET_FEED,VALID
2025-06-30 19:00:00,63.22,MARKET_FEED,VALID
2025-06-30 20:00:00,70.46,MARKET_FEED,VALID
2025-06-30 21:00:00,64.87,MARKET_FEED,VALID
2025-06-30 22:00:00,63.52,MARKET_FEED,VALID
2025-06-30 23:00:00,63.27,MARKET_FEED,VALID
2025-07-01 00:00:00,59.58,MARKET_FEED,VALID
2025-07-01 01:00:00,60.28,MARKET_FEED,VALID
2025-07-01 02:00:00,55.39,MARKET_FEED,VALID
2025-07-01 03:00:00,67.22,MARKET_FEED,VALID
2025-07-01 04:00:00,64.75,MARKET_FEED,VALID
2025-07-01 05:00:00,58.49,MARKET_FEED,VALID
2025-07-01 06:00:00,70.3,MARKET_FEED,VALID
2025-07-01 07:00:00,61.37,MARKET_FEED,VALID
2025-07-01 08:00:00,65.49,MARKET_FEED,VALID
2025-07-01 09:00:00,83.68,MARKET_FEED,VALID
2025-07-01 10:00:00,85.85,MARKET_FEED,VALID
2025-07-01 11:00:00,73.54,MARKET_FEED,VALID
2025-07-01 12:00:00,72.48,MARKET_FEED,VALID
2025-07-01 13:00:00,74.85,MARKET_FEED,VALID
2025-07-01 14:00:00,77.05,MARKET_FEED,VALID
2025-07-01 15:00:00,73.58,MARKET_FEED,VALID
2025-07-01 16:00:00,71.94,MARKET_FEED,VALID
2025-07-01 17:00:00,80.68,MARKET_FEED,VALID
2025-07-01 18:00:00,71.61,MARKET_FEED,VALID
2025-07-01 19:00:00,61.47,MARKET_FEED,VALID
2025-07-01 20:00:00,65.61,MARKET_FEED,VALID
2025-07-01 21:00:00,62.7,MARKET_FEED,VALID
2025-07-01 22:00:00,74.3,MARKET_FEED,VALID
2025-07-01 23:00:00,57.18,MARKET_FEED,VALID
2025-07-02 00:00:00,59.68,MARKET_FEED,VALID
2025-07-02 01:00:00,59.38,MARKET_FEED,VALID
2025-07-02 02:00:00,58.79,MARKET_FEED,VALID
2025-07-02 03:00:00,57.23,MARKET_FEED,VALID
2025-07-02 04:00:00,62.46,MARKET_FEED,VALID
2025-07-02 05:00:00,60.54,MARKET_FEED,VALID
2025-07-02 06:00:00,70.57,MARKET_FEED,VALID
2025-07-02 07:00:00,70.09,MARKET_FEED,VALID
2025-07-02 08:00:00,69.37,MARKET_FEED,VALID
2025-07-02 09:00:00,80.57,MARKET_FEED,VALID
2025-07-02 10:00:00,73.87,MARKET_FEED,VALID
2025-07-02 11:00:00,68.52,MARKET_FEED,VALID
2025-07-02 12:00:00,76.3,MARKET_FEED,VALID
2025-07-02 13:00:00,68.46829988465976,MARKET_FEED,VALID
2025-07-02 14:00:00,76.98,MARKET_FEED,VALID
2025-07-02 15:00:00,76.89,MARKET_FEED,VALID
2025-07-02 16:00:00,77.65,MARKET_FEED,VALID
2025-07-02 17:00:00,79.66,MARKET_FEED,VALID
2025-07-02 18:00:00,72.18,MARKET_FEED,VALID
2025-07-02 19:00:00,67.96,MARKET_FEED,VALID
2025-07-02 20:00:00,72.41,MARKET_FEED,VALID
2025-07-02 21:00:00,70.31,MARKET_FEED,VALID
2025-07-02 22:00:00,62.13,MARKET_FEED,VALID
2025-07-02 23:00:00,52.34,MARKET_FEED,VALID
2025-07-03 00:00:00,64.09,MARKET_FEED,VALID
2025-07-03 01:00:00,47.85,MARKET_FEED,VALID
2025-07-03 02:00:00,59.32,MARKET_FEED,VALID
2025-07-03 03:00:00,67.04,MARKET_FEED,VALID
2025-07-03 04:00:00,58.21,MARKET_FEED,VALID
2025-07-03 05:00:00,67.45,MARKET_FEED,VALID
2025-07-03 06:00:00,60.41,MARKET_FEED,VALID
2025-07-03 07:00:00,68.19,MARKET_FEED,VALID
2025-07-03 08:00:00,77.88,MARKET_FEED,VALID
2025-07-03 09:00:00,76.1,MARKET_FEED,VALID
2025-07-03 10:00:00,66.18,MARKET_FEED,VALID
2025-07-03 11:00:00,67.55,MARKET_FEED,VALID
2025-07-03 12:00:00,63.57,MARKET_FEED,VALID
2025-07-03 13:00:00,67.05,MARKET_FEED,VALID
2025-07-03 14:00:00,74.44,MARKET_FEED,VALID
2025-07-03 16:00:00,74.74,MARKET_FEED,VALID
2025-07-03 17:00:00,70.6,MARKET_FEED,VALID
2025-07-03 18:00:00,74.02,MARKET_FEED,VALID
2025-07-03 19:00:00,66.18,MARKET_FEED,VALID
2025-07-03 20:00:00,68.24,MARKET_FEED,VALID
2025-07-03 21:00:00,67.07,MARKET_FEED,VALID
2025-07-03 22:00:00,68.95,MARKET_FEED,VALID
2025-07-03 23:00:00,60.66,MARKET_FEED,VALID
2025-07-04 00:00:00,60.92,MARKET_FEED,VALID
2025-07-04 01:00:00,56.92,MARKET_FEED,VALID
2025-07-04 02:00:00,54.0,MARKET_FEED,VALID
2025-07-04 03:00:00,62.44,MARKET_FEED,VALID
2025-07-04 04:00:00,62.21,MARKET_FEED,VALID
2025-07-04 05:00:00,64.19,MARKET_FEED,VALID
2025-07-04 06:00:00,66.61,MARKET_FEED,VALID
2025-07-04 07:00:00,68.61,MARKET_FEED,VALID
2025-07-04 08:00:00,70.08,MARKET_FEED,VALID
2025-07-04 09:00:00,75.81,MARKET_FEED,VALID
2025-07-04 10:00:00,68.47,MARKET_FEED,VALID
2025-07-04 11:00:00,82.28,MARKET_FEED,VALID
2025-07-04 12:00:00,70.89,MARKET_FEED,VALID
2025-07-04 13:00:00,66.96,MARKET_FEED,VALID
2025-07-04 14:00:00,80.31,MARKET_FEED,VALID
2025-07-04 15:00:00,87.21,MARKET_FEED,VALID
2025-07-04 16:00:00,77.56,MARKET_FEED,VALID
2025-07-04 17:00:00,74.15,MARKET_FEED,VALID
2025-07-04 18:00:00,79.19,MARKET_FEED,VALID
2025-07-04 19:00:00,76.42,MARKET_FEED,VALID
2025-07-04 20:00:00,58.62,MARKET_FEED,VALID
2025-07-04 21:00:00,67.99,MARKET_FEED,VALID
2025-07-04 22:00:00,67.41,MARKET_FEED,VALID
2025-07-04 23:00:00,56.53,MARKET_FEED,VALID
2025-07-05 00:00:00,53.98,MARKET_FEED,VALID
2025-07-05 01:00:00,61.26,MARKET_FEED,VALID
2025-07-05 02:00:00,68.57,MARKET_FEED,VALID
2025-07-05 03:00:00,66.66,MARKET_FEED,VALID
2025-07-05 04:00:00,65.29,MARKET_FEED,VALID
2025-07-05 05:00:00,63.47,MARKET_FEED,VALID
2025-07-05 06:00:00,67.16,MARKET_FEED,VALID
2025-07-05 07:00:00,68.41,MARKET_FEED,VALID
2025-07-05 08:00:00,71.75,MARKET_FEED,VALID
2025-07-05 09:00:00,63.77,MARKET_FEED,VALID
2025-07-05 10:00:00,70.97,MARKET_FEED,VALID
2025-07-05 11:00:00,57.74,MARKET_FEED,VALID
2025-07-05 12:00:00,76.84,MARKET_FEED,VALID
2025-07-05 13:00:00,67.55,MARKET_FEED,VALID
2025-07-05 14:00:00,73.12,MARKET_FEED,VALID
2025-07-05 15:00:00,66.1,MARKET_FEED,VALID
2025-07-05 16:00:00,68.04,MARKET_FEED,VALID
2025-07-05 17:00:00,83.3,MARKET_FEED,VALID
2025-07-05 18:00:00,78.07,MARKET_FEED,VALID
2025-07-05 19:00:00,68.38,MARKET_FEED,VALID
2025-07-05 20:00:00,77.23,MARKET_FEED,VALID
2025-07-05 21:00:00,72.24,MARKET_FEED,VALID
2025-07-05 22:00:00,64.43,MARKET_FEED,VALID
2025-07-05 23:00:00,52.39,MARKET_FEED,VALID
2025-07-06 00:00:00,51.71,MARKET_FEED,VALID
2025-07-06 01:00:00,58.9,MARKET_FEED,VALID
2025-07-06 02:00:00,63.59,MARKET_FEED,VALID
2025-07-06 03:00:00,64.25,MARKET_FEED,VALID
2025-07-06 04:00:00,62.83,MARKET_FEED,VALID
2025-07-06 05:00:00,68.16,MARKET_FEED,VALID
2025-07-06 06:00:00,72.92,MARKET_FEED,VALID
2025-07-06 07:00:00,61.69,MARKET_FEED,VALID
2025-07-06 08:00:00,70.24,MARKET_FEED,VALID
2025-07-06 09:00:00,73.73,MARKET_FEED,VALID
2025-07-06 10:00:00,73.75,MARKET_FEED,VALID
2025-07-06 11:00:00,68.46829988465976,MARKET_FEED,VALID
2025-07-06 12:00:00,69.84,MARKET_FEED,VALID
2025-07-06 13:00:00,72.71,MARKET_FEED,VALID
2025-07-06 14:00:00,71.38,MARKET_FEED,VALID
2025-07-06 15:00:00,70.54,MARKET_FEED,VALID
2025-07-06 16:00:00,80.24,MARKET_FEED,VALID
2025-07-06 17:00:00,78.48,MARKET_FEED,VALID
2025-07-06 18:00:00,72.01,MARKET_FEED,VALID
2025-07-06 19:00:00,66.26,MARKET_FEED,VALID
2025-07-06 20:00:00,65.87,MARKET_FEED,VALID
2025-07-06 21:00:00,65.67,MARKET_FEED,VALID
2025-07-06 22:00:00,50.96,MARKET_FEED,VALID
2025-07-06 23:00:00,53.84,MARKET_FEED,VALID
2025-07-07 00:00:00,54.64,MARKET_FEED,VALID
2025-07-07 01:00:00,50.49,MARKET_FEED,VALID
2025-07-07 02:00:00,58.21,MARKET_FEED,VALID
2025-07-07 03:00:00,47.8,MARKET_FEED,VALID
2025-07-07 04:00:00,63.51,MARKET_FEED,VALID
2025-07-07 05:00:00,62.28,MARKET_FEED,VALID
2025-07-07 06:00:00,67.86,MARKET_FEED,VALID
2025-07-07 07:00:00,75.68,MARKET_FEED,VALID
2025-07-07 08:00:00,77.03,MARKET_FEED,VALID
2025-07-07 09:00:00,69.92,MARKET_FEED,VALID
2025-07-07 10:00:00,68.97,MARKET_FEED,VALID
2025-07-07 11:00:00,63.63,MARKET_FEED,VALID
2025-07-07 12:00:00,94.65,MARKET_FEED,VALID
2025-07-07 13:00:00,58.76,MARKET_FEED,VALID
2025-07-07 14:00:00,80.03,MARKET_FEED,VALID
2025-07-07 15:00:00,81.22,MARKET_FEED,VALID
2025-07-07 16:00:00,78.06,MARKET_FEED,VALID
2025-07-07 17:00:00,74.61,MARKET_FEED,VALID
2025-07-07 18:00:00,80.12,MARKET_FEED,VALID
2025-07-07 19:00:00,61.18,MARKET_FEED,VALID
2025-07-07 20:00:00,69.44,MARKET_FEED,VALID
2025-07-07 21:00:00,60.24,MARKET_FEED,VALID
2025-07-07 22:00:00,62.62,MARKET_FEED,VALID
2025-07-07 23:00:00,65.15,MARKET_FEED,VALID
2025-07-08 00:00:00,55.45,MARKET_FEED,VALID
2025-07-08 01:00:00,57.39,MARKET_FEED,VALID
2025-07-08 02:00:00,63.7,MARKET_FEED,VALID
2025-07-08 03:00:00,51.6,MARKET_FEED,VALID
2025-07-08 04:00:00,65.23,MARKET_FEED,VALID
2025-07-08 05:00:00,61.12,MARKET_FEED,VALID
2025-07-08 06:00:00,71.59,MARKET_FEED,VALID
2025-07-08 07:00:00,69.07,MARKET_FEED,VALID
2025-07-08 08:00:00,70.45,MARKET_FEED,VALID
2025-07-08 09:00:00,76.1,MARKET_FEED,VALID
2025-07-08 10:00:00,83.02,MARKET_FEED,VALID
2025-07-08 11:00:00,58.2,MARKET_FEED,VALID
2025-07-08 12:00:00,68.46829988465976,MARKET_FEED,VALID
2025-07-08 13:00:00,83.62,MARKET_FEED,VALID
2025-07-08 14:00:00,74.56,MARKET_FEED,VALID
2025-07-08 15:00:00,76.83,MARKET_FEED,VALID
2025-07-08 16:00:00,76.96,MARKET_FEED,VALID
2025-07-08 17:00:00,80.7,MARKET_FEED,VALID
2025-07-08 18:00:00,77.04,MARKET_FEED,VALID
2025-07-08 19:00:00,65.25,MARKET_FEED,VALID
2025-07-08 20:00:00,64.07,MARKET_FEED,VALID
2025-07-08 21:00:00,68.48,MARKET_FEED,VALID
2025-07-08 22:00:00,63.98,MARKET_FEED,VALID
2025-07-08 23:00:00,47.04,MARKET_FEED,VALID
2025-07-09 00:00:00,59.51,MARKET_FEED,VALID
2025-07-09 01:00:00,57.22,MARKET_FEED,VALID
2025-07-09 02:00:00,63.7,MARKET_FEED,VALID
2025-07-09 03:00:00,67.57,MARKET_FEED,VALID
2025-07-09 04:00:00,59.67,MARKET_FEED,VALID
2025-07-09 05:00:00,77.1,MARKET_FEED,VALID
2025-07-09 06:00:00,57.9,MARKET_FEED,VALID
2025-07-09 07:00:00,69.19,MARKET_FEED,VALID
2025-07-09 08:00:00,73.14,MARKET_FEED,VALID
2025-07-09 09:00:00,79.44,MARKET_FEED,VALID
2025-07-09 10:00:00,83.19,MARKET_FEED,VALID
2025-07-09 11:00:00,76.23,MARKET_FEED,VALID
2025-07-09 12:00:00,75.31,MARKET_FEED,VALID
2025-07-09 13:00:00,74.19,MARKET_FEED,VALID
2025-07-09 14:00:00,72.46,MARKET_FEED,VALID
2025-07-09 15:00:00,74.53,MARKET_FEED,VALID
2025-07-09 16:00:00,77.12,MARKET_FEED,VALID
2025-07-09 17:00:00,75.17,MARKET_FEED,VALID
2025-07-09 18:00:00,66.5,MARKET_FEED,VALID
2025-07-09 19:00:00,73.91,MARKET_FEED,VALID
2025-07-09 20:00:00,63.12,MARKET_FEED,VALID
2025-07-09 21:00:00,66.87,MARKET_FEED,VALID
2025-07-09 22:00:00,63.28,MARKET_FEED,VALID
2025-07-09 23:00:00,53.54,MARKET_FEED,VALID
2025-07-10 00:00:00,53.56,MARKET_FEED,VALID
2025-07-10 01:00:00,54.73,MARKET_FEED,VALID
2025-07-10 02:00:00,55.93,MARKET_FEED,VALID
2025-07-10 03:00:00,66.84,MARKET_FEED,VALID
2025-07-10 04:00:00,62.64,MARKET_FEED,VALID
2025-07-10 05:00:00,60.41,MARKET_FEED,VALID
2025-07-10 06:00:00,70.39,MARKET_FEED,VALID
2025-07-10 07:00:00,77.64,MARKET_FEED,VALID
2025-07-10 08:00:00,70.58,MARKET_FEED,VALID
2025-07-10 09:00:00,74.63,MARKET_FEED,VALID
2025-07-10 10:00:00,67.78,MARKET_FEED,VALID
2025-07-10 11:00:00,71.72,MARKET_FEED,VALID
2025-07-10 12:00:00,75.74,MARKET_FEED,VALID
2025-07-10 13:00:00,74.83,MARKET_FEED,VALID
2025-07-10 14:00:00,72.14,MARKET_FEED,VALID
2025-07-10 15:00:00,70.46,MARKET_FEED,VALID
2025-07-10 16:00:00,70.87,MARKET_FEED,VALID
2025-07-10 17:00:00,75.88,MARKET_FEED,VALID
2025-07-10 18:00:00,67.38,MARKET_FEED,VALID
2025-07-10 19:00:00,71.17,MARKET_FEED,VALID
2025-07-10 20:00:00,59.71,MARKET_FEED,VALID
2025-07-10 21:00:00,61.35,MARKET_FEED,VALID
2025-07-10 22:00:00,59.2,MARKET_FEED,VALID
2025-07-10 23:00:00,45.66,MARKET_FEED,VALID
2025-07-11 00:00:00,53.98,MARKET_FEED,VALID
2025-07-11 01:00:00,59.32,MARKET_FEED,VALID
2025-07-11 02:00:00,66.15,MARKET_FEED,VALID
2025-07-11 03:00:00,67.14,MARKET_FEED,VALID
2025-07-11 04:00:00,62.64,MARKET_FEED,VALID
2025-07-11 05:00:00,65.5,MARKET_FEED,VALID
2025-07-11 06:00:00,71.4,MARKET_FEED,VALID
2025-07-11 07:00:00,64.88,MARKET_FEED,VALID
2025-07-11 08:00:00,66.05,MARKET_FEED,VALID
2025-07-11 09:00:00,71.52,MARKET_FEED,VALID
2025-07-11 10:00:00,70.46,MARKET_FEED,VALID
2025-07-11 11:00:00,72.44,MARKET_FEED,VALID
2025-07-11 12:00:00,67.0,MARKET_FEED,VALID
2025-07-11 13:00:00,75.67,MARKET_FEED,VALID
2025-07-11 14:00:00,68.95,MARKET_FEED,VALID
2025-07-11 15:00:00,70.04,MARKET_FEED,VALID
2025-07-11 16:00:00,83.85,MARKET_FEED,VALID
2025-07-11 17:00:00,80.58,MARKET_FEED,VALID
2025-07-11 18:00:00,74.92,MARKET_FEED,VALID
2025-07-11 19:00:00,76.59,MARKET_FEED,VALID
2025-07-11 20:00:00,66.95,MARKET_FEED,VALID
2025-07-11 21:00:00,62.94,MARKET_FEED,VALID
2025-07-11 22:00:00,59.98,MARKET_FEED,VALID
2025-07-11 23:00:00,53.75,MARKET_FEED,VALID
2025-07-12 00:00:00,57.75,MARKET_FEED,VALID
2025-07-12 01:00:00,56.62,MARKET_FEED,VALID
2025-07-12 02:00:00,55.11,MARKET_FEED,VALID
2025-07-12 03:00:00,54.72,MARKET_FEED,VALID
2025-07-12 04:00:00,65.07,MARKET_FEED,VALID
2025-07-12 05:00:00,66.61,MARKET_FEED,VALID
2025-07-12 06:00:00,69.99,MARKET_FEED,VALID
2025-07-12 07:00:00,65.72,MARKET_FEED,VALID
2025-07-12 08:00:00,77.57,MARKET_FEED,VALID
2025-07-12 09:00:00,76.45,MARKET_FEED,VALID
2025-07-12 10:00:00,63.54,MARKET_FEED,VALID
2025-07-12 11:00:00,69.07,MARKET_FEED,VALID
2025-07-12 12:00:00,61.98,MARKET_FEED,VALID
2025-07-12 13:00:00,78.4,MARKET_FEED,VALID
2025-07-12 14:00:00,67.69,MARKET_FEED,VALID
2025-07-12 15:00:00,64.57,MARKET_FEED,VALID
2025-07-12 16:00:00,82.69,MARKET_FEED,VALID
2025-07-12 17:00:00,69.61,MARKET_FEED,VALID
2025-07-12 18:00:00,73.92,MARKET_FEED,VALID
2025-07-12 19:00:00,72.05,MARKET_FEED,VALID
2025-07-12 20:00:00,69.9,MARKET_FEED,VALID
2025-07-12 21:00:00,62.09,MARKET_FEED,VALID
2025-07-12 22:00:00,60.27,MARKET_FEED,VALID
2025-07-12 23:00:00,66.06,MARKET_FEED,VALID
2025-07-13 00:00:00,59.74,MARKET_FEED,VALID
2025-07-13 01:00:00,61.02,MARKET_FEED,VALID
2025-07-13 02:00:00,53.68,MARKET_FEED,VALID
2025-07-13 03:00:00,60.73,MARKET_FEED,VALID
2025-07-13 04:00:00,60.5,MARKET_FEED,VALID
2025-07-13 05:00:00,55.48,MARKET_FEED,VALID
2025-07-13 06:00:00,63.97,MARKET_FEED,VALID
2025-07-13 07:00:00,69.04,MARKET_FEED,VALID
2025-07-13 08:00:00,64.8,MARKET_FEED,VALID
2025-07-13 09:00:00,62.64,MARKET_FEED,VALID
2025-07-13 10:00:00,68.46829988465976,MARKET_FEED,VALID
2025-07-13 11:00:00,81.08,MARKET_FEED,VALID
2025-07-13 12:00:00,68.46829988465976,MARKET_FEED,VALID
2025-07-13 13:00:00,69.01,MARKET_FEED,VALID
2025-07-13 14:00:00,68.06,MARKET_FEED,VALID
2025-07-13 15:00:00,69.77,MARKET_FEED,VALID
2025-07-13 16:00:00,76.15,MARKET_FEED,VALID
2025-07-13 17:00:00,66.78,MARKET_FEED,VALID
2025-07-13 18:00:00,72.03,MARKET_FEED,VALID
2025-07-13 19:00:00,86.84,MARKET_FEED,VALID
2025-07-13 20:00:00,70.42,MARKET_FEED,VALID
2025-07-13 21:00:00,60.73,MARKET_FEED,VALID
2025-07-13 22:00:00,51.92,MARKET_FEED,VALID
2025-07-13 23:00:00,57.31,MARKET_FEED,VALID
2025-07-14 00:00:00,62.76,MARKET_FEED,VALID
2025-07-14 01:00:00,58.06,MARKET_FEED,VALID
2025-07-14 02:00:00,61.54,MARKET_FEED,VALID
2025-07-14 03:00:00,67.53,MARKET_FEED,VALID
2025-07-14 04:00:00,65.6,MARKET_FEED,VALID
2025-07-14 05:00:00,65.8,MARKET_FEED,VALID
2025-07-14 06:00:00,65.29,MARKET_FEED,VALID
2025-07-14 07:00:00,64.59,MARKET_FEED,VALID
2025-07-14 08:00:00,75.57,MARKET_FEED,VALID
2025-07-14 09:00:00,81.46,MARKET_FEED,VALID
2025-07-14 10:00:00,69.61,MARKET_FEED,VALID
2025-07-14 11:00:00,74.13,MARKET_FEED,VALID
2025-07-14 12:00:00,70.34,MARKET_FEED,VALID
2025-07-14 13:00:00,70.62,MARKET_FEED,VALID
2025-07-14 14:00:00,80.96,MARKET_FEED,VALID
2025-07-14 15:00:00,82.02,MARKET_FEED,VALID
2025-07-14 16:00:00,76.89,MARKET_FEED,VALID
2025-07-14 17:00:00,83.74,MARKET_FEED,VALID
2025-07-14 18:00:00,79.59,MARKET_FEED,VALID
2025-07-14 19:00:00,67.53,MARKET_FEED,VALID
2025-07-14 20:00:00,63.85,MARKET_FEED,VALID
2025-07-14 21:00:00,65.93,MARKET_FEED,VALID
2025-07-14 22:00:00,63.62,MARKET_FEED,VALID
2025-07-14 23:00:00,55.37,MARKET_FEED,VALID
2025-07-15 00:00:00,54.99,MARKET_FEED,VALID
2025-07-15 01:00:00,51.42,MARKET_FEED,VALID
2025-07-15 02:00:00,58.24,MARKET_FEED,VALID
2025-07-15 03:00:00,56.6,MARKET_FEED,VALID
2025-07-15 04:00:00,56.09,MARKET_FEED,VALID
2025-07-15 05:00:00,64.13,MARKET_FEED,VALID
2025-07-15 06:00:00,74.11,MARKET_FEED,VALID
2025-07-15 07:00:00,61.75,MARKET_FEED,VALID
2025-07-15 08:00:00,71.48,MARKET_FEED,VALID
2025-07-15 09:00:00,73.13,MARKET_FEED,VALID
2025-07-15 10:00:00,70.11,MARKET_FEED,VALID
2025-07-15 11:00:00,70.91,MARKET_FEED,VALID
2025-07-15 12:00:00,65.73,MARKET_FEED,VALID
2025-07-15 13:00:00,71.92,MARKET_FEED,VALID
2025-07-15 14:00:00,76.08,MARKET_FEED,VALID
2025-07-15 15:00:00,82.06,MARKET_FEED,VALID
2025-07-15 16:00:00,74.28,MARKET_FEED,VALID
2025-07-15 17:00:00,78.26,MARKET_FEED,VALID
2025-07-15 18:00:00,75.92,MARKET_FEED,VALID
2025-07-15 19:00:00,72.36,MARKET_FEED,VALID
2025-07-15 20:00:00,60.63,MARKET_FEED,VALID
2025-07-15 21:00:00,65.11,MARKET_FEED,VALID
2025-07-15 22:00:00,63.45,MARKET_FEED,VALID
2025-07-15 23:00:00,56.23,MARKET_FEED,VALID
2025-07-16 00:00:00,62.63,MARKET_FEED,VALID
2025-07-16 01:00:00,59.41,MARKET_FEED,VALID
2025-07-16 02:00:00,58.88,MARKET_FEED,VALID
2025-07-16 03:00:00,59.87,MARKET_FEED,VALID
2025-07-16 04:00:00,63.75,MARKET_FEED,VALID
2025-07-16 05:00:00,60.08,MARKET_FEED,VALID
2025-07-16 06:00:00,64.04,MARKET_FEED,VALID
2025-07-16 07:00:00,71.88,MARKET_FEED,VALID
2025-07-16 08:00:00,78.1,MARKET_FEED,VALID
2025-07-16 09:00:00,75.43,MARKET_FEED,VALID
2025-07-16 10:00:00,70.53,MARKET_FEED,VALID
2025-07-16 11:00:00,66.09,MARKET_FEED,VALID
2025-07-16 12:00:00,68.86,MARKET_FEED,VALID
2025-07-16 13:00:00,75.56,MARKET_FEED,VALID
2025-07-16 14:00:00,81.29,MARKET_FEED,VALID
2025-07-16 15:00:00,84.82,MARKET_FEED,VALID
2025-07-16 16:00:00,83.32,MARKET_FEED,VALID
2025-07-16 17:00:00,77.96,MARKET_FEED,VALID
2025-07-16 18:00:00,74.4,MARKET_FEED,VALID
2025-07-16 19:00:00,61.65,MARKET_FEED,VALID
2025-07-16 20:00:00,67.29,MARKET_FEED,VALID
2025-07-16 21:00:00,66.2,MARKET_FEED,VALID
2025-07-16 22:00:00,57.76,MARKET_FEED,VALID
2025-07-16 23:00:00,56.84,MARKET_FEED,VALID
2025-07-17 01:00:00,50.47,MARKET_FEED,VALID
2025-07-17 02:00:00,64.12,MARKET_FEED,VALID
2025-07-17 03:00:00,50.44,MARKET_FEED,VALID
2025-07-17 04:00:00,55.03,MARKET_FEED,VALID
2025-07-17 05:00:00,66.05,MARKET_FEED,VALID
2025-07-17 06:00:00,74.56,MARKET_FEED,VALID
2025-07-17 07:00:00,73.84,MARKET_FEED,VALID
2025-07-17 08:00:00,78.51,MARKET_FEED,VALID
2025-07-17 09:00:00,76.45,MARKET_FEED,VALID
2025-07-17 10:00:00,65.62,MARKET_FEED,VALID
2025-07-17 11:00:00,61.47,MARKET_FEED,VALID
2025-07-17 12:00:00,75.43,MARKET_FEED,VALID
2025-07-17 13:00:00,82.43,MARKET_FEED,VALID
2025-07-17 14:00:00,69.55,MARKET_FEED,VALID
2025-07-17 15:00:00,82.04,MARKET_FEED,VALID
2025-07-17 16:00:00,79.35,MARKET_FEED,VALID
2025-07-17 17:00:00,86.36,MARKET_FEED,VALID
2025-07-17 18:00:00,76.55,MARKET_FEED,VALID
2025-07-17 19:00:00,70.54,MARKET_FEED,VALID
2025-07-17 20:00:00,72.6,MARKET_FEED,VALID
2025-07-17 21:00:00,61.93,MARKET_FEED,VALID
2025-07-17 22:00:00,68.62,MARKET_FEED,VALID
2025-07-17 23:00:00,51.36,MARKET_FEED,VALID
2025-07-18 00:00:00,55.63,MARKET_FEED,VALID
2025-07-18 01:00:00,57.88,MARKET_FEED,VALID
2025-07-18 02:00:00,67.51,MARKET_FEED,VALID
2025-07-18 03:00:00,53.49,MARKET_FEED,VALID
2025-07-18 04:00:00,65.1,MARKET_FEED,VALID
2025-07-18 05:00:00,65.36,MARKET_FEED,VALID
2025-07-18 06:00:00,60.85,MARKET_FEED,VALID
2025-07-18 07:00:00,68.36,MARKET_FEED,VALID
2025-07-18 08:00:00,75.88,MARKET_FEED,VALID
2025-07-18 09:00:00,69.3,MARKET_FEED,VALID
2025-07-18 10:00:00,75.3,MARKET_FEED,VALID
2025-07-18 11:00:00,69.12,MARKET_FEED,VALID
2025-07-18 12:00:00,71.22,MARKET_FEED,VALID
2025-07-18 13:00:00,74.91,MARKET_FEED,VALID
2025-07-18 14:00:00,65.84,MARKET_FEED,VALID
2025-07-18 15:00:00,64.14,MARKET_FEED,VALID
2025-07-18 16:00:00,71.46,MARKET_FEED,VALID
2025-07-18 17:00:00,75.25,MARKET_FEED,VALID
2025-07-18 18:00:00,70.17,MARKET_FEED,VALID
2025-07-18 19:00:00,71.74,MARKET_FEED,VALID
2025-07-18 20:00:00,66.05,MARKET_FEED,VALID
2025-07-18 21:00:00,59.88,MARKET_FEED,VALID
2025-07-18 22:00:00,65.16,MARKET_FEED,VALID
2025-07-18 23:00:00,60.67,MARKET_FEED,VALID
2025-07-19 00:00:00,54.04,MARKET_FEED,VALID
2025-07-19 01:00:00,56.33,MARKET_FEED,VALID
2025-07-19 02:00:00,58.63,MARKET_FEED,VALID
2025-07-19 03:00:00,72.27,MARKET_FEED,VALID
2025-07-19 04:00:00,63.58,MARKET_FEED,VALID
2025-07-19 05:00:00,57.79,MARKET_FEED,VALID
2025-07-19 06:00:00,72.37,MARKET_FEED,VALID
2025-07-19 07:00:00,74.1,MARKET_FEED,VALID
2025-07-19 08:00:00,78.49,MARKET_FEED,VALID
2025-07-19 09:00:00,68.07,MARKET_FEED,VALID
2025-07-19 10:00:00,67.78,MARKET_FEED,VALID
2025-07-19 11:00:00,59.96,MARKET_FEED,VALID
2025-07-19 12:00:00,67.34,MARKET_FEED,VALID
2025-07-19 13:00:00,55.62,MARKET_FEED,VALID
2025-07-19 14:00:00,65.62,MARKET_FEED,VALID
2025-07-19 15:00:00,84.64,MARKET_FEED,VALID
2025-07-19 16:00:00,82.43,MARKET_FEED,VALID
2025-07-19 17:00:00,71.3,MARKET_FEED,VALID
2025-07-19 18:00:00,74.76,MARKET_FEED,VALID
2025-07-19 19:00:00,72.15,MARKET_FEED,VALID
2025-07-19 20:00:00,63.35,MARKET_FEED,VALID
2025-07-19 21:00:00,72.63,MARKET_FEED,VALID
2025-07-19 22:00:00,65.53,MARKET_FEED,VALID
2025-07-19 23:00:00,55.27,MARKET_FEED,VALID
2025-07-20 00:00:00,54.17,MARKET_FEED,VALID
2025-07-20 01:00:00,57.27,MARKET_FEED,VALID
2025-07-20 02:00:00,55.36,MARKET_FEED,VALID
2025-07-20 03:00:00,60.3,MARKET_FEED,VALID
2025-07-20 04:00:00,57.45,MARKET_FEED,VALID
2025-07-20 05:00:00,67.12,MARKET_FEED,VALID
2025-07-20 06:00:00,66.61,MARKET_FEED,VALID
2025-07-20 07:00:00,66.48,MARKET_FEED,VALID
2025-07-20 08:00:00,75.84,MARKET_FEED,VALID
2025-07-20 09:00:00,72.83,MARKET_FEED,VALID
2025-07-20 10:00:00,74.16,MARKET_FEED,VALID
2025-07-20 11:00:00,66.46,MARKET_FEED,VALID
2025-07-20 12:00:00,71.08,MARKET_FEED,VALID
2025-07-20 13:00:00,81.76,MARKET_FEED,VALID
2025-07-20 14:00:00,71.38,MARKET_FEED,VALID
2025-07-20 15:00:00,85.64,MARKET_FEED,VALID
2025-07-20 16:00:00,68.79,MARKET_FEED,VALID
2025-07-20 17:00:00,82.4,MARKET_FEED,VALID
2025-07-20 18:00:00,83.56,MARKET_FEED,VALID
2025-07-20 19:00:00,61.03,MARKET_FEED,VALID
2025-07-20 20:00:00,70.43,MARKET_FEED,VALID
2025-07-20 21:00:00,57.16,MARKET_FEED,VALID
2025-07-20 22:00:00,61.46,MARKET_FEED,VALID
2025-07-20 23:00:00,61.55,MARKET_FEED,VALID
2025-07-21 00:00:00,61.74,MARKET_FEED,VALID
2025-07-21 01:00:00,55.85,MARKET_FEED,VALID
2025-07-21 02:00:00,53.16,MARKET_FEED,VALID
2025-07-21 03:00:00,67.52,MARKET_FEED,VALID
2025-07-21 04:00:00,50.22,MARKET_FEED,VALID
2025-07-21 05:00:00,63.38,MARKET_FEED,VALID
2025-07-21 06:00:00,68.1,MARKET_FEED,VALID
2025-07-21 07:00:00,71.94,MARKET_FEED,VALID
2025-07-21 08:00:00,81.86,MARKET_FEED,VALID
2025-07-21 09:00:00,68.85,MARKET_FEED,VALID
2025-07-21 10:00:00,75.57,MARKET_FEED,VALID
2025-07-21 11:00:00,78.26,MARKET_FEED,VALID
2025-07-21 12:00:00,81.44,MARKET_FEED,VALID
2025-07-21 13:00:00,75.91,MARKET_FEED,VALID
2025-07-21 14:00:00,88.92,MARKET_FEED,VALID
2025-07-21 15:00:00,83.12,MARKET_FEED,VALID
2025-07-21 16:00:00,84.55,MARKET_FEED,VALID
2025-07-21 17:00:00,80.96,MARKET_FEED,VALID
2025-07-21 18:00:00,80.84,MARKET_FEED,VALID
2025-07-21 19:00:00,62.49,MARKET_FEED,VALID
2025-07-21 20:00:00,69.75,MARKET_FEED,VALID
2025-07-21 21:00:00,56.07,MARKET_FEED,VALID
2025-07-21 22:00:00,71.7,MARKET_FEED,VALID
2025-07-21 23:00:00,61.37,MARKET_FEED,VALID
2025-07-22 00:00:00,59.58,MARKET_FEED,VALID
2025-07-22 01:00:00,60.25,MARKET_FEED,VALID
2025-07-22 02:00:00,49.69,MARKET_FEED,VALID
2025-07-22 03:00:00,48.1,MARKET_FEED,VALID
2025-07-22 04:00:00,59.77,MARKET_FEED,VALID
2025-07-22 05:00:00,60.44,MARKET_FEED,VALID
2025-07-22 06:00:00,65.47,MARKET_FEED,VALID
2025-07-22 07:00:00,67.54,MARKET_FEED,VALID
2025-07-22 08:00:00,74.7,MARKET_FEED,VALID
2025-07-22 09:00:00,78.15,MARKET_FEED,VALID
2025-07-22 10:00:00,79.2,MARKET_FEED,VALID
2025-07-22 11:00:00,78.98,MARKET_FEED,VALID
2025-07-22 12:00:00,77.6,MARKET_FEED,VALID
2025-07-22 13:00:00,68.46829988465976,MARKET_FEED,VALID
2025-07-22 14:00:00,79.39,MARKET_FEED,VALID
2025-07-22 15:00:00,76.57,MARKET_FEED,VALID
2025-07-22 16:00:00,75.16,MARKET_FEED,VALID
2025-07-22 17:00:00,77.17,MARKET_FEED,VALID
2025-07-22 18:00:00,68.32,MARKET_FEED,VALID
2025-07-22 19:00:00,65.01,MARKET_FEED,VALID
2025-07-22 20:00:00,68.15,MARKET_FEED,VALID
2025-07-22 21:00:00,59.67,MARKET_FEED,VALID
2025-07-22 22:00:00,69.07,MARKET_FEED,VALID
2025-07-22 23:00:00,55.2,MARKET_FEED,VALID
2025-07-23 00:00:00,61.88,MARKET_FEED,VALID
2025-07-23 01:00:00,53.95,MARKET_FEED,VALID
2025-07-23 02:00:00,62.62,MARKET_FEED,VALID
2025-07-23 03:00:00,63.26,MARKET_FEED,VALID
2025-07-23 04:00:00,50.61,MARKET_FEED,VALID
2025-07-23 05:00:00,68.18,MARKET_FEED,VALID
2025-07-23 06:00:00,69.05,MARKET_FEED,VALID
2025-07-23 07:00:00,71.93,MARKET_FEED,VALID
2025-07-23 08:00:00,73.04,MARKET_FEED,VALID
2025-07-23 09:00:00,74.57,MARKET_FEED,VALID
2025-07-23 10:00:00,61.48,MARKET_FEED,VALID
2025-07-23 11:00:00,69.46,MARKET_FEED,VALID
2025-07-23 12:00:00,69.68,MARKET_FEED,VALID
2025-07-23 13:00:00,68.46829988465976,MARKET_FEED,VALID
2025-07-23 14:00:00,67.08,MARKET_FEED,VALID
2025-07-23 15:00:00,83.81,MARKET_FEED,VALID
2025-07-23 16:00:00,79.77,MARKET_FEED,VALID
2025-07-23 17:00:00,73.4,MARKET_FEED,VALID
2025-07-23 18:00:00,64.56,MARKET_FEED,VALID
2025-07-23 19:00:00,65.61,MARKET_FEED,VALID
2025-07-23 20:00:00,65.04,MARKET_FEED,VALID
2025-07-23 21:00:00,69.8,MARKET_FEED,VALID
2025-07-23 22:00:00,61.46,MARKET_FEED,VALID
2025-07-23 23:00:00,57.6,MARKET_FEED,VALID
2025-07-24 00:00:00,61.5,MARKET_FEED,VALID
2025-07-24 01:00:00,61.39,MARKET_FEED,VALID
2025-07-24 02:00:00,58.64,MARKET_FEED,VALID
2025-07-24 03:00:00,63.47,MARKET_FEED,VALID
2025-07-24 04:00:00,64.75,MARKET_FEED,VALID
2025-07-24 05:00:00,68.05,MARKET_FEED,VALID
2025-07-24 06:00:00,66.78,MARKET_FEED,VALID
2025-07-24 07:00:00,65.82,MARKET_FEED,VALID
2025-07-24 08:00:00,71.5,MARKET_FEED,VALID
2025-07-24 09:00:00,78.08,MARKET_FEED,VALID
2025-07-24 10:00:00,75.76,MARKET_FEED,VALID
2025-07-24 11:00:00,79.0,MARKET_FEED,VALID
2025-07-24 12:00:00,74.39,MARKET_FEED,VALID
2025-07-24 13:00:00,79.24,MARKET_FEED,VALID
2025-07-24 14:00:00,74.82,MARKET_FEED,VALID
2025-07-24 15:00:00,83.83,MARKET_FEED,VALID
2025-07-24 16:00:00,86.9,MARKET_FEED,VALID
2025-07-24 17:00:00,81.01,MARKET_FEED,VALID
2025-07-24 18:00:00,67.95,MARKET_FEED,VALID
2025-07-24 19:00:00,65.16,MARKET_FEED,VALID
2025-07-24 20:00:00,71.91,MARKET_FEED,VALID
2025-07-24 21:00:00,66.63,MARKET_FEED,VALID
2025-07-24 22:00:00,57.7,MARKET_FEED,VALID
2025-07-24 23:00:00,56.39,MARKET_FEED,VALID
2025-07-25 00:00:00,60.98,MARKET_FEED,VALID
2025-07-25 01:00:00,53.3,MARKET_FEED,VALID
2025-07-25 02:00:00,60.44,MARKET_FEED,VALID
2025-07-25 03:00:00,66.46,MARKET_FEED,VALID
2025-07-25 04:00:00,62.46,MARKET_FEED,VALID
2025-07-25 05:00:00,73.17,MARKET_FEED,VALID
2025-07-25 06:00:00,69.99,MARKET_FEED,VALID
2025-07-25 07:00:00,70.49,MARKET_FEED,VALID
2025-07-25 08:00:00,77.63,MARKET_FEED,VALID
2025-07-25 09:00:00,75.48,MARKET_FEED,VALID
2025-07-25 10:00:00,66.36,MARKET_FEED,VALID
2025-07-25 11:00:00,75.87,MARKET_FEED,VALID
2025-07-25 12:00:00,65.13,MARKET_FEED,VALID
2025-07-25 13:00:00,65.54,MARKET_FEED,VALID
2025-07-25 14:00:00,76.2,MARKET_FEED,VALID
2025-07-25 15:00:00,82.15,MARKET_FEED,VALID
2025-07-25 16:00:00,77.05,MARKET_FEED,VALID
2025-07-25 17:00:00,77.45,MARKET_FEED,VALID
2025-07-25 18:00:00,71.54,MARKET_FEED,VALID
2025-07-25 19:00:00,65.72,MARKET_FEED,VALID
2025-07-25 20:00:00,68.6,MARKET_FEED,VALID
2025-07-25 21:00:00,58.9,MARKET_FEED,VALID
2025-07-25 22:00:00,60.99,MARKET_FEED,VALID
2025-07-25 23:00:00,54.99,MARKET_FEED,VALID
2025-07-26 00:00:00,55.35,MARKET_FEED,VALID
2025-07-26 01:00:00,54.16,MARKET_FEED,VALID
2025-07-26 02:00:00,66.25,MARKET_FEED,VALID
2025-07-26 03:00:00,60.22,MARKET_FEED,VALID
2025-07-26 04:00:00,57.89,MARKET_FEED,VALID
2025-07-26 05:00:00,61.39,MARKET_FEED,VALID
2025-07-26 06:00:00,70.77,MARKET_FEED,VALID
2025-07-26 07:00:00,70.79,MARKET_FEED,VALID
2025-07-26 08:00:00,76.43,MARKET_FEED,VALID
2025-07-26 09:00:00,75.12,MARKET_FEED,VALID
2025-07-26 10:00:00,71.88,MARKET_FEED,VALID
2025-07-26 11:00:00,68.46829988465976,MARKET_FEED,VALID
2025-07-26 12:00:00,70.66,MARKET_FEED,VALID
2025-07-26 13:00:00,67.45,MARKET_FEED,VALID
2025-07-26 14:00:00,68.46829988465976,MARKET_FEED,VALID
2025-07-26 15:00:00,69.89,MARKET_FEED,VALID
2025-07-26 16:00:00,84.76,MARKET_FEED,VALID
2025-07-26 17:00:00,79.35,MARKET_FEED,VALID
2025-07-26 18:00:00,69.88,MARKET_FEED,VALID
2025-07-26 19:00:00,76.81,MARKET_FEED,VALID
2025-07-26 20:00:00,65.95,MARKET_FEED,VALID
2025-07-26 21:00:00,69.72,MARKET_FEED,VALID
2025-07-26 22:00:00,58.01,MARKET_FEED,VALID
2025-07-26 23:00:00,61.95,MARKET_FEED,VALID
2025-07-27 00:00:00,57.83,MARKET_FEED,VALID
2025-07-27 01:00:00,59.11,MARKET_FEED,VALID
2025-07-27 02:00:00,54.53,MARKET_FEED,VALID
2025-07-27 03:00:00,51.91,MARKET_FEED,VALID
2025-07-27 04:00:00,54.84,MARKET_FEED,VALID
2025-07-27 05:00:00,70.69,MARKET_FEED,VALID
2025-07-27 06:00:00,61.47,MARKET_FEED,VALID
2025-07-27 07:00:00,67.81,MARKET_FEED,VALID
2025-07-27 08:00:00,70.75,MARKET_FEED,VALID
2025-07-27 09:00:00,80.71,MARKET_FEED,VALID
2025-07-27 10:00:00,72.55,MARKET_FEED,VALID
2025-07-27 11:00:00,78.45,MARKET_FEED,VALID
2025-07-27 12:00:00,59.51,MARKET_FEED,VALID
2025-07-27 13:00:00,68.46829988465976,MARKET_FEED,VALID
2025-07-27 14:00:00,70.72,MARKET_FEED,VALID
2025-07-27 15:00:00,71.06,MARKET_FEED,VALID
2025-07-27 16:00:00,80.88,MARKET_FEED,VALID
2025-07-27 17:00:00,82.1,MARKET_FEED,VALID
2025-07-27 18:00:00,67.19,MARKET_FEED,VALID
2025-07-27 19:00:00,65.96,MARKET_FEED,VALID
2025-07-27 20:00:00,68.63,MARKET_FEED,VALID
2025-07-27 21:00:00,60.33,MARKET_FEED,VALID
2025-07-27 22:00:00,66.68,MARKET_FEED,VALID
2025-07-27 23:00:00,52.01,MARKET_FEED,VALID
2025-07-28 00:00:00,68.76,MARKET_FEED,VALID
2025-07-28 01:00:00,57.2,MARKET_FEED,VALID
2025-07-28 02:00:00,49.76,MARKET_FEED,VALID
2025-07-28 03:00:00,69.87,MARKET_FEED,VALID
2025-07-28 04:00:00,55.67,MARKET_FEED,VALID
2025-07-28 05:00:00,67.98,MARKET_FEED,VALID
2025-07-28 06:00:00,64.54,MARKET_FEED,VALID
2025-07-28 07:00:00,62.95,MARKET_FEED,VALID
2025-07-28 08:00:00,70.81,MARKET_FEED,VALID
2025-07-28 09:00:00,81.81,MARKET_FEED,VALID
2025-07-28 10:00:00,80.76,MARKET_FEED,VALID
2025-07-28 11:00:00,64.36,MARKET_FEED,VALID
2025-07-28 12:00:00,76.13,MARKET_FEED,VALID
2025-07-28 13:00:00,76.75,MARKET_FEED,VALID
2025-07-28 14:00:00,85.06,MARKET_FEED,VALID
2025-07-28 15:00:00,71.73,MARKET_FEED,VALID
2025-07-28 16:00:00,68.51,MARKET_FEED,VALID
2025-07-28 17:00:00,67.73,MARKET_FEED,VALID
2025-07-28 18:00:00,78.31,MARKET_FEED,VALID
2025-07-28 19:00:00,71.2,MARKET_FEED,VALID
2025-07-28 20:00:00,79.19,MARKET_FEED,VALID
2025-07-28 21:00:00,60.69,MARKET_FEED,VALID
2025-07-28 22:00:00,56.91,MARKET_FEED,VALID
2025-07-28 23:00:00,50.84,MARKET_FEED,VALID
2025-07-29 00:00:00,63.95,MARKET_FEED,VALID
2025-07-29 01:00:00,60.12,MARKET_FEED,VALID
2025-07-29 02:00:00,60.62,MARKET_FEED,VALID
2025-07-29 03:00:00,61.16,MARKET_FEED,VALID
2025-07-29 04:00:00,69.63,MARKET_FEED,VALID
2025-07-29 05:00:00,59.48,MARKET_FEED,VALID
2025-07-29 06:00:00,73.5,MARKET_FEED,VALID
2025-07-29 07:00:00,72.32,MARKET_FEED,VALID
2025-07-29 08:00:00,70.4,MARKET_FEED,VALID
2025-07-29 09:00:00,74.93,MARKET_FEED,VALID
2025-07-29 10:00:00,68.17,MARKET_FEED,VALID
2025-07-29 11:00:00,74.8,MARKET_FEED,VALID
2025-07-29 12:00:00,75.52,MARKET_FEED,VALID
2025-07-29 13:00:00,85.9,MARKET_FEED,VALID
2025-07-29 14:00:00,79.75,MARKET_FEED,VALID
2025-07-29 15:00:00,74.94,MARKET_FEED,VALID
2025-07-29 16:00:00,74.27,MARKET_FEED,VALID
2025-07-29 17:00:00,76.62,MARKET_FEED,VALID
2025-07-29 18:00:00,67.32,MARKET_FEED,VALID
2025-07-29 19:00:00,70.93,MARKET_FEED,VALID
2025-07-29 20:00:00,69.22,MARKET_FEED,VALID
2025-07-29 21:00:00,66.33,MARKET_FEED,VALID
2025-07-29 22:00:00,53.82,MARKET_FEED,VALID
2025-07-29 23:00:00,59.82,MARKET_FEED,VALID
2025-07-30 00:00:00,51.75,MARKET_FEED,VALID
2025-07-30 01:00:00,53.93,MARKET_FEED,VALID
2025-07-30 02:00:00,59.49,MARKET_FEED,VALID
2025-07-30 03:00:00,59.9,MARKET_FEED,VALID
2025-07-30 04:00:00,50.68,MARKET_FEED,VALID
2025-07-30 05:00:00,62.44,MARKET_FEED,VALID
2025-07-30 06:00:00,65.49,MARKET_FEED,VALID
2025-07-30 07:00:00,68.61,MARKET_FEED,VALID
2025-07-30 08:00:00,71.43,MARKET_FEED,VALID
2025-07-30 09:00:00,82.15,MARKET_FEED,VALID
2025-07-30 10:00:00,56.87,MARKET_FEED,VALID
2025-07-30 11:00:00,70.97,MARKET_FEED,VALID
2025-07-30 12:00:00,58.77,MARKET_FEED,VALID
2025-07-30 13:00:00,75.25,MARKET_FEED,VALID
2025-07-30 14:00:00,80.4,MARKET_FEED,VALID
2025-07-30 15:00:00,95.08,MARKET_FEED,VALID
2025-07-30 16:00:00,81.84,MARKET_FEED,VALID
2025-07-30 17:00:00,76.27,MARKET_FEED,VALID
2025-07-30 18:00:00,77.22,MARKET_FEED,VALID
2025-07-30 19:00:00,66.89,MARKET_FEED,VALID
2025-07-30 20:00:00,70.08,MARKET_FEED,VALID
2025-07-30 21:00:00,65.72,MARKET_FEED,VALID
2025-07-30 22:00:00,67.59,MARKET_FEED,VALID
2025-07-30 23:00:00,59.49,MARKET_FEED,VALID
2025-07-31 00:00:00,60.39,MARKET_FEED,VALID
2025-07-31 01:00:00,56.03,MARKET_FEED,VALID
2025-07-31 02:00:00,58.62,MARKET_FEED,VALID
2025-07-31 03:00:00,60.17,MARKET_FEED,VALID
2025-07-31 04:00:00,64.2,MARKET_FEED,VALID
2025-07-31 05:00:00,64.7,MARKET_FEED,VALID
2025-07-31 06:00:00,65.9,MARKET_FEED,VALID
2025-07-31 07:00:00,66.66,MARKET_FEED,VALID
2025-07-31 08:00:00,72.24,MARKET_FEED,VALID
2025-07-31 09:00:00,73.85,MARKET_FEED,VALID
2025-07-31 10:00:00,69.78,MARKET_FEED,VALID
2025-07-31 11:00:00,60.0,MARKET_FEED,VALID
2025-07-31 12:00:00,77.24,MARKET_FEED,VALID
2025-07-31 13:00:00,68.79,MARKET_FEED,VALID
2025-07-31 14:00:00,80.1,MARKET_FEED,VALID
2025-07-31 15:00:00,74.3,MARKET_FEED,VALID
2025-07-31 16:00:00,87.57,MARKET_FEED,VALID
2025-07-31 17:00:00,79.85,MARKET_FEED,VALID
2025-07-31 18:00:00,67.6,MARKET_FEED,VALID
2025-07-31 19:00:00,71.53,MARKET_FEED,VALID
2025-07-31 20:00:00,69.23,MARKET_FEED,VALID
2025-07-31 21:00:00,71.69,MARKET_FEED,VALID
2025-07-31 22:00:00,61.02,MARKET_FEED,VALID
2025-07-31 23:00:00,64.61,MARKET_FEED,VALID
2025-08-01 00:00:00,58.25,MARKET_FEED,VALID
2025-08-01 01:00:00,50.99,MARKET_FEED,VALID
2025-08-01 02:00:00,60.93,MARKET_FEED,VALID
2025-08-01 03:00:00,58.11,MARKET_FEED,VALID
2025-08-01 04:00:00,62.11,MARKET_FEED,VALID
2025-08-01 05:00:00,68.23,MARKET_FEED,VALID
2025-08-01 06:00:00,74.56,MARKET_FEED,VALID
2025-08-01 07:00:00,65.9,MARKET_FEED,VALID
2025-08-01 08:00:00,70.88,MARKET_FEED,VALID
2025-08-01 09:00:00,72.29,MARKET_FEED,VALID
2025-08-01 10:00:00,77.44,MARKET_FEED,VALID
2025-08-01 11:00:00,69.66,MARKET_FEED,VALID
2025-08-01 12:00:00,76.36,MARKET_FEED,VALID
2025-08-01 13:00:00,68.95,MARKET_FEED,VALID
2025-08-01 14:00:00,69.24,MARKET_FEED,VALID
2025-08-01 15:00:00,75.81,MARKET_FEED,VALID
2025-08-01 16:00:00,75.72,MARKET_FEED,VALID
2025-08-01 17:00:00,79.22,MARKET_FEED,VALID
2025-08-01 18:00:00,68.98,MARKET_FEED,VALID
2025-08-01 19:00:00,79.2,MARKET_FEED,VALID
2025-08-01 20:00:00,57.04,MARKET_FEED,VALID
2025-08-01 21:00:00,61.77,MARKET_FEED,VALID
2025-08-01 22:00:00,61.68,MARKET_FEED,VALID
2025-08-01 23:00:00,61.03,MARKET_FEED,VALID
2025-08-02 00:00:00,59.71,MARKET_FEED,VALID
2025-08-02 01:00:00,57.41,MARKET_FEED,VALID
2025-08-02 02:00:00,61.81,MARKET_FEED,VALID
2025-08-02 03:00:00,53.32,MARKET_FEED,VALID
2025-08-02 04:00:00,67.3,MARKET_FEED,VALID
2025-08-02 05:00:00,58.04,MARKET_FEED,VALID
2025-08-02 06:00:00,63.4,MARKET_FEED,VALID
2025-08-02 07:00:00,69.28,MARKET_FEED,VALID
2025-08-02 08:00:00,77.21,MARKET_FEED,VALID
2025-08-02 09:00:00,76.28,MARKET_FEED,VALID
2025-08-02 10:00:00,74.01,MARKET_FEED,VALID
2025-08-02 11:00:00,66.54,MARKET_FEED,VALID
2025-08-02 12:00:00,83.06,MARKET_FEED,VALID
2025-08-02 13:00:00,60.95,MARKET_FEED,VALID
2025-08-02 14:00:00,74.04,MARKET_FEED,VALID
2025-08-02 15:00:00,75.52,MARKET_FEED,VALID
2025-08-02 16:00:00,74.73,MARKET_FEED,VALID
2025-08-02 17:00:00,73.16,MARKET_FEED,VALID
2025-08-02 18:00:00,79.04,MARKET_FEED,VALID
2025-08-02 19:00:00,71.5,MARKET_FEED,VALID
2025-08-02 20:00:00,73.48,MARKET_FEED,VALID
2025-08-02 21:00:00,63.57,MARKET_FEED,VALID
2025-08-02 22:00:00,65.71,MARKET_FEED,VALID
2025-08-02 23:00:00,68.45,MARKET_FEED,VALID
2025-08-03 00:00:00,61.98,MARKET_FEED,VALID
2025-08-03 01:00:00,64.84,MARKET_FEED,VALID
2025-08-03 02:00:00,65.0,MARKET_FEED,VALID
2025-08-03 03:00:00,64.66,MARKET_FEED,VALID
2025-08-03 04:00:00,62.65,MARKET_FEED,VALID
2025-08-03 05:00:00,71.07,MARKET_FEED,VALID
2025-08-03 06:00:00,68.81,MARKET_FEED,VALID
2025-08-03 07:00:00,69.82,MARKET_FEED,VALID
2025-08-03 08:00:00,72.8,MARKET_FEED,VALID
2025-08-03 09:00:00,72.68,MARKET_FEED,VALID
2025-08-03 10:00:00,68.08,MARKET_FEED,VALID
2025-08-03 11:00:00,74.15,MARKET_FEED,VALID
2025-08-03 12:00:00,79.03,MARKET_FEED,VALID
2025-08-03 13:00:00,73.11,MARKET_FEED,VALID
2025-08-03 14:00:00,72.42,MARKET_FEED,VALID
2025-08-03 15:00:00,85.83,MARKET_FEED,VALID
2025-08-03 16:00:00,71.63,MARKET_FEED,VALID
2025-08-03 17:00:00,80.29,MARKET_FEED,VALID
2025-08-03 18:00:00,69.14,MARKET_FEED,VALID
2025-08-03 19:00:00,70.53,MARKET_FEED,VALID
2025-08-03 20:00:00,73.38,MARKET_FEED,VALID
2025-08-03 21:00:00,69.22,MARKET_FEED,VALID
2025-08-03 22:00:00,59.03,MARKET_FEED,VALID
2025-08-03 23:00:00,52.36,MARKET_FEED,VALID
2025-08-04 00:00:00,47.42,MARKET_FEED,VALID
2025-08-04 01:00:00,66.15,MARKET_FEED,VALID
2025-08-04 02:00:00,47.7,MARKET_FEED,VALID
2025-08-04 03:00:00,59.32,MARKET_FEED,VALID
2025-08-04 04:00:00,57.36,MARKET_FEED,VALID
2025-08-04 05:00:00,55.21,MARKET_FEED,VALID
2025-08-04 06:00:00,62.96,MARKET_FEED,VALID
2025-08-04 07:00:00,68.15,MARKET_FEED,VALID
2025-08-04 08:00:00,77.11,MARKET_FEED,VALID
2025-08-04 09:00:00,67.63,MARKET_FEED,VALID
2025-08-04 10:00:00,68.17,MARKET_FEED,VALID
2025-08-04 11:00:00,67.89,MARKET_FEED,VALID
2025-08-04 12:00:00,81.75,MARKET_FEED,VALID
2025-08-04 13:00:00,74.68,MARKET_FEED,VALID
2025-08-04 14:00:00,69.31,MARKET_FEED,VALID
2025-08-04 15:00:00,85.96,MARKET_FEED,VALID
2025-08-04 16:00:00,75.73,MARKET_FEED,VALID
2025-08-04 17:00:00,75.56,MARKET_FEED,VALID
2025-08-04 18:00:00,76.57,MARKET_FEED,VALID
2025-08-04 19:00:00,72.41,MARKET_FEED,VALID
2025-08-04 20:00:00,62.75,MARKET_FEED,VALID
2025-08-04 21:00:00,59.55,MARKET_FEED,VALID
2025-08-04 22:00:00,63.85,MARKET_FEED,VALID
2025-08-04 23:00:00,55.76,MARKET_FEED,VALID
2025-08-05 00:00:00,59.64,MARKET_FEED,VALID
2025-08-05 01:00:00,52.93,MARKET_FEED,VALID
2025-08-05 02:00:00,61.95,MARKET_FEED,VALID
2025-08-05 03:00:00,66.76,MARKET_FEED,VALID
2025-08-05 04:00:00,63.89,MARKET_FEED,VALID
2025-08-05 05:00:00,66.6,MARKET_FEED,VALID
2025-08-05 06:00:00,60.23,MARKET_FEED,VALID
2025-08-05 07:00:00,60.64,MARKET_FEED,VALID
2025-08-05 08:00:00,70.37,MARKET_FEED,VALID
2025-08-05 09:00:00,70.71,MARKET_FEED,VALID
2025-08-05 10:00:00,68.54,MARKET_FEED,VALID
2025-08-05 11:00:00,75.68,MARKET_FEED,VALID
2025-08-05 12:00:00,60.51,MARKET_FEED,VALID
2025-08-05 13:00:00,79.64,MARKET_FEED,VALID
2025-08-05 14:00:00,79.16,MARKET_FEED,VALID
2025-08-05 15:00:00,82.24,MARKET_FEED,VALID
2025-08-05 16:00:00,85.9,MARKET_FEED,VALID
2025-08-05 17:00:00,73.49,MARKET_FEED,VALID
2025-08-05 18:00:00,74.73,MARKET_FEED,VALID
2025-08-05 19:00:00,68.39,MARKET_FEED,VALID
2025-08-05 20:00:00,74.68,MARKET_FEED,VALID
2025-08-05 21:00:00,62.95,MARKET_FEED,VALID
2025-08-05 22:00:00,63.57,MARKET_FEED,VALID
2025-08-05 23:00:00,57.38,MARKET_FEED,VALID
2025-08-06 00:00:00,58.66,MARKET_FEED,VALID
2025-08-06 01:00:00,60.51,MARKET_FEED,VALID
2025-08-06 02:00:00,57.58,MARKET_FEED,VALID
2025-08-06 03:00:00,55.35,MARKET_FEED,VALID
2025-08-06 04:00:00,57.19,MARKET_FEED,VALID
2025-08-06 05:00:00,73.09,MARKET_FEED,VALID
2025-08-06 06:00:00,65.67,MARKET_FEED,VALID
2025-08-06 07:00:00,78.45,MARKET_FEED,VALID
2025-08-06 08:00:00,75.32,MARKET_FEED,VALID
2025-08-06 09:00:00,75.42,MARKET_FEED,VALID
2025-08-06 10:00:00,69.43,MARKET_FEED,VALID
2025-08-06 11:00:00,75.03,MARKET_FEED,VALID
2025-08-06 12:00:00,72.52,MARKET_FEED,VALID
2025-08-06 13:00:00,89.0,MARKET_FEED,VALID
2025-08-06 14:00:00,69.17,MARKET_FEED,VALID
2025-08-06 15:00:00,73.04,MARKET_FEED,VALID
2025-08-06 16:00:00,86.99,MARKET_FEED,VALID
2025-08-06 17:00:00,72.39,MARKET_FEED,VALID
2025-08-06 18:00:00,69.39,MARKET_FEED,VALID
2025-08-06 19:00:00,73.11,MARKET_FEED,VALID
2025-08-06 20:00:00,66.31,MARKET_FEED,VALID
2025-08-06 21:00:00,65.34,MARKET_FEED,VALID
2025-08-06 22:00:00,57.51,MARKET_FEED,VALID
2025-08-06 23:00:00,60.09,MARKET_FEED,VALID
2025-08-07 00:00:00,63.21,MARKET_FEED,VALID
2025-08-07 01:00:00,58.06,MARKET_FEED,VALID
2025-08-07 02:00:00,64.4,MARKET_FEED,VALID
2025-08-07 03:00:00,50.85,MARKET_FEED,VALID
2025-08-07 04:00:00,64.1,MARKET_FEED,VALID
2025-08-07 05:00:00,66.05,MARKET_FEED,VALID
2025-08-07 06:00:00,66.81,MARKET_FEED,VALID
2025-08-07 07:00:00,79.09,MARKET_FEED,VALID
2025-08-07 08:00:00,73.94,MARKET_FEED,VALID
2025-08-07 09:00:00,73.59,MARKET_FEED,VALID
2025-08-07 10:00:00,72.26,MARKET_FEED,VALID
2025-08-07 11:00:00,60.18,MARKET_FEED,VALID
2025-08-07 12:00:00,66.2,MARKET_FEED,VALID
2025-08-07 13:00:00,70.02,MARKET_FEED,VALID
2025-08-07 14:00:00,61.76,MARKET_FEED,VALID
2025-08-07 15:00:00,71.56,MARKET_FEED,VALID
2025-08-07 16:00:00,81.23,MARKET_FEED,VALID
2025-08-07 17:00:00,76.07,MARKET_FEED,VALID
2025-08-07 18:00:00,79.22,MARKET_FEED,VALID
2025-08-07 19:00:00,67.61,MARKET_FEED,VALID
2025-08-07 20:00:00,62.52,MARKET_FEED,VALID
2025-08-07 21:00:00,65.27,MARKET_FEED,VALID
2025-08-07 22:00:00,65.76,MARKET_FEED,VALID
2025-08-07 23:00:00,60.98,MARKET_FEED,VALID
2025-08-08 00:00:00,57.76,MARKET_FEED,VALID
2025-08-08 01:00:00,61.53,MARKET_FEED,VALID
2025-08-08 02:00:00,57.11,MARKET_FEED,VALID
2025-08-08 03:00:00,63.51,MARKET_FEED,VALID
2025-08-08 04:00:00,57.55,MARKET_FEED,VALID
2025-08-08 05:00:00,62.93,MARKET_FEED,VALID
2025-08-08 06:00:00,65.68,MARKET_FEED,VALID
2025-08-08 07:00:00,77.89,MARKET_FEED,VALID
2025-08-08 08:00:00,75.66,MARKET_FEED,VALID
2025-08-08 09:00:00,64.32,MARKET_FEED,VALID
2025-08-08 10:00:00,84.58,MARKET_FEED,VALID
2025-08-08 11:00:00,84.81,MARKET_FEED,VALID
2025-08-08 12:00:00,68.46829988465976,MARKET_FEED,VALID
2025-08-08 13:00:00,87.49,MARKET_FEED,VALID
2025-08-08 14:00:00,66.54,MARKET_FEED,VALID
2025-08-08 15:00:00,71.01,MARKET_FEED,VALID
2025-08-08 16:00:00,73.3,MARKET_FEED,VALID
2025-08-08 17:00:00,76.7,MARKET_FEED,VALID
2025-08-08 18:00:00,64.18,MARKET_FEED,VALID
2025-08-08 19:00:00,71.78,MARKET_FEED,VALID
2025-08-08 20:00:00,67.52,MARKET_FEED,VALID
2025-08-08 21:00:00,60.28,MARKET_FEED,VALID
2025-08-08 22:00:00,70.83,MARKET_FEED,VALID
2025-08-08 23:00:00,63.75,MARKET_FEED,VALID
2025-08-09 00:00:00,42.99,MARKET_FEED,VALID
2025-08-09 01:00:00,61.59,MARKET_FEED,VALID
2025-08-09 02:00:00,56.51,MARKET_FEED,VALID
2025-08-09 03:00:00,58.8,MARKET_FEED,VALID
2025-08-09 04:00:00,66.32,MARKET_FEED,VALID
2025-08-09 05:00:00,64.04,MARKET_FEED,VALID
2025-08-09 06:00:00,65.27,MARKET_FEED,VALID
2025-08-09 07:00:00,64.26,MARKET_FEED,VALID
2025-08-09 08:00:00,70.18,MARKET_FEED,VALID
2025-08-09 09:00:00,62.83,MARKET_FEED,VALID
2025-08-09 10:00:00,73.16,MARKET_FEED,VALID
2025-08-09 11:00:00,72.85,MARKET_FEED,VALID
2025-08-09 12:00:00,79.35,MARKET_FEED,VALID
2025-08-09 13:00:00,64.1,MARKET_FEED,VALID
2025-08-09 14:00:00,66.91,MARKET_FEED,VALID
2025-08-09 15:00:00,75.66,MARKET_FEED,VALID
2025-08-09 16:00:00,74.53,MARKET_FEED,VALID
2025-08-09 17:00:00,71.38,MARKET_FEED,VALID
2025-08-09 18:00:00,67.21,MARKET_FEED,VALID
2025-08-09 19:00:00,78.16,MARKET_FEED,VALID
2025-08-09 20:00:00,64.47,MARKET_FEED,VALID
2025-08-09 21:00:00,63.89,MARKET_FEED,VALID
2025-08-09 22:00:00,56.8,MARKET_FEED,VALID
2025-08-09 23:00:00,62.97,MARKET_FEED,VALID
2025-08-10 00:00:00,60.35,MARKET_FEED,VALID
2025-08-10 01:00:00,60.18,MARKET_FEED,VALID
2025-08-10 02:00:00,55.63,MARKET_FEED,VALID
2025-08-10 03:00:00,60.66,MARKET_FEED,VALID
2025-08-10 04:00:00,62.06,MARKET_FEED,VALID
2025-08-10 05:00:00,64.21,MARKET_FEED,VALID
2025-08-10 06:00:00,71.73,MARKET_FEED,VALID
2025-08-10 07:00:00,69.09,MARKET_FEED,VALID
2025-08-10 08:00:00,76.0,MARKET_FEED,VALID
2025-08-10 09:00:00,68.96,MARKET_FEED,VALID
2025-08-10 10:00:00,71.26,MARKET_FEED,VALID
2025-08-10 11:00:00,61.12,MARKET_FEED,VALID
2025-08-10 12:00:00,84.19,MARKET_FEED,VALID
2025-08-10 13:00:00,68.46829988465976,MARKET_FEED,VALID
2025-08-10 14:00:00,69.93,MARKET_FEED,VALID
2025-08-10 15:00:00,75.84,MARKET_FEED,VALID
2025-08-10 16:00:00,78.19,MARKET_FEED,VALID
2025-08-10 17:00:00,76.7,MARKET_FEED,VALID
2025-08-10 18:00:00,69.08,MARKET_FEED,VALID
2025-08-10 19:00:00,59.63,MARKET_FEED,VALID
2025-08-10 20:00:00,74.81,MARKET_FEED,VALID
2025-08-10 21:00:00,63.73,MARKET_FEED,VALID
2025-08-10 22:00:00,65.52,MARKET_FEED,VALID
2025-08-10 23:00:00,53.66,MARKET_FEED,VALID
2025-08-11 00:00:00,62.45,MARKET_FEED,VALID
2025-08-11 01:00:00,57.87,MARKET_FEED,VALID
2025-08-11 02:00:00,58.01,MARKET_FEED,VALID
2025-08-11 03:00:00,53.26,MARKET_FEED,VALID
2025-08-11 04:00:00,61.44,MARKET_FEED,VALID
2025-08-11 05:00:00,68.29,MARKET_FEED,VALID
2025-08-11 06:00:00,66.66,MARKET_FEED,VALID
2025-08-11 07:00:00,79.37,MARKET_FEED,VALID
2025-08-11 08:00:00,75.73,MARKET_FEED,VALID
2025-08-11 09:00:00,84.51,MARKET_FEED,VALID
2025-08-11 10:00:00,62.59,MARKET_FEED,VALID
2025-08-11 11:00:00,63.07,MARKET_FEED,VALID
2025-08-11 12:00:00,79.01,MARKET_FEED,VALID
2025-08-11 13:00:00,71.98,MARKET_FEED,VALID
2025-08-11 14:00:00,74.47,MARKET_FEED,VALID
2025-08-11 15:00:00,81.64,MARKET_FEED,VALID
2025-08-11 16:00:00,80.27,MARKET_FEED,VALID
2025-08-11 17:00:00,73.07,MARKET_FEED,VALID
2025-08-11 18:00:00,74.19,MARKET_FEED,VALID
2025-08-11 19:00:00,64.82,MARKET_FEED,VALID
2025-08-11 20:00:00,65.89,MARKET_FEED,VALID
2025-08-11 21:00:00,61.17,MARKET_FEED,VALID
2025-08-11 22:00:00,57.88,MARKET_FEED,VALID
2025-08-11 23:00:00,63.58,MARKET_FEED,VALID
2025-08-12 00:00:00,56.47,MARKET_FEED,VALID
2025-08-12 01:00:00,59.79,MARKET_FEED,VALID
2025-08-12 02:00:00,54.61,MARKET_FEED,VALID
2025-08-12 03:00:00,60.06,MARKET_FEED,VALID
2025-08-12 04:00:00,63.83,MARKET_FEED,VALID
2025-08-12 05:00:00,69.27,MARKET_FEED,VALID
2025-08-12 06:00:00,64.56,MARKET_FEED,VALID
2025-08-12 07:00:00,64.35,MARKET_FEED,VALID
2025-08-12 08:00:00,72.83,MARKET_FEED,VALID
2025-08-12 09:00:00,67.86,MARKET_FEED,VALID
2025-08-12 10:00:00,73.36,MARKET_FEED,VALID
2025-08-12 11:00:00,79.57,MARKET_FEED,VALID
2025-08-12 12:00:00,64.49,MARKET_FEED,VALID
2025-08-12 13:00:00,69.33,MARKET_FEED,VALID
2025-08-12 14:00:00,83.28,MARKET_FEED,VALID
2025-08-12 15:00:00,71.45,MARKET_FEED,VALID
2025-08-12 16:00:00,81.61,MARKET_FEED,VALID
2025-08-12 17:00:00,84.02,MARKET_FEED,VALID
2025-08-12 18:00:00,78.37,MARKET_FEED,VALID
2025-08-12 19:00:00,71.97,MARKET_FEED,VALID
2025-08-12 20:00:00,66.7,MARKET_FEED,VALID
2025-08-12 21:00:00,60.01,MARKET_FEED,VALID
2025-08-12 22:00:00,66.15,MARKET_FEED,VALID
2025-08-12 23:00:00,62.8,MARKET_FEED,VALID
2025-08-13 00:00:00,66.82,MARKET_FEED,VALID
2025-08-13 01:00:00,59.63,MARKET_FEED,VALID
2025-08-13 02:00:00,59.12,MARKET_FEED,VALID
2025-08-13 03:00:00,65.38,MARKET_FEED,VALID
2025-08-13 04:00:00,67.11,MARKET_FEED,VALID
2025-08-13 05:00:00,54.21,MARKET_FEED,VALID
2025-08-13 06:00:00,73.22,MARKET_FEED,VALID
2025-08-13 07:00:00,74.04,MARKET_FEED,VALID
2025-08-13 08:00:00,71.07,MARKET_FEED,VALID
2025-08-13 09:00:00,71.77,MARKET_FEED,VALID
2025-08-13 10:00:00,82.65,MARKET_FEED,VALID
2025-08-13 11:00:00,79.58,MARKET_FEED,VALID
2025-08-13 12:00:00,79.94,MARKET_FEED,VALID
2025-08-13 13:00:00,76.13,MARKET_FEED,VALID
2025-08-13 14:00:00,76.89,MARKET_FEED,VALID
2025-08-13 15:00:00,83.79,MARKET_FEED,VALID
2025-08-13 16:00:00,90.53,MARKET_FEED,VALID
2025-08-13 17:00:00,82.99,MARKET_FEED,VALID
2025-08-13 18:00:00,76.38,MARKET_FEED,VALID
2025-08-13 19:00:00,65.81,MARKET_FEED,VALID
2025-08-13 20:00:00,70.69,MARKET_FEED,VALID
2025-08-13 21:00:00,62.8,MARKET_FEED,VALID
2025-08-13 22:00:00,60.57,MARKET_FEED,VALID
2025-08-13 23:00:00,55.19,MARKET_FEED,VALID
2025-08-14 00:00:00,59.24,MARKET_FEED,VALID
2025-08-14 01:00:00,58.84,MARKET_FEED,VALID
2025-08-14 02:00:00,66.24,MARKET_FEED,VALID
2025-08-14 03:00:00,58.29,MARKET_FEED,VALID
2025-08-14 04:00:00,63.42,MARKET_FEED,VALID
2025-08-14 05:00:00,68.76,MARKET_FEED,VALID
2025-08-14 06:00:00,69.79,MARKET_FEED,VALID
2025-08-14 07:00:00,70.48,MARKET_FEED,VALID
2025-08-14 08:00:00,80.32,MARKET_FEED,VALID
2025-08-14 09:00:00,56.3,MARKET_FEED,VALID
2025-08-14 10:00:00,79.86,MARKET_FEED,VALID
2025-08-14 11:00:00,68.46829988465976,MARKET_FEED,VALID
2025-08-14 12:00:00,81.1,MARKET_FEED,VALID
2025-08-14 13:00:00,68.46829988465976,MARKET_FEED,VALID
2025-08-14 14:00:00,74.48,MARKET_FEED,VALID
2025-08-14 15:00:00,87.37,MARKET_FEED,VALID
2025-08-14 16:00:00,78.76,MARKET_FEED,VALID
2025-08-14 17:00:00,78.1,MARKET_FEED,VALID
2025-08-14 18:00:00,69.45,MARKET_FEED,VALID
2025-08-14 19:00:00,70.4,MARKET_FEED,VALID
2025-08-14 20:00:00,74.04,MARKET_FEED,VALID
2025-08-14 22:00:00,65.83,MARKET_FEED,VALID
2025-08-14 23:00:00,60.02,MARKET_FEED,VALID
2025-08-15 00:00:00,58.45,MARKET_FEED,VALID
2025-08-15 01:00:00,54.47,MARKET_FEED,VALID
2025-08-15 02:00:00,59.46,MARKET_FEED,VALID
2025-08-15 03:00:00,53.3,MARKET_FEED,VALID
2025-08-15 04:00:00,58.56,MARKET_FEED,VALID
2025-08-15 05:00:00,59.83,MARKET_FEED,VALID
2025-08-15 06:00:00,72.43,MARKET_FEED,VALID
2025-08-15 07:00:00,74.56,MARKET_FEED,VALID
2025-08-15 08:00:00,78.51,MARKET_FEED,VALID
2025-08-15 09:00:00,76.5,MARKET_FEED,VALID
2025-08-15 10:00:00,81.36,MARKET_FEED,VALID
2025-08-15 11:00:00,77.74,MARKET_FEED,VALID
2025-08-15 12:00:00,69.69,MARKET_FEED,VALID
2025-08-15 13:00:00,62.84,MARKET_FEED,VALID
2025-08-15 14:00:00,74.18,MARKET_FEED,VALID
2025-08-15 15:00:00,81.62,MARKET_FEED,VALID
2025-08-15 16:00:00,87.53,MARKET_FEED,VALID
2025-08-15 17:00:00,79.87,MARKET_FEED,VALID
2025-08-15 18:00:00,68.43,MARKET_FEED,VALID
2025-08-15 19:00:00,71.36,MARKET_FEED,VALID
2025-08-15 20:00:00,70.65,MARKET_FEED,VALID
2025-08-15 21:00:00,68.33,MARKET_FEED,VALID
2025-08-15 22:00:00,61.09,MARKET_FEED,VALID
2025-08-15 23:00:00,54.98,MARKET_FEED,VALID
2025-08-16 00:00:00,63.74,MARKET_FEED,VALID
2025-08-16 01:00:00,51.76,MARKET_FEED,VALID
2025-08-16 02:00:00,61.49,MARKET_FEED,VALID
2025-08-16 03:00:00,55.68,MARKET_FEED,VALID
2025-08-16 04:00:00,48.76,MARKET_FEED,VALID
2025-08-16 05:00:00,63.78,MARKET_FEED,VALID
2025-08-16 06:00:00,66.39,MARKET_FEED,VALID
2025-08-16 07:00:00,66.23,MARKET_FEED,VALID
2025-08-16 08:00:00,79.26,MARKET_FEED,VALID
2025-08-16 09:00:00,62.33,MARKET_FEED,VALID
2025-08-16 10:00:00,68.99,MARKET_FEED,VALID
2025-08-16 11:00:00,68.46829988465976,MARKET_FEED,VALID
2025-08-16 12:00:00,62.95,MARKET_FEED,VALID
2025-08-16 13:00:00,70.49,MARKET_FEED,VALID
2025-08-16 14:00:00,69.79,MARKET_FEED,VALID
2025-08-16 15:00:00,76.08,MARKET_FEED,VALID
2025-08-16 16:00:00,82.16,MARKET_FEED,VALID
2025-08-16 17:00:00,70.48,MARKET_FEED,VALID
2025-08-16 18:00:00,62.22,MARKET_FEED,VALID
2025-08-16 19:00:00,67.35,MARKET_FEED,VALID
2025-08-16 20:00:00,64.39,MARKET_FEED,VALID
2025-08-16 21:00:00,54.49,MARKET_FEED,VALID
2025-08-16 22:00:00,58.16,MARKET_FEED,VALID
2025-08-16 23:00:00,68.15,MARKET_FEED,VALID
2025-08-17 00:00:00,63.69,MARKET_FEED,VALID
2025-08-17 01:00:00,61.05,MARKET_FEED,VALID
2025-08-17 02:00:00,59.86,MARKET_FEED,VALID
2025-08-17 03:00:00,47.86,MARKET_FEED,VALID
2025-08-17 04:00:00,67.45,MARKET_FEED,VALID
2025-08-17 05:00:00,56.87,MARKET_FEED,VALID
2025-08-17 06:00:00,63.18,MARKET_FEED,VALID
2025-08-17 07:00:00,68.05,MARKET_FEED,VALID
2025-08-17 08:00:00,73.75,MARKET_FEED,VALID
2025-08-17 09:00:00,67.28,MARKET_FEED,VALID
2025-08-17 10:00:00,68.46829988465976,MARKET_FEED,VALID
2025-08-17 11:00:00,65.69,MARKET_FEED,VALID
2025-08-17 12:00:00,68.46829988465976,MARKET_FEED,VALID
2025-08-17 13:00:00,68.46829988465976,MARKET_FEED,VALID
2025-08-17 14:00:00,68.46829988465976,MARKET_FEED,VALID
2025-08-17 15:00:00,72.61,MARKET_FEED,VALID
2025-08-17 16:00:00,83.09,MARKET_FEED,VALID
2025-08-17 17:00:00,78.66,MARKET_FEED,VALID
2025-08-17 18:00:00,75.93,MARKET_FEED,VALID
2025-08-17 19:00:00,65.45,MARKET_FEED,VALID
2025-08-17 20:00:00,64.4,MARKET_FEED,VALID
2025-08-17 21:00:00,64.12,MARKET_FEED,VALID
2025-08-17 22:00:00,59.91,MARKET_FEED,VALID
2025-08-17 23:00:00,62.52,MARKET_FEED,VALID
2025-08-18 00:00:00,49.81,MARKET_FEED,VALID
2025-08-18 01:00:00,65.96,MARKET_FEED,VALID
2025-08-18 02:00:00,65.97,MARKET_FEED,VALID
2025-08-18 03:00:00,62.14,MARKET_FEED,VALID
2025-08-18 04:00:00,60.17,MARKET_FEED,VALID
2025-08-18 05:00:00,62.45,MARKET_FEED,VALID
2025-08-18 06:00:00,64.72,MARKET_FEED,VALID
2025-08-18 07:00:00,72.04,MARKET_FEED,VALID
2025-08-18 08:00:00,70.58,MARKET_FEED,VALID
2025-08-18 09:00:00,73.72,MARKET_FEED,VALID
2025-08-18 10:00:00,68.51,MARKET_FEED,VALID
2025-08-18 11:00:00,77.79,MARKET_FEED,VALID
2025-08-18 12:00:00,68.75,MARKET_FEED,VALID
2025-08-18 13:00:00,79.17,MARKET_FEED,VALID
2025-08-18 14:00:00,71.0,MARKET_FEED,VALID
2025-08-18 15:00:00,68.02,MARKET_FEED,VALID
2025-08-18 16:00:00,80.57,MARKET_FEED,VALID
2025-08-18 17:00:00,77.29,MARKET_FEED,VALID
2025-08-18 18:00:00,69.65,MARKET_FEED,VALID
2025-08-18 19:00:00,80.15,MARKET_FEED,VALID
2025-08-18 20:00:00,68.36,MARKET_FEED,VALID
2025-08-18 21:00:00,59.86,MARKET_FEED,VALID
2025-08-18 22:00:00,68.37,MARKET_FEED,VALID
2025-08-18 23:00:00,60.48,MARKET_FEED,VALID
2025-08-19 00:00:00,57.76,MARKET_FEED,VALID
2025-08-19 01:00:00,54.86,MARKET_FEED,VALID
2025-08-19 02:00:00,57.11,MARKET_FEED,VALID
2025-08-19 03:00:00,52.13,MARKET_FEED,VALID
2025-08-19 04:00:00,59.95,MARKET_FEED,VALID
2025-08-19 05:00:00,59.07,MARKET_FEED,VALID
2025-08-19 06:00:00,72.58,MARKET_FEED,VALID
2025-08-19 07:00:00,70.21,MARKET_FEED,VALID
2025-08-19 08:00:00,80.62,MARKET_FEED,VALID
2025-08-19 09:00:00,82.99,MARKET_FEED,VALID
2025-08-19 10:00:00,73.77,MARKET_FEED,VALID
2025-08-19 11:00:00,72.23,MARKET_FEED,VALID
2025-08-19 12:00:00,74.35,MARKET_FEED,VALID
2025-08-19 13:00:00,73.57,MARKET_FEED,VALID
2025-08-19 14:00:00,81.93,MARKET_FEED,VALID
2025-08-19 15:00:00,79.99,MARKET_FEED,VALID
2025-08-19 16:00:00,79.05,MARKET_FEED,VALID
2025-08-19 17:00:00,76.25,MARKET_FEED,VALID
2025-08-19 18:00:00,73.27,MARKET_FEED,VALID
2025-08-19 19:00:00,65.2,MARKET_FEED,VALID
2025-08-19 20:00:00,64.06,MARKET_FEED,VALID
2025-08-19 21:00:00,52.62,MARKET_FEED,VALID
2025-08-19 22:00:00,63.47,MARKET_FEED,VALID
2025-08-19 23:00:00,60.43,MARKET_FEED,VALID
2025-08-20 00:00:00,59.62,MARKET_FEED,VALID
2025-08-20 01:00:00,65.38,MARKET_FEED,VALID
2025-08-20 02:00:00,61.63,MARKET_FEED,VALID
2025-08-20 03:00:00,65.59,MARKET_FEED,VALID
2025-08-20 04:00:00,66.91,MARKET_FEED,VALID
2025-08-20 05:00:00,72.53,MARKET_FEED,VALID
2025-08-20 06:00:00,73.35,MARKET_FEED,VALID
2025-08-20 07:00:00,65.81,MARKET_FEED,VALID
2025-08-20 08:00:00,76.33,MARKET_FEED,VALID
2025-08-20 09:00:00,79.52,MARKET_FEED,VALID
2025-08-20 10:00:00,79.25,MARKET_FEED,VALID
2025-08-20 11:00:00,82.77,MARKET_FEED,VALID
2025-08-20 12:00:00,73.78,MARKET_FEED,VALID
2025-08-20 13:00:00,74.08,MARKET_FEED,VALID
2025-08-20 14:00:00,76.98,MARKET_FEED,VALID
2025-08-20 15:00:00,79.59,MARKET_FEED,VALID
2025-08-20 16:00:00,76.86,MARKET_FEED,VALID
2025-08-20 17:00:00,71.59,MARKET_FEED,VALID
2025-08-20 18:00:00,75.35,MARKET_FEED,VALID
2025-08-20 19:00:00,78.6,MARKET_FEED,VALID
2025-08-20 20:00:00,66.12,MARKET_FEED,VALID
2025-08-20 21:00:00,65.67,MARKET_FEED,VALID
2025-08-20 22:00:00,57.41,MARKET_FEED,VALID
2025-08-20 23:00:00,50.78,MARKET_FEED,VALID
2025-08-21 00:00:00,58.49,MARKET_FEED,VALID
2025-08-21 01:00:00,54.8,MARKET_FEED,VALID
2025-08-21 02:00:00,53.54,MARKET_FEED,VALID
2025-08-21 03:00:00,51.23,MARKET_FEED,VALID
2025-08-21 04:00:00,53.89,MARKET_FEED,VALID
2025-08-21 05:00:00,64.79,MARKET_FEED,VALID
2025-08-21 06:00:00,76.36,MARKET_FEED,VALID
2025-08-21 07:00:00,67.29,MARKET_FEED,VALID
2025-08-21 08:00:00,75.79,MARKET_FEED,VALID
2025-08-21 09:00:00,71.27,MARKET_FEED,VALID
2025-08-21 10:00:00,74.89,MARKET_FEED,VALID
2025-08-21 11:00:00,72.93,MARKET_FEED,VALID
2025-08-21 12:00:00,70.08,MARKET_FEED,VALID
2025-08-21 13:00:00,60.27,MARKET_FEED,VALID
2025-08-21 14:00:00,66.84,MARKET_FEED,VALID
2025-08-21 15:00:00,78.28,MARKET_FEED,VALID
2025-08-21 16:00:00,75.76,MARKET_FEED,VALID
2025-08-21 17:00:00,78.09,MARKET_FEED,VALID
2025-08-21 18:00:00,76.59,MARKET_FEED,VALID
2025-08-21 19:00:00,69.21,MARKET_FEED,VALID
2025-08-21 20:00:00,72.28,MARKET_FEED,VALID
2025-08-21 21:00:00,55.0,MARKET_FEED,VALID
2025-08-21 22:00:00,65.15,MARKET_FEED,VALID
2025-08-21 23:00:00,58.83,MARKET_FEED,VALID
2025-08-22 00:00:00,50.51,MARKET_FEED,VALID
2025-08-22 01:00:00,62.02,MARKET_FEED,VALID
2025-08-22 02:00:00,59.86,MARKET_FEED,VALID
2025-08-22 03:00:00,56.92,MARKET_FEED,VALID
2025-08-22 04:00:00,66.73,MARKET_FEED,VALID
2025-08-22 05:00:00,64.19,MARKET_FEED,VALID
2025-08-22 06:00:00,71.15,MARKET_FEED,VALID
2025-08-22 07:00:00,71.79,MARKET_FEED,VALID
2025-08-22 08:00:00,59.89,MARKET_FEED,VALID
2025-08-22 09:00:00,63.71,MARKET_FEED,VALID
2025-08-22 10:00:00,67.25,MARKET_FEED,VALID
2025-08-22 11:00:00,73.27,MARKET_FEED,VALID
2025-08-22 12:00:00,71.09,MARKET_FEED,VALID
2025-08-22 13:00:00,79.72,MARKET_FEED,VALID
2025-08-22 14:00:00,73.21,MARKET_FEED,VALID
2025-08-22 15:00:00,71.64,MARKET_FEED,VALID
2025-08-22 16:00:00,80.64,MARKET_FEED,VALID
2025-08-22 17:00:00,80.51,MARKET_FEED,VALID
2025-08-22 18:00:00,72.26,MARKET_FEED,VALID
2025-08-22 19:00:00,68.68,MARKET_FEED,VALID
2025-08-22 20:00:00,71.63,MARKET_FEED,VALID
2025-08-22 21:00:00,66.87,MARKET_FEED,VALID
2025-08-22 22:00:00,67.82,MARKET_FEED,VALID
2025-08-22 23:00:00,64.43,MARKET_FEED,VALID
2025-08-23 00:00:00,55.16,MARKET_FEED,VALID
2025-08-23 01:00:00,56.11,MARKET_FEED,VALID
2025-08-23 02:00:00,58.54,MARKET_FEED,VALID
2025-08-23 03:00:00,58.45,MARKET_FEED,VALID
2025-08-23 04:00:00,59.09,MARKET_FEED,VALID
2025-08-23 05:00:00,66.47,MARKET_FEED,VALID
2025-08-23 06:00:00,67.82,MARKET_FEED,VALID
2025-08-23 07:00:00,67.41,MARKET_FEED,VALID
2025-08-23 08:00:00,67.67,MARKET_FEED,VALID
2025-08-23 09:00:00,66.99,MARKET_FEED,VALID
2025-08-23 10:00:00,63.3,MARKET_FEED,VALID
2025-08-23 11:00:00,77.65,MARKET_FEED,VALID
2025-08-23 12:00:00,63.26,MARKET_FEED,VALID
2025-08-23 13:00:00,61.94,MARKET_FEED,VALID
2025-08-23 14:00:00,76.31,MARKET_FEED,VALID
2025-08-23 15:00:00,75.85,MARKET_FEED,VALID
2025-08-23 16:00:00,77.2,MARKET_FEED,VALID
2025-08-23 17:00:00,68.79,MARKET_FEED,VALID
2025-08-23 18:00:00,73.53,MARKET_FEED,VALID
2025-08-23 19:00:00,76.0,MARKET_FEED,VALID
2025-08-23 20:00:00,66.47,MARKET_FEED,VALID
2025-08-23 21:00:00,63.07,MARKET_FEED,VALID
2025-08-23 22:00:00,53.35,MARKET_FEED,VALID
2025-08-23 23:00:00,58.7,MARKET_FEED,VALID
2025-08-24 00:00:00,54.98,MARKET_FEED,VALID
2025-08-24 01:00:00,48.98,MARKET_FEED,VALID
2025-08-24 02:00:00,53.2,MARKET_FEED,VALID
2025-08-24 03:00:00,65.67,MARKET_FEED,VALID
2025-08-24 04:00:00,66.18,MARKET_FEED,VALID
2025-08-24 05:00:00,70.29,MARKET_FEED,VALID
2025-08-24 06:00:00,67.1,MARKET_FEED,VALID
2025-08-24 07:00:00,59.59,MARKET_FEED,VALID
2025-08-24 08:00:00,74.55,MARKET_FEED,VALID
2025-08-24 09:00:00,83.46,MARKET_FEED,VALID
2025-08-24 10:00:00,62.05,MARKET_FEED,VALID
2025-08-24 11:00:00,63.18,MARKET_FEED,VALID
2025-08-24 12:00:00,61.66,MARKET_FEED,VALID
2025-08-24 13:00:00,73.33,MARKET_FEED,VALID
2025-08-24 14:00:00,61.5,MARKET_FEED,VALID
2025-08-24 15:00:00,77.53,MARKET_FEED,VALID
2025-08-24 16:00:00,76.3,MARKET_FEED,VALID
2025-08-24 17:00:00,75.55,MARKET_FEED,VALID
2025-08-24 18:00:00,75.39,MARKET_FEED,VALID
2025-08-24 19:00:00,68.09,MARKET_FEED,VALID
2025-08-24 20:00:00,66.21,MARKET_FEED,VALID
2025-08-24 21:00:00,64.21,MARKET_FEED,VALID
2025-08-24 22:00:00,66.63,MARKET_FEED,VALID
2025-08-24 23:00:00,59.04,MARKET_FEED,VALID
2025-08-25 00:00:00,50.25,MARKET_FEED,VALID
2025-08-25 01:00:00,59.37,MARKET_FEED,VALID
2025-08-25 02:00:00,61.3,MARKET_FEED,VALID
2025-08-25 03:00:00,71.68,MARKET_FEED,VALID
2025-08-25 04:00:00,62.34,MARKET_FEED,VALID
2025-08-25 05:00:00,68.49,MARKET_FEED,VALID
2025-08-25 06:00:00,67.27,MARKET_FEED,VALID
2025-08-25 07:00:00,70.93,MARKET_FEED,VALID
2025-08-25 08:00:00,79.46,MARKET_FEED,VALID
2025-08-25 09:00:00,86.14,MARKET_FEED,VALID
2025-08-25 10:00:00,79.12,MARKET_FEED,VALID
2025-08-25 11:00:00,81.4,MARKET_FEED,VALID
2025-08-25 12:00:00,65.37,MARKET_FEED,VALID
2025-08-25 13:00:00,68.2,MARKET_FEED,VALID
2025-08-25 14:00:00,73.14,MARKET_FEED,VALID
2025-08-25 15:00:00,80.16,MARKET_FEED,VALID
2025-08-25 16:00:00,73.07,MARKET_FEED,VALID
2025-08-25 17:00:00,73.74,MARKET_FEED,VALID
2025-08-25 18:00:00,73.64,MARKET_FEED,VALID
2025-08-25 19:00:00,75.06,MARKET_FEED,VALID
2025-08-25 20:00:00,67.6,MARKET_FEED,VALID
2025-08-25 21:00:00,67.28,MARKET_FEED,VALID
2025-08-25 22:00:00,60.44,MARKET_FEED,VALID
2025-08-25 23:00:00,56.63,MARKET_FEED,VALID
2025-08-26 00:00:00,65.87,MARKET_FEED,VALID
2025-08-26 01:00:00,58.88,MARKET_FEED,VALID
2025-08-26 02:00:00,52.51,MARKET_FEED,VALID
2025-08-26 03:00:00,58.6,MARKET_FEED,VALID
2025-08-26 04:00:00,66.53,MARKET_FEED,VALID
2025-08-26 05:00:00,57.36,MARKET_FEED,VALID
2025-08-26 06:00:00,62.12,MARKET_FEED,VALID
2025-08-26 07:00:00,64.83,MARKET_FEED,VALID
2025-08-26 08:00:00,74.74,MARKET_FEED,VALID
2025-08-26 09:00:00,73.19,MARKET_FEED,VALID
2025-08-26 10:00:00,69.48,MARKET_FEED,VALID
2025-08-26 11:00:00,72.57,MARKET_FEED,VALID
2025-08-26 12:00:00,77.33,MARKET_FEED,VALID
2025-08-26 13:00:00,70.76,MARKET_FEED,VALID
2025-08-26 14:00:00,74.91,MARKET_FEED,VALID
2025-08-26 15:00:00,77.1,MARKET_FEED,VALID
2025-08-26 16:00:00,71.4,MARKET_FEED,VALID
2025-08-26 17:00:00,79.67,MARKET_FEED,VALID
2025-08-26 18:00:00,70.18,MARKET_FEED,VALID
2025-08-26 19:00:00,72.24,MARKET_FEED,VALID
2025-08-26 20:00:00,64.66,MARKET_FEED,VALID
2025-08-26 21:00:00,60.11,MARKET_FEED,VALID
2025-08-26 22:00:00,63.5,MARKET_FEED,VALID
2025-08-26 23:00:00,57.22,MARKET_FEED,VALID
2025-08-27 00:00:00,67.81,MARKET_FEED,VALID
2025-08-27 01:00:00,63.83,MARKET_FEED,VALID
2025-08-27 02:00:00,51.69,MARKET_FEED,VALID
2025-08-27 03:00:00,60.04,MARKET_FEED,VALID
2025-08-27 04:00:00,60.26,MARKET_FEED,VALID
2025-08-27 05:00:00,60.43,MARKET_FEED,VALID
2025-08-27 06:00:00,62.36,MARKET_FEED,VALID
2025-08-27 07:00:00,67.73,MARKET_FEED,VALID
2025-08-27 08:00:00,80.4,MARKET_FEED,VALID
2025-08-27 09:00:00,78.22,MARKET_FEED,VALID
2025-08-27 10:00:00,76.59,MARKET_FEED,VALID
2025-08-27 11:00:00,63.92,MARKET_FEED,VALID
2025-08-27 12:00:00,54.63,MARKET_FEED,VALID
2025-08-27 13:00:00,66.92,MARKET_FEED,VALID
2025-08-27 14:00:00,85.26,MARKET_FEED,VALID
2025-08-27 15:00:00,78.21,MARKET_FEED,VALID
2025-08-27 16:00:00,75.59,MARKET_FEED,VALID
2025-08-27 17:00:00,79.62,MARKET_FEED,VALID
2025-08-27 18:00:00,73.26,MARKET_FEED,VALID
2025-08-27 19:00:00,66.24,MARKET_FEED,VALID
2025-08-27 20:00:00,69.15,MARKET_FEED,VALID
2025-08-27 21:00:00,66.68,MARKET_FEED,VALID
2025-08-27 22:00:00,72.92,MARKET_FEED,VALID
2025-08-27 23:00:00,66.15,MARKET_FEED,VALID
2025-08-28 00:00:00,56.66,MARKET_FEED,VALID
2025-08-28 01:00:00,57.94,MARKET_FEED,VALID
2025-08-28 02:00:00,51.84,MARKET_FEED,VALID
2025-08-28 03:00:00,58.57,MARKET_FEED,VALID
2025-08-28 04:00:00,63.93,MARKET_FEED,VALID
2025-08-28 05:00:00,63.82,MARKET_FEED,VALID
2025-08-28 06:00:00,61.04,MARKET_FEED,VALID
2025-08-28 07:00:00,66.77,MARKET_FEED,VALID
2025-08-28 08:00:00,69.55,MARKET_FEED,VALID
2025-08-28 09:00:00,74.27,MARKET_FEED,VALID
2025-08-28 10:00:00,81.29,MARKET_FEED,VALID
2025-08-28 11:00:00,79.34,MARKET_FEED,VALID
2025-08-28 12:00:00,83.99,MARKET_FEED,VALID
2025-08-28 13:00:00,75.13,MARKET_FEED,VALID
2025-08-28 14:00:00,70.18,MARKET_FEED,VALID
2025-08-28 15:00:00,77.31,MARKET_FEED,VALID
2025-08-28 16:00:00,78.94,MARKET_FEED,VALID
2025-08-28 17:00:00,77.24,MARKET_FEED,VALID
2025-08-28 18:00:00,70.14,MARKET_FEED,VALID
2025-08-28 19:00:00,61.38,MARKET_FEED,VALID
2025-08-28 20:00:00,67.83,MARKET_FEED,VALID
2025-08-28 21:00:00,54.67,MARKET_FEED,VALID
2025-08-28 22:00:00,59.58,MARKET_FEED,VALID
2025-08-28 23:00:00,51.51,MARKET_FEED,VALID
2025-08-29 00:00:00,63.81,MARKET_FEED,VALID
2025-08-29 01:00:00,61.79,MARKET_FEED,VALID
2025-08-29 02:00:00,62.58,MARKET_FEED,VALID
2025-08-29 03:00:00,53.35,MARKET_FEED,VALID
2025-08-29 04:00:00,54.08,MARKET_FEED,VALID
2025-08-29 05:00:00,74.5,MARKET_FEED,VALID
2025-08-29 06:00:00,67.36,MARKET_FEED,VALID
2025-08-29 07:00:00,60.41,MARKET_FEED,VALID
2025-08-29 08:00:00,70.9,MARKET_FEED,VALID
2025-08-29 09:00:00,71.43,MARKET_FEED,VALID
2025-08-29 10:00:00,75.52,MARKET_FEED,VALID
2025-08-29 11:00:00,66.97,MARKET_FEED,VALID
2025-08-29 12:00:00,71.14,MARKET_FEED,VALID
2025-08-29 13:00:00,75.38,MARKET_FEED,VALID
2025-08-29 14:00:00,73.64,MARKET_FEED,VALID
2025-08-29 15:00:00,77.02,MARKET_FEED,VALID
2025-08-29 16:00:00,72.97,MARKET_FEED,VALID
2025-08-29 17:00:00,77.16,MARKET_FEED,VALID
2025-08-29 18:00:00,63.56,MARKET_FEED,VALID
2025-08-29 19:00:00,71.54,MARKET_FEED,VALID
2025-08-29 20:00:00,66.9,MARKET_FEED,VALID
2025-08-29 21:00:00,62.21,MARKET_FEED,VALID
2025-08-29 22:00:00,56.33,MARKET_FEED,VALID
2025-08-29 23:00:00,61.22,MARKET_FEED,VALID
2025-08-30 00:00:00,59.48,MARKET_FEED,VALID
2025-08-30 01:00:00,53.51,MARKET_FEED,VALID
2025-08-30 02:00:00,46.25,MARKET_FEED,VALID
2025-08-30 03:00:00,59.73,MARKET_FEED,VALID
2025-08-30 04:00:00,67.07,MARKET_FEED,VALID
2025-08-30 05:00:00,62.28,MARKET_FEED,VALID
2025-08-30 06:00:00,65.05,MARKET_FEED,VALID
2025-08-30 07:00:00,71.04,MARKET_FEED,VALID
2025-08-30 08:00:00,68.8,MARKET_FEED,VALID
2025-08-30 09:00:00,69.25,MARKET_FEED,VALID
2025-08-30 10:00:00,75.46,MARKET_FEED,VALID
2025-08-30 11:00:00,68.46829988465976,MARKET_FEED,VALID
2025-08-30 12:00:00,74.27,MARKET_FEED,VALID
2025-08-30 13:00:00,71.25,MARKET_FEED,VALID
2025-08-30 14:00:00,73.95,MARKET_FEED,VALID
2025-08-30 15:00:00,72.44,MARKET_FEED,VALID
2025-08-30 16:00:00,77.11,MARKET_FEED,VALID
2025-08-30 17:00:00,76.83,MARKET_FEED,VALID
2025-08-30 18:00:00,79.14,MARKET_FEED,VALID
2025-08-30 19:00:00,69.17,MARKET_FEED,VALID
2025-08-30 20:00:00,71.32,MARKET_FEED,VALID
2025-08-30 21:00:00,70.18,MARKET_FEED,VALID
2025-08-30 22:00:00,71.29,MARKET_FEED,VALID
2025-08-30 23:00:00,60.45,MARKET_FEED,VALID
2025-08-31 00:00:00,60.36,MARKET_FEED,VALID
2025-08-31 01:00:00,55.32,MARKET_FEED,VALID
2025-08-31 02:00:00,60.1,MARKET_FEED,VALID
2025-08-31 03:00:00,62.12,MARKET_FEED,VALID
2025-08-31 04:00:00,60.8,MARKET_FEED,VALID
2025-08-31 05:00:00,57.41,MARKET_FEED,VALID
2025-08-31 06:00:00,65.1,MARKET_FEED,VALID
2025-08-31 07:00:00,57.42,MARKET_FEED,VALID
2025-08-31 08:00:00,72.54,MARKET_FEED,VALID
2025-08-31 09:00:00,68.83,MARKET_FEED,VALID
2025-08-31 10:00:00,68.7,MARKET_FEED,VALID
2025-08-31 11:00:00,80.15,MARKET_FEED,VALID
2025-08-31 12:00:00,73.59,MARKET_FEED,VALID
2025-08-31 13:00:00,69.28,MARKET_FEED,VALID
2025-08-31 14:00:00,76.09,MARKET_FEED,VALID
2025-08-31 15:00:00,72.82,MARKET_FEED,VALID
2025-08-31 16:00:00,81.62,MARKET_FEED,VALID
2025-08-31 17:00:00,75.07,MARKET_FEED,VALID
2025-08-31 18:00:00,78.16,MARKET_FEED,VALID
2025-08-31 19:00:00,65.91,MARKET_FEED,VALID
2025-08-31 20:00:00,57.74,MARKET_FEED,VALID
2025-08-31 21:00:00,60.95,MARKET_FEED,VALID
2025-08-31 22:00:00,63.19,MARKET_FEED,VALID
2025-08-31 23:00:00,56.78,MARKET_FEED,VALID
2025-09-01 00:00:00,62.53,MARKET_FEED,VALID
2025-09-01 01:00:00,59.0,MARKET_FEED,VALID
2025-09-01 02:00:00,55.86,MARKET_FEED,VALID
2025-09-01 03:00:00,59.88,MARKET_FEED,VALID
2025-09-01 04:00:00,45.83,MARKET_FEED,VALID
2025-09-01 05:00:00,67.08,MARKET_FEED,VALID
2025-09-01 06:00:00,68.08,MARKET_FEED,VALID
2025-09-01 07:00:00,65.94,MARKET_FEED,VALID
2025-09-01 08:00:00,77.91,MARKET_FEED,VALID
2025-09-01 09:00:00,72.51,MARKET_FEED,VALID
2025-09-01 10:00:00,71.99,MARKET_FEED,VALID
2025-09-01 11:00:00,78.61,MARKET_FEED,VALID
2025-09-01 12:00:00,61.11,MARKET_FEED,VALID
2025-09-01 13:00:00,72.2,MARKET_FEED,VALID
2025-09-01 14:00:00,65.36,MARKET_FEED,VALID
2025-09-01 15:00:00,75.76,MARKET_FEED,VALID
2025-09-01 16:00:00,78.87,MARKET_FEED,VALID
2025-09-01 17:00:00,78.06,MARKET_FEED,VALID
2025-09-01 18:00:00,69.35,MARKET_FEED,VALID
2025-09-01 19:00:00,64.79,MARKET_FEED,VALID
2025-09-01 20:00:00,68.65,MARKET_FEED,VALID
2025-09-01 21:00:00,52.72,MARKET_FEED,VALID
2025-09-01 22:00:00,62.37,MARKET_FEED,VALID
2025-09-01 23:00:00,65.31,MARKET_FEED,VALID
2025-09-02 00:00:00,56.17,MARKET_FEED,VALID
2025-09-02 01:00:00,63.51,MARKET_FEED,VALID
2025-09-02 02:00:00,60.05,MARKET_FEED,VALID
2025-09-02 03:00:00,65.93,MARKET_FEED,VALID
2025-09-02 04:00:00,64.24,MARKET_FEED,VALID
2025-09-02 05:00:00,62.41,MARKET_FEED,VALID
2025-09-02 06:00:00,66.53,MARKET_FEED,VALID
2025-09-02 07:00:00,66.91,MARKET_FEED,VALID
2025-09-02 08:00:00,68.98,MARKET_FEED,VALID
2025-09-02 09:00:00,78.25,MARKET_FEED,VALID
2025-09-02 10:00:00,74.31,MARKET_FEED,VALID
2025-09-02 11:00:00,65.55,MARKET_FEED,VALID
2025-09-02 12:00:00,77.64,MARKET_FEED,VALID
2025-09-02 13:00:00,69.93,MARKET_FEED,VALID
2025-09-02 14:00:00,64.75,MARKET_FEED,VALID
2025-09-02 15:00:00,81.11,MARKET_FEED,VALID
2025-09-02 16:00:00,74.73,MARKET_FEED,VALID
2025-09-02 17:00:00,81.07,MARKET_FEED,VALID
2025-09-02 18:00:00,77.33,MARKET_FEED,VALID
2025-09-02 19:00:00,75.75,MARKET_FEED,VALID
2025-09-02 20:00:00,70.22,MARKET_FEED,VALID
2025-09-02 21:00:00,70.03,MARKET_FEED,VALID
2025-09-02 22:00:00,50.45,MARKET_FEED,VALID
2025-09-02 23:00:00,51.42,MARKET_FEED,VALID
2025-09-03 00:00:00,62.97,MARKET_FEED,VALID
2025-09-03 01:00:00,51.16,MARKET_FEED,VALID
2025-09-03 02:00:00,56.59,MARKET_FEED,VALID
2025-09-03 03:00:00,64.0,MARKET_FEED,VALID
2025-09-03 04:00:00,74.2,MARKET_FEED,VALID
2025-09-03 05:00:00,65.53,MARKET_FEED,VALID
2025-09-03 06:00:00,67.41,MARKET_FEED,VALID
2025-09-03 07:00:00,59.77,MARKET_FEED,VALID
2025-09-03 08:00:00,75.06,MARKET_FEED,VALID
2025-09-03 09:00:00,71.28,MARKET_FEED,VALID
2025-09-03 10:00:00,74.59,MARKET_FEED,VALID
2025-09-03 11:00:00,70.4,MARKET_FEED,VALID
2025-09-03 12:00:00,73.31,MARKET_FEED,VALID
2025-09-03 13:00:00,65.9,MARKET_FEED,VALID
2025-09-03 14:00:00,80.24,MARKET_FEED,VALID
2025-09-03 15:00:00,77.41,MARKET_FEED,VALID
2025-09-03 16:00:00,72.92,MARKET_FEED,VALID
2025-09-03 17:00:00,74.29,MARKET_FEED,VALID
2025-09-03 18:00:00,73.18,MARKET_FEED,VALID
2025-09-03 19:00:00,70.97,MARKET_FEED,VALID
2025-09-03 20:00:00,60.51,MARKET_FEED,VALID
2025-09-03 21:00:00,70.01,MARKET_FEED,VALID
2025-09-03 22:00:00,65.55,MARKET_FEED,VALID
2025-09-03 23:00:00,65.19,MARKET_FEED,VALID
2025-09-04 00:00:00,66.62,MARKET_FEED,VALID
2025-09-04 01:00:00,55.36,MARKET_FEED,VALID
2025-09-04 02:00:00,65.37,MARKET_FEED,VALID
2025-09-04 03:00:00,57.09,MARKET_FEED,VALID
2025-09-04 04:00:00,63.04,MARKET_FEED,VALID
2025-09-04 05:00:00,68.18,MARKET_FEED,VALID
2025-09-04 06:00:00,66.77,MARKET_FEED,VALID
2025-09-04 07:00:00,73.97,MARKET_FEED,VALID
2025-09-04 08:00:00,69.1,MARKET_FEED,VALID
2025-09-04 09:00:00,76.32,MARKET_FEED,VALID
2025-09-04 10:00:00,77.64,MARKET_FEED,VALID
2025-09-04 11:00:00,76.05,MARKET_FEED,VALID
2025-09-04 12:00:00,68.76,MARKET_FEED,VALID
2025-09-04 13:00:00,73.12,MARKET_FEED,VALID
2025-09-04 14:00:00,74.21,MARKET_FEED,VALID
2025-09-04 15:00:00,81.57,MARKET_FEED,VALID
2025-09-04 16:00:00,87.21,MARKET_FEED,VALID
2025-09-04 17:00:00,69.15,MARKET_FEED,VALID
2025-09-04 18:00:00,68.33,MARKET_FEED,VALID
2025-09-04 19:00:00,77.87,MARKET_FEED,VALID
2025-09-04 20:00:00,71.59,MARKET_FEED,VALID
2025-09-04 21:00:00,64.94,MARKET_FEED,VALID
2025-09-04 22:00:00,63.66,MARKET_FEED,VALID
2025-09-04 23:00:00,62.78,MARKET_FEED,VALID
2025-09-05 00:00:00,59.41,MARKET_FEED,VALID
2025-09-05 01:00:00,58.49,MARKET_FEED,VALID
2025-09-05 02:00:00,65.16,MARKET_FEED,VALID
2025-09-05 03:00:00,51.48,MARKET_FEED,VALID
2025-09-05 04:00:00,67.73,MARKET_FEED,VALID
2025-09-05 05:00:00,57.66,MARKET_FEED,VALID
2025-09-05 06:00:00,74.23,MARKET_FEED,VALID
2025-09-05 07:00:00,69.34,MARKET_FEED,VALID
2025-09-05 08:00:00,71.89,MARKET_FEED,VALID
2025-09-05 09:00:00,66.96,MARKET_FEED,VALID
2025-09-05 10:00:00,78.71,MARKET_FEED,VALID
2025-09-05 11:00:00,72.9,MARKET_FEED,VALID
2025-09-05 12:00:00,79.64,MARKET_FEED,VALID
2025-09-05 13:00:00,74.49,MARKET_FEED,VALID
2025-09-05 14:00:00,79.37,MARKET_FEED,VALID
2025-09-05 15:00:00,79.28,MARKET_FEED,VALID
2025-09-05 16:00:00,76.39,MARKET_FEED,VALID
2025-09-05 17:00:00,82.11,MARKET_FEED,VALID
2025-09-05 18:00:00,75.98,MARKET_FEED,VALID
2025-09-05 19:00:00,82.12,MARKET_FEED,VALID
2025-09-05 20:00:00,67.49,MARKET_FEED,VALID
2025-09-05 21:00:00,74.82,MARKET_FEED,VALID
2025-09-05 22:00:00,64.28,MARKET_FEED,VALID
2025-09-05 23:00:00,63.52,MARKET_FEED,VALID
2025-09-06 00:00:00,59.01,MARKET_FEED,VALID
2025-09-06 01:00:00,61.06,MARKET_FEED,VALID
2025-09-06 02:00:00,63.57,MARKET_FEED,VALID
2025-09-06 03:00:00,59.85,MARKET_FEED,VALID
2025-09-06 04:00:00,58.49,MARKET_FEED,VALID
2025-09-06 05:00:00,61.44,MARKET_FEED,VALID
2025-09-06 06:00:00,68.56,MARKET_FEED,VALID
2025-09-06 07:00:00,68.7,MARKET_FEED,VALID
2025-09-06 08:00:00,70.61,MARKET_FEED,VALID
2025-09-06 09:00:00,79.55,MARKET_FEED,VALID
2025-09-06 10:00:00,67.74,MARKET_FEED,VALID
2025-09-06 11:00:00,74.21,MARKET_FEED,VALID
2025-09-06 12:00:00,65.4,MARKET_FEED,VALID
2025-09-06 13:00:00,77.85,MARKET_FEED,VALID
2025-09-06 14:00:00,73.67,MARKET_FEED,VALID
2025-09-06 15:00:00,75.85,MARKET_FEED,VALID
2025-09-06 16:00:00,84.62,MARKET_FEED,VALID
2025-09-06 17:00:00,76.88,MARKET_FEED,VALID
2025-09-06 18:00:00,69.8,MARKET_FEED,VALID
2025-09-06 19:00:00,72.65,MARKET_FEED,VALID
2025-09-06 21:00:00,65.47,MARKET_FEED,VALID
2025-09-06 22:00:00,56.89,MARKET_FEED,VALID
2025-09-06 23:00:00,52.22,MARKET_FEED,VALID
2025-09-07 00:00:00,67.05,MARKET_FEED,VALID
2025-09-07 01:00:00,58.7,MARKET_FEED,VALID
2025-09-07 02:00:00,53.26,MARKET_FEED,VALID
2025-09-07 03:00:00,58.06,MARKET_FEED,VALID
2025-09-07 04:00:00,71.73,MARKET_FEED,VALID
2025-09-07 05:00:00,71.77,MARKET_FEED,VALID
2025-09-07 06:00:00,66.28,MARKET_FEED,VALID
2025-09-07 07:00:00,65.23,MARKET_FEED,VALID
2025-09-07 08:00:00,80.58,MARKET_FEED,VALID
2025-09-07 09:00:00,74.8,MARKET_FEED,VALID
2025-09-07 10:00:00,67.82,MARKET_FEED,VALID
2025-09-07 11:00:00,56.44,MARKET_FEED,VALID
2025-09-07 12:00:00,69.37,MARKET_FEED,VALID
2025-09-07 13:00:00,76.19,MARKET_FEED,VALID
2025-09-07 14:00:00,77.59,MARKET_FEED,VALID
2025-09-07 15:00:00,71.36,MARKET_FEED,VALID
2025-09-07 16:00:00,72.8,MARKET_FEED,VALID
2025-09-07 17:00:00,76.82,MARKET_FEED,VALID
2025-09-07 18:00:00,66.42,MARKET_FEED,VALID
2025-09-07 19:00:00,72.35,MARKET_FEED,VALID
2025-09-07 20:00:00,60.19,MARKET_FEED,VALID
2025-09-07 21:00:00,61.11,MARKET_FEED,VALID
2025-09-07 22:00:00,56.96,MARKET_FEED,VALID
2025-09-07 23:00:00,54.23,MARKET_FEED,VALID
2025-09-08 00:00:00,52.23,MARKET_FEED,VALID
2025-09-08 01:00:00,64.59,MARKET_FEED,VALID
2025-09-08 02:00:00,57.78,MARKET_FEED,VALID
2025-09-08 03:00:00,53.22,MARKET_FEED,VALID
2025-09-08 04:00:00,64.94,MARKET_FEED,VALID
2025-09-08 05:00:00,60.24,MARKET_FEED,VALID
2025-09-08 06:00:00,73.86,MARKET_FEED,VALID
2025-09-08 07:00:00,67.48,MARKET_FEED,VALID
2025-09-08 08:00:00,71.07,MARKET_FEED,VALID
2025-09-08 09:00:00,69.05,MARKET_FEED,VALID
2025-09-08 10:00:00,85.44,MARKET_FEED,VALID
2025-09-08 11:00:00,66.35,MARKET_FEED,VALID
2025-09-08 12:00:00,69.96,MARKET_FEED,VALID
2025-09-08 13:00:00,66.6,MARKET_FEED,VALID
2025-09-08 14:00:00,73.44,MARKET_FEED,VALID
2025-09-08 15:00:00,81.2,MARKET_FEED,VALID
2025-09-08 16:00:00,88.48,MARKET_FEED,VALID
2025-09-08 17:00:00,79.53,MARKET_FEED,VALID
2025-09-08 18:00:00,64.25,MARKET_FEED,VALID
2025-09-08 19:00:00,74.65,MARKET_FEED,VALID
2025-09-08 20:00:00,66.44,MARKET_FEED,VALID
2025-09-08 21:00:00,59.49,MARKET_FEED,VALID
2025-09-08 22:00:00,63.12,MARKET_FEED,VALID
2025-09-08 23:00:00,55.93,MARKET_FEED,VALID
2025-09-09 00:00:00,66.47,MARKET_FEED,VALID
2025-09-09 01:00:00,60.82,MARKET_FEED,VALID
2025-09-09 02:00:00,52.85,MARKET_FEED,VALID
2025-09-09 03:00:00,60.08,MARKET_FEED,VALID
2025-09-09 04:00:00,48.73,MARKET_FEED,VALID
2025-09-09 05:00:00,61.2,MARKET_FEED,VALID
2025-09-09 06:00:00,72.7,MARKET_FEED,VALID
2025-09-09 07:00:00,77.38,MARKET_FEED,VALID
2025-09-09 08:00:00,70.46,MARKET_FEED,VALID
2025-09-09 09:00:00,75.45,MARKET_FEED,VALID
2025-09-09 10:00:00,74.72,MARKET_FEED,VALID
2025-09-09 11:00:00,79.08,MARKET_FEED,VALID
2025-09-09 12:00:00,69.37,MARKET_FEED,VALID
2025-09-09 13:00:00,80.53,MARKET_FEED,VALID
2025-09-09 14:00:00,79.04,MARKET_FEED,VALID
2025-09-09 15:00:00,79.58,MARKET_FEED,VALID
2025-09-09 16:00:00,80.1,MARKET_FEED,VALID
2025-09-09 17:00:00,76.11,MARKET_FEED,VALID
2025-09-09 18:00:00,78.75,MARKET_FEED,VALID
2025-09-09 19:00:00,65.63,MARKET_FEED,VALID
2025-09-09 20:00:00,61.75,MARKET_FEED,VALID
2025-09-09 21:00:00,61.79,MARKET_FEED,VALID
2025-09-09 22:00:00,71.67,MARKET_FEED,VALID
2025-09-09 23:00:00,66.89,MARKET_FEED,VALID
2025-09-10 00:00:00,55.21,MARKET_FEED,VALID
2025-09-10 01:00:00,56.89,MARKET_FEED,VALID
2025-09-10 02:00:00,55.59,MARKET_FEED,VALID
2025-09-10 03:00:00,61.2,MARKET_FEED,VALID
2025-09-10 04:00:00,59.73,MARKET_FEED,VALID
2025-09-10 05:00:00,61.3,MARKET_FEED,VALID
2025-09-10 06:00:00,65.67,MARKET_FEED,VALID
2025-09-10 07:00:00,71.07,MARKET_FEED,VALID
2025-09-10 08:00:00,79.87,MARKET_FEED,VALID
2025-09-10 09:00:00,73.89,MARKET_FEED,VALID
2025-09-10 10:00:00,76.64,MARKET_FEED,VALID
2025-09-10 11:00:00,76.6,MARKET_FEED,VALID
2025-09-10 12:00:00,70.56,MARKET_FEED,VALID
2025-09-10 13:00:00,73.52,MARKET_FEED,VALID
2025-09-10 14:00:00,77.38,MARKET_FEED,VALID
2025-09-10 15:00:00,80.3,MARKET_FEED,VALID
2025-09-10 16:00:00,85.99,MARKET_FEED,VALID
2025-09-10 17:00:00,78.63,MARKET_FEED,VALID
2025-09-10 18:00:00,73.38,MARKET_FEED,VALID
2025-09-10 19:00:00,72.12,MARKET_FEED,VALID
2025-09-10 20:00:00,65.91,MARKET_FEED,VALID
2025-09-10 21:00:00,69.88,MARKET_FEED,VALID
2025-09-10 22:00:00,61.12,MARKET_FEED,VALID
2025-09-10 23:00:00,58.77,MARKET_FEED,VALID
2025-09-11 00:00:00,54.69,MARKET_FEED,VALID
2025-09-11 01:00:00,55.78,MARKET_FEED,VALID
2025-09-11 02:00:00,61.2,MARKET_FEED,VALID
2025-09-11 03:00:00,53.15,MARKET_FEED,VALID
2025-09-11 04:00:00,59.52,MARKET_FEED,VALID
2025-09-11 05:00:00,62.05,MARKET_FEED,VALID
2025-09-11 06:00:00,70.02,MARKET_FEED,VALID
2025-09-11 07:00:00,74.35,MARKET_FEED,VALID
2025-09-11 08:00:00,80.5,MARKET_FEED,VALID
2025-09-11 09:00:00,72.49,MARKET_FEED,VALID
2025-09-11 10:00:00,76.19,MARKET_FEED,VALID
2025-09-11 11:00:00,75.87,MARKET_FEED,VALID
2025-09-11 12:00:00,76.41,MARKET_FEED,VALID
2025-09-11 13:00:00,81.81,MARKET_FEED,VALID
2025-09-11 14:00:00,68.26,MARKET_FEED,VALID
2025-09-11 15:00:00,75.79,MARKET_FEED,VALID
2025-09-11 16:00:00,71.94,MARKET_FEED,VALID
2025-09-11 17:00:00,82.52,MARKET_FEED,VALID
2025-09-11 18:00:00,77.5,MARKET_FEED,VALID
2025-09-11 19:00:00,64.64,MARKET_FEED,VALID
2025-09-11 20:00:00,60.18,MARKET_FEED,VALID
2025-09-11 21:00:00,66.99,MARKET_FEED,VALID
2025-09-11 22:00:00,57.19,MARKET_FEED,VALID
2025-09-11 23:00:00,62.93,MARKET_FEED,VALID
2025-09-12 00:00:00,67.36,MARKET_FEED,VALID
2025-09-12 01:00:00,53.69,MARKET_FEED,VALID
2025-09-12 02:00:00,61.43,MARKET_FEED,VALID
2025-09-12 03:00:00,58.44,MARKET_FEED,VALID
2025-09-12 04:00:00,69.46,MARKET_FEED,VALID
2025-09-12 05:00:00,56.26,MARKET_FEED,VALID
2025-09-12 06:00:00,60.27,MARKET_FEED,VALID
2025-09-12 07:00:00,70.88,MARKET_FEED,VALID
2025-09-12 08:00:00,80.24,MARKET_FEED,VALID
2025-09-12 09:00:00,74.68,MARKET_FEED,VALID
2025-09-12 10:00:00,71.97,MARKET_FEED,VALID
2025-09-12 11:00:00,61.08,MARKET_FEED,VALID
2025-09-12 12:00:00,68.46829988465976,MARKET_FEED,VALID
2025-09-12 13:00:00,70.77,MARKET_FEED,VALID
2025-09-12 14:00:00,89.55,MARKET_FEED,VALID
2025-09-12 15:00:00,81.05,MARKET_FEED,VALID
2025-09-12 16:00:00,78.79,MARKET_FEED,VALID
2025-09-12 17:00:00,74.49,MARKET_FEED,VALID
2025-09-12 18:00:00,68.82,MARKET_FEED,VALID
2025-09-12 19:00:00,68.94,MARKET_FEED,VALID
2025-09-12 20:00:00,69.33,MARKET_FEED,VALID
2025-09-12 21:00:00,68.76,MARKET_FEED,VALID
2025-09-12 22:00:00,61.43,MARKET_FEED,VALID
2025-09-12 23:00:00,58.79,MARKET_FEED,VALID
2025-09-13 00:00:00,59.03,MARKET_FEED,VALID
2025-09-13 01:00:00,54.21,MARKET_FEED,VALID
2025-09-13 02:00:00,66.88,MARKET_FEED,VALID
2025-09-13 03:00:00,56.6,MARKET_FEED,VALID
2025-09-13 04:00:00,57.93,MARKET_FEED,VALID
2025-09-13 05:00:00,66.86,MARKET_FEED,VALID
2025-09-13 06:00:00,64.87,MARKET_FEED,VALID
2025-09-13 07:00:00,77.69,MARKET_FEED,VALID
2025-09-13 08:00:00,69.24,MARKET_FEED,VALID
2025-09-13 09:00:00,65.96,MARKET_FEED,VALID
2025-09-13 10:00:00,73.62,MARKET_FEED,VALID
2025-09-13 11:00:00,68.46829988465976,MARKET_FEED,VALID
2025-09-13 12:00:00,68.46829988465976,MARKET_FEED,VALID
2025-09-13 13:00:00,78.36,MARKET_FEED,VALID
2025-09-13 14:00:00,71.21,MARKET_FEED,VALID
2025-09-13 15:00:00,72.5,MARKET_FEED,VALID
2025-09-13 16:00:00,73.53,MARKET_FEED,VALID
2025-09-13 17:00:00,83.9,MARKET_FEED,VALID
2025-09-13 18:00:00,73.34,MARKET_FEED,VALID
2025-09-13 19:00:00,71.64,MARKET_FEED,VALID
2025-09-13 20:00:00,55.31,MARKET_FEED,VALID
2025-09-13 21:00:00,58.56,MARKET_FEED,VALID
2025-09-13 22:00:00,56.78,MARKET_FEED,VALID
2025-09-13 23:00:00,66.0,MARKET_FEED,VALID
2025-09-14 00:00:00,49.08,MARKET_FEED,VALID
2025-09-14 01:00:00,53.76,MARKET_FEED,VALID
2025-09-14 02:00:00,58.9,MARKET_FEED,VALID
2025-09-14 03:00:00,62.08,MARKET_FEED,VALID
2025-09-14 04:00:00,65.68,MARKET_FEED,VALID
2025-09-14 05:00:00,66.03,MARKET_FEED,VALID
2025-09-14 06:00:00,64.39,MARKET_FEED,VALID
2025-09-14 07:00:00,64.85,MARKET_FEED,VALID
2025-09-14 08:00:00,81.0,MARKET_FEED,VALID
2025-09-14 09:00:00,79.19,MARKET_FEED,VALID
2025-09-14 10:00:00,66.25,MARKET_FEED,VALID
2025-09-14 11:00:00,60.93,MARKET_FEED,VALID
2025-09-14 12:00:00,76.86,MARKET_FEED,VALID
2025-09-14 13:00:00,69.53,MARKET_FEED,VALID
2025-09-14 14:00:00,73.71,MARKET_FEED,VALID
2025-09-14 15:00:00,66.73,MARKET_FEED,VALID
2025-09-14 16:00:00,83.33,MARKET_FEED,VALID
2025-09-14 17:00:00,73.25,MARKET_FEED,VALID
2025-09-14 18:00:00,71.13,MARKET_FEED,VALID
2025-09-14 19:00:00,74.76,MARKET_FEED,VALID
2025-09-14 20:00:00,68.49,MARKET_FEED,VALID
2025-09-14 21:00:00,71.51,MARKET_FEED,VALID
2025-09-14 22:00:00,52.67,MARKET_FEED,VALID
2025-09-14 23:00:00,59.33,MARKET_FEED,VALID
2025-09-15 00:00:00,58.57,MARKET_FEED,VALID
2025-09-15 01:00:00,60.51,MARKET_FEED,VALID
2025-09-15 02:00:00,57.59,MARKET_FEED,VALID
2025-09-15 03:00:00,60.88,MARKET_FEED,VALID
2025-09-15 04:00:00,65.72,MARKET_FEED,VALID
2025-09-15 05:00:00,60.42,MARKET_FEED,VALID
2025-09-15 06:00:00,71.12,MARKET_FEED,VALID
2025-09-15 07:00:00,66.73,MARKET_FEED,VALID
2025-09-15 08:00:00,73.82,MARKET_FEED,VALID
2025-09-15 09:00:00,64.59,MARKET_FEED,VALID
2025-09-15 10:00:00,71.73,MARKET_FEED,VALID
2025-09-15 11:00:00,74.82,MARKET_FEED,VALID
2025-09-15 12:00:00,74.65,MARKET_FEED,VALID
2025-09-15 13:00:00,70.71,MARKET_FEED,VALID
2025-09-15 14:00:00,87.11,MARKET_FEED,VALID
2025-09-15 15:00:00,79.47,MARKET_FEED,VALID
2025-09-15 16:00:00,79.5,MARKET_FEED,VALID
2025-09-15 17:00:00,85.95,MARKET_FEED,VALID
2025-09-15 18:00:00,74.3,MARKET_FEED,VALID
2025-09-15 19:00:00,70.26,MARKET_FEED,VALID
2025-09-15 20:00:00,62.08,MARKET_FEED,VALID
2025-09-15 21:00:00,65.44,MARKET_FEED,VALID
2025-09-15 22:00:00,65.79,MARKET_FEED,VALID
2025-09-15 23:00:00,56.34,MARKET_FEED,VALID
2025-09-16 00:00:00,59.66,MARKET_FEED,VALID
2025-09-16 01:00:00,51.77,MARKET_FEED,VALID
2025-09-16 02:00:00,60.19,MARKET_FEED,VALID
2025-09-16 03:00:00,57.96,MARKET_FEED,VALID
2025-09-16 04:00:00,63.83,MARKET_FEED,VALID
2025-09-16 05:00:00,54.35,MARKET_FEED,VALID
2025-09-16 06:00:00,66.72,MARKET_FEED,VALID
2025-09-16 07:00:00,73.98,MARKET_FEED,VALID
2025-09-16 08:00:00,75.54,MARKET_FEED,VALID
2025-09-16 09:00:00,74.95,MARKET_FEED,VALID
2025-09-16 10:00:00,64.08,MARKET_FEED,VALID
2025-09-16 11:00:00,81.36,MARKET_FEED,VALID
2025-09-16 12:00:00,67.5,MARKET_FEED,VALID
2025-09-16 13:00:00,86.06,MARKET_FEED,VALID
2025-09-16 14:00:00,69.69,MARKET_FEED,VALID
2025-09-16 15:00:00,75.17,MARKET_FEED,VALID
2025-09-16 16:00:00,77.61,MARKET_FEED,VALID
2025-09-16 17:00:00,68.18,MARKET_FEED,VALID
2025-09-16 18:00:00,66.88,MARKET_FEED,VALID
2025-09-16 19:00:00,75.61,MARKET_FEED,VALID
2025-09-16 20:00:00,71.22,MARKET_FEED,VALID
2025-09-16 21:00:00,59.28,MARKET_FEED,VALID
2025-09-16 22:00:00,58.56,MARKET_FEED,VALID
2025-09-16 23:00:00,49.5,MARKET_FEED,VALID
2025-09-17 00:00:00,56.27,MARKET_FEED,VALID
2025-09-17 01:00:00,55.05,MARKET_FEED,VALID
2025-09-17 02:00:00,65.8,MARKET_FEED,VALID
2025-09-17 03:00:00,60.1,MARKET_FEED,VALID
2025-09-17 04:00:00,62.01,MARKET_FEED,VALID
2025-09-17 05:00:00,66.07,MARKET_FEED,VALID
2025-09-17 06:00:00,64.23,MARKET_FEED,VALID
2025-09-17 07:00:00,73.19,MARKET_FEED,VALID
2025-09-17 08:00:00,75.55,MARKET_FEED,VALID
2025-09-17 09:00:00,77.12,MARKET_FEED,VALID
2025-09-17 10:00:00,75.42,MARKET_FEED,VALID
2025-09-17 11:00:00,81.39,MARKET_FEED,VALID
2025-09-17 12:00:00,64.81,MARKET_FEED,VALID
2025-09-17 13:00:00,67.04,MARKET_FEED,VALID
2025-09-17 14:00:00,73.91,MARKET_FEED,VALID
2025-09-17 15:00:00,82.16,MARKET_FEED,VALID
2025-09-17 16:00:00,78.67,MARKET_FEED,VALID
2025-09-17 17:00:00,79.48,MARKET_FEED,VALID
2025-09-17 18:00:00,72.41,MARKET_FEED,VALID
2025-09-17 19:00:00,66.4,MARKET_FEED,VALID
2025-09-17 20:00:00,70.24,MARKET_FEED,VALID
2025-09-17 21:00:00,62.24,MARKET_FEED,VALID
2025-09-17 22:00:00,66.84,MARKET_FEED,VALID
2025-09-17 23:00:00,53.5,MARKET_FEED,VALID
2025-09-18 00:00:00,65.34,MARKET_FEED,VALID
2025-09-18 01:00:00,62.14,MARKET_FEED,VALID
2025-09-18 02:00:00,57.23,MARKET_FEED,VALID
2025-09-18 03:00:00,53.2,MARKET_FEED,VALID
2025-09-18 04:00:00,58.61,MARKET_FEED,VALID
2025-09-18 05:00:00,62.89,MARKET_FEED,VALID
2025-09-18 06:00:00,72.24,MARKET_FEED,VALID
2025-09-18 07:00:00,69.04,MARKET_FEED,VALID
2025-09-18 08:00:00,77.11,MARKET_FEED,VALID
2025-09-18 09:00:00,72.55,MARKET_FEED,VALID
2025-09-18 10:00:00,71.43,MARKET_FEED,VALID
2025-09-18 11:00:00,70.52,MARKET_FEED,VALID
2025-09-18 12:00:00,85.11,MARKET_FEED,VALID
2025-09-18 13:00:00,82.17,MARKET_FEED,VALID
2025-09-18 14:00:00,80.25,MARKET_FEED,VALID
2025-09-18 15:00:00,80.35,MARKET_FEED,VALID
2025-09-18 16:00:00,85.16,MARKET_FEED,VALID
2025-09-18 17:00:00,68.21,MARKET_FEED,VALID
2025-09-18 18:00:00,61.15,MARKET_FEED,VALID
2025-09-18 19:00:00,71.6,MARKET_FEED,VALID
2025-09-18 20:00:00,65.07,MARKET_FEED,VALID
2025-09-18 21:00:00,60.09,MARKET_FEED,VALID
2025-09-18 22:00:00,65.04,MARKET_FEED,VALID
2025-09-18 23:00:00,48.73,MARKET_FEED,VALID
2025-09-19 00:00:00,63.53,MARKET_FEED,VALID
2025-09-19 01:00:00,65.45,MARKET_FEED,VALID
2025-09-19 02:00:00,52.63,MARKET_FEED,VALID
2025-09-19 03:00:00,68.3,MARKET_FEED,VALID
2025-09-19 04:00:00,66.38,MARKET_FEED,VALID
2025-09-19 05:00:00,62.47,MARKET_FEED,VALID
2025-09-19 06:00:00,65.89,MARKET_FEED,VALID
2025-09-19 07:00:00,70.12,MARKET_FEED,VALID
2025-09-19 09:00:00,78.1,MARKET_FEED,VALID
2025-09-19 10:00:00,87.8,MARKET_FEED,VALID
2025-09-19 11:00:00,76.38,MARKET_FEED,VALID
2025-09-19 12:00:00,77.87,MARKET_FEED,VALID
2025-09-19 13:00:00,79.74,MARKET_FEED,VALID
2025-09-19 14:00:00,72.39,MARKET_FEED,VALID
2025-09-19 15:00:00,82.99,MARKET_FEED,VALID
2025-09-19 16:00:00,76.26,MARKET_FEED,VALID
2025-09-19 17:00:00,78.43,MARKET_FEED,VALID
2025-09-19 18:00:00,72.11,MARKET_FEED,VALID
2025-09-19 19:00:00,75.14,MARKET_FEED,VALID
2025-09-19 20:00:00,58.89,MARKET_FEED,VALID
2025-09-19 21:00:00,54.45,MARKET_FEED,VALID
2025-09-19 22:00:00,67.08,MARKET_FEED,VALID
2025-09-19 23:00:00,58.05,MARKET_FEED,VALID
2025-09-20 00:00:00,62.97,MARKET_FEED,VALID
2025-09-20 01:00:00,74.98,MARKET_FEED,VALID
2025-09-20 02:00:00,56.66,MARKET_FEED,VALID
2025-09-20 03:00:00,57.57,MARKET_FEED,VALID
2025-09-20 04:00:00,62.78,MARKET_FEED,VALID
2025-09-20 05:00:00,56.49,MARKET_FEED,VALID
2025-09-20 06:00:00,64.86,MARKET_FEED,VALID
2025-09-20 07:00:00,73.72,MARKET_FEED,VALID
2025-09-20 08:00:00,71.2,MARKET_FEED,VALID
2025-09-20 09:00:00,71.38,MARKET_FEED,VALID
2025-09-20 10:00:00,69.5,MARKET_FEED,VALID
2025-09-20 11:00:00,73.94,MARKET_FEED,VALID
2025-09-20 12:00:00,72.92,MARKET_FEED,VALID
2025-09-20 13:00:00,60.01,MARKET_FEED,VALID
2025-09-20 14:00:00,72.95,MARKET_FEED,VALID
2025-09-20 15:00:00,84.77,MARKET_FEED,VALID
2025-09-20 16:00:00,79.24,MARKET_FEED,VALID
2025-09-20 17:00:00,77.63,MARKET_FEED,VALID
2025-09-20 18:00:00,80.1,MARKET_FEED,VALID
2025-09-20 19:00:00,79.22,MARKET_FEED,VALID
2025-09-20 20:00:00,68.22,MARKET_FEED,VALID
2025-09-20 21:00:00,58.13,MARKET_FEED,VALID
2025-09-20 22:00:00,60.17,MARKET_FEED,VALID
2025-09-20 23:00:00,60.38,MARKET_FEED,VALID
2025-09-21 00:00:00,52.27,MARKET_FEED,VALID
2025-09-21 01:00:00,61.14,MARKET_FEED,VALID
2025-09-21 02:00:00,53.89,MARKET_FEED,VALID
2025-09-21 03:00:00,68.92,MARKET_FEED,VALID
2025-09-21 04:00:00,54.95,MARKET_FEED,VALID
2025-09-21 05:00:00,76.37,MARKET_FEED,VALID
2025-09-21 06:00:00,61.2,MARKET_FEED,VALID
2025-09-21 07:00:00,60.1,MARKET_FEED,VALID
2025-09-21 08:00:00,79.14,MARKET_FEED,VALID
2025-09-21 09:00:00,65.75,MARKET_FEED,VALID
2025-09-21 10:00:00,71.15,MARKET_FEED,VALID
2025-09-21 11:00:00,73.33,MARKET_FEED,VALID
2025-09-21 12:00:00,62.95,MARKET_FEED,VALID
2025-09-21 13:00:00,54.72,MARKET_FEED,VALID
2025-09-21 14:00:00,70.03,MARKET_FEED,VALID
2025-09-21 15:00:00,83.0,MARKET_FEED,VALID
2025-09-21 16:00:00,76.48,MARKET_FEED,VALID
2025-09-21 17:00:00,75.5,MARKET_FEED,VALID
2025-09-21 18:00:00,76.03,MARKET_FEED,VALID
2025-09-21 19:00:00,61.21,MARKET_FEED,VALID
2025-09-21 20:00:00,64.31,MARKET_FEED,VALID
2025-09-21 21:00:00,70.78,MARKET_FEED,VALID
2025-09-21 22:00:00,58.72,MARKET_FEED,VALID
2025-09-21 23:00:00,60.38,MARKET_FEED,VALID
2025-09-22 00:00:00,55.49,MARKET_FEED,VALID
2025-09-22 01:00:00,56.43,MARKET_FEED,VALID
2025-09-22 02:00:00,58.39,MARKET_FEED,VALID
2025-09-22 03:00:00,53.07,MARKET_FEED,VALID
2025-09-22 04:00:00,69.1,MARKET_FEED,VALID
2025-09-22 05:00:00,67.81,MARKET_FEED,VALID
2025-09-22 06:00:00,73.46,MARKET_FEED,VALID
2025-09-22 07:00:00,69.25,MARKET_FEED,VALID
2025-09-22 08:00:00,64.92,MARKET_FEED,VALID
2025-09-22 09:00:00,73.15,MARKET_FEED,VALID
2025-09-22 10:00:00,80.93,MARKET_FEED,VALID
2025-09-22 11:00:00,84.21,MARKET_FEED,VALID
2025-09-22 12:00:00,81.27,MARKET_FEED,VALID
2025-09-22 13:00:00,75.94,MARKET_FEED,VALID
2025-09-22 14:00:00,86.58,MARKET_FEED,VALID
2025-09-22 15:00:00,79.59,MARKET_FEED,VALID
2025-09-22 16:00:00,76.61,MARKET_FEED,VALID
2025-09-22 17:00:00,76.78,MARKET_FEED,VALID
2025-09-22 18:00:00,74.63,MARKET_FEED,VALID
2025-09-22 19:00:00,69.5,MARKET_FEED,VALID
2025-09-22 20:00:00,71.03,MARKET_FEED,VALID
2025-09-22 21:00:00,68.05,MARKET_FEED,VALID
2025-09-22 22:00:00,64.58,MARKET_FEED,VALID
2025-09-22 23:00:00,56.57,MARKET_FEED,VALID
2025-09-23 00:00:00,55.31,MARKET_FEED,VALID
2025-09-23 01:00:00,56.93,MARKET_FEED,VALID
2025-09-23 02:00:00,61.9,MARKET_FEED,VALID
2025-09-23 03:00:00,54.0,MARKET_FEED,VALID
2025-09-23 04:00:00,63.08,MARKET_FEED,VALID
2025-09-23 05:00:00,64.95,MARKET_FEED,VALID
2025-09-23 06:00:00,69.44,MARKET_FEED,VALID
2025-09-23 07:00:00,71.63,MARKET_FEED,VALID
2025-09-23 08:00:00,75.11,MARKET_FEED,VALID
2025-09-23 09:00:00,73.1,MARKET_FEED,VALID
2025-09-23 10:00:00,65.22,MARKET_FEED,VALID
2025-09-23 11:00:00,69.14,MARKET_FEED,VALID
2025-09-23 12:00:00,79.3,MARKET_FEED,VALID
2025-09-23 13:00:00,79.65,MARKET_FEED,VALID
2025-09-23 14:00:00,78.73,MARKET_FEED,VALID
2025-09-23 15:00:00,87.36,MARKET_FEED,VALID
2025-09-23 16:00:00,79.57,MARKET_FEED,VALID
2025-09-23 17:00:00,74.28,MARKET_FEED,VALID
2025-09-23 18:00:00,73.92,MARKET_FEED,VALID
2025-09-23 19:00:00,69.35,MARKET_FEED,VALID
2025-09-23 20:00:00,76.77,MARKET_FEED,VALID
2025-09-23 21:00:00,63.23,MARKET_FEED,VALID
2025-09-23 22:00:00,60.71,MARKET_FEED,VALID
2025-09-23 23:00:00,55.46,MARKET_FEED,VALID
2025-09-24 00:00:00,63.62,MARKET_FEED,VALID
2025-09-24 01:00:00,51.41,MARKET_FEED,VALID
2025-09-24 02:00:00,51.4,MARKET_FEED,VALID
2025-09-24 03:00:00,52.15,MARKET_FEED,VALID
2025-09-24 04:00:00,54.8,MARKET_FEED,VALID
2025-09-24 05:00:00,65.66,MARKET_FEED,VALID
2025-09-24 06:00:00,67.17,MARKET_FEED,VALID
2025-09-24 07:00:00,63.02,MARKET_FEED,VALID
2025-09-24 08:00:00,72.89,MARKET_FEED,VALID
2025-09-24 09:00:00,77.18,MARKET_FEED,VALID
2025-09-24 10:00:00,69.65,MARKET_FEED,VALID
2025-09-24 11:00:00,63.38,MARKET_FEED,VALID
2025-09-24 12:00:00,74.86,MARKET_FEED,VALID
2025-09-24 13:00:00,82.87,MARKET_FEED,VALID
2025-09-24 14:00:00,79.0,MARKET_FEED,VALID
2025-09-24 15:00:00,85.1,MARKET_FEED,VALID
2025-09-24 16:00:00,83.98,MARKET_FEED,VALID
2025-09-24 17:00:00,68.42,MARKET_FEED,VALID
2025-09-24 18:00:00,77.71,MARKET_FEED,VALID
2025-09-24 19:00:00,66.08,MARKET_FEED,VALID
2025-09-24 20:00:00,60.65,MARKET_FEED,VALID
2025-09-24 21:00:00,65.66,MARKET_FEED,VALID
2025-09-24 22:00:00,57.32,MARKET_FEED,VALID
2025-09-24 23:00:00,64.58,MARKET_FEED,VALID
2025-09-25 00:00:00,59.87,MARKET_FEED,VALID
2025-09-25 01:00:00,64.95,MARKET_FEED,VALID
2025-09-25 02:00:00,57.34,MARKET_FEED,VALID
2025-09-25 03:00:00,64.72,MARKET_FEED,VALID
2025-09-25 04:00:00,59.39,MARKET_FEED,VALID
2025-09-25 05:00:00,69.82,MARKET_FEED,VALID
2025-09-25 06:00:00,69.02,MARKET_FEED,VALID
2025-09-25 07:00:00,68.82,MARKET_FEED,VALID
2025-09-25 08:00:00,82.06,MARKET_FEED,VALID
2025-09-25 09:00:00,71.31,MARKET_FEED,VALID
2025-09-25 10:00:00,72.56,MARKET_FEED,VALID
2025-09-25 11:00:00,76.93,MARKET_FEED,VALID
2025-09-25 12:00:00,76.05,MARKET_FEED,VALID
2025-09-25 13:00:00,67.38,MARKET_FEED,VALID
2025-09-25 14:00:00,74.78,MARKET_FEED,VALID
2025-09-25 15:00:00,77.56,MARKET_FEED,VALID
2025-09-25 16:00:00,79.06,MARKET_FEED,VALID
2025-09-25 17:00:00,73.21,MARKET_FEED,VALID
2025-09-25 18:00:00,73.62,MARKET_FEED,VALID
2025-09-25 19:00:00,76.89,MARKET_FEED,VALID
2025-09-25 20:00:00,68.54,MARKET_FEED,VALID
2025-09-25 21:00:00,63.65,MARKET_FEED,VALID
2025-09-25 22:00:00,64.67,MARKET_FEED,VALID
2025-09-25 23:00:00,57.0,MARKET_FEED,VALID
2025-09-26 00:00:00,55.21,MARKET_FEED,VALID
2025-09-26 01:00:00,55.36,MARKET_FEED,VALID
2025-09-26 02:00:00,58.69,MARKET_FEED,VALID
2025-09-26 03:00:00,66.59,MARKET_FEED,VALID
2025-09-26 04:00:00,66.21,MARKET_FEED,VALID
2025-09-26 05:00:00,69.16,MARKET_FEED,VALID
2025-09-26 06:00:00,60.52,MARKET_FEED,VALID
2025-09-26 07:00:00,66.94,MARKET_FEED,VALID
2025-09-26 08:00:00,79.18,MARKET_FEED,VALID
2025-09-26 09:00:00,76.34,MARKET_FEED,VALID
2025-09-26 10:00:00,65.84,MARKET_FEED,VALID
2025-09-26 11:00:00,79.04,MARKET_FEED,VALID
2025-09-26 12:00:00,62.74,MARKET_FEED,VALID
2025-09-26 13:00:00,73.78,MARKET_FEED,VALID
2025-09-26 14:00:00,68.36,MARKET_FEED,VALID
2025-09-26 15:00:00,84.31,MARKET_FEED,VALID
2025-09-26 16:00:00,78.02,MARKET_FEED,VALID
2025-09-26 17:00:00,80.04,MARKET_FEED,VALID
2025-09-26 18:00:00,69.68,MARKET_FEED,VALID
2025-09-26 19:00:00,61.7,MARKET_FEED,VALID
2025-09-26 20:00:00,64.22,MARKET_FEED,VALID
2025-09-26 21:00:00,57.5,MARKET_FEED,VALID
2025-09-26 22:00:00,60.82,MARKET_FEED,VALID
2025-09-26 23:00:00,57.68,MARKET_FEED,VALID
2025-09-27 00:00:00,64.83,MARKET_FEED,VALID
2025-09-27 01:00:00,53.74,MARKET_FEED,VALID
2025-09-27 02:00:00,55.08,MARKET_FEED,VALID
2025-09-27 03:00:00,55.66,MARKET_FEED,VALID
2025-09-27 04:00:00,65.04,MARKET_FEED,VALID
2025-09-27 05:00:00,65.0,MARKET_FEED,VALID
2025-09-27 06:00:00,57.85,MARKET_FEED,VALID
2025-09-27 07:00:00,81.23,MARKET_FEED,VALID
2025-09-27 08:00:00,77.46,MARKET_FEED,VALID
2025-09-27 09:00:00,73.55,MARKET_FEED,VALID
2025-09-27 10:00:00,58.35,MARKET_FEED,VALID
2025-09-27 11:00:00,71.49,MARKET_FEED,VALID
2025-09-27 12:00:00,60.94,MARKET_FEED,VALID
2025-09-27 13:00:00,64.56,MARKET_FEED,VALID
2025-09-27 14:00:00,76.31,MARKET_FEED,VALID
2025-09-27 15:00:00,78.0,MARKET_FEED,VALID
2025-09-27 16:00:00,89.02,MARKET_FEED,VALID
2025-09-27 17:00:00,69.74,MARKET_FEED,VALID
2025-09-27 18:00:00,78.75,MARKET_FEED,VALID
2025-09-27 19:00:00,64.42,MARKET_FEED,VALID
2025-09-27 20:00:00,70.48,MARKET_FEED,VALID
2025-09-27 21:00:00,63.93,MARKET_FEED,VALID
2025-09-27 22:00:00,64.6,MARKET_FEED,VALID
2025-09-27 23:00:00,63.92,MARKET_FEED,VALID
2025-09-28 00:00:00,51.86,MARKET_FEED,VALID
2025-09-28 01:00:00,50.74,MARKET_FEED,VALID
2025-09-28 02:00:00,59.75,MARKET_FEED,VALID
2025-09-28 03:00:00,50.18,MARKET_FEED,VALID
2025-09-28 04:00:00,64.37,MARKET_FEED,VALID
2025-09-28 05:00:00,65.43,MARKET_FEED,VALID
2025-09-28 06:00:00,58.84,MARKET_FEED,VALID
2025-09-28 07:00:00,73.27,MARKET_FEED,VALID
2025-09-28 08:00:00,76.43,MARKET_FEED,VALID
2025-09-28 09:00:00,67.35,MARKET_FEED,VALID
2025-09-28 10:00:00,72.2,MARKET_FEED,VALID
2025-09-28 11:00:00,67.28,MARKET_FEED,VALID
2025-09-28 12:00:00,62.51,MARKET_FEED,VALID
2025-09-28 13:00:00,78.04,MARKET_FEED,VALID
2025-09-28 14:00:00,73.02,MARKET_FEED,VALID
2025-09-28 15:00:00,87.84,MARKET_FEED,VALID
2025-09-28 16:00:00,74.25,MARKET_FEED,VALID
2025-09-28 17:00:00,75.27,MARKET_FEED,VALID
2025-09-28 18:00:00,74.69,MARKET_FEED,VALID
2025-09-28 19:00:00,75.34,MARKET_FEED,VALID
2025-09-28 20:00:00,63.96,MARKET_FEED,VALID
2025-09-28 21:00:00,67.03,MARKET_FEED,VALID
2025-09-28 22:00:00,57.44,MARKET_FEED,VALID
2025-09-28 23:00:00,66.28,MARKET_FEED,VALID
2025-09-29 00:00:00,46.29,MARKET_FEED,VALID
2025-09-29 01:00:00,64.27,MARKET_FEED,VALID
2025-09-29 02:00:00,54.43,MARKET_FEED,VALID
2025-09-29 03:00:00,52.12,MARKET_FEED,VALID
2025-09-29 04:00:00,71.6,MARKET_FEED,VALID
2025-09-29 05:00:00,61.51,MARKET_FEED,VALID
2025-09-29 06:00:00,66.39,MARKET_FEED,VALID
2025-09-29 07:00:00,74.17,MARKET_FEED,VALID
2025-09-29 08:00:00,75.6,MARKET_FEED,VALID
2025-09-29 09:00:00,79.28,MARKET_FEED,VALID
2025-09-29 10:00:00,79.81,MARKET_FEED,VALID
2025-09-29 11:00:00,73.88,MARKET_FEED,VALID
2025-09-29 12:00:00,78.93,MARKET_FEED,VALID
2025-09-29 13:00:00,86.23,MARKET_FEED,VALID
2025-09-29 14:00:00,75.1,MARKET_FEED,VALID
2025-09-29 15:00:00,77.95,MARKET_FEED,VALID
2025-09-29 16:00:00,76.74,MARKET_FEED,VALID
2025-09-29 17:00:00,75.99,MARKET_FEED,VALID
2025-09-29 18:00:00,67.87,MARKET_FEED,VALID
2025-09-29 19:00:00,75.89,MARKET_FEED,VALID
2025-09-29 20:00:00,63.57,MARKET_FEED,VALID
2025-09-29 21:00:00,66.31,MARKET_FEED,VALID
2025-09-29 22:00:00,75.45,MARKET_FEED,VALID
2025-09-29 23:00:00,56.23,MARKET_FEED,VALID
2025-09-30 00:00:00,56.13,MARKET_FEED,VALID
2025-09-30 01:00:00,59.86,MARKET_FEED,VALID
2025-09-30 02:00:00,63.38,MARKET_FEED,VALID
2025-09-30 03:00:00,54.84,MARKET_FEED,VALID
2025-09-30 04:00:00,64.33,MARKET_FEED,VALID
2025-09-30 05:00:00,65.81,MARKET_FEED,VALID
2025-09-30 06:00:00,60.74,MARKET_FEED,VALID
2025-09-30 07:00:00,67.35,MARKET_FEED,VALID
2025-09-30 08:00:00,79.16,MARKET_FEED,VALID
2025-09-30 09:00:00,73.11,MARKET_FEED,VALID
2025-09-30 10:00:00,67.94,MARKET_FEED,VALID
2025-09-30 11:00:00,74.19,MARKET_FEED,VALID
2025-09-30 12:00:00,84.96,MARKET_FEED,VALID
2025-09-30 13:00:00,63.7,MARKET_FEED,VALID
2025-09-30 14:00:00,74.65,MARKET_FEED,VALID
2025-09-30 15:00:00,79.54,MARKET_FEED,VALID
2025-09-30 16:00:00,78.3,MARKET_FEED,VALID
2025-09-30 17:00:00,67.65,MARKET_FEED,VALID
2025-09-30 18:00:00,70.89,MARKET_FEED,VALID
2025-09-30 19:00:00,66.17,MARKET_FEED,VALID
2025-09-30 20:00:00,76.19,MARKET_FEED,VALID
2025-09-30 21:00:00,57.75,MARKET_FEED,VALID
2025-09-30 22:00:00,64.25,MARKET_FEED,VALID
2025-09-30 23:00:00,53.64,MARKET_FEED,VALID
2025-10-01 00:00:00,61.56,MARKET_FEED,VALID
2025-10-01 01:00:00,55.6,MARKET_FEED,VALID
2025-10-01 02:00:00,55.37,MARKET_FEED,VALID
2025-10-01 03:00:00,66.0,MARKET_FEED,VALID
2025-10-01 04:00:00,58.33,MARKET_FEED,VALID
2025-10-01 05:00:00,55.66,MARKET_FEED,VALID
2025-10-01 06:00:00,62.65,MARKET_FEED,VALID
2025-10-01 07:00:00,69.48,MARKET_FEED,VALID
2025-10-01 08:00:00,76.88,MARKET_FEED,VALID
2025-10-01 09:00:00,66.18,MARKET_FEED,VALID
2025-10-01 10:00:00,72.66,MARKET_FEED,VALID
2025-10-01 11:00:00,66.62,MARKET_FEED,VALID
2025-10-01 12:00:00,62.03,MARKET_FEED,VALID
2025-10-01 13:00:00,82.96,MARKET_FEED,VALID
2025-10-01 14:00:00,75.11,MARKET_FEED,VALID
2025-10-01 15:00:00,73.29,MARKET_FEED,VALID
2025-10-01 16:00:00,76.01,MARKET_FEED,VALID
2025-10-01 17:00:00,71.7,MARKET_FEED,VALID
2025-10-01 18:00:00,68.34,MARKET_FEED,VALID
2025-10-01 19:00:00,72.76,MARKET_FEED,VALID
2025-10-01 20:00:00,75.19,MARKET_FEED,VALID
2025-10-01 21:00:00,68.7,MARKET_FEED,VALID
2025-10-01 22:00:00,55.6,MARKET_FEED,VALID
2025-10-01 23:00:00,56.01,MARKET_FEED,VALID
2025-10-02 00:00:00,54.89,MARKET_FEED,VALID
2025-10-02 01:00:00,60.42,MARKET_FEED,VALID
2025-10-02 02:00:00,60.72,MARKET_FEED,VALID
2025-10-02 03:00:00,54.71,MARKET_FEED,VALID
2025-10-02 04:00:00,63.25,MARKET_FEED,VALID
2025-10-02 05:00:00,67.36,MARKET_FEED,VALID
2025-10-02 06:00:00,68.31,MARKET_FEED,VALID
2025-10-02 07:00:00,65.84,MARKET_FEED,VALID
2025-10-02 08:00:00,77.15,MARKET_FEED,VALID
2025-10-02 09:00:00,79.26,MARKET_FEED,VALID
2025-10-02 10:00:00,71.37,MARKET_FEED,VALID
2025-10-02 11:00:00,77.8,MARKET_FEED,VALID
2025-10-02 12:00:00,81.0,MARKET_FEED,VALID
2025-10-02 13:00:00,87.53,MARKET_FEED,VALID
2025-10-02 14:00:00,74.27,MARKET_FEED,VALID
2025-10-02 15:00:00,78.67,MARKET_FEED,VALID
2025-10-02 16:00:00,71.21,MARKET_FEED,VALID
2025-10-02 17:00:00,79.33,MARKET_FEED,VALID
2025-10-02 18:00:00,71.99,MARKET_FEED,VALID
2025-10-02 19:00:00,69.89,MARKET_FEED,VALID
2025-10-02 20:00:00,59.18,MARKET_FEED,VALID
2025-10-02 21:00:00,59.07,MARKET_FEED,VALID
2025-10-02 22:00:00,60.15,MARKET_FEED,VALID
2025-10-02 23:00:00,52.41,MARKET_FEED,VALID
2025-10-03 00:00:00,62.23,MARKET_FEED,VALID
2025-10-03 01:00:00,60.15,MARKET_FEED,VALID
2025-10-03 02:00:00,62.07,MARKET_FEED,VALID
2025-10-03 03:00:00,59.01,MARKET_FEED,VALID
2025-10-03 04:00:00,69.17,MARKET_FEED,VALID
2025-10-03 05:00:00,76.58,MARKET_FEED,VALID
2025-10-03 06:00:00,66.06,MARKET_FEED,VALID
2025-10-03 07:00:00,70.26,MARKET_FEED,VALID
2025-10-03 08:00:00,72.8,MARKET_FEED,VALID
2025-10-03 09:00:00,72.27,MARKET_FEED,VALID
2025-10-03 10:00:00,70.13,MARKET_FEED,VALID
2025-10-03 11:00:00,76.33,MARKET_FEED,VALID
2025-10-03 12:00:00,77.0,MARKET_FEED,VALID
2025-10-03 13:00:00,76.31,MARKET_FEED,VALID
2025-10-03 14:00:00,69.98,MARKET_FEED,VALID
2025-10-03 15:00:00,83.62,MARKET_FEED,VALID
2025-10-03 16:00:00,80.71,MARKET_FEED,VALID
2025-10-03 17:00:00,90.93,MARKET_FEED,VALID
2025-10-03 18:00:00,76.83,MARKET_FEED,VALID
2025-10-03 19:00:00,72.74,MARKET_FEED,VALID
2025-10-03 20:00:00,65.24,MARKET_FEED,VALID
2025-10-03 21:00:00,68.15,MARKET_FEED,VALID
2025-10-03 22:00:00,55.93,MARKET_FEED,VALID
2025-10-03 23:00:00,60.27,MARKET_FEED,VALID
2025-10-04 00:00:00,57.91,MARKET_FEED,VALID
2025-10-04 01:00:00,61.12,MARKET_FEED,VALID
2025-10-04 02:00:00,60.49,MARKET_FEED,VALID
2025-10-04 03:00:00,60.55,MARKET_FEED,VALID
2025-10-04 04:00:00,67.97,MARKET_FEED,VALID
2025-10-04 05:00:00,72.03,MARKET_FEED,VALID
2025-10-04 06:00:00,74.49,MARKET_FEED,VALID
2025-10-04 07:00:00,74.64,MARKET_FEED,VALID
2025-10-04 08:00:00,75.56,MARKET_FEED,VALID
2025-10-04 09:00:00,80.53,MARKET_FEED,VALID
2025-10-04 10:00:00,73.47,MARKET_FEED,VALID
2025-10-04 11:00:00,77.69,MARKET_FEED,VALID
2025-10-04 12:00:00,73.22,MARKET_FEED,VALID
2025-10-04 13:00:00,72.88,MARKET_FEED,VALID
2025-10-04 14:00:00,78.49,MARKET_FEED,VALID
2025-10-04 15:00:00,77.76,MARKET_FEED,VALID
2025-10-04 16:00:00,82.52,MARKET_FEED,VALID
2025-10-04 17:00:00,76.34,MARKET_FEED,VALID
2025-10-04 18:00:00,73.81,MARKET_FEED,VALID
2025-10-04 19:00:00,65.62,MARKET_FEED,VALID
2025-10-04 20:00:00,67.24,MARKET_FEED,VALID
2025-10-04 21:00:00,65.14,MARKET_FEED,VALID
2025-10-04 22:00:00,63.29,MARKET_FEED,VALID
2025-10-04 23:00:00,53.87,MARKET_FEED,VALID
2025-10-05 00:00:00,66.82,MARKET_FEED,VALID
2025-10-05 01:00:00,56.39,MARKET_FEED,VALID
2025-10-05 02:00:00,51.46,MARKET_FEED,VALID
2025-10-05 03:00:00,55.79,MARKET_FEED,VALID
2025-10-05 04:00:00,56.48,MARKET_FEED,VALID
2025-10-05 05:00:00,60.66,MARKET_FEED,VALID
2025-10-05 06:00:00,69.19,MARKET_FEED,VALID
2025-10-05 07:00:00,75.56,MARKET_FEED,VALID
2025-10-05 08:00:00,71.75,MARKET_FEED,VALID
2025-10-05 09:00:00,62.15,MARKET_FEED,VALID
2025-10-05 10:00:00,61.76,MARKET_FEED,VALID
2025-10-05 11:00:00,77.72,MARKET_FEED,VALID
2025-10-05 12:00:00,68.46829988465976,MARKET_FEED,VALID
2025-10-05 13:00:00,68.46829988465976,MARKET_FEED,VALID
2025-10-05 14:00:00,69.86,MARKET_FEED,VALID
2025-10-05 15:00:00,77.38,MARKET_FEED,VALID
2025-10-05 16:00:00,77.07,MARKET_FEED,VALID
2025-10-05 17:00:00,75.0,MARKET_FEED,VALID
2025-10-05 18:00:00,70.9,MARKET_FEED,VALID
2025-10-05 19:00:00,62.7,MARKET_FEED,VALID
2025-10-05 20:00:00,71.98,MARKET_FEED,VALID
2025-10-05 21:00:00,62.83,MARKET_FEED,VALID
2025-10-05 22:00:00,65.8,MARKET_FEED,VALID
2025-10-05 23:00:00,60.16,MARKET_FEED,VALID
2025-10-06 00:00:00,61.21,MARKET_FEED,VALID
2025-10-06 01:00:00,56.48,MARKET_FEED,VALID
2025-10-06 02:00:00,58.09,MARKET_FEED,VALID
2025-10-06 03:00:00,55.95,MARKET_FEED,VALID
2025-10-06 04:00:00,61.7,MARKET_FEED,VALID
2025-10-06 05:00:00,65.27,MARKET_FEED,VALID
2025-10-06 06:00:00,60.86,MARKET_FEED,VALID
2025-10-06 07:00:00,71.37,MARKET_FEED,VALID
2025-10-06 08:00:00,76.8,MARKET_FEED,VALID
2025-10-06 09:00:00,84.55,MARKET_FEED,VALID
2025-10-06 10:00:00,78.37,MARKET_FEED,VALID
2025-10-06 11:00:00,74.13,MARKET_FEED,VALID
2025-10-06 12:00:00,73.27,MARKET_FEED,VALID
2025-10-06 13:00:00,78.17,MARKET_FEED,VALID
2025-10-06 14:00:00,77.83,MARKET_FEED,VALID
2025-10-06 15:00:00,79.25,MARKET_FEED,VALID
2025-10-06 16:00:00,66.99,MARKET_FEED,VALID
2025-10-06 17:00:00,74.47,MARKET_FEED,VALID
2025-10-06 18:00:00,72.74,MARKET_FEED,VALID
2025-10-06 19:00:00,70.35,MARKET_FEED,VALID
2025-10-06 20:00:00,73.93,MARKET_FEED,VALID
2025-10-06 21:00:00,66.86,MARKET_FEED,VALID
2025-10-06 22:00:00,57.43,MARKET_FEED,VALID
2025-10-06 23:00:00,59.06,MARKET_FEED,VALID
2025-10-07 00:00:00,54.16,MARKET_FEED,VALID
2025-10-07 01:00:00,60.47,MARKET_FEED,VALID
2025-10-07 02:00:00,57.9,MARKET_FEED,VALID
2025-10-07 03:00:00,60.76,MARKET_FEED,VALID
2025-10-07 04:00:00,59.12,MARKET_FEED,VALID
2025-10-07 05:00:00,55.34,MARKET_FEED,VALID
2025-10-07 06:00:00,67.36,MARKET_FEED,VALID
2025-10-07 07:00:00,71.91,MARKET_FEED,VALID
2025-10-07 08:00:00,79.59,MARKET_FEED,VALID
2025-10-07 09:00:00,76.75,MARKET_FEED,VALID
2025-10-07 10:00:00,75.02,MARKET_FEED,VALID
2025-10-07 11:00:00,88.72,MARKET_FEED,VALID
2025-10-07 12:00:00,70.12,MARKET_FEED,VALID
2025-10-07 13:00:00,67.82,MARKET_FEED,VALID
2025-10-07 14:00:00,76.05,MARKET_FEED,VALID
2025-10-07 15:00:00,80.0,MARKET_FEED,VALID
2025-10-07 16:00:00,75.15,MARKET_FEED,VALID
2025-10-07 17:00:00,70.46,MARKET_FEED,VALID
2025-10-07 18:00:00,73.31,MARKET_FEED,VALID
2025-10-07 19:00:00,62.06,MARKET_FEED,VALID
2025-10-07 20:00:00,64.87,MARKET_FEED,VALID
2025-10-07 21:00:00,62.09,MARKET_FEED,VALID
2025-10-07 22:00:00,61.36,MARKET_FEED,VALID
2025-10-07 23:00:00,60.36,MARKET_FEED,VALID
2025-10-08 00:00:00,56.21,MARKET_FEED,VALID
2025-10-08 01:00:00,57.01,MARKET_FEED,VALID
2025-10-08 02:00:00,59.35,MARKET_FEED,VALID
2025-10-08 03:00:00,59.01,MARKET_FEED,VALID
2025-10-08 04:00:00,58.05,MARKET_FEED,VALID
2025-10-08 05:00:00,64.19,MARKET_FEED,VALID
2025-10-08 06:00:00,75.92,MARKET_FEED,VALID
2025-10-08 07:00:00,70.55,MARKET_FEED,VALID
2025-10-08 08:00:00,74.32,MARKET_FEED,VALID
2025-10-08 09:00:00,73.21,MARKET_FEED,VALID
2025-10-08 10:00:00,70.21,MARKET_FEED,VALID
2025-10-08 11:00:00,69.2,MARKET_FEED,VALID
2025-10-08 12:00:00,69.87,MARKET_FEED,VALID
2025-10-08 13:00:00,84.01,MARKET_FEED,VALID
2025-10-08 14:00:00,76.04,MARKET_FEED,VALID
2025-10-08 15:00:00,84.21,MARKET_FEED,VALID
2025-10-08 16:00:00,78.7,MARKET_FEED,VALID
2025-10-08 17:00:00,71.7,MARKET_FEED,VALID
2025-10-08 18:00:00,73.21,MARKET_FEED,VALID
2025-10-08 19:00:00,65.66,MARKET_FEED,VALID
2025-10-08 20:00:00,63.02,MARKET_FEED,VALID
2025-10-08 21:00:00,62.27,MARKET_FEED,VALID
2025-10-08 22:00:00,70.49,MARKET_FEED,VALID
2025-10-08 23:00:00,63.98,MARKET_FEED,VALID
2025-10-09 00:00:00,52.79,MARKET_FEED,VALID
2025-10-09 01:00:00,57.51,MARKET_FEED,VALID
2025-10-09 02:00:00,64.01,MARKET_FEED,VALID
2025-10-09 03:00:00,62.05,MARKET_FEED,VALID
2025-10-09 04:00:00,61.14,MARKET_FEED,VALID
2025-10-09 05:00:00,55.04,MARKET_FEED,VALID
2025-10-09 06:00:00,61.37,MARKET_FEED,VALID
2025-10-09 07:00:00,69.04,MARKET_FEED,VALID
2025-10-09 08:00:00,78.34,MARKET_FEED,VALID
2025-10-09 09:00:00,82.77,MARKET_FEED,VALID
2025-10-09 10:00:00,72.43,MARKET_FEED,VALID
2025-10-09 11:00:00,77.44,MARKET_FEED,VALID
2025-10-09 12:00:00,72.67,MARKET_FEED,VALID
2025-10-09 13:00:00,80.52,MARKET_FEED,VALID
2025-10-09 14:00:00,62.32,MARKET_FEED,VALID
2025-10-09 15:00:00,72.3,MARKET_FEED,VALID
2025-10-09 16:00:00,72.88,MARKET_FEED,VALID
2025-10-09 17:00:00,68.09,MARKET_FEED,VALID
2025-10-09 18:00:00,74.13,MARKET_FEED,VALID
2025-10-09 19:00:00,65.18,MARKET_FEED,VALID
2025-10-09 20:00:00,61.8,MARKET_FEED,VALID
2025-10-09 21:00:00,63.4,MARKET_FEED,VALID
2025-10-09 22:00:00,55.04,MARKET_FEED,VALID
2025-10-09 23:00:00,53.15,MARKET_FEED,VALID
2025-10-10 00:00:00,60.63,MARKET_FEED,VALID
2025-10-10 01:00:00,60.22,MARKET_FEED,VALID
2025-10-10 02:00:00,63.87,MARKET_FEED,VALID
2025-10-10 03:00:00,64.85,MARKET_FEED,VALID
2025-10-10 04:00:00,55.63,MARKET_FEED,VALID
2025-10-10 05:00:00,64.03,MARKET_FEED,VALID
2025-10-10 06:00:00,74.34,MARKET_FEED,VALID
2025-10-10 07:00:00,73.72,MARKET_FEED,VALID
2025-10-10 08:00:00,67.67,MARKET_FEED,VALID
2025-10-10 09:00:00,78.48,MARKET_FEED,VALID
2025-10-10 10:00:00,74.77,MARKET_FEED,VALID
2025-10-10 11:00:00,67.93,MARKET_FEED,VALID
2025-10-10 12:00:00,73.39,MARKET_FEED,VALID
2025-10-10 13:00:00,80.0,MARKET_FEED,VALID
2025-10-10 14:00:00,80.0,MARKET_FEED,VALID
2025-10-10 15:00:00,69.68,MARKET_FEED,VALID
2025-10-10 16:00:00,76.85,MARKET_FEED,VALID
2025-10-10 17:00:00,76.15,MARKET_FEED,VALID
2025-10-10 18:00:00,62.28,MARKET_FEED,VALID
2025-10-10 19:00:00,67.93,MARKET_FEED,VALID
2025-10-10 20:00:00,62.82,MARKET_FEED,VALID
2025-10-10 21:00:00,61.7,MARKET_FEED,VALID
2025-10-10 22:00:00,58.62,MARKET_FEED,VALID
2025-10-10 23:00:00,49.96,MARKET_FEED,VALID
2025-10-11 00:00:00,55.42,MARKET_FEED,VALID
2025-10-11 01:00:00,54.85,MARKET_FEED,VALID
2025-10-11 02:00:00,60.03,MARKET_FEED,VALID
2025-10-11 03:00:00,52.27,MARKET_FEED,VALID
2025-10-11 04:00:00,61.39,MARKET_FEED,VALID
2025-10-11 05:00:00,58.32,MARKET_FEED,VALID
2025-10-11 06:00:00,69.11,MARKET_FEED,VALID
2025-10-11 07:00:00,74.57,MARKET_FEED,VALID
2025-10-11 08:00:00,78.88,MARKET_FEED,VALID
2025-10-11 09:00:00,85.54,MARKET_FEED,VALID
2025-10-11 10:00:00,57.46,MARKET_FEED,VALID
2025-10-11 11:00:00,68.46829988465976,MARKET_FEED,VALID
2025-10-11 12:00:00,73.86,MARKET_FEED,VALID
2025-10-11 13:00:00,67.12,MARKET_FEED,VALID
2025-10-11 14:00:00,76.54,MARKET_FEED,VALID
2025-10-11 15:00:00,76.08,MARKET_FEED,VALID
2025-10-11 16:00:00,79.41,MARKET_FEED,VALID
2025-10-11 17:00:00,72.98,MARKET_FEED,VALID
2025-10-11 18:00:00,78.27,MARKET_FEED,VALID
2025-10-11 19:00:00,73.91,MARKET_FEED,VALID
2025-10-11 20:00:00,67.84,MARKET_FEED,VALID
2025-10-11 21:00:00,53.01,MARKET_FEED,VALID
2025-10-11 22:00:00,56.16,MARKET_FEED,VALID
2025-10-11 23:00:00,47.09,MARKET_FEED,VALID
2025-10-12 00:00:00,62.81,MARKET_FEED,VALID
2025-10-12 01:00:00,63.45,MARKET_FEED,VALID
2025-10-12 02:00:00,56.12,MARKET_FEED,VALID
2025-10-12 03:00:00,59.49,MARKET_FEED,VALID
2025-10-12 04:00:00,60.09,MARKET_FEED,VALID
2025-10-12 05:00:00,71.37,MARKET_FEED,VALID
2025-10-12 06:00:00,67.24,MARKET_FEED,VALID
2025-10-12 07:00:00,67.17,MARKET_FEED,VALID
2025-10-12 08:00:00,72.74,MARKET_FEED,VALID
2025-10-12 09:00:00,72.09,MARKET_FEED,VALID
2025-10-12 10:00:00,78.8,MARKET_FEED,VALID
2025-10-12 11:00:00,75.05,MARKET_FEED,VALID
2025-10-12 12:00:00,76.68,MARKET_FEED,VALID
2025-10-12 13:00:00,62.69,MARKET_FEED,VALID
2025-10-12 14:00:00,71.08,MARKET_FEED,VALID
2025-10-12 15:00:00,78.82,MARKET_FEED,VALID
2025-10-12 16:00:00,79.81,MARKET_FEED,VALID
2025-10-12 17:00:00,80.8,MARKET_FEED,VALID
2025-10-12 18:00:00,58.5,MARKET_FEED,VALID
2025-10-12 19:00:00,72.38,MARKET_FEED,VALID
2025-10-12 20:00:00,64.96,MARKET_FEED,VALID
2025-10-12 21:00:00,63.6,MARKET_FEED,VALID
2025-10-12 22:00:00,59.85,MARKET_FEED,VALID
2025-10-12 23:00:00,57.92,MARKET_FEED,VALID
2025-10-13 00:00:00,58.16,MARKET_FEED,VALID
2025-10-13 01:00:00,62.4,MARKET_FEED,VALID
2025-10-13 02:00:00,63.19,MARKET_FEED,VALID
2025-10-13 03:00:00,52.7,MARKET_FEED,VALID
2025-10-13 04:00:00,63.08,MARKET_FEED,VALID
2025-10-13 05:00:00,59.53,MARKET_FEED,VALID
2025-10-13 06:00:00,67.0,MARKET_FEED,VALID
2025-10-13 07:00:00,70.12,MARKET_FEED,VALID
2025-10-13 08:00:00,76.34,MARKET_FEED,VALID
2025-10-13 09:00:00,67.55,MARKET_FEED,VALID
2025-10-13 10:00:00,75.47,MARKET_FEED,VALID
2025-10-13 11:00:00,73.08,MARKET_FEED,VALID
2025-10-13 12:00:00,78.65,MARKET_FEED,VALID
2025-10-13 13:00:00,76.63,MARKET_FEED,VALID
2025-10-13 14:00:00,81.74,MARKET_FEED,VALID
2025-10-13 15:00:00,74.75,MARKET_FEED,VALID
2025-10-13 16:00:00,74.11,MARKET_FEED,VALID
2025-10-13 17:00:00,76.83,MARKET_FEED,VALID
2025-10-13 18:00:00,68.36,MARKET_FEED,VALID
2025-10-13 19:00:00,72.01,MARKET_FEED,VALID
2025-10-13 20:00:00,55.48,MARKET_FEED,VALID
2025-10-13 21:00:00,63.66,MARKET_FEED,VALID
2025-10-13 22:00:00,61.36,MARKET_FEED,VALID
2025-10-13 23:00:00,57.19,MARKET_FEED,VALID
2025-10-14 00:00:00,62.33,MARKET_FEED,VALID
2025-10-14 01:00:00,59.06,MARKET_FEED,VALID
2025-10-14 02:00:00,56.05,MARKET_FEED,VALID
2025-10-14 03:00:00,56.22,MARKET_FEED,VALID
2025-10-14 04:00:00,61.69,MARKET_FEED,VALID
2025-10-14 05:00:00,63.84,MARKET_FEED,VALID
2025-10-14 06:00:00,65.93,MARKET_FEED,VALID
2025-10-14 07:00:00,73.55,MARKET_FEED,VALID
2025-10-14 08:00:00,67.9,MARKET_FEED,VALID
2025-10-14 09:00:00,74.98,MARKET_FEED,VALID
2025-10-14 10:00:00,87.12,MARKET_FEED,VALID
2025-10-14 11:00:00,70.51,MARKET_FEED,VALID
2025-10-14 12:00:00,73.6,MARKET_FEED,VALID
2025-10-14 13:00:00,77.82,MARKET_FEED,VALID
2025-10-14 14:00:00,76.41,MARKET_FEED,VALID
2025-10-14 15:00:00,78.76,MARKET_FEED,VALID
2025-10-14 16:00:00,81.05,MARKET_FEED,VALID
2025-10-14 17:00:00,77.03,MARKET_FEED,VALID
2025-10-14 18:00:00,62.91,MARKET_FEED,VALID
2025-10-14 19:00:00,76.33,MARKET_FEED,VALID
2025-10-14 20:00:00,65.23,MARKET_FEED,VALID
2025-10-14 21:00:00,60.3,MARKET_FEED,VALID
2025-10-14 22:00:00,63.58,MARKET_FEED,VALID
2025-10-14 23:00:00,66.67,MARKET_FEED,VALID
2025-10-15 00:00:00,62.24,MARKET_FEED,VALID
2025-10-15 01:00:00,56.92,MARKET_FEED,VALID
2025-10-15 02:00:00,59.75,MARKET_FEED,VALID
2025-10-15 03:00:00,59.05,MARKET_FEED,VALID
2025-10-15 04:00:00,54.67,MARKET_FEED,VALID
2025-10-15 05:00:00,60.1,MARKET_FEED,VALID
2025-10-15 06:00:00,59.2,MARKET_FEED,VALID
2025-10-15 07:00:00,81.29,MARKET_FEED,VALID
2025-10-15 08:00:00,69.12,MARKET_FEED,VALID
2025-10-15 09:00:00,76.99,MARKET_FEED,VALID
2025-10-15 10:00:00,81.93,MARKET_FEED,VALID
2025-10-15 11:00:00,78.83,MARKET_FEED,VALID
2025-10-15 12:00:00,79.3,MARKET_FEED,VALID
2025-10-15 13:00:00,68.51,MARKET_FEED,VALID
2025-10-15 14:00:00,83.55,MARKET_FEED,VALID
2025-10-15 15:00:00,74.55,MARKET_FEED,VALID
2025-10-15 16:00:00,76.24,MARKET_FEED,VALID
2025-10-15 17:00:00,79.74,MARKET_FEED,VALID
2025-10-15 18:00:00,70.22,MARKET_FEED,VALID
2025-10-15 19:00:00,73.12,MARKET_FEED,VALID
2025-10-15 20:00:00,62.14,MARKET_FEED,VALID
2025-10-15 21:00:00,71.89,MARKET_FEED,VALID
2025-10-15 22:00:00,68.54,MARKET_FEED,VALID
2025-10-15 23:00:00,58.82,MARKET_FEED,VALID
2025-10-16 00:00:00,63.63,MARKET_FEED,VALID
2025-10-16 01:00:00,58.73,MARKET_FEED,VALID
2025-10-16 02:00:00,53.04,MARKET_FEED,VALID
2025-10-16 03:00:00,65.91,MARKET_FEED,VALID
2025-10-16 04:00:00,54.64,MARKET_FEED,VALID
2025-10-16 05:00:00,62.81,MARKET_FEED,VALID
2025-10-16 06:00:00,63.01,MARKET_FEED,VALID
2025-10-16 07:00:00,75.75,MARKET_FEED,VALID
2025-10-16 08:00:00,72.81,MARKET_FEED,VALID
2025-10-16 09:00:00,74.89,MARKET_FEED,VALID
2025-10-16 10:00:00,78.45,MARKET_FEED,VALID
2025-10-16 11:00:00,80.22,MARKET_FEED,VALID
2025-10-16 12:00:00,79.84,MARKET_FEED,VALID
2025-10-16 13:00:00,85.55,MARKET_FEED,VALID
2025-10-16 14:00:00,78.06,MARKET_FEED,VALID
2025-10-16 15:00:00,85.49,MARKET_FEED,VALID
2025-10-16 16:00:00,75.84,MARKET_FEED,VALID
2025-10-16 17:00:00,67.13,MARKET_FEED,VALID
2025-10-16 18:00:00,69.86,MARKET_FEED,VALID
2025-10-16 19:00:00,68.06,MARKET_FEED,VALID
2025-10-16 20:00:00,59.84,MARKET_FEED,VALID
2025-10-16 21:00:00,73.54,MARKET_FEED,VALID
2025-10-16 22:00:00,55.64,MARKET_FEED,VALID
2025-10-16 23:00:00,59.18,MARKET_FEED,VALID
2025-10-17 00:00:00,52.81,MARKET_FEED,VALID
2025-10-17 01:00:00,61.8,MARKET_FEED,VALID
2025-10-17 02:00:00,57.76,MARKET_FEED,VALID
2025-10-17 03:00:00,60.04,MARKET_FEED,VALID
2025-10-17 04:00:00,64.38,MARKET_FEED,VALID
2025-10-17 05:00:00,59.83,MARKET_FEED,VALID
2025-10-17 06:00:00,71.76,MARKET_FEED,VALID
2025-10-17 07:00:00,69.27,MARKET_FEED,VALID
2025-10-17 08:00:00,60.26,MARKET_FEED,VALID
2025-10-17 09:00:00,70.22,MARKET_FEED,VALID
2025-10-17 10:00:00,82.14,MARKET_FEED,VALID
2025-10-17 11:00:00,74.8,MARKET_FEED,VALID
2025-10-17 12:00:00,67.77,MARKET_FEED,VALID
2025-10-17 13:00:00,75.15,MARKET_FEED,VALID
2025-10-17 14:00:00,84.4,MARKET_FEED,VALID
2025-10-17 15:00:00,80.71,MARKET_FEED,VALID
2025-10-17 16:00:00,88.27,MARKET_FEED,VALID
2025-10-17 17:00:00,77.95,MARKET_FEED,VALID
2025-10-17 18:00:00,78.3,MARKET_FEED,VALID
2025-10-17 19:00:00,73.72,MARKET_FEED,VALID
2025-10-17 20:00:00,63.44,MARKET_FEED,VALID
2025-10-17 21:00:00,67.86,MARKET_FEED,VALID
2025-10-17 22:00:00,60.77,MARKET_FEED,VALID
2025-10-17 23:00:00,57.03,MARKET_FEED,VALID
2025-10-18 00:00:00,61.18,MARKET_FEED,VALID
2025-10-18 01:00:00,63.61,MARKET_FEED,VALID
2025-10-18 02:00:00,60.74,MARKET_FEED,VALID
2025-10-18 03:00:00,68.78,MARKET_FEED,VALID
2025-10-18 04:00:00,65.25,MARKET_FEED,VALID
2025-10-18 05:00:00,71.68,MARKET_FEED,VALID
2025-10-18 06:00:00,65.61,MARKET_FEED,VALID
2025-10-18 07:00:00,60.74,MARKET_FEED,VALID
2025-10-18 08:00:00,67.78,MARKET_FEED,VALID
2025-10-18 09:00:00,70.75,MARKET_FEED,VALID
2025-10-18 10:00:00,62.43,MARKET_FEED,VALID
2025-10-18 11:00:00,68.46829988465976,MARKET_FEED,VALID
2025-10-18 12:00:00,74.28,MARKET_FEED,VALID
2025-10-18 13:00:00,67.83,MARKET_FEED,VALID
2025-10-18 14:00:00,74.03,MARKET_FEED,VALID
2025-10-18 15:00:00,80.93,MARKET_FEED,VALID
2025-10-18 16:00:00,72.48,MARKET_FEED,VALID
2025-10-18 17:00:00,76.36,MARKET_FEED,VALID
2025-10-18 18:00:00,82.67,MARKET_FEED,VALID
2025-10-18 19:00:00,69.86,MARKET_FEED,VALID
2025-10-18 20:00:00,60.06,MARKET_FEED,VALID
2025-10-18 21:00:00,56.98,MARKET_FEED,VALID
2025-10-18 22:00:00,66.27,MARKET_FEED,VALID
2025-10-18 23:00:00,57.22,MARKET_FEED,VALID
2025-10-19 00:00:00,61.39,MARKET_FEED,VALID
2025-10-19 01:00:00,54.97,MARKET_FEED,VALID
2025-10-19 02:00:00,56.05,MARKET_FEED,VALID
2025-10-19 03:00:00,62.34,MARKET_FEED,VALID
2025-10-19 04:00:00,64.26,MARKET_FEED,VALID
2025-10-19 05:00:00,66.8,MARKET_FEED,VALID
2025-10-19 06:00:00,67.07,MARKET_FEED,VALID
2025-10-19 07:00:00,77.21,MARKET_FEED,VALID
2025-10-19 08:00:00,75.76,MARKET_FEED,VALID
2025-10-19 09:00:00,68.89,MARKET_FEED,VALID
2025-10-19 10:00:00,67.81,MARKET_FEED,VALID
2025-10-19 11:00:00,67.55,MARKET_FEED,VALID
2025-10-19 12:00:00,66.52,MARKET_FEED,VALID
2025-10-19 13:00:00,71.55,MARKET_FEED,VALID
2025-10-19 14:00:00,79.19,MARKET_FEED,VALID
2025-10-19 15:00:00,71.27,MARKET_FEED,VALID
2025-10-19 16:00:00,76.23,MARKET_FEED,VALID
2025-10-19 17:00:00,74.07,MARKET_FEED,VALID
2025-10-19 18:00:00,74.47,MARKET_FEED,VALID
2025-10-19 19:00:00,72.83,MARKET_FEED,VALID
2025-10-19 20:00:00,65.35,MARKET_FEED,VALID
2025-10-19 21:00:00,68.46,MARKET_FEED,VALID
2025-10-19 22:00:00,56.59,MARKET_FEED,VALID
2025-10-19 23:00:00,55.13,MARKET_FEED,VALID
2025-10-20 00:00:00,67.82,MARKET_FEED,VALID
2025-10-20 01:00:00,59.46,MARKET_FEED,VALID
2025-10-20 02:00:00,60.31,MARKET_FEED,VALID
2025-10-20 03:00:00,53.84,MARKET_FEED,VALID
2025-10-20 05:00:00,57.69,MARKET_FEED,VALID
2025-10-20 06:00:00,65.62,MARKET_FEED,VALID
2025-10-20 07:00:00,65.46,MARKET_FEED,VALID
2025-10-20 08:00:00,71.56,MARKET_FEED,VALID
2025-10-20 09:00:00,73.76,MARKET_FEED,VALID
2025-10-20 10:00:00,81.95,MARKET_FEED,VALID
2025-10-20 11:00:00,71.57,MARKET_FEED,VALID
2025-10-20 12:00:00,73.12,MARKET_FEED,VALID
2025-10-20 13:00:00,72.36,MARKET_FEED,VALID
2025-10-20 14:00:00,85.91,MARKET_FEED,VALID
2025-10-20 15:00:00,87.85,MARKET_FEED,VALID
2025-10-20 16:00:00,74.22,MARKET_FEED,VALID
2025-10-20 17:00:00,72.7,MARKET_FEED,VALID
2025-10-20 18:00:00,73.9,MARKET_FEED,VALID
2025-10-20 19:00:00,72.34,MARKET_FEED,VALID
2025-10-20 20:00:00,75.67,MARKET_FEED,VALID
2025-10-20 21:00:00,61.99,MARKET_FEED,VALID
2025-10-20 22:00:00,63.85,MARKET_FEED,VALID
2025-10-20 23:00:00,60.63,MARKET_FEED,VALID
2025-10-21 00:00:00,56.39,MARKET_FEED,VALID
2025-10-21 01:00:00,57.3,MARKET_FEED,VALID
2025-10-21 02:00:00,56.81,MARKET_FEED,VALID
2025-10-21 03:00:00,53.08,MARKET_FEED,VALID
2025-10-21 04:00:00,73.46,MARKET_FEED,VALID
2025-10-21 05:00:00,71.06,MARKET_FEED,VALID
2025-10-21 06:00:00,74.88,MARKET_FEED,VALID
2025-10-21 07:00:00,67.36,MARKET_FEED,VALID
2025-10-21 08:00:00,68.92,MARKET_FEED,VALID
2025-10-21 09:00:00,82.53,MARKET_FEED,VALID
2025-10-21 10:00:00,74.27,MARKET_FEED,VALID
2025-10-21 11:00:00,82.68,MARKET_FEED,VALID
2025-10-21 12:00:00,75.31,MARKET_FEED,VALID
2025-10-21 13:00:00,85.42,MARKET_FEED,VALID
2025-10-21 14:00:00,72.28,MARKET_FEED,VALID
2025-10-21 15:00:00,78.2,MARKET_FEED,VALID
2025-10-21 16:00:00,85.6,MARKET_FEED,VALID
2025-10-21 17:00:00,74.62,MARKET_FEED,VALID
2025-10-21 18:00:00,73.68,MARKET_FEED,VALID
2025-10-21 19:00:00,69.8,MARKET_FEED,VALID
2025-10-21 20:00:00,60.73,MARKET_FEED,VALID
2025-10-21 21:00:00,61.22,MARKET_FEED,VALID
2025-10-21 22:00:00,68.32,MARKET_FEED,VALID
2025-10-21 23:00:00,51.48,MARKET_FEED,VALID
2025-10-22 00:00:00,56.71,MARKET_FEED,VALID
2025-10-22 01:00:00,59.06,MARKET_FEED,VALID
2025-10-22 02:00:00,54.56,MARKET_FEED,VALID
2025-10-22 03:00:00,61.95,MARKET_FEED,VALID
2025-10-22 04:00:00,67.56,MARKET_FEED,VALID
2025-10-22 05:00:00,66.99,MARKET_FEED,VALID
2025-10-22 06:00:00,70.56,MARKET_FEED,VALID
2025-10-22 07:00:00,66.91,MARKET_FEED,VALID
2025-10-22 08:00:00,72.28,MARKET_FEED,VALID
2025-10-22 09:00:00,73.93,MARKET_FEED,VALID
2025-10-22 10:00:00,78.19,MARKET_FEED,VALID
2025-10-22 11:00:00,87.65,MARKET_FEED,VALID
2025-10-22 12:00:00,78.37,MARKET_FEED,VALID
2025-10-22 13:00:00,71.84,MARKET_FEED,VALID
2025-10-22 14:00:00,67.7,MARKET_FEED,VALID
2025-10-22 15:00:00,79.81,MARKET_FEED,VALID
2025-10-22 16:00:00,82.3,MARKET_FEED,VALID
2025-10-22 17:00:00,71.81,MARKET_FEED,VALID
2025-10-22 18:00:00,73.22,MARKET_FEED,VALID
2025-10-22 19:00:00,63.9,MARKET_FEED,VALID
2025-10-22 20:00:00,68.26,MARKET_FEED,VALID
2025-10-22 21:00:00,56.02,MARKET_FEED,VALID
2025-10-22 22:00:00,64.61,MARKET_FEED,VALID
2025-10-22 23:00:00,56.61,MARKET_FEED,VALID
2025-10-23 00:00:00,59.93,MARKET_FEED,VALID
2025-10-23 01:00:00,57.43,MARKET_FEED,VALID
2025-10-23 02:00:00,62.69,MARKET_FEED,VALID
2025-10-23 03:00:00,64.13,MARKET_FEED,VALID
2025-10-23 04:00:00,60.39,MARKET_FEED,VALID
2025-10-23 05:00:00,73.16,MARKET_FEED,VALID
2025-10-23 06:00:00,68.45,MARKET_FEED,VALID
2025-10-23 07:00:00,60.57,MARKET_FEED,VALID
2025-10-23 08:00:00,69.74,MARKET_FEED,VALID
2025-10-23 09:00:00,69.65,MARKET_FEED,VALID
2025-10-23 10:00:00,71.98,MARKET_FEED,VALID
2025-10-23 11:00:00,78.71,MARKET_FEED,VALID
2025-10-23 12:00:00,68.55,MARKET_FEED,VALID
2025-10-23 13:00:00,77.66,MARKET_FEED,VALID
2025-10-23 14:00:00,74.38,MARKET_FEED,VALID
2025-10-23 15:00:00,89.3,MARKET_FEED,VALID
2025-10-23 16:00:00,80.55,MARKET_FEED,VALID
2025-10-23 17:00:00,66.67,MARKET_FEED,VALID
2025-10-23 18:00:00,75.64,MARKET_FEED,VALID
2025-10-23 19:00:00,70.06,MARKET_FEED,VALID
2025-10-23 20:00:00,58.82,MARKET_FEED,VALID
2025-10-23 21:00:00,61.13,MARKET_FEED,VALID
2025-10-23 22:00:00,60.71,MARKET_FEED,VALID
2025-10-23 23:00:00,58.96,MARKET_FEED,VALID
2025-10-24 00:00:00,51.56,MARKET_FEED,VALID
2025-10-24 01:00:00,63.14,MARKET_FEED,VALID
2025-10-24 02:00:00,60.23,MARKET_FEED,VALID
2025-10-24 03:00:00,63.53,MARKET_FEED,VALID
2025-10-24 04:00:00,61.53,MARKET_FEED,VALID
2025-10-24 05:00:00,62.52,MARKET_FEED,VALID
2025-10-24 06:00:00,70.98,MARKET_FEED,VALID
2025-10-24 07:00:00,70.23,MARKET_FEED,VALID
2025-10-24 08:00:00,76.63,MARKET_FEED,VALID
2025-10-24 09:00:00,76.67,MARKET_FEED,VALID
2025-10-24 10:00:00,78.41,MARKET_FEED,VALID
2025-10-24 11:00:00,83.08,MARKET_FEED,VALID
2025-10-24 12:00:00,79.02,MARKET_FEED,VALID
2025-10-24 13:00:00,87.27,MARKET_FEED,VALID
2025-10-24 14:00:00,77.06,MARKET_FEED,VALID
2025-10-24 15:00:00,72.76,MARKET_FEED,VALID
2025-10-24 16:00:00,76.67,MARKET_FEED,VALID
2025-10-24 17:00:00,73.73,MARKET_FEED,VALID
2025-10-24 18:00:00,81.52,MARKET_FEED,VALID
2025-10-24 19:00:00,58.06,MARKET_FEED,VALID
2025-10-24 20:00:00,76.77,MARKET_FEED,VALID
2025-10-24 21:00:00,66.67,MARKET_FEED,VALID
2025-10-24 22:00:00,64.67,MARKET_FEED,VALID
2025-10-24 23:00:00,68.66,MARKET_FEED,VALID
2025-10-25 00:00:00,67.23,MARKET_FEED,VALID
2025-10-25 01:00:00,60.7,MARKET_FEED,VALID
2025-10-25 02:00:00,59.87,MARKET_FEED,VALID
2025-10-25 03:00:00,62.11,MARKET_FEED,VALID
2025-10-25 04:00:00,63.75,MARKET_FEED,VALID
2025-10-25 05:00:00,65.37,MARKET_FEED,VALID
2025-10-25 06:00:00,70.34,MARKET_FEED,VALID
2025-10-25 07:00:00,66.94,MARKET_FEED,VALID
2025-10-25 08:00:00,76.72,MARKET_FEED,VALID
2025-10-25 09:00:00,68.87,MARKET_FEED,VALID
2025-10-25 10:00:00,69.12,MARKET_FEED,VALID
2025-10-25 11:00:00,73.31,MARKET_FEED,VALID
2025-10-25 12:00:00,60.75,MARKET_FEED,VALID
2025-10-25 13:00:00,61.22,MARKET_FEED,VALID
2025-10-25 14:00:00,78.37,MARKET_FEED,VALID
2025-10-25 15:00:00,63.25,MARKET_FEED,VALID
2025-10-25 16:00:00,78.89,MARKET_FEED,VALID
2025-10-25 17:00:00,73.53,MARKET_FEED,VALID
2025-10-25 18:00:00,75.27,MARKET_FEED,VALID
2025-10-25 19:00:00,74.94,MARKET_FEED,VALID
2025-10-25 20:00:00,60.09,MARKET_FEED,VALID
2025-10-25 21:00:00,70.66,MARKET_FEED,VALID
2025-10-25 22:00:00,61.25,MARKET_FEED,VALID
2025-10-25 23:00:00,63.09,MARKET_FEED,VALID
2025-10-26 00:00:00,66.27,MARKET_FEED,VALID
2025-10-26 01:00:00,60.15,MARKET_FEED,VALID
2025-10-26 02:00:00,57.32,MARKET_FEED,VALID
2025-10-26 03:00:00,59.12,MARKET_FEED,VALID
2025-10-26 04:00:00,62.67,MARKET_FEED,VALID
2025-10-26 05:00:00,67.74,MARKET_FEED,VALID
2025-10-26 06:00:00,74.34,MARKET_FEED,VALID
2025-10-26 07:00:00,73.15,MARKET_FEED,VALID
2025-10-26 08:00:00,62.27,MARKET_FEED,VALID
2025-10-26 09:00:00,78.67,MARKET_FEED,VALID
2025-10-26 10:00:00,72.41,MARKET_FEED,VALID
2025-10-26 11:00:00,75.99,MARKET_FEED,VALID
2025-10-26 12:00:00,68.46829988465976,MARKET_FEED,VALID
2025-10-26 13:00:00,68.46829988465976,MARKET_FEED,VALID
2025-10-26 14:00:00,63.0,MARKET_FEED,VALID
2025-10-26 15:00:00,72.23,MARKET_FEED,VALID
2025-10-26 16:00:00,79.27,MARKET_FEED,VALID
2025-10-26 17:00:00,70.23,MARKET_FEED,VALID
2025-10-26 18:00:00,78.63,MARKET_FEED,VALID
2025-10-26 19:00:00,66.96,MARKET_FEED,VALID
2025-10-26 20:00:00,68.87,MARKET_FEED,VALID
2025-10-26 21:00:00,66.93,MARKET_FEED,VALID
2025-10-26 22:00:00,61.2,MARKET_FEED,VALID
2025-10-26 23:00:00,55.59,MARKET_FEED,VALID
2025-10-27 00:00:00,56.92,MARKET_FEED,VALID
2025-10-27 01:00:00,55.17,MARKET_FEED,VALID
2025-10-27 02:00:00,54.61,MARKET_FEED,VALID
2025-10-27 03:00:00,54.42,MARKET_FEED,VALID
2025-10-27 04:00:00,65.25,MARKET_FEED,VALID
2025-10-27 05:00:00,72.8,MARKET_FEED,VALID
2025-10-27 06:00:00,67.5,MARKET_FEED,VALID
2025-10-27 07:00:00,71.67,MARKET_FEED,VALID
2025-10-27 08:00:00,72.13,MARKET_FEED,VALID
2025-10-27 09:00:00,74.56,MARKET_FEED,VALID
2025-10-27 10:00:00,72.69,MARKET_FEED,VALID
2025-10-27 11:00:00,77.85,MARKET_FEED,VALID
2025-10-27 12:00:00,78.23,MARKET_FEED,VALID
2025-10-27 13:00:00,80.03,MARKET_FEED,VALID
2025-10-27 14:00:00,77.38,MARKET_FEED,VALID
2025-10-27 15:00:00,71.76,MARKET_FEED,VALID
2025-10-27 16:00:00,74.44,MARKET_FEED,VALID
2025-10-27 17:00:00,78.09,MARKET_FEED,VALID
2025-10-27 18:00:00,74.47,MARKET_FEED,VALID
2025-10-27 19:00:00,70.26,MARKET_FEED,VALID
2025-10-27 20:00:00,70.04,MARKET_FEED,VALID
2025-10-27 21:00:00,58.32,MARKET_FEED,VALID
2025-10-27 22:00:00,66.05,MARKET_FEED,VALID
2025-10-27 23:00:00,68.69,MARKET_FEED,VALID
2025-10-28 00:00:00,63.83,MARKET_FEED,VALID
2025-10-28 01:00:00,56.54,MARKET_FEED,VALID
2025-10-28 02:00:00,64.96,MARKET_FEED,VALID
2025-10-28 03:00:00,61.68,MARKET_FEED,VALID
2025-10-28 04:00:00,60.99,MARKET_FEED,VALID
2025-10-28 05:00:00,67.03,MARKET_FEED,VALID
2025-10-28 06:00:00,73.67,MARKET_FEED,VALID
2025-10-28 07:00:00,57.89,MARKET_FEED,VALID
2025-10-28 08:00:00,63.13,MARKET_FEED,VALID
2025-10-28 09:00:00,68.47,MARKET_FEED,VALID
2025-10-28 10:00:00,76.34,MARKET_FEED,VALID
2025-10-28 11:00:00,82.76,MARKET_FEED,VALID
2025-10-28 12:00:00,85.36,MARKET_FEED,VALID
2025-10-28 13:00:00,73.26,MARKET_FEED,VALID
2025-10-28 14:00:00,88.73,MARKET_FEED,VALID
2025-10-28 15:00:00,78.17,MARKET_FEED,VALID
2025-10-28 16:00:00,82.12,MARKET_FEED,VALID
2025-10-28 17:00:00,74.77,MARKET_FEED,VALID
2025-10-28 18:00:00,66.41,MARKET_FEED,VALID
2025-10-28 19:00:00,75.64,MARKET_FEED,VALID
2025-10-28 20:00:00,62.48,MARKET_FEED,VALID
2025-10-28 21:00:00,56.8,MARKET_FEED,VALID
2025-10-28 22:00:00,67.26,MARKET_FEED,VALID
2025-10-28 23:00:00,62.53,MARKET_FEED,VALID
2025-10-29 00:00:00,65.1,MARKET_FEED,VALID
2025-10-29 01:00:00,65.72,MARKET_FEED,VALID
2025-10-29 02:00:00,61.23,MARKET_FEED,VALID
2025-10-29 03:00:00,53.57,MARKET_FEED,VALID
2025-10-29 04:00:00,54.27,MARKET_FEED,VALID
2025-10-29 05:00:00,59.39,MARKET_FEED,VALID
2025-10-29 06:00:00,75.25,MARKET_FEED,VALID
2025-10-29 07:00:00,71.9,MARKET_FEED,VALID
2025-10-29 08:00:00,71.48,MARKET_FEED,VALID
2025-10-29 09:00:00,80.3,MARKET_FEED,VALID
2025-10-29 10:00:00,79.28,MARKET_FEED,VALID
2025-10-29 11:00:00,72.86,MARKET_FEED,VALID
2025-10-29 12:00:00,77.08,MARKET_FEED,VALID
2025-10-29 13:00:00,71.93,MARKET_FEED,VALID
2025-10-29 14:00:00,86.3,MARKET_FEED,VALID
2025-10-29 15:00:00,68.76,MARKET_FEED,VALID
2025-10-29 16:00:00,73.76,MARKET_FEED,VALID
2025-10-29 17:00:00,72.4,MARKET_FEED,VALID
2025-10-29 18:00:00,70.76,MARKET_FEED,VALID
2025-10-29 19:00:00,68.72,MARKET_FEED,VALID
2025-10-29 20:00:00,72.12,MARKET_FEED,VALID
2025-10-29 21:00:00,65.89,MARKET_FEED,VALID
2025-10-29 22:00:00,59.73,MARKET_FEED,VALID
2025-10-29 23:00:00,65.01,MARKET_FEED,VALID
2025-10-30 00:00:00,55.83,MARKET_FEED,VALID
2025-10-30 01:00:00,57.65,MARKET_FEED,VALID
2025-10-30 02:00:00,54.51,MARKET_FEED,VALID
2025-10-30 03:00:00,51.66,MARKET_FEED,VALID
2025-10-30 04:00:00,60.05,MARKET_FEED,VALID
2025-10-30 05:00:00,65.18,MARKET_FEED,VALID
2025-10-30 06:00:00,76.4,MARKET_FEED,VALID
2025-10-30 07:00:00,68.14,MARKET_FEED,VALID
2025-10-30 08:00:00,72.39,MARKET_FEED,VALID
2025-10-30 09:00:00,72.43,MARKET_FEED,VALID
2025-10-30 10:00:00,63.71,MARKET_FEED,VALID
2025-10-30 11:00:00,76.38,MARKET_FEED,VALID
2025-10-30 12:00:00,71.03,MARKET_FEED,VALID
2025-10-30 13:00:00,76.93,MARKET_FEED,VALID
2025-10-30 14:00:00,74.02,MARKET_FEED,VALID
2025-10-30 15:00:00,79.41,MARKET_FEED,VALID
2025-10-30 16:00:00,84.16,MARKET_FEED,VALID
2025-10-30 17:00:00,79.65,MARKET_FEED,VALID
2025-10-30 18:00:00,76.24,MARKET_FEED,VALID
2025-10-30 19:00:00,75.95,MARKET_FEED,VALID
2025-10-30 20:00:00,60.75,MARKET_FEED,VALID
2025-10-30 21:00:00,53.5,MARKET_FEED,VALID
2025-10-30 22:00:00,61.85,MARKET_FEED,VALID
2025-10-30 23:00:00,56.98,MARKET_FEED,VALID
2025-10-31 00:00:00,64.1,MARKET_FEED,VALID
2025-10-31 01:00:00,57.27,MARKET_FEED,VALID
2025-10-31 02:00:00,68.94,MARKET_FEED,VALID
2025-10-31 03:00:00,66.38,MARKET_FEED,VALID
2025-10-31 04:00:00,65.41,MARKET_FEED,VALID
2025-10-31 05:00:00,69.92,MARKET_FEED,VALID
2025-10-31 06:00:00,61.9,MARKET_FEED,VALID
2025-10-31 07:00:00,65.76,MARKET_FEED,VALID
2025-10-31 08:00:00,67.24,MARKET_FEED,VALID
2025-10-31 09:00:00,74.36,MARKET_FEED,VALID
2025-10-31 10:00:00,64.13,MARKET_FEED,VALID
2025-10-31 11:00:00,68.6,MARKET_FEED,VALID
2025-10-31 12:00:00,78.56,MARKET_FEED,VALID
2025-10-31 13:00:00,62.31,MARKET_FEED,VALID
2025-10-31 14:00:00,76.73,MARKET_FEED,VALID
2025-10-31 15:00:00,68.94,MARKET_FEED,VALID
2025-10-31 16:00:00,75.71,MARKET_FEED,VALID
2025-10-31 17:00:00,66.4,MARKET_FEED,VALID
2025-10-31 18:00:00,78.94,MARKET_FEED,VALID
2025-10-31 19:00:00,75.55,MARKET_FEED,VALID
2025-10-31 20:00:00,61.79,MARKET_FEED,VALID
2025-10-31 21:00:00,63.43,MARKET_FEED,VALID
2025-10-31 22:00:00,69.2,MARKET_FEED,VALID
2025-10-31 23:00:00,67.51,MARKET_FEED,VALID
2025-11-01 00:00:00,56.42,MARKET_FEED,VALID
2025-11-01 01:00:00,53.27,MARKET_FEED,VALID
2025-11-01 02:00:00,68.28,MARKET_FEED,VALID
2025-11-01 03:00:00,53.61,MARKET_FEED,VALID
2025-11-01 04:00:00,65.3,MARKET_FEED,VALID
2025-11-01 05:00:00,62.14,MARKET_FEED,VALID
2025-11-01 06:00:00,64.87,MARKET_FEED,VALID
2025-11-01 08:00:00,74.87,MARKET_FEED,VALID
2025-11-01 09:00:00,74.56,MARKET_FEED,VALID
2025-11-01 10:00:00,63.73,MARKET_FEED,VALID
2025-11-01 11:00:00,76.68,MARKET_FEED,VALID
2025-11-01 12:00:00,70.59,MARKET_FEED,VALID
2025-11-01 13:00:00,72.54,MARKET_FEED,VALID
2025-11-01 14:00:00,76.33,MARKET_FEED,VALID
2025-11-01 15:00:00,71.89,MARKET_FEED,VALID
2025-11-01 16:00:00,76.95,MARKET_FEED,VALID
2025-11-01 17:00:00,72.44,MARKET_FEED,VALID
2025-11-01 18:00:00,75.15,MARKET_FEED,VALID
2025-11-01 19:00:00,69.49,MARKET_FEED,VALID
2025-11-01 20:00:00,68.89,MARKET_FEED,VALID
2025-11-01 21:00:00,64.42,MARKET_FEED,VALID
2025-11-01 22:00:00,70.77,MARKET_FEED,VALID
2025-11-01 23:00:00,61.65,MARKET_FEED,VALID
2025-11-02 00:00:00,58.86,MARKET_FEED,VALID
2025-11-02 01:00:00,58.86,MARKET_FEED,VALID
2025-11-02 02:00:00,66.92,MARKET_FEED,VALID
2025-11-02 03:00:00,66.11,MARKET_FEED,VALID
2025-11-02 04:00:00,68.4,MARKET_FEED,VALID
2025-11-02 05:00:00,63.96,MARKET_FEED,VALID
2025-11-02 06:00:00,70.61,MARKET_FEED,VALID
2025-11-02 07:00:00,69.5,MARKET_FEED,VALID
2025-11-02 08:00:00,76.5,MARKET_FEED,VALID
2025-11-02 09:00:00,71.16,MARKET_FEED,VALID
2025-11-02 10:00:00,69.92,MARKET_FEED,VALID
2025-11-02 11:00:00,68.46829988465976,MARKET_FEED,VALID
2025-11-02 12:00:00,74.5,MARKET_FEED,VALID
2025-11-02 13:00:00,69.42,MARKET_FEED,VALID
2025-11-02 14:00:00,79.1,MARKET_FEED,VALID
2025-11-02 15:00:00,69.6,MARKET_FEED,VALID
2025-11-02 16:00:00,78.24,MARKET_FEED,VALID
2025-11-02 17:00:00,70.75,MARKET_FEED,VALID
2025-11-02 18:00:00,71.04,MARKET_FEED,VALID
2025-11-02 19:00:00,66.78,MARKET_FEED,VALID
2025-11-02 20:00:00,60.5,MARKET_FEED,VALID
2025-11-02 21:00:00,62.62,MARKET_FEED,VALID
2025-11-02 22:00:00,70.14,MARKET_FEED,VALID
2025-11-02 23:00:00,59.38,MARKET_FEED,VALID
2025-11-03 00:00:00,63.21,MARKET_FEED,VALID
2025-11-03 01:00:00,58.15,MARKET_FEED,VALID
2025-11-03 02:00:00,56.9,MARKET_FEED,VALID
2025-11-03 03:00:00,65.76,MARKET_FEED,VALID
2025-11-03 04:00:00,69.56,MARKET_FEED,VALID
2025-11-03 05:00:00,58.37,MARKET_FEED,VALID
2025-11-03 06:00:00,73.3,MARKET_FEED,VALID
2025-11-03 07:00:00,71.26,MARKET_FEED,VALID
2025-11-03 08:00:00,67.26,MARKET_FEED,VALID
2025-11-03 09:00:00,74.3,MARKET_FEED,VALID
2025-11-03 10:00:00,74.18,MARKET_FEED,VALID
2025-11-03 11:00:00,83.14,MARKET_FEED,VALID
2025-11-03 12:00:00,76.15,MARKET_FEED,VALID
2025-11-03 13:00:00,74.83,MARKET_FEED,VALID
2025-11-03 14:00:00,84.85,MARKET_FEED,VALID
2025-11-03 15:00:00,77.55,MARKET_FEED,VALID
2025-11-03 16:00:00,76.56,MARKET_FEED,VALID
2025-11-03 17:00:00,85.65,MARKET_FEED,VALID
2025-11-03 18:00:00,65.28,MARKET_FEED,VALID
2025-11-03 19:00:00,74.22,MARKET_FEED,VALID
2025-11-03 20:00:00,61.53,MARKET_FEED,VALID
2025-11-03 21:00:00,66.08,MARKET_FEED,VALID
2025-11-03 22:00:00,62.14,MARKET_FEED,VALID
2025-11-03 23:00:00,56.56,MARKET_FEED,VALID
2025-11-04 00:00:00,58.17,MARKET_FEED,VALID
2025-11-04 01:00:00,53.38,MARKET_FEED,VALID
2025-11-04 02:00:00,61.16,MARKET_FEED,VALID
2025-11-04 03:00:00,63.38,MARKET_FEED,VALID
2025-11-04 04:00:00,67.78,MARKET_FEED,VALID
2025-11-04 05:00:00,72.53,MARKET_FEED,VALID
2025-11-04 06:00:00,65.48,MARKET_FEED,VALID
2025-11-04 07:00:00,67.11,MARKET_FEED,VALID
2025-11-04 08:00:00,70.42,MARKET_FEED,VALID
2025-11-04 09:00:00,82.72,MARKET_FEED,VALID
2025-11-04 10:00:00,76.36,MARKET_FEED,VALID
2025-11-04 11:00:00,79.44,MARKET_FEED,VALID
2025-11-04 12:00:00,75.3,MARKET_FEED,VALID
2025-11-04 13:00:00,78.61,MARKET_FEED,VALID
2025-11-04 14:00:00,80.47,MARKET_FEED,VALID
2025-11-04 15:00:00,79.38,MARKET_FEED,VALID
2025-11-04 16:00:00,76.31,MARKET_FEED,VALID
2025-11-04 17:00:00,68.34,MARKET_FEED,VALID
2025-11-04 18:00:00,82.04,MARKET_FEED,VALID
2025-11-04 19:00:00,71.35,MARKET_FEED,VALID
2025-11-04 20:00:00,76.66,MARKET_FEED,VALID
2025-11-04 21:00:00,67.22,MARKET_FEED,VALID
2025-11-04 22:00:00,66.72,MARKET_FEED,VALID
2025-11-04 23:00:00,58.36,MARKET_FEED,VALID
2025-11-05 00:00:00,58.98,MARKET_FEED,VALID
2025-11-05 01:00:00,58.77,MARKET_FEED,VALID
2025-11-05 02:00:00,59.05,MARKET_FEED,VALID
2025-11-05 03:00:00,68.63,MARKET_FEED,VALID
2025-11-05 04:00:00,60.88,MARKET_FEED,VALID
2025-11-05 05:00:00,64.76,MARKET_FEED,VALID
2025-11-05 06:00:00,64.21,MARKET_FEED,VALID
2025-11-05 07:00:00,71.61,MARKET_FEED,VALID
2025-11-05 08:00:00,70.09,MARKET_FEED,VALID
2025-11-05 09:00:00,73.95,MARKET_FEED,VALID
2025-11-05 10:00:00,87.22,MARKET_FEED,VALID
2025-11-05 11:00:00,78.12,MARKET_FEED,VALID
2025-11-05 12:00:00,67.28,MARKET_FEED,VALID
2025-11-05 13:00:00,84.62,MARKET_FEED,VALID
2025-11-05 14:00:00,81.22,MARKET_FEED,VALID
2025-11-05 15:00:00,85.82,MARKET_FEED,VALID
2025-11-05 16:00:00,84.02,MARKET_FEED,VALID
2025-11-05 17:00:00,78.26,MARKET_FEED,VALID
2025-11-05 18:00:00,75.34,MARKET_FEED,VALID
2025-11-05 19:00:00,67.17,MARKET_FEED,VALID
2025-11-05 20:00:00,67.43,MARKET_FEED,VALID
2025-11-05 21:00:00,70.77,MARKET_FEED,VALID
2025-11-05 22:00:00,60.52,MARKET_FEED,VALID
2025-11-05 23:00:00,55.53,MARKET_FEED,VALID
2025-11-06 00:00:00,50.46,MARKET_FEED,VALID
2025-11-06 01:00:00,58.97,MARKET_FEED,VALID
2025-11-06 02:00:00,55.07,MARKET_FEED,VALID
2025-11-06 03:00:00,66.78,MARKET_FEED,VALID
2025-11-06 04:00:00,63.87,MARKET_FEED,VALID
2025-11-06 05:00:00,65.18,MARKET_FEED,VALID
2025-11-06 06:00:00,67.94,MARKET_FEED,VALID
2025-11-06 07:00:00,69.97,MARKET_FEED,VALID
2025-11-06 08:00:00,74.27,MARKET_FEED,VALID
2025-11-06 09:00:00,70.52,MARKET_FEED,VALID
2025-11-06 10:00:00,78.33,MARKET_FEED,VALID
2025-11-06 11:00:00,72.58,MARKET_FEED,VALID
2025-11-06 12:00:00,77.91,MARKET_FEED,VALID
2025-11-06 13:00:00,66.53,MARKET_FEED,VALID
2025-11-06 14:00:00,75.5,MARKET_FEED,VALID
2025-11-06 15:00:00,75.77,MARKET_FEED,VALID
2025-11-06 16:00:00,78.47,MARKET_FEED,VALID
2025-11-06 17:00:00,83.11,MARKET_FEED,VALID
2025-11-06 18:00:00,57.3,MARKET_FEED,VALID
2025-11-06 19:00:00,79.77,MARKET_FEED,VALID
2025-11-06 20:00:00,61.81,MARKET_FEED,VALID
2025-11-06 21:00:00,67.11,MARKET_FEED,VALID
2025-11-06 22:00:00,65.7,MARKET_FEED,VALID
2025-11-06 23:00:00,56.8,MARKET_FEED,VALID
2025-11-07 00:00:00,60.35,MARKET_FEED,VALID
2025-11-07 01:00:00,55.26,MARKET_FEED,VALID
2025-11-07 02:00:00,57.56,MARKET_FEED,VALID
2025-11-07 03:00:00,53.11,MARKET_FEED,VALID
2025-11-07 04:00:00,59.37,MARKET_FEED,VALID
2025-11-07 05:00:00,70.08,MARKET_FEED,VALID
2025-11-07 06:00:00,74.15,MARKET_FEED,VALID
2025-11-07 07:00:00,67.38,MARKET_FEED,VALID
2025-11-07 08:00:00,70.5,MARKET_FEED,VALID
2025-11-07 09:00:00,70.38,MARKET_FEED,VALID
2025-11-07 10:00:00,82.04,MARKET_FEED,VALID
2025-11-07 11:00:00,80.48,MARKET_FEED,VALID
2025-11-07 12:00:00,70.31,MARKET_FEED,VALID
2025-11-07 13:00:00,77.9,MARKET_FEED,VALID
2025-11-07 14:00:00,83.14,MARKET_FEED,VALID
2025-11-07 15:00:00,79.56,MARKET_FEED,VALID
2025-11-07 16:00:00,81.32,MARKET_FEED,VALID
2025-11-07 17:00:00,75.54,MARKET_FEED,VALID
2025-11-07 18:00:00,77.65,MARKET_FEED,VALID
2025-11-07 19:00:00,73.17,MARKET_FEED,VALID
2025-11-07 20:00:00,63.42,MARKET_FEED,VALID
2025-11-07 21:00:00,62.79,MARKET_FEED,VALID
2025-11-07 22:00:00,52.85,MARKET_FEED,VALID
2025-11-07 23:00:00,61.36,MARKET_FEED,VALID
2025-11-08 00:00:00,53.35,MARKET_FEED,VALID
2025-11-08 01:00:00,60.05,MARKET_FEED,VALID
2025-11-08 02:00:00,53.12,MARKET_FEED,VALID
2025-11-08 03:00:00,56.71,MARKET_FEED,VALID
2025-11-08 04:00:00,55.17,MARKET_FEED,VALID
2025-11-08 05:00:00,70.41,MARKET_FEED,VALID
2025-11-08 06:00:00,69.11,MARKET_FEED,VALID
2025-11-08 07:00:00,72.34,MARKET_FEED,VALID
2025-11-08 08:00:00,65.35,MARKET_FEED,VALID
2025-11-08 09:00:00,72.64,MARKET_FEED,VALID
2025-11-08 10:00:00,73.08,MARKET_FEED,VALID
2025-11-08 11:00:00,75.33,MARKET_FEED,VALID
2025-11-08 12:00:00,71.35,MARKET_FEED,VALID
2025-11-08 13:00:00,63.77,MARKET_FEED,VALID
2025-11-08 14:00:00,75.97,MARKET_FEED,VALID
2025-11-08 15:00:00,84.5,MARKET_FEED,VALID
2025-11-08 16:00:00,69.16,MARKET_FEED,VALID
2025-11-08 17:00:00,76.73,MARKET_FEED,VALID
2025-11-08 18:00:00,60.73,MARKET_FEED,VALID
2025-11-08 19:00:00,74.26,MARKET_FEED,VALID
2025-11-08 20:00:00,62.83,MARKET_FEED,VALID
2025-11-08 21:00:00,69.37,MARKET_FEED,VALID
2025-11-08 22:00:00,56.04,MARKET_FEED,VALID
2025-11-08 23:00:00,60.88,MARKET_FEED,VALID
2025-11-09 00:00:00,60.86,MARKET_FEED,VALID
2025-11-09 01:00:00,55.97,MARKET_FEED,VALID
2025-11-09 02:00:00,49.91,MARKET_FEED,VALID
2025-11-09 03:00:00,55.48,MARKET_FEED,VALID
2025-11-09 04:00:00,57.42,MARKET_FEED,VALID
2025-11-09 05:00:00,67.66,MARKET_FEED,VALID
2025-11-09 06:00:00,65.71,MARKET_FEED,VALID
2025-11-09 07:00:00,73.92,MARKET_FEED,VALID
2025-11-09 08:00:00,81.07,MARKET_FEED,VALID
2025-11-09 09:00:00,62.85,MARKET_FEED,VALID
2025-11-09 10:00:00,74.26,MARKET_FEED,VALID
2025-11-09 11:00:00,74.16,MARKET_FEED,VALID
2025-11-09 12:00:00,69.29,MARKET_FEED,VALID
2025-11-09 13:00:00,75.56,MARKET_FEED,VALID
2025-11-09 14:00:00,73.42,MARKET_FEED,VALID
2025-11-09 15:00:00,73.85,MARKET_FEED,VALID
2025-11-09 16:00:00,73.94,MARKET_FEED,VALID
2025-11-09 17:00:00,76.58,MARKET_FEED,VALID
2025-11-09 18:00:00,65.57,MARKET_FEED,VALID
2025-11-09 19:00:00,64.23,MARKET_FEED,VALID
2025-11-09 20:00:00,67.74,MARKET_FEED,VALID
2025-11-09 21:00:00,64.22,MARKET_FEED,VALID
2025-11-09 22:00:00,58.88,MARKET_FEED,VALID
2025-11-09 23:00:00,58.45,MARKET_FEED,VALID
2025-11-10 00:00:00,55.92,MARKET_FEED,VALID
2025-11-10 01:00:00,56.2,MARKET_FEED,VALID
2025-11-10 02:00:00,54.58,MARKET_FEED,VALID
2025-11-10 03:00:00,51.94,MARKET_FEED,VALID
2025-11-10 04:00:00,65.91,MARKET_FEED,VALID
2025-11-10 05:00:00,66.71,MARKET_FEED,VALID
2025-11-10 06:00:00,58.78,MARKET_FEED,VALID
2025-11-10 07:00:00,63.89,MARKET_FEED,VALID
2025-11-10 08:00:00,82.04,MARKET_FEED,VALID
2025-11-10 09:00:00,78.54,MARKET_FEED,VALID
2025-11-10 10:00:00,81.31,MARKET_FEED,VALID
2025-11-10 11:00:00,71.63,MARKET_FEED,VALID
2025-11-10 12:00:00,81.49,MARKET_FEED,VALID
2025-11-10 13:00:00,69.09,MARKET_FEED,VALID
2025-11-10 14:00:00,76.0,MARKET_FEED,VALID
2025-11-10 15:00:00,81.35,MARKET_FEED,VALID
2025-11-10 16:00:00,72.81,MARKET_FEED,VALID
2025-11-10 17:00:00,73.91,MARKET_FEED,VALID
2025-11-10 18:00:00,70.37,MARKET_FEED,VALID
2025-11-10 19:00:00,58.32,MARKET_FEED,VALID
2025-11-10 20:00:00,57.9,MARKET_FEED,VALID
2025-11-10 21:00:00,64.8,MARKET_FEED,VALID
2025-11-10 22:00:00,58.13,MARKET_FEED,VALID
2025-11-10 23:00:00,63.33,MARKET_FEED,VALID
2025-11-11 00:00:00,59.19,MARKET_FEED,VALID
2025-11-11 01:00:00,57.24,MARKET_FEED,VALID
2025-11-11 02:00:00,66.4,MARKET_FEED,VALID
2025-11-11 03:00:00,62.01,MARKET_FEED,VALID
2025-11-11 04:00:00,62.36,MARKET_FEED,VALID
2025-11-11 05:00:00,66.89,MARKET_FEED,VALID
2025-11-11 06:00:00,68.83,MARKET_FEED,VALID
2025-11-11 07:00:00,69.51,MARKET_FEED,VALID
2025-11-11 08:00:00,74.22,MARKET_FEED,VALID
2025-11-11 09:00:00,72.25,MARKET_FEED,VALID
2025-11-11 10:00:00,78.17,MARKET_FEED,VALID
2025-11-11 11:00:00,75.21,MARKET_FEED,VALID
2025-11-11 12:00:00,76.83,MARKET_FEED,VALID
2025-11-11 13:00:00,71.03,MARKET_FEED,VALID
2025-11-11 14:00:00,67.6,MARKET_FEED,VALID
2025-11-11 15:00:00,81.94,MARKET_FEED,VALID
2025-11-11 16:00:00,88.95,MARKET_FEED,VALID
2025-11-11 17:00:00,71.49,MARKET_FEED,VALID
2025-11-11 18:00:00,72.3,MARKET_FEED,VALID
2025-11-11 19:00:00,71.25,MARKET_FEED,VALID
2025-11-11 20:00:00,68.71,MARKET_FEED,VALID
2025-11-11 21:00:00,68.1,MARKET_FEED,VALID
2025-11-11 22:00:00,59.36,MARKET_FEED,VALID
2025-11-11 23:00:00,56.63,MARKET_FEED,VALID
2025-11-12 00:00:00,53.27,MARKET_FEED,VALID
2025-11-12 01:00:00,60.19,MARKET_FEED,VALID
2025-11-12 02:00:00,62.41,MARKET_FEED,VALID
2025-11-12 03:00:00,61.22,MARKET_FEED,VALID
2025-11-12 04:00:00,62.16,MARKET_FEED,VALID
2025-11-12 05:00:00,63.11,MARKET_FEED,VALID
2025-11-12 06:00:00,72.81,MARKET_FEED,VALID
2025-11-12 07:00:00,78.07,MARKET_FEED,VALID
2025-11-12 08:00:00,72.33,MARKET_FEED,VALID
2025-11-12 09:00:00,71.68,MARKET_FEED,VALID
2025-11-12 10:00:00,72.34,MARKET_FEED,VALID
2025-11-12 11:00:00,77.13,MARKET_FEED,VALID
2025-11-12 12:00:00,70.94,MARKET_FEED,VALID
2025-11-12 13:00:00,73.08,MARKET_FEED,VALID
2025-11-12 14:00:00,75.31,MARKET_FEED,VALID
2025-11-12 15:00:00,88.3,MARKET_FEED,VALID
2025-11-12 16:00:00,82.67,MARKET_FEED,VALID
2025-11-12 17:00:00,82.99,MARKET_FEED,VALID
2025-11-12 18:00:00,71.33,MARKET_FEED,VALID
2025-11-12 19:00:00,75.12,MARKET_FEED,VALID
2025-11-12 20:00:00,71.01,MARKET_FEED,VALID
2025-11-12 21:00:00,65.98,MARKET_FEED,VALID
2025-11-12 22:00:00,58.36,MARKET_FEED,VALID
2025-11-12 23:00:00,59.65,MARKET_FEED,VALID
2025-11-13 00:00:00,60.7,MARKET_FEED,VALID
2025-11-13 01:00:00,57.12,MARKET_FEED,VALID
2025-11-13 02:00:00,55.29,MARKET_FEED,VALID
2025-11-13 03:00:00,68.38,MARKET_FEED,VALID
2025-11-13 04:00:00,63.7,MARKET_FEED,VALID
2025-11-13 05:00:00,63.66,MARKET_FEED,VALID
2025-11-13 06:00:00,70.7,MARKET_FEED,VALID
2025-11-13 07:00:00,75.56,MARKET_FEED,VALID
2025-11-13 08:00:00,68.4,MARKET_FEED,VALID
2025-11-13 09:00:00,66.33,MARKET_FEED,VALID
2025-11-13 10:00:00,79.73,MARKET_FEED,VALID
2025-11-13 11:00:00,84.49,MARKET_FEED,VALID
2025-11-13 12:00:00,82.32,MARKET_FEED,VALID
2025-11-13 13:00:00,81.8,MARKET_FEED,VALID
2025-11-13 14:00:00,75.56,MARKET_FEED,VALID
2025-11-13 15:00:00,82.04,MARKET_FEED,VALID
2025-11-13 16:00:00,81.65,MARKET_FEED,VALID
2025-11-13 17:00:00,74.51,MARKET_FEED,VALID
2025-11-13 18:00:00,76.76,MARKET_FEED,VALID
2025-11-13 19:00:00,63.45,MARKET_FEED,VALID
2025-11-13 20:00:00,74.71,MARKET_FEED,VALID
2025-11-13 21:00:00,60.97,MARKET_FEED,VALID
2025-11-13 22:00:00,53.67,MARKET_FEED,VALID
2025-11-13 23:00:00,55.81,MARKET_FEED,VALID
2025-11-14 00:00:00,62.04,MARKET_FEED,VALID
2025-11-14 01:00:00,61.81,MARKET_FEED,VALID
2025-11-14 02:00:00,59.09,MARKET_FEED,VALID
2025-11-14 03:00:00,49.47,MARKET_FEED,VALID
2025-11-14 04:00:00,56.47,MARKET_FEED,VALID
2025-11-14 05:00:00,62.14,MARKET_FEED,VALID
2025-11-14 06:00:00,65.27,MARKET_FEED,VALID
2025-11-14 07:00:00,64.15,MARKET_FEED,VALID
2025-11-14 08:00:00,72.13,MARKET_FEED,VALID
2025-11-14 09:00:00,80.82,MARKET_FEED,VALID
2025-11-14 10:00:00,78.75,MARKET_FEED,VALID
2025-11-14 11:00:00,85.07,MARKET_FEED,VALID
2025-11-14 12:00:00,80.12,MARKET_FEED,VALID
2025-11-14 13:00:00,89.14,MARKET_FEED,VALID
2025-11-14 14:00:00,90.15,MARKET_FEED,VALID
2025-11-14 15:00:00,82.27,MARKET_FEED,VALID
2025-11-14 16:00:00,79.17,MARKET_FEED,VALID
2025-11-14 17:00:00,82.28,MARKET_FEED,VALID
2025-11-14 18:00:00,78.63,MARKET_FEED,VALID
2025-11-14 19:00:00,68.56,MARKET_FEED,VALID
2025-11-14 20:00:00,65.37,MARKET_FEED,VALID
2025-11-14 21:00:00,66.24,MARKET_FEED,VALID
2025-11-14 22:00:00,55.32,MARKET_FEED,VALID
2025-11-14 23:00:00,61.95,MARKET_FEED,VALID
2025-11-15 00:00:00,58.59,MARKET_FEED,VALID
2025-11-15 01:00:00,52.62,MARKET_FEED,VALID
2025-11-15 02:00:00,56.45,MARKET_FEED,VALID
2025-11-15 03:00:00,62.13,MARKET_FEED,VALID
2025-11-15 04:00:00,60.53,MARKET_FEED,VALID
2025-11-15 05:00:00,65.5,MARKET_FEED,VALID
2025-11-15 06:00:00,70.46,MARKET_FEED,VALID
2025-11-15 07:00:00,77.74,MARKET_FEED,VALID
2025-11-15 08:00:00,71.31,MARKET_FEED,VALID
2025-11-15 09:00:00,72.0,MARKET_FEED,VALID
2025-11-15 10:00:00,78.45,MARKET_FEED,VALID
2025-11-15 11:00:00,83.97,MARKET_FEED,VALID
2025-11-15 12:00:00,77.23,MARKET_FEED,VALID
2025-11-15 13:00:00,64.75,MARKET_FEED,VALID
2025-11-15 14:00:00,71.24,MARKET_FEED,VALID
2025-11-15 15:00:00,79.45,MARKET_FEED,VALID
2025-11-15 16:00:00,79.51,MARKET_FEED,VALID
2025-11-15 17:00:00,83.22,MARKET_FEED,VALID
2025-11-15 18:00:00,80.74,MARKET_FEED,VALID
2025-11-15 19:00:00,67.79,MARKET_FEED,VALID
2025-11-15 20:00:00,66.64,MARKET_FEED,VALID
2025-11-15 21:00:00,67.83,MARKET_FEED,VALID
2025-11-15 22:00:00,57.56,MARKET_FEED,VALID
2025-11-15 23:00:00,60.25,MARKET_FEED,VALID
2025-11-16 00:00:00,57.55,MARKET_FEED,VALID
2025-11-16 01:00:00,55.8,MARKET_FEED,VALID
2025-11-16 02:00:00,61.91,MARKET_FEED,VALID
2025-11-16 03:00:00,59.3,MARKET_FEED,VALID
2025-11-16 04:00:00,57.59,MARKET_FEED,VALID
2025-11-16 05:00:00,68.76,MARKET_FEED,VALID
2025-11-16 06:00:00,72.75,MARKET_FEED,VALID
2025-11-16 07:00:00,74.93,MARKET_FEED,VALID
2025-11-16 08:00:00,70.39,MARKET_FEED,VALID
2025-11-16 09:00:00,73.72,MARKET_FEED,VALID
2025-11-16 10:00:00,73.83,MARKET_FEED,VALID
2025-11-16 11:00:00,74.06,MARKET_FEED,VALID
2025-11-16 12:00:00,71.95,MARKET_FEED,VALID
2025-11-16 13:00:00,74.33,MARKET_FEED,VALID
2025-11-16 14:00:00,80.37,MARKET_FEED,VALID
2025-11-16 15:00:00,76.45,MARKET_FEED,VALID
2025-11-16 16:00:00,80.53,MARKET_FEED,VALID
2025-11-16 17:00:00,78.22,MARKET_FEED,VALID
2025-11-16 18:00:00,81.64,MARKET_FEED,VALID
2025-11-16 19:00:00,63.35,MARKET_FEED,VALID
2025-11-16 20:00:00,72.46,MARKET_FEED,VALID
2025-11-16 21:00:00,66.96,MARKET_FEED,VALID
2025-11-16 22:00:00,61.93,MARKET_FEED,VALID
2025-11-16 23:00:00,61.55,MARKET_FEED,VALID
2025-11-17 00:00:00,65.71,MARKET_FEED,VALID
2025-11-17 01:00:00,60.8,MARKET_FEED,VALID
2025-11-17 02:00:00,61.45,MARKET_FEED,VALID
2025-11-17 03:00:00,59.71,MARKET_FEED,VALID
2025-11-17 04:00:00,66.1,MARKET_FEED,VALID
2025-11-17 05:00:00,68.76,MARKET_FEED,VALID
2025-11-17 06:00:00,57.13,MARKET_FEED,VALID
2025-11-17 07:00:00,71.87,MARKET_FEED,VALID
2025-11-17 08:00:00,86.01,MARKET_FEED,VALID
2025-11-17 09:00:00,84.62,MARKET_FEED,VALID
2025-11-17 10:00:00,82.72,MARKET_FEED,VALID
2025-11-17 11:00:00,78.58,MARKET_FEED,VALID
2025-11-17 12:00:00,86.32,MARKET_FEED,VALID
2025-11-17 13:00:00,78.19,MARKET_FEED,VALID
2025-11-17 14:00:00,67.73,MARKET_FEED,VALID
2025-11-17 15:00:00,79.9,MARKET_FEED,VALID
2025-11-17 16:00:00,71.44,MARKET_FEED,VALID
2025-11-17 17:00:00,76.12,MARKET_FEED,VALID
2025-11-17 18:00:00,84.91,MARKET_FEED,VALID
2025-11-17 19:00:00,67.04,MARKET_FEED,VALID
2025-11-17 20:00:00,71.65,MARKET_FEED,VALID
2025-11-17 21:00:00,57.33,MARKET_FEED,VALID
2025-11-17 22:00:00,62.89,MARKET_FEED,VALID
2025-11-17 23:00:00,51.82,MARKET_FEED,VALID
2025-11-18 00:00:00,51.93,MARKET_FEED,VALID
2025-11-18 01:00:00,61.63,MARKET_FEED,VALID
2025-11-18 02:00:00,57.74,MARKET_FEED,VALID
2025-11-18 03:00:00,59.26,MARKET_FEED,VALID
2025-11-18 04:00:00,61.6,MARKET_FEED,VALID
2025-11-18 05:00:00,53.43,MARKET_FEED,VALID
2025-11-18 06:00:00,64.76,MARKET_FEED,VALID
2025-11-18 07:00:00,69.98,MARKET_FEED,VALID
2025-11-18 08:00:00,75.08,MARKET_FEED,VALID
2025-11-18 09:00:00,62.84,MARKET_FEED,VALID
2025-11-18 10:00:00,83.69,MARKET_FEED,VALID
2025-11-18 11:00:00,75.16,MARKET_FEED,VALID
2025-11-18 12:00:00,79.43,MARKET_FEED,VALID
2025-11-18 13:00:00,80.89,MARKET_FEED,VALID
2025-11-18 14:00:00,86.43,MARKET_FEED,VALID
2025-11-18 15:00:00,88.21,MARKET_FEED,VALID
2025-11-18 16:00:00,78.93,MARKET_FEED,VALID
2025-11-18 17:00:00,77.39,MARKET_FEED,VALID
2025-11-18 18:00:00,61.48,MARKET_FEED,VALID
2025-11-18 19:00:00,66.19,MARKET_FEED,VALID
2025-11-18 20:00:00,62.11,MARKET_FEED,VALID
2025-11-18 21:00:00,63.71,MARKET_FEED,VALID
2025-11-18 22:00:00,61.23,MARKET_FEED,VALID
2025-11-18 23:00:00,59.09,MARKET_FEED,VALID
2025-11-19 00:00:00,60.01,MARKET_FEED,VALID
2025-11-19 01:00:00,68.83,MARKET_FEED,VALID
2025-11-19 02:00:00,62.42,MARKET_FEED,VALID
2025-11-19 03:00:00,62.83,MARKET_FEED,VALID
2025-11-19 04:00:00,61.74,MARKET_FEED,VALID
2025-11-19 05:00:00,64.3,MARKET_FEED,VALID
2025-11-19 06:00:00,69.18,MARKET_FEED,VALID
2025-11-19 07:00:00,70.17,MARKET_FEED,VALID
2025-11-19 08:00:00,81.95,MARKET_FEED,VALID
2025-11-19 09:00:00,71.98,MARKET_FEED,VALID
2025-11-19 10:00:00,81.93,MARKET_FEED,VALID
2025-11-19 11:00:00,71.91,MARKET_FEED,VALID
2025-11-19 12:00:00,80.25,MARKET_FEED,VALID
2025-11-19 13:00:00,77.62,MARKET_FEED,VALID
2025-11-19 14:00:00,83.77,MARKET_FEED,VALID
2025-11-19 15:00:00,79.48,MARKET_FEED,VALID
2025-11-19 16:00:00,72.47,MARKET_FEED,VALID
2025-11-19 17:00:00,74.3,MARKET_FEED,VALID
2025-11-19 18:00:00,75.51,MARKET_FEED,VALID
2025-11-19 19:00:00,59.14,MARKET_FEED,VALID
2025-11-19 20:00:00,68.78,MARKET_FEED,VALID
2025-11-19 21:00:00,62.74,MARKET_FEED,VALID
2025-11-19 22:00:00,55.28,MARKET_FEED,VALID
2025-11-19 23:00:00,60.45,MARKET_FEED,VALID
2025-11-20 00:00:00,63.12,MARKET_FEED,VALID
2025-11-20 01:00:00,63.76,MARKET_FEED,VALID
2025-11-20 02:00:00,54.2,MARKET_FEED,VALID
2025-11-20 03:00:00,70.4,MARKET_FEED,VALID
2025-11-20 04:00:00,64.46,MARKET_FEED,VALID
2025-11-20 05:00:00,68.17,MARKET_FEED,VALID
2025-11-20 06:00:00,67.34,MARKET_FEED,VALID
2025-11-20 07:00:00,68.49,MARKET_FEED,VALID
2025-11-20 08:00:00,65.05,MARKET_FEED,VALID
2025-11-20 09:00:00,83.93,MARKET_FEED,VALID
2025-11-20 10:00:00,79.23,MARKET_FEED,VALID
2025-11-20 11:00:00,72.82,MARKET_FEED,VALID
2025-11-20 12:00:00,78.79,MARKET_FEED,VALID
2025-11-20 13:00:00,77.34,MARKET_FEED,VALID
2025-11-20 14:00:00,70.64,MARKET_FEED,VALID
2025-11-20 15:00:00,80.45,MARKET_FEED,VALID
2025-11-20 16:00:00,76.12,MARKET_FEED,VALID
2025-11-20 17:00:00,73.89,MARKET_FEED,VALID
2025-11-20 18:00:00,80.83,MARKET_FEED,VALID
2025-11-20 19:00:00,72.71,MARKET_FEED,VALID
2025-11-20 20:00:00,70.84,MARKET_FEED,VALID
2025-11-20 21:00:00,70.18,MARKET_FEED,VALID
2025-11-20 22:00:00,65.17,MARKET_FEED,VALID
2025-11-20 23:00:00,63.23,MARKET_FEED,VALID
2025-11-21 00:00:00,61.62,MARKET_FEED,VALID
2025-11-21 01:00:00,58.91,MARKET_FEED,VALID
2025-11-21 02:00:00,59.38,MARKET_FEED,VALID
2025-11-21 03:00:00,56.15,MARKET_FEED,VALID
2025-11-21 04:00:00,60.01,MARKET_FEED,VALID
2025-11-21 05:00:00,65.85,MARKET_FEED,VALID
2025-11-21 06:00:00,68.18,MARKET_FEED,VALID
2025-11-21 07:00:00,66.8,MARKET_FEED,VALID
2025-11-21 08:00:00,72.44,MARKET_FEED,VALID
2025-11-21 09:00:00,74.39,MARKET_FEED,VALID
2025-11-21 10:00:00,84.62,MARKET_FEED,VALID
2025-11-21 11:00:00,73.6,MARKET_FEED,VALID
2025-11-21 12:00:00,75.17,MARKET_FEED,VALID
2025-11-21 13:00:00,74.6,MARKET_FEED,VALID
2025-11-21 14:00:00,73.95,MARKET_FEED,VALID
2025-11-21 15:00:00,73.12,MARKET_FEED,VALID
2025-11-21 16:00:00,81.35,MARKET_FEED,VALID
2025-11-21 17:00:00,70.34,MARKET_FEED,VALID
2025-11-21 18:00:00,67.97,MARKET_FEED,VALID
2025-11-21 19:00:00,59.05,MARKET_FEED,VALID
2025-11-21 20:00:00,63.69,MARKET_FEED,VALID
2025-11-21 21:00:00,55.48,MARKET_FEED,VALID
2025-11-21 22:00:00,53.52,MARKET_FEED,VALID
2025-11-21 23:00:00,63.27,MARKET_FEED,VALID
2025-11-22 00:00:00,58.37,MARKET_FEED,VALID
2025-11-22 01:00:00,55.17,MARKET_FEED,VALID
2025-11-22 02:00:00,62.97,MARKET_FEED,VALID
2025-11-22 03:00:00,58.09,MARKET_FEED,VALID
2025-11-22 04:00:00,55.13,MARKET_FEED,VALID
2025-11-22 05:00:00,67.77,MARKET_FEED,VALID
2025-11-22 06:00:00,70.31,MARKET_FEED,VALID
2025-11-22 07:00:00,65.68,MARKET_FEED,VALID
2025-11-22 08:00:00,70.15,MARKET_FEED,VALID
2025-11-22 09:00:00,73.41,MARKET_FEED,VALID
2025-11-22 10:00:00,79.51,MARKET_FEED,VALID
2025-11-22 11:00:00,69.36,MARKET_FEED,VALID
2025-11-22 12:00:00,79.56,MARKET_FEED,VALID
2025-11-22 13:00:00,65.99,MARKET_FEED,VALID
2025-11-22 14:00:00,70.44,MARKET_FEED,VALID
2025-11-22 15:00:00,82.7,MARKET_FEED,VALID
2025-11-22 16:00:00,85.22,MARKET_FEED,VALID
2025-11-22 17:00:00,71.74,MARKET_FEED,VALID
2025-11-22 18:00:00,60.75,MARKET_FEED,VALID
2025-11-22 19:00:00,70.41,MARKET_FEED,VALID
2025-11-22 20:00:00,53.52,MARKET_FEED,VALID
2025-11-22 21:00:00,62.54,MARKET_FEED,VALID
2025-11-22 22:00:00,61.33,MARKET_FEED,VALID
2025-11-22 23:00:00,52.21,MARKET_FEED,VALID
2025-11-23 00:00:00,59.22,MARKET_FEED,VALID
2025-11-23 01:00:00,57.06,MARKET_FEED,VALID
2025-11-23 02:00:00,49.21,MARKET_FEED,VALID
2025-11-23 03:00:00,54.97,MARKET_FEED,VALID
2025-11-23 04:00:00,61.11,MARKET_FEED,VALID
2025-11-23 05:00:00,68.41,MARKET_FEED,VALID
2025-11-23 06:00:00,63.73,MARKET_FEED,VALID
2025-11-23 07:00:00,67.98,MARKET_FEED,VALID
2025-11-23 08:00:00,66.59,MARKET_FEED,VALID
2025-11-23 09:00:00,74.26,MARKET_FEED,VALID
2025-11-23 10:00:00,68.46829988465976,MARKET_FEED,VALID
2025-11-23 11:00:00,75.97,MARKET_FEED,VALID
2025-11-23 12:00:00,72.33,MARKET_FEED,VALID
2025-11-23 13:00:00,66.6,MARKET_FEED,VALID
2025-11-23 14:00:00,71.74,MARKET_FEED,VALID
2025-11-23 15:00:00,75.73,MARKET_FEED,VALID
2025-11-23 16:00:00,79.77,MARKET_FEED,VALID
2025-11-23 17:00:00,78.54,MARKET_FEED,VALID
2025-11-23 18:00:00,74.91,MARKET_FEED,VALID
2025-11-23 19:00:00,67.76,MARKET_FEED,VALID
2025-11-23 20:00:00,71.82,MARKET_FEED,VALID
2025-11-23 21:00:00,64.96,MARKET_FEED,VALID
2025-11-23 22:00:00,69.06,MARKET_FEED,VALID
2025-11-23 23:00:00,62.48,MARKET_FEED,VALID
2025-11-24 00:00:00,48.53,MARKET_FEED,VALID
2025-11-24 01:00:00,50.45,MARKET_FEED,VALID
2025-11-24 02:00:00,65.96,MARKET_FEED,VALID
2025-11-24 03:00:00,62.5,MARKET_FEED,VALID
2025-11-24 04:00:00,61.74,MARKET_FEED,VALID
2025-11-24 05:00:00,74.32,MARKET_FEED,VALID
2025-11-24 06:00:00,55.89,MARKET_FEED,VALID
2025-11-24 07:00:00,65.32,MARKET_FEED,VALID
2025-11-24 08:00:00,74.27,MARKET_FEED,VALID
2025-11-24 09:00:00,74.54,MARKET_FEED,VALID
2025-11-24 10:00:00,81.41,MARKET_FEED,VALID
2025-11-24 11:00:00,83.63,MARKET_FEED,VALID
2025-11-24 12:00:00,83.11,MARKET_FEED,VALID
2025-11-24 13:00:00,69.52,MARKET_FEED,VALID
2025-11-24 14:00:00,89.65,MARKET_FEED,VALID
2025-11-24 15:00:00,80.14,MARKET_FEED,VALID
2025-11-24 16:00:00,75.14,MARKET_FEED,VALID
2025-11-24 17:00:00,66.89,MARKET_FEED,VALID
2025-11-24 18:00:00,73.26,MARKET_FEED,VALID
2025-11-24 19:00:00,61.83,MARKET_FEED,VALID
2025-11-24 20:00:00,62.95,MARKET_FEED,VALID
2025-11-24 21:00:00,56.78,MARKET_FEED,VALID
2025-11-24 22:00:00,59.66,MARKET_FEED,VALID
2025-11-24 23:00:00,57.69,MARKET_FEED,VALID
2025-11-25 00:00:00,52.42,MARKET_FEED,VALID
2025-11-25 01:00:00,56.65,MARKET_FEED,VALID
2025-11-25 02:00:00,60.95,MARKET_FEED,VALID
2025-11-25 03:00:00,58.84,MARKET_FEED,VALID
2025-11-25 04:00:00,73.6,MARKET_FEED,VALID
2025-11-25 05:00:00,61.47,MARKET_FEED,VALID
2025-11-25 06:00:00,66.07,MARKET_FEED,VALID
2025-11-25 07:00:00,75.64,MARKET_FEED,VALID
2025-11-25 08:00:00,68.44,MARKET_FEED,VALID
2025-11-25 09:00:00,79.15,MARKET_FEED,VALID
2025-11-25 10:00:00,72.11,MARKET_FEED,VALID
2025-11-25 11:00:00,70.44,MARKET_FEED,VALID
2025-11-25 12:00:00,80.94,MARKET_FEED,VALID
2025-11-25 13:00:00,76.83,MARKET_FEED,VALID
2025-11-25 14:00:00,75.33,MARKET_FEED,VALID
2025-11-25 15:00:00,70.27,MARKET_FEED,VALID
2025-11-25 16:00:00,86.61,MARKET_FEED,VALID
2025-11-25 17:00:00,79.39,MARKET_FEED,VALID
2025-11-25 18:00:00,74.84,MARKET_FEED,VALID
2025-11-25 19:00:00,66.86,MARKET_FEED,VALID
2025-11-25 20:00:00,57.43,MARKET_FEED,VALID
2025-11-25 21:00:00,65.83,MARKET_FEED,VALID
2025-11-25 22:00:00,63.24,MARKET_FEED,VALID
2025-11-25 23:00:00,49.89,MARKET_FEED,VALID
2025-11-26 00:00:00,50.92,MARKET_FEED,VALID
2025-11-26 01:00:00,57.56,MARKET_FEED,VALID
2025-11-26 02:00:00,59.82,MARKET_FEED,VALID
2025-11-26 03:00:00,58.75,MARKET_FEED,VALID
2025-11-26 04:00:00,47.7,MARKET_FEED,VALID
2025-11-26 05:00:00,64.66,MARKET_FEED,VALID
2025-11-26 06:00:00,66.04,MARKET_FEED,VALID
2025-11-26 07:00:00,62.66,MARKET_FEED,VALID
2025-11-26 08:00:00,73.03,MARKET_FEED,VALID
2025-11-26 09:00:00,72.61,MARKET_FEED,VALID
2025-11-26 10:00:00,67.68,MARKET_FEED,VALID
2025-11-26 11:00:00,80.4,MARKET_FEED,VALID
2025-11-26 12:00:00,86.13,MARKET_FEED,VALID
2025-11-26 13:00:00,87.76,MARKET_FEED,VALID
2025-11-26 14:00:00,85.53,MARKET_FEED,VALID
2025-11-26 15:00:00,78.73,MARKET_FEED,VALID
2025-11-26 16:00:00,74.92,MARKET_FEED,VALID
2025-11-26 17:00:00,69.78,MARKET_FEED,VALID
2025-11-26 18:00:00,61.79,MARKET_FEED,VALID
2025-11-26 19:00:00,70.39,MARKET_FEED,VALID
2025-11-26 20:00:00,67.43,MARKET_FEED,VALID
2025-11-26 21:00:00,61.64,MARKET_FEED,VALID
2025-11-26 22:00:00,67.4,MARKET_FEED,VALID
2025-11-26 23:00:00,64.68,MARKET_FEED,VALID
2025-11-27 00:00:00,61.05,MARKET_FEED,VALID
2025-11-27 01:00:00,54.22,MARKET_FEED,VALID
2025-11-27 02:00:00,67.26,MARKET_FEED,VALID
2025-11-27 03:00:00,66.3,MARKET_FEED,VALID
2025-11-27 04:00:00,54.47,MARKET_FEED,VALID
2025-11-27 05:00:00,65.13,MARKET_FEED,VALID
2025-11-27 06:00:00,69.7,MARKET_FEED,VALID
2025-11-27 07:00:00,64.52,MARKET_FEED,VALID
2025-11-27 08:00:00,76.87,MARKET_FEED,VALID
2025-11-27 09:00:00,81.83,MARKET_FEED,VALID
2025-11-27 10:00:00,74.77,MARKET_FEED,VALID
2025-11-27 11:00:00,78.73,MARKET_FEED,VALID
2025-11-27 12:00:00,81.69,MARKET_FEED,VALID
2025-11-27 13:00:00,88.28,MARKET_FEED,VALID
2025-11-27 14:00:00,77.5,MARKET_FEED,VALID
2025-11-27 15:00:00,77.57,MARKET_FEED,VALID
2025-11-27 16:00:00,76.27,MARKET_FEED,VALID
2025-11-27 17:00:00,77.66,MARKET_FEED,VALID
2025-11-27 18:00:00,73.47,MARKET_FEED,VALID
2025-11-27 19:00:00,69.93,MARKET_FEED,VALID
2025-11-27 20:00:00,60.43,MARKET_FEED,VALID
2025-11-27 21:00:00,65.03,MARKET_FEED,VALID
2025-11-27 22:00:00,64.04,MARKET_FEED,VALID
2025-11-27 23:00:00,56.61,MARKET_FEED,VALID
2025-11-28 00:00:00,61.03,MARKET_FEED,VALID
2025-11-28 01:00:00,62.92,MARKET_FEED,VALID
2025-11-28 02:00:00,62.21,MARKET_FEED,VALID
2025-11-28 03:00:00,66.4,MARKET_FEED,VALID
2025-11-28 04:00:00,55.83,MARKET_FEED,VALID
2025-11-28 05:00:00,66.68,MARKET_FEED,VALID
2025-11-28 06:00:00,75.07,MARKET_FEED,VALID
2025-11-28 07:00:00,76.91,MARKET_FEED,VALID
2025-11-28 08:00:00,62.14,MARKET_FEED,VALID
2025-11-28 09:00:00,73.52,MARKET_FEED,VALID
2025-11-28 10:00:00,79.43,MARKET_FEED,VALID
2025-11-28 11:00:00,69.17,MARKET_FEED,VALID
2025-11-28 12:00:00,80.14,MARKET_FEED,VALID
2025-11-28 13:00:00,68.87,MARKET_FEED,VALID
2025-11-28 14:00:00,72.69,MARKET_FEED,VALID
2025-11-28 15:00:00,77.14,MARKET_FEED,VALID
2025-11-28 16:00:00,75.45,MARKET_FEED,VALID
2025-11-28 17:00:00,74.33,MARKET_FEED,VALID
2025-11-28 18:00:00,62.65,MARKET_FEED,VALID
2025-11-28 19:00:00,72.29,MARKET_FEED,VALID
2025-11-28 20:00:00,67.95,MARKET_FEED,VALID
2025-11-28 21:00:00,66.01,MARKET_FEED,VALID
2025-11-28 22:00:00,67.05,MARKET_FEED,VALID
2025-11-28 23:00:00,64.54,MARKET_FEED,VALID
2025-11-29 00:00:00,58.34,MARKET_FEED,VALID
2025-11-29 01:00:00,59.82,MARKET_FEED,VALID
2025-11-29 02:00:00,63.62,MARKET_FEED,VALID
2025-11-29 03:00:00,54.24,MARKET_FEED,VALID
2025-11-29 04:00:00,63.42,MARKET_FEED,VALID
2025-11-29 05:00:00,58.55,MARKET_FEED,VALID
2025-11-29 06:00:00,60.7,MARKET_FEED,VALID
2025-11-29 07:00:00,66.59,MARKET_FEED,VALID
2025-11-29 08:00:00,72.72,MARKET_FEED,VALID
2025-11-29 09:00:00,78.04,MARKET_FEED,VALID
2025-11-29 10:00:00,72.74,MARKET_FEED,VALID
2025-11-29 11:00:00,79.71,MARKET_FEED,VALID
2025-11-29 12:00:00,79.13,MARKET_FEED,VALID
2025-11-29 13:00:00,76.59,MARKET_FEED,VALID
2025-11-29 14:00:00,70.4,MARKET_FEED,VALID
2025-11-29 15:00:00,76.47,MARKET_FEED,VALID
2025-11-29 16:00:00,72.91,MARKET_FEED,VALID
2025-11-29 17:00:00,70.22,MARKET_FEED,VALID
2025-11-29 18:00:00,71.49,MARKET_FEED,VALID
2025-11-29 19:00:00,68.63,MARKET_FEED,VALID
2025-11-29 20:00:00,70.16,MARKET_FEED,VALID
2025-11-29 21:00:00,74.51,MARKET_FEED,VALID
2025-11-29 23:00:00,54.27,MARKET_FEED,VALID
2025-11-30 00:00:00,56.23,MARKET_FEED,VALID
2025-11-30 01:00:00,67.55,MARKET_FEED,VALID
2025-11-30 02:00:00,68.86,MARKET_FEED,VALID
2025-11-30 03:00:00,60.13,MARKET_FEED,VALID
2025-11-30 04:00:00,69.79,MARKET_FEED,VALID
2025-11-30 05:00:00,69.4,MARKET_FEED,VALID
2025-11-30 06:00:00,69.03,MARKET_FEED,VALID
2025-11-30 07:00:00,71.34,MARKET_FEED,VALID
2025-11-30 08:00:00,78.76,MARKET_FEED,VALID
2025-11-30 09:00:00,77.75,MARKET_FEED,VALID
2025-11-30 10:00:00,62.17,MARKET_FEED,VALID
2025-11-30 11:00:00,69.11,MARKET_FEED,VALID
2025-11-30 12:00:00,68.78,MARKET_FEED,VALID
2025-11-30 13:00:00,72.71,MARKET_FEED,VALID
2025-11-30 14:00:00,71.1,MARKET_FEED,VALID
2025-11-30 15:00:00,70.87,MARKET_FEED,VALID
2025-11-30 16:00:00,75.9,MARKET_FEED,VALID
2025-11-30 17:00:00,72.08,MARKET_FEED,VALID
2025-11-30 18:00:00,77.55,MARKET_FEED,VALID
2025-11-30 19:00:00,75.12,MARKET_FEED,VALID
2025-11-30 20:00:00,66.05,MARKET_FEED,VALID
2025-11-30 21:00:00,67.21,MARKET_FEED,VALID
2025-11-30 22:00:00,59.24,MARKET_FEED,VALID
2025-11-30 23:00:00,69.27,MARKET_FEED,VALID
2025-12-01 00:00:00,60.8,MARKET_FEED,VALID
2025-12-01 01:00:00,62.6,MARKET_FEED,VALID
2025-12-01 02:00:00,59.23,MARKET_FEED,VALID
2025-12-01 03:00:00,64.35,MARKET_FEED,VALID
2025-12-01 04:00:00,67.86,MARKET_FEED,VALID
2025-12-01 05:00:00,57.32,MARKET_FEED,VALID
2025-12-01 06:00:00,69.86,MARKET_FEED,VALID
2025-12-01 07:00:00,70.88,MARKET_FEED,VALID
2025-12-01 08:00:00,66.8,MARKET_FEED,VALID
2025-12-01 09:00:00,75.4,MARKET_FEED,VALID
2025-12-01 10:00:00,69.9,MARKET_FEED,VALID
2025-12-01 11:00:00,76.95,MARKET_FEED,VALID
2025-12-01 12:00:00,70.79,MARKET_FEED,VALID
2025-12-01 13:00:00,80.91,MARKET_FEED,VALID
2025-12-01 14:00:00,75.56,MARKET_FEED,VALID
2025-12-01 15:00:00,75.53,MARKET_FEED,VALID
2025-12-01 16:00:00,73.33,MARKET_FEED,VALID
2025-12-01 17:00:00,83.4,MARKET_FEED,VALID
2025-12-01 18:00:00,74.6,MARKET_FEED,VALID
2025-12-01 19:00:00,68.6,MARKET_FEED,VALID
2025-12-01 20:00:00,73.32,MARKET_FEED,VALID
2025-12-01 21:00:00,74.14,MARKET_FEED,VALID
2025-12-01 22:00:00,58.33,MARKET_FEED,VALID
2025-12-01 23:00:00,66.42,MARKET_FEED,VALID
2025-12-02 00:00:00,57.38,MARKET_FEED,VALID
2025-12-02 01:00:00,59.05,MARKET_FEED,VALID
2025-12-02 02:00:00,55.52,MARKET_FEED,VALID
2025-12-02 03:00:00,61.57,MARKET_FEED,VALID
2025-12-02 04:00:00,65.22,MARKET_FEED,VALID
2025-12-02 05:00:00,67.85,MARKET_FEED,VALID
2025-12-02 06:00:00,62.77,MARKET_FEED,VALID
2025-12-02 07:00:00,77.53,MARKET_FEED,VALID
2025-12-02 08:00:00,83.79,MARKET_FEED,VALID
2025-12-02 09:00:00,79.72,MARKET_FEED,VALID
2025-12-02 10:00:00,80.89,MARKET_FEED,VALID
2025-12-02 11:00:00,72.81,MARKET_FEED,VALID
2025-12-02 12:00:00,71.62,MARKET_FEED,VALID
2025-12-02 13:00:00,82.59,MARKET_FEED,VALID
2025-12-02 14:00:00,85.48,MARKET_FEED,VALID
2025-12-02 15:00:00,81.76,MARKET_FEED,VALID
2025-12-02 16:00:00,76.7,MARKET_FEED,VALID
2025-12-02 17:00:00,76.65,MARKET_FEED,VALID
2025-12-02 18:00:00,75.91,MARKET_FEED,VALID
2025-12-02 19:00:00,75.56,MARKET_FEED,VALID
2025-12-02 20:00:00,66.11,MARKET_FEED,VALID
2025-12-02 21:00:00,56.46,MARKET_FEED,VALID
2025-12-02 22:00:00,63.2,MARKET_FEED,VALID
2025-12-02 23:00:00,52.79,MARKET_FEED,VALID
2025-12-03 00:00:00,66.68,MARKET_FEED,VALID
2025-12-03 01:00:00,61.74,MARKET_FEED,VALID
2025-12-03 02:00:00,65.51,MARKET_FEED,VALID
2025-12-03 03:00:00,64.29,MARKET_FEED,VALID
2025-12-03 04:00:00,64.93,MARKET_FEED,VALID
2025-12-03 05:00:00,59.08,MARKET_FEED,VALID
2025-12-03 07:00:00,66.31,MARKET_FEED,VALID
2025-12-03 08:00:00,71.09,MARKET_FEED,VALID
2025-12-03 09:00:00,76.12,MARKET_FEED,VALID
2025-12-03 10:00:00,70.78,MARKET_FEED,VALID
2025-12-03 11:00:00,73.98,MARKET_FEED,VALID
2025-12-03 12:00:00,66.84,MARKET_FEED,VALID
2025-12-03 13:00:00,69.46,MARKET_FEED,VALID
2025-12-03 14:00:00,80.28,MARKET_FEED,VALID
2025-12-03 15:00:00,80.73,MARKET_FEED,VALID
2025-12-03 16:00:00,81.37,MARKET_FEED,VALID
2025-12-03 17:00:00,74.5,MARKET_FEED,VALID
2025-12-03 18:00:00,71.36,MARKET_FEED,VALID
2025-12-03 19:00:00,72.23,MARKET_FEED,VALID
2025-12-03 20:00:00,68.17,MARKET_FEED,VALID
2025-12-03 21:00:00,65.44,MARKET_FEED,VALID
2025-12-03 22:00:00,61.15,MARKET_FEED,VALID
2025-12-03 23:00:00,61.71,MARKET_FEED,VALID
2025-12-04 00:00:00,51.43,MARKET_FEED,VALID
2025-12-04 01:00:00,59.62,MARKET_FEED,VALID
2025-12-04 02:00:00,55.73,MARKET_FEED,VALID
2025-12-04 03:00:00,60.29,MARKET_FEED,VALID
2025-12-04 04:00:00,57.89,MARKET_FEED,VALID
2025-12-04 05:00:00,56.25,MARKET_FEED,VALID
2025-12-04 06:00:00,61.8,MARKET_FEED,VALID
2025-12-04 07:00:00,73.35,MARKET_FEED,VALID
2025-12-04 08:00:00,71.32,MARKET_FEED,VALID
2025-12-04 09:00:00,76.08,MARKET_FEED,VALID
2025-12-04 10:00:00,79.61,MARKET_FEED,VALID
2025-12-04 11:00:00,67.74,MARKET_FEED,VALID
2025-12-04 12:00:00,64.07,MARKET_FEED,VALID
2025-12-04 13:00:00,78.14,MARKET_FEED,VALID
2025-12-04 14:00:00,79.35,MARKET_FEED,VALID
2025-12-04 15:00:00,83.16,MARKET_FEED,VALID
2025-12-04 16:00:00,76.76,MARKET_FEED,VALID
2025-12-04 17:00:00,61.58,MARKET_FEED,VALID
2025-12-04 18:00:00,76.94,MARKET_FEED,VALID
2025-12-04 19:00:00,73.22,MARKET_FEED,VALID
2025-12-04 20:00:00,63.1,MARKET_FEED,VALID
2025-12-04 21:00:00,63.43,MARKET_FEED,VALID
2025-12-04 22:00:00,58.11,MARKET_FEED,VALID
2025-12-04 23:00:00,59.09,MARKET_FEED,VALID
2025-12-05 00:00:00,61.17,MARKET_FEED,VALID
2025-12-05 01:00:00,57.76,MARKET_FEED,VALID
2025-12-05 02:00:00,60.66,MARKET_FEED,VALID
2025-12-05 03:00:00,53.04,MARKET_FEED,VALID
2025-12-05 04:00:00,54.6,MARKET_FEED,VALID
2025-12-05 05:00:00,68.61,MARKET_FEED,VALID
2025-12-05 06:00:00,67.19,MARKET_FEED,VALID
2025-12-05 07:00:00,69.51,MARKET_FEED,VALID
2025-12-05 08:00:00,81.71,MARKET_FEED,VALID
2025-12-05 09:00:00,83.46,MARKET_FEED,VALID
2025-12-05 10:00:00,79.91,MARKET_FEED,VALID
2025-12-05 11:00:00,74.88,MARKET_FEED,VALID
2025-12-05 12:00:00,71.76,MARKET_FEED,VALID
2025-12-05 13:00:00,78.04,MARKET_FEED,VALID
2025-12-05 14:00:00,76.72,MARKET_FEED,VALID
2025-12-05 15:00:00,81.92,MARKET_FEED,VALID
2025-12-05 16:00:00,85.48,MARKET_FEED,VALID
2025-12-05 17:00:00,75.03,MARKET_FEED,VALID
2025-12-05 18:00:00,73.82,MARKET_FEED,VALID
2025-12-05 19:00:00,70.35,MARKET_FEED,VALID
2025-12-05 20:00:00,71.42,MARKET_FEED,VALID
2025-12-05 21:00:00,54.9,MARKET_FEED,VALID
2025-12-05 22:00:00,68.17,MARKET_FEED,VALID
2025-12-05 23:00:00,62.57,MARKET_FEED,VALID
2025-12-06 00:00:00,53.72,MARKET_FEED,VALID
2025-12-06 01:00:00,53.14,MARKET_FEED,VALID
2025-12-06 02:00:00,51.85,MARKET_FEED,VALID
2025-12-06 03:00:00,63.16,MARKET_FEED,VALID
2025-12-06 04:00:00,66.8,MARKET_FEED,VALID
2025-12-06 05:00:00,65.85,MARKET_FEED,VALID
2025-12-06 06:00:00,71.92,MARKET_FEED,VALID
2025-12-06 08:00:00,66.29,MARKET_FEED,VALID
2025-12-06 09:00:00,68.44,MARKET_FEED,VALID
2025-12-06 10:00:00,71.75,MARKET_FEED,VALID
2025-12-06 11:00:00,62.21,MARKET_FEED,VALID
2025-12-06 12:00:00,65.77,MARKET_FEED,VALID
2025-12-06 13:00:00,78.74,MARKET_FEED,VALID
2025-12-06 14:00:00,76.56,MARKET_FEED,VALID
2025-12-06 15:00:00,62.88,MARKET_FEED,VALID
2025-12-06 16:00:00,72.65,MARKET_FEED,VALID
2025-12-06 17:00:00,73.63,MARKET_FEED,VALID
2025-12-06 18:00:00,66.41,MARKET_FEED,VALID
2025-12-06 19:00:00,73.76,MARKET_FEED,VALID
2025-12-06 20:00:00,58.45,MARKET_FEED,VALID
2025-12-06 21:00:00,63.92,MARKET_FEED,VALID
2025-12-06 22:00:00,60.81,MARKET_FEED,VALID
2025-12-06 23:00:00,66.73,MARKET_FEED,VALID
2025-12-07 00:00:00,53.89,MARKET_FEED,VALID
2025-12-07 01:00:00,49.09,MARKET_FEED,VALID
2025-12-07 02:00:00,58.05,MARKET_FEED,VALID
2025-12-07 03:00:00,53.73,MARKET_FEED,VALID
2025-12-07 04:00:00,64.74,MARKET_FEED,VALID
2025-12-07 05:00:00,59.28,MARKET_FEED,VALID
2025-12-07 06:00:00,69.8,MARKET_FEED,VALID
2025-12-07 07:00:00,71.15,MARKET_FEED,VALID
2025-12-07 08:00:00,74.25,MARKET_FEED,VALID
2025-12-07 09:00:00,61.29,MARKET_FEED,VALID
2025-12-07 10:00:00,79.39,MARKET_FEED,VALID
2025-12-07 11:00:00,77.12,MARKET_FEED,VALID
2025-12-07 12:00:00,76.29,MARKET_FEED,VALID
2025-12-07 13:00:00,67.42,MARKET_FEED,VALID
2025-12-07 14:00:00,69.57,MARKET_FEED,VALID
2025-12-07 15:00:00,77.79,MARKET_FEED,VALID
2025-12-07 16:00:00,77.4,MARKET_FEED,VALID
2025-12-07 17:00:00,70.67,MARKET_FEED,VALID
2025-12-07 18:00:00,70.61,MARKET_FEED,VALID
2025-12-07 19:00:00,70.37,MARKET_FEED,VALID
2025-12-07 20:00:00,62.62,MARKET_FEED,VALID
2025-12-07 21:00:00,64.34,MARKET_FEED,VALID
2025-12-07 22:00:00,76.1,MARKET_FEED,VALID
2025-12-07 23:00:00,59.44,MARKET_FEED,VALID
2025-12-08 00:00:00,63.81,MARKET_FEED,VALID
2025-12-08 01:00:00,69.66,MARKET_FEED,VALID
2025-12-08 02:00:00,65.86,MARKET_FEED,VALID
2025-12-08 03:00:00,66.62,MARKET_FEED,VALID
2025-12-08 04:00:00,64.15,MARKET_FEED,VALID
2025-12-08 05:00:00,60.73,MARKET_FEED,VALID
2025-12-08 06:00:00,72.19,MARKET_FEED,VALID
2025-12-08 07:00:00,66.49,MARKET_FEED,VALID
2025-12-08 08:00:00,84.88,MARKET_FEED,VALID
2025-12-08 09:00:00,79.8,MARKET_FEED,VALID
2025-12-08 10:00:00,66.3,MARKET_FEED,VALID
2025-12-08 11:00:00,78.57,MARKET_FEED,VALID
2025-12-08 12:00:00,78.4,MARKET_FEED,VALID
2025-12-08 13:00:00,76.17,MARKET_FEED,VALID
2025-12-08 14:00:00,83.97,MARKET_FEED,VALID
2025-12-08 15:00:00,76.72,MARKET_FEED,VALID
2025-12-08 16:00:00,81.48,MARKET_FEED,VALID
2025-12-08 17:00:00,70.75,MARKET_FEED,VALID
2025-12-08 18:00:00,76.81,MARKET_FEED,VALID
2025-12-08 19:00:00,69.26,MARKET_FEED,VALID
2025-12-08 20:00:00,64.58,MARKET_FEED,VALID
2025-12-08 21:00:00,55.12,MARKET_FEED,VALID
2025-12-08 22:00:00,61.32,MARKET_FEED,VALID
2025-12-08 23:00:00,55.3,MARKET_FEED,VALID
2025-12-09 00:00:00,54.93,MARKET_FEED,VALID
2025-12-09 01:00:00,51.21,MARKET_FEED,VALID
2025-12-09 02:00:00,59.41,MARKET_FEED,VALID
2025-12-09 03:00:00,61.2,MARKET_FEED,VALID
2025-12-09 04:00:00,63.96,MARKET_FEED,VALID
2025-12-09 05:00:00,60.04,MARKET_FEED,VALID
2025-12-09 06:00:00,65.66,MARKET_FEED,VALID
2025-12-09 07:00:00,68.6,MARKET_FEED,VALID
2025-12-09 08:00:00,75.95,MARKET_FEED,VALID
2025-12-09 09:00:00,72.85,MARKET_FEED,VALID
2025-12-09 10:00:00,71.5,MARKET_FEED,VALID
2025-12-09 11:00:00,76.91,MARKET_FEED,VALID
2025-12-09 12:00:00,75.14,MARKET_FEED,VALID
2025-12-09 13:00:00,73.97,MARKET_FEED,VALID
2025-12-09 14:00:00,87.34,MARKET_FEED,VALID
2025-12-09 15:00:00,73.87,MARKET_FEED,VALID
2025-12-09 16:00:00,77.78,MARKET_FEED,VALID
2025-12-09 17:00:00,76.23,MARKET_FEED,VALID
2025-12-09 18:00:00,69.99,MARKET_FEED,VALID
2025-12-09 19:00:00,72.0,MARKET_FEED,VALID
2025-12-09 20:00:00,62.9,MARKET_FEED,VALID
2025-12-09 21:00:00,63.76,MARKET_FEED,VALID
2025-12-09 22:00:00,59.13,MARKET_FEED,VALID
2025-12-09 23:00:00,65.77,MARKET_FEED,VALID
2025-12-10 00:00:00,63.04,MARKET_FEED,VALID
2025-12-10 01:00:00,54.76,MARKET_FEED,VALID
2025-12-10 02:00:00,59.51,MARKET_FEED,VALID
2025-12-10 03:00:00,56.06,MARKET_FEED,VALID
2025-12-10 04:00:00,57.41,MARKET_FEED,VALID
2025-12-10 05:00:00,67.36,MARKET_FEED,VALID
2025-12-10 06:00:00,70.5,MARKET_FEED,VALID
2025-12-10 07:00:00,65.75,MARKET_FEED,VALID
2025-12-10 08:00:00,76.09,MARKET_FEED,VALID
2025-12-10 09:00:00,68.87,MARKET_FEED,VALID
2025-12-10 10:00:00,80.53,MARKET_FEED,VALID
2025-12-10 11:00:00,75.4,MARKET_FEED,VALID
2025-12-10 12:00:00,74.89,MARKET_FEED,VALID
2025-12-10 13:00:00,78.18,MARKET_FEED,VALID
2025-12-10 14:00:00,78.69,MARKET_FEED,VALID
2025-12-10 15:00:00,77.89,MARKET_FEED,VALID
2025-12-10 16:00:00,84.71,MARKET_FEED,VALID
2025-12-10 17:00:00,82.87,MARKET_FEED,VALID
2025-12-10 18:00:00,73.2,MARKET_FEED,VALID
2025-12-10 19:00:00,72.29,MARKET_FEED,VALID
2025-12-10 20:00:00,66.94,MARKET_FEED,VALID
2025-12-10 21:00:00,65.41,MARKET_FEED,VALID
2025-12-10 22:00:00,60.13,MARKET_FEED,VALID
2025-12-10 23:00:00,53.98,MARKET_FEED,VALID
2025-12-11 00:00:00,69.58,MARKET_FEED,VALID
2025-12-11 01:00:00,69.56,MARKET_FEED,VALID
2025-12-11 02:00:00,65.99,MARKET_FEED,VALID
2025-12-11 03:00:00,67.74,MARKET_FEED,VALID
2025-12-11 04:00:00,58.7,MARKET_FEED,VALID
2025-12-11 05:00:00,51.7,MARKET_FEED,VALID
2025-12-11 06:00:00,64.49,MARKET_FEED,VALID
2025-12-11 07:00:00,64.43,MARKET_FEED,VALID
2025-12-11 08:00:00,74.62,MARKET_FEED,VALID
2025-12-11 09:00:00,71.72,MARKET_FEED,VALID
2025-12-11 10:00:00,77.05,MARKET_FEED,VALID
2025-12-11 11:00:00,85.0,MARKET_FEED,VALID
2025-12-11 12:00:00,67.67,MARKET_FEED,VALID
2025-12-11 13:00:00,76.42,MARKET_FEED,VALID
2025-12-11 14:00:00,73.1,MARKET_FEED,VALID
2025-12-11 15:00:00,67.25,MARKET_FEED,VALID
2025-12-11 16:00:00,81.94,MARKET_FEED,VALID
2025-12-11 17:00:00,70.22,MARKET_FEED,VALID
2025-12-11 18:00:00,74.74,MARKET_FEED,VALID
2025-12-11 19:00:00,63.82,MARKET_FEED,VALID
2025-12-11 21:00:00,62.8,MARKET_FEED,VALID
2025-12-11 22:00:00,60.9,MARKET_FEED,VALID
2025-12-11 23:00:00,58.14,MARKET_FEED,VALID
2025-12-12 00:00:00,58.52,MARKET_FEED,VALID
2025-12-12 01:00:00,61.63,MARKET_FEED,VALID
2025-12-12 02:00:00,61.03,MARKET_FEED,VALID
2025-12-12 03:00:00,58.68,MARKET_FEED,VALID
2025-12-12 04:00:00,60.31,MARKET_FEED,VALID
2025-12-12 05:00:00,64.48,MARKET_FEED,VALID
2025-12-12 06:00:00,67.06,MARKET_FEED,VALID
2025-12-12 07:00:00,66.67,MARKET_FEED,VALID
2025-12-12 08:00:00,79.34,MARKET_FEED,VALID
2025-12-12 09:00:00,76.61,MARKET_FEED,VALID
2025-12-12 10:00:00,78.89,MARKET_FEED,VALID
2025-12-12 11:00:00,68.34,MARKET_FEED,VALID
2025-12-12 12:00:00,72.32,MARKET_FEED,VALID
2025-12-12 13:00:00,71.28,MARKET_FEED,VALID
2025-12-12 14:00:00,76.81,MARKET_FEED,VALID
2025-12-12 15:00:00,81.17,MARKET_FEED,VALID
2025-12-12 16:00:00,75.46,MARKET_FEED,VALID
2025-12-12 17:00:00,71.24,MARKET_FEED,VALID
2025-12-12 18:00:00,72.84,MARKET_FEED,VALID
2025-12-12 19:00:00,75.52,MARKET_FEED,VALID
2025-12-12 20:00:00,64.52,MARKET_FEED,VALID
2025-12-12 21:00:00,64.68,MARKET_FEED,VALID
2025-12-12 22:00:00,60.73,MARKET_FEED,VALID
2025-12-12 23:00:00,56.4,MARKET_FEED,VALID
2025-12-13 00:00:00,57.02,MARKET_FEED,VALID
2025-12-13 01:00:00,64.88,MARKET_FEED,VALID
2025-12-13 02:00:00,56.58,MARKET_FEED,VALID
2025-12-13 03:00:00,62.03,MARKET_FEED,VALID
2025-12-13 04:00:00,61.13,MARKET_FEED,VALID
2025-12-13 05:00:00,66.6,MARKET_FEED,VALID
2025-12-13 06:00:00,60.92,MARKET_FEED,VALID
2025-12-13 07:00:00,71.83,MARKET_FEED,VALID
2025-12-13 08:00:00,75.92,MARKET_FEED,VALID
2025-12-13 09:00:00,72.84,MARKET_FEED,VALID
2025-12-13 10:00:00,64.28,MARKET_FEED,VALID
2025-12-13 11:00:00,84.33,MARKET_FEED,VALID
2025-12-13 12:00:00,74.96,MARKET_FEED,VALID
2025-12-13 13:00:00,83.85,MARKET_FEED,VALID
2025-12-13 14:00:00,78.59,MARKET_FEED,VALID
2025-12-13 15:00:00,83.59,MARKET_FEED,VALID
2025-12-13 16:00:00,74.82,MARKET_FEED,VALID
2025-12-13 17:00:00,79.71,MARKET_FEED,VALID
2025-12-13 18:00:00,69.24,MARKET_FEED,VALID
2025-12-13 19:00:00,66.97,MARKET_FEED,VALID
2025-12-13 20:00:00,67.03,MARKET_FEED,VALID
2025-12-13 21:00:00,57.93,MARKET_FEED,VALID
2025-12-13 22:00:00,70.92,MARKET_FEED,VALID
2025-12-13 23:00:00,58.39,MARKET_FEED,VALID
2025-12-14 00:00:00,57.09,MARKET_FEED,VALID
2025-12-14 01:00:00,61.39,MARKET_FEED,VALID
2025-12-14 02:00:00,56.79,MARKET_FEED,VALID
2025-12-14 03:00:00,57.73,MARKET_FEED,VALID
2025-12-14 04:00:00,58.91,MARKET_FEED,VALID
2025-12-14 05:00:00,67.07,MARKET_FEED,VALID
2025-12-14 06:00:00,62.34,MARKET_FEED,VALID
2025-12-14 07:00:00,66.4,MARKET_FEED,VALID
2025-12-14 08:00:00,71.33,MARKET_FEED,VALID
2025-12-14 09:00:00,75.58,MARKET_FEED,VALID
2025-12-14 10:00:00,77.9,MARKET_FEED,VALID
2025-12-14 11:00:00,65.19,MARKET_FEED,VALID
2025-12-14 12:00:00,66.49,MARKET_FEED,VALID
2025-12-14 13:00:00,75.16,MARKET_FEED,VALID
2025-12-14 14:00:00,82.32,MARKET_FEED,VALID
2025-12-14 15:00:00,84.17,MARKET_FEED,VALID
2025-12-14 16:00:00,77.29,MARKET_FEED,VALID
2025-12-14 17:00:00,78.78,MARKET_FEED,VALID
2025-12-14 18:00:00,69.36,MARKET_FEED,VALID
2025-12-14 19:00:00,69.26,MARKET_FEED,VALID
2025-12-14 20:00:00,71.17,MARKET_FEED,VALID
2025-12-14 21:00:00,64.39,MARKET_FEED,VALID
2025-12-14 22:00:00,66.19,MARKET_FEED,VALID
2025-12-14 23:00:00,58.23,MARKET_FEED,VALID
2025-12-15 00:00:00,57.85,MARKET_FEED,VALID
2025-12-15 01:00:00,63.46,MARKET_FEED,VALID
2025-12-15 02:00:00,48.13,MARKET_FEED,VALID
2025-12-15 03:00:00,64.81,MARKET_FEED,VALID
2025-12-15 04:00:00,62.88,MARKET_FEED,VALID
2025-12-15 05:00:00,64.71,MARKET_FEED,VALID
2025-12-15 06:00:00,58.23,MARKET_FEED,VALID
2025-12-15 07:00:00,66.23,MARKET_FEED,VALID
2025-12-15 08:00:00,77.16,MARKET_FEED,VALID
2025-12-15 09:00:00,77.66,MARKET_FEED,VALID
2025-12-15 10:00:00,72.46,MARKET_FEED,VALID
2025-12-15 11:00:00,80.36,MARKET_FEED,VALID
2025-12-15 12:00:00,79.02,MARKET_FEED,VALID
2025-12-15 13:00:00,76.11,MARKET_FEED,VALID
2025-12-15 14:00:00,94.66,MARKET_FEED,VALID
2025-12-15 15:00:00,77.5,MARKET_FEED,VALID
2025-12-15 16:00:00,64.14,MARKET_FEED,VALID
2025-12-15 17:00:00,72.79,MARKET_FEED,VALID
2025-12-15 18:00:00,64.82,MARKET_FEED,VALID
2025-12-15 19:00:00,65.7,MARKET_FEED,VALID
2025-12-15 20:00:00,64.73,MARKET_FEED,VALID
2025-12-15 21:00:00,57.64,MARKET_FEED,VALID
2025-12-15 22:00:00,69.68,MARKET_FEED,VALID
2025-12-15 23:00:00,58.16,MARKET_FEED,VALID
2025-12-16 00:00:00,60.41,MARKET_FEED,VALID
2025-12-16 01:00:00,52.89,MARKET_FEED,VALID
2025-12-16 02:00:00,56.04,MARKET_FEED,VALID
2025-12-16 03:00:00,59.26,MARKET_FEED,VALID
2025-12-16 04:00:00,57.63,MARKET_FEED,VALID
2025-12-16 05:00:00,66.96,MARKET_FEED,VALID
2025-12-16 06:00:00,63.39,MARKET_FEED,VALID
2025-12-16 07:00:00,67.12,MARKET_FEED,VALID
2025-12-16 08:00:00,79.01,MARKET_FEED,VALID
2025-12-16 09:00:00,82.5,MARKET_FEED,VALID
2025-12-16 10:00:00,84.75,MARKET_FEED,VALID
2025-12-16 11:00:00,80.33,MARKET_FEED,VALID
2025-12-16 12:00:00,74.63,MARKET_FEED,VALID
2025-12-16 13:00:00,77.63,MARKET_FEED,VALID
2025-12-16 14:00:00,78.8,MARKET_FEED,VALID
2025-12-16 15:00:00,83.86,MARKET_FEED,VALID
2025-12-16 16:00:00,87.33,MARKET_FEED,VALID
2025-12-16 17:00:00,79.53,MARKET_FEED,VALID
2025-12-16 18:00:00,80.62,MARKET_FEED,VALID
2025-12-16 19:00:00,65.85,MARKET_FEED,VALID
2025-12-16 20:00:00,65.08,MARKET_FEED,VALID
2025-12-16 21:00:00,68.49,MARKET_FEED,VALID
2025-12-16 22:00:00,63.54,MARKET_FEED,VALID
2025-12-16 23:00:00,51.38,MARKET_FEED,VALID
2025-12-17 00:00:00,66.6,MARKET_FEED,VALID
2025-12-17 01:00:00,56.7,MARKET_FEED,VALID
2025-12-17 02:00:00,53.73,MARKET_FEED,VALID
2025-12-17 03:00:00,55.97,MARKET_FEED,VALID
2025-12-17 04:00:00,62.19,MARKET_FEED,VALID
2025-12-17 05:00:00,62.24,MARKET_FEED,VALID
2025-12-17 06:00:00,72.04,MARKET_FEED,VALID
2025-12-17 07:00:00,73.62,MARKET_FEED,VALID
2025-12-17 08:00:00,71.24,MARKET_FEED,VALID
2025-12-17 09:00:00,73.34,MARKET_FEED,VALID
2025-12-17 10:00:00,86.74,MARKET_FEED,VALID
2025-12-17 11:00:00,77.08,MARKET_FEED,VALID
2025-12-17 12:00:00,86.13,MARKET_FEED,VALID
2025-12-17 13:00:00,83.98,MARKET_FEED,VALID
2025-12-17 14:00:00,83.85,MARKET_FEED,VALID
2025-12-17 15:00:00,75.34,MARKET_FEED,VALID
2025-12-17 16:00:00,77.09,MARKET_FEED,VALID
2025-12-17 17:00:00,79.1,MARKET_FEED,VALID
2025-12-17 18:00:00,66.6,MARKET_FEED,VALID
2025-12-17 19:00:00,67.95,MARKET_FEED,VALID
2025-12-17 20:00:00,66.42,MARKET_FEED,VALID
2025-12-17 21:00:00,60.06,MARKET_FEED,VALID
2025-12-17 22:00:00,54.59,MARKET_FEED,VALID
2025-12-17 23:00:00,64.59,MARKET_FEED,VALID
2025-12-18 00:00:00,59.26,MARKET_FEED,VALID
2025-12-18 01:00:00,68.95,MARKET_FEED,VALID
2025-12-18 02:00:00,61.35,MARKET_FEED,VALID
2025-12-18 03:00:00,61.35,MARKET_FEED,VALID
2025-12-18 04:00:00,60.89,MARKET_FEED,VALID
2025-12-18 05:00:00,61.75,MARKET_FEED,VALID
2025-12-18 06:00:00,74.5,MARKET_FEED,VALID
2025-12-18 07:00:00,73.09,MARKET_FEED,VALID
2025-12-18 08:00:00,73.74,MARKET_FEED,VALID
2025-12-18 09:00:00,79.07,MARKET_FEED,VALID
2025-12-18 10:00:00,78.88,MARKET_FEED,VALID
2025-12-18 11:00:00,73.08,MARKET_FEED,VALID
2025-12-18 12:00:00,72.93,MARKET_FEED,VALID
2025-12-18 13:00:00,76.75,MARKET_FEED,VALID
2025-12-18 14:00:00,78.24,MARKET_FEED,VALID
2025-12-18 15:00:00,81.0,MARKET_FEED,VALID
2025-12-18 16:00:00,64.78,MARKET_FEED,VALID
2025-12-18 17:00:00,72.2,MARKET_FEED,VALID
2025-12-18 18:00:00,80.74,MARKET_FEED,VALID
2025-12-18 19:00:00,65.93,MARKET_FEED,VALID
2025-12-18 20:00:00,71.93,MARKET_FEED,VALID
2025-12-18 21:00:00,60.37,MARKET_FEED,VALID
2025-12-18 22:00:00,67.57,MARKET_FEED,VALID
2025-12-18 23:00:00,59.37,MARKET_FEED,VALID
2025-12-19 00:00:00,59.59,MARKET_FEED,VALID
2025-12-19 01:00:00,63.93,MARKET_FEED,VALID
2025-12-19 02:00:00,54.69,MARKET_FEED,VALID
2025-12-19 03:00:00,64.57,MARKET_FEED,VALID
2025-12-19 04:00:00,60.48,MARKET_FEED,VALID
2025-12-19 05:00:00,69.92,MARKET_FEED,VALID
2025-12-19 06:00:00,60.55,MARKET_FEED,VALID
2025-12-19 07:00:00,73.78,MARKET_FEED,VALID
2025-12-19 08:00:00,72.01,MARKET_FEED,VALID
2025-12-19 09:00:00,74.41,MARKET_FEED,VALID
2025-12-19 10:00:00,81.32,MARKET_FEED,VALID
2025-12-19 11:00:00,67.94,MARKET_FEED,VALID
2025-12-19 12:00:00,77.56,MARKET_FEED,VALID
2025-12-19 13:00:00,84.85,MARKET_FEED,VALID
2025-12-19 14:00:00,82.39,MARKET_FEED,VALID
2025-12-19 15:00:00,79.88,MARKET_FEED,VALID
2025-12-19 16:00:00,86.16,MARKET_FEED,VALID
2025-12-19 17:00:00,74.35,MARKET_FEED,VALID
2025-12-19 18:00:00,76.64,MARKET_FEED,VALID
2025-12-19 19:00:00,71.59,MARKET_FEED,VALID
2025-12-19 20:00:00,74.22,MARKET_FEED,VALID
2025-12-19 21:00:00,68.01,MARKET_FEED,VALID
2025-12-19 22:00:00,63.1,MARKET_FEED,VALID
2025-12-19 23:00:00,52.07,MARKET_FEED,VALID
2025-12-20 00:00:00,58.41,MARKET_FEED,VALID
2025-12-20 01:00:00,67.07,MARKET_FEED,VALID
2025-12-20 02:00:00,67.12,MARKET_FEED,VALID
2025-12-20 03:00:00,57.4,MARKET_FEED,VALID
2025-12-20 04:00:00,62.52,MARKET_FEED,VALID
2025-12-20 05:00:00,56.9,MARKET_FEED,VALID
2025-12-20 06:00:00,70.53,MARKET_FEED,VALID
2025-12-20 07:00:00,64.87,MARKET_FEED,VALID
2025-12-20 08:00:00,72.77,MARKET_FEED,VALID
2025-12-20 09:00:00,80.36,MARKET_FEED,VALID
2025-12-20 10:00:00,73.23,MARKET_FEED,VALID
2025-12-20 11:00:00,67.75,MARKET_FEED,VALID
2025-12-20 12:00:00,75.83,MARKET_FEED,VALID
2025-12-20 13:00:00,68.46829988465976,MARKET_FEED,VALID
2025-12-20 14:00:00,70.34,MARKET_FEED,VALID
2025-12-20 15:00:00,72.27,MARKET_FEED,VALID
2025-12-20 16:00:00,77.41,MARKET_FEED,VALID
2025-12-20 17:00:00,72.79,MARKET_FEED,VALID
2025-12-20 18:00:00,65.65,MARKET_FEED,VALID
2025-12-20 19:00:00,75.09,MARKET_FEED,VALID
2025-12-20 20:00:00,60.03,MARKET_FEED,VALID
2025-12-20 21:00:00,64.49,MARKET_FEED,VALID
2025-12-20 22:00:00,62.3,MARKET_FEED,VALID
2025-12-20 23:00:00,54.29,MARKET_FEED,VALID
2025-12-21 00:00:00,58.23,MARKET_FEED,VALID
2025-12-21 01:00:00,62.29,MARKET_FEED,VALID
2025-12-21 02:00:00,59.5,MARKET_FEED,VALID
2025-12-21 03:00:00,55.77,MARKET_FEED,VALID
2025-12-21 04:00:00,66.39,MARKET_FEED,VALID
2025-12-21 05:00:00,63.14,MARKET_FEED,VALID
2025-12-21 06:00:00,70.41,MARKET_FEED,VALID
2025-12-21 07:00:00,71.97,MARKET_FEED,VALID
2025-12-21 08:00:00,74.41,MARKET_FEED,VALID
2025-12-21 09:00:00,74.55,MARKET_FEED,VALID
2025-12-21 10:00:00,72.45,MARKET_FEED,VALID
2025-12-21 11:00:00,74.42,MARKET_FEED,VALID
2025-12-21 12:00:00,67.57,MARKET_FEED,VALID
2025-12-21 13:00:00,82.47,MARKET_FEED,VALID
2025-12-21 14:00:00,77.38,MARKET_FEED,VALID
2025-12-21 15:00:00,74.95,MARKET_FEED,VALID
2025-12-21 16:00:00,81.13,MARKET_FEED,VALID
2025-12-21 17:00:00,82.83,MARKET_FEED,VALID
2025-12-21 18:00:00,69.73,MARKET_FEED,VALID
2025-12-21 19:00:00,73.37,MARKET_FEED,VALID
2025-12-21 20:00:00,67.57,MARKET_FEED,VALID
2025-12-21 21:00:00,54.23,MARKET_FEED,VALID
2025-12-21 22:00:00,55.3,MARKET_FEED,VALID
2025-12-21 23:00:00,56.37,MARKET_FEED,VALID
2025-12-22 00:00:00,55.47,MARKET_FEED,VALID
2025-12-22 01:00:00,53.46,MARKET_FEED,VALID
2025-12-22 02:00:00,57.46,MARKET_FEED,VALID
2025-12-22 03:00:00,64.14,MARKET_FEED,VALID
2025-12-22 04:00:00,57.51,MARKET_FEED,VALID
2025-12-22 05:00:00,69.54,MARKET_FEED,VALID
2025-12-22 06:00:00,72.36,MARKET_FEED,VALID
2025-12-22 07:00:00,69.14,MARKET_FEED,VALID
2025-12-22 08:00:00,72.78,MARKET_FEED,VALID
2025-12-22 09:00:00,80.32,MARKET_FEED,VALID
2025-12-22 10:00:00,71.84,MARKET_FEED,VALID
2025-12-22 11:00:00,66.7,MARKET_FEED,VALID
2025-12-22 12:00:00,66.9,MARKET_FEED,VALID
2025-12-22 13:00:00,77.13,MARKET_FEED,VALID
2025-12-22 14:00:00,75.69,MARKET_FEED,VALID
2025-12-22 15:00:00,66.47,MARKET_FEED,VALID
2025-12-22 16:00:00,86.21,MARKET_FEED,VALID
2025-12-22 17:00:00,87.07,MARKET_FEED,VALID
2025-12-22 18:00:00,70.51,MARKET_FEED,VALID
2025-12-22 19:00:00,83.25,MARKET_FEED,VALID
2025-12-22 20:00:00,67.4,MARKET_FEED,VALID
2025-12-22 21:00:00,68.81,MARKET_FEED,VALID
2025-12-22 22:00:00,64.15,MARKET_FEED,VALID
2025-12-22 23:00:00,59.2,MARKET_FEED,VALID
2025-12-23 00:00:00,53.43,MARKET_FEED,VALID
2025-12-23 01:00:00,58.71,MARKET_FEED,VALID
2025-12-23 02:00:00,51.01,MARKET_FEED,VALID
2025-12-23 03:00:00,50.46,MARKET_FEED,VALID
2025-12-23 04:00:00,56.42,MARKET_FEED,VALID
2025-12-23 05:00:00,66.32,MARKET_FEED,VALID
2025-12-23 06:00:00,66.68,MARKET_FEED,VALID
2025-12-23 07:00:00,65.39,MARKET_FEED,VALID
2025-12-23 08:00:00,75.96,MARKET_FEED,VALID
2025-12-23 09:00:00,79.24,MARKET_FEED,VALID
2025-12-23 10:00:00,68.48,MARKET_FEED,VALID
2025-12-23 11:00:00,75.64,MARKET_FEED,VALID
2025-12-23 12:00:00,74.3,MARKET_FEED,VALID
2025-12-23 13:00:00,74.1,MARKET_FEED,VALID
2025-12-23 14:00:00,75.16,MARKET_FEED,VALID
2025-12-23 15:00:00,81.56,MARKET_FEED,VALID
2025-12-23 16:00:00,77.61,MARKET_FEED,VALID
2025-12-23 17:00:00,75.98,MARKET_FEED,VALID
2025-12-23 18:00:00,63.95,MARKET_FEED,VALID
2025-12-23 19:00:00,73.74,MARKET_FEED,VALID
2025-12-23 20:00:00,67.88,MARKET_FEED,VALID
2025-12-23 21:00:00,69.46,MARKET_FEED,VALID
2025-12-23 22:00:00,64.73,MARKET_FEED,VALID
2025-12-23 23:00:00,65.41,MARKET_FEED,VALID
2025-12-24 00:00:00,58.21,MARKET_FEED,VALID
2025-12-24 01:00:00,51.14,MARKET_FEED,VALID
2025-12-24 02:00:00,62.86,MARKET_FEED,VALID
2025-12-24 03:00:00,58.05,MARKET_FEED,VALID
2025-12-24 04:00:00,63.82,MARKET_FEED,VALID
2025-12-24 05:00:00,59.99,MARKET_FEED,VALID
2025-12-24 06:00:00,68.83,MARKET_FEED,VALID
2025-12-24 07:00:00,63.15,MARKET_FEED,VALID
2025-12-24 08:00:00,78.16,MARKET_FEED,VALID
2025-12-24 09:00:00,76.31,MARKET_FEED,VALID
2025-12-24 10:00:00,78.71,MARKET_FEED,VALID
2025-12-24 11:00:00,67.27,MARKET_FEED,VALID
2025-12-24 12:00:00,79.72,MARKET_FEED,VALID
2025-12-24 13:00:00,80.1,MARKET_FEED,VALID
2025-12-24 14:00:00,83.2,MARKET_FEED,VALID
2025-12-24 15:00:00,81.82,MARKET_FEED,VALID
2025-12-24 16:00:00,75.22,MARKET_FEED,VALID
2025-12-24 17:00:00,75.65,MARKET_FEED,VALID
2025-12-24 18:00:00,71.57,MARKET_FEED,VALID
2025-12-24 19:00:00,62.35,MARKET_FEED,VALID
2025-12-24 20:00:00,63.53,MARKET_FEED,VALID
2025-12-24 21:00:00,62.2,MARKET_FEED,VALID
2025-12-24 22:00:00,58.74,MARKET_FEED,VALID
2025-12-24 23:00:00,59.27,MARKET_FEED,VALID
2025-12-25 00:00:00,60.02,MARKET_FEED,VALID
2025-12-25 01:00:00,57.88,MARKET_FEED,VALID
2025-12-25 02:00:00,56.31,MARKET_FEED,VALID
2025-12-25 03:00:00,63.84,MARKET_FEED,VALID
2025-12-25 04:00:00,55.91,MARKET_FEED,VALID
2025-12-25 05:00:00,60.16,MARKET_FEED,VALID
2025-12-25 06:00:00,61.62,MARKET_FEED,VALID
2025-12-25 07:00:00,72.44,MARKET_FEED,VALID
2025-12-25 08:00:00,75.47,MARKET_FEED,VALID
2025-12-25 09:00:00,78.02,MARKET_FEED,VALID
2025-12-25 10:00:00,86.58,MARKET_FEED,VALID
2025-12-25 11:00:00,72.47,MARKET_FEED,VALID
2025-12-25 12:00:00,71.43,MARKET_FEED,VALID
2025-12-25 13:00:00,84.5,MARKET_FEED,VALID
2025-12-25 14:00:00,74.92,MARKET_FEED,VALID
2025-12-25 15:00:00,83.31,MARKET_FEED,VALID
2025-12-25 16:00:00,82.79,MARKET_FEED,VALID
2025-12-25 17:00:00,79.66,MARKET_FEED,VALID
2025-12-25 18:00:00,81.06,MARKET_FEED,VALID
2025-12-25 19:00:00,78.24,MARKET_FEED,VALID
2025-12-25 20:00:00,69.49,MARKET_FEED,VALID
2025-12-25 21:00:00,60.58,MARKET_FEED,VALID
2025-12-25 22:00:00,77.77,MARKET_FEED,VALID
2025-12-25 23:00:00,53.97,MARKET_FEED,VALID
2025-12-26 00:00:00,57.92,MARKET_FEED,VALID
2025-12-26 01:00:00,62.3,MARKET_FEED,VALID
2025-12-26 02:00:00,59.86,MARKET_FEED,VALID
2025-12-26 03:00:00,60.8,MARKET_FEED,VALID
2025-12-26 04:00:00,63.67,MARKET_FEED,VALID
2025-12-26 05:00:00,67.97,MARKET_FEED,VALID
2025-12-26 06:00:00,61.4,MARKET_FEED,VALID
2025-12-26 07:00:00,74.11,MARKET_FEED,VALID
2025-12-26 08:00:00,73.97,MARKET_FEED,VALID
2025-12-26 09:00:00,79.86,MARKET_FEED,VALID
2025-12-26 10:00:00,78.73,MARKET_FEED,VALID
2025-12-26 11:00:00,75.13,MARKET_FEED,VALID
2025-12-26 12:00:00,80.13,MARKET_FEED,VALID
2025-12-26 13:00:00,68.05,MARKET_FEED,VALID
2025-12-26 14:00:00,80.9,MARKET_FEED,VALID
2025-12-26 15:00:00,92.96,MARKET_FEED,VALID
2025-12-26 16:00:00,75.49,MARKET_FEED,VALID
2025-12-26 17:00:00,71.41,MARKET_FEED,VALID
2025-12-26 18:00:00,73.99,MARKET_FEED,VALID
2025-12-26 19:00:00,68.32,MARKET_FEED,VALID
2025-12-26 20:00:00,68.33,MARKET_FEED,VALID
2025-12-26 21:00:00,60.79,MARKET_FEED,VALID
2025-12-26 22:00:00,55.97,MARKET_FEED,VALID
2025-12-26 23:00:00,45.09,MARKET_FEED,VALID
2025-12-27 00:00:00,52.61,MARKET_FEED,VALID
2025-12-27 01:00:00,58.76,MARKET_FEED,VALID
2025-12-27 02:00:00,63.06,MARKET_FEED,VALID
2025-12-27 03:00:00,62.44,MARKET_FEED,VALID
2025-12-27 04:00:00,64.78,MARKET_FEED,VALID
2025-12-27 05:00:00,67.51,MARKET_FEED,VALID
2025-12-27 06:00:00,63.58,MARKET_FEED,VALID
2025-12-27 07:00:00,60.18,MARKET_FEED,VALID
2025-12-27 08:00:00,72.21,MARKET_FEED,VALID
2025-12-27 09:00:00,66.98,MARKET_FEED,VALID
2025-12-27 10:00:00,73.29,MARKET_FEED,VALID
2025-12-27 11:00:00,69.28,MARKET_FEED,VALID
2025-12-27 12:00:00,82.87,MARKET_FEED,VALID
2025-12-27 13:00:00,83.28,MARKET_FEED,VALID
2025-12-27 14:00:00,82.48,MARKET_FEED,VALID
2025-12-27 15:00:00,76.19,MARKET_FEED,VALID
2025-12-27 16:00:00,71.14,MARKET_FEED,VALID
2025-12-27 17:00:00,86.2,MARKET_FEED,VALID
2025-12-27 18:00:00,72.43,MARKET_FEED,VALID
2025-12-27 19:00:00,71.82,MARKET_FEED,VALID
2025-12-27 20:00:00,62.92,MARKET_FEED,VALID
2025-12-27 21:00:00,72.39,MARKET_FEED,VALID
2025-12-27 22:00:00,56.86,MARKET_FEED,VALID
2025-12-27 23:00:00,57.55,MARKET_FEED,VALID
2025-12-28 00:00:00,60.28,MARKET_FEED,VALID
2025-12-28 01:00:00,62.94,MARKET_FEED,VALID
2025-12-28 02:00:00,56.65,MARKET_FEED,VALID
2025-12-28 03:00:00,59.91,MARKET_FEED,VALID
2025-12-28 04:00:00,58.21,MARKET_FEED,VALID
2025-12-28 05:00:00,63.54,MARKET_FEED,VALID
2025-12-28 06:00:00,69.43,MARKET_FEED,VALID
2025-12-28 07:00:00,77.46,MARKET_FEED,VALID
2025-12-28 08:00:00,73.69,MARKET_FEED,VALID
2025-12-28 09:00:00,69.59,MARKET_FEED,VALID
2025-12-28 10:00:00,79.86,MARKET_FEED,VALID
2025-12-28 11:00:00,77.56,MARKET_FEED,VALID
2025-12-28 12:00:00,82.27,MARKET_FEED,VALID
2025-12-28 13:00:00,79.11,MARKET_FEED,VALID
2025-12-28 14:00:00,84.15,MARKET_FEED,VALID
2025-12-28 15:00:00,71.61,MARKET_FEED,VALID
2025-12-28 16:00:00,77.62,MARKET_FEED,VALID
2025-12-28 17:00:00,69.01,MARKET_FEED,VALID
2025-12-28 18:00:00,72.84,MARKET_FEED,VALID
2025-12-28 19:00:00,71.35,MARKET_FEED,VALID
2025-12-28 20:00:00,58.14,MARKET_FEED,VALID
2025-12-28 21:00:00,63.4,MARKET_FEED,VALID
2025-12-28 22:00:00,59.13,MARKET_FEED,VALID
2025-12-28 23:00:00,65.1,MARKET_FEED,VALID
2025-12-29 00:00:00,66.78,MARKET_FEED,VALID
2025-12-29 01:00:00,63.74,MARKET_FEED,VALID
2025-12-29 02:00:00,57.23,MARKET_FEED,VALID
2025-12-29 03:00:00,63.74,MARKET_FEED,VALID
2025-12-29 04:00:00,59.5,MARKET_FEED,VALID
2025-12-29 05:00:00,59.73,MARKET_FEED,VALID
2025-12-29 06:00:00,62.84,MARKET_FEED,VALID
2025-12-29 07:00:00,75.51,MARKET_FEED,VALID
2025-12-29 08:00:00,81.86,MARKET_FEED,VALID
2025-12-29 09:00:00,75.44,MARKET_FEED,VALID
2025-12-29 10:00:00,76.95,MARKET_FEED,VALID
2025-12-29 11:00:00,76.22,MARKET_FEED,VALID
2025-12-29 12:00:00,83.94,MARKET_FEED,VALID
2025-12-29 13:00:00,72.96,MARKET_FEED,VALID
2025-12-29 14:00:00,85.84,MARKET_FEED,VALID
2025-12-29 15:00:00,83.29,MARKET_FEED,VALID
2025-12-29 16:00:00,75.33,MARKET_FEED,VALID
2025-12-29 17:00:00,82.98,MARKET_FEED,VALID
2025-12-29 18:00:00,57.97,MARKET_FEED,VALID
2025-12-29 19:00:00,68.42,MARKET_FEED,VALID
2025-12-29 20:00:00,71.53,MARKET_FEED,VALID
2025-12-29 21:00:00,63.46,MARKET_FEED,VALID
2025-12-29 22:00:00,52.91,MARKET_FEED,VALID
2025-12-29 23:00:00,60.53,MARKET_FEED,VALID
2025-12-30 00:00:00,54.36,MARKET_FEED,VALID
2025-12-30 01:00:00,64.69,MARKET_FEED,VALID
2025-12-30 02:00:00,49.69,MARKET_FEED,VALID
2025-12-30 03:00:00,59.51,MARKET_FEED,VALID
2025-12-30 04:00:00,53.92,MARKET_FEED,VALID
2025-12-30 05:00:00,64.46,MARKET_FEED,VALID
2025-12-30 06:00:00,61.34,MARKET_FEED,VALID
2025-12-30 07:00:00,69.24,MARKET_FEED,VALID
2025-12-30 08:00:00,70.29,MARKET_FEED,VALID
2025-12-30 09:00:00,73.23,MARKET_FEED,VALID
2025-12-30 10:00:00,78.57,MARKET_FEED,VALID
2025-12-30 11:00:00,81.13,MARKET_FEED,VALID
2025-12-30 12:00:00,74.85,MARKET_FEED,VALID
2025-12-30 13:00:00,74.96,MARKET_FEED,VALID
2025-12-30 14:00:00,76.72,MARKET_FEED,VALID
2025-12-30 15:00:00,76.21,MARKET_FEED,VALID
2025-12-30 16:00:00,81.29,MARKET_FEED,VALID
2025-12-30 17:00:00,74.42,MARKET_FEED,VALID
2025-12-30 18:00:00,84.14,MARKET_FEED,VALID
2025-12-30 19:00:00,65.93,MARKET_FEED,VALID
2025-12-30 20:00:00,61.76,MARKET_FEED,VALID
2025-12-30 21:00:00,63.43,MARKET_FEED,VALID
2025-12-30 22:00:00,60.38,MARKET_FEED,VALID
2025-12-30 23:00:00,60.49,MARKET_FEED,VALID
2025-12-31 00:00:00,58.48,MARKET_FEED,VALID
2025-12-31 01:00:00,57.53,MARKET_FEED,VALID
2025-12-31 02:00:00,65.13,MARKET_FEED,VALID
2025-12-31 03:00:00,66.32,MARKET_FEED,VALID
2025-12-31 04:00:00,61.69,MARKET_FEED,VALID
2025-12-31 05:00:00,63.48,MARKET_FEED,VALID
2025-12-31 06:00:00,67.55,MARKET_FEED,VALID
2025-12-31 07:00:00,72.29,MARKET_FEED,VALID
2025-12-31 08:00:00,64.78,MARKET_FEED,VALID
2025-12-31 09:00:00,82.88,MARKET_FEED,VALID
2025-12-31 10:00:00,78.99,MARKET_FEED,VALID
2025-12-31 11:00:00,73.48,MARKET_FEED,VALID
2025-12-31 12:00:00,72.63,MARKET_FEED,VALID
2025-12-31 13:00:00,75.76,MARKET_FEED,VALID
2025-12-31 14:00:00,84.33,MARKET_FEED,VALID
2025-12-31 15:00:00,89.73,MARKET_FEED,VALID
2025-12-31 16:00:00,65.71,MARKET_FEED,VALID
2025-12-31 17:00:00,75.68,MARKET_FEED,VALID
2025-12-31 18:00:00,64.42,MARKET_FEED,VALID
2025-12-31 19:00:00,67.65,MARKET_FEED,VALID
2025-12-31 20:00:00,64.69,MARKET_FEED,VALID
2025-12-31 21:00:00,70.92,MARKET_FEED,VALID
2025-12-31 22:00:00,62.38,MARKET_FEED,VALID
2025-12-31 23:00:00,63.47,MARKET_FEED,VALID
2025-09-06 20:00:00,74.52,MARKET_FEED,VALID
