timestamp,station_id,solar_irradiance_index,wind_speed_mps,temperature_c,source_system,record_status,solar_capacity_factor,wind_capacity_factor
2025-01-01 00:00:00,WX-MASTER,0.0,8.795,28.11,WEATHER_STATION,VALID,0.0,0.24559562151577496
2025-01-01 01:00:00,WX-MASTER,0.0,6.695,27.4,WEATHER_STATION,VALID,0.0,0.06366542275034294
2025-01-01 02:00:00,WX-MASTER,0.0,7.087,25.98,WEATHER_STATION,VALID,0.0,0.08615375525755828
2025-01-01 03:00:00,WX-MASTER,0.0,6.664,24.87,WEATHER_STATION,VALID,0.0,0.06207642445607681
2025-01-01 04:00:00,WX-MASTER,0.0,7.283,24.71,WEATHER_STATION,VALID,0.0,0.09915269483133062
2025-01-01 05:00:00,WX-MASTER,0.0,5.834,25.81,WEATHER_STATION,VALID,0.0,0.028724986732071314
2025-01-01 06:00:00,WX-MASTER,0.0,7.93,23.09,WEATHER_STATION,VALID,0.0,0.15121715286694096
2025-01-01 07:00:00,WX-MASTER,0.231,7.729,22.56,WEATHER_STATION,VALID,0.22297421941752948,0.13346526130299044
2025-01-01 08:00:00,WX-MASTER,0.434,4.761,23.78,WEATHER_STATION,VALID,0.42087062446464707,0.006891890472592595
2025-01-01 09:00:00,WX-MASTER,0.5331,6.656,23.66,WEATHER_STATION,VALID,0.5102856342331579,0.061670697479725645
2025-01-01 10:00:00,WX-MASTER,0.7615,5.102,23.92,WEATHER_STATION,VALID,0.7486999233678706,0.011720831812565165
2025-01-01 11:00:00,WX-MASTER,0.8246,5.452,24.86,WEATHER_STATION,VALID,0.8094825084493207,0.01860465823780521
2025-01-01 12:00:00,WX-MASTER,0.7882,7.242,24.07,WEATHER_STATION,VALID,0.7653346809372662,0.09633238031407408
2025-01-01 13:00:00,WX-MASTER,0.8531,4.321,25.05,WEATHER_STATION,VALID,0.8419317421049664,0.002909167665459533
2025-01-01 14:00:00,WX-MASTER,0.7307,6.408,28.21,WEATHER_STATION,VALID,0.7139031361457535,0.04995271035259261
2025-01-01 15:00:00,WX-MASTER,0.5328,5.87,27.76,WEATHER_STATION,VALID,0.5099485346366371,0.02983362244170096
2025-01-01 16:00:00,WX-MASTER,0.452,5.159,29.5,WEATHER_STATION,VALID,0.44094013031607937,0.012700424176515774
2025-01-01 17:00:00,WX-MASTER,0.2145,6.078,30.97,WEATHER_STATION,VALID,0.20497979523183268,0.03680155296000001
2025-01-01 18:00:00,WX-MASTER,0.0,6.152,31.08,WEATHER_STATION,VALID,0.0,0.03952018104713306
2025-01-01 19:00:00,WX-MASTER,0.0,4.577,28.77,WEATHER_STATION,VALID,0.0,0.004949432195281207
2025-01-01 20:00:00,WX-MASTER,0.0,5.555,30.39,WEATHER_STATION,VALID,0.0,0.02104907484910836
2025-01-01 21:00:00,WX-MASTER,0.0,5.235,31.66,WEATHER_STATION,VALID,0.0,0.014089412407407416
2025-01-01 22:00:00,WX-MASTER,0.0,6.458,30.69,WEATHER_STATION,VALID,0.0,0.05218374770787381
2025-01-01 23:00:00,WX-MASTER,0.0,8.746,29.73,WEATHER_STATION,VALID,0.0,0.239418201455583
2025-01-02 00:00:00,WX-MASTER,0.0,7.896,26.84,WEATHER_STATION,VALID,0.0,0.14811004928000004
2025-01-02 01:00:00,WX-MASTER,0.0,5.341,27.23,WEATHER_STATION,VALID,0.0,0.016190659527187932
2025-01-02 02:00:00,WX-MASTER,0.0,6.842,27.15,WEATHER_STATION,VALID,0.0,0.07157022468170095
2025-01-02 03:00:00,WX-MASTER,0.0,7.428,24.45,WEATHER_STATION,VALID,0.0,0.10956784896
2025-01-02 04:00:00,WX-MASTER,0.0,7.956,26.26,WEATHER_STATION,VALID,0.0,0.15362227493925934
2025-01-02 05:00:00,WX-MASTER,0.0,5.954,24.45,WEATHER_STATION,VALID,0.0,0.032530577408614536
2025-01-02 06:00:00,WX-MASTER,0.0,4.963,21.66,WEATHER_STATION,VALID,0.0,0.009545994896076819
2025-01-02 07:00:00,WX-MASTER,0.2288,6.245,23.0,WEATHER_STATION,VALID,0.220541183663768,0.04312254682441702
2025-01-02 08:00:00,WX-MASTER,0.411,6.797,23.22,WEATHER_STATION,VALID,0.39551202357527393,0.06908473411133058
2025-01-02 09:00:00,WX-MASTER,0.2925,6.111,23.53,WEATHER_STATION,VALID,0.28015457215481243,0.037997964472592585
2025-01-02 10:00:00,WX-MASTER,0.2521,4.433,25.73,WEATHER_STATION,VALID,0.24686632618646923,0.003713632041207133
2025-01-02 11:00:00,WX-MASTER,0.8536,7.683,25.28,WEATHER_STATION,VALID,0.8424473612359983,0.12960828750074074
2025-01-02 12:00:00,WX-MASTER,0.7733,5.148,23.67,WEATHER_STATION,VALID,0.7487792664649323,0.012507287419259255
2025-01-02 13:00:00,WX-MASTER,0.6924,5.467,24.37,WEATHER_STATION,VALID,0.6629021348302672,0.01894819072422496
2025-01-02 14:00:00,WX-MASTER,0.6342,4.36,26.74,WEATHER_STATION,VALID,0.6073307101951292,0.0031745123731138566
2025-01-02 15:00:00,WX-MASTER,0.3337,6.732,28.12,WEATHER_STATION,VALID,0.32694554219945654,0.06559718523259261
2025-01-02 16:00:00,WX-MASTER,0.4697,6.173,30.0,WEATHER_STATION,VALID,0.46084559726321384,0.04031535750293554
2025-01-02 17:00:00,WX-MASTER,0.2532,6.027,31.61,WEATHER_STATION,VALID,0.24766689991102311,0.03500237891407409
2025-01-02 18:00:00,WX-MASTER,0.0,4.349,32.23,WEATHER_STATION,VALID,0.0,0.0030981051098491097
2025-01-02 19:00:00,WX-MASTER,0.0,7.522,29.91,WEATHER_STATION,VALID,0.0,0.11669492603039784
2025-01-02 20:00:00,WX-MASTER,0.0,7.345,31.68,WEATHER_STATION,VALID,0.0,0.10352128194101508
2025-01-02 21:00:00,WX-MASTER,0.0,7.931,30.95,WEATHER_STATION,VALID,0.0,0.15130919008466392
2025-01-02 22:00:00,WX-MASTER,0.0,6.883,28.78,WEATHER_STATION,VALID,0.0,0.07388605360224967
2025-01-02 23:00:00,WX-MASTER,0.0,6.918,27.27,WEATHER_STATION,VALID,0.0,0.07590206543407409
2025-01-03 00:00:00,WX-MASTER,0.0,6.922,29.02,WEATHER_STATION,VALID,0.0,0.07613477472175582
2025-01-03 01:00:00,WX-MASTER,0.0,10.184,26.2,WEATHER_STATION,VALID,0.0,0.46790670653454036
2025-01-03 02:00:00,WX-MASTER,0.0,6.51,26.07,WEATHER_STATION,VALID,0.0,0.05457347999999999
2025-01-03 03:00:00,WX-MASTER,0.0,5.6,25.37,WEATHER_STATION,VALID,0.0,0.022180960219478733
2025-01-03 04:00:00,WX-MASTER,0.0,6.521,25.61,WEATHER_STATION,VALID,0.0,0.0550881736352812
2025-01-03 05:00:00,WX-MASTER,0.0,6.125,26.15,WEATHER_STATION,VALID,0.0,0.03851326731824417
2025-01-03 06:00:00,WX-MASTER,0.0,8.227,24.08,WEATHER_STATION,VALID,0.0,0.18022614748471885
2025-01-03 07:00:00,WX-MASTER,0.2229,4.573,23.07,WEATHER_STATION,VALID,0.21407691191439837,0.004911865508422499
2025-01-03 08:00:00,WX-MASTER,0.4222,5.345,21.11,WEATHER_STATION,VALID,0.4077915241229814,0.016273794972565155
2025-01-03 09:00:00,WX-MASTER,0.6632,6.072,24.26,WEATHER_STATION,VALID,0.6581756761641598,0.03658675844740741
2025-01-03 10:00:00,WX-MASTER,0.472,7.25,24.1,WEATHER_STATION,VALID,0.4517099157008918,0.0968784293552812
2025-01-03 11:00:00,WX-MASTER,0.8407,6.347,23.96,WEATHER_STATION,VALID,0.8276894741905758,0.04731811507429357
2025-01-03 12:00:00,WX-MASTER,0.6415,7.4,26.74,WEATHER_STATION,VALID,0.6060615856226269,0.10750244170096024
2025-01-03 13:00:00,WX-MASTER,0.734,5.682,24.76,WEATHER_STATION,VALID,0.7082929158198565,0.024346504640000013
2025-01-03 14:00:00,WX-MASTER,0.7084,4.974,26.27,WEATHER_STATION,VALID,0.6888774140698057,0.009707373594074078
2025-01-03 15:00:00,WX-MASTER,0.6244,6.424,27.7,WEATHER_STATION,VALID,0.6111585583555109,0.050659577917805225
2025-01-03 16:00:00,WX-MASTER,0.4684,3.67,28.17,WEATHER_STATION,VALID,0.4593450779496246,0.0003795637311385459
2025-01-03 17:00:00,WX-MASTER,0.2597,3.413,30.23,WEATHER_STATION,VALID,0.2549994841547213,8.890177947873788e-05
2025-01-03 18:00:00,WX-MASTER,0.0,7.134,30.68,WEATHER_STATION,VALID,0.0,0.08916033999407409
2025-01-03 19:00:00,WX-MASTER,0.0,6.392,31.73,WEATHER_STATION,VALID,0.0,0.04925244897799728
2025-01-03 20:00:00,WX-MASTER,0.0,7.632,31.2,WEATHER_STATION,VALID,0.0,0.12541975589925922
2025-01-03 21:00:00,WX-MASTER,0.0,5.522,30.34,WEATHER_STATION,VALID,0.0,0.020243963506392328
2025-01-03 22:00:00,WX-MASTER,0.0,8.523,29.72,WEATHER_STATION,VALID,0.0,0.21261085241925917
2025-01-03 23:00:00,WX-MASTER,0.0,7.905,30.11,WEATHER_STATION,VALID,0.0,0.14892833500000002
2025-01-04 00:00:00,WX-MASTER,0.0,7.137,28.65,WEATHER_STATION,VALID,0.0,0.08935458903259257
2025-01-04 01:00:00,WX-MASTER,0.0,7.509,28.09,WEATHER_STATION,VALID,0.0,0.11569138091999999
2025-01-04 02:00:00,WX-MASTER,0.0,7.684,27.74,WEATHER_STATION,VALID,0.0,0.12969133424373117
2025-01-04 03:00:00,WX-MASTER,0.0,6.046,26.38,WEATHER_STATION,VALID,0.0,0.03566563790002745
2025-01-04 04:00:00,WX-MASTER,0.0,6.524,25.74,WEATHER_STATION,VALID,0.0,0.05522910408515775
2025-01-04 05:00:00,WX-MASTER,0.0,7.267,23.7,WEATHER_STATION,VALID,0.0,0.09804562687237314
2025-01-04 06:00:00,WX-MASTER,0.0,6.055,25.71,WEATHER_STATION,VALID,0.0,0.03598271613854595
2025-01-04 07:00:00,WX-MASTER,0.2314,4.443,22.42,WEATHER_STATION,VALID,0.22338425816063104,0.0037919211007407384
2025-01-04 08:00:00,WX-MASTER,0.4567,6.476,24.15,WEATHER_STATION,VALID,0.44612813876488705,0.05300289635379974
2025-01-04 09:00:00,WX-MASTER,0.5458,6.929,23.16,WEATHER_STATION,VALID,0.5240068123204873,0.0765431596184911
2025-01-04 10:00:00,WX-MASTER,0.6693,7.008,25.39,WEATHER_STATION,VALID,0.64557612090741,0.08125375450074077
2025-01-04 11:00:00,WX-MASTER,0.7305,6.13,25.71,WEATHER_STATION,VALID,0.7044021070265133,0.03869842694101507
2025-01-04 12:00:00,WX-MASTER,0.6828,6.377,25.37,WEATHER_STATION,VALID,0.650068210349877,0.04860192612120712
2025-01-04 13:00:00,WX-MASTER,0.8016,6.535,28.08,WEATHER_STATION,VALID,0.7834073571089658,0.055747905274348426
2025-01-04 14:00:00,WX-MASTER,0.6613,5.36,26.9,WEATHER_STATION,VALID,0.6368047634863591,0.01658808713305899
2025-01-04 15:00:00,WX-MASTER,0.5884,2.575,29.09,WEATHER_STATION,VALID,0.5708582730918906,0.0
2025-01-04 16:00:00,WX-MASTER,0.3143,6.973,28.0,WEATHER_STATION,VALID,0.3071374801234119,0.07914363518743484
2025-01-04 17:00:00,WX-MASTER,0.2509,4.492,30.08,WEATHER_STATION,VALID,0.2450535200809887,0.00419147392175583
2025-01-04 18:00:00,WX-MASTER,0.0,4.412,29.04,WEATHER_STATION,VALID,0.0,0.00355274788170096
2025-01-04 19:00:00,WX-MASTER,0.0,4.702,30.53,WEATHER_STATION,VALID,0.0,0.006222128361262003
2025-01-04 20:00:00,WX-MASTER,0.0,9.627,30.56,WEATHER_STATION,VALID,0.0,0.36729178158074083
2025-01-04 21:00:00,WX-MASTER,0.0,7.22,31.56,WEATHER_STATION,VALID,0.0,0.09484133355281205
2025-01-04 22:00:00,WX-MASTER,0.0,5.517,29.35,WEATHER_STATION,VALID,0.0,0.020123797832592605
2025-01-04 23:00:00,WX-MASTER,0.0,6.163,33.29,WEATHER_STATION,VALID,0.0,0.03993538492076818
2025-01-05 00:00:00,WX-MASTER,0.0,7.194,27.25,WEATHER_STATION,VALID,0.0,0.09309912031999999
2025-01-05 01:00:00,WX-MASTER,0.0,7.962,28.34,WEATHER_STATION,VALID,0.0,0.1541809008474074
2025-01-05 02:00:00,WX-MASTER,0.0,7.615,27.5,WEATHER_STATION,VALID,0.0,0.12404390082990398
2025-01-05 03:00:00,WX-MASTER,0.0,5.971,26.89,WEATHER_STATION,VALID,0.0,0.033095447245706455
2025-01-05 04:00:00,WX-MASTER,0.0,7.455,24.79,WEATHER_STATION,VALID,0.0,0.11158438500000001
2025-01-05 05:00:00,WX-MASTER,0.0,6.06,24.97,WEATHER_STATION,VALID,0.0,0.03615967999999999
2025-01-05 06:00:00,WX-MASTER,0.0,7.987,23.45,WEATHER_STATION,VALID,0.0,0.1565230866649657
2025-01-05 07:00:00,WX-MASTER,0.2585,6.445,26.02,WEATHER_STATION,VALID,0.2536047166167311,0.051597418978052145
2025-01-05 08:00:00,WX-MASTER,0.3917,5.124,22.89,WEATHER_STATION,VALID,0.37446352932110194,0.012092715519999995
2025-01-05 09:00:00,WX-MASTER,0.5749,6.756,23.6,WEATHER_STATION,VALID,0.5558814092197284,0.06687088175407407
2025-01-05 10:00:00,WX-MASTER,0.6256,6.136,23.33,WEATHER_STATION,VALID,0.5979169930367192,0.038921400685212625
2025-01-05 11:00:00,WX-MASTER,0.7343,4.839,23.72,WEATHER_STATION,VALID,0.7085367201854932,0.007848840194074079
2025-01-05 12:00:00,WX-MASTER,0.3686,6.28,23.72,WEATHER_STATION,VALID,0.3621880636920019,0.04453298743484226
2025-01-05 13:00:00,WX-MASTER,0.6205,6.087,27.06,WEATHER_STATION,VALID,0.5858079651611373,0.03712531843999999
2025-01-05 14:00:00,WX-MASTER,0.7293,6.837,26.35,WEATHER_STATION,VALID,0.7121733774485699,0.07129116251407405
2025-01-05 15:00:00,WX-MASTER,0.6029,6.271,27.1,WEATHER_STATION,VALID,0.5869629619196919,0.044167409862990406
2025-01-05 16:00:00,WX-MASTER,0.4076,5.205,27.75,WEATHER_STATION,VALID,0.3917393671708698,0.013529635
2025-01-05 17:00:00,WX-MASTER,0.2023,3.474,29.99,WEATHER_STATION,VALID,0.19184293744085823,0.00013439877925925943
2025-01-05 18:00:00,WX-MASTER,0.0,6.144,30.21,WEATHER_STATION,VALID,0.0,0.03922002906074074
2025-01-05 19:00:00,WX-MASTER,0.0,6.599,30.57,WEATHER_STATION,VALID,0.0,0.05883094696170097
2025-01-05 20:00:00,WX-MASTER,0.0,6.482,29.74,WEATHER_STATION,VALID,0.0,0.05327783878540467
2025-01-05 21:00:00,WX-MASTER,0.0,2.752,31.06,WEATHER_STATION,VALID,0.0,0.0
2025-01-05 22:00:00,WX-MASTER,0.0,7.772,29.39,WEATHER_STATION,VALID,0.0,0.13713919758046644
2025-01-05 23:00:00,WX-MASTER,0.0,5.884,29.71,WEATHER_STATION,VALID,0.0,0.030272345206694112
2025-01-06 00:00:00,WX-MASTER,0.0,8.105,28.77,WEATHER_STATION,VALID,0.0,0.16789877917009607
2025-01-06 01:00:00,WX-MASTER,0.0,9.487,26.07,WEATHER_STATION,VALID,0.0,0.34450219456620024
2025-01-06 02:00:00,WX-MASTER,0.0,6.942,29.62,WEATHER_STATION,VALID,0.0,0.07730545824
2025-01-06 03:00:00,WX-MASTER,0.0,7.767,26.97,WEATHER_STATION,VALID,0.0,0.1367085744992593
2025-01-06 04:00:00,WX-MASTER,0.0,7.104,25.65,WEATHER_STATION,VALID,0.0,0.08723331072000001
2025-01-06 05:00:00,WX-MASTER,0.0,7.556,25.12,WEATHER_STATION,VALID,0.0,0.1193469831093553
2025-01-06 06:00:00,WX-MASTER,0.0,6.779,26.62,WEATHER_STATION,VALID,0.0,0.0681068783098491
2025-01-06 07:00:00,WX-MASTER,0.209,5.719,25.17,WEATHER_STATION,VALID,0.19900322782469784,0.025368098878299054
2025-01-06 08:00:00,WX-MASTER,0.4057,4.953,24.1,WEATHER_STATION,VALID,0.3896357920474514,0.009400847960000003
2025-01-06 09:00:00,WX-MASTER,0.5295,7.947,22.95,WEATHER_STATION,VALID,0.5062556705853866,0.15278686863259258
2025-01-06 10:00:00,WX-MASTER,0.6678,6.226,23.49,WEATHER_STATION,VALID,0.6438612752017886,0.04236950480373114
2025-01-06 11:00:00,WX-MASTER,0.6495,6.555,22.55,WEATHER_STATION,VALID,0.6166026352074326,0.05669948499999999
2025-01-06 12:00:00,WX-MASTER,0.8377,5.869,24.99,WEATHER_STATION,VALID,0.8205499892221964,0.029802448335089163
2025-01-06 13:00:00,WX-MASTER,0.7442,6.556,27.07,WEATHER_STATION,VALID,0.7193933280322864,0.05674734612718794
2025-01-06 14:00:00,WX-MASTER,0.5868,4.129,27.95,WEATHER_STATION,VALID,0.5562499629957877,0.001816109895582988
2025-01-06 15:00:00,WX-MASTER,0.5239,5.475,28.83,WEATHER_STATION,VALID,0.5002020717903305,0.019133124999999994
2025-01-06 16:00:00,WX-MASTER,0.4503,6.159,28.32,WEATHER_STATION,VALID,0.4389086292826023,0.03978406691999999
2025-01-06 17:00:00,WX-MASTER,0.2612,7.371,30.32,WEATHER_STATION,VALID,0.25664777989301013,0.10539080420592595
2025-01-06 18:00:00,WX-MASTER,0.0,9.394,31.21,WEATHER_STATION,VALID,0.0,0.3298968698289163
2025-01-06 19:00:00,WX-MASTER,0.0,6.703,27.89,WEATHER_STATION,VALID,0.0,0.06407984243187931
2025-01-06 20:00:00,WX-MASTER,0.0,5.575,31.05,WEATHER_STATION,VALID,0.0,0.021547257373113866
2025-01-06 21:00:00,WX-MASTER,0.0,5.13,33.06,WEATHER_STATION,VALID,0.0,0.012195485925925925
2025-01-06 22:00:00,WX-MASTER,0.0,5.732,29.87,WEATHER_STATION,VALID,0.0,0.025733708908861463
2025-01-06 23:00:00,WX-MASTER,0.0,6.082,26.63,WEATHER_STATION,VALID,0.0,0.036945215334101514
2025-01-07 00:00:00,WX-MASTER,0.0,3.461,27.99,WEATHER_STATION,VALID,0.0,0.00012364116120713295
2025-01-07 01:00:00,WX-MASTER,0.0,6.416,25.94,WEATHER_STATION,VALID,0.0,0.05030531642293554
2025-01-07 02:00:00,WX-MASTER,0.0,8.221,26.46,WEATHER_STATION,VALID,0.0,0.17960622243089167
2025-01-07 03:00:00,WX-MASTER,0.0,7.314,24.84,WEATHER_STATION,VALID,0.0,0.10132129252740742
2025-01-07 04:00:00,WX-MASTER,0.0,6.744,26.58,WEATHER_STATION,VALID,0.0,0.06623199232
2025-01-07 05:00:00,WX-MASTER,0.0,4.783,25.68,WEATHER_STATION,VALID,0.0,0.007153429947928675
2025-01-07 06:00:00,WX-MASTER,0.0,8.028,24.6,WEATHER_STATION,VALID,0.0,0.1604154175525927
2025-01-07 07:00:00,WX-MASTER,0.213,7.075,25.31,WEATHER_STATION,VALID,0.20330108625972154,0.0853971030521262
2025-01-07 08:00:00,WX-MASTER,0.3574,6.132,23.04,WEATHER_STATION,VALID,0.3377000247334399,0.03877265663999999
2025-01-07 09:00:00,WX-MASTER,0.5576,3.034,23.92,WEATHER_STATION,VALID,0.5368045206485107,4.960175582990315e-08
2025-01-07 10:00:00,WX-MASTER,0.6933,5.037,26.82,WEATHER_STATION,VALID,0.6719416883627649,0.01066678118074074
2025-01-07 11:00:00,WX-MASTER,0.8612,6.058,25.44,WEATHER_STATION,VALID,0.8582021186236248,0.03608882499731137
2025-01-07 12:00:00,WX-MASTER,0.7955,5.331,26.17,WEATHER_STATION,VALID,0.7731895007274752,0.015984060680000012
2025-01-07 13:00:00,WX-MASTER,0.8434,5.556,25.39,WEATHER_STATION,VALID,0.8305306375539527,0.021073799680000005
2025-01-07 14:00:00,WX-MASTER,0.6599,6.203,26.72,WEATHER_STATION,VALID,0.6351607225178602,0.04146972114244172
2025-01-07 15:00:00,WX-MASTER,0.5134,5.586,26.92,WEATHER_STATION,VALID,0.48887274805482245,0.02182457828740742
2025-01-07 16:00:00,WX-MASTER,0.3906,6.365,30.98,WEATHER_STATION,VALID,0.3732273808900805,0.048085651515775055
2025-01-07 17:00:00,WX-MASTER,0.221,4.613,27.82,WEATHER_STATION,VALID,0.21196587559606397,0.0052961881004663985
2025-01-07 18:00:00,WX-MASTER,0.0,4.349,31.34,WEATHER_STATION,VALID,0.0,0.0030981051098491097
2025-01-07 19:00:00,WX-MASTER,0.0,6.812,31.29,WEATHER_STATION,VALID,0.0,0.06990672793108368
2025-01-07 20:00:00,WX-MASTER,0.0,7.34,28.79,WEATHER_STATION,VALID,0.0,0.10316431231824418
2025-01-07 21:00:00,WX-MASTER,0.0,7.378,31.97,WEATHER_STATION,VALID,0.0,0.10589795432076818
2025-01-07 22:00:00,WX-MASTER,0.0,7.098,29.94,WEATHER_STATION,VALID,0.0,0.08685126756740741
2025-01-07 23:00:00,WX-MASTER,0.0,6.686,28.11,WEATHER_STATION,VALID,0.0,0.06320134077849109
2025-01-08 00:00:00,WX-MASTER,0.0,7.526,29.43,WEATHER_STATION,VALID,0.0,0.11700487255133056
2025-01-08 01:00:00,WX-MASTER,0.0,7.807,27.17,WEATHER_STATION,VALID,0.0,0.14017890571681765
2025-01-08 02:00:00,WX-MASTER,0.0,7.879,27.0,WEATHER_STATION,VALID,0.0,0.14657258705607681
2025-01-08 03:00:00,WX-MASTER,0.0,10.624,25.73,WEATHER_STATION,VALID,0.0,0.5592538234486695
2025-01-08 04:00:00,WX-MASTER,0.0,5.902,24.44,WEATHER_STATION,VALID,0.0,0.030842709497064486
2025-01-08 05:00:00,WX-MASTER,0.0,11.105,23.35,WEATHER_STATION,VALID,0.0,0.6719227668244171
2025-01-08 06:00:00,WX-MASTER,0.0,5.048,25.17,WEATHER_STATION,VALID,0.0,0.010840521021454047
2025-01-08 07:00:00,WX-MASTER,0.2443,6.93,24.26,WEATHER_STATION,VALID,0.2376034484244927,0.07660161925925925
2025-01-08 08:00:00,WX-MASTER,0.4923,4.614,24.06,WEATHER_STATION,VALID,0.48919179938296287,0.005306044527407406
2025-01-08 09:00:00,WX-MASTER,0.5988,6.315,23.43,WEATHER_STATION,VALID,0.5822730446731166,0.04597385240740744
2025-01-08 10:00:00,WX-MASTER,0.6888,6.97,24.28,WEATHER_STATION,VALID,0.6669102288146326,0.07896448718792864
2025-01-08 12:00:00,WX-MASTER,0.8862,6.653,24.59,WEATHER_STATION,VALID,0.8634134868737365,0.0615190068461454
2025-01-08 13:00:00,WX-MASTER,0.7811,4.775,28.39,WEATHER_STATION,VALID,0.772968769406708,0.007057572873799731
2025-01-08 14:00:00,WX-MASTER,0.6669,2.666,28.31,WEATHER_STATION,VALID,0.6490875928523934,0.0
2025-01-08 15:00:00,WX-MASTER,0.6587,6.219,27.48,WEATHER_STATION,VALID,0.6348788334957473,0.042094293912592604
2025-01-08 16:00:00,WX-MASTER,0.4562,5.58,27.2,WEATHER_STATION,VALID,0.4500843336429398,0.021673019259259265
2025-01-08 17:00:00,WX-MASTER,0.2708,5.105,27.68,WEATHER_STATION,VALID,0.26441760865303104,0.011771087812071335
2025-01-08 18:00:00,WX-MASTER,0.0,5.423,29.52,WEATHER_STATION,VALID,0.0,0.017952318367133065
2025-01-08 19:00:00,WX-MASTER,0.0,6.739,30.76,WEATHER_STATION,VALID,0.0,0.0659669939992867
2025-01-08 20:00:00,WX-MASTER,0.0,5.413,30.89,WEATHER_STATION,VALID,0.0,0.017730960599780524
2025-01-08 21:00:00,WX-MASTER,0.0,7.21,30.81,WEATHER_STATION,VALID,0.0,0.09416870249657067
2025-01-08 22:00:00,WX-MASTER,0.0,8.491,30.68,WEATHER_STATION,VALID,0.0,0.2089366514531138
2025-01-08 23:00:00,WX-MASTER,0.0,9.804,28.48,WEATHER_STATION,VALID,0.0,0.39751471872
2025-01-09 00:00:00,WX-MASTER,0.0,9.097,30.84,WEATHER_STATION,VALID,0.0,0.2860282204378052
2025-01-09 01:00:00,WX-MASTER,0.0,7.543,27.95,WEATHER_STATION,VALID,0.0,0.11832826848620027
2025-01-09 02:00:00,WX-MASTER,0.0,7.662,27.63,WEATHER_STATION,VALID,0.0,0.12787248544000002
2025-01-09 03:00:00,WX-MASTER,0.0,6.734,25.58,WEATHER_STATION,VALID,0.0,0.06570270347281205
2025-01-09 04:00:00,WX-MASTER,0.0,6.513,25.9,WEATHER_STATION,VALID,0.0,0.05471353163407407
2025-01-09 05:00:00,WX-MASTER,0.0,8.064,27.3,WEATHER_STATION,VALID,0.0,0.16388582437925925
2025-01-09 06:00:00,WX-MASTER,0.0,6.301,23.06,WEATHER_STATION,VALID,0.0,0.045393834717311406
2025-01-09 07:00:00,WX-MASTER,0.2358,6.923,22.56,WEATHER_STATION,VALID,0.2287078839574111,0.07619302626836762
2025-01-09 08:00:00,WX-MASTER,0.4521,4.935,22.74,WEATHER_STATION,VALID,0.437428611983656,0.009143304999999997
2025-01-09 09:00:00,WX-MASTER,0.665,7.717,23.5,WEATHER_STATION,VALID,0.6484173061242694,0.1324518192427435
2025-01-09 10:00:00,WX-MASTER,0.4053,5.294,23.62,WEATHER_STATION,VALID,0.40169778597585676,0.015234932687626877
2025-01-09 11:00:00,WX-MASTER,0.8164,6.947,23.55,WEATHER_STATION,VALID,0.7930173027699188,0.07759999230886147
2025-01-09 12:00:00,WX-MASTER,0.6122,4.492,25.47,WEATHER_STATION,VALID,0.5997472899386613,0.00419147392175583
2025-01-09 13:00:00,WX-MASTER,0.7595,4.361,28.25,WEATHER_STATION,VALID,0.713358414339004,0.003181520124170095
2025-01-09 14:00:00,WX-MASTER,0.6348,7.077,27.1,WEATHER_STATION,VALID,0.6152921033768214,0.08552290284000001
2025-01-09 15:00:00,WX-MASTER,0.5118,4.61,28.07,WEATHER_STATION,VALID,0.48997252121496165,0.005266692071330594
2025-01-09 16:00:00,WX-MASTER,0.3951,3.521,29.44,WEATHER_STATION,VALID,0.3760237043973994,0.0001784733883676268
2025-01-09 17:00:00,WX-MASTER,0.1395,4.396,30.53,WEATHER_STATION,VALID,0.1334774661722016,0.0034333379494101493
2025-01-09 18:00:00,WX-MASTER,0.0,7.09,31.96,WEATHER_STATION,VALID,0.0,0.08634361410150891
2025-01-09 19:00:00,WX-MASTER,0.0,7.219,30.95,WEATHER_STATION,VALID,0.0,0.09477392677953363
2025-01-09 20:00:00,WX-MASTER,0.0,5.5,30.77,WEATHER_STATION,VALID,0.0,0.01971879286694102
2025-01-09 21:00:00,WX-MASTER,0.0,5.92,29.47,WEATHER_STATION,VALID,0.0,0.03142019336076817
2025-01-09 22:00:00,WX-MASTER,0.0,7.84,31.2,WEATHER_STATION,VALID,0.0,0.1430857499039781
2025-01-09 23:00:00,WX-MASTER,0.0,8.856,28.74,WEATHER_STATION,VALID,0.0,0.25343319760592586
2025-01-10 00:00:00,WX-MASTER,0.0,7.201,28.01,WEATHER_STATION,VALID,0.0,0.09356606034694098
2025-01-10 01:00:00,WX-MASTER,0.0,8.073,28.45,WEATHER_STATION,VALID,0.0,0.16476117708592602
2025-01-10 02:00:00,WX-MASTER,0.0,8.482,29.16,WEATHER_STATION,VALID,0.0,0.20791096427237307
2025-01-10 03:00:00,WX-MASTER,0.0,10.072,27.27,WEATHER_STATION,VALID,0.0,0.44636183575879274
2025-01-10 04:00:00,WX-MASTER,0.0,5.635,25.51,WEATHER_STATION,VALID,0.0,0.023088842311385454
2025-01-10 05:00:00,WX-MASTER,0.0,6.08,23.66,WEATHER_STATION,VALID,0.0,0.03687333750342935
2025-01-10 06:00:00,WX-MASTER,0.0,6.062,26.1,WEATHER_STATION,VALID,0.0,0.036230627684170104
2025-01-10 07:00:00,WX-MASTER,0.2121,7.543,23.86,WEATHER_STATION,VALID,0.20629876813992049,0.11832826848620027
2025-01-10 08:00:00,WX-MASTER,0.4408,5.878,23.46,WEATHER_STATION,VALID,0.420406026066393,0.030083798271385458
2025-01-10 09:00:00,WX-MASTER,0.6038,6.361,24.59,WEATHER_STATION,VALID,0.5865055659522036,0.047914375981508904
2025-01-10 10:00:00,WX-MASTER,0.7886,5.89,23.74,WEATHER_STATION,VALID,0.7676417129172131,0.03046167829903977
2025-01-10 11:00:00,WX-MASTER,0.8625,5.554,23.93,WEATHER_STATION,VALID,0.8691948203605951,0.021024369364718798
2025-01-10 12:00:00,WX-MASTER,0.7137,5.566,24.77,WEATHER_STATION,VALID,0.7123815599860759,0.02132211371237311
2025-01-10 13:00:00,WX-MASTER,0.7403,6.703,25.61,WEATHER_STATION,VALID,0.7086161592137195,0.06407984243187931
2025-01-10 14:00:00,WX-MASTER,0.5886,4.108,25.96,WEATHER_STATION,VALID,0.5684046923008823,0.0017166413923731124
2025-01-10 15:00:00,WX-MASTER,0.5519,5.25,26.73,WEATHER_STATION,VALID,0.5232278953877922,0.014375
2025-01-10 16:00:00,WX-MASTER,0.4514,3.998,30.22,WEATHER_STATION,VALID,0.4338583228084532,0.0012544458609602203
2025-01-10 17:00:00,WX-MASTER,0.2711,6.061,30.59,WEATHER_STATION,VALID,0.2642504077471001,0.03619514225311385
2025-01-10 18:00:00,WX-MASTER,0.0,5.742,29.35,WEATHER_STATION,VALID,0.0,0.026017325499259256
2025-01-10 19:00:00,WX-MASTER,0.0,7.639,31.76,WEATHER_STATION,VALID,0.0,0.12598922851780525
2025-01-10 20:00:00,WX-MASTER,0.0,6.504,31.18,WEATHER_STATION,VALID,0.0,0.054294094127407405
2025-01-10 21:00:00,WX-MASTER,0.0,6.184,30.3,WEATHER_STATION,VALID,0.0,0.04073610263879288
2025-01-10 22:00:00,WX-MASTER,0.0,6.663,28.87,WEATHER_STATION,VALID,0.0,0.06202561156000001
2025-01-10 23:00:00,WX-MASTER,0.0,9.405,30.19,WEATHER_STATION,VALID,0.0,0.33160242759259245
2025-01-11 00:00:00,WX-MASTER,0.0,5.269,31.33,WEATHER_STATION,VALID,0.0,0.01474225050792867
2025-01-11 01:00:00,WX-MASTER,0.0,6.556,28.26,WEATHER_STATION,VALID,0.0,0.05674734612718794
2025-01-11 02:00:00,WX-MASTER,0.0,7.413,28.54,WEATHER_STATION,VALID,0.0,0.10845812230074076
2025-01-11 03:00:00,WX-MASTER,0.0,6.466,26.18,WEATHER_STATION,VALID,0.0,0.052546763786447195
2025-01-11 04:00:00,WX-MASTER,0.0,7.795,26.7,WEATHER_STATION,VALID,0.0,0.13913171342249658
2025-01-11 05:00:00,WX-MASTER,0.0,6.895,24.68,WEATHER_STATION,VALID,0.0,0.07457318379286691
2025-01-11 06:00:00,WX-MASTER,0.0,7.073,21.42,WEATHER_STATION,VALID,0.0,0.08527142668812075
2025-01-11 07:00:00,WX-MASTER,0.2712,6.64,23.09,WEATHER_STATION,VALID,0.2586022762668465,0.06086455484224964
2025-01-11 08:00:00,WX-MASTER,0.4932,6.091,24.0,WEATHER_STATION,VALID,0.4919934862825211,0.03726982162595336
2025-01-11 09:00:00,WX-MASTER,0.5154,4.297,25.26,WEATHER_STATION,VALID,0.5223970742853975,0.002753469227928668
2025-01-11 10:00:00,WX-MASTER,0.6712,5.981,24.12,WEATHER_STATION,VALID,0.6392686671809864,0.03343075825750342
2025-01-11 11:00:00,WX-MASTER,0.7925,3.279,24.9,WEATHER_STATION,VALID,0.7643474405261823,2.7407719999999973e-05
2025-01-11 12:00:00,WX-MASTER,0.8877,4.572,24.88,WEATHER_STATION,VALID,0.8656169829385484,0.004902503632592593
2025-01-11 13:00:00,WX-MASTER,0.6833,6.02,28.31,WEATHER_STATION,VALID,0.6805192865063351,0.03476010886145403
2025-01-11 14:00:00,WX-MASTER,0.6804,6.936,29.14,WEATHER_STATION,VALID,0.6499161366575614,0.07695300228740741
2025-01-11 15:00:00,WX-MASTER,0.639,8.517,27.43,WEATHER_STATION,VALID,0.6174790118466449,0.21191868524
2025-01-11 16:00:00,WX-MASTER,0.4572,5.041,27.27,WEATHER_STATION,VALID,0.4488149810966314,0.010729742835829913
2025-01-11 17:00:00,WX-MASTER,0.2305,4.662,27.65,WEATHER_STATION,VALID,0.22508820370246835,0.005793664699259258
2025-01-11 18:00:00,WX-MASTER,0.0,6.694,31.09,WEATHER_STATION,VALID,0.0,0.06361374627336078
2025-01-11 19:00:00,WX-MASTER,0.0,8.7,30.88,WEATHER_STATION,VALID,0.0,0.23371407407407405
2025-01-11 20:00:00,WX-MASTER,0.0,8.522,29.9,WEATHER_STATION,VALID,0.0,0.21249538671626894
2025-01-11 21:00:00,WX-MASTER,0.0,5.435,31.05,WEATHER_STATION,VALID,0.0,0.01822037015775033
2025-01-11 22:00:00,WX-MASTER,0.0,6.821,28.89,WEATHER_STATION,VALID,0.0,0.07040303995626886
2025-01-11 23:00:00,WX-MASTER,0.0,8.29,30.77,WEATHER_STATION,VALID,0.0,0.18682169805212617
2025-01-12 00:00:00,WX-MASTER,0.0,8.525,28.66,WEATHER_STATION,VALID,0.0,0.21284190929355284
2025-01-12 01:00:00,WX-MASTER,0.0,8.161,26.98,WEATHER_STATION,VALID,0.0,0.1734849783518793
2025-01-12 02:00:00,WX-MASTER,0.0,6.802,26.93,WEATHER_STATION,VALID,0.0,0.06935801201558296
2025-01-12 03:00:00,WX-MASTER,0.0,8.071,25.98,WEATHER_STATION,VALID,0.0,0.16456638556669406
2025-01-12 04:00:00,WX-MASTER,0.0,8.385,26.06,WEATHER_STATION,VALID,0.0,0.19706859574074068
2025-01-12 05:00:00,WX-MASTER,0.0,5.777,26.29,WEATHER_STATION,VALID,0.0,0.027026383701454056
2025-01-12 06:00:00,WX-MASTER,0.0,8.489,25.68,WEATHER_STATION,VALID,0.0,0.20870843011725657
2025-01-12 07:00:00,WX-MASTER,0.2486,7.796,24.18,WEATHER_STATION,VALID,0.2384513100929187,0.1392187795735529
2025-01-12 08:00:00,WX-MASTER,0.3525,5.281,23.64,WEATHER_STATION,VALID,0.34359846340859757,0.014977390559286692
2025-01-12 09:00:00,WX-MASTER,0.6662,7.197,23.31,WEATHER_STATION,VALID,0.645241815022054,0.09329904678074073
2025-01-12 10:00:00,WX-MASTER,0.7895,6.828,22.22,WEATHER_STATION,VALID,0.7906033456985104,0.07079068036740742
2025-01-12 11:00:00,WX-MASTER,0.7966,6.697,24.87,WEATHER_STATION,VALID,0.7915020177296765,0.06376885964768177
2025-01-12 12:00:00,WX-MASTER,0.7222,7.514,24.6,WEATHER_STATION,VALID,0.7047138757038445,0.1160766760555281
2025-01-12 13:00:00,WX-MASTER,0.6734,5.39,27.93,WEATHER_STATION,VALID,0.6454903591248731,0.017228759231824417
2025-01-12 14:00:00,WX-MASTER,0.7889,5.84,27.13,WEATHER_STATION,VALID,0.7520692788462842,0.028907818491083676
2025-01-12 15:00:00,WX-MASTER,0.6067,2.052,29.17,WEATHER_STATION,VALID,0.5993389964445852,0.0
2025-01-12 16:00:00,WX-MASTER,0.4596,7.068,28.54,WEATHER_STATION,VALID,0.44762339315816435,0.08495777535999999
2025-01-12 17:00:00,WX-MASTER,0.1953,7.132,29.03,WEATHER_STATION,VALID,0.19084758010023573,0.08903099716126198
2025-01-12 18:00:00,WX-MASTER,0.0,7.798,31.13,WEATHER_STATION,VALID,0.0,0.13939302082941013
2025-01-12 19:00:00,WX-MASTER,0.0,5.071,31.08,WEATHER_STATION,VALID,0.0,0.011209870504965701
2025-01-12 20:00:00,WX-MASTER,0.0,7.8,31.26,WEATHER_STATION,VALID,0.0,0.13956740740740742
2025-01-12 21:00:00,WX-MASTER,0.0,8.125,30.64,WEATHER_STATION,VALID,0.0,0.1698798653978052
2025-01-12 22:00:00,WX-MASTER,0.0,6.177,31.35,WEATHER_STATION,VALID,0.0,0.040468018839999995
2025-01-12 23:00:00,WX-MASTER,0.0,8.577,30.62,WEATHER_STATION,VALID,0.0,0.2189083020992593
2025-01-13 00:00:00,WX-MASTER,0.0,7.951,26.54,WEATHER_STATION,VALID,0.0,0.15315778540866942
2025-01-13 01:00:00,WX-MASTER,0.0,5.204,28.0,WEATHER_STATION,VALID,0.0,0.013511235680219473
2025-01-13 02:00:00,WX-MASTER,0.0,8.165,28.62,WEATHER_STATION,VALID,0.0,0.17388866633058978
2025-01-13 03:00:00,WX-MASTER,0.0,6.335,25.27,WEATHER_STATION,VALID,0.0,0.04681098867626886
2025-01-13 04:00:00,WX-MASTER,0.0,5.018,23.62,WEATHER_STATION,VALID,0.0,0.010371075233799725
2025-01-13 05:00:00,WX-MASTER,0.0,7.485,24.76,WEATHER_STATION,VALID,0.0,0.1138538290740741
2025-01-13 06:00:00,WX-MASTER,0.0,6.695,24.99,WEATHER_STATION,VALID,0.0,0.06366542275034294
2025-01-13 07:00:00,WX-MASTER,0.2451,8.351,23.47,WEATHER_STATION,VALID,0.23687622000253014,0.1933593386377504
2025-01-13 08:00:00,WX-MASTER,0.4513,6.501,25.45,WEATHER_STATION,VALID,0.43895590083648073,0.05415475948000001
2025-01-13 09:00:00,WX-MASTER,0.5668,7.027,26.23,WEATHER_STATION,VALID,0.5523125409003197,0.08241479597854598
2025-01-13 10:00:00,WX-MASTER,0.5676,6.453,22.06,WEATHER_STATION,VALID,0.5474055192546305,0.051957713885925946
2025-01-13 11:00:00,WX-MASTER,0.7923,6.938,24.46,WEATHER_STATION,VALID,0.7476532399761333,0.07707036831034292
2025-01-13 12:00:00,WX-MASTER,0.8888,4.333,22.91,WEATHER_STATION,VALID,0.8665088357888765,0.002989170910891634
2025-01-13 13:00:00,WX-MASTER,0.6391,5.681,27.29,WEATHER_STATION,VALID,0.636486242828085,0.0243192815661454
2025-01-13 14:00:00,WX-MASTER,0.7647,5.246,26.58,WEATHER_STATION,VALID,0.7241648427549094,0.014298469548861464
2025-01-13 15:00:00,WX-MASTER,0.5695,6.352,27.73,WEATHER_STATION,VALID,0.5597942508070168,0.04753049408965707
2025-01-13 16:00:00,WX-MASTER,0.4345,5.97,30.53,WEATHER_STATION,VALID,0.41932383685829655,0.033062039999999994
2025-01-13 17:00:00,WX-MASTER,0.2133,5.028,28.28,WEATHER_STATION,VALID,0.2067047927555206,0.010526019034074066
2025-01-13 18:00:00,WX-MASTER,0.0,5.616,28.54,WEATHER_STATION,VALID,0.0,0.022592980005925918
2025-01-13 19:00:00,WX-MASTER,0.0,8.452,28.05,WEATHER_STATION,VALID,0.0,0.20451625922545952
2025-01-13 20:00:00,WX-MASTER,0.0,4.367,32.42,WEATHER_STATION,VALID,0.0,0.0032237833113305894
2025-01-13 21:00:00,WX-MASTER,0.0,7.742,32.03,WEATHER_STATION,VALID,0.0,0.13456897608910837
2025-01-13 22:00:00,WX-MASTER,0.0,8.657,30.08,WEATHER_STATION,VALID,0.0,0.22846455709404664
2025-01-13 23:00:00,WX-MASTER,0.0,7.976,28.34,WEATHER_STATION,VALID,0.0,0.1554896242550343
2025-01-14 00:00:00,WX-MASTER,0.0,9.932,30.18,WEATHER_STATION,VALID,0.0,0.42037411029157756
2025-01-14 01:00:00,WX-MASTER,0.0,8.652,31.64,WEATHER_STATION,VALID,0.0,0.2278592998399999
2025-01-14 02:00:00,WX-MASTER,0.0,7.925,27.15,WEATHER_STATION,VALID,0.0,0.15075752657750338
2025-01-14 03:00:00,WX-MASTER,0.0,6.746,25.08,WEATHER_STATION,VALID,0.0,0.06633819004268864
2025-01-14 04:00:00,WX-MASTER,0.0,7.741,27.17,WEATHER_STATION,VALID,0.0,0.1344838597247188
2025-01-14 05:00:00,WX-MASTER,0.0,7.915,23.6,WEATHER_STATION,VALID,0.0,0.14984106996570645
2025-01-14 06:00:00,WX-MASTER,0.0,6.804,23.96,WEATHER_STATION,VALID,0.0,0.06946752464592594
2025-01-14 07:00:00,WX-MASTER,0.2102,5.58,20.88,WEATHER_STATION,VALID,0.20701415814577756,0.021673019259259265
2025-01-14 08:00:00,WX-MASTER,0.4744,4.72,23.57,WEATHER_STATION,VALID,0.4517831914179146,0.006421635336076816
2025-01-14 09:00:00,WX-MASTER,0.5787,6.276,22.51,WEATHER_STATION,VALID,0.5681301921473565,0.04437026048
2025-01-14 10:00:00,WX-MASTER,0.7884,3.887,25.91,WEATHER_STATION,VALID,0.7624933605939439,0.000880706412565158
2025-01-14 11:00:00,WX-MASTER,0.8277,5.018,23.78,WEATHER_STATION,VALID,0.8174106182889435,0.010371075233799725
2025-01-14 12:00:00,WX-MASTER,0.8894,2.344,26.62,WEATHER_STATION,VALID,0.8727353431786637,0.0
2025-01-14 13:00:00,WX-MASTER,0.826,6.526,26.4,WEATHER_STATION,VALID,0.8237778058932438,0.0553231911247188
2025-01-14 14:00:00,WX-MASTER,0.5818,6.949,27.58,WEATHER_STATION,VALID,0.570723470729567,0.07771801509064472
2025-01-14 15:00:00,WX-MASTER,0.5865,5.625,28.96,WEATHER_STATION,VALID,0.5550749758508906,0.022826967592592597
2025-01-14 16:00:00,WX-MASTER,0.3825,8.038,29.12,WEATHER_STATION,VALID,0.3706408561704966,0.1613744549824966
2025-01-14 17:00:00,WX-MASTER,0.2273,7.598,29.13,WEATHER_STATION,VALID,0.21648504147684797,0.12267814482392314
2025-01-14 18:00:00,WX-MASTER,0.0,6.699,29.49,WEATHER_STATION,VALID,0.0,0.06387240851999999
2025-01-14 19:00:00,WX-MASTER,0.0,6.181,31.42,WEATHER_STATION,VALID,0.0,0.04062106507780521
2025-01-14 20:00:00,WX-MASTER,0.0,6.135,28.65,WEATHER_STATION,VALID,0.0,0.03888417907407407
2025-01-14 21:00:00,WX-MASTER,0.0,7.571,32.82,WEATHER_STATION,VALID,0.0,0.12052966872170093
2025-01-14 22:00:00,WX-MASTER,0.0,6.88,30.62,WEATHER_STATION,VALID,0.0,0.0737149331138546
2025-01-14 23:00:00,WX-MASTER,0.0,7.957,29.5,WEATHER_STATION,VALID,0.0,0.15371528539582993
2025-01-15 00:00:00,WX-MASTER,0.0,8.199,29.53,WEATHER_STATION,VALID,0.0,0.17734532777925927
2025-01-15 01:00:00,WX-MASTER,0.0,7.153,27.65,WEATHER_STATION,VALID,0.0,0.09039535035780517
2025-01-15 02:00:00,WX-MASTER,0.0,8.871,27.25,WEATHER_STATION,VALID,0.0,0.2553856790207409
2025-01-15 03:00:00,WX-MASTER,0.0,7.076,25.2,WEATHER_STATION,VALID,0.0,0.08545998751429354
2025-01-15 04:00:00,WX-MASTER,0.0,7.265,26.16,WEATHER_STATION,VALID,0.0,0.0979078255898491
2025-01-15 05:00:00,WX-MASTER,0.0,5.778,24.89,WEATHER_STATION,VALID,0.0,0.02705559088592592
2025-01-15 06:00:00,WX-MASTER,0.0,6.468,24.65,WEATHER_STATION,VALID,0.0,0.05263778010074073
2025-01-15 07:00:00,WX-MASTER,0.2516,9.372,25.86,WEATHER_STATION,VALID,0.24432385470537973,0.32650331903999996
2025-01-15 08:00:00,WX-MASTER,0.4944,5.135,22.99,WEATHER_STATION,VALID,0.4826374103563239,0.01228157139231824
2025-01-15 09:00:00,WX-MASTER,0.46,6.624,23.92,WEATHER_STATION,VALID,0.45735184680339336,0.06006546811259258
2025-01-15 10:00:00,WX-MASTER,0.6561,5.241,22.45,WEATHER_STATION,VALID,0.616111640498826,0.014203189079999996
2025-01-15 11:00:00,WX-MASTER,0.8151,2.773,25.64,WEATHER_STATION,VALID,0.7834198739719009,0.0
2025-01-15 12:00:00,WX-MASTER,0.6542,6.252,25.69,WEATHER_STATION,VALID,0.6403725637455712,0.04340221658074073
2025-01-15 13:00:00,WX-MASTER,0.8652,4.741,26.57,WEATHER_STATION,VALID,0.8187180678838867,0.006659729848175581
2025-01-15 14:00:00,WX-MASTER,0.7284,5.884,27.27,WEATHER_STATION,VALID,0.7226742192990327,0.030272345206694112
2025-01-15 15:00:00,WX-MASTER,0.645,6.829,27.67,WEATHER_STATION,VALID,0.6292138502278789,0.07084617345113853
2025-01-15 16:00:00,WX-MASTER,0.411,5.983,32.2,WEATHER_STATION,VALID,0.4038891902727246,0.033498091083731134
2025-01-15 17:00:00,WX-MASTER,0.2619,6.293,29.98,WEATHER_STATION,VALID,0.25180004782571164,0.04506459694984913
2025-01-15 18:00:00,WX-MASTER,0.0,4.967,30.85,WEATHER_STATION,VALID,0.0,0.009604469434787374
2025-01-15 19:00:00,WX-MASTER,0.0,7.268,29.47,WEATHER_STATION,VALID,0.0,0.09811457597454047
2025-01-15 20:00:00,WX-MASTER,0.0,6.363,32.02,WEATHER_STATION,VALID,0.0,0.04799996281925927
2025-01-15 21:00:00,WX-MASTER,0.0,4.263,30.69,WEATHER_STATION,VALID,0.0,0.002542554967407406
2025-01-15 22:00:00,WX-MASTER,0.0,8.159,31.03,WEATHER_STATION,VALID,0.0,0.17328336886787388
2025-01-15 23:00:00,WX-MASTER,0.0,8.737,31.02,WEATHER_STATION,VALID,0.0,0.23829495543039786
2025-01-16 00:00:00,WX-MASTER,0.0,9.336,29.11,WEATHER_STATION,VALID,0.0,0.3210005708800001
2025-01-16 01:00:00,WX-MASTER,0.0,10.294,27.58,WEATHER_STATION,VALID,0.0,0.48973097768076834
2025-01-16 02:00:00,WX-MASTER,0.0,8.472,24.7,WEATHER_STATION,VALID,0.0,0.20677525504
2025-01-16 03:00:00,WX-MASTER,0.0,8.062,26.12,WEATHER_STATION,VALID,0.0,0.1636917235415089
2025-01-16 04:00:00,WX-MASTER,0.0,8.677,24.92,WEATHER_STATION,VALID,0.0,0.23089630429953362
2025-01-16 05:00:00,WX-MASTER,0.0,5.916,23.64,WEATHER_STATION,VALID,0.0,0.03129124608000002
2025-01-16 06:00:00,WX-MASTER,0.0,4.667,26.2,WEATHER_STATION,VALID,0.0,0.005846111558244169
2025-01-16 07:00:00,WX-MASTER,0.2197,5.967,25.29,WEATHER_STATION,VALID,0.2106585049919482,0.032961953165925914
2025-01-16 08:00:00,WX-MASTER,0.4478,7.986,21.79,WEATHER_STATION,VALID,0.4288429466338609,0.15642894687999995
2025-01-16 09:00:00,WX-MASTER,0.6453,5.216,24.29,WEATHER_STATION,VALID,0.62789922278383,0.013733131138984913
2025-01-16 10:00:00,WX-MASTER,0.702,6.457,23.48,WEATHER_STATION,VALID,0.6898313760558104,0.05213848860570643
2025-01-16 11:00:00,WX-MASTER,0.4599,6.417,25.45,WEATHER_STATION,VALID,0.4461818226442852,0.05034950849925925
2025-01-16 12:00:00,WX-MASTER,0.8615,5.864,24.78,WEATHER_STATION,VALID,0.852828493229922,0.02964690351231823
2025-01-16 13:00:00,WX-MASTER,0.8363,3.823,25.94,WEATHER_STATION,VALID,0.8219590521143059,0.000703493039286694
2025-01-16 14:00:00,WX-MASTER,0.7429,5.935,28.65,WEATHER_STATION,VALID,0.7299938219153894,0.03190690033607681
2025-01-16 15:00:00,WX-MASTER,0.6679,5.015,29.38,WEATHER_STATION,VALID,0.6534144161685155,0.01032489040466392
2025-01-16 16:00:00,WX-MASTER,0.4286,7.912,31.05,WEATHER_STATION,VALID,0.43070648178212495,0.14956685904768177
2025-01-16 17:00:00,WX-MASTER,0.1891,7.365,29.7,WEATHER_STATION,VALID,0.18284505886953145,0.10495739500000004
2025-01-16 18:00:00,WX-MASTER,0.0,5.614,28.77,WEATHER_STATION,VALID,0.0,0.022541200851138546
2025-01-16 19:00:00,WX-MASTER,0.0,8.665,31.98,WEATHER_STATION,VALID,0.0,0.22943519650891625
2025-01-16 20:00:00,WX-MASTER,0.0,7.077,32.1,WEATHER_STATION,VALID,0.0,0.08552290284000001
2025-01-16 21:00:00,WX-MASTER,0.0,4.708,31.62,WEATHER_STATION,VALID,0.0,0.006288164552866943
2025-01-16 22:00:00,WX-MASTER,0.0,7.002,29.63,WEATHER_STATION,VALID,0.0,0.0808893884325926
2025-01-16 23:00:00,WX-MASTER,0.0,9.41,28.68,WEATHER_STATION,VALID,0.0,0.3323796204663923
2025-01-17 00:00:00,WX-MASTER,0.0,6.365,29.91,WEATHER_STATION,VALID,0.0,0.048085651515775055
2025-01-17 01:00:00,WX-MASTER,0.0,7.404,27.36,WEATHER_STATION,VALID,0.0,0.10779589679407409
2025-01-17 02:00:00,WX-MASTER,0.0,5.719,27.15,WEATHER_STATION,VALID,0.0,0.025368098878299054
2025-01-17 03:00:00,WX-MASTER,0.0,5.852,30.1,WEATHER_STATION,VALID,0.0,0.029275806133552826
2025-01-17 04:00:00,WX-MASTER,0.0,6.194,28.32,WEATHER_STATION,VALID,0.0,0.04112112942836762
2025-01-17 05:00:00,WX-MASTER,0.0,5.494,26.0,WEATHER_STATION,VALID,0.0,0.019577158026447185
2025-01-17 06:00:00,WX-MASTER,0.0,6.057,23.69,WEATHER_STATION,VALID,0.0,0.03605343223259261
2025-01-17 07:00:00,WX-MASTER,0.2426,8.867,23.27,WEATHER_STATION,VALID,0.22691553359409383,0.25486404034836774
2025-01-17 08:00:00,WX-MASTER,0.4163,6.3,24.88,WEATHER_STATION,VALID,0.4041504109639702,0.04535259259259258
2025-01-17 10:00:00,WX-MASTER,0.7546,7.292,23.87,WEATHER_STATION,VALID,0.7266219670752477,0.09977906705207132
2025-01-17 11:00:00,WX-MASTER,0.7789,4.251,24.5,WEATHER_STATION,VALID,0.7609002336638511,0.0024707694800000022
2025-01-17 12:00:00,WX-MASTER,0.8539,4.486,25.87,WEATHER_STATION,VALID,0.8372739730214551,0.004141109623484224
2025-01-17 13:00:00,WX-MASTER,0.7864,6.5,24.95,WEATHER_STATION,VALID,0.7644386959325642,0.05410836762688615
2025-01-17 14:00:00,WX-MASTER,0.7417,4.686,25.89,WEATHER_STATION,VALID,0.727905860641349,0.0060482956207407405
2025-01-17 15:00:00,WX-MASTER,0.5472,6.493,27.01,WEATHER_STATION,VALID,0.5326653669587365,0.05378436628866942
2025-01-17 16:00:00,WX-MASTER,0.4301,7.899,29.92,WEATHER_STATION,VALID,0.4206167124481878,0.14838247726074075
2025-01-17 17:00:00,WX-MASTER,0.2463,4.015,30.32,WEATHER_STATION,VALID,0.2363075846303272,0.0013196489780521248
2025-01-17 18:00:00,WX-MASTER,0.0,5.672,31.91,WEATHER_STATION,VALID,0.0,0.024075186518737992
2025-01-17 19:00:00,WX-MASTER,0.0,6.132,28.82,WEATHER_STATION,VALID,0.0,0.03877265663999999
2025-01-17 20:00:00,WX-MASTER,0.0,5.967,29.2,WEATHER_STATION,VALID,0.0,0.032961953165925914
2025-01-17 21:00:00,WX-MASTER,0.0,6.111,31.45,WEATHER_STATION,VALID,0.0,0.037997964472592585
2025-01-17 22:00:00,WX-MASTER,0.0,6.485,29.5,WEATHER_STATION,VALID,0.0,0.0534156658367627
2025-01-17 23:00:00,WX-MASTER,0.0,7.285,29.03,WEATHER_STATION,VALID,0.0,0.09929166144718796
2025-01-18 00:00:00,WX-MASTER,0.0,7.666,30.51,WEATHER_STATION,VALID,0.0,0.1282019120333608
2025-01-18 01:00:00,WX-MASTER,0.0,8.753,27.79,WEATHER_STATION,VALID,0.0,0.2402942734634294
2025-01-18 02:00:00,WX-MASTER,0.0,7.475,27.03,WEATHER_STATION,VALID,0.0,0.11309396176268859
2025-01-18 03:00:00,WX-MASTER,0.0,8.888,26.34,WEATHER_STATION,VALID,0.0,0.25761058450787383
2025-01-18 04:00:00,WX-MASTER,0.0,6.53,25.57,WEATHER_STATION,VALID,0.0,0.05551168565157751
2025-01-18 05:00:00,WX-MASTER,0.0,5.549,25.9,WEATHER_STATION,VALID,0.0,0.020901131875281215
2025-01-18 06:00:00,WX-MASTER,0.0,6.486,23.07,WEATHER_STATION,VALID,0.0,0.05346166095407407
2025-01-18 07:00:00,WX-MASTER,0.2465,7.229,23.94,WEATHER_STATION,VALID,0.2418760318442433,0.09544943334688616
2025-01-18 08:00:00,WX-MASTER,0.4903,7.486,25.44,WEATHER_STATION,VALID,0.4734958201337893,0.11393000246299038
2025-01-18 09:00:00,WX-MASTER,0.6689,8.015,26.73,WEATHER_STATION,VALID,0.6508175267871636,0.15917435954046646
2025-01-18 10:00:00,WX-MASTER,0.697,6.271,22.89,WEATHER_STATION,VALID,0.6874777689281112,0.044167409862990406
2025-01-18 11:00:00,WX-MASTER,0.3379,6.692,25.47,WEATHER_STATION,VALID,0.3344923771613988,0.06351047722491086
2025-01-18 12:00:00,WX-MASTER,0.7978,7.367,25.57,WEATHER_STATION,VALID,0.7730386263351322,0.10510173244713306
2025-01-18 13:00:00,WX-MASTER,0.6989,4.512,26.52,WEATHER_STATION,VALID,0.6921233176733007,0.004362301439999997
2025-01-18 14:00:00,WX-MASTER,0.6573,5.258,26.6,WEATHER_STATION,VALID,0.6384893227888311,0.014528879164663923
2025-01-18 15:00:00,WX-MASTER,0.4982,9.206,29.36,WEATHER_STATION,VALID,0.47699612307333733,0.3016446400970095
2025-01-18 16:00:00,WX-MASTER,0.397,6.853,30.14,WEATHER_STATION,VALID,0.3815503459026566,0.07218672285163237
2025-01-18 17:00:00,WX-MASTER,0.2321,6.592,33.05,WEATHER_STATION,VALID,0.21998251213150488,0.058488338316817545
2025-01-18 18:00:00,WX-MASTER,0.0,7.319,28.99,WEATHER_STATION,VALID,0.0,0.10167400035429354
2025-01-18 19:00:00,WX-MASTER,0.0,4.674,28.83,WEATHER_STATION,VALID,0.0,0.005920067520000005
2025-01-18 20:00:00,WX-MASTER,0.0,5.831,33.51,WEATHER_STATION,VALID,0.0,0.028633860652565166
2025-01-18 21:00:00,WX-MASTER,0.0,5.606,30.87,WEATHER_STATION,VALID,0.0,0.022334875356268862
2025-01-18 22:00:00,WX-MASTER,0.0,7.69,30.03,WEATHER_STATION,VALID,0.0,0.13019035978052135
2025-01-18 23:00:00,WX-MASTER,0.0,6.846,30.25,WEATHER_STATION,VALID,0.0,0.07179399802074075
2025-01-19 00:00:00,WX-MASTER,0.0,7.596,27.65,WEATHER_STATION,VALID,0.0,0.12251812987259264
2025-01-19 01:00:00,WX-MASTER,0.0,7.13,28.94,WEATHER_STATION,VALID,0.0,0.08890177947873801
2025-01-19 02:00:00,WX-MASTER,0.0,5.414,27.48,WEATHER_STATION,VALID,0.0,0.017753014030836758
2025-01-19 03:00:00,WX-MASTER,0.0,8.606,27.96,WEATHER_STATION,VALID,0.0,0.2223410126402194
2025-01-19 04:00:00,WX-MASTER,0.0,5.029,26.86,WEATHER_STATION,VALID,0.0,0.010541597747434843
2025-01-19 05:00:00,WX-MASTER,0.0,6.186,26.23,WEATHER_STATION,VALID,0.0,0.040812914879999995
2025-01-19 06:00:00,WX-MASTER,0.0,5.192,24.78,WEATHER_STATION,VALID,0.0,0.013291743397750348
2025-01-19 07:00:00,WX-MASTER,0.2527,5.505,26.12,WEATHER_STATION,VALID,0.2410641034850064,0.019837342407407407
2025-01-19 08:00:00,WX-MASTER,0.4303,6.65,24.77,WEATHER_STATION,VALID,0.4131679285906202,0.061367565157750374
2025-01-19 09:00:00,WX-MASTER,0.6139,7.743,23.56,WEATHER_STATION,VALID,0.5994232291231392,0.13465412836
2025-01-19 10:00:00,WX-MASTER,0.7301,3.885,23.58,WEATHER_STATION,VALID,0.706124490600235,0.0008747624074074069
2025-01-19 11:00:00,WX-MASTER,0.8678,5.009,24.27,WEATHER_STATION,VALID,0.846044193283711,0.010232932497503434
2025-01-19 12:00:00,WX-MASTER,0.7614,3.334,26.53,WEATHER_STATION,VALID,0.7426915094937212,4.7021848669410195e-05
2025-01-19 13:00:00,WX-MASTER,0.6466,4.759,25.07,WEATHER_STATION,VALID,0.6400110973969676,0.00686843539187929
2025-01-19 14:00:00,WX-MASTER,0.7834,5.645,27.76,WEATHER_STATION,VALID,0.7558699199411926,0.02335271225651577
2025-01-19 15:00:00,WX-MASTER,0.5718,6.622,27.48,WEATHER_STATION,VALID,0.5419789905049142,0.05996607684521262
2025-01-19 16:00:00,WX-MASTER,0.4919,3.006,27.82,WEATHER_STATION,VALID,0.4850175006006764,2.7259259259256307e-10
2025-01-19 17:00:00,WX-MASTER,0.2515,6.665,28.74,WEATHER_STATION,VALID,0.24270446087076308,0.06212726509602195
2025-01-19 18:00:00,WX-MASTER,0.0,4.913,30.58,WEATHER_STATION,VALID,0.0,0.008834972643676272
2025-01-19 19:00:00,WX-MASTER,0.0,4.85,31.88,WEATHER_STATION,VALID,0.0,0.007990528120713302
2025-01-19 20:00:00,WX-MASTER,0.0,6.78,30.27,WEATHER_STATION,VALID,0.0,0.06816096000000002
2025-01-19 21:00:00,WX-MASTER,0.0,7.758,28.47,WEATHER_STATION,VALID,0.0,0.13593572635259257
2025-01-19 22:00:00,WX-MASTER,0.0,7.036,34.39,WEATHER_STATION,VALID,0.0,0.0829686018703978
2025-01-19 23:00:00,WX-MASTER,0.0,5.926,31.39,WEATHER_STATION,VALID,0.0,0.031614277742002754
2025-01-20 00:00:00,WX-MASTER,0.0,7.362,30.48,WEATHER_STATION,VALID,0.0,0.10474113669925927
2025-01-20 01:00:00,WX-MASTER,0.0,6.613,30.47,WEATHER_STATION,VALID,0.0,0.05952017284669412
2025-01-20 02:00:00,WX-MASTER,0.0,8.335,27.72,WEATHER_STATION,VALID,0.0,0.19163003120027441
2025-01-20 03:00:00,WX-MASTER,0.0,8.874,26.54,WEATHER_STATION,VALID,0.0,0.2557773747792594
2025-01-20 04:00:00,WX-MASTER,0.0,8.656,27.48,WEATHER_STATION,VALID,0.0,0.2283434200037312
2025-01-20 05:00:00,WX-MASTER,0.0,7.127,26.75,WEATHER_STATION,VALID,0.0,0.08870818747923183
2025-01-20 06:00:00,WX-MASTER,0.0,8.383,25.31,WEATHER_STATION,VALID,0.0,0.1968491022442249
2025-01-20 07:00:00,WX-MASTER,0.1879,5.343,25.29,WEATHER_STATION,VALID,0.1799141500204316,0.0162321917674074
2025-01-20 08:00:00,WX-MASTER,0.3868,8.727,22.62,WEATHER_STATION,VALID,0.3659733294038213,0.23705103091407417
2025-01-20 09:00:00,WX-MASTER,0.5641,4.824,23.92,WEATHER_STATION,VALID,0.5296364506563597,0.007658342779259259
2025-01-20 10:00:00,WX-MASTER,0.6811,3.296,26.62,WEATHER_STATION,VALID,0.6492512452096417,3.272920318244165e-05
2025-01-20 11:00:00,WX-MASTER,0.8685,7.53,26.1,WEATHER_STATION,VALID,0.8364696077254529,0.11731536740740747
2025-01-20 12:00:00,WX-MASTER,0.8853,4.706,24.1,WEATHER_STATION,VALID,0.8548475623250977,0.006266100837750347
2025-01-20 13:00:00,WX-MASTER,0.6897,5.719,26.06,WEATHER_STATION,VALID,0.6890506249909145,0.025368098878299054
2025-01-20 14:00:00,WX-MASTER,0.7296,4.233,29.46,WEATHER_STATION,VALID,0.7198159914402654,0.002365644759999998
2025-01-20 15:00:00,WX-MASTER,0.5674,8.719,29.06,WEATHER_STATION,VALID,0.5421896425088164,0.23605901394002737
2025-01-20 16:00:00,WX-MASTER,0.4261,8.15,29.58,WEATHER_STATION,VALID,0.41553937857384027,0.17237805898491093
2025-01-20 17:00:00,WX-MASTER,0.2466,7.981,30.34,WEATHER_STATION,VALID,0.23769621760374016,0.15595881411484222
2025-01-20 18:00:00,WX-MASTER,0.0,6.314,30.54,WEATHER_STATION,VALID,0.0,0.04593225966046639
2025-01-20 19:00:00,WX-MASTER,0.0,7.727,30.36,WEATHER_STATION,VALID,0.0,0.1332959965656516
2025-01-20 20:00:00,WX-MASTER,0.0,6.644,30.11,WEATHER_STATION,VALID,0.0,0.06106542779873801
2025-01-20 21:00:00,WX-MASTER,0.0,8.423,32.2,WEATHER_STATION,VALID,0.0,0.20127003046589845
2025-01-20 22:00:00,WX-MASTER,0.0,6.653,30.92,WEATHER_STATION,VALID,0.0,0.0615190068461454
2025-01-20 23:00:00,WX-MASTER,0.0,9.428,30.93,WEATHER_STATION,VALID,0.0,0.33518756868565175
2025-01-21 00:00:00,WX-MASTER,0.0,6.915,30.04,WEATHER_STATION,VALID,0.0,0.075727845
2025-01-21 01:00:00,WX-MASTER,0.0,7.125,30.23,WEATHER_STATION,VALID,0.0,0.0885792824074074
2025-01-21 02:00:00,WX-MASTER,0.0,6.964,28.18,WEATHER_STATION,VALID,0.0,0.07860700262891634
2025-01-21 03:00:00,WX-MASTER,0.0,7.748,27.72,WEATHER_STATION,VALID,0.0,0.1350804285770096
2025-01-21 04:00:00,WX-MASTER,0.0,6.858,26.09,WEATHER_STATION,VALID,0.0,0.07246811568592591
2025-01-21 05:00:00,WX-MASTER,0.0,7.807,24.02,WEATHER_STATION,VALID,0.0,0.14017890571681765
2025-01-21 06:00:00,WX-MASTER,0.0,6.319,24.33,WEATHER_STATION,VALID,0.0,0.046140474483237305
2025-01-21 07:00:00,WX-MASTER,0.2532,7.719,24.96,WEATHER_STATION,VALID,0.2449567920067383,0.1326203687274074
2025-01-21 08:00:00,WX-MASTER,0.3996,8.404,24.95,WEATHER_STATION,VALID,0.3829397825140278,0.1991619271918793
2025-01-21 09:00:00,WX-MASTER,0.6364,6.28,26.0,WEATHER_STATION,VALID,0.6214156567726088,0.04453298743484226
2025-01-21 10:00:00,WX-MASTER,0.786,8.84,24.05,WEATHER_STATION,VALID,0.7523803765394999,0.25136154688614537
2025-01-21 11:00:00,WX-MASTER,0.4237,7.242,25.43,WEATHER_STATION,VALID,0.41521912696939,0.09633238031407408
2025-01-21 12:00:00,WX-MASTER,0.7675,8.43,25.73,WEATHER_STATION,VALID,0.7569693666386834,0.20205043407407403
2025-01-21 13:00:00,WX-MASTER,0.8075,5.509,28.68,WEATHER_STATION,VALID,0.7877146116701609,0.019932523416570647
2025-01-21 14:00:00,WX-MASTER,0.6805,3.434,28.09,WEATHER_STATION,VALID,0.6571631160522302,0.0001031643123182443
2025-01-21 15:00:00,WX-MASTER,0.6536,4.749,29.02,WEATHER_STATION,VALID,0.6384426785395424,0.006751957927407405
2025-01-21 16:00:00,WX-MASTER,0.3533,5.017,29.34,WEATHER_STATION,VALID,0.3410651871421318,0.010355665020521267
2025-01-21 17:00:00,WX-MASTER,0.2332,4.752,29.84,WEATHER_STATION,VALID,0.2294765438448771,0.006786761765925926
2025-01-21 18:00:00,WX-MASTER,0.0,3.365,28.93,WEATHER_STATION,VALID,0.0,6.136756515775046e-05
2025-01-21 19:00:00,WX-MASTER,0.0,7.806,29.5,WEATHER_STATION,VALID,0.0,0.14009143968000004
2025-01-21 20:00:00,WX-MASTER,0.0,4.317,31.35,WEATHER_STATION,VALID,0.0,0.002882820647407408
2025-01-21 21:00:00,WX-MASTER,0.0,8.193,31.08,WEATHER_STATION,VALID,0.0,0.17673203035999996
2025-01-21 22:00:00,WX-MASTER,0.0,10.05,30.89,WEATHER_STATION,VALID,0.0,0.4422090740740743
2025-01-21 23:00:00,WX-MASTER,0.0,6.377,31.24,WEATHER_STATION,VALID,0.0,0.04860192612120712
2025-01-22 00:00:00,WX-MASTER,0.0,8.039,29.53,WEATHER_STATION,VALID,0.0,0.1614705684135528
2025-01-22 01:00:00,WX-MASTER,0.0,7.079,28.15,WEATHER_STATION,VALID,0.0,0.08564882611231824
2025-01-22 02:00:00,WX-MASTER,0.0,8.667,27.41,WEATHER_STATION,VALID,0.0,0.22967828516592587
2025-01-22 03:00:00,WX-MASTER,0.0,5.966,27.05,WEATHER_STATION,VALID,0.0,0.03292863583034295
2025-01-22 04:00:00,WX-MASTER,0.0,7.212,25.46,WEATHER_STATION,VALID,0.0,0.09430297343999999
2025-01-22 05:00:00,WX-MASTER,0.0,8.652,26.47,WEATHER_STATION,VALID,0.0,0.2278592998399999
2025-01-22 06:00:00,WX-MASTER,0.0,6.902,24.62,WEATHER_STATION,VALID,0.0,0.07497597018293554
2025-01-22 07:00:00,WX-MASTER,0.2344,4.595,24.59,WEATHER_STATION,VALID,0.22900322201660306,0.005120853614540464
2025-01-22 08:00:00,WX-MASTER,0.445,8.066,23.19,WEATHER_STATION,VALID,0.4212306029937621,0.16408007859577514
2025-01-22 09:00:00,WX-MASTER,0.5889,4.516,25.56,WEATHER_STATION,VALID,0.5686065940756104,0.004397014551879287
2025-01-22 10:00:00,WX-MASTER,0.7644,6.08,26.36,WEATHER_STATION,VALID,0.7426086087055984,0.03687333750342935
2025-01-22 11:00:00,WX-MASTER,0.7991,6.555,23.55,WEATHER_STATION,VALID,0.774094954536947,0.05669948499999999
2025-01-22 12:00:00,WX-MASTER,0.8495,5.827,26.4,WEATHER_STATION,VALID,0.8340918470056359,0.028512659287187932
2025-01-22 13:00:00,WX-MASTER,0.7135,8.908,26.63,WEATHER_STATION,VALID,0.6957835655337914,0.2602446192689163
2025-01-22 14:00:00,WX-MASTER,0.7725,6.569,28.01,WEATHER_STATION,VALID,0.7570692277348263,0.057371993811083676
2025-01-22 15:00:00,WX-MASTER,0.6711,5.425,29.11,WEATHER_STATION,VALID,0.644037500420924,0.017996809842249654
2025-01-22 16:00:00,WX-MASTER,0.3944,6.607,26.73,WEATHER_STATION,VALID,0.38787947595615674,0.05922413495138547
2025-01-22 17:00:00,WX-MASTER,0.2191,6.285,31.05,WEATHER_STATION,VALID,0.21788050127836622,0.044736954999999995
2025-01-22 18:00:00,WX-MASTER,0.0,6.299,32.03,WEATHER_STATION,VALID,0.0,0.04531137545552813
2025-01-22 19:00:00,WX-MASTER,0.0,6.812,32.52,WEATHER_STATION,VALID,0.0,0.06990672793108368
2025-01-22 20:00:00,WX-MASTER,0.0,6.191,30.03,WEATHER_STATION,VALID,0.0,0.04100536779330588
2025-01-22 21:00:00,WX-MASTER,0.0,7.283,31.01,WEATHER_STATION,VALID,0.0,0.09915269483133062
2025-01-22 22:00:00,WX-MASTER,0.0,6.572,30.05,WEATHER_STATION,VALID,0.0,0.05751679125947875
2025-01-22 23:00:00,WX-MASTER,0.0,4.945,27.84,WEATHER_STATION,VALID,0.0,0.009285795521262007
2025-01-23 00:00:00,WX-MASTER,0.0,9.039,28.7,WEATHER_STATION,VALID,0.0,0.2779427741199999
2025-01-23 01:00:00,WX-MASTER,0.0,6.884,27.3,WEATHER_STATION,VALID,0.0,0.07394315255923184
2025-01-23 02:00:00,WX-MASTER,0.0,7.797,28.1,WEATHER_STATION,VALID,0.0,0.13930588203999994
2025-01-23 03:00:00,WX-MASTER,0.0,6.552,24.83,WEATHER_STATION,VALID,0.0,0.056556063099259236
2025-01-23 04:00:00,WX-MASTER,0.0,6.455,24.77,WEATHER_STATION,VALID,0.0,0.05204804892318245
2025-01-23 05:00:00,WX-MASTER,0.0,5.866,24.6,WEATHER_STATION,VALID,0.0,0.029709056329657063
2025-01-23 06:00:00,WX-MASTER,0.0,8.22,25.59,WEATHER_STATION,VALID,0.0,0.17950304000000006
2025-01-23 07:00:00,WX-MASTER,0.259,8.28,27.65,WEATHER_STATION,VALID,0.2529873173982486,0.18576421925925918
2025-01-23 08:00:00,WX-MASTER,0.4152,6.506,24.56,WEATHER_STATION,VALID,0.39299245249845977,0.05438711654145407
2025-01-23 09:00:00,WX-MASTER,0.6683,5.524,23.07,WEATHER_STATION,VALID,0.6546413270636262,0.020292163399286696
2025-01-23 10:00:00,WX-MASTER,0.5236,3.798,23.85,WEATHER_STATION,VALID,0.5036604900714302,0.0006413114192592593
2025-01-23 11:00:00,WX-MASTER,0.706,6.853,26.01,WEATHER_STATION,VALID,0.6969753360771683,0.07218672285163237
2025-01-23 12:00:00,WX-MASTER,0.6494,4.813,24.33,WEATHER_STATION,VALID,0.6065955103699645,0.007520621142990396
2025-01-23 13:00:00,WX-MASTER,0.7027,4.178,28.1,WEATHER_STATION,VALID,0.6733282034475144,0.002062985475775034
2025-01-23 14:00:00,WX-MASTER,0.7239,5.675,28.02,WEATHER_STATION,VALID,0.6838704855798245,0.02415636917009602
2025-01-23 15:00:00,WX-MASTER,0.5835,5.275,28.45,WEATHER_STATION,VALID,0.5587634265956495,0.014859510459533617
2025-01-23 16:00:00,WX-MASTER,0.4287,3.872,27.42,WEATHER_STATION,VALID,0.417431615577081,0.0008367770372565154
2025-01-23 17:00:00,WX-MASTER,0.2382,4.239,31.27,WEATHER_STATION,VALID,0.230413623267268,0.0024003480459259255
2025-01-23 18:00:00,WX-MASTER,0.0,6.7,29.81,WEATHER_STATION,VALID,0.0,0.06392422496570647
2025-01-23 19:00:00,WX-MASTER,0.0,5.664,31.26,WEATHER_STATION,VALID,0.0,0.023859589119999997
2025-01-23 20:00:00,WX-MASTER,0.0,7.441,31.01,WEATHER_STATION,VALID,0.0,0.11053571340373111
2025-01-23 21:00:00,WX-MASTER,0.0,7.218,29.17,WEATHER_STATION,VALID,0.0,0.0947065519525926
2025-01-23 22:00:00,WX-MASTER,0.0,8.613,30.45,WEATHER_STATION,VALID,0.0,0.22317493948592584
2025-01-23 23:00:00,WX-MASTER,0.0,6.35,28.72,WEATHER_STATION,VALID,0.0,0.047445466392318225
2025-01-24 00:00:00,WX-MASTER,0.0,7.881,28.69,WEATHER_STATION,VALID,0.0,0.14675291008740743
2025-01-24 01:00:00,WX-MASTER,0.0,8.47,29.15,WEATHER_STATION,VALID,0.0,0.20654861064471888
2025-01-24 02:00:00,WX-MASTER,0.0,6.821,28.57,WEATHER_STATION,VALID,0.0,0.07040303995626886
2025-01-24 03:00:00,WX-MASTER,0.0,9.027,26.79,WEATHER_STATION,VALID,0.0,0.27628917743259257
2025-01-24 04:00:00,WX-MASTER,0.0,5.26,24.91,WEATHER_STATION,VALID,0.0,0.014567519780521253
2025-01-24 05:00:00,WX-MASTER,0.0,6.155,24.47,WEATHER_STATION,VALID,0.0,0.03963313163923183
2025-01-24 06:00:00,WX-MASTER,0.0,4.794,23.89,WEATHER_STATION,VALID,0.0,0.007286645060740735
2025-01-24 07:00:00,WX-MASTER,0.2194,5.799,21.78,WEATHER_STATION,VALID,0.20942082355112834,0.027673812520000018
2025-01-24 08:00:00,WX-MASTER,0.4377,6.293,24.31,WEATHER_STATION,VALID,0.4163984204785051,0.04506459694984913
2025-01-24 09:00:00,WX-MASTER,0.6169,7.325,22.34,WEATHER_STATION,VALID,0.5901685140620176,0.10209832904663925
2025-01-24 10:00:00,WX-MASTER,0.7096,5.819,24.78,WEATHER_STATION,VALID,0.6875596780176954,0.0282712835641701
2025-01-24 11:00:00,WX-MASTER,0.7083,5.066,23.5,WEATHER_STATION,VALID,0.6906027185927239,0.011128874645157747
2025-01-24 12:00:00,WX-MASTER,0.8708,3.7,24.53,WEATHER_STATION,VALID,0.8453440175688083,0.00043286694101508943
2025-01-24 13:00:00,WX-MASTER,0.8333,4.074,27.62,WEATHER_STATION,VALID,0.7987321917997673,0.0015634109274074068
2025-01-24 14:00:00,WX-MASTER,0.6936,6.061,27.75,WEATHER_STATION,VALID,0.6821575202040636,0.03619514225311385
2025-01-24 15:00:00,WX-MASTER,0.5537,6.877,26.37,WEATHER_STATION,VALID,0.5432301919497955,0.07354407704027434
2025-01-24 16:00:00,WX-MASTER,0.4671,5.322,28.8,WEATHER_STATION,VALID,0.45196842413404764,0.01579963104
2025-01-24 17:00:00,WX-MASTER,0.2475,7.63,30.51,WEATHER_STATION,VALID,0.23765104881293225,0.12525736521262004
2025-01-24 18:00:00,WX-MASTER,0.0,5.049,30.01,WEATHER_STATION,VALID,0.0,0.010856408445925933
2025-01-24 19:00:00,WX-MASTER,0.0,6.03,30.69,WEATHER_STATION,VALID,0.0,0.03510655259259259
2025-01-24 20:00:00,WX-MASTER,0.0,6.401,31.52,WEATHER_STATION,VALID,0.0,0.049645534958738
2025-01-24 21:00:00,WX-MASTER,0.0,9.038,31.16,WEATHER_STATION,VALID,0.0,0.27780472307577503
2025-01-24 22:00:00,WX-MASTER,0.0,7.446,29.56,WEATHER_STATION,VALID,0.0,0.11090948128
2025-01-24 23:00:00,WX-MASTER,0.0,5.115,30.22,WEATHER_STATION,VALID,0.0,0.011939645000000002
2025-01-25 00:00:00,WX-MASTER,0.0,8.837,29.16,WEATHER_STATION,VALID,0.0,0.2509743735977503
2025-01-25 01:00:00,WX-MASTER,0.0,10.062,30.73,WEATHER_STATION,VALID,0.0,0.4444710086992592
2025-01-25 02:00:00,WX-MASTER,0.0,7.332,27.63,WEATHER_STATION,VALID,0.0,0.10259486938074075
2025-01-25 03:00:00,WX-MASTER,0.0,6.417,27.01,WEATHER_STATION,VALID,0.0,0.05034950849925925
2025-01-25 04:00:00,WX-MASTER,0.0,8.571,26.31,WEATHER_STATION,VALID,0.0,0.21820252628
2025-01-25 05:00:00,WX-MASTER,0.0,9.813,24.89,WEATHER_STATION,VALID,0.0,0.3990942455600002
2025-01-25 06:00:00,WX-MASTER,0.0,8.134,23.86,WEATHER_STATION,VALID,0.0,0.1707764148363238
2025-01-25 07:00:00,WX-MASTER,0.2148,4.667,24.92,WEATHER_STATION,VALID,0.20463024783862507,0.005846111558244169
2025-01-25 08:00:00,WX-MASTER,0.4754,7.497,24.81,WEATHER_STATION,VALID,0.4590430625203952,0.11477015329925926
2025-01-25 09:00:00,WX-MASTER,0.3333,6.791,26.87,WEATHER_STATION,VALID,0.3179408709593764,0.06875774932417011
2025-01-25 10:00:00,WX-MASTER,0.617,4.801,25.61,WEATHER_STATION,VALID,0.6051017394467467,0.007372273482743486
2025-01-25 11:00:00,WX-MASTER,0.703,7.537,26.19,WEATHER_STATION,VALID,0.7029714919167376,0.1178600542945953
2025-01-25 12:00:00,WX-MASTER,0.8148,6.306,26.86,WEATHER_STATION,VALID,0.775975414899135,0.04560042042074075
2025-01-25 13:00:00,WX-MASTER,0.8723,7.383,26.02,WEATHER_STATION,VALID,0.8351732100892473,0.10626119876
2025-01-25 14:00:00,WX-MASTER,0.6135,4.3,26.24,WEATHER_STATION,VALID,0.5972617136093722,0.0027726200274348417
2025-01-25 15:00:00,WX-MASTER,0.612,6.271,27.45,WEATHER_STATION,VALID,0.6084300462432265,0.044167409862990406
2025-01-25 16:00:00,WX-MASTER,0.4984,4.725,30.33,WEATHER_STATION,VALID,0.47430952963945167,0.006477800925925922
2025-01-25 17:00:00,WX-MASTER,0.1997,6.399,31.93,WEATHER_STATION,VALID,0.19445498770437042,0.049558002445925925
2025-01-25 18:00:00,WX-MASTER,0.0,8.226,31.66,WEATHER_STATION,VALID,0.0,0.18012272773925936
2025-01-25 19:00:00,WX-MASTER,0.0,4.705,30.93,WEATHER_STATION,VALID,0.0,0.006255088360768176
2025-01-25 20:00:00,WX-MASTER,0.0,5.041,33.26,WEATHER_STATION,VALID,0.0,0.010729742835829913
2025-01-25 21:00:00,WX-MASTER,0.0,8.313,30.6,WEATHER_STATION,VALID,0.0,0.18926911296740745
2025-01-25 22:00:00,WX-MASTER,0.0,7.276,29.4,WEATHER_STATION,VALID,0.0,0.09866733285311384
2025-01-25 23:00:00,WX-MASTER,0.0,8.997,30.53,WEATHER_STATION,VALID,0.0,0.2721839081140741
2025-01-26 00:00:00,WX-MASTER,0.0,6.572,31.08,WEATHER_STATION,VALID,0.0,0.05751679125947875
2025-01-26 01:00:00,WX-MASTER,0.0,7.75,27.67,WEATHER_STATION,VALID,0.0,0.13525120027434842
2025-01-26 02:00:00,WX-MASTER,0.0,8.573,25.73,WEATHER_STATION,VALID,0.0,0.21843761607083678
2025-01-26 03:00:00,WX-MASTER,0.0,7.878,26.92,WEATHER_STATION,VALID,0.0,0.14648248096000005
2025-01-26 04:00:00,WX-MASTER,0.0,5.144,26.95,WEATHER_STATION,VALID,0.0,0.012437544341947875
2025-01-26 05:00:00,WX-MASTER,0.0,10.95,21.75,WEATHER_STATION,VALID,0.0,0.6341057407407407
2025-01-26 06:00:00,WX-MASTER,0.0,7.328,25.92,WEATHER_STATION,VALID,0.0,0.10231093540170098
2025-01-26 07:00:00,WX-MASTER,0.2548,5.056,22.76,WEATHER_STATION,VALID,0.24922420501649495,0.010968055262990398
2025-01-26 08:00:00,WX-MASTER,0.3618,6.946,25.15,WEATHER_STATION,VALID,0.35508640201964253,0.07754102575187928
2025-01-26 09:00:00,WX-MASTER,0.6311,6.845,22.0,WEATHER_STATION,VALID,0.616408932628702,0.07173801102194785
2025-01-26 10:00:00,WX-MASTER,0.6284,7.356,22.98,WEATHER_STATION,VALID,0.5936595596863308,0.10430951168
2025-01-26 11:00:00,WX-MASTER,0.7929,7.089,26.05,WEATHER_STATION,VALID,0.7755121126112867,0.08628029686074076
2025-01-26 12:00:00,WX-MASTER,0.6736,5.48,27.49,WEATHER_STATION,VALID,0.6429413514458818,0.019249317750342946
2025-01-26 13:00:00,WX-MASTER,0.8104,3.457,26.86,WEATHER_STATION,VALID,0.7889480164124669,0.00012045058101508904
2025-01-26 14:00:00,WX-MASTER,0.6457,6.301,30.65,WEATHER_STATION,VALID,0.6125394201259424,0.045393834717311406
2025-01-26 15:00:00,WX-MASTER,0.5143,3.639,27.46,WEATHER_STATION,VALID,0.5023141522072209,0.00032927811999999975
2025-01-26 16:00:00,WX-MASTER,0.4758,7.49,28.29,WEATHER_STATION,VALID,0.45576930361995827,0.11423503577503433
2025-01-26 17:00:00,WX-MASTER,0.2494,5.146,29.89,WEATHER_STATION,VALID,0.2371196637733754,0.012472383381508915
2025-01-26 18:00:00,WX-MASTER,0.0,7.153,30.39,WEATHER_STATION,VALID,0.0,0.09039535035780517
2025-01-26 19:00:00,WX-MASTER,0.0,5.728,31.5,WEATHER_STATION,VALID,0.0,0.025620841925706447
2025-01-26 20:00:00,WX-MASTER,0.0,6.202,30.39,WEATHER_STATION,VALID,0.0,0.04143089181805212
2025-01-26 21:00:00,WX-MASTER,0.0,6.051,31.84,WEATHER_STATION,VALID,0.0,0.03584156148000001
2025-01-26 22:00:00,WX-MASTER,0.0,8.247,31.46,WEATHER_STATION,VALID,0.0,0.18230286403999996
2025-01-26 23:00:00,WX-MASTER,0.0,6.688,32.19,WEATHER_STATION,VALID,0.0,0.06330427453805211
2025-01-27 00:00:00,WX-MASTER,0.0,8.643,28.97,WEATHER_STATION,VALID,0.0,0.22677253236000014
2025-01-27 01:00:00,WX-MASTER,0.0,6.932,29.12,WEATHER_STATION,VALID,0.0,0.07671862782244174
2025-01-27 02:00:00,WX-MASTER,0.0,7.399,28.53,WEATHER_STATION,VALID,0.0,0.10742916123879286
2025-01-27 03:00:00,WX-MASTER,0.0,7.673,26.89,WEATHER_STATION,VALID,0.0,0.1287797691078738
2025-01-27 04:00:00,WX-MASTER,0.0,7.691,25.8,WEATHER_STATION,VALID,0.0,0.13027365495379975
2025-01-27 05:00:00,WX-MASTER,0.0,6.101,22.86,WEATHER_STATION,VALID,0.0,0.037632719008120714
2025-01-27 06:00:00,WX-MASTER,0.0,7.989,24.88,WEATHER_STATION,VALID,0.0,0.1567114795274074
2025-01-27 07:00:00,WX-MASTER,0.2747,6.468,25.14,WEATHER_STATION,VALID,0.256517138646405,0.05263778010074073
2025-01-27 08:00:00,WX-MASTER,0.423,7.266,24.24,WEATHER_STATION,VALID,0.4205313952333504,0.09797671007999999
2025-01-27 09:00:00,WX-MASTER,0.4728,6.288,23.49,WEATHER_STATION,VALID,0.47669583383988884,0.044859633967407414
2025-01-27 10:00:00,WX-MASTER,0.6841,6.848,22.76,WEATHER_STATION,VALID,0.6594183294325917,0.0719060593918244
2025-01-27 11:00:00,WX-MASTER,0.7502,5.37,25.88,WEATHER_STATION,VALID,0.705898761528901,0.016799847407407413
2025-01-27 12:00:00,WX-MASTER,0.7799,4.753,26.1,WEATHER_STATION,VALID,0.7528708032044718,0.0067983895676817585
2025-01-27 13:00:00,WX-MASTER,0.6814,6.272,28.57,WEATHER_STATION,VALID,0.6580325152296784,0.04420793041997258
2025-01-27 14:00:00,WX-MASTER,0.7518,5.081,26.07,WEATHER_STATION,VALID,0.7271042288447921,0.011373039294540475
2025-01-27 15:00:00,WX-MASTER,0.6308,7.693,28.15,WEATHER_STATION,VALID,0.6013411223473355,0.13044035186891628
2025-01-27 16:00:00,WX-MASTER,0.3712,6.02,27.97,WEATHER_STATION,VALID,0.36329099644130897,0.03476010886145403
2025-01-27 17:00:00,WX-MASTER,0.2616,4.335,31.51,WEATHER_STATION,VALID,0.2558101669406226,0.0030026457407407395
2025-01-27 18:00:00,WX-MASTER,0.0,5.588,32.32,WEATHER_STATION,VALID,0.0,0.02187525453256516
2025-01-27 19:00:00,WX-MASTER,0.0,5.304,33.49,WEATHER_STATION,VALID,0.0,0.015435038720000002
2025-01-27 20:00:00,WX-MASTER,0.0,8.259,31.93,WEATHER_STATION,VALID,0.0,0.18355651832740744
2025-01-27 22:00:00,WX-MASTER,0.0,7.258,31.36,WEATHER_STATION,VALID,0.0,0.0974265379849657
2025-01-27 23:00:00,WX-MASTER,0.0,7.895,30.97,WEATHER_STATION,VALID,0.0,0.1480193141083676
2025-01-28 00:00:00,WX-MASTER,0.0,7.551,29.64,WEATHER_STATION,VALID,0.0,0.1189544807392593
2025-01-28 01:00:00,WX-MASTER,0.0,8.846,29.48,WEATHER_STATION,VALID,0.0,0.2521370876229355
2025-01-28 02:00:00,WX-MASTER,0.0,8.397,30.4,WEATHER_STATION,VALID,0.0,0.19838898396592597
2025-01-28 03:00:00,WX-MASTER,0.0,8.559,27.19,WEATHER_STATION,VALID,0.0,0.21679552884592584
2025-01-28 04:00:00,WX-MASTER,0.0,7.264,26.11,WEATHER_STATION,VALID,0.0,0.09783897339434844
2025-01-28 05:00:00,WX-MASTER,0.0,6.504,25.6,WEATHER_STATION,VALID,0.0,0.054294094127407405
2025-01-28 06:00:00,WX-MASTER,0.0,7.96,24.62,WEATHER_STATION,VALID,0.0,0.15399454200274348
2025-01-28 07:00:00,WX-MASTER,0.2519,8.859,24.75,WEATHER_STATION,VALID,0.2506451133386151,0.25382289492000004
2025-01-28 08:00:00,WX-MASTER,0.4014,8.019,24.11,WEATHER_STATION,VALID,0.3827123772586545,0.15955553924592591
2025-01-28 09:00:00,WX-MASTER,0.6091,8.387,25.83,WEATHER_STATION,VALID,0.5961924933774937,0.19728825233849115
2025-01-28 10:00:00,WX-MASTER,0.7998,6.318,26.06,WEATHER_STATION,VALID,0.7796378449647032,0.04609878128592591
2025-01-28 11:00:00,WX-MASTER,0.7478,4.666,27.96,WEATHER_STATION,VALID,0.7156178970207007,0.005835596971632376
2025-01-28 12:00:00,WX-MASTER,0.652,4.656,26.06,WEATHER_STATION,VALID,0.6341749340011493,0.0057311436799999975
2025-01-28 13:00:00,WX-MASTER,0.7733,7.533,27.27,WEATHER_STATION,VALID,0.7641656122478281,0.11754859868592597
2025-01-28 14:00:00,WX-MASTER,0.6397,3.324,28.13,WEATHER_STATION,VALID,0.6174020567015179,4.2923519999999944e-05
2025-01-28 15:00:00,WX-MASTER,0.5757,7.774,28.98,WEATHER_STATION,VALID,0.5438180565430945,0.13731169969558304
2025-01-28 16:00:00,WX-MASTER,0.4389,4.93,30.94,WEATHER_STATION,VALID,0.42561737513188574,0.009072609657064468
2025-01-28 17:00:00,WX-MASTER,0.1349,8.643,28.36,WEATHER_STATION,VALID,0.12902694686768734,0.22677253236000014
2025-01-28 18:00:00,WX-MASTER,0.0,6.279,31.42,WEATHER_STATION,VALID,0.0,0.044492268460740746
2025-01-28 19:00:00,WX-MASTER,0.0,7.564,33.61,WEATHER_STATION,VALID,0.0,0.11997678119681753
2025-01-28 20:00:00,WX-MASTER,0.0,9.986,32.97,WEATHER_STATION,VALID,0.0,0.4302749303093554
2025-01-28 21:00:00,WX-MASTER,0.0,6.707,32.71,WEATHER_STATION,VALID,0.0,0.06428772497058984
2025-01-28 22:00:00,WX-MASTER,0.0,6.908,31.88,WEATHER_STATION,VALID,0.0,0.07532236785602199
2025-01-28 23:00:00,WX-MASTER,0.0,6.637,29.59,WEATHER_STATION,VALID,0.0,0.06071418955385459
2025-01-29 00:00:00,WX-MASTER,0.0,6.385,28.71,WEATHER_STATION,VALID,0.0,0.048948154039780506
2025-01-29 01:00:00,WX-MASTER,0.0,7.321,27.88,WEATHER_STATION,VALID,0.0,0.10181531235681755
2025-01-29 02:00:00,WX-MASTER,0.0,7.022,26.5,WEATHER_STATION,VALID,0.0,0.08210819362984911
2025-01-29 03:00:00,WX-MASTER,0.0,6.045,28.09,WEATHER_STATION,VALID,0.0,0.035630522407407404
2025-01-29 04:00:00,WX-MASTER,0.0,7.262,27.87,WEATHER_STATION,VALID,0.0,0.09770136585700959
2025-01-29 05:00:00,WX-MASTER,0.0,7.931,25.91,WEATHER_STATION,VALID,0.0,0.15130919008466392
2025-01-29 06:00:00,WX-MASTER,0.0,5.953,25.8,WEATHER_STATION,VALID,0.0,0.03249755144422497
2025-01-29 07:00:00,WX-MASTER,0.2394,6.653,24.83,WEATHER_STATION,VALID,0.24077392479711848,0.0615190068461454
2025-01-29 08:00:00,WX-MASTER,0.4821,8.432,25.04,WEATHER_STATION,VALID,0.47067559385167934,0.20227377646441708
2025-01-29 09:00:00,WX-MASTER,0.6385,4.507,21.94,WEATHER_STATION,VALID,0.6230582268354369,0.004319167593360765
2025-01-29 10:00:00,WX-MASTER,0.8006,8.64,25.21,WEATHER_STATION,VALID,0.7745773624873262,0.22641104592592598
2025-01-29 11:00:00,WX-MASTER,0.7321,5.073,24.88,WEATHER_STATION,VALID,0.7191064241856655,0.011242378567407415
2025-01-29 12:00:00,WX-MASTER,0.7604,6.084,26.06,WEATHER_STATION,VALID,0.7447177218054364,0.03701718651259257
2025-01-29 13:00:00,WX-MASTER,0.7356,7.424,27.23,WEATHER_STATION,VALID,0.7273435337445083,0.10927118527034296
2025-01-29 14:00:00,WX-MASTER,0.7694,7.827,27.0,WEATHER_STATION,VALID,0.7403014121960071,0.14193588024740741
2025-01-29 15:00:00,WX-MASTER,0.6755,6.451,27.48,WEATHER_STATION,VALID,0.6508232337803953,0.051867483433360756
2025-01-29 16:00:00,WX-MASTER,0.4213,5.073,28.72,WEATHER_STATION,VALID,0.40563330751142174,0.011242378567407415
2025-01-29 17:00:00,WX-MASTER,0.2326,5.146,28.6,WEATHER_STATION,VALID,0.22838110720519347,0.012472383381508915
2025-01-29 18:00:00,WX-MASTER,0.0,5.646,29.51,WEATHER_STATION,VALID,0.0,0.023379209279999997
2025-01-29 19:00:00,WX-MASTER,0.0,9.103,30.02,WEATHER_STATION,VALID,0.0,0.2868734847034842
2025-01-29 20:00:00,WX-MASTER,0.0,6.409,29.64,WEATHER_STATION,VALID,0.0,0.04999669571286694
2025-01-29 21:00:00,WX-MASTER,0.0,7.579,31.88,WEATHER_STATION,VALID,0.0,0.12116361703138546
2025-01-29 22:00:00,WX-MASTER,0.0,6.024,29.81,WEATHER_STATION,VALID,0.0,0.034898411520000006
2025-01-29 23:00:00,WX-MASTER,0.0,6.059,28.1,WEATHER_STATION,VALID,0.0,0.03612424091725652
2025-01-30 00:00:00,WX-MASTER,0.0,7.744,29.16,WEATHER_STATION,VALID,0.0,0.1347393165449657
2025-01-30 01:00:00,WX-MASTER,0.0,7.349,27.46,WEATHER_STATION,VALID,0.0,0.10380744980120714
2025-01-30 02:00:00,WX-MASTER,0.0,7.438,29.64,WEATHER_STATION,VALID,0.0,0.11031185626644716
2025-01-30 03:00:00,WX-MASTER,0.0,5.77,27.14,WEATHER_STATION,VALID,0.0,0.026822521755829887
2025-01-30 04:00:00,WX-MASTER,0.0,7.462,24.37,WEATHER_STATION,VALID,0.0,0.1121111988995336
2025-01-30 05:00:00,WX-MASTER,0.0,9.383,26.1,WEATHER_STATION,VALID,0.0,0.3281971703375033
2025-01-30 06:00:00,WX-MASTER,0.0,6.031,24.96,WEATHER_STATION,VALID,0.0,0.03514132302842248
2025-01-30 07:00:00,WX-MASTER,0.2425,8.053,24.22,WEATHER_STATION,VALID,0.23927341343091418,0.16282016620965714
2025-01-30 08:00:00,WX-MASTER,0.4937,2.121,26.28,WEATHER_STATION,VALID,0.47707420334760725,0.0
2025-01-30 09:00:00,WX-MASTER,0.5361,5.331,23.34,WEATHER_STATION,VALID,0.5117277114684395,0.015984060680000012
2025-01-30 10:00:00,WX-MASTER,0.6403,3.668,26.1,WEATHER_STATION,VALID,0.6205439801089147,0.00037617478935528156
2025-01-30 11:00:00,WX-MASTER,0.823,7.578,24.92,WEATHER_STATION,VALID,0.8112620483566934,0.1210842522192593
2025-01-30 12:00:00,WX-MASTER,0.7795,6.988,26.12,WEATHER_STATION,VALID,0.7447036015425764,0.08004344056274353
2025-01-30 13:00:00,WX-MASTER,0.8304,4.439,26.08,WEATHER_STATION,VALID,0.7941458792458744,0.003760474783923182
2025-01-30 14:00:00,WX-MASTER,0.7088,6.165,27.07,WEATHER_STATION,VALID,0.6934744925350035,0.0400111875925926
2025-01-30 15:00:00,WX-MASTER,0.3316,7.424,28.27,WEATHER_STATION,VALID,0.320550079360355,0.10927118527034296
2025-01-30 16:00:00,WX-MASTER,0.3943,7.762,27.36,WEATHER_STATION,VALID,0.3863005482032012,0.13627885381311383
2025-01-30 17:00:00,WX-MASTER,0.2437,5.659,30.78,WEATHER_STATION,VALID,0.2363391141525923,0.023725496577064464
2025-01-30 18:00:00,WX-MASTER,0.0,3.543,31.06,WEATHER_STATION,VALID,0.0,0.00020205043407407424
2025-01-30 19:00:00,WX-MASTER,0.0,5.5,29.47,WEATHER_STATION,VALID,0.0,0.01971879286694102
2025-01-30 20:00:00,WX-MASTER,0.0,7.926,32.18,WEATHER_STATION,VALID,0.0,0.15084937722074077
2025-01-30 21:00:00,WX-MASTER,0.0,9.909,33.02,WEATHER_STATION,VALID,0.0,0.41620364284592604
2025-01-30 22:00:00,WX-MASTER,0.0,7.333,30.12,WEATHER_STATION,VALID,0.0,0.10266593486150893
2025-01-30 23:00:00,WX-MASTER,0.0,6.795,29.42,WEATHER_STATION,VALID,0.0,0.06897562425925924
2025-01-31 00:00:00,WX-MASTER,0.0,10.851,31.0,WEATHER_STATION,VALID,0.0,0.6107102808874076
2025-01-31 01:00:00,WX-MASTER,0.0,8.321,29.31,WEATHER_STATION,VALID,0.0,0.19012537156120712
2025-01-31 02:00:00,WX-MASTER,0.0,6.192,27.75,WEATHER_STATION,VALID,0.0,0.0410439308325926
2025-01-31 03:00:00,WX-MASTER,0.0,7.56,27.99,WEATHER_STATION,VALID,0.0,0.11966160592592588
2025-01-31 04:00:00,WX-MASTER,0.0,8.879,26.49,WEATHER_STATION,VALID,0.0,0.25643109070491077
2025-01-31 05:00:00,WX-MASTER,0.0,7.299,27.15,WEATHER_STATION,VALID,0.0,0.1002680651125926
2025-01-31 06:00:00,WX-MASTER,0.0,8.194,24.86,WEATHER_STATION,VALID,0.0,0.17683414824866955
2025-01-31 07:00:00,WX-MASTER,0.2644,4.822,25.05,WEATHER_STATION,VALID,0.2528078323714434,0.0076331784748422515
2025-01-31 08:00:00,WX-MASTER,0.3897,4.783,25.73,WEATHER_STATION,VALID,0.3865503210654137,0.007153429947928675
2025-01-31 09:00:00,WX-MASTER,0.5274,5.441,21.6,WEATHER_STATION,VALID,0.5138135456218745,0.01835539087972565
2025-01-31 10:00:00,WX-MASTER,0.7448,5.807,26.25,WEATHER_STATION,VALID,0.7310284682104328,0.027911780229849123
2025-01-31 11:00:00,WX-MASTER,0.7821,6.427,24.83,WEATHER_STATION,VALID,0.7452612021772707,0.050792853558792844
2025-01-31 12:00:00,WX-MASTER,0.8466,6.695,26.77,WEATHER_STATION,VALID,0.8069850139199396,0.06366542275034294
2025-01-31 13:00:00,WX-MASTER,0.7615,9.011,29.01,WEATHER_STATION,VALID,0.7437701521792651,0.2740946021735527
2025-01-31 14:00:00,WX-MASTER,0.7318,4.851,27.55,WEATHER_STATION,VALID,0.7104856773306784,0.00800349273925926
2025-01-31 15:00:00,WX-MASTER,0.6097,5.476,28.27,WEATHER_STATION,VALID,0.5964274908679219,0.019156326038299035
2025-01-31 16:00:00,WX-MASTER,0.4812,5.096,29.6,WEATHER_STATION,VALID,0.46540939078747845,0.011620749351330593
2025-01-31 17:00:00,WX-MASTER,0.2655,7.611,28.65,WEATHER_STATION,VALID,0.2586427073906056,0.12372163928740738
2025-01-31 18:00:00,WX-MASTER,0.0,7.911,33.59,WEATHER_STATION,VALID,0.0,0.1494755298059259
2025-01-31 19:00:00,WX-MASTER,0.0,6.109,31.25,WEATHER_STATION,VALID,0.0,0.037924727169657065
2025-01-31 20:00:00,WX-MASTER,0.0,9.637,33.39,WEATHER_STATION,VALID,0.0,0.3689569979489164
2025-01-31 21:00:00,WX-MASTER,0.0,6.281,30.9,WEATHER_STATION,VALID,0.0,0.04457373124515774
2025-01-31 22:00:00,WX-MASTER,0.0,8.764,30.99,WEATHER_STATION,VALID,0.0,0.2416752716659533
2025-01-31 23:00:00,WX-MASTER,0.0,9.497,31.52,WEATHER_STATION,VALID,0.0,0.34609784833355284
2025-02-01 00:00:00,WX-MASTER,0.0,5.984,28.37,WEATHER_STATION,VALID,0.0,0.03353179137404664
2025-02-01 01:00:00,WX-MASTER,0.0,8.567,28.72,WEATHER_STATION,VALID,0.0,0.2177328528421948
2025-02-01 02:00:00,WX-MASTER,0.0,4.267,29.03,WEATHER_STATION,VALID,0.0,0.0025667888476817577
2025-02-01 03:00:00,WX-MASTER,0.0,8.808,26.78,WEATHER_STATION,VALID,0.0,0.24725217583407408
2025-02-01 04:00:00,WX-MASTER,0.0,6.169,25.61,WEATHER_STATION,VALID,0.0,0.04016308058200272
2025-02-01 05:00:00,WX-MASTER,0.0,8.15,26.81,WEATHER_STATION,VALID,0.0,0.17237805898491093
2025-02-01 06:00:00,WX-MASTER,0.0,8.165,26.59,WEATHER_STATION,VALID,0.0,0.17388866633058978
2025-02-01 07:00:00,WX-MASTER,0.2366,8.386,26.43,WEATHER_STATION,VALID,0.22818277744381738,0.1971784036481755
2025-02-01 08:00:00,WX-MASTER,0.3961,7.827,23.63,WEATHER_STATION,VALID,0.37891046441185355,0.14193588024740741
2025-02-01 09:00:00,WX-MASTER,0.6776,6.491,23.87,WEATHER_STATION,VALID,0.6573883909285405,0.05369203263281205
2025-02-01 10:00:00,WX-MASTER,0.8031,5.701,24.35,WEATHER_STATION,VALID,0.7754019077446463,0.024867610223484212
2025-02-01 11:00:00,WX-MASTER,0.873,5.918,26.33,WEATHER_STATION,VALID,0.8335176857744812,0.03135567553009603
2025-02-01 12:00:00,WX-MASTER,0.721,4.439,24.76,WEATHER_STATION,VALID,0.7215272923640863,0.003760474783923182
2025-02-01 13:00:00,WX-MASTER,0.8495,5.552,25.67,WEATHER_STATION,VALID,0.8467625083634042,0.02097501640515774
2025-02-01 14:00:00,WX-MASTER,0.7602,5.455,27.08,WEATHER_STATION,VALID,0.7503483631385826,0.018673029718792866
2025-02-01 15:00:00,WX-MASTER,0.6287,4.882,27.72,WEATHER_STATION,VALID,0.6011549203234611,0.008412385309410148
2025-02-01 16:00:00,WX-MASTER,0.5019,3.778,30.75,WEATHER_STATION,VALID,0.4932800129829721,0.0005942909133607682
2025-02-01 17:00:00,WX-MASTER,0.2612,4.57,31.4,WEATHER_STATION,VALID,0.25587005627241277,0.004883815582990402
2025-02-01 18:00:00,WX-MASTER,0.0,2.364,30.4,WEATHER_STATION,VALID,0.0,0.0
2025-02-01 19:00:00,WX-MASTER,0.0,6.313,31.09,WEATHER_STATION,VALID,0.0,0.04589069200718791
2025-02-01 20:00:00,WX-MASTER,0.0,7.442,28.39,WEATHER_STATION,VALID,0.0,0.11061039969404665
2025-02-01 21:00:00,WX-MASTER,0.0,3.737,30.77,WEATHER_STATION,VALID,0.0,0.0005051993261454049
2025-02-01 22:00:00,WX-MASTER,0.0,7.755,32.47,WEATHER_STATION,VALID,0.0,0.13567875907407406
2025-02-01 23:00:00,WX-MASTER,0.0,7.469,29.8,WEATHER_STATION,VALID,0.0,0.11263966832960222
2025-02-02 00:00:00,WX-MASTER,0.0,6.246,28.41,WEATHER_STATION,VALID,0.0,0.04316242587259261
2025-02-02 01:00:00,WX-MASTER,0.0,7.277,30.53,WEATHER_STATION,VALID,0.0,0.09873657308417008
2025-02-02 02:00:00,WX-MASTER,0.0,9.198,26.63,WEATHER_STATION,VALID,0.0,0.3004796154192594
2025-02-02 03:00:00,WX-MASTER,0.0,6.493,28.92,WEATHER_STATION,VALID,0.0,0.05378436628866942
2025-02-02 04:00:00,WX-MASTER,0.0,7.726,29.68,WEATHER_STATION,VALID,0.0,0.13321141789015087
2025-02-02 05:00:00,WX-MASTER,0.0,7.886,25.36,WEATHER_STATION,VALID,0.0,0.14720436458096023
2025-02-02 06:00:00,WX-MASTER,0.0,6.137,26.43,WEATHER_STATION,VALID,0.0,0.03895864604219477
2025-02-02 07:00:00,WX-MASTER,0.2501,8.263,22.58,WEATHER_STATION,VALID,0.2435544331333348,0.18397567672323728
2025-02-02 08:00:00,WX-MASTER,0.3927,7.217,22.41,WEATHER_STATION,VALID,0.38887485727497156,0.09463920906441699
2025-02-02 09:00:00,WX-MASTER,0.6265,6.113,23.63,WEATHER_STATION,VALID,0.6078182697647055,0.03807129600170097
2025-02-02 10:00:00,WX-MASTER,0.7167,9.29,25.92,WEATHER_STATION,VALID,0.6973791721252895,0.31405971725651566
2025-02-02 11:00:00,WX-MASTER,0.6698,7.354,25.5,WEATHER_STATION,VALID,0.6387198931409683,0.10416590062397807
2025-02-02 12:00:00,WX-MASTER,0.7967,3.72,25.99,WEATHER_STATION,VALID,0.7775432445844134,0.0004710400000000003
2025-02-02 13:00:00,WX-MASTER,0.7722,5.344,25.51,WEATHER_STATION,VALID,0.74973345020894,0.016252984495582996
2025-02-02 14:00:00,WX-MASTER,0.804,9.062,27.82,WEATHER_STATION,VALID,0.7641700154709764,0.28113058422737985
2025-02-02 15:00:00,WX-MASTER,0.4057,4.652,28.1,WEATHER_STATION,VALID,0.3932174399760401,0.005689713886639235
2025-02-02 16:00:00,WX-MASTER,0.4456,6.15,28.61,WEATHER_STATION,VALID,0.43169908759518105,0.03944500000000001
2025-02-02 17:00:00,WX-MASTER,0.2513,7.853,29.23,WEATHER_STATION,VALID,0.250536906817667,0.14424181316713303
2025-02-02 18:00:00,WX-MASTER,0.0,7.329,31.23,WEATHER_STATION,VALID,0.0,0.10238186971999999
2025-02-02 19:00:00,WX-MASTER,0.0,7.77,30.48,WEATHER_STATION,VALID,0.0,0.13696683999999995
2025-02-02 20:00:00,WX-MASTER,0.0,7.955,31.46,WEATHER_STATION,VALID,0.0,0.15352930200960221
2025-02-02 21:00:00,WX-MASTER,0.0,7.28,29.23,WEATHER_STATION,VALID,0.0,0.09894448812071331
2025-02-02 22:00:00,WX-MASTER,0.0,6.44,31.6,WEATHER_STATION,VALID,0.0,0.05137308268861455
2025-02-02 23:00:00,WX-MASTER,0.0,8.215,30.73,WEATHER_STATION,VALID,0.0,0.17898772058299037
2025-02-03 00:00:00,WX-MASTER,0.0,7.274,29.47,WEATHER_STATION,VALID,0.0,0.09852894951725655
2025-02-03 01:00:00,WX-MASTER,0.0,7.234,29.09,WEATHER_STATION,VALID,0.0,0.09578838698447188
2025-02-03 02:00:00,WX-MASTER,0.0,9.782,29.12,WEATHER_STATION,VALID,0.0,0.39367121024219476
2025-02-03 03:00:00,WX-MASTER,0.0,7.286,25.35,WEATHER_STATION,VALID,0.0,0.09936119342046636
2025-02-03 04:00:00,WX-MASTER,0.0,9.864,26.32,WEATHER_STATION,VALID,0.0,0.4081239897125927
2025-02-03 05:00:00,WX-MASTER,0.0,7.791,23.95,WEATHER_STATION,VALID,0.0,0.13878381182074076
2025-02-03 06:00:00,WX-MASTER,0.0,7.021,25.07,WEATHER_STATION,VALID,0.0,0.08204696455434843
2025-02-03 07:00:00,WX-MASTER,0.2461,4.612,24.3,WEATHER_STATION,VALID,0.24239263166604957,0.005286343887187929
2025-02-03 08:00:00,WX-MASTER,0.4051,9.47,24.46,WEATHER_STATION,VALID,0.3993833730494035,0.34180085207133065
2025-02-03 09:00:00,WX-MASTER,0.5314,6.455,25.63,WEATHER_STATION,VALID,0.5236349454746382,0.05204804892318245
2025-02-03 10:00:00,WX-MASTER,0.7393,3.288,25.95,WEATHER_STATION,VALID,0.7175525280079337,3.0146559999999947e-05
2025-02-03 11:00:00,WX-MASTER,0.8115,7.344,26.82,WEATHER_STATION,VALID,0.7768686857452956,0.10344982224592594
2025-02-03 12:00:00,WX-MASTER,0.9055,5.869,25.77,WEATHER_STATION,VALID,0.8636156606774091,0.029802448335089163
2025-02-03 13:00:00,WX-MASTER,0.8719,4.661,27.93,WEATHER_STATION,VALID,0.8502499152467776,0.005783213111824412
2025-02-03 14:00:00,WX-MASTER,0.7027,7.088,28.6,WEATHER_STATION,VALID,0.685616801202226,0.08621701058194789
2025-02-03 15:00:00,WX-MASTER,0.521,2.637,28.45,WEATHER_STATION,VALID,0.5154304926371936,0.0
2025-02-03 16:00:00,WX-MASTER,0.4303,5.158,29.89,WEATHER_STATION,VALID,0.424490818653133,0.012682784701015094
2025-02-03 17:00:00,WX-MASTER,0.2508,5.886,30.31,WEATHER_STATION,VALID,0.24277855579412974,0.030335368805925925
2025-02-03 18:00:00,WX-MASTER,0.0,7.611,32.7,WEATHER_STATION,VALID,0.0,0.12372163928740738
2025-02-03 19:00:00,WX-MASTER,0.0,9.67,32.35,WEATHER_STATION,VALID,0.0,0.37448790941015087
2025-02-03 20:00:00,WX-MASTER,0.0,6.7,31.09,WEATHER_STATION,VALID,0.0,0.06392422496570647
2025-02-03 21:00:00,WX-MASTER,0.0,7.867,30.89,WEATHER_STATION,VALID,0.0,0.145493750032867
2025-02-03 22:00:00,WX-MASTER,0.0,11.065,32.17,WEATHER_STATION,VALID,0.0,0.6620235125582989
2025-02-03 23:00:00,WX-MASTER,0.0,7.679,32.08,WEATHER_STATION,VALID,0.0,0.1292764550505899
2025-02-04 00:00:00,WX-MASTER,0.0,8.429,30.15,WEATHER_STATION,VALID,0.0,0.20193882455676268
2025-02-04 01:00:00,WX-MASTER,0.0,6.274,29.72,WEATHER_STATION,VALID,0.0,0.04428904586842249
2025-02-04 02:00:00,WX-MASTER,0.0,10.424,29.58,WEATHER_STATION,VALID,0.0,0.5163856781098489
2025-02-04 03:00:00,WX-MASTER,0.0,6.877,26.9,WEATHER_STATION,VALID,0.0,0.07354407704027434
2025-02-04 04:00:00,WX-MASTER,0.0,8.017,26.37,WEATHER_STATION,VALID,0.0,0.15936487341558297
2025-02-04 05:00:00,WX-MASTER,0.0,7.792,26.13,WEATHER_STATION,VALID,0.0,0.13887073278595333
2025-02-04 06:00:00,WX-MASTER,0.0,7.362,24.47,WEATHER_STATION,VALID,0.0,0.10474113669925927
2025-02-04 07:00:00,WX-MASTER,0.1895,6.432,26.68,WEATHER_STATION,VALID,0.18244707210541256,0.05101549871407409
2025-02-04 08:00:00,WX-MASTER,0.3567,7.05,23.99,WEATHER_STATION,VALID,0.35369182551702305,0.08383499999999998
2025-02-04 09:00:00,WX-MASTER,0.604,8.77,24.71,WEATHER_STATION,VALID,0.5753515596146273,0.2424307686694101
2025-02-04 10:00:00,WX-MASTER,0.3533,9.227,27.29,WEATHER_STATION,VALID,0.33148378974768067,0.3047171489113306
2025-02-04 11:00:00,WX-MASTER,0.7707,5.854,23.31,WEATHER_STATION,VALID,0.72605513910594,0.029337439389410153
2025-02-04 12:00:00,WX-MASTER,0.9065,5.372,26.53,WEATHER_STATION,VALID,0.8797008224985762,0.016842414568120714
2025-02-04 13:00:00,WX-MASTER,0.5562,4.843,26.32,WEATHER_STATION,VALID,0.5397719428506268,0.007900167597311386
2025-02-04 14:00:00,WX-MASTER,0.7441,9.392,28.02,WEATHER_STATION,VALID,0.7204642864371725,0.32958739811379967
2025-02-04 15:00:00,WX-MASTER,0.6799,6.14,27.48,WEATHER_STATION,VALID,0.6718859149703272,0.039070524663923176
2025-02-04 16:00:00,WX-MASTER,0.392,7.558,29.33,WEATHER_STATION,VALID,0.3645237335333547,0.11950422549113858
2025-02-04 17:00:00,WX-MASTER,0.2353,7.203,30.52,WEATHER_STATION,VALID,0.2296384486098036,0.09369975796000002
2025-02-04 18:00:00,WX-MASTER,0.0,9.397,31.34,WEATHER_STATION,VALID,0.0,0.33036144053657074
2025-02-04 19:00:00,WX-MASTER,0.0,6.457,32.48,WEATHER_STATION,VALID,0.0,0.05213848860570643
2025-02-04 20:00:00,WX-MASTER,0.0,5.601,28.73,WEATHER_STATION,VALID,0.0,0.022206563479999997
2025-02-04 21:00:00,WX-MASTER,0.0,9.708,31.25,WEATHER_STATION,VALID,0.0,0.38092498650074086
2025-02-04 22:00:00,WX-MASTER,0.0,8.689,30.84,WEATHER_STATION,VALID,0.0,0.23236360212274346
2025-02-04 23:00:00,WX-MASTER,0.0,8.288,30.42,WEATHER_STATION,VALID,0.0,0.18660988208812077
2025-02-05 00:00:00,WX-MASTER,0.0,9.838,29.83,WEATHER_STATION,VALID,0.0,0.40350376224175566
2025-02-05 01:00:00,WX-MASTER,0.0,8.572,27.96,WEATHER_STATION,VALID,0.0,0.21832005007978048
2025-02-05 02:00:00,WX-MASTER,0.0,9.94,26.19,WEATHER_STATION,VALID,0.0,0.4218312116323731
2025-02-05 03:00:00,WX-MASTER,0.0,8.146,27.4,WEATHER_STATION,VALID,0.0,0.17197671325805217
2025-02-05 04:00:00,WX-MASTER,0.0,8.863,25.1,WEATHER_STATION,VALID,0.0,0.2543431124763237
2025-02-05 05:00:00,WX-MASTER,0.0,8.186,26.05,WEATHER_STATION,VALID,0.0,0.17601830571676266
2025-02-05 06:00:00,WX-MASTER,0.0,6.85,23.89,WEATHER_STATION,VALID,0.0,0.07201823731138544
2025-02-05 07:00:00,WX-MASTER,0.1378,6.752,25.5,WEATHER_STATION,VALID,0.1339368965264374,0.06665746420762687
2025-02-05 08:00:00,WX-MASTER,0.4126,6.248,24.48,WEATHER_STATION,VALID,0.4024839215111865,0.043242257712812086
2025-02-05 09:00:00,WX-MASTER,0.6657,6.853,24.68,WEATHER_STATION,VALID,0.6774714434153244,0.07218672285163237
2025-02-05 10:00:00,WX-MASTER,0.6867,5.692,24.72,WEATHER_STATION,VALID,0.6748676670636887,0.02461985357607682
2025-02-05 11:00:00,WX-MASTER,0.7403,6.671,25.08,WEATHER_STATION,VALID,0.7102371810271539,0.06243289198096023
2025-02-05 12:00:00,WX-MASTER,0.8823,6.501,26.02,WEATHER_STATION,VALID,0.8686552023141658,0.05415475948000001
2025-02-05 13:00:00,WX-MASTER,0.7841,6.183,28.56,WEATHER_STATION,VALID,0.7563213066150825,0.040697732685925914
2025-02-05 14:00:00,WX-MASTER,0.7359,6.211,26.2,WEATHER_STATION,VALID,0.7084168926060449,0.041781229487681766
2025-02-05 15:00:00,WX-MASTER,0.6037,5.259,28.17,WEATHER_STATION,VALID,0.593816839614503,0.014548190920000011
2025-02-05 16:00:00,WX-MASTER,0.4627,5.764,31.06,WEATHER_STATION,VALID,0.4490347495219257,0.026648601048669413
2025-02-05 17:00:00,WX-MASTER,0.2568,4.148,31.5,WEATHER_STATION,VALID,0.2501690744226994,0.0019093518362688607
2025-02-05 18:00:00,WX-MASTER,0.0,6.392,32.69,WEATHER_STATION,VALID,0.0,0.04925244897799728
2025-02-05 19:00:00,WX-MASTER,0.0,5.52,31.36,WEATHER_STATION,VALID,0.0,0.020195839999999993
2025-02-05 20:00:00,WX-MASTER,0.0,7.193,29.96,WEATHER_STATION,VALID,0.0,0.09303254169058983
2025-02-05 21:00:00,WX-MASTER,0.0,6.385,30.1,WEATHER_STATION,VALID,0.0,0.048948154039780506
2025-02-05 22:00:00,WX-MASTER,0.0,4.871,30.72,WEATHER_STATION,VALID,0.0,0.008265738499478743
2025-02-05 23:00:00,WX-MASTER,0.0,10.645,31.43,WEATHER_STATION,VALID,0.0,0.5638878905829904
2025-02-06 00:00:00,WX-MASTER,0.0,7.564,29.51,WEATHER_STATION,VALID,0.0,0.11997678119681753
2025-02-06 01:00:00,WX-MASTER,0.0,9.808,28.58,WEATHER_STATION,VALID,0.0,0.3982162151207682
2025-02-06 02:00:00,WX-MASTER,0.0,7.236,28.55,WEATHER_STATION,VALID,0.0,0.09592419280592591
2025-02-06 03:00:00,WX-MASTER,0.0,10.056,27.2,WEATHER_STATION,VALID,0.0,0.44333907967999986
2025-02-06 04:00:00,WX-MASTER,0.0,6.216,25.79,WEATHER_STATION,VALID,0.0,0.04197671215407408
2025-02-06 05:00:00,WX-MASTER,0.0,7.753,24.39,WEATHER_STATION,VALID,0.0,0.13550762759237311
2025-02-06 06:00:00,WX-MASTER,0.0,5.875,26.18,WEATHER_STATION,VALID,0.0,0.02998981910150891
2025-02-06 07:00:00,WX-MASTER,0.2192,10.423,25.95,WEATHER_STATION,VALID,0.2107009338443403,0.5161770374343485
2025-02-06 08:00:00,WX-MASTER,0.4819,6.457,23.3,WEATHER_STATION,VALID,0.467106243916352,0.05213848860570643
2025-02-06 09:00:00,WX-MASTER,0.6076,7.607,24.21,WEATHER_STATION,VALID,0.5919135690902749,0.12339993637799732
2025-02-06 10:00:00,WX-MASTER,0.5698,6.893,25.84,WEATHER_STATION,VALID,0.5440915389595675,0.07445836751775033
2025-02-06 11:00:00,WX-MASTER,0.6176,6.093,24.23,WEATHER_STATION,VALID,0.6057817547239545,0.03734221361925926
2025-02-06 12:00:00,WX-MASTER,0.8037,6.674,26.76,WEATHER_STATION,VALID,0.7803485250514589,0.06258608057898493
2025-02-06 13:00:00,WX-MASTER,0.7638,7.706,26.77,WEATHER_STATION,VALID,0.7192099717758055,0.13152734923281212
2025-02-06 14:00:00,WX-MASTER,0.7073,6.813,26.61,WEATHER_STATION,VALID,0.6653013241131077,0.06996175815259259
2025-02-06 15:00:00,WX-MASTER,0.2586,6.229,31.11,WEATHER_STATION,VALID,0.2507942134627272,0.04248781858694103
2025-02-06 16:00:00,WX-MASTER,0.4579,6.828,29.41,WEATHER_STATION,VALID,0.4426452859777844,0.07079068036740742
2025-02-06 17:00:00,WX-MASTER,0.2709,8.831,31.17,WEATHER_STATION,VALID,0.26235275236848943,0.25020122015873797
2025-02-06 18:00:00,WX-MASTER,0.0,6.029,29.76,WEATHER_STATION,VALID,0.0,0.03507180509997256
2025-02-06 19:00:00,WX-MASTER,0.0,4.414,33.31,WEATHER_STATION,VALID,0.0,0.003567865937558298
2025-02-06 20:00:00,WX-MASTER,0.0,5.66,33.91,WEATHER_STATION,VALID,0.0,0.023752274787379977
2025-02-06 21:00:00,WX-MASTER,0.0,6.007,29.65,WEATHER_STATION,VALID,0.0,0.034313149568669404
2025-02-06 22:00:00,WX-MASTER,0.0,6.413,30.9,WEATHER_STATION,VALID,0.0,0.05017289535972566
2025-02-06 23:00:00,WX-MASTER,0.0,6.638,32.14,WEATHER_STATION,VALID,0.0,0.060764283767133054
2025-02-07 00:00:00,WX-MASTER,0.0,7.857,29.28,WEATHER_STATION,VALID,0.0,0.144598773565926
2025-02-07 01:00:00,WX-MASTER,0.0,8.271,29.49,WEATHER_STATION,VALID,0.0,0.1848159068725927
2025-02-07 02:00:00,WX-MASTER,0.0,8.251,26.08,WEATHER_STATION,VALID,0.0,0.1827201124703978
2025-02-07 03:00:00,WX-MASTER,0.0,6.921,26.24,WEATHER_STATION,VALID,0.0,0.07607655287259261
2025-02-07 04:00:00,WX-MASTER,0.0,9.027,26.71,WEATHER_STATION,VALID,0.0,0.27628917743259257
2025-02-07 05:00:00,WX-MASTER,0.0,8.241,24.91,WEATHER_STATION,VALID,0.0,0.181678183154074
2025-02-07 06:00:00,WX-MASTER,0.0,9.373,24.63,WEATHER_STATION,VALID,0.0,0.32665706412570633
2025-02-07 07:00:00,WX-MASTER,0.2739,8.165,22.9,WEATHER_STATION,VALID,0.2640051353249239,0.17388866633058978
2025-02-07 08:00:00,WX-MASTER,0.2457,6.349,25.38,WEATHER_STATION,VALID,0.23847119072874617,0.04740299059681756
2025-02-07 09:00:00,WX-MASTER,0.5482,8.25,23.11,WEATHER_STATION,VALID,0.529190509921647,0.18261574074074077
2025-02-07 10:00:00,WX-MASTER,0.753,6.685,26.91,WEATHER_STATION,VALID,0.7422622909010878,0.06314991576817555
2025-02-07 11:00:00,WX-MASTER,0.6539,7.186,24.8,WEATHER_STATION,VALID,0.6276522842572243,0.09256737984570643
2025-02-07 12:00:00,WX-MASTER,0.8394,6.96,27.31,WEATHER_STATION,VALID,0.8033605545722434,0.07836928
2025-02-07 13:00:00,WX-MASTER,0.7919,5.8,28.03,WEATHER_STATION,VALID,0.7738313230843153,0.02770348422496571
2025-02-07 14:00:00,WX-MASTER,0.7048,6.101,26.91,WEATHER_STATION,VALID,0.667421192036741,0.037632719008120714
2025-02-07 15:00:00,WX-MASTER,0.6822,5.869,28.31,WEATHER_STATION,VALID,0.6657217152205396,0.029802448335089163
2025-02-07 16:00:00,WX-MASTER,0.4176,5.067,29.3,WEATHER_STATION,VALID,0.40571439314286134,0.011145042499259262
2025-02-07 17:00:00,WX-MASTER,0.2779,3.576,30.1,WEATHER_STATION,VALID,0.2689483859807761,0.00024117248000000003
2025-02-07 18:00:00,WX-MASTER,0.0,5.691,29.57,WEATHER_STATION,VALID,0.0,0.024592427079999996
2025-02-07 19:00:00,WX-MASTER,0.0,7.105,32.12,WEATHER_STATION,VALID,0.0,0.0872970932990398
2025-02-07 20:00:00,WX-MASTER,0.0,8.519,30.77,WEATHER_STATION,VALID,0.0,0.212149240453059
2025-02-07 21:00:00,WX-MASTER,0.0,8.393,31.34,WEATHER_STATION,VALID,0.0,0.19794820134491092
2025-02-07 22:00:00,WX-MASTER,0.0,7.218,32.33,WEATHER_STATION,VALID,0.0,0.0947065519525926
2025-02-07 23:00:00,WX-MASTER,0.0,6.878,31.26,WEATHER_STATION,VALID,0.0,0.07360099969799724
2025-02-08 00:00:00,WX-MASTER,0.0,7.676,29.12,WEATHER_STATION,VALID,0.0,0.12902795274886147
2025-02-08 01:00:00,WX-MASTER,0.0,6.704,30.27,WEATHER_STATION,VALID,0.0,0.06413177098886144
2025-02-08 02:00:00,WX-MASTER,0.0,5.216,28.92,WEATHER_STATION,VALID,0.0,0.013733131138984913
2025-02-08 03:00:00,WX-MASTER,0.0,5.884,26.37,WEATHER_STATION,VALID,0.0,0.030272345206694112
2025-02-08 04:00:00,WX-MASTER,0.0,9.545,25.75,WEATHER_STATION,VALID,0.0,0.3538255999108368
2025-02-08 05:00:00,WX-MASTER,0.0,9.983,26.85,WEATHER_STATION,VALID,0.0,0.42972084905355296
2025-02-08 06:00:00,WX-MASTER,0.0,8.32,26.02,WEATHER_STATION,VALID,0.0,0.19001819829903982
2025-02-08 07:00:00,WX-MASTER,0.1966,7.011,22.94,WEATHER_STATION,VALID,0.19493765388010514,0.08143634713925926
2025-02-08 08:00:00,WX-MASTER,0.4328,5.015,23.41,WEATHER_STATION,VALID,0.4232529518390602,0.01032489040466392
2025-02-08 09:00:00,WX-MASTER,0.5486,6.365,25.57,WEATHER_STATION,VALID,0.5433616548717533,0.048085651515775055
2025-02-08 10:00:00,WX-MASTER,0.3397,7.147,23.68,WEATHER_STATION,VALID,0.3199253916102582,0.09000412312916325
2025-02-08 11:00:00,WX-MASTER,0.736,7.25,26.61,WEATHER_STATION,VALID,0.7104103117031417,0.0968784293552812
2025-02-08 12:00:00,WX-MASTER,0.7922,6.941,28.69,WEATHER_STATION,VALID,0.7581313765391088,0.07724664100318243
2025-02-08 13:00:00,WX-MASTER,0.8854,7.556,27.66,WEATHER_STATION,VALID,0.8604214386616328,0.1193469831093553
2025-02-08 14:00:00,WX-MASTER,0.7039,8.515,27.01,WEATHER_STATION,VALID,0.6767493534191111,0.21168829712620038
2025-02-08 15:00:00,WX-MASTER,0.6319,5.536,29.24,WEATHER_STATION,VALID,0.6113680728950794,0.020582970265459525
2025-02-08 16:00:00,WX-MASTER,0.4369,9.845,31.11,WEATHER_STATION,VALID,0.43612783307741726,0.40474422089849127
2025-02-08 17:00:00,WX-MASTER,0.2485,3.76,30.71,WEATHER_STATION,VALID,0.24041236945884303,0.0005539889163237307
2025-02-08 18:00:00,WX-MASTER,0.0,5.603,31.73,WEATHER_STATION,VALID,0.0,0.022257829093058984
2025-02-08 19:00:00,WX-MASTER,0.0,7.129,30.54,WEATHER_STATION,VALID,0.0,0.08883721754990395
2025-02-08 20:00:00,WX-MASTER,0.0,7.844,30.75,WEATHER_STATION,VALID,0.0,0.14344080123083683
2025-02-08 21:00:00,WX-MASTER,0.0,7.144,32.59,WEATHER_STATION,VALID,0.0,0.08980893353262002
2025-02-08 22:00:00,WX-MASTER,0.0,6.959,30.3,WEATHER_STATION,VALID,0.0,0.0783099243246639
2025-02-08 23:00:00,WX-MASTER,0.0,10.647,27.49,WEATHER_STATION,VALID,0.0,0.5643305606325927
2025-02-09 00:00:00,WX-MASTER,0.0,7.225,29.53,WEATHER_STATION,VALID,0.0,0.09517884687928665
2025-02-09 01:00:00,WX-MASTER,0.0,6.669,29.43,WEATHER_STATION,VALID,0.0,0.06233090524592591
2025-02-09 02:00:00,WX-MASTER,0.0,10.186,29.41,WEATHER_STATION,VALID,0.0,0.4682976060185459
2025-02-09 03:00:00,WX-MASTER,0.0,9.019,29.21,WEATHER_STATION,VALID,0.0,0.27519043137212623
2025-02-09 04:00:00,WX-MASTER,0.0,9.203,26.5,WEATHER_STATION,VALID,0.0,0.3012074036115775
2025-02-09 05:00:00,WX-MASTER,0.0,7.846,26.46,WEATHER_STATION,VALID,0.0,0.14361854693706452
2025-02-09 06:00:00,WX-MASTER,0.0,5.574,25.26,WEATHER_STATION,VALID,0.0,0.02152216352
2025-02-09 07:00:00,WX-MASTER,0.2786,7.219,25.19,WEATHER_STATION,VALID,0.27112631707335055,0.09477392677953363
2025-02-09 08:00:00,WX-MASTER,0.4626,4.88,24.42,WEATHER_STATION,VALID,0.45487268768544203,0.00838559429355281
2025-02-09 09:00:00,WX-MASTER,0.5825,6.912,25.23,WEATHER_STATION,VALID,0.5693130741198335,0.07555389136592591
2025-02-09 10:00:00,WX-MASTER,0.7438,7.223,24.24,WEATHER_STATION,VALID,0.7348778169233993,0.09504374562639231
2025-02-09 11:00:00,WX-MASTER,0.5377,7.592,28.05,WEATHER_STATION,VALID,0.5239028262804375,0.12219851752120708
2025-02-09 12:00:00,WX-MASTER,0.8408,5.948,23.52,WEATHER_STATION,VALID,0.8110899328440181,0.03233275687330591
2025-02-09 13:00:00,WX-MASTER,0.4771,6.978,27.92,WEATHER_STATION,VALID,0.46519044795524117,0.07944281695999998
2025-02-09 14:00:00,WX-MASTER,0.5848,4.837,28.53,WEATHER_STATION,VALID,0.5415488261350194,0.00782326007237311
2025-02-09 15:00:00,WX-MASTER,0.6351,7.341,29.5,WEATHER_STATION,VALID,0.6196945609676722,0.10323564048740741
2025-02-09 16:00:00,WX-MASTER,0.4717,7.097,28.47,WEATHER_STATION,VALID,0.4317346550551928,0.08678770235824419
2025-02-09 17:00:00,WX-MASTER,0.2159,5.368,28.6,WEATHER_STATION,VALID,0.20384156375511756,0.016757352029410158
2025-02-09 18:00:00,WX-MASTER,0.0,7.327,31.9,WEATHER_STATION,VALID,0.0,0.10224003385508915
2025-02-09 19:00:00,WX-MASTER,0.0,8.308,33.13,WEATHER_STATION,VALID,0.0,0.18873525907138541
2025-02-09 20:00:00,WX-MASTER,0.0,7.254,31.91,WEATHER_STATION,VALID,0.0,0.09715222597925924
2025-02-09 21:00:00,WX-MASTER,0.0,6.334,32.49,WEATHER_STATION,VALID,0.0,0.04676889246595335
2025-02-09 22:00:00,WX-MASTER,0.0,7.857,30.63,WEATHER_STATION,VALID,0.0,0.144598773565926
2025-02-09 23:00:00,WX-MASTER,0.0,8.525,31.02,WEATHER_STATION,VALID,0.0,0.21284190929355284
2025-02-10 00:00:00,WX-MASTER,0.0,6.875,31.39,WEATHER_STATION,VALID,0.0,0.07343031978737999
2025-02-10 01:00:00,WX-MASTER,0.0,6.707,28.7,WEATHER_STATION,VALID,0.0,0.06428772497058984
2025-02-10 02:00:00,WX-MASTER,0.0,8.689,29.59,WEATHER_STATION,VALID,0.0,0.23236360212274346
2025-02-10 03:00:00,WX-MASTER,0.0,9.008,25.3,WEATHER_STATION,VALID,0.0,0.27368441743626876
2025-02-10 04:00:00,WX-MASTER,0.0,10.597,25.68,WEATHER_STATION,VALID,0.0,0.553333135746447
2025-02-10 05:00:00,WX-MASTER,0.0,8.479,26.35,WEATHER_STATION,VALID,0.0,0.2075698159943483
2025-02-10 06:00:00,WX-MASTER,0.0,5.813,27.42,WEATHER_STATION,VALID,0.0,0.028091148495528115
2025-02-10 07:00:00,WX-MASTER,0.2273,9.783,24.8,WEATHER_STATION,VALID,0.2203595851949599,0.3938453753525925
2025-02-10 08:00:00,WX-MASTER,0.4939,8.242,23.43,WEATHER_STATION,VALID,0.46897231146966467,0.18178219737854606
2025-02-10 09:00:00,WX-MASTER,0.6087,4.013,27.04,WEATHER_STATION,VALID,0.5881031252726225,0.0013118634584910833
2025-02-10 10:00:00,WX-MASTER,0.6969,5.057,24.99,WEATHER_STATION,VALID,0.6682344949453977,0.01098406701997257
2025-02-10 11:00:00,WX-MASTER,0.7771,5.577,26.49,WEATHER_STATION,VALID,0.7645617761966553,0.02159750358074074
2025-02-10 12:00:00,WX-MASTER,0.828,7.18,26.02,WEATHER_STATION,VALID,0.8035898794773808,0.09216990595336076
2025-02-10 13:00:00,WX-MASTER,0.8382,2.935,27.43,WEATHER_STATION,VALID,0.8094984090459675,0.0
2025-02-10 14:00:00,WX-MASTER,0.6415,5.879,27.49,WEATHER_STATION,VALID,0.6212332643725842,0.03011516823577502
2025-02-10 15:00:00,WX-MASTER,0.4547,7.122,31.78,WEATHER_STATION,VALID,0.44258080372653924,0.08838615903999998
2025-02-10 16:00:00,WX-MASTER,0.5026,2.558,31.35,WEATHER_STATION,VALID,0.4921721622514613,0.0
2025-02-10 17:00:00,WX-MASTER,0.2361,7.402,32.76,WEATHER_STATION,VALID,0.22547651914216738,0.10764910258348422
2025-02-10 18:00:00,WX-MASTER,0.0,7.787,30.25,WEATHER_STATION,VALID,0.0,0.13843649065947872
2025-02-10 19:00:00,WX-MASTER,0.0,5.813,29.36,WEATHER_STATION,VALID,0.0,0.028091148495528115
2025-02-10 20:00:00,WX-MASTER,0.0,5.675,31.32,WEATHER_STATION,VALID,0.0,0.02415636917009602
2025-02-10 21:00:00,WX-MASTER,0.0,6.304,34.57,WEATHER_STATION,VALID,0.0,0.04551771109311388
2025-02-10 22:00:00,WX-MASTER,0.0,4.175,30.81,WEATHER_STATION,VALID,0.0,0.002047264231824416
2025-02-10 23:00:00,WX-MASTER,0.0,7.405,31.9,WEATHER_STATION,VALID,0.0,0.10786934391632375
2025-02-11 00:00:00,WX-MASTER,0.0,8.262,28.71,WEATHER_STATION,VALID,0.0,0.18387082736592594
2025-02-11 01:00:00,WX-MASTER,0.0,6.454,28.1,WEATHER_STATION,VALID,0.0,0.05200286832768175
2025-02-11 02:00:00,WX-MASTER,0.0,9.297,28.1,WEATHER_STATION,VALID,0.0,0.31510941463259273
2025-02-11 03:00:00,WX-MASTER,0.0,8.093,29.82,WEATHER_STATION,VALID,0.0,0.16671755309799727
2025-02-11 04:00:00,WX-MASTER,0.0,8.163,27.76,WEATHER_STATION,VALID,0.0,0.17368674415259258
2025-02-11 05:00:00,WX-MASTER,0.0,7.113,23.25,WEATHER_STATION,VALID,0.0,0.08780847356000004
2025-02-11 06:00:00,WX-MASTER,0.0,8.373,25.96,WEATHER_STATION,VALID,0.0,0.19575407915999998
2025-02-11 07:00:00,WX-MASTER,0.2793,8.831,23.43,WEATHER_STATION,VALID,0.26965317451769855,0.25020122015873797
2025-02-11 08:00:00,WX-MASTER,0.5078,6.363,23.87,WEATHER_STATION,VALID,0.4888885873609944,0.04799996281925927
2025-02-11 09:00:00,WX-MASTER,0.6855,7.631,25.42,WEATHER_STATION,VALID,0.6738864880538583,0.12533854302293554
2025-02-11 10:00:00,WX-MASTER,0.3117,7.422,26.84,WEATHER_STATION,VALID,0.3092653479746573,0.10912305444740737
2025-02-11 11:00:00,WX-MASTER,0.3709,6.781,27.34,WEATHER_STATION,VALID,0.3697559777987691,0.0682150703123731
2025-02-11 12:00:00,WX-MASTER,0.8763,8.293,26.84,WEATHER_STATION,VALID,0.8672934920670093,0.1871397224368175
2025-02-11 13:00:00,WX-MASTER,0.7973,5.106,27.7,WEATHER_STATION,VALID,0.7720686340547938,0.011787871679999999
2025-02-11 14:00:00,WX-MASTER,0.7297,5.508,29.81,WEATHER_STATION,VALID,0.7116696985444049,0.01990869968592593
2025-02-11 15:00:00,WX-MASTER,0.661,5.119,27.21,WEATHER_STATION,VALID,0.6487730487737408,0.01200751586595336
2025-02-11 16:00:00,WX-MASTER,0.4469,7.207,32.13,WEATHER_STATION,VALID,0.4343053163831289,0.09396753514891633
2025-02-11 17:00:00,WX-MASTER,0.228,6.099,29.78,WEATHER_STATION,VALID,0.22160721352265747,0.03755995192740742
2025-02-11 18:00:00,WX-MASTER,0.0,5.778,31.53,WEATHER_STATION,VALID,0.0,0.02705559088592592
2025-02-11 19:00:00,WX-MASTER,0.0,9.098,30.98,WEATHER_STATION,VALID,0.0,0.2861689823547876
2025-02-11 20:00:00,WX-MASTER,0.0,9.549,30.3,WEATHER_STATION,VALID,0.0,0.35447472177925915
2025-02-11 21:00:00,WX-MASTER,0.0,7.02,32.13,WEATHER_STATION,VALID,0.0,0.0819857659259259
2025-02-11 22:00:00,WX-MASTER,0.0,5.893,31.51,WEATHER_STATION,VALID,0.0,0.030556640165212614
2025-02-11 23:00:00,WX-MASTER,0.0,10.274,30.54,WEATHER_STATION,VALID,0.0,0.4857135164308367
2025-02-12 00:00:00,WX-MASTER,0.0,8.611,29.78,WEATHER_STATION,VALID,0.0,0.22293646227780525
2025-02-12 01:00:00,WX-MASTER,0.0,8.608,30.95,WEATHER_STATION,VALID,0.0,0.2225790650960769
2025-02-12 02:00:00,WX-MASTER,0.0,8.192,30.85,WEATHER_STATION,VALID,0.0,0.1766299517928121
2025-02-12 03:00:00,WX-MASTER,0.0,6.942,28.81,WEATHER_STATION,VALID,0.0,0.07730545824
2025-02-12 04:00:00,WX-MASTER,0.0,7.31,26.8,WEATHER_STATION,VALID,0.0,0.1010397142935528
2025-02-12 05:00:00,WX-MASTER,0.0,8.539,23.77,WEATHER_STATION,VALID,0.0,0.2144639963696571
2025-02-12 06:00:00,WX-MASTER,0.0,6.848,25.94,WEATHER_STATION,VALID,0.0,0.0719060593918244
2025-02-12 07:00:00,WX-MASTER,0.2205,7.739,25.64,WEATHER_STATION,VALID,0.21222878676002402,0.13431373468515775
2025-02-12 08:00:00,WX-MASTER,0.4529,6.932,25.64,WEATHER_STATION,VALID,0.4280691097860715,0.07671862782244174
2025-02-12 09:00:00,WX-MASTER,0.59,5.29,23.46,WEATHER_STATION,VALID,0.5630513631701611,0.015155377064471884
2025-02-12 10:00:00,WX-MASTER,0.6944,8.549,26.2,WEATHER_STATION,VALID,0.6629327936063746,0.2156276617518244
2025-02-12 11:00:00,WX-MASTER,0.8406,7.033,27.61,WEATHER_STATION,VALID,0.8160398533749528,0.08278372513311387
2025-02-12 12:00:00,WX-MASTER,0.8402,6.565,25.28,WEATHER_STATION,VALID,0.8115426620786007,0.05717930885459535
2025-02-12 13:00:00,WX-MASTER,0.8148,6.795,28.13,WEATHER_STATION,VALID,0.7862392396914967,0.06897562425925924
2025-02-12 14:00:00,WX-MASTER,0.7523,3.748,27.24,WEATHER_STATION,VALID,0.736724026829487,0.000528159496076818
2025-02-12 15:00:00,WX-MASTER,0.6482,5.511,28.99,WEATHER_STATION,VALID,0.6320586081368766,0.019980227880000007
2025-02-12 16:00:00,WX-MASTER,0.3483,4.302,28.83,WEATHER_STATION,VALID,0.33950219210018107,0.0027854364325925894
2025-02-12 17:00:00,WX-MASTER,0.238,6.638,30.27,WEATHER_STATION,VALID,0.23232308759266343,0.060764283767133054
2025-02-12 18:00:00,WX-MASTER,0.0,7.128,30.83,WEATHER_STATION,VALID,0.0,0.08877268688592593
2025-02-12 19:00:00,WX-MASTER,0.0,7.142,32.09,WEATHER_STATION,VALID,0.0,0.08967896403972568
2025-02-12 20:00:00,WX-MASTER,0.0,8.751,32.78,WEATHER_STATION,VALID,0.0,0.24004374947999987
2025-02-12 21:00:00,WX-MASTER,0.0,5.523,33.05,WEATHER_STATION,VALID,0.0,0.02026805390074074
2025-02-12 22:00:00,WX-MASTER,0.0,6.654,30.46,WEATHER_STATION,VALID,0.0,0.06156954271999999
2025-02-12 23:00:00,WX-MASTER,0.0,8.412,31.12,WEATHER_STATION,VALID,0.0,0.2000477461807408
2025-02-13 00:00:00,WX-MASTER,0.0,8.365,28.67,WEATHER_STATION,VALID,0.0,0.19488099033607686
2025-02-13 01:00:00,WX-MASTER,0.0,6.373,29.01,WEATHER_STATION,VALID,0.0,0.04842942610101511
2025-02-13 02:00:00,WX-MASTER,0.0,9.633,28.29,WEATHER_STATION,VALID,0.0,0.36829030875999985
2025-02-13 03:00:00,WX-MASTER,0.0,10.011,26.22,WEATHER_STATION,VALID,0.0,0.43491080787999986
2025-02-13 04:00:00,WX-MASTER,0.0,8.423,27.16,WEATHER_STATION,VALID,0.0,0.20127003046589845
2025-02-13 05:00:00,WX-MASTER,0.0,5.719,25.57,WEATHER_STATION,VALID,0.0,0.025368098878299054
2025-02-13 06:00:00,WX-MASTER,0.0,7.659,25.39,WEATHER_STATION,VALID,0.0,0.12762578617925924
2025-02-13 07:00:00,WX-MASTER,0.2661,7.641,26.33,WEATHER_STATION,VALID,0.2620531631091489,0.12615225100592597
2025-02-13 08:00:00,WX-MASTER,0.4046,6.584,24.22,WEATHER_STATION,VALID,0.3890768857011902,0.05809841734935527
2025-02-13 09:00:00,WX-MASTER,0.6725,8.438,25.88,WEATHER_STATION,VALID,0.6604522832733587,0.20294479102639243
2025-02-13 10:00:00,WX-MASTER,0.7756,6.313,26.94,WEATHER_STATION,VALID,0.7602128875233662,0.04589069200718791
2025-02-13 11:00:00,WX-MASTER,0.7977,9.019,27.42,WEATHER_STATION,VALID,0.7623444385121211,0.27519043137212623
2025-02-13 12:00:00,WX-MASTER,0.7451,7.175,26.26,WEATHER_STATION,VALID,0.7336317277240217,0.09183954818244168
2025-02-13 13:00:00,WX-MASTER,0.7162,6.454,26.16,WEATHER_STATION,VALID,0.702218698248326,0.05200286832768175
2025-02-13 14:00:00,WX-MASTER,0.6797,7.298,27.38,WEATHER_STATION,VALID,0.6603481853847079,0.10019811065108368
2025-02-13 15:00:00,WX-MASTER,0.6442,8.164,27.24,WEATHER_STATION,VALID,0.6175076684250788,0.17378768569064468
2025-02-13 17:00:00,WX-MASTER,0.2597,6.4,31.61,WEATHER_STATION,VALID,0.24856196295463884,0.049601755829904004
2025-02-13 18:00:00,WX-MASTER,0.0,5.869,31.41,WEATHER_STATION,VALID,0.0,0.029802448335089163
2025-02-13 19:00:00,WX-MASTER,0.0,5.522,29.97,WEATHER_STATION,VALID,0.0,0.020243963506392328
2025-02-13 20:00:00,WX-MASTER,0.0,4.069,31.3,WEATHER_STATION,VALID,0.0,0.0015416770758299037
2025-02-13 21:00:00,WX-MASTER,0.0,7.719,33.27,WEATHER_STATION,VALID,0.0,0.1326203687274074
2025-02-13 22:00:00,WX-MASTER,0.0,7.211,32.0,WEATHER_STATION,VALID,0.0,0.09423582202540468
2025-02-13 23:00:00,WX-MASTER,0.0,7.462,31.65,WEATHER_STATION,VALID,0.0,0.1121111988995336
2025-02-14 00:00:00,WX-MASTER,0.0,9.381,33.98,WEATHER_STATION,VALID,0.0,0.3278887626800001
2025-02-14 01:00:00,WX-MASTER,0.0,7.96,29.56,WEATHER_STATION,VALID,0.0,0.15399454200274348
2025-02-14 02:00:00,WX-MASTER,0.0,10.564,25.67,WEATHER_STATION,VALID,0.0,0.5461536740363238
2025-02-14 03:00:00,WX-MASTER,0.0,7.282,26.03,WEATHER_STATION,VALID,0.0,0.0990832601736077
2025-02-14 04:00:00,WX-MASTER,0.0,6.629,26.88,WEATHER_STATION,VALID,0.0,0.06031442663083673
2025-02-14 05:00:00,WX-MASTER,0.0,6.068,25.81,WEATHER_STATION,VALID,0.0,0.03644402743133058
2025-02-14 06:00:00,WX-MASTER,0.0,8.414,25.02,WEATHER_STATION,VALID,0.0,0.2002696105740466
2025-02-14 07:00:00,WX-MASTER,0.2785,8.717,24.69,WEATHER_STATION,VALID,0.27200284628301064,0.23581144289157752
2025-02-14 09:00:00,WX-MASTER,0.6055,5.326,25.33,WEATHER_STATION,VALID,0.585939155039632,0.01588142361854595
2025-02-14 10:00:00,WX-MASTER,0.6391,8.475,26.9,WEATHER_STATION,VALID,0.6338662520645418,0.20711553240740735
2025-02-14 11:00:00,WX-MASTER,0.8287,4.42,27.86,WEATHER_STATION,VALID,0.7981648354417146,0.0036134773113854594
2025-02-14 12:00:00,WX-MASTER,0.9175,7.493,28.55,WEATHER_STATION,VALID,0.9055573782996169,0.11446416771528121
2025-02-14 13:00:00,WX-MASTER,0.7835,5.375,26.21,WEATHER_STATION,VALID,0.7524220754196964,0.016906400034293553
2025-02-14 14:00:00,WX-MASTER,0.3807,6.64,28.23,WEATHER_STATION,VALID,0.3689349318311254,0.06086455484224964
2025-02-14 15:00:00,WX-MASTER,0.5364,7.596,28.79,WEATHER_STATION,VALID,0.5116829893042728,0.12251812987259264
2025-02-14 16:00:00,WX-MASTER,0.4403,6.951,30.72,WEATHER_STATION,VALID,0.4300962041610352,0.07783615747999999
2025-02-14 17:00:00,WX-MASTER,0.2058,6.137,30.63,WEATHER_STATION,VALID,0.20408710382903222,0.03895864604219477
2025-02-14 18:00:00,WX-MASTER,0.0,8.564,31.02,WEATHER_STATION,VALID,0.0,0.21738104040120715
2025-02-14 19:00:00,WX-MASTER,0.0,7.379,33.39,WEATHER_STATION,VALID,0.0,0.10597053687775032
2025-02-14 20:00:00,WX-MASTER,0.0,12.051,31.88,WEATHER_STATION,VALID,0.0,0.92
2025-02-14 21:00:00,WX-MASTER,0.0,5.298,31.79,WEATHER_STATION,VALID,0.0,0.01531476623407408
2025-02-14 22:00:00,WX-MASTER,0.0,5.502,31.79,WEATHER_STATION,VALID,0.0,0.019766155839999994
2025-02-14 23:00:00,WX-MASTER,0.0,9.211,31.55,WEATHER_STATION,VALID,0.0,0.30237430751237315
2025-02-15 00:00:00,WX-MASTER,0.0,8.025,30.85,WEATHER_STATION,VALID,0.0,0.16012844907407411
2025-02-15 01:00:00,WX-MASTER,0.0,9.158,31.05,WEATHER_STATION,VALID,0.0,0.29469946859676266
2025-02-15 02:00:00,WX-MASTER,0.0,6.694,26.74,WEATHER_STATION,VALID,0.0,0.06361374627336078
2025-02-15 03:00:00,WX-MASTER,0.0,8.12,27.76,WEATHER_STATION,VALID,0.0,0.1693831409602194
2025-02-15 04:00:00,WX-MASTER,0.0,8.508,26.41,WEATHER_STATION,VALID,0.0,0.21088325375999986
2025-02-15 05:00:00,WX-MASTER,0.0,7.018,25.45,WEATHER_STATION,VALID,0.0,0.08186345998002743
2025-02-15 06:00:00,WX-MASTER,0.0,7.798,26.16,WEATHER_STATION,VALID,0.0,0.13939302082941013
2025-02-15 07:00:00,WX-MASTER,0.2074,5.473,26.46,WEATHER_STATION,VALID,0.20252380133932005,0.019086779138052127
2025-02-15 08:00:00,WX-MASTER,0.4838,7.495,24.07,WEATHER_STATION,VALID,0.46973532792206546,0.11461709243484226
2025-02-15 09:00:00,WX-MASTER,0.5921,8.61,26.92,WEATHER_STATION,VALID,0.5753174796370248,0.2228172874074074
2025-02-15 10:00:00,WX-MASTER,0.6769,4.899,23.53,WEATHER_STATION,VALID,0.6524469892312393,0.00864241652
2025-02-15 11:00:00,WX-MASTER,0.7918,4.64,26.51,WEATHER_STATION,VALID,0.7514406515705689,0.005566623429355277
2025-02-15 12:00:00,WX-MASTER,0.8833,7.749,25.46,WEATHER_STATION,VALID,0.8363487378791836,0.13516579644592588
2025-02-15 13:00:00,WX-MASTER,0.8064,4.43,26.6,WEATHER_STATION,VALID,0.7901096501081697,0.0036903572565157735
2025-02-15 14:00:00,WX-MASTER,0.6723,7.238,28.35,WEATHER_STATION,VALID,0.6493406179415306,0.0960601269276269
2025-02-15 15:00:00,WX-MASTER,0.689,6.291,28.71,WEATHER_STATION,VALID,0.6621694212220535,0.044982537005925936
2025-02-15 16:00:00,WX-MASTER,0.5104,5.811,26.6,WEATHER_STATION,VALID,0.49515311907819237,0.028031273954074083
2025-02-15 17:00:00,WX-MASTER,0.2619,8.449,31.49,WEATHER_STATION,VALID,0.25716589135557905,0.2041788355844719
2025-02-15 18:00:00,WX-MASTER,0.0,7.978,32.25,WEATHER_STATION,VALID,0.0,0.15567718711089165
2025-02-15 19:00:00,WX-MASTER,0.0,7.389,31.47,WEATHER_STATION,VALID,0.0,0.10669818737925928
2025-02-15 20:00:00,WX-MASTER,0.0,4.488,31.49,WEATHER_STATION,VALID,0.0,0.004157852634074078
2025-02-15 21:00:00,WX-MASTER,0.0,8.463,31.21,WEATHER_STATION,VALID,0.0,0.2057566595599999
2025-02-15 22:00:00,WX-MASTER,0.0,6.368,29.26,WEATHER_STATION,VALID,0.0,0.04821437567824417
2025-02-15 23:00:00,WX-MASTER,0.0,7.653,28.58,WEATHER_STATION,VALID,0.0,0.12713333995999992
2025-02-16 00:00:00,WX-MASTER,0.0,8.098,31.02,WEATHER_STATION,VALID,0.0,0.16720905500224972
2025-02-16 01:00:00,WX-MASTER,0.0,10.617,30.49,WEATHER_STATION,VALID,0.0,0.5577147953140742
2025-02-16 02:00:00,WX-MASTER,0.0,7.815,29.02,WEATHER_STATION,VALID,0.0,0.140879945
2025-02-16 03:00:00,WX-MASTER,0.0,6.222,27.85,WEATHER_STATION,VALID,0.0,0.042212095040000015
2025-02-16 04:00:00,WX-MASTER,0.0,9.847,27.49,WEATHER_STATION,VALID,0.0,0.40509910401805216
2025-02-16 05:00:00,WX-MASTER,0.0,8.691,26.69,WEATHER_STATION,VALID,0.0,0.2326087544874075
2025-02-16 06:00:00,WX-MASTER,0.0,8.51,24.33,WEATHER_STATION,VALID,0.0,0.21111305750342937
2025-02-16 07:00:00,WX-MASTER,0.2417,9.2,25.19,WEATHER_STATION,VALID,0.22953349644768067,0.3007705898491082
2025-02-16 08:00:00,WX-MASTER,0.3966,9.244,24.45,WEATHER_STATION,VALID,0.37997492784146103,0.3072196444462002
2025-02-16 09:00:00,WX-MASTER,0.5953,5.594,24.58,WEATHER_STATION,VALID,0.5890811842729924,0.022027753823429367
2025-02-16 10:00:00,WX-MASTER,0.7322,4.722,26.64,WEATHER_STATION,VALID,0.7194621380468703,0.006444062447407413
2025-02-16 11:00:00,WX-MASTER,0.7989,7.445,27.72,WEATHER_STATION,VALID,0.7927572374044506,0.11083466040466396
2025-02-16 12:00:00,WX-MASTER,0.9141,5.883,23.74,WEATHER_STATION,VALID,0.8829519366880717,0.03024086616740742
2025-02-16 13:00:00,WX-MASTER,0.7614,5.939,27.09,WEATHER_STATION,VALID,0.725398165983778,0.03203753231478738
2025-02-16 14:00:00,WX-MASTER,0.7517,4.71,27.93,WEATHER_STATION,VALID,0.7264379503844334,0.006310280000000001
2025-02-16 15:00:00,WX-MASTER,0.5461,7.0,30.6,WEATHER_STATION,VALID,0.5305527893713462,0.08076817558299038
2025-02-16 16:00:00,WX-MASTER,0.4746,6.899,28.31,WEATHER_STATION,VALID,0.46092432067162453,0.07480317031972566
2025-02-16 17:00:00,WX-MASTER,0.249,6.363,27.19,WEATHER_STATION,VALID,0.2457642965881563,0.04799996281925927
2025-02-16 18:00:00,WX-MASTER,0.0,4.989,32.32,WEATHER_STATION,VALID,0.0,0.009930352119999998
2025-02-16 19:00:00,WX-MASTER,0.0,8.619,32.84,WEATHER_STATION,VALID,0.0,0.22389139139407405
2025-02-16 20:00:00,WX-MASTER,0.0,7.641,29.66,WEATHER_STATION,VALID,0.0,0.12615225100592597
2025-02-16 21:00:00,WX-MASTER,0.0,9.012,31.53,WEATHER_STATION,VALID,0.0,0.27423142144000007
2025-02-16 22:00:00,WX-MASTER,0.0,5.048,33.17,WEATHER_STATION,VALID,0.0,0.010840521021454047
2025-02-16 23:00:00,WX-MASTER,0.0,8.037,29.48,WEATHER_STATION,VALID,0.0,0.16127837969925934
2025-02-17 00:00:00,WX-MASTER,0.0,7.179,30.2,WEATHER_STATION,VALID,0.0,0.09210377112740743
2025-02-17 01:00:00,WX-MASTER,0.0,8.22,29.84,WEATHER_STATION,VALID,0.0,0.17950304000000006
2025-02-17 02:00:00,WX-MASTER,0.0,9.393,26.61,WEATHER_STATION,VALID,0.0,0.3297421097674075
2025-02-17 03:00:00,WX-MASTER,0.0,8.575,26.74,WEATHER_STATION,VALID,0.0,0.2186728746570644
2025-02-17 04:00:00,WX-MASTER,0.0,7.982,24.54,WEATHER_STATION,VALID,0.0,0.1560527652051578
2025-02-17 05:00:00,WX-MASTER,0.0,7.786,25.65,WEATHER_STATION,VALID,0.0,0.13834975100620023
2025-02-17 06:00:00,WX-MASTER,0.0,5.513,24.34,WEATHER_STATION,VALID,0.0,0.020028008396762685
2025-02-17 07:00:00,WX-MASTER,0.2815,6.109,25.19,WEATHER_STATION,VALID,0.2692792094562666,0.037924727169657065
2025-02-17 08:00:00,WX-MASTER,0.4563,8.484,25.59,WEATHER_STATION,VALID,0.4408103939463085,0.20813860399407405
2025-02-17 09:00:00,WX-MASTER,0.6143,6.118,26.61,WEATHER_STATION,VALID,0.5895512105153703,0.038255037461508934
2025-02-17 10:00:00,WX-MASTER,0.7183,8.035,28.09,WEATHER_STATION,VALID,0.7116382084648492,0.16108634354595333
2025-02-17 11:00:00,WX-MASTER,0.7935,7.446,26.1,WEATHER_STATION,VALID,0.7677318281283465,0.11090948128
2025-02-17 12:00:00,WX-MASTER,0.9211,7.389,26.19,WEATHER_STATION,VALID,0.9112687899707056,0.10669818737925928
2025-02-17 13:00:00,WX-MASTER,0.5953,6.617,26.97,WEATHER_STATION,VALID,0.5779919915297528,0.05971807849651578
2025-02-17 14:00:00,WX-MASTER,0.5691,5.623,27.17,WEATHER_STATION,VALID,0.5523447954256129,0.022774831409657068
2025-02-17 15:00:00,WX-MASTER,0.5761,6.067,29.77,WEATHER_STATION,VALID,0.5580496654970923,0.036408402773607684
2025-02-17 16:00:00,WX-MASTER,0.257,7.231,29.48,WEATHER_STATION,VALID,0.2493046345500007,0.09558491868274348
2025-02-17 17:00:00,WX-MASTER,0.2678,3.824,31.42,WEATHER_STATION,VALID,0.26667039952725125,0.0007060605296021946
2025-02-17 18:00:00,WX-MASTER,0.0,8.433,30.24,WEATHER_STATION,VALID,0.0,0.2023855093525926
2025-02-17 19:00:00,WX-MASTER,0.0,6.42,31.15,WEATHER_STATION,VALID,0.0,0.050482240000000005
2025-02-17 20:00:00,WX-MASTER,0.0,7.219,32.34,WEATHER_STATION,VALID,0.0,0.09477392677953363
2025-02-17 21:00:00,WX-MASTER,0.0,7.48,31.55,WEATHER_STATION,VALID,0.0,0.11347347138545956
2025-02-17 22:00:00,WX-MASTER,0.0,7.753,29.05,WEATHER_STATION,VALID,0.0,0.13550762759237311
2025-02-17 23:00:00,WX-MASTER,0.0,6.277,30.78,WEATHER_STATION,VALID,0.0,0.044410904990891634
2025-02-18 00:00:00,WX-MASTER,0.0,8.33,29.13,WEATHER_STATION,VALID,0.0,0.19109174491083675
2025-02-18 01:00:00,WX-MASTER,0.0,8.967,30.67,WEATHER_STATION,VALID,0.0,0.26811950724000005
2025-02-18 02:00:00,WX-MASTER,0.0,5.531,29.51,WEATHER_STATION,VALID,0.0,0.020461465442688613
2025-02-18 03:00:00,WX-MASTER,0.0,6.425,24.7,WEATHER_STATION,VALID,0.0,0.05070397719478738
2025-02-18 04:00:00,WX-MASTER,0.0,9.145,27.56,WEATHER_STATION,VALID,0.0,0.29283700786694095
2025-02-18 05:00:00,WX-MASTER,0.0,8.715,26.34,WEATHER_STATION,VALID,0.0,0.23556404500000006
2025-02-18 06:00:00,WX-MASTER,0.0,7.951,23.53,WEATHER_STATION,VALID,0.0,0.15315778540866942
2025-02-18 07:00:00,WX-MASTER,0.2116,6.423,26.02,WEATHER_STATION,VALID,0.20746687064698602,0.050615204567407424
2025-02-18 08:00:00,WX-MASTER,0.3959,7.979,23.31,WEATHER_STATION,VALID,0.38467987602843345,0.15577102507528126
2025-02-18 09:00:00,WX-MASTER,0.5888,5.234,26.34,WEATHER_STATION,VALID,0.5711478335265356,0.01407050890491084
2025-02-18 10:00:00,WX-MASTER,0.7063,6.396,24.54,WEATHER_STATION,VALID,0.7007162066205624,0.0494268966874074
2025-02-18 11:00:00,WX-MASTER,0.6655,4.696,24.05,WEATHER_STATION,VALID,0.6210691689768486,0.0061565561222496545
2025-02-18 12:00:00,WX-MASTER,0.7304,6.058,29.14,WEATHER_STATION,VALID,0.6929558522317317,0.03608882499731137
2025-02-18 13:00:00,WX-MASTER,0.7207,4.867,25.58,WEATHER_STATION,VALID,0.6862461751556799,0.008212837934101507
2025-02-18 14:00:00,WX-MASTER,0.8199,7.195,27.38,WEATHER_STATION,VALID,0.790835438925875,0.09316573070644721
2025-02-18 15:00:00,WX-MASTER,0.6918,6.848,28.52,WEATHER_STATION,VALID,0.6684039310223379,0.0719060593918244
2025-02-18 16:00:00,WX-MASTER,0.4338,5.679,29.55,WEATHER_STATION,VALID,0.41097783200994076,0.0242648963125926
2025-02-18 17:00:00,WX-MASTER,0.2399,8.027,31.66,WEATHER_STATION,VALID,0.22915790882072948,0.1603197233310836
2025-02-18 18:00:00,WX-MASTER,0.0,5.595,31.45,WEATHER_STATION,VALID,0.0,0.022053239074074076
2025-02-18 19:00:00,WX-MASTER,0.0,7.046,32.93,WEATHER_STATION,VALID,0.0,0.08358684525256518
2025-02-18 20:00:00,WX-MASTER,0.0,6.554,32.29,WEATHER_STATION,VALID,0.0,0.056651650791330596
2025-02-18 21:00:00,WX-MASTER,0.0,8.569,29.72,WEATHER_STATION,VALID,0.0,0.21796760522397815
2025-02-18 22:00:00,WX-MASTER,0.0,8.663,32.04,WEATHER_STATION,VALID,0.0,0.22919227943379974
2025-02-18 23:00:00,WX-MASTER,0.0,9.7,31.1,WEATHER_STATION,VALID,0.0,0.3795637311385458
2025-02-19 00:00:00,WX-MASTER,0.0,8.263,29.37,WEATHER_STATION,VALID,0.0,0.18397567672323728
2025-02-19 01:00:00,WX-MASTER,0.0,4.369,31.76,WEATHER_STATION,VALID,0.0,0.0032379537671879273
2025-02-19 02:00:00,WX-MASTER,0.0,7.651,29.09,WEATHER_STATION,VALID,0.0,0.12696947316175583
2025-02-19 03:00:00,WX-MASTER,0.0,10.173,28.59,WEATHER_STATION,VALID,0.0,0.4657606471600001
2025-02-19 04:00:00,WX-MASTER,0.0,7.58,27.79,WEATHER_STATION,VALID,0.0,0.12124301651577507
2025-02-19 05:00:00,WX-MASTER,0.0,5.321,25.39,WEATHER_STATION,VALID,0.0,0.0157792268698491
2025-02-19 06:00:00,WX-MASTER,0.0,8.169,26.09,WEATHER_STATION,VALID,0.0,0.1742929800607408
2025-02-19 07:00:00,WX-MASTER,0.267,8.013,25.36,WEATHER_STATION,VALID,0.26045666943912466,0.15898399755999995
2025-02-19 08:00:00,WX-MASTER,0.4539,6.125,24.2,WEATHER_STATION,VALID,0.443125357831095,0.03851326731824417
2025-02-19 09:00:00,WX-MASTER,0.5227,6.499,23.52,WEATHER_STATION,VALID,0.49666570611971683,0.054062002275829885
2025-02-19 10:00:00,WX-MASTER,0.7024,5.495,25.36,WEATHER_STATION,VALID,0.6903329688527083,0.019600716577503438
2025-02-19 11:00:00,WX-MASTER,0.8266,7.096,26.59,WEATHER_STATION,VALID,0.7918801751738337,0.08672416817163238
2025-02-19 12:00:00,WX-MASTER,0.8719,6.364,26.63,WEATHER_STATION,VALID,0.8540198322361916,0.048042794431385455
2025-02-19 13:00:00,WX-MASTER,0.7833,4.713,27.24,WEATHER_STATION,VALID,0.7596760008690745,0.006343550300740743
2025-02-19 14:00:00,WX-MASTER,0.821,6.222,28.4,WEATHER_STATION,VALID,0.779419787948855,0.042212095040000015
2025-02-19 15:00:00,WX-MASTER,0.68,5.354,28.93,WEATHER_STATION,VALID,0.6563747834132719,0.016461889211083675
2025-02-19 16:00:00,WX-MASTER,0.4419,8.342,31.97,WEATHER_STATION,VALID,0.4310648135642697,0.1923853288792319
2025-02-19 17:00:00,WX-MASTER,0.2701,7.793,31.16,WEATHER_STATION,VALID,0.26448042923899284,0.13895769003626887
2025-02-19 18:00:00,WX-MASTER,0.0,6.701,30.81,WEATHER_STATION,VALID,0.0,0.06397606942787377
2025-02-19 20:00:00,WX-MASTER,0.0,8.693,31.63,WEATHER_STATION,VALID,0.0,0.23285407922145404
2025-02-19 21:00:00,WX-MASTER,0.0,7.4,31.05,WEATHER_STATION,VALID,0.0,0.10750244170096024
2025-02-19 22:00:00,WX-MASTER,0.0,8.835,30.66,WEATHER_STATION,VALID,0.0,0.25071647907407424
2025-02-19 23:00:00,WX-MASTER,0.0,9.95,31.97,WEATHER_STATION,VALID,0.0,0.42365731824417
2025-02-20 00:00:00,WX-MASTER,0.0,7.539,30.23,WEATHER_STATION,VALID,0.0,0.11801598819407406
2025-02-20 01:00:00,WX-MASTER,0.0,10.379,27.27,WEATHER_STATION,VALID,0.0,0.507052385272812
2025-02-20 02:00:00,WX-MASTER,0.0,9.995,29.13,WEATHER_STATION,VALID,0.0,0.4319400313923181
2025-02-20 03:00:00,WX-MASTER,0.0,8.483,25.58,WEATHER_STATION,VALID,0.0,0.2080247633745406
2025-02-20 04:00:00,WX-MASTER,0.0,7.447,27.47,WEATHER_STATION,VALID,0.0,0.11098433582052127
2025-02-20 05:00:00,WX-MASTER,0.0,8.143,25.34,WEATHER_STATION,VALID,0.0,0.17167611312817566
2025-02-20 06:00:00,WX-MASTER,0.0,7.289,25.46,WEATHER_STATION,VALID,0.0,0.09956998409256514
2025-02-20 07:00:00,WX-MASTER,0.2266,6.323,24.97,WEATHER_STATION,VALID,0.21814942614975394,0.046307498663429376
2025-02-20 08:00:00,WX-MASTER,0.5138,7.784,24.71,WEATHER_STATION,VALID,0.5016246872499206,0.13817638041108368
2025-02-20 09:00:00,WX-MASTER,0.634,5.511,25.26,WEATHER_STATION,VALID,0.6140062073201284,0.019980227880000007
2025-02-20 10:00:00,WX-MASTER,0.7976,6.179,25.45,WEATHER_STATION,VALID,0.7658886568454675,0.040544493816021966
2025-02-20 11:00:00,WX-MASTER,0.7545,6.015,28.15,WEATHER_STATION,VALID,0.7242346004644328,0.03458774499999999
2025-02-20 12:00:00,WX-MASTER,0.8028,4.538,26.9,WEATHER_STATION,VALID,0.7701380370703421,0.004591232705404667
2025-02-20 13:00:00,WX-MASTER,0.7353,7.107,27.78,WEATHER_STATION,VALID,0.7035404485507062,0.0874247517140741
2025-02-20 14:00:00,WX-MASTER,0.5205,5.96,27.53,WEATHER_STATION,VALID,0.5226988486893328,0.032729203182441706
2025-02-20 15:00:00,WX-MASTER,0.5233,8.018,29.75,WEATHER_STATION,VALID,0.509936313153271,0.15946018733256517
2025-02-20 16:00:00,WX-MASTER,0.3665,6.147,28.91,WEATHER_STATION,VALID,0.36037995790159005,0.03933240729925926
2025-02-20 17:00:00,WX-MASTER,0.1897,6.125,32.24,WEATHER_STATION,VALID,0.1826173300644676,0.03851326731824417
2025-02-20 18:00:00,WX-MASTER,0.0,5.706,29.63,WEATHER_STATION,VALID,0.0,0.0250059682725926
2025-02-20 19:00:00,WX-MASTER,0.0,7.187,30.75,WEATHER_STATION,VALID,0.0,0.09263373638787382
2025-02-20 20:00:00,WX-MASTER,0.0,7.455,29.93,WEATHER_STATION,VALID,0.0,0.11158438500000001
2025-02-20 21:00:00,WX-MASTER,0.0,8.612,32.27,WEATHER_STATION,VALID,0.0,0.22305567963478737
2025-02-20 22:00:00,WX-MASTER,0.0,7.958,30.91,WEATHER_STATION,VALID,0.0,0.15380833338688615
2025-02-20 23:00:00,WX-MASTER,0.0,10.773,31.68,WEATHER_STATION,VALID,0.0,0.5926882290859258
2025-02-21 00:00:00,WX-MASTER,0.0,8.792,28.98,WEATHER_STATION,VALID,0.0,0.24521439347182444
2025-02-21 01:00:00,WX-MASTER,0.0,6.978,29.95,WEATHER_STATION,VALID,0.0,0.07944281695999998
2025-02-21 02:00:00,WX-MASTER,0.0,6.862,29.1,WEATHER_STATION,VALID,0.0,0.07269375573903979
2025-02-21 03:00:00,WX-MASTER,0.0,8.877,27.75,WEATHER_STATION,VALID,0.0,0.25616947084
2025-02-21 04:00:00,WX-MASTER,0.0,6.723,26.69,WEATHER_STATION,VALID,0.0,0.06512375108592591
2025-02-21 05:00:00,WX-MASTER,0.0,8.631,26.09,WEATHER_STATION,VALID,0.0,0.2253288919392593
2025-02-21 06:00:00,WX-MASTER,0.0,8.793,24.28,WEATHER_STATION,VALID,0.0,0.2453414256192592
2025-02-21 07:00:00,WX-MASTER,0.2204,8.571,23.73,WEATHER_STATION,VALID,0.21552018185456098,0.21820252628
2025-02-21 08:00:00,WX-MASTER,0.3977,5.984,25.56,WEATHER_STATION,VALID,0.3901161447633705,0.03353179137404664
2025-02-21 09:00:00,WX-MASTER,0.6209,8.062,24.58,WEATHER_STATION,VALID,0.5969023954437815,0.1636917235415089
2025-02-21 10:00:00,WX-MASTER,0.7548,7.06,25.92,WEATHER_STATION,VALID,0.7384911160761162,0.08445753459533606
2025-02-21 11:00:00,WX-MASTER,0.7295,5.67,27.79,WEATHER_STATION,VALID,0.7138105095482051,0.024021165925925916
2025-02-21 12:00:00,WX-MASTER,0.8226,6.127,26.11,WEATHER_STATION,VALID,0.7911410702078758,0.0385872601266941
2025-02-21 13:00:00,WX-MASTER,0.8464,6.885,26.78,WEATHER_STATION,VALID,0.8067533319838875,0.07400028092592592
2025-02-21 14:00:00,WX-MASTER,0.7776,5.404,28.02,WEATHER_STATION,VALID,0.7404603271367385,0.017533301019039774
2025-02-21 15:00:00,WX-MASTER,0.6946,6.744,29.36,WEATHER_STATION,VALID,0.6746633012412797,0.06623199232
2025-02-21 16:00:00,WX-MASTER,0.2072,8.366,30.89,WEATHER_STATION,VALID,0.20200034667219718,0.19498998417602195
2025-02-21 17:00:00,WX-MASTER,0.2237,7.929,30.85,WEATHER_STATION,VALID,0.21432967957589846,0.15112515297925933
2025-02-21 18:00:00,WX-MASTER,0.0,7.011,33.93,WEATHER_STATION,VALID,0.0,0.08143634713925926
2025-02-21 19:00:00,WX-MASTER,0.0,7.462,32.29,WEATHER_STATION,VALID,0.0,0.1121111988995336
2025-02-21 20:00:00,WX-MASTER,0.0,6.719,32.84,WEATHER_STATION,VALID,0.0,0.06491406919379976
2025-02-21 21:00:00,WX-MASTER,0.0,7.007,31.74,WEATHER_STATION,VALID,0.0,0.08119295099528119
2025-02-21 22:00:00,WX-MASTER,0.0,5.894,32.65,WEATHER_STATION,VALID,0.0,0.0305883379221948
2025-02-21 23:00:00,WX-MASTER,0.0,8.4,30.63,WEATHER_STATION,VALID,0.0,0.19872000000000012
2025-02-22 00:00:00,WX-MASTER,0.0,9.108,29.4,WEATHER_STATION,VALID,0.0,0.2875791423525927
2025-02-22 01:00:00,WX-MASTER,0.0,8.19,30.42,WEATHER_STATION,VALID,0.0,0.1764259125925926
2025-02-22 02:00:00,WX-MASTER,0.0,7.136,28.35,WEATHER_STATION,VALID,0.0,0.08928980803775034
2025-02-22 03:00:00,WX-MASTER,0.0,8.29,27.81,WEATHER_STATION,VALID,0.0,0.18682169805212617
2025-02-22 04:00:00,WX-MASTER,0.0,9.813,27.85,WEATHER_STATION,VALID,0.0,0.3990942455600002
2025-02-22 05:00:00,WX-MASTER,0.0,9.047,26.12,WEATHER_STATION,VALID,0.0,0.2790488292965159
2025-02-22 06:00:00,WX-MASTER,0.0,7.613,25.21,WEATHER_STATION,VALID,0.0,0.12388270019923191
2025-02-22 07:00:00,WX-MASTER,0.234,10.059,24.4,WEATHER_STATION,VALID,0.22150656484407732,0.4439048036607406
2025-02-22 08:00:00,WX-MASTER,0.4943,10.645,26.2,WEATHER_STATION,VALID,0.4866430401841562,0.5638878905829904
2025-02-22 09:00:00,WX-MASTER,0.6135,6.261,24.63,WEATHER_STATION,VALID,0.609053284427324,0.043763565287407415
2025-02-22 10:00:00,WX-MASTER,0.8243,6.343,25.33,WEATHER_STATION,VALID,0.789717594072841,0.04714866809113856
2025-02-22 11:00:00,WX-MASTER,0.7572,7.383,26.29,WEATHER_STATION,VALID,0.7379137836935338,0.10626119876
2025-02-22 12:00:00,WX-MASTER,0.9097,5.17,27.01,WEATHER_STATION,VALID,0.8725106699864401,0.012895539039780522
2025-02-22 13:00:00,WX-MASTER,0.8069,7.398,28.73,WEATHER_STATION,VALID,0.7750861350687893,0.10735591408592592
2025-02-22 14:00:00,WX-MASTER,0.7926,6.432,28.34,WEATHER_STATION,VALID,0.7780299675342554,0.05101549871407409
2025-02-22 15:00:00,WX-MASTER,0.5864,6.856,30.98,WEATHER_STATION,VALID,0.5684690174488254,0.07235547096669409
2025-02-22 16:00:00,WX-MASTER,0.4539,5.761,29.88,WEATHER_STATION,VALID,0.4521273936934873,0.026561923339533618
2025-02-22 17:00:00,WX-MASTER,0.2479,5.673,31.34,WEATHER_STATION,VALID,0.2386698185279432,0.024102227159999996
2025-02-22 18:00:00,WX-MASTER,0.0,4.345,31.23,WEATHER_STATION,VALID,0.0,0.003070627620027433
2025-02-22 19:00:00,WX-MASTER,0.0,9.11,34.32,WEATHER_STATION,VALID,0.0,0.2878617291083676
2025-02-22 20:00:00,WX-MASTER,0.0,8.665,31.5,WEATHER_STATION,VALID,0.0,0.22943519650891625
2025-02-22 21:00:00,WX-MASTER,0.0,8.567,31.49,WEATHER_STATION,VALID,0.0,0.2177328528421948
2025-02-22 22:00:00,WX-MASTER,0.0,8.367,31.59,WEATHER_STATION,VALID,0.0,0.19509901864740747
2025-02-22 23:00:00,WX-MASTER,0.0,5.099,30.58,WEATHER_STATION,VALID,0.0,0.011670719060466397
2025-02-23 00:00:00,WX-MASTER,0.0,7.266,30.57,WEATHER_STATION,VALID,0.0,0.09797671007999999
2025-02-23 01:00:00,WX-MASTER,0.0,7.971,30.82,WEATHER_STATION,VALID,0.0,0.1550213763540741
2025-02-23 02:00:00,WX-MASTER,0.0,6.893,28.62,WEATHER_STATION,VALID,0.0,0.07445836751775033
2025-02-23 03:00:00,WX-MASTER,0.0,6.024,27.76,WEATHER_STATION,VALID,0.0,0.034898411520000006
2025-02-23 04:00:00,WX-MASTER,0.0,6.82,26.42,WEATHER_STATION,VALID,0.0,0.07034777854595338
2025-02-23 05:00:00,WX-MASTER,0.0,7.965,25.36,WEATHER_STATION,VALID,0.0,0.1544607209259259
2025-02-23 06:00:00,WX-MASTER,0.0,7.737,25.53,WEATHER_STATION,VALID,0.0,0.13414375318074073
2025-02-23 07:00:00,WX-MASTER,0.2454,8.599,25.07,WEATHER_STATION,VALID,0.2394112055841562,0.22150916578200283
2025-02-23 08:00:00,WX-MASTER,0.5156,9.84,26.35,WEATHER_STATION,VALID,0.49530907226927695,0.40385792000000004
2025-02-23 09:00:00,WX-MASTER,0.4729,7.799,23.91,WEATHER_STATION,VALID,0.45887867093485857,0.13948019594935532
2025-02-23 10:00:00,WX-MASTER,0.5728,6.456,27.16,WEATHER_STATION,VALID,0.5504629527331707,0.05209325568000003
2025-02-23 11:00:00,WX-MASTER,0.8681,8.844,25.79,WEATHER_STATION,VALID,0.8631527455304151,0.2518783970607407
2025-02-23 12:00:00,WX-MASTER,0.8279,4.322,26.87,WEATHER_STATION,VALID,0.8075795854800341,0.002915779407626887
2025-02-23 13:00:00,WX-MASTER,0.8212,3.614,26.26,WEATHER_STATION,VALID,0.7938783172000097,0.0002921227715775033
2025-02-23 14:00:00,WX-MASTER,0.6269,5.169,29.12,WEATHER_STATION,VALID,0.6193171922404515,0.012877719319999995
2025-02-23 15:00:00,WX-MASTER,0.6154,7.451,28.2,WEATHER_STATION,VALID,0.5769010491521785,0.11128409078589847
2025-02-23 17:00:00,WX-MASTER,0.2736,5.252,31.25,WEATHER_STATION,VALID,0.25712612295067283,0.014413367417503424
2025-02-23 18:00:00,WX-MASTER,0.0,6.003,31.08,WEATHER_STATION,VALID,0.0,0.03417639855259259
2025-02-23 19:00:00,WX-MASTER,0.0,5.588,29.34,WEATHER_STATION,VALID,0.0,0.02187525453256516
2025-02-23 20:00:00,WX-MASTER,0.0,5.849,34.54,WEATHER_STATION,VALID,0.0,0.02918351819626887
2025-02-23 21:00:00,WX-MASTER,0.0,9.729,30.56,WEATHER_STATION,VALID,0.0,0.3845137583125925
2025-02-23 22:00:00,WX-MASTER,0.0,7.75,31.8,WEATHER_STATION,VALID,0.0,0.13525120027434842
2025-02-23 23:00:00,WX-MASTER,0.0,10.417,30.04,WEATHER_STATION,VALID,0.0,0.5149263734649657
2025-02-24 00:00:00,WX-MASTER,0.0,7.107,31.47,WEATHER_STATION,VALID,0.0,0.0874247517140741
2025-02-24 01:00:00,WX-MASTER,0.0,8.964,28.91,WEATHER_STATION,VALID,0.0,0.267715307045926
2025-02-24 02:00:00,WX-MASTER,0.0,8.616,27.56,WEATHER_STATION,VALID,0.0,0.22353297408
2025-02-24 03:00:00,WX-MASTER,0.0,9.391,28.27,WEATHER_STATION,VALID,0.0,0.32943273486052127
2025-02-24 04:00:00,WX-MASTER,0.0,8.443,25.18,WEATHER_STATION,VALID,0.0,0.2035051021158299
2025-02-24 05:00:00,WX-MASTER,0.0,9.204,25.49,WEATHER_STATION,VALID,0.0,0.30135310212740746
2025-02-24 06:00:00,WX-MASTER,0.0,8.415,26.26,WEATHER_STATION,VALID,0.0,0.2003806042592592
2025-02-24 07:00:00,WX-MASTER,0.2721,6.022,26.89,WEATHER_STATION,VALID,0.2575061097161531,0.03482921442545954
2025-02-24 08:00:00,WX-MASTER,0.4453,8.132,23.81,WEATHER_STATION,VALID,0.42752306586783656,0.17057690969898487
2025-02-24 09:00:00,WX-MASTER,0.453,6.795,24.35,WEATHER_STATION,VALID,0.4315450278239739,0.06897562425925924
2025-02-24 10:00:00,WX-MASTER,0.6537,5.696,25.85,WEATHER_STATION,VALID,0.6246232488593026,0.02472976347478737
2025-02-24 11:00:00,WX-MASTER,0.9041,7.428,23.59,WEATHER_STATION,VALID,0.8777022910821451,0.10956784896
2025-02-24 12:00:00,WX-MASTER,0.5776,7.598,28.34,WEATHER_STATION,VALID,0.5422127397291798,0.12267814482392314
2025-02-24 13:00:00,WX-MASTER,0.7709,5.709,26.36,WEATHER_STATION,VALID,0.7548761162139419,0.025089228919999984
2025-02-24 14:00:00,WX-MASTER,0.6393,5.888,27.94,WEATHER_STATION,VALID,0.6273500931931291,0.030398479816515778
2025-02-24 15:00:00,WX-MASTER,0.6712,4.613,29.68,WEATHER_STATION,VALID,0.6485358991436444,0.0052961881004663985
2025-02-24 16:00:00,WX-MASTER,0.4244,4.206,30.27,WEATHER_STATION,VALID,0.3958758096254384,0.0022136156800000016
2025-02-24 17:00:00,WX-MASTER,0.2626,6.426,29.78,WEATHER_STATION,VALID,0.25079710703217656,0.050748402405925944
2025-02-24 18:00:00,WX-MASTER,0.0,7.999,33.56,WEATHER_STATION,VALID,0.0,0.15765571165854594
2025-02-24 19:00:00,WX-MASTER,0.0,6.478,28.75,WEATHER_STATION,VALID,0.0,0.053094438468916316
2025-02-24 20:00:00,WX-MASTER,0.0,9.34,30.61,WEATHER_STATION,VALID,0.0,0.3216089103978052
2025-02-24 21:00:00,WX-MASTER,0.0,7.468,31.08,WEATHER_STATION,VALID,0.0,0.11256407123928672
2025-02-24 22:00:00,WX-MASTER,0.0,7.697,30.35,WEATHER_STATION,VALID,0.0,0.13077417218540466
2025-02-24 23:00:00,WX-MASTER,0.0,7.763,32.4,WEATHER_STATION,VALID,0.0,0.13636472580417014
2025-02-25 00:00:00,WX-MASTER,0.0,9.562,28.24,WEATHER_STATION,VALID,0.0,0.3565898499612619
2025-02-25 01:00:00,WX-MASTER,0.0,7.101,31.25,WEATHER_STATION,VALID,0.0,0.08704214940592593
2025-02-25 02:00:00,WX-MASTER,0.0,8.174,28.14,WEATHER_STATION,VALID,0.0,0.17479925292466383
2025-02-25 03:00:00,WX-MASTER,0.0,7.557,25.94,WEATHER_STATION,VALID,0.0,0.11942558704740748
2025-02-25 04:00:00,WX-MASTER,0.0,7.403,24.21,WEATHER_STATION,VALID,0.0,0.10772248301898488
2025-02-25 05:00:00,WX-MASTER,0.0,7.99,25.75,WEATHER_STATION,VALID,0.0,0.1568057326200275
2025-02-25 06:00:00,WX-MASTER,0.0,7.569,24.61,WEATHER_STATION,VALID,0.0,0.12037152791259263
2025-02-25 07:00:00,WX-MASTER,0.209,8.829,25.38,WEATHER_STATION,VALID,0.20034580476129626,0.24994385564592603
2025-02-25 08:00:00,WX-MASTER,0.4522,7.187,24.44,WEATHER_STATION,VALID,0.4348304045049928,0.09263373638787382
2025-02-25 09:00:00,WX-MASTER,0.668,7.672,26.24,WEATHER_STATION,VALID,0.6477370770956109,0.1286971120057064
2025-02-25 10:00:00,WX-MASTER,0.5851,6.952,25.28,WEATHER_STATION,VALID,0.5538303455431247,0.0778952735464472
2025-02-25 11:00:00,WX-MASTER,0.7093,8.372,25.5,WEATHER_STATION,VALID,0.6904549987227895,0.19564480074096025
2025-02-25 12:00:00,WX-MASTER,0.9026,6.028,27.9,WEATHER_STATION,VALID,0.8886205258691316,0.03503708054299038
2025-02-25 13:00:00,WX-MASTER,0.8252,5.97,27.85,WEATHER_STATION,VALID,0.8040699348672495,0.033062039999999994
2025-02-25 14:00:00,WX-MASTER,0.7657,7.334,29.41,WEATHER_STATION,VALID,0.7244797170266253,0.10273703315182439
2025-02-25 15:00:00,WX-MASTER,0.6985,6.027,30.76,WEATHER_STATION,VALID,0.6762477881186609,0.03500237891407409
2025-02-25 16:00:00,WX-MASTER,0.4813,7.222,29.88,WEATHER_STATION,VALID,0.4722180776650604,0.09497624296866944
2025-02-25 17:00:00,WX-MASTER,0.2699,9.802,31.0,WEATHER_STATION,VALID,0.254199962480987,0.397164279669904
2025-02-25 18:00:00,WX-MASTER,0.0,5.719,32.52,WEATHER_STATION,VALID,0.0,0.025368098878299054
2025-02-25 19:00:00,WX-MASTER,0.0,9.236,28.92,WEATHER_STATION,VALID,0.0,0.30604029969207147
2025-02-25 20:00:00,WX-MASTER,0.0,6.866,31.86,WEATHER_STATION,VALID,0.0,0.07291986368219477
2025-02-25 21:00:00,WX-MASTER,0.0,9.495,31.59,WEATHER_STATION,VALID,0.0,0.34577832425925914
2025-02-25 22:00:00,WX-MASTER,0.0,8.871,31.96,WEATHER_STATION,VALID,0.0,0.2553856790207409
2025-02-25 23:00:00,WX-MASTER,0.0,8.94,29.99,WEATHER_STATION,VALID,0.0,0.26449631999999995
2025-02-26 00:00:00,WX-MASTER,0.0,8.111,31.56,WEATHER_STATION,VALID,0.0,0.1684914787661455
2025-02-26 01:00:00,WX-MASTER,0.0,8.043,28.52,WEATHER_STATION,VALID,0.0,0.16185540376740734
2025-02-26 02:00:00,WX-MASTER,0.0,7.425,27.95,WEATHER_STATION,VALID,0.0,0.10934530092592591
2025-02-26 03:00:00,WX-MASTER,0.0,8.298,26.79,WEATHER_STATION,VALID,0.0,0.1876705647525926
2025-02-26 04:00:00,WX-MASTER,0.0,7.916,28.22,WEATHER_STATION,VALID,0.0,0.14993254802787387
2025-02-26 05:00:00,WX-MASTER,0.0,8.215,23.52,WEATHER_STATION,VALID,0.0,0.17898772058299037
2025-02-26 06:00:00,WX-MASTER,0.0,5.904,27.61,WEATHER_STATION,VALID,0.0,0.03090652197925926
2025-02-26 07:00:00,WX-MASTER,0.2677,7.513,26.88,WEATHER_STATION,VALID,0.2555234097679775,0.11599954869854598
2025-02-26 08:00:00,WX-MASTER,0.3952,8.864,24.32,WEATHER_STATION,VALID,0.3970367577341499,0.25447327783330603
2025-02-26 09:00:00,WX-MASTER,0.643,8.199,26.35,WEATHER_STATION,VALID,0.6268624052718924,0.17734532777925927
2025-02-26 10:00:00,WX-MASTER,0.829,6.779,25.62,WEATHER_STATION,VALID,0.7950240312822652,0.0681068783098491
2025-02-26 11:00:00,WX-MASTER,0.6316,9.9,28.0,WEATHER_STATION,VALID,0.6213295236837969,0.41457925925925937
2025-02-26 12:00:00,WX-MASTER,0.7926,5.692,27.89,WEATHER_STATION,VALID,0.7675243732930872,0.02461985357607682
2025-02-26 13:00:00,WX-MASTER,0.7593,6.268,30.22,WEATHER_STATION,VALID,0.733640806767163,0.04404599677015089
2025-02-26 14:00:00,WX-MASTER,0.7018,4.501,26.62,WEATHER_STATION,VALID,0.6866650465226438,0.004267783458052128
2025-02-26 15:00:00,WX-MASTER,0.6026,5.935,29.63,WEATHER_STATION,VALID,0.5728446761774537,0.03190690033607681
2025-02-26 16:00:00,WX-MASTER,0.4403,8.919,28.18,WEATHER_STATION,VALID,0.429419926368271,0.2617009619125927
2025-02-26 17:00:00,WX-MASTER,0.2773,6.309,30.35,WEATHER_STATION,VALID,0.27693793552276025,0.04572467217925927
2025-02-26 18:00:00,WX-MASTER,0.0,5.026,34.23,WEATHER_STATION,VALID,0.0,0.010494907667928667
2025-02-26 19:00:00,WX-MASTER,0.0,8.4,32.44,WEATHER_STATION,VALID,0.0,0.19872000000000012
2025-02-26 20:00:00,WX-MASTER,0.0,8.033,33.18,WEATHER_STATION,VALID,0.0,0.16089445989305895
2025-02-26 21:00:00,WX-MASTER,0.0,8.858,32.49,WEATHER_STATION,VALID,0.0,0.2536929514609603
2025-02-26 22:00:00,WX-MASTER,0.0,7.615,32.07,WEATHER_STATION,VALID,0.0,0.12404390082990398
2025-02-26 23:00:00,WX-MASTER,0.0,6.872,30.34,WEATHER_STATION,VALID,0.0,0.07325990395083677
2025-02-27 00:00:00,WX-MASTER,0.0,8.09,29.41,WEATHER_STATION,VALID,0.0,0.16642311478738
2025-02-27 01:00:00,WX-MASTER,0.0,9.112,28.76,WEATHER_STATION,VALID,0.0,0.288144500924225
2025-02-27 02:00:00,WX-MASTER,0.0,8.291,25.24,WEATHER_STATION,VALID,0.0,0.1869276661142936
2025-02-27 03:00:00,WX-MASTER,0.0,8.816,27.51,WEATHER_STATION,VALID,0.0,0.24827528699083679
2025-02-27 04:00:00,WX-MASTER,0.0,7.478,27.05,WEATHER_STATION,VALID,0.0,0.11332156582145403
2025-02-27 05:00:00,WX-MASTER,0.0,8.54,25.3,WEATHER_STATION,VALID,0.0,0.2145801740466391
2025-02-27 06:00:00,WX-MASTER,0.0,7.755,25.33,WEATHER_STATION,VALID,0.0,0.13567875907407406
2025-02-27 07:00:00,WX-MASTER,0.2627,6.588,25.76,WEATHER_STATION,VALID,0.25972742456055725,0.05829316048592593
2025-02-27 08:00:00,WX-MASTER,0.487,7.426,26.07,WEATHER_STATION,VALID,0.4793998087906043,0.10941945008768178
2025-02-27 09:00:00,WX-MASTER,0.6322,6.491,23.7,WEATHER_STATION,VALID,0.5988695804611498,0.05369203263281205
2025-02-27 10:00:00,WX-MASTER,0.7583,7.573,24.53,WEATHER_STATION,VALID,0.7449818376228408,0.12068794797755834
2025-02-27 11:00:00,WX-MASTER,0.908,7.725,26.94,WEATHER_STATION,VALID,0.8862741262935984,0.13312687499999995
2025-02-27 12:00:00,WX-MASTER,0.9339,7.116,27.47,WEATHER_STATION,VALID,0.8833955577345434,0.08800075482074074
2025-02-27 13:00:00,WX-MASTER,0.5563,4.277,29.22,WEATHER_STATION,VALID,0.5394082504811244,0.0026280461705898497
2025-02-27 14:00:00,WX-MASTER,0.7102,5.154,30.08,WEATHER_STATION,VALID,0.6927773859116714,0.012612390127407405
2025-02-27 15:00:00,WX-MASTER,0.6094,5.654,32.32,WEATHER_STATION,VALID,0.5962010840780175,0.023591907383923177
2025-02-27 16:00:00,WX-MASTER,0.373,5.581,29.91,WEATHER_STATION,VALID,0.36280177734807884,0.02169823021360769
2025-02-27 17:00:00,WX-MASTER,0.2553,6.099,32.88,WEATHER_STATION,VALID,0.24875627071081705,0.03755995192740742
2025-02-27 18:00:00,WX-MASTER,0.0,8.237,30.44,WEATHER_STATION,VALID,0.0,0.1812625230298491
2025-02-27 19:00:00,WX-MASTER,0.0,8.196,34.77,WEATHER_STATION,VALID,0.0,0.17703850202074067
2025-02-27 20:00:00,WX-MASTER,0.0,6.998,32.56,WEATHER_STATION,VALID,0.0,0.08064708388565159
2025-02-27 21:00:00,WX-MASTER,0.0,8.569,32.54,WEATHER_STATION,VALID,0.0,0.21796760522397815
2025-02-27 22:00:00,WX-MASTER,0.0,8.45,32.73,WEATHER_STATION,VALID,0.0,0.20429126886145402
2025-02-27 23:00:00,WX-MASTER,0.0,8.16,29.36,WEATHER_STATION,VALID,0.0,0.17338415407407412
2025-02-28 00:00:00,WX-MASTER,0.0,9.842,28.99,WEATHER_STATION,VALID,0.0,0.40421228492861455
2025-02-28 01:00:00,WX-MASTER,0.0,7.552,29.57,WEATHER_STATION,VALID,0.0,0.11903291226249658
2025-02-28 02:00:00,WX-MASTER,0.0,8.475,28.94,WEATHER_STATION,VALID,0.0,0.20711553240740735
2025-02-28 03:00:00,WX-MASTER,0.0,6.967,30.12,WEATHER_STATION,VALID,0.0,0.07878560973657062
2025-02-28 04:00:00,WX-MASTER,0.0,6.894,25.64,WEATHER_STATION,VALID,0.0,0.07451576091259261
2025-02-28 05:00:00,WX-MASTER,0.0,6.24,27.9,WEATHER_STATION,VALID,0.0,0.04292352000000002
2025-02-28 06:00:00,WX-MASTER,0.0,6.498,25.18,WEATHER_STATION,VALID,0.0,0.05401566341925928
2025-02-28 07:00:00,WX-MASTER,0.2147,7.634,24.81,WEATHER_STATION,VALID,0.20651169254032986,0.12558228688021952
2025-02-28 08:00:00,WX-MASTER,0.5187,6.872,24.83,WEATHER_STATION,VALID,0.5067352442707472,0.07325990395083677
2025-02-28 10:00:00,WX-MASTER,0.7202,6.403,26.08,WEATHER_STATION,VALID,0.6783792306921931,0.04973317048126199
2025-02-28 11:00:00,WX-MASTER,0.7628,8.916,25.58,WEATHER_STATION,VALID,0.7612246375374802,0.2613032401540741
2025-02-28 12:00:00,WX-MASTER,0.7767,5.007,25.09,WEATHER_STATION,VALID,0.7604202023256937,0.010202401639999997
2025-02-28 13:00:00,WX-MASTER,0.8655,4.806,27.3,WEATHER_STATION,VALID,0.837165695792793,0.0074338456059259254
2025-02-28 14:00:00,WX-MASTER,0.7566,5.33,29.08,WEATHER_STATION,VALID,0.7404338773419888,0.015963497997256517
2025-02-28 15:00:00,WX-MASTER,0.6648,6.409,27.75,WEATHER_STATION,VALID,0.6307972806545324,0.04999669571286694
2025-02-28 16:00:00,WX-MASTER,0.4598,7.307,30.98,WEATHER_STATION,VALID,0.45416191452586807,0.1008288733162689
2025-02-28 17:00:00,WX-MASTER,0.1053,7.631,32.42,WEATHER_STATION,VALID,0.10162926604710339,0.12533854302293554
2025-02-28 18:00:00,WX-MASTER,0.0,8.283,33.34,WEATHER_STATION,VALID,0.0,0.18608104275999998
2025-02-28 19:00:00,WX-MASTER,0.0,7.168,32.32,WEATHER_STATION,VALID,0.0,0.09137837484422498
2025-02-28 20:00:00,WX-MASTER,0.0,7.055,29.86,WEATHER_STATION,VALID,0.0,0.08414588349108368
2025-02-28 21:00:00,WX-MASTER,0.0,9.944,32.69,WEATHER_STATION,VALID,0.0,0.4225610232555283
2025-02-28 22:00:00,WX-MASTER,0.0,4.424,32.72,WEATHER_STATION,VALID,0.0,0.0036440998382441733
2025-02-28 23:00:00,WX-MASTER,0.0,8.306,30.17,WEATHER_STATION,VALID,0.0,0.1885219989118244
2025-03-01 00:00:00,WX-MASTER,0.0,8.93,30.21,WEATHER_STATION,VALID,0.0,0.2631627276268861
2025-03-01 01:00:00,WX-MASTER,0.0,10.869,30.03,WEATHER_STATION,VALID,0.0,0.6149204480607408
2025-03-01 02:00:00,WX-MASTER,0.0,6.268,30.69,WEATHER_STATION,VALID,0.0,0.04404599677015089
2025-03-01 03:00:00,WX-MASTER,0.0,7.808,27.33,WEATHER_STATION,VALID,0.0,0.1402664081523182
2025-03-01 04:00:00,WX-MASTER,0.0,6.454,27.87,WEATHER_STATION,VALID,0.0,0.05200286832768175
2025-03-01 05:00:00,WX-MASTER,0.0,5.692,26.45,WEATHER_STATION,VALID,0.0,0.02461985357607682
2025-03-01 06:00:00,WX-MASTER,0.0,7.535,25.75,WEATHER_STATION,VALID,0.0,0.11770425781207138
2025-03-01 07:00:00,WX-MASTER,0.2862,8.631,26.76,WEATHER_STATION,VALID,0.2739556822459897,0.2253288919392593
2025-03-01 08:00:00,WX-MASTER,0.4699,8.854,24.05,WEATHER_STATION,VALID,0.4715160350440037,0.25317362111780517
2025-03-01 09:00:00,WX-MASTER,0.5612,6.345,25.44,WEATHER_STATION,VALID,0.5527440372018337,0.04723334092592592
2025-03-01 10:00:00,WX-MASTER,0.8028,7.679,25.55,WEATHER_STATION,VALID,0.7904104559201615,0.1292764550505899
2025-03-01 11:00:00,WX-MASTER,0.8864,6.375,24.26,WEATHER_STATION,VALID,0.8601805829986959,0.048515625
2025-03-01 12:00:00,WX-MASTER,0.888,7.23,28.27,WEATHER_STATION,VALID,0.8584665475725272,0.09551716000000002
2025-03-01 13:00:00,WX-MASTER,0.8712,7.946,28.63,WEATHER_STATION,VALID,0.8423274454482463,0.15269423310441702
2025-03-01 14:00:00,WX-MASTER,0.7159,6.198,28.59,WEATHER_STATION,VALID,0.6986167128085772,0.04127581690074077
2025-03-01 15:00:00,WX-MASTER,0.56,7.924,29.14,WEATHER_STATION,VALID,0.5549699647102847,0.1506657132264472
2025-03-01 16:00:00,WX-MASTER,0.4179,5.082,30.3,WEATHER_STATION,VALID,0.4064995681746643,0.01138944271407407
2025-03-01 17:00:00,WX-MASTER,0.2089,7.701,31.87,WEATHER_STATION,VALID,0.1997769914068993,0.13110856155407405
2025-03-01 18:00:00,WX-MASTER,0.0,8.42,31.64,WEATHER_STATION,VALID,0.0,0.20093618787379972
2025-03-01 19:00:00,WX-MASTER,0.0,8.539,31.13,WEATHER_STATION,VALID,0.0,0.2144639963696571
2025-03-01 20:00:00,WX-MASTER,0.0,6.05,31.43,WEATHER_STATION,VALID,0.0,0.0358063305898491
2025-03-01 21:00:00,WX-MASTER,0.0,7.574,31.91,WEATHER_STATION,VALID,0.0,0.1207671395419479
2025-03-01 22:00:00,WX-MASTER,0.0,8.458,30.46,WEATHER_STATION,VALID,0.0,0.20519222134299042
2025-03-01 23:00:00,WX-MASTER,0.0,8.821,31.42,WEATHER_STATION,VALID,0.0,0.2489161624802744
2025-03-02 00:00:00,WX-MASTER,0.0,8.542,29.36,WEATHER_STATION,VALID,0.0,0.21481265525508916
2025-03-02 01:00:00,WX-MASTER,0.0,10.312,28.32,WEATHER_STATION,VALID,0.0,0.49336557983780516
2025-03-02 02:00:00,WX-MASTER,0.0,6.764,32.39,WEATHER_STATION,VALID,0.0,0.06729908247528124
2025-03-02 03:00:00,WX-MASTER,0.0,8.063,29.98,WEATHER_STATION,VALID,0.0,0.16378875479182445
2025-03-02 04:00:00,WX-MASTER,0.0,6.046,26.98,WEATHER_STATION,VALID,0.0,0.03566563790002745
2025-03-02 05:00:00,WX-MASTER,0.0,8.859,27.11,WEATHER_STATION,VALID,0.0,0.25382289492000004
2025-03-02 06:00:00,WX-MASTER,0.0,8.543,26.76,WEATHER_STATION,VALID,0.0,0.2149289588017009
2025-03-02 07:00:00,WX-MASTER,0.2866,11.922,25.09,WEATHER_STATION,VALID,0.2828204939603822,0.8962867077807409
2025-03-02 08:00:00,WX-MASTER,0.2353,8.642,25.4,WEATHER_STATION,VALID,0.22589520253277717,0.22665199416318238
2025-03-02 09:00:00,WX-MASTER,0.5833,7.488,24.87,WEATHER_STATION,VALID,0.5689559968836586,0.11408245115259262
2025-03-02 10:00:00,WX-MASTER,0.7126,7.165,27.04,WEATHER_STATION,VALID,0.6763569634389945,0.09118120268175584
2025-03-02 11:00:00,WX-MASTER,0.852,6.242,27.61,WEATHER_STATION,VALID,0.844826656064551,0.043003057076762684
2025-03-02 12:00:00,WX-MASTER,0.8214,6.697,28.69,WEATHER_STATION,VALID,0.7949834352004663,0.06376885964768177
2025-03-02 13:00:00,WX-MASTER,0.7734,6.825,27.97,WEATHER_STATION,VALID,0.7535627586396054,0.07062437500000002
2025-03-02 14:00:00,WX-MASTER,0.8338,3.917,31.16,WEATHER_STATION,VALID,0.8378745278570643,0.0009731242742935521
2025-03-02 15:00:00,WX-MASTER,0.6154,6.8,29.38,WEATHER_STATION,VALID,0.6109362585685407,0.0692486145404664
2025-03-02 16:00:00,WX-MASTER,0.5211,6.811,32.77,WEATHER_STATION,VALID,0.5030707298212097,0.06985172657410152
2025-03-02 17:00:00,WX-MASTER,0.2563,9.149,30.48,WEATHER_STATION,VALID,0.2463303649992659,0.2934092343937997
2025-03-02 18:00:00,WX-MASTER,0.0,6.926,30.04,WEATHER_STATION,VALID,0.0,0.07636795916861455
2025-03-02 19:00:00,WX-MASTER,0.0,6.356,34.38,WEATHER_STATION,VALID,0.0,0.047700854121700956
2025-03-02 20:00:00,WX-MASTER,0.0,7.961,32.85,WEATHER_STATION,VALID,0.0,0.15408770264268867
2025-03-02 21:00:00,WX-MASTER,0.0,7.959,32.57,WEATHER_STATION,VALID,0.0,0.15390141891999995
2025-03-02 22:00:00,WX-MASTER,0.0,7.916,31.16,WEATHER_STATION,VALID,0.0,0.14993254802787387
2025-03-02 23:00:00,WX-MASTER,0.0,6.604,30.02,WEATHER_STATION,VALID,0.0,0.05907648482150892
2025-03-03 00:00:00,WX-MASTER,0.0,8.21,29.43,WEATHER_STATION,VALID,0.0,0.178473388367627
2025-03-03 01:00:00,WX-MASTER,0.0,7.722,29.65,WEATHER_STATION,VALID,0.0,0.13287346096592598
2025-03-03 02:00:00,WX-MASTER,0.0,8.188,28.4,WEATHER_STATION,VALID,0.0,0.17622203058743494
2025-03-03 03:00:00,WX-MASTER,0.0,9.348,25.34,WEATHER_STATION,VALID,0.0,0.3228278942340741
2025-03-03 04:00:00,WX-MASTER,0.0,7.384,28.86,WEATHER_STATION,VALID,0.0,0.10633394718200279
2025-03-03 05:00:00,WX-MASTER,0.0,7.784,25.6,WEATHER_STATION,VALID,0.0,0.13817638041108368
2025-03-03 06:00:00,WX-MASTER,0.0,8.547,27.03,WEATHER_STATION,VALID,0.0,0.2153945927807408
2025-03-03 07:00:00,WX-MASTER,0.285,7.239,24.35,WEATHER_STATION,VALID,0.27841524295768905,0.09612814211999998
2025-03-03 08:00:00,WX-MASTER,0.4616,10.72,25.26,WEATHER_STATION,VALID,0.45459674265082983,0.5806470180521264
2025-03-03 09:00:00,WX-MASTER,0.4723,7.401,26.36,WEATHER_STATION,VALID,0.4584161971884223,0.10757575548
2025-03-03 10:00:00,WX-MASTER,0.7244,5.24,26.55,WEATHER_STATION,VALID,0.6886900500209806,0.014184183923182445
2025-03-03 11:00:00,WX-MASTER,0.2823,5.583,25.78,WEATHER_STATION,VALID,0.26807098594794787,0.02174871076000001
2025-03-03 12:00:00,WX-MASTER,0.9394,5.327,27.44,WEATHER_STATION,VALID,0.8911082209567937,0.015901915775528117
2025-03-03 14:00:00,WX-MASTER,0.7085,7.19,28.4,WEATHER_STATION,VALID,0.6684595959947367,0.0928329962688615
2025-03-03 15:00:00,WX-MASTER,0.7045,5.127,28.15,WEATHER_STATION,VALID,0.6845219865359571,0.012144028247407405
2025-03-03 16:00:00,WX-MASTER,0.4846,6.27,29.58,WEATHER_STATION,VALID,0.4782399442668956,0.04412691407407406
2025-03-03 17:00:00,WX-MASTER,0.2696,8.375,30.6,WEATHER_STATION,VALID,0.26145774655767606,0.1959727580589849
2025-03-03 18:00:00,WX-MASTER,0.0,6.443,31.64,WEATHER_STATION,VALID,0.0,0.05150760625849107
2025-03-03 19:00:00,WX-MASTER,0.0,8.245,33.87,WEATHER_STATION,VALID,0.0,0.18209447823731134
2025-03-03 20:00:00,WX-MASTER,0.0,5.445,33.17,WEATHER_STATION,VALID,0.0,0.018445774259259272
2025-03-03 21:00:00,WX-MASTER,0.0,7.402,30.98,WEATHER_STATION,VALID,0.0,0.10764910258348422
2025-03-03 22:00:00,WX-MASTER,0.0,6.955,33.81,WEATHER_STATION,VALID,0.0,0.07807280132373116
2025-03-03 23:00:00,WX-MASTER,0.0,8.677,30.96,WEATHER_STATION,VALID,0.0,0.23089630429953362
2025-03-04 00:00:00,WX-MASTER,0.0,7.088,31.15,WEATHER_STATION,VALID,0.0,0.08621701058194789
2025-03-04 01:00:00,WX-MASTER,0.0,11.186,28.37,WEATHER_STATION,VALID,0.0,0.6922700133710837
2025-03-04 02:00:00,WX-MASTER,0.0,6.359,28.05,WEATHER_STATION,VALID,0.0,0.04782889094194788
2025-03-04 03:00:00,WX-MASTER,0.0,9.893,28.93,WEATHER_STATION,VALID,0.0,0.4133187759128122
2025-03-04 04:00:00,WX-MASTER,0.0,9.423,25.79,WEATHER_STATION,VALID,0.0,0.33440600308592594
2025-03-04 05:00:00,WX-MASTER,0.0,8.495,26.18,WEATHER_STATION,VALID,0.0,0.20939359312071326
2025-03-04 06:00:00,WX-MASTER,0.0,7.934,26.13,WEATHER_STATION,VALID,0.0,0.15158552579379977
2025-03-04 07:00:00,WX-MASTER,0.2244,10.022,23.98,WEATHER_STATION,VALID,0.22062354517660498,0.4369610983212072
2025-03-04 08:00:00,WX-MASTER,0.479,10.561,22.96,WEATHER_STATION,VALID,0.4547649733236774,0.5455040926234843
2025-03-04 09:00:00,WX-MASTER,0.5476,6.829,26.3,WEATHER_STATION,VALID,0.5338692145288383,0.07084617345113853
2025-03-04 10:00:00,WX-MASTER,0.7973,7.08,29.0,WEATHER_STATION,VALID,0.7755186525504227,0.0857118340740741
2025-03-04 11:00:00,WX-MASTER,0.7072,5.977,26.67,WEATHER_STATION,VALID,0.6794463629204581,0.033296363410644736
2025-03-04 12:00:00,WX-MASTER,0.7825,5.049,27.62,WEATHER_STATION,VALID,0.7587587315808652,0.010856408445925933
2025-03-04 13:00:00,WX-MASTER,0.7557,7.109,26.62,WEATHER_STATION,VALID,0.7259721960994596,0.08755253452219479
2025-03-04 14:00:00,WX-MASTER,0.8362,6.838,30.35,WEATHER_STATION,VALID,0.7976716502571731,0.07134691680965707
2025-03-04 15:00:00,WX-MASTER,0.6471,4.493,29.05,WEATHER_STATION,VALID,0.6242546385105271,0.0041999074683676295
2025-03-04 16:00:00,WX-MASTER,0.4524,7.314,31.74,WEATHER_STATION,VALID,0.43133633312036795,0.10132129252740742
2025-03-04 17:00:00,WX-MASTER,0.2682,7.278,31.79,WEATHER_STATION,VALID,0.2614526141980471,0.0988058457007407
2025-03-04 18:00:00,WX-MASTER,0.0,6.357,32.38,WEATHER_STATION,VALID,0.0,0.04774350764
2025-03-04 19:00:00,WX-MASTER,0.0,6.526,32.68,WEATHER_STATION,VALID,0.0,0.0553231911247188
2025-03-04 20:00:00,WX-MASTER,0.0,8.204,32.77,WEATHER_STATION,VALID,0.0,0.1778574914826887
2025-03-04 21:00:00,WX-MASTER,0.0,9.996,32.31,WEATHER_STATION,VALID,0.0,0.43212530735407423
2025-03-04 22:00:00,WX-MASTER,0.0,8.645,32.79,WEATHER_STATION,VALID,0.0,0.2270137369478737
2025-03-04 23:00:00,WX-MASTER,0.0,9.322,30.19,WEATHER_STATION,VALID,0.0,0.318877424400768
2025-03-05 00:00:00,WX-MASTER,0.0,7.372,30.07,WEATHER_STATION,VALID,0.0,0.10546315486990397
2025-03-05 01:00:00,WX-MASTER,0.0,7.977,31.27,WEATHER_STATION,VALID,0.0,0.15558338684000003
2025-03-05 02:00:00,WX-MASTER,0.0,9.301,28.81,WEATHER_STATION,VALID,0.0,0.31571029051978056
2025-03-05 03:00:00,WX-MASTER,0.0,6.671,27.31,WEATHER_STATION,VALID,0.0,0.06243289198096023
2025-03-05 04:00:00,WX-MASTER,0.0,8.571,28.1,WEATHER_STATION,VALID,0.0,0.21820252628
2025-03-05 05:00:00,WX-MASTER,0.0,8.755,27.14,WEATHER_STATION,VALID,0.0,0.24054497169410155
2025-03-05 06:00:00,WX-MASTER,0.0,7.834,24.01,WEATHER_STATION,VALID,0.0,0.14255427221903977
2025-03-05 07:00:00,WX-MASTER,0.2019,8.046,26.1,WEATHER_STATION,VALID,0.19604867503282933,0.16214443120592592
2025-03-05 08:00:00,WX-MASTER,0.4004,7.445,25.27,WEATHER_STATION,VALID,0.391680059048131,0.11083466040466396
2025-03-05 09:00:00,WX-MASTER,0.4408,6.31,26.08,WEATHER_STATION,VALID,0.4334977418687944,0.045766139533607676
2025-03-05 10:00:00,WX-MASTER,0.7231,5.364,25.59,WEATHER_STATION,VALID,0.6797414775155701,0.016672576379259257
2025-03-05 11:00:00,WX-MASTER,0.7948,6.598,26.69,WEATHER_STATION,VALID,0.7508993036840873,0.05878192117508917
2025-03-05 12:00:00,WX-MASTER,0.7964,8.286,24.66,WEATHER_STATION,VALID,0.7750201397633151,0.18639822628740735
2025-03-05 13:00:00,WX-MASTER,0.9054,7.86,26.63,WEATHER_STATION,VALID,0.8685292614128699,0.14486688000000003
2025-03-05 14:00:00,WX-MASTER,0.8373,6.085,29.49,WEATHER_STATION,VALID,0.828659381280851,0.03705320712620028
2025-03-05 15:00:00,WX-MASTER,0.6144,6.131,32.66,WEATHER_STATION,VALID,0.5930633528228176,0.038735529936515786
2025-03-05 16:00:00,WX-MASTER,0.3572,6.17,30.8,WEATHER_STATION,VALID,0.33611878431804915,0.04020111379972565
2025-03-05 17:00:00,WX-MASTER,0.2719,6.359,30.25,WEATHER_STATION,VALID,0.2585714052401517,0.04782889094194788
2025-03-05 18:00:00,WX-MASTER,0.0,7.534,31.8,WEATHER_STATION,VALID,0.0,0.1176264110832373
2025-03-05 19:00:00,WX-MASTER,0.0,8.788,30.91,WEATHER_STATION,VALID,0.0,0.2447067033775584
2025-03-05 20:00:00,WX-MASTER,0.0,10.616,33.61,WEATHER_STATION,VALID,0.0,0.5574951649167627
2025-03-05 21:00:00,WX-MASTER,0.0,6.846,32.04,WEATHER_STATION,VALID,0.0,0.07179399802074075
2025-03-05 22:00:00,WX-MASTER,0.0,8.994,32.9,WEATHER_STATION,VALID,0.0,0.2717756323199999
2025-03-05 23:00:00,WX-MASTER,0.0,9.033,30.9,WEATHER_STATION,VALID,0.0,0.2771151535007406
2025-03-06 00:00:00,WX-MASTER,0.0,8.046,31.74,WEATHER_STATION,VALID,0.0,0.16214443120592592
2025-03-06 01:00:00,WX-MASTER,0.0,7.203,27.58,WEATHER_STATION,VALID,0.0,0.09369975796000002
2025-03-06 02:00:00,WX-MASTER,0.0,8.889,28.65,WEATHER_STATION,VALID,0.0,0.25774186219407397
2025-03-06 03:00:00,WX-MASTER,0.0,11.213,28.36,WEATHER_STATION,VALID,0.0,0.699142603606639
2025-03-06 04:00:00,WX-MASTER,0.0,8.672,26.55,WEATHER_STATION,VALID,0.0,0.23028675787676273
2025-03-06 05:00:00,WX-MASTER,0.0,7.11,26.58,WEATHER_STATION,VALID,0.0,0.08761647259259263
2025-03-06 06:00:00,WX-MASTER,0.0,7.7,26.0,WEATHER_STATION,VALID,0.0,0.1310249108367627
2025-03-06 07:00:00,WX-MASTER,0.2525,6.169,26.5,WEATHER_STATION,VALID,0.2525331610251762,0.04016308058200272
2025-03-06 08:00:00,WX-MASTER,0.5242,7.414,25.87,WEATHER_STATION,VALID,0.5009300195770454,0.10853186988817555
2025-03-06 09:00:00,WX-MASTER,0.6108,8.028,25.71,WEATHER_STATION,VALID,0.5993403804590142,0.1604154175525927
2025-03-06 10:00:00,WX-MASTER,0.6006,6.016,26.64,WEATHER_STATION,VALID,0.5673806846210301,0.03462217208274349
2025-03-06 11:00:00,WX-MASTER,0.7423,2.504,24.52,WEATHER_STATION,VALID,0.7096729678395916,0.0
2025-03-06 12:00:00,WX-MASTER,0.8852,6.97,25.97,WEATHER_STATION,VALID,0.878778342891219,0.07896448718792864
2025-03-06 13:00:00,WX-MASTER,0.847,5.896,26.05,WEATHER_STATION,VALID,0.8182752677487741,0.030651799183978055
2025-03-06 14:00:00,WX-MASTER,0.6177,5.578,29.28,WEATHER_STATION,VALID,0.6069513028978579,0.021622655950397817
2025-03-06 15:00:00,WX-MASTER,0.5779,5.64,30.02,WEATHER_STATION,VALID,0.5626170477871127,0.023220527407407397
2025-03-06 16:00:00,WX-MASTER,0.288,7.283,32.03,WEATHER_STATION,VALID,0.2789065807660792,0.09915269483133062
2025-03-06 17:00:00,WX-MASTER,0.2453,6.421,31.52,WEATHER_STATION,VALID,0.24295928727058982,0.05052653561607682
2025-03-06 18:00:00,WX-MASTER,0.0,8.39,30.89,WEATHER_STATION,VALID,0.0,0.19761804318244175
2025-03-06 19:00:00,WX-MASTER,0.0,8.672,32.16,WEATHER_STATION,VALID,0.0,0.23028675787676273
2025-03-06 20:00:00,WX-MASTER,0.0,7.343,29.87,WEATHER_STATION,VALID,0.0,0.10337839544367629
2025-03-06 21:00:00,WX-MASTER,0.0,7.268,31.51,WEATHER_STATION,VALID,0.0,0.09811457597454047
2025-03-06 22:00:00,WX-MASTER,0.0,8.334,28.83,WEATHER_STATION,VALID,0.0,0.19152229317925928
2025-03-06 23:00:00,WX-MASTER,0.0,8.16,31.49,WEATHER_STATION,VALID,0.0,0.17338415407407412
2025-03-07 00:00:00,WX-MASTER,0.0,6.216,30.05,WEATHER_STATION,VALID,0.0,0.04197671215407408
2025-03-07 01:00:00,WX-MASTER,0.0,11.045,29.38,WEATHER_STATION,VALID,0.0,0.6571105567009602
2025-03-07 02:00:00,WX-MASTER,0.0,9.48,27.51,WEATHER_STATION,VALID,0.0,0.34338816000000016
2025-03-07 03:00:00,WX-MASTER,0.0,7.875,26.92,WEATHER_STATION,VALID,0.0,0.14621238425925923
2025-03-07 04:00:00,WX-MASTER,0.0,5.851,27.71,WEATHER_STATION,VALID,0.0,0.02924502190249657
2025-03-07 05:00:00,WX-MASTER,0.0,7.919,24.43,WEATHER_STATION,VALID,0.0,0.1502072055888614
2025-03-07 06:00:00,WX-MASTER,0.0,7.161,26.21,WEATHER_STATION,VALID,0.0,0.09091874795407404
2025-03-07 07:00:00,WX-MASTER,0.2602,7.593,24.28,WEATHER_STATION,VALID,0.25555200047679494,0.12227836843407405
2025-03-07 08:00:00,WX-MASTER,0.5014,4.597,23.12,WEATHER_STATION,VALID,0.485261359544714,0.0051401411785459575
2025-03-07 09:00:00,WX-MASTER,0.5206,6.546,26.72,WEATHER_STATION,VALID,0.5019205612340454,0.05626994528000001
2025-03-07 10:00:00,WX-MASTER,0.7459,6.402,27.2,WEATHER_STATION,VALID,0.7250885431652496,0.04968933984
2025-03-07 11:00:00,WX-MASTER,0.7944,6.506,25.51,WEATHER_STATION,VALID,0.7608376910195593,0.05438711654145407
2025-03-07 12:00:00,WX-MASTER,0.8676,6.323,26.22,WEATHER_STATION,VALID,0.826647127282673,0.046307498663429376
2025-03-07 13:00:00,WX-MASTER,0.8125,6.636,27.43,WEATHER_STATION,VALID,0.7766660540162178,0.06066412288000001
2025-03-07 14:00:00,WX-MASTER,0.6276,8.552,27.66,WEATHER_STATION,VALID,0.6027958688743728,0.21597758035577497
2025-03-07 15:00:00,WX-MASTER,0.5425,5.978,28.78,WEATHER_STATION,VALID,0.5167572319541903,0.03332992829058983
2025-03-07 16:00:00,WX-MASTER,0.4664,5.598,30.92,WEATHER_STATION,VALID,0.45354176867520385,0.022129812752592584
2025-03-07 17:00:00,WX-MASTER,0.284,4.726,33.6,WEATHER_STATION,VALID,0.27858858877031856,0.006489073198792866
2025-03-07 18:00:00,WX-MASTER,0.0,6.536,31.24,WEATHER_STATION,VALID,0.0,0.05579522946984909
2025-03-07 19:00:00,WX-MASTER,0.0,5.632,33.24,WEATHER_STATION,VALID,0.0,0.023010070741508903
2025-03-07 20:00:00,WX-MASTER,0.0,8.963,32.56,WEATHER_STATION,VALID,0.0,0.26758066397700947
2025-03-07 21:00:00,WX-MASTER,0.0,7.84,30.01,WEATHER_STATION,VALID,0.0,0.1430857499039781
2025-03-07 22:00:00,WX-MASTER,0.0,9.41,31.63,WEATHER_STATION,VALID,0.0,0.3323796204663923
2025-03-07 23:00:00,WX-MASTER,0.0,10.275,30.93,WEATHER_STATION,VALID,0.0,0.4859138657407408
2025-03-08 00:00:00,WX-MASTER,0.0,7.39,32.15,WEATHER_STATION,VALID,0.0,0.10677113508916322
2025-03-08 01:00:00,WX-MASTER,0.0,8.125,31.36,WEATHER_STATION,VALID,0.0,0.1698798653978052
2025-03-08 02:00:00,WX-MASTER,0.0,10.302,29.1,WEATHER_STATION,VALID,0.0,0.4913441445807406
2025-03-08 03:00:00,WX-MASTER,0.0,8.744,29.2,WEATHER_STATION,VALID,0.0,0.23916828686046646
2025-03-08 04:00:00,WX-MASTER,0.0,9.04,26.72,WEATHER_STATION,VALID,0.0,0.27808087089163225
2025-03-08 05:00:00,WX-MASTER,0.0,9.517,27.51,WEATHER_STATION,VALID,0.0,0.3493039220575582
2025-03-08 06:00:00,WX-MASTER,0.0,9.111,25.73,WEATHER_STATION,VALID,0.0,0.28800309188000006
2025-03-08 07:00:00,WX-MASTER,0.2173,8.225,26.58,WEATHER_STATION,VALID,0.21257438503579817,0.1800193475651577
2025-03-08 08:00:00,WX-MASTER,0.4569,9.246,26.58,WEATHER_STATION,VALID,0.43837451605406685,0.3075149532800001
2025-03-08 09:00:00,WX-MASTER,0.5793,7.091,26.12,WEATHER_STATION,VALID,0.5608837674113836,0.08640696231182445
2025-03-08 10:00:00,WX-MASTER,0.7753,7.632,24.72,WEATHER_STATION,VALID,0.7331905862388353,0.12541975589925922
2025-03-08 11:00:00,WX-MASTER,0.8545,6.546,25.67,WEATHER_STATION,VALID,0.798816379644341,0.05626994528000001
2025-03-08 12:00:00,WX-MASTER,0.8671,7.977,27.8,WEATHER_STATION,VALID,0.8533490833936365,0.15558338684000003
2025-03-08 13:00:00,WX-MASTER,0.8358,5.678,28.81,WEATHER_STATION,VALID,0.7983771185911186,0.024237734117750348
2025-03-08 14:00:00,WX-MASTER,0.8412,4.407,28.84,WEATHER_STATION,VALID,0.8102161496517466,0.0035151397140740738
2025-03-08 15:00:00,WX-MASTER,0.5565,7.519,29.18,WEATHER_STATION,VALID,0.528231673290827,0.11646282569311389
2025-03-08 16:00:00,WX-MASTER,0.4629,5.477,30.63,WEATHER_STATION,VALID,0.43922287536663707,0.019179545824910847
2025-03-08 17:00:00,WX-MASTER,0.2873,5.536,30.79,WEATHER_STATION,VALID,0.27793184643144225,0.020582970265459525
2025-03-08 18:00:00,WX-MASTER,0.0,8.865,31.35,WEATHER_STATION,VALID,0.0,0.25460348759259266
2025-03-08 19:00:00,WX-MASTER,0.0,8.73,34.38,WEATHER_STATION,VALID,0.0,0.23742375259259269
2025-03-08 20:00:00,WX-MASTER,0.0,7.29,31.57,WEATHER_STATION,VALID,0.0,0.09963964592592595
2025-03-08 21:00:00,WX-MASTER,0.0,4.026,32.64,WEATHER_STATION,VALID,0.0,0.0013630204799999993
2025-03-08 22:00:00,WX-MASTER,0.0,8.902,31.86,WEATHER_STATION,VALID,0.0,0.2594525327069409
2025-03-08 23:00:00,WX-MASTER,0.0,9.25,29.65,WEATHER_STATION,VALID,0.0,0.30810613854595337
2025-03-09 00:00:00,WX-MASTER,0.0,9.207,28.89,WEATHER_STATION,VALID,0.0,0.30179047956592603
2025-03-09 01:00:00,WX-MASTER,0.0,9.209,29.47,WEATHER_STATION,VALID,0.0,0.3020822995098491
2025-03-09 02:00:00,WX-MASTER,0.0,8.355,26.31,WEATHER_STATION,VALID,0.0,0.1937932850000001
2025-03-09 03:00:00,WX-MASTER,0.0,7.984,29.95,WEATHER_STATION,VALID,0.0,0.15624078056471882
2025-03-09 04:00:00,WX-MASTER,0.0,6.944,26.47,WEATHER_STATION,VALID,0.0,0.07742318226787381
2025-03-09 05:00:00,WX-MASTER,0.0,7.287,25.65,WEATHER_STATION,VALID,0.0,0.09943075784740742
2025-03-09 06:00:00,WX-MASTER,0.0,8.383,27.09,WEATHER_STATION,VALID,0.0,0.1968491022442249
2025-03-09 07:00:00,WX-MASTER,0.2712,8.151,25.11,WEATHER_STATION,VALID,0.26513086579994977,0.17247849288740746
2025-03-09 08:00:00,WX-MASTER,0.5265,8.477,25.94,WEATHER_STATION,VALID,0.5122470897911114,0.20734259125700968
2025-03-09 09:00:00,WX-MASTER,0.5093,5.371,24.59,WEATHER_STATION,VALID,0.49235799778450595,0.016821122011138553
2025-03-09 10:00:00,WX-MASTER,0.7721,4.82,25.68,WEATHER_STATION,VALID,0.7444920095789157,0.007608069355281209
2025-03-09 11:00:00,WX-MASTER,0.7494,6.303,27.35,WEATHER_STATION,VALID,0.7301578704881982,0.04547639396
2025-03-09 12:00:00,WX-MASTER,0.8915,5.345,25.87,WEATHER_STATION,VALID,0.861380127013645,0.016273794972565155
2025-03-09 13:00:00,WX-MASTER,0.8202,6.85,28.39,WEATHER_STATION,VALID,0.7950701552252902,0.07201823731138544
2025-03-09 14:00:00,WX-MASTER,0.8073,4.911,25.76,WEATHER_STATION,VALID,0.7840327910317001,0.008807291287407402
2025-03-09 15:00:00,WX-MASTER,0.7091,8.222,31.08,WEATHER_STATION,VALID,0.6806146921871788,0.1797094443952812
2025-03-09 16:00:00,WX-MASTER,0.476,5.754,29.74,WEATHER_STATION,VALID,0.46551940372951345,0.026360406719999983
2025-03-09 17:00:00,WX-MASTER,0.2877,9.082,31.03,WEATHER_STATION,VALID,0.29164542278023675,0.283922327432867
2025-03-09 18:00:00,WX-MASTER,0.0,7.922,31.57,WEATHER_STATION,VALID,0.0,0.15048219837058982
2025-03-09 19:00:00,WX-MASTER,0.0,6.122,30.87,WEATHER_STATION,VALID,0.0,0.038402455555775025
2025-03-09 20:00:00,WX-MASTER,0.0,10.478,30.9,WEATHER_STATION,VALID,0.0,0.5277359519942936
2025-03-09 21:00:00,WX-MASTER,0.0,8.351,32.66,WEATHER_STATION,VALID,0.0,0.1933593386377504
2025-03-09 22:00:00,WX-MASTER,0.0,8.445,32.37,WEATHER_STATION,VALID,0.0,0.203729515
2025-03-09 23:00:00,WX-MASTER,0.0,8.324,30.07,WEATHER_STATION,VALID,0.0,0.19044713312219474
2025-03-10 00:00:00,WX-MASTER,0.0,9.161,31.07,WEATHER_STATION,VALID,0.0,0.2951303857044169
2025-03-10 01:00:00,WX-MASTER,0.0,9.299,30.24,WEATHER_STATION,VALID,0.0,0.31540975718392306
2025-03-10 02:00:00,WX-MASTER,0.0,7.486,28.22,WEATHER_STATION,VALID,0.0,0.11393000246299038
2025-03-10 03:00:00,WX-MASTER,0.0,8.26,26.21,WEATHER_STATION,VALID,0.0,0.183661248175583
2025-03-10 04:00:00,WX-MASTER,0.0,8.553,26.87,WEATHER_STATION,VALID,0.0,0.21609430396000012
2025-03-10 05:00:00,WX-MASTER,0.0,8.971,26.63,WEATHER_STATION,VALID,0.0,0.268659073418546
2025-03-10 06:00:00,WX-MASTER,0.0,8.764,25.57,WEATHER_STATION,VALID,0.0,0.2416752716659533
2025-03-10 07:00:00,WX-MASTER,0.2512,7.945,24.58,WEATHER_STATION,VALID,0.23906750819343714,0.1526016350274349
2025-03-10 08:00:00,WX-MASTER,0.3932,6.755,25.73,WEATHER_STATION,VALID,0.3765041192382917,0.06681748472565158
2025-03-10 09:00:00,WX-MASTER,0.6646,6.437,26.81,WEATHER_STATION,VALID,0.6461168588543292,0.051238793548367655
2025-03-10 10:00:00,WX-MASTER,0.5533,5.447,24.71,WEATHER_STATION,VALID,0.5365595940374438,0.018491077000219482
2025-03-10 11:00:00,WX-MASTER,0.8743,7.586,25.84,WEATHER_STATION,VALID,0.8517833029974569,0.12172014196367625
2025-03-10 12:00:00,WX-MASTER,0.7058,5.89,30.21,WEATHER_STATION,VALID,0.6961077620087655,0.03046167829903977
2025-03-10 13:00:00,WX-MASTER,0.822,6.379,28.11,WEATHER_STATION,VALID,0.7755748335123158,0.04868832952521261
2025-03-10 14:00:00,WX-MASTER,0.7377,6.943,27.15,WEATHER_STATION,VALID,0.7263447949380879,0.07736430532570641
2025-03-10 16:00:00,WX-MASTER,0.4581,6.835,29.51,WEATHER_STATION,VALID,0.44441390914427586,0.07117974107681756
2025-03-10 17:00:00,WX-MASTER,0.2377,5.855,31.6,WEATHER_STATION,VALID,0.22984241577416042,0.029368288429355304
2025-03-10 18:00:00,WX-MASTER,0.0,7.61,32.07,WEATHER_STATION,VALID,0.0,0.12364116120713307
2025-03-10 19:00:00,WX-MASTER,0.0,7.107,31.29,WEATHER_STATION,VALID,0.0,0.0874247517140741
2025-03-10 20:00:00,WX-MASTER,0.0,7.662,34.4,WEATHER_STATION,VALID,0.0,0.12787248544000002
2025-03-10 21:00:00,WX-MASTER,0.0,9.531,32.15,WEATHER_STATION,VALID,0.0,0.35155991460592595
2025-03-10 22:00:00,WX-MASTER,0.0,8.905,31.15,WEATHER_STATION,VALID,0.0,0.25984837478052125
2025-03-10 23:00:00,WX-MASTER,0.0,7.687,29.68,WEATHER_STATION,VALID,0.0,0.12994068730694103
2025-03-11 00:00:00,WX-MASTER,0.0,8.38,29.36,WEATHER_STATION,VALID,0.0,0.1965201676817559
2025-03-11 01:00:00,WX-MASTER,0.0,10.715,28.09,WEATHER_STATION,VALID,0.0,0.5795195484293553
2025-03-11 02:00:00,WX-MASTER,0.0,8.231,28.45,WEATHER_STATION,VALID,0.0,0.18064022233157748
2025-03-11 03:00:00,WX-MASTER,0.0,8.609,26.71,WEATHER_STATION,VALID,0.0,0.22269815501602197
2025-03-11 04:00:00,WX-MASTER,0.0,9.285,27.87,WEATHER_STATION,VALID,0.0,0.3133113624074075
2025-03-11 05:00:00,WX-MASTER,0.0,8.513,25.5,WEATHER_STATION,VALID,0.0,0.21145807605108366
2025-03-11 06:00:00,WX-MASTER,0.0,7.52,26.66,WEATHER_STATION,VALID,0.0,0.11654015824417002
2025-03-11 07:00:00,WX-MASTER,0.2904,6.784,25.89,WEATHER_STATION,VALID,0.2800081958004851,0.06837757305854593
2025-03-11 08:00:00,WX-MASTER,0.5276,7.477,25.96,WEATHER_STATION,VALID,0.5099007630324008,0.1132456639044719
2025-03-11 09:00:00,WX-MASTER,0.5842,8.095,26.38,WEATHER_STATION,VALID,0.5529408271551998,0.16691403811385472
2025-03-11 10:00:00,WX-MASTER,0.7664,8.733,28.04,WEATHER_STATION,VALID,0.7478738994129893,0.23779686476
2025-03-11 11:00:00,WX-MASTER,0.8187,4.93,25.19,WEATHER_STATION,VALID,0.7725275832016458,0.009072609657064468
2025-03-11 12:00:00,WX-MASTER,0.8674,9.001,27.95,WEATHER_STATION,VALID,0.851159623816985,0.27272891160620016
2025-03-11 13:00:00,WX-MASTER,0.757,6.273,28.25,WEATHER_STATION,VALID,0.7357504981827383,0.04424847575259259
2025-03-11 14:00:00,WX-MASTER,0.7412,7.856,29.96,WEATHER_STATION,VALID,0.7455021301076629,0.14450947831923186
2025-03-11 15:00:00,WX-MASTER,0.5229,5.768,29.72,WEATHER_STATION,VALID,0.4985840867843634,0.02676446436960219
2025-03-11 16:00:00,WX-MASTER,0.4745,4.768,31.84,WEATHER_STATION,VALID,0.45953430256701827,0.0069744036837311365
2025-03-11 17:00:00,WX-MASTER,0.2697,5.344,29.61,WEATHER_STATION,VALID,0.2688839728940843,0.016252984495582996
2025-03-11 18:00:00,WX-MASTER,0.0,6.849,30.51,WEATHER_STATION,VALID,0.0,0.07196213377925928
2025-03-11 19:00:00,WX-MASTER,0.0,8.214,31.38,WEATHER_STATION,VALID,0.0,0.1788847751940741
2025-03-11 20:00:00,WX-MASTER,0.0,7.835,32.09,WEATHER_STATION,VALID,0.0,0.14264276028120718
2025-03-11 21:00:00,WX-MASTER,0.0,7.719,32.12,WEATHER_STATION,VALID,0.0,0.1326203687274074
2025-03-11 22:00:00,WX-MASTER,0.0,9.721,30.82,WEATHER_STATION,VALID,0.0,0.3831439614432373
2025-03-11 23:00:00,WX-MASTER,0.0,8.451,29.97,WEATHER_STATION,VALID,0.0,0.20440374340592596
2025-03-12 00:00:00,WX-MASTER,0.0,8.957,29.66,WEATHER_STATION,VALID,0.0,0.2667737534891085
2025-03-12 01:00:00,WX-MASTER,0.0,12.7,27.55,WEATHER_STATION,VALID,0.0,0.92
2025-03-12 02:00:00,WX-MASTER,0.0,8.639,28.35,WEATHER_STATION,VALID,0.0,0.22629063587034293
2025-03-12 03:00:00,WX-MASTER,0.0,7.672,27.72,WEATHER_STATION,VALID,0.0,0.1286971120057064
2025-03-12 04:00:00,WX-MASTER,0.0,9.066,27.47,WEATHER_STATION,VALID,0.0,0.28168746208000006
2025-03-12 05:00:00,WX-MASTER,0.0,9.207,26.42,WEATHER_STATION,VALID,0.0,0.30179047956592603
2025-03-12 06:00:00,WX-MASTER,0.0,8.415,27.81,WEATHER_STATION,VALID,0.0,0.2003806042592592
2025-03-12 07:00:00,WX-MASTER,0.2645,7.974,26.29,WEATHER_STATION,VALID,0.25801125308823647,0.15530221211259257
2025-03-12 08:00:00,WX-MASTER,0.4613,9.436,26.08,WEATHER_STATION,VALID,0.44243733853145806,0.3364406050308917
2025-03-12 09:00:00,WX-MASTER,0.6917,9.023,25.75,WEATHER_STATION,VALID,0.6680376300638317,0.27573943955231817
2025-03-12 10:00:00,WX-MASTER,0.7064,6.883,26.3,WEATHER_STATION,VALID,0.6693069070081237,0.07388605360224967
2025-03-12 11:00:00,WX-MASTER,0.6811,6.018,25.95,WEATHER_STATION,VALID,0.650190897429557,0.0346910947674074
2025-03-12 12:00:00,WX-MASTER,0.7179,7.287,27.06,WEATHER_STATION,VALID,0.6905715785167531,0.09943075784740742
2025-03-12 13:00:00,WX-MASTER,0.7729,5.823,30.09,WEATHER_STATION,VALID,0.76395469668717,0.02839180041925927
2025-03-12 14:00:00,WX-MASTER,0.6488,7.824,28.61,WEATHER_STATION,VALID,0.6231123529998831,0.14167140352000004
2025-03-12 15:00:00,WX-MASTER,0.6603,7.297,28.0,WEATHER_STATION,VALID,0.6468319961888217,0.10012818873410148
2025-03-12 16:00:00,WX-MASTER,0.445,10.352,31.28,WEATHER_STATION,VALID,0.42805673934589894,0.5015067631705898
2025-03-12 17:00:00,WX-MASTER,0.0988,8.985,32.22,WEATHER_STATION,VALID,0.09620345828518248,0.27055325499999994
2025-03-12 18:00:00,WX-MASTER,0.0,5.897,31.91,WEATHER_STATION,VALID,0.0,0.03068356270392318
2025-03-12 19:00:00,WX-MASTER,0.0,6.878,29.82,WEATHER_STATION,VALID,0.0,0.07360099969799724
2025-03-12 20:00:00,WX-MASTER,0.0,5.325,33.74,WEATHER_STATION,VALID,0.0,0.01586094907407408
2025-03-12 21:00:00,WX-MASTER,0.0,5.285,32.35,WEATHER_STATION,VALID,0.0,0.015056322626886144
2025-03-12 22:00:00,WX-MASTER,0.0,8.435,31.35,WEATHER_STATION,VALID,0.0,0.20260909855281212
2025-03-12 23:00:00,WX-MASTER,0.0,6.918,32.59,WEATHER_STATION,VALID,0.0,0.07590206543407409
2025-03-13 00:00:00,WX-MASTER,0.0,10.746,28.02,WEATHER_STATION,VALID,0.0,0.586533439205926
2025-03-13 01:00:00,WX-MASTER,0.0,10.18,29.74,WEATHER_STATION,VALID,0.0,0.46712556027434826
2025-03-13 02:00:00,WX-MASTER,0.0,8.316,28.05,WEATHER_STATION,VALID,0.0,0.18958990800592604
2025-03-13 03:00:00,WX-MASTER,0.0,8.169,29.59,WEATHER_STATION,VALID,0.0,0.1742929800607408
2025-03-13 04:00:00,WX-MASTER,0.0,10.391,27.24,WEATHER_STATION,VALID,0.0,0.5095301718426886
2025-03-13 05:00:00,WX-MASTER,0.0,10.501,25.19,WEATHER_STATION,VALID,0.0,0.5326203987666942
2025-03-13 06:00:00,WX-MASTER,0.0,6.83,27.04,WEATHER_STATION,VALID,0.0,0.07090169552812073
2025-03-13 07:00:00,WX-MASTER,0.1949,6.41,22.37,WEATHER_STATION,VALID,0.18761054118139123,0.05004070688614541
2025-03-13 08:00:00,WX-MASTER,0.5015,7.137,25.81,WEATHER_STATION,VALID,0.4875188279882042,0.08935458903259257
2025-03-13 09:00:00,WX-MASTER,0.6256,7.838,23.81,WEATHER_STATION,VALID,0.5850107150181797,0.1429084441621948
2025-03-13 10:00:00,WX-MASTER,0.6689,6.387,25.12,WEATHER_STATION,VALID,0.6512091948427927,0.04903496718074073
2025-03-13 11:00:00,WX-MASTER,0.8322,7.462,25.94,WEATHER_STATION,VALID,0.8309879938515684,0.1121111988995336
2025-03-13 12:00:00,WX-MASTER,0.7914,9.284,28.04,WEATHER_STATION,VALID,0.7622752339600665,0.3131618342382443
2025-03-13 13:00:00,WX-MASTER,0.7743,4.859,30.44,WEATHER_STATION,VALID,0.7540885383528676,0.008107714892565156
2025-03-13 14:00:00,WX-MASTER,0.7995,6.113,26.57,WEATHER_STATION,VALID,0.7878063734048063,0.03807129600170097
2025-03-13 15:00:00,WX-MASTER,0.5422,4.962,30.14,WEATHER_STATION,VALID,0.5246005661842804,0.009531413439999996
2025-03-13 16:00:00,WX-MASTER,0.522,5.813,33.1,WEATHER_STATION,VALID,0.5017910817237985,0.028091148495528115
2025-03-13 17:00:00,WX-MASTER,0.2192,6.706,30.49,WEATHER_STATION,VALID,0.20514137870456287,0.06423571225064474
2025-03-13 18:00:00,WX-MASTER,0.0,6.373,30.97,WEATHER_STATION,VALID,0.0,0.04842942610101511
2025-03-13 19:00:00,WX-MASTER,0.0,8.248,32.37,WEATHER_STATION,VALID,0.0,0.18240711653311378
2025-03-13 20:00:00,WX-MASTER,0.0,8.029,33.2,WEATHER_STATION,VALID,0.0,0.16051114984620032
2025-03-13 21:00:00,WX-MASTER,0.0,8.472,32.87,WEATHER_STATION,VALID,0.0,0.20677525504
2025-03-13 22:00:00,WX-MASTER,0.0,7.908,31.3,WEATHER_STATION,VALID,0.0,0.1492017651674074
2025-03-13 23:00:00,WX-MASTER,0.0,8.208,30.21,WEATHER_STATION,VALID,0.0,0.17826793168592592
2025-03-14 00:00:00,WX-MASTER,0.0,8.176,32.04,WEATHER_STATION,VALID,0.0,0.17500203626052127
2025-03-14 01:00:00,WX-MASTER,0.0,8.37,28.69,WEATHER_STATION,VALID,0.0,0.19542636592592585
2025-03-14 02:00:00,WX-MASTER,0.0,9.232,26.41,WEATHER_STATION,VALID,0.0,0.30545176081558295
2025-03-14 03:00:00,WX-MASTER,0.0,6.114,26.06,WEATHER_STATION,VALID,0.0,0.038107997119999994
2025-03-14 04:00:00,WX-MASTER,0.0,8.854,26.27,WEATHER_STATION,VALID,0.0,0.25317362111780517
2025-03-14 05:00:00,WX-MASTER,0.0,7.161,28.03,WEATHER_STATION,VALID,0.0,0.09091874795407404
2025-03-14 06:00:00,WX-MASTER,0.0,7.621,24.25,WEATHER_STATION,VALID,0.0,0.12452834164076822
2025-03-14 07:00:00,WX-MASTER,0.2838,5.778,27.16,WEATHER_STATION,VALID,0.27570150019605305,0.02705559088592592
2025-03-14 08:00:00,WX-MASTER,0.4007,7.081,26.78,WEATHER_STATION,VALID,0.38302594313972993,0.08577487292965709
2025-03-14 09:00:00,WX-MASTER,0.6213,7.658,25.6,WEATHER_STATION,VALID,0.5977284467377103,0.1275436236584911
2025-03-14 10:00:00,WX-MASTER,0.6855,7.668,22.62,WEATHER_STATION,VALID,0.6656884534222274,0.12836683728592596
2025-03-14 11:00:00,WX-MASTER,0.8321,5.351,24.82,WEATHER_STATION,VALID,0.8076053462244467,0.01639903098342936
2025-03-14 12:00:00,WX-MASTER,0.8104,7.299,26.2,WEATHER_STATION,VALID,0.7849833729794667,0.1002680651125926
2025-03-14 13:00:00,WX-MASTER,0.9283,8.187,29.88,WEATHER_STATION,VALID,0.9000216726576348,0.176120148514074
2025-03-14 14:00:00,WX-MASTER,0.7927,6.069,28.03,WEATHER_STATION,VALID,0.7663699727580513,0.036479675319999995
2025-03-14 15:00:00,WX-MASTER,0.5448,6.785,28.69,WEATHER_STATION,VALID,0.5166721497723498,0.06843179793552813
2025-03-14 16:00:00,WX-MASTER,0.5037,4.23,30.69,WEATHER_STATION,VALID,0.4846865030876038,0.0023484192592592617
2025-03-14 17:00:00,WX-MASTER,0.2369,5.942,29.5,WEATHER_STATION,VALID,0.23304311657584226,0.03213573994096022
2025-03-14 18:00:00,WX-MASTER,0.0,7.689,31.71,WEATHER_STATION,VALID,0.0,0.13010710012
2025-03-14 19:00:00,WX-MASTER,0.0,8.833,31.13,WEATHER_STATION,VALID,0.0,0.250458761281262
2025-03-14 20:00:00,WX-MASTER,0.0,7.073,35.44,WEATHER_STATION,VALID,0.0,0.08527142668812075
2025-03-14 21:00:00,WX-MASTER,0.0,11.572,30.99,WEATHER_STATION,VALID,0.0,0.7948895473637309
2025-03-14 22:00:00,WX-MASTER,0.0,8.733,34.06,WEATHER_STATION,VALID,0.0,0.23779686476
2025-03-14 23:00:00,WX-MASTER,0.0,6.851,29.82,WEATHER_STATION,VALID,0.0,0.07207436999577503
2025-03-15 00:00:00,WX-MASTER,0.0,10.324,30.79,WEATHER_STATION,VALID,0.0,0.4957986112017557
2025-03-15 01:00:00,WX-MASTER,0.0,7.083,30.23,WEATHER_STATION,VALID,0.0,0.08590104335259259
2025-03-15 02:00:00,WX-MASTER,0.0,9.133,28.89,WEATHER_STATION,VALID,0.0,0.29112479323187906
2025-03-15 03:00:00,WX-MASTER,0.0,7.425,27.91,WEATHER_STATION,VALID,0.0,0.10934530092592591
2025-03-15 04:00:00,WX-MASTER,0.0,6.733,28.0,WEATHER_STATION,VALID,0.0,0.0656499302195336
2025-03-15 05:00:00,WX-MASTER,0.0,9.56,26.75,WEATHER_STATION,VALID,0.0,0.3562638994787381
2025-03-15 06:00:00,WX-MASTER,0.0,7.743,25.48,WEATHER_STATION,VALID,0.0,0.13465412836
2025-03-15 07:00:00,WX-MASTER,0.2608,10.07,24.53,WEATHER_STATION,VALID,0.25646885195345537,0.4459832421947874
2025-03-15 08:00:00,WX-MASTER,0.411,6.243,25.02,WEATHER_STATION,VALID,0.39389514547076987,0.0430428624340741
2025-03-15 09:00:00,WX-MASTER,0.3454,5.288,25.13,WEATHER_STATION,VALID,0.33183123791102415,0.015115703322688618
2025-03-15 10:00:00,WX-MASTER,0.7019,6.469,25.45,WEATHER_STATION,VALID,0.6739323990472786,0.052683327643731154
2025-03-15 11:00:00,WX-MASTER,0.7298,10.669,26.34,WEATHER_STATION,VALID,0.7017139526217574,0.5692152309523731
2025-03-15 12:00:00,WX-MASTER,0.7512,7.87,25.28,WEATHER_STATION,VALID,0.7410496904479127,0.14576296126200275
2025-03-15 13:00:00,WX-MASTER,0.8107,7.444,26.58,WEATHER_STATION,VALID,0.794025477328448,0.11075987318694101
2025-03-15 14:00:00,WX-MASTER,0.6544,7.493,29.72,WEATHER_STATION,VALID,0.6515528098525825,0.11446416771528121
2025-03-15 15:00:00,WX-MASTER,0.6928,6.173,26.93,WEATHER_STATION,VALID,0.6955813585669209,0.04031535750293554
2025-03-15 16:00:00,WX-MASTER,0.4241,10.486,31.91,WEATHER_STATION,VALID,0.4048200936013624,0.5294314878950893
2025-03-15 17:00:00,WX-MASTER,0.2922,7.722,30.53,WEATHER_STATION,VALID,0.2837426470350755,0.13287346096592598
2025-03-15 18:00:00,WX-MASTER,0.0,7.829,33.76,WEATHER_STATION,VALID,0.0,0.14211238080367627
2025-03-15 19:00:00,WX-MASTER,0.0,8.89,33.57,WEATHER_STATION,VALID,0.0,0.25787318447187935
2025-03-15 20:00:00,WX-MASTER,0.0,6.215,31.83,WEATHER_STATION,VALID,0.0,0.0419375669478738
2025-03-15 21:00:00,WX-MASTER,0.0,6.978,31.83,WEATHER_STATION,VALID,0.0,0.07944281695999998
2025-03-15 22:00:00,WX-MASTER,0.0,8.025,33.66,WEATHER_STATION,VALID,0.0,0.16012844907407411
2025-03-15 23:00:00,WX-MASTER,0.0,9.813,32.72,WEATHER_STATION,VALID,0.0,0.3990942455600002
2025-03-16 00:00:00,WX-MASTER,0.0,6.981,31.65,WEATHER_STATION,VALID,0.0,0.07962268742074073
2025-03-16 01:00:00,WX-MASTER,0.0,8.643,31.01,WEATHER_STATION,VALID,0.0,0.22677253236000014
2025-03-16 02:00:00,WX-MASTER,0.0,8.454,27.43,WEATHER_STATION,VALID,0.0,0.2047414147200001
2025-03-16 03:00:00,WX-MASTER,0.0,6.605,28.07,WEATHER_STATION,VALID,0.0,0.05912567423182444
2025-03-16 04:00:00,WX-MASTER,0.0,7.855,26.06,WEATHER_STATION,VALID,0.0,0.1444202198422497
2025-03-16 05:00:00,WX-MASTER,0.0,9.033,24.92,WEATHER_STATION,VALID,0.0,0.2771151535007406
2025-03-16 06:00:00,WX-MASTER,0.0,6.171,25.9,WEATHER_STATION,VALID,0.0,0.04023917102074076
2025-03-16 07:00:00,WX-MASTER,0.2318,9.68,24.85,WEATHER_STATION,VALID,0.2307780810430098,0.3761747893552812
2025-03-16 08:00:00,WX-MASTER,0.5061,8.193,25.03,WEATHER_STATION,VALID,0.4994156894183153,0.17673203035999996
2025-03-16 09:00:00,WX-MASTER,0.7183,7.784,24.75,WEATHER_STATION,VALID,0.6999501200492463,0.13817638041108368
2025-03-16 10:00:00,WX-MASTER,0.8439,7.121,24.19,WEATHER_STATION,VALID,0.8015344999362738,0.08832184701799731
2025-03-16 11:00:00,WX-MASTER,0.6835,5.51,28.29,WEATHER_STATION,VALID,0.6651548621638717,0.019956366145404657
2025-03-16 12:00:00,WX-MASTER,0.8758,5.96,27.17,WEATHER_STATION,VALID,0.8347937603484714,0.032729203182441706
2025-03-16 13:00:00,WX-MASTER,0.9147,7.213,26.09,WEATHER_STATION,VALID,0.9073232453924861,0.0943701567479287
2025-03-16 14:00:00,WX-MASTER,0.6195,5.901,28.95,WEATHER_STATION,VALID,0.6084344420457457,0.030810836220740732
2025-03-16 15:00:00,WX-MASTER,0.6356,7.067,31.46,WEATHER_STATION,VALID,0.6174419157929422,0.08489513753355282
2025-03-16 16:00:00,WX-MASTER,0.4851,5.788,31.63,WEATHER_STATION,VALID,0.4528187124863808,0.027348820908422507
2025-03-16 17:00:00,WX-MASTER,0.2508,7.732,30.58,WEATHER_STATION,VALID,0.23957638908828474,0.1337194269884225
2025-03-16 18:00:00,WX-MASTER,0.0,8.058,31.17,WEATHER_STATION,VALID,0.0,0.16330398175999994
2025-03-16 19:00:00,WX-MASTER,0.0,5.512,30.96,WEATHER_STATION,VALID,0.0,0.020004108627928664
2025-03-16 20:00:00,WX-MASTER,0.0,7.976,31.34,WEATHER_STATION,VALID,0.0,0.1554896242550343
2025-03-16 21:00:00,WX-MASTER,0.0,6.161,31.32,WEATHER_STATION,VALID,0.0,0.039859678050096
2025-03-16 22:00:00,WX-MASTER,0.0,5.943,30.0,WEATHER_STATION,VALID,0.0,0.03216852035999999
2025-03-16 23:00:00,WX-MASTER,0.0,7.771,30.67,WEATHER_STATION,VALID,0.0,0.1370530007271879
2025-03-17 00:00:00,WX-MASTER,0.0,12.323,30.9,WEATHER_STATION,VALID,0.0,0.92
2025-03-17 01:00:00,WX-MASTER,0.0,9.757,29.15,WEATHER_STATION,VALID,0.0,0.3893337526550891
2025-03-17 02:00:00,WX-MASTER,0.0,10.553,29.0,WEATHER_STATION,VALID,0.0,0.5437743940560221
2025-03-17 03:00:00,WX-MASTER,0.0,9.461,29.78,WEATHER_STATION,VALID,0.0,0.34037646387725656
2025-03-17 05:00:00,WX-MASTER,0.0,9.51,26.18,WEATHER_STATION,VALID,0.0,0.348179554074074
2025-03-17 06:00:00,WX-MASTER,0.0,7.286,26.76,WEATHER_STATION,VALID,0.0,0.09936119342046636
2025-03-17 07:00:00,WX-MASTER,0.2596,8.475,25.16,WEATHER_STATION,VALID,0.2505374726545869,0.20711553240740735
2025-03-17 08:00:00,WX-MASTER,0.474,9.133,24.65,WEATHER_STATION,VALID,0.4587272052036654,0.29112479323187906
2025-03-17 09:00:00,WX-MASTER,0.703,8.261,24.02,WEATHER_STATION,VALID,0.6759681938188926,0.1837660178525651
2025-03-17 10:00:00,WX-MASTER,0.5966,8.745,25.81,WEATHER_STATION,VALID,0.5747374842406421,0.23929322240740727
2025-03-17 11:00:00,WX-MASTER,0.6506,7.186,27.56,WEATHER_STATION,VALID,0.6306945063905758,0.09256737984570643
2025-03-17 12:00:00,WX-MASTER,0.8745,9.023,25.46,WEATHER_STATION,VALID,0.8540688982806902,0.27573943955231817
2025-03-17 13:00:00,WX-MASTER,0.8253,6.49,27.49,WEATHER_STATION,VALID,0.7967723488892159,0.053645905459533606
2025-03-17 14:00:00,WX-MASTER,0.7689,9.52,28.34,WEATHER_STATION,VALID,0.7411083140846676,0.34978653410150895
2025-03-17 15:00:00,WX-MASTER,0.6055,7.585,29.94,WEATHER_STATION,VALID,0.5881738055524461,0.12164053428669412
2025-03-17 16:00:00,WX-MASTER,0.5057,6.476,30.8,WEATHER_STATION,VALID,0.4759578922441221,0.05300289635379974
2025-03-17 17:00:00,WX-MASTER,0.2856,5.631,31.86,WEATHER_STATION,VALID,0.27907561848503815,0.022983853420740743
2025-03-17 18:00:00,WX-MASTER,0.0,6.342,34.05,WEATHER_STATION,VALID,0.0,0.047106369647407394
2025-03-17 19:00:00,WX-MASTER,0.0,6.399,31.07,WEATHER_STATION,VALID,0.0,0.049558002445925925
2025-03-17 20:00:00,WX-MASTER,0.0,7.792,31.13,WEATHER_STATION,VALID,0.0,0.13887073278595333
2025-03-17 21:00:00,WX-MASTER,0.0,6.502,32.42,WEATHER_STATION,VALID,0.0,0.05420117784274347
2025-03-17 22:00:00,WX-MASTER,0.0,10.062,33.51,WEATHER_STATION,VALID,0.0,0.4444710086992592
2025-03-17 23:00:00,WX-MASTER,0.0,8.705,29.46,WEATHER_STATION,VALID,0.0,0.23432965077503434
2025-03-18 00:00:00,WX-MASTER,0.0,8.796,30.89,WEATHER_STATION,VALID,0.0,0.2457227852799999
2025-03-18 01:00:00,WX-MASTER,0.0,7.252,29.41,WEATHER_STATION,VALID,0.0,0.09701526327484226
2025-03-18 02:00:00,WX-MASTER,0.0,7.762,29.77,WEATHER_STATION,VALID,0.0,0.13627885381311383
2025-03-18 03:00:00,WX-MASTER,0.0,5.802,28.59,WEATHER_STATION,VALID,0.0,0.027762891247407398
2025-03-18 04:00:00,WX-MASTER,0.0,10.656,27.05,WEATHER_STATION,VALID,0.0,0.5663254429392593
2025-03-18 05:00:00,WX-MASTER,0.0,6.521,26.86,WEATHER_STATION,VALID,0.0,0.0550881736352812
2025-03-18 06:00:00,WX-MASTER,0.0,6.391,24.93,WEATHER_STATION,VALID,0.0,0.049208901280274345
2025-03-18 07:00:00,WX-MASTER,0.2616,9.719,26.33,WEATHER_STATION,VALID,0.2454814268430011,0.38280202129256513
2025-03-18 08:00:00,WX-MASTER,0.4159,8.125,26.91,WEATHER_STATION,VALID,0.4082218800838396,0.1698798653978052
2025-03-18 09:00:00,WX-MASTER,0.6665,7.527,25.49,WEATHER_STATION,VALID,0.6587192323405103,0.11708244484000002
2025-03-18 10:00:00,WX-MASTER,0.8033,7.59,25.23,WEATHER_STATION,VALID,0.7869676065852009,0.12203892000000002
2025-03-18 11:00:00,WX-MASTER,0.835,8.207,26.1,WEATHER_STATION,VALID,0.7989324785972219,0.1781652625014541
2025-03-18 12:00:00,WX-MASTER,0.8709,6.971,27.94,WEATHER_STATION,VALID,0.8535751130616787,0.0790241731167627
2025-03-18 13:00:00,WX-MASTER,0.8042,4.772,27.79,WEATHER_STATION,VALID,0.7904545698671389,0.007021848444663927
2025-03-18 14:00:00,WX-MASTER,0.8539,7.738,27.31,WEATHER_STATION,VALID,0.8482490979099345,0.13422872599484229
2025-03-18 15:00:00,WX-MASTER,0.5763,7.407,30.79,WEATHER_STATION,VALID,0.5514374677600115,0.10801633823259262
2025-03-18 16:00:00,WX-MASTER,0.4428,8.516,29.32,WEATHER_STATION,VALID,0.42801188864945783,0.2118034702994788
2025-03-18 17:00:00,WX-MASTER,0.2603,5.558,31.73,WEATHER_STATION,VALID,0.2554087237236896,0.021123307411577502
2025-03-18 18:00:00,WX-MASTER,0.0,6.463,29.54,WEATHER_STATION,VALID,0.0,0.052410436130644715
2025-03-18 19:00:00,WX-MASTER,0.0,8.174,32.26,WEATHER_STATION,VALID,0.0,0.17479925292466383
2025-03-18 20:00:00,WX-MASTER,0.0,6.697,32.16,WEATHER_STATION,VALID,0.0,0.06376885964768177
2025-03-18 21:00:00,WX-MASTER,0.0,5.117,29.77,WEATHER_STATION,VALID,0.0,0.011973548373058985
2025-03-18 22:00:00,WX-MASTER,0.0,8.656,32.18,WEATHER_STATION,VALID,0.0,0.2283434200037312
2025-03-18 23:00:00,WX-MASTER,0.0,9.743,29.9,WEATHER_STATION,VALID,0.0,0.3869187517893553
2025-03-19 00:00:00,WX-MASTER,0.0,8.555,30.61,WEATHER_STATION,VALID,0.0,0.21632787731824418
2025-03-19 01:00:00,WX-MASTER,0.0,9.498,29.17,WEATHER_STATION,VALID,0.0,0.34625768416
2025-03-19 02:00:00,WX-MASTER,0.0,9.304,26.98,WEATHER_STATION,VALID,0.0,0.3161614483770645
2025-03-19 03:00:00,WX-MASTER,0.0,8.72,26.59,WEATHER_STATION,VALID,0.0,0.2361828644170097
2025-03-19 04:00:00,WX-MASTER,0.0,8.748,25.84,WEATHER_STATION,VALID,0.0,0.23966829008592586
2025-03-19 05:00:00,WX-MASTER,0.0,10.136,27.46,WEATHER_STATION,VALID,0.0,0.45859025643281187
2025-03-19 06:00:00,WX-MASTER,0.0,6.9,26.73,WEATHER_STATION,VALID,0.0,0.07486074074074076
2025-03-19 07:00:00,WX-MASTER,0.241,8.905,28.01,WEATHER_STATION,VALID,0.22903327724959793,0.25984837478052125
2025-03-19 08:00:00,WX-MASTER,0.4648,6.104,24.64,WEATHER_STATION,VALID,0.43664895684407357,0.03774204575429356
2025-03-19 09:00:00,WX-MASTER,0.7108,6.355,24.72,WEATHER_STATION,VALID,0.6898245964916504,0.04765822601508918
2025-03-19 10:00:00,WX-MASTER,0.7894,8.72,25.88,WEATHER_STATION,VALID,0.7524761408184574,0.2361828644170097
2025-03-19 11:00:00,WX-MASTER,0.704,5.412,25.85,WEATHER_STATION,VALID,0.6788191508382108,0.017708925440000006
2025-03-19 12:00:00,WX-MASTER,0.9121,6.545,26.3,WEATHER_STATION,VALID,0.8937856457050034,0.056222352997256524
2025-03-19 13:00:00,WX-MASTER,0.7318,9.867,27.91,WEATHER_STATION,VALID,0.7028037855539667,0.40865935124000025
2025-03-19 14:00:00,WX-MASTER,0.8551,8.136,29.6,WEATHER_STATION,VALID,0.8324135388647177,0.1709760754725925
2025-03-19 15:00:00,WX-MASTER,0.7094,5.917,27.12,WEATHER_STATION,VALID,0.6849327453236139,0.031323449761261994
2025-03-19 16:00:00,WX-MASTER,0.4881,6.276,29.82,WEATHER_STATION,VALID,0.47837788495797856,0.04437026048
2025-03-19 17:00:00,WX-MASTER,0.2648,6.979,29.54,WEATHER_STATION,VALID,0.25874320868350625,0.07950274364866941
2025-03-19 18:00:00,WX-MASTER,0.0,9.134,31.6,WEATHER_STATION,VALID,0.0,0.2912672221888615
2025-03-19 19:00:00,WX-MASTER,0.0,6.38,32.65,WEATHER_STATION,VALID,0.0,0.04873156960219478
2025-03-19 20:00:00,WX-MASTER,0.0,6.562,33.59,WEATHER_STATION,VALID,0.0,0.05703507860323732
2025-03-19 21:00:00,WX-MASTER,0.0,9.121,31.61,WEATHER_STATION,VALID,0.0,0.289419265838299
2025-03-19 22:00:00,WX-MASTER,0.0,6.232,31.91,WEATHER_STATION,VALID,0.0,0.04260635242052128
2025-03-19 23:00:00,WX-MASTER,0.0,7.413,29.21,WEATHER_STATION,VALID,0.0,0.10845812230074076
2025-03-20 00:00:00,WX-MASTER,0.0,8.63,29.48,WEATHER_STATION,VALID,0.0,0.22520886589849118
2025-03-20 01:00:00,WX-MASTER,0.0,8.759,29.91,WEATHER_STATION,VALID,0.0,0.24104689113947883
2025-03-20 02:00:00,WX-MASTER,0.0,7.023,27.13,WEATHER_STATION,VALID,0.0,0.08216945315999998
2025-03-20 03:00:00,WX-MASTER,0.0,9.184,29.34,WEATHER_STATION,VALID,0.0,0.29844804733015073
2025-03-20 04:00:00,WX-MASTER,0.0,9.308,27.64,WEATHER_STATION,VALID,0.0,0.31676366049799726
2025-03-20 05:00:00,WX-MASTER,0.0,7.539,25.2,WEATHER_STATION,VALID,0.0,0.11801598819407406
2025-03-20 06:00:00,WX-MASTER,0.0,10.33,23.95,WEATHER_STATION,VALID,0.0,0.4970181207681756
2025-03-20 07:00:00,WX-MASTER,0.2152,8.359,24.52,WEATHER_STATION,VALID,0.20754712806897646,0.19422788013262005
2025-03-20 08:00:00,WX-MASTER,0.511,6.35,24.18,WEATHER_STATION,VALID,0.49747564305845476,0.047445466392318225
2025-03-20 09:00:00,WX-MASTER,0.7226,9.513,23.92,WEATHER_STATION,VALID,0.7103728965987044,0.34866113015259265
2025-03-20 10:00:00,WX-MASTER,0.7213,6.502,24.04,WEATHER_STATION,VALID,0.6935825341023248,0.05420117784274347
2025-03-20 11:00:00,WX-MASTER,0.8387,7.235,26.01,WEATHER_STATION,VALID,0.805786987234547,0.0958562738614541
2025-03-20 12:00:00,WX-MASTER,0.6691,6.244,27.89,WEATHER_STATION,VALID,0.6370397508527089,0.04308269234743483
2025-03-20 13:00:00,WX-MASTER,0.8535,7.626,27.0,WEATHER_STATION,VALID,0.8142670876677197,0.12493300448
2025-03-20 14:00:00,WX-MASTER,0.6718,6.194,29.29,WEATHER_STATION,VALID,0.633221260446604,0.04112112942836762
2025-03-20 15:00:00,WX-MASTER,0.6538,6.346,29.27,WEATHER_STATION,VALID,0.6413434309338754,0.0472757153321262
2025-03-20 16:00:00,WX-MASTER,0.3945,6.821,31.24,WEATHER_STATION,VALID,0.3933692518027748,0.07040303995626886
2025-03-20 17:00:00,WX-MASTER,0.276,6.565,30.29,WEATHER_STATION,VALID,0.2736208618259671,0.05717930885459535
2025-03-20 18:00:00,WX-MASTER,0.0,8.84,32.13,WEATHER_STATION,VALID,0.0,0.25136154688614537
2025-03-20 19:00:00,WX-MASTER,0.0,6.065,32.29,WEATHER_STATION,VALID,0.0,0.03633722312071332
2025-03-20 20:00:00,WX-MASTER,0.0,7.913,33.89,WEATHER_STATION,VALID,0.0,0.14965822548318244
2025-03-20 21:00:00,WX-MASTER,0.0,8.328,32.81,WEATHER_STATION,VALID,0.0,0.19087671295999997
2025-03-20 22:00:00,WX-MASTER,0.0,8.273,32.1,WEATHER_STATION,VALID,0.0,0.18502636337947875
2025-03-20 23:00:00,WX-MASTER,0.0,9.874,29.47,WEATHER_STATION,VALID,0.0,0.40991034838694124
2025-03-21 00:00:00,WX-MASTER,0.0,6.803,29.89,WEATHER_STATION,VALID,0.0,0.06941275393256517
2025-03-21 01:00:00,WX-MASTER,0.0,9.558,28.71,WEATHER_STATION,VALID,0.0,0.35593814768592597
2025-03-21 02:00:00,WX-MASTER,0.0,7.196,27.78,WEATHER_STATION,VALID,0.0,0.09323237285750342
2025-03-21 03:00:00,WX-MASTER,0.0,8.08,27.88,WEATHER_STATION,VALID,0.0,0.1654441578052126
2025-03-21 04:00:00,WX-MASTER,0.0,6.854,27.31,WEATHER_STATION,VALID,0.0,0.07224294303824418
2025-03-21 05:00:00,WX-MASTER,0.0,7.986,26.63,WEATHER_STATION,VALID,0.0,0.15642894687999995
2025-03-21 06:00:00,WX-MASTER,0.0,7.437,27.25,WEATHER_STATION,VALID,0.0,0.11023730444000004
2025-03-21 07:00:00,WX-MASTER,0.2575,10.065,25.97,WEATHER_STATION,VALID,0.2453836365293022,0.4450376949999999
2025-03-21 08:00:00,WX-MASTER,0.5064,7.988,23.79,WEATHER_STATION,VALID,0.4748308489687903,0.15661726421157757
2025-03-21 09:00:00,WX-MASTER,0.561,7.995,25.63,WEATHER_STATION,VALID,0.5419281301107574,0.15727756500000004
2025-03-21 10:00:00,WX-MASTER,0.7623,5.76,26.44,WEATHER_STATION,VALID,0.7327807641584569,0.026533072592592587
2025-03-21 11:00:00,WX-MASTER,0.8441,7.982,27.81,WEATHER_STATION,VALID,0.799138767710555,0.1560527652051578
2025-03-21 12:00:00,WX-MASTER,0.8115,9.024,26.83,WEATHER_STATION,VALID,0.7926693708112099,0.27587680559407396
2025-03-21 13:00:00,WX-MASTER,0.8698,7.963,27.69,WEATHER_STATION,VALID,0.8378352364278119,0.15427413662447184
2025-03-21 14:00:00,WX-MASTER,0.6959,5.132,30.06,WEATHER_STATION,VALID,0.6637939301956817,0.012229871674293546
2025-03-21 15:00:00,WX-MASTER,0.6761,6.307,29.89,WEATHER_STATION,VALID,0.6501928039481975,0.045641812630397814
2025-03-21 16:00:00,WX-MASTER,0.503,7.187,28.6,WEATHER_STATION,VALID,0.49599299274622394,0.09263373638787382
2025-03-21 17:00:00,WX-MASTER,0.1792,6.485,29.07,WEATHER_STATION,VALID,0.17544469450481404,0.0534156658367627
2025-03-21 18:00:00,WX-MASTER,0.0,10.757,34.01,WEATHER_STATION,VALID,0.0,0.5890357763039231
2025-03-21 19:00:00,WX-MASTER,0.0,7.09,30.09,WEATHER_STATION,VALID,0.0,0.08634361410150891
2025-03-21 20:00:00,WX-MASTER,0.0,7.922,32.07,WEATHER_STATION,VALID,0.0,0.15048219837058982
2025-03-21 21:00:00,WX-MASTER,0.0,7.449,33.21,WEATHER_STATION,VALID,0.0,0.11113414592740739
2025-03-21 22:00:00,WX-MASTER,0.0,8.753,29.68,WEATHER_STATION,VALID,0.0,0.2402942734634294
2025-03-21 23:00:00,WX-MASTER,0.0,10.43,29.94,WEATHER_STATION,VALID,0.0,0.517638702935528
2025-03-22 00:00:00,WX-MASTER,0.0,8.925,29.03,WEATHER_STATION,VALID,0.0,0.2624976157407409
2025-03-22 01:00:00,WX-MASTER,0.0,8.553,31.84,WEATHER_STATION,VALID,0.0,0.21609430396000012
2025-03-22 02:00:00,WX-MASTER,0.0,7.435,31.19,WEATHER_STATION,VALID,0.0,0.11008830157064471
2025-03-22 03:00:00,WX-MASTER,0.0,10.33,26.99,WEATHER_STATION,VALID,0.0,0.4970181207681756
2025-03-22 04:00:00,WX-MASTER,0.0,8.436,27.72,WEATHER_STATION,VALID,0.0,0.20272095488
2025-03-22 05:00:00,WX-MASTER,0.0,8.192,26.67,WEATHER_STATION,VALID,0.0,0.1766299517928121
2025-03-22 06:00:00,WX-MASTER,0.0,5.165,25.4,WEATHER_STATION,VALID,0.0,0.012806604602194786
2025-03-22 07:00:00,WX-MASTER,0.2329,7.787,23.44,WEATHER_STATION,VALID,0.22376083272921965,0.13843649065947872
2025-03-22 08:00:00,WX-MASTER,0.2587,7.17,28.04,WEATHER_STATION,VALID,0.2549178630469372,0.09150998074074074
2025-03-22 09:00:00,WX-MASTER,0.6925,5.067,23.21,WEATHER_STATION,VALID,0.6684291841414403,0.011145042499259262
2025-03-22 10:00:00,WX-MASTER,0.6202,8.504,26.0,WEATHER_STATION,VALID,0.5879540718050859,0.21042414669256512
2025-03-22 11:00:00,WX-MASTER,0.796,6.341,25.52,WEATHER_STATION,VALID,0.759060779483103,0.04706409650935529
2025-03-22 12:00:00,WX-MASTER,0.7765,9.375,28.23,WEATHER_STATION,VALID,0.7651658846802694,0.32696469907407416
2025-03-22 13:00:00,WX-MASTER,0.9395,8.688,28.88,WEATHER_STATION,VALID,0.8842361974032433,0.2322410905600001
2025-03-22 14:00:00,WX-MASTER,0.6504,5.919,27.6,WEATHER_STATION,VALID,0.6419024371809854,0.03138792339407407
2025-03-22 15:00:00,WX-MASTER,0.7248,8.708,28.73,WEATHER_STATION,VALID,0.7024569299792122,0.23469951511528123
2025-03-22 16:00:00,WX-MASTER,0.4738,9.157,28.66,WEATHER_STATION,VALID,0.4511116463865456,0.2945559228279287
2025-03-22 17:00:00,WX-MASTER,0.1724,6.525,31.48,WEATHER_STATION,VALID,0.16572006442302523,0.055276134259259285
2025-03-22 18:00:00,WX-MASTER,0.0,6.138,32.66,WEATHER_STATION,VALID,0.0,0.0389959151525926
2025-03-22 19:00:00,WX-MASTER,0.0,4.932,31.62,WEATHER_STATION,VALID,0.0,0.009100843899259263
2025-03-22 20:00:00,WX-MASTER,0.0,8.49,31.98,WEATHER_STATION,VALID,0.0,0.20882252
2025-03-22 21:00:00,WX-MASTER,0.0,6.981,34.44,WEATHER_STATION,VALID,0.0,0.07962268742074073
2025-03-22 22:00:00,WX-MASTER,0.0,9.003,32.93,WEATHER_STATION,VALID,0.0,0.27300168596
2025-03-22 23:00:00,WX-MASTER,0.0,7.912,32.86,WEATHER_STATION,VALID,0.0,0.14956685904768177
2025-03-23 00:00:00,WX-MASTER,0.0,7.779,27.84,WEATHER_STATION,VALID,0.0,0.13774358772000003
2025-03-23 01:00:00,WX-MASTER,0.0,8.124,30.34,WEATHER_STATION,VALID,0.0,0.16978044292740743
2025-03-23 02:00:00,WX-MASTER,0.0,7.159,29.08,WEATHER_STATION,VALID,0.0,0.0907877096634842
2025-03-23 03:00:00,WX-MASTER,0.0,8.045,26.37,WEATHER_STATION,VALID,0.0,0.16204805052812077
2025-03-23 04:00:00,WX-MASTER,0.0,7.682,25.77,WEATHER_STATION,VALID,0.0,0.12952527621750345
2025-03-23 05:00:00,WX-MASTER,0.0,8.433,26.04,WEATHER_STATION,VALID,0.0,0.2023855093525926
2025-03-23 06:00:00,WX-MASTER,0.0,8.358,24.14,WEATHER_STATION,VALID,0.0,0.1941191705007408
2025-03-23 07:00:00,WX-MASTER,0.2688,6.576,24.44,WEATHER_STATION,VALID,0.25559673860307347,0.05771023322074073
2025-03-23 08:00:00,WX-MASTER,0.3853,9.139,24.72,WEATHER_STATION,VALID,0.3742890518358117,0.29198006382644703
2025-03-23 09:00:00,WX-MASTER,0.5977,7.25,26.08,WEATHER_STATION,VALID,0.5687601231302722,0.0968784293552812
2025-03-23 10:00:00,WX-MASTER,0.7796,9.187,24.9,WEATHER_STATION,VALID,0.7307147975550156,0.2988826100229904
2025-03-23 11:00:00,WX-MASTER,0.7416,7.367,25.77,WEATHER_STATION,VALID,0.715128478938285,0.10510173244713306
2025-03-23 12:00:00,WX-MASTER,0.9409,7.018,28.26,WEATHER_STATION,VALID,0.8872283890718562,0.08186345998002743
2025-03-23 13:00:00,WX-MASTER,0.7256,6.228,25.75,WEATHER_STATION,VALID,0.6956454811119531,0.04244835621925925
2025-03-23 14:00:00,WX-MASTER,0.7385,7.671,29.05,WEATHER_STATION,VALID,0.7062744127514964,0.12861449028000002
2025-03-23 15:00:00,WX-MASTER,0.6024,6.988,30.15,WEATHER_STATION,VALID,0.5764556915731748,0.08004344056274353
2025-03-23 16:00:00,WX-MASTER,0.4846,8.196,31.03,WEATHER_STATION,VALID,0.4846070007854588,0.17703850202074067
2025-03-23 17:00:00,WX-MASTER,0.2439,9.355,30.65,WEATHER_STATION,VALID,0.23678938171848987,0.323897028484225
2025-03-23 18:00:00,WX-MASTER,0.0,6.553,30.53,WEATHER_STATION,VALID,0.0,0.05660384349360768
2025-03-23 19:00:00,WX-MASTER,0.0,8.549,33.98,WEATHER_STATION,VALID,0.0,0.2156276617518244
2025-03-23 20:00:00,WX-MASTER,0.0,8.773,31.25,WEATHER_STATION,VALID,0.0,0.24280910689113847
2025-03-23 21:00:00,WX-MASTER,0.0,8.858,30.82,WEATHER_STATION,VALID,0.0,0.2536929514609603
2025-03-23 22:00:00,WX-MASTER,0.0,7.923,31.83,WEATHER_STATION,VALID,0.0,0.15057393716000003
2025-03-23 23:00:00,WX-MASTER,0.0,8.13,30.37,WEATHER_STATION,VALID,0.0,0.17037756000000007
2025-03-24 00:00:00,WX-MASTER,0.0,8.05,31.79,WEATHER_STATION,VALID,0.0,0.16253033607681766
2025-03-24 01:00:00,WX-MASTER,0.0,8.086,29.37,WEATHER_STATION,VALID,0.0,0.16603106991978053
2025-03-24 02:00:00,WX-MASTER,0.0,7.773,30.2,WEATHER_STATION,VALID,0.0,0.1372254305674074
2025-03-24 03:00:00,WX-MASTER,0.0,8.656,28.41,WEATHER_STATION,VALID,0.0,0.2283434200037312
2025-03-24 04:00:00,WX-MASTER,0.0,7.671,26.57,WEATHER_STATION,VALID,0.0,0.12861449028000002
2025-03-24 05:00:00,WX-MASTER,0.0,9.034,27.64,WEATHER_STATION,VALID,0.0,0.277252976021509
2025-03-24 06:00:00,WX-MASTER,0.0,8.313,24.97,WEATHER_STATION,VALID,0.0,0.18926911296740745
2025-03-24 07:00:00,WX-MASTER,0.284,8.205,25.02,WEATHER_STATION,VALID,0.272351508153513,0.17796004240740745
2025-03-24 08:00:00,WX-MASTER,0.3798,7.369,25.92,WEATHER_STATION,VALID,0.37116957976882803,0.10524620216224963
2025-03-24 09:00:00,WX-MASTER,0.6589,7.564,25.67,WEATHER_STATION,VALID,0.6414891115027057,0.11997678119681753
2025-03-24 10:00:00,WX-MASTER,0.8616,6.929,24.94,WEATHER_STATION,VALID,0.8346067533715481,0.0765431596184911
2025-03-24 11:00:00,WX-MASTER,0.8785,8.084,24.46,WEATHER_STATION,VALID,0.846472635310805,0.1658352785839232
2025-03-24 12:00:00,WX-MASTER,0.8742,6.37,27.01,WEATHER_STATION,VALID,0.8584190818722087,0.048300319286694114
2025-03-24 13:00:00,WX-MASTER,0.7843,7.371,27.0,WEATHER_STATION,VALID,0.757996528038648,0.10539080420592595
2025-03-24 14:00:00,WX-MASTER,0.7656,5.19,28.82,WEATHER_STATION,VALID,0.7391098883466068,0.01325539407407408
2025-03-24 15:00:00,WX-MASTER,0.6264,7.887,29.18,WEATHER_STATION,VALID,0.6085916675208287,0.14729476643999995
2025-03-24 16:00:00,WX-MASTER,0.4366,6.37,29.67,WEATHER_STATION,VALID,0.4346129461867761,0.048300319286694114
2025-03-24 17:00:00,WX-MASTER,0.2541,6.1,30.93,WEATHER_STATION,VALID,0.24136823231312715,0.037596323731138526
2025-03-24 18:00:00,WX-MASTER,0.0,6.034,31.72,WEATHER_STATION,VALID,0.0,0.03524577207089162
2025-03-24 19:00:00,WX-MASTER,0.0,6.185,33.0,WEATHER_STATION,VALID,0.0,0.040774496700960214
2025-03-24 20:00:00,WX-MASTER,0.0,7.403,32.79,WEATHER_STATION,VALID,0.0,0.10772248301898488
2025-03-24 21:00:00,WX-MASTER,0.0,10.228,34.68,WEATHER_STATION,VALID,0.0,0.47655686562941013
2025-03-24 22:00:00,WX-MASTER,0.0,7.666,31.98,WEATHER_STATION,VALID,0.0,0.1282019120333608
2025-03-24 23:00:00,WX-MASTER,0.0,5.811,30.45,WEATHER_STATION,VALID,0.0,0.028031273954074083
2025-03-25 00:00:00,WX-MASTER,0.0,9.3,30.34,WEATHER_STATION,VALID,0.0,0.31556000000000006
2025-03-25 01:00:00,WX-MASTER,0.0,7.439,30.37,WEATHER_STATION,VALID,0.0,0.11038644169750345
2025-03-25 02:00:00,WX-MASTER,0.0,9.941,29.99,WEATHER_STATION,VALID,0.0,0.42201358569454056
2025-03-25 03:00:00,WX-MASTER,0.0,8.261,29.49,WEATHER_STATION,VALID,0.0,0.1837660178525651
2025-03-25 04:00:00,WX-MASTER,0.0,8.317,25.82,WEATHER_STATION,VALID,0.0,0.18969692018101514
2025-03-25 05:00:00,WX-MASTER,0.0,10.041,27.85,WEATHER_STATION,VALID,0.0,0.4405176684874074
2025-03-25 06:00:00,WX-MASTER,0.0,9.059,25.7,WEATHER_STATION,VALID,0.0,0.2807134078308367
2025-03-25 07:00:00,WX-MASTER,0.2966,6.382,24.29,WEATHER_STATION,VALID,0.28411485217977384,0.04881812654397805
2025-03-25 08:00:00,WX-MASTER,0.4544,6.312,25.04,WEATHER_STATION,VALID,0.43149658072937175,0.04584914944000002
2025-03-25 09:00:00,WX-MASTER,0.5987,5.172,26.86,WEATHER_STATION,VALID,0.5842479060967913,0.012931227780740734
2025-03-25 10:00:00,WX-MASTER,0.7999,10.651,26.3,WEATHER_STATION,VALID,0.7824460611587118,0.5652165956308915
2025-03-25 11:00:00,WX-MASTER,0.8585,5.965,24.86,WEATHER_STATION,VALID,0.8357282073706558,0.03289534095336076
2025-03-25 12:00:00,WX-MASTER,0.7299,8.482,25.59,WEATHER_STATION,VALID,0.7185701691396398,0.20791096427237307
2025-03-25 13:00:00,WX-MASTER,0.9368,6.207,26.4,WEATHER_STATION,VALID,0.9099307160362583,0.04162528104740741
2025-03-25 14:00:00,WX-MASTER,0.7565,5.501,27.91,WEATHER_STATION,VALID,0.7382533441117578,0.019742464884663927
2025-03-25 15:00:00,WX-MASTER,0.5678,7.006,29.78,WEATHER_STATION,VALID,0.5533537833541551,0.08113217783089165
2025-03-25 16:00:00,WX-MASTER,0.5387,6.689,29.18,WEATHER_STATION,VALID,0.5217993108730911,0.06335578330244171
2025-03-25 17:00:00,WX-MASTER,0.2804,8.344,30.75,WEATHER_STATION,VALID,0.2697553633908867,0.19260149214990394
2025-03-25 18:00:00,WX-MASTER,0.0,8.59,33.5,WEATHER_STATION,VALID,0.0,0.22044270052126194
2025-03-25 19:00:00,WX-MASTER,0.0,7.017,34.11,WEATHER_STATION,VALID,0.0,0.08180235264740743
2025-03-25 20:00:00,WX-MASTER,0.0,6.173,34.15,WEATHER_STATION,VALID,0.0,0.04031535750293554
2025-03-25 21:00:00,WX-MASTER,0.0,6.74,30.01,WEATHER_STATION,VALID,0.0,0.0660199370096022
2025-03-25 22:00:00,WX-MASTER,0.0,5.552,33.83,WEATHER_STATION,VALID,0.0,0.02097501640515774
2025-03-25 23:00:00,WX-MASTER,0.0,8.343,31.37,WEATHER_STATION,VALID,0.0,0.19249339028592594
2025-03-26 00:00:00,WX-MASTER,0.0,8.826,30.63,WEATHER_STATION,VALID,0.0,0.24955813988740755
2025-03-26 01:00:00,WX-MASTER,0.0,7.418,30.93,WEATHER_STATION,VALID,0.0,0.10882719454244173
2025-03-26 02:00:00,WX-MASTER,0.0,7.255,29.63,WEATHER_STATION,VALID,0.0,0.09722075564471877
2025-03-26 03:00:00,WX-MASTER,0.0,8.804,25.64,WEATHER_STATION,VALID,0.0,0.2467416759765159
2025-03-26 04:00:00,WX-MASTER,0.0,7.868,26.3,WEATHER_STATION,VALID,0.0,0.14558345024614547
2025-03-26 05:00:00,WX-MASTER,0.0,8.224,25.88,WEATHER_STATION,VALID,0.0,0.17991600695484225
2025-03-26 06:00:00,WX-MASTER,0.0,7.794,24.16,WEATHER_STATION,VALID,0.0,0.13904468357925923
2025-03-26 07:00:00,WX-MASTER,0.2611,8.341,26.61,WEATHER_STATION,VALID,0.25584717989320616,0.19227730792224956
2025-03-26 08:00:00,WX-MASTER,0.4098,7.022,27.02,WEATHER_STATION,VALID,0.3974433244772528,0.08210819362984911
2025-03-26 09:00:00,WX-MASTER,0.5436,6.871,25.4,WEATHER_STATION,VALID,0.54025864414104,0.07320315731978055
2025-03-26 10:00:00,WX-MASTER,0.8119,4.837,26.12,WEATHER_STATION,VALID,0.7894830080603692,0.00782326007237311
2025-03-26 11:00:00,WX-MASTER,0.6029,7.037,26.3,WEATHER_STATION,VALID,0.5845590307102967,0.0830302885607133
2025-03-26 12:00:00,WX-MASTER,0.8801,7.093,27.16,WEATHER_STATION,VALID,0.8449800480183357,0.08653375167138547
2025-03-26 13:00:00,WX-MASTER,0.7941,6.684,29.22,WEATHER_STATION,VALID,0.7772077115078063,0.06309851866074073
2025-03-26 14:00:00,WX-MASTER,0.8641,9.406,26.67,WEATHER_STATION,VALID,0.8443544893609697,0.33175776913953375
2025-03-26 15:00:00,WX-MASTER,0.6115,7.206,30.28,WEATHER_STATION,VALID,0.5932896535831385,0.09390054308740743
2025-03-26 16:00:00,WX-MASTER,0.5123,6.926,30.55,WEATHER_STATION,VALID,0.4908603498637044,0.07636795916861455
2025-03-26 17:00:00,WX-MASTER,0.2519,7.967,30.41,WEATHER_STATION,VALID,0.24483393995396652,0.15464745560762688
2025-03-26 18:00:00,WX-MASTER,0.0,10.294,31.22,WEATHER_STATION,VALID,0.0,0.48973097768076834
2025-03-26 19:00:00,WX-MASTER,0.0,8.129,34.37,WEATHER_STATION,VALID,0.0,0.17027794342096023
2025-03-26 20:00:00,WX-MASTER,0.0,5.171,30.7,WEATHER_STATION,VALID,0.0,0.01291337519083677
2025-03-26 21:00:00,WX-MASTER,0.0,8.874,31.97,WEATHER_STATION,VALID,0.0,0.2557773747792594
2025-03-26 22:00:00,WX-MASTER,0.0,7.392,33.78,WEATHER_STATION,VALID,0.0,0.10691713024000003
2025-03-26 23:00:00,WX-MASTER,0.0,6.217,29.74,WEATHER_STATION,VALID,0.0,0.042015881711879276
2025-03-27 00:00:00,WX-MASTER,0.0,11.064,30.0,WEATHER_STATION,VALID,0.0,0.6617772851200001
2025-03-27 01:00:00,WX-MASTER,0.0,10.845,29.75,WEATHER_STATION,VALID,0.0,0.6093111742592594
2025-03-27 02:00:00,WX-MASTER,0.0,7.737,29.29,WEATHER_STATION,VALID,0.0,0.13414375318074073
2025-03-27 03:00:00,WX-MASTER,0.0,7.672,27.79,WEATHER_STATION,VALID,0.0,0.1286971120057064
2025-03-27 04:00:00,WX-MASTER,0.0,8.913,25.97,WEATHER_STATION,VALID,0.0,0.26090592156000003
2025-03-27 05:00:00,WX-MASTER,0.0,7.366,26.85,WEATHER_STATION,VALID,0.0,0.10502954719385456
2025-03-27 06:00:00,WX-MASTER,0.0,8.112,25.64,WEATHER_STATION,VALID,0.0,0.16859039744000004
2025-03-27 07:00:00,WX-MASTER,0.2776,7.107,26.17,WEATHER_STATION,VALID,0.26734591799722446,0.0874247517140741
2025-03-27 08:00:00,WX-MASTER,0.4843,7.252,26.4,WEATHER_STATION,VALID,0.4770104729584387,0.09701526327484226
2025-03-27 09:00:00,WX-MASTER,0.5686,5.697,23.63,WEATHER_STATION,VALID,0.5430667508061588,0.024757291965925934
2025-03-27 10:00:00,WX-MASTER,0.8297,8.374,27.0,WEATHER_STATION,VALID,0.8084753552220603,0.19586339826348426
2025-03-27 11:00:00,WX-MASTER,0.728,8.684,26.01,WEATHER_STATION,VALID,0.7162352257728434,0.23175147492960205
2025-03-27 12:00:00,WX-MASTER,0.9698,6.863,28.03,WEATHER_STATION,VALID,0.9503075653930739,0.07275023884120717
2025-03-27 13:00:00,WX-MASTER,0.9465,6.884,28.48,WEATHER_STATION,VALID,0.945313726137451,0.07394315255923184
2025-03-27 14:00:00,WX-MASTER,0.7967,7.755,31.02,WEATHER_STATION,VALID,0.7636755184384789,0.13567875907407406
2025-03-27 15:00:00,WX-MASTER,0.6873,7.012,29.71,WEATHER_STATION,VALID,0.6524626607932217,0.08149727208471876
2025-03-27 16:00:00,WX-MASTER,0.2228,9.394,30.06,WEATHER_STATION,VALID,0.2127929320674093,0.3298968698289163
2025-03-27 17:00:00,WX-MASTER,0.2122,5.623,30.65,WEATHER_STATION,VALID,0.20793618868932368,0.022774831409657068
2025-03-27 18:00:00,WX-MASTER,0.0,8.682,30.58,WEATHER_STATION,VALID,0.0,0.23150692538074083
2025-03-27 19:00:00,WX-MASTER,0.0,7.668,33.14,WEATHER_STATION,VALID,0.0,0.12836683728592596
2025-03-27 20:00:00,WX-MASTER,0.0,6.62,30.97,WEATHER_STATION,VALID,0.0,0.059866795281207155
2025-03-27 21:00:00,WX-MASTER,0.0,11.249,33.13,WEATHER_STATION,VALID,0.0,0.70837660530738
2025-03-27 22:00:00,WX-MASTER,0.0,11.652,31.56,WEATHER_STATION,VALID,0.0,0.8173533205807406
2025-03-27 23:00:00,WX-MASTER,0.0,8.461,29.15,WEATHER_STATION,VALID,0.0,0.2055307602284226
2025-03-28 00:00:00,WX-MASTER,0.0,9.451,32.33,WEATHER_STATION,VALID,0.0,0.3387984577543485
2025-03-28 01:00:00,WX-MASTER,0.0,8.322,25.65,WEATHER_STATION,VALID,0.0,0.190232585114074
2025-03-28 02:00:00,WX-MASTER,0.0,8.526,28.7,WEATHER_STATION,VALID,0.0,0.21295750047999998
2025-03-28 03:00:00,WX-MASTER,0.0,7.384,28.17,WEATHER_STATION,VALID,0.0,0.10633394718200279
2025-03-28 04:00:00,WX-MASTER,0.0,7.056,24.28,WEATHER_STATION,VALID,0.0,0.0842081522725926
2025-03-28 05:00:00,WX-MASTER,0.0,10.929,26.85,WEATHER_STATION,VALID,0.0,0.62909401372
2025-03-28 06:00:00,WX-MASTER,0.0,8.253,24.96,WEATHER_STATION,VALID,0.0,0.18292897521925927
2025-03-28 07:00:00,WX-MASTER,0.224,8.115,25.12,WEATHER_STATION,VALID,0.21241806462324556,0.16888738574074078
2025-03-28 08:00:00,WX-MASTER,0.3777,6.735,26.91,WEATHER_STATION,VALID,0.37612703025137634,0.06575550500000002
2025-03-28 09:00:00,WX-MASTER,0.6295,7.785,25.59,WEATHER_STATION,VALID,0.6131915043264583,0.13826304759259267
2025-03-28 10:00:00,WX-MASTER,0.7723,5.36,25.34,WEATHER_STATION,VALID,0.7535294907776227,0.01658808713305899
2025-03-28 11:00:00,WX-MASTER,0.7235,6.128,26.12,WEATHER_STATION,VALID,0.6984413347817078,0.03862429204367627
2025-03-28 12:00:00,WX-MASTER,0.8604,5.449,29.18,WEATHER_STATION,VALID,0.832356925809985,0.01853645385607681
2025-03-28 13:00:00,WX-MASTER,0.8445,8.627,28.37,WEATHER_STATION,VALID,0.8313834457672667,0.22484904352861468
2025-03-28 14:00:00,WX-MASTER,0.5897,4.805,27.73,WEATHER_STATION,VALID,0.5717229620165815,0.007421503861454043
2025-03-28 15:00:00,WX-MASTER,0.584,5.492,29.12,WEATHER_STATION,VALID,0.5711288788970966,0.019530097570589853
2025-03-28 16:00:00,WX-MASTER,0.5008,4.499,29.12,WEATHER_STATION,VALID,0.48430361571458824,0.00425074641849108
2025-03-28 17:00:00,WX-MASTER,0.2749,6.192,30.73,WEATHER_STATION,VALID,0.26524213255506635,0.0410439308325926
2025-03-28 18:00:00,WX-MASTER,0.0,6.981,33.76,WEATHER_STATION,VALID,0.0,0.07962268742074073
2025-03-28 19:00:00,WX-MASTER,0.0,9.103,31.98,WEATHER_STATION,VALID,0.0,0.2868734847034842
2025-03-28 20:00:00,WX-MASTER,0.0,7.804,30.69,WEATHER_STATION,VALID,0.0,0.13991661677212622
2025-03-28 21:00:00,WX-MASTER,0.0,7.81,32.69,WEATHER_STATION,VALID,0.0,0.14044152224965703
2025-03-28 22:00:00,WX-MASTER,0.0,8.957,31.36,WEATHER_STATION,VALID,0.0,0.2667737534891085
2025-03-28 23:00:00,WX-MASTER,0.0,8.171,31.94,WEATHER_STATION,VALID,0.0,0.17449537173404658
2025-03-29 00:00:00,WX-MASTER,0.0,12.021,30.26,WEATHER_STATION,VALID,0.0,0.92
2025-03-29 01:00:00,WX-MASTER,0.0,8.182,31.44,WEATHER_STATION,VALID,0.0,0.1756113271365707
2025-03-29 02:00:00,WX-MASTER,0.0,9.482,27.7,WEATHER_STATION,VALID,0.0,0.34370621014342917
2025-03-29 03:00:00,WX-MASTER,0.0,9.946,26.49,WEATHER_STATION,VALID,0.0,0.4229262445173114
2025-03-29 04:00:00,WX-MASTER,0.0,7.93,28.17,WEATHER_STATION,VALID,0.0,0.15121715286694096
2025-03-29 05:00:00,WX-MASTER,0.0,8.762,23.92,WEATHER_STATION,VALID,0.0,0.24142378857305904
2025-03-29 06:00:00,WX-MASTER,0.0,7.667,25.56,WEATHER_STATION,VALID,0.0,0.12828435699034293
2025-03-29 07:00:00,WX-MASTER,0.2866,8.421,26.38,WEATHER_STATION,VALID,0.2823973286618247,0.20104742768740735
2025-03-29 08:00:00,WX-MASTER,0.5255,7.935,22.66,WEATHER_STATION,VALID,0.5158602775992457,0.1516777124074074
2025-03-29 09:00:00,WX-MASTER,0.5925,7.371,25.49,WEATHER_STATION,VALID,0.5738781475679137,0.10539080420592595
2025-03-29 10:00:00,WX-MASTER,0.6193,5.828,23.97,WEATHER_STATION,VALID,0.5963737340373739,0.0285429275004664
2025-03-29 11:00:00,WX-MASTER,0.9493,9.572,24.11,WEATHER_STATION,VALID,0.9118594492153188,0.3582225848397255
2025-03-29 12:00:00,WX-MASTER,0.8887,7.786,25.77,WEATHER_STATION,VALID,0.8682752716160772,0.13834975100620023
2025-03-29 13:00:00,WX-MASTER,0.6858,4.897,27.67,WEATHER_STATION,VALID,0.6672330345717208,0.008615139055089167
2025-03-29 14:00:00,WX-MASTER,0.7098,6.421,27.95,WEATHER_STATION,VALID,0.6952072644529701,0.05052653561607682
2025-03-29 15:00:00,WX-MASTER,0.7025,5.001,31.03,WEATHER_STATION,VALID,0.6828146203057641,0.010111173554074081
2025-03-29 16:00:00,WX-MASTER,0.466,8.167,30.65,WEATHER_STATION,VALID,0.45774316001292864,0.17409074494644722
2025-03-29 17:00:00,WX-MASTER,0.2497,7.336,30.69,WEATHER_STATION,VALID,0.24256329633219306,0.10287932819138548
2025-03-29 18:00:00,WX-MASTER,0.0,7.599,30.26,WEATHER_STATION,VALID,0.0,0.12275820452000001
2025-03-29 19:00:00,WX-MASTER,0.0,6.752,32.45,WEATHER_STATION,VALID,0.0,0.06665746420762687
2025-03-29 20:00:00,WX-MASTER,0.0,7.698,34.77,WEATHER_STATION,VALID,0.0,0.13085771616000003
2025-03-29 21:00:00,WX-MASTER,0.0,9.382,31.33,WEATHER_STATION,VALID,0.0,0.32804294234644704
2025-03-29 22:00:00,WX-MASTER,0.0,9.955,31.13,WEATHER_STATION,VALID,0.0,0.4245723445336077
2025-03-29 23:00:00,WX-MASTER,0.0,9.863,30.0,WEATHER_STATION,VALID,0.0,0.40794563982886145
2025-03-30 00:00:00,WX-MASTER,0.0,6.885,31.97,WEATHER_STATION,VALID,0.0,0.07400028092592592
2025-03-30 01:00:00,WX-MASTER,0.0,8.723,30.82,WEATHER_STATION,VALID,0.0,0.2365546757498492
2025-03-30 02:00:00,WX-MASTER,0.0,9.289,28.26,WEATHER_STATION,VALID,0.0,0.31390995106101505
2025-03-30 03:00:00,WX-MASTER,0.0,7.931,27.17,WEATHER_STATION,VALID,0.0,0.15130919008466392
2025-03-30 04:00:00,WX-MASTER,0.0,6.594,25.92,WEATHER_STATION,VALID,0.0,0.05858609039407409
2025-03-30 05:00:00,WX-MASTER,0.0,6.89,25.98,WEATHER_STATION,VALID,0.0,0.074286364170096
2025-03-30 06:00:00,WX-MASTER,0.0,10.283,26.99,WEATHER_STATION,VALID,0.0,0.487518643967133
2025-03-30 07:00:00,WX-MASTER,0.2866,6.531,25.47,WEATHER_STATION,VALID,0.274570738715012,0.0555588760874074
2025-03-30 08:00:00,WX-MASTER,0.5099,7.881,26.84,WEATHER_STATION,VALID,0.49621978945440665,0.14675291008740743
2025-03-30 09:00:00,WX-MASTER,0.6527,7.365,24.55,WEATHER_STATION,VALID,0.6369417490122734,0.10495739500000004
2025-03-30 10:00:00,WX-MASTER,0.7029,7.145,22.99,WEATHER_STATION,VALID,0.6870461927825715,0.0898739653429355
2025-03-30 11:00:00,WX-MASTER,0.8482,6.749,29.45,WEATHER_STATION,VALID,0.8343476816410507,0.06649769938145403
2025-03-30 12:00:00,WX-MASTER,0.8635,8.065,27.31,WEATHER_STATION,VALID,0.8401670895843774,0.1639829323113854
2025-03-30 13:00:00,WX-MASTER,0.8596,7.023,28.83,WEATHER_STATION,VALID,0.8401221165086719,0.08216945315999998
2025-03-30 14:00:00,WX-MASTER,0.8692,6.169,27.85,WEATHER_STATION,VALID,0.8397444296770499,0.04016308058200272
2025-03-30 15:00:00,WX-MASTER,0.613,7.123,28.07,WEATHER_STATION,VALID,0.5951865108982616,0.08845050227385462
2025-03-30 16:00:00,WX-MASTER,0.503,5.53,30.73,WEATHER_STATION,VALID,0.48872134538850465,0.02043722200274349
2025-03-30 17:00:00,WX-MASTER,0.2951,7.999,28.88,WEATHER_STATION,VALID,0.28719913189820295,0.15765571165854594
2025-03-30 18:00:00,WX-MASTER,0.0,6.723,31.51,WEATHER_STATION,VALID,0.0,0.06512375108592591
2025-03-30 19:00:00,WX-MASTER,0.0,7.052,33.41,WEATHER_STATION,VALID,0.0,0.08395926134342933
2025-03-30 20:00:00,WX-MASTER,0.0,8.79,32.84,WEATHER_STATION,VALID,0.0,0.24496046074074063
2025-03-30 21:00:00,WX-MASTER,0.0,7.844,32.49,WEATHER_STATION,VALID,0.0,0.14344080123083683
2025-03-30 22:00:00,WX-MASTER,0.0,8.141,33.92,WEATHER_STATION,VALID,0.0,0.17147590776861452
2025-03-30 23:00:00,WX-MASTER,0.0,10.295,31.72,WEATHER_STATION,VALID,0.0,0.48993243015775045
2025-03-31 00:00:00,WX-MASTER,0.0,7.653,28.26,WEATHER_STATION,VALID,0.0,0.12713333995999992
2025-03-31 01:00:00,WX-MASTER,0.0,9.628,29.53,WEATHER_STATION,VALID,0.0,0.36745807728373114
2025-03-31 02:00:00,WX-MASTER,0.0,10.209,31.11,WEATHER_STATION,VALID,0.0,0.4728086089199999
2025-03-31 03:00:00,WX-MASTER,0.0,10.418,27.52,WEATHER_STATION,VALID,0.0,0.5151346770115774
2025-03-31 04:00:00,WX-MASTER,0.0,11.595,29.29,WEATHER_STATION,VALID,0.0,0.8013051650000002
2025-03-31 05:00:00,WX-MASTER,0.0,7.742,27.55,WEATHER_STATION,VALID,0.0,0.13456897608910837
2025-03-31 06:00:00,WX-MASTER,0.0,7.22,25.28,WEATHER_STATION,VALID,0.0,0.09484133355281205
2025-03-31 07:00:00,WX-MASTER,0.2763,9.157,24.12,WEATHER_STATION,VALID,0.26644421615541886,0.2945559228279287
2025-03-31 08:00:00,WX-MASTER,0.4446,9.056,25.71,WEATHER_STATION,VALID,0.43342335102365237,0.28029664434392304
2025-03-31 09:00:00,WX-MASTER,0.602,6.555,26.94,WEATHER_STATION,VALID,0.5767267841236163,0.05669948499999999
2025-03-31 10:00:00,WX-MASTER,0.6929,7.99,23.87,WEATHER_STATION,VALID,0.6684594276652882,0.1568057326200275
2025-03-31 11:00:00,WX-MASTER,0.9282,10.721,26.47,WEATHER_STATION,VALID,0.9038199068344527,0.5808726873142936
2025-03-31 12:00:00,WX-MASTER,0.8334,7.19,24.6,WEATHER_STATION,VALID,0.818977647082909,0.0928329962688615
2025-03-31 13:00:00,WX-MASTER,0.8549,8.192,27.49,WEATHER_STATION,VALID,0.8333449126041013,0.1766299517928121
2025-03-31 14:00:00,WX-MASTER,0.7658,9.047,26.81,WEATHER_STATION,VALID,0.7572894522743081,0.2790488292965159
2025-03-31 15:00:00,WX-MASTER,0.7017,10.325,30.38,WEATHER_STATION,VALID,0.6796494426233568,0.49600172410836746
2025-03-31 16:00:00,WX-MASTER,0.438,7.525,29.72,WEATHER_STATION,VALID,0.42267765275895774,0.1169273345336077
2025-03-31 17:00:00,WX-MASTER,0.2344,9.024,32.66,WEATHER_STATION,VALID,0.2368752116371943,0.27587680559407396
2025-03-31 18:00:00,WX-MASTER,0.0,6.598,31.18,WEATHER_STATION,VALID,0.0,0.05878192117508917
2025-03-31 19:00:00,WX-MASTER,0.0,7.909,31.42,WEATHER_STATION,VALID,0.0,0.14929298287336074
2025-03-31 20:00:00,WX-MASTER,0.0,7.558,30.36,WEATHER_STATION,VALID,0.0,0.11950422549113858
2025-03-31 21:00:00,WX-MASTER,0.0,5.938,32.65,WEATHER_STATION,VALID,0.0,0.03200484095780521
2025-03-31 22:00:00,WX-MASTER,0.0,6.528,32.42,WEATHER_STATION,VALID,0.0,0.05541738495999998
2025-03-31 23:00:00,WX-MASTER,0.0,9.351,32.4,WEATHER_STATION,VALID,0.0,0.3232858060725928
2025-04-01 00:00:00,WX-MASTER,0.0,9.517,31.34,WEATHER_STATION,VALID,0.0,0.3493039220575582
2025-04-01 01:00:00,WX-MASTER,0.0,7.64,30.19,WEATHER_STATION,VALID,0.0,0.12607072219478738
2025-04-01 02:00:00,WX-MASTER,0.0,11.013,29.52,WEATHER_STATION,VALID,0.0,0.6493004849674073
2025-04-01 03:00:00,WX-MASTER,0.0,7.473,28.73,WEATHER_STATION,VALID,0.0,0.11294239516
2025-04-01 04:00:00,WX-MASTER,0.0,9.115,28.14,WEATHER_STATION,VALID,0.0,0.2885690057681757
2025-04-01 05:00:00,WX-MASTER,0.0,8.052,24.49,WEATHER_STATION,VALID,0.0,0.162723517914074
2025-04-01 06:00:00,WX-MASTER,0.0,8.502,25.21,WEATHER_STATION,VALID,0.0,0.2101948432474075
2025-04-01 07:00:00,WX-MASTER,0.2166,9.277,23.47,WEATHER_STATION,VALID,0.21118239748525422,0.31211646894150874
2025-04-01 08:00:00,WX-MASTER,0.4443,8.833,25.7,WEATHER_STATION,VALID,0.4255763956224308,0.250458761281262
2025-04-01 09:00:00,WX-MASTER,0.6083,8.518,27.38,WEATHER_STATION,VALID,0.5962327104416628,0.21203394195533615
2025-04-01 10:00:00,WX-MASTER,0.7015,8.128,26.84,WEATHER_STATION,VALID,0.6726277233946362,0.17017836567879294
2025-04-01 11:00:00,WX-MASTER,0.7467,5.539,25.6,WEATHER_STATION,VALID,0.7184575064090701,0.020656103530150887
2025-04-01 12:00:00,WX-MASTER,0.8407,8.543,27.66,WEATHER_STATION,VALID,0.8035752740764932,0.2149289588017009
2025-04-01 13:00:00,WX-MASTER,0.3808,5.628,28.31,WEATHER_STATION,VALID,0.3768082164875004,0.02290532096000001
2025-04-01 14:00:00,WX-MASTER,0.8,6.874,29.08,WEATHER_STATION,VALID,0.7836010584923282,0.07337348517706445
2025-04-01 15:00:00,WX-MASTER,0.6551,6.628,28.14,WEATHER_STATION,VALID,0.6413919674061085,0.06026457999978054
2025-04-01 16:00:00,WX-MASTER,0.5075,7.676,32.13,WEATHER_STATION,VALID,0.5017693969434468,0.12902795274886147
2025-04-01 17:00:00,WX-MASTER,0.2799,6.779,29.86,WEATHER_STATION,VALID,0.28331190786873023,0.0681068783098491
2025-04-01 18:00:00,WX-MASTER,0.0,7.432,31.39,WEATHER_STATION,VALID,0.0,0.1098650491118793
2025-04-01 19:00:00,WX-MASTER,0.0,9.996,33.33,WEATHER_STATION,VALID,0.0,0.43212530735407423
2025-04-01 20:00:00,WX-MASTER,0.0,6.469,31.85,WEATHER_STATION,VALID,0.0,0.052683327643731154
2025-04-01 21:00:00,WX-MASTER,0.0,8.4,32.28,WEATHER_STATION,VALID,0.0,0.19872000000000012
2025-04-01 22:00:00,WX-MASTER,0.0,7.178,31.97,WEATHER_STATION,VALID,0.0,0.09203766794491083
2025-04-01 23:00:00,WX-MASTER,0.0,9.683,31.35,WEATHER_STATION,VALID,0.0,0.3766818393251577
2025-04-02 00:00:00,WX-MASTER,0.0,8.002,30.69,WEATHER_STATION,VALID,0.0,0.1579397190773114
2025-04-02 01:00:00,WX-MASTER,0.0,9.059,29.96,WEATHER_STATION,VALID,0.0,0.2807134078308367
2025-04-02 02:00:00,WX-MASTER,0.0,7.281,28.89,WEATHER_STATION,VALID,0.0,0.09901385793925924
2025-04-02 03:00:00,WX-MASTER,0.0,10.609,26.82,WEATHER_STATION,VALID,0.0,0.5559593664289163
2025-04-02 04:00:00,WX-MASTER,0.0,8.889,25.19,WEATHER_STATION,VALID,0.0,0.25774186219407397
2025-04-02 05:00:00,WX-MASTER,0.0,8.785,27.52,WEATHER_STATION,VALID,0.0,0.24432639601508918
2025-04-02 06:00:00,WX-MASTER,0.0,9.455,27.02,WEATHER_STATION,VALID,0.0,0.33942907361454044
2025-04-02 07:00:00,WX-MASTER,0.2392,6.496,25.82,WEATHER_STATION,VALID,0.23963466252864962,0.053923065159286715
2025-04-02 08:00:00,WX-MASTER,0.4314,7.063,25.69,WEATHER_STATION,VALID,0.41997500375475566,0.08464489410595336
2025-04-02 09:00:00,WX-MASTER,0.655,7.833,24.32,WEATHER_STATION,VALID,0.6170510873054613,0.14246582076000003
2025-04-02 10:00:00,WX-MASTER,0.7876,5.098,22.84,WEATHER_STATION,VALID,0.7521299329395178,0.011654046607187928
2025-04-02 11:00:00,WX-MASTER,0.6769,5.057,26.03,WEATHER_STATION,VALID,0.638920802900906,0.01098406701997257
2025-04-02 12:00:00,WX-MASTER,0.3992,6.015,24.77,WEATHER_STATION,VALID,0.387327799759358,0.03458774499999999
2025-04-02 13:00:00,WX-MASTER,0.847,5.537,28.12,WEATHER_STATION,VALID,0.8200424646284024,0.02060732880762688
2025-04-02 14:00:00,WX-MASTER,0.7554,6.579,30.36,WEATHER_STATION,VALID,0.7274302684171011,0.05785559897925924
2025-04-02 15:00:00,WX-MASTER,0.5954,7.778,28.97,WEATHER_STATION,VALID,0.595497581109849,0.1376571377720713
2025-04-02 16:00:00,WX-MASTER,0.4553,8.209,29.88,WEATHER_STATION,VALID,0.44539027853850827,0.17837064030545952
2025-04-02 17:00:00,WX-MASTER,0.2608,9.775,30.07,WEATHER_STATION,VALID,0.25581649678997803,0.3924534919410151
2025-04-02 19:00:00,WX-MASTER,0.0,8.106,32.14,WEATHER_STATION,VALID,0.0,0.1679974657540741
2025-04-02 20:00:00,WX-MASTER,0.0,8.134,31.08,WEATHER_STATION,VALID,0.0,0.1707764148363238
2025-04-02 21:00:00,WX-MASTER,0.0,8.834,33.28,WEATHER_STATION,VALID,0.0,0.25058759809009595
2025-04-02 22:00:00,WX-MASTER,0.0,9.158,35.07,WEATHER_STATION,VALID,0.0,0.29469946859676266
2025-04-02 23:00:00,WX-MASTER,0.0,10.02,32.7,WEATHER_STATION,VALID,0.0,0.4365878399999999
2025-04-03 00:00:00,WX-MASTER,0.0,10.154,30.42,WEATHER_STATION,VALID,0.0,0.4620692910876269
2025-04-03 01:00:00,WX-MASTER,0.0,9.697,29.56,WEATHER_STATION,VALID,0.0,0.3790540976723731
2025-04-03 02:00:00,WX-MASTER,0.0,10.98,28.18,WEATHER_STATION,VALID,0.0,0.6413114192592594
2025-04-03 03:00:00,WX-MASTER,0.0,8.978,27.25,WEATHER_STATION,VALID,0.0,0.26960505520417
2025-04-03 04:00:00,WX-MASTER,0.0,8.013,28.2,WEATHER_STATION,VALID,0.0,0.15898399755999995
2025-04-03 05:00:00,WX-MASTER,0.0,8.037,27.53,WEATHER_STATION,VALID,0.0,0.16127837969925934
2025-04-03 06:00:00,WX-MASTER,0.0,8.253,24.36,WEATHER_STATION,VALID,0.0,0.18292897521925927
2025-04-03 07:00:00,WX-MASTER,0.2666,6.728,25.86,WEATHER_STATION,VALID,0.26102056153861974,0.06538648779676269
2025-04-03 08:00:00,WX-MASTER,0.4846,7.079,26.63,WEATHER_STATION,VALID,0.47791874375378784,0.08564882611231824
2025-04-03 09:00:00,WX-MASTER,0.6465,6.144,25.0,WEATHER_STATION,VALID,0.6242505629510945,0.03922002906074074
2025-04-03 10:00:00,WX-MASTER,0.7203,7.849,25.51,WEATHER_STATION,VALID,0.6937624603790716,0.14388544072027437
2025-04-03 11:00:00,WX-MASTER,0.7117,7.682,27.16,WEATHER_STATION,VALID,0.6950211931428155,0.12952527621750345
2025-04-03 12:00:00,WX-MASTER,0.8799,4.797,27.92,WEATHER_STATION,VALID,0.8615652366292487,0.0073232612992592564
2025-04-03 13:00:00,WX-MASTER,0.777,6.184,28.41,WEATHER_STATION,VALID,0.7486293939503676,0.04073610263879288
2025-04-03 14:00:00,WX-MASTER,0.7815,9.413,29.1,WEATHER_STATION,VALID,0.7673203875337359,0.3328465185696023
2025-04-03 15:00:00,WX-MASTER,0.5976,7.932,30.17,WEATHER_STATION,VALID,0.5884530029981221,0.15140126464000003
2025-04-03 16:00:00,WX-MASTER,0.4268,7.839,30.22,WEATHER_STATION,VALID,0.4222653767531468,0.14299707871259265
2025-04-03 17:00:00,WX-MASTER,0.2729,6.573,29.93,WEATHER_STATION,VALID,0.27199255663165756,0.05756511116000001
2025-04-03 18:00:00,WX-MASTER,0.0,8.039,29.96,WEATHER_STATION,VALID,0.0,0.1614705684135528
2025-04-03 19:00:00,WX-MASTER,0.0,7.901,32.89,WEATHER_STATION,VALID,0.0,0.1485642813784911
2025-04-03 20:00:00,WX-MASTER,0.0,7.145,32.43,WEATHER_STATION,VALID,0.0,0.0898739653429355
2025-04-03 21:00:00,WX-MASTER,0.0,7.789,32.73,WEATHER_STATION,VALID,0.0,0.13861007871533607
2025-04-03 22:00:00,WX-MASTER,0.0,8.042,30.84,WEATHER_STATION,VALID,0.0,0.16175913766935526
2025-04-03 23:00:00,WX-MASTER,0.0,6.899,31.4,WEATHER_STATION,VALID,0.0,0.07480317031972566
2025-04-04 00:00:00,WX-MASTER,0.0,7.253,30.64,WEATHER_STATION,VALID,0.0,0.09708372852515776
2025-04-04 01:00:00,WX-MASTER,0.0,8.777,31.24,WEATHER_STATION,VALID,0.0,0.24331416987429352
2025-04-04 02:00:00,WX-MASTER,0.0,7.928,29.82,WEATHER_STATION,VALID,0.0,0.15103319041404667
2025-04-04 03:00:00,WX-MASTER,0.0,8.566,27.0,WEATHER_STATION,VALID,0.0,0.2176155398852128
2025-04-04 04:00:00,WX-MASTER,0.0,6.734,27.65,WEATHER_STATION,VALID,0.0,0.06570270347281205
2025-04-04 05:00:00,WX-MASTER,0.0,9.675,25.43,WEATHER_STATION,VALID,0.0,0.3753307175925927
2025-04-04 06:00:00,WX-MASTER,0.0,11.109,22.63,WEATHER_STATION,VALID,0.0,0.67291808492
2025-04-04 07:00:00,WX-MASTER,0.2578,9.486,27.49,WEATHER_STATION,VALID,0.252306083383098,0.3443428994725928
2025-04-04 08:00:00,WX-MASTER,0.5472,9.359,24.85,WEATHER_STATION,VALID,0.5487255697947558,0.32450902081849115
2025-04-04 09:00:00,WX-MASTER,0.5976,8.453,26.66,WEATHER_STATION,VALID,0.582157623357774,0.2046288163276268
2025-04-04 10:00:00,WX-MASTER,0.6593,7.761,24.97,WEATHER_STATION,VALID,0.6443182161353807,0.13619301788000004
2025-04-04 11:00:00,WX-MASTER,0.9342,7.348,25.35,WEATHER_STATION,VALID,0.8910741330985822,0.10373585845903978
2025-04-04 12:00:00,WX-MASTER,0.9186,5.921,26.39,WEATHER_STATION,VALID,0.8733097023768492,0.03145248543775035
2025-04-04 13:00:00,WX-MASTER,0.7916,7.945,28.2,WEATHER_STATION,VALID,0.7866465168509865,0.1526016350274349
2025-04-04 14:00:00,WX-MASTER,0.6436,7.873,29.01,WEATHER_STATION,VALID,0.6153767262045239,0.14603250437262008
2025-04-04 15:00:00,WX-MASTER,0.6019,6.525,30.3,WEATHER_STATION,VALID,0.5744177509507453,0.055276134259259285
2025-04-04 16:00:00,WX-MASTER,0.4818,7.946,29.95,WEATHER_STATION,VALID,0.46706343209636797,0.15269423310441702
2025-04-04 18:00:00,WX-MASTER,0.0,6.86,30.82,WEATHER_STATION,VALID,0.0,0.0725808772565158
2025-04-04 19:00:00,WX-MASTER,0.0,8.941,33.94,WEATHER_STATION,VALID,0.0,0.264629926490151
2025-04-04 20:00:00,WX-MASTER,0.0,8.754,30.72,WEATHER_STATION,VALID,0.0,0.24041960079407407
2025-04-04 21:00:00,WX-MASTER,0.0,8.143,31.19,WEATHER_STATION,VALID,0.0,0.17167611312817566
2025-04-04 22:00:00,WX-MASTER,0.0,8.216,31.32,WEATHER_STATION,VALID,0.0,0.17909070545997252
2025-04-04 23:00:00,WX-MASTER,0.0,9.075,34.14,WEATHER_STATION,VALID,0.0,0.2829431249999999
2025-04-05 00:00:00,WX-MASTER,0.0,6.601,31.47,WEATHER_STATION,VALID,0.0,0.05892908029755829
2025-04-05 01:00:00,WX-MASTER,0.0,8.064,28.68,WEATHER_STATION,VALID,0.0,0.16388582437925925
2025-04-05 02:00:00,WX-MASTER,0.0,7.399,29.78,WEATHER_STATION,VALID,0.0,0.10742916123879286
2025-04-05 03:00:00,WX-MASTER,0.0,8.986,28.51,WEATHER_STATION,VALID,0.0,0.2706888933271881
2025-04-05 04:00:00,WX-MASTER,0.0,10.25,27.37,WEATHER_STATION,VALID,0.0,0.48092163923182446
2025-04-05 05:00:00,WX-MASTER,0.0,9.267,27.16,WEATHER_STATION,VALID,0.0,0.310627129314074
2025-04-05 06:00:00,WX-MASTER,0.0,7.752,25.83,WEATHER_STATION,VALID,0.0,0.13542211584000002
2025-04-05 07:00:00,WX-MASTER,0.2614,7.245,25.62,WEATHER_STATION,VALID,0.24949356207653609,0.0965369075925926
2025-04-05 08:00:00,WX-MASTER,0.5103,6.923,23.43,WEATHER_STATION,VALID,0.4943440425669704,0.07619302626836762
2025-04-05 09:00:00,WX-MASTER,0.7109,10.252,27.15,WEATHER_STATION,VALID,0.6967724050807892,0.4813197531513856
2025-04-05 10:00:00,WX-MASTER,0.8274,7.517,25.23,WEATHER_STATION,VALID,0.7730240910417469,0.11630826323725657
2025-04-05 11:00:00,WX-MASTER,0.8298,7.508,24.84,WEATHER_STATION,VALID,0.8177735364323354,0.11561442434984916
2025-04-05 12:00:00,WX-MASTER,0.7002,4.378,26.44,WEATHER_STATION,VALID,0.6667747216401159,0.0033022348145953363
2025-04-05 13:00:00,WX-MASTER,0.8078,5.526,27.33,WEATHER_STATION,VALID,0.7875887893942176,0.02034043973925925
2025-04-05 14:00:00,WX-MASTER,0.8114,7.009,27.83,WEATHER_STATION,VALID,0.7900603806139124,0.08131458835484227
2025-04-05 15:00:00,WX-MASTER,0.5784,6.492,30.64,WEATHER_STATION,VALID,0.5704578715323403,0.05373818624000001
2025-04-05 16:00:00,WX-MASTER,0.5183,7.448,31.72,WEATHER_STATION,VALID,0.5070341615992567,0.11105922403379977
2025-04-05 17:00:00,WX-MASTER,0.293,7.62,28.92,WEATHER_STATION,VALID,0.2737618082888467,0.12444751407407406
2025-04-05 18:00:00,WX-MASTER,0.0,8.473,31.21,WEATHER_STATION,VALID,0.0,0.20688863938496577
2025-04-05 19:00:00,WX-MASTER,0.0,5.516,31.65,WEATHER_STATION,VALID,0.0,0.02009982190441701
2025-04-05 20:00:00,WX-MASTER,0.0,6.77,32.09,WEATHER_STATION,VALID,0.0,0.06762142984910836
2025-04-05 21:00:00,WX-MASTER,0.0,8.328,34.22,WEATHER_STATION,VALID,0.0,0.19087671295999997
2025-04-05 22:00:00,WX-MASTER,0.0,7.839,30.85,WEATHER_STATION,VALID,0.0,0.14299707871259265
2025-04-05 23:00:00,WX-MASTER,0.0,8.458,33.15,WEATHER_STATION,VALID,0.0,0.20519222134299042
2025-04-06 00:00:00,WX-MASTER,0.0,9.142,30.37,WEATHER_STATION,VALID,0.0,0.2924083265637311
2025-04-06 01:00:00,WX-MASTER,0.0,8.094,31.59,WEATHER_STATION,VALID,0.0,0.16681577631999994
2025-04-06 02:00:00,WX-MASTER,0.0,9.306,28.42,WEATHER_STATION,VALID,0.0,0.3164624589392591
2025-04-06 03:00:00,WX-MASTER,0.0,9.69,27.37,WEATHER_STATION,VALID,0.0,0.37786672740740734
2025-04-06 04:00:00,WX-MASTER,0.0,8.932,27.02,WEATHER_STATION,VALID,0.0,0.2634290866427436
2025-04-06 05:00:00,WX-MASTER,0.0,9.596,27.87,WEATHER_STATION,VALID,0.0,0.3621614663883677
2025-04-06 06:00:00,WX-MASTER,0.0,5.605,25.95,WEATHER_STATION,VALID,0.0,0.022309173545953374
2025-04-06 07:00:00,WX-MASTER,0.3018,7.415,25.66,WEATHER_STATION,VALID,0.2933203268016913,0.1086056508984911
2025-04-06 08:00:00,WX-MASTER,0.5368,9.076,26.06,WEATHER_STATION,VALID,0.4960264445164526,0.28308287300126217
2025-04-06 09:00:00,WX-MASTER,0.5447,6.541,24.36,WEATHER_STATION,VALID,0.5179163790324631,0.05603225221854597
2025-04-06 10:00:00,WX-MASTER,0.815,6.142,26.17,WEATHER_STATION,VALID,0.813608662463348,0.039145229279780536
2025-04-06 11:00:00,WX-MASTER,0.955,7.097,25.57,WEATHER_STATION,VALID,0.9185208461148684,0.08678770235824419
2025-04-06 12:00:00,WX-MASTER,0.9878,7.113,28.81,WEATHER_STATION,VALID,0.9287669498628977,0.08780847356000004
2025-04-06 13:00:00,WX-MASTER,0.8116,6.379,28.39,WEATHER_STATION,VALID,0.8022899017052892,0.04868832952521261
2025-04-06 14:00:00,WX-MASTER,0.8751,9.476,29.63,WEATHER_STATION,VALID,0.849022312172398,0.34275264845256526
2025-04-06 15:00:00,WX-MASTER,0.7216,7.525,27.25,WEATHER_STATION,VALID,0.7119118758524785,0.1169273345336077
2025-04-06 16:00:00,WX-MASTER,0.5488,6.114,31.39,WEATHER_STATION,VALID,0.5346159238144058,0.038107997119999994
2025-04-06 17:00:00,WX-MASTER,0.2458,5.605,31.06,WEATHER_STATION,VALID,0.24011670753521425,0.022309173545953374
2025-04-06 18:00:00,WX-MASTER,0.0,8.233,30.1,WEATHER_STATION,VALID,0.0,0.18084749738002753
2025-04-06 19:00:00,WX-MASTER,0.0,6.755,32.29,WEATHER_STATION,VALID,0.0,0.06681748472565158
2025-04-06 20:00:00,WX-MASTER,0.0,11.019,30.47,WEATHER_STATION,VALID,0.0,0.65076013332
2025-04-06 21:00:00,WX-MASTER,0.0,9.027,32.91,WEATHER_STATION,VALID,0.0,0.27628917743259257
2025-04-06 22:00:00,WX-MASTER,0.0,9.422,33.55,WEATHER_STATION,VALID,0.0,0.33424983590145413
2025-04-06 23:00:00,WX-MASTER,0.0,9.198,29.12,WEATHER_STATION,VALID,0.0,0.3004796154192594
2025-04-07 00:00:00,WX-MASTER,0.0,10.471,30.51,WEATHER_STATION,VALID,0.0,0.5262553309494101
2025-04-07 01:00:00,WX-MASTER,0.0,5.961,29.5,WEATHER_STATION,VALID,0.0,0.03276238588000001
2025-04-07 02:00:00,WX-MASTER,0.0,7.505,26.4,WEATHER_STATION,VALID,0.0,0.11538375941700958
2025-04-07 03:00:00,WX-MASTER,0.0,10.34,28.99,WEATHER_STATION,VALID,0.0,0.499055077750343
2025-04-07 04:00:00,WX-MASTER,0.0,10.811,27.79,WEATHER_STATION,VALID,0.0,0.6014232489883677
2025-04-07 05:00:00,WX-MASTER,0.0,7.066,28.75,WEATHER_STATION,VALID,0.0,0.08483253050249658
2025-04-07 06:00:00,WX-MASTER,0.0,6.079,26.36,WEATHER_STATION,VALID,0.0,0.03683743357459533
2025-04-07 07:00:00,WX-MASTER,0.2757,8.407,24.36,WEATHER_STATION,VALID,0.26533064491629604,0.1994938022106447
2025-04-07 08:00:00,WX-MASTER,0.5496,8.559,25.91,WEATHER_STATION,VALID,0.530588354564496,0.21679552884592584
2025-04-07 09:00:00,WX-MASTER,0.6611,7.869,26.95,WEATHER_STATION,VALID,0.6364057120491404,0.14567318731999992
2025-04-07 10:00:00,WX-MASTER,0.8203,7.377,25.2,WEATHER_STATION,VALID,0.7847397396845338,0.10582540491407404
2025-04-07 11:00:00,WX-MASTER,0.8854,4.867,27.34,WEATHER_STATION,VALID,0.8221469066091469,0.008212837934101507
2025-04-07 12:00:00,WX-MASTER,0.849,6.661,24.22,WEATHER_STATION,VALID,0.8179941022021359,0.06192406896916322
2025-04-07 13:00:00,WX-MASTER,0.8889,6.793,29.66,WEATHER_STATION,VALID,0.8671578356890086,0.0688666293503978
2025-04-07 14:00:00,WX-MASTER,0.8793,6.379,29.75,WEATHER_STATION,VALID,0.8464156504686997,0.04868832952521261
2025-04-07 15:00:00,WX-MASTER,0.638,4.671,26.64,WEATHER_STATION,VALID,0.6373815979263736,0.005888296205925929
2025-04-07 16:00:00,WX-MASTER,0.5087,8.061,31.0,WEATHER_STATION,VALID,0.4935410641389284,0.16359473062074076
2025-04-07 17:00:00,WX-MASTER,0.3023,8.615,28.88,WEATHER_STATION,VALID,0.2990851712507325,0.2234135867009603
2025-04-07 18:00:00,WX-MASTER,0.0,6.685,31.09,WEATHER_STATION,VALID,0.0,0.06314991576817555
2025-04-07 19:00:00,WX-MASTER,0.0,7.73,32.99,WEATHER_STATION,VALID,0.0,0.13354994737997256
2025-04-07 20:00:00,WX-MASTER,0.0,7.587,32.13,WEATHER_STATION,VALID,0.0,0.12179978436592588
2025-04-07 21:00:00,WX-MASTER,0.0,7.85,33.68,WEATHER_STATION,VALID,0.0,0.14397447873799724
2025-04-07 22:00:00,WX-MASTER,0.0,9.348,31.9,WEATHER_STATION,VALID,0.0,0.3228278942340741
2025-04-07 23:00:00,WX-MASTER,0.0,9.56,31.22,WEATHER_STATION,VALID,0.0,0.3562638994787381
2025-04-08 00:00:00,WX-MASTER,0.0,10.422,31.86,WEATHER_STATION,VALID,0.0,0.5159684529659261
2025-04-08 01:00:00,WX-MASTER,0.0,10.457,29.29,WEATHER_STATION,VALID,0.0,0.5233024021310837
2025-04-08 02:00:00,WX-MASTER,0.0,8.858,28.76,WEATHER_STATION,VALID,0.0,0.2536929514609603
2025-04-08 03:00:00,WX-MASTER,0.0,12.703,28.01,WEATHER_STATION,VALID,0.0,0.92
2025-04-08 04:00:00,WX-MASTER,0.0,10.888,26.96,WEATHER_STATION,VALID,0.0,0.6193854581429905
2025-04-08 05:00:00,WX-MASTER,0.0,7.828,27.71,WEATHER_STATION,VALID,0.0,0.14202411224669415
2025-04-08 06:00:00,WX-MASTER,0.0,8.62,24.96,WEATHER_STATION,VALID,0.0,0.22401094891632367
2025-04-08 07:00:00,WX-MASTER,0.2705,5.62,24.41,WEATHER_STATION,VALID,0.2670115776874314,0.022696776076817558
2025-04-08 08:00:00,WX-MASTER,0.5503,7.976,24.01,WEATHER_STATION,VALID,0.5338877131700646,0.1554896242550343
2025-04-08 09:00:00,WX-MASTER,0.7171,9.866,22.84,WEATHER_STATION,VALID,0.6699500794166391,0.4084808454105898
2025-04-08 10:00:00,WX-MASTER,0.2782,11.083,27.54,WEATHER_STATION,VALID,0.27201020086222005,0.6664660564664472
2025-04-08 11:00:00,WX-MASTER,0.9304,7.129,25.23,WEATHER_STATION,VALID,0.8715130172466566,0.08883721754990395
2025-04-08 12:00:00,WX-MASTER,0.9906,7.596,26.75,WEATHER_STATION,VALID,0.9827237973145557,0.12251812987259264
2025-04-08 13:00:00,WX-MASTER,0.8356,7.886,29.75,WEATHER_STATION,VALID,0.8126561855015363,0.14720436458096023
2025-04-08 14:00:00,WX-MASTER,0.6076,9.678,28.62,WEATHER_STATION,VALID,0.5984830290171134,0.37583700896000016
2025-04-08 15:00:00,WX-MASTER,0.6447,5.9,30.31,WEATHER_STATION,VALID,0.6166351342382201,0.030778984910836766
2025-04-08 16:00:00,WX-MASTER,0.53,10.765,28.83,WEATHER_STATION,VALID,0.5017575655872646,0.5908601212002745
2025-04-08 17:00:00,WX-MASTER,0.2401,7.089,32.94,WEATHER_STATION,VALID,0.23383610691448442,0.08628029686074076
2025-04-08 18:00:00,WX-MASTER,0.0,6.209,31.67,WEATHER_STATION,VALID,0.0,0.04170320667034292
2025-04-08 19:00:00,WX-MASTER,0.0,7.574,30.95,WEATHER_STATION,VALID,0.0,0.1207671395419479
2025-04-08 20:00:00,WX-MASTER,0.0,7.193,31.07,WEATHER_STATION,VALID,0.0,0.09303254169058983
2025-04-08 21:00:00,WX-MASTER,0.0,9.041,34.2,WEATHER_STATION,VALID,0.0,0.27821901339824423
2025-04-08 22:00:00,WX-MASTER,0.0,6.571,31.12,WEATHER_STATION,VALID,0.0,0.05746849840620026
2025-04-08 23:00:00,WX-MASTER,0.0,9.083,30.07,WEATHER_STATION,VALID,0.0,0.2840623976461454
2025-04-09 00:00:00,WX-MASTER,0.0,9.9,30.01,WEATHER_STATION,VALID,0.0,0.41457925925925937
2025-04-09 01:00:00,WX-MASTER,0.0,11.027,29.74,WEATHER_STATION,VALID,0.0,0.6527097317261453
2025-04-09 02:00:00,WX-MASTER,0.0,9.978,28.97,WEATHER_STATION,VALID,0.0,0.4287984377007407
2025-04-09 03:00:00,WX-MASTER,0.0,10.868,28.41,WEATHER_STATION,VALID,0.0,0.6146860438263924
2025-04-09 04:00:00,WX-MASTER,0.0,8.097,27.32,WEATHER_STATION,VALID,0.0,0.16711067744740735
2025-04-09 05:00:00,WX-MASTER,0.0,9.208,27.09,WEATHER_STATION,VALID,0.0,0.3019363660343485
2025-04-09 06:00:00,WX-MASTER,0.0,5.569,25.43,WEATHER_STATION,VALID,0.0,0.021396986458545954
2025-04-09 07:00:00,WX-MASTER,0.3031,8.065,27.89,WEATHER_STATION,VALID,0.2932051522061002,0.1639829323113854
2025-04-09 08:00:00,WX-MASTER,0.5511,8.455,24.7,WEATHER_STATION,VALID,0.5288484854194714,0.20485405441015095
2025-04-09 09:00:00,WX-MASTER,0.5882,8.322,27.03,WEATHER_STATION,VALID,0.5838064040890119,0.190232585114074
2025-04-09 10:00:00,WX-MASTER,0.7514,5.432,25.03,WEATHER_STATION,VALID,0.7373051300206473,0.018153108810096026
2025-04-09 11:00:00,WX-MASTER,0.8983,6.791,24.6,WEATHER_STATION,VALID,0.8801301840928669,0.06875774932417011
2025-04-09 12:00:00,WX-MASTER,0.992,6.847,25.03,WEATHER_STATION,VALID,0.9714894275392401,0.07185001414150895
2025-04-09 13:00:00,WX-MASTER,0.4186,6.553,28.24,WEATHER_STATION,VALID,0.4058081119432252,0.05660384349360768
2025-04-09 14:00:00,WX-MASTER,0.875,8.059,30.18,WEATHER_STATION,VALID,0.8513429262081734,0.16340085973755822
2025-04-09 15:00:00,WX-MASTER,0.6315,6.908,28.31,WEATHER_STATION,VALID,0.6013283390609075,0.07532236785602199
2025-04-09 16:00:00,WX-MASTER,0.4418,7.454,29.48,WEATHER_STATION,VALID,0.41405644900682,0.11150926086540466
2025-04-09 17:00:00,WX-MASTER,0.2912,6.877,31.72,WEATHER_STATION,VALID,0.2831195543773471,0.07354407704027434
2025-04-09 18:00:00,WX-MASTER,0.0,9.127,31.81,WEATHER_STATION,VALID,0.0,0.29027119444768185
2025-04-09 19:00:00,WX-MASTER,0.0,9.477,31.46,WEATHER_STATION,VALID,0.0,0.342911452765926
2025-04-09 20:00:00,WX-MASTER,0.0,7.856,30.75,WEATHER_STATION,VALID,0.0,0.14450947831923186
2025-04-09 21:00:00,WX-MASTER,0.0,12.213,32.54,WEATHER_STATION,VALID,0.0,0.92
2025-04-09 22:00:00,WX-MASTER,0.0,7.734,32.6,WEATHER_STATION,VALID,0.0,0.13388904992000003
2025-04-09 23:00:00,WX-MASTER,0.0,10.221,31.85,WEATHER_STATION,VALID,0.0,0.4751736330207408
2025-04-10 00:00:00,WX-MASTER,0.0,7.812,30.56,WEATHER_STATION,VALID,0.0,0.14061678203259265
2025-04-10 01:00:00,WX-MASTER,0.0,10.115,28.42,WEATHER_STATION,VALID,0.0,0.45455350645404663
2025-04-10 02:00:00,WX-MASTER,0.0,10.008,29.16,WEATHER_STATION,VALID,0.0,0.43435275301925924
2025-04-10 03:00:00,WX-MASTER,0.0,7.716,28.16,WEATHER_STATION,VALID,0.0,0.13236759808
2025-04-10 04:00:00,WX-MASTER,0.0,8.726,25.45,WEATHER_STATION,VALID,0.0,0.2369268770945406
2025-04-10 05:00:00,WX-MASTER,0.0,11.136,25.94,WEATHER_STATION,VALID,0.0,0.6796622028799999
2025-04-10 06:00:00,WX-MASTER,0.0,7.42,26.19,WEATHER_STATION,VALID,0.0,0.10897505755829905
2025-04-10 07:00:00,WX-MASTER,0.2539,8.748,25.3,WEATHER_STATION,VALID,0.24209113157516346,0.23966829008592586
2025-04-10 08:00:00,WX-MASTER,0.5247,8.4,22.93,WEATHER_STATION,VALID,0.5070823866996096,0.19872000000000012
2025-04-10 09:00:00,WX-MASTER,0.6163,7.659,24.63,WEATHER_STATION,VALID,0.5967499352504517,0.12762578617925924
2025-04-10 10:00:00,WX-MASTER,0.6468,5.24,24.9,WEATHER_STATION,VALID,0.6428504330886695,0.014184183923182445
2025-04-10 11:00:00,WX-MASTER,0.9169,8.387,26.98,WEATHER_STATION,VALID,0.8845146706437441,0.19728825233849115
2025-04-10 12:00:00,WX-MASTER,0.9861,7.199,30.15,WEATHER_STATION,VALID,0.9204368389710531,0.09343248997404664
2025-04-10 13:00:00,WX-MASTER,0.8512,8.557,28.03,WEATHER_STATION,VALID,0.8321047492613544,0.21656161892669412
2025-04-10 14:00:00,WX-MASTER,0.6172,7.429,27.34,WEATHER_STATION,VALID,0.5922124556839639,0.10964209868570648
2025-04-10 15:00:00,WX-MASTER,0.7099,7.285,29.49,WEATHER_STATION,VALID,0.6890569564637253,0.09929166144718796
2025-04-10 16:00:00,WX-MASTER,0.4015,7.821,30.54,WEATHER_STATION,VALID,0.3889328209391783,0.14140725553925923
2025-04-10 17:00:00,WX-MASTER,0.2778,6.241,32.16,WEATHER_STATION,VALID,0.2683254754494273,0.042963276267928646
2025-04-10 18:00:00,WX-MASTER,0.0,9.78,33.3,WEATHER_STATION,VALID,0.0,0.39332303407407404
2025-04-10 19:00:00,WX-MASTER,0.0,7.52,33.83,WEATHER_STATION,VALID,0.0,0.11654015824417002
2025-04-10 20:00:00,WX-MASTER,0.0,7.797,32.92,WEATHER_STATION,VALID,0.0,0.13930588203999994
2025-04-10 21:00:00,WX-MASTER,0.0,10.199,32.16,WEATHER_STATION,VALID,0.0,0.47084376059133065
2025-04-10 22:00:00,WX-MASTER,0.0,9.064,33.59,WEATHER_STATION,VALID,0.0,0.2814089313202744
2025-04-10 23:00:00,WX-MASTER,0.0,8.616,30.84,WEATHER_STATION,VALID,0.0,0.22353297408
2025-04-11 00:00:00,WX-MASTER,0.0,9.598,30.59,WEATHER_STATION,VALID,0.0,0.36249100364422504
2025-04-11 01:00:00,WX-MASTER,0.0,9.936,29.39,WEATHER_STATION,VALID,0.0,0.42110224080592584
2025-04-11 02:00:00,WX-MASTER,0.0,8.962,26.22,WEATHER_STATION,VALID,0.0,0.26744606606002735
2025-04-11 03:00:00,WX-MASTER,0.0,10.242,29.39,WEATHER_STATION,VALID,0.0,0.4793313788325928
2025-04-11 04:00:00,WX-MASTER,0.0,7.256,27.84,WEATHER_STATION,VALID,0.0,0.0972893175291084
2025-04-11 05:00:00,WX-MASTER,0.0,9.059,23.46,WEATHER_STATION,VALID,0.0,0.2807134078308367
2025-04-11 06:00:00,WX-MASTER,0.0,9.53,26.95,WEATHER_STATION,VALID,0.0,0.35139845108367623
2025-04-11 07:00:00,WX-MASTER,0.2589,9.045,25.03,WEATHER_STATION,VALID,0.24768653423661383,0.27877204092592595
2025-04-11 08:00:00,WX-MASTER,0.3646,5.062,26.46,WEATHER_STATION,VALID,0.34731883894614046,0.011064359590891639
2025-04-11 09:00:00,WX-MASTER,0.6227,7.56,25.48,WEATHER_STATION,VALID,0.5998913394854672,0.11966160592592588
2025-04-11 10:00:00,WX-MASTER,0.7072,5.923,24.11,WEATHER_STATION,VALID,0.6840395795214197,0.03151713595286694
2025-04-11 11:00:00,WX-MASTER,0.9671,8.993,26.33,WEATHER_STATION,VALID,0.928741793015769,0.27163963117207146
2025-04-11 12:00:00,WX-MASTER,0.7197,6.688,25.95,WEATHER_STATION,VALID,0.7044643462399717,0.06330427453805211
2025-04-11 13:00:00,WX-MASTER,0.7238,8.661,26.4,WEATHER_STATION,VALID,0.6972430247580724,0.22894953388000003
2025-04-11 14:00:00,WX-MASTER,0.8766,5.557,29.82,WEATHER_STATION,VALID,0.8631905297716128,0.021098543864965718
2025-04-11 15:00:00,WX-MASTER,0.746,7.72,30.15,WEATHER_STATION,VALID,0.7267663277235505,0.13270469706447185
2025-04-11 16:00:00,WX-MASTER,0.4502,7.358,32.32,WEATHER_STATION,VALID,0.4319833961838551,0.10445325467083673
2025-04-11 17:00:00,WX-MASTER,0.2509,11.13,30.78,WEATHER_STATION,VALID,0.2401140352471972,0.6781596340740743
2025-04-11 18:00:00,WX-MASTER,0.0,9.297,30.65,WEATHER_STATION,VALID,0.0,0.31510941463259273
2025-04-11 19:00:00,WX-MASTER,0.0,9.467,32.92,WEATHER_STATION,VALID,0.0,0.34132561536071343
2025-04-11 20:00:00,WX-MASTER,0.0,10.916,31.27,WEATHER_STATION,VALID,0.0,0.6260047890155284
2025-04-11 21:00:00,WX-MASTER,0.0,8.899,31.78,WEATHER_STATION,VALID,0.0,0.2590570928437311
2025-04-11 22:00:00,WX-MASTER,0.0,8.624,32.44,WEATHER_STATION,VALID,0.0,0.2244896046283677
2025-04-11 23:00:00,WX-MASTER,0.0,8.657,31.1,WEATHER_STATION,VALID,0.0,0.22846455709404664
2025-04-12 00:00:00,WX-MASTER,0.0,9.497,29.93,WEATHER_STATION,VALID,0.0,0.34609784833355284
2025-04-12 01:00:00,WX-MASTER,0.0,5.532,27.99,WEATHER_STATION,VALID,0.0,0.020485728047407406
2025-04-12 02:00:00,WX-MASTER,0.0,9.13,29.89,WEATHER_STATION,VALID,0.0,0.2906977849657066
2025-04-12 03:00:00,WX-MASTER,0.0,9.349,27.42,WEATHER_STATION,VALID,0.0,0.32298048343632374
2025-04-12 04:00:00,WX-MASTER,0.0,8.716,27.76,WEATHER_STATION,VALID,0.0,0.23568772230496565
2025-04-12 05:00:00,WX-MASTER,0.0,6.74,26.88,WEATHER_STATION,VALID,0.0,0.0660199370096022
2025-04-12 06:00:00,WX-MASTER,0.0,8.306,27.05,WEATHER_STATION,VALID,0.0,0.1885219989118244
2025-04-12 07:00:00,WX-MASTER,0.2993,6.254,25.11,WEATHER_STATION,VALID,0.2930875888128261,0.043482343729602184
2025-04-12 08:00:00,WX-MASTER,0.4365,10.292,24.85,WEATHER_STATION,VALID,0.40816831407950055,0.48932823841009593
2025-04-12 09:00:00,WX-MASTER,0.669,7.401,24.06,WEATHER_STATION,VALID,0.6302529213759868,0.10757575548
2025-04-12 10:00:00,WX-MASTER,0.7637,4.831,25.09,WEATHER_STATION,VALID,0.7375730585265546,0.007746853300027439
2025-04-12 11:00:00,WX-MASTER,0.7694,7.064,26.7,WEATHER_STATION,VALID,0.7642052870236962,0.08470740879626887
2025-04-12 12:00:00,WX-MASTER,0.789,8.371,26.04,WEATHER_STATION,VALID,0.7601731344065467,0.19553556299879296
2025-04-12 13:00:00,WX-MASTER,0.8832,7.373,28.24,WEATHER_STATION,VALID,0.8580412106169072,0.10553553863873802
2025-04-12 14:00:00,WX-MASTER,0.8681,5.962,30.53,WEATHER_STATION,VALID,0.8568206370126922,0.032795590998299026
2025-04-12 15:00:00,WX-MASTER,0.6524,6.342,29.14,WEATHER_STATION,VALID,0.6534459739998599,0.047106369647407394
2025-04-12 16:00:00,WX-MASTER,0.4938,6.986,28.94,WEATHER_STATION,VALID,0.47471328335939045,0.07992307450688614
2025-04-12 17:00:00,WX-MASTER,0.2861,6.976,30.75,WEATHER_STATION,VALID,0.277444745200098,0.07932305393953361
2025-04-12 18:00:00,WX-MASTER,0.0,6.139,30.09,WEATHER_STATION,VALID,0.0,0.03903320802397806
2025-04-12 19:00:00,WX-MASTER,0.0,7.942,33.75,WEATHER_STATION,VALID,0.0,0.15232406542792867
2025-04-12 20:00:00,WX-MASTER,0.0,6.557,32.37,WEATHER_STATION,VALID,0.0,0.056795234180466406
2025-04-12 21:00:00,WX-MASTER,0.0,9.775,31.28,WEATHER_STATION,VALID,0.0,0.3924534919410151
2025-04-12 22:00:00,WX-MASTER,0.0,10.157,31.13,WEATHER_STATION,VALID,0.0,0.4626508353656517
2025-04-12 23:00:00,WX-MASTER,0.0,7.641,29.83,WEATHER_STATION,VALID,0.0,0.12615225100592597
2025-04-13 00:00:00,WX-MASTER,0.0,8.15,31.73,WEATHER_STATION,VALID,0.0,0.17237805898491093
2025-04-13 01:00:00,WX-MASTER,0.0,8.593,31.87,WEATHER_STATION,VALID,0.0,0.2207978077207682
2025-04-13 02:00:00,WX-MASTER,0.0,9.097,26.97,WEATHER_STATION,VALID,0.0,0.2860282204378052
2025-04-13 03:00:00,WX-MASTER,0.0,9.398,29.11,WEATHER_STATION,VALID,0.0,0.3305163943054047
2025-04-13 04:00:00,WX-MASTER,0.0,9.531,26.72,WEATHER_STATION,VALID,0.0,0.35155991460592595
2025-04-13 05:00:00,WX-MASTER,0.0,9.312,27.81,WEATHER_STATION,VALID,0.0,0.3173666368474073
2025-04-13 06:00:00,WX-MASTER,0.0,10.532,23.53,WEATHER_STATION,VALID,0.0,0.539251340118738
2025-04-13 07:00:00,WX-MASTER,0.2725,8.337,25.65,WEATHER_STATION,VALID,0.26035350826530956,0.19184562844
2025-04-13 08:00:00,WX-MASTER,0.5433,6.304,24.77,WEATHER_STATION,VALID,0.5330291240973112,0.04551771109311388
2025-04-13 09:00:00,WX-MASTER,0.6195,5.655,26.17,WEATHER_STATION,VALID,0.6085287457294277,0.02361858500000001
2025-04-13 10:00:00,WX-MASTER,0.6297,9.65,25.81,WEATHER_STATION,VALID,0.6354015522048471,0.37112929355281216
2025-04-13 11:00:00,WX-MASTER,0.6819,8.005,26.32,WEATHER_STATION,VALID,0.6575960182868613,0.15822406737311395
2025-04-13 12:00:00,WX-MASTER,0.7638,7.486,26.89,WEATHER_STATION,VALID,0.7356377567982882,0.11393000246299038
2025-04-13 13:00:00,WX-MASTER,0.5554,7.739,29.73,WEATHER_STATION,VALID,0.5451442546760809,0.13431373468515775
2025-04-13 14:00:00,WX-MASTER,0.7722,7.369,28.55,WEATHER_STATION,VALID,0.7585216835885092,0.10524620216224963
2025-04-13 15:00:00,WX-MASTER,0.5779,7.797,30.71,WEATHER_STATION,VALID,0.555924597010954,0.13930588203999994
2025-04-13 16:00:00,WX-MASTER,0.4537,6.885,31.27,WEATHER_STATION,VALID,0.43734527640215254,0.07400028092592592
2025-04-13 17:00:00,WX-MASTER,0.2475,8.93,32.3,WEATHER_STATION,VALID,0.24208394823688448,0.2631627276268861
2025-04-13 18:00:00,WX-MASTER,0.0,7.105,30.58,WEATHER_STATION,VALID,0.0,0.0872970932990398
2025-04-13 19:00:00,WX-MASTER,0.0,6.866,32.99,WEATHER_STATION,VALID,0.0,0.07291986368219477
2025-04-13 20:00:00,WX-MASTER,0.0,6.103,32.67,WEATHER_STATION,VALID,0.0,0.037705580012126184
2025-04-13 21:00:00,WX-MASTER,0.0,8.243,30.72,WEATHER_STATION,VALID,0.0,0.18188625129552816
2025-04-13 22:00:00,WX-MASTER,0.0,10.423,31.54,WEATHER_STATION,VALID,0.0,0.5161770374343485
2025-04-13 23:00:00,WX-MASTER,0.0,8.361,33.99,WEATHER_STATION,VALID,0.0,0.1944454211392594
2025-04-14 00:00:00,WX-MASTER,0.0,7.3,30.04,WEATHER_STATION,VALID,0.0,0.10033805212620026
2025-04-14 01:00:00,WX-MASTER,0.0,9.524,29.22,WEATHER_STATION,VALID,0.0,0.3504307080357749
2025-04-14 02:00:00,WX-MASTER,0.0,8.302,29.3,WEATHER_STATION,VALID,0.0,0.1880959606575582
2025-04-14 03:00:00,WX-MASTER,0.0,11.088,27.2,WEATHER_STATION,VALID,0.0,0.6677036138192592
2025-04-14 04:00:00,WX-MASTER,0.0,10.336,27.18,WEATHER_STATION,VALID,0.0,0.49823962843829905
2025-04-14 05:00:00,WX-MASTER,0.0,7.099,25.74,WEATHER_STATION,VALID,0.0,0.08691486380669414
2025-04-14 06:00:00,WX-MASTER,0.0,8.296,26.21,WEATHER_STATION,VALID,0.0,0.18745810752965697
2025-04-14 07:00:00,WX-MASTER,0.2622,7.287,25.3,WEATHER_STATION,VALID,0.2526014825832848,0.09943075784740742
2025-04-14 08:00:00,WX-MASTER,0.5548,6.499,27.6,WEATHER_STATION,VALID,0.5491618810469354,0.054062002275829885
2025-04-14 09:00:00,WX-MASTER,0.6006,7.684,25.43,WEATHER_STATION,VALID,0.5885454858331796,0.12969133424373117
2025-04-14 10:00:00,WX-MASTER,0.8047,8.597,25.46,WEATHER_STATION,VALID,0.780753690107089,0.22127187692614533
2025-04-14 11:00:00,WX-MASTER,0.8567,7.247,27.52,WEATHER_STATION,VALID,0.8250745817813959,0.09667341981503427
2025-04-14 12:00:00,WX-MASTER,0.875,6.557,25.34,WEATHER_STATION,VALID,0.8430638213818228,0.056795234180466406
2025-04-14 13:00:00,WX-MASTER,0.4109,4.297,29.88,WEATHER_STATION,VALID,0.40059306536754885,0.002753469227928668
2025-04-14 14:00:00,WX-MASTER,0.7954,6.306,27.57,WEATHER_STATION,VALID,0.7785077212141661,0.04560042042074075
2025-04-14 15:00:00,WX-MASTER,0.7239,7.962,31.09,WEATHER_STATION,VALID,0.6923276353100066,0.1541809008474074
2025-04-14 16:00:00,WX-MASTER,0.5548,5.635,32.25,WEATHER_STATION,VALID,0.5384595928482215,0.023088842311385454
2025-04-14 17:00:00,WX-MASTER,0.1547,9.236,30.6,WEATHER_STATION,VALID,0.14534462679091745,0.30604029969207147
2025-04-14 18:00:00,WX-MASTER,0.0,7.038,31.27,WEATHER_STATION,VALID,0.0,0.0830920058192593
2025-04-14 19:00:00,WX-MASTER,0.0,8.303,32.01,WEATHER_STATION,VALID,0.0,0.18820240998194795
2025-04-14 20:00:00,WX-MASTER,0.0,7.793,33.0,WEATHER_STATION,VALID,0.0,0.13895769003626887
2025-04-14 21:00:00,WX-MASTER,0.0,7.033,30.94,WEATHER_STATION,VALID,0.0,0.08278372513311387
2025-04-14 22:00:00,WX-MASTER,0.0,9.358,31.66,WEATHER_STATION,VALID,0.0,0.32435595052817573
2025-04-14 23:00:00,WX-MASTER,0.0,8.189,30.86,WEATHER_STATION,VALID,0.0,0.17632395194441705
2025-04-15 00:00:00,WX-MASTER,0.0,8.019,29.12,WEATHER_STATION,VALID,0.0,0.15955553924592591
2025-04-15 01:00:00,WX-MASTER,0.0,6.075,28.4,WEATHER_STATION,VALID,0.0,0.03669405092592593
2025-04-15 02:00:00,WX-MASTER,0.0,10.851,28.9,WEATHER_STATION,VALID,0.0,0.6107102808874076
2025-04-15 03:00:00,WX-MASTER,0.0,9.093,27.98,WEATHER_STATION,VALID,0.0,0.28546563436000005
2025-04-15 04:00:00,WX-MASTER,0.0,10.388,26.08,WEATHER_STATION,VALID,0.0,0.5089099701868862
2025-04-15 05:00:00,WX-MASTER,0.0,9.567,26.37,WEATHER_STATION,VALID,0.0,0.3574055958325926
2025-04-15 06:00:00,WX-MASTER,0.0,9.97,24.94,WEATHER_STATION,VALID,0.0,0.4273253266941016
2025-04-15 07:00:00,WX-MASTER,0.2847,7.545,26.94,WEATHER_STATION,VALID,0.27964080728620894,0.11848461500000002
2025-04-15 08:00:00,WX-MASTER,0.5556,6.233,25.13,WEATHER_STATION,VALID,0.5330834742698126,0.04264591263379971
2025-04-15 09:00:00,WX-MASTER,0.2662,8.758,26.69,WEATHER_STATION,VALID,0.26127246012273586,0.24092134588620015
2025-04-15 10:00:00,WX-MASTER,0.8889,7.713,23.69,WEATHER_STATION,VALID,0.8520729860170528,0.13211514881925931
2025-04-15 11:00:00,WX-MASTER,0.8944,6.757,26.66,WEATHER_STATION,VALID,0.8822002937025583,0.06692430722299038
2025-04-15 12:00:00,WX-MASTER,0.972,8.203,27.72,WEATHER_STATION,VALID,0.9750711439923935,0.17775497996274342
2025-04-15 13:00:00,WX-MASTER,0.8327,7.576,27.68,WEATHER_STATION,VALID,0.8061941111972933,0.12092562658150888
2025-04-15 14:00:00,WX-MASTER,0.7364,8.012,28.1,WEATHER_STATION,VALID,0.6900891646005414,0.15888887351133069
2025-04-15 15:00:00,WX-MASTER,0.75,5.925,29.47,WEATHER_STATION,VALID,0.7213341795009958,0.03158187499999999
2025-04-15 16:00:00,WX-MASTER,0.5035,8.661,31.39,WEATHER_STATION,VALID,0.4976987369517199,0.22894953388000003
2025-04-15 17:00:00,WX-MASTER,0.2941,7.572,29.77,WEATHER_STATION,VALID,0.28771689824596186,0.12060879104000001
2025-04-15 18:00:00,WX-MASTER,0.0,9.217,32.62,WEATHER_STATION,VALID,0.0,0.3032514604773115
2025-04-15 19:00:00,WX-MASTER,0.0,9.319,32.51,WEATHER_STATION,VALID,0.0,0.3184236858412622
2025-04-15 20:00:00,WX-MASTER,0.0,9.214,31.94,WEATHER_STATION,VALID,0.0,0.3028126722585461
2025-04-15 21:00:00,WX-MASTER,0.0,8.428,31.87,WEATHER_STATION,VALID,0.0,0.20182725614792874
2025-04-15 22:00:00,WX-MASTER,0.0,9.718,31.86,WEATHER_STATION,VALID,0.0,0.38263112753558304
2025-04-15 23:00:00,WX-MASTER,0.0,10.42,33.22,WEATHER_STATION,VALID,0.0,0.5155514526200274
2025-04-16 00:00:00,WX-MASTER,0.0,9.9,30.91,WEATHER_STATION,VALID,0.0,0.41457925925925937
2025-04-16 01:00:00,WX-MASTER,0.0,9.437,28.52,WEATHER_STATION,VALID,0.0,0.33659745379528117
2025-04-16 02:00:00,WX-MASTER,0.0,10.093,28.22,WEATHER_STATION,VALID,0.0,0.45035001191829904
2025-04-16 03:00:00,WX-MASTER,0.0,8.411,26.46,WEATHER_STATION,VALID,0.0,0.19993687545750344
2025-04-16 04:00:00,WX-MASTER,0.0,10.927,24.72,WEATHER_STATION,VALID,0.0,0.6286180883736077
2025-04-16 05:00:00,WX-MASTER,0.0,6.584,24.87,WEATHER_STATION,VALID,0.0,0.05809841734935527
2025-04-16 06:00:00,WX-MASTER,0.0,8.586,25.86,WEATHER_STATION,VALID,0.0,0.21996981680592598
2025-04-16 07:00:00,WX-MASTER,0.2602,7.76,26.89,WEATHER_STATION,VALID,0.25287695727624765,0.1361072179972565
2025-04-16 08:00:00,WX-MASTER,0.5501,7.194,26.44,WEATHER_STATION,VALID,0.528757366106434,0.09309912031999999
2025-04-16 09:00:00,WX-MASTER,0.6264,8.173,23.98,WEATHER_STATION,VALID,0.6077111952587042,0.17469792002694107
2025-04-16 10:00:00,WX-MASTER,0.8857,6.09,24.75,WEATHER_STATION,VALID,0.878206898523053,0.03723366074074074
2025-04-16 11:00:00,WX-MASTER,0.9126,10.17,25.14,WEATHER_STATION,VALID,0.892822681376811,0.46517649925925925
2025-04-16 12:00:00,WX-MASTER,0.9103,5.489,23.89,WEATHER_STATION,VALID,0.8596216897404604,0.019459648388861456
2025-04-16 13:00:00,WX-MASTER,0.8758,5.948,27.64,WEATHER_STATION,VALID,0.8466983335739591,0.03233275687330591
2025-04-16 14:00:00,WX-MASTER,0.7735,5.831,29.71,WEATHER_STATION,VALID,0.7709740637298564,0.028633860652565166
2025-04-16 15:00:00,WX-MASTER,0.74,7.522,29.35,WEATHER_STATION,VALID,0.7154268548334655,0.11669492603039784
2025-04-16 16:00:00,WX-MASTER,0.4469,8.718,28.97,WEATHER_STATION,VALID,0.4214234910899599,0.2359352067674074
2025-04-16 17:00:00,WX-MASTER,0.1313,8.272,30.2,WEATHER_STATION,VALID,0.1310893597798397,0.18492111516620036
2025-04-16 18:00:00,WX-MASTER,0.0,9.731,31.38,WEATHER_STATION,VALID,0.0,0.38485671689947865
2025-04-16 19:00:00,WX-MASTER,0.0,6.995,33.05,WEATHER_STATION,VALID,0.0,0.08046567336762689
2025-04-16 20:00:00,WX-MASTER,0.0,9.188,32.02,WEATHER_STATION,VALID,0.0,0.2990275579399726
2025-04-16 21:00:00,WX-MASTER,0.0,8.187,32.88,WEATHER_STATION,VALID,0.0,0.176120148514074
2025-04-16 22:00:00,WX-MASTER,0.0,9.102,31.68,WEATHER_STATION,VALID,0.0,0.2867324918400001
2025-04-16 23:00:00,WX-MASTER,0.0,10.427,31.5,WEATHER_STATION,VALID,0.0,0.5170119374545404
2025-04-17 00:00:00,WX-MASTER,0.0,6.92,29.36,WEATHER_STATION,VALID,0.0,0.0760183607133059
2025-04-17 01:00:00,WX-MASTER,0.0,11.771,28.82,WEATHER_STATION,VALID,0.0,0.8515450564747876
2025-04-17 02:00:00,WX-MASTER,0.0,8.988,27.23,WEATHER_STATION,VALID,0.0,0.27096030596740744
2025-04-17 03:00:00,WX-MASTER,0.0,7.015,28.55,WEATHER_STATION,VALID,0.0,0.08168022922496569
2025-04-17 04:00:00,WX-MASTER,0.0,8.067,26.63,WEATHER_STATION,VALID,0.0,0.16417726324000004
2025-04-17 05:00:00,WX-MASTER,0.0,8.913,21.94,WEATHER_STATION,VALID,0.0,0.26090592156000003
2025-04-17 06:00:00,WX-MASTER,0.0,7.65,26.28,WEATHER_STATION,VALID,0.0,0.12688759259259264
2025-04-17 07:00:00,WX-MASTER,0.2682,5.635,26.52,WEATHER_STATION,VALID,0.2626258926143964,0.023088842311385454
2025-04-17 08:00:00,WX-MASTER,0.4704,8.162,24.26,WEATHER_STATION,VALID,0.46074201764284173,0.17358584170886152
2025-04-17 09:00:00,WX-MASTER,0.3896,6.847,25.93,WEATHER_STATION,VALID,0.3807185292952788,0.07185001414150895
2025-04-17 10:00:00,WX-MASTER,0.8224,8.409,25.45,WEATHER_STATION,VALID,0.8027577371676081,0.1997152569200001
2025-04-17 11:00:00,WX-MASTER,0.8281,5.993,23.72,WEATHER_STATION,VALID,0.7992754076904801,0.03383611166589851
2025-04-17 12:00:00,WX-MASTER,0.6876,10.196,29.33,WEATHER_STATION,VALID,0.6750940966130323,0.4702553694007134
2025-04-17 13:00:00,WX-MASTER,0.9414,7.862,27.58,WEATHER_STATION,VALID,0.9125146736920992,0.1450458016100961
2025-04-17 14:00:00,WX-MASTER,0.8913,7.456,28.98,WEATHER_STATION,VALID,0.8580485352486814,0.11165954286792872
2025-04-17 15:00:00,WX-MASTER,0.752,8.083,28.89,WEATHER_STATION,VALID,0.7259218659977591,0.1657374406639781
2025-04-17 16:00:00,WX-MASTER,0.5124,5.041,30.13,WEATHER_STATION,VALID,0.512558636724791,0.010729742835829913
2025-04-17 17:00:00,WX-MASTER,0.2727,6.951,31.4,WEATHER_STATION,VALID,0.25742208033639313,0.07783615747999999
2025-04-17 18:00:00,WX-MASTER,0.0,10.144,30.51,WEATHER_STATION,VALID,0.0,0.46013433007583
2025-04-17 19:00:00,WX-MASTER,0.0,7.663,34.15,WEATHER_STATION,VALID,0.0,0.1279547891182991
2025-04-17 20:00:00,WX-MASTER,0.0,8.259,33.24,WEATHER_STATION,VALID,0.0,0.18355651832740744
2025-04-17 21:00:00,WX-MASTER,0.0,7.985,32.74,WEATHER_STATION,VALID,0.0,0.15633484484910837
2025-04-17 22:00:00,WX-MASTER,0.0,10.718,31.6,WEATHER_STATION,VALID,0.0,0.5801958548881206
2025-04-17 23:00:00,WX-MASTER,0.0,8.677,30.3,WEATHER_STATION,VALID,0.0,0.23089630429953362
2025-04-18 00:00:00,WX-MASTER,0.0,7.502,31.71,WEATHER_STATION,VALID,0.0,0.11515340149157752
2025-04-18 01:00:00,WX-MASTER,0.0,12.544,30.36,WEATHER_STATION,VALID,0.0,0.92
2025-04-18 02:00:00,WX-MASTER,0.0,7.398,28.25,WEATHER_STATION,VALID,0.0,0.10735591408592592
2025-04-18 03:00:00,WX-MASTER,0.0,8.986,26.52,WEATHER_STATION,VALID,0.0,0.2706888933271881
2025-04-18 04:00:00,WX-MASTER,0.0,7.883,25.08,WEATHER_STATION,VALID,0.0,0.1469333809547874
2025-04-18 05:00:00,WX-MASTER,0.0,7.876,26.29,WEATHER_STATION,VALID,0.0,0.14630237956916325
2025-04-18 06:00:00,WX-MASTER,0.0,7.182,25.4,WEATHER_STATION,VALID,0.0,0.09230227056592596
2025-04-18 07:00:00,WX-MASTER,0.2828,7.604,26.77,WEATHER_STATION,VALID,0.27995004038584,0.12315902550737995
2025-04-18 08:00:00,WX-MASTER,0.4507,9.324,26.42,WEATHER_STATION,VALID,0.44855275422869173,0.3191801561125926
2025-04-18 09:00:00,WX-MASTER,0.5978,5.322,25.39,WEATHER_STATION,VALID,0.5900307105586857,0.01579963104
2025-04-18 10:00:00,WX-MASTER,0.8924,9.21,25.6,WEATHER_STATION,VALID,0.8530245776565518,0.3022282800000001
2025-04-18 11:00:00,WX-MASTER,0.9761,8.806,24.87,WEATHER_STATION,VALID,0.9497649906683463,0.24699683797903962
2025-04-18 12:00:00,WX-MASTER,0.7945,7.927,28.25,WEATHER_STATION,VALID,0.7759029336495931,0.1509412651637311
2025-04-18 13:00:00,WX-MASTER,0.9545,7.367,27.75,WEATHER_STATION,VALID,0.8999558090475276,0.10510173244713306
2025-04-18 14:00:00,WX-MASTER,0.783,7.569,29.45,WEATHER_STATION,VALID,0.765022640947246,0.12037152791259263
2025-04-18 15:00:00,WX-MASTER,0.6913,9.132,31.04,WEATHER_STATION,VALID,0.6941307887394932,0.2909824107140741
2025-04-18 16:00:00,WX-MASTER,0.5185,5.148,29.8,WEATHER_STATION,VALID,0.5079221035295156,0.012507287419259255
2025-04-18 17:00:00,WX-MASTER,0.3008,8.551,30.21,WEATHER_STATION,VALID,0.2984240398234652,0.21586089879138545
2025-04-18 18:00:00,WX-MASTER,0.0,6.865,34.72,WEATHER_STATION,VALID,0.0,0.07286329280521264
2025-04-18 19:00:00,WX-MASTER,0.0,9.162,32.82,WEATHER_STATION,VALID,0.0,0.29527411803259274
2025-04-18 20:00:00,WX-MASTER,0.0,7.552,31.89,WEATHER_STATION,VALID,0.0,0.11903291226249658
2025-04-18 21:00:00,WX-MASTER,0.0,9.519,33.59,WEATHER_STATION,VALID,0.0,0.34962561406074083
2025-04-18 22:00:00,WX-MASTER,0.0,6.81,31.39,WEATHER_STATION,VALID,0.0,0.06979675407407405
2025-04-18 23:00:00,WX-MASTER,0.0,6.803,31.59,WEATHER_STATION,VALID,0.0,0.06941275393256517
2025-04-19 00:00:00,WX-MASTER,0.0,8.991,29.78,WEATHER_STATION,VALID,0.0,0.27136776500592585
2025-04-19 01:00:00,WX-MASTER,0.0,11.066,29.6,WEATHER_STATION,VALID,0.0,0.662269801064911
2025-04-19 02:00:00,WX-MASTER,0.0,9.891,28.39,WEATHER_STATION,VALID,0.0,0.4129591076725927
2025-04-19 03:00:00,WX-MASTER,0.0,9.809,26.91,WEATHER_STATION,VALID,0.0,0.3983917180777502
2025-04-19 04:00:00,WX-MASTER,0.0,10.104,27.26,WEATHER_STATION,VALID,0.0,0.4524485047940739
2025-04-19 05:00:00,WX-MASTER,0.0,8.281,25.48,WEATHER_STATION,VALID,0.0,0.18586978710249663
2025-04-19 06:00:00,WX-MASTER,0.0,9.362,26.38,WEATHER_STATION,VALID,0.0,0.3249685206224417
2025-04-19 07:00:00,WX-MASTER,0.3024,7.561,24.97,WEATHER_STATION,VALID,0.2937032097636514,0.1197403479321262
2025-04-19 08:00:00,WX-MASTER,0.4657,7.645,23.15,WEATHER_STATION,VALID,0.46157968661818166,0.1264787177434842
2025-04-19 09:00:00,WX-MASTER,0.7539,7.556,26.08,WEATHER_STATION,VALID,0.7347819950984251,0.1193469831093553
2025-04-19 10:00:00,WX-MASTER,0.784,6.871,26.45,WEATHER_STATION,VALID,0.7678204070442417,0.07320315731978055
2025-04-19 11:00:00,WX-MASTER,0.8847,7.313,28.95,WEATHER_STATION,VALID,0.847101188779005,0.10125084898935528
2025-04-19 12:00:00,WX-MASTER,1.0032,6.943,26.99,WEATHER_STATION,VALID,1.0,0.07736430532570641
2025-04-19 13:00:00,WX-MASTER,0.7821,6.292,28.03,WEATHER_STATION,VALID,0.7641487510865791,0.04502355451434842
2025-04-19 14:00:00,WX-MASTER,0.7069,7.035,29.29,WEATHER_STATION,VALID,0.6932532681996467,0.08290694574074076
2025-04-19 15:00:00,WX-MASTER,0.6537,7.492,30.85,WEATHER_STATION,VALID,0.6183199340281652,0.11438775639089163
2025-04-19 16:00:00,WX-MASTER,0.5386,5.996,31.62,WEATHER_STATION,VALID,0.5157953903555439,0.03393795942540469
2025-04-19 17:00:00,WX-MASTER,0.2331,8.157,31.57,WEATHER_STATION,VALID,0.23043526031480782,0.17308191563999994
2025-04-19 18:00:00,WX-MASTER,0.0,7.202,31.71,WEATHER_STATION,VALID,0.0,0.09363289324466394
2025-04-19 19:00:00,WX-MASTER,0.0,8.355,33.11,WEATHER_STATION,VALID,0.0,0.1937932850000001
2025-04-19 20:00:00,WX-MASTER,0.0,7.493,32.13,WEATHER_STATION,VALID,0.0,0.11446416771528121
2025-04-19 21:00:00,WX-MASTER,0.0,9.974,30.55,WEATHER_STATION,VALID,0.0,0.42806145973947884
2025-04-19 22:00:00,WX-MASTER,0.0,10.075,29.95,WEATHER_STATION,VALID,0.0,0.446930127743484
2025-04-19 23:00:00,WX-MASTER,0.0,7.648,30.84,WEATHER_STATION,VALID,0.0,0.12672393707632368
2025-04-20 00:00:00,WX-MASTER,0.0,9.829,30.6,WEATHER_STATION,VALID,0.0,0.40191261443879306
2025-04-20 01:00:00,WX-MASTER,0.0,11.088,32.58,WEATHER_STATION,VALID,0.0,0.6677036138192592
2025-04-20 02:00:00,WX-MASTER,0.0,7.97,28.56,WEATHER_STATION,VALID,0.0,0.15492783972565155
2025-04-20 03:00:00,WX-MASTER,0.0,8.0,27.86,WEATHER_STATION,VALID,0.0,0.15775034293552817
2025-04-20 04:00:00,WX-MASTER,0.0,9.949,26.47,WEATHER_STATION,VALID,0.0,0.42347447089311385
2025-04-20 05:00:00,WX-MASTER,0.0,7.106,26.97,WEATHER_STATION,VALID,0.0,0.08736090696120712
2025-04-20 06:00:00,WX-MASTER,0.0,7.566,26.01,WEATHER_STATION,VALID,0.0,0.12013457615407405
2025-04-20 07:00:00,WX-MASTER,0.2786,7.004,24.56,WEATHER_STATION,VALID,0.26327128340706346,0.08101072249503427
2025-04-20 08:00:00,WX-MASTER,0.4659,9.034,23.99,WEATHER_STATION,VALID,0.4576795736986455,0.277252976021509
2025-04-20 09:00:00,WX-MASTER,0.6575,6.911,24.84,WEATHER_STATION,VALID,0.6318281263923079,0.07549596607478737
2025-04-20 10:00:00,WX-MASTER,0.8947,7.218,24.66,WEATHER_STATION,VALID,0.8625951307936034,0.0947065519525926
2025-04-20 11:00:00,WX-MASTER,0.9786,6.435,25.95,WEATHER_STATION,VALID,0.9219858801099203,0.051149397592592565
2025-04-20 12:00:00,WX-MASTER,0.8132,8.775,27.13,WEATHER_STATION,VALID,0.7805218103235345,0.243061550925926
2025-04-20 13:00:00,WX-MASTER,0.8628,6.103,27.2,WEATHER_STATION,VALID,0.8368180640469995,0.037705580012126184
2025-04-20 14:00:00,WX-MASTER,0.8001,5.396,30.45,WEATHER_STATION,VALID,0.7872629298582612,0.017358841598244166
2025-04-20 15:00:00,WX-MASTER,0.5977,5.418,31.0,WEATHER_STATION,VALID,0.5728545359446233,0.01784141061925926
2025-04-20 16:00:00,WX-MASTER,0.4923,8.336,30.18,WEATHER_STATION,VALID,0.4897698939598569,0.1917378096179973
2025-04-20 17:00:00,WX-MASTER,0.2726,8.618,30.02,WEATHER_STATION,VALID,0.2616228504171288,0.22377187641898494
2025-04-20 18:00:00,WX-MASTER,0.0,9.475,31.7,WEATHER_STATION,VALID,0.0,0.34259389317558303
2025-04-20 19:00:00,WX-MASTER,0.0,6.466,31.93,WEATHER_STATION,VALID,0.0,0.052546763786447195
2025-04-20 20:00:00,WX-MASTER,0.0,8.066,32.13,WEATHER_STATION,VALID,0.0,0.16408007859577514
2025-04-20 21:00:00,WX-MASTER,0.0,11.772,31.61,WEATHER_STATION,VALID,0.0,0.8518363489659261
2025-04-20 22:00:00,WX-MASTER,0.0,8.447,30.48,WEATHER_STATION,VALID,0.0,0.2039540928026885
2025-04-20 23:00:00,WX-MASTER,0.0,8.288,31.22,WEATHER_STATION,VALID,0.0,0.18660988208812077
2025-04-21 00:00:00,WX-MASTER,0.0,9.127,30.03,WEATHER_STATION,VALID,0.0,0.29027119444768185
2025-04-21 01:00:00,WX-MASTER,0.0,9.905,29.29,WEATHER_STATION,VALID,0.0,0.4154811717626885
2025-04-21 02:00:00,WX-MASTER,0.0,9.877,28.81,WEATHER_STATION,VALID,0.0,0.41044727062052144
2025-04-21 03:00:00,WX-MASTER,0.0,8.338,27.71,WEATHER_STATION,VALID,0.0,0.19195348767385453
2025-04-21 04:00:00,WX-MASTER,0.0,8.241,27.03,WEATHER_STATION,VALID,0.0,0.181678183154074
2025-04-21 05:00:00,WX-MASTER,0.0,8.428,25.75,WEATHER_STATION,VALID,0.0,0.20182725614792874
2025-04-21 06:00:00,WX-MASTER,0.0,7.635,26.1,WEATHER_STATION,VALID,0.0,0.125663605
2025-04-21 07:00:00,WX-MASTER,0.2577,6.725,24.45,WEATHER_STATION,VALID,0.25437647974082994,0.06522876114540466
2025-04-21 08:00:00,WX-MASTER,0.5114,10.42,23.89,WEATHER_STATION,VALID,0.5053201573921752,0.5155514526200274
2025-04-21 09:00:00,WX-MASTER,0.7558,7.29,24.25,WEATHER_STATION,VALID,0.7293937530508039,0.09963964592592595
2025-04-21 10:00:00,WX-MASTER,0.7032,7.141,24.85,WEATHER_STATION,VALID,0.6798472222385562,0.08961402634200276
2025-04-21 11:00:00,WX-MASTER,0.6907,7.001,24.68,WEATHER_STATION,VALID,0.6768614003954473,0.08082876685997259
2025-04-21 12:00:00,WX-MASTER,1.0078,7.185,24.92,WEATHER_STATION,VALID,0.9687197062175704,0.09250105499999998
2025-04-21 13:00:00,WX-MASTER,0.7907,7.793,28.4,WEATHER_STATION,VALID,0.7739605665196814,0.13895769003626887
2025-04-21 14:00:00,WX-MASTER,0.7917,6.629,30.23,WEATHER_STATION,VALID,0.7669050665092468,0.06031442663083673
2025-04-21 15:00:00,WX-MASTER,0.6273,8.788,30.27,WEATHER_STATION,VALID,0.5993594440827684,0.2447067033775584
2025-04-21 16:00:00,WX-MASTER,0.5102,8.219,29.87,WEATHER_STATION,VALID,0.487571328636332,0.1793998970950342
2025-04-21 17:00:00,WX-MASTER,0.2449,7.382,29.11,WEATHER_STATION,VALID,0.24286877011987024,0.1061884835261454
2025-04-21 18:00:00,WX-MASTER,0.0,6.993,31.96,WEATHER_STATION,VALID,0.0,0.08034488428592595
2025-04-21 19:00:00,WX-MASTER,0.0,9.523,30.15,WEATHER_STATION,VALID,0.0,0.35026959047138545
2025-04-21 20:00:00,WX-MASTER,0.0,8.163,32.09,WEATHER_STATION,VALID,0.0,0.17368674415259258
2025-04-21 21:00:00,WX-MASTER,0.0,7.009,31.12,WEATHER_STATION,VALID,0.0,0.08131458835484227
2025-04-21 22:00:00,WX-MASTER,0.0,10.175,28.99,WEATHER_STATION,VALID,0.0,0.4661503506515776
2025-04-21 23:00:00,WX-MASTER,0.0,8.084,32.95,WEATHER_STATION,VALID,0.0,0.1658352785839232
2025-04-22 00:00:00,WX-MASTER,0.0,10.29,28.93,WEATHER_STATION,VALID,0.0,0.48892571999999995
2025-04-22 01:00:00,WX-MASTER,0.0,5.955,29.17,WEATHER_STATION,VALID,0.0,0.03256362574074075
2025-04-22 02:00:00,WX-MASTER,0.0,8.738,28.53,WEATHER_STATION,VALID,0.0,0.2384195866807133
2025-04-22 03:00:00,WX-MASTER,0.0,10.653,27.22,WEATHER_STATION,VALID,0.0,0.5656599607007409
2025-04-22 04:00:00,WX-MASTER,0.0,9.016,27.49,WEATHER_STATION,VALID,0.0,0.27477915381113854
2025-04-22 05:00:00,WX-MASTER,0.0,9.598,25.32,WEATHER_STATION,VALID,0.0,0.36249100364422504
2025-04-22 06:00:00,WX-MASTER,0.0,7.419,26.11,WEATHER_STATION,VALID,0.0,0.10890110931999997
2025-04-22 07:00:00,WX-MASTER,0.3083,8.79,25.69,WEATHER_STATION,VALID,0.2982188670635837,0.24496046074074063
2025-04-22 08:00:00,WX-MASTER,0.4717,8.082,23.53,WEATHER_STATION,VALID,0.46073166834305074,0.1656396412325927
2025-04-22 09:00:00,WX-MASTER,0.7053,8.143,25.59,WEATHER_STATION,VALID,0.6734735961376614,0.17167611312817566
2025-04-22 10:00:00,WX-MASTER,0.7739,10.254,24.39,WEATHER_STATION,VALID,0.7425560745418557,0.48171808671999994
2025-04-22 11:00:00,WX-MASTER,0.903,9.119,24.81,WEATHER_STATION,VALID,0.8712046995189079,0.2891356605024417
2025-04-22 12:00:00,WX-MASTER,1.009,8.327,27.29,WEATHER_STATION,VALID,0.9571048784029852,0.1907692575039232
2025-04-22 13:00:00,WX-MASTER,0.9164,8.281,27.29,WEATHER_STATION,VALID,0.8830994767304484,0.18586978710249663
2025-04-22 14:00:00,WX-MASTER,0.6429,6.059,29.13,WEATHER_STATION,VALID,0.6247586144325536,0.03612424091725652
2025-04-22 15:00:00,WX-MASTER,0.703,6.701,30.05,WEATHER_STATION,VALID,0.67769675641095,0.06397606942787377
2025-04-22 16:00:00,WX-MASTER,0.5606,5.457,28.72,WEATHER_STATION,VALID,0.541499995070937,0.018718703639999994
2025-04-22 17:00:00,WX-MASTER,0.2666,5.988,32.05,WEATHER_STATION,VALID,0.2585224132180446,0.03366681856000002
2025-04-22 18:00:00,WX-MASTER,0.0,6.714,32.06,WEATHER_STATION,VALID,0.0,0.0646526003792593
2025-04-22 19:00:00,WX-MASTER,0.0,8.083,31.36,WEATHER_STATION,VALID,0.0,0.1657374406639781
2025-04-22 20:00:00,WX-MASTER,0.0,6.789,32.02,WEATHER_STATION,VALID,0.0,0.06864898412
2025-04-22 21:00:00,WX-MASTER,0.0,8.581,32.99,WEATHER_STATION,VALID,0.0,0.21937966379385454
2025-04-22 22:00:00,WX-MASTER,0.0,8.655,31.33,WEATHER_STATION,VALID,0.0,0.2282223257407407
2025-04-22 23:00:00,WX-MASTER,0.0,7.561,33.7,WEATHER_STATION,VALID,0.0,0.1197403479321262
2025-04-23 00:00:00,WX-MASTER,0.0,11.152,32.21,WEATHER_STATION,VALID,0.0,0.6836799001143483
2025-04-23 01:00:00,WX-MASTER,0.0,7.509,29.72,WEATHER_STATION,VALID,0.0,0.11569138091999999
2025-04-23 02:00:00,WX-MASTER,0.0,10.677,28.4,WEATHER_STATION,VALID,0.0,0.57099843884
2025-04-23 03:00:00,WX-MASTER,0.0,6.221,27.55,WEATHER_STATION,VALID,0.0,0.04217280361058986
2025-04-23 04:00:00,WX-MASTER,0.0,8.831,26.2,WEATHER_STATION,VALID,0.0,0.25020122015873797
2025-04-23 05:00:00,WX-MASTER,0.0,7.271,26.35,WEATHER_STATION,VALID,0.0,0.09832161721552812
2025-04-23 06:00:00,WX-MASTER,0.0,7.748,26.47,WEATHER_STATION,VALID,0.0,0.1350804285770096
2025-04-23 07:00:00,WX-MASTER,0.3015,10.698,23.68,WEATHER_STATION,VALID,0.2969577584106679,0.5756970702340742
2025-04-23 08:00:00,WX-MASTER,0.5236,7.633,25.95,WEATHER_STATION,VALID,0.5024718325397926,0.12550100384916324
2025-04-23 09:00:00,WX-MASTER,0.6816,6.398,26.41,WEATHER_STATION,VALID,0.6459638476330443,0.04951427479923182
2025-04-23 10:00:00,WX-MASTER,0.829,8.244,26.33,WEATHER_STATION,VALID,0.8058854367491838,0.1819903449125926
2025-04-23 11:00:00,WX-MASTER,0.7893,6.967,26.04,WEATHER_STATION,VALID,0.7448251938647239,0.07878560973657062
2025-04-23 12:00:00,WX-MASTER,0.9773,7.5,27.56,WEATHER_STATION,VALID,0.9444660768364863,0.115
2025-04-23 13:00:00,WX-MASTER,0.7659,6.054,29.33,WEATHER_STATION,VALID,0.7577068873344028,0.035947392794074086
2025-04-23 14:00:00,WX-MASTER,0.8668,6.123,28.61,WEATHER_STATION,VALID,0.8159652626994869,0.038439369160000014
2025-04-23 15:00:00,WX-MASTER,0.7567,6.297,29.61,WEATHER_STATION,VALID,0.7194760716179793,0.04522901611407406
2025-04-23 16:00:00,WX-MASTER,0.2906,8.495,32.98,WEATHER_STATION,VALID,0.27738337144334074,0.20939359312071326
2025-04-23 17:00:00,WX-MASTER,0.2682,7.35,31.52,WEATHER_STATION,VALID,0.2598992642043828,0.10387907407407405
2025-04-23 18:00:00,WX-MASTER,0.0,6.511,30.5,WEATHER_STATION,VALID,0.0,0.0546201372901509
2025-04-23 19:00:00,WX-MASTER,0.0,8.338,33.1,WEATHER_STATION,VALID,0.0,0.19195348767385453
2025-04-23 20:00:00,WX-MASTER,0.0,8.492,32.66,WEATHER_STATION,VALID,0.0,0.20905082448417023
2025-04-23 21:00:00,WX-MASTER,0.0,9.385,31.27,WEATHER_STATION,VALID,0.0,0.32850577132373115
2025-04-23 22:00:00,WX-MASTER,0.0,8.236,30.38,WEATHER_STATION,VALID,0.0,0.18115870715434848
2025-04-23 23:00:00,WX-MASTER,0.0,8.942,31.44,WEATHER_STATION,VALID,0.0,0.26476357796565164
2025-04-24 00:00:00,WX-MASTER,0.0,9.723,30.34,WEATHER_STATION,VALID,0.0,0.3834861051600002
2025-04-24 01:00:00,WX-MASTER,0.0,7.925,28.08,WEATHER_STATION,VALID,0.0,0.15075752657750338
2025-04-24 02:00:00,WX-MASTER,0.0,10.384,28.56,WEATHER_STATION,VALID,0.0,0.5080838177992869
2025-04-24 03:00:00,WX-MASTER,0.0,9.18,27.58,WEATHER_STATION,VALID,0.0,0.29786928592592593
2025-04-24 04:00:00,WX-MASTER,0.0,7.592,26.84,WEATHER_STATION,VALID,0.0,0.12219851752120708
2025-04-24 05:00:00,WX-MASTER,0.0,7.393,26.78,WEATHER_STATION,VALID,0.0,0.10699017769607683
2025-04-24 06:00:00,WX-MASTER,0.0,8.476,23.52,WEATHER_STATION,VALID,0.0,0.20722904110002757
2025-04-24 07:00:00,WX-MASTER,0.2418,7.637,23.95,WEATHER_STATION,VALID,0.23599792403743916,0.1258263465360219
2025-04-24 08:00:00,WX-MASTER,0.5071,9.072,24.58,WEATHER_STATION,VALID,0.4701208605178292,0.2825241569659258
2025-04-24 09:00:00,WX-MASTER,0.7586,7.468,26.87,WEATHER_STATION,VALID,0.7392813962681462,0.11256407123928672
2025-04-24 10:00:00,WX-MASTER,0.6478,8.011,28.47,WEATHER_STATION,VALID,0.6272645392029906,0.15879378741360764
2025-04-24 11:00:00,WX-MASTER,0.8878,6.333,26.19,WEATHER_STATION,VALID,0.8604917854184201,0.04672682150074075
2025-04-24 12:00:00,WX-MASTER,0.8395,7.281,26.97,WEATHER_STATION,VALID,0.8232120106686659,0.09901385793925924
2025-04-24 13:00:00,WX-MASTER,0.8363,8.959,24.83,WEATHER_STATION,VALID,0.8102730612634313,0.26704254314496567
2025-04-24 14:00:00,WX-MASTER,0.7189,7.062,29.75,WEATHER_STATION,VALID,0.6850375793613023,0.08458241018074077
2025-04-24 15:00:00,WX-MASTER,0.6597,6.609,30.11,WEATHER_STATION,VALID,0.6385097498708474,0.05932270492000002
2025-04-24 16:00:00,WX-MASTER,0.5619,6.34,30.75,WEATHER_STATION,VALID,0.5456123913975751,0.04702184866941015
2025-04-24 17:00:00,WX-MASTER,0.2365,7.627,29.64,WEATHER_STATION,VALID,0.22981272805133363,0.12501404210200273
2025-04-24 18:00:00,WX-MASTER,0.0,9.713,34.07,WEATHER_STATION,VALID,0.0,0.3817774216313305
2025-04-24 19:00:00,WX-MASTER,0.0,6.362,33.87,WEATHER_STATION,VALID,0.0,0.04795715667182443
2025-04-24 20:00:00,WX-MASTER,0.0,8.33,32.52,WEATHER_STATION,VALID,0.0,0.19109174491083675
2025-04-24 21:00:00,WX-MASTER,0.0,6.418,33.23,WEATHER_STATION,VALID,0.0,0.050393726449163234
2025-04-24 22:00:00,WX-MASTER,0.0,8.336,31.76,WEATHER_STATION,VALID,0.0,0.1917378096179973
2025-04-24 23:00:00,WX-MASTER,0.0,9.391,32.12,WEATHER_STATION,VALID,0.0,0.32943273486052127
2025-04-25 00:00:00,WX-MASTER,0.0,7.127,28.83,WEATHER_STATION,VALID,0.0,0.08870818747923183
2025-04-25 01:00:00,WX-MASTER,0.0,8.665,26.83,WEATHER_STATION,VALID,0.0,0.22943519650891625
2025-04-25 02:00:00,WX-MASTER,0.0,9.615,27.13,WEATHER_STATION,VALID,0.0,0.365300145
2025-04-25 03:00:00,WX-MASTER,0.0,9.335,26.78,WEATHER_STATION,VALID,0.0,0.3208486059602197
2025-04-25 04:00:00,WX-MASTER,0.0,9.47,26.13,WEATHER_STATION,VALID,0.0,0.34180085207133065
2025-04-25 05:00:00,WX-MASTER,0.0,7.574,26.71,WEATHER_STATION,VALID,0.0,0.1207671395419479
2025-04-25 06:00:00,WX-MASTER,0.0,8.989,25.31,WEATHER_STATION,VALID,0.0,0.2710960802955831
2025-04-25 07:00:00,WX-MASTER,0.2217,7.578,25.24,WEATHER_STATION,VALID,0.21115946193675664,0.1210842522192593
2025-04-25 08:00:00,WX-MASTER,0.5529,9.025,23.73,WEATHER_STATION,VALID,0.5255154056423489,0.27601421724965713
2025-04-25 09:00:00,WX-MASTER,0.7566,4.843,23.75,WEATHER_STATION,VALID,0.7535064701349423,0.007900167597311386
2025-04-25 10:00:00,WX-MASTER,0.887,7.247,25.67,WEATHER_STATION,VALID,0.8542385702180392,0.09667341981503427
2025-04-25 11:00:00,WX-MASTER,0.828,7.572,25.53,WEATHER_STATION,VALID,0.8028415628704819,0.12060879104000001
2025-04-25 12:00:00,WX-MASTER,0.8809,9.072,26.91,WEATHER_STATION,VALID,0.8491508276076927,0.2825241569659258
2025-04-25 13:00:00,WX-MASTER,0.9424,7.368,28.4,WEATHER_STATION,VALID,0.9007776381908938,0.10517395076740745
2025-04-25 14:00:00,WX-MASTER,0.8309,7.506,30.62,WEATHER_STATION,VALID,0.803042199915921,0.11546061360592597
2025-04-25 15:00:00,WX-MASTER,0.6443,7.822,29.53,WEATHER_STATION,VALID,0.6487286953276409,0.14149526835138548
2025-04-25 16:00:00,WX-MASTER,0.4116,9.099,32.58,WEATHER_STATION,VALID,0.4078466458660951,0.28630979044592586
2025-04-25 17:00:00,WX-MASTER,0.2774,7.162,31.61,WEATHER_STATION,VALID,0.26552892574016634,0.09098431435632373
2025-04-25 18:00:00,WX-MASTER,0.0,6.063,32.51,WEATHER_STATION,VALID,0.0,0.03626613630074074
2025-04-25 19:00:00,WX-MASTER,0.0,6.068,33.3,WEATHER_STATION,VALID,0.0,0.03644402743133058
2025-04-25 20:00:00,WX-MASTER,0.0,9.265,33.02,WEATHER_STATION,VALID,0.0,0.3103298310768176
2025-04-25 21:00:00,WX-MASTER,0.0,8.942,31.07,WEATHER_STATION,VALID,0.0,0.26476357796565164
2025-04-25 22:00:00,WX-MASTER,0.0,8.542,32.98,WEATHER_STATION,VALID,0.0,0.21481265525508916
2025-04-25 23:00:00,WX-MASTER,0.0,8.294,30.68,WEATHER_STATION,VALID,0.0,0.18724581071231833
2025-04-26 00:00:00,WX-MASTER,0.0,9.423,30.75,WEATHER_STATION,VALID,0.0,0.33440600308592594
2025-04-26 01:00:00,WX-MASTER,0.0,9.522,29.7,WEATHER_STATION,VALID,0.0,0.3501085222992593
2025-04-26 02:00:00,WX-MASTER,0.0,9.868,30.01,WEATHER_STATION,VALID,0.0,0.40883790906644735
2025-04-26 03:00:00,WX-MASTER,0.0,7.729,28.2,WEATHER_STATION,VALID,0.0,0.13346526130299044
2025-04-26 04:00:00,WX-MASTER,0.0,6.742,25.23,WEATHER_STATION,VALID,0.0,0.06612590799582992
2025-04-26 05:00:00,WX-MASTER,0.0,7.659,28.67,WEATHER_STATION,VALID,0.0,0.12762578617925924
2025-04-26 06:00:00,WX-MASTER,0.0,6.861,26.61,WEATHER_STATION,VALID,0.0,0.07263730187999999
2025-04-26 07:00:00,WX-MASTER,0.3098,6.54,24.6,WEATHER_STATION,VALID,0.30552015779353026,0.055984794074074064
2025-04-26 08:00:00,WX-MASTER,0.5432,10.144,23.77,WEATHER_STATION,VALID,0.5171460506209496,0.46013433007583
2025-04-26 09:00:00,WX-MASTER,0.7293,4.906,26.4,WEATHER_STATION,VALID,0.7144087082558442,0.008738340991385454
2025-04-26 10:00:00,WX-MASTER,0.8813,8.24,24.39,WEATHER_STATION,VALID,0.8592438154388198,0.18157420861454046
2025-04-26 11:00:00,WX-MASTER,0.9272,8.628,27.13,WEATHER_STATION,VALID,0.9098170620450353,0.22496894170074072
2025-04-26 12:00:00,WX-MASTER,0.8744,8.607,28.17,WEATHER_STATION,VALID,0.8596048306543145,0.2224600176399999
2025-04-26 13:00:00,WX-MASTER,0.8577,7.622,26.95,WEATHER_STATION,VALID,0.8230343574300094,0.12460920419775035
2025-04-26 14:00:00,WX-MASTER,0.7615,8.983,27.75,WEATHER_STATION,VALID,0.7201852812516158,0.2702821142936077
2025-04-26 15:00:00,WX-MASTER,0.7604,9.659,28.98,WEATHER_STATION,VALID,0.731502676290061,0.37263817454688625
2025-04-26 16:00:00,WX-MASTER,0.5287,7.083,29.2,WEATHER_STATION,VALID,0.5198902241916479,0.08590104335259259
2025-04-26 17:00:00,WX-MASTER,0.2607,8.246,31.39,WEATHER_STATION,VALID,0.2507594937352617,0.18219865127725654
2025-04-26 18:00:00,WX-MASTER,0.0,9.552,32.12,WEATHER_STATION,VALID,0.0,0.35496208384
2025-04-26 19:00:00,WX-MASTER,0.0,7.026,32.89,WEATHER_STATION,VALID,0.0,0.08235341455407406
2025-04-26 20:00:00,WX-MASTER,0.0,8.089,31.14,WEATHER_STATION,VALID,0.0,0.16632504577706456
2025-04-26 21:00:00,WX-MASTER,0.0,7.845,33.03,WEATHER_STATION,VALID,0.0,0.14352965574074075
2025-04-26 22:00:00,WX-MASTER,0.0,9.481,30.48,WEATHER_STATION,VALID,0.0,0.3435471605345954
2025-04-26 23:00:00,WX-MASTER,0.0,6.594,32.12,WEATHER_STATION,VALID,0.0,0.05858609039407409
2025-04-27 00:00:00,WX-MASTER,0.0,11.061,28.59,WEATHER_STATION,VALID,0.0,0.6610389691392591
2025-04-27 01:00:00,WX-MASTER,0.0,9.949,31.41,WEATHER_STATION,VALID,0.0,0.42347447089311385
2025-04-27 02:00:00,WX-MASTER,0.0,10.016,28.0,WEATHER_STATION,VALID,0.0,0.4358419611636763
2025-04-27 03:00:00,WX-MASTER,0.0,6.104,28.44,WEATHER_STATION,VALID,0.0,0.03774204575429356
2025-04-27 04:00:00,WX-MASTER,0.0,7.689,27.69,WEATHER_STATION,VALID,0.0,0.13010710012
2025-04-27 05:00:00,WX-MASTER,0.0,10.79,24.63,WEATHER_STATION,VALID,0.0,0.5965854703429353
2025-04-27 06:00:00,WX-MASTER,0.0,8.393,26.6,WEATHER_STATION,VALID,0.0,0.19794820134491092
2025-04-27 07:00:00,WX-MASTER,0.2715,6.129,24.58,WEATHER_STATION,VALID,0.26525073561279217,0.038661347645925916
2025-04-27 08:00:00,WX-MASTER,0.4573,8.397,24.76,WEATHER_STATION,VALID,0.43664694465796455,0.19838898396592597
2025-04-27 09:00:00,WX-MASTER,0.6369,8.741,24.44,WEATHER_STATION,VALID,0.6321663049360422,0.23879374115133054
2025-04-27 10:00:00,WX-MASTER,0.8937,8.326,27.53,WEATHER_STATION,VALID,0.8580270382361573,0.19066184238397813
2025-04-27 11:00:00,WX-MASTER,0.9376,7.259,24.75,WEATHER_STATION,VALID,0.9165192655244023,0.09749519657157754
2025-04-27 12:00:00,WX-MASTER,0.9532,8.805,27.39,WEATHER_STATION,VALID,0.9398453481500674,0.24686923500000005
2025-04-27 13:00:00,WX-MASTER,0.8499,6.354,26.97,WEATHER_STATION,VALID,0.8293082217857973,0.04761562331259261
2025-04-27 14:00:00,WX-MASTER,0.5298,7.975,29.94,WEATHER_STATION,VALID,0.5146567530249907,0.15539589934842243
2025-04-27 15:00:00,WX-MASTER,0.6276,7.521,32.32,WEATHER_STATION,VALID,0.6088736908268345,0.11661752502074073
2025-04-27 16:00:00,WX-MASTER,0.4855,7.308,29.62,WEATHER_STATION,VALID,0.4705239677119196,0.10089912101925924
2025-04-27 17:00:00,WX-MASTER,0.3034,7.177,31.27,WEATHER_STATION,VALID,0.2916734451768909,0.09197159639829904
2025-04-27 18:00:00,WX-MASTER,0.0,7.452,31.19,WEATHER_STATION,VALID,0.0,0.11135911376592592
2025-04-27 19:00:00,WX-MASTER,0.0,8.194,33.25,WEATHER_STATION,VALID,0.0,0.17683414824866955
2025-04-27 20:00:00,WX-MASTER,0.0,8.033,31.83,WEATHER_STATION,VALID,0.0,0.16089445989305895
2025-04-27 21:00:00,WX-MASTER,0.0,9.617,33.09,WEATHER_STATION,VALID,0.0,0.365631583187874
2025-04-27 22:00:00,WX-MASTER,0.0,8.19,31.18,WEATHER_STATION,VALID,0.0,0.1764259125925926
2025-04-27 23:00:00,WX-MASTER,0.0,11.106,33.79,WEATHER_STATION,VALID,0.0,0.6721715042725925
2025-04-28 00:00:00,WX-MASTER,0.0,8.444,27.73,WEATHER_STATION,VALID,0.0,0.2036172879468863
2025-04-28 01:00:00,WX-MASTER,0.0,10.457,29.97,WEATHER_STATION,VALID,0.0,0.5233024021310837
2025-04-28 02:00:00,WX-MASTER,0.0,10.507,28.6,WEATHER_STATION,VALID,0.0,0.5338995399390397
2025-04-28 03:00:00,WX-MASTER,0.0,9.397,27.65,WEATHER_STATION,VALID,0.0,0.33036144053657074
2025-04-28 04:00:00,WX-MASTER,0.0,9.146,27.2,WEATHER_STATION,VALID,0.0,0.29297999468466407
2025-04-28 05:00:00,WX-MASTER,0.0,7.91,26.21,WEATHER_STATION,VALID,0.0,0.14938423775034293
2025-04-28 06:00:00,WX-MASTER,0.0,7.956,25.84,WEATHER_STATION,VALID,0.0,0.15362227493925934
2025-04-28 07:00:00,WX-MASTER,0.1572,8.661,25.72,WEATHER_STATION,VALID,0.15454554676689114,0.22894953388000003
2025-04-28 08:00:00,WX-MASTER,0.4214,8.055,27.21,WEATHER_STATION,VALID,0.40255134786374497,0.16301357759259258
2025-04-28 09:00:00,WX-MASTER,0.7317,9.402,21.91,WEATHER_STATION,VALID,0.7003591694161019,0.33113669391407397
2025-04-28 10:00:00,WX-MASTER,0.8649,7.049,27.8,WEATHER_STATION,VALID,0.8403632473795247,0.08377291533207137
2025-04-28 11:00:00,WX-MASTER,0.9544,6.948,29.21,WEATHER_STATION,VALID,0.9504793110757688,0.07765898875259263
2025-04-28 12:00:00,WX-MASTER,0.751,5.17,24.76,WEATHER_STATION,VALID,0.7068911584222568,0.012895539039780522
2025-04-28 13:00:00,WX-MASTER,0.9032,8.109,27.76,WEATHER_STATION,VALID,0.8798748546653012,0.16829375751259257
2025-04-28 14:00:00,WX-MASTER,0.8582,7.997,30.26,WEATHER_STATION,VALID,0.8147401941926588,0.15746656265454043
2025-04-28 15:00:00,WX-MASTER,0.6002,8.621,30.62,WEATHER_STATION,VALID,0.5764831180652895,0.224130548993306
2025-04-28 16:00:00,WX-MASTER,0.5006,8.83,32.37,WEATHER_STATION,VALID,0.48284550700875567,0.25007251582990403
2025-04-28 17:00:00,WX-MASTER,0.2716,8.701,31.53,WEATHER_STATION,VALID,0.2617388490088381,0.23383710306299046
2025-04-28 18:00:00,WX-MASTER,0.0,8.984,29.2,WEATHER_STATION,VALID,0.0,0.27041766199133055
2025-04-28 19:00:00,WX-MASTER,0.0,8.951,33.56,WEATHER_STATION,VALID,0.0,0.2659684668352813
2025-04-28 20:00:00,WX-MASTER,0.0,9.412,32.88,WEATHER_STATION,VALID,0.0,0.33269083731928684
2025-04-28 21:00:00,WX-MASTER,0.0,6.275,33.75,WEATHER_STATION,VALID,0.0,0.04432964077503431
2025-04-28 22:00:00,WX-MASTER,0.0,7.463,29.8,WEATHER_STATION,VALID,0.0,0.11218659311281207
2025-04-28 23:00:00,WX-MASTER,0.0,7.431,29.63,WEATHER_STATION,VALID,0.0,0.10979069875407409
2025-04-29 00:00:00,WX-MASTER,0.0,10.854,30.37,WEATHER_STATION,VALID,0.0,0.6114106366459258
2025-04-29 01:00:00,WX-MASTER,0.0,8.247,31.1,WEATHER_STATION,VALID,0.0,0.18230286403999996
2025-04-29 02:00:00,WX-MASTER,0.0,8.45,30.53,WEATHER_STATION,VALID,0.0,0.20429126886145402
2025-04-29 03:00:00,WX-MASTER,0.0,9.195,26.82,WEATHER_STATION,VALID,0.0,0.3000435057407408
2025-04-29 04:00:00,WX-MASTER,0.0,7.434,26.36,WEATHER_STATION,VALID,0.0,0.11001385051259262
2025-04-29 05:00:00,WX-MASTER,0.0,9.357,29.57,WEATHER_STATION,VALID,0.0,0.32420292838074066
2025-04-29 06:00:00,WX-MASTER,0.0,5.864,24.9,WEATHER_STATION,VALID,0.0,0.02964690351231823
2025-04-29 07:00:00,WX-MASTER,0.2776,6.849,26.03,WEATHER_STATION,VALID,0.27694271534227827,0.07196213377925928
2025-04-29 08:00:00,WX-MASTER,0.4916,8.377,24.56,WEATHER_STATION,VALID,0.4910432337769307,0.19619159975632386
2025-04-29 09:00:00,WX-MASTER,0.7555,6.254,25.79,WEATHER_STATION,VALID,0.7139736811725854,0.043482343729602184
2025-04-29 10:00:00,WX-MASTER,0.851,9.334,24.53,WEATHER_STATION,VALID,0.8573049782281178,0.32069668900916315
2025-04-29 11:00:00,WX-MASTER,0.945,7.525,25.12,WEATHER_STATION,VALID,0.9036766754026516,0.1169273345336077
2025-04-29 12:00:00,WX-MASTER,0.8367,8.811,26.4,WEATHER_STATION,VALID,0.8239069401804564,0.24763551247259252
2025-04-29 13:00:00,WX-MASTER,0.7776,7.742,27.04,WEATHER_STATION,VALID,0.7655918884487946,0.13456897608910837
2025-04-29 14:00:00,WX-MASTER,0.7521,7.267,28.23,WEATHER_STATION,VALID,0.7183041207058841,0.09804562687237314
2025-04-29 15:00:00,WX-MASTER,0.6307,6.06,30.14,WEATHER_STATION,VALID,0.6164455599636148,0.03615967999999999
2025-04-29 16:00:00,WX-MASTER,0.5429,8.699,32.62,WEATHER_STATION,VALID,0.5257372989535694,0.2335910882456516
2025-04-29 17:00:00,WX-MASTER,0.3042,8.254,30.36,WEATHER_STATION,VALID,0.29760340781113764,0.18303346625360764
2025-04-29 18:00:00,WX-MASTER,0.0,10.619,30.44,WEATHER_STATION,VALID,0.0,0.5581542291444169
2025-04-29 19:00:00,WX-MASTER,0.0,9.239,31.99,WEATHER_STATION,VALID,0.0,0.30648219962342943
2025-04-29 20:00:00,WX-MASTER,0.0,7.907,31.08,WEATHER_STATION,VALID,0.0,0.1491105846249109
2025-04-29 21:00:00,WX-MASTER,0.0,9.05,30.02,WEATHER_STATION,VALID,0.0,0.27946435528120717
2025-04-29 22:00:00,WX-MASTER,0.0,9.446,32.91,WEATHER_STATION,VALID,0.0,0.3380112869315775
2025-04-29 23:00:00,WX-MASTER,0.0,10.59,31.17,WEATHER_STATION,VALID,0.0,0.5518049940740739
2025-04-30 00:00:00,WX-MASTER,0.0,10.926,30.55,WEATHER_STATION,VALID,0.0,0.6283802157392593
2025-04-30 01:00:00,WX-MASTER,0.0,9.059,27.18,WEATHER_STATION,VALID,0.0,0.2807134078308367
2025-04-30 02:00:00,WX-MASTER,0.0,7.684,27.88,WEATHER_STATION,VALID,0.0,0.12969133424373117
2025-04-30 03:00:00,WX-MASTER,0.0,6.781,25.98,WEATHER_STATION,VALID,0.0,0.0682150703123731
2025-04-30 04:00:00,WX-MASTER,0.0,7.574,26.81,WEATHER_STATION,VALID,0.0,0.1207671395419479
2025-04-30 05:00:00,WX-MASTER,0.0,8.098,26.27,WEATHER_STATION,VALID,0.0,0.16720905500224972
2025-04-30 06:00:00,WX-MASTER,0.0,10.594,25.71,WEATHER_STATION,VALID,0.0,0.5526778728906446
2025-04-30 07:00:00,WX-MASTER,0.3112,10.36,24.4,WEATHER_STATION,VALID,0.3011398518084627,0.5031456728669409
2025-04-30 08:00:00,WX-MASTER,0.4427,9.372,24.06,WEATHER_STATION,VALID,0.4389210177445031,0.32650331903999996
2025-04-30 09:00:00,WX-MASTER,0.5851,9.472,24.97,WEATHER_STATION,VALID,0.5795573716343796,0.34211792148718784
2025-04-30 10:00:00,WX-MASTER,0.8459,6.73,25.98,WEATHER_STATION,VALID,0.8236113671507482,0.06549178002743487
2025-04-30 11:00:00,WX-MASTER,0.9902,5.499,25.41,WEATHER_STATION,VALID,0.9482864415172713,0.019695139779259248
2025-04-30 12:00:00,WX-MASTER,0.9084,6.035,25.71,WEATHER_STATION,VALID,0.9026140822252086,0.03528063435528122
2025-04-30 13:00:00,WX-MASTER,0.4145,4.636,26.6,WEATHER_STATION,VALID,0.40168562461998086,0.005525991302496572
2025-04-30 14:00:00,WX-MASTER,0.6429,5.839,27.79,WEATHER_STATION,VALID,0.6248296740717821,0.02887729281410152
2025-04-30 15:00:00,WX-MASTER,0.6273,6.703,28.95,WEATHER_STATION,VALID,0.6052854865115549,0.06407984243187931
2025-04-30 16:00:00,WX-MASTER,0.4433,7.713,29.02,WEATHER_STATION,VALID,0.4240843392252868,0.13211514881925931
2025-04-30 17:00:00,WX-MASTER,0.2195,7.861,30.52,WEATHER_STATION,VALID,0.2080795046756869,0.144956322401262
2025-04-30 18:00:00,WX-MASTER,0.0,7.017,33.1,WEATHER_STATION,VALID,0.0,0.08180235264740743
2025-04-30 19:00:00,WX-MASTER,0.0,8.907,31.61,WEATHER_STATION,VALID,0.0,0.2601124930474074
2025-04-30 20:00:00,WX-MASTER,0.0,7.556,30.6,WEATHER_STATION,VALID,0.0,0.1193469831093553
2025-04-30 21:00:00,WX-MASTER,0.0,8.692,29.25,WEATHER_STATION,VALID,0.0,0.23273139530447193
2025-04-30 22:00:00,WX-MASTER,0.0,7.459,33.82,WEATHER_STATION,VALID,0.0,0.11188521894743482
2025-04-30 23:00:00,WX-MASTER,0.0,10.497,32.43,WEATHER_STATION,VALID,0.0,0.5317687740399999
2025-05-01 00:00:00,WX-MASTER,0.0,9.239,30.66,WEATHER_STATION,VALID,0.0,0.30648219962342943
2025-05-01 01:00:00,WX-MASTER,0.0,10.156,30.87,WEATHER_STATION,VALID,0.0,0.4624569330901511
2025-05-01 02:00:00,WX-MASTER,0.0,7.687,29.2,WEATHER_STATION,VALID,0.0,0.12994068730694103
2025-05-01 03:00:00,WX-MASTER,0.0,9.422,27.57,WEATHER_STATION,VALID,0.0,0.33424983590145413
2025-05-01 05:00:00,WX-MASTER,0.0,6.214,28.38,WEATHER_STATION,VALID,0.0,0.04189844608570647
2025-05-01 06:00:00,WX-MASTER,0.0,10.161,25.01,WEATHER_STATION,VALID,0.0,0.4634269864725926
2025-05-01 07:00:00,WX-MASTER,0.2802,6.764,24.73,WEATHER_STATION,VALID,0.2638291222926691,0.06729908247528124
2025-05-01 08:00:00,WX-MASTER,0.4803,8.402,25.11,WEATHER_STATION,VALID,0.4667337840960251,0.1989408817878737
2025-05-01 09:00:00,WX-MASTER,0.6531,10.201,25.25,WEATHER_STATION,VALID,0.6115351392048934,0.4712362939271882
2025-05-01 10:00:00,WX-MASTER,0.7322,8.895,26.23,WEATHER_STATION,VALID,0.6957123217044615,0.25853046499999993
2025-05-01 11:00:00,WX-MASTER,0.9178,5.536,26.65,WEATHER_STATION,VALID,0.8828704530378172,0.020582970265459525
2025-05-01 12:00:00,WX-MASTER,0.894,7.116,26.13,WEATHER_STATION,VALID,0.856032456939896,0.08800075482074074
2025-05-01 13:00:00,WX-MASTER,0.8154,8.889,27.69,WEATHER_STATION,VALID,0.7957864723904946,0.25774186219407397
2025-05-01 14:00:00,WX-MASTER,0.7456,6.23,29.22,WEATHER_STATION,VALID,0.7266496088662373,0.042527305404663936
2025-05-01 15:00:00,WX-MASTER,0.5892,6.897,28.68,WEATHER_STATION,VALID,0.5794233933165774,0.07468811804000003
2025-05-01 17:00:00,WX-MASTER,0.2783,8.43,31.02,WEATHER_STATION,VALID,0.27309182589220904,0.20205043407407403
2025-05-01 18:00:00,WX-MASTER,0.0,5.919,33.52,WEATHER_STATION,VALID,0.0,0.03138792339407407
2025-05-01 19:00:00,WX-MASTER,0.0,8.985,30.28,WEATHER_STATION,VALID,0.0,0.27055325499999994
2025-05-01 20:00:00,WX-MASTER,0.0,7.622,32.85,WEATHER_STATION,VALID,0.0,0.12460920419775035
2025-05-01 21:00:00,WX-MASTER,0.0,8.668,30.88,WEATHER_STATION,VALID,0.0,0.22979989385657051
2025-05-01 22:00:00,WX-MASTER,0.0,8.613,30.84,WEATHER_STATION,VALID,0.0,0.22317493948592584
2025-05-01 23:00:00,WX-MASTER,0.0,9.866,32.13,WEATHER_STATION,VALID,0.0,0.4084808454105898
2025-05-02 00:00:00,WX-MASTER,0.0,9.188,30.03,WEATHER_STATION,VALID,0.0,0.2990275579399726
2025-05-02 01:00:00,WX-MASTER,0.0,11.15,32.58,WEATHER_STATION,VALID,0.0,0.6831768244170096
2025-05-02 02:00:00,WX-MASTER,0.0,10.558,29.18,WEATHER_STATION,VALID,0.0,0.5448550264787928
2025-05-02 03:00:00,WX-MASTER,0.0,8.165,26.81,WEATHER_STATION,VALID,0.0,0.17388866633058978
2025-05-02 04:00:00,WX-MASTER,0.0,10.838,27.43,WEATHER_STATION,VALID,0.0,0.6076815858905897
2025-05-02 05:00:00,WX-MASTER,0.0,9.29,25.79,WEATHER_STATION,VALID,0.0,0.31405971725651566
2025-05-02 06:00:00,WX-MASTER,0.0,8.867,26.52,WEATHER_STATION,VALID,0.0,0.25486404034836774
2025-05-02 07:00:00,WX-MASTER,0.3119,9.495,24.82,WEATHER_STATION,VALID,0.30712250921497825,0.34577832425925914
2025-05-02 08:00:00,WX-MASTER,0.5022,6.778,25.54,WEATHER_STATION,VALID,0.48772622690458295,0.06805282523434841
2025-05-02 09:00:00,WX-MASTER,0.5151,6.087,25.41,WEATHER_STATION,VALID,0.4929805756487671,0.03712531843999999
2025-05-02 10:00:00,WX-MASTER,0.8345,7.69,25.62,WEATHER_STATION,VALID,0.8195859964556432,0.13019035978052135
2025-05-02 11:00:00,WX-MASTER,0.9924,6.689,27.33,WEATHER_STATION,VALID,0.954285159017401,0.06335578330244171
2025-05-02 12:00:00,WX-MASTER,1.0208,10.047,24.64,WEATHER_STATION,VALID,0.9686396623991885,0.44164479204000007
2025-05-02 14:00:00,WX-MASTER,0.7155,7.348,27.71,WEATHER_STATION,VALID,0.7049952682190443,0.10373585845903978
2025-05-02 15:00:00,WX-MASTER,0.287,7.618,27.84,WEATHER_STATION,VALID,0.27607779745991784,0.12428596388126206
2025-05-02 16:00:00,WX-MASTER,0.4633,9.104,29.3,WEATHER_STATION,VALID,0.446559355772594,0.28701452377898484
2025-05-02 17:00:00,WX-MASTER,0.2829,6.399,30.28,WEATHER_STATION,VALID,0.2745877474163517,0.049558002445925925
2025-05-02 18:00:00,WX-MASTER,0.0,5.826,31.3,WEATHER_STATION,VALID,0.0,0.028482412479999986
2025-05-02 19:00:00,WX-MASTER,0.0,9.988,32.34,WEATHER_STATION,VALID,0.0,0.43064458229113844
2025-05-02 20:00:00,WX-MASTER,0.0,8.54,32.7,WEATHER_STATION,VALID,0.0,0.2145801740466391
2025-05-02 21:00:00,WX-MASTER,0.0,9.739,31.44,WEATHER_STATION,VALID,0.0,0.3862305905424967
2025-05-02 22:00:00,WX-MASTER,0.0,10.023,33.49,WEATHER_STATION,VALID,0.0,0.43714780723407404
2025-05-02 23:00:00,WX-MASTER,0.0,10.429,30.58,WEATHER_STATION,VALID,0.0,0.517429724858546
2025-05-03 00:00:00,WX-MASTER,0.0,8.728,27.95,WEATHER_STATION,VALID,0.0,0.23717522809854585
2025-05-03 01:00:00,WX-MASTER,0.0,8.437,29.03,WEATHER_STATION,VALID,0.0,0.20283285236866935
2025-05-03 02:00:00,WX-MASTER,0.0,6.68,28.59,WEATHER_STATION,VALID,0.0,0.06289320910836761
2025-05-03 03:00:00,WX-MASTER,0.0,7.909,23.7,WEATHER_STATION,VALID,0.0,0.14929298287336074
2025-05-03 04:00:00,WX-MASTER,0.0,9.148,28.24,WEATHER_STATION,VALID,0.0,0.29326610794052127
2025-05-03 05:00:00,WX-MASTER,0.0,7.966,25.94,WEATHER_STATION,VALID,0.0,0.15455406946545955
2025-05-03 06:00:00,WX-MASTER,0.0,7.166,24.12,WEATHER_STATION,VALID,0.0,0.09124689518836765
2025-05-03 07:00:00,WX-MASTER,0.1951,8.461,24.0,WEATHER_STATION,VALID,0.19191641398682605,0.2055307602284226
2025-05-03 08:00:00,WX-MASTER,0.4073,9.881,25.95,WEATHER_STATION,VALID,0.39066997435947853,0.41116389598589853
2025-05-03 09:00:00,WX-MASTER,0.7664,7.811,26.22,WEATHER_STATION,VALID,0.7459864309356968,0.14052913392663924
2025-05-03 10:00:00,WX-MASTER,0.7698,6.188,24.73,WEATHER_STATION,VALID,0.7320072183053423,0.04088982361898491
2025-05-03 11:00:00,WX-MASTER,0.8089,9.135,24.44,WEATHER_STATION,VALID,0.7768134959767955,0.2914096975925926
2025-05-03 12:00:00,WX-MASTER,1.0218,6.349,26.94,WEATHER_STATION,VALID,0.9807811668695079,0.04740299059681756
2025-05-03 13:00:00,WX-MASTER,0.9935,9.216,28.01,WEATHER_STATION,VALID,0.9770857200623253,0.30310515067259247
2025-05-03 14:00:00,WX-MASTER,0.8066,6.956,29.22,WEATHER_STATION,VALID,0.7920899006530812,0.07813203713404666
2025-05-03 15:00:00,WX-MASTER,0.6574,7.506,28.77,WEATHER_STATION,VALID,0.6404077193509312,0.11546061360592597
2025-05-03 16:00:00,WX-MASTER,0.4957,9.536,30.14,WEATHER_STATION,VALID,0.47078794154604914,0.35236797416120713
2025-05-03 17:00:00,WX-MASTER,0.2833,5.939,31.04,WEATHER_STATION,VALID,0.27347668822543064,0.03203753231478738
2025-05-03 18:00:00,WX-MASTER,0.0,6.559,32.73,WEATHER_STATION,VALID,0.0,0.05689109109558301
2025-05-03 19:00:00,WX-MASTER,0.0,7.754,33.51,WEATHER_STATION,VALID,0.0,0.1355931753345404
2025-05-03 20:00:00,WX-MASTER,0.0,8.257,33.96,WEATHER_STATION,VALID,0.0,0.18334717808718784
2025-05-03 21:00:00,WX-MASTER,0.0,12.124,33.48,WEATHER_STATION,VALID,0.0,0.92
2025-05-03 22:00:00,WX-MASTER,0.0,7.758,33.75,WEATHER_STATION,VALID,0.0,0.13593572635259257
2025-05-03 23:00:00,WX-MASTER,0.0,7.398,32.23,WEATHER_STATION,VALID,0.0,0.10735591408592592
2025-05-04 00:00:00,WX-MASTER,0.0,8.005,29.56,WEATHER_STATION,VALID,0.0,0.15822406737311395
2025-05-04 01:00:00,WX-MASTER,0.0,9.586,31.27,WEATHER_STATION,VALID,0.0,0.360516775598793
2025-05-04 02:00:00,WX-MASTER,0.0,9.918,26.87,WEATHER_STATION,VALID,0.0,0.41783226395259254
2025-05-04 03:00:00,WX-MASTER,0.0,8.286,30.45,WEATHER_STATION,VALID,0.0,0.18639822628740735
2025-05-04 04:00:00,WX-MASTER,0.0,9.097,25.6,WEATHER_STATION,VALID,0.0,0.2860282204378052
2025-05-04 05:00:00,WX-MASTER,0.0,11.41,27.11,WEATHER_STATION,VALID,0.0,0.7506686629903978
2025-05-04 06:00:00,WX-MASTER,0.0,8.698,27.22,WEATHER_STATION,VALID,0.0,0.23346814557015097
2025-05-04 07:00:00,WX-MASTER,0.3126,8.816,25.69,WEATHER_STATION,VALID,0.301846232906001,0.24827528699083679
2025-05-04 08:00:00,WX-MASTER,0.4347,10.593,22.56,WEATHER_STATION,VALID,0.420797634041852,0.5524595669525927
2025-05-04 09:00:00,WX-MASTER,0.6775,6.98,24.0,WEATHER_STATION,VALID,0.6594835419386126,0.07956270046639236
2025-05-04 10:00:00,WX-MASTER,0.8317,6.671,25.92,WEATHER_STATION,VALID,0.8267103898581027,0.06243289198096023
2025-05-04 11:00:00,WX-MASTER,0.8111,6.873,26.81,WEATHER_STATION,VALID,0.7919069499169822,0.07331667990074076
2025-05-04 12:00:00,WX-MASTER,0.9088,6.672,26.56,WEATHER_STATION,VALID,0.8914332277783896,0.06248392704
2025-05-04 13:00:00,WX-MASTER,0.7293,4.929,27.7,WEATHER_STATION,VALID,0.7202122303581731,0.009058514460740746
2025-05-04 14:00:00,WX-MASTER,0.9093,7.481,26.76,WEATHER_STATION,VALID,0.8660672041840274,0.11354947504762689
2025-05-04 15:00:00,WX-MASTER,0.6297,7.657,31.56,WEATHER_STATION,VALID,0.6179390480053636,0.1274614964081756
2025-05-04 16:00:00,WX-MASTER,0.5683,7.268,29.82,WEATHER_STATION,VALID,0.548739948650887,0.09811457597454047
2025-05-04 17:00:00,WX-MASTER,0.2759,8.02,31.94,WEATHER_STATION,VALID,0.25721014003229437,0.15965092916323725
2025-05-04 18:00:00,WX-MASTER,0.0,8.263,33.24,WEATHER_STATION,VALID,0.0,0.18397567672323728
2025-05-04 19:00:00,WX-MASTER,0.0,6.47,30.52,WEATHER_STATION,VALID,0.0,0.052728901454046635
2025-05-04 20:00:00,WX-MASTER,0.0,8.817,32.18,WEATHER_STATION,VALID,0.0,0.24840337398074072
2025-05-04 21:00:00,WX-MASTER,0.0,9.419,32.24,WEATHER_STATION,VALID,0.0,0.33378162608268874
2025-05-04 22:00:00,WX-MASTER,0.0,6.84,31.24,WEATHER_STATION,VALID,0.0,0.07145851259259259
2025-05-04 23:00:00,WX-MASTER,0.0,10.998,32.11,WEATHER_STATION,VALID,0.0,0.6456609167525925
2025-05-05 00:00:00,WX-MASTER,0.0,7.618,29.45,WEATHER_STATION,VALID,0.0,0.12428596388126206
2025-05-05 01:00:00,WX-MASTER,0.0,7.807,29.48,WEATHER_STATION,VALID,0.0,0.14017890571681765
2025-05-05 02:00:00,WX-MASTER,0.0,9.543,28.06,WEATHER_STATION,VALID,0.0,0.3535013363599998
2025-05-05 03:00:00,WX-MASTER,0.0,9.903,30.39,WEATHER_STATION,VALID,0.0,0.4151202499600001
2025-05-05 04:00:00,WX-MASTER,0.0,10.083,25.96,WEATHER_STATION,VALID,0.0,0.44844793076000006
2025-05-05 05:00:00,WX-MASTER,0.0,9.613,26.92,WEATHER_STATION,VALID,0.0,0.3649689071676817
2025-05-05 06:00:00,WX-MASTER,0.0,7.979,27.63,WEATHER_STATION,VALID,0.0,0.15577102507528126
2025-05-05 07:00:00,WX-MASTER,0.2848,8.542,24.02,WEATHER_STATION,VALID,0.27334414263158996,0.21481265525508916
2025-05-05 08:00:00,WX-MASTER,0.4323,7.729,25.12,WEATHER_STATION,VALID,0.43250361436850615,0.13346526130299044
2025-05-05 09:00:00,WX-MASTER,0.6475,8.116,23.94,WEATHER_STATION,VALID,0.6277595931289517,0.16898645929262002
2025-05-05 10:00:00,WX-MASTER,0.8244,7.755,23.06,WEATHER_STATION,VALID,0.8123809103897263,0.13567875907407406
2025-05-05 11:00:00,WX-MASTER,0.9955,6.83,25.09,WEATHER_STATION,VALID,0.9648390549087896,0.07090169552812073
2025-05-05 12:00:00,WX-MASTER,0.9286,6.909,26.07,WEATHER_STATION,VALID,0.900313769160443,0.0753802043274074
2025-05-05 13:00:00,WX-MASTER,0.9955,4.891,26.99,WEATHER_STATION,VALID,0.9569139819816624,0.008533651156817559
2025-05-05 14:00:00,WX-MASTER,0.8617,8.383,28.15,WEATHER_STATION,VALID,0.8373887363490238,0.1968491022442249
2025-05-05 15:00:00,WX-MASTER,0.768,7.764,29.42,WEATHER_STATION,VALID,0.7486233449596498,0.13645063386074074
2025-05-05 16:00:00,WX-MASTER,0.5007,4.514,28.82,WEATHER_STATION,VALID,0.47978882646879256,0.004379635067873802
2025-05-05 17:00:00,WX-MASTER,0.3129,8.732,31.4,WEATHER_STATION,VALID,0.30292610403416165,0.2376724506372565
2025-05-05 18:00:00,WX-MASTER,0.0,7.861,32.99,WEATHER_STATION,VALID,0.0,0.144956322401262
2025-05-05 19:00:00,WX-MASTER,0.0,6.966,33.48,WEATHER_STATION,VALID,0.0,0.07872604400592595
2025-05-05 20:00:00,WX-MASTER,0.0,7.112,31.69,WEATHER_STATION,VALID,0.0,0.08774444210392318
2025-05-05 21:00:00,WX-MASTER,0.0,7.801,32.96,WEATHER_STATION,VALID,0.0,0.1396546552111386
2025-05-05 22:00:00,WX-MASTER,0.0,7.707,30.72,WEATHER_STATION,VALID,0.0,0.13161121364000003
2025-05-05 23:00:00,WX-MASTER,0.0,8.063,30.57,WEATHER_STATION,VALID,0.0,0.16378875479182445
2025-05-06 00:00:00,WX-MASTER,0.0,11.438,30.72,WEATHER_STATION,VALID,0.0,0.758191414236269
2025-05-06 01:00:00,WX-MASTER,0.0,9.771,28.99,WEATHER_STATION,VALID,0.0,0.3917587816874076
2025-05-06 02:00:00,WX-MASTER,0.0,11.93,26.97,WEATHER_STATION,VALID,0.0,0.8986998634293553
2025-05-06 03:00:00,WX-MASTER,0.0,9.503,28.58,WEATHER_STATION,VALID,0.0,0.3470576014881208
2025-05-06 04:00:00,WX-MASTER,0.0,9.828,25.74,WEATHER_STATION,VALID,0.0,0.40173607888592583
2025-05-06 05:00:00,WX-MASTER,0.0,7.741,25.39,WEATHER_STATION,VALID,0.0,0.1344838597247188
2025-05-06 06:00:00,WX-MASTER,0.0,8.439,26.73,WEATHER_STATION,VALID,0.0,0.2030567708607408
2025-05-06 07:00:00,WX-MASTER,0.309,8.297,25.75,WEATHER_STATION,VALID,0.3072730052084188,0.1875643160866393
2025-05-06 08:00:00,WX-MASTER,0.4897,8.949,25.2,WEATHER_STATION,VALID,0.47457530539278575,0.26570039852000005
2025-05-06 09:00:00,WX-MASTER,0.7351,7.828,23.34,WEATHER_STATION,VALID,0.7394027907190021,0.14202411224669415
2025-05-06 10:00:00,WX-MASTER,0.9111,8.125,24.06,WEATHER_STATION,VALID,0.8771333327928741,0.1698798653978052
2025-05-06 11:00:00,WX-MASTER,0.8491,7.898,26.49,WEATHER_STATION,VALID,0.8138649588487413,0.1482916308486145
2025-05-06 12:00:00,WX-MASTER,0.8668,6.969,27.49,WEATHER_STATION,VALID,0.8250628928483432,0.07890483132000004
2025-05-06 13:00:00,WX-MASTER,0.8939,6.773,27.89,WEATHER_STATION,VALID,0.8983385443085863,0.06778298881157747
2025-05-06 14:00:00,WX-MASTER,0.8927,6.437,27.92,WEATHER_STATION,VALID,0.87689181272114,0.051238793548367655
2025-05-06 15:00:00,WX-MASTER,0.6394,8.786,28.79,WEATHER_STATION,VALID,0.6170134480461494,0.2444531213217009
2025-05-06 16:00:00,WX-MASTER,0.4702,7.122,30.5,WEATHER_STATION,VALID,0.46490335708104874,0.08838615903999998
2025-05-06 17:00:00,WX-MASTER,0.3089,8.131,29.46,WEATHER_STATION,VALID,0.30281942173974324,0.17047721542348426
2025-05-06 18:00:00,WX-MASTER,0.0,7.729,31.63,WEATHER_STATION,VALID,0.0,0.13346526130299044
2025-05-06 19:00:00,WX-MASTER,0.0,9.567,30.2,WEATHER_STATION,VALID,0.0,0.3574055958325926
2025-05-06 20:00:00,WX-MASTER,0.0,5.862,30.72,WEATHER_STATION,VALID,0.0,0.02958483744
2025-05-06 21:00:00,WX-MASTER,0.0,9.091,32.08,WEATHER_STATION,VALID,0.0,0.2851846181691632
2025-05-06 22:00:00,WX-MASTER,0.0,7.289,32.22,WEATHER_STATION,VALID,0.0,0.09956998409256514
2025-05-06 23:00:00,WX-MASTER,0.0,9.609,31.37,WEATHER_STATION,VALID,0.0,0.3643070323274073
2025-05-07 00:00:00,WX-MASTER,0.0,9.038,28.88,WEATHER_STATION,VALID,0.0,0.27780472307577503
2025-05-07 01:00:00,WX-MASTER,0.0,7.369,27.13,WEATHER_STATION,VALID,0.0,0.10524620216224963
2025-05-07 02:00:00,WX-MASTER,0.0,9.724,28.46,WEATHER_STATION,VALID,0.0,0.38365725337459544
2025-05-07 03:00:00,WX-MASTER,0.0,9.503,25.28,WEATHER_STATION,VALID,0.0,0.3470576014881208
2025-05-07 04:00:00,WX-MASTER,0.0,8.776,27.85,WEATHER_STATION,VALID,0.0,0.24318783853212622
2025-05-07 05:00:00,WX-MASTER,0.0,8.752,24.7,WEATHER_STATION,VALID,0.0,0.24016898969459544
2025-05-07 06:00:00,WX-MASTER,0.0,8.869,28.12,WEATHER_STATION,VALID,0.0,0.25512477080422497
2025-05-07 07:00:00,WX-MASTER,0.2948,9.937,23.93,WEATHER_STATION,VALID,0.2834499950020785,0.42128440471434825
2025-05-07 08:00:00,WX-MASTER,0.4381,7.736,25.53,WEATHER_STATION,VALID,0.42081063586444617,0.13405881623528115
2025-05-07 09:00:00,WX-MASTER,0.7078,9.211,24.21,WEATHER_STATION,VALID,0.6977901784821525,0.30237430751237315
2025-05-07 10:00:00,WX-MASTER,0.9026,7.622,25.24,WEATHER_STATION,VALID,0.8806483978054431,0.12460920419775035
2025-05-07 11:00:00,WX-MASTER,0.9298,9.174,26.22,WEATHER_STATION,VALID,0.8733881749158717,0.29700254751999994
2025-05-07 12:00:00,WX-MASTER,0.9224,7.059,27.75,WEATHER_STATION,VALID,0.8777734790625454,0.08439514292000001
2025-05-07 13:00:00,WX-MASTER,0.8744,6.436,28.79,WEATHER_STATION,VALID,0.8678582095899576,0.05119408256175583
2025-05-07 14:00:00,WX-MASTER,0.7353,5.881,29.34,WEATHER_STATION,VALID,0.7176740679982176,0.03017797357163238
2025-05-07 15:00:00,WX-MASTER,0.6763,7.337,30.62,WEATHER_STATION,VALID,0.6482789033775926,0.10295052495577502
2025-05-07 16:00:00,WX-MASTER,0.57,6.486,29.48,WEATHER_STATION,VALID,0.5514429974306408,0.05346166095407407
2025-05-07 17:00:00,WX-MASTER,0.2741,9.531,31.72,WEATHER_STATION,VALID,0.26593142258022406,0.35155991460592595
2025-05-07 18:00:00,WX-MASTER,0.0,6.802,31.09,WEATHER_STATION,VALID,0.0,0.06935801201558296
2025-05-07 19:00:00,WX-MASTER,0.0,7.291,33.03,WEATHER_STATION,VALID,0.0,0.09970934024323734
2025-05-07 20:00:00,WX-MASTER,0.0,9.204,32.11,WEATHER_STATION,VALID,0.0,0.30135310212740746
2025-05-07 21:00:00,WX-MASTER,0.0,10.241,32.59,WEATHER_STATION,VALID,0.0,0.4791328431266391
2025-05-07 22:00:00,WX-MASTER,0.0,9.873,31.85,WEATHER_STATION,VALID,0.0,0.40973147841925917
2025-05-07 23:00:00,WX-MASTER,0.0,10.479,31.86,WEATHER_STATION,VALID,0.0,0.52794769572
2025-05-08 00:00:00,WX-MASTER,0.0,9.126,29.23,WEATHER_STATION,VALID,0.0,0.29012909040592594
2025-05-08 01:00:00,WX-MASTER,0.0,9.206,27.47,WEATHER_STATION,VALID,0.0,0.3016446400970095
2025-05-08 02:00:00,WX-MASTER,0.0,11.902,29.64,WEATHER_STATION,VALID,0.0,0.8902727262871878
2025-05-08 03:00:00,WX-MASTER,0.0,11.411,29.16,WEATHER_STATION,VALID,0.0,0.7509364720007131
2025-05-08 04:00:00,WX-MASTER,0.0,10.006,26.56,WEATHER_STATION,VALID,0.0,0.433980981781509
2025-05-08 05:00:00,WX-MASTER,0.0,10.328,26.95,WEATHER_STATION,VALID,0.0,0.4966113956486145
2025-05-08 06:00:00,WX-MASTER,0.0,9.776,23.47,WEATHER_STATION,VALID,0.0,0.39262729773651567
2025-05-08 07:00:00,WX-MASTER,0.2439,6.839,24.33,WEATHER_STATION,VALID,0.23631959314955903,0.07140270016663924
2025-05-08 08:00:00,WX-MASTER,0.4814,8.094,25.05,WEATHER_STATION,VALID,0.4760543359636494,0.16681577631999994
2025-05-08 09:00:00,WX-MASTER,0.6474,9.841,22.99,WEATHER_STATION,VALID,0.6268221141724061,0.40403507656422494
2025-05-08 10:00:00,WX-MASTER,0.7502,8.608,23.59,WEATHER_STATION,VALID,0.7176810357078623,0.2225790650960769
2025-05-08 11:00:00,WX-MASTER,0.8544,7.409,26.17,WEATHER_STATION,VALID,0.8224593613103829,0.10816346602836763
2025-05-08 12:00:00,WX-MASTER,1.0249,9.327,25.97,WEATHER_STATION,VALID,0.9972407720451714,0.31963461283999994
2025-05-08 13:00:00,WX-MASTER,0.9033,7.784,27.13,WEATHER_STATION,VALID,0.8711400720951981,0.13817638041108368
2025-05-08 14:00:00,WX-MASTER,0.9129,8.292,27.96,WEATHER_STATION,VALID,0.8921585005066252,0.18703367423999998
2025-05-08 15:00:00,WX-MASTER,0.6948,7.87,27.82,WEATHER_STATION,VALID,0.6794050776745264,0.14576296126200275
2025-05-08 16:00:00,WX-MASTER,0.4896,8.222,29.94,WEATHER_STATION,VALID,0.4814406924768917,0.1797094443952812
2025-05-08 17:00:00,WX-MASTER,0.2781,8.503,30.91,WEATHER_STATION,VALID,0.27569537833855357,0.210309474135583
2025-05-08 18:00:00,WX-MASTER,0.0,9.625,30.78,WEATHER_STATION,VALID,0.0,0.3669593407064473
2025-05-08 19:00:00,WX-MASTER,0.0,10.048,31.23,WEATHER_STATION,VALID,0.0,0.441832832681262
2025-05-08 20:00:00,WX-MASTER,0.0,7.864,31.71,WEATHER_STATION,VALID,0.0,0.14522487048076815
2025-05-08 21:00:00,WX-MASTER,0.0,9.163,32.82,WEATHER_STATION,VALID,0.0,0.29541789701953364
2025-05-08 22:00:00,WX-MASTER,0.0,10.576,31.37,WEATHER_STATION,VALID,0.0,0.5487571564580522
2025-05-08 23:00:00,WX-MASTER,0.0,8.933,28.61,WEATHER_STATION,VALID,0.0,0.26356233352268854
2025-05-09 00:00:00,WX-MASTER,0.0,7.529,28.75,WEATHER_STATION,VALID,0.0,0.1172376922604664
2025-05-09 01:00:00,WX-MASTER,0.0,8.112,30.46,WEATHER_STATION,VALID,0.0,0.16859039744000004
2025-05-09 02:00:00,WX-MASTER,0.0,8.196,27.61,WEATHER_STATION,VALID,0.0,0.17703850202074067
2025-05-09 03:00:00,WX-MASTER,0.0,8.619,27.42,WEATHER_STATION,VALID,0.0,0.22389139139407405
2025-05-09 04:00:00,WX-MASTER,0.0,8.109,28.99,WEATHER_STATION,VALID,0.0,0.16829375751259257
2025-05-09 05:00:00,WX-MASTER,0.0,10.228,26.72,WEATHER_STATION,VALID,0.0,0.47655686562941013
2025-05-09 06:00:00,WX-MASTER,0.0,8.302,22.82,WEATHER_STATION,VALID,0.0,0.1880959606575582
2025-05-09 07:00:00,WX-MASTER,0.3096,10.047,26.79,WEATHER_STATION,VALID,0.3011038400158752,0.44164479204000007
2025-05-09 08:00:00,WX-MASTER,0.4805,6.677,25.11,WEATHER_STATION,VALID,0.46399435093434727,0.06273951955330588
2025-05-09 09:00:00,WX-MASTER,0.6015,7.437,25.5,WEATHER_STATION,VALID,0.5834922889337536,0.11023730444000004
2025-05-09 10:00:00,WX-MASTER,0.8293,7.809,25.77,WEATHER_STATION,VALID,0.8076116319658484,0.14035394699407408
2025-05-09 11:00:00,WX-MASTER,0.8355,8.546,27.05,WEATHER_STATION,VALID,0.8158898202182463,0.21527812130194776
2025-05-09 12:00:00,WX-MASTER,0.8644,8.854,26.59,WEATHER_STATION,VALID,0.865394639051088,0.25317362111780517
2025-05-09 13:00:00,WX-MASTER,0.9556,6.605,25.75,WEATHER_STATION,VALID,0.9148151764550115,0.05912567423182444
2025-05-09 14:00:00,WX-MASTER,0.7083,8.602,28.82,WEATHER_STATION,VALID,0.6961779348451094,0.22186541705262006
2025-05-09 15:00:00,WX-MASTER,0.6164,5.197,27.68,WEATHER_STATION,VALID,0.5998288620255401,0.013382907302002745
2025-05-09 16:00:00,WX-MASTER,0.5142,8.652,32.36,WEATHER_STATION,VALID,0.4866561231115528,0.2278592998399999
2025-05-09 17:00:00,WX-MASTER,0.3072,5.964,30.47,WEATHER_STATION,VALID,0.30153537998789265,0.032862068527407425
2025-05-09 18:00:00,WX-MASTER,0.0,8.517,31.4,WEATHER_STATION,VALID,0.0,0.21191868524
2025-05-09 19:00:00,WX-MASTER,0.0,9.658,31.0,WEATHER_STATION,VALID,0.0,0.3724703195158299
2025-05-09 20:00:00,WX-MASTER,0.0,9.605,32.34,WEATHER_STATION,VALID,0.0,0.3636459581824418
2025-05-09 21:00:00,WX-MASTER,0.0,6.571,32.36,WEATHER_STATION,VALID,0.0,0.05746849840620026
2025-05-09 22:00:00,WX-MASTER,0.0,8.344,30.65,WEATHER_STATION,VALID,0.0,0.19260149214990394
2025-05-09 23:00:00,WX-MASTER,0.0,10.038,31.45,WEATHER_STATION,VALID,0.0,0.43995482656000007
2025-05-10 00:00:00,WX-MASTER,0.0,10.127,30.25,WEATHER_STATION,VALID,0.0,0.45685730698540483
2025-05-10 01:00:00,WX-MASTER,0.0,9.652,29.2,WEATHER_STATION,VALID,0.0,0.3714642477686693
2025-05-10 02:00:00,WX-MASTER,0.0,6.426,27.51,WEATHER_STATION,VALID,0.0,0.050748402405925944
2025-05-10 03:00:00,WX-MASTER,0.0,10.772,30.29,WEATHER_STATION,VALID,0.0,0.592459509679232
2025-05-10 04:00:00,WX-MASTER,0.0,10.869,28.08,WEATHER_STATION,VALID,0.0,0.6149204480607408
2025-05-10 05:00:00,WX-MASTER,0.0,9.104,26.81,WEATHER_STATION,VALID,0.0,0.28701452377898484
2025-05-10 06:00:00,WX-MASTER,0.0,8.959,26.73,WEATHER_STATION,VALID,0.0,0.26704254314496567
2025-05-10 07:00:00,WX-MASTER,0.31,9.062,25.39,WEATHER_STATION,VALID,0.2964900517610295,0.28113058422737985
2025-05-10 08:00:00,WX-MASTER,0.5025,10.046,24.49,WEATHER_STATION,VALID,0.48858637794082205,0.441456804758738
2025-05-10 09:00:00,WX-MASTER,0.6868,8.223,21.86,WEATHER_STATION,VALID,0.6761828596642879,0.17981270590074078
2025-05-10 10:00:00,WX-MASTER,0.8762,7.425,23.92,WEATHER_STATION,VALID,0.866187140842481,0.10934530092592591
2025-05-10 11:00:00,WX-MASTER,0.8986,7.989,28.54,WEATHER_STATION,VALID,0.8626776330712456,0.1567114795274074
2025-05-10 12:00:00,WX-MASTER,0.7846,7.353,28.06,WEATHER_STATION,VALID,0.7720939895236772,0.10409414455259258
2025-05-10 13:00:00,WX-MASTER,0.8086,7.306,27.75,WEATHER_STATION,VALID,0.7748311381224974,0.10075865822595337
2025-05-10 14:00:00,WX-MASTER,0.8306,5.016,26.52,WEATHER_STATION,VALID,0.8284347422531118,0.010340270080000002
2025-05-10 15:00:00,WX-MASTER,0.7717,8.064,30.08,WEATHER_STATION,VALID,0.7354250334952539,0.16388582437925925
2025-05-10 16:00:00,WX-MASTER,0.5717,9.043,29.83,WEATHER_STATION,VALID,0.5659413700419444,0.27849543564669405
2025-05-10 17:00:00,WX-MASTER,0.3018,9.035,31.73,WEATHER_STATION,VALID,0.28977408739443167,0.2773908442318244
2025-05-10 18:00:00,WX-MASTER,0.0,9.174,30.11,WEATHER_STATION,VALID,0.0,0.29700254751999994
2025-05-10 19:00:00,WX-MASTER,0.0,8.122,31.21,WEATHER_STATION,VALID,0.0,0.16958171437607683
2025-05-10 20:00:00,WX-MASTER,0.0,8.641,32.98,WEATHER_STATION,VALID,0.0,0.22653149868768177
2025-05-10 21:00:00,WX-MASTER,0.0,10.251,34.11,WEATHER_STATION,VALID,0.0,0.48112066873925924
2025-05-10 22:00:00,WX-MASTER,0.0,10.053,30.66,WEATHER_STATION,VALID,0.0,0.4427738365525927
2025-05-10 23:00:00,WX-MASTER,0.0,11.038,29.69,WEATHER_STATION,VALID,0.0,0.655396781896077
2025-05-11 00:00:00,WX-MASTER,0.0,8.357,31.37,WEATHER_STATION,VALID,0.0,0.19401050143972554
2025-05-11 01:00:00,WX-MASTER,0.0,8.411,27.79,WEATHER_STATION,VALID,0.0,0.19993687545750344
2025-05-11 02:00:00,WX-MASTER,0.0,8.856,26.97,WEATHER_STATION,VALID,0.0,0.25343319760592586
2025-05-11 03:00:00,WX-MASTER,0.0,7.989,27.81,WEATHER_STATION,VALID,0.0,0.1567114795274074
2025-05-11 04:00:00,WX-MASTER,0.0,7.362,29.15,WEATHER_STATION,VALID,0.0,0.10474113669925927
2025-05-11 05:00:00,WX-MASTER,0.0,9.5,24.9,WEATHER_STATION,VALID,0.0,0.3465775034293553
2025-05-11 06:00:00,WX-MASTER,0.0,9.183,24.92,WEATHER_STATION,VALID,0.0,0.29830328675999995
2025-05-11 07:00:00,WX-MASTER,0.2911,8.729,25.15,WEATHER_STATION,VALID,0.2876744039716372,0.237299468655528
2025-05-11 08:00:00,WX-MASTER,0.4672,8.608,24.33,WEATHER_STATION,VALID,0.46450880482852763,0.2225790650960769
2025-05-11 09:00:00,WX-MASTER,0.7114,5.994,22.89,WEATHER_STATION,VALID,0.6983763584490521,0.03387003824592593
2025-05-11 10:00:00,WX-MASTER,0.8691,7.05,26.33,WEATHER_STATION,VALID,0.8467722660062506,0.08383499999999998
2025-05-11 11:00:00,WX-MASTER,0.823,7.112,26.14,WEATHER_STATION,VALID,0.8075541074224536,0.08774444210392318
2025-05-11 12:00:00,WX-MASTER,0.9173,7.431,27.09,WEATHER_STATION,VALID,0.8806068416765788,0.10979069875407409
2025-05-11 13:00:00,WX-MASTER,0.8274,5.408,27.32,WEATHER_STATION,VALID,0.8006762505522353,0.017620967362194796
2025-05-11 14:00:00,WX-MASTER,0.765,6.106,30.21,WEATHER_STATION,VALID,0.7325930999726296,0.03781504775681755
2025-05-11 15:00:00,WX-MASTER,0.6014,6.817,28.7,WEATHER_STATION,VALID,0.5720930929088058,0.07018216783533607
2025-05-11 16:00:00,WX-MASTER,0.5722,8.896,28.85,WEATHER_STATION,VALID,0.5578968511668736,0.2586620549864473
2025-05-11 17:00:00,WX-MASTER,0.3107,8.049,32.87,WEATHER_STATION,VALID,0.3022435847653382,0.16243380251999995
2025-05-11 18:00:00,WX-MASTER,0.0,9.266,28.79,WEATHER_STATION,VALID,0.0,0.3104784564723182
2025-05-11 19:00:00,WX-MASTER,0.0,8.032,31.59,WEATHER_STATION,VALID,0.0,0.16079857523533608
2025-05-11 20:00:00,WX-MASTER,0.0,8.453,31.8,WEATHER_STATION,VALID,0.0,0.2046288163276268
2025-05-11 21:00:00,WX-MASTER,0.0,9.352,31.64,WEATHER_STATION,VALID,0.0,0.32343853952175594
2025-05-11 22:00:00,WX-MASTER,0.0,8.696,29.56,WEATHER_STATION,VALID,0.0,0.23322238964762684
2025-05-11 23:00:00,WX-MASTER,0.0,8.294,29.45,WEATHER_STATION,VALID,0.0,0.18724581071231833
2025-05-12 00:00:00,WX-MASTER,0.0,7.295,31.27,WEATHER_STATION,VALID,0.0,0.09998844250342935
2025-05-12 01:00:00,WX-MASTER,0.0,8.517,30.94,WEATHER_STATION,VALID,0.0,0.21191868524
2025-05-12 02:00:00,WX-MASTER,0.0,10.375,27.87,WEATHER_STATION,VALID,0.0,0.5062282450274349
2025-05-12 03:00:00,WX-MASTER,0.0,10.854,26.35,WEATHER_STATION,VALID,0.0,0.6114106366459258
2025-05-12 04:00:00,WX-MASTER,0.0,8.075,24.48,WEATHER_STATION,VALID,0.0,0.16495612225651568
2025-05-12 05:00:00,WX-MASTER,0.0,6.637,27.03,WEATHER_STATION,VALID,0.0,0.06071418955385459
2025-05-12 06:00:00,WX-MASTER,0.0,9.867,26.54,WEATHER_STATION,VALID,0.0,0.40865935124000025
2025-05-12 07:00:00,WX-MASTER,0.2517,8.499,21.62,WEATHER_STATION,VALID,0.2399018292198118,0.20985120052000011
2025-05-12 08:00:00,WX-MASTER,0.5301,6.397,21.97,WEATHER_STATION,VALID,0.5242618093174618,0.04947057288224967
2025-05-12 09:00:00,WX-MASTER,0.6749,3.853,25.16,WEATHER_STATION,VALID,0.6654414638662784,0.0007832626047187933
2025-05-12 10:00:00,WX-MASTER,0.7585,6.421,25.66,WEATHER_STATION,VALID,0.7418596536764714,0.05052653561607682
2025-05-12 11:00:00,WX-MASTER,0.8136,6.892,25.33,WEATHER_STATION,VALID,0.8132606793975223,0.07440100360076819
2025-05-12 12:00:00,WX-MASTER,1.0309,5.871,26.59,WEATHER_STATION,VALID,0.9970465991711146,0.02986481828000002
2025-05-12 13:00:00,WX-MASTER,0.8625,8.205,27.17,WEATHER_STATION,VALID,0.8758484262454939,0.17796004240740745
2025-05-12 14:00:00,WX-MASTER,0.6844,6.255,28.41,WEATHER_STATION,VALID,0.6615321830218811,0.04352244425925925
2025-05-12 15:00:00,WX-MASTER,0.6334,7.401,28.2,WEATHER_STATION,VALID,0.6168225920350339,0.10757575548
2025-05-12 16:00:00,WX-MASTER,0.5044,10.606,30.11,WEATHER_STATION,VALID,0.48625841230312833,0.5553020314605214
2025-05-12 17:00:00,WX-MASTER,0.2954,7.861,30.04,WEATHER_STATION,VALID,0.2881877745566272,0.144956322401262
2025-05-12 18:00:00,WX-MASTER,0.0,7.787,30.5,WEATHER_STATION,VALID,0.0,0.13843649065947872
2025-05-12 19:00:00,WX-MASTER,0.0,8.07,29.52,WEATHER_STATION,VALID,0.0,0.16446904740740742
2025-05-12 20:00:00,WX-MASTER,0.0,9.322,31.66,WEATHER_STATION,VALID,0.0,0.318877424400768
2025-05-12 21:00:00,WX-MASTER,0.0,9.411,32.72,WEATHER_STATION,VALID,0.0,0.33253520462074065
2025-05-12 22:00:00,WX-MASTER,0.0,7.621,31.02,WEATHER_STATION,VALID,0.0,0.12452834164076822
2025-05-12 23:00:00,WX-MASTER,0.0,8.572,30.43,WEATHER_STATION,VALID,0.0,0.21832005007978048
2025-05-13 00:00:00,WX-MASTER,0.0,8.364,31.61,WEATHER_STATION,VALID,0.0,0.1947720371200001
2025-05-13 01:00:00,WX-MASTER,0.0,8.926,30.49,WEATHER_STATION,VALID,0.0,0.26263054835928673
2025-05-13 02:00:00,WX-MASTER,0.0,11.662,30.44,WEATHER_STATION,VALID,0.0,0.8201906936155833
2025-05-13 03:00:00,WX-MASTER,0.0,10.017,30.16,WEATHER_STATION,VALID,0.0,0.43602835116592586
2025-05-13 04:00:00,WX-MASTER,0.0,8.976,26.68,WEATHER_STATION,VALID,0.0,0.26933454848000016
2025-05-13 05:00:00,WX-MASTER,0.0,10.509,24.49,WEATHER_STATION,VALID,0.0,0.5343263749940742
2025-05-13 06:00:00,WX-MASTER,0.0,8.907,24.7,WEATHER_STATION,VALID,0.0,0.2601124930474074
2025-05-13 07:00:00,WX-MASTER,0.2264,6.279,25.66,WEATHER_STATION,VALID,0.21723683992274817,0.044492268460740746
2025-05-13 08:00:00,WX-MASTER,0.5548,10.31,26.58,WEATHER_STATION,VALID,0.5377268524398789,0.4929608500960221
2025-05-13 09:00:00,WX-MASTER,0.6984,7.693,23.72,WEATHER_STATION,VALID,0.6831748838336903,0.13044035186891628
2025-05-13 10:00:00,WX-MASTER,0.8671,4.741,25.63,WEATHER_STATION,VALID,0.8483029609598203,0.006659729848175581
2025-05-13 11:00:00,WX-MASTER,0.9248,5.413,24.93,WEATHER_STATION,VALID,0.9064419970622438,0.017730960599780524
2025-05-13 12:00:00,WX-MASTER,0.5427,8.833,26.43,WEATHER_STATION,VALID,0.5211695146738188,0.250458761281262
2025-05-13 13:00:00,WX-MASTER,0.7454,5.247,27.25,WEATHER_STATION,VALID,0.7268444645987907,0.01431757663259259
2025-05-13 14:00:00,WX-MASTER,0.7501,9.065,28.81,WEATHER_STATION,VALID,0.7177400169395598,0.28154817373799723
2025-05-13 15:00:00,WX-MASTER,0.727,7.489,31.7,WEATHER_STATION,VALID,0.6984327932702322,0.1141587264684225
2025-05-13 16:00:00,WX-MASTER,0.5454,8.448,30.67,WEATHER_STATION,VALID,0.5215302228796134,0.2040664435674075
2025-05-13 17:00:00,WX-MASTER,0.2382,7.374,30.31,WEATHER_STATION,VALID,0.22680788662252038,0.10560795552
2025-05-13 18:00:00,WX-MASTER,0.0,8.617,30.67,WEATHER_STATION,VALID,0.0,0.2236524039834843
2025-05-13 19:00:00,WX-MASTER,0.0,8.602,31.51,WEATHER_STATION,VALID,0.0,0.22186541705262006
2025-05-13 20:00:00,WX-MASTER,0.0,8.402,30.81,WEATHER_STATION,VALID,0.0,0.1989408817878737
2025-05-13 21:00:00,WX-MASTER,0.0,7.317,31.9,WEATHER_STATION,VALID,0.0,0.10153281916592595
2025-05-13 22:00:00,WX-MASTER,0.0,9.391,28.49,WEATHER_STATION,VALID,0.0,0.32943273486052127
2025-05-13 23:00:00,WX-MASTER,0.0,6.744,30.58,WEATHER_STATION,VALID,0.0,0.06623199232
2025-05-14 00:00:00,WX-MASTER,0.0,10.442,29.93,WEATHER_STATION,VALID,0.0,0.5201508303113306
2025-05-14 01:00:00,WX-MASTER,0.0,9.549,27.85,WEATHER_STATION,VALID,0.0,0.35447472177925915
2025-05-14 02:00:00,WX-MASTER,0.0,9.89,27.88,WEATHER_STATION,VALID,0.0,0.41277935182441716
2025-05-14 03:00:00,WX-MASTER,0.0,5.812,28.77,WEATHER_STATION,VALID,0.0,0.028061200578545963
2025-05-14 04:00:00,WX-MASTER,0.0,7.615,28.01,WEATHER_STATION,VALID,0.0,0.12404390082990398
2025-05-14 05:00:00,WX-MASTER,0.0,8.232,25.22,WEATHER_STATION,VALID,0.0,0.18074384004740734
2025-05-14 06:00:00,WX-MASTER,0.0,9.537,25.93,WEATHER_STATION,VALID,0.0,0.35252973451407416
2025-05-14 07:00:00,WX-MASTER,0.2669,7.182,23.16,WEATHER_STATION,VALID,0.2611546463355761,0.09230227056592596
2025-05-14 08:00:00,WX-MASTER,0.4768,11.459,24.48,WEATHER_STATION,VALID,0.46743153380133445,0.763866341361701
2025-05-14 09:00:00,WX-MASTER,0.7718,7.553,25.23,WEATHER_STATION,VALID,0.7328093322547502,0.11911137825355278
2025-05-14 10:00:00,WX-MASTER,0.7862,6.352,27.14,WEATHER_STATION,VALID,0.7510438951594474,0.04753049408965707
2025-05-14 11:00:00,WX-MASTER,0.9948,7.249,27.29,WEATHER_STATION,VALID,0.9541638770943908,0.09681006067089162
2025-05-14 12:00:00,WX-MASTER,0.9568,6.13,26.83,WEATHER_STATION,VALID,0.9229679577750506,0.03869842694101507
2025-05-14 13:00:00,WX-MASTER,0.8565,5.765,26.33,WEATHER_STATION,VALID,0.8133060519506206,0.02667753546639231
2025-05-14 14:00:00,WX-MASTER,0.8549,8.624,29.96,WEATHER_STATION,VALID,0.811017319176902,0.2244896046283677
2025-05-14 15:00:00,WX-MASTER,0.7096,8.05,28.83,WEATHER_STATION,VALID,0.679564385105038,0.16253033607681766
2025-05-14 16:00:00,WX-MASTER,0.5639,8.19,30.62,WEATHER_STATION,VALID,0.5477125780737091,0.1764259125925926
2025-05-14 17:00:00,WX-MASTER,0.263,9.367,30.66,WEATHER_STATION,VALID,0.2504525553296725,0.3257353171933609
2025-05-14 18:00:00,WX-MASTER,0.0,8.569,33.76,WEATHER_STATION,VALID,0.0,0.21796760522397815
2025-05-14 19:00:00,WX-MASTER,0.0,6.802,30.98,WEATHER_STATION,VALID,0.0,0.06935801201558296
2025-05-14 20:00:00,WX-MASTER,0.0,9.372,32.93,WEATHER_STATION,VALID,0.0,0.32650331903999996
2025-05-14 21:00:00,WX-MASTER,0.0,7.237,31.61,WEATHER_STATION,VALID,0.0,0.09599214382545954
2025-05-14 22:00:00,WX-MASTER,0.0,8.303,32.05,WEATHER_STATION,VALID,0.0,0.18820240998194795
2025-05-14 23:00:00,WX-MASTER,0.0,9.046,32.75,WEATHER_STATION,VALID,0.0,0.278910412221015
2025-05-15 00:00:00,WX-MASTER,0.0,9.038,27.66,WEATHER_STATION,VALID,0.0,0.27780472307577503
2025-05-15 01:00:00,WX-MASTER,0.0,6.963,29.14,WEATHER_STATION,VALID,0.0,0.07854752696740741
2025-05-15 02:00:00,WX-MASTER,0.0,8.028,27.24,WEATHER_STATION,VALID,0.0,0.1604154175525927
2025-05-15 03:00:00,WX-MASTER,0.0,9.183,27.94,WEATHER_STATION,VALID,0.0,0.29830328675999995
2025-05-15 04:00:00,WX-MASTER,0.0,8.283,27.39,WEATHER_STATION,VALID,0.0,0.18608104275999998
2025-05-15 05:00:00,WX-MASTER,0.0,10.353,25.27,WEATHER_STATION,VALID,0.0,0.5017114319599999
2025-05-15 06:00:00,WX-MASTER,0.0,10.346,24.66,WEATHER_STATION,VALID,0.0,0.5002799192278737
2025-05-15 07:00:00,WX-MASTER,0.2242,6.95,25.18,WEATHER_STATION,VALID,0.21855167171506423,0.07777707133058985
2025-05-15 08:00:00,WX-MASTER,0.5225,8.223,23.29,WEATHER_STATION,VALID,0.5148261691096068,0.17981270590074078
2025-05-15 09:00:00,WX-MASTER,0.6429,9.952,25.33,WEATHER_STATION,VALID,0.6183250298055987,0.4240231708303979
2025-05-15 10:00:00,WX-MASTER,0.7337,7.497,24.3,WEATHER_STATION,VALID,0.7121424933679651,0.11477015329925926
2025-05-15 11:00:00,WX-MASTER,0.884,6.962,26.72,WEATHER_STATION,VALID,0.8566643020884425,0.07848808131379971
2025-05-15 12:00:00,WX-MASTER,0.976,8.484,24.98,WEATHER_STATION,VALID,0.9570287287936065,0.20813860399407405
2025-05-15 13:00:00,WX-MASTER,0.751,6.947,26.73,WEATHER_STATION,VALID,0.7169213563745863,0.07759999230886147
2025-05-15 14:00:00,WX-MASTER,0.7744,8.961,27.41,WEATHER_STATION,VALID,0.7629812053923309,0.26731151328740743
2025-05-15 15:00:00,WX-MASTER,0.7751,6.609,28.86,WEATHER_STATION,VALID,0.7572687714696393,0.05932270492000002
2025-05-15 16:00:00,WX-MASTER,0.4498,6.9,31.71,WEATHER_STATION,VALID,0.42742070652819847,0.07486074074074076
2025-05-15 17:00:00,WX-MASTER,0.3059,8.733,31.8,WEATHER_STATION,VALID,0.3022671139747173,0.23779686476
2025-05-15 18:00:00,WX-MASTER,0.0,8.066,30.77,WEATHER_STATION,VALID,0.0,0.16408007859577514
2025-05-15 19:00:00,WX-MASTER,0.0,8.329,31.12,WEATHER_STATION,VALID,0.0,0.19098420875978056
2025-05-15 20:00:00,WX-MASTER,0.0,5.967,32.88,WEATHER_STATION,VALID,0.0,0.032961953165925914
2025-05-15 21:00:00,WX-MASTER,0.0,8.241,30.3,WEATHER_STATION,VALID,0.0,0.181678183154074
2025-05-15 22:00:00,WX-MASTER,0.0,10.047,31.37,WEATHER_STATION,VALID,0.0,0.44164479204000007
2025-05-15 23:00:00,WX-MASTER,0.0,8.085,30.06,WEATHER_STATION,VALID,0.0,0.16593315500000008
2025-05-16 00:00:00,WX-MASTER,0.0,10.139,29.84,WEATHER_STATION,VALID,0.0,0.4591688785863922
2025-05-16 01:00:00,WX-MASTER,0.0,9.638,30.17,WEATHER_STATION,VALID,0.0,0.36912379586589844
2025-05-16 02:00:00,WX-MASTER,0.0,9.024,27.49,WEATHER_STATION,VALID,0.0,0.27587680559407396
2025-05-16 03:00:00,WX-MASTER,0.0,10.976,28.55,WEATHER_STATION,VALID,0.0,0.6403475245019482
2025-05-16 04:00:00,WX-MASTER,0.0,8.634,29.18,WEATHER_STATION,VALID,0.0,0.22568922592000001
2025-05-16 05:00:00,WX-MASTER,0.0,8.536,26.54,WEATHER_STATION,VALID,0.0,0.21411571495681753
2025-05-16 06:00:00,WX-MASTER,0.0,8.384,25.16,WEATHER_STATION,VALID,0.0,0.19695882860861455
2025-05-16 07:00:00,WX-MASTER,0.2393,8.509,26.3,WEATHER_STATION,VALID,0.2375406808170604,0.21099813477459542
2025-05-16 08:00:00,WX-MASTER,0.5567,9.14,23.46,WEATHER_STATION,VALID,0.5310198043809614,0.29212277157750355
2025-05-16 09:00:00,WX-MASTER,0.7009,5.979,26.74,WEATHER_STATION,VALID,0.6890172342412587,0.03336351572000001
2025-05-16 10:00:00,WX-MASTER,0.915,8.798,24.36,WEATHER_STATION,VALID,0.8808970702977401,0.2459772444782442
2025-05-16 11:00:00,WX-MASTER,0.8864,7.578,28.42,WEATHER_STATION,VALID,0.867064873830965,0.1210842522192593
2025-05-16 12:00:00,WX-MASTER,0.7777,8.084,25.68,WEATHER_STATION,VALID,0.767169874035275,0.1658352785839232
2025-05-16 13:00:00,WX-MASTER,0.9832,10.411,28.18,WEATHER_STATION,VALID,0.9646364234994951,0.5136777313148423
2025-05-16 14:00:00,WX-MASTER,0.7819,6.642,26.42,WEATHER_STATION,VALID,0.7691060783945655,0.06096493616592596
2025-05-16 15:00:00,WX-MASTER,0.7124,5.788,28.94,WEATHER_STATION,VALID,0.6787220715020026,0.027348820908422507
2025-05-16 16:00:00,WX-MASTER,0.2125,7.768,28.75,WEATHER_STATION,VALID,0.20967479031523786,0.1367946268936077
2025-05-16 17:00:00,WX-MASTER,0.3161,8.162,29.04,WEATHER_STATION,VALID,0.302573955596959,0.17358584170886152
2025-05-16 18:00:00,WX-MASTER,0.0,9.066,32.77,WEATHER_STATION,VALID,0.0,0.28168746208000006
2025-05-16 19:00:00,WX-MASTER,0.0,7.487,30.2,WEATHER_STATION,VALID,0.0,0.11400620981997259
2025-05-16 20:00:00,WX-MASTER,0.0,7.369,30.91,WEATHER_STATION,VALID,0.0,0.10524620216224963
2025-05-16 21:00:00,WX-MASTER,0.0,6.706,30.65,WEATHER_STATION,VALID,0.0,0.06423571225064474
2025-05-16 22:00:00,WX-MASTER,0.0,7.144,32.69,WEATHER_STATION,VALID,0.0,0.08980893353262002
2025-05-16 23:00:00,WX-MASTER,0.0,8.561,31.99,WEATHER_STATION,VALID,0.0,0.21702960713651584
2025-05-17 00:00:00,WX-MASTER,0.0,9.074,31.54,WEATHER_STATION,VALID,0.0,0.282803422998738
2025-05-17 01:00:00,WX-MASTER,0.0,11.972,28.23,WEATHER_STATION,VALID,0.0,0.9114400197039231
2025-05-17 02:00:00,WX-MASTER,0.0,7.082,29.89,WEATHER_STATION,VALID,0.0,0.08583794268663923
2025-05-17 03:00:00,WX-MASTER,0.0,9.645,26.41,WEATHER_STATION,VALID,0.0,0.37029278907407404
2025-05-17 04:00:00,WX-MASTER,0.0,8.13,25.61,WEATHER_STATION,VALID,0.0,0.17037756000000007
2025-05-17 05:00:00,WX-MASTER,0.0,9.175,24.96,WEATHER_STATION,VALID,0.0,0.29714688700274366
2025-05-17 06:00:00,WX-MASTER,0.0,7.937,24.44,WEATHER_STATION,VALID,0.0,0.15186219774589851
2025-05-17 07:00:00,WX-MASTER,0.2703,9.748,24.78,WEATHER_STATION,VALID,0.26357765301811353,0.387780102212126
2025-05-17 08:00:00,WX-MASTER,0.4997,9.479,23.76,WEATHER_STATION,VALID,0.4798559678538317,0.34322920853207123
2025-05-17 09:00:00,WX-MASTER,0.6598,7.744,25.17,WEATHER_STATION,VALID,0.6562796540261829,0.1347393165449657
2025-05-17 10:00:00,WX-MASTER,0.647,9.538,22.11,WEATHER_STATION,VALID,0.619082938381302,0.35269154436521266
2025-05-17 11:00:00,WX-MASTER,0.7829,8.475,26.07,WEATHER_STATION,VALID,0.7554503936826541,0.20711553240740735
2025-05-17 12:00:00,WX-MASTER,1.0117,9.172,25.21,WEATHER_STATION,VALID,0.9829795877877832,0.29671400879583
2025-05-17 13:00:00,WX-MASTER,0.6892,7.243,26.56,WEATHER_STATION,VALID,0.657233019102575,0.09640052394299044
2025-05-17 14:00:00,WX-MASTER,0.7479,8.543,27.5,WEATHER_STATION,VALID,0.7291709333314599,0.2149289588017009
2025-05-17 15:00:00,WX-MASTER,0.6581,6.38,30.31,WEATHER_STATION,VALID,0.6542689742783203,0.04873156960219478
2025-05-17 16:00:00,WX-MASTER,0.5751,6.383,30.63,WEATHER_STATION,VALID,0.5536160281707756,0.04886144342392318
2025-05-17 17:00:00,WX-MASTER,0.3033,10.536,30.55,WEATHER_STATION,VALID,0.2959987022551848,0.540110932954074
2025-05-17 18:00:00,WX-MASTER,0.0,6.52,30.44,WEATHER_STATION,VALID,0.0,0.05504125015089162
2025-05-17 19:00:00,WX-MASTER,0.0,7.618,32.59,WEATHER_STATION,VALID,0.0,0.12428596388126206
2025-05-17 20:00:00,WX-MASTER,0.0,5.978,33.92,WEATHER_STATION,VALID,0.0,0.03332992829058983
2025-05-17 22:00:00,WX-MASTER,0.0,7.627,29.38,WEATHER_STATION,VALID,0.0,0.12501404210200273
2025-05-17 23:00:00,WX-MASTER,0.0,8.229,29.9,WEATHER_STATION,VALID,0.0,0.18043310572
2025-05-18 00:00:00,WX-MASTER,0.0,9.613,30.67,WEATHER_STATION,VALID,0.0,0.3649689071676817
2025-05-18 01:00:00,WX-MASTER,0.0,9.989,28.62,WEATHER_STATION,VALID,0.0,0.4308294876481209
2025-05-18 02:00:00,WX-MASTER,0.0,7.971,27.22,WEATHER_STATION,VALID,0.0,0.1550213763540741
2025-05-18 03:00:00,WX-MASTER,0.0,8.18,26.26,WEATHER_STATION,VALID,0.0,0.17540807330589844
2025-05-18 04:00:00,WX-MASTER,0.0,10.48,26.61,WEATHER_STATION,VALID,0.0,0.5281594960768176
2025-05-18 05:00:00,WX-MASTER,0.0,11.099,23.93,WEATHER_STATION,VALID,0.0,0.6704316306654048
2025-05-18 06:00:00,WX-MASTER,0.0,10.286,25.18,WEATHER_STATION,VALID,0.0,0.48812134551923164
2025-05-18 07:00:00,WX-MASTER,0.2991,6.26,24.97,WEATHER_STATION,VALID,0.28668892618394914,0.04372331676268862
2025-05-18 08:00:00,WX-MASTER,0.534,9.685,24.21,WEATHER_STATION,VALID,0.514778242349119,0.377020125644719
2025-05-18 09:00:00,WX-MASTER,0.6837,10.298,23.62,WEATHER_STATION,VALID,0.6810707140600086,0.4905371190461454
2025-05-18 10:00:00,WX-MASTER,0.7769,5.461,26.44,WEATHER_STATION,VALID,0.7625499239812119,0.01881027479632374
2025-05-18 11:00:00,WX-MASTER,0.9067,8.892,24.17,WEATHER_STATION,VALID,0.8719212022468142,0.25813596283259255
2025-05-18 12:00:00,WX-MASTER,0.9719,7.652,26.71,WEATHER_STATION,VALID,0.961760852933399,0.12705138894836768
2025-05-18 13:00:00,WX-MASTER,1.0072,6.872,28.22,WEATHER_STATION,VALID,0.9657962869838691,0.07325990395083677
2025-05-18 14:00:00,WX-MASTER,0.8981,7.441,28.44,WEATHER_STATION,VALID,0.8847510880060027,0.11053571340373111
2025-05-18 15:00:00,WX-MASTER,0.7604,7.952,30.63,WEATHER_STATION,VALID,0.722088646133002,0.15325060830639228
2025-05-18 16:00:00,WX-MASTER,0.5756,9.016,28.64,WEATHER_STATION,VALID,0.5675985081196675,0.27477915381113854
2025-05-18 17:00:00,WX-MASTER,0.2959,9.138,29.77,WEATHER_STATION,VALID,0.285220375814577,0.29183740255999996
2025-05-18 18:00:00,WX-MASTER,0.0,5.97,30.73,WEATHER_STATION,VALID,0.0,0.033062039999999994
2025-05-18 19:00:00,WX-MASTER,0.0,7.339,35.58,WEATHER_STATION,VALID,0.0,0.1030930170116324
2025-05-18 20:00:00,WX-MASTER,0.0,8.565,32.36,WEATHER_STATION,VALID,0.0,0.21749826907407405
2025-05-18 21:00:00,WX-MASTER,0.0,10.738,32.46,WEATHER_STATION,VALID,0.0,0.5847180158713855
2025-05-18 22:00:00,WX-MASTER,0.0,5.371,32.06,WEATHER_STATION,VALID,0.0,0.016821122011138553
2025-05-18 23:00:00,WX-MASTER,0.0,8.304,30.82,WEATHER_STATION,VALID,0.0,0.18830889946074078
2025-05-19 00:00:00,WX-MASTER,0.0,7.234,31.23,WEATHER_STATION,VALID,0.0,0.09578838698447188
2025-05-19 01:00:00,WX-MASTER,0.0,7.502,26.89,WEATHER_STATION,VALID,0.0,0.11515340149157752
2025-05-19 02:00:00,WX-MASTER,0.0,10.558,28.56,WEATHER_STATION,VALID,0.0,0.5448550264787928
2025-05-19 03:00:00,WX-MASTER,0.0,8.512,27.83,WEATHER_STATION,VALID,0.0,0.21134302813410152
2025-05-19 04:00:00,WX-MASTER,0.0,6.034,27.7,WEATHER_STATION,VALID,0.0,0.03524577207089162
2025-05-19 05:00:00,WX-MASTER,0.0,8.674,24.36,WEATHER_STATION,VALID,0.0,0.23053044754743474
2025-05-19 06:00:00,WX-MASTER,0.0,11.297,23.9,WEATHER_STATION,VALID,0.0,0.7208145911483679
2025-05-19 07:00:00,WX-MASTER,0.3039,6.049,23.62,WEATHER_STATION,VALID,0.299065347992767,0.03577112279434845
2025-05-19 08:00:00,WX-MASTER,0.4221,8.829,25.35,WEATHER_STATION,VALID,0.41561648036725896,0.24994385564592603
2025-05-19 09:00:00,WX-MASTER,0.6655,9.924,25.49,WEATHER_STATION,VALID,0.6763660729851927,0.4189203682607407
2025-05-19 10:00:00,WX-MASTER,0.8308,7.598,24.05,WEATHER_STATION,VALID,0.8123058745374808,0.12267814482392314
2025-05-19 11:00:00,WX-MASTER,0.9676,9.988,28.05,WEATHER_STATION,VALID,0.945606115923178,0.43064458229113844
2025-05-19 12:00:00,WX-MASTER,1.0082,6.499,26.82,WEATHER_STATION,VALID,0.9886008199689663,0.054062002275829885
2025-05-19 13:00:00,WX-MASTER,0.9201,9.174,27.47,WEATHER_STATION,VALID,0.8785717560603157,0.29700254751999994
2025-05-19 14:00:00,WX-MASTER,0.8676,8.873,27.98,WEATHER_STATION,VALID,0.8357950641036463,0.255646765058491
2025-05-19 15:00:00,WX-MASTER,0.6935,7.331,30.25,WEATHER_STATION,VALID,0.667429574203233,0.10252383670194791
2025-05-19 16:00:00,WX-MASTER,0.4732,5.575,30.44,WEATHER_STATION,VALID,0.4636007640103044,0.021547257373113866
2025-05-19 17:00:00,WX-MASTER,0.2727,6.395,32.97,WEATHER_STATION,VALID,0.2638065389532342,0.049383246207133046
2025-05-19 18:00:00,WX-MASTER,0.0,4.879,29.8,WEATHER_STATION,VALID,0.0,0.008372220142496566
2025-05-19 19:00:00,WX-MASTER,0.0,8.952,29.75,WEATHER_STATION,VALID,0.0,0.2661025685807408
2025-05-19 20:00:00,WX-MASTER,0.0,9.057,30.84,WEATHER_STATION,VALID,0.0,0.28043551964
2025-05-19 21:00:00,WX-MASTER,0.0,8.794,32.27,WEATHER_STATION,VALID,0.0,0.24546850163138545
2025-05-19 22:00:00,WX-MASTER,0.0,8.755,30.74,WEATHER_STATION,VALID,0.0,0.24054497169410155
2025-05-19 23:00:00,WX-MASTER,0.0,10.86,32.23,WEATHER_STATION,VALID,0.0,0.612812954074074
2025-05-20 00:00:00,WX-MASTER,0.0,9.604,29.48,WEATHER_STATION,VALID,0.0,0.36348081469805193
2025-05-20 01:00:00,WX-MASTER,0.0,8.558,30.41,WEATHER_STATION,VALID,0.0,0.21667855284367624
2025-05-20 02:00:00,WX-MASTER,0.0,9.465,27.21,WEATHER_STATION,VALID,0.0,0.34100903574074065
2025-05-20 03:00:00,WX-MASTER,0.0,11.862,28.72,WEATHER_STATION,VALID,0.0,0.8783255900325927
2025-05-20 04:00:00,WX-MASTER,0.0,9.874,28.1,WEATHER_STATION,VALID,0.0,0.40991034838694124
2025-05-20 05:00:00,WX-MASTER,0.0,8.37,25.05,WEATHER_STATION,VALID,0.0,0.19542636592592585
2025-05-20 06:00:00,WX-MASTER,0.0,8.59,25.76,WEATHER_STATION,VALID,0.0,0.22044270052126194
2025-05-20 07:00:00,WX-MASTER,0.3044,8.996,25.14,WEATHER_STATION,VALID,0.2979402402281845,0.27204777078342945
2025-05-20 08:00:00,WX-MASTER,0.4299,7.586,25.32,WEATHER_STATION,VALID,0.41741658617013555,0.12172014196367625
2025-05-20 09:00:00,WX-MASTER,0.672,7.22,26.36,WEATHER_STATION,VALID,0.6450475749831399,0.09484133355281205
2025-05-20 10:00:00,WX-MASTER,0.8394,7.645,26.34,WEATHER_STATION,VALID,0.8109284200523996,0.1264787177434842
2025-05-20 11:00:00,WX-MASTER,0.9105,9.454,26.34,WEATHER_STATION,VALID,0.8834443721315371,0.33927134635237316
2025-05-20 12:00:00,WX-MASTER,0.9723,8.382,27.25,WEATHER_STATION,VALID,0.9426252204781039,0.19673941663999997
2025-05-20 13:00:00,WX-MASTER,0.8054,6.759,25.77,WEATHER_STATION,VALID,0.7584583937414183,0.0670312435125926
2025-05-20 14:00:00,WX-MASTER,0.8226,8.427,28.15,WEATHER_STATION,VALID,0.7930174531303057,0.20171572883999997
2025-05-20 15:00:00,WX-MASTER,0.7204,7.381,27.79,WEATHER_STATION,VALID,0.6993953582872814,0.10611580147286696
2025-05-20 16:00:00,WX-MASTER,0.5559,7.953,29.93,WEATHER_STATION,VALID,0.5368767963224942,0.15334346870074075
2025-05-20 17:00:00,WX-MASTER,0.2565,8.024,32.02,WEATHER_STATION,VALID,0.24785534544676918,0.1600328690234293
2025-05-20 18:00:00,WX-MASTER,0.0,5.18,31.23,WEATHER_STATION,VALID,0.0,0.013074641207133057
2025-05-20 19:00:00,WX-MASTER,0.0,4.215,28.58,WEATHER_STATION,VALID,0.0,0.002263544999999999
2025-05-20 20:00:00,WX-MASTER,0.0,8.732,30.45,WEATHER_STATION,VALID,0.0,0.2376724506372565
2025-05-20 21:00:00,WX-MASTER,0.0,7.579,32.28,WEATHER_STATION,VALID,0.0,0.12116361703138546
2025-05-20 22:00:00,WX-MASTER,0.0,6.78,30.59,WEATHER_STATION,VALID,0.0,0.06816096000000002
2025-05-20 23:00:00,WX-MASTER,0.0,8.023,31.62,WEATHER_STATION,VALID,0.0,0.15993732701459534
2025-05-21 00:00:00,WX-MASTER,0.0,10.416,28.48,WEATHER_STATION,VALID,0.0,0.5147181260800002
2025-05-21 01:00:00,WX-MASTER,0.0,9.741,29.54,WEATHER_STATION,VALID,0.0,0.38657456908000004
2025-05-21 02:00:00,WX-MASTER,0.0,10.273,28.7,WEATHER_STATION,VALID,0.0,0.48551322219978055
2025-05-21 03:00:00,WX-MASTER,0.0,9.786,28.22,WEATHER_STATION,VALID,0.0,0.39436817888
2025-05-21 04:00:00,WX-MASTER,0.0,7.867,25.64,WEATHER_STATION,VALID,0.0,0.145493750032867
2025-05-21 05:00:00,WX-MASTER,0.0,9.882,26.64,WEATHER_STATION,VALID,0.0,0.41134318256592584
2025-05-21 06:00:00,WX-MASTER,0.0,9.406,26.96,WEATHER_STATION,VALID,0.0,0.33175776913953375
2025-05-21 07:00:00,WX-MASTER,0.2724,8.238,22.07,WEATHER_STATION,VALID,0.26449335745573227,0.18136637855999996
2025-05-21 08:00:00,WX-MASTER,0.5276,8.206,24.74,WEATHER_STATION,VALID,0.5150984348748483,0.17806263274447187
2025-05-21 09:00:00,WX-MASTER,0.699,8.909,22.63,WEATHER_STATION,VALID,0.6866871599453888,0.26037679022589866
2025-05-21 10:00:00,WX-MASTER,0.795,6.681,24.12,WEATHER_STATION,VALID,0.7615418108631425,0.06294449468000002
2025-05-21 11:00:00,WX-MASTER,0.7464,8.889,24.77,WEATHER_STATION,VALID,0.7201436237143485,0.25774186219407397
2025-05-21 12:00:00,WX-MASTER,0.7736,8.084,26.35,WEATHER_STATION,VALID,0.7190168996404289,0.1658352785839232
2025-05-21 13:00:00,WX-MASTER,0.838,7.291,27.73,WEATHER_STATION,VALID,0.8050482230675473,0.09970934024323734
2025-05-21 14:00:00,WX-MASTER,0.8167,9.284,29.27,WEATHER_STATION,VALID,0.7857746553536582,0.3131618342382443
2025-05-21 15:00:00,WX-MASTER,0.6446,5.684,29.4,WEATHER_STATION,VALID,0.615403637390529,0.024401011719725654
2025-05-21 16:00:00,WX-MASTER,0.5453,6.904,30.74,WEATHER_STATION,VALID,0.530295624582828,0.07509131780916323
2025-05-21 17:00:00,WX-MASTER,0.2726,6.804,29.36,WEATHER_STATION,VALID,0.2641932391283669,0.06946752464592594
2025-05-21 18:00:00,WX-MASTER,0.0,8.385,32.48,WEATHER_STATION,VALID,0.0,0.19706859574074068
2025-05-21 19:00:00,WX-MASTER,0.0,9.71,27.61,WEATHER_STATION,VALID,0.0,0.3812658081207134
2025-05-21 20:00:00,WX-MASTER,0.0,7.156,33.51,WEATHER_STATION,VALID,0.0,0.09059138839879284
2025-05-21 21:00:00,WX-MASTER,0.0,12.982,33.18,WEATHER_STATION,VALID,0.0,0.92
2025-05-21 22:00:00,WX-MASTER,0.0,8.046,32.11,WEATHER_STATION,VALID,0.0,0.16214443120592592
2025-05-21 23:00:00,WX-MASTER,0.0,9.557,33.33,WEATHER_STATION,VALID,0.0,0.35577534627923196
2025-05-22 00:00:00,WX-MASTER,0.0,9.213,27.74,WEATHER_STATION,VALID,0.0,0.30266650363407394
2025-05-22 01:00:00,WX-MASTER,0.0,9.332,30.0,WEATHER_STATION,VALID,0.0,0.3203929989829356
2025-05-22 02:00:00,WX-MASTER,0.0,8.236,28.32,WEATHER_STATION,VALID,0.0,0.18115870715434848
2025-05-22 03:00:00,WX-MASTER,0.0,10.581,27.54,WEATHER_STATION,VALID,0.0,0.5498443780874073
2025-05-22 04:00:00,WX-MASTER,0.0,7.948,25.01,WEATHER_STATION,VALID,0.0,0.15287954161953363
2025-05-22 05:00:00,WX-MASTER,0.0,6.569,26.15,WEATHER_STATION,VALID,0.0,0.057371993811083676
2025-05-22 06:00:00,WX-MASTER,0.0,7.182,25.54,WEATHER_STATION,VALID,0.0,0.09230227056592596
2025-05-22 07:00:00,WX-MASTER,0.229,10.265,23.95,WEATHER_STATION,VALID,0.22210155859870187,0.4839128502812073
2025-05-22 08:00:00,WX-MASTER,0.4675,9.751,24.57,WEATHER_STATION,VALID,0.44920966127026624,0.3882975255568175
2025-05-22 09:00:00,WX-MASTER,0.6125,5.266,23.2,WEATHER_STATION,VALID,0.5998691346121988,0.014683852576570643
2025-05-22 10:00:00,WX-MASTER,0.8694,8.71,24.65,WEATHER_STATION,VALID,0.8396766799925603,0.23494630743484243
2025-05-22 11:00:00,WX-MASTER,0.9526,4.895,26.83,WEATHER_STATION,VALID,0.9102329331756255,0.008587919046639225
2025-05-22 12:00:00,WX-MASTER,0.8309,7.31,27.58,WEATHER_STATION,VALID,0.8025069468523451,0.1010397142935528
2025-05-22 13:00:00,WX-MASTER,0.8697,5.714,28.17,WEATHER_STATION,VALID,0.8465554544946676,0.025228407018491092
2025-05-22 14:00:00,WX-MASTER,0.6546,8.447,29.31,WEATHER_STATION,VALID,0.6381520430541385,0.2039540928026885
2025-05-22 15:00:00,WX-MASTER,0.6535,8.084,30.23,WEATHER_STATION,VALID,0.6523078114413626,0.1658352785839232
2025-05-22 16:00:00,WX-MASTER,0.5332,8.771,29.13,WEATHER_STATION,VALID,0.5118540630986527,0.24255683770935543
2025-05-22 17:00:00,WX-MASTER,0.3061,7.303,31.04,WEATHER_STATION,VALID,0.2965796227253077,0.10054820855533608
2025-05-22 18:00:00,WX-MASTER,0.0,7.667,32.49,WEATHER_STATION,VALID,0.0,0.12828435699034293
2025-05-22 19:00:00,WX-MASTER,0.0,6.22,29.88,WEATHER_STATION,VALID,0.0,0.04213353657064471
2025-05-22 20:00:00,WX-MASTER,0.0,7.09,29.99,WEATHER_STATION,VALID,0.0,0.08634361410150891
2025-05-22 21:00:00,WX-MASTER,0.0,9.914,29.81,WEATHER_STATION,VALID,0.0,0.41710790884565146
2025-05-22 22:00:00,WX-MASTER,0.0,9.381,29.04,WEATHER_STATION,VALID,0.0,0.3278887626800001
2025-05-22 23:00:00,WX-MASTER,0.0,9.22,29.37,WEATHER_STATION,VALID,0.0,0.30369067237311403
2025-05-23 00:00:00,WX-MASTER,0.0,10.846,29.25,WEATHER_STATION,VALID,0.0,0.6095442101469409
2025-05-23 01:00:00,WX-MASTER,0.0,7.577,30.85,WEATHER_STATION,VALID,0.0,0.12100492207182441
2025-05-23 02:00:00,WX-MASTER,0.0,10.198,27.61,WEATHER_STATION,VALID,0.0,0.47064757569360777
2025-05-23 03:00:00,WX-MASTER,0.0,7.656,25.41,WEATHER_STATION,VALID,0.0,0.12737940442074072
2025-05-23 04:00:00,WX-MASTER,0.0,10.975,26.58,WEATHER_STATION,VALID,0.0,0.6401067018175582
2025-05-23 05:00:00,WX-MASTER,0.0,9.573,25.43,WEATHER_STATION,VALID,0.0,0.35838613190074087
2025-05-23 06:00:00,WX-MASTER,0.0,9.89,24.16,WEATHER_STATION,VALID,0.0,0.41277935182441716
2025-05-23 07:00:00,WX-MASTER,0.2834,7.47,24.04,WEATHER_STATION,VALID,0.2669986104433596,0.11271529925925924
2025-05-23 08:00:00,WX-MASTER,0.518,10.958,25.91,WEATHER_STATION,VALID,0.4986189785870805,0.6360219491893553
2025-05-23 09:00:00,WX-MASTER,0.7608,10.469,23.06,WEATHER_STATION,VALID,0.7425291814508153,0.5258328056135527
2025-05-23 10:00:00,WX-MASTER,0.8306,8.207,23.1,WEATHER_STATION,VALID,0.815959901166702,0.1781652625014541
2025-05-23 11:00:00,WX-MASTER,1.0109,8.995,26.22,WEATHER_STATION,VALID,0.9697607105767736,0.2719116788545952
2025-05-23 12:00:00,WX-MASTER,0.9217,6.949,25.65,WEATHER_STATION,VALID,0.9085914193742232,0.07771801509064472
2025-05-23 13:00:00,WX-MASTER,0.8842,5.63,29.09,WEATHER_STATION,VALID,0.8375713780449668,0.022957656021947874
2025-05-23 14:00:00,WX-MASTER,0.9123,8.32,27.95,WEATHER_STATION,VALID,0.8678578373826167,0.19001819829903982
2025-05-23 15:00:00,WX-MASTER,0.618,6.163,28.92,WEATHER_STATION,VALID,0.6060385654944631,0.03993538492076818
2025-05-23 16:00:00,WX-MASTER,0.5776,9.197,30.83,WEATHER_STATION,VALID,0.574750594324272,0.3003341986051577
2025-05-23 17:00:00,WX-MASTER,0.2927,9.044,28.6,WEATHER_STATION,VALID,0.2860854131441205,0.2786337154036763
2025-05-23 18:00:00,WX-MASTER,0.0,8.217,31.57,WEATHER_STATION,VALID,0.0,0.1791937298325927
2025-05-23 19:00:00,WX-MASTER,0.0,8.398,31.07,WEATHER_STATION,VALID,0.0,0.19849928176768175
2025-05-23 20:00:00,WX-MASTER,0.0,9.712,32.86,WEATHER_STATION,VALID,0.0,0.38160683297360765
2025-05-23 21:00:00,WX-MASTER,0.0,9.033,30.74,WEATHER_STATION,VALID,0.0,0.2771151535007406
2025-05-23 22:00:00,WX-MASTER,0.0,8.374,31.38,WEATHER_STATION,VALID,0.0,0.19586339826348426
2025-05-23 23:00:00,WX-MASTER,0.0,7.111,30.18,WEATHER_STATION,VALID,0.0,0.08768044178397802
2025-05-24 00:00:00,WX-MASTER,0.0,10.447,30.35,WEATHER_STATION,VALID,0.0,0.5211999442155828
2025-05-24 01:00:00,WX-MASTER,0.0,9.739,28.71,WEATHER_STATION,VALID,0.0,0.3862305905424967
2025-05-24 02:00:00,WX-MASTER,0.0,12.84,28.42,WEATHER_STATION,VALID,0.0,0.92
2025-05-24 03:00:00,WX-MASTER,0.0,9.059,29.31,WEATHER_STATION,VALID,0.0,0.2807134078308367
2025-05-24 04:00:00,WX-MASTER,0.0,9.441,26.01,WEATHER_STATION,VALID,0.0,0.33722533633925944
2025-05-24 05:00:00,WX-MASTER,0.0,9.283,26.12,WEATHER_STATION,VALID,0.0,0.31301235365163227
2025-05-24 06:00:00,WX-MASTER,0.0,9.477,27.82,WEATHER_STATION,VALID,0.0,0.342911452765926
2025-05-24 07:00:00,WX-MASTER,0.3179,7.121,25.19,WEATHER_STATION,VALID,0.3134381726601197,0.08832184701799731
2025-05-24 08:00:00,WX-MASTER,0.578,8.016,21.69,WEATHER_STATION,VALID,0.5521769175700407,0.15926959748740743
2025-05-24 09:00:00,WX-MASTER,0.6946,8.942,23.93,WEATHER_STATION,VALID,0.7030857280155801,0.26476357796565164
2025-05-24 10:00:00,WX-MASTER,0.8248,7.21,23.63,WEATHER_STATION,VALID,0.8046986855198788,0.09416870249657067
2025-05-24 11:00:00,WX-MASTER,0.8599,8.49,26.74,WEATHER_STATION,VALID,0.8390151261177267,0.20882252
2025-05-24 12:00:00,WX-MASTER,1.0311,7.463,26.24,WEATHER_STATION,VALID,1.0,0.11218659311281207
2025-05-24 13:00:00,WX-MASTER,0.8642,7.797,28.48,WEATHER_STATION,VALID,0.8626073201297241,0.13930588203999994
2025-05-24 14:00:00,WX-MASTER,0.782,8.777,28.84,WEATHER_STATION,VALID,0.7678361119389197,0.24331416987429352
2025-05-24 15:00:00,WX-MASTER,0.3821,7.058,29.74,WEATHER_STATION,VALID,0.36143762165633897,0.08433278197947874
2025-05-24 16:00:00,WX-MASTER,0.4823,5.602,28.39,WEATHER_STATION,VALID,0.4779844064986005,0.022232186435336088
2025-05-24 17:00:00,WX-MASTER,0.2804,7.331,31.19,WEATHER_STATION,VALID,0.27055418898685424,0.10252383670194791
2025-05-24 18:00:00,WX-MASTER,0.0,6.833,32.78,WEATHER_STATION,VALID,0.0,0.07106843579429357
2025-05-24 19:00:00,WX-MASTER,0.0,5.397,29.75,WEATHER_STATION,VALID,0.0,0.017380585447407414
2025-05-24 20:00:00,WX-MASTER,0.0,8.282,31.23,WEATHER_STATION,VALID,0.0,0.18597539493355283
2025-05-24 21:00:00,WX-MASTER,0.0,8.93,31.91,WEATHER_STATION,VALID,0.0,0.2631627276268861
2025-05-24 22:00:00,WX-MASTER,0.0,10.222,31.26,WEATHER_STATION,VALID,0.0,0.47537107358595326
2025-05-24 23:00:00,WX-MASTER,0.0,7.594,32.31,WEATHER_STATION,VALID,0.0,0.12235825412521265
2025-05-25 00:00:00,WX-MASTER,0.0,9.311,30.71,WEATHER_STATION,VALID,0.0,0.31721582108713303
2025-05-25 01:00:00,WX-MASTER,0.0,10.724,29.48,WEATHER_STATION,VALID,0.0,0.5815500459123183
2025-05-25 02:00:00,WX-MASTER,0.0,8.505,29.06,WEATHER_STATION,VALID,0.0,0.21053886092592608
2025-05-25 03:00:00,WX-MASTER,0.0,9.876,28.09,WEATHER_STATION,VALID,0.0,0.4102682444799998
2025-05-25 04:00:00,WX-MASTER,0.0,11.121,26.38,WEATHER_STATION,VALID,0.0,0.6759099356874076
2025-05-25 05:00:00,WX-MASTER,0.0,6.434,25.18,WEATHER_STATION,VALID,0.0,0.05110473863330592
2025-05-25 06:00:00,WX-MASTER,0.0,8.981,26.24,WEATHER_STATION,VALID,0.0,0.27001115480071336
2025-05-25 07:00:00,WX-MASTER,0.2399,9.884,23.81,WEATHER_STATION,VALID,0.23118681781718745,0.4117019120654048
2025-05-25 08:00:00,WX-MASTER,0.5394,7.656,24.5,WEATHER_STATION,VALID,0.5311357948599132,0.12737940442074072
2025-05-25 09:00:00,WX-MASTER,0.7808,9.664,23.31,WEATHER_STATION,VALID,0.7510714409956515,0.3734782061844719
2025-05-25 10:00:00,WX-MASTER,0.9254,8.462,25.93,WEATHER_STATION,VALID,0.8971139223668199,0.2056436892150342
2025-05-25 11:00:00,WX-MASTER,0.3737,9.757,27.09,WEATHER_STATION,VALID,0.3536249624142401,0.3893337526550891
2025-05-25 12:00:00,WX-MASTER,1.0411,8.089,25.21,WEATHER_STATION,VALID,1.0,0.16632504577706456
2025-05-25 13:00:00,WX-MASTER,0.9868,9.678,26.99,WEATHER_STATION,VALID,0.98592471243377,0.37583700896000016
2025-05-25 14:00:00,WX-MASTER,0.6835,7.665,27.51,WEATHER_STATION,VALID,0.6703893631346298,0.1281195024074074
2025-05-25 15:00:00,WX-MASTER,0.669,5.57,30.28,WEATHER_STATION,VALID,0.6635991546463372,0.021421982935528123
2025-05-25 16:00:00,WX-MASTER,0.5726,6.664,31.53,WEATHER_STATION,VALID,0.5481548287523729,0.06207642445607681
2025-05-25 17:00:00,WX-MASTER,0.2984,8.996,29.98,WEATHER_STATION,VALID,0.2905057874863582,0.27204777078342945
2025-05-25 18:00:00,WX-MASTER,0.0,9.2,27.4,WEATHER_STATION,VALID,0.0,0.3007705898491082
2025-05-25 19:00:00,WX-MASTER,0.0,7.751,32.85,WEATHER_STATION,VALID,0.0,0.1353366400698492
2025-05-25 20:00:00,WX-MASTER,0.0,10.762,31.64,WEATHER_STATION,VALID,0.0,0.5901755510970645
2025-05-25 21:00:00,WX-MASTER,0.0,8.206,31.52,WEATHER_STATION,VALID,0.0,0.17806263274447187
2025-05-25 22:00:00,WX-MASTER,0.0,9.49,32.27,WEATHER_STATION,VALID,0.0,0.34498037459533615
2025-05-25 23:00:00,WX-MASTER,0.0,9.635,30.12,WEATHER_STATION,VALID,0.0,0.3686235528737998
2025-05-26 00:00:00,WX-MASTER,0.0,7.461,29.05,WEATHER_STATION,VALID,0.0,0.11203583847259262
2025-05-26 01:00:00,WX-MASTER,0.0,9.109,28.54,WEATHER_STATION,VALID,0.0,0.28772041260175585
2025-05-26 02:00:00,WX-MASTER,0.0,12.341,28.64,WEATHER_STATION,VALID,0.0,0.92
2025-05-26 03:00:00,WX-MASTER,0.0,7.975,28.21,WEATHER_STATION,VALID,0.0,0.15539589934842243
2025-05-26 04:00:00,WX-MASTER,0.0,9.851,28.27,WEATHER_STATION,VALID,0.0,0.4058094924649111
2025-05-26 05:00:00,WX-MASTER,0.0,7.349,26.07,WEATHER_STATION,VALID,0.0,0.10380744980120714
2025-05-26 06:00:00,WX-MASTER,0.0,7.408,24.85,WEATHER_STATION,VALID,0.0,0.10808988544175585
2025-05-26 07:00:00,WX-MASTER,0.29,6.529,25.74,WEATHER_STATION,VALID,0.2745779452369499,0.05546452194496569
2025-05-26 08:00:00,WX-MASTER,0.5175,9.33,23.39,WEATHER_STATION,VALID,0.4996213974502847,0.3200895007407408
2025-05-26 09:00:00,WX-MASTER,0.6743,6.723,26.38,WEATHER_STATION,VALID,0.6651516614310744,0.06512375108592591
2025-05-26 10:00:00,WX-MASTER,0.7132,9.28,25.28,WEATHER_STATION,VALID,0.6976925376999803,0.3125641973113854
2025-05-26 11:00:00,WX-MASTER,0.8049,6.761,25.31,WEATHER_STATION,VALID,0.7649476408849936,0.0671382936550343
2025-05-26 12:00:00,WX-MASTER,0.8947,7.493,25.15,WEATHER_STATION,VALID,0.8760554651018628,0.11446416771528121
2025-05-26 13:00:00,WX-MASTER,0.9203,7.799,27.9,WEATHER_STATION,VALID,0.8631838730214055,0.13948019594935532
2025-05-26 14:00:00,WX-MASTER,0.926,5.168,27.72,WEATHER_STATION,VALID,0.8951249999787323,0.012859916023923185
2025-05-26 15:00:00,WX-MASTER,0.6889,7.608,28.85,WEATHER_STATION,VALID,0.6799920762765954,0.12348030976000002
2025-05-26 16:00:00,WX-MASTER,0.5679,7.933,27.8,WEATHER_STATION,VALID,0.5510196911253442,0.15149337654052125
2025-05-26 17:00:00,WX-MASTER,0.3146,9.149,30.01,WEATHER_STATION,VALID,0.30280751370172954,0.2934092343937997
2025-05-26 18:00:00,WX-MASTER,0.0,6.649,30.41,WEATHER_STATION,VALID,0.0,0.06131713988076817
2025-05-26 19:00:00,WX-MASTER,0.0,7.087,31.94,WEATHER_STATION,VALID,0.0,0.08615375525755828
2025-05-26 20:00:00,WX-MASTER,0.0,9.268,31.24,WEATHER_STATION,VALID,0.0,0.3107758496096572
2025-05-26 21:00:00,WX-MASTER,0.0,10.497,28.26,WEATHER_STATION,VALID,0.0,0.5317687740399999
2025-05-26 22:00:00,WX-MASTER,0.0,8.114,30.59,WEATHER_STATION,VALID,0.0,0.16878835091972574
2025-05-26 23:00:00,WX-MASTER,0.0,7.459,28.79,WEATHER_STATION,VALID,0.0,0.11188521894743482
2025-05-27 00:00:00,WX-MASTER,0.0,8.773,28.53,WEATHER_STATION,VALID,0.0,0.24280910689113847
2025-05-27 01:00:00,WX-MASTER,0.0,7.929,30.14,WEATHER_STATION,VALID,0.0,0.15112515297925933
2025-05-27 02:00:00,WX-MASTER,0.0,9.758,26.01,WEATHER_STATION,VALID,0.0,0.3895066362017009
2025-05-27 03:00:00,WX-MASTER,0.0,7.764,27.48,WEATHER_STATION,VALID,0.0,0.13645063386074074
2025-05-27 04:00:00,WX-MASTER,0.0,10.297,25.67,WEATHER_STATION,VALID,0.0,0.49033550083286703
2025-05-27 05:00:00,WX-MASTER,0.0,9.12,24.72,WEATHER_STATION,VALID,0.0,0.28927743999999994
2025-05-27 06:00:00,WX-MASTER,0.0,9.92,23.83,WEATHER_STATION,VALID,0.0,0.41819475577503423
2025-05-27 07:00:00,WX-MASTER,0.2398,5.211,25.04,WEATHER_STATION,VALID,0.23778860291502132,0.013640381805925932
2025-05-27 08:00:00,WX-MASTER,0.4784,5.815,25.05,WEATHER_STATION,VALID,0.46374806309276534,0.028151108237311397
2025-05-27 09:00:00,WX-MASTER,0.7725,9.53,22.58,WEATHER_STATION,VALID,0.7609527815205449,0.35139845108367623
2025-05-27 10:00:00,WX-MASTER,0.8521,6.691,26.38,WEATHER_STATION,VALID,0.8403322730626871,0.06345888463829903
2025-05-27 11:00:00,WX-MASTER,0.8682,5.54,24.13,WEATHER_STATION,VALID,0.8391398683536988,0.020680519725651575
2025-05-27 12:00:00,WX-MASTER,0.9675,7.057,26.75,WEATHER_STATION,VALID,0.9471054416925098,0.08427045176620031
2025-05-27 13:00:00,WX-MASTER,0.8918,7.573,25.71,WEATHER_STATION,VALID,0.8617883253858465,0.12068794797755834
2025-05-27 14:00:00,WX-MASTER,0.8217,7.059,27.48,WEATHER_STATION,VALID,0.8133449859624643,0.08439514292000001
2025-05-27 15:00:00,WX-MASTER,0.7413,7.946,27.4,WEATHER_STATION,VALID,0.726131259999848,0.15269423310441702
2025-05-27 16:00:00,WX-MASTER,0.207,7.905,29.15,WEATHER_STATION,VALID,0.19709354794169265,0.14892833500000002
2025-05-27 17:00:00,WX-MASTER,0.2833,8.025,30.27,WEATHER_STATION,VALID,0.2754873990093277,0.16012844907407411
2025-05-27 18:00:00,WX-MASTER,0.0,9.643,29.68,WEATHER_STATION,VALID,0.0,0.3699585395479288
2025-05-27 19:00:00,WX-MASTER,0.0,8.125,31.79,WEATHER_STATION,VALID,0.0,0.1698798653978052
2025-05-27 20:00:00,WX-MASTER,0.0,8.348,32.07,WEATHER_STATION,VALID,0.0,0.1930343043300961
2025-05-27 21:00:00,WX-MASTER,0.0,9.699,34.66,WEATHER_STATION,VALID,0.0,0.37939380259407407
2025-05-27 22:00:00,WX-MASTER,0.0,9.597,32.18,WEATHER_STATION,VALID,0.0,0.36232621004
2025-05-27 23:00:00,WX-MASTER,0.0,7.885,31.92,WEATHER_STATION,VALID,0.0,0.1471139997187929
2025-05-28 00:00:00,WX-MASTER,0.0,9.059,27.63,WEATHER_STATION,VALID,0.0,0.2807134078308367
2025-05-28 01:00:00,WX-MASTER,0.0,9.81,26.56,WEATHER_STATION,VALID,0.0,0.39856727259259267
2025-05-28 02:00:00,WX-MASTER,0.0,8.472,27.65,WEATHER_STATION,VALID,0.0,0.20677525504
2025-05-28 03:00:00,WX-MASTER,0.0,8.461,29.25,WEATHER_STATION,VALID,0.0,0.2055307602284226
2025-05-28 04:00:00,WX-MASTER,0.0,7.217,29.23,WEATHER_STATION,VALID,0.0,0.09463920906441699
2025-05-28 05:00:00,WX-MASTER,0.0,5.09,24.71,WEATHER_STATION,VALID,0.0,0.011521238244170095
2025-05-28 06:00:00,WX-MASTER,0.0,8.122,24.27,WEATHER_STATION,VALID,0.0,0.16958171437607683
2025-05-28 07:00:00,WX-MASTER,0.2417,8.521,25.28,WEATHER_STATION,VALID,0.23449460336027655,0.2123799628259535
2025-05-28 08:00:00,WX-MASTER,0.5649,6.67,24.27,WEATHER_STATION,VALID,0.553518551786163,0.06238188471879288
2025-05-28 09:00:00,WX-MASTER,0.6679,9.635,24.42,WEATHER_STATION,VALID,0.6405758662902065,0.3686235528737998
2025-05-28 10:00:00,WX-MASTER,0.8973,6.26,25.74,WEATHER_STATION,VALID,0.8709239078505633,0.04372331676268862
2025-05-28 11:00:00,WX-MASTER,0.8195,8.626,28.79,WEATHER_STATION,VALID,0.7910764432177977,0.22472918796422492
2025-05-28 12:00:00,WX-MASTER,0.5527,7.859,27.82,WEATHER_STATION,VALID,0.5229735552228766,0.14477747439873798
2025-05-28 13:00:00,WX-MASTER,0.9321,10.082,29.34,WEATHER_STATION,VALID,0.8912676478440005,0.44825801774836777
2025-05-28 14:00:00,WX-MASTER,0.8075,7.96,25.79,WEATHER_STATION,VALID,0.8022699005900606,0.15399454200274348
2025-05-28 15:00:00,WX-MASTER,0.7229,5.451,30.2,WEATHER_STATION,VALID,0.705384747261705,0.018581904887407404
2025-05-28 16:00:00,WX-MASTER,0.4985,8.837,28.62,WEATHER_STATION,VALID,0.4736478684762711,0.2509743735977503
2025-05-28 17:00:00,WX-MASTER,0.2626,9.862,32.49,WEATHER_STATION,VALID,0.2486545441135331,0.40776734191187936
2025-05-28 18:00:00,WX-MASTER,0.0,5.58,32.67,WEATHER_STATION,VALID,0.0,0.021673019259259265
2025-05-28 19:00:00,WX-MASTER,0.0,8.968,32.11,WEATHER_STATION,VALID,0.0,0.2682543309923731
2025-05-28 20:00:00,WX-MASTER,0.0,9.517,30.62,WEATHER_STATION,VALID,0.0,0.3493039220575582
2025-05-28 21:00:00,WX-MASTER,0.0,8.372,30.81,WEATHER_STATION,VALID,0.0,0.19564480074096025
2025-05-28 22:00:00,WX-MASTER,0.0,5.724,30.55,WEATHER_STATION,VALID,0.0,0.025508305445925937
2025-05-28 23:00:00,WX-MASTER,0.0,8.668,31.4,WEATHER_STATION,VALID,0.0,0.22979989385657051
2025-05-29 00:00:00,WX-MASTER,0.0,8.416,30.22,WEATHER_STATION,VALID,0.0,0.2004916389469411
2025-05-29 01:00:00,WX-MASTER,0.0,11.223,30.59,WEATHER_STATION,VALID,0.0,0.7016995044192595
2025-05-29 02:00:00,WX-MASTER,0.0,9.113,29.91,WEATHER_STATION,VALID,0.0,0.2882859562486145
2025-05-29 03:00:00,WX-MASTER,0.0,8.619,26.06,WEATHER_STATION,VALID,0.0,0.22389139139407405
2025-05-29 04:00:00,WX-MASTER,0.0,8.257,26.8,WEATHER_STATION,VALID,0.0,0.18334717808718784
2025-05-29 05:00:00,WX-MASTER,0.0,9.254,26.06,WEATHER_STATION,VALID,0.0,0.3086980810135528
2025-05-29 06:00:00,WX-MASTER,0.0,8.676,24.84,WEATHER_STATION,VALID,0.0,0.23077430907259266
2025-05-29 07:00:00,WX-MASTER,0.2573,7.322,25.73,WEATHER_STATION,VALID,0.24898650841467543,0.10188601743231825
2025-05-29 08:00:00,WX-MASTER,0.5531,8.431,25.07,WEATHER_STATION,VALID,0.5398633091944393,0.20216208470743474
2025-05-29 09:00:00,WX-MASTER,0.7016,7.113,23.91,WEATHER_STATION,VALID,0.677748437180674,0.08780847356000004
2025-05-29 10:00:00,WX-MASTER,0.7106,4.244,24.78,WEATHER_STATION,VALID,0.682363672092333,0.002429525378984909
2025-05-29 11:00:00,WX-MASTER,0.8822,8.302,25.09,WEATHER_STATION,VALID,0.8769793616045125,0.1880959606575582
2025-05-29 12:00:00,WX-MASTER,1.0435,8.053,25.36,WEATHER_STATION,VALID,1.0,0.16282016620965714
2025-05-29 13:00:00,WX-MASTER,1.0145,7.505,26.97,WEATHER_STATION,VALID,0.9724865407422294,0.11538375941700958
2025-05-29 14:00:00,WX-MASTER,0.8849,6.676,26.43,WEATHER_STATION,VALID,0.86589824549031,0.06268834539632373
2025-05-29 15:00:00,WX-MASTER,0.6045,7.231,29.46,WEATHER_STATION,VALID,0.5796307594849973,0.09558491868274348
2025-05-29 16:00:00,WX-MASTER,0.5406,8.525,31.42,WEATHER_STATION,VALID,0.5147753922245422,0.21284190929355284
2025-05-29 17:00:00,WX-MASTER,0.3082,6.827,30.52,WEATHER_STATION,VALID,0.30373330104758745,0.07073521626935529
2025-05-29 18:00:00,WX-MASTER,0.0,8.995,32.15,WEATHER_STATION,VALID,0.0,0.2719116788545952
2025-05-29 19:00:00,WX-MASTER,0.0,6.214,31.55,WEATHER_STATION,VALID,0.0,0.04189844608570647
2025-05-29 20:00:00,WX-MASTER,0.0,8.611,30.25,WEATHER_STATION,VALID,0.0,0.22293646227780525
2025-05-29 21:00:00,WX-MASTER,0.0,8.676,33.77,WEATHER_STATION,VALID,0.0,0.23077430907259266
2025-05-29 22:00:00,WX-MASTER,0.0,10.169,28.11,WEATHER_STATION,VALID,0.0,0.4649818918851578
2025-05-29 23:00:00,WX-MASTER,0.0,7.852,30.47,WEATHER_STATION,VALID,0.0,0.1441526649538546
2025-05-30 00:00:00,WX-MASTER,0.0,8.112,28.78,WEATHER_STATION,VALID,0.0,0.16859039744000004
2025-05-30 01:00:00,WX-MASTER,0.0,7.414,30.76,WEATHER_STATION,VALID,0.0,0.10853186988817555
2025-05-30 02:00:00,WX-MASTER,0.0,8.484,28.21,WEATHER_STATION,VALID,0.0,0.20813860399407405
2025-05-30 03:00:00,WX-MASTER,0.0,9.48,30.12,WEATHER_STATION,VALID,0.0,0.34338816000000016
2025-05-30 04:00:00,WX-MASTER,0.0,6.676,26.25,WEATHER_STATION,VALID,0.0,0.06268834539632373
2025-05-30 05:00:00,WX-MASTER,0.0,8.248,24.57,WEATHER_STATION,VALID,0.0,0.18240711653311378
2025-05-30 06:00:00,WX-MASTER,0.0,9.389,22.87,WEATHER_STATION,VALID,0.0,0.32912355352466377
2025-05-30 07:00:00,WX-MASTER,0.2807,8.208,25.9,WEATHER_STATION,VALID,0.27529939568076134,0.17826793168592592
2025-05-30 08:00:00,WX-MASTER,0.5308,8.178,23.45,WEATHER_STATION,VALID,0.5053984851472034,0.17520497636740756
2025-05-30 09:00:00,WX-MASTER,0.783,5.872,24.07,WEATHER_STATION,VALID,0.7652721780693444,0.029896035857558307
2025-05-30 10:00:00,WX-MASTER,0.7315,7.477,26.4,WEATHER_STATION,VALID,0.7188910712675951,0.1132456639044719
2025-05-30 11:00:00,WX-MASTER,0.9187,7.464,26.74,WEATHER_STATION,VALID,0.9011396188641236,0.11226202112000004
2025-05-30 12:00:00,WX-MASTER,0.8452,7.088,25.47,WEATHER_STATION,VALID,0.8297956504719853,0.08621701058194789
2025-05-30 13:00:00,WX-MASTER,0.8462,7.437,26.5,WEATHER_STATION,VALID,0.8254248982648889,0.11023730444000004
2025-05-30 14:00:00,WX-MASTER,0.8176,6.843,25.85,WEATHER_STATION,VALID,0.7921839350765821,0.07162612435999999
2025-05-30 15:00:00,WX-MASTER,0.783,6.725,26.39,WEATHER_STATION,VALID,0.7523647237606073,0.06522876114540466
2025-05-30 16:00:00,WX-MASTER,0.58,6.101,30.62,WEATHER_STATION,VALID,0.5460879609890369,0.037632719008120714
2025-05-30 17:00:00,WX-MASTER,0.2962,8.908,31.48,WEATHER_STATION,VALID,0.2888230283695074,0.2602446192689163
2025-05-30 18:00:00,WX-MASTER,0.0,6.276,31.42,WEATHER_STATION,VALID,0.0,0.04437026048
2025-05-30 19:00:00,WX-MASTER,0.0,8.329,31.56,WEATHER_STATION,VALID,0.0,0.19098420875978056
2025-05-30 20:00:00,WX-MASTER,0.0,10.742,30.61,WEATHER_STATION,VALID,0.0,0.5856252585582444
2025-05-30 21:00:00,WX-MASTER,0.0,10.068,33.1,WEATHER_STATION,VALID,0.0,0.4456048627674074
2025-05-30 22:00:00,WX-MASTER,0.0,9.521,28.85,WEATHER_STATION,VALID,0.0,0.3499475035118245
2025-05-30 23:00:00,WX-MASTER,0.0,9.364,29.87,WEATHER_STATION,VALID,0.0,0.32527509467829924
2025-05-31 00:00:00,WX-MASTER,0.0,8.992,29.87,WEATHER_STATION,VALID,0.0,0.2715036754032375
2025-05-31 01:00:00,WX-MASTER,0.0,8.048,28.83,WEATHER_STATION,VALID,0.0,0.16233730719429357
2025-05-31 02:00:00,WX-MASTER,0.0,8.884,27.93,WEATHER_STATION,VALID,0.0,0.2570859195276818
2025-05-31 03:00:00,WX-MASTER,0.0,9.888,26.4,WEATHER_STATION,VALID,0.0,0.412419996634074
2025-05-31 04:00:00,WX-MASTER,0.0,9.512,26.83,WEATHER_STATION,VALID,0.0,0.34850055548663933
2025-05-31 05:00:00,WX-MASTER,0.0,9.842,24.0,WEATHER_STATION,VALID,0.0,0.40421228492861455
2025-05-31 06:00:00,WX-MASTER,0.0,10.174,24.73,WEATHER_STATION,VALID,0.0,0.46595547174496565
2025-05-31 07:00:00,WX-MASTER,0.3192,8.128,25.07,WEATHER_STATION,VALID,0.30938656160586125,0.17017836567879294
2025-05-31 08:00:00,WX-MASTER,0.5575,8.323,24.03,WEATHER_STATION,VALID,0.5520419906079934,0.19033983896521262
2025-05-31 09:00:00,WX-MASTER,0.691,5.354,24.55,WEATHER_STATION,VALID,0.6889372675761387,0.016461889211083675
2025-05-31 10:00:00,WX-MASTER,0.8794,10.533,25.16,WEATHER_STATION,VALID,0.8589294430297708,0.53946615276
2025-05-31 11:00:00,WX-MASTER,0.8255,6.881,23.34,WEATHER_STATION,VALID,0.7960718158421617,0.07377194388713307
2025-05-31 12:00:00,WX-MASTER,0.8675,8.141,24.18,WEATHER_STATION,VALID,0.8739117645021338,0.17147590776861452
2025-05-31 13:00:00,WX-MASTER,0.8547,6.693,27.18,WEATHER_STATION,VALID,0.823577537772115,0.06356209776740739
2025-05-31 14:00:00,WX-MASTER,0.6586,6.668,27.2,WEATHER_STATION,VALID,0.6331997483020401,0.06227995355478738
2025-05-31 15:00:00,WX-MASTER,0.7582,7.002,28.18,WEATHER_STATION,VALID,0.7152675727540061,0.0808893884325926
2025-05-31 16:00:00,WX-MASTER,0.5799,5.827,30.36,WEATHER_STATION,VALID,0.5746469025150754,0.028512659287187932
2025-05-31 17:00:00,WX-MASTER,0.2614,4.41,29.22,WEATHER_STATION,VALID,0.25735449096768787,0.0035376725925925934
2025-05-31 18:00:00,WX-MASTER,0.0,9.371,28.06,WEATHER_STATION,VALID,0.0,0.3263496222031825
2025-05-31 19:00:00,WX-MASTER,0.0,8.826,33.3,WEATHER_STATION,VALID,0.0,0.24955813988740755
2025-05-31 20:00:00,WX-MASTER,0.0,7.187,32.88,WEATHER_STATION,VALID,0.0,0.09263373638787382
2025-05-31 21:00:00,WX-MASTER,0.0,9.216,32.75,WEATHER_STATION,VALID,0.0,0.30310515067259247
2025-05-31 22:00:00,WX-MASTER,0.0,9.923,29.62,WEATHER_STATION,VALID,0.0,0.4187388865152813
2025-05-31 23:00:00,WX-MASTER,0.0,8.131,30.31,WEATHER_STATION,VALID,0.0,0.17047721542348426
2025-06-01 00:00:00,WX-MASTER,0.0,9.685,28.13,WEATHER_STATION,VALID,0.0,0.377020125644719
2025-06-01 01:00:00,WX-MASTER,0.0,10.521,28.74,WEATHER_STATION,VALID,0.0,0.5368921635392595
2025-06-01 02:00:00,WX-MASTER,0.0,7.336,27.48,WEATHER_STATION,VALID,0.0,0.10287932819138548
2025-06-01 03:00:00,WX-MASTER,0.0,9.827,25.7,WEATHER_STATION,VALID,0.0,0.4015595950347874
2025-06-01 04:00:00,WX-MASTER,0.0,9.471,26.76,WEATHER_STATION,VALID,0.0,0.34195936227999996
2025-06-01 05:00:00,WX-MASTER,0.0,11.254,25.12,WEATHER_STATION,VALID,0.0,0.7096654998338546
2025-06-01 06:00:00,WX-MASTER,0.0,9.304,26.94,WEATHER_STATION,VALID,0.0,0.3161614483770645
2025-06-01 07:00:00,WX-MASTER,0.319,7.793,24.62,WEATHER_STATION,VALID,0.300564697181812,0.13895769003626887
2025-06-01 08:00:00,WX-MASTER,0.4781,7.682,21.34,WEATHER_STATION,VALID,0.4699371010411794,0.12952527621750345
2025-06-01 09:00:00,WX-MASTER,0.6847,10.446,22.35,WEATHER_STATION,VALID,0.676397262214462,0.5209900086874073
2025-06-01 10:00:00,WX-MASTER,0.8076,7.131,27.39,WEATHER_STATION,VALID,0.7748759169697609,0.08896637268000002
2025-06-01 11:00:00,WX-MASTER,0.775,8.173,25.0,WEATHER_STATION,VALID,0.7557978600603585,0.17469792002694107
2025-06-01 12:00:00,WX-MASTER,0.8994,6.976,26.44,WEATHER_STATION,VALID,0.868835593456777,0.07932305393953361
2025-06-01 13:00:00,WX-MASTER,1.016,8.63,27.01,WEATHER_STATION,VALID,0.9905228951821149,0.22520886589849118
2025-06-01 14:00:00,WX-MASTER,0.8438,8.699,29.6,WEATHER_STATION,VALID,0.810542754857992,0.2335910882456516
2025-06-01 15:00:00,WX-MASTER,0.5937,7.273,26.52,WEATHER_STATION,VALID,0.5680216572724616,0.09845980639731136
2025-06-01 16:00:00,WX-MASTER,0.4282,6.909,31.25,WEATHER_STATION,VALID,0.42211147699293056,0.0753802043274074
2025-06-01 17:00:00,WX-MASTER,0.3193,7.067,31.89,WEATHER_STATION,VALID,0.30941509183254623,0.08489513753355282
2025-06-01 18:00:00,WX-MASTER,0.0,5.61,30.94,WEATHER_STATION,VALID,0.0,0.022437880000000007
2025-06-01 19:00:00,WX-MASTER,0.0,8.24,31.78,WEATHER_STATION,VALID,0.0,0.18157420861454046
2025-06-01 20:00:00,WX-MASTER,0.0,8.475,30.96,WEATHER_STATION,VALID,0.0,0.20711553240740735
2025-06-01 21:00:00,WX-MASTER,0.0,7.56,29.26,WEATHER_STATION,VALID,0.0,0.11966160592592588
2025-06-01 22:00:00,WX-MASTER,0.0,6.459,31.63,WEATHER_STATION,VALID,0.0,0.05222903299407407
2025-06-01 23:00:00,WX-MASTER,0.0,9.293,30.67,WEATHER_STATION,VALID,0.0,0.3145093016412071
2025-06-02 00:00:00,WX-MASTER,0.0,9.574,29.95,WEATHER_STATION,VALID,0.0,0.3585497287326201
2025-06-02 01:00:00,WX-MASTER,0.0,9.717,29.36,WEATHER_STATION,VALID,0.0,0.38246028464740756
2025-06-02 02:00:00,WX-MASTER,0.0,7.911,27.15,WEATHER_STATION,VALID,0.0,0.1494755298059259
2025-06-02 03:00:00,WX-MASTER,0.0,9.641,28.76,WEATHER_STATION,VALID,0.0,0.3696244912254047
2025-06-02 04:00:00,WX-MASTER,0.0,8.758,26.14,WEATHER_STATION,VALID,0.0,0.24092134588620015
2025-06-02 05:00:00,WX-MASTER,0.0,9.925,26.05,WEATHER_STATION,VALID,0.0,0.41910190243484235
2025-06-02 06:00:00,WX-MASTER,0.0,7.305,24.52,WEATHER_STATION,VALID,0.0,0.10068847574074072
2025-06-02 07:00:00,WX-MASTER,0.2935,9.814,25.75,WEATHER_STATION,VALID,0.2857398810019524,0.3992700063820027
2025-06-02 08:00:00,WX-MASTER,0.5016,10.021,24.5,WEATHER_STATION,VALID,0.47642423456929434,0.4367744425790399
2025-06-02 09:00:00,WX-MASTER,0.7842,7.958,24.39,WEATHER_STATION,VALID,0.7423726610005854,0.15380833338688615
2025-06-02 10:00:00,WX-MASTER,0.7429,8.109,26.29,WEATHER_STATION,VALID,0.7391644320106613,0.16829375751259257
2025-06-02 11:00:00,WX-MASTER,0.9007,8.423,23.33,WEATHER_STATION,VALID,0.872458745011948,0.20127003046589845
2025-06-02 12:00:00,WX-MASTER,0.9275,5.944,25.79,WEATHER_STATION,VALID,0.8906679055131762,0.03220132306348423
2025-06-02 13:00:00,WX-MASTER,0.9393,6.584,26.23,WEATHER_STATION,VALID,0.9072605930284836,0.05809841734935527
2025-06-02 14:00:00,WX-MASTER,0.7851,7.461,28.32,WEATHER_STATION,VALID,0.744149485231282,0.11203583847259262
2025-06-02 15:00:00,WX-MASTER,0.718,9.93,29.16,WEATHER_STATION,VALID,0.7117867347602401,0.42001036
2025-06-02 16:00:00,WX-MASTER,0.5051,5.875,29.61,WEATHER_STATION,VALID,0.4869690344183794,0.02998981910150891
2025-06-02 17:00:00,WX-MASTER,0.2348,9.748,29.49,WEATHER_STATION,VALID,0.23257198818069472,0.387780102212126
2025-06-02 18:00:00,WX-MASTER,0.0,7.596,30.88,WEATHER_STATION,VALID,0.0,0.12251812987259264
2025-06-02 19:00:00,WX-MASTER,0.0,8.056,31.64,WEATHER_STATION,VALID,0.0,0.16311034069508912
2025-06-02 20:00:00,WX-MASTER,0.0,9.946,31.16,WEATHER_STATION,VALID,0.0,0.4229262445173114
2025-06-02 22:00:00,WX-MASTER,0.0,9.386,31.64,WEATHER_STATION,VALID,0.0,0.32866014433404656
2025-06-02 23:00:00,WX-MASTER,0.0,10.531,30.37,WEATHER_STATION,VALID,0.0,0.5390365845099041
2025-06-03 00:00:00,WX-MASTER,0.0,7.937,26.78,WEATHER_STATION,VALID,0.0,0.15186219774589851
2025-06-03 01:00:00,WX-MASTER,0.0,8.507,28.49,WEATHER_STATION,VALID,0.0,0.21076841445207126
2025-06-03 02:00:00,WX-MASTER,0.0,7.432,28.6,WEATHER_STATION,VALID,0.0,0.1098650491118793
2025-06-03 03:00:00,WX-MASTER,0.0,8.447,26.61,WEATHER_STATION,VALID,0.0,0.2039540928026885
2025-06-03 04:00:00,WX-MASTER,0.0,9.716,26.46,WEATHER_STATION,VALID,0.0,0.38228949262046624
2025-06-03 05:00:00,WX-MASTER,0.0,9.069,25.1,WEATHER_STATION,VALID,0.0,0.28210560272740753
2025-06-03 06:00:00,WX-MASTER,0.0,10.809,25.1,WEATHER_STATION,VALID,0.0,0.6009613855125925
2025-06-03 07:00:00,WX-MASTER,0.2855,10.981,26.15,WEATHER_STATION,VALID,0.2786584525261936,0.6415525439913855
2025-06-03 08:00:00,WX-MASTER,0.4797,7.872,25.29,WEATHER_STATION,VALID,0.4622187295764661,0.14594261978074075
2025-06-03 09:00:00,WX-MASTER,0.7368,6.915,22.91,WEATHER_STATION,VALID,0.7181745761693761,0.075727845
2025-06-03 10:00:00,WX-MASTER,0.8356,9.084,22.83,WEATHER_STATION,VALID,0.8084157270370661,0.28420251391999996
2025-06-03 11:00:00,WX-MASTER,0.8573,9.039,25.9,WEATHER_STATION,VALID,0.8112378816020073,0.2779427741199999
2025-06-03 12:00:00,WX-MASTER,0.8218,7.843,27.5,WEATHER_STATION,VALID,0.7972637510326881,0.14335198339978053
2025-06-03 13:00:00,WX-MASTER,0.9267,8.125,24.95,WEATHER_STATION,VALID,0.8836005915882144,0.1698798653978052
2025-06-03 14:00:00,WX-MASTER,0.7161,7.927,27.6,WEATHER_STATION,VALID,0.6759870953326551,0.1509412651637311
2025-06-03 15:00:00,WX-MASTER,0.7268,6.001,31.6,WEATHER_STATION,VALID,0.7064881929421556,0.03410815950743486
2025-06-03 16:00:00,WX-MASTER,0.5811,5.838,29.28,WEATHER_STATION,VALID,0.5679196351507135,0.028846788634074083
2025-06-03 17:00:00,WX-MASTER,0.3196,7.544,33.35,WEATHER_STATION,VALID,0.3125369904138493,0.11840642453947871
2025-06-03 18:00:00,WX-MASTER,0.0,7.578,29.89,WEATHER_STATION,VALID,0.0,0.1210842522192593
2025-06-03 19:00:00,WX-MASTER,0.0,8.453,30.45,WEATHER_STATION,VALID,0.0,0.2046288163276268
2025-06-03 20:00:00,WX-MASTER,0.0,8.183,30.5,WEATHER_STATION,VALID,0.0,0.17571301290540467
2025-06-03 21:00:00,WX-MASTER,0.0,6.39,29.69,WEATHER_STATION,VALID,0.0,0.049165379259259255
2025-06-03 22:00:00,WX-MASTER,0.0,6.082,28.85,WEATHER_STATION,VALID,0.0,0.036945215334101514
2025-06-03 23:00:00,WX-MASTER,0.0,9.967,30.06,WEATHER_STATION,VALID,0.0,0.4267737810945955
2025-06-04 00:00:00,WX-MASTER,0.0,8.263,29.74,WEATHER_STATION,VALID,0.0,0.18397567672323728
2025-06-04 01:00:00,WX-MASTER,0.0,8.885,27.87,WEATHER_STATION,VALID,0.0,0.2572170189231824
2025-06-04 02:00:00,WX-MASTER,0.0,8.456,27.25,WEATHER_STATION,VALID,0.0,0.20496673540565158
2025-06-04 03:00:00,WX-MASTER,0.0,7.921,28.65,WEATHER_STATION,VALID,0.0,0.15039049685064476
2025-06-04 04:00:00,WX-MASTER,0.0,7.751,27.24,WEATHER_STATION,VALID,0.0,0.1353366400698492
2025-06-04 05:00:00,WX-MASTER,0.0,10.11,25.04,WEATHER_STATION,VALID,0.0,0.4535958799999999
2025-06-04 06:00:00,WX-MASTER,0.0,8.244,25.31,WEATHER_STATION,VALID,0.0,0.1819903449125926
2025-06-04 07:00:00,WX-MASTER,0.2594,9.127,22.48,WEATHER_STATION,VALID,0.2526599094024434,0.29027119444768185
2025-06-04 08:00:00,WX-MASTER,0.5438,9.04,24.64,WEATHER_STATION,VALID,0.5175938527562095,0.27808087089163225
2025-06-04 09:00:00,WX-MASTER,0.6778,8.202,24.37,WEATHER_STATION,VALID,0.6618121997552425,0.17765250783999997
2025-06-04 10:00:00,WX-MASTER,0.808,8.61,24.34,WEATHER_STATION,VALID,0.8155929970975272,0.2228172874074074
2025-06-04 11:00:00,WX-MASTER,0.9589,7.405,25.39,WEATHER_STATION,VALID,0.949553170932327,0.10786934391632375
2025-06-04 12:00:00,WX-MASTER,0.9127,9.034,25.92,WEATHER_STATION,VALID,0.8951535417455244,0.277252976021509
2025-06-04 13:00:00,WX-MASTER,0.8741,8.269,25.34,WEATHER_STATION,VALID,0.8467545599156668,0.18460561001410153
2025-06-04 14:00:00,WX-MASTER,0.8655,8.448,29.84,WEATHER_STATION,VALID,0.8143651440199268,0.2040664435674075
2025-06-04 15:00:00,WX-MASTER,0.7451,6.058,29.87,WEATHER_STATION,VALID,0.7079684660962215,0.03608882499731137
2025-06-04 16:00:00,WX-MASTER,0.2544,7.755,29.11,WEATHER_STATION,VALID,0.25166313753888797,0.13567875907407406
2025-06-04 17:00:00,WX-MASTER,0.2857,5.216,28.18,WEATHER_STATION,VALID,0.27374450031862524,0.013733131138984913
2025-06-04 18:00:00,WX-MASTER,0.0,9.652,27.9,WEATHER_STATION,VALID,0.0,0.3714642477686693
2025-06-04 19:00:00,WX-MASTER,0.0,7.274,33.61,WEATHER_STATION,VALID,0.0,0.09852894951725655
2025-06-04 20:00:00,WX-MASTER,0.0,7.715,31.11,WEATHER_STATION,VALID,0.0,0.13228341262688612
2025-06-04 21:00:00,WX-MASTER,0.0,6.818,32.12,WEATHER_STATION,VALID,0.0,0.07023734249305895
2025-06-04 22:00:00,WX-MASTER,0.0,8.772,29.71,WEATHER_STATION,VALID,0.0,0.2426829504474074
2025-06-04 23:00:00,WX-MASTER,0.0,8.651,29.93,WEATHER_STATION,VALID,0.0,0.2277383768105898
2025-06-05 00:00:00,WX-MASTER,0.0,11.485,29.24,WEATHER_STATION,VALID,0.0,0.7709315849039778
2025-06-05 01:00:00,WX-MASTER,0.0,10.295,28.99,WEATHER_STATION,VALID,0.0,0.48993243015775045
2025-06-05 02:00:00,WX-MASTER,0.0,8.503,27.9,WEATHER_STATION,VALID,0.0,0.210309474135583
2025-06-05 03:00:00,WX-MASTER,0.0,6.933,25.78,WEATHER_STATION,VALID,0.0,0.07677717676
2025-06-05 04:00:00,WX-MASTER,0.0,5.995,24.92,WEATHER_STATION,VALID,0.0,0.03390398749657065
2025-06-05 05:00:00,WX-MASTER,0.0,7.441,25.22,WEATHER_STATION,VALID,0.0,0.11053571340373111
2025-06-05 06:00:00,WX-MASTER,0.0,6.816,22.66,WEATHER_STATION,VALID,0.0,0.07012702207999999
2025-06-05 07:00:00,WX-MASTER,0.3026,8.746,23.42,WEATHER_STATION,VALID,0.29225900614497285,0.239418201455583
2025-06-05 08:00:00,WX-MASTER,0.5307,7.843,24.11,WEATHER_STATION,VALID,0.5185240200555162,0.14335198339978053
2025-06-05 09:00:00,WX-MASTER,0.7139,7.803,24.89,WEATHER_STATION,VALID,0.6996383966077369,0.1398292598859259
2025-06-05 10:00:00,WX-MASTER,0.759,6.324,26.57,WEATHER_STATION,VALID,0.7345555682080945,0.04634931759407406
2025-06-05 11:00:00,WX-MASTER,0.9694,7.575,24.75,WEATHER_STATION,VALID,0.941490117665298,0.12084636574074072
2025-06-05 12:00:00,WX-MASTER,1.0468,5.405,26.09,WEATHER_STATION,VALID,1.0,0.01755519028120714
2025-06-05 13:00:00,WX-MASTER,0.8651,7.075,24.65,WEATHER_STATION,VALID,0.8279783464903755,0.0853971030521262
2025-06-05 14:00:00,WX-MASTER,0.8305,8.275,28.19,WEATHER_STATION,VALID,0.8151666550057515,0.1852369795953361
2025-06-05 15:00:00,WX-MASTER,0.662,6.793,27.61,WEATHER_STATION,VALID,0.6465582746810682,0.0688666293503978
2025-06-05 16:00:00,WX-MASTER,0.4881,7.981,29.17,WEATHER_STATION,VALID,0.47679046751686693,0.15595881411484222
2025-06-05 17:00:00,WX-MASTER,0.3199,5.023,30.84,WEATHER_STATION,VALID,0.3116506795923594,0.010448355656570641
2025-06-05 18:00:00,WX-MASTER,0.0,5.147,31.45,WEATHER_STATION,VALID,0.0,0.01248982727182442
2025-06-05 19:00:00,WX-MASTER,0.0,8.5,29.43,WEATHER_STATION,VALID,0.0,0.20996570644718798
2025-06-05 20:00:00,WX-MASTER,0.0,9.697,32.26,WEATHER_STATION,VALID,0.0,0.3790540976723731
2025-06-05 21:00:00,WX-MASTER,0.0,8.277,31.13,WEATHER_STATION,VALID,0.0,0.18544775558074067
2025-06-05 22:00:00,WX-MASTER,0.0,11.599,32.34,WEATHER_STATION,VALID,0.0,0.8024244363992867
2025-06-05 23:00:00,WX-MASTER,0.0,7.114,32.02,WEATHER_STATION,VALID,0.0,0.08787253615978051
2025-06-06 00:00:00,WX-MASTER,0.0,8.222,31.44,WEATHER_STATION,VALID,0.0,0.1797094443952812
2025-06-06 01:00:00,WX-MASTER,0.0,9.351,26.96,WEATHER_STATION,VALID,0.0,0.3232858060725928
2025-06-06 02:00:00,WX-MASTER,0.0,9.766,28.25,WEATHER_STATION,VALID,0.0,0.39089154739138543
2025-06-06 03:00:00,WX-MASTER,0.0,8.331,24.97,WEATHER_STATION,VALID,0.0,0.1911993214207407
2025-06-06 04:00:00,WX-MASTER,0.0,7.577,27.58,WEATHER_STATION,VALID,0.0,0.12100492207182441
2025-06-06 05:00:00,WX-MASTER,0.0,9.572,27.02,WEATHER_STATION,VALID,0.0,0.3582225848397255
2025-06-06 06:00:00,WX-MASTER,0.0,8.71,25.91,WEATHER_STATION,VALID,0.0,0.23494630743484243
2025-06-06 07:00:00,WX-MASTER,0.2642,7.835,23.87,WEATHER_STATION,VALID,0.2547886871186069,0.14264276028120718
2025-06-06 08:00:00,WX-MASTER,0.2871,8.671,24.92,WEATHER_STATION,VALID,0.2787927387419776,0.2301649774679286
2025-06-06 09:00:00,WX-MASTER,0.7523,7.594,23.72,WEATHER_STATION,VALID,0.7246957966944733,0.12235825412521265
2025-06-06 10:00:00,WX-MASTER,0.8043,7.367,24.75,WEATHER_STATION,VALID,0.774283283897606,0.10510173244713306
2025-06-06 11:00:00,WX-MASTER,0.8536,7.138,25.18,WEATHER_STATION,VALID,0.8477671311178314,0.08941940135286695
2025-06-06 12:00:00,WX-MASTER,0.9077,6.175,23.62,WEATHER_STATION,VALID,0.8713061631081316,0.04039164008916323
2025-06-06 13:00:00,WX-MASTER,0.7784,5.981,25.89,WEATHER_STATION,VALID,0.7495126363929744,0.03343075825750342
2025-06-06 14:00:00,WX-MASTER,0.8597,6.503,30.49,WEATHER_STATION,VALID,0.813437486291573,0.054247622722688627
2025-06-06 15:00:00,WX-MASTER,0.562,7.301,28.57,WEATHER_STATION,VALID,0.5387533331621088,0.10040807169947877
2025-06-06 16:00:00,WX-MASTER,0.4907,4.962,29.71,WEATHER_STATION,VALID,0.46340432258791686,0.009531413439999996
2025-06-06 17:00:00,WX-MASTER,0.3066,8.811,30.23,WEATHER_STATION,VALID,0.3003076698116756,0.24763551247259252
2025-06-06 18:00:00,WX-MASTER,0.0,7.836,30.3,WEATHER_STATION,VALID,0.0,0.14273128495407408
2025-06-06 19:00:00,WX-MASTER,0.0,6.681,31.19,WEATHER_STATION,VALID,0.0,0.06294449468000002
2025-06-06 20:00:00,WX-MASTER,0.0,10.428,30.78,WEATHER_STATION,VALID,0.0,0.5172208030340744
2025-06-06 21:00:00,WX-MASTER,0.0,8.632,28.41,WEATHER_STATION,VALID,0.0,0.2254489606180521
2025-06-06 22:00:00,WX-MASTER,0.0,7.065,31.74,WEATHER_STATION,VALID,0.0,0.08476995425925929
2025-06-06 23:00:00,WX-MASTER,0.0,11.024,32.18,WEATHER_STATION,VALID,0.0,0.65197817667775
2025-06-07 00:00:00,WX-MASTER,0.0,10.858,28.09,WEATHER_STATION,VALID,0.0,0.6123452769479288
2025-06-07 01:00:00,WX-MASTER,0.0,7.977,28.15,WEATHER_STATION,VALID,0.0,0.15558338684000003
2025-06-07 02:00:00,WX-MASTER,0.0,8.733,29.54,WEATHER_STATION,VALID,0.0,0.23779686476
2025-06-07 03:00:00,WX-MASTER,0.0,8.485,25.91,WEATHER_STATION,VALID,0.0,0.20825248613854588
2025-06-07 04:00:00,WX-MASTER,0.0,6.488,26.45,WEATHER_STATION,VALID,0.0,0.053553730384417034
2025-06-07 05:00:00,WX-MASTER,0.0,9.178,30.45,WEATHER_STATION,VALID,0.0,0.297580186024472
2025-06-07 06:00:00,WX-MASTER,0.0,9.626,25.46,WEATHER_STATION,VALID,0.0,0.36712553605750325
2025-06-07 07:00:00,WX-MASTER,0.255,9.127,24.44,WEATHER_STATION,VALID,0.2424851539192841,0.29027119444768185
2025-06-07 08:00:00,WX-MASTER,0.4652,8.055,25.29,WEATHER_STATION,VALID,0.45401448652080734,0.16301357759259258
2025-06-07 09:00:00,WX-MASTER,0.7303,8.987,25.29,WEATHER_STATION,VALID,0.6888183035277259,0.2708245769804664
2025-06-07 10:00:00,WX-MASTER,0.8184,6.063,23.91,WEATHER_STATION,VALID,0.788395965026209,0.03626613630074074
2025-06-07 11:00:00,WX-MASTER,0.7192,9.722,23.18,WEATHER_STATION,VALID,0.705816247632866,0.38331500785207123
2025-06-07 12:00:00,WX-MASTER,0.9653,6.229,26.7,WEATHER_STATION,VALID,0.9407289876127244,0.04248781858694103
2025-06-07 13:00:00,WX-MASTER,0.7224,6.311,27.72,WEATHER_STATION,VALID,0.7071247137288805,0.045807631951330585
2025-06-07 14:00:00,WX-MASTER,0.7409,6.428,27.38,WEATHER_STATION,VALID,0.7179501149162395,0.050837330660960224
2025-06-07 15:00:00,WX-MASTER,0.7857,6.407,30.62,WEATHER_STATION,VALID,0.7759150436160047,0.04990875079775034
2025-06-07 16:00:00,WX-MASTER,0.582,7.134,31.22,WEATHER_STATION,VALID,0.5726126239878002,0.08916033999407409
2025-06-07 17:00:00,WX-MASTER,0.2465,7.272,31.14,WEATHER_STATION,VALID,0.24075460636320578,0.0983906956325926
2025-06-07 18:00:00,WX-MASTER,0.0,7.971,30.43,WEATHER_STATION,VALID,0.0,0.1550213763540741
2025-06-07 19:00:00,WX-MASTER,0.0,6.992,28.61,WEATHER_STATION,VALID,0.0,0.08028453510145403
2025-06-07 20:00:00,WX-MASTER,0.0,8.533,31.03,WEATHER_STATION,VALID,0.0,0.2137678108121262
2025-06-07 21:00:00,WX-MASTER,0.0,7.15,28.91,WEATHER_STATION,VALID,0.0,0.09019959533607683
2025-06-07 22:00:00,WX-MASTER,0.0,9.743,27.94,WEATHER_STATION,VALID,0.0,0.3869187517893553
2025-06-07 23:00:00,WX-MASTER,0.0,9.907,30.99,WEATHER_STATION,VALID,0.0,0.4158423027044719
2025-06-08 00:00:00,WX-MASTER,0.0,9.079,30.87,WEATHER_STATION,VALID,0.0,0.2835023930807683
2025-06-08 01:00:00,WX-MASTER,0.0,8.304,26.27,WEATHER_STATION,VALID,0.0,0.18830889946074078
2025-06-08 02:00:00,WX-MASTER,0.0,9.547,27.4,WEATHER_STATION,VALID,0.0,0.35415006169706464
2025-06-08 03:00:00,WX-MASTER,0.0,7.916,26.78,WEATHER_STATION,VALID,0.0,0.14993254802787387
2025-06-08 04:00:00,WX-MASTER,0.0,8.979,25.61,WEATHER_STATION,VALID,0.0,0.2697403764607406
2025-06-08 05:00:00,WX-MASTER,0.0,8.548,23.58,WEATHER_STATION,VALID,0.0,0.21551110626150893
2025-06-08 06:00:00,WX-MASTER,0.0,11.936,26.27,WEATHER_STATION,VALID,0.0,0.9005125699142937
2025-06-08 07:00:00,WX-MASTER,0.2821,6.668,22.71,WEATHER_STATION,VALID,0.26579847243522425,0.06227995355478738
2025-06-08 08:00:00,WX-MASTER,0.4979,4.535,21.87,WEATHER_STATION,VALID,0.47590335144233364,0.004564418305898493
2025-06-08 09:00:00,WX-MASTER,0.6401,6.923,22.68,WEATHER_STATION,VALID,0.6338751687015164,0.07619302626836762
2025-06-08 10:00:00,WX-MASTER,0.8054,5.298,25.25,WEATHER_STATION,VALID,0.8032843634141278,0.01531476623407408
2025-06-08 11:00:00,WX-MASTER,0.3815,6.403,24.91,WEATHER_STATION,VALID,0.3630984064314192,0.04973317048126199
2025-06-08 12:00:00,WX-MASTER,1.0262,5.536,25.03,WEATHER_STATION,VALID,0.9903436760646064,0.020582970265459525
2025-06-08 13:00:00,WX-MASTER,0.6476,5.985,27.44,WEATHER_STATION,VALID,0.6285860351891865,0.03356551425925928
2025-06-08 14:00:00,WX-MASTER,0.7512,5.782,28.11,WEATHER_STATION,VALID,0.7487348650199891,0.027172630050150894
2025-06-08 15:00:00,WX-MASTER,0.3433,8.491,25.85,WEATHER_STATION,VALID,0.3304629713531782,0.2089366514531138
2025-06-08 16:00:00,WX-MASTER,0.5102,7.312,30.08,WEATHER_STATION,VALID,0.4912444065717263,0.10118043810941019
2025-06-08 17:00:00,WX-MASTER,0.2959,8.961,31.6,WEATHER_STATION,VALID,0.2938970183912374,0.26731151328740743
2025-06-08 18:00:00,WX-MASTER,0.0,7.845,30.59,WEATHER_STATION,VALID,0.0,0.14352965574074075
2025-06-08 19:00:00,WX-MASTER,0.0,9.253,30.81,WEATHER_STATION,VALID,0.0,0.3085500243824967
2025-06-08 20:00:00,WX-MASTER,0.0,7.914,33.48,WEATHER_STATION,VALID,0.0,0.14974962911999995
2025-06-08 21:00:00,WX-MASTER,0.0,10.63,30.24,WEATHER_STATION,VALID,0.0,0.5605752417558301
2025-06-08 22:00:00,WX-MASTER,0.0,9.393,30.54,WEATHER_STATION,VALID,0.0,0.3297421097674075
2025-06-08 23:00:00,WX-MASTER,0.0,7.947,30.58,WEATHER_STATION,VALID,0.0,0.15278686863259258
2025-06-09 00:00:00,WX-MASTER,0.0,9.881,29.49,WEATHER_STATION,VALID,0.0,0.41116389598589853
2025-06-09 01:00:00,WX-MASTER,0.0,9.173,28.26,WEATHER_STATION,VALID,0.0,0.2968582547868861
2025-06-09 02:00:00,WX-MASTER,0.0,8.869,27.79,WEATHER_STATION,VALID,0.0,0.25512477080422497
2025-06-09 03:00:00,WX-MASTER,0.0,9.184,28.66,WEATHER_STATION,VALID,0.0,0.29844804733015073
2025-06-09 04:00:00,WX-MASTER,0.0,9.9,26.9,WEATHER_STATION,VALID,0.0,0.41457925925925937
2025-06-09 05:00:00,WX-MASTER,0.0,5.982,25.12,WEATHER_STATION,VALID,0.0,0.03346441338074075
2025-06-09 06:00:00,WX-MASTER,0.0,8.05,23.61,WEATHER_STATION,VALID,0.0,0.16253033607681766
2025-06-09 07:00:00,WX-MASTER,0.156,9.14,23.42,WEATHER_STATION,VALID,0.14517715675921347,0.29212277157750355
2025-06-09 08:00:00,WX-MASTER,0.4975,8.315,25.32,WEATHER_STATION,VALID,0.4763679822370638,0.18948293608367622
2025-06-09 09:00:00,WX-MASTER,0.6772,6.277,22.39,WEATHER_STATION,VALID,0.6585000996281559,0.044410904990891634
2025-06-09 10:00:00,WX-MASTER,0.9011,4.44,27.53,WEATHER_STATION,VALID,0.8727307166930958,0.0037683200000000025
2025-06-09 11:00:00,WX-MASTER,0.925,9.549,25.17,WEATHER_STATION,VALID,0.9028468453650583,0.35447472177925915
2025-06-09 12:00:00,WX-MASTER,0.9519,6.969,24.28,WEATHER_STATION,VALID,0.9271630739754579,0.07890483132000004
2025-06-09 13:00:00,WX-MASTER,0.7934,9.118,26.99,WEATHER_STATION,VALID,0.7659697675625154,0.2889939273380522
2025-06-09 14:00:00,WX-MASTER,0.7394,8.189,26.72,WEATHER_STATION,VALID,0.7113746712033061,0.17632395194441705
2025-06-09 15:00:00,WX-MASTER,0.7862,6.197,28.08,WEATHER_STATION,VALID,0.7597188009315492,0.04123710872861454
2025-06-09 16:00:00,WX-MASTER,0.5059,4.112,27.62,WEATHER_STATION,VALID,0.49944023132162985,0.0017353003755281214
2025-06-09 17:00:00,WX-MASTER,0.2601,6.952,29.87,WEATHER_STATION,VALID,0.24944107104976834,0.0778952735464472
2025-06-09 18:00:00,WX-MASTER,0.0,7.733,28.16,WEATHER_STATION,VALID,0.0,0.13380422053503427
2025-06-09 19:00:00,WX-MASTER,0.0,8.621,30.34,WEATHER_STATION,VALID,0.0,0.224130548993306
2025-06-09 20:00:00,WX-MASTER,0.0,6.852,30.19,WEATHER_STATION,VALID,0.0,0.07213053184000003
2025-06-09 21:00:00,WX-MASTER,0.0,8.778,30.46,WEATHER_STATION,VALID,0.0,0.24344054496
2025-06-09 22:00:00,WX-MASTER,0.0,9.001,29.79,WEATHER_STATION,VALID,0.0,0.27272891160620016
2025-06-09 23:00:00,WX-MASTER,0.0,10.232,30.2,WEATHER_STATION,VALID,0.0,0.4773484881681206
2025-06-10 00:00:00,WX-MASTER,0.0,8.666,30.47,WEATHER_STATION,VALID,0.0,0.2295567193858986
2025-06-10 01:00:00,WX-MASTER,0.0,9.703,28.99,WEATHER_STATION,VALID,0.0,0.38007382119731137
2025-06-10 02:00:00,WX-MASTER,0.0,9.497,29.21,WEATHER_STATION,VALID,0.0,0.34609784833355284
2025-06-10 03:00:00,WX-MASTER,0.0,10.187,26.15,WEATHER_STATION,VALID,0.0,0.468493137375528
2025-06-10 04:00:00,WX-MASTER,0.0,7.847,26.29,WEATHER_STATION,VALID,0.0,0.14370747482738
2025-06-10 05:00:00,WX-MASTER,0.0,4.732,25.61,WEATHER_STATION,VALID,0.0,0.006556981556323734
2025-06-10 06:00:00,WX-MASTER,0.0,8.188,26.0,WEATHER_STATION,VALID,0.0,0.17622203058743494
2025-06-10 07:00:00,WX-MASTER,0.3204,7.942,23.39,WEATHER_STATION,VALID,0.30538017580911453,0.15232406542792867
2025-06-10 08:00:00,WX-MASTER,0.564,6.476,25.1,WEATHER_STATION,VALID,0.5388950339454054,0.05300289635379974
2025-06-10 09:00:00,WX-MASTER,0.6358,5.77,23.24,WEATHER_STATION,VALID,0.6371680523678981,0.026822521755829887
2025-06-10 10:00:00,WX-MASTER,0.878,6.76,23.94,WEATHER_STATION,VALID,0.8493180351979479,0.06708475434842248
2025-06-10 11:00:00,WX-MASTER,0.8308,7.177,24.75,WEATHER_STATION,VALID,0.7962207913911025,0.09197159639829904
2025-06-10 12:00:00,WX-MASTER,0.7935,7.325,26.44,WEATHER_STATION,VALID,0.7867286578184266,0.10209832904663925
2025-06-10 13:00:00,WX-MASTER,0.8691,4.168,25.44,WEATHER_STATION,VALID,0.8467007971449131,0.0020108923750891644
2025-06-10 14:00:00,WX-MASTER,0.8336,4.865,26.51,WEATHER_STATION,VALID,0.8158212490804739,0.00818647250342936
2025-06-10 15:00:00,WX-MASTER,0.5563,8.686,27.78,WEATHER_STATION,VALID,0.5384590661803133,0.23199619663582988
2025-06-10 16:00:00,WX-MASTER,0.4522,7.107,29.46,WEATHER_STATION,VALID,0.43647244042661754,0.0874247517140741
2025-06-10 17:00:00,WX-MASTER,0.2841,7.539,29.0,WEATHER_STATION,VALID,0.2748543076736028,0.11801598819407406
2025-06-10 18:00:00,WX-MASTER,0.0,6.038,31.0,WEATHER_STATION,VALID,0.0,0.03538535912515777
2025-06-10 19:00:00,WX-MASTER,0.0,8.019,30.6,WEATHER_STATION,VALID,0.0,0.15955553924592591
2025-06-10 20:00:00,WX-MASTER,0.0,7.797,31.94,WEATHER_STATION,VALID,0.0,0.13930588203999994
2025-06-10 21:00:00,WX-MASTER,0.0,7.732,31.11,WEATHER_STATION,VALID,0.0,0.1337194269884225
2025-06-10 22:00:00,WX-MASTER,0.0,6.859,32.78,WEATHER_STATION,VALID,0.0,0.07252448186101508
2025-06-10 23:00:00,WX-MASTER,0.0,7.811,30.27,WEATHER_STATION,VALID,0.0,0.14052913392663924
2025-06-11 00:00:00,WX-MASTER,0.0,11.618,27.91,WEATHER_STATION,VALID,0.0,0.8077552107399727
2025-06-11 01:00:00,WX-MASTER,0.0,8.662,28.27,WEATHER_STATION,VALID,0.0,0.22907088522052133
2025-06-11 02:00:00,WX-MASTER,0.0,10.137,27.65,WEATHER_STATION,VALID,0.0,0.4587830764400001
2025-06-11 03:00:00,WX-MASTER,0.0,8.782,25.63,WEATHER_STATION,VALID,0.0,0.24394648288965715
2025-06-11 04:00:00,WX-MASTER,0.0,8.496,27.69,WEATHER_STATION,VALID,0.0,0.20950793253925928
2025-06-11 05:00:00,WX-MASTER,0.0,7.887,24.78,WEATHER_STATION,VALID,0.0,0.14729476643999995
2025-06-11 06:00:00,WX-MASTER,0.0,10.234,23.82,WEATHER_STATION,VALID,0.0,0.47774462797212625
2025-06-11 07:00:00,WX-MASTER,0.2525,8.716,24.46,WEATHER_STATION,VALID,0.24360555103675094,0.23568772230496565
2025-06-11 08:00:00,WX-MASTER,0.4889,6.943,23.03,WEATHER_STATION,VALID,0.4749042091421582,0.07736430532570641
2025-06-11 09:00:00,WX-MASTER,0.6059,7.207,25.4,WEATHER_STATION,VALID,0.570707914716134,0.09396753514891633
2025-06-11 10:00:00,WX-MASTER,0.7122,8.895,25.51,WEATHER_STATION,VALID,0.6785575312991758,0.25853046499999993
2025-06-11 11:00:00,WX-MASTER,0.9421,3.625,25.3,WEATHER_STATION,VALID,0.9139830570111115,0.00030810613854595346
2025-06-11 12:00:00,WX-MASTER,0.8167,7.594,26.58,WEATHER_STATION,VALID,0.7871986745075472,0.12235825412521265
2025-06-11 13:00:00,WX-MASTER,0.9341,7.827,26.12,WEATHER_STATION,VALID,0.9116088981256635,0.14193588024740741
2025-06-11 14:00:00,WX-MASTER,0.7101,6.159,25.82,WEATHER_STATION,VALID,0.6758589603116728,0.03978406691999999
2025-06-11 15:00:00,WX-MASTER,0.7189,7.408,28.14,WEATHER_STATION,VALID,0.7050336456075245,0.10808988544175585
2025-06-11 16:00:00,WX-MASTER,0.4889,7.995,28.77,WEATHER_STATION,VALID,0.46555190266170904,0.15727756500000004
2025-06-11 17:00:00,WX-MASTER,0.3205,5.93,27.65,WEATHER_STATION,VALID,0.3187824451565651,0.031744110342935526
2025-06-11 18:00:00,WX-MASTER,0.0,8.854,29.38,WEATHER_STATION,VALID,0.0,0.25317362111780517
2025-06-11 19:00:00,WX-MASTER,0.0,8.4,29.53,WEATHER_STATION,VALID,0.0,0.19872000000000012
2025-06-11 20:00:00,WX-MASTER,0.0,8.075,29.86,WEATHER_STATION,VALID,0.0,0.16495612225651568
2025-06-11 21:00:00,WX-MASTER,0.0,8.661,32.6,WEATHER_STATION,VALID,0.0,0.22894953388000003
2025-06-11 22:00:00,WX-MASTER,0.0,9.667,31.27,WEATHER_STATION,VALID,0.0,0.3739828306254595
2025-06-11 23:00:00,WX-MASTER,0.0,11.94,31.25,WEATHER_STATION,VALID,0.0,0.901722394074074
2025-06-12 00:00:00,WX-MASTER,0.0,9.836,29.95,WEATHER_STATION,VALID,0.0,0.4031498115933059
2025-06-12 01:00:00,WX-MASTER,0.0,10.158,29.8,WEATHER_STATION,VALID,0.0,0.4628447918340739
2025-06-12 02:00:00,WX-MASTER,0.0,9.351,27.63,WEATHER_STATION,VALID,0.0,0.3232858060725928
2025-06-12 03:00:00,WX-MASTER,0.0,11.498,28.51,WEATHER_STATION,VALID,0.0,0.774480485367133
2025-06-12 04:00:00,WX-MASTER,0.0,6.985,24.37,WEATHER_STATION,VALID,0.0,0.07986293675582994
2025-06-12 05:00:00,WX-MASTER,0.0,6.443,25.04,WEATHER_STATION,VALID,0.0,0.05150760625849107
2025-06-12 06:00:00,WX-MASTER,0.0,8.672,23.33,WEATHER_STATION,VALID,0.0,0.23028675787676273
2025-06-12 07:00:00,WX-MASTER,0.2351,9.078,25.7,WEATHER_STATION,VALID,0.22917390720470993,0.28336250703407395
2025-06-12 08:00:00,WX-MASTER,0.4402,4.611,24.6,WEATHER_STATION,VALID,0.41839806436708404,0.005276511879999997
2025-06-12 09:00:00,WX-MASTER,0.7867,7.703,25.64,WEATHER_STATION,VALID,0.7665964678288877,0.13127596978441702
2025-06-12 10:00:00,WX-MASTER,0.7694,7.25,22.88,WEATHER_STATION,VALID,0.7406781144715984,0.0968784293552812
2025-06-12 11:00:00,WX-MASTER,0.9345,8.272,24.4,WEATHER_STATION,VALID,0.9261822332429479,0.18492111516620036
2025-06-12 12:00:00,WX-MASTER,0.9933,7.736,23.7,WEATHER_STATION,VALID,0.9683242496846802,0.13405881623528115
2025-06-12 13:00:00,WX-MASTER,0.9677,4.766,27.12,WEATHER_STATION,VALID,0.9566070065832564,0.006950761657503429
2025-06-12 14:00:00,WX-MASTER,0.2791,5.718,27.08,WEATHER_STATION,VALID,0.2675634850216859,0.02534011936
2025-06-12 15:00:00,WX-MASTER,0.6795,6.147,29.41,WEATHER_STATION,VALID,0.6596872409954386,0.03933240729925926
2025-06-12 16:00:00,WX-MASTER,0.4264,8.291,29.38,WEATHER_STATION,VALID,0.40733296653668827,0.1869276661142936
2025-06-12 17:00:00,WX-MASTER,0.3205,8.006,27.51,WEATHER_STATION,VALID,0.30889659279550624,0.15831892592417016
2025-06-12 18:00:00,WX-MASTER,0.0,6.941,28.63,WEATHER_STATION,VALID,0.0,0.07724664100318243
2025-06-12 19:00:00,WX-MASTER,0.0,8.19,31.07,WEATHER_STATION,VALID,0.0,0.1764259125925926
2025-06-12 20:00:00,WX-MASTER,0.0,6.887,31.65,WEATHER_STATION,VALID,0.0,0.07411462591873796
2025-06-12 21:00:00,WX-MASTER,0.0,11.178,28.31,WEATHER_STATION,VALID,0.0,0.6902423748859261
2025-06-12 22:00:00,WX-MASTER,0.0,9.483,30.52,WEATHER_STATION,VALID,0.0,0.3438653088340742
2025-06-12 23:00:00,WX-MASTER,0.0,9.939,28.85,WEATHER_STATION,VALID,0.0,0.42164889012000006
2025-06-13 00:00:00,WX-MASTER,0.0,10.821,27.98,WEATHER_STATION,VALID,0.0,0.60373611628
2025-06-13 01:00:00,WX-MASTER,0.0,10.414,27.68,WEATHER_STATION,VALID,0.0,0.5143017997647187
2025-06-13 02:00:00,WX-MASTER,0.0,9.128,27.71,WEATHER_STATION,VALID,0.0,0.29041334488318243
2025-06-13 03:00:00,WX-MASTER,0.0,8.774,25.81,WEATHER_STATION,VALID,0.0,0.24293530704812055
2025-06-13 04:00:00,WX-MASTER,0.0,10.553,23.43,WEATHER_STATION,VALID,0.0,0.5437743940560221
2025-06-13 05:00:00,WX-MASTER,0.0,8.725,25.23,WEATHER_STATION,VALID,0.0,0.2368027666323731
2025-06-13 06:00:00,WX-MASTER,0.0,7.487,24.11,WEATHER_STATION,VALID,0.0,0.11400620981997259
2025-06-13 07:00:00,WX-MASTER,0.296,10.764,23.06,WEATHER_STATION,VALID,0.2900616160162289,0.5906318723792591
2025-06-13 08:00:00,WX-MASTER,0.5342,6.73,23.69,WEATHER_STATION,VALID,0.5059756960701376,0.06549178002743487
2025-06-13 09:00:00,WX-MASTER,0.6733,5.441,23.77,WEATHER_STATION,VALID,0.6507674127628551,0.01835539087972565
2025-06-13 10:00:00,WX-MASTER,0.7282,8.763,24.59,WEATHER_STATION,VALID,0.6886781035350505,0.2415495083007407
2025-06-13 11:00:00,WX-MASTER,0.9682,6.342,24.79,WEATHER_STATION,VALID,0.9746818742649546,0.047106369647407394
2025-06-13 12:00:00,WX-MASTER,0.9305,7.732,26.01,WEATHER_STATION,VALID,0.8803245285025023,0.1337194269884225
2025-06-13 13:00:00,WX-MASTER,0.9898,9.467,26.6,WEATHER_STATION,VALID,0.9445487162704398,0.34132561536071343
2025-06-13 14:00:00,WX-MASTER,0.8962,5.323,28.55,WEATHER_STATION,VALID,0.8553252027083655,0.015820052792373127
2025-06-13 15:00:00,WX-MASTER,0.5904,7.13,30.37,WEATHER_STATION,VALID,0.5594335748181423,0.08890177947873801
2025-06-13 16:00:00,WX-MASTER,0.4367,9.247,29.3,WEATHER_STATION,VALID,0.4324591664058602,0.30766267863533614
2025-06-13 17:00:00,WX-MASTER,0.2609,8.394,29.29,WEATHER_STATION,VALID,0.2625532498608903,0.19805833572740747
2025-06-13 18:00:00,WX-MASTER,0.0,7.503,28.87,WEATHER_STATION,VALID,0.0,0.11523015336740738
2025-06-13 19:00:00,WX-MASTER,0.0,11.096,31.72,WEATHER_STATION,VALID,0.0,0.6696868905858985
2025-06-13 20:00:00,WX-MASTER,0.0,8.127,29.98,WEATHER_STATION,VALID,0.0,0.17007882676592603
2025-06-13 21:00:00,WX-MASTER,0.0,9.018,33.76,WEATHER_STATION,VALID,0.0,0.27505329328592604
2025-06-13 22:00:00,WX-MASTER,0.0,10.869,33.93,WEATHER_STATION,VALID,0.0,0.6149204480607408
2025-06-13 23:00:00,WX-MASTER,0.0,10.18,29.78,WEATHER_STATION,VALID,0.0,0.46712556027434826
2025-06-14 00:00:00,WX-MASTER,0.0,10.737,27.29,WEATHER_STATION,VALID,0.0,0.5844913516992594
2025-06-14 01:00:00,WX-MASTER,0.0,7.911,29.22,WEATHER_STATION,VALID,0.0,0.1494755298059259
2025-06-14 02:00:00,WX-MASTER,0.0,10.672,30.05,WEATHER_STATION,VALID,0.0,0.5698834981785461
2025-06-14 03:00:00,WX-MASTER,0.0,9.222,25.05,WEATHER_STATION,VALID,0.0,0.3039837157807407
2025-06-14 04:00:00,WX-MASTER,0.0,7.897,28.06,WEATHER_STATION,VALID,0.0,0.14820082152422495
2025-06-14 05:00:00,WX-MASTER,0.0,8.966,22.84,WEATHER_STATION,VALID,0.0,0.26798472866984907
2025-06-14 06:00:00,WX-MASTER,0.0,8.696,22.76,WEATHER_STATION,VALID,0.0,0.23322238964762684
2025-06-14 07:00:00,WX-MASTER,0.3055,10.624,24.52,WEATHER_STATION,VALID,0.30040589835755477,0.5592538234486695
2025-06-14 08:00:00,WX-MASTER,0.583,8.43,25.25,WEATHER_STATION,VALID,0.5724192106801346,0.20205043407407403
2025-06-14 09:00:00,WX-MASTER,0.6933,6.669,24.07,WEATHER_STATION,VALID,0.6577153853629445,0.06233090524592591
2025-06-14 10:00:00,WX-MASTER,0.9328,6.146,25.04,WEATHER_STATION,VALID,0.8847483628732531,0.03929492406737998
2025-06-14 11:00:00,WX-MASTER,0.7122,7.219,26.38,WEATHER_STATION,VALID,0.682762558501695,0.09477392677953363
2025-06-14 12:00:00,WX-MASTER,0.9239,5.404,27.25,WEATHER_STATION,VALID,0.8815447458392038,0.017533301019039774
2025-06-14 13:00:00,WX-MASTER,0.8997,6.163,25.88,WEATHER_STATION,VALID,0.8829015003426854,0.03993538492076818
2025-06-14 14:00:00,WX-MASTER,0.7616,6.781,26.5,WEATHER_STATION,VALID,0.742765361738486,0.0682150703123731
2025-06-14 15:00:00,WX-MASTER,0.787,6.623,29.7,WEATHER_STATION,VALID,0.7763658670466356,0.06001575876219479
2025-06-14 16:00:00,WX-MASTER,0.5127,8.252,29.83,WEATHER_STATION,VALID,0.5003681818692987,0.18282452396071336
2025-06-14 17:00:00,WX-MASTER,0.2716,6.536,30.72,WEATHER_STATION,VALID,0.2643020383965521,0.05579522946984909
2025-06-14 18:00:00,WX-MASTER,0.0,4.513,29.77,WEATHER_STATION,VALID,0.0,0.004370962525706447
2025-06-14 19:00:00,WX-MASTER,0.0,5.786,31.68,WEATHER_STATION,VALID,0.0,0.02729000625997256
2025-06-14 20:00:00,WX-MASTER,0.0,8.216,29.72,WEATHER_STATION,VALID,0.0,0.17909070545997252
2025-06-14 21:00:00,WX-MASTER,0.0,7.727,31.21,WEATHER_STATION,VALID,0.0,0.1332959965656516
2025-06-14 22:00:00,WX-MASTER,0.0,7.105,30.7,WEATHER_STATION,VALID,0.0,0.0872970932990398
2025-06-14 23:00:00,WX-MASTER,0.0,11.439,30.15,WEATHER_STATION,VALID,0.0,0.7584610093792592
2025-06-15 00:00:00,WX-MASTER,0.0,10.084,30.19,WEATHER_STATION,VALID,0.0,0.44863789740422494
2025-06-15 01:00:00,WX-MASTER,0.0,8.992,27.19,WEATHER_STATION,VALID,0.0,0.2715036754032375
2025-06-15 02:00:00,WX-MASTER,0.0,9.366,28.32,WEATHER_STATION,VALID,0.0,0.3255818614874073
2025-06-15 03:00:00,WX-MASTER,0.0,8.645,26.62,WEATHER_STATION,VALID,0.0,0.2270137369478737
2025-06-15 04:00:00,WX-MASTER,0.0,7.224,24.8,WEATHER_STATION,VALID,0.0,0.09511128026074077
2025-06-15 05:00:00,WX-MASTER,0.0,10.005,23.44,WEATHER_STATION,VALID,0.0,0.43379517574074095
2025-06-15 06:00:00,WX-MASTER,0.0,9.543,26.74,WEATHER_STATION,VALID,0.0,0.3535013363599998
2025-06-15 07:00:00,WX-MASTER,0.2521,5.613,24.04,WEATHER_STATION,VALID,0.24438538108987706,0.02251534096740742
2025-06-15 08:00:00,WX-MASTER,0.4821,8.216,23.58,WEATHER_STATION,VALID,0.46237974019593625,0.17909070545997252
2025-06-15 09:00:00,WX-MASTER,0.6196,8.109,22.75,WEATHER_STATION,VALID,0.6231676044870036,0.16829375751259257
2025-06-15 10:00:00,WX-MASTER,0.6874,7.03,25.78,WEATHER_STATION,VALID,0.6660954877643462,0.08259912323731142
2025-06-15 11:00:00,WX-MASTER,0.9251,9.994,26.24,WEATHER_STATION,VALID,0.8916891239478312,0.4317548083968175
2025-06-15 12:00:00,WX-MASTER,0.9531,9.728,26.74,WEATHER_STATION,VALID,0.9248781673547021,0.38434235545108364
2025-06-15 13:00:00,WX-MASTER,1.0204,6.589,26.53,WEATHER_STATION,VALID,0.9591329329181236,0.05834191417212623
2025-06-15 14:00:00,WX-MASTER,0.7669,6.796,28.41,WEATHER_STATION,VALID,0.7351518593207947,0.0690301648136077
2025-06-15 15:00:00,WX-MASTER,0.7194,6.717,27.42,WEATHER_STATION,VALID,0.7084281425102854,0.06480939724
2025-06-15 16:00:00,WX-MASTER,0.5338,6.5,29.52,WEATHER_STATION,VALID,0.5127500345430533,0.05410836762688615
2025-06-15 17:00:00,WX-MASTER,0.2763,6.286,29.91,WEATHER_STATION,VALID,0.26457572688777425,0.04477782310496569
2025-06-15 18:00:00,WX-MASTER,0.0,8.371,30.86,WEATHER_STATION,VALID,0.0,0.19553556299879296
2025-06-15 19:00:00,WX-MASTER,0.0,10.515,28.71,WEATHER_STATION,VALID,0.0,0.5356082450000003
2025-06-15 20:00:00,WX-MASTER,0.0,10.242,33.25,WEATHER_STATION,VALID,0.0,0.4793313788325928
2025-06-15 21:00:00,WX-MASTER,0.0,9.503,32.83,WEATHER_STATION,VALID,0.0,0.3470576014881208
2025-06-15 22:00:00,WX-MASTER,0.0,5.571,29.16,WEATHER_STATION,VALID,0.0,0.021446998872592583
2025-06-15 23:00:00,WX-MASTER,0.0,6.457,30.67,WEATHER_STATION,VALID,0.0,0.05213848860570643
2025-06-16 00:00:00,WX-MASTER,0.0,10.377,27.44,WEATHER_STATION,VALID,0.0,0.5066402034325929
2025-06-16 01:00:00,WX-MASTER,0.0,11.161,28.48,WEATHER_STATION,VALID,0.0,0.6859467971173112
2025-06-16 02:00:00,WX-MASTER,0.0,9.77,24.84,WEATHER_STATION,VALID,0.0,0.39158523231824405
2025-06-16 03:00:00,WX-MASTER,0.0,8.58,26.22,WEATHER_STATION,VALID,0.0,0.21926176
2025-06-16 04:00:00,WX-MASTER,0.0,10.599,25.14,WEATHER_STATION,VALID,0.0,0.5537702652607409
2025-06-16 05:00:00,WX-MASTER,0.0,9.632,26.39,WEATHER_STATION,VALID,0.0,0.36812376204466385
2025-06-16 06:00:00,WX-MASTER,0.0,9.903,26.45,WEATHER_STATION,VALID,0.0,0.4151202499600001
2025-06-16 07:00:00,WX-MASTER,0.2525,5.757,26.12,WEATHER_STATION,VALID,0.25136675257254726,0.026446645714074065
2025-06-16 08:00:00,WX-MASTER,0.4996,8.356,25.36,WEATHER_STATION,VALID,0.47960347226754985,0.19390187294200278
2025-06-16 09:00:00,WX-MASTER,0.6455,9.966,24.19,WEATHER_STATION,VALID,0.6290019939590272,0.42659003807999984
2025-06-16 10:00:00,WX-MASTER,0.8799,8.121,24.91,WEATHER_STATION,VALID,0.8576303369775584,0.16948240828000008
2025-06-16 11:00:00,WX-MASTER,0.8379,8.488,25.46,WEATHER_STATION,VALID,0.8095726426129937,0.20859438179731138
2025-06-16 12:00:00,WX-MASTER,1.0309,7.177,24.31,WEATHER_STATION,VALID,1.0,0.09197159639829904
2025-06-16 13:00:00,WX-MASTER,0.88,7.205,27.94,WEATHER_STATION,VALID,0.8638330252664294,0.09383358287379973
2025-06-16 14:00:00,WX-MASTER,0.7687,8.896,28.3,WEATHER_STATION,VALID,0.7494142136331753,0.2586620549864473
2025-06-16 15:00:00,WX-MASTER,0.6033,6.275,29.26,WEATHER_STATION,VALID,0.5828875884891699,0.04432964077503431
2025-06-16 16:00:00,WX-MASTER,0.5306,6.284,26.49,WEATHER_STATION,VALID,0.5118364178660144,0.044696111769108364
2025-06-16 17:00:00,WX-MASTER,0.3114,6.849,30.49,WEATHER_STATION,VALID,0.29566922153871894,0.07196213377925928
2025-06-16 18:00:00,WX-MASTER,0.0,7.73,31.71,WEATHER_STATION,VALID,0.0,0.13354994737997256
2025-06-16 19:00:00,WX-MASTER,0.0,5.86,30.84,WEATHER_STATION,VALID,0.0,0.029522858052126212
2025-06-16 20:00:00,WX-MASTER,0.0,9.164,30.37,WEATHER_STATION,VALID,0.0,0.2955617226728121
2025-06-16 21:00:00,WX-MASTER,0.0,8.251,29.22,WEATHER_STATION,VALID,0.0,0.1827201124703978
2025-06-16 22:00:00,WX-MASTER,0.0,9.797,28.78,WEATHER_STATION,VALID,0.0,0.3962890832471331
2025-06-16 23:00:00,WX-MASTER,0.0,6.113,30.13,WEATHER_STATION,VALID,0.0,0.03807129600170097
2025-06-17 00:00:00,WX-MASTER,0.0,10.095,28.91,WEATHER_STATION,VALID,0.0,0.4507310724074076
2025-06-17 01:00:00,WX-MASTER,0.0,10.78,28.05,WEATHER_STATION,VALID,0.0,0.594290913360768
2025-06-17 02:00:00,WX-MASTER,0.0,9.607,29.28,WEATHER_STATION,VALID,0.0,0.363976395198299
2025-06-17 03:00:00,WX-MASTER,0.0,9.003,25.03,WEATHER_STATION,VALID,0.0,0.27300168596
2025-06-17 04:00:00,WX-MASTER,0.0,9.953,25.28,WEATHER_STATION,VALID,0.0,0.4242061760807131
2025-06-17 05:00:00,WX-MASTER,0.0,10.293,27.0,WEATHER_STATION,VALID,0.0,0.4895295804340739
2025-06-17 06:00:00,WX-MASTER,0.0,9.091,24.04,WEATHER_STATION,VALID,0.0,0.2851846181691632
2025-06-17 07:00:00,WX-MASTER,0.2807,8.934,24.14,WEATHER_STATION,VALID,0.2712443926824953,0.2636956253274073
2025-06-17 08:00:00,WX-MASTER,0.5832,10.05,23.73,WEATHER_STATION,VALID,0.5600212667484644,0.4422090740740743
2025-06-17 09:00:00,WX-MASTER,0.5117,8.635,24.91,WEATHER_STATION,VALID,0.4867292554588697,0.225809422558299
2025-06-17 10:00:00,WX-MASTER,0.798,6.382,21.95,WEATHER_STATION,VALID,0.7770908579882354,0.04881812654397805
2025-06-17 11:00:00,WX-MASTER,0.9045,8.889,24.73,WEATHER_STATION,VALID,0.8895108756722037,0.25774186219407397
2025-06-17 12:00:00,WX-MASTER,0.9494,6.956,25.76,WEATHER_STATION,VALID,0.9248103680143416,0.07813203713404666
2025-06-17 13:00:00,WX-MASTER,0.9392,7.098,25.34,WEATHER_STATION,VALID,0.9425646605164464,0.08685126756740741
2025-06-17 14:00:00,WX-MASTER,0.7059,7.199,27.86,WEATHER_STATION,VALID,0.699862304440483,0.09343248997404664
2025-06-17 15:00:00,WX-MASTER,0.5817,8.393,29.29,WEATHER_STATION,VALID,0.5615656664889617,0.19794820134491092
2025-06-17 16:00:00,WX-MASTER,0.4673,9.542,29.74,WEATHER_STATION,VALID,0.45105178670272933,0.35333927890392325
2025-06-17 17:00:00,WX-MASTER,0.2546,7.489,32.05,WEATHER_STATION,VALID,0.24875577177171454,0.1141587264684225
2025-06-17 18:00:00,WX-MASTER,0.0,9.937,29.96,WEATHER_STATION,VALID,0.0,0.42128440471434825
2025-06-17 19:00:00,WX-MASTER,0.0,8.154,31.42,WEATHER_STATION,VALID,0.0,0.17278002864592593
2025-06-17 20:00:00,WX-MASTER,0.0,10.023,31.52,WEATHER_STATION,VALID,0.0,0.43714780723407404
2025-06-17 21:00:00,WX-MASTER,0.0,8.709,30.54,WEATHER_STATION,VALID,0.0,0.2348228896607407
2025-06-17 22:00:00,WX-MASTER,0.0,8.034,31.84,WEATHER_STATION,VALID,0.0,0.16099038266074084
2025-06-17 23:00:00,WX-MASTER,0.0,11.354,30.27,WEATHER_STATION,VALID,0.0,0.7357727711863923
2025-06-18 00:00:00,WX-MASTER,0.0,8.203,27.72,WEATHER_STATION,VALID,0.0,0.17775497996274342
2025-06-18 01:00:00,WX-MASTER,0.0,8.178,29.22,WEATHER_STATION,VALID,0.0,0.17520497636740756
2025-06-18 02:00:00,WX-MASTER,0.0,7.391,26.82,WEATHER_STATION,VALID,0.0,0.10684411604021948
2025-06-18 03:00:00,WX-MASTER,0.0,10.598,26.12,WEATHER_STATION,VALID,0.0,0.5535516717375036
2025-06-18 04:00:00,WX-MASTER,0.0,10.769,25.37,WEATHER_STATION,VALID,0.0,0.5917737045271331
2025-06-18 05:00:00,WX-MASTER,0.0,9.111,25.82,WEATHER_STATION,VALID,0.0,0.28800309188000006
2025-06-18 06:00:00,WX-MASTER,0.0,7.118,25.68,WEATHER_STATION,VALID,0.0,0.08812909814738001
2025-06-18 07:00:00,WX-MASTER,0.2788,8.135,23.84,WEATHER_STATION,VALID,0.271949101734338,0.17087622571330582
2025-06-18 08:00:00,WX-MASTER,0.5217,7.489,23.65,WEATHER_STATION,VALID,0.49543292786647597,0.1141587264684225
2025-06-18 09:00:00,WX-MASTER,0.6861,6.293,21.58,WEATHER_STATION,VALID,0.6496425196588103,0.04506459694984913
2025-06-18 10:00:00,WX-MASTER,0.8238,6.773,23.53,WEATHER_STATION,VALID,0.7881205214981156,0.06778298881157747
2025-06-18 11:00:00,WX-MASTER,0.7638,7.886,23.8,WEATHER_STATION,VALID,0.7298329916584191,0.14720436458096023
2025-06-18 12:00:00,WX-MASTER,0.8336,6.316,26.04,WEATHER_STATION,VALID,0.8005416245292878,0.04601547025558298
2025-06-18 13:00:00,WX-MASTER,0.8896,7.42,26.38,WEATHER_STATION,VALID,0.8713815788080489,0.10897505755829905
2025-06-18 14:00:00,WX-MASTER,0.8119,4.737,26.32,WEATHER_STATION,VALID,0.7854856962696991,0.00661393244
2025-06-18 15:00:00,WX-MASTER,0.655,9.303,28.5,WEATHER_STATION,VALID,0.6372795769942251,0.31601101470074094
2025-06-18 16:00:00,WX-MASTER,0.5068,6.746,29.08,WEATHER_STATION,VALID,0.48228884547685874,0.06633819004268864
2025-06-18 17:00:00,WX-MASTER,0.286,8.575,26.84,WEATHER_STATION,VALID,0.2754395549494691,0.2186728746570644
2025-06-18 18:00:00,WX-MASTER,0.0,7.918,31.78,WEATHER_STATION,VALID,0.0,0.15011561583187935
2025-06-18 19:00:00,WX-MASTER,0.0,8.45,32.01,WEATHER_STATION,VALID,0.0,0.20429126886145402
2025-06-18 20:00:00,WX-MASTER,0.0,6.716,30.63,WEATHER_STATION,VALID,0.0,0.06475710348466393
2025-06-18 21:00:00,WX-MASTER,0.0,7.449,31.22,WEATHER_STATION,VALID,0.0,0.11113414592740739
2025-06-18 22:00:00,WX-MASTER,0.0,7.702,30.06,WEATHER_STATION,VALID,0.0,0.13119224786743489
2025-06-18 23:00:00,WX-MASTER,0.0,8.874,27.96,WEATHER_STATION,VALID,0.0,0.2557773747792594
2025-06-19 00:00:00,WX-MASTER,0.0,10.677,31.73,WEATHER_STATION,VALID,0.0,0.57099843884
2025-06-19 01:00:00,WX-MASTER,0.0,9.579,29.19,WEATHER_STATION,VALID,0.0,0.35936845972000014
2025-06-19 02:00:00,WX-MASTER,0.0,7.839,28.51,WEATHER_STATION,VALID,0.0,0.14299707871259265
2025-06-19 03:00:00,WX-MASTER,0.0,9.05,26.14,WEATHER_STATION,VALID,0.0,0.27946435528120717
2025-06-19 04:00:00,WX-MASTER,0.0,8.696,26.99,WEATHER_STATION,VALID,0.0,0.23322238964762684
2025-06-19 05:00:00,WX-MASTER,0.0,8.156,23.27,WEATHER_STATION,VALID,0.0,0.17298124760318254
2025-06-19 06:00:00,WX-MASTER,0.0,8.364,24.06,WEATHER_STATION,VALID,0.0,0.1947720371200001
2025-06-19 07:00:00,WX-MASTER,0.265,9.123,24.89,WEATHER_STATION,VALID,0.2564563924326408,0.2897030565674073
2025-06-19 08:00:00,WX-MASTER,0.3069,6.933,23.13,WEATHER_STATION,VALID,0.2969321889000017,0.07677717676
2025-06-19 09:00:00,WX-MASTER,0.7286,7.169,25.1,WEATHER_STATION,VALID,0.700554117415055,0.09144416200861454
2025-06-19 10:00:00,WX-MASTER,0.7534,8.672,24.72,WEATHER_STATION,VALID,0.7287975694637501,0.23028675787676273
2025-06-19 11:00:00,WX-MASTER,0.8969,7.825,25.16,WEATHER_STATION,VALID,0.870813863357315,0.14175952589163235
2025-06-19 12:00:00,WX-MASTER,0.9206,8.752,24.77,WEATHER_STATION,VALID,0.9052639104211472,0.24016898969459544
2025-06-19 13:00:00,WX-MASTER,0.6888,8.894,26.96,WEATHER_STATION,VALID,0.6671109443516444,0.2583989196505898
2025-06-19 14:00:00,WX-MASTER,0.8071,5.264,29.7,WEATHER_STATION,VALID,0.7877187429549434,0.014645006425898497
2025-06-19 15:00:00,WX-MASTER,0.6857,7.481,28.5,WEATHER_STATION,VALID,0.6595583700996014,0.11354947504762689
2025-06-19 16:00:00,WX-MASTER,0.5077,6.581,29.8,WEATHER_STATION,VALID,0.49682579498306423,0.05795264497355284
2025-06-19 17:00:00,WX-MASTER,0.3208,5.872,30.7,WEATHER_STATION,VALID,0.31298401419211064,0.029896035857558307
2025-06-19 18:00:00,WX-MASTER,0.0,6.633,29.04,WEATHER_STATION,VALID,0.0,0.06051408801925926
2025-06-19 19:00:00,WX-MASTER,0.0,7.522,30.61,WEATHER_STATION,VALID,0.0,0.11669492603039784
2025-06-19 20:00:00,WX-MASTER,0.0,7.791,30.69,WEATHER_STATION,VALID,0.0,0.13878381182074076
2025-06-19 21:00:00,WX-MASTER,0.0,7.635,28.22,WEATHER_STATION,VALID,0.0,0.125663605
2025-06-19 22:00:00,WX-MASTER,0.0,8.63,31.36,WEATHER_STATION,VALID,0.0,0.22520886589849118
2025-06-19 23:00:00,WX-MASTER,0.0,12.008,28.74,WEATHER_STATION,VALID,0.0,0.92
2025-06-20 00:00:00,WX-MASTER,0.0,6.697,29.92,WEATHER_STATION,VALID,0.0,0.06376885964768177
2025-06-20 01:00:00,WX-MASTER,0.0,10.48,27.35,WEATHER_STATION,VALID,0.0,0.5281594960768176
2025-06-20 02:00:00,WX-MASTER,0.0,8.972,29.8,WEATHER_STATION,VALID,0.0,0.268794077975528
2025-06-20 03:00:00,WX-MASTER,0.0,8.353,26.11,WEATHER_STATION,VALID,0.0,0.19357623075286692
2025-06-20 04:00:00,WX-MASTER,0.0,6.164,27.91,WEATHER_STATION,VALID,0.0,0.039973274277750326
2025-06-20 05:00:00,WX-MASTER,0.0,9.59,24.67,WEATHER_STATION,VALID,0.0,0.3611740530589849
2025-06-20 06:00:00,WX-MASTER,0.0,6.496,24.26,WEATHER_STATION,VALID,0.0,0.053923065159286715
2025-06-20 07:00:00,WX-MASTER,0.2317,9.192,25.85,WEATHER_STATION,VALID,0.2170497939582201,0.2996078182400001
2025-06-20 08:00:00,WX-MASTER,0.4921,10.119,22.75,WEATHER_STATION,VALID,0.4757160669682864,0.45532057731999986
2025-06-20 09:00:00,WX-MASTER,0.7541,5.937,24.03,WEATHER_STATION,VALID,0.7296974993337345,0.03197217184740742
2025-06-20 10:00:00,WX-MASTER,0.9333,8.9,24.97,WEATHER_STATION,VALID,0.9030569789469491,0.2591888614540466
2025-06-20 11:00:00,WX-MASTER,0.9101,7.234,25.36,WEATHER_STATION,VALID,0.9021263537193916,0.09578838698447188
2025-06-20 12:00:00,WX-MASTER,0.8535,4.353,25.66,WEATHER_STATION,VALID,0.8123297422833401,0.0031257460340740734
2025-06-20 13:00:00,WX-MASTER,0.789,5.447,26.33,WEATHER_STATION,VALID,0.7555705918697934,0.018491077000219482
2025-06-20 14:00:00,WX-MASTER,0.8757,7.251,28.37,WEATHER_STATION,VALID,0.8151165020911764,0.09694683022074077
2025-06-20 15:00:00,WX-MASTER,0.18,7.614,28.47,WEATHER_STATION,VALID,0.1733015250013298,0.1239632830459259
2025-06-20 16:00:00,WX-MASTER,0.5472,5.173,30.26,WEATHER_STATION,VALID,0.5275365577077338,0.012949096817064474
2025-06-20 17:00:00,WX-MASTER,0.3091,7.457,30.3,WEATHER_STATION,VALID,0.2974624908219262,0.1117347344767627
2025-06-20 18:00:00,WX-MASTER,0.0,8.716,31.17,WEATHER_STATION,VALID,0.0,0.23568772230496565
2025-06-20 19:00:00,WX-MASTER,0.0,9.197,32.1,WEATHER_STATION,VALID,0.0,0.3003341986051577
2025-06-20 20:00:00,WX-MASTER,0.0,7.623,30.48,WEATHER_STATION,VALID,0.0,0.12469010175259264
2025-06-20 21:00:00,WX-MASTER,0.0,8.98,32.06,WEATHER_STATION,VALID,0.0,0.2698757429903979
2025-06-20 22:00:00,WX-MASTER,0.0,10.028,30.2,WEATHER_STATION,VALID,0.0,0.43808214962392333
2025-06-20 23:00:00,WX-MASTER,0.0,9.922,28.15,WEATHER_STATION,VALID,0.0,0.41855745719089177
2025-06-21 00:00:00,WX-MASTER,0.0,10.084,28.68,WEATHER_STATION,VALID,0.0,0.44863789740422494
2025-06-21 01:00:00,WX-MASTER,0.0,9.135,27.36,WEATHER_STATION,VALID,0.0,0.2914096975925926
2025-06-21 02:00:00,WX-MASTER,0.0,8.859,27.77,WEATHER_STATION,VALID,0.0,0.25382289492000004
2025-06-21 03:00:00,WX-MASTER,0.0,9.262,26.07,WEATHER_STATION,VALID,0.0,0.3098842394921263
2025-06-21 04:00:00,WX-MASTER,0.0,7.78,25.73,WEATHER_STATION,VALID,0.0,0.13783007385459534
2025-06-21 05:00:00,WX-MASTER,0.0,10.03,26.07,WEATHER_STATION,VALID,0.0,0.43845625903978047
2025-06-21 06:00:00,WX-MASTER,0.0,6.366,26.08,WEATHER_STATION,VALID,0.0,0.04812853407999998
2025-06-21 07:00:00,WX-MASTER,0.3012,7.446,24.29,WEATHER_STATION,VALID,0.2868103271889719,0.11090948128
2025-06-21 08:00:00,WX-MASTER,0.481,7.794,25.13,WEATHER_STATION,VALID,0.47055235457684486,0.13904468357925923
2025-06-21 09:00:00,WX-MASTER,0.7385,8.201,23.73,WEATHER_STATION,VALID,0.6967974656797132,0.17755007510688617
2025-06-21 10:00:00,WX-MASTER,0.7548,8.222,22.42,WEATHER_STATION,VALID,0.7383870072381061,0.1797094443952812
2025-06-21 11:00:00,WX-MASTER,0.845,9.122,23.43,WEATHER_STATION,VALID,0.8300144946093824,0.2895611380249108
2025-06-21 12:00:00,WX-MASTER,1.0427,7.162,25.34,WEATHER_STATION,VALID,1.0,0.09098431435632373
2025-06-21 13:00:00,WX-MASTER,0.9989,6.066,27.37,WEATHER_STATION,VALID,0.9656416993385086,0.03637280133925926
2025-06-21 14:00:00,WX-MASTER,0.7639,6.816,27.09,WEATHER_STATION,VALID,0.7474563724786661,0.07012702207999999
2025-06-21 15:00:00,WX-MASTER,0.6425,6.663,29.65,WEATHER_STATION,VALID,0.6248724185517489,0.06202561156000001
2025-06-21 16:00:00,WX-MASTER,0.4808,7.889,31.27,WEATHER_STATION,VALID,0.4607641708525014,0.14747568117898496
2025-06-21 17:00:00,WX-MASTER,0.3066,6.015,28.73,WEATHER_STATION,VALID,0.3059120462706027,0.03458774499999999
2025-06-21 18:00:00,WX-MASTER,0.0,7.403,32.9,WEATHER_STATION,VALID,0.0,0.10772248301898488
2025-06-21 19:00:00,WX-MASTER,0.0,9.994,28.74,WEATHER_STATION,VALID,0.0,0.4317548083968175
2025-06-21 20:00:00,WX-MASTER,0.0,8.379,33.04,WEATHER_STATION,VALID,0.0,0.1964106043125925
2025-06-21 21:00:00,WX-MASTER,0.0,7.027,30.66,WEATHER_STATION,VALID,0.0,0.08241479597854598
2025-06-21 22:00:00,WX-MASTER,0.0,8.177,30.08,WEATHER_STATION,VALID,0.0,0.17510348671379972
2025-06-21 23:00:00,WX-MASTER,0.0,5.897,29.79,WEATHER_STATION,VALID,0.0,0.03068356270392318
2025-06-22 00:00:00,WX-MASTER,0.0,8.834,28.08,WEATHER_STATION,VALID,0.0,0.25058759809009595
2025-06-22 01:00:00,WX-MASTER,0.0,11.115,30.0,WEATHER_STATION,VALID,0.0,0.6744129042592595
2025-06-22 02:00:00,WX-MASTER,0.0,7.424,26.46,WEATHER_STATION,VALID,0.0,0.10927118527034296
2025-06-22 03:00:00,WX-MASTER,0.0,7.001,25.71,WEATHER_STATION,VALID,0.0,0.08082876685997259
2025-06-22 04:00:00,WX-MASTER,0.0,7.909,23.89,WEATHER_STATION,VALID,0.0,0.14929298287336074
2025-06-22 05:00:00,WX-MASTER,0.0,9.767,23.94,WEATHER_STATION,VALID,0.0,0.39106489175577497
2025-06-22 06:00:00,WX-MASTER,0.0,10.557,23.42,WEATHER_STATION,VALID,0.0,0.5446387855659259
2025-06-22 07:00:00,WX-MASTER,0.2656,8.67,22.99,WEATHER_STATION,VALID,0.2615150362397496,0.23004324000000004
2025-06-22 08:00:00,WX-MASTER,0.5833,6.155,23.58,WEATHER_STATION,VALID,0.559620567544238,0.03963313163923183
2025-06-22 09:00:00,WX-MASTER,0.7126,7.547,22.57,WEATHER_STATION,VALID,0.6833808024643173,0.11864109917305901
2025-06-22 10:00:00,WX-MASTER,0.737,9.679,26.18,WEATHER_STATION,VALID,0.7077529295598304,0.37600587387089174
2025-06-22 11:00:00,WX-MASTER,0.9338,6.768,24.63,WEATHER_STATION,VALID,0.916048082407482,0.06751386661925925
2025-06-22 12:00:00,WX-MASTER,0.9154,7.229,25.99,WEATHER_STATION,VALID,0.8742072089746924,0.09544943334688616
2025-06-22 13:00:00,WX-MASTER,1.0208,7.297,27.42,WEATHER_STATION,VALID,0.9956379839289184,0.10012818873410148
2025-06-22 14:00:00,WX-MASTER,0.852,4.98,29.72,WEATHER_STATION,VALID,0.8359847022399063,0.009796160000000009
2025-06-22 15:00:00,WX-MASTER,0.6689,8.361,29.29,WEATHER_STATION,VALID,0.6479475892744843,0.1944454211392594
2025-06-22 16:00:00,WX-MASTER,0.5833,8.309,28.75,WEATHER_STATION,VALID,0.5746385523157197,0.18884194943577495
2025-06-22 17:00:00,WX-MASTER,0.2279,4.796,28.48,WEATHER_STATION,VALID,0.22002271568559914,0.0073110422896022
2025-06-22 18:00:00,WX-MASTER,0.0,5.886,30.73,WEATHER_STATION,VALID,0.0,0.030335368805925925
2025-06-22 19:00:00,WX-MASTER,0.0,6.609,31.95,WEATHER_STATION,VALID,0.0,0.05932270492000002
2025-06-22 20:00:00,WX-MASTER,0.0,9.104,30.96,WEATHER_STATION,VALID,0.0,0.28701452377898484
2025-06-22 21:00:00,WX-MASTER,0.0,7.405,30.75,WEATHER_STATION,VALID,0.0,0.10786934391632375
2025-06-22 22:00:00,WX-MASTER,0.0,9.126,30.58,WEATHER_STATION,VALID,0.0,0.29012909040592594
2025-06-22 23:00:00,WX-MASTER,0.0,8.549,27.52,WEATHER_STATION,VALID,0.0,0.2156276617518244
2025-06-23 00:00:00,WX-MASTER,0.0,8.988,29.19,WEATHER_STATION,VALID,0.0,0.27096030596740744
2025-06-23 01:00:00,WX-MASTER,0.0,9.602,29.05,WEATHER_STATION,VALID,0.0,0.36315067773849125
2025-06-23 02:00:00,WX-MASTER,0.0,9.306,27.21,WEATHER_STATION,VALID,0.0,0.3164624589392591
2025-06-23 03:00:00,WX-MASTER,0.0,8.854,27.7,WEATHER_STATION,VALID,0.0,0.25317362111780517
2025-06-23 04:00:00,WX-MASTER,0.0,9.169,26.9,WEATHER_STATION,VALID,0.0,0.29628155119928684
2025-06-23 05:00:00,WX-MASTER,0.0,8.837,24.18,WEATHER_STATION,VALID,0.0,0.2509743735977503
2025-06-23 06:00:00,WX-MASTER,0.0,8.053,24.76,WEATHER_STATION,VALID,0.0,0.16282016620965714
2025-06-23 07:00:00,WX-MASTER,0.2981,7.512,23.93,WEATHER_STATION,VALID,0.3046017684876348,0.11592245551407404
2025-06-23 08:00:00,WX-MASTER,0.4427,10.256,21.33,WEATHER_STATION,VALID,0.43131236486843333,0.48211663999824433
2025-06-23 09:00:00,WX-MASTER,0.5979,6.985,23.66,WEATHER_STATION,VALID,0.5765493660590852,0.07986293675582994
2025-06-23 10:00:00,WX-MASTER,0.874,9.115,22.99,WEATHER_STATION,VALID,0.866396566002189,0.2885690057681757
2025-06-23 11:00:00,WX-MASTER,0.7733,6.266,24.95,WEATHER_STATION,VALID,0.7287459009774866,0.04396517844762688
2025-06-23 12:00:00,WX-MASTER,0.9074,8.085,26.33,WEATHER_STATION,VALID,0.881461791648503,0.16593315500000008
2025-06-23 13:00:00,WX-MASTER,0.9337,9.288,26.1,WEATHER_STATION,VALID,0.9336219682822556,0.31376023248592594
2025-06-23 14:00:00,WX-MASTER,0.7255,6.536,26.18,WEATHER_STATION,VALID,0.702470461287955,0.05579522946984909
2025-06-23 15:00:00,WX-MASTER,0.6207,6.181,28.45,WEATHER_STATION,VALID,0.5859411006238041,0.04062106507780521
2025-06-23 16:00:00,WX-MASTER,0.5114,6.626,31.94,WEATHER_STATION,VALID,0.49302091329500625,0.0601649691439232
2025-06-23 17:00:00,WX-MASTER,0.2995,7.347,27.13,WEATHER_STATION,VALID,0.29704942229900844,0.10366430004000003
2025-06-23 18:00:00,WX-MASTER,0.0,8.02,30.57,WEATHER_STATION,VALID,0.0,0.15965092916323725
2025-06-23 19:00:00,WX-MASTER,0.0,7.803,29.99,WEATHER_STATION,VALID,0.0,0.1398292598859259
2025-06-23 20:00:00,WX-MASTER,0.0,7.57,30.25,WEATHER_STATION,VALID,0.0,0.12045058101508915
2025-06-23 21:00:00,WX-MASTER,0.0,10.907,30.52,WEATHER_STATION,VALID,0.0,0.6238720300570095
2025-06-23 22:00:00,WX-MASTER,0.0,8.329,29.88,WEATHER_STATION,VALID,0.0,0.19098420875978056
2025-06-23 23:00:00,WX-MASTER,0.0,7.964,30.46,WEATHER_STATION,VALID,0.0,0.15436740998145407
2025-06-24 00:00:00,WX-MASTER,0.0,9.96,28.69,WEATHER_STATION,VALID,0.0,0.4254886874074076
2025-06-24 01:00:00,WX-MASTER,0.0,10.043,25.54,WEATHER_STATION,VALID,0.0,0.44089316299923165
2025-06-24 02:00:00,WX-MASTER,0.0,10.773,28.77,WEATHER_STATION,VALID,0.0,0.5926882290859258
2025-06-24 03:00:00,WX-MASTER,0.0,11.37,27.68,WEATHER_STATION,VALID,0.0,0.7400084399999999
2025-06-24 04:00:00,WX-MASTER,0.0,9.178,24.75,WEATHER_STATION,VALID,0.0,0.297580186024472
2025-06-24 05:00:00,WX-MASTER,0.0,8.165,24.82,WEATHER_STATION,VALID,0.0,0.17388866633058978
2025-06-24 06:00:00,WX-MASTER,0.0,5.838,25.66,WEATHER_STATION,VALID,0.0,0.028846788634074083
2025-06-24 07:00:00,WX-MASTER,0.3208,6.838,25.09,WEATHER_STATION,VALID,0.31263957194704783,0.07134691680965707
2025-06-24 08:00:00,WX-MASTER,0.515,8.067,25.36,WEATHER_STATION,VALID,0.4907620863858232,0.16417726324000004
2025-06-24 09:00:00,WX-MASTER,0.7262,6.01,24.3,WEATHER_STATION,VALID,0.6932567103918289,0.03441595187928669
2025-06-24 10:00:00,WX-MASTER,0.8621,5.262,25.12,WEATHER_STATION,VALID,0.8350198734535412,0.014606228847407402
2025-06-24 11:00:00,WX-MASTER,0.8683,7.228,26.45,WEATHER_STATION,VALID,0.848810793169857,0.09538173871582989
2025-06-24 12:00:00,WX-MASTER,0.8572,8.026,25.07,WEATHER_STATION,VALID,0.84513300834998,0.16022406717410148
2025-06-24 13:00:00,WX-MASTER,0.2084,6.634,26.85,WEATHER_STATION,VALID,0.20404564903709274,0.06056407212027435
2025-06-24 14:00:00,WX-MASTER,0.5597,8.126,24.66,WEATHER_STATION,VALID,0.543527383943257,0.16997932667478732
2025-06-24 15:00:00,WX-MASTER,0.7591,7.835,26.24,WEATHER_STATION,VALID,0.7278304534386226,0.14264276028120718
2025-06-24 16:00:00,WX-MASTER,0.5486,8.663,29.58,WEATHER_STATION,VALID,0.5233295063311955,0.22919227943379974
2025-06-24 17:00:00,WX-MASTER,0.2535,10.183,30.49,WEATHER_STATION,VALID,0.24395238987162843,0.46771133839237317
2025-06-24 18:00:00,WX-MASTER,0.0,10.984,29.8,WEATHER_STATION,VALID,0.0,0.6422762808116322
2025-06-24 19:00:00,WX-MASTER,0.0,8.791,29.88,WEATHER_STATION,VALID,0.0,0.24508740518150895
2025-06-24 20:00:00,WX-MASTER,0.0,7.503,30.31,WEATHER_STATION,VALID,0.0,0.11523015336740738
2025-06-24 21:00:00,WX-MASTER,0.0,8.432,30.84,WEATHER_STATION,VALID,0.0,0.20227377646441708
2025-06-24 22:00:00,WX-MASTER,0.0,10.62,27.49,WEATHER_STATION,VALID,0.0,0.5583740325925924
2025-06-24 23:00:00,WX-MASTER,0.0,7.594,30.27,WEATHER_STATION,VALID,0.0,0.12235825412521265
2025-06-25 00:00:00,WX-MASTER,0.0,10.747,28.99,WEATHER_STATION,VALID,0.0,0.586760630981015
2025-06-25 01:00:00,WX-MASTER,0.0,8.706,28.4,WEATHER_STATION,VALID,0.0,0.2344528956799999
2025-06-25 02:00:00,WX-MASTER,0.0,9.217,27.05,WEATHER_STATION,VALID,0.0,0.3032514604773115
2025-06-25 03:00:00,WX-MASTER,0.0,7.798,24.64,WEATHER_STATION,VALID,0.0,0.13939302082941013
2025-06-25 04:00:00,WX-MASTER,0.0,6.992,24.13,WEATHER_STATION,VALID,0.0,0.08028453510145403
2025-06-25 05:00:00,WX-MASTER,0.0,8.162,26.55,WEATHER_STATION,VALID,0.0,0.17358584170886152
2025-06-25 06:00:00,WX-MASTER,0.0,9.989,23.4,WEATHER_STATION,VALID,0.0,0.4308294876481209
2025-06-25 07:00:00,WX-MASTER,0.3112,7.129,24.79,WEATHER_STATION,VALID,0.3117679788302878,0.08883721754990395
2025-06-25 08:00:00,WX-MASTER,0.5789,9.877,22.4,WEATHER_STATION,VALID,0.5702443381688257,0.41044727062052144
2025-06-25 09:00:00,WX-MASTER,0.6716,6.785,23.8,WEATHER_STATION,VALID,0.6597321953639688,0.06843179793552813
2025-06-25 10:00:00,WX-MASTER,0.8295,5.918,23.64,WEATHER_STATION,VALID,0.8117854782679538,0.03135567553009603
2025-06-25 11:00:00,WX-MASTER,0.9332,7.456,24.38,WEATHER_STATION,VALID,0.8911595631697171,0.11165954286792872
2025-06-25 12:00:00,WX-MASTER,0.9852,7.884,25.04,WEATHER_STATION,VALID,0.9745233411735378,0.147023671845926
2025-06-25 13:00:00,WX-MASTER,0.8911,7.183,28.03,WEATHER_STATION,VALID,0.853097267326686,0.09236850036768174
2025-06-25 14:00:00,WX-MASTER,0.8158,7.141,29.51,WEATHER_STATION,VALID,0.7947925805489694,0.08961402634200276
2025-06-25 15:00:00,WX-MASTER,0.7874,9.102,28.39,WEATHER_STATION,VALID,0.7444151658265579,0.2867324918400001
2025-06-25 16:00:00,WX-MASTER,0.5832,7.277,28.46,WEATHER_STATION,VALID,0.5478505667745356,0.09873657308417008
2025-06-25 17:00:00,WX-MASTER,0.2987,6.73,28.08,WEATHER_STATION,VALID,0.2911651037334873,0.06549178002743487
2025-06-25 18:00:00,WX-MASTER,0.0,6.098,28.55,WEATHER_STATION,VALID,0.0,0.037523603589355276
2025-06-25 19:00:00,WX-MASTER,0.0,9.48,32.32,WEATHER_STATION,VALID,0.0,0.34338816000000016
2025-06-25 20:00:00,WX-MASTER,0.0,7.532,28.94,WEATHER_STATION,VALID,0.0,0.11747082061256514
2025-06-25 21:00:00,WX-MASTER,0.0,7.909,30.05,WEATHER_STATION,VALID,0.0,0.14929298287336074
2025-06-25 22:00:00,WX-MASTER,0.0,9.926,30.42,WEATHER_STATION,VALID,0.0,0.4192834890451577
2025-06-25 23:00:00,WX-MASTER,0.0,11.41,26.55,WEATHER_STATION,VALID,0.0,0.7506686629903978
2025-06-26 00:00:00,WX-MASTER,0.0,9.176,27.42,WEATHER_STATION,VALID,0.0,0.2972912732426887
2025-06-26 01:00:00,WX-MASTER,0.0,8.733,26.47,WEATHER_STATION,VALID,0.0,0.23779686476
2025-06-26 02:00:00,WX-MASTER,0.0,8.898,26.37,WEATHER_STATION,VALID,0.0,0.25892536890074075
2025-06-26 03:00:00,WX-MASTER,0.0,8.24,26.57,WEATHER_STATION,VALID,0.0,0.18157420861454046
2025-06-26 04:00:00,WX-MASTER,0.0,8.234,26.65,WEATHER_STATION,VALID,0.0,0.18095119433700965
2025-06-26 05:00:00,WX-MASTER,0.0,8.053,23.9,WEATHER_STATION,VALID,0.0,0.16282016620965714
2025-06-26 06:00:00,WX-MASTER,0.0,9.464,23.59,WEATHER_STATION,VALID,0.0,0.3408508193641702
2025-06-26 07:00:00,WX-MASTER,0.1428,7.911,23.65,WEATHER_STATION,VALID,0.13823095026121188,0.1494755298059259
2025-06-26 08:00:00,WX-MASTER,0.4631,9.532,22.7,WEATHER_STATION,VALID,0.44837282784512994,0.35172142758101504
2025-06-26 09:00:00,WX-MASTER,0.7873,7.363,24.29,WEATHER_STATION,VALID,0.7799761298982344,0.10481318976027437
2025-06-26 10:00:00,WX-MASTER,0.9331,6.814,24.68,WEATHER_STATION,VALID,0.9220360565117418,0.07001681724620029
2025-06-26 11:00:00,WX-MASTER,0.9622,8.772,21.43,WEATHER_STATION,VALID,0.940224466806403,0.2426829504474074
2025-06-26 12:00:00,WX-MASTER,0.9502,7.013,26.19,WEATHER_STATION,VALID,0.9461964615750368,0.08155822740910837
2025-06-26 13:00:00,WX-MASTER,0.9259,6.759,26.42,WEATHER_STATION,VALID,0.8927558480313184,0.0670312435125926
2025-06-26 14:00:00,WX-MASTER,0.8194,6.973,27.48,WEATHER_STATION,VALID,0.8147659666571038,0.07914363518743484
2025-06-26 15:00:00,WX-MASTER,0.7453,8.909,29.49,WEATHER_STATION,VALID,0.7290060514010056,0.26037679022589866
2025-06-26 16:00:00,WX-MASTER,0.5182,7.535,26.78,WEATHER_STATION,VALID,0.5280796860479741,0.11770425781207138
2025-06-26 17:00:00,WX-MASTER,0.2582,8.95,28.14,WEATHER_STATION,VALID,0.24583551749757143,0.2658344101508915
2025-06-26 18:00:00,WX-MASTER,0.0,7.25,30.12,WEATHER_STATION,VALID,0.0,0.0968784293552812
2025-06-26 19:00:00,WX-MASTER,0.0,9.225,27.77,WEATHER_STATION,VALID,0.0,0.3044236342592592
2025-06-26 20:00:00,WX-MASTER,0.0,8.378,30.42,WEATHER_STATION,VALID,0.0,0.19630108167330595
2025-06-26 21:00:00,WX-MASTER,0.0,9.467,31.57,WEATHER_STATION,VALID,0.0,0.34132561536071343
2025-06-26 22:00:00,WX-MASTER,0.0,9.8,30.68,WEATHER_STATION,VALID,0.0,0.39681404663923203
2025-06-26 23:00:00,WX-MASTER,0.0,7.5,29.74,WEATHER_STATION,VALID,0.0,0.115
2025-06-27 00:00:00,WX-MASTER,0.0,8.927,28.61,WEATHER_STATION,VALID,0.0,0.2627635258496022
2025-06-27 01:00:00,WX-MASTER,0.0,10.14,27.53,WEATHER_STATION,VALID,0.0,0.4593618607407409
2025-06-27 02:00:00,WX-MASTER,0.0,10.341,26.56,WEATHER_STATION,VALID,0.0,0.49925907900592575
2025-06-27 03:00:00,WX-MASTER,0.0,10.446,26.51,WEATHER_STATION,VALID,0.0,0.5209900086874073
2025-06-27 04:00:00,WX-MASTER,0.0,8.817,23.53,WEATHER_STATION,VALID,0.0,0.24840337398074072
2025-06-27 05:00:00,WX-MASTER,0.0,10.495,26.42,WEATHER_STATION,VALID,0.0,0.5313433023113854
2025-06-27 06:00:00,WX-MASTER,0.0,7.409,23.22,WEATHER_STATION,VALID,0.0,0.10816346602836763
2025-06-27 07:00:00,WX-MASTER,0.314,6.067,24.43,WEATHER_STATION,VALID,0.30564496872730895,0.036408402773607684
2025-06-27 08:00:00,WX-MASTER,0.42,7.388,23.74,WEATHER_STATION,VALID,0.40690396450889194,0.1066252729029355
2025-06-27 09:00:00,WX-MASTER,0.781,9.053,22.37,WEATHER_STATION,VALID,0.7650767978477697,0.27988029356219496
2025-06-27 10:00:00,WX-MASTER,0.9329,5.863,25.66,WEATHER_STATION,VALID,0.9053486855646855,0.029615859636817576
2025-06-27 11:00:00,WX-MASTER,0.8679,5.184,25.96,WEATHER_STATION,VALID,0.8308164776083716,0.01314674384592593
2025-06-27 12:00:00,WX-MASTER,0.9588,4.733,23.5,WEATHER_STATION,VALID,0.9149551549640895,0.006568345473305893
2025-06-27 13:00:00,WX-MASTER,1.0125,7.864,26.15,WEATHER_STATION,VALID,0.9707034493976557,0.14522487048076815
2025-06-27 14:00:00,WX-MASTER,0.7848,5.031,27.39,WEATHER_STATION,VALID,0.7638709407592922,0.010572801272592587
2025-06-27 15:00:00,WX-MASTER,0.7623,7.7,25.56,WEATHER_STATION,VALID,0.7391227734882816,0.1310249108367627
2025-06-27 16:00:00,WX-MASTER,0.4792,6.695,26.34,WEATHER_STATION,VALID,0.4663718911861595,0.06366542275034294
2025-06-27 17:00:00,WX-MASTER,0.2695,6.308,28.61,WEATHER_STATION,VALID,0.2634395370923602,0.0456832298807133
2025-06-27 18:00:00,WX-MASTER,0.0,6.241,28.59,WEATHER_STATION,VALID,0.0,0.042963276267928646
2025-06-27 19:00:00,WX-MASTER,0.0,8.061,29.27,WEATHER_STATION,VALID,0.0,0.16359473062074076
2025-06-27 20:00:00,WX-MASTER,0.0,7.073,29.06,WEATHER_STATION,VALID,0.0,0.08527142668812075
2025-06-27 21:00:00,WX-MASTER,0.0,8.298,30.37,WEATHER_STATION,VALID,0.0,0.1876705647525926
2025-06-27 22:00:00,WX-MASTER,0.0,9.049,29.1,WEATHER_STATION,VALID,0.0,0.2793258008190398
2025-06-27 23:00:00,WX-MASTER,0.0,9.504,30.95,WEATHER_STATION,VALID,0.0,0.3472177326459258
2025-06-28 00:00:00,WX-MASTER,0.0,10.032,29.07,WEATHER_STATION,VALID,0.0,0.4388305813807407
2025-06-28 01:00:00,WX-MASTER,0.0,9.093,28.97,WEATHER_STATION,VALID,0.0,0.28546563436000005
2025-06-28 02:00:00,WX-MASTER,0.0,7.508,25.08,WEATHER_STATION,VALID,0.0,0.11561442434984916
2025-06-28 03:00:00,WX-MASTER,0.0,9.406,25.45,WEATHER_STATION,VALID,0.0,0.33175776913953375
2025-06-28 04:00:00,WX-MASTER,0.0,9.518,25.52,WEATHER_STATION,VALID,0.0,0.34946474338194805
2025-06-28 05:00:00,WX-MASTER,0.0,8.24,25.18,WEATHER_STATION,VALID,0.0,0.18157420861454046
2025-06-28 06:00:00,WX-MASTER,0.0,7.873,23.3,WEATHER_STATION,VALID,0.0,0.14603250437262008
2025-06-28 07:00:00,WX-MASTER,0.2547,11.212,23.13,WEATHER_STATION,VALID,0.25133447220767335,0.6988872556896569
2025-06-28 08:00:00,WX-MASTER,0.583,6.052,23.14,WEATHER_STATION,VALID,0.5614279285505593,0.035876815472373105
2025-06-28 09:00:00,WX-MASTER,0.2978,8.124,23.37,WEATHER_STATION,VALID,0.29274235325019043,0.16978044292740743
2025-06-28 10:00:00,WX-MASTER,0.8971,8.619,26.67,WEATHER_STATION,VALID,0.8611556862383241,0.22389139139407405
2025-06-28 11:00:00,WX-MASTER,0.8586,6.635,25.01,WEATHER_STATION,VALID,0.826690960064162,0.060614083737997246
2025-06-28 12:00:00,WX-MASTER,0.8885,6.734,25.41,WEATHER_STATION,VALID,0.8511918432717088,0.06570270347281205
2025-06-28 13:00:00,WX-MASTER,0.5708,6.369,24.69,WEATHER_STATION,VALID,0.5566097453195059,0.0482573347274074
2025-06-28 14:00:00,WX-MASTER,0.7627,6.897,25.63,WEATHER_STATION,VALID,0.7530667449458762,0.07468811804000003
2025-06-28 15:00:00,WX-MASTER,0.6461,8.139,27.76,WEATHER_STATION,VALID,0.6249326695183864,0.17127585811999996
2025-06-28 16:00:00,WX-MASTER,0.5091,6.848,30.21,WEATHER_STATION,VALID,0.4841191057903289,0.0719060593918244
2025-06-28 17:00:00,WX-MASTER,0.2966,11.338,29.34,WEATHER_STATION,VALID,0.2828850373476459,0.7315532960689163
2025-06-28 18:00:00,WX-MASTER,0.0,6.934,29.95,WEATHER_STATION,VALID,0.0,0.07683575547829904
2025-06-28 19:00:00,WX-MASTER,0.0,9.567,29.6,WEATHER_STATION,VALID,0.0,0.3574055958325926
2025-06-28 20:00:00,WX-MASTER,0.0,8.744,28.52,WEATHER_STATION,VALID,0.0,0.23916828686046646
2025-06-28 21:00:00,WX-MASTER,0.0,8.429,31.01,WEATHER_STATION,VALID,0.0,0.20193882455676268
2025-06-28 22:00:00,WX-MASTER,0.0,10.423,29.83,WEATHER_STATION,VALID,0.0,0.5161770374343485
2025-06-28 23:00:00,WX-MASTER,0.0,6.611,30.12,WEATHER_STATION,VALID,0.0,0.05942138419824416
2025-06-29 00:00:00,WX-MASTER,0.0,9.353,29.01,WEATHER_STATION,VALID,0.0,0.32359132106836763
2025-06-29 01:00:00,WX-MASTER,0.0,7.931,26.83,WEATHER_STATION,VALID,0.0,0.15130919008466392
2025-06-29 02:00:00,WX-MASTER,0.0,8.29,27.35,WEATHER_STATION,VALID,0.0,0.18682169805212617
2025-06-29 03:00:00,WX-MASTER,0.0,8.156,24.62,WEATHER_STATION,VALID,0.0,0.17298124760318254
2025-06-29 04:00:00,WX-MASTER,0.0,7.395,25.59,WEATHER_STATION,VALID,0.0,0.10713637240740738
2025-06-29 05:00:00,WX-MASTER,0.0,0.0,24.53,WEATHER_STATION,VALID,0.0,0.0
2025-06-29 06:00:00,WX-MASTER,0.0,8.736,25.9,WEATHER_STATION,VALID,0.0,0.23817036762074084
2025-06-29 07:00:00,WX-MASTER,0.2658,7.892,22.66,WEATHER_STATION,VALID,0.2645732605274417,0.14774733095330592
2025-06-29 08:00:00,WX-MASTER,0.5168,7.326,21.99,WEATHER_STATION,VALID,0.4957600557732652,0.10216916507259258
2025-06-29 09:00:00,WX-MASTER,0.697,8.453,23.2,WEATHER_STATION,VALID,0.6689798769946329,0.2046288163276268
2025-06-29 10:00:00,WX-MASTER,0.8491,7.83,24.78,WEATHER_STATION,VALID,0.8219662337760013,0.1422006859259259
2025-06-29 11:00:00,WX-MASTER,1.0201,6.715,21.25,WEATHER_STATION,VALID,0.995829485774006,0.064704837866941
2025-06-29 12:00:00,WX-MASTER,0.9629,10.903,26.38,WEATHER_STATION,VALID,0.9276310560084529,0.6229256941849659
2025-06-29 13:00:00,WX-MASTER,0.6725,8.198,25.92,WEATHER_STATION,VALID,0.6364486980382192,0.17724301316960225
2025-06-29 14:00:00,WX-MASTER,0.855,10.058,25.71,WEATHER_STATION,VALID,0.8182474208301913,0.44371617555972553
2025-06-29 15:00:00,WX-MASTER,0.4213,6.414,27.54,WEATHER_STATION,VALID,0.4167583893059275,0.05021700986074073
2025-06-29 16:00:00,WX-MASTER,0.5187,7.413,27.94,WEATHER_STATION,VALID,0.503720800807869,0.10845812230074076
2025-06-29 17:00:00,WX-MASTER,0.2915,5.667,28.08,WEATHER_STATION,VALID,0.28472737914799495,0.02394028664740741
2025-06-29 18:00:00,WX-MASTER,0.0,7.077,27.78,WEATHER_STATION,VALID,0.0,0.08552290284000001
2025-06-29 19:00:00,WX-MASTER,0.0,7.001,31.33,WEATHER_STATION,VALID,0.0,0.08082876685997259
2025-06-29 20:00:00,WX-MASTER,0.0,11.915,29.91,WEATHER_STATION,VALID,0.0,0.8941787434910834
2025-06-29 21:00:00,WX-MASTER,0.0,7.371,29.99,WEATHER_STATION,VALID,0.0,0.10539080420592595
2025-06-29 22:00:00,WX-MASTER,0.0,8.19,31.12,WEATHER_STATION,VALID,0.0,0.1764259125925926
2025-06-29 23:00:00,WX-MASTER,0.0,6.785,29.62,WEATHER_STATION,VALID,0.0,0.06843179793552813
2025-06-30 00:00:00,WX-MASTER,0.0,9.478,26.93,WEATHER_STATION,VALID,0.0,0.3430703061232373
2025-06-30 01:00:00,WX-MASTER,0.0,7.675,28.76,WEATHER_STATION,VALID,0.0,0.12894518947187925
2025-06-30 02:00:00,WX-MASTER,0.0,10.034,28.83,WEATHER_STATION,VALID,0.0,0.43920511670738016
2025-06-30 03:00:00,WX-MASTER,0.0,6.442,26.74,WEATHER_STATION,VALID,0.0,0.0514627390081756
2025-06-30 04:00:00,WX-MASTER,0.0,8.473,24.26,WEATHER_STATION,VALID,0.0,0.20688863938496577
2025-06-30 05:00:00,WX-MASTER,0.0,6.043,22.8,WEATHER_STATION,VALID,0.0,0.035560360584965714
2025-06-30 06:00:00,WX-MASTER,0.0,7.576,22.93,WEATHER_STATION,VALID,0.0,0.12092562658150888
2025-06-30 07:00:00,WX-MASTER,0.2983,7.587,23.79,WEATHER_STATION,VALID,0.27871039754367155,0.12179978436592588
2025-06-30 08:00:00,WX-MASTER,0.5477,6.921,25.26,WEATHER_STATION,VALID,0.5339497089697619,0.07607655287259261
2025-06-30 09:00:00,WX-MASTER,0.5641,6.799,22.75,WEATHER_STATION,VALID,0.5474975215733738,0.06919395896718795
2025-06-30 10:00:00,WX-MASTER,0.9324,8.488,23.24,WEATHER_STATION,VALID,0.9050356920405794,0.20859438179731138
2025-06-30 11:00:00,WX-MASTER,0.7875,9.872,25.8,WEATHER_STATION,VALID,0.7667802525922423,0.40955266049404665
2025-06-30 12:00:00,WX-MASTER,1.049,7.361,24.78,WEATHER_STATION,VALID,1.0,0.10466911666737996
2025-06-30 13:00:00,WX-MASTER,1.0025,5.74,28.2,WEATHER_STATION,VALID,0.9716338456506795,0.025960436323731143
2025-06-30 14:00:00,WX-MASTER,0.8771,6.947,26.87,WEATHER_STATION,VALID,0.8588525161458493,0.07759999230886147
2025-06-30 15:00:00,WX-MASTER,0.6328,6.476,29.35,WEATHER_STATION,VALID,0.6086705690730297,0.05300289635379974
2025-06-30 16:00:00,WX-MASTER,0.5246,8.228,29.26,WEATHER_STATION,VALID,0.5014046562248553,0.18032960680910837
2025-06-30 17:00:00,WX-MASTER,0.2695,7.635,30.37,WEATHER_STATION,VALID,0.27363863652222603,0.125663605
2025-06-30 18:00:00,WX-MASTER,0.0,5.438,29.87,WEATHER_STATION,VALID,0.0,0.018287797446145396
2025-06-30 19:00:00,WX-MASTER,0.0,9.17,30.29,WEATHER_STATION,VALID,0.0,0.2964256570096022
2025-06-30 20:00:00,WX-MASTER,0.0,9.261,31.05,WEATHER_STATION,VALID,0.0,0.30973580380592575
2025-06-30 21:00:00,WX-MASTER,0.0,10.198,31.38,WEATHER_STATION,VALID,0.0,0.47064757569360777
2025-06-30 22:00:00,WX-MASTER,0.0,7.806,30.71,WEATHER_STATION,VALID,0.0,0.14009143968000004
2025-06-30 23:00:00,WX-MASTER,0.0,9.049,27.4,WEATHER_STATION,VALID,0.0,0.2793258008190398
2025-07-01 00:00:00,WX-MASTER,0.0,7.227,29.07,WEATHER_STATION,VALID,0.0,0.09531407609925927
2025-07-01 01:00:00,WX-MASTER,0.0,8.762,27.13,WEATHER_STATION,VALID,0.0,0.24142378857305904
2025-07-01 02:00:00,WX-MASTER,0.0,9.339,26.36,WEATHER_STATION,VALID,0.0,0.32145675352740744
2025-07-01 03:00:00,WX-MASTER,0.0,7.923,26.66,WEATHER_STATION,VALID,0.0,0.15057393716000003
2025-07-01 04:00:00,WX-MASTER,0.0,9.06,27.3,WEATHER_STATION,VALID,0.0,0.28085242074074074
2025-07-01 05:00:00,WX-MASTER,0.0,8.644,24.26,WEATHER_STATION,VALID,0.0,0.22689311328570652
2025-07-01 06:00:00,WX-MASTER,0.0,7.612,26.35,WEATHER_STATION,VALID,0.0,0.1238021522822497
2025-07-01 07:00:00,WX-MASTER,0.1649,9.76,22.32,WEATHER_STATION,VALID,0.16247978875250518,0.38985255681755826
2025-07-01 08:00:00,WX-MASTER,0.521,7.378,24.99,WEATHER_STATION,VALID,0.5098818553770472,0.10589795432076818
2025-07-01 09:00:00,WX-MASTER,0.587,7.605,24.15,WEATHER_STATION,VALID,0.5618618590041017,0.1232392942592593
2025-07-01 10:00:00,WX-MASTER,0.7345,5.302,24.23,WEATHER_STATION,VALID,0.7141351411152992,0.015394878188422485
2025-07-01 11:00:00,WX-MASTER,0.8302,7.703,26.2,WEATHER_STATION,VALID,0.7994296156732397,0.13127596978441702
2025-07-01 12:00:00,WX-MASTER,1.0132,6.283,24.5,WEATHER_STATION,VALID,0.9832453434077375,0.044655293404718806
2025-07-01 13:00:00,WX-MASTER,0.8679,8.085,27.64,WEATHER_STATION,VALID,0.8386100379950946,0.16593315500000008
2025-07-01 14:00:00,WX-MASTER,0.7859,5.142,26.77,WEATHER_STATION,VALID,0.7382908400432712,0.012402770240000008
2025-07-01 15:00:00,WX-MASTER,0.7866,7.479,27.15,WEATHER_STATION,VALID,0.7762379311974671,0.11339750164592595
2025-07-01 16:00:00,WX-MASTER,0.5356,4.218,27.17,WEATHER_STATION,VALID,0.5188803851042824,0.002280353434074074
2025-07-01 17:00:00,WX-MASTER,0.2942,8.044,31.39,WEATHER_STATION,VALID,0.2832345758369966,0.16195170805113862
2025-07-01 18:00:00,WX-MASTER,0.0,7.245,31.42,WEATHER_STATION,VALID,0.0,0.0965369075925926
2025-07-01 19:00:00,WX-MASTER,0.0,8.245,29.82,WEATHER_STATION,VALID,0.0,0.18209447823731134
2025-07-01 20:00:00,WX-MASTER,0.0,7.207,31.17,WEATHER_STATION,VALID,0.0,0.09396753514891633
2025-07-01 21:00:00,WX-MASTER,0.0,7.003,30.55,WEATHER_STATION,VALID,0.0,0.0809500403084225
2025-07-01 22:00:00,WX-MASTER,0.0,7.896,29.62,WEATHER_STATION,VALID,0.0,0.14811004928000004
2025-07-01 23:00:00,WX-MASTER,0.0,8.891,30.65,WEATHER_STATION,VALID,0.0,0.25800455134886147
2025-07-02 00:00:00,WX-MASTER,0.0,9.499,27.98,WEATHER_STATION,VALID,0.0,0.3464175691894102
2025-07-02 01:00:00,WX-MASTER,0.0,9.206,25.26,WEATHER_STATION,VALID,0.0,0.3016446400970095
2025-07-02 02:00:00,WX-MASTER,0.0,7.588,27.3,WEATHER_STATION,VALID,0.0,0.1218794615010151
2025-07-02 03:00:00,WX-MASTER,0.0,11.122,26.16,WEATHER_STATION,VALID,0.0,0.6761596561044717
2025-07-02 04:00:00,WX-MASTER,0.0,9.03,24.52,WEATHER_STATION,VALID,0.0,0.2767019599999999
2025-07-02 05:00:00,WX-MASTER,0.0,7.6,23.44,WEATHER_STATION,VALID,0.0,0.1228382990397805
2025-07-02 06:00:00,WX-MASTER,0.0,8.731,22.08,WEATHER_STATION,VALID,0.0,0.2375480799173114
2025-07-02 07:00:00,WX-MASTER,0.2166,8.259,23.17,WEATHER_STATION,VALID,0.20892387702203044,0.18355651832740744
2025-07-02 08:00:00,WX-MASTER,0.432,7.437,22.43,WEATHER_STATION,VALID,0.4161378256516885,0.11023730444000004
2025-07-02 09:00:00,WX-MASTER,0.6866,7.034,24.76,WEATHER_STATION,VALID,0.6861333782162204,0.08284532016417008
2025-07-02 10:00:00,WX-MASTER,0.7835,8.472,24.57,WEATHER_STATION,VALID,0.7641373154982103,0.20677525504
2025-07-02 11:00:00,WX-MASTER,0.7743,9.257,23.93,WEATHER_STATION,VALID,0.7550082517419098,0.30914253506935524
2025-07-02 12:00:00,WX-MASTER,1.0485,4.239,25.86,WEATHER_STATION,VALID,1.0,0.0024003480459259255
2025-07-02 13:00:00,WX-MASTER,0.9332,8.423,25.95,WEATHER_STATION,VALID,0.8968559893964204,0.20127003046589845
2025-07-02 14:00:00,WX-MASTER,0.8676,6.855,26.66,WEATHER_STATION,VALID,0.8131181065896168,0.07229919240740744
2025-07-02 15:00:00,WX-MASTER,0.6447,7.21,27.82,WEATHER_STATION,VALID,0.6347272053139668,0.09416870249657067
2025-07-02 16:00:00,WX-MASTER,0.556,8.795,30.86,WEATHER_STATION,VALID,0.5430589029460082,0.24559562151577496
2025-07-02 17:00:00,WX-MASTER,0.2722,3.775,30.23,WEATHER_STATION,VALID,0.2633024652497096,0.0005874425582990395
2025-07-02 18:00:00,WX-MASTER,0.0,8.514,29.66,WEATHER_STATION,VALID,0.0,0.21157316571259252
2025-07-02 19:00:00,WX-MASTER,0.0,9.376,31.44,WEATHER_STATION,VALID,0.0,0.3271185889518793
2025-07-02 20:00:00,WX-MASTER,0.0,7.074,31.51,WEATHER_STATION,VALID,0.0,0.08533424944592592
2025-07-02 21:00:00,WX-MASTER,0.0,6.408,30.68,WEATHER_STATION,VALID,0.0,0.04995271035259261
2025-07-02 22:00:00,WX-MASTER,0.0,10.575,29.62,WEATHER_STATION,VALID,0.0,0.548539884259259
2025-07-02 23:00:00,WX-MASTER,0.0,6.341,28.99,WEATHER_STATION,VALID,0.0,0.04706409650935529
2025-07-03 00:00:00,WX-MASTER,0.0,9.276,27.41,WEATHER_STATION,VALID,0.0,0.3119673212207408
2025-07-03 01:00:00,WX-MASTER,0.0,10.124,28.08,WEATHER_STATION,VALID,0.0,0.45628062882589854
2025-07-03 02:00:00,WX-MASTER,0.0,9.304,26.22,WEATHER_STATION,VALID,0.0,0.3161614483770645
2025-07-03 03:00:00,WX-MASTER,0.0,9.449,25.52,WEATHER_STATION,VALID,0.0,0.33848344293700955
2025-07-03 04:00:00,WX-MASTER,0.0,8.235,25.95,WEATHER_STATION,VALID,0.0,0.18105493092592584
2025-07-03 05:00:00,WX-MASTER,0.0,8.993,26.5,WEATHER_STATION,VALID,0.0,0.27163963117207146
2025-07-03 06:00:00,WX-MASTER,0.0,7.241,24.37,WEATHER_STATION,VALID,0.0,0.09626426880565157
2025-07-03 07:00:00,WX-MASTER,0.245,7.156,23.45,WEATHER_STATION,VALID,0.23879858418388597,0.09059138839879284
2025-07-03 08:00:00,WX-MASTER,0.259,7.694,23.43,WEATHER_STATION,VALID,0.2530746614143231,0.1305237536258985
2025-07-03 09:00:00,WX-MASTER,0.6615,5.395,24.94,WEATHER_STATION,VALID,0.6347884816662434,0.017337115891632365
2025-07-03 10:00:00,WX-MASTER,0.4814,7.924,24.39,WEATHER_STATION,VALID,0.47217354161677233,0.1506657132264472
2025-07-03 11:00:00,WX-MASTER,1.0191,3.768,24.71,WEATHER_STATION,VALID,0.9827115145992483,0.0005716681007407404
2025-07-03 12:00:00,WX-MASTER,0.9202,7.339,25.52,WEATHER_STATION,VALID,0.8886830141733154,0.1030930170116324
2025-07-03 13:00:00,WX-MASTER,1.0191,7.4,24.33,WEATHER_STATION,VALID,0.9978670814588686,0.10750244170096024
2025-07-03 14:00:00,WX-MASTER,0.7779,5.779,27.42,WEATHER_STATION,VALID,0.735555041912094,0.02708481910545953
2025-07-03 15:00:00,WX-MASTER,0.7146,5.28,26.81,WEATHER_STATION,VALID,0.7102805416297427,0.014957700740740746
2025-07-03 16:00:00,WX-MASTER,0.5127,6.489,29.18,WEATHER_STATION,VALID,0.498721664255834,0.05359980471259259
2025-07-03 17:00:00,WX-MASTER,0.2319,8.04,28.55,WEATHER_STATION,VALID,0.22939876443024268,0.16156671999999994
2025-07-03 18:00:00,WX-MASTER,0.0,7.887,30.69,WEATHER_STATION,VALID,0.0,0.14729476643999995
2025-07-03 19:00:00,WX-MASTER,0.0,6.246,30.15,WEATHER_STATION,VALID,0.0,0.04316242587259261
2025-07-03 20:00:00,WX-MASTER,0.0,8.089,29.08,WEATHER_STATION,VALID,0.0,0.16632504577706456
2025-07-03 21:00:00,WX-MASTER,0.0,8.543,29.99,WEATHER_STATION,VALID,0.0,0.2149289588017009
2025-07-03 22:00:00,WX-MASTER,0.0,8.711,32.63,WEATHER_STATION,VALID,0.0,0.23506976844515773
2025-07-03 23:00:00,WX-MASTER,0.0,7.324,26.7,WEATHER_STATION,VALID,0.0,0.10202752576965707
2025-07-04 00:00:00,WX-MASTER,0.0,8.917,28.87,WEATHER_STATION,VALID,0.0,0.2614357692674348
2025-07-04 01:00:00,WX-MASTER,0.0,9.969,26.62,WEATHER_STATION,VALID,0.0,0.42714142539407407
2025-07-04 02:00:00,WX-MASTER,0.0,9.469,28.57,WEATHER_STATION,VALID,0.0,0.34164239085360765
2025-07-04 03:00:00,WX-MASTER,0.0,9.232,27.0,WEATHER_STATION,VALID,0.0,0.30545176081558295
2025-07-04 04:00:00,WX-MASTER,0.0,10.697,25.4,WEATHER_STATION,VALID,0.0,0.5754727435434291
2025-07-04 05:00:00,WX-MASTER,0.0,8.591,25.55,WEATHER_STATION,VALID,0.0,0.22056102725009594
2025-07-04 06:00:00,WX-MASTER,0.0,7.05,24.18,WEATHER_STATION,VALID,0.0,0.08383499999999998
2025-07-04 07:00:00,WX-MASTER,0.2624,6.801,23.55,WEATHER_STATION,VALID,0.2595268889879364,0.06930329888740741
2025-07-04 08:00:00,WX-MASTER,0.46,7.859,22.7,WEATHER_STATION,VALID,0.4425205599394894,0.14477747439873798
2025-07-04 09:00:00,WX-MASTER,0.7506,5.51,23.11,WEATHER_STATION,VALID,0.730837936179289,0.019956366145404657
2025-07-04 10:00:00,WX-MASTER,0.8402,6.752,23.33,WEATHER_STATION,VALID,0.8142948357671214,0.06665746420762687
2025-07-04 11:00:00,WX-MASTER,0.7674,7.579,24.46,WEATHER_STATION,VALID,0.7248366695951368,0.12116361703138546
2025-07-04 12:00:00,WX-MASTER,0.9093,8.373,22.9,WEATHER_STATION,VALID,0.9015028203282867,0.19575407915999998
2025-07-04 13:00:00,WX-MASTER,0.7574,4.781,27.25,WEATHER_STATION,VALID,0.7331425198705047,0.007129384825404661
2025-07-04 14:00:00,WX-MASTER,0.8203,6.923,29.26,WEATHER_STATION,VALID,0.8048753029834738,0.07619302626836762
2025-07-04 15:00:00,WX-MASTER,0.5722,6.778,27.31,WEATHER_STATION,VALID,0.5485793374751124,0.06805282523434841
2025-07-04 16:00:00,WX-MASTER,0.545,7.051,30.08,WEATHER_STATION,VALID,0.5273023971805855,0.08389711533459535
2025-07-04 17:00:00,WX-MASTER,0.2951,7.375,29.24,WEATHER_STATION,VALID,0.28240987802879924,0.105680405521262
2025-07-04 18:00:00,WX-MASTER,0.0,7.379,29.23,WEATHER_STATION,VALID,0.0,0.10597053687775032
2025-07-04 19:00:00,WX-MASTER,0.0,9.483,29.85,WEATHER_STATION,VALID,0.0,0.3438653088340742
2025-07-04 20:00:00,WX-MASTER,0.0,9.552,30.53,WEATHER_STATION,VALID,0.0,0.35496208384
2025-07-04 21:00:00,WX-MASTER,0.0,10.971,29.44,WEATHER_STATION,VALID,0.0,0.6391440148725928
2025-07-04 22:00:00,WX-MASTER,0.0,8.394,30.68,WEATHER_STATION,VALID,0.0,0.19805833572740747
2025-07-04 23:00:00,WX-MASTER,0.0,8.055,28.77,WEATHER_STATION,VALID,0.0,0.16301357759259258
2025-07-05 00:00:00,WX-MASTER,0.0,7.438,27.35,WEATHER_STATION,VALID,0.0,0.11031185626644716
2025-07-05 01:00:00,WX-MASTER,0.0,8.083,27.77,WEATHER_STATION,VALID,0.0,0.1657374406639781
2025-07-05 02:00:00,WX-MASTER,0.0,9.681,26.06,WEATHER_STATION,VALID,0.0,0.37634375542074067
2025-07-05 03:00:00,WX-MASTER,0.0,9.808,25.59,WEATHER_STATION,VALID,0.0,0.3982162151207682
2025-07-05 04:00:00,WX-MASTER,0.0,9.422,25.08,WEATHER_STATION,VALID,0.0,0.33424983590145413
2025-07-05 05:00:00,WX-MASTER,0.0,7.492,22.81,WEATHER_STATION,VALID,0.0,0.11438775639089163
2025-07-05 06:00:00,WX-MASTER,0.0,7.27,25.61,WEATHER_STATION,VALID,0.0,0.09825257113854592
2025-07-05 07:00:00,WX-MASTER,0.2841,10.416,24.49,WEATHER_STATION,VALID,0.26920984028133443,0.5147181260800002
2025-07-05 08:00:00,WX-MASTER,0.582,6.53,22.64,WEATHER_STATION,VALID,0.5640759438591509,0.05551168565157751
2025-07-05 09:00:00,WX-MASTER,0.6964,9.203,23.49,WEATHER_STATION,VALID,0.6582159788233498,0.3012074036115775
2025-07-05 10:00:00,WX-MASTER,0.7566,7.664,24.62,WEATHER_STATION,VALID,0.739903663222422,0.1280371281049108
2025-07-05 11:00:00,WX-MASTER,0.8781,6.005,24.67,WEATHER_STATION,VALID,0.8567353347288078,0.034244728552812076
2025-07-05 12:00:00,WX-MASTER,0.7937,5.292,27.4,WEATHER_STATION,VALID,0.7926040807875412,0.015195120165925924
2025-07-05 13:00:00,WX-MASTER,0.9415,5.874,25.7,WEATHER_STATION,VALID,0.9252290905309262,0.029958536260740732
2025-07-05 14:00:00,WX-MASTER,0.8771,7.319,28.32,WEATHER_STATION,VALID,0.8452229285932712,0.10167400035429354
2025-07-05 15:00:00,WX-MASTER,0.7857,5.666,26.2,WEATHER_STATION,VALID,0.7717703650842864,0.023913367287133072
2025-07-05 16:00:00,WX-MASTER,0.481,9.005,27.22,WEATHER_STATION,VALID,0.45648585509898054,0.2732746421330591
2025-07-05 17:00:00,WX-MASTER,0.2753,6.903,31.39,WEATHER_STATION,VALID,0.26306646938309897,0.07503362921925925
2025-07-05 18:00:00,WX-MASTER,0.0,8.312,29.4,WEATHER_STATION,VALID,0.0,0.18916226175824416
2025-07-05 19:00:00,WX-MASTER,0.0,8.461,28.87,WEATHER_STATION,VALID,0.0,0.2055307602284226
2025-07-05 20:00:00,WX-MASTER,0.0,10.025,30.33,WEATHER_STATION,VALID,0.0,0.4375213846021948
2025-07-05 21:00:00,WX-MASTER,0.0,7.598,31.79,WEATHER_STATION,VALID,0.0,0.12267814482392314
2025-07-05 22:00:00,WX-MASTER,0.0,8.528,29.01,WEATHER_STATION,VALID,0.0,0.2131888083893553
2025-07-05 23:00:00,WX-MASTER,0.0,6.749,29.32,WEATHER_STATION,VALID,0.0,0.06649769938145403
2025-07-06 00:00:00,WX-MASTER,0.0,8.812,26.39,WEATHER_STATION,VALID,0.0,0.24776337934397796
2025-07-06 01:00:00,WX-MASTER,0.0,10.222,27.2,WEATHER_STATION,VALID,0.0,0.47537107358595326
2025-07-06 02:00:00,WX-MASTER,0.0,9.02,28.06,WEATHER_STATION,VALID,0.0,0.27532761503429354
2025-07-06 03:00:00,WX-MASTER,0.0,11.668,25.01,WEATHER_STATION,VALID,0.0,0.8218962652145951
2025-07-06 04:00:00,WX-MASTER,0.0,9.201,23.58,WEATHER_STATION,VALID,0.0,0.3009161474800001
2025-07-06 05:00:00,WX-MASTER,0.0,7.635,23.45,WEATHER_STATION,VALID,0.0,0.125663605
2025-07-06 06:00:00,WX-MASTER,0.0,8.701,23.1,WEATHER_STATION,VALID,0.0,0.23383710306299046
2025-07-06 07:00:00,WX-MASTER,0.2606,5.952,24.4,WEATHER_STATION,VALID,0.25436959052864355,0.03246454784000001
2025-07-06 08:00:00,WX-MASTER,0.5818,6.555,23.82,WEATHER_STATION,VALID,0.5694936230995934,0.05669948499999999
2025-07-06 09:00:00,WX-MASTER,0.762,5.761,24.17,WEATHER_STATION,VALID,0.7673629106993989,0.026561923339533618
2025-07-06 10:00:00,WX-MASTER,0.7643,7.141,23.86,WEATHER_STATION,VALID,0.7342419612857157,0.08961402634200276
2025-07-06 11:00:00,WX-MASTER,0.9515,6.861,23.64,WEATHER_STATION,VALID,0.919132901947221,0.07263730187999999
2025-07-06 12:00:00,WX-MASTER,0.9532,8.381,24.18,WEATHER_STATION,VALID,0.9163718046175824,0.19662977178836769
2025-07-06 13:00:00,WX-MASTER,0.8517,6.623,26.47,WEATHER_STATION,VALID,0.8288588585888019,0.06001575876219479
2025-07-06 14:00:00,WX-MASTER,0.8917,5.454,28.77,WEATHER_STATION,VALID,0.8700543017439321,0.018650220645925916
2025-07-06 15:00:00,WX-MASTER,0.7248,8.858,26.64,WEATHER_STATION,VALID,0.7024757086913732,0.2536929514609603
2025-07-06 16:00:00,WX-MASTER,0.5272,3.138,27.39,WEATHER_STATION,VALID,0.519974665350632,3.316634074074067e-06
2025-07-06 17:00:00,WX-MASTER,0.2821,7.205,27.97,WEATHER_STATION,VALID,0.2710262512298617,0.09383358287379973
2025-07-06 18:00:00,WX-MASTER,0.0,7.666,30.89,WEATHER_STATION,VALID,0.0,0.1282019120333608
2025-07-06 19:00:00,WX-MASTER,0.0,7.624,30.19,WEATHER_STATION,VALID,0.0,0.12477103431286694
2025-07-06 20:00:00,WX-MASTER,0.0,8.548,31.03,WEATHER_STATION,VALID,0.0,0.21551110626150893
2025-07-06 21:00:00,WX-MASTER,0.0,8.293,29.63,WEATHER_STATION,VALID,0.0,0.1871397224368175
2025-07-06 22:00:00,WX-MASTER,0.0,9.021,30.63,WEATHER_STATION,VALID,0.0,0.27546484428000007
2025-07-06 23:00:00,WX-MASTER,0.0,7.77,28.99,WEATHER_STATION,VALID,0.0,0.13696683999999995
2025-07-07 00:00:00,WX-MASTER,0.0,6.763,26.73,WEATHER_STATION,VALID,0.0,0.06724545771089163
2025-07-07 01:00:00,WX-MASTER,0.0,8.661,28.84,WEATHER_STATION,VALID,0.0,0.22894953388000003
2025-07-07 02:00:00,WX-MASTER,0.0,7.381,26.79,WEATHER_STATION,VALID,0.0,0.10611580147286696
2025-07-07 03:00:00,WX-MASTER,0.0,7.696,25.55,WEATHER_STATION,VALID,0.0,0.13069066377657065
2025-07-07 04:00:00,WX-MASTER,0.0,10.017,25.42,WEATHER_STATION,VALID,0.0,0.43602835116592586
2025-07-07 05:00:00,WX-MASTER,0.0,10.344,22.62,WEATHER_STATION,VALID,0.0,0.49987141632
2025-07-07 06:00:00,WX-MASTER,0.0,9.575,24.32,WEATHER_STATION,VALID,0.0,0.35871337534293546
2025-07-07 07:00:00,WX-MASTER,0.2415,9.081,22.73,WEATHER_STATION,VALID,0.2323835267997465,0.2837823032725926
2025-07-07 08:00:00,WX-MASTER,0.4886,7.653,23.14,WEATHER_STATION,VALID,0.47949858554806524,0.12713333995999992
2025-07-07 09:00:00,WX-MASTER,0.5345,8.645,24.82,WEATHER_STATION,VALID,0.5215862559731795,0.2270137369478737
2025-07-07 10:00:00,WX-MASTER,0.8455,7.564,24.57,WEATHER_STATION,VALID,0.8228705989388586,0.11997678119681753
2025-07-07 11:00:00,WX-MASTER,0.853,9.453,24.14,WEATHER_STATION,VALID,0.8268736372946544,0.33911366796
2025-07-07 12:00:00,WX-MASTER,0.7788,5.602,24.96,WEATHER_STATION,VALID,0.7604715785825491,0.022232186435336088
2025-07-07 13:00:00,WX-MASTER,1.0067,7.608,22.85,WEATHER_STATION,VALID,0.9799628683823668,0.12348030976000002
2025-07-07 14:00:00,WX-MASTER,0.7083,5.096,25.84,WEATHER_STATION,VALID,0.6876788371167243,0.011620749351330593
2025-07-07 15:00:00,WX-MASTER,0.755,7.694,27.94,WEATHER_STATION,VALID,0.7250904947514408,0.1305237536258985
2025-07-07 16:00:00,WX-MASTER,0.4763,4.713,27.66,WEATHER_STATION,VALID,0.4741121129071276,0.006343550300740743
2025-07-07 17:00:00,WX-MASTER,0.3199,5.559,27.71,WEATHER_STATION,VALID,0.305262559901842,0.021148090327407408
2025-07-07 18:00:00,WX-MASTER,0.0,5.698,30.44,WEATHER_STATION,VALID,0.0,0.024784840878792878
2025-07-07 19:00:00,WX-MASTER,0.0,7.946,31.78,WEATHER_STATION,VALID,0.0,0.15269423310441702
2025-07-07 20:00:00,WX-MASTER,0.0,8.341,29.46,WEATHER_STATION,VALID,0.0,0.19227730792224956
2025-07-07 21:00:00,WX-MASTER,0.0,11.316,31.26,WEATHER_STATION,VALID,0.0,0.7257779020800001
2025-07-07 22:00:00,WX-MASTER,0.0,8.235,30.73,WEATHER_STATION,VALID,0.0,0.18105493092592584
2025-07-07 23:00:00,WX-MASTER,0.0,9.538,28.13,WEATHER_STATION,VALID,0.0,0.35269154436521266
2025-07-08 00:00:00,WX-MASTER,0.0,8.85,27.68,WEATHER_STATION,VALID,0.0,0.2526549999999999
2025-07-08 01:00:00,WX-MASTER,0.0,9.598,29.87,WEATHER_STATION,VALID,0.0,0.36249100364422504
2025-07-08 02:00:00,WX-MASTER,0.0,8.884,25.46,WEATHER_STATION,VALID,0.0,0.2570859195276818
2025-07-08 03:00:00,WX-MASTER,0.0,10.054,25.16,WEATHER_STATION,VALID,0.0,0.442962197512867
2025-07-08 04:00:00,WX-MASTER,0.0,7.12,27.41,WEATHER_STATION,VALID,0.0,0.08825756620027436
2025-07-08 05:00:00,WX-MASTER,0.0,5.118,23.64,WEATHER_STATION,VALID,0.0,0.011990524100740746
2025-07-08 06:00:00,WX-MASTER,0.0,8.614,25.39,WEATHER_STATION,VALID,0.0,0.22329424183879298
2025-07-08 07:00:00,WX-MASTER,0.2303,5.471,22.19,WEATHER_STATION,VALID,0.22714123768257388,0.019040508178491084
2025-07-08 08:00:00,WX-MASTER,0.4564,9.262,23.46,WEATHER_STATION,VALID,0.4337557124136567,0.3098842394921263
2025-07-08 09:00:00,WX-MASTER,0.7189,6.593,24.72,WEATHER_STATION,VALID,0.7059268422814192,0.05853720075231824
2025-07-08 10:00:00,WX-MASTER,0.8116,5.733,23.21,WEATHER_STATION,VALID,0.7787175290087724,0.02576197735259259
2025-07-08 11:00:00,WX-MASTER,0.9084,10.413,24.44,WEATHER_STATION,VALID,0.9029710115952031,0.5140937208192592
2025-07-08 12:00:00,WX-MASTER,1.0304,6.753,25.94,WEATHER_STATION,VALID,1.0,0.06671077596000002
2025-07-08 13:00:00,WX-MASTER,0.786,6.442,24.81,WEATHER_STATION,VALID,0.7505351156023952,0.0514627390081756
2025-07-08 14:00:00,WX-MASTER,0.8029,7.693,29.49,WEATHER_STATION,VALID,0.7677681162824551,0.13044035186891628
2025-07-08 15:00:00,WX-MASTER,0.7092,7.854,28.95,WEATHER_STATION,VALID,0.6943655771331763,0.1443309981274074
2025-07-08 16:00:00,WX-MASTER,0.4759,8.41,28.12,WEATHER_STATION,VALID,0.4597500137139255,0.19982604570644724
2025-07-08 17:00:00,WX-MASTER,0.3197,5.385,28.99,WEATHER_STATION,VALID,0.309296918007579,0.017120854999999994
2025-07-08 18:00:00,WX-MASTER,0.0,8.043,32.12,WEATHER_STATION,VALID,0.0,0.16185540376740734
2025-07-08 19:00:00,WX-MASTER,0.0,7.219,29.75,WEATHER_STATION,VALID,0.0,0.09477392677953363
2025-07-08 20:00:00,WX-MASTER,0.0,6.664,29.73,WEATHER_STATION,VALID,0.0,0.06207642445607681
2025-07-08 21:00:00,WX-MASTER,0.0,8.174,31.56,WEATHER_STATION,VALID,0.0,0.17479925292466383
2025-07-08 22:00:00,WX-MASTER,0.0,5.98,28.15,WEATHER_STATION,VALID,0.0,0.0333971257064472
2025-07-08 23:00:00,WX-MASTER,0.0,9.715,29.18,WEATHER_STATION,VALID,0.0,0.3821187514471879
2025-07-09 00:00:00,WX-MASTER,0.0,8.244,28.62,WEATHER_STATION,VALID,0.0,0.1819903449125926
2025-07-09 01:00:00,WX-MASTER,0.0,8.063,26.83,WEATHER_STATION,VALID,0.0,0.16378875479182445
2025-07-09 02:00:00,WX-MASTER,0.0,8.499,24.89,WEATHER_STATION,VALID,0.0,0.20985120052000011
2025-07-09 03:00:00,WX-MASTER,0.0,8.387,25.95,WEATHER_STATION,VALID,0.0,0.19728825233849115
2025-07-09 04:00:00,WX-MASTER,0.0,9.953,25.84,WEATHER_STATION,VALID,0.0,0.4242061760807131
2025-07-09 05:00:00,WX-MASTER,0.0,6.857,23.48,WEATHER_STATION,VALID,0.0,0.07241177872367628
2025-07-09 06:00:00,WX-MASTER,0.0,7.555,22.32,WEATHER_STATION,VALID,0.0,0.11926841366941013
2025-07-09 07:00:00,WX-MASTER,0.2537,7.517,24.89,WEATHER_STATION,VALID,0.2415706419084635,0.11630826323725657
2025-07-09 08:00:00,WX-MASTER,0.546,6.153,23.9,WEATHER_STATION,VALID,0.5276856833247147,0.03955780736740739
2025-07-09 09:00:00,WX-MASTER,0.6964,7.494,22.95,WEATHER_STATION,VALID,0.6774792747237937,0.11454061306074072
2025-07-09 10:00:00,WX-MASTER,0.585,6.123,24.84,WEATHER_STATION,VALID,0.5612709965477836,0.038439369160000014
2025-07-09 11:00:00,WX-MASTER,1.0169,5.058,24.58,WEATHER_STATION,VALID,1.0,0.011000094352592592
2025-07-09 12:00:00,WX-MASTER,0.9401,7.442,27.17,WEATHER_STATION,VALID,0.9247094367829478,0.11061039969404665
2025-07-09 13:00:00,WX-MASTER,0.8214,8.707,26.66,WEATHER_STATION,VALID,0.8003327327230605,0.23457618379089173
2025-07-09 14:00:00,WX-MASTER,0.9116,6.765,25.1,WEATHER_STATION,VALID,0.908786325350539,0.06735273574074072
2025-07-09 15:00:00,WX-MASTER,0.6442,6.64,26.88,WEATHER_STATION,VALID,0.6103901749131272,0.06086455484224964
2025-07-09 16:00:00,WX-MASTER,0.4766,6.748,27.79,WEATHER_STATION,VALID,0.4622467648163755,0.06644450122447189
2025-07-09 17:00:00,WX-MASTER,0.294,6.428,29.61,WEATHER_STATION,VALID,0.28679554603299917,0.050837330660960224
2025-07-09 18:00:00,WX-MASTER,0.0,8.849,29.44,WEATHER_STATION,VALID,0.0,0.25252545548021954
2025-07-09 19:00:00,WX-MASTER,0.0,7.703,28.8,WEATHER_STATION,VALID,0.0,0.13127596978441702
2025-07-09 20:00:00,WX-MASTER,0.0,5.01,30.98,WEATHER_STATION,VALID,0.0,0.010248220740740737
2025-07-09 21:00:00,WX-MASTER,0.0,9.651,31.35,WEATHER_STATION,VALID,0.0,0.37129674548
2025-07-09 22:00:00,WX-MASTER,0.0,9.556,29.68,WEATHER_STATION,VALID,0.0,0.3556125945222495
2025-07-09 23:00:00,WX-MASTER,0.0,9.279,29.49,WEATHER_STATION,VALID,0.0,0.3124149069792592
2025-07-10 00:00:00,WX-MASTER,0.0,5.021,27.33,WEATHER_STATION,VALID,0.0,0.010417397585898488
2025-07-10 01:00:00,WX-MASTER,0.0,8.661,27.02,WEATHER_STATION,VALID,0.0,0.22894953388000003
2025-07-10 02:00:00,WX-MASTER,0.0,9.821,26.16,WEATHER_STATION,VALID,0.0,0.4005017772402194
2025-07-10 03:00:00,WX-MASTER,0.0,9.08,26.5,WEATHER_STATION,VALID,0.0,0.28364232515775034
2025-07-10 04:00:00,WX-MASTER,0.0,8.717,25.29,WEATHER_STATION,VALID,0.0,0.23581144289157752
2025-07-10 05:00:00,WX-MASTER,0.0,9.426,23.87,WEATHER_STATION,VALID,0.0,0.33487479648
2025-07-10 06:00:00,WX-MASTER,0.0,8.214,23.26,WEATHER_STATION,VALID,0.0,0.1788847751940741
2025-07-10 07:00:00,WX-MASTER,0.2884,9.344,21.0,WEATHER_STATION,VALID,0.2762046830035358,0.32221801802096006
2025-07-10 08:00:00,WX-MASTER,0.55,7.729,25.16,WEATHER_STATION,VALID,0.541708383679925,0.13346526130299044
2025-07-10 09:00:00,WX-MASTER,0.7278,7.375,20.85,WEATHER_STATION,VALID,0.6985692956790954,0.105680405521262
2025-07-10 10:00:00,WX-MASTER,0.8141,8.205,24.21,WEATHER_STATION,VALID,0.7812699669658761,0.17796004240740745
2025-07-10 11:00:00,WX-MASTER,1.0165,6.346,24.31,WEATHER_STATION,VALID,0.9914689820463364,0.0472757153321262
2025-07-10 12:00:00,WX-MASTER,0.9571,5.312,24.67,WEATHER_STATION,VALID,0.953956478640112,0.015596379289108377
2025-07-10 13:00:00,WX-MASTER,0.9427,6.682,25.82,WEATHER_STATION,VALID,0.9373773344901255,0.06299580812422498
2025-07-10 14:00:00,WX-MASTER,0.9156,7.45,25.94,WEATHER_STATION,VALID,0.893072277725949,0.11120910150891634
2025-07-10 15:00:00,WX-MASTER,0.7216,7.959,28.43,WEATHER_STATION,VALID,0.7049568623713959,0.15390141891999995
2025-07-10 16:00:00,WX-MASTER,0.4648,8.101,26.91,WEATHER_STATION,VALID,0.4563743305544954,0.16750441930990403
2025-07-10 17:00:00,WX-MASTER,0.2088,6.99,29.61,WEATHER_STATION,VALID,0.1985991271287432,0.08016392740740742
2025-07-10 18:00:00,WX-MASTER,0.0,7.086,28.96,WEATHER_STATION,VALID,0.0,0.08609053088
2025-07-10 19:00:00,WX-MASTER,0.0,6.792,29.61,WEATHER_STATION,VALID,0.0,0.06881217498074074
2025-07-10 20:00:00,WX-MASTER,0.0,8.148,29.76,WEATHER_STATION,VALID,0.0,0.17217730816
2025-07-10 21:00:00,WX-MASTER,0.0,5.94,29.92,WEATHER_STATION,VALID,0.0,0.032070245925925944
2025-07-10 22:00:00,WX-MASTER,0.0,8.326,30.37,WEATHER_STATION,VALID,0.0,0.19066184238397813
2025-07-10 23:00:00,WX-MASTER,0.0,12.182,29.17,WEATHER_STATION,VALID,0.0,0.92
2025-07-11 00:00:00,WX-MASTER,0.0,6.629,29.58,WEATHER_STATION,VALID,0.0,0.06031442663083673
2025-07-11 01:00:00,WX-MASTER,0.0,8.85,28.87,WEATHER_STATION,VALID,0.0,0.2526549999999999
2025-07-11 02:00:00,WX-MASTER,0.0,9.131,27.08,WEATHER_STATION,VALID,0.0,0.29084007462787387
2025-07-11 03:00:00,WX-MASTER,0.0,9.225,26.62,WEATHER_STATION,VALID,0.0,0.3044236342592592
2025-07-11 04:00:00,WX-MASTER,0.0,7.175,27.39,WEATHER_STATION,VALID,0.0,0.09183954818244168
2025-07-11 05:00:00,WX-MASTER,0.0,8.913,22.54,WEATHER_STATION,VALID,0.0,0.26090592156000003
2025-07-11 06:00:00,WX-MASTER,0.0,7.319,24.97,WEATHER_STATION,VALID,0.0,0.10167400035429354
2025-07-11 07:00:00,WX-MASTER,0.3193,5.905,25.18,WEATHER_STATION,VALID,0.31181723627127483,0.030938461200274363
2025-07-11 08:00:00,WX-MASTER,0.5275,8.737,23.73,WEATHER_STATION,VALID,0.519939542111675,0.23829495543039786
2025-07-11 09:00:00,WX-MASTER,0.6724,8.113,25.61,WEATHER_STATION,VALID,0.6558851129949399,0.16868935482200267
2025-07-11 10:00:00,WX-MASTER,0.8898,5.769,25.8,WEATHER_STATION,VALID,0.8511201570451806,0.02679348257925927
2025-07-11 11:00:00,WX-MASTER,0.984,6.138,23.83,WEATHER_STATION,VALID,0.9184901397726127,0.0389959151525926
2025-07-11 12:00:00,WX-MASTER,0.8898,5.966,24.64,WEATHER_STATION,VALID,0.8567378673207647,0.03292863583034295
2025-07-11 13:00:00,WX-MASTER,0.9319,4.521,26.44,WEATHER_STATION,VALID,0.914579877033529,0.004440664279999999
2025-07-11 14:00:00,WX-MASTER,0.9272,7.654,25.96,WEATHER_STATION,VALID,0.8944731362226411,0.12721532620422493
2025-07-11 15:00:00,WX-MASTER,0.7838,7.776,30.87,WEATHER_STATION,VALID,0.7697054541229164,0.1374843464059259
2025-07-11 16:00:00,WX-MASTER,0.5553,6.439,29.4,WEATHER_STATION,VALID,0.5398798313413279,0.05132829360422497
2025-07-11 17:00:00,WX-MASTER,0.2842,7.024,29.24,WEATHER_STATION,VALID,0.2811650256575277,0.08223074315237312
2025-07-11 18:00:00,WX-MASTER,0.0,7.438,28.05,WEATHER_STATION,VALID,0.0,0.11031185626644716
2025-07-11 19:00:00,WX-MASTER,0.0,7.861,30.39,WEATHER_STATION,VALID,0.0,0.144956322401262
2025-07-11 20:00:00,WX-MASTER,0.0,6.052,28.78,WEATHER_STATION,VALID,0.0,0.035876815472373105
2025-07-11 21:00:00,WX-MASTER,0.0,8.689,31.0,WEATHER_STATION,VALID,0.0,0.23236360212274346
2025-07-11 22:00:00,WX-MASTER,0.0,6.749,26.74,WEATHER_STATION,VALID,0.0,0.06649769938145403
2025-07-11 23:00:00,WX-MASTER,0.0,9.344,30.84,WEATHER_STATION,VALID,0.0,0.32221801802096006
2025-07-12 00:00:00,WX-MASTER,0.0,7.18,27.92,WEATHER_STATION,VALID,0.0,0.09216990595336076
2025-07-12 01:00:00,WX-MASTER,0.0,6.936,25.55,WEATHER_STATION,VALID,0.0,0.07695300228740741
2025-07-12 02:00:00,WX-MASTER,0.0,8.584,26.66,WEATHER_STATION,VALID,0.0,0.21973362876224956
2025-07-12 03:00:00,WX-MASTER,0.0,8.482,25.79,WEATHER_STATION,VALID,0.0,0.20791096427237307
2025-07-12 04:00:00,WX-MASTER,0.0,8.547,24.85,WEATHER_STATION,VALID,0.0,0.2153945927807408
2025-07-12 05:00:00,WX-MASTER,0.0,7.063,25.86,WEATHER_STATION,VALID,0.0,0.08464489410595336
2025-07-12 06:00:00,WX-MASTER,0.0,8.258,24.1,WEATHER_STATION,VALID,0.0,0.18345182830046627
2025-07-12 07:00:00,WX-MASTER,0.3192,8.127,24.25,WEATHER_STATION,VALID,0.31120551141070607,0.17007882676592603
2025-07-12 08:00:00,WX-MASTER,0.3586,8.995,22.88,WEATHER_STATION,VALID,0.35419205614451393,0.2719116788545952
2025-07-12 09:00:00,WX-MASTER,0.6191,7.47,23.81,WEATHER_STATION,VALID,0.6180827474410432,0.11271529925925924
2025-07-12 10:00:00,WX-MASTER,0.9285,6.227,22.08,WEATHER_STATION,VALID,0.9109876305697495,0.042408918294046645
2025-07-12 11:00:00,WX-MASTER,0.9566,5.074,24.51,WEATHER_STATION,VALID,0.9285353490282545,0.011258656140027433
2025-07-12 12:00:00,WX-MASTER,0.8152,4.711,24.02,WEATHER_STATION,VALID,0.7900827687474085,0.006321357142002748
2025-07-12 13:00:00,WX-MASTER,0.8954,7.058,27.35,WEATHER_STATION,VALID,0.8760243931596675,0.08433278197947874
2025-07-12 14:00:00,WX-MASTER,0.8284,7.675,26.77,WEATHER_STATION,VALID,0.8021106492593504,0.12894518947187925
2025-07-12 15:00:00,WX-MASTER,0.757,5.56,28.38,WEATHER_STATION,VALID,0.7364433678663992,0.021172892620027424
2025-07-12 16:00:00,WX-MASTER,0.5803,7.184,28.74,WEATHER_STATION,VALID,0.553682716055391,0.09243476184318246
2025-07-12 17:00:00,WX-MASTER,0.2945,6.814,31.32,WEATHER_STATION,VALID,0.29139475016549965,0.07001681724620029
2025-07-12 18:00:00,WX-MASTER,0.0,8.204,27.84,WEATHER_STATION,VALID,0.0,0.1778574914826887
2025-07-12 19:00:00,WX-MASTER,0.0,8.649,29.92,WEATHER_STATION,VALID,0.0,0.22749665911259254
2025-07-12 20:00:00,WX-MASTER,0.0,4.838,29.02,WEATHER_STATION,VALID,0.0,0.007836043174540466
2025-07-12 21:00:00,WX-MASTER,0.0,9.377,27.6,WEATHER_STATION,VALID,0.0,0.3272725271088615
2025-07-12 22:00:00,WX-MASTER,0.0,8.586,28.48,WEATHER_STATION,VALID,0.0,0.21996981680592598
2025-07-12 23:00:00,WX-MASTER,0.0,7.748,30.56,WEATHER_STATION,VALID,0.0,0.1350804285770096
2025-07-13 00:00:00,WX-MASTER,0.0,7.89,28.36,WEATHER_STATION,VALID,0.0,0.14756619407407406
2025-07-13 01:00:00,WX-MASTER,0.0,8.648,27.29,WEATHER_STATION,VALID,0.0,0.22737586442886143
2025-07-13 02:00:00,WX-MASTER,0.0,7.946,27.57,WEATHER_STATION,VALID,0.0,0.15269423310441702
2025-07-13 03:00:00,WX-MASTER,0.0,7.31,25.88,WEATHER_STATION,VALID,0.0,0.1010397142935528
2025-07-13 04:00:00,WX-MASTER,0.0,7.472,25.63,WEATHER_STATION,VALID,0.0,0.11286666266688619
2025-07-13 05:00:00,WX-MASTER,0.0,6.852,24.56,WEATHER_STATION,VALID,0.0,0.07213053184000003
2025-07-13 06:00:00,WX-MASTER,0.0,9.725,24.27,WEATHER_STATION,VALID,0.0,0.3838284525034294
2025-07-13 07:00:00,WX-MASTER,0.2642,7.794,22.73,WEATHER_STATION,VALID,0.25610787903664134,0.13904468357925923
2025-07-13 08:00:00,WX-MASTER,0.58,10.389,24.4,WEATHER_STATION,VALID,0.5631868547247904,0.5091166481199999
2025-07-13 09:00:00,WX-MASTER,0.6478,7.692,21.81,WEATHER_STATION,VALID,0.6365877990144648,0.1303569856474074
2025-07-13 10:00:00,WX-MASTER,0.8998,7.752,23.51,WEATHER_STATION,VALID,0.8976337585320961,0.13542211584000002
2025-07-13 11:00:00,WX-MASTER,0.8972,5.426,25.49,WEATHER_STATION,VALID,0.8755131285266556,0.018019083119231824
2025-07-13 12:00:00,WX-MASTER,0.9205,6.397,24.71,WEATHER_STATION,VALID,0.8854318730061485,0.04947057288224967
2025-07-13 13:00:00,WX-MASTER,0.8183,6.713,25.22,WEATHER_STATION,VALID,0.8034120679845345,0.06460039101404665
2025-07-13 14:00:00,WX-MASTER,0.8168,5.796,29.39,WEATHER_STATION,VALID,0.7837410079580361,0.02758492453925927
2025-07-13 15:00:00,WX-MASTER,0.6365,6.093,29.25,WEATHER_STATION,VALID,0.6075392102570446,0.03734221361925926
2025-07-13 16:00:00,WX-MASTER,0.2539,7.379,28.57,WEATHER_STATION,VALID,0.2395803870611539,0.10597053687775032
2025-07-13 17:00:00,WX-MASTER,0.2754,7.593,27.96,WEATHER_STATION,VALID,0.2606724546023188,0.12227836843407405
2025-07-13 18:00:00,WX-MASTER,0.0,5.512,27.23,WEATHER_STATION,VALID,0.0,0.020004108627928664
2025-07-13 19:00:00,WX-MASTER,0.0,7.873,30.88,WEATHER_STATION,VALID,0.0,0.14603250437262008
2025-07-13 20:00:00,WX-MASTER,0.0,8.484,31.67,WEATHER_STATION,VALID,0.0,0.20813860399407405
2025-07-13 21:00:00,WX-MASTER,0.0,7.248,30.5,WEATHER_STATION,VALID,0.0,0.09674172416000001
2025-07-13 22:00:00,WX-MASTER,0.0,7.339,27.62,WEATHER_STATION,VALID,0.0,0.1030930170116324
2025-07-13 23:00:00,WX-MASTER,0.0,8.993,29.31,WEATHER_STATION,VALID,0.0,0.27163963117207146
2025-07-14 00:00:00,WX-MASTER,0.0,5.18,27.78,WEATHER_STATION,VALID,0.0,0.013074641207133057
2025-07-14 01:00:00,WX-MASTER,0.0,8.589,27.72,WEATHER_STATION,VALID,0.0,0.22032441612
2025-07-14 02:00:00,WX-MASTER,0.0,10.706,28.95,WEATHER_STATION,VALID,0.0,0.577493782813059
2025-07-14 03:00:00,WX-MASTER,0.0,5.133,26.66,WEATHER_STATION,VALID,0.0,0.012247088759999998
2025-07-14 04:00:00,WX-MASTER,0.0,9.442,25.56,WEATHER_STATION,VALID,0.0,0.33738242888471887
2025-07-14 05:00:00,WX-MASTER,0.0,8.892,24.09,WEATHER_STATION,VALID,0.0,0.25813596283259255
2025-07-14 06:00:00,WX-MASTER,0.0,6.086,24.08,WEATHER_STATION,VALID,0.0,0.03708925109947875
2025-07-14 07:00:00,WX-MASTER,0.2613,8.378,22.37,WEATHER_STATION,VALID,0.2501867269578601,0.19630108167330595
2025-07-14 08:00:00,WX-MASTER,0.5797,8.742,23.78,WEATHER_STATION,VALID,0.5617978554531794,0.23891854624000017
2025-07-14 09:00:00,WX-MASTER,0.7592,5.66,23.0,WEATHER_STATION,VALID,0.7277110853068922,0.023752274787379977
2025-07-14 10:00:00,WX-MASTER,0.4199,6.047,22.6,WEATHER_STATION,VALID,0.40837389814333236,0.035700776457009586
2025-07-14 11:00:00,WX-MASTER,0.9754,6.82,25.12,WEATHER_STATION,VALID,0.9426814316250828,0.07034777854595338
2025-07-14 12:00:00,WX-MASTER,1.0435,7.932,22.19,WEATHER_STATION,VALID,0.9974092112757185,0.15140126464000003
2025-07-14 13:00:00,WX-MASTER,0.8225,5.895,25.06,WEATHER_STATION,VALID,0.8100624964160561,0.03062005759259258
2025-07-14 14:00:00,WX-MASTER,0.5953,6.55,27.35,WEATHER_STATION,VALID,0.5812524720663513,0.0564605829903978
2025-07-14 15:00:00,WX-MASTER,0.6599,5.813,28.99,WEATHER_STATION,VALID,0.635667851026093,0.028091148495528115
2025-07-14 16:00:00,WX-MASTER,0.5443,6.845,28.93,WEATHER_STATION,VALID,0.5291588779825198,0.07173801102194785
2025-07-14 17:00:00,WX-MASTER,0.287,8.362,28.28,WEATHER_STATION,VALID,0.278029144044934,0.1945542525291632
2025-07-14 18:00:00,WX-MASTER,0.0,7.368,29.59,WEATHER_STATION,VALID,0.0,0.10517395076740745
2025-07-14 19:00:00,WX-MASTER,0.0,7.019,30.35,WEATHER_STATION,VALID,0.0,0.08192459773700962
2025-07-14 20:00:00,WX-MASTER,0.0,7.702,31.99,WEATHER_STATION,VALID,0.0,0.13119224786743489
2025-07-14 21:00:00,WX-MASTER,0.0,6.955,31.1,WEATHER_STATION,VALID,0.0,0.07807280132373116
2025-07-14 22:00:00,WX-MASTER,0.0,6.926,30.76,WEATHER_STATION,VALID,0.0,0.07636795916861455
2025-07-14 23:00:00,WX-MASTER,0.0,9.964,29.17,WEATHER_STATION,VALID,0.0,0.4262227102832374
2025-07-15 00:00:00,WX-MASTER,0.0,10.634,27.05,WEATHER_STATION,VALID,0.0,0.5614573426826885
2025-07-15 01:00:00,WX-MASTER,0.0,6.238,25.8,WEATHER_STATION,VALID,0.0,0.04284408105657066
2025-07-15 02:00:00,WX-MASTER,0.0,9.318,26.22,WEATHER_STATION,VALID,0.0,0.31827253535999994
2025-07-15 03:00:00,WX-MASTER,0.0,9.605,26.52,WEATHER_STATION,VALID,0.0,0.3636459581824418
2025-07-15 04:00:00,WX-MASTER,0.0,6.777,24.23,WEATHER_STATION,VALID,0.0,0.06799880076592595
2025-07-15 05:00:00,WX-MASTER,0.0,7.551,24.8,WEATHER_STATION,VALID,0.0,0.1189544807392593
2025-07-15 06:00:00,WX-MASTER,0.0,7.185,22.6,WEATHER_STATION,VALID,0.0,0.09250105499999998
2025-07-15 07:00:00,WX-MASTER,0.2367,10.153,22.44,WEATHER_STATION,VALID,0.22680474945768073,0.4618755513454596
2025-07-15 08:00:00,WX-MASTER,0.5024,9.569,24.78,WEATHER_STATION,VALID,0.4680302830616766,0.35773224220614563
2025-07-15 09:00:00,WX-MASTER,0.6486,5.972,24.12,WEATHER_STATION,VALID,0.6248016439563348,0.03312887698787381
2025-07-15 10:00:00,WX-MASTER,0.9189,5.05,23.19,WEATHER_STATION,VALID,0.8990272057360594,0.01087231138545953
2025-07-15 11:00:00,WX-MASTER,0.9264,7.771,23.11,WEATHER_STATION,VALID,0.9007134798394099,0.1370530007271879
2025-07-15 12:00:00,WX-MASTER,0.9501,7.348,25.97,WEATHER_STATION,VALID,0.9255228979152074,0.10373585845903978
2025-07-15 13:00:00,WX-MASTER,0.8263,8.196,26.73,WEATHER_STATION,VALID,0.8178830190280918,0.17703850202074067
2025-07-15 14:00:00,WX-MASTER,0.8104,5.208,27.35,WEATHER_STATION,VALID,0.7907322918751661,0.01358493316740741
2025-07-15 15:00:00,WX-MASTER,0.7197,7.598,27.28,WEATHER_STATION,VALID,0.7067336645098089,0.12267814482392314
2025-07-15 16:00:00,WX-MASTER,0.5527,5.842,27.02,WEATHER_STATION,VALID,0.5283295550886696,0.028968934366200256
2025-07-15 17:00:00,WX-MASTER,0.2794,7.792,29.04,WEATHER_STATION,VALID,0.26642720504849554,0.13887073278595333
2025-07-15 18:00:00,WX-MASTER,0.0,7.162,31.31,WEATHER_STATION,VALID,0.0,0.09098431435632373
2025-07-15 19:00:00,WX-MASTER,0.0,9.935,28.88,WEATHER_STATION,VALID,0.0,0.4209201294170098
2025-07-15 20:00:00,WX-MASTER,0.0,8.306,30.14,WEATHER_STATION,VALID,0.0,0.1885219989118244
2025-07-15 21:00:00,WX-MASTER,0.0,7.567,31.93,WEATHER_STATION,VALID,0.0,0.1202135254896571
2025-07-15 22:00:00,WX-MASTER,0.0,8.378,29.25,WEATHER_STATION,VALID,0.0,0.19630108167330595
2025-07-15 23:00:00,WX-MASTER,0.0,8.248,28.91,WEATHER_STATION,VALID,0.0,0.18240711653311378
2025-07-16 00:00:00,WX-MASTER,0.0,6.984,26.68,WEATHER_STATION,VALID,0.0,0.07980282917925925
2025-07-16 01:00:00,WX-MASTER,0.0,11.049,28.21,WEATHER_STATION,VALID,0.0,0.6580911965940741
2025-07-16 02:00:00,WX-MASTER,0.0,10.619,25.67,WEATHER_STATION,VALID,0.0,0.5581542291444169
2025-07-16 03:00:00,WX-MASTER,0.0,8.239,23.78,WEATHER_STATION,VALID,0.0,0.18147027375237326
2025-07-16 04:00:00,WX-MASTER,0.0,9.242,23.66,WEATHER_STATION,VALID,0.0,0.3069245247310839
2025-07-16 05:00:00,WX-MASTER,0.0,10.811,24.33,WEATHER_STATION,VALID,0.0,0.6014232489883677
2025-07-16 06:00:00,WX-MASTER,0.0,9.523,21.63,WEATHER_STATION,VALID,0.0,0.35026959047138545
2025-07-16 07:00:00,WX-MASTER,0.2651,7.262,21.51,WEATHER_STATION,VALID,0.25419198169935975,0.09770136585700959
2025-07-16 08:00:00,WX-MASTER,0.2433,7.286,23.73,WEATHER_STATION,VALID,0.23555930679661097,0.09936119342046636
2025-07-16 09:00:00,WX-MASTER,0.6267,4.917,23.09,WEATHER_STATION,VALID,0.6112925908746873,0.008890509239999997
2025-07-16 10:00:00,WX-MASTER,0.7691,7.934,22.43,WEATHER_STATION,VALID,0.7542893921511953,0.15158552579379977
2025-07-16 11:00:00,WX-MASTER,1.0134,8.362,23.69,WEATHER_STATION,VALID,0.9815707503450944,0.1945542525291632
2025-07-16 12:00:00,WX-MASTER,1.0094,8.245,26.89,WEATHER_STATION,VALID,0.9954570131427478,0.18209447823731134
2025-07-16 13:00:00,WX-MASTER,0.863,7.47,27.19,WEATHER_STATION,VALID,0.8372134216038133,0.11271529925925924
2025-07-16 14:00:00,WX-MASTER,0.846,7.022,26.43,WEATHER_STATION,VALID,0.8306812299339893,0.08210819362984911
2025-07-16 15:00:00,WX-MASTER,0.7039,5.34,28.44,WEATHER_STATION,VALID,0.6776108954556115,0.01616992
2025-07-16 16:00:00,WX-MASTER,0.3491,7.188,28.45,WEATHER_STATION,VALID,0.3291353810184633,0.09270012463407407
2025-07-16 17:00:00,WX-MASTER,0.2546,6.14,26.9,WEATHER_STATION,VALID,0.24798686297524272,0.039070524663923176
2025-07-16 18:00:00,WX-MASTER,0.0,7.873,27.24,WEATHER_STATION,VALID,0.0,0.14603250437262008
2025-07-16 19:00:00,WX-MASTER,0.0,6.451,28.84,WEATHER_STATION,VALID,0.0,0.051867483433360756
2025-07-16 20:00:00,WX-MASTER,0.0,8.379,28.16,WEATHER_STATION,VALID,0.0,0.1964106043125925
2025-07-16 21:00:00,WX-MASTER,0.0,9.675,30.26,WEATHER_STATION,VALID,0.0,0.3753307175925927
2025-07-16 22:00:00,WX-MASTER,0.0,8.669,28.93,WEATHER_STATION,VALID,0.0,0.22992154546540475
2025-07-16 23:00:00,WX-MASTER,0.0,8.786,29.54,WEATHER_STATION,VALID,0.0,0.2444531213217009
2025-07-17 00:00:00,WX-MASTER,0.0,9.651,28.8,WEATHER_STATION,VALID,0.0,0.37129674548
2025-07-17 01:00:00,WX-MASTER,0.0,10.828,28.26,WEATHER_STATION,VALID,0.0,0.6053586465676817
2025-07-17 02:00:00,WX-MASTER,0.0,8.381,25.41,WEATHER_STATION,VALID,0.0,0.19662977178836769
2025-07-17 03:00:00,WX-MASTER,0.0,9.125,26.24,WEATHER_STATION,VALID,0.0,0.28998703275034293
2025-07-17 04:00:00,WX-MASTER,0.0,10.277,23.63,WEATHER_STATION,VALID,0.0,0.4863147296273798
2025-07-17 05:00:00,WX-MASTER,0.0,8.993,24.9,WEATHER_STATION,VALID,0.0,0.27163963117207146
2025-07-17 06:00:00,WX-MASTER,0.0,5.291,24.96,WEATHER_STATION,VALID,0.0,0.015175239941454052
2025-07-17 07:00:00,WX-MASTER,0.2818,6.711,24.01,WEATHER_STATION,VALID,0.2718326946639986,0.06449605662074076
2025-07-17 08:00:00,WX-MASTER,0.4695,8.356,22.81,WEATHER_STATION,VALID,0.4574388786476647,0.19390187294200278
2025-07-17 09:00:00,WX-MASTER,0.759,6.609,23.82,WEATHER_STATION,VALID,0.7379923097039038,0.05932270492000002
2025-07-17 10:00:00,WX-MASTER,0.8919,8.779,21.65,WEATHER_STATION,VALID,0.8284108049074002,0.24356696379681755
2025-07-17 11:00:00,WX-MASTER,0.8924,9.141,21.94,WEATHER_STATION,VALID,0.8534939397123492,0.2922655258207408
2025-07-17 12:00:00,WX-MASTER,0.8958,5.833,25.34,WEATHER_STATION,VALID,0.8682427740059027,0.028694589923237326
2025-07-17 13:00:00,WX-MASTER,0.8862,5.196,27.19,WEATHER_STATION,VALID,0.8548735636420971,0.013364641279999995
2025-07-17 14:00:00,WX-MASTER,0.8109,6.074,25.05,WEATHER_STATION,VALID,0.7895786320473147,0.03665826349256516
2025-07-17 15:00:00,WX-MASTER,0.6862,6.072,27.45,WEATHER_STATION,VALID,0.677239761447173,0.03658675844740741
2025-07-17 16:00:00,WX-MASTER,0.5022,8.749,28.8,WEATHER_STATION,VALID,0.4847118709342019,0.23979339968323746
2025-07-17 17:00:00,WX-MASTER,0.2896,5.595,28.26,WEATHER_STATION,VALID,0.27631754756564225,0.022053239074074076
2025-07-17 18:00:00,WX-MASTER,0.0,8.135,29.15,WEATHER_STATION,VALID,0.0,0.17087622571330582
2025-07-17 19:00:00,WX-MASTER,0.0,9.228,30.64,WEATHER_STATION,VALID,0.0,0.30486397695999995
2025-07-17 20:00:00,WX-MASTER,0.0,8.749,30.16,WEATHER_STATION,VALID,0.0,0.23979339968323746
2025-07-17 21:00:00,WX-MASTER,0.0,8.502,30.04,WEATHER_STATION,VALID,0.0,0.2101948432474075
2025-07-17 22:00:00,WX-MASTER,0.0,7.947,28.38,WEATHER_STATION,VALID,0.0,0.15278686863259258
2025-07-17 23:00:00,WX-MASTER,0.0,10.742,28.96,WEATHER_STATION,VALID,0.0,0.5856252585582444
2025-07-18 00:00:00,WX-MASTER,0.0,8.125,27.77,WEATHER_STATION,VALID,0.0,0.1698798653978052
2025-07-18 01:00:00,WX-MASTER,0.0,9.739,26.99,WEATHER_STATION,VALID,0.0,0.3862305905424967
2025-07-18 02:00:00,WX-MASTER,0.0,8.294,25.85,WEATHER_STATION,VALID,0.0,0.18724581071231833
2025-07-18 03:00:00,WX-MASTER,0.0,6.033,25.56,WEATHER_STATION,VALID,0.0,0.03521093276000001
2025-07-18 04:00:00,WX-MASTER,0.0,7.941,23.7,WEATHER_STATION,VALID,0.0,0.15223161707999994
2025-07-18 05:00:00,WX-MASTER,0.0,7.9,24.04,WEATHER_STATION,VALID,0.0,0.14847336076817566
2025-07-18 06:00:00,WX-MASTER,0.0,7.688,23.03,WEATHER_STATION,VALID,0.0,0.1300238759646639
2025-07-18 07:00:00,WX-MASTER,0.2652,6.762,22.0,WEATHER_STATION,VALID,0.2567986357134265,0.06719186143999997
2025-07-18 08:00:00,WX-MASTER,0.5222,8.173,20.66,WEATHER_STATION,VALID,0.5057132061419767,0.17469792002694107
2025-07-18 09:00:00,WX-MASTER,0.7808,8.067,24.25,WEATHER_STATION,VALID,0.7564580950945912,0.16417726324000004
2025-07-18 10:00:00,WX-MASTER,0.8462,6.488,24.36,WEATHER_STATION,VALID,0.8184277274044472,0.053553730384417034
2025-07-18 11:00:00,WX-MASTER,1.0122,6.297,23.05,WEATHER_STATION,VALID,0.9856669379434563,0.04522901611407406
2025-07-18 12:00:00,WX-MASTER,1.0411,5.214,25.56,WEATHER_STATION,VALID,1.0,0.01369598112000001
2025-07-18 13:00:00,WX-MASTER,0.932,6.848,24.36,WEATHER_STATION,VALID,0.8868409631365719,0.0719060593918244
2025-07-18 14:00:00,WX-MASTER,0.7325,8.315,26.13,WEATHER_STATION,VALID,0.6989808304071758,0.18948293608367622
2025-07-18 15:00:00,WX-MASTER,0.7704,8.389,26.77,WEATHER_STATION,VALID,0.7270821256512884,0.1975080720980521
2025-07-18 16:00:00,WX-MASTER,0.4298,5.953,27.91,WEATHER_STATION,VALID,0.42249166404010546,0.03249755144422497
2025-07-18 17:00:00,WX-MASTER,0.3181,9.509,29.75,WEATHER_STATION,VALID,0.3097514175934583,0.34801912731231827
2025-07-18 18:00:00,WX-MASTER,0.0,6.678,29.04,WEATHER_STATION,VALID,0.0,0.0627907215525926
2025-07-18 19:00:00,WX-MASTER,0.0,6.082,29.47,WEATHER_STATION,VALID,0.0,0.036945215334101514
2025-07-18 20:00:00,WX-MASTER,0.0,5.893,30.89,WEATHER_STATION,VALID,0.0,0.030556640165212614
2025-07-18 21:00:00,WX-MASTER,0.0,6.515,29.95,WEATHER_STATION,VALID,0.0,0.05480703237997256
2025-07-18 22:00:00,WX-MASTER,0.0,8.572,28.82,WEATHER_STATION,VALID,0.0,0.21832005007978048
2025-07-18 23:00:00,WX-MASTER,0.0,7.983,29.26,WEATHER_STATION,VALID,0.0,0.15614675401925926
2025-07-19 00:00:00,WX-MASTER,0.0,7.601,29.41,WEATHER_STATION,VALID,0.0,0.12291842839083679
2025-07-19 01:00:00,WX-MASTER,0.0,7.383,28.64,WEATHER_STATION,VALID,0.0,0.10626119876
2025-07-19 02:00:00,WX-MASTER,0.0,7.067,24.88,WEATHER_STATION,VALID,0.0,0.08489513753355282
2025-07-19 03:00:00,WX-MASTER,0.0,7.249,24.03,WEATHER_STATION,VALID,0.0,0.09681006067089162
2025-07-19 04:00:00,WX-MASTER,0.0,9.591,25.91,WEATHER_STATION,VALID,0.0,0.361338497154074
2025-07-19 05:00:00,WX-MASTER,0.0,10.427,23.65,WEATHER_STATION,VALID,0.0,0.5170119374545404
2025-07-19 06:00:00,WX-MASTER,0.0,10.278,20.79,WEATHER_STATION,VALID,0.0,0.48651524421925946
2025-07-19 07:00:00,WX-MASTER,0.2911,8.493,22.21,WEATHER_STATION,VALID,0.28397391582435333,0.2091650391007408
2025-07-19 08:00:00,WX-MASTER,0.5157,6.699,22.44,WEATHER_STATION,VALID,0.4925770761085509,0.06387240851999999
2025-07-19 09:00:00,WX-MASTER,0.5755,6.22,22.71,WEATHER_STATION,VALID,0.5673833230453884,0.04213353657064471
2025-07-19 10:00:00,WX-MASTER,0.703,7.848,24.35,WEATHER_STATION,VALID,0.6661124264473213,0.14379643941925924
2025-07-19 11:00:00,WX-MASTER,0.8971,6.364,22.88,WEATHER_STATION,VALID,0.8917291761017607,0.048042794431385455
2025-07-19 12:00:00,WX-MASTER,1.0404,7.094,25.84,WEATHER_STATION,VALID,1.0,0.08659719283577504
2025-07-19 13:00:00,WX-MASTER,0.9517,9.007,25.9,WEATHER_STATION,VALID,0.8853157337505448,0.2735477801859533
2025-07-19 14:00:00,WX-MASTER,0.6671,6.785,24.92,WEATHER_STATION,VALID,0.6436797257600639,0.06843179793552813
2025-07-19 15:00:00,WX-MASTER,0.46,9.537,26.99,WEATHER_STATION,VALID,0.45071223996436827,0.35252973451407416
2025-07-19 16:00:00,WX-MASTER,0.5523,5.246,28.81,WEATHER_STATION,VALID,0.5337673757238021,0.014298469548861464
2025-07-19 17:00:00,WX-MASTER,0.2787,7.481,28.99,WEATHER_STATION,VALID,0.2733280817928586,0.11354947504762689
2025-07-19 18:00:00,WX-MASTER,0.0,7.537,29.95,WEATHER_STATION,VALID,0.0,0.1178600542945953
2025-07-19 19:00:00,WX-MASTER,0.0,6.103,29.14,WEATHER_STATION,VALID,0.0,0.037705580012126184
2025-07-19 20:00:00,WX-MASTER,0.0,8.685,30.63,WEATHER_STATION,VALID,0.0,0.2318738142592593
2025-07-19 21:00:00,WX-MASTER,0.0,9.884,29.37,WEATHER_STATION,VALID,0.0,0.4117019120654048
2025-07-19 22:00:00,WX-MASTER,0.0,10.98,32.55,WEATHER_STATION,VALID,0.0,0.6413114192592594
2025-07-19 23:00:00,WX-MASTER,0.0,8.832,27.36,WEATHER_STATION,VALID,0.0,0.2503299686400002
2025-07-20 00:00:00,WX-MASTER,0.0,5.932,31.42,WEATHER_STATION,VALID,0.0,0.031809159729163254
2025-07-20 01:00:00,WX-MASTER,0.0,9.084,26.2,WEATHER_STATION,VALID,0.0,0.28420251391999996
2025-07-20 02:00:00,WX-MASTER,0.0,9.423,27.96,WEATHER_STATION,VALID,0.0,0.33440600308592594
2025-07-20 03:00:00,WX-MASTER,0.0,8.08,26.52,WEATHER_STATION,VALID,0.0,0.1654441578052126
2025-07-20 04:00:00,WX-MASTER,0.0,8.53,23.59,WEATHER_STATION,VALID,0.0,0.21342028373113847
2025-07-20 05:00:00,WX-MASTER,0.0,7.433,24.68,WEATHER_STATION,VALID,0.0,0.10993943302886144
2025-07-20 06:00:00,WX-MASTER,0.0,7.659,22.81,WEATHER_STATION,VALID,0.0,0.12762578617925924
2025-07-20 07:00:00,WX-MASTER,0.2631,8.902,23.39,WEATHER_STATION,VALID,0.25749308831265866,0.2594525327069409
2025-07-20 08:00:00,WX-MASTER,0.4804,9.124,23.11,WEATHER_STATION,VALID,0.4535530754500077,0.28984502147336083
2025-07-20 09:00:00,WX-MASTER,0.6858,5.415,22.64,WEATHER_STATION,VALID,0.6332284092741173,0.01777508574074074
2025-07-20 10:00:00,WX-MASTER,0.8245,6.18,22.89,WEATHER_STATION,VALID,0.8088310403114817,0.04058276740740739
2025-07-20 11:00:00,WX-MASTER,0.8581,4.599,24.37,WEATHER_STATION,VALID,0.8311185881544896,0.005159477112592596
2025-07-20 12:00:00,WX-MASTER,0.9192,8.928,23.6,WEATHER_STATION,VALID,0.907359775187609,0.2628965482192594
2025-07-20 13:00:00,WX-MASTER,0.3405,7.608,24.49,WEATHER_STATION,VALID,0.3257867332199663,0.12348030976000002
2025-07-20 14:00:00,WX-MASTER,0.834,3.881,27.58,WEATHER_STATION,VALID,0.8133611583482101,0.0008629547513305891
2025-07-20 15:00:00,WX-MASTER,0.5156,6.471,27.86,WEATHER_STATION,VALID,0.5066763055630574,0.05277450153925926
2025-07-20 16:00:00,WX-MASTER,0.5776,6.322,26.62,WEATHER_STATION,VALID,0.556395175038579,0.04626570489459533
2025-07-20 17:00:00,WX-MASTER,0.2769,5.896,27.71,WEATHER_STATION,VALID,0.26682325358404524,0.030651799183978055
2025-07-20 18:00:00,WX-MASTER,0.0,8.455,26.9,WEATHER_STATION,VALID,0.0,0.20485405441015095
2025-07-20 19:00:00,WX-MASTER,0.0,8.679,30.91,WEATHER_STATION,VALID,0.0,0.23114042372
2025-07-20 20:00:00,WX-MASTER,0.0,7.973,30.76,WEATHER_STATION,VALID,0.0,0.1552085625399726
2025-07-20 21:00:00,WX-MASTER,0.0,7.039,28.51,WEATHER_STATION,VALID,0.0,0.08315375365360765
2025-07-20 22:00:00,WX-MASTER,0.0,7.273,30.25,WEATHER_STATION,VALID,0.0,0.09845980639731136
2025-07-20 23:00:00,WX-MASTER,0.0,8.334,31.29,WEATHER_STATION,VALID,0.0,0.19152229317925928
2025-07-21 01:00:00,WX-MASTER,0.0,8.436,26.57,WEATHER_STATION,VALID,0.0,0.20272095488
2025-07-21 02:00:00,WX-MASTER,0.0,9.163,24.53,WEATHER_STATION,VALID,0.0,0.29541789701953364
2025-07-21 03:00:00,WX-MASTER,0.0,6.371,26.64,WEATHER_STATION,VALID,0.0,0.04834332936367628
2025-07-21 04:00:00,WX-MASTER,0.0,7.243,24.54,WEATHER_STATION,VALID,0.0,0.09640052394299044
2025-07-21 05:00:00,WX-MASTER,0.0,7.997,23.45,WEATHER_STATION,VALID,0.0,0.15746656265454043
2025-07-21 06:00:00,WX-MASTER,0.0,9.847,23.65,WEATHER_STATION,VALID,0.0,0.40509910401805216
2025-07-21 07:00:00,WX-MASTER,0.2223,8.657,22.36,WEATHER_STATION,VALID,0.21557286667062353,0.22846455709404664
2025-07-21 08:00:00,WX-MASTER,0.4515,7.292,22.43,WEATHER_STATION,VALID,0.4376857102876527,0.09977906705207132
2025-07-21 09:00:00,WX-MASTER,0.63,7.569,23.36,WEATHER_STATION,VALID,0.6127520426403467,0.12037152791259263
2025-07-21 10:00:00,WX-MASTER,0.676,6.691,22.64,WEATHER_STATION,VALID,0.6318150771658686,0.06345888463829903
2025-07-21 11:00:00,WX-MASTER,0.5148,8.043,23.37,WEATHER_STATION,VALID,0.5138801268427147,0.16185540376740734
2025-07-21 12:00:00,WX-MASTER,0.3468,7.081,24.47,WEATHER_STATION,VALID,0.3356298061929932,0.08577487292965709
2025-07-21 13:00:00,WX-MASTER,0.7968,8.118,25.61,WEATHER_STATION,VALID,0.7798356015476303,0.16918472261925926
2025-07-21 14:00:00,WX-MASTER,0.9236,4.699,27.13,WEATHER_STATION,VALID,0.8767997840143876,0.006189284349903977
2025-07-21 15:00:00,WX-MASTER,0.7202,5.486,28.01,WEATHER_STATION,VALID,0.6935057841777242,0.019389368827873794
2025-07-21 16:00:00,WX-MASTER,0.5216,7.026,26.36,WEATHER_STATION,VALID,0.500691800661909,0.08235341455407406
2025-07-21 17:00:00,WX-MASTER,0.2509,7.5,30.57,WEATHER_STATION,VALID,0.2489043053877279,0.115
2025-07-21 18:00:00,WX-MASTER,0.0,10.207,29.51,WEATHER_STATION,VALID,0.0,0.47241520280323746
2025-07-21 19:00:00,WX-MASTER,0.0,4.99,29.39,WEATHER_STATION,VALID,0.0,0.009945337558299044
2025-07-21 20:00:00,WX-MASTER,0.0,7.559,28.82,WEATHER_STATION,VALID,0.0,0.11958289844812071
2025-07-21 21:00:00,WX-MASTER,0.0,7.751,32.17,WEATHER_STATION,VALID,0.0,0.1353366400698492
2025-07-21 22:00:00,WX-MASTER,0.0,8.384,32.27,WEATHER_STATION,VALID,0.0,0.19695882860861455
2025-07-21 23:00:00,WX-MASTER,0.0,10.509,31.12,WEATHER_STATION,VALID,0.0,0.5343263749940742
2025-07-22 00:00:00,WX-MASTER,0.0,9.499,28.27,WEATHER_STATION,VALID,0.0,0.3464175691894102
2025-07-22 01:00:00,WX-MASTER,0.0,6.337,27.7,WEATHER_STATION,VALID,0.0,0.04689525686249657
2025-07-22 02:00:00,WX-MASTER,0.0,10.41,28.17,WEATHER_STATION,VALID,0.0,0.5134698207407408
2025-07-22 03:00:00,WX-MASTER,0.0,10.301,25.18,WEATHER_STATION,VALID,0.0,0.4911423052797258
2025-07-22 04:00:00,WX-MASTER,0.0,8.55,25.28,WEATHER_STATION,VALID,0.0,0.2157442592592593
2025-07-22 05:00:00,WX-MASTER,0.0,5.916,24.18,WEATHER_STATION,VALID,0.0,0.03129124608000002
2025-07-22 06:00:00,WX-MASTER,0.0,7.593,25.65,WEATHER_STATION,VALID,0.0,0.12227836843407405
2025-07-22 07:00:00,WX-MASTER,0.3173,8.146,24.72,WEATHER_STATION,VALID,0.29819196642799745,0.17197671325805217
2025-07-22 08:00:00,WX-MASTER,0.4304,8.572,22.71,WEATHER_STATION,VALID,0.4109158647993558,0.21832005007978048
2025-07-22 09:00:00,WX-MASTER,0.642,4.724,24.83,WEATHER_STATION,VALID,0.6343000484511353,0.006466541714787384
2025-07-22 10:00:00,WX-MASTER,0.771,5.802,23.34,WEATHER_STATION,VALID,0.752537496032801,0.027762891247407398
2025-07-22 11:00:00,WX-MASTER,0.4589,8.049,23.25,WEATHER_STATION,VALID,0.44642343372139953,0.16243380251999995
2025-07-22 12:00:00,WX-MASTER,0.7618,8.448,24.29,WEATHER_STATION,VALID,0.7274872494373986,0.2040664435674075
2025-07-22 13:00:00,WX-MASTER,0.9513,6.994,25.65,WEATHER_STATION,VALID,0.9008418356769113,0.08040526370545953
2025-07-22 14:00:00,WX-MASTER,0.876,7.933,25.44,WEATHER_STATION,VALID,0.8347514891674795,0.15149337654052125
2025-07-22 15:00:00,WX-MASTER,0.7274,7.105,26.66,WEATHER_STATION,VALID,0.7051065375787376,0.0872970932990398
2025-07-22 16:00:00,WX-MASTER,0.4631,7.9,26.4,WEATHER_STATION,VALID,0.4552377900003713,0.14847336076817566
2025-07-22 17:00:00,WX-MASTER,0.2836,7.026,27.87,WEATHER_STATION,VALID,0.27893067099249363,0.08235341455407406
2025-07-22 18:00:00,WX-MASTER,0.0,7.69,29.69,WEATHER_STATION,VALID,0.0,0.13019035978052135
2025-07-22 19:00:00,WX-MASTER,0.0,5.731,31.01,WEATHER_STATION,VALID,0.0,0.025705461151879275
2025-07-22 20:00:00,WX-MASTER,0.0,8.519,30.97,WEATHER_STATION,VALID,0.0,0.212149240453059
2025-07-22 21:00:00,WX-MASTER,0.0,6.203,30.27,WEATHER_STATION,VALID,0.0,0.04146972114244172
2025-07-22 22:00:00,WX-MASTER,0.0,8.992,27.57,WEATHER_STATION,VALID,0.0,0.2715036754032375
2025-07-22 23:00:00,WX-MASTER,0.0,7.664,27.82,WEATHER_STATION,VALID,0.0,0.1280371281049108
2025-07-23 00:00:00,WX-MASTER,0.0,8.82,27.86,WEATHER_STATION,VALID,0.0,0.24878789925925932
2025-07-23 01:00:00,WX-MASTER,0.0,7.162,28.41,WEATHER_STATION,VALID,0.0,0.09098431435632373
2025-07-23 02:00:00,WX-MASTER,0.0,7.741,25.68,WEATHER_STATION,VALID,0.0,0.1344838597247188
2025-07-23 03:00:00,WX-MASTER,0.0,8.801,23.98,WEATHER_STATION,VALID,0.0,0.24635926256367627
2025-07-23 04:00:00,WX-MASTER,0.0,9.168,26.34,WEATHER_STATION,VALID,0.0,0.2961374921007406
2025-07-23 05:00:00,WX-MASTER,0.0,9.42,22.99,WEATHER_STATION,VALID,0.0,0.33393764740740745
2025-07-23 06:00:00,WX-MASTER,0.0,6.274,21.96,WEATHER_STATION,VALID,0.0,0.04428904586842249
2025-07-23 07:00:00,WX-MASTER,0.2476,5.564,23.24,WEATHER_STATION,VALID,0.23424461510922248,0.021272295709849117
2025-07-23 08:00:00,WX-MASTER,0.4808,5.987,22.79,WEATHER_STATION,VALID,0.4706692030671579,0.03363302784466393
2025-07-23 09:00:00,WX-MASTER,0.7094,5.619,22.37,WEATHER_STATION,VALID,0.6952079629732224,0.022670797319999995
2025-07-23 10:00:00,WX-MASTER,0.7617,8.818,23.32,WEATHER_STATION,VALID,0.7446574422759926,0.2485315050170644
2025-07-23 11:00:00,WX-MASTER,0.8667,8.343,22.76,WEATHER_STATION,VALID,0.8293837070473788,0.19249339028592594
2025-07-23 12:00:00,WX-MASTER,0.9626,5.179,23.99,WEATHER_STATION,VALID,0.9349711293081778,0.013056656833854602
2025-07-23 13:00:00,WX-MASTER,0.86,8.636,25.4,WEATHER_STATION,VALID,0.8225972209095588,0.22592966186491073
2025-07-23 14:00:00,WX-MASTER,0.8367,8.083,23.91,WEATHER_STATION,VALID,0.807424745608987,0.1657374406639781
2025-07-23 15:00:00,WX-MASTER,0.7782,4.373,28.4,WEATHER_STATION,VALID,0.7799914311138656,0.00326641913256516
2025-07-23 16:00:00,WX-MASTER,0.5011,5.288,26.45,WEATHER_STATION,VALID,0.4867862943057022,0.015115703322688618
2025-07-23 17:00:00,WX-MASTER,0.3164,4.659,27.7,WEATHER_STATION,VALID,0.3012719988703649,0.005762347660740739
2025-07-23 18:00:00,WX-MASTER,0.0,6.932,30.58,WEATHER_STATION,VALID,0.0,0.07671862782244174
2025-07-23 19:00:00,WX-MASTER,0.0,7.321,30.41,WEATHER_STATION,VALID,0.0,0.10181531235681755
2025-07-23 20:00:00,WX-MASTER,0.0,7.579,29.95,WEATHER_STATION,VALID,0.0,0.12116361703138546
2025-07-23 21:00:00,WX-MASTER,0.0,5.175,27.68,WEATHER_STATION,VALID,0.0,0.012984884259259257
2025-07-23 22:00:00,WX-MASTER,0.0,6.178,28.65,WEATHER_STATION,VALID,0.0,0.04050624429607682
2025-07-23 23:00:00,WX-MASTER,0.0,8.552,28.56,WEATHER_STATION,VALID,0.0,0.21597758035577497
2025-07-24 00:00:00,WX-MASTER,0.0,9.127,27.9,WEATHER_STATION,VALID,0.0,0.29027119444768185
2025-07-24 01:00:00,WX-MASTER,0.0,5.754,28.6,WEATHER_STATION,VALID,0.0,0.026360406719999983
2025-07-24 02:00:00,WX-MASTER,0.0,6.709,28.71,WEATHER_STATION,VALID,0.0,0.06439183462644718
2025-07-24 03:00:00,WX-MASTER,0.0,9.63,26.15,WEATHER_STATION,VALID,0.0,0.3677908192592595
2025-07-24 04:00:00,WX-MASTER,0.0,6.574,23.93,WEATHER_STATION,VALID,0.0,0.05761345811533607
2025-07-24 05:00:00,WX-MASTER,0.0,7.958,25.3,WEATHER_STATION,VALID,0.0,0.15380833338688615
2025-07-24 06:00:00,WX-MASTER,0.0,6.033,22.58,WEATHER_STATION,VALID,0.0,0.03521093276000001
2025-07-24 07:00:00,WX-MASTER,0.2861,8.575,19.79,WEATHER_STATION,VALID,0.2794110908289923,0.2186728746570644
2025-07-24 08:00:00,WX-MASTER,0.576,4.611,21.32,WEATHER_STATION,VALID,0.5557066040344206,0.005276511879999997
2025-07-24 09:00:00,WX-MASTER,0.7776,6.587,20.09,WEATHER_STATION,VALID,0.7569087590472859,0.05824443396812071
2025-07-24 10:00:00,WX-MASTER,0.8852,7.982,22.83,WEATHER_STATION,VALID,0.8797922484390277,0.1560527652051578
2025-07-24 11:00:00,WX-MASTER,0.8004,7.372,23.63,WEATHER_STATION,VALID,0.7743246632593621,0.10546315486990397
2025-07-24 12:00:00,WX-MASTER,0.8677,5.85,22.66,WEATHER_STATION,VALID,0.8570186712624004,0.029214259259259256
2025-07-24 13:00:00,WX-MASTER,0.8837,5.483,24.39,WEATHER_STATION,VALID,0.8646037299271927,0.019319258683182437
2025-07-24 14:00:00,WX-MASTER,0.7482,6.095,24.61,WEATHER_STATION,VALID,0.7092871431070981,0.0374146992935528
2025-07-24 15:00:00,WX-MASTER,0.7258,4.794,27.07,WEATHER_STATION,VALID,0.692027034162408,0.007286645060740735
2025-07-24 16:00:00,WX-MASTER,0.5298,6.476,27.05,WEATHER_STATION,VALID,0.5072814135172435,0.05300289635379974
2025-07-24 17:00:00,WX-MASTER,0.2478,6.687,30.01,WEATHER_STATION,VALID,0.23718857861376083,0.06325279369925926
2025-07-24 18:00:00,WX-MASTER,0.0,6.48,29.55,WEATHER_STATION,VALID,0.0,0.05318608592592595
2025-07-24 19:00:00,WX-MASTER,0.0,8.577,31.63,WEATHER_STATION,VALID,0.0,0.2189083020992593
2025-07-24 20:00:00,WX-MASTER,0.0,6.146,29.27,WEATHER_STATION,VALID,0.0,0.03929492406737998
2025-07-24 21:00:00,WX-MASTER,0.0,5.573,32.27,WEATHER_STATION,VALID,0.0,0.02149708915725652
2025-07-24 22:00:00,WX-MASTER,0.0,7.329,29.35,WEATHER_STATION,VALID,0.0,0.10238186971999999
2025-07-24 23:00:00,WX-MASTER,0.0,8.353,28.16,WEATHER_STATION,VALID,0.0,0.19357623075286692
2025-07-25 00:00:00,WX-MASTER,0.0,8.158,30.93,WEATHER_STATION,VALID,0.0,0.17318262272570636
2025-07-25 01:00:00,WX-MASTER,0.0,8.162,25.0,WEATHER_STATION,VALID,0.0,0.17358584170886152
2025-07-25 02:00:00,WX-MASTER,0.0,6.888,25.63,WEATHER_STATION,VALID,0.0,0.07417184255999999
2025-07-25 03:00:00,WX-MASTER,0.0,7.002,23.39,WEATHER_STATION,VALID,0.0,0.0808893884325926
2025-07-25 04:00:00,WX-MASTER,0.0,7.509,22.34,WEATHER_STATION,VALID,0.0,0.11569138091999999
2025-07-25 05:00:00,WX-MASTER,0.0,7.218,21.34,WEATHER_STATION,VALID,0.0,0.0947065519525926
2025-07-25 06:00:00,WX-MASTER,0.0,9.154,24.0,WEATHER_STATION,VALID,0.0,0.29412556521657074
2025-07-25 07:00:00,WX-MASTER,0.2901,7.816,21.32,WEATHER_STATION,VALID,0.2791647033488704,0.1409677388975583
2025-07-25 08:00:00,WX-MASTER,0.5756,6.52,22.49,WEATHER_STATION,VALID,0.5575131116637793,0.05504125015089162
2025-07-25 09:00:00,WX-MASTER,0.7664,8.385,23.98,WEATHER_STATION,VALID,0.7344939197023769,0.19706859574074068
2025-07-25 10:00:00,WX-MASTER,0.8756,7.318,23.82,WEATHER_STATION,VALID,0.8559051010711546,0.1016033934121262
2025-07-25 11:00:00,WX-MASTER,0.8047,4.793,24.31,WEATHER_STATION,VALID,0.7848670682644581,0.007274466826392321
2025-07-25 12:00:00,WX-MASTER,1.036,2.218,26.0,WEATHER_STATION,VALID,0.98800769689593,0.0
2025-07-25 13:00:00,WX-MASTER,0.9436,4.646,27.32,WEATHER_STATION,VALID,0.9322317437005465,0.005627944314293552
2025-07-25 14:00:00,WX-MASTER,0.7818,7.149,24.79,WEATHER_STATION,VALID,0.7595457932845765,0.09013440652000002
2025-07-25 15:00:00,WX-MASTER,0.6388,7.608,27.78,WEATHER_STATION,VALID,0.6030680402719157,0.12348030976000002
2025-07-25 16:00:00,WX-MASTER,0.5239,4.426,27.71,WEATHER_STATION,VALID,0.5077795221476961,0.0036594757666941033
2025-07-25 17:00:00,WX-MASTER,0.23,7.629,28.59,WEATHER_STATION,VALID,0.22407016227293403,0.12517622246074073
2025-07-25 18:00:00,WX-MASTER,0.0,7.809,27.51,WEATHER_STATION,VALID,0.0,0.14035394699407408
2025-07-25 19:00:00,WX-MASTER,0.0,9.069,29.03,WEATHER_STATION,VALID,0.0,0.28210560272740753
2025-07-25 20:00:00,WX-MASTER,0.0,8.752,29.28,WEATHER_STATION,VALID,0.0,0.24016898969459544
2025-07-25 21:00:00,WX-MASTER,0.0,9.525,31.39,WEATHER_STATION,VALID,0.0,0.35059187500000016
2025-07-25 22:00:00,WX-MASTER,0.0,8.625,27.94,WEATHER_STATION,VALID,0.0,0.224609375
2025-07-25 23:00:00,WX-MASTER,0.0,0.0,25.9,WEATHER_STATION,VALID,0.0,0.0
2025-07-26 00:00:00,WX-MASTER,0.0,7.836,28.01,WEATHER_STATION,VALID,0.0,0.14273128495407408
2025-07-26 01:00:00,WX-MASTER,0.0,9.403,25.66,WEATHER_STATION,VALID,0.0,0.33129188998743503
2025-07-26 02:00:00,WX-MASTER,0.0,6.599,26.1,WEATHER_STATION,VALID,0.0,0.05883094696170097
2025-07-26 03:00:00,WX-MASTER,0.0,8.078,26.15,WEATHER_STATION,VALID,0.0,0.1652488282412071
2025-07-26 04:00:00,WX-MASTER,0.0,8.824,24.39,WEATHER_STATION,VALID,0.0,0.2493012166338546
2025-07-26 05:00:00,WX-MASTER,0.0,9.765,23.27,WEATHER_STATION,VALID,0.0,0.3907182542592594
2025-07-26 06:00:00,WX-MASTER,0.0,7.084,23.04,WEATHER_STATION,VALID,0.0,0.08596417493508914
2025-07-26 07:00:00,WX-MASTER,0.2552,8.708,23.9,WEATHER_STATION,VALID,0.2541719092589518,0.23469951511528123
2025-07-26 08:00:00,WX-MASTER,0.5051,6.934,21.38,WEATHER_STATION,VALID,0.49401028780112594,0.07683575547829904
2025-07-26 09:00:00,WX-MASTER,0.553,8.223,23.76,WEATHER_STATION,VALID,0.5332094673645966,0.17981270590074078
2025-07-26 10:00:00,WX-MASTER,0.9134,5.675,22.03,WEATHER_STATION,VALID,0.8768420326573121,0.02415636917009602
2025-07-26 11:00:00,WX-MASTER,1.0065,7.48,24.51,WEATHER_STATION,VALID,0.9801817931414054,0.11347347138545956
2025-07-26 12:00:00,WX-MASTER,0.9248,6.287,22.66,WEATHER_STATION,VALID,0.873875068375121,0.04481871609157751
2025-07-26 13:00:00,WX-MASTER,0.6877,4.808,26.01,WEATHER_STATION,VALID,0.6742864796719024,0.007458570127626884
2025-07-26 14:00:00,WX-MASTER,0.8684,6.155,26.14,WEATHER_STATION,VALID,0.8299267865677955,0.03963313163923183
2025-07-26 15:00:00,WX-MASTER,0.6208,8.146,27.28,WEATHER_STATION,VALID,0.6056271027093717,0.17197671325805217
2025-07-26 16:00:00,WX-MASTER,0.4731,5.238,29.16,WEATHER_STATION,VALID,0.4552053212759378,0.014146224485925934
2025-07-26 17:00:00,WX-MASTER,0.299,4.822,27.75,WEATHER_STATION,VALID,0.28884408207342965,0.0076331784748422515
2025-07-26 18:00:00,WX-MASTER,0.0,7.499,29.26,WEATHER_STATION,VALID,0.0,0.11492335036910833
2025-07-26 19:00:00,WX-MASTER,0.0,5.053,30.01,WEATHER_STATION,VALID,0.0,0.01092011337015089
2025-07-26 20:00:00,WX-MASTER,0.0,9.527,29.4,WEATHER_STATION,VALID,0.0,0.350914357158244
2025-07-26 21:00:00,WX-MASTER,0.0,9.745,30.5,WEATHER_STATION,VALID,0.0,0.38726313873113843
2025-07-26 22:00:00,WX-MASTER,0.0,9.319,29.69,WEATHER_STATION,VALID,0.0,0.3184236858412622
2025-07-26 23:00:00,WX-MASTER,0.0,8.135,28.04,WEATHER_STATION,VALID,0.0,0.17087622571330582
2025-07-27 00:00:00,WX-MASTER,0.0,10.417,29.5,WEATHER_STATION,VALID,0.0,0.5149263734649657
2025-07-27 01:00:00,WX-MASTER,0.0,10.064,27.82,WEATHER_STATION,VALID,0.0,0.44484874608021946
2025-07-27 02:00:00,WX-MASTER,0.0,7.617,25.22,WEATHER_STATION,VALID,0.0,0.12420524124000001
2025-07-27 03:00:00,WX-MASTER,0.0,10.107,24.31,WEATHER_STATION,VALID,0.0,0.4530219502325925
2025-07-27 04:00:00,WX-MASTER,0.0,6.916,24.22,WEATHER_STATION,VALID,0.0,0.07578588882348426
2025-07-27 05:00:00,WX-MASTER,0.0,7.656,24.3,WEATHER_STATION,VALID,0.0,0.12737940442074072
2025-07-27 06:00:00,WX-MASTER,0.0,5.352,20.55,WEATHER_STATION,VALID,0.0,0.01641996591407408
2025-07-27 07:00:00,WX-MASTER,0.2613,7.62,21.89,WEATHER_STATION,VALID,0.25377488384721014,0.12444751407407406
2025-07-27 08:00:00,WX-MASTER,0.5171,6.786,22.04,WEATHER_STATION,VALID,0.4851043589661897,0.06848605147259258
2025-07-27 09:00:00,WX-MASTER,0.2955,6.33,21.13,WEATHER_STATION,VALID,0.2893339072147277,0.04660076
2025-07-27 10:00:00,WX-MASTER,0.913,6.48,21.98,WEATHER_STATION,VALID,0.8732284988695883,0.05318608592592595
2025-07-27 11:00:00,WX-MASTER,0.8225,5.761,23.92,WEATHER_STATION,VALID,0.7896409262634647,0.026561923339533618
2025-07-27 12:00:00,WX-MASTER,0.974,6.443,23.9,WEATHER_STATION,VALID,0.9539342810548465,0.05150760625849107
2025-07-27 13:00:00,WX-MASTER,0.9095,7.996,24.84,WEATHER_STATION,VALID,0.8856877546573073,0.1573720449123731
2025-07-27 14:00:00,WX-MASTER,0.6645,4.952,24.58,WEATHER_STATION,VALID,0.6396997757818125,0.009386414726145403
2025-07-27 15:00:00,WX-MASTER,0.7758,7.527,26.88,WEATHER_STATION,VALID,0.7449665392534145,0.11708244484000002
2025-07-27 16:00:00,WX-MASTER,0.4302,6.821,26.18,WEATHER_STATION,VALID,0.41810602006434,0.07040303995626886
2025-07-27 17:00:00,WX-MASTER,0.2926,7.216,30.46,WEATHER_STATION,VALID,0.2820248556900232,0.09457189810743484
2025-07-27 18:00:00,WX-MASTER,0.0,6.919,31.36,WEATHER_STATION,VALID,0.0,0.07596019823632372
2025-07-27 19:00:00,WX-MASTER,0.0,6.28,29.05,WEATHER_STATION,VALID,0.0,0.04453298743484226
2025-07-27 20:00:00,WX-MASTER,0.0,8.052,28.39,WEATHER_STATION,VALID,0.0,0.162723517914074
2025-07-27 21:00:00,WX-MASTER,0.0,8.398,30.64,WEATHER_STATION,VALID,0.0,0.19849928176768175
2025-07-27 22:00:00,WX-MASTER,0.0,6.907,29.98,WEATHER_STATION,VALID,0.0,0.07526456097607682
2025-07-27 23:00:00,WX-MASTER,0.0,6.388,30.96,WEATHER_STATION,VALID,0.0,0.04907841221706446
2025-07-28 00:00:00,WX-MASTER,0.0,8.342,30.53,WEATHER_STATION,VALID,0.0,0.1923853288792319
2025-07-28 01:00:00,WX-MASTER,0.0,9.275,24.68,WEATHER_STATION,VALID,0.0,0.31181822102194795
2025-07-28 02:00:00,WX-MASTER,0.0,9.594,27.6,WEATHER_STATION,VALID,0.0,0.3618321289125925
2025-07-28 03:00:00,WX-MASTER,0.0,9.779,25.03,WEATHER_STATION,VALID,0.0,0.3931490230012072
2025-07-28 04:00:00,WX-MASTER,0.0,8.562,25.12,WEATHER_STATION,VALID,0.0,0.2171467094399999
2025-07-28 05:00:00,WX-MASTER,0.0,7.548,24.67,WEATHER_STATION,VALID,0.0,0.11871939290074073
2025-07-28 06:00:00,WX-MASTER,0.0,7.659,24.06,WEATHER_STATION,VALID,0.0,0.12762578617925924
2025-07-28 07:00:00,WX-MASTER,0.2529,5.792,24.03,WEATHER_STATION,VALID,0.24753820009667454,0.027466703595281194
2025-07-28 08:00:00,WX-MASTER,0.4945,6.26,22.03,WEATHER_STATION,VALID,0.4811174828921107,0.04372331676268862
2025-07-28 09:00:00,WX-MASTER,0.6645,6.827,21.68,WEATHER_STATION,VALID,0.6275052312778612,0.07073521626935529
2025-07-28 10:00:00,WX-MASTER,0.4637,6.327,24.6,WEATHER_STATION,VALID,0.4630082077466719,0.04647492543259259
2025-07-28 11:00:00,WX-MASTER,0.931,6.613,22.69,WEATHER_STATION,VALID,0.8829775053480906,0.05952017284669412
2025-07-28 12:00:00,WX-MASTER,0.9385,4.58,26.69,WEATHER_STATION,VALID,0.91625047285094,0.004977732565157752
2025-07-28 13:00:00,WX-MASTER,0.7378,4.808,24.38,WEATHER_STATION,VALID,0.7199816867024365,0.007458570127626884
2025-07-28 14:00:00,WX-MASTER,0.6692,7.319,25.75,WEATHER_STATION,VALID,0.6518908420210193,0.10167400035429354
2025-07-28 15:00:00,WX-MASTER,0.7179,5.301,26.88,WEATHER_STATION,VALID,0.6910371488444427,0.015374824072592599
2025-07-28 16:00:00,WX-MASTER,0.464,5.641,26.11,WEATHER_STATION,VALID,0.4558376784519379,0.023246924366694104
2025-07-28 17:00:00,WX-MASTER,0.2888,6.832,26.84,WEATHER_STATION,VALID,0.2733764881028785,0.07101282669212619
2025-07-28 18:00:00,WX-MASTER,0.0,5.726,30.33,WEATHER_STATION,VALID,0.0,0.02556453240318244
2025-07-28 19:00:00,WX-MASTER,0.0,8.629,27.52,WEATHER_STATION,VALID,0.0,0.2250888824881755
2025-07-28 20:00:00,WX-MASTER,0.0,5.818,32.73,WEATHER_STATION,VALID,0.0,0.02824120773311384
2025-07-28 21:00:00,WX-MASTER,0.0,7.704,29.47,WEATHER_STATION,VALID,0.0,0.13135972731259257
2025-07-28 22:00:00,WX-MASTER,0.0,6.952,28.0,WEATHER_STATION,VALID,0.0,0.0778952735464472
2025-07-28 23:00:00,WX-MASTER,0.0,8.309,29.19,WEATHER_STATION,VALID,0.0,0.18884194943577495
2025-07-29 00:00:00,WX-MASTER,0.0,7.563,24.98,WEATHER_STATION,VALID,0.0,0.11989793556
2025-07-29 01:00:00,WX-MASTER,0.0,8.241,26.68,WEATHER_STATION,VALID,0.0,0.181678183154074
2025-07-29 02:00:00,WX-MASTER,0.0,9.854,25.93,WEATHER_STATION,VALID,0.0,0.40634282847034275
2025-07-29 03:00:00,WX-MASTER,0.0,7.299,23.75,WEATHER_STATION,VALID,0.0,0.1002680651125926
2025-07-29 04:00:00,WX-MASTER,0.0,7.153,23.67,WEATHER_STATION,VALID,0.0,0.09039535035780517
2025-07-29 05:00:00,WX-MASTER,0.0,7.458,25.54,WEATHER_STATION,VALID,0.0,0.11180995983407409
2025-07-29 06:00:00,WX-MASTER,0.0,9.556,23.37,WEATHER_STATION,VALID,0.0,0.3556125945222495
2025-07-29 07:00:00,WX-MASTER,0.2481,7.27,23.28,WEATHER_STATION,VALID,0.24153023578754323,0.09825257113854592
2025-07-29 08:00:00,WX-MASTER,0.4848,8.73,21.74,WEATHER_STATION,VALID,0.4586887953941848,0.23742375259259269
2025-07-29 09:00:00,WX-MASTER,0.4924,6.645,21.21,WEATHER_STATION,VALID,0.4654298289991621,0.061115714999999994
2025-07-29 10:00:00,WX-MASTER,0.8025,8.198,22.86,WEATHER_STATION,VALID,0.7835371391054642,0.17724301316960225
2025-07-29 11:00:00,WX-MASTER,0.873,7.001,20.76,WEATHER_STATION,VALID,0.8361338242149355,0.08082876685997259
2025-07-29 12:00:00,WX-MASTER,0.9958,7.066,23.11,WEATHER_STATION,VALID,0.9704375887337335,0.08483253050249658
2025-07-29 13:00:00,WX-MASTER,0.7089,4.417,23.77,WEATHER_STATION,VALID,0.695937035935824,0.0035906233415089143
2025-07-29 14:00:00,WX-MASTER,0.9146,4.23,23.73,WEATHER_STATION,VALID,0.869725798023633,0.0023484192592592617
2025-07-29 15:00:00,WX-MASTER,0.7465,7.754,27.86,WEATHER_STATION,VALID,0.7082993115918832,0.1355931753345404
2025-07-29 16:00:00,WX-MASTER,0.5737,7.873,27.77,WEATHER_STATION,VALID,0.5708983218428527,0.14603250437262008
2025-07-29 17:00:00,WX-MASTER,0.2779,9.834,27.91,WEATHER_STATION,VALID,0.271028522808779,0.402796067994074
2025-07-29 18:00:00,WX-MASTER,0.0,4.983,30.02,WEATHER_STATION,VALID,0.0,0.009840755500740735
2025-07-29 19:00:00,WX-MASTER,0.0,7.8,27.59,WEATHER_STATION,VALID,0.0,0.13956740740740742
2025-07-29 20:00:00,WX-MASTER,0.0,6.099,28.07,WEATHER_STATION,VALID,0.0,0.03755995192740742
2025-07-29 21:00:00,WX-MASTER,0.0,6.718,30.9,WEATHER_STATION,VALID,0.0,0.06486171914052125
2025-07-29 22:00:00,WX-MASTER,0.0,7.251,31.95,WEATHER_STATION,VALID,0.0,0.09694683022074077
2025-07-29 23:00:00,WX-MASTER,0.0,8.581,29.48,WEATHER_STATION,VALID,0.0,0.21937966379385454
2025-07-30 00:00:00,WX-MASTER,0.0,7.324,28.47,WEATHER_STATION,VALID,0.0,0.10202752576965707
2025-07-30 01:00:00,WX-MASTER,0.0,8.293,26.36,WEATHER_STATION,VALID,0.0,0.1871397224368175
2025-07-30 02:00:00,WX-MASTER,0.0,9.326,25.48,WEATHER_STATION,VALID,0.0,0.31948307936614545
2025-07-30 03:00:00,WX-MASTER,0.0,9.637,25.52,WEATHER_STATION,VALID,0.0,0.3689569979489164
2025-07-30 04:00:00,WX-MASTER,0.0,8.936,26.05,WEATHER_STATION,VALID,0.0,0.2639623437414541
2025-07-30 05:00:00,WX-MASTER,0.0,8.434,24.19,WEATHER_STATION,VALID,0.0,0.2024972833795336
2025-07-30 06:00:00,WX-MASTER,0.0,7.434,24.27,WEATHER_STATION,VALID,0.0,0.11001385051259262
2025-07-30 07:00:00,WX-MASTER,0.2477,6.625,21.67,WEATHER_STATION,VALID,0.24333333167479895,0.06011520490397806
2025-07-30 08:00:00,WX-MASTER,0.5075,7.804,23.39,WEATHER_STATION,VALID,0.4779155037357265,0.13991661677212622
2025-07-30 09:00:00,WX-MASTER,0.7605,5.487,21.97,WEATHER_STATION,VALID,0.7509389905115509,0.01941277651407407
2025-07-30 10:00:00,WX-MASTER,0.8489,6.785,23.29,WEATHER_STATION,VALID,0.8338821011228527,0.06843179793552813
2025-07-30 11:00:00,WX-MASTER,0.9026,5.051,24.42,WEATHER_STATION,VALID,0.8924734178089162,0.010888229847626892
2025-07-30 12:00:00,WX-MASTER,1.0215,6.27,23.76,WEATHER_STATION,VALID,0.9900471767161766,0.04412691407407406
2025-07-30 13:00:00,WX-MASTER,0.8187,4.892,24.03,WEATHER_STATION,VALID,0.8065901600711989,0.008547196632318248
2025-07-30 14:00:00,WX-MASTER,0.815,5.747,26.59,WEATHER_STATION,VALID,0.772564041673263,0.026159911913799728
2025-07-30 15:00:00,WX-MASTER,0.6841,5.462,26.9,WEATHER_STATION,VALID,0.6708939375903463,0.0188332141533059
2025-07-30 16:00:00,WX-MASTER,0.4928,5.44,28.07,WEATHER_STATION,VALID,0.4723155648625572,0.018332841262002752
2025-07-30 17:00:00,WX-MASTER,0.2675,6.551,29.42,WEATHER_STATION,VALID,0.252848750147403,0.056508309600713305
2025-07-30 18:00:00,WX-MASTER,0.0,3.742,30.75,WEATHER_STATION,VALID,0.0,0.0005155514526200276
2025-07-30 19:00:00,WX-MASTER,0.0,4.804,30.33,WEATHER_STATION,VALID,0.0,0.007409175784471883
2025-07-30 20:00:00,WX-MASTER,0.0,8.453,30.29,WEATHER_STATION,VALID,0.0,0.2046288163276268
2025-07-30 21:00:00,WX-MASTER,0.0,7.85,28.93,WEATHER_STATION,VALID,0.0,0.14397447873799724
2025-07-30 22:00:00,WX-MASTER,0.0,6.941,28.77,WEATHER_STATION,VALID,0.0,0.07724664100318243
2025-07-30 23:00:00,WX-MASTER,0.0,9.328,29.17,WEATHER_STATION,VALID,0.0,0.3197861942220026
2025-07-31 00:00:00,WX-MASTER,0.0,7.335,27.44,WEATHER_STATION,VALID,0.0,0.10280816425925927
2025-07-31 01:00:00,WX-MASTER,0.0,7.474,27.57,WEATHER_STATION,VALID,0.0,0.1130181615227435
2025-07-31 02:00:00,WX-MASTER,0.0,7.204,25.15,WEATHER_STATION,VALID,0.0,0.09376665450052125
2025-07-31 03:00:00,WX-MASTER,0.0,10.628,27.53,WEATHER_STATION,VALID,0.0,0.5601345379696023
2025-07-31 04:00:00,WX-MASTER,0.0,8.319,24.61,WEATHER_STATION,VALID,0.0,0.18991106532000007
2025-07-31 05:00:00,WX-MASTER,0.0,8.079,23.8,WEATHER_STATION,VALID,0.0,0.1653464737940741
2025-07-31 06:00:00,WX-MASTER,0.0,8.202,22.51,WEATHER_STATION,VALID,0.0,0.17765250783999997
2025-07-31 07:00:00,WX-MASTER,0.2775,4.934,25.04,WEATHER_STATION,VALID,0.2737335788634637,0.009129136657997259
2025-07-31 08:00:00,WX-MASTER,0.5727,6.309,21.12,WEATHER_STATION,VALID,0.5492418144817839,0.04572467217925927
2025-07-31 09:00:00,WX-MASTER,0.6644,7.422,21.9,WEATHER_STATION,VALID,0.6447787244193917,0.10912305444740737
2025-07-31 10:00:00,WX-MASTER,0.9163,6.602,24.12,WEATHER_STATION,VALID,0.8885656793909902,0.05897818786194789
2025-07-31 11:00:00,WX-MASTER,0.8914,9.294,23.94,WEATHER_STATION,VALID,0.8610108986605904,0.3146592583940741
2025-07-31 12:00:00,WX-MASTER,0.9538,5.606,23.68,WEATHER_STATION,VALID,0.9196090525481032,0.022334875356268862
2025-07-31 13:00:00,WX-MASTER,0.8944,7.466,24.56,WEATHER_STATION,VALID,0.868545600278707,0.11241297854639232
2025-07-31 14:00:00,WX-MASTER,0.8856,7.293,25.78,WEATHER_STATION,VALID,0.8594890691766718,0.09984882636000002
2025-07-31 15:00:00,WX-MASTER,0.6343,6.504,27.15,WEATHER_STATION,VALID,0.6052957351951052,0.054294094127407405
2025-07-31 16:00:00,WX-MASTER,0.4536,6.876,29.74,WEATHER_STATION,VALID,0.4454474193709626,0.07348718373925928
2025-07-31 17:00:00,WX-MASTER,0.2598,6.265,29.33,WEATHER_STATION,VALID,0.24820102684533485,0.04392480638545953
2025-07-31 18:00:00,WX-MASTER,0.0,4.306,30.38,WEATHER_STATION,VALID,0.0,0.00281118760866941
2025-07-31 19:00:00,WX-MASTER,0.0,7.579,28.98,WEATHER_STATION,VALID,0.0,0.12116361703138546
2025-07-31 20:00:00,WX-MASTER,0.0,7.943,30.24,WEATHER_STATION,VALID,0.0,0.15241655119676265
2025-07-31 21:00:00,WX-MASTER,0.0,8.398,27.64,WEATHER_STATION,VALID,0.0,0.19849928176768175
2025-07-31 22:00:00,WX-MASTER,0.0,7.942,29.37,WEATHER_STATION,VALID,0.0,0.15232406542792867
2025-07-31 23:00:00,WX-MASTER,0.0,9.302,28.74,WEATHER_STATION,VALID,0.0,0.3158606287508367
2025-08-01 00:00:00,WX-MASTER,0.0,7.018,30.03,WEATHER_STATION,VALID,0.0,0.08186345998002743
2025-08-01 01:00:00,WX-MASTER,0.0,10.115,28.87,WEATHER_STATION,VALID,0.0,0.45455350645404663
2025-08-01 02:00:00,WX-MASTER,0.0,6.916,25.79,WEATHER_STATION,VALID,0.0,0.07578588882348426
2025-08-01 03:00:00,WX-MASTER,0.0,7.987,24.21,WEATHER_STATION,VALID,0.0,0.1565230866649657
2025-08-01 04:00:00,WX-MASTER,0.0,8.877,23.4,WEATHER_STATION,VALID,0.0,0.25616947084
2025-08-01 05:00:00,WX-MASTER,0.0,7.133,23.27,WEATHER_STATION,VALID,0.0,0.08909565293009601
2025-08-01 06:00:00,WX-MASTER,0.0,8.548,24.63,WEATHER_STATION,VALID,0.0,0.21551110626150893
2025-08-01 07:00:00,WX-MASTER,0.2712,6.875,23.21,WEATHER_STATION,VALID,0.2647539238016339,0.07343031978737999
2025-08-01 08:00:00,WX-MASTER,0.5654,7.213,23.22,WEATHER_STATION,VALID,0.5490313187967979,0.0943701567479287
2025-08-01 09:00:00,WX-MASTER,0.7724,6.573,23.69,WEATHER_STATION,VALID,0.7590512089423131,0.05756511116000001
2025-08-01 10:00:00,WX-MASTER,0.7283,5.836,21.87,WEATHER_STATION,VALID,0.6989619098953868,0.02878584473459534
2025-08-01 11:00:00,WX-MASTER,0.7894,9.332,22.77,WEATHER_STATION,VALID,0.7540658814389297,0.3203929989829356
2025-08-01 12:00:00,WX-MASTER,0.8261,5.188,24.97,WEATHER_STATION,VALID,0.793404083136943,0.013219111081262
2025-08-01 13:00:00,WX-MASTER,1.0013,3.246,24.26,WEATHER_STATION,VALID,0.9727585999971997,1.8787354074074075e-05
2025-08-01 14:00:00,WX-MASTER,0.9018,5.179,24.27,WEATHER_STATION,VALID,0.8717589842878607,0.013056656833854602
2025-08-01 15:00:00,WX-MASTER,0.6742,6.467,25.7,WEATHER_STATION,VALID,0.661157009825753,0.052592258817503415
2025-08-01 16:00:00,WX-MASTER,0.5088,5.942,29.11,WEATHER_STATION,VALID,0.5034937123330379,0.03213573994096022
2025-08-01 17:00:00,WX-MASTER,0.2543,7.945,28.12,WEATHER_STATION,VALID,0.24294866466261708,0.1526016350274349
2025-08-01 18:00:00,WX-MASTER,0.0,8.126,29.4,WEATHER_STATION,VALID,0.0,0.16997932667478732
2025-08-01 19:00:00,WX-MASTER,0.0,6.689,28.24,WEATHER_STATION,VALID,0.0,0.06335578330244171
2025-08-01 20:00:00,WX-MASTER,0.0,5.177,30.05,WEATHER_STATION,VALID,0.0,0.01302073757799725
2025-08-01 21:00:00,WX-MASTER,0.0,5.946,29.15,WEATHER_STATION,VALID,0.0,0.03226699535407407
2025-08-01 22:00:00,WX-MASTER,0.0,7.796,29.66,WEATHER_STATION,VALID,0.0,0.1392187795735529
2025-08-01 23:00:00,WX-MASTER,0.0,5.984,28.0,WEATHER_STATION,VALID,0.0,0.03353179137404664
2025-08-02 00:00:00,WX-MASTER,0.0,7.643,28.43,WEATHER_STATION,VALID,0.0,0.1263154140609602
2025-08-02 01:00:00,WX-MASTER,0.0,10.031,26.34,WEATHER_STATION,VALID,0.0,0.4386433935908368
2025-08-02 02:00:00,WX-MASTER,0.0,8.624,25.97,WEATHER_STATION,VALID,0.0,0.2244896046283677
2025-08-02 03:00:00,WX-MASTER,0.0,8.164,24.84,WEATHER_STATION,VALID,0.0,0.17378768569064468
2025-08-02 04:00:00,WX-MASTER,0.0,6.616,24.35,WEATHER_STATION,VALID,0.0,0.059668561021015074
2025-08-02 05:00:00,WX-MASTER,0.0,8.017,23.93,WEATHER_STATION,VALID,0.0,0.15936487341558297
2025-08-02 06:00:00,WX-MASTER,0.0,7.216,22.45,WEATHER_STATION,VALID,0.0,0.09457189810743484
2025-08-02 07:00:00,WX-MASTER,0.2981,7.609,22.55,WEATHER_STATION,VALID,0.2852321137529889,0.12356071803385456
2025-08-02 08:00:00,WX-MASTER,0.5156,7.983,22.79,WEATHER_STATION,VALID,0.5125543443035675,0.15614675401925926
2025-08-02 09:00:00,WX-MASTER,0.579,7.954,23.3,WEATHER_STATION,VALID,0.5706828559284027,0.15343636659928667
2025-08-02 10:00:00,WX-MASTER,0.7815,6.731,22.95,WEATHER_STATION,VALID,0.7564662751559139,0.06554446850441702
2025-08-02 11:00:00,WX-MASTER,0.8782,7.049,22.53,WEATHER_STATION,VALID,0.8523356004591527,0.08377291533207137
2025-08-02 12:00:00,WX-MASTER,0.5154,5.592,24.42,WEATHER_STATION,VALID,0.4936253012258731,0.021976842239999995
2025-08-02 13:00:00,WX-MASTER,1.0004,7.668,25.97,WEATHER_STATION,VALID,0.9837437475290942,0.12836683728592596
2025-08-02 14:00:00,WX-MASTER,0.8519,5.048,24.47,WEATHER_STATION,VALID,0.8214884245406288,0.010840521021454047
2025-08-02 15:00:00,WX-MASTER,0.7717,6.005,25.39,WEATHER_STATION,VALID,0.7455384840175387,0.034244728552812076
2025-08-02 16:00:00,WX-MASTER,0.5207,8.017,27.03,WEATHER_STATION,VALID,0.5098339525105293,0.15936487341558297
2025-08-02 17:00:00,WX-MASTER,0.2809,5.972,28.32,WEATHER_STATION,VALID,0.2716808833283863,0.03312887698787381
2025-08-02 18:00:00,WX-MASTER,0.0,5.084,26.47,WEATHER_STATION,VALID,0.0,0.011422296855528116
2025-08-02 19:00:00,WX-MASTER,0.0,6.547,30.14,WEATHER_STATION,VALID,0.0,0.05631756441311384
2025-08-02 20:00:00,WX-MASTER,0.0,9.151,29.35,WEATHER_STATION,VALID,0.0,0.2936956269889163
2025-08-02 21:00:00,WX-MASTER,0.0,4.64,26.63,WEATHER_STATION,VALID,0.0,0.005566623429355277
2025-08-02 22:00:00,WX-MASTER,0.0,7.949,27.77,WEATHER_STATION,VALID,0.0,0.15297225207281206
2025-08-02 23:00:00,WX-MASTER,0.0,7.172,28.19,WEATHER_STATION,VALID,0.0,0.09164171293849106
2025-08-03 00:00:00,WX-MASTER,0.0,7.881,25.67,WEATHER_STATION,VALID,0.0,0.14675291008740743
2025-08-03 01:00:00,WX-MASTER,0.0,7.708,28.12,WEATHER_STATION,VALID,0.0,0.1316951136886694
2025-08-03 02:00:00,WX-MASTER,0.0,9.404,26.27,WEATHER_STATION,VALID,0.0,0.33144713454441693
2025-08-03 03:00:00,WX-MASTER,0.0,8.153,25.95,WEATHER_STATION,VALID,0.0,0.17267947771034298
2025-08-03 04:00:00,WX-MASTER,0.0,9.261,23.06,WEATHER_STATION,VALID,0.0,0.30973580380592575
2025-08-03 05:00:00,WX-MASTER,0.0,9.428,24.06,WEATHER_STATION,VALID,0.0,0.33518756868565175
2025-08-03 06:00:00,WX-MASTER,0.0,7.569,22.22,WEATHER_STATION,VALID,0.0,0.12037152791259263
2025-08-03 07:00:00,WX-MASTER,0.3105,6.809,22.43,WEATHER_STATION,VALID,0.29880754248431485,0.06974181042342936
2025-08-03 08:00:00,WX-MASTER,0.4144,7.506,22.97,WEATHER_STATION,VALID,0.41117846845567385,0.11546061360592597
2025-08-03 09:00:00,WX-MASTER,0.6912,7.506,22.58,WEATHER_STATION,VALID,0.6754389711346022,0.11546061360592597
2025-08-03 10:00:00,WX-MASTER,0.9138,5.042,23.98,WEATHER_STATION,VALID,0.9052081085994996,0.010745521866886142
2025-08-03 11:00:00,WX-MASTER,0.4243,6.668,23.74,WEATHER_STATION,VALID,0.4132475700777852,0.06227995355478738
2025-08-03 12:00:00,WX-MASTER,0.9107,5.906,23.74,WEATHER_STATION,VALID,0.8844907985394846,0.030970422417997245
2025-08-03 13:00:00,WX-MASTER,0.7611,5.627,26.15,WEATHER_STATION,VALID,0.7275743310152526,0.022879183281700955
2025-08-03 14:00:00,WX-MASTER,0.9138,5.281,27.31,WEATHER_STATION,VALID,0.8865495181115253,0.014977390559286692
2025-08-03 15:00:00,WX-MASTER,0.6768,5.439,27.06,WEATHER_STATION,VALID,0.656628523453457,0.018310310120000006
2025-08-03 16:00:00,WX-MASTER,0.5084,8.02,29.4,WEATHER_STATION,VALID,0.4827223895203549,0.15965092916323725
2025-08-03 17:00:00,WX-MASTER,0.3141,6.103,28.24,WEATHER_STATION,VALID,0.3021350163261768,0.037705580012126184
2025-08-03 18:00:00,WX-MASTER,0.0,8.292,28.92,WEATHER_STATION,VALID,0.0,0.18703367423999998
2025-08-03 19:00:00,WX-MASTER,0.0,7.229,29.43,WEATHER_STATION,VALID,0.0,0.09544943334688616
2025-08-03 20:00:00,WX-MASTER,0.0,5.847,29.39,WEATHER_STATION,VALID,0.0,0.029122100780740748
2025-08-03 21:00:00,WX-MASTER,0.0,7.818,29.05,WEATHER_STATION,VALID,0.0,0.14114343610074076
2025-08-03 22:00:00,WX-MASTER,0.0,6.249,28.22,WEATHER_STATION,VALID,0.0,0.04328221052
2025-08-03 23:00:00,WX-MASTER,0.0,8.763,27.33,WEATHER_STATION,VALID,0.0,0.2415495083007407
2025-08-04 00:00:00,WX-MASTER,0.0,7.807,27.9,WEATHER_STATION,VALID,0.0,0.14017890571681765
2025-08-04 01:00:00,WX-MASTER,0.0,9.251,28.36,WEATHER_STATION,VALID,0.0,0.3082540531562688
2025-08-04 02:00:00,WX-MASTER,0.0,9.997,27.0,WEATHER_STATION,VALID,0.0,0.432310636289657
2025-08-04 03:00:00,WX-MASTER,0.0,5.804,25.58,WEATHER_STATION,VALID,0.0,0.02782238313700961
2025-08-04 04:00:00,WX-MASTER,0.0,7.325,25.77,WEATHER_STATION,VALID,0.0,0.10209832904663925
2025-08-04 05:00:00,WX-MASTER,0.0,6.164,23.57,WEATHER_STATION,VALID,0.0,0.039973274277750326
2025-08-04 06:00:00,WX-MASTER,0.0,10.313,21.8,WEATHER_STATION,VALID,0.0,0.4935680277547874
2025-08-04 07:00:00,WX-MASTER,0.2451,6.682,22.22,WEATHER_STATION,VALID,0.23775490109419237,0.06299580812422498
2025-08-04 08:00:00,WX-MASTER,0.5606,5.283,22.45,WEATHER_STATION,VALID,0.5328165272929704,0.015016822019259267
2025-08-04 09:00:00,WX-MASTER,0.7703,9.655,22.02,WEATHER_STATION,VALID,0.7659928422263517,0.37196705687928655
2025-08-04 10:00:00,WX-MASTER,0.8717,5.575,23.72,WEATHER_STATION,VALID,0.8444593842357058,0.021547257373113866
2025-08-04 11:00:00,WX-MASTER,0.8756,4.23,24.67,WEATHER_STATION,VALID,0.8499443969532566,0.0023484192592592617
2025-08-04 12:00:00,WX-MASTER,0.8674,4.707,22.19,WEATHER_STATION,VALID,0.8589988033566935,0.006277126232592591
2025-08-04 13:00:00,WX-MASTER,0.7934,6.337,24.94,WEATHER_STATION,VALID,0.7774702543746759,0.04689525686249657
2025-08-04 14:00:00,WX-MASTER,0.9129,6.216,22.53,WEATHER_STATION,VALID,0.873522577951556,0.04197671215407408
2025-08-04 15:00:00,WX-MASTER,0.6684,5.143,26.81,WEATHER_STATION,VALID,0.6418583915331005,0.012420149177558295
2025-08-04 16:00:00,WX-MASTER,0.5706,5.735,27.65,WEATHER_STATION,VALID,0.557718117035415,0.02581857633058986
2025-08-04 17:00:00,WX-MASTER,0.3138,6.623,30.62,WEATHER_STATION,VALID,0.30144826219381876,0.06001575876219479
2025-08-04 18:00:00,WX-MASTER,0.0,8.504,30.82,WEATHER_STATION,VALID,0.0,0.21042414669256512
2025-08-04 19:00:00,WX-MASTER,0.0,7.47,30.52,WEATHER_STATION,VALID,0.0,0.11271529925925924
2025-08-04 20:00:00,WX-MASTER,0.0,6.565,28.37,WEATHER_STATION,VALID,0.0,0.05717930885459535
2025-08-04 21:00:00,WX-MASTER,0.0,7.251,28.18,WEATHER_STATION,VALID,0.0,0.09694683022074077
2025-08-04 22:00:00,WX-MASTER,0.0,8.772,27.73,WEATHER_STATION,VALID,0.0,0.2426829504474074
2025-08-04 23:00:00,WX-MASTER,0.0,10.136,30.33,WEATHER_STATION,VALID,0.0,0.45859025643281187
2025-08-05 00:00:00,WX-MASTER,0.0,6.619,26.65,WEATHER_STATION,VALID,0.0,0.059817195619039774
2025-08-05 01:00:00,WX-MASTER,0.0,9.565,26.44,WEATHER_STATION,VALID,0.0,0.35707914836076804
2025-08-05 02:00:00,WX-MASTER,0.0,7.705,24.91,WEATHER_STATION,VALID,0.0,0.1314435204595336
2025-08-05 03:00:00,WX-MASTER,0.0,5.927,23.58,WEATHER_STATION,VALID,0.0,0.031646702639725646
2025-08-05 04:00:00,WX-MASTER,0.0,5.534,24.64,WEATHER_STATION,VALID,0.0,0.020534310781454047
2025-08-05 05:00:00,WX-MASTER,0.0,9.449,23.7,WEATHER_STATION,VALID,0.0,0.33848344293700955
2025-08-05 06:00:00,WX-MASTER,0.0,9.375,20.29,WEATHER_STATION,VALID,0.0,0.32696469907407416
2025-08-05 07:00:00,WX-MASTER,0.2929,6.492,21.05,WEATHER_STATION,VALID,0.2822151864830645,0.05373818624000001
2025-08-05 08:00:00,WX-MASTER,0.5227,6.695,22.8,WEATHER_STATION,VALID,0.4995195945736546,0.06366542275034294
2025-08-05 09:00:00,WX-MASTER,0.7234,4.403,22.53,WEATHER_STATION,VALID,0.7240485197737356,0.003485244994293551
2025-08-05 10:00:00,WX-MASTER,0.912,7.488,22.48,WEATHER_STATION,VALID,0.8820579177584954,0.11408245115259262
2025-08-05 11:00:00,WX-MASTER,0.9725,6.28,24.24,WEATHER_STATION,VALID,0.9741867501460368,0.04453298743484226
2025-08-05 12:00:00,WX-MASTER,0.9157,4.173,22.51,WEATHER_STATION,VALID,0.9073696872242489,0.0020368279007407404
2025-08-05 13:00:00,WX-MASTER,0.7722,6.395,24.37,WEATHER_STATION,VALID,0.7288703549357161,0.049383246207133046
2025-08-05 14:00:00,WX-MASTER,0.7557,4.328,26.61,WEATHER_STATION,VALID,0.7254800966178706,0.0029556603399725667
2025-08-05 15:00:00,WX-MASTER,0.6655,6.932,26.12,WEATHER_STATION,VALID,0.6388562570479348,0.07671862782244174
2025-08-05 16:00:00,WX-MASTER,0.5186,4.935,28.12,WEATHER_STATION,VALID,0.5024208751336214,0.009143304999999997
2025-08-05 17:00:00,WX-MASTER,0.2634,6.97,27.09,WEATHER_STATION,VALID,0.2552596983859476,0.07896448718792864
2025-08-05 18:00:00,WX-MASTER,0.0,5.912,28.04,WEATHER_STATION,VALID,0.0,0.031162652079231825
2025-08-05 19:00:00,WX-MASTER,0.0,3.939,27.23,WEATHER_STATION,VALID,0.0,0.0010448575274074074
2025-08-05 20:00:00,WX-MASTER,0.0,8.57,27.02,WEATHER_STATION,VALID,0.0,0.21808504466392326
2025-08-05 21:00:00,WX-MASTER,0.0,8.892,28.8,WEATHER_STATION,VALID,0.0,0.25813596283259255
2025-08-05 22:00:00,WX-MASTER,0.0,7.071,29.56,WEATHER_STATION,VALID,0.0,0.08514587368740739
2025-08-05 23:00:00,WX-MASTER,0.0,8.286,28.33,WEATHER_STATION,VALID,0.0,0.18639822628740735
2025-08-06 00:00:00,WX-MASTER,0.0,8.602,29.11,WEATHER_STATION,VALID,0.0,0.22186541705262006
2025-08-06 01:00:00,WX-MASTER,0.0,8.706,26.4,WEATHER_STATION,VALID,0.0,0.2344528956799999
2025-08-06 02:00:00,WX-MASTER,0.0,10.332,23.42,WEATHER_STATION,VALID,0.0,0.49742506789925944
2025-08-06 03:00:00,WX-MASTER,0.0,8.558,25.47,WEATHER_STATION,VALID,0.0,0.21667855284367624
2025-08-06 04:00:00,WX-MASTER,0.0,7.415,22.92,WEATHER_STATION,VALID,0.0,0.1086056508984911
2025-08-06 05:00:00,WX-MASTER,0.0,8.248,23.64,WEATHER_STATION,VALID,0.0,0.18240711653311378
2025-08-06 06:00:00,WX-MASTER,0.0,6.904,20.19,WEATHER_STATION,VALID,0.0,0.07509131780916323
2025-08-06 07:00:00,WX-MASTER,0.2561,5.824,22.26,WEATHER_STATION,VALID,0.24869087825775038,0.02842198305360768
2025-08-06 08:00:00,WX-MASTER,0.4619,8.534,23.31,WEATHER_STATION,VALID,0.4399244722589767,0.21388373695429358
2025-08-06 09:00:00,WX-MASTER,0.7685,7.392,23.28,WEATHER_STATION,VALID,0.7385284391957675,0.10691713024000003
2025-08-06 10:00:00,WX-MASTER,0.8837,4.055,22.64,WEATHER_STATION,VALID,0.8542776792657587,0.0014818958367626874
2025-08-06 11:00:00,WX-MASTER,0.9397,5.405,23.43,WEATHER_STATION,VALID,0.9150659406656733,0.01755519028120714
2025-08-06 12:00:00,WX-MASTER,0.9982,7.153,23.62,WEATHER_STATION,VALID,0.9610919235620695,0.09039535035780517
2025-08-06 13:00:00,WX-MASTER,0.695,4.074,24.7,WEATHER_STATION,VALID,0.6643949813985031,0.0015634109274074068
2025-08-06 14:00:00,WX-MASTER,0.9111,5.133,26.72,WEATHER_STATION,VALID,0.8675284826151369,0.012247088759999998
2025-08-06 15:00:00,WX-MASTER,0.7096,9.645,25.97,WEATHER_STATION,VALID,0.6707368639326129,0.37029278907407404
2025-08-06 16:00:00,WX-MASTER,0.5592,5.89,26.93,WEATHER_STATION,VALID,0.5404532334967389,0.03046167829903977
2025-08-06 17:00:00,WX-MASTER,0.289,7.917,26.55,WEATHER_STATION,VALID,0.2739590003086252,0.15002406331407409
2025-08-06 18:00:00,WX-MASTER,0.0,8.689,29.77,WEATHER_STATION,VALID,0.0,0.23236360212274346
2025-08-06 19:00:00,WX-MASTER,0.0,5.811,28.96,WEATHER_STATION,VALID,0.0,0.028031273954074083
2025-08-06 20:00:00,WX-MASTER,0.0,7.599,27.95,WEATHER_STATION,VALID,0.0,0.12275820452000001
2025-08-06 21:00:00,WX-MASTER,0.0,10.18,30.33,WEATHER_STATION,VALID,0.0,0.46712556027434826
2025-08-06 22:00:00,WX-MASTER,0.0,8.324,28.88,WEATHER_STATION,VALID,0.0,0.19044713312219474
2025-08-06 23:00:00,WX-MASTER,0.0,10.982,27.49,WEATHER_STATION,VALID,0.0,0.641793729155775
2025-08-07 00:00:00,WX-MASTER,0.0,7.182,28.7,WEATHER_STATION,VALID,0.0,0.09230227056592596
2025-08-07 01:00:00,WX-MASTER,0.0,10.409,26.37,WEATHER_STATION,VALID,0.0,0.5132619662752814
2025-08-07 03:00:00,WX-MASTER,0.0,7.568,26.12,WEATHER_STATION,VALID,0.0,0.12029250940663923
2025-08-07 04:00:00,WX-MASTER,0.0,8.69,23.12,WEATHER_STATION,VALID,0.0,0.23248615676268852
2025-08-07 05:00:00,WX-MASTER,0.0,7.525,27.03,WEATHER_STATION,VALID,0.0,0.1169273345336077
2025-08-07 06:00:00,WX-MASTER,0.0,7.331,22.31,WEATHER_STATION,VALID,0.0,0.10252383670194791
2025-08-07 07:00:00,WX-MASTER,0.2716,7.818,20.08,WEATHER_STATION,VALID,0.2659027147095491,0.14114343610074076
2025-08-07 08:00:00,WX-MASTER,0.5499,4.576,24.48,WEATHER_STATION,VALID,0.5410381796595692,0.00494002263089163
2025-08-07 09:00:00,WX-MASTER,0.6291,5.637,22.43,WEATHER_STATION,VALID,0.5915684093080709,0.023141456439999986
2025-08-07 10:00:00,WX-MASTER,0.8745,7.392,23.15,WEATHER_STATION,VALID,0.8660239377850586,0.10691713024000003
2025-08-07 11:00:00,WX-MASTER,0.9597,7.561,23.86,WEATHER_STATION,VALID,0.9365529301992812,0.1197403479321262
2025-08-07 12:00:00,WX-MASTER,1.0098,6.611,22.49,WEATHER_STATION,VALID,0.9948163056235348,0.05942138419824416
2025-08-07 13:00:00,WX-MASTER,0.8951,6.443,22.37,WEATHER_STATION,VALID,0.8734452276273058,0.05150760625849107
2025-08-07 14:00:00,WX-MASTER,0.9102,6.613,28.22,WEATHER_STATION,VALID,0.8835619706313582,0.05952017284669412
2025-08-07 15:00:00,WX-MASTER,0.7573,7.408,24.91,WEATHER_STATION,VALID,0.7314536250021733,0.10808988544175585
2025-08-07 16:00:00,WX-MASTER,0.5215,4.444,29.59,WEATHER_STATION,VALID,0.5087269868881923,0.003799809977064472
2025-08-07 17:00:00,WX-MASTER,0.1314,5.825,28.98,WEATHER_STATION,VALID,0.1268435448715491,0.028452187071330588
2025-08-07 18:00:00,WX-MASTER,0.0,6.619,29.12,WEATHER_STATION,VALID,0.0,0.059817195619039774
2025-08-07 19:00:00,WX-MASTER,0.0,7.224,28.7,WEATHER_STATION,VALID,0.0,0.09511128026074077
2025-08-07 20:00:00,WX-MASTER,0.0,4.488,32.15,WEATHER_STATION,VALID,0.0,0.004157852634074078
2025-08-07 21:00:00,WX-MASTER,0.0,5.846,28.43,WEATHER_STATION,VALID,0.0,0.02909142441305899
2025-08-07 22:00:00,WX-MASTER,0.0,7.683,28.11,WEATHER_STATION,VALID,0.0,0.12960828750074074
2025-08-07 23:00:00,WX-MASTER,0.0,9.202,29.16,WEATHER_STATION,VALID,0.0,0.3010617520649657
2025-08-08 00:00:00,WX-MASTER,0.0,7.443,26.79,WEATHER_STATION,VALID,0.0,0.11068511961925925
2025-08-08 01:00:00,WX-MASTER,0.0,7.183,25.54,WEATHER_STATION,VALID,0.0,0.09236850036768174
2025-08-08 02:00:00,WX-MASTER,0.0,8.732,25.78,WEATHER_STATION,VALID,0.0,0.2376724506372565
2025-08-08 03:00:00,WX-MASTER,0.0,7.545,25.77,WEATHER_STATION,VALID,0.0,0.11848461500000002
2025-08-08 04:00:00,WX-MASTER,0.0,8.981,26.36,WEATHER_STATION,VALID,0.0,0.27001115480071336
2025-08-08 05:00:00,WX-MASTER,0.0,7.359,25.88,WEATHER_STATION,VALID,0.0,0.10452517566074075
2025-08-08 06:00:00,WX-MASTER,0.0,5.969,20.67,WEATHER_STATION,VALID,0.0,0.03302865524318245
2025-08-08 07:00:00,WX-MASTER,0.2927,9.011,23.72,WEATHER_STATION,VALID,0.28752899780996777,0.2740946021735527
2025-08-08 08:00:00,WX-MASTER,0.45,8.512,21.17,WEATHER_STATION,VALID,0.4436209536393552,0.21134302813410152
2025-08-08 09:00:00,WX-MASTER,0.6718,5.411,21.35,WEATHER_STATION,VALID,0.653062231605789,0.01768690854392317
2025-08-08 10:00:00,WX-MASTER,0.6748,6.944,22.18,WEATHER_STATION,VALID,0.6873640243771589,0.07742318226787381
2025-08-08 11:00:00,WX-MASTER,0.6911,5.825,22.66,WEATHER_STATION,VALID,0.6812988235652035,0.028452187071330588
2025-08-08 12:00:00,WX-MASTER,0.9782,6.929,22.82,WEATHER_STATION,VALID,0.9536209293829213,0.0765431596184911
2025-08-08 13:00:00,WX-MASTER,0.4353,4.923,22.16,WEATHER_STATION,VALID,0.4165216515382533,0.008974249752592594
2025-08-08 14:00:00,WX-MASTER,0.8809,7.201,27.59,WEATHER_STATION,VALID,0.853190509240262,0.09356606034694098
2025-08-08 15:00:00,WX-MASTER,0.7605,7.694,27.84,WEATHER_STATION,VALID,0.7539558249889871,0.1305237536258985
2025-08-08 16:00:00,WX-MASTER,0.4698,5.045,27.59,WEATHER_STATION,VALID,0.4677530904363183,0.010792951762688614
2025-08-08 17:00:00,WX-MASTER,0.2944,6.553,27.17,WEATHER_STATION,VALID,0.29209630130754405,0.05660384349360768
2025-08-08 18:00:00,WX-MASTER,0.0,8.274,30.37,WEATHER_STATION,VALID,0.0,0.18513165151999988
2025-08-08 19:00:00,WX-MASTER,0.0,5.645,29.16,WEATHER_STATION,VALID,0.0,0.02335271225651577
2025-08-08 20:00:00,WX-MASTER,0.0,6.339,28.67,WEATHER_STATION,VALID,0.0,0.04697962612000002
2025-08-08 21:00:00,WX-MASTER,0.0,8.319,27.26,WEATHER_STATION,VALID,0.0,0.18991106532000007
2025-08-08 22:00:00,WX-MASTER,0.0,7.473,29.53,WEATHER_STATION,VALID,0.0,0.11294239516
2025-08-08 23:00:00,WX-MASTER,0.0,5.815,27.93,WEATHER_STATION,VALID,0.0,0.028151108237311397
2025-08-09 00:00:00,WX-MASTER,0.0,7.549,27.89,WEATHER_STATION,VALID,0.0,0.11879772106595338
2025-08-09 01:00:00,WX-MASTER,0.0,10.298,26.94,WEATHER_STATION,VALID,0.0,0.4905371190461454
2025-08-09 02:00:00,WX-MASTER,0.0,10.704,26.59,WEATHER_STATION,VALID,0.0,0.5770442547200002
2025-08-09 03:00:00,WX-MASTER,0.0,7.121,25.19,WEATHER_STATION,VALID,0.0,0.08832184701799731
2025-08-09 04:00:00,WX-MASTER,0.0,6.626,23.72,WEATHER_STATION,VALID,0.0,0.0601649691439232
2025-08-09 05:00:00,WX-MASTER,0.0,7.029,24.02,WEATHER_STATION,VALID,0.0,0.08253765031259258
2025-08-09 06:00:00,WX-MASTER,0.0,9.738,23.94,WEATHER_STATION,VALID,0.0,0.3860586778192592
2025-08-09 07:00:00,WX-MASTER,0.2538,8.237,24.31,WEATHER_STATION,VALID,0.2385591737243735,0.1812625230298491
2025-08-09 08:00:00,WX-MASTER,0.5529,8.785,20.99,WEATHER_STATION,VALID,0.5424555203140835,0.24432639601508918
2025-08-09 09:00:00,WX-MASTER,0.7664,7.929,23.79,WEATHER_STATION,VALID,0.7347500819689791,0.15112515297925933
2025-08-09 10:00:00,WX-MASTER,0.8461,4.692,20.9,WEATHER_STATION,VALID,0.8317903147399485,0.006113098240000003
2025-08-09 11:00:00,WX-MASTER,0.795,4.994,24.57,WEATHER_STATION,VALID,0.7843670448662194,0.010005430070342932
2025-08-09 12:00:00,WX-MASTER,0.9381,5.196,23.37,WEATHER_STATION,VALID,0.9012422762665646,0.013364641279999995
2025-08-09 13:00:00,WX-MASTER,0.9935,5.361,25.94,WEATHER_STATION,VALID,0.9724921110866103,0.016609182620740737
2025-08-09 14:00:00,WX-MASTER,0.8134,5.163,27.62,WEATHER_STATION,VALID,0.7809312267541849,0.01277114563407408
2025-08-09 15:00:00,WX-MASTER,0.7664,5.388,27.01,WEATHER_STATION,VALID,0.72218777645729,0.01718554330074074
2025-08-09 16:00:00,WX-MASTER,0.4628,7.086,27.59,WEATHER_STATION,VALID,0.44977201388563953,0.08609053088
2025-08-09 17:00:00,WX-MASTER,0.2753,6.619,28.25,WEATHER_STATION,VALID,0.2650965263137137,0.059817195619039774
2025-08-09 18:00:00,WX-MASTER,0.0,8.257,28.36,WEATHER_STATION,VALID,0.0,0.18334717808718784
2025-08-09 19:00:00,WX-MASTER,0.0,7.252,30.62,WEATHER_STATION,VALID,0.0,0.09701526327484226
2025-08-09 20:00:00,WX-MASTER,0.0,6.307,29.26,WEATHER_STATION,VALID,0.0,0.045641812630397814
2025-08-09 21:00:00,WX-MASTER,0.0,7.681,26.66,WEATHER_STATION,VALID,0.0,0.12944230038644716
2025-08-09 22:00:00,WX-MASTER,0.0,5.695,29.98,WEATHER_STATION,VALID,0.0,0.02470225539780522
2025-08-09 23:00:00,WX-MASTER,0.0,4.835,29.37,WEATHER_STATION,VALID,0.0,0.00779773558984911
2025-08-10 00:00:00,WX-MASTER,0.0,8.779,27.67,WEATHER_STATION,VALID,0.0,0.24356696379681755
2025-08-10 01:00:00,WX-MASTER,0.0,9.329,25.83,WEATHER_STATION,VALID,0.0,0.3199378235197258
2025-08-10 02:00:00,WX-MASTER,0.0,8.093,24.48,WEATHER_STATION,VALID,0.0,0.16671755309799727
2025-08-10 03:00:00,WX-MASTER,0.0,7.418,24.02,WEATHER_STATION,VALID,0.0,0.10882719454244173
2025-08-10 04:00:00,WX-MASTER,0.0,6.047,24.36,WEATHER_STATION,VALID,0.0,0.035700776457009586
2025-08-10 05:00:00,WX-MASTER,0.0,9.119,21.18,WEATHER_STATION,VALID,0.0,0.2891356605024417
2025-08-10 06:00:00,WX-MASTER,0.0,8.014,23.35,WEATHER_STATION,VALID,0.0,0.15907915956718785
2025-08-10 07:00:00,WX-MASTER,0.2455,7.498,22.57,WEATHER_STATION,VALID,0.23483024819575918,0.11484673480471883
2025-08-10 08:00:00,WX-MASTER,0.5288,6.853,23.91,WEATHER_STATION,VALID,0.5156244603601692,0.07218672285163237
2025-08-10 09:00:00,WX-MASTER,0.6652,5.998,23.33,WEATHER_STATION,VALID,0.6694653160584007,0.03400597134792868
2025-08-10 10:00:00,WX-MASTER,0.8014,4.938,21.97,WEATHER_STATION,VALID,0.778589224607652,0.009185897967407403
2025-08-10 11:00:00,WX-MASTER,0.9804,6.533,21.36,WEATHER_STATION,VALID,0.9724858316782422,0.05565333717700962
2025-08-10 12:00:00,WX-MASTER,0.9779,5.379,23.13,WEATHER_STATION,VALID,0.9377034786971948,0.01699196579407407
2025-08-10 13:00:00,WX-MASTER,0.9924,5.466,26.62,WEATHER_STATION,VALID,0.9620015070353406,0.018925158080000004
2025-08-10 14:00:00,WX-MASTER,0.6367,8.256,26.22,WEATHER_STATION,VALID,0.623516157501102,0.18324256768000008
2025-08-10 15:00:00,WX-MASTER,0.6966,6.033,27.49,WEATHER_STATION,VALID,0.6798536834930387,0.03521093276000001
2025-08-10 16:00:00,WX-MASTER,0.5398,3.043,26.86,WEATHER_STATION,VALID,0.5174005508571399,1.003380521262013e-07
2025-08-10 17:00:00,WX-MASTER,0.2309,5.724,28.92,WEATHER_STATION,VALID,0.22116923628722818,0.025508305445925937
2025-08-10 18:00:00,WX-MASTER,0.0,5.347,27.08,WEATHER_STATION,VALID,0.0,0.016315469203237322
2025-08-10 19:00:00,WX-MASTER,0.0,6.721,30.37,WEATHER_STATION,VALID,0.0,0.06501885378891632
2025-08-10 20:00:00,WX-MASTER,0.0,5.312,27.98,WEATHER_STATION,VALID,0.0,0.015596379289108377
2025-08-10 21:00:00,WX-MASTER,0.0,7.978,26.88,WEATHER_STATION,VALID,0.0,0.15567718711089165
2025-08-10 22:00:00,WX-MASTER,0.0,7.252,31.61,WEATHER_STATION,VALID,0.0,0.09701526327484226
2025-08-10 23:00:00,WX-MASTER,0.0,7.199,28.5,WEATHER_STATION,VALID,0.0,0.09343248997404664
2025-08-11 00:00:00,WX-MASTER,0.0,8.115,27.72,WEATHER_STATION,VALID,0.0,0.16888738574074078
2025-08-11 01:00:00,WX-MASTER,0.0,7.883,24.51,WEATHER_STATION,VALID,0.0,0.1469333809547874
2025-08-11 02:00:00,WX-MASTER,0.0,7.802,26.59,WEATHER_STATION,VALID,0.0,0.13974193936812074
2025-08-11 03:00:00,WX-MASTER,0.0,7.613,26.0,WEATHER_STATION,VALID,0.0,0.12388270019923191
2025-08-11 04:00:00,WX-MASTER,0.0,7.742,23.86,WEATHER_STATION,VALID,0.0,0.13456897608910837
2025-08-11 05:00:00,WX-MASTER,0.0,8.026,24.44,WEATHER_STATION,VALID,0.0,0.16022406717410148
2025-08-11 06:00:00,WX-MASTER,0.0,7.635,24.22,WEATHER_STATION,VALID,0.0,0.125663605
2025-08-11 07:00:00,WX-MASTER,0.2445,8.563,23.09,WEATHER_STATION,VALID,0.24109851611507463,0.21726385385903987
2025-08-11 08:00:00,WX-MASTER,0.5447,6.126,19.74,WEATHER_STATION,VALID,0.5345607129931002,0.038550251887407426
2025-08-11 09:00:00,WX-MASTER,0.7423,6.896,21.08,WEATHER_STATION,VALID,0.7348384736845149,0.0746306361661454
2025-08-11 10:00:00,WX-MASTER,0.83,9.543,24.84,WEATHER_STATION,VALID,0.7810523754756515,0.3535013363599998
2025-08-11 11:00:00,WX-MASTER,0.9849,6.129,23.47,WEATHER_STATION,VALID,0.9590965741300674,0.038661347645925916
2025-08-11 12:00:00,WX-MASTER,0.1714,6.054,24.2,WEATHER_STATION,VALID,0.1680440441910832,0.035947392794074086
2025-08-11 13:00:00,WX-MASTER,0.897,4.352,23.94,WEATHER_STATION,VALID,0.8495497872982671,0.0031188204545404686
2025-08-11 14:00:00,WX-MASTER,0.8132,5.073,25.08,WEATHER_STATION,VALID,0.7808155829673009,0.011242378567407415
2025-08-11 15:00:00,WX-MASTER,0.5303,5.935,28.18,WEATHER_STATION,VALID,0.5077053607762546,0.03190690033607681
2025-08-11 16:00:00,WX-MASTER,0.4974,6.902,29.39,WEATHER_STATION,VALID,0.48263989005427804,0.07497597018293554
2025-08-11 17:00:00,WX-MASTER,0.2561,7.241,29.28,WEATHER_STATION,VALID,0.25467040102073824,0.09626426880565157
2025-08-11 18:00:00,WX-MASTER,0.0,7.051,29.54,WEATHER_STATION,VALID,0.0,0.08389711533459535
2025-08-11 19:00:00,WX-MASTER,0.0,7.925,29.98,WEATHER_STATION,VALID,0.0,0.15075752657750338
2025-08-11 20:00:00,WX-MASTER,0.0,5.842,29.26,WEATHER_STATION,VALID,0.0,0.028968934366200256
2025-08-11 21:00:00,WX-MASTER,0.0,8.027,27.78,WEATHER_STATION,VALID,0.0,0.1603197233310836
2025-08-11 22:00:00,WX-MASTER,0.0,7.632,27.17,WEATHER_STATION,VALID,0.0,0.12541975589925922
2025-08-11 23:00:00,WX-MASTER,0.0,7.958,29.9,WEATHER_STATION,VALID,0.0,0.15380833338688615
2025-08-12 00:00:00,WX-MASTER,0.0,7.427,27.53,WEATHER_STATION,VALID,0.0,0.1094936327631824
2025-08-12 01:00:00,WX-MASTER,0.0,6.722,27.3,WEATHER_STATION,VALID,0.0,0.06507128834589854
2025-08-12 02:00:00,WX-MASTER,0.0,6.375,26.07,WEATHER_STATION,VALID,0.0,0.048515625
2025-08-12 03:00:00,WX-MASTER,0.0,8.299,25.23,WEATHER_STATION,VALID,0.0,0.18777685353508913
2025-08-12 04:00:00,WX-MASTER,0.0,8.393,24.48,WEATHER_STATION,VALID,0.0,0.19794820134491092
2025-08-12 05:00:00,WX-MASTER,0.0,7.389,24.18,WEATHER_STATION,VALID,0.0,0.10669818737925928
2025-08-12 06:00:00,WX-MASTER,0.0,7.31,21.87,WEATHER_STATION,VALID,0.0,0.1010397142935528
2025-08-12 07:00:00,WX-MASTER,0.2717,6.139,23.86,WEATHER_STATION,VALID,0.26816012002198386,0.03903320802397806
2025-08-12 08:00:00,WX-MASTER,0.4742,7.468,21.44,WEATHER_STATION,VALID,0.461311770605969,0.11256407123928672
2025-08-12 09:00:00,WX-MASTER,0.6866,6.642,22.73,WEATHER_STATION,VALID,0.6680666170593642,0.06096493616592596
2025-08-12 10:00:00,WX-MASTER,0.9054,5.865,21.37,WEATHER_STATION,VALID,0.8798845678372589,0.029677969074074086
2025-08-12 11:00:00,WX-MASTER,0.3527,7.286,23.15,WEATHER_STATION,VALID,0.33144147966407683,0.09936119342046636
2025-08-12 12:00:00,WX-MASTER,0.9304,6.873,23.28,WEATHER_STATION,VALID,0.9013659600146496,0.07331667990074076
2025-08-12 13:00:00,WX-MASTER,0.9902,3.976,24.94,WEATHER_STATION,VALID,0.9505684742176261,0.0011733018407681754
2025-08-12 14:00:00,WX-MASTER,0.7545,6.042,26.7,WEATHER_STATION,VALID,0.7184373750068057,0.035525314239999994
2025-08-12 15:00:00,WX-MASTER,0.7639,4.805,26.82,WEATHER_STATION,VALID,0.7574146985156879,0.007421503861454043
2025-08-12 16:00:00,WX-MASTER,0.5015,6.368,29.92,WEATHER_STATION,VALID,0.4902479010581754,0.04821437567824417
2025-08-12 17:00:00,WX-MASTER,0.3112,2.278,29.25,WEATHER_STATION,VALID,0.3017247485141508,0.0
2025-08-12 18:00:00,WX-MASTER,0.0,6.86,28.58,WEATHER_STATION,VALID,0.0,0.0725808772565158
2025-08-12 19:00:00,WX-MASTER,0.0,7.783,29.1,WEATHER_STATION,VALID,0.0,0.13808974945410157
2025-08-12 20:00:00,WX-MASTER,0.0,6.975,29.77,WEATHER_STATION,VALID,0.0,0.07926321759259258
2025-08-12 21:00:00,WX-MASTER,0.0,5.855,30.05,WEATHER_STATION,VALID,0.0,0.029368288429355304
2025-08-12 22:00:00,WX-MASTER,0.0,10.136,27.37,WEATHER_STATION,VALID,0.0,0.45859025643281187
2025-08-12 23:00:00,WX-MASTER,0.0,9.276,29.06,WEATHER_STATION,VALID,0.0,0.3119673212207408
2025-08-13 00:00:00,WX-MASTER,0.0,7.186,26.1,WEATHER_STATION,VALID,0.0,0.09256737984570643
2025-08-13 01:00:00,WX-MASTER,0.0,7.599,27.35,WEATHER_STATION,VALID,0.0,0.12275820452000001
2025-08-13 02:00:00,WX-MASTER,0.0,5.357,27.12,WEATHER_STATION,VALID,0.0,0.01652490785947874
2025-08-13 03:00:00,WX-MASTER,0.0,8.475,25.25,WEATHER_STATION,VALID,0.0,0.20711553240740735
2025-08-13 04:00:00,WX-MASTER,0.0,5.944,21.26,WEATHER_STATION,VALID,0.0,0.03220132306348423
2025-08-13 05:00:00,WX-MASTER,0.0,8.402,21.18,WEATHER_STATION,VALID,0.0,0.1989408817878737
2025-08-13 06:00:00,WX-MASTER,0.0,8.64,23.44,WEATHER_STATION,VALID,0.0,0.22641104592592598
2025-08-13 07:00:00,WX-MASTER,0.2866,6.962,19.47,WEATHER_STATION,VALID,0.27660945728458114,0.07848808131379971
2025-08-13 08:00:00,WX-MASTER,0.5652,5.408,23.03,WEATHER_STATION,VALID,0.5507171259350999,0.017620967362194796
2025-08-13 09:00:00,WX-MASTER,0.7591,8.165,23.6,WEATHER_STATION,VALID,0.7590401800932153,0.17388866633058978
2025-08-13 10:00:00,WX-MASTER,0.6932,6.321,24.13,WEATHER_STATION,VALID,0.6666849380160822,0.046223936279999996
2025-08-13 11:00:00,WX-MASTER,0.8512,6.259,23.03,WEATHER_STATION,VALID,0.848833774855125,0.043683092922743506
2025-08-13 12:00:00,WX-MASTER,0.811,4.801,24.57,WEATHER_STATION,VALID,0.7867347543756188,0.007372273482743486
2025-08-13 13:00:00,WX-MASTER,0.8509,6.201,25.14,WEATHER_STATION,VALID,0.848116232478827,0.041392086739259246
2025-08-13 14:00:00,WX-MASTER,0.9044,5.692,24.03,WEATHER_STATION,VALID,0.8874452284610217,0.02461985357607682
2025-08-13 15:00:00,WX-MASTER,0.5725,4.302,27.6,WEATHER_STATION,VALID,0.5579622930636765,0.0027854364325925894
2025-08-13 16:00:00,WX-MASTER,0.4135,7.906,29.22,WEATHER_STATION,VALID,0.4006879256955984,0.14901944123829902
2025-08-13 17:00:00,WX-MASTER,0.2508,8.64,29.1,WEATHER_STATION,VALID,0.24092835610317442,0.22641104592592598
2025-08-13 18:00:00,WX-MASTER,0.0,7.905,28.23,WEATHER_STATION,VALID,0.0,0.14892833500000002
2025-08-13 19:00:00,WX-MASTER,0.0,7.965,30.07,WEATHER_STATION,VALID,0.0,0.1544607209259259
2025-08-13 20:00:00,WX-MASTER,0.0,9.391,30.85,WEATHER_STATION,VALID,0.0,0.32943273486052127
2025-08-13 21:00:00,WX-MASTER,0.0,5.985,30.58,WEATHER_STATION,VALID,0.0,0.03356551425925928
2025-08-13 23:00:00,WX-MASTER,0.0,7.212,26.36,WEATHER_STATION,VALID,0.0,0.09430297343999999
2025-08-14 00:00:00,WX-MASTER,0.0,8.241,28.0,WEATHER_STATION,VALID,0.0,0.181678183154074
2025-08-14 01:00:00,WX-MASTER,0.0,7.535,27.46,WEATHER_STATION,VALID,0.0,0.11770425781207138
2025-08-14 02:00:00,WX-MASTER,0.0,6.584,27.02,WEATHER_STATION,VALID,0.0,0.05809841734935527
2025-08-14 03:00:00,WX-MASTER,0.0,7.844,25.49,WEATHER_STATION,VALID,0.0,0.14344080123083683
2025-08-14 04:00:00,WX-MASTER,0.0,7.579,25.89,WEATHER_STATION,VALID,0.0,0.12116361703138546
2025-08-14 05:00:00,WX-MASTER,0.0,8.607,21.11,WEATHER_STATION,VALID,0.0,0.2224600176399999
2025-08-14 06:00:00,WX-MASTER,0.0,7.342,23.41,WEATHER_STATION,VALID,0.0,0.10330700152669407
2025-08-14 07:00:00,WX-MASTER,0.2759,4.555,22.97,WEATHER_STATION,VALID,0.2624422096198934,0.004745166755829902
2025-08-14 08:00:00,WX-MASTER,0.4417,7.271,23.36,WEATHER_STATION,VALID,0.42669936466081887,0.09832161721552812
2025-08-14 09:00:00,WX-MASTER,0.7118,8.575,24.24,WEATHER_STATION,VALID,0.6805099458465801,0.2186728746570644
2025-08-14 10:00:00,WX-MASTER,0.867,6.333,21.68,WEATHER_STATION,VALID,0.837510999652492,0.04672682150074075
2025-08-14 11:00:00,WX-MASTER,0.988,7.398,25.11,WEATHER_STATION,VALID,0.982137356141244,0.10735591408592592
2025-08-14 12:00:00,WX-MASTER,0.8483,5.333,25.0,WEATHER_STATION,VALID,0.8047491180445605,0.0160252390041701
2025-08-14 13:00:00,WX-MASTER,0.9624,6.663,24.64,WEATHER_STATION,VALID,0.9101580606262072,0.06202561156000001
2025-08-14 14:00:00,WX-MASTER,0.9033,4.965,24.68,WEATHER_STATION,VALID,0.8649745054980514,0.009575202407407406
2025-08-14 15:00:00,WX-MASTER,0.5558,5.686,26.92,WEATHER_STATION,VALID,0.541521308493676,0.02445560009262003
2025-08-14 16:00:00,WX-MASTER,0.533,5.832,27.87,WEATHER_STATION,VALID,0.5219729347910229,0.02866421456592592
2025-08-14 17:00:00,WX-MASTER,0.3034,6.95,28.66,WEATHER_STATION,VALID,0.29628882782705485,0.07777707133058985
2025-08-14 18:00:00,WX-MASTER,0.0,5.488,28.05,WEATHER_STATION,VALID,0.0,0.019436203031879297
2025-08-14 19:00:00,WX-MASTER,0.0,12.982,29.89,WEATHER_STATION,VALID,0.0,0.92
2025-08-14 20:00:00,WX-MASTER,0.0,7.685,28.79,WEATHER_STATION,VALID,0.0,0.12977441645404664
2025-08-14 21:00:00,WX-MASTER,0.0,7.887,30.62,WEATHER_STATION,VALID,0.0,0.14729476643999995
2025-08-14 22:00:00,WX-MASTER,0.0,7.694,30.86,WEATHER_STATION,VALID,0.0,0.1305237536258985
2025-08-14 23:00:00,WX-MASTER,0.0,8.941,27.27,WEATHER_STATION,VALID,0.0,0.264629926490151
2025-08-15 00:00:00,WX-MASTER,0.0,7.568,27.57,WEATHER_STATION,VALID,0.0,0.12029250940663923
2025-08-15 01:00:00,WX-MASTER,0.0,8.259,27.82,WEATHER_STATION,VALID,0.0,0.18355651832740744
2025-08-15 02:00:00,WX-MASTER,0.0,7.433,26.08,WEATHER_STATION,VALID,0.0,0.10993943302886144
2025-08-15 03:00:00,WX-MASTER,0.0,7.478,23.22,WEATHER_STATION,VALID,0.0,0.11332156582145403
2025-08-15 04:00:00,WX-MASTER,0.0,8.122,25.04,WEATHER_STATION,VALID,0.0,0.16958171437607683
2025-08-15 05:00:00,WX-MASTER,0.0,10.437,22.55,WEATHER_STATION,VALID,0.0,0.5191031251807405
2025-08-15 06:00:00,WX-MASTER,0.0,8.227,22.96,WEATHER_STATION,VALID,0.0,0.18022614748471885
2025-08-15 07:00:00,WX-MASTER,0.284,7.721,21.18,WEATHER_STATION,VALID,0.27879094244530306,0.13278906114145406
2025-08-15 08:00:00,WX-MASTER,0.4411,7.753,23.21,WEATHER_STATION,VALID,0.43638356190955474,0.13550762759237311
2025-08-15 09:00:00,WX-MASTER,0.7482,3.444,21.87,WEATHER_STATION,VALID,0.719749364434297,0.0001104610607407407
2025-08-15 10:00:00,WX-MASTER,0.7185,6.688,23.8,WEATHER_STATION,VALID,0.706938183449511,0.06330427453805211
2025-08-15 11:00:00,WX-MASTER,0.8107,7.277,23.02,WEATHER_STATION,VALID,0.8029282437545147,0.09873657308417008
2025-08-15 12:00:00,WX-MASTER,0.8421,6.077,23.42,WEATHER_STATION,VALID,0.7960803259002707,0.03676569565207134
2025-08-15 13:00:00,WX-MASTER,0.8669,5.849,25.34,WEATHER_STATION,VALID,0.8488556271685002,0.02918351819626887
2025-08-15 14:00:00,WX-MASTER,0.8269,4.689,24.46,WEATHER_STATION,VALID,0.8139818943362614,0.00608063937925926
2025-08-15 15:00:00,WX-MASTER,0.7094,5.421,28.82,WEATHER_STATION,VALID,0.6853648925224514,0.017907900280000007
2025-08-15 16:00:00,WX-MASTER,0.4992,5.036,27.72,WEATHER_STATION,VALID,0.47515772745149193,0.010651079346392313
2025-08-15 17:00:00,WX-MASTER,0.1396,7.608,27.55,WEATHER_STATION,VALID,0.13738654935329364,0.12348030976000002
2025-08-15 18:00:00,WX-MASTER,0.0,8.489,28.3,WEATHER_STATION,VALID,0.0,0.20870843011725657
2025-08-15 19:00:00,WX-MASTER,0.0,9.306,29.15,WEATHER_STATION,VALID,0.0,0.3164624589392591
2025-08-15 20:00:00,WX-MASTER,0.0,5.947,30.45,WEATHER_STATION,VALID,0.0,0.032299864956323726
2025-08-15 21:00:00,WX-MASTER,0.0,6.433,28.06,WEATHER_STATION,VALID,0.0,0.05106010567632373
2025-08-15 22:00:00,WX-MASTER,0.0,6.551,28.34,WEATHER_STATION,VALID,0.0,0.056508309600713305
2025-08-15 23:00:00,WX-MASTER,0.0,6.382,28.17,WEATHER_STATION,VALID,0.0,0.04881812654397805
2025-08-16 00:00:00,WX-MASTER,0.0,6.506,29.33,WEATHER_STATION,VALID,0.0,0.05438711654145407
2025-08-16 01:00:00,WX-MASTER,0.0,7.201,27.83,WEATHER_STATION,VALID,0.0,0.09356606034694098
2025-08-16 02:00:00,WX-MASTER,0.0,9.002,27.64,WEATHER_STATION,VALID,0.0,0.27286527605947886
2025-08-16 03:00:00,WX-MASTER,0.0,6.859,24.86,WEATHER_STATION,VALID,0.0,0.07252448186101508
2025-08-16 04:00:00,WX-MASTER,0.0,9.026,25.7,WEATHER_STATION,VALID,0.0,0.27615167452663925
2025-08-16 05:00:00,WX-MASTER,0.0,9.246,24.78,WEATHER_STATION,VALID,0.0,0.3075149532800001
2025-08-16 06:00:00,WX-MASTER,0.0,7.61,23.53,WEATHER_STATION,VALID,0.0,0.12364116120713307
2025-08-16 07:00:00,WX-MASTER,0.2912,8.584,23.28,WEATHER_STATION,VALID,0.2783644374173533,0.21973362876224956
2025-08-16 08:00:00,WX-MASTER,0.3993,4.955,21.52,WEATHER_STATION,VALID,0.38328019449719697,0.009429758799725654
2025-08-16 09:00:00,WX-MASTER,0.7604,5.749,24.54,WEATHER_STATION,VALID,0.730866776581516,0.026217092028916315
2025-08-16 10:00:00,WX-MASTER,0.8518,6.497,22.4,WEATHER_STATION,VALID,0.8252724061599771,0.05396935104960219
2025-08-16 11:00:00,WX-MASTER,0.9575,6.361,23.93,WEATHER_STATION,VALID,0.9334169254848831,0.047914375981508904
2025-08-16 12:00:00,WX-MASTER,0.9519,7.803,24.79,WEATHER_STATION,VALID,0.9302495303486391,0.1398292598859259
2025-08-16 13:00:00,WX-MASTER,0.858,4.585,23.18,WEATHER_STATION,VALID,0.8321857716806276,0.005025139224965706
2025-08-16 14:00:00,WX-MASTER,0.707,5.191,25.67,WEATHER_STATION,VALID,0.6716865057070176,0.013273560440768176
2025-08-16 15:00:00,WX-MASTER,0.6634,5.851,26.88,WEATHER_STATION,VALID,0.6507401999817366,0.02924502190249657
2025-08-16 16:00:00,WX-MASTER,0.4466,5.423,27.34,WEATHER_STATION,VALID,0.4328472299121213,0.017952318367133065
2025-08-16 17:00:00,WX-MASTER,0.2887,4.93,28.16,WEATHER_STATION,VALID,0.2850698925081587,0.009072609657064468
2025-08-16 18:00:00,WX-MASTER,0.0,5.895,30.55,WEATHER_STATION,VALID,0.0,0.03062005759259258
2025-08-16 19:00:00,WX-MASTER,0.0,6.449,28.12,WEATHER_STATION,VALID,0.0,0.051777357504910825
2025-08-16 20:00:00,WX-MASTER,0.0,8.911,27.71,WEATHER_STATION,VALID,0.0,0.26064126637657054
2025-08-16 21:00:00,WX-MASTER,0.0,5.954,28.41,WEATHER_STATION,VALID,0.0,0.032530577408614536
2025-08-16 22:00:00,WX-MASTER,0.0,8.563,29.65,WEATHER_STATION,VALID,0.0,0.21726385385903987
2025-08-16 23:00:00,WX-MASTER,0.0,9.337,29.21,WEATHER_STATION,VALID,0.0,0.32115258377607686
2025-08-17 00:00:00,WX-MASTER,0.0,7.121,28.19,WEATHER_STATION,VALID,0.0,0.08832184701799731
2025-08-17 01:00:00,WX-MASTER,0.0,8.187,27.71,WEATHER_STATION,VALID,0.0,0.176120148514074
2025-08-17 02:00:00,WX-MASTER,0.0,8.592,26.02,WEATHER_STATION,VALID,0.0,0.22067939631407416
2025-08-17 03:00:00,WX-MASTER,0.0,8.304,24.18,WEATHER_STATION,VALID,0.0,0.18830889946074078
2025-08-17 04:00:00,WX-MASTER,0.0,7.741,22.82,WEATHER_STATION,VALID,0.0,0.1344838597247188
2025-08-17 05:00:00,WX-MASTER,0.0,6.564,21.72,WEATHER_STATION,VALID,0.0,0.05713120512000001
2025-08-17 06:00:00,WX-MASTER,0.0,8.078,22.4,WEATHER_STATION,VALID,0.0,0.1652488282412071
2025-08-17 07:00:00,WX-MASTER,0.245,6.477,23.27,WEATHER_STATION,VALID,0.23994390969474877,0.05304865424740742
2025-08-17 08:00:00,WX-MASTER,0.5342,6.74,22.49,WEATHER_STATION,VALID,0.5253795385784225,0.0660199370096022
2025-08-17 09:00:00,WX-MASTER,0.6342,6.681,22.35,WEATHER_STATION,VALID,0.620483367134677,0.06294449468000002
2025-08-17 10:00:00,WX-MASTER,0.7987,7.342,21.41,WEATHER_STATION,VALID,0.7728086596991139,0.10330700152669407
2025-08-17 11:00:00,WX-MASTER,0.9846,8.555,26.33,WEATHER_STATION,VALID,0.9393603566997145,0.21632787731824418
2025-08-17 12:00:00,WX-MASTER,0.9748,4.964,22.97,WEATHER_STATION,VALID,0.9435078168984086,0.009560591216021954
2025-08-17 13:00:00,WX-MASTER,0.9467,5.929,24.95,WEATHER_STATION,VALID,0.9044501567549567,0.03171161893262004
2025-08-17 14:00:00,WX-MASTER,0.9002,3.937,26.91,WEATHER_STATION,VALID,0.8797585551519614,0.0010381953316323728
2025-08-17 15:00:00,WX-MASTER,0.6218,7.865,26.66,WEATHER_STATION,VALID,0.6106708354795222,0.14531446015775037
2025-08-17 16:00:00,WX-MASTER,0.4455,6.132,26.49,WEATHER_STATION,VALID,0.442003773677982,0.03877265663999999
2025-08-17 17:00:00,WX-MASTER,0.2528,5.874,29.15,WEATHER_STATION,VALID,0.24662574289297645,0.029958536260740732
2025-08-17 18:00:00,WX-MASTER,0.0,6.56,27.13,WEATHER_STATION,VALID,0.0,0.05693905997256513
2025-08-17 19:00:00,WX-MASTER,0.0,6.88,31.18,WEATHER_STATION,VALID,0.0,0.0737149331138546
2025-08-17 20:00:00,WX-MASTER,0.0,6.056,29.55,WEATHER_STATION,VALID,0.0,0.036018062615528125
2025-08-17 21:00:00,WX-MASTER,0.0,8.802,28.78,WEATHER_STATION,VALID,0.0,0.24648668976592586
2025-08-17 22:00:00,WX-MASTER,0.0,8.319,27.04,WEATHER_STATION,VALID,0.0,0.18991106532000007
2025-08-17 23:00:00,WX-MASTER,0.0,8.681,26.8,WEATHER_STATION,VALID,0.0,0.23138471514639225
2025-08-18 00:00:00,WX-MASTER,0.0,6.881,27.37,WEATHER_STATION,VALID,0.0,0.07377194388713307
2025-08-18 01:00:00,WX-MASTER,0.0,6.872,28.86,WEATHER_STATION,VALID,0.0,0.07325990395083677
2025-08-18 02:00:00,WX-MASTER,0.0,7.673,25.97,WEATHER_STATION,VALID,0.0,0.1287797691078738
2025-08-18 03:00:00,WX-MASTER,0.0,8.788,25.2,WEATHER_STATION,VALID,0.0,0.2447067033775584
2025-08-18 04:00:00,WX-MASTER,0.0,8.265,24.4,WEATHER_STATION,VALID,0.0,0.1841854950000001
2025-08-18 05:00:00,WX-MASTER,0.0,6.413,26.05,WEATHER_STATION,VALID,0.0,0.05017289535972566
2025-08-18 06:00:00,WX-MASTER,0.0,8.063,22.13,WEATHER_STATION,VALID,0.0,0.16378875479182445
2025-08-18 07:00:00,WX-MASTER,0.1327,5.678,24.18,WEATHER_STATION,VALID,0.1287518535532267,0.024237734117750348
2025-08-18 08:00:00,WX-MASTER,0.5017,5.82,21.71,WEATHER_STATION,VALID,0.4973122152010325,0.028301380740740747
2025-08-18 09:00:00,WX-MASTER,0.6036,6.635,21.46,WEATHER_STATION,VALID,0.5928029894168438,0.060614083737997246
2025-08-18 10:00:00,WX-MASTER,0.7524,4.684,22.56,WEATHER_STATION,VALID,0.7388102112568184,0.006026796959780522
2025-08-18 11:00:00,WX-MASTER,0.7563,4.774,23.11,WEATHER_STATION,VALID,0.7552652722215151,0.007045651300521264
2025-08-18 12:00:00,WX-MASTER,0.9124,7.918,24.61,WEATHER_STATION,VALID,0.8753947073383924,0.15011561583187935
2025-08-18 13:00:00,WX-MASTER,0.9109,7.615,21.99,WEATHER_STATION,VALID,0.8701024972791893,0.12404390082990398
2025-08-18 14:00:00,WX-MASTER,0.8308,8.821,25.86,WEATHER_STATION,VALID,0.7968769122684112,0.2489161624802744
2025-08-18 15:00:00,WX-MASTER,0.6728,6.503,25.87,WEATHER_STATION,VALID,0.6500475753690204,0.054247622722688627
2025-08-18 16:00:00,WX-MASTER,0.4152,6.891,26.57,WEATHER_STATION,VALID,0.3880798587741901,0.07434366915407409
2025-08-18 17:00:00,WX-MASTER,0.2555,6.04,26.61,WEATHER_STATION,VALID,0.24704003128285948,0.03545529064471879
2025-08-18 18:00:00,WX-MASTER,0.0,6.015,28.28,WEATHER_STATION,VALID,0.0,0.03458774499999999
2025-08-18 19:00:00,WX-MASTER,0.0,7.857,28.45,WEATHER_STATION,VALID,0.0,0.144598773565926
2025-08-18 20:00:00,WX-MASTER,0.0,8.755,28.67,WEATHER_STATION,VALID,0.0,0.24054497169410155
2025-08-18 21:00:00,WX-MASTER,0.0,8.258,27.1,WEATHER_STATION,VALID,0.0,0.18345182830046627
2025-08-18 22:00:00,WX-MASTER,0.0,6.367,28.84,WEATHER_STATION,VALID,0.0,0.048171442131632373
2025-08-18 23:00:00,WX-MASTER,0.0,8.148,27.21,WEATHER_STATION,VALID,0.0,0.17217730816
2025-08-19 00:00:00,WX-MASTER,0.0,6.741,25.45,WEATHER_STATION,VALID,0.0,0.06607290833925925
2025-08-19 01:00:00,WX-MASTER,0.0,7.383,25.91,WEATHER_STATION,VALID,0.0,0.10626119876
2025-08-19 02:00:00,WX-MASTER,0.0,9.926,24.74,WEATHER_STATION,VALID,0.0,0.4192834890451577
2025-08-19 03:00:00,WX-MASTER,0.0,6.166,24.81,WEATHER_STATION,VALID,0.0,0.04004912487286695
2025-08-19 04:00:00,WX-MASTER,0.0,10.41,23.24,WEATHER_STATION,VALID,0.0,0.5134698207407408
2025-08-19 05:00:00,WX-MASTER,0.0,8.116,21.45,WEATHER_STATION,VALID,0.0,0.16898645929262002
2025-08-19 06:00:00,WX-MASTER,0.0,6.567,21.57,WEATHER_STATION,VALID,0.0,0.0572755973140741
2025-08-19 07:00:00,WX-MASTER,0.2798,7.008,20.21,WEATHER_STATION,VALID,0.2692510420103549,0.08125375450074077
2025-08-19 08:00:00,WX-MASTER,0.4849,5.768,23.53,WEATHER_STATION,VALID,0.46144055728750893,0.02676446436960219
2025-08-19 09:00:00,WX-MASTER,0.6684,5.697,23.84,WEATHER_STATION,VALID,0.6500635879466745,0.024757291965925934
2025-08-19 10:00:00,WX-MASTER,0.7339,6.28,24.34,WEATHER_STATION,VALID,0.7165694791144879,0.04453298743484226
2025-08-19 11:00:00,WX-MASTER,0.927,5.576,22.48,WEATHER_STATION,VALID,0.9047848901697776,0.021572370724170082
2025-08-19 12:00:00,WX-MASTER,0.8906,4.666,25.47,WEATHER_STATION,VALID,0.8640471323611223,0.005835596971632376
2025-08-19 13:00:00,WX-MASTER,0.8855,5.529,25.25,WEATHER_STATION,VALID,0.8384656979239702,0.020412997719999992
2025-08-19 14:00:00,WX-MASTER,0.8259,4.113,24.68,WEATHER_STATION,VALID,0.7934427040348634,0.0017399861525925946
2025-08-19 15:00:00,WX-MASTER,0.5878,4.242,25.82,WEATHER_STATION,VALID,0.5665747770701679,0.002417826240000001
2025-08-19 16:00:00,WX-MASTER,0.4493,4.364,27.21,WEATHER_STATION,VALID,0.43310299123857143,0.003202605240713306
2025-08-19 17:00:00,WX-MASTER,0.2084,8.392,28.26,WEATHER_STATION,VALID,0.2023823912874362,0.19783810779829897
2025-08-19 18:00:00,WX-MASTER,0.0,6.975,29.13,WEATHER_STATION,VALID,0.0,0.07926321759259258
2025-08-19 19:00:00,WX-MASTER,0.0,7.476,29.04,WEATHER_STATION,VALID,0.0,0.11316979588740743
2025-08-19 20:00:00,WX-MASTER,0.0,6.977,28.75,WEATHER_STATION,VALID,0.0,0.0793829203928121
2025-08-19 21:00:00,WX-MASTER,0.0,7.871,30.67,WEATHER_STATION,VALID,0.0,0.1458527720797257
2025-08-19 22:00:00,WX-MASTER,0.0,8.965,28.56,WEATHER_STATION,VALID,0.0,0.26784999527434844
2025-08-19 23:00:00,WX-MASTER,0.0,8.147,27.94,WEATHER_STATION,VALID,0.0,0.17207699122244172
2025-08-20 00:00:00,WX-MASTER,0.0,9.853,27.13,WEATHER_STATION,VALID,0.0,0.4061649979133607
2025-08-20 01:00:00,WX-MASTER,0.0,7.734,26.42,WEATHER_STATION,VALID,0.0,0.13388904992000003
2025-08-20 02:00:00,WX-MASTER,0.0,8.555,24.01,WEATHER_STATION,VALID,0.0,0.21632787731824418
2025-08-20 03:00:00,WX-MASTER,0.0,8.619,23.54,WEATHER_STATION,VALID,0.0,0.22389139139407405
2025-08-20 04:00:00,WX-MASTER,0.0,6.357,26.83,WEATHER_STATION,VALID,0.0,0.04774350764
2025-08-20 05:00:00,WX-MASTER,0.0,7.435,21.19,WEATHER_STATION,VALID,0.0,0.11008830157064471
2025-08-20 06:00:00,WX-MASTER,0.0,4.757,22.94,WEATHER_STATION,VALID,0.0,0.006845033587873796
2025-08-20 07:00:00,WX-MASTER,0.2684,6.728,22.68,WEATHER_STATION,VALID,0.25745296186199507,0.06538648779676269
2025-08-20 08:00:00,WX-MASTER,0.5264,6.273,23.36,WEATHER_STATION,VALID,0.515425590457982,0.04424847575259259
2025-08-20 09:00:00,WX-MASTER,0.6247,5.945,22.7,WEATHER_STATION,VALID,0.6055518458293342,0.03223414805898492
2025-08-20 10:00:00,WX-MASTER,0.7796,5.633,24.88,WEATHER_STATION,VALID,0.7581584527811306,0.02303630799182442
2025-08-20 11:00:00,WX-MASTER,0.8842,6.647,23.46,WEATHER_STATION,VALID,0.8624107733437001,0.06121637221009604
2025-08-20 12:00:00,WX-MASTER,0.9174,4.705,25.51,WEATHER_STATION,VALID,0.8739897473598793,0.006255088360768176
2025-08-20 13:00:00,WX-MASTER,0.915,8.212,25.99,WEATHER_STATION,VALID,0.8752759655246689,0.1786790028501509
2025-08-20 14:00:00,WX-MASTER,0.7449,6.538,27.5,WEATHER_STATION,VALID,0.6978601855804782,0.05588995819237312
2025-08-20 15:00:00,WX-MASTER,0.5735,4.829,26.58,WEATHER_STATION,VALID,0.5611531952786637,0.0077214953715775
2025-08-20 16:00:00,WX-MASTER,0.5606,6.85,27.87,WEATHER_STATION,VALID,0.5335885259103134,0.07201823731138544
2025-08-20 17:00:00,WX-MASTER,0.3083,7.49,27.68,WEATHER_STATION,VALID,0.29966406862341244,0.11423503577503433
2025-08-20 18:00:00,WX-MASTER,0.0,6.906,28.87,WEATHER_STATION,VALID,0.0,0.07520678367999997
2025-08-20 19:00:00,WX-MASTER,0.0,5.372,29.28,WEATHER_STATION,VALID,0.0,0.016842414568120714
2025-08-20 20:00:00,WX-MASTER,0.0,9.849,26.65,WEATHER_STATION,VALID,0.0,0.40545419452000003
2025-08-20 21:00:00,WX-MASTER,0.0,8.022,28.85,WEATHER_STATION,VALID,0.0,0.15984182304000005
2025-08-20 22:00:00,WX-MASTER,0.0,5.792,29.74,WEATHER_STATION,VALID,0.0,0.027466703595281194
2025-08-20 23:00:00,WX-MASTER,0.0,7.867,26.5,WEATHER_STATION,VALID,0.0,0.145493750032867
2025-08-21 00:00:00,WX-MASTER,0.0,7.412,26.19,WEATHER_STATION,VALID,0.0,0.10838440812861455
2025-08-21 01:00:00,WX-MASTER,0.0,7.769,27.92,WEATHER_STATION,VALID,0.0,0.13688071539133057
2025-08-21 02:00:00,WX-MASTER,0.0,6.203,27.24,WEATHER_STATION,VALID,0.0,0.04146972114244172
2025-08-21 03:00:00,WX-MASTER,0.0,7.752,23.97,WEATHER_STATION,VALID,0.0,0.13542211584000002
2025-08-21 04:00:00,WX-MASTER,0.0,6.466,24.08,WEATHER_STATION,VALID,0.0,0.052546763786447195
2025-08-21 05:00:00,WX-MASTER,0.0,6.903,23.06,WEATHER_STATION,VALID,0.0,0.07503362921925925
2025-08-21 06:00:00,WX-MASTER,0.0,7.632,24.01,WEATHER_STATION,VALID,0.0,0.12541975589925922
2025-08-21 07:00:00,WX-MASTER,0.2703,6.255,21.6,WEATHER_STATION,VALID,0.2614898426939905,0.04352244425925925
2025-08-21 08:00:00,WX-MASTER,0.5175,6.237,21.67,WEATHER_STATION,VALID,0.5032491938825931,0.042804398365925936
2025-08-21 09:00:00,WX-MASTER,0.4949,7.43,23.85,WEATHER_STATION,VALID,0.4818812454122047,0.10971638194787377
2025-08-21 10:00:00,WX-MASTER,0.7213,4.985,21.39,WEATHER_STATION,VALID,0.7050028329091027,0.009870560898491088
2025-08-21 11:00:00,WX-MASTER,0.4669,5.117,22.55,WEATHER_STATION,VALID,0.4488366079258798,0.011973548373058985
2025-08-21 12:00:00,WX-MASTER,0.9298,4.203,24.03,WEATHER_STATION,VALID,0.8831712117464189,0.002197137219259262
2025-08-21 13:00:00,WX-MASTER,0.9136,4.703,26.55,WEATHER_STATION,VALID,0.9084580541867867,0.006233102130096027
2025-08-21 14:00:00,WX-MASTER,0.8958,5.946,24.19,WEATHER_STATION,VALID,0.902374108269167,0.03226699535407407
2025-08-21 15:00:00,WX-MASTER,0.5935,6.682,25.68,WEATHER_STATION,VALID,0.5796781628814792,0.06299580812422498
2025-08-21 16:00:00,WX-MASTER,0.4665,4.938,28.09,WEATHER_STATION,VALID,0.4432403653171261,0.009185897967407403
2025-08-21 17:00:00,WX-MASTER,0.2774,6.968,29.0,WEATHER_STATION,VALID,0.26586073511881675,0.07884520550540466
2025-08-21 18:00:00,WX-MASTER,0.0,6.541,28.91,WEATHER_STATION,VALID,0.0,0.05603225221854597
2025-08-21 19:00:00,WX-MASTER,0.0,4.86,28.87,WEATHER_STATION,VALID,0.0,0.00812080592592593
2025-08-21 20:00:00,WX-MASTER,0.0,7.145,29.28,WEATHER_STATION,VALID,0.0,0.0898739653429355
2025-08-21 21:00:00,WX-MASTER,0.0,8.722,27.2,WEATHER_STATION,VALID,0.0,0.23643069531434843
2025-08-21 22:00:00,WX-MASTER,0.0,4.933,28.78,WEATHER_STATION,VALID,0.0,0.009114982960274347
2025-08-21 23:00:00,WX-MASTER,0.0,10.18,29.88,WEATHER_STATION,VALID,0.0,0.46712556027434826
2025-08-22 00:00:00,WX-MASTER,0.0,6.883,25.77,WEATHER_STATION,VALID,0.0,0.07388605360224967
2025-08-22 01:00:00,WX-MASTER,0.0,5.595,25.57,WEATHER_STATION,VALID,0.0,0.022053239074074076
2025-08-22 02:00:00,WX-MASTER,0.0,7.913,25.13,WEATHER_STATION,VALID,0.0,0.14965822548318244
2025-08-22 03:00:00,WX-MASTER,0.0,8.74,24.3,WEATHER_STATION,VALID,0.0,0.2386689795336077
2025-08-22 04:00:00,WX-MASTER,0.0,7.16,26.06,WEATHER_STATION,VALID,0.0,0.09085321305898494
2025-08-22 05:00:00,WX-MASTER,0.0,7.741,22.01,WEATHER_STATION,VALID,0.0,0.1344838597247188
2025-08-22 06:00:00,WX-MASTER,0.0,9.862,21.22,WEATHER_STATION,VALID,0.0,0.40776734191187936
2025-08-22 07:00:00,WX-MASTER,0.2626,7.12,23.15,WEATHER_STATION,VALID,0.2513905009615747,0.08825756620027436
2025-08-22 08:00:00,WX-MASTER,0.5592,10.469,21.33,WEATHER_STATION,VALID,0.5510336586084301,0.5258328056135527
2025-08-22 09:00:00,WX-MASTER,0.7549,7.986,23.17,WEATHER_STATION,VALID,0.7366408092327271,0.15642894687999995
2025-08-22 10:00:00,WX-MASTER,0.8464,6.185,22.34,WEATHER_STATION,VALID,0.8272337197380063,0.040774496700960214
2025-08-22 11:00:00,WX-MASTER,0.902,6.317,23.68,WEATHER_STATION,VALID,0.8952636179523672,0.046057113212565164
2025-08-22 12:00:00,WX-MASTER,0.8831,5.397,21.97,WEATHER_STATION,VALID,0.842634031018449,0.017380585447407414
2025-08-22 13:00:00,WX-MASTER,0.7492,6.075,25.25,WEATHER_STATION,VALID,0.7205203287984243,0.03669405092592593
2025-08-22 14:00:00,WX-MASTER,0.774,6.486,25.87,WEATHER_STATION,VALID,0.7526136061799708,0.05346166095407407
2025-08-22 15:00:00,WX-MASTER,0.6759,5.304,26.2,WEATHER_STATION,VALID,0.6499017102389576,0.015435038720000002
2025-08-22 16:00:00,WX-MASTER,0.5075,4.171,25.88,WEATHER_STATION,VALID,0.4982366268747615,0.002026427097558301
2025-08-22 17:00:00,WX-MASTER,0.2862,7.871,28.34,WEATHER_STATION,VALID,0.2768094951446592,0.1458527720797257
2025-08-22 18:00:00,WX-MASTER,0.0,7.647,29.51,WEATHER_STATION,VALID,0.0,0.12664216211407406
2025-08-22 19:00:00,WX-MASTER,0.0,4.793,28.35,WEATHER_STATION,VALID,0.0,0.007274466826392321
2025-08-22 20:00:00,WX-MASTER,0.0,7.119,28.49,WEATHER_STATION,VALID,0.0,0.08819331657925926
2025-08-22 21:00:00,WX-MASTER,0.0,8.482,29.94,WEATHER_STATION,VALID,0.0,0.20791096427237307
2025-08-22 22:00:00,WX-MASTER,0.0,8.571,30.69,WEATHER_STATION,VALID,0.0,0.21820252628
2025-08-22 23:00:00,WX-MASTER,0.0,6.649,29.21,WEATHER_STATION,VALID,0.0,0.06131713988076817
2025-08-23 00:00:00,WX-MASTER,0.0,8.931,27.61,WEATHER_STATION,VALID,0.0,0.2632958846799999
2025-08-23 01:00:00,WX-MASTER,0.0,7.736,26.2,WEATHER_STATION,VALID,0.0,0.13405881623528115
2025-08-23 02:00:00,WX-MASTER,0.0,8.216,25.55,WEATHER_STATION,VALID,0.0,0.17909070545997252
2025-08-23 03:00:00,WX-MASTER,0.0,6.442,23.09,WEATHER_STATION,VALID,0.0,0.0514627390081756
2025-08-23 04:00:00,WX-MASTER,0.0,1.968,23.65,WEATHER_STATION,VALID,0.0,0.0
2025-08-23 05:00:00,WX-MASTER,0.0,6.303,24.45,WEATHER_STATION,VALID,0.0,0.04547639396
2025-08-23 06:00:00,WX-MASTER,0.0,7.782,22.6,WEATHER_STATION,VALID,0.0,0.13800315471407407
2025-08-23 07:00:00,WX-MASTER,0.2227,6.564,21.45,WEATHER_STATION,VALID,0.21813299912162054,0.05713120512000001
2025-08-23 08:00:00,WX-MASTER,0.4689,7.415,21.22,WEATHER_STATION,VALID,0.45749494721751716,0.1086056508984911
2025-08-23 09:00:00,WX-MASTER,0.7539,7.758,22.17,WEATHER_STATION,VALID,0.7302883150719793,0.13593572635259257
2025-08-23 10:00:00,WX-MASTER,0.8257,5.667,21.07,WEATHER_STATION,VALID,0.7853093520254001,0.02394028664740741
2025-08-23 11:00:00,WX-MASTER,0.4571,5.358,22.02,WEATHER_STATION,VALID,0.44190481515079294,0.016545949759999994
2025-08-23 12:00:00,WX-MASTER,0.9549,2.947,25.68,WEATHER_STATION,VALID,0.9277054033784802,0.0
2025-08-23 13:00:00,WX-MASTER,0.9773,3.716,23.44,WEATHER_STATION,VALID,0.9513447171871214,0.00046323286737997286
2025-08-23 14:00:00,WX-MASTER,0.6216,3.992,24.62,WEATHER_STATION,VALID,0.6073299570860555,0.0012319563360219479
2025-08-23 15:00:00,WX-MASTER,0.7539,6.531,26.84,WEATHER_STATION,VALID,0.7417018625426998,0.0555588760874074
2025-08-23 16:00:00,WX-MASTER,0.3472,5.526,26.81,WEATHER_STATION,VALID,0.3331792615946235,0.02034043973925925
2025-08-23 17:00:00,WX-MASTER,0.2995,5.437,28.17,WEATHER_STATION,VALID,0.2874462828346135,0.018265303232866945
2025-08-23 18:00:00,WX-MASTER,0.0,5.517,29.65,WEATHER_STATION,VALID,0.0,0.020123797832592605
2025-08-23 19:00:00,WX-MASTER,0.0,5.601,27.11,WEATHER_STATION,VALID,0.0,0.022206563479999997
2025-08-23 20:00:00,WX-MASTER,0.0,8.075,29.99,WEATHER_STATION,VALID,0.0,0.16495612225651568
2025-08-23 21:00:00,WX-MASTER,0.0,7.247,28.27,WEATHER_STATION,VALID,0.0,0.09667341981503427
2025-08-23 22:00:00,WX-MASTER,0.0,8.637,28.27,WEATHER_STATION,VALID,0.0,0.2260499438474075
2025-08-23 23:00:00,WX-MASTER,0.0,4.678,30.37,WEATHER_STATION,VALID,0.0,0.0059626067652126195
2025-08-24 00:00:00,WX-MASTER,0.0,8.325,25.63,WEATHER_STATION,VALID,0.0,0.1905544675925925
2025-08-24 01:00:00,WX-MASTER,0.0,7.066,27.18,WEATHER_STATION,VALID,0.0,0.08483253050249658
2025-08-24 02:00:00,WX-MASTER,0.0,7.323,26.92,WEATHER_STATION,VALID,0.0,0.10195675523407412
2025-08-24 03:00:00,WX-MASTER,0.0,9.375,23.84,WEATHER_STATION,VALID,0.0,0.32696469907407416
2025-08-24 04:00:00,WX-MASTER,0.0,6.974,23.02,WEATHER_STATION,VALID,0.0,0.07920341134441702
2025-08-24 05:00:00,WX-MASTER,0.0,7.931,22.65,WEATHER_STATION,VALID,0.0,0.15130919008466392
2025-08-24 06:00:00,WX-MASTER,0.0,5.74,21.71,WEATHER_STATION,VALID,0.0,0.025960436323731143
2025-08-24 07:00:00,WX-MASTER,0.247,6.856,22.27,WEATHER_STATION,VALID,0.24108057852497625,0.07235547096669409
2025-08-24 08:00:00,WX-MASTER,0.4094,4.48,23.14,WEATHER_STATION,VALID,0.370164447334345,0.004091150397805218
2025-08-24 09:00:00,WX-MASTER,0.6701,6.223,21.75,WEATHER_STATION,VALID,0.6567719442180813,0.04225141086644719
2025-08-24 10:00:00,WX-MASTER,0.8239,6.576,23.65,WEATHER_STATION,VALID,0.8228886346710196,0.05771023322074073
2025-08-24 11:00:00,WX-MASTER,0.7316,7.332,24.77,WEATHER_STATION,VALID,0.6877489101499215,0.10259486938074075
2025-08-24 12:00:00,WX-MASTER,0.9635,4.705,24.33,WEATHER_STATION,VALID,0.9565539503822668,0.006255088360768176
2025-08-24 13:00:00,WX-MASTER,0.9204,5.019,25.29,WEATHER_STATION,VALID,0.8545183805635784,0.010386500727407412
2025-08-24 14:00:00,WX-MASTER,0.7438,4.875,24.85,WEATHER_STATION,VALID,0.7319512542299609,0.008318865740740743
2025-08-24 15:00:00,WX-MASTER,0.6546,5.455,23.33,WEATHER_STATION,VALID,0.6348770791411857,0.018673029718792866
2025-08-24 16:00:00,WX-MASTER,0.3904,4.668,28.02,WEATHER_STATION,VALID,0.36492656856352756,0.005856638767407409
2025-08-24 17:00:00,WX-MASTER,0.262,3.305,29.0,WEATHER_STATION,VALID,0.2558933216610524,3.5806330589849165e-05
2025-08-24 18:00:00,WX-MASTER,0.0,4.983,28.89,WEATHER_STATION,VALID,0.0,0.009840755500740735
2025-08-24 19:00:00,WX-MASTER,0.0,6.528,30.04,WEATHER_STATION,VALID,0.0,0.05541738495999998
2025-08-24 20:00:00,WX-MASTER,0.0,6.66,28.41,WEATHER_STATION,VALID,0.0,0.061873339259259266
2025-08-24 21:00:00,WX-MASTER,0.0,7.821,29.57,WEATHER_STATION,VALID,0.0,0.14140725553925923
2025-08-24 22:00:00,WX-MASTER,0.0,8.421,30.36,WEATHER_STATION,VALID,0.0,0.20104742768740735
2025-08-24 23:00:00,WX-MASTER,0.0,6.923,28.84,WEATHER_STATION,VALID,0.0,0.07619302626836762
2025-08-25 00:00:00,WX-MASTER,0.0,5.549,28.91,WEATHER_STATION,VALID,0.0,0.020901131875281215
2025-08-25 01:00:00,WX-MASTER,0.0,8.197,28.07,WEATHER_STATION,VALID,0.0,0.17714073791928658
2025-08-25 02:00:00,WX-MASTER,0.0,7.654,24.08,WEATHER_STATION,VALID,0.0,0.12721532620422493
2025-08-25 03:00:00,WX-MASTER,0.0,7.258,25.51,WEATHER_STATION,VALID,0.0,0.0974265379849657
2025-08-25 04:00:00,WX-MASTER,0.0,9.045,23.04,WEATHER_STATION,VALID,0.0,0.27877204092592595
2025-08-25 05:00:00,WX-MASTER,0.0,7.856,21.74,WEATHER_STATION,VALID,0.0,0.14450947831923186
2025-08-25 06:00:00,WX-MASTER,0.0,7.201,22.17,WEATHER_STATION,VALID,0.0,0.09356606034694098
2025-08-25 07:00:00,WX-MASTER,0.2826,7.001,24.27,WEATHER_STATION,VALID,0.27578968959816025,0.08082876685997259
2025-08-25 08:00:00,WX-MASTER,0.4949,7.631,21.4,WEATHER_STATION,VALID,0.46943551475185025,0.12533854302293554
2025-08-25 09:00:00,WX-MASTER,0.6443,5.38,20.06,WEATHER_STATION,VALID,0.6324815579946683,0.017013402249657063
2025-08-25 10:00:00,WX-MASTER,0.7616,4.909,20.78,WEATHER_STATION,VALID,0.7456190114564847,0.008779667811632369
2025-08-25 11:00:00,WX-MASTER,0.8162,5.568,23.65,WEATHER_STATION,VALID,0.7850028878345385,0.021372009434074062
2025-08-25 12:00:00,WX-MASTER,0.7309,4.216,22.89,WEATHER_STATION,VALID,0.7070815552066645,0.0022691386012620033
2025-08-25 13:00:00,WX-MASTER,0.899,5.626,22.19,WEATHER_STATION,VALID,0.8457369311463189,0.02285306549508917
2025-08-25 14:00:00,WX-MASTER,0.8091,5.817,23.86,WEATHER_STATION,VALID,0.7807945003402219,0.028211153240000002
2025-08-25 15:00:00,WX-MASTER,0.7269,5.674,26.65,WEATHER_STATION,VALID,0.7051735220654299,0.024129288041262013
2025-08-25 16:00:00,WX-MASTER,0.4652,5.429,28.23,WEATHER_STATION,VALID,0.45242152071950226,0.018086013198738
2025-08-25 17:00:00,WX-MASTER,0.3064,8.237,27.49,WEATHER_STATION,VALID,0.2989493182876447,0.1812625230298491
2025-08-25 18:00:00,WX-MASTER,0.0,7.539,29.36,WEATHER_STATION,VALID,0.0,0.11801598819407406
2025-08-25 19:00:00,WX-MASTER,0.0,6.444,30.03,WEATHER_STATION,VALID,0.0,0.05155249957925925
2025-08-25 20:00:00,WX-MASTER,0.0,6.952,28.11,WEATHER_STATION,VALID,0.0,0.0778952735464472
2025-08-25 21:00:00,WX-MASTER,0.0,8.871,28.78,WEATHER_STATION,VALID,0.0,0.2553856790207409
2025-08-25 22:00:00,WX-MASTER,0.0,6.545,27.86,WEATHER_STATION,VALID,0.0,0.056222352997256524
2025-08-25 23:00:00,WX-MASTER,0.0,6.23,28.67,WEATHER_STATION,VALID,0.0,0.042527305404663936
2025-08-26 00:00:00,WX-MASTER,0.0,7.884,26.55,WEATHER_STATION,VALID,0.0,0.147023671845926
2025-08-26 01:00:00,WX-MASTER,0.0,8.189,24.98,WEATHER_STATION,VALID,0.0,0.17632395194441705
2025-08-26 02:00:00,WX-MASTER,0.0,8.281,25.59,WEATHER_STATION,VALID,0.0,0.18586978710249663
2025-08-26 03:00:00,WX-MASTER,0.0,8.649,25.96,WEATHER_STATION,VALID,0.0,0.22749665911259254
2025-08-26 04:00:00,WX-MASTER,0.0,6.485,24.39,WEATHER_STATION,VALID,0.0,0.0534156658367627
2025-08-26 05:00:00,WX-MASTER,0.0,5.417,24.26,WEATHER_STATION,VALID,0.0,0.01781928402737997
2025-08-26 06:00:00,WX-MASTER,0.0,6.26,23.6,WEATHER_STATION,VALID,0.0,0.04372331676268862
2025-08-26 07:00:00,WX-MASTER,0.306,7.522,22.2,WEATHER_STATION,VALID,0.2953138244004468,0.11669492603039784
2025-08-26 08:00:00,WX-MASTER,0.5059,5.307,21.31,WEATHER_STATION,VALID,0.48686712384905356,0.015495410380740747
2025-08-26 09:00:00,WX-MASTER,0.6368,3.74,21.11,WEATHER_STATION,VALID,0.6019753072042058,0.0005113937997256522
2025-08-26 10:00:00,WX-MASTER,0.7365,6.219,20.6,WEATHER_STATION,VALID,0.7186350335637989,0.042094293912592604
2025-08-26 11:00:00,WX-MASTER,0.691,5.114,24.48,WEATHER_STATION,VALID,0.6726699828440097,0.011922717339478736
2025-08-26 12:00:00,WX-MASTER,0.8604,3.48,23.38,WEATHER_STATION,VALID,0.8455538442781003,0.0001395674074074074
2025-08-26 13:00:00,WX-MASTER,0.9684,5.76,22.58,WEATHER_STATION,VALID,0.9316280570370915,0.026533072592592587
2025-08-26 14:00:00,WX-MASTER,0.8391,5.167,27.01,WEATHER_STATION,VALID,0.837783246002062,0.012842129143978049
2025-08-26 15:00:00,WX-MASTER,0.6666,7.921,26.55,WEATHER_STATION,VALID,0.6428050202574515,0.15039049685064476
2025-08-26 16:00:00,WX-MASTER,0.44,5.993,28.44,WEATHER_STATION,VALID,0.421024276361515,0.03383611166589851
2025-08-26 17:00:00,WX-MASTER,0.2776,6.828,27.69,WEATHER_STATION,VALID,0.26513429599377514,0.07079068036740742
2025-08-26 18:00:00,WX-MASTER,0.0,6.272,27.61,WEATHER_STATION,VALID,0.0,0.04420793041997258
2025-08-26 19:00:00,WX-MASTER,0.0,5.772,29.45,WEATHER_STATION,VALID,0.0,0.026880663040000016
2025-08-26 20:00:00,WX-MASTER,0.0,6.176,29.66,WEATHER_STATION,VALID,0.0,0.04042981744021949
2025-08-26 21:00:00,WX-MASTER,0.0,8.465,28.58,WEATHER_STATION,VALID,0.0,0.20598272435528123
2025-08-26 22:00:00,WX-MASTER,0.0,8.255,30.14,WEATHER_STATION,VALID,0.0,0.18313799707133072
2025-08-26 23:00:00,WX-MASTER,0.0,5.529,29.14,WEATHER_STATION,VALID,0.0,0.020412997719999992
2025-08-27 00:00:00,WX-MASTER,0.0,5.945,27.94,WEATHER_STATION,VALID,0.0,0.03223414805898492
2025-08-27 01:00:00,WX-MASTER,0.0,6.079,25.09,WEATHER_STATION,VALID,0.0,0.03683743357459533
2025-08-27 02:00:00,WX-MASTER,0.0,9.002,24.01,WEATHER_STATION,VALID,0.0,0.27286527605947886
2025-08-27 03:00:00,WX-MASTER,0.0,5.3,26.05,WEATHER_STATION,VALID,0.0,0.015354787379972562
2025-08-27 04:00:00,WX-MASTER,0.0,8.438,21.14,WEATHER_STATION,VALID,0.0,0.20294479102639243
2025-08-27 05:00:00,WX-MASTER,0.0,7.745,22.93,WEATHER_STATION,VALID,0.0,0.13482454065157753
2025-08-27 06:00:00,WX-MASTER,0.0,7.189,22.66,WEATHER_STATION,VALID,0.0,0.09276654459187927
2025-08-27 07:00:00,WX-MASTER,0.2844,6.13,21.54,WEATHER_STATION,VALID,0.2732580403671605,0.03869842694101507
2025-08-27 08:00:00,WX-MASTER,0.5001,8.029,21.97,WEATHER_STATION,VALID,0.47124175817680447,0.16051114984620032
2025-08-27 09:00:00,WX-MASTER,0.7213,6.38,22.64,WEATHER_STATION,VALID,0.6966467330361232,0.04873156960219478
2025-08-27 10:00:00,WX-MASTER,0.7888,4.132,21.78,WEATHER_STATION,VALID,0.7786788283850055,0.0018306258032373096
2025-08-27 11:00:00,WX-MASTER,0.9723,4.254,24.1,WEATHER_STATION,VALID,0.9518646969911025,0.002488587460740738
2025-08-27 12:00:00,WX-MASTER,0.9002,3.565,24.46,WEATHER_STATION,VALID,0.8734682190125851,0.00022761749657064457
2025-08-27 13:00:00,WX-MASTER,0.8792,7.202,24.39,WEATHER_STATION,VALID,0.8397028045549502,0.09363289324466394
2025-08-27 14:00:00,WX-MASTER,0.6425,7.499,24.52,WEATHER_STATION,VALID,0.6254114887110976,0.11492335036910833
2025-08-27 15:00:00,WX-MASTER,0.6255,7.133,26.31,WEATHER_STATION,VALID,0.6162377245889955,0.08909565293009601
2025-08-27 16:00:00,WX-MASTER,0.5528,5.67,29.8,WEATHER_STATION,VALID,0.539787524074649,0.024021165925925916
2025-08-27 17:00:00,WX-MASTER,0.2318,4.19,27.08,WEATHER_STATION,VALID,0.2254257381848152,0.0021266752812071354
2025-08-27 18:00:00,WX-MASTER,0.0,4.903,30.38,WEATHER_STATION,VALID,0.0,0.008697144061508913
2025-08-27 19:00:00,WX-MASTER,0.0,5.241,26.79,WEATHER_STATION,VALID,0.0,0.014203189079999996
2025-08-27 20:00:00,WX-MASTER,0.0,6.729,27.98,WEATHER_STATION,VALID,0.0,0.06543911979407407
2025-08-27 21:00:00,WX-MASTER,0.0,8.842,28.24,WEATHER_STATION,VALID,0.0,0.2516198835020028
2025-08-27 22:00:00,WX-MASTER,0.0,9.06,29.68,WEATHER_STATION,VALID,0.0,0.28085242074074074
2025-08-27 23:00:00,WX-MASTER,0.0,6.807,28.05,WEATHER_STATION,VALID,0.0,0.06963200964000002
2025-08-28 00:00:00,WX-MASTER,0.0,4.639,28.82,WEATHER_STATION,VALID,0.0,0.005556446789410154
2025-08-28 01:00:00,WX-MASTER,0.0,6.091,26.0,WEATHER_STATION,VALID,0.0,0.03726982162595336
2025-08-28 02:00:00,WX-MASTER,0.0,9.148,25.43,WEATHER_STATION,VALID,0.0,0.29326610794052127
2025-08-28 03:00:00,WX-MASTER,0.0,7.831,24.2,WEATHER_STATION,VALID,0.0,0.1422890276210151
2025-08-28 04:00:00,WX-MASTER,0.0,6.932,26.18,WEATHER_STATION,VALID,0.0,0.07671862782244174
2025-08-28 05:00:00,WX-MASTER,0.0,6.653,21.68,WEATHER_STATION,VALID,0.0,0.0615190068461454
2025-08-28 06:00:00,WX-MASTER,0.0,6.001,21.85,WEATHER_STATION,VALID,0.0,0.03410815950743486
2025-08-28 07:00:00,WX-MASTER,0.2893,5.158,20.94,WEATHER_STATION,VALID,0.2806936897020168,0.012682784701015094
2025-08-28 08:00:00,WX-MASTER,0.519,9.156,22.68,WEATHER_STATION,VALID,0.5281852450454911,0.2944124236800001
2025-08-28 09:00:00,WX-MASTER,0.7254,8.445,20.75,WEATHER_STATION,VALID,0.705284805985119,0.203729515
2025-08-28 10:00:00,WX-MASTER,0.6325,4.92,24.65,WEATHER_STATION,VALID,0.615377738909421,0.008932314074074073
2025-08-28 11:00:00,WX-MASTER,0.7212,3.528,23.12,WEATHER_STATION,VALID,0.6810601566397163,0.00018576421925925931
2025-08-28 12:00:00,WX-MASTER,0.539,5.902,24.24,WEATHER_STATION,VALID,0.5184362041037518,0.030842709497064486
2025-08-28 13:00:00,WX-MASTER,0.848,5.428,25.15,WEATHER_STATION,VALID,0.8371546441124935,0.018063684789903982
2025-08-28 14:00:00,WX-MASTER,0.8191,6.443,25.47,WEATHER_STATION,VALID,0.7781189094080534,0.05150760625849107
2025-08-28 15:00:00,WX-MASTER,0.6866,6.81,26.55,WEATHER_STATION,VALID,0.6437813186618642,0.06979675407407405
2025-08-28 16:00:00,WX-MASTER,0.5505,4.313,27.35,WEATHER_STATION,VALID,0.5342518450033313,0.002856633186886143
2025-08-28 17:00:00,WX-MASTER,0.3037,7.687,28.59,WEATHER_STATION,VALID,0.3008334266038023,0.12994068730694103
2025-08-28 18:00:00,WX-MASTER,0.0,5.793,27.54,WEATHER_STATION,VALID,0.0,0.027496227100740747
2025-08-28 19:00:00,WX-MASTER,0.0,7.296,27.69,WEATHER_STATION,VALID,0.0,0.10005829935407412
2025-08-28 20:00:00,WX-MASTER,0.0,6.427,29.98,WEATHER_STATION,VALID,0.0,0.050792853558792844
2025-08-28 21:00:00,WX-MASTER,0.0,8.216,28.87,WEATHER_STATION,VALID,0.0,0.17909070545997252
2025-08-28 22:00:00,WX-MASTER,0.0,4.169,26.12,WEATHER_STATION,VALID,0.0,0.0020160617617009575
2025-08-28 23:00:00,WX-MASTER,0.0,8.381,27.4,WEATHER_STATION,VALID,0.0,0.19662977178836769
2025-08-29 00:00:00,WX-MASTER,0.0,6.444,29.06,WEATHER_STATION,VALID,0.0,0.05155249957925925
2025-08-29 01:00:00,WX-MASTER,0.0,7.683,26.19,WEATHER_STATION,VALID,0.0,0.12960828750074074
2025-08-29 02:00:00,WX-MASTER,0.0,9.199,24.84,WEATHER_STATION,VALID,0.0,0.3006250791647187
2025-08-29 03:00:00,WX-MASTER,0.0,6.464,22.78,WEATHER_STATION,VALID,0.0,0.052455852450589875
2025-08-29 04:00:00,WX-MASTER,0.0,6.125,23.05,WEATHER_STATION,VALID,0.0,0.03851326731824417
2025-08-29 05:00:00,WX-MASTER,0.0,6.701,21.61,WEATHER_STATION,VALID,0.0,0.06397606942787377
2025-08-29 06:00:00,WX-MASTER,0.0,6.39,22.96,WEATHER_STATION,VALID,0.0,0.049165379259259255
2025-08-29 07:00:00,WX-MASTER,0.3048,5.337,22.16,WEATHER_STATION,VALID,0.28734063947956545,0.016107807699259256
2025-08-29 08:00:00,WX-MASTER,0.4852,6.579,21.54,WEATHER_STATION,VALID,0.4597192894421026,0.05785559897925924
2025-08-29 09:00:00,WX-MASTER,0.6732,6.396,21.18,WEATHER_STATION,VALID,0.6455717922238837,0.0494268966874074
2025-08-29 10:00:00,WX-MASTER,0.8866,6.569,24.28,WEATHER_STATION,VALID,0.8582755215369267,0.057371993811083676
2025-08-29 11:00:00,WX-MASTER,0.9129,4.721,22.16,WEATHER_STATION,VALID,0.8908279529593205,0.00643284237602195
2025-08-29 12:00:00,WX-MASTER,0.8782,4.434,22.89,WEATHER_STATION,VALID,0.8561310314179836,0.0037214119940740756
2025-08-29 13:00:00,WX-MASTER,0.9614,5.445,24.28,WEATHER_STATION,VALID,0.9486677829070075,0.018445774259259272
2025-08-29 14:00:00,WX-MASTER,0.8866,5.286,25.35,WEATHER_STATION,VALID,0.8752758389758201,0.01507609887999999
2025-08-29 15:00:00,WX-MASTER,0.6852,5.384,26.96,WEATHER_STATION,VALID,0.6556776258569564,0.01709932836170097
2025-08-29 16:00:00,WX-MASTER,0.4969,4.894,28.35,WEATHER_STATION,VALID,0.4837712270362612,0.008574330569657066
2025-08-29 17:00:00,WX-MASTER,0.2749,6.431,28.98,WEATHER_STATION,VALID,0.26315696661296895,0.05097091773898492
2025-08-29 18:00:00,WX-MASTER,0.0,5.005,31.43,WEATHER_STATION,VALID,0.0,0.010171931570644718
2025-08-29 19:00:00,WX-MASTER,0.0,6.325,26.83,WEATHER_STATION,VALID,0.0,0.04639116169410152
2025-08-29 20:00:00,WX-MASTER,0.0,6.347,29.26,WEATHER_STATION,VALID,0.0,0.04731811507429357
2025-08-29 21:00:00,WX-MASTER,0.0,6.952,28.23,WEATHER_STATION,VALID,0.0,0.0778952735464472
2025-08-29 22:00:00,WX-MASTER,0.0,8.76,30.92,WEATHER_STATION,VALID,0.0,0.24117248000000005
2025-08-29 23:00:00,WX-MASTER,0.0,5.691,28.16,WEATHER_STATION,VALID,0.0,0.024592427079999996
2025-08-30 00:00:00,WX-MASTER,0.0,4.395,24.78,WEATHER_STATION,VALID,0.0,0.0034259649999999965
2025-08-30 01:00:00,WX-MASTER,0.0,6.793,26.89,WEATHER_STATION,VALID,0.0,0.0688666293503978
2025-08-30 02:00:00,WX-MASTER,0.0,6.063,25.78,WEATHER_STATION,VALID,0.0,0.03626613630074074
2025-08-30 03:00:00,WX-MASTER,0.0,3.571,25.47,WEATHER_STATION,VALID,0.0,0.00023494630743484254
2025-08-30 04:00:00,WX-MASTER,0.0,9.622,22.84,WEATHER_STATION,VALID,0.0,0.3664610556106447
2025-08-30 05:00:00,WX-MASTER,0.0,7.891,23.38,WEATHER_STATION,VALID,0.0,0.1476567439963237
2025-08-30 06:00:00,WX-MASTER,0.0,7.801,22.11,WEATHER_STATION,VALID,0.0,0.1396546552111386
2025-08-30 07:00:00,WX-MASTER,0.2704,6.309,21.28,WEATHER_STATION,VALID,0.2671705404126712,0.04572467217925927
2025-08-30 08:00:00,WX-MASTER,0.4668,6.967,22.37,WEATHER_STATION,VALID,0.45689314648114243,0.07878560973657062
2025-08-30 09:00:00,WX-MASTER,0.7417,5.62,22.26,WEATHER_STATION,VALID,0.7188443506013509,0.022696776076817558
2025-08-30 10:00:00,WX-MASTER,0.7004,7.004,23.69,WEATHER_STATION,VALID,0.6910537675555876,0.08101072249503427
2025-08-30 11:00:00,WX-MASTER,0.8939,6.011,23.02,WEATHER_STATION,VALID,0.9011202523817847,0.03445026488960219
2025-08-30 12:00:00,WX-MASTER,0.996,5.592,24.44,WEATHER_STATION,VALID,0.9708621121050633,0.021976842239999995
2025-08-30 13:00:00,WX-MASTER,0.8766,5.628,23.11,WEATHER_STATION,VALID,0.8518372783954364,0.02290532096000001
2025-08-30 14:00:00,WX-MASTER,0.7188,7.489,27.14,WEATHER_STATION,VALID,0.6990757012155809,0.1141587264684225
2025-08-30 15:00:00,WX-MASTER,0.6909,5.874,25.44,WEATHER_STATION,VALID,0.6837536361318673,0.029958536260740732
2025-08-30 16:00:00,WX-MASTER,0.4653,4.453,28.3,WEATHER_STATION,VALID,0.4471588994083377,0.0038713028022496596
2025-08-30 17:00:00,WX-MASTER,0.2292,6.418,28.25,WEATHER_STATION,VALID,0.2213671442297113,0.050393726449163234
2025-08-30 18:00:00,WX-MASTER,0.0,6.845,28.66,WEATHER_STATION,VALID,0.0,0.07173801102194785
2025-08-30 19:00:00,WX-MASTER,0.0,6.275,29.76,WEATHER_STATION,VALID,0.0,0.04432964077503431
2025-08-30 20:00:00,WX-MASTER,0.0,6.656,26.39,WEATHER_STATION,VALID,0.0,0.061670697479725645
2025-08-30 21:00:00,WX-MASTER,0.0,5.589,28.15,WEATHER_STATION,VALID,0.0,0.021900622045925945
2025-08-30 22:00:00,WX-MASTER,0.0,7.324,29.39,WEATHER_STATION,VALID,0.0,0.10202752576965707
2025-08-30 23:00:00,WX-MASTER,0.0,5.799,30.24,WEATHER_STATION,VALID,0.0,0.027673812520000018
2025-08-31 00:00:00,WX-MASTER,0.0,7.157,27.17,WEATHER_STATION,VALID,0.0,0.09065679734096023
2025-08-31 01:00:00,WX-MASTER,0.0,6.675,23.43,WEATHER_STATION,VALID,0.0,0.06263719907407407
2025-08-31 02:00:00,WX-MASTER,0.0,8.817,25.07,WEATHER_STATION,VALID,0.0,0.24840337398074072
2025-08-31 03:00:00,WX-MASTER,0.0,9.481,24.47,WEATHER_STATION,VALID,0.0,0.3435471605345954
2025-08-31 04:00:00,WX-MASTER,0.0,5.843,25.03,WEATHER_STATION,VALID,0.0,0.028999524579478735
2025-08-31 05:00:00,WX-MASTER,0.0,7.136,23.03,WEATHER_STATION,VALID,0.0,0.08928980803775034
2025-08-31 06:00:00,WX-MASTER,0.0,6.51,20.88,WEATHER_STATION,VALID,0.0,0.05457347999999999
2025-08-31 07:00:00,WX-MASTER,0.2572,7.263,23.22,WEATHER_STATION,VALID,0.24565174394509615,0.09777015348592594
2025-08-31 08:00:00,WX-MASTER,0.5038,6.524,22.63,WEATHER_STATION,VALID,0.4916485737181207,0.05522910408515775
2025-08-31 09:00:00,WX-MASTER,0.6416,5.644,21.23,WEATHER_STATION,VALID,0.6442240701283574,0.023326235261015096
2025-08-31 10:00:00,WX-MASTER,0.82,6.047,23.28,WEATHER_STATION,VALID,0.7979258748916929,0.035700776457009586
2025-08-31 11:00:00,WX-MASTER,0.888,5.465,22.32,WEATHER_STATION,VALID,0.8510288817362354,0.01890214410836762
2025-08-31 12:00:00,WX-MASTER,0.8448,7.685,23.34,WEATHER_STATION,VALID,0.8246561922002538,0.12977441645404664
2025-08-31 13:00:00,WX-MASTER,0.7341,4.525,23.9,WEATHER_STATION,VALID,0.7069014989905624,0.0044757913237311415
2025-08-31 14:00:00,WX-MASTER,0.7954,5.897,25.07,WEATHER_STATION,VALID,0.754904803868178,0.03068356270392318
2025-08-31 15:00:00,WX-MASTER,0.6462,6.298,27.44,WEATHER_STATION,VALID,0.6336091422084713,0.045270183298545964
2025-08-31 16:00:00,WX-MASTER,0.39,6.341,25.05,WEATHER_STATION,VALID,0.3848393312432159,0.04706409650935529
2025-08-31 17:00:00,WX-MASTER,0.2839,5.572,29.25,WEATHER_STATION,VALID,0.2740590039369789,0.02147203427731139
2025-08-31 18:00:00,WX-MASTER,0.0,7.967,28.69,WEATHER_STATION,VALID,0.0,0.15464745560762688
2025-08-31 19:00:00,WX-MASTER,0.0,3.726,28.36,WEATHER_STATION,VALID,0.0,0.00048291440592592593
2025-08-31 20:00:00,WX-MASTER,0.0,5.281,28.97,WEATHER_STATION,VALID,0.0,0.014977390559286692
2025-08-31 21:00:00,WX-MASTER,0.0,7.816,27.74,WEATHER_STATION,VALID,0.0,0.1409677388975583
2025-08-31 22:00:00,WX-MASTER,0.0,6.033,26.52,WEATHER_STATION,VALID,0.0,0.03521093276000001
2025-08-31 23:00:00,WX-MASTER,0.0,6.137,26.86,WEATHER_STATION,VALID,0.0,0.03895864604219477
2025-09-01 00:00:00,WX-MASTER,0.0,6.854,24.91,WEATHER_STATION,VALID,0.0,0.07224294303824418
2025-09-01 01:00:00,WX-MASTER,0.0,6.503,24.71,WEATHER_STATION,VALID,0.0,0.054247622722688627
2025-09-01 02:00:00,WX-MASTER,0.0,8.346,23.48,WEATHER_STATION,VALID,0.0,0.19281781727999997
2025-09-01 03:00:00,WX-MASTER,0.0,8.621,25.99,WEATHER_STATION,VALID,0.0,0.224130548993306
2025-09-01 04:00:00,WX-MASTER,0.0,7.424,22.14,WEATHER_STATION,VALID,0.0,0.10927118527034296
2025-09-01 05:00:00,WX-MASTER,0.0,8.492,22.91,WEATHER_STATION,VALID,0.0,0.20905082448417023
2025-09-01 06:00:00,WX-MASTER,0.0,5.09,23.74,WEATHER_STATION,VALID,0.0,0.011521238244170095
2025-09-01 07:00:00,WX-MASTER,0.1565,6.737,23.07,WEATHER_STATION,VALID,0.1528342933591632,0.06586119290639232
2025-09-01 08:00:00,WX-MASTER,0.4582,8.13,21.58,WEATHER_STATION,VALID,0.4468024414591904,0.17037756000000007
2025-09-01 10:00:00,WX-MASTER,0.7811,7.771,22.62,WEATHER_STATION,VALID,0.7531835610535846,0.1370530007271879
2025-09-01 11:00:00,WX-MASTER,0.4214,4.956,25.49,WEATHER_STATION,VALID,0.4003555027724113,0.009444236420740748
2025-09-01 12:00:00,WX-MASTER,0.9933,6.79,24.18,WEATHER_STATION,VALID,0.9656798590302575,0.06870335237311385
2025-09-01 13:00:00,WX-MASTER,0.9228,4.981,25.33,WEATHER_STATION,VALID,0.8922885017497714,0.009811010164224964
2025-09-01 14:00:00,WX-MASTER,0.863,6.315,28.15,WEATHER_STATION,VALID,0.81263913125341,0.04597385240740744
2025-09-01 15:00:00,WX-MASTER,0.745,7.319,26.67,WEATHER_STATION,VALID,0.7283231202673314,0.10167400035429354
2025-09-01 16:00:00,WX-MASTER,0.5187,4.718,28.56,WEATHER_STATION,VALID,0.5106498443043049,0.006399260320219479
2025-09-01 17:00:00,WX-MASTER,0.2678,3.526,28.48,WEATHER_STATION,VALID,0.2699224079609143,0.00018366124817558282
2025-09-01 18:00:00,WX-MASTER,0.0,8.569,29.02,WEATHER_STATION,VALID,0.0,0.21796760522397815
2025-09-01 19:00:00,WX-MASTER,0.0,7.056,27.66,WEATHER_STATION,VALID,0.0,0.0842081522725926
2025-09-01 20:00:00,WX-MASTER,0.0,6.543,27.58,WEATHER_STATION,VALID,0.0,0.05612724895259259
2025-09-01 21:00:00,WX-MASTER,0.0,6.722,28.2,WEATHER_STATION,VALID,0.0,0.06507128834589854
2025-09-01 22:00:00,WX-MASTER,0.0,4.431,29.52,WEATHER_STATION,VALID,0.0,0.00369810468
2025-09-01 23:00:00,WX-MASTER,0.0,7.608,28.91,WEATHER_STATION,VALID,0.0,0.12348030976000002
2025-09-02 00:00:00,WX-MASTER,0.0,6.751,28.77,WEATHER_STATION,VALID,0.0,0.06660418086545955
2025-09-02 01:00:00,WX-MASTER,0.0,7.571,26.31,WEATHER_STATION,VALID,0.0,0.12052966872170093
2025-09-02 02:00:00,WX-MASTER,0.0,7.537,26.06,WEATHER_STATION,VALID,0.0,0.1178600542945953
2025-09-02 03:00:00,WX-MASTER,0.0,3.033,25.16,WEATHER_STATION,VALID,0.0,4.5352592592592255e-08
2025-09-02 04:00:00,WX-MASTER,0.0,7.926,23.54,WEATHER_STATION,VALID,0.0,0.15084937722074077
2025-09-02 05:00:00,WX-MASTER,0.0,7.346,22.56,WEATHER_STATION,VALID,0.0,0.10359277453651579
2025-09-02 06:00:00,WX-MASTER,0.0,7.292,20.6,WEATHER_STATION,VALID,0.0,0.09977906705207132
2025-09-02 07:00:00,WX-MASTER,0.2824,6.379,21.85,WEATHER_STATION,VALID,0.2727436518736997,0.04868832952521261
2025-09-02 08:00:00,WX-MASTER,0.4562,6.42,21.79,WEATHER_STATION,VALID,0.442436736734247,0.050482240000000005
2025-09-02 09:00:00,WX-MASTER,0.5421,6.331,23.4,WEATHER_STATION,VALID,0.5297379449499713,0.0466427552753361
2025-09-02 10:00:00,WX-MASTER,0.7568,6.24,23.86,WEATHER_STATION,VALID,0.7504323803477355,0.04292352000000002
2025-09-02 11:00:00,WX-MASTER,0.9644,6.321,23.12,WEATHER_STATION,VALID,0.9460673964981016,0.046223936279999996
2025-09-02 12:00:00,WX-MASTER,0.9221,5.945,26.14,WEATHER_STATION,VALID,0.9077451788785273,0.03223414805898492
2025-09-02 13:00:00,WX-MASTER,0.9644,7.92,24.74,WEATHER_STATION,VALID,0.9563873420544374,0.15029883259259258
2025-09-02 14:00:00,WX-MASTER,0.7959,4.577,26.66,WEATHER_STATION,VALID,0.7788244575435588,0.004949432195281207
2025-09-02 15:00:00,WX-MASTER,0.744,5.106,26.2,WEATHER_STATION,VALID,0.7212703476968919,0.011787871679999999
2025-09-02 16:00:00,WX-MASTER,0.4974,7.93,25.8,WEATHER_STATION,VALID,0.490006983932569,0.15121715286694096
2025-09-02 17:00:00,WX-MASTER,0.2691,5.717,27.38,WEATHER_STATION,VALID,0.2653582019827842,0.0253121604224417
2025-09-02 18:00:00,WX-MASTER,0.0,7.358,30.22,WEATHER_STATION,VALID,0.0,0.10445325467083673
2025-09-02 19:00:00,WX-MASTER,0.0,6.576,28.48,WEATHER_STATION,VALID,0.0,0.05771023322074073
2025-09-02 20:00:00,WX-MASTER,0.0,6.365,28.36,WEATHER_STATION,VALID,0.0,0.048085651515775055
2025-09-02 21:00:00,WX-MASTER,0.0,8.194,28.79,WEATHER_STATION,VALID,0.0,0.17683414824866955
2025-09-02 22:00:00,WX-MASTER,0.0,7.809,27.98,WEATHER_STATION,VALID,0.0,0.14035394699407408
2025-09-02 23:00:00,WX-MASTER,0.0,5.321,29.32,WEATHER_STATION,VALID,0.0,0.0157792268698491
2025-09-03 00:00:00,WX-MASTER,0.0,7.646,29.41,WEATHER_STATION,VALID,0.0,0.12656042233898493
2025-09-03 01:00:00,WX-MASTER,0.0,6.189,26.31,WEATHER_STATION,VALID,0.0,0.04092831419407408
2025-09-03 02:00:00,WX-MASTER,0.0,9.129,26.05,WEATHER_STATION,VALID,0.0,0.2905555417199999
2025-09-03 03:00:00,WX-MASTER,0.0,9.683,25.66,WEATHER_STATION,VALID,0.0,0.3766818393251577
2025-09-03 04:00:00,WX-MASTER,0.0,9.704,23.78,WEATHER_STATION,VALID,0.0,0.3802439527172566
2025-09-03 05:00:00,WX-MASTER,0.0,7.544,21.87,WEATHER_STATION,VALID,0.0,0.11840642453947871
2025-09-03 06:00:00,WX-MASTER,0.0,6.251,21.88,WEATHER_STATION,VALID,0.0,0.04336218994639234
2025-09-03 07:00:00,WX-MASTER,0.3027,7.015,22.52,WEATHER_STATION,VALID,0.2861314143224636,0.08168022922496569
2025-09-03 08:00:00,WX-MASTER,0.5345,5.114,22.37,WEATHER_STATION,VALID,0.5161602001987423,0.011922717339478736
2025-09-03 09:00:00,WX-MASTER,0.6414,9.135,19.87,WEATHER_STATION,VALID,0.6349032943462997,0.2914096975925926
2025-09-03 10:00:00,WX-MASTER,0.8494,7.415,21.85,WEATHER_STATION,VALID,0.8297883139509193,0.1086056508984911
2025-09-03 11:00:00,WX-MASTER,0.9631,6.078,22.04,WEATHER_STATION,VALID,0.9633572830869045,0.03680155296000001
2025-09-03 12:00:00,WX-MASTER,0.9906,6.852,24.71,WEATHER_STATION,VALID,0.9635154627285389,0.07213053184000003
2025-09-03 13:00:00,WX-MASTER,0.9619,4.855,23.66,WEATHER_STATION,VALID,0.9683611220302152,0.008055491447187936
2025-09-03 14:00:00,WX-MASTER,0.782,4.06,24.85,WEATHER_STATION,VALID,0.760622323975315,0.001503065459533606
2025-09-03 15:00:00,WX-MASTER,0.6427,2.696,25.71,WEATHER_STATION,VALID,0.6236357212950701,0.0
2025-09-03 16:00:00,WX-MASTER,0.5176,5.816,28.1,WEATHER_STATION,VALID,0.4921388153573774,0.028181120077256514
2025-09-03 17:00:00,WX-MASTER,0.1526,5.626,29.04,WEATHER_STATION,VALID,0.15056407811253014,0.02285306549508917
2025-09-03 18:00:00,WX-MASTER,0.0,6.801,29.02,WEATHER_STATION,VALID,0.0,0.06930329888740741
2025-09-03 19:00:00,WX-MASTER,0.0,6.397,30.11,WEATHER_STATION,VALID,0.0,0.04947057288224967
2025-09-03 20:00:00,WX-MASTER,0.0,7.257,30.38,WEATHER_STATION,VALID,0.0,0.09735791163999999
2025-09-03 21:00:00,WX-MASTER,0.0,7.946,26.61,WEATHER_STATION,VALID,0.0,0.15269423310441702
2025-09-03 22:00:00,WX-MASTER,0.0,5.216,29.14,WEATHER_STATION,VALID,0.0,0.013733131138984913
2025-09-03 23:00:00,WX-MASTER,0.0,8.424,27.43,WEATHER_STATION,VALID,0.0,0.20138139344592584
2025-09-04 00:00:00,WX-MASTER,0.0,6.871,25.63,WEATHER_STATION,VALID,0.0,0.07320315731978055
2025-09-04 01:00:00,WX-MASTER,0.0,8.135,25.91,WEATHER_STATION,VALID,0.0,0.17087622571330582
2025-09-04 02:00:00,WX-MASTER,0.0,8.785,26.26,WEATHER_STATION,VALID,0.0,0.24432639601508918
2025-09-04 03:00:00,WX-MASTER,0.0,8.721,26.23,WEATHER_STATION,VALID,0.0,0.236306758205926
2025-09-04 04:00:00,WX-MASTER,0.0,7.416,22.02,WEATHER_STATION,VALID,0.0,0.10867946533925928
2025-09-04 05:00:00,WX-MASTER,0.0,7.291,23.65,WEATHER_STATION,VALID,0.0,0.09970934024323734
2025-09-04 06:00:00,WX-MASTER,0.0,7.99,24.72,WEATHER_STATION,VALID,0.0,0.1568057326200275
2025-09-04 07:00:00,WX-MASTER,0.2736,4.625,24.2,WEATHER_STATION,VALID,0.26442838328655444,0.005415273491083676
2025-09-04 08:00:00,WX-MASTER,0.5168,5.079,17.74,WEATHER_STATION,VALID,0.5077201708203118,0.011340279719999999
2025-09-04 09:00:00,WX-MASTER,0.6463,5.702,24.62,WEATHER_STATION,VALID,0.6434492380319422,0.024895240898984913
2025-09-04 10:00:00,WX-MASTER,0.823,4.109,23.51,WEATHER_STATION,VALID,0.8229788774993487,0.0017212935345404662
2025-09-04 11:00:00,WX-MASTER,0.8806,5.308,20.14,WEATHER_STATION,VALID,0.8698596477708094,0.015515569194842246
2025-09-04 12:00:00,WX-MASTER,0.8816,5.112,22.72,WEATHER_STATION,VALID,0.8554915189751734,0.011888910032592596
2025-09-04 13:00:00,WX-MASTER,0.8644,5.587,25.99,WEATHER_STATION,VALID,0.8356583552679109,0.02184990661558298
2025-09-04 14:00:00,WX-MASTER,0.8166,5.406,25.82,WEATHER_STATION,VALID,0.7991582753491235,0.01757709775407407
2025-09-04 15:00:00,WX-MASTER,0.6363,6.943,25.6,WEATHER_STATION,VALID,0.6331882495701144,0.07736430532570641
2025-09-04 16:00:00,WX-MASTER,0.4741,6.433,27.22,WEATHER_STATION,VALID,0.4629617491126281,0.05106010567632373
2025-09-04 17:00:00,WX-MASTER,0.3023,5.784,28.52,WEATHER_STATION,VALID,0.29529207477298913,0.027231275994074065
2025-09-04 18:00:00,WX-MASTER,0.0,5.672,27.72,WEATHER_STATION,VALID,0.0,0.024075186518737992
2025-09-04 19:00:00,WX-MASTER,0.0,6.297,28.62,WEATHER_STATION,VALID,0.0,0.04522901611407406
2025-09-04 20:00:00,WX-MASTER,0.0,6.581,29.96,WEATHER_STATION,VALID,0.0,0.05795264497355284
2025-09-04 21:00:00,WX-MASTER,0.0,10.145,27.93,WEATHER_STATION,VALID,0.0,0.4603275826268861
2025-09-04 22:00:00,WX-MASTER,0.0,5.199,26.79,WEATHER_STATION,VALID,0.0,0.01341948926074074
2025-09-04 23:00:00,WX-MASTER,0.0,6.07,27.1,WEATHER_STATION,VALID,0.0,0.036515346447187944
2025-09-05 00:00:00,WX-MASTER,0.0,5.985,26.06,WEATHER_STATION,VALID,0.0,0.03356551425925928
2025-09-05 01:00:00,WX-MASTER,0.0,7.792,25.55,WEATHER_STATION,VALID,0.0,0.13887073278595333
2025-09-05 02:00:00,WX-MASTER,0.0,7.734,23.3,WEATHER_STATION,VALID,0.0,0.13388904992000003
2025-09-05 03:00:00,WX-MASTER,0.0,6.618,24.75,WEATHER_STATION,VALID,0.0,0.059767623360000015
2025-09-05 04:00:00,WX-MASTER,0.0,8.392,24.67,WEATHER_STATION,VALID,0.0,0.19783810779829897
2025-09-05 05:00:00,WX-MASTER,0.0,7.519,21.93,WEATHER_STATION,VALID,0.0,0.11646282569311389
2025-09-05 06:00:00,WX-MASTER,0.0,8.029,21.56,WEATHER_STATION,VALID,0.0,0.16051114984620032
2025-09-05 07:00:00,WX-MASTER,0.234,8.121,21.77,WEATHER_STATION,VALID,0.22644103836918317,0.16948240828000008
2025-09-05 08:00:00,WX-MASTER,0.4274,3.525,20.78,WEATHER_STATION,VALID,0.4179631277555216,0.00018261574074074062
2025-09-05 09:00:00,WX-MASTER,0.7101,6.936,23.17,WEATHER_STATION,VALID,0.6921411998218453,0.07695300228740741
2025-09-05 10:00:00,WX-MASTER,0.7982,4.144,21.28,WEATHER_STATION,VALID,0.7749515995085621,0.0018894629153360773
2025-09-05 11:00:00,WX-MASTER,0.9065,5.965,22.27,WEATHER_STATION,VALID,0.8811781058307383,0.03289534095336076
2025-09-05 12:00:00,WX-MASTER,0.7018,5.421,22.71,WEATHER_STATION,VALID,0.6855033858772849,0.017907900280000007
2025-09-05 13:00:00,WX-MASTER,0.7149,5.414,25.68,WEATHER_STATION,VALID,0.6902986563649336,0.017753014030836758
2025-09-05 14:00:00,WX-MASTER,0.8332,3.893,25.1,WEATHER_STATION,VALID,0.8051732750926088,0.0008986998634293546
2025-09-05 15:00:00,WX-MASTER,0.4601,6.872,28.67,WEATHER_STATION,VALID,0.4580803589373542,0.07325990395083677
2025-09-05 16:00:00,WX-MASTER,0.2328,3.99,27.55,WEATHER_STATION,VALID,0.23528122931681156,0.001224520000000001
2025-09-05 18:00:00,WX-MASTER,0.0,4.224,28.02,WEATHER_STATION,VALID,0.0,0.0023142195200000007
2025-09-05 19:00:00,WX-MASTER,0.0,6.316,27.62,WEATHER_STATION,VALID,0.0,0.04601547025558298
2025-09-05 20:00:00,WX-MASTER,0.0,8.945,28.83,WEATHER_STATION,VALID,0.0,0.2651648023799726
2025-09-05 21:00:00,WX-MASTER,0.0,9.92,27.94,WEATHER_STATION,VALID,0.0,0.41819475577503423
2025-09-05 22:00:00,WX-MASTER,0.0,4.969,26.01,WEATHER_STATION,VALID,0.0,0.009633796038792873
2025-09-05 23:00:00,WX-MASTER,0.0,6.338,29.07,WEATHER_STATION,VALID,0.0,0.04693742885355281
2025-09-06 00:00:00,WX-MASTER,0.0,6.68,27.15,WEATHER_STATION,VALID,0.0,0.06289320910836761
2025-09-06 01:00:00,WX-MASTER,0.0,10.353,25.43,WEATHER_STATION,VALID,0.0,0.5017114319599999
2025-09-06 02:00:00,WX-MASTER,0.0,7.327,25.81,WEATHER_STATION,VALID,0.0,0.10224003385508915
2025-09-06 03:00:00,WX-MASTER,0.0,8.74,24.51,WEATHER_STATION,VALID,0.0,0.2386689795336077
2025-09-06 04:00:00,WX-MASTER,0.0,7.597,25.3,WEATHER_STATION,VALID,0.0,0.12259811994397805
2025-09-06 05:00:00,WX-MASTER,0.0,5.46,23.41,WEATHER_STATION,VALID,0.0,0.018787354074074072
2025-09-06 06:00:00,WX-MASTER,0.0,4.372,22.14,WEATHER_STATION,VALID,0.0,0.0032592872155829903
2025-09-06 07:00:00,WX-MASTER,0.3014,5.739,22.81,WEATHER_STATION,VALID,0.28728739983696366,0.025932022860740745
2025-09-06 08:00:00,WX-MASTER,0.464,9.287,21.82,WEATHER_STATION,VALID,0.45539819323683906,0.31361056152367633
2025-09-06 09:00:00,WX-MASTER,0.5564,6.359,22.2,WEATHER_STATION,VALID,0.5417557324007853,0.04782889094194788
2025-09-06 10:00:00,WX-MASTER,0.8768,7.172,23.8,WEATHER_STATION,VALID,0.8585326769033724,0.09164171293849106
2025-09-06 11:00:00,WX-MASTER,0.8432,3.777,21.48,WEATHER_STATION,VALID,0.7946360436889783,0.0005920022474074077
2025-09-06 12:00:00,WX-MASTER,0.9864,5.072,22.57,WEATHER_STATION,VALID,0.9348571473131806,0.011226116691577503
2025-09-06 13:00:00,WX-MASTER,0.2588,6.446,23.95,WEATHER_STATION,VALID,0.2536106023390757,0.05164236446244168
2025-09-06 14:00:00,WX-MASTER,0.7099,4.02,25.03,WEATHER_STATION,VALID,0.659014336320719,0.0013392474074074058
2025-09-06 15:00:00,WX-MASTER,0.6493,5.429,27.65,WEATHER_STATION,VALID,0.6417482776283433,0.018086013198738
2025-09-06 16:00:00,WX-MASTER,0.4917,4.504,25.41,WEATHER_STATION,VALID,0.46350112440794766,0.004293424278299037
2025-09-06 17:00:00,WX-MASTER,0.3014,6.91,27.8,WEATHER_STATION,VALID,0.2961707622563928,0.07543807039780523
2025-09-06 18:00:00,WX-MASTER,0.0,6.583,27.73,WEATHER_STATION,VALID,0.0,0.058049799429410166
2025-09-06 19:00:00,WX-MASTER,0.0,7.207,30.78,WEATHER_STATION,VALID,0.0,0.09396753514891633
2025-09-06 20:00:00,WX-MASTER,0.0,7.712,29.92,WEATHER_STATION,VALID,0.0,0.1320310704496022
2025-09-06 21:00:00,WX-MASTER,0.0,6.534,29.03,WEATHER_STATION,VALID,0.0,0.055700607845925926
2025-09-06 22:00:00,WX-MASTER,0.0,8.358,29.55,WEATHER_STATION,VALID,0.0,0.1941191705007408
2025-09-06 23:00:00,WX-MASTER,0.0,6.467,26.25,WEATHER_STATION,VALID,0.0,0.052592258817503415
2025-09-07 00:00:00,WX-MASTER,0.0,8.153,29.53,WEATHER_STATION,VALID,0.0,0.17267947771034298
2025-09-07 01:00:00,WX-MASTER,0.0,4.839,25.24,WEATHER_STATION,VALID,0.0,0.007848840194074079
2025-09-07 02:00:00,WX-MASTER,0.0,6.425,26.86,WEATHER_STATION,VALID,0.0,0.05070397719478738
2025-09-07 03:00:00,WX-MASTER,0.0,10.333,25.1,WEATHER_STATION,VALID,0.0,0.49762862473805225
2025-09-07 04:00:00,WX-MASTER,0.0,7.981,23.92,WEATHER_STATION,VALID,0.0,0.15595881411484222
2025-09-07 05:00:00,WX-MASTER,0.0,7.793,24.33,WEATHER_STATION,VALID,0.0,0.13895769003626887
2025-09-07 06:00:00,WX-MASTER,0.0,5.699,23.51,WEATHER_STATION,VALID,0.0,0.02481241022096022
2025-09-07 07:00:00,WX-MASTER,0.2868,5.094,22.1,WEATHER_STATION,VALID,0.276435405180963,0.011587515579259263
2025-09-07 08:00:00,WX-MASTER,0.3555,5.911,21.34,WEATHER_STATION,VALID,0.337355151962748,0.03113055872224965
2025-09-07 09:00:00,WX-MASTER,0.6943,5.917,22.12,WEATHER_STATION,VALID,0.6900814695466817,0.031323449761261994
2025-09-07 10:00:00,WX-MASTER,0.762,8.27,22.19,WEATHER_STATION,VALID,0.7383702734783913,0.18471073849108363
2025-09-07 11:00:00,WX-MASTER,0.8043,6.925,23.3,WEATHER_STATION,VALID,0.8031856741653979,0.07630961848422496
2025-09-07 12:00:00,WX-MASTER,0.8894,5.617,24.82,WEATHER_STATION,VALID,0.8790121121211693,0.022618899292126207
2025-09-07 13:00:00,WX-MASTER,0.803,5.499,25.0,WEATHER_STATION,VALID,0.7692963349858474,0.019695139779259248
2025-09-07 14:00:00,WX-MASTER,0.5984,6.405,25.57,WEATHER_STATION,VALID,0.5796851315467918,0.049820909074074084
2025-09-07 15:00:00,WX-MASTER,0.7192,3.778,25.47,WEATHER_STATION,VALID,0.6989297572930906,0.0005942909133607682
2025-09-07 16:00:00,WX-MASTER,0.4973,3.13,27.49,WEATHER_STATION,VALID,0.49376645872029884,2.772620027434836e-06
2025-09-07 17:00:00,WX-MASTER,0.2576,6.782,25.79,WEATHER_STATION,VALID,0.2515625684444505,0.06826920925454047
2025-09-07 18:00:00,WX-MASTER,0.0,6.139,27.42,WEATHER_STATION,VALID,0.0,0.03903320802397806
2025-09-07 19:00:00,WX-MASTER,0.0,4.593,29.46,WEATHER_STATION,VALID,0.0,0.005101614359999999
2025-09-07 20:00:00,WX-MASTER,0.0,3.836,29.91,WEATHER_STATION,VALID,0.0,0.0007373592476268856
2025-09-07 21:00:00,WX-MASTER,0.0,7.972,28.7,WEATHER_STATION,VALID,0.0,0.15511495062299047
2025-09-07 22:00:00,WX-MASTER,0.0,6.355,28.62,WEATHER_STATION,VALID,0.0,0.04765822601508918
2025-09-07 23:00:00,WX-MASTER,0.0,7.734,28.27,WEATHER_STATION,VALID,0.0,0.13388904992000003
2025-09-08 00:00:00,WX-MASTER,0.0,6.977,27.9,WEATHER_STATION,VALID,0.0,0.0793829203928121
2025-09-08 01:00:00,WX-MASTER,0.0,7.337,26.0,WEATHER_STATION,VALID,0.0,0.10295052495577502
2025-09-08 02:00:00,WX-MASTER,0.0,6.606,24.16,WEATHER_STATION,VALID,0.0,0.059174890939259255
2025-09-08 03:00:00,WX-MASTER,0.0,7.203,24.9,WEATHER_STATION,VALID,0.0,0.09369975796000002
2025-09-08 04:00:00,WX-MASTER,0.0,7.918,25.94,WEATHER_STATION,VALID,0.0,0.15011561583187935
2025-09-08 05:00:00,WX-MASTER,0.0,6.62,21.75,WEATHER_STATION,VALID,0.0,0.059866795281207155
2025-09-08 06:00:00,WX-MASTER,0.0,6.317,22.15,WEATHER_STATION,VALID,0.0,0.046057113212565164
2025-09-08 07:00:00,WX-MASTER,0.2255,7.286,21.49,WEATHER_STATION,VALID,0.21035060607820041,0.09936119342046636
2025-09-08 08:00:00,WX-MASTER,0.4742,7.112,24.73,WEATHER_STATION,VALID,0.46401639834067426,0.08774444210392318
2025-09-08 09:00:00,WX-MASTER,0.6823,4.506,20.8,WEATHER_STATION,VALID,0.6601796357471343,0.00431057508740741
2025-09-08 10:00:00,WX-MASTER,0.2796,5.724,22.11,WEATHER_STATION,VALID,0.2691928405439972,0.025508305445925937
2025-09-08 11:00:00,WX-MASTER,0.9111,4.9,22.42,WEATHER_STATION,VALID,0.8862400892580959,0.008656076817558303
2025-09-08 12:00:00,WX-MASTER,0.9427,5.473,22.08,WEATHER_STATION,VALID,0.9074077829984709,0.019086779138052127
2025-09-08 13:00:00,WX-MASTER,0.8513,7.258,22.86,WEATHER_STATION,VALID,0.7986401792104856,0.0974265379849657
2025-09-08 14:00:00,WX-MASTER,0.7021,5.866,26.02,WEATHER_STATION,VALID,0.6907496541924522,0.029709056329657063
2025-09-08 15:00:00,WX-MASTER,0.5846,8.286,27.09,WEATHER_STATION,VALID,0.5691930209954623,0.18639822628740735
2025-09-08 16:00:00,WX-MASTER,0.5374,5.893,26.41,WEATHER_STATION,VALID,0.5187473098722776,0.030556640165212614
2025-09-08 17:00:00,WX-MASTER,0.2229,5.58,29.5,WEATHER_STATION,VALID,0.21298255920847578,0.021673019259259265
2025-09-08 18:00:00,WX-MASTER,0.0,6.0,25.67,WEATHER_STATION,VALID,0.0,0.03407407407407407
2025-09-08 19:00:00,WX-MASTER,0.0,6.464,27.21,WEATHER_STATION,VALID,0.0,0.052455852450589875
2025-09-08 20:00:00,WX-MASTER,0.0,6.959,27.85,WEATHER_STATION,VALID,0.0,0.0783099243246639
2025-09-08 21:00:00,WX-MASTER,0.0,5.501,28.71,WEATHER_STATION,VALID,0.0,0.019742464884663927
2025-09-08 22:00:00,WX-MASTER,0.0,6.71,27.83,WEATHER_STATION,VALID,0.0,0.06444393157750343
2025-09-08 23:00:00,WX-MASTER,0.0,6.252,27.57,WEATHER_STATION,VALID,0.0,0.04340221658074073
2025-09-09 00:00:00,WX-MASTER,0.0,8.638,27.66,WEATHER_STATION,VALID,0.0,0.2261702685133608
2025-09-09 01:00:00,WX-MASTER,0.0,4.859,27.98,WEATHER_STATION,VALID,0.0,0.008107714892565156
2025-09-09 02:00:00,WX-MASTER,0.0,7.56,26.29,WEATHER_STATION,VALID,0.0,0.11966160592592588
2025-09-09 03:00:00,WX-MASTER,0.0,5.31,24.49,WEATHER_STATION,VALID,0.0,0.015555939259259249
2025-09-09 04:00:00,WX-MASTER,0.0,7.71,23.48,WEATHER_STATION,VALID,0.0,0.13186302074074074
2025-09-09 05:00:00,WX-MASTER,0.0,6.441,24.17,WEATHER_STATION,VALID,0.0,0.05141789782074073
2025-09-09 06:00:00,WX-MASTER,0.0,4.368,24.55,WEATHER_STATION,VALID,0.0,0.0032308633600000016
2025-09-09 07:00:00,WX-MASTER,0.3001,7.702,22.71,WEATHER_STATION,VALID,0.2902485869432034,0.13119224786743489
2025-09-09 08:00:00,WX-MASTER,0.5456,2.944,21.24,WEATHER_STATION,VALID,0.5325953875563015,0.0
2025-09-09 09:00:00,WX-MASTER,0.6798,5.924,22.26,WEATHER_STATION,VALID,0.6426754291789052,0.03154949440614542
2025-09-09 10:00:00,WX-MASTER,0.7482,6.64,22.99,WEATHER_STATION,VALID,0.7336614611286368,0.06086455484224964
2025-09-09 11:00:00,WX-MASTER,0.7879,7.351,22.18,WEATHER_STATION,VALID,0.7732845201695522,0.10395073128521264
2025-09-09 12:00:00,WX-MASTER,0.8416,3.343,24.61,WEATHER_STATION,VALID,0.8169450275020849,5.092636274348422e-05
2025-09-09 13:00:00,WX-MASTER,0.8952,4.703,24.74,WEATHER_STATION,VALID,0.8566935498933111,0.006233102130096027
2025-09-09 14:00:00,WX-MASTER,0.7061,6.788,26.72,WEATHER_STATION,VALID,0.674543917868629,0.06859464455725653
2025-09-09 15:00:00,WX-MASTER,0.7056,6.949,25.06,WEATHER_STATION,VALID,0.6952904656806451,0.07771801509064472
2025-09-09 16:00:00,WX-MASTER,0.5456,7.253,24.98,WEATHER_STATION,VALID,0.5168641535337175,0.09708372852515776
2025-09-09 17:00:00,WX-MASTER,0.264,9.107,27.33,WEATHER_STATION,VALID,0.26029530302484394,0.2874379183533058
2025-09-09 18:00:00,WX-MASTER,0.0,5.344,28.38,WEATHER_STATION,VALID,0.0,0.016252984495582996
2025-09-09 19:00:00,WX-MASTER,0.0,6.743,26.54,WEATHER_STATION,VALID,0.0,0.06617893598688616
2025-09-09 20:00:00,WX-MASTER,0.0,6.07,28.09,WEATHER_STATION,VALID,0.0,0.036515346447187944
2025-09-09 21:00:00,WX-MASTER,0.0,4.203,30.25,WEATHER_STATION,VALID,0.0,0.002197137219259262
2025-09-09 22:00:00,WX-MASTER,0.0,6.877,29.0,WEATHER_STATION,VALID,0.0,0.07354407704027434
2025-09-09 23:00:00,WX-MASTER,0.0,4.582,27.97,WEATHER_STATION,VALID,0.0,0.004996659284718791
2025-09-10 00:00:00,WX-MASTER,0.0,6.603,25.8,WEATHER_STATION,VALID,0.0,0.05902732270074074
2025-09-10 01:00:00,WX-MASTER,0.0,5.434,27.72,WEATHER_STATION,VALID,0.0,0.018197931280768184
2025-09-10 02:00:00,WX-MASTER,0.0,7.907,24.81,WEATHER_STATION,VALID,0.0,0.1491105846249109
2025-09-10 03:00:00,WX-MASTER,0.0,6.252,24.52,WEATHER_STATION,VALID,0.0,0.04340221658074073
2025-09-10 04:00:00,WX-MASTER,0.0,4.807,24.05,WEATHER_STATION,VALID,0.0,0.007446201025459539
2025-09-10 05:00:00,WX-MASTER,0.0,8.065,23.04,WEATHER_STATION,VALID,0.0,0.1639829323113854
2025-09-10 06:00:00,WX-MASTER,0.0,5.926,24.07,WEATHER_STATION,VALID,0.0,0.031614277742002754
2025-09-10 07:00:00,WX-MASTER,0.2838,5.895,22.62,WEATHER_STATION,VALID,0.2814158379431515,0.03062005759259258
2025-09-10 08:00:00,WX-MASTER,0.4547,4.925,22.22,WEATHER_STATION,VALID,0.44371767673743295,0.00900227966392318
2025-09-10 09:00:00,WX-MASTER,0.5778,7.439,21.83,WEATHER_STATION,VALID,0.5578513327132739,0.11038644169750345
2025-09-10 10:00:00,WX-MASTER,0.7527,6.074,22.8,WEATHER_STATION,VALID,0.7229404712352989,0.03665826349256516
2025-09-10 11:00:00,WX-MASTER,0.9445,4.745,22.59,WEATHER_STATION,VALID,0.9118732988148418,0.006705738182441701
2025-09-10 12:00:00,WX-MASTER,0.82,2.928,23.79,WEATHER_STATION,VALID,0.8020888291493902,0.0
2025-09-10 13:00:00,WX-MASTER,0.7655,8.618,24.0,WEATHER_STATION,VALID,0.7332658230038122,0.22377187641898494
2025-09-10 14:00:00,WX-MASTER,0.785,7.933,24.71,WEATHER_STATION,VALID,0.7703686654575432,0.15149337654052125
2025-09-10 15:00:00,WX-MASTER,0.6865,7.309,25.12,WEATHER_STATION,VALID,0.6878712204341392,0.10096940134249659
2025-09-10 16:00:00,WX-MASTER,0.5449,4.654,26.74,WEATHER_STATION,VALID,0.5280471973776862,0.0057104037350891625
2025-09-10 17:00:00,WX-MASTER,0.1467,5.106,27.38,WEATHER_STATION,VALID,0.1393406592353751,0.011787871679999999
2025-09-10 18:00:00,WX-MASTER,0.0,6.507,30.54,WEATHER_STATION,VALID,0.0,0.0544336675659259
2025-09-10 19:00:00,WX-MASTER,0.0,5.078,29.88,WEATHER_STATION,VALID,0.0,0.011323923549849114
2025-09-10 20:00:00,WX-MASTER,0.0,5.214,28.65,WEATHER_STATION,VALID,0.0,0.01369598112000001
2025-09-10 21:00:00,WX-MASTER,0.0,8.647,28.19,WEATHER_STATION,VALID,0.0,0.22725511251187933
2025-09-10 22:00:00,WX-MASTER,0.0,6.903,29.08,WEATHER_STATION,VALID,0.0,0.07503362921925925
2025-09-10 23:00:00,WX-MASTER,0.0,5.699,30.12,WEATHER_STATION,VALID,0.0,0.02481241022096022
2025-09-11 00:00:00,WX-MASTER,0.0,8.5,28.01,WEATHER_STATION,VALID,0.0,0.20996570644718798
2025-09-11 01:00:00,WX-MASTER,0.0,6.577,24.14,WEATHER_STATION,VALID,0.0,0.05775866138595336
2025-09-11 02:00:00,WX-MASTER,0.0,4.744,26.34,WEATHER_STATION,VALID,0.0,0.006694216298052123
2025-09-11 03:00:00,WX-MASTER,0.0,5.769,25.65,WEATHER_STATION,VALID,0.0,0.02679348257925927
2025-09-11 04:00:00,WX-MASTER,0.0,6.438,26.19,WEATHER_STATION,VALID,0.0,0.05128353055999998
2025-09-11 05:00:00,WX-MASTER,0.0,7.206,22.53,WEATHER_STATION,VALID,0.0,0.09390054308740743
2025-09-11 06:00:00,WX-MASTER,0.0,6.915,22.44,WEATHER_STATION,VALID,0.0,0.075727845
2025-09-11 07:00:00,WX-MASTER,0.2237,8.034,22.46,WEATHER_STATION,VALID,0.21518753562465204,0.16099038266074084
2025-09-11 08:00:00,WX-MASTER,0.4398,5.869,20.89,WEATHER_STATION,VALID,0.4196664321583991,0.029802448335089163
2025-09-11 09:00:00,WX-MASTER,0.4965,5.321,20.9,WEATHER_STATION,VALID,0.4798631748949387,0.0157792268698491
2025-09-11 10:00:00,WX-MASTER,0.801,7.322,22.75,WEATHER_STATION,VALID,0.7902008282885511,0.10188601743231825
2025-09-11 11:00:00,WX-MASTER,0.7434,6.795,20.98,WEATHER_STATION,VALID,0.7152913197941178,0.06897562425925924
2025-09-11 12:00:00,WX-MASTER,0.7673,5.12,21.97,WEATHER_STATION,VALID,0.7342616122598707,0.012024523676268864
2025-09-11 13:00:00,WX-MASTER,0.7188,5.715,25.38,WEATHER_STATION,VALID,0.698912215482788,0.025256304259259253
2025-09-11 14:00:00,WX-MASTER,0.8355,4.723,25.9,WEATHER_STATION,VALID,0.8166890007434952,0.00645529555780521
2025-09-11 15:00:00,WX-MASTER,0.7003,3.903,27.71,WEATHER_STATION,VALID,0.6965482985897182,0.0009292307007407407
2025-09-11 16:00:00,WX-MASTER,0.5441,8.406,27.61,WEATHER_STATION,VALID,0.5306641345292371,0.1993831362725926
2025-09-11 17:00:00,WX-MASTER,0.2455,5.033,27.79,WEATHER_STATION,VALID,0.24050650303869126,0.010604066312812077
2025-09-11 18:00:00,WX-MASTER,0.0,6.35,29.88,WEATHER_STATION,VALID,0.0,0.047445466392318225
2025-09-11 19:00:00,WX-MASTER,0.0,4.25,28.18,WEATHER_STATION,VALID,0.0,0.0024648491083676277
2025-09-11 20:00:00,WX-MASTER,0.0,7.439,28.4,WEATHER_STATION,VALID,0.0,0.11038644169750345
2025-09-11 21:00:00,WX-MASTER,0.0,5.164,28.61,WEATHER_STATION,VALID,0.0,0.012788866925212614
2025-09-11 22:00:00,WX-MASTER,0.0,9.136,28.87,WEATHER_STATION,VALID,0.0,0.29155221945064463
2025-09-11 23:00:00,WX-MASTER,0.0,9.472,27.7,WEATHER_STATION,VALID,0.0,0.34211792148718784
2025-09-12 00:00:00,WX-MASTER,0.0,7.977,25.26,WEATHER_STATION,VALID,0.0,0.15558338684000003
2025-09-12 01:00:00,WX-MASTER,0.0,7.453,25.88,WEATHER_STATION,VALID,0.0,0.11143417045657068
2025-09-12 02:00:00,WX-MASTER,0.0,7.055,25.26,WEATHER_STATION,VALID,0.0,0.08414588349108368
2025-09-12 03:00:00,WX-MASTER,0.0,7.164,24.52,WEATHER_STATION,VALID,0.0,0.09111554171259256
2025-09-12 04:00:00,WX-MASTER,0.0,7.622,23.0,WEATHER_STATION,VALID,0.0,0.12460920419775035
2025-09-12 05:00:00,WX-MASTER,0.0,7.018,23.42,WEATHER_STATION,VALID,0.0,0.08186345998002743
2025-09-12 06:00:00,WX-MASTER,0.0,7.949,20.33,WEATHER_STATION,VALID,0.0,0.15297225207281206
2025-09-12 07:00:00,WX-MASTER,0.2988,5.225,22.41,WEATHER_STATION,VALID,0.28619481800734964,0.013901137688614533
2025-09-12 08:00:00,WX-MASTER,0.4971,8.144,23.94,WEATHER_STATION,VALID,0.4657614535793169,0.17177627421849112
2025-09-12 09:00:00,WX-MASTER,0.6618,5.358,21.18,WEATHER_STATION,VALID,0.6455408146361832,0.016545949759999994
2025-09-12 10:00:00,WX-MASTER,0.7482,4.714,22.33,WEATHER_STATION,VALID,0.7133945947000355,0.006354666332620033
2025-09-12 11:00:00,WX-MASTER,0.9507,5.975,22.52,WEATHER_STATION,VALID,0.9068774813024804,0.033229301268861436
2025-09-12 12:00:00,WX-MASTER,0.9779,5.933,23.27,WEATHER_STATION,VALID,0.9284302752053772,0.03184171772021948
2025-09-12 13:00:00,WX-MASTER,0.7768,3.058,23.15,WEATHER_STATION,VALID,0.7625537411910216,2.4623187928669195e-07
2025-09-12 14:00:00,WX-MASTER,0.7472,4.696,27.68,WEATHER_STATION,VALID,0.7327580846067691,0.0061565561222496545
2025-09-12 15:00:00,WX-MASTER,0.6346,2.571,26.66,WEATHER_STATION,VALID,0.632810750609179,0.0
2025-09-12 16:00:00,WX-MASTER,0.4887,4.652,26.24,WEATHER_STATION,VALID,0.46901242761422457,0.005689713886639235
2025-09-12 17:00:00,WX-MASTER,0.2447,4.896,26.83,WEATHER_STATION,VALID,0.23816217650142726,0.008601521872592593
2025-09-12 18:00:00,WX-MASTER,0.0,6.334,28.4,WEATHER_STATION,VALID,0.0,0.04676889246595335
2025-09-12 19:00:00,WX-MASTER,0.0,5.177,26.07,WEATHER_STATION,VALID,0.0,0.01302073757799725
2025-09-12 20:00:00,WX-MASTER,0.0,5.746,30.06,WEATHER_STATION,VALID,0.0,0.02613135306052128
2025-09-12 21:00:00,WX-MASTER,0.0,8.408,28.06,WEATHER_STATION,VALID,0.0,0.19960450909058977
2025-09-12 22:00:00,WX-MASTER,0.0,9.619,28.79,WEATHER_STATION,VALID,0.0,0.36596322179187935
2025-09-12 23:00:00,WX-MASTER,0.0,5.919,28.29,WEATHER_STATION,VALID,0.0,0.03138792339407407
2025-09-13 00:00:00,WX-MASTER,0.0,8.548,28.19,WEATHER_STATION,VALID,0.0,0.21551110626150893
2025-09-13 01:00:00,WX-MASTER,0.0,7.789,26.78,WEATHER_STATION,VALID,0.0,0.13861007871533607
2025-09-13 02:00:00,WX-MASTER,0.0,5.019,26.18,WEATHER_STATION,VALID,0.0,0.010386500727407412
2025-09-13 03:00:00,WX-MASTER,0.0,6.178,25.6,WEATHER_STATION,VALID,0.0,0.04050624429607682
2025-09-13 04:00:00,WX-MASTER,0.0,3.135,23.14,WEATHER_STATION,VALID,0.0,3.1049999999999855e-06
2025-09-13 05:00:00,WX-MASTER,0.0,7.303,25.39,WEATHER_STATION,VALID,0.0,0.10054820855533608
2025-09-13 06:00:00,WX-MASTER,0.0,5.254,22.68,WEATHER_STATION,VALID,0.0,0.014451803043731136
2025-09-13 07:00:00,WX-MASTER,0.2782,6.574,21.87,WEATHER_STATION,VALID,0.27113682512857956,0.05761345811533607
2025-09-13 08:00:00,WX-MASTER,0.5425,9.481,20.77,WEATHER_STATION,VALID,0.527645903909041,0.3435471605345954
2025-09-13 09:00:00,WX-MASTER,0.6339,7.959,21.65,WEATHER_STATION,VALID,0.6123894257456015,0.15390141891999995
2025-09-13 10:00:00,WX-MASTER,0.757,4.668,22.73,WEATHER_STATION,VALID,0.7620640871328789,0.005856638767407409
2025-09-13 11:00:00,WX-MASTER,0.8562,4.173,22.92,WEATHER_STATION,VALID,0.8472742497082545,0.0020368279007407404
2025-09-13 12:00:00,WX-MASTER,0.9478,7.04,25.73,WEATHER_STATION,VALID,0.9091146599139055,0.0832155320713306
2025-09-13 13:00:00,WX-MASTER,0.3761,3.991,23.91,WEATHER_STATION,VALID,0.36327340066888386,0.0012282344160768179
2025-09-13 14:00:00,WX-MASTER,0.8296,6.591,26.1,WEATHER_STATION,VALID,0.8020459409022923,0.05843950308000002
2025-09-13 15:00:00,WX-MASTER,0.6472,8.933,24.84,WEATHER_STATION,VALID,0.6292001251651674,0.26356233352268854
2025-09-13 16:00:00,WX-MASTER,0.4258,6.389,29.65,WEATHER_STATION,VALID,0.40854726958506304,0.04912188290737998
2025-09-13 17:00:00,WX-MASTER,0.205,7.239,26.33,WEATHER_STATION,VALID,0.2001993608093372,0.09612814211999998
2025-09-13 18:00:00,WX-MASTER,0.0,7.317,30.8,WEATHER_STATION,VALID,0.0,0.10153281916592595
2025-09-13 19:00:00,WX-MASTER,0.0,5.458,28.5,WEATHER_STATION,VALID,0.0,0.018741568503484234
2025-09-13 20:00:00,WX-MASTER,0.0,6.821,26.1,WEATHER_STATION,VALID,0.0,0.07040303995626886
2025-09-13 21:00:00,WX-MASTER,0.0,5.451,30.29,WEATHER_STATION,VALID,0.0,0.018581904887407404
2025-09-13 22:00:00,WX-MASTER,0.0,8.594,28.41,WEATHER_STATION,VALID,0.0,0.22091626147775031
2025-09-13 23:00:00,WX-MASTER,0.0,5.687,27.21,WEATHER_STATION,VALID,0.0,0.024482924782935532
2025-09-14 00:00:00,WX-MASTER,0.0,8.116,27.79,WEATHER_STATION,VALID,0.0,0.16898645929262002
2025-09-14 01:00:00,WX-MASTER,0.0,8.738,26.98,WEATHER_STATION,VALID,0.0,0.2384195866807133
2025-09-14 02:00:00,WX-MASTER,0.0,6.622,25.77,WEATHER_STATION,VALID,0.0,0.05996607684521262
2025-09-14 03:00:00,WX-MASTER,0.0,6.251,25.73,WEATHER_STATION,VALID,0.0,0.04336218994639234
2025-09-14 04:00:00,WX-MASTER,0.0,6.832,23.83,WEATHER_STATION,VALID,0.0,0.07101282669212619
2025-09-14 05:00:00,WX-MASTER,0.0,5.704,23.58,WEATHER_STATION,VALID,0.0,0.02495056363632372
2025-09-14 06:00:00,WX-MASTER,0.0,6.838,21.62,WEATHER_STATION,VALID,0.0,0.07134691680965707
2025-09-14 07:00:00,WX-MASTER,0.2411,5.189,22.81,WEATHER_STATION,VALID,0.23851780946935902,0.013237244290096022
2025-09-14 08:00:00,WX-MASTER,0.4189,5.022,21.15,WEATHER_STATION,VALID,0.4050082514961265,0.010432868965925927
2025-09-14 09:00:00,WX-MASTER,0.6335,6.581,20.54,WEATHER_STATION,VALID,0.6131477436632307,0.05795264497355284
2025-09-14 10:00:00,WX-MASTER,0.8667,6.449,22.0,WEATHER_STATION,VALID,0.8429096768940526,0.051777357504910825
2025-09-14 11:00:00,WX-MASTER,0.9479,5.084,22.47,WEATHER_STATION,VALID,0.9321444456773476,0.011422296855528116
2025-09-14 12:00:00,WX-MASTER,0.7094,3.2,24.64,WEATHER_STATION,VALID,0.6724734355652607,1.0096021947873826e-05
2025-09-14 13:00:00,WX-MASTER,0.8076,6.801,22.62,WEATHER_STATION,VALID,0.7922885840041066,0.06930329888740741
2025-09-14 14:00:00,WX-MASTER,0.6823,4.701,26.59,WEATHER_STATION,VALID,0.6616212381689421,0.006211167479999995
2025-09-14 15:00:00,WX-MASTER,0.7165,8.038,25.43,WEATHER_STATION,VALID,0.6836272959626676,0.1613744549824966
2025-09-14 16:00:00,WX-MASTER,0.4946,5.321,24.07,WEATHER_STATION,VALID,0.46429630992105947,0.0157792268698491
2025-09-14 17:00:00,WX-MASTER,0.2458,5.858,26.3,WEATHER_STATION,VALID,0.2379228214243045,0.029460965288120707
2025-09-14 18:00:00,WX-MASTER,0.0,5.349,27.94,WEATHER_STATION,VALID,0.0,0.016357214520000003
2025-09-14 19:00:00,WX-MASTER,0.0,6.48,29.19,WEATHER_STATION,VALID,0.0,0.05318608592592595
2025-09-14 20:00:00,WX-MASTER,0.0,10.944,28.61,WEATHER_STATION,VALID,0.0,0.6326711129125927
2025-09-14 21:00:00,WX-MASTER,0.0,6.222,27.2,WEATHER_STATION,VALID,0.0,0.042212095040000015
2025-09-14 22:00:00,WX-MASTER,0.0,8.558,27.37,WEATHER_STATION,VALID,0.0,0.21667855284367624
2025-09-14 23:00:00,WX-MASTER,0.0,7.197,26.32,WEATHER_STATION,VALID,0.0,0.09329904678074073
2025-09-15 00:00:00,WX-MASTER,0.0,8.712,27.33,WEATHER_STATION,VALID,0.0,0.23519327269925921
2025-09-15 01:00:00,WX-MASTER,0.0,4.737,26.06,WEATHER_STATION,VALID,0.0,0.00661393244
2025-09-15 02:00:00,WX-MASTER,0.0,9.771,26.0,WEATHER_STATION,VALID,0.0,0.3917587816874076
2025-09-15 03:00:00,WX-MASTER,0.0,7.613,22.24,WEATHER_STATION,VALID,0.0,0.12388270019923191
2025-09-15 04:00:00,WX-MASTER,0.0,6.686,22.87,WEATHER_STATION,VALID,0.0,0.06320134077849109
2025-09-15 05:00:00,WX-MASTER,0.0,8.02,25.23,WEATHER_STATION,VALID,0.0,0.15965092916323725
2025-09-15 06:00:00,WX-MASTER,0.0,6.804,23.0,WEATHER_STATION,VALID,0.0,0.06946752464592594
2025-09-15 07:00:00,WX-MASTER,0.2704,4.871,21.53,WEATHER_STATION,VALID,0.25750203485937895,0.008265738499478743
2025-09-15 08:00:00,WX-MASTER,0.4395,2.952,20.58,WEATHER_STATION,VALID,0.4249677604146346,0.0
2025-09-15 09:00:00,WX-MASTER,0.6491,8.225,23.21,WEATHER_STATION,VALID,0.646797242881765,0.1800193475651577
2025-09-15 10:00:00,WX-MASTER,0.5516,5.338,24.07,WEATHER_STATION,VALID,0.5523759262117071,0.016128494093607684
2025-09-15 11:00:00,WX-MASTER,0.7406,4.651,21.41,WEATHER_STATION,VALID,0.6999314298767146,0.0056793877296570615
2025-09-15 12:00:00,WX-MASTER,0.4009,4.626,22.25,WEATHER_STATION,VALID,0.3867415269761966,0.005425277072592595
2025-09-15 13:00:00,WX-MASTER,0.9146,7.164,24.69,WEATHER_STATION,VALID,0.8729716457520845,0.09111554171259256
2025-09-15 14:00:00,WX-MASTER,0.6065,4.629,25.71,WEATHER_STATION,VALID,0.5972964026006718,0.005455361719999994
2025-09-15 15:00:00,WX-MASTER,0.6202,6.176,26.75,WEATHER_STATION,VALID,0.6042601797704754,0.04042981744021949
2025-09-15 16:00:00,WX-MASTER,0.5311,5.039,29.23,WEATHER_STATION,VALID,0.5100957704534286,0.010698231129602187
2025-09-15 17:00:00,WX-MASTER,0.2224,4.032,26.57,WEATHER_STATION,VALID,0.2159701037968516,0.0013870732325925927
2025-09-15 18:00:00,WX-MASTER,0.0,7.063,28.34,WEATHER_STATION,VALID,0.0,0.08464489410595336
2025-09-15 19:00:00,WX-MASTER,0.0,7.579,29.51,WEATHER_STATION,VALID,0.0,0.12116361703138546
2025-09-15 20:00:00,WX-MASTER,0.0,5.523,29.62,WEATHER_STATION,VALID,0.0,0.02026805390074074
2025-09-15 21:00:00,WX-MASTER,0.0,6.608,27.87,WEATHER_STATION,VALID,0.0,0.05927340627577502
2025-09-15 22:00:00,WX-MASTER,0.0,7.006,27.57,WEATHER_STATION,VALID,0.0,0.08113217783089165
2025-09-15 23:00:00,WX-MASTER,0.0,7.639,27.19,WEATHER_STATION,VALID,0.0,0.12598922851780525
2025-09-16 00:00:00,WX-MASTER,0.0,9.731,29.05,WEATHER_STATION,VALID,0.0,0.38485671689947865
2025-09-16 01:00:00,WX-MASTER,0.0,6.809,24.99,WEATHER_STATION,VALID,0.0,0.06974181042342936
2025-09-16 02:00:00,WX-MASTER,0.0,6.795,24.87,WEATHER_STATION,VALID,0.0,0.06897562425925924
2025-09-16 03:00:00,WX-MASTER,0.0,6.923,25.28,WEATHER_STATION,VALID,0.0,0.07619302626836762
2025-09-16 04:00:00,WX-MASTER,0.0,5.791,22.2,WEATHER_STATION,VALID,0.0,0.027437201230891647
2025-09-16 05:00:00,WX-MASTER,0.0,4.588,23.09,WEATHER_STATION,VALID,0.0,0.005053727180027437
2025-09-16 06:00:00,WX-MASTER,0.0,6.772,19.95,WEATHER_STATION,VALID,0.0,0.06772910726496573
2025-09-16 07:00:00,WX-MASTER,0.267,7.03,22.11,WEATHER_STATION,VALID,0.2559149787832756,0.08259912323731142
2025-09-16 08:00:00,WX-MASTER,0.5401,6.087,21.82,WEATHER_STATION,VALID,0.5241737305795957,0.03712531843999999
2025-09-16 09:00:00,WX-MASTER,0.588,5.752,22.07,WEATHER_STATION,VALID,0.5473630360336159,0.02630301833657064
2025-09-16 10:00:00,WX-MASTER,0.7773,4.442,21.18,WEATHER_STATION,VALID,0.7413308936823481,0.003784043150836764
2025-09-16 11:00:00,WX-MASTER,0.8197,5.758,23.06,WEATHER_STATION,VALID,0.7955570938308973,0.02647543378743485
2025-09-16 12:00:00,WX-MASTER,0.8552,5.525,23.46,WEATHER_STATION,VALID,0.8403923236265192,0.020316292009602208
2025-09-16 13:00:00,WX-MASTER,0.6903,5.859,25.91,WEATHER_STATION,VALID,0.6494896629382748,0.029491900845925925
2025-09-16 14:00:00,WX-MASTER,0.8641,5.668,26.02,WEATHER_STATION,VALID,0.833236655479215,0.023967226202249663
2025-09-16 15:00:00,WX-MASTER,0.592,5.833,24.42,WEATHER_STATION,VALID,0.5832060093580471,0.028694589923237326
2025-09-16 16:00:00,WX-MASTER,0.5311,7.17,26.01,WEATHER_STATION,VALID,0.5036039970913804,0.09150998074074074
2025-09-16 17:00:00,WX-MASTER,0.2455,6.388,26.99,WEATHER_STATION,VALID,0.2389789657890927,0.04907841221706446
2025-09-16 18:00:00,WX-MASTER,0.0,6.498,28.51,WEATHER_STATION,VALID,0.0,0.05401566341925928
2025-09-16 19:00:00,WX-MASTER,0.0,3.862,28.44,WEATHER_STATION,VALID,0.0,0.000808317714348423
2025-09-16 20:00:00,WX-MASTER,0.0,7.758,28.55,WEATHER_STATION,VALID,0.0,0.13593572635259257
2025-09-16 21:00:00,WX-MASTER,0.0,6.251,32.02,WEATHER_STATION,VALID,0.0,0.04336218994639234
2025-09-16 22:00:00,WX-MASTER,0.0,6.965,27.67,WEATHER_STATION,VALID,0.0,0.07866650830589848
2025-09-16 23:00:00,WX-MASTER,0.0,5.388,29.4,WEATHER_STATION,VALID,0.0,0.01718554330074074
2025-09-17 00:00:00,WX-MASTER,0.0,9.867,26.82,WEATHER_STATION,VALID,0.0,0.40865935124000025
2025-09-17 01:00:00,WX-MASTER,0.0,3.995,23.54,WEATHER_STATION,VALID,0.0,0.0012431671947873806
2025-09-17 02:00:00,WX-MASTER,0.0,9.141,25.48,WEATHER_STATION,VALID,0.0,0.2922655258207408
2025-09-17 03:00:00,WX-MASTER,0.0,7.686,25.69,WEATHER_STATION,VALID,0.0,0.1298575341392592
2025-09-17 04:00:00,WX-MASTER,0.0,4.521,24.26,WEATHER_STATION,VALID,0.0,0.004440664279999999
2025-09-17 05:00:00,WX-MASTER,0.0,9.456,23.08,WEATHER_STATION,VALID,0.0,0.339586849754074
2025-09-17 06:00:00,WX-MASTER,0.0,7.248,22.25,WEATHER_STATION,VALID,0.0,0.09674172416000001
2025-09-17 07:00:00,WX-MASTER,0.2841,3.261,21.28,WEATHER_STATION,VALID,0.2819285169384894,2.243788000000003e-05
2025-09-17 08:00:00,WX-MASTER,0.4789,5.516,22.83,WEATHER_STATION,VALID,0.4585608845026895,0.02009982190441701
2025-09-17 09:00:00,WX-MASTER,0.6242,6.51,21.35,WEATHER_STATION,VALID,0.6068331965648572,0.05457347999999999
2025-09-17 10:00:00,WX-MASTER,0.7618,7.819,21.45,WEATHER_STATION,VALID,0.7367387529446223,0.14123133942150887
2025-09-17 11:00:00,WX-MASTER,0.9162,4.879,23.27,WEATHER_STATION,VALID,0.8878481220673552,0.008372220142496566
2025-09-17 12:00:00,WX-MASTER,0.7985,1.845,23.14,WEATHER_STATION,VALID,0.7550137983295078,0.0
2025-09-17 13:00:00,WX-MASTER,0.8245,7.121,25.88,WEATHER_STATION,VALID,0.8172126096007062,0.08832184701799731
2025-09-17 14:00:00,WX-MASTER,0.7651,5.877,25.81,WEATHER_STATION,VALID,0.7332601504094567,0.03005245009925926
2025-09-17 15:00:00,WX-MASTER,0.7048,2.4,25.22,WEATHER_STATION,VALID,0.6945036328684632,0.0
2025-09-17 16:00:00,WX-MASTER,0.4725,5.884,25.63,WEATHER_STATION,VALID,0.45392099329046326,0.030272345206694112
2025-09-17 17:00:00,WX-MASTER,0.2966,6.21,27.04,WEATHER_STATION,VALID,0.2849191298037157,0.04174220592592593
2025-09-17 18:00:00,WX-MASTER,0.0,5.433,31.09,WEATHER_STATION,VALID,0.0,0.018175510834074073
2025-09-17 19:00:00,WX-MASTER,0.0,5.034,28.35,WEATHER_STATION,VALID,0.0,0.010619721919999998
2025-09-17 20:00:00,WX-MASTER,0.0,5.577,29.66,WEATHER_STATION,VALID,0.0,0.02159750358074074
2025-09-17 21:00:00,WX-MASTER,0.0,6.198,27.06,WEATHER_STATION,VALID,0.0,0.04127581690074077
2025-09-17 22:00:00,WX-MASTER,0.0,7.305,26.98,WEATHER_STATION,VALID,0.0,0.10068847574074072
2025-09-17 23:00:00,WX-MASTER,0.0,8.049,27.5,WEATHER_STATION,VALID,0.0,0.16243380251999995
2025-09-18 00:00:00,WX-MASTER,0.0,4.34,29.03,WEATHER_STATION,VALID,0.0,0.003036509849108367
2025-09-18 01:00:00,WX-MASTER,0.0,7.527,24.6,WEATHER_STATION,VALID,0.0,0.11708244484000002
2025-09-18 02:00:00,WX-MASTER,0.0,7.823,24.49,WEATHER_STATION,VALID,0.0,0.14158331767577512
2025-09-18 03:00:00,WX-MASTER,0.0,7.335,25.42,WEATHER_STATION,VALID,0.0,0.10280816425925927
2025-09-18 04:00:00,WX-MASTER,0.0,6.454,25.4,WEATHER_STATION,VALID,0.0,0.05200286832768175
2025-09-18 05:00:00,WX-MASTER,0.0,8.637,23.29,WEATHER_STATION,VALID,0.0,0.2260499438474075
2025-09-18 06:00:00,WX-MASTER,0.0,8.31,23.02,WEATHER_STATION,VALID,0.0,0.1889486800000001
2025-09-18 07:00:00,WX-MASTER,0.2483,5.833,20.79,WEATHER_STATION,VALID,0.24093988303672056,0.028694589923237326
2025-09-18 08:00:00,WX-MASTER,0.215,5.94,20.16,WEATHER_STATION,VALID,0.20758924568642986,0.032070245925925944
2025-09-18 09:00:00,WX-MASTER,0.6606,6.801,20.49,WEATHER_STATION,VALID,0.6404844976556658,0.06930329888740741
2025-09-18 10:00:00,WX-MASTER,0.7411,7.242,21.16,WEATHER_STATION,VALID,0.7288031317273228,0.09633238031407408
2025-09-18 11:00:00,WX-MASTER,0.8991,4.333,23.04,WEATHER_STATION,VALID,0.8631874435061533,0.002989170910891634
2025-09-18 12:00:00,WX-MASTER,0.9515,3.908,22.03,WEATHER_STATION,VALID,0.9211532823136923,0.0009447520535528117
2025-09-18 13:00:00,WX-MASTER,0.7833,5.562,24.64,WEATHER_STATION,VALID,0.7599218639028515,0.02122255536592593
2025-09-18 14:00:00,WX-MASTER,0.7811,3.751,24.86,WEATHER_STATION,VALID,0.7677969124433998,0.0005345398778052124
2025-09-18 15:00:00,WX-MASTER,0.708,2.756,25.47,WEATHER_STATION,VALID,0.6856996421294853,0.0
2025-09-18 16:00:00,WX-MASTER,0.4174,4.354,28.06,WEATHER_STATION,VALID,0.4161997606306252,0.003132681858545955
2025-09-18 17:00:00,WX-MASTER,0.2627,6.151,26.57,WEATHER_STATION,VALID,0.25420215973451366,0.03948257859385459
2025-09-18 18:00:00,WX-MASTER,0.0,7.857,30.0,WEATHER_STATION,VALID,0.0,0.144598773565926
2025-09-18 19:00:00,WX-MASTER,0.0,5.17,29.62,WEATHER_STATION,VALID,0.0,0.012895539039780522
2025-09-18 20:00:00,WX-MASTER,0.0,6.191,27.56,WEATHER_STATION,VALID,0.0,0.04100536779330588
2025-09-18 21:00:00,WX-MASTER,0.0,6.805,30.07,WEATHER_STATION,VALID,0.0,0.0695223241632373
2025-09-18 22:00:00,WX-MASTER,0.0,5.983,26.94,WEATHER_STATION,VALID,0.0,0.033498091083731134
2025-09-18 23:00:00,WX-MASTER,0.0,6.061,29.27,WEATHER_STATION,VALID,0.0,0.03619514225311385
2025-09-19 00:00:00,WX-MASTER,0.0,7.55,27.39,WEATHER_STATION,VALID,0.0,0.11887608367626885
2025-09-19 01:00:00,WX-MASTER,0.0,5.62,24.25,WEATHER_STATION,VALID,0.0,0.022696776076817558
2025-09-19 02:00:00,WX-MASTER,0.0,6.173,23.68,WEATHER_STATION,VALID,0.0,0.04031535750293554
2025-09-19 03:00:00,WX-MASTER,0.0,6.835,23.84,WEATHER_STATION,VALID,0.0,0.07117974107681756
2025-09-19 04:00:00,WX-MASTER,0.0,7.382,24.53,WEATHER_STATION,VALID,0.0,0.1061884835261454
2025-09-19 05:00:00,WX-MASTER,0.0,4.804,22.56,WEATHER_STATION,VALID,0.0,0.007409175784471883
2025-09-19 06:00:00,WX-MASTER,0.0,6.375,21.97,WEATHER_STATION,VALID,0.0,0.048515625
2025-09-19 07:00:00,WX-MASTER,0.2048,4.613,21.9,WEATHER_STATION,VALID,0.20422779720800682,0.0052961881004663985
2025-09-19 08:00:00,WX-MASTER,0.5037,5.141,19.34,WEATHER_STATION,VALID,0.49041093094290616,0.012385407521700963
2025-09-19 09:00:00,WX-MASTER,0.7259,6.805,22.85,WEATHER_STATION,VALID,0.701208942703879,0.0695223241632373
2025-09-19 10:00:00,WX-MASTER,0.7519,5.461,23.81,WEATHER_STATION,VALID,0.7374448874818698,0.01881027479632374
2025-09-19 11:00:00,WX-MASTER,0.8227,7.546,23.71,WEATHER_STATION,VALID,0.8104495741407327,0.11856283987533614
2025-09-19 12:00:00,WX-MASTER,0.9257,5.157,22.98,WEATHER_STATION,VALID,0.8899941369828755,0.012665161565925927
2025-09-19 13:00:00,WX-MASTER,0.9409,6.447,23.27,WEATHER_STATION,VALID,0.9157700658559824,0.051687336040000004
2025-09-19 14:00:00,WX-MASTER,0.8418,6.227,23.94,WEATHER_STATION,VALID,0.8282456739940038,0.042408918294046645
2025-09-19 15:00:00,WX-MASTER,0.4939,5.25,24.78,WEATHER_STATION,VALID,0.47048701267915644,0.014375
2025-09-19 16:00:00,WX-MASTER,0.5051,3.692,29.7,WEATHER_STATION,VALID,0.4900405353581891,0.00041819475577503467
2025-09-19 17:00:00,WX-MASTER,0.2957,5.455,27.62,WEATHER_STATION,VALID,0.28188612469389357,0.018673029718792866
2025-09-19 18:00:00,WX-MASTER,0.0,5.128,29.35,WEATHER_STATION,VALID,0.0,0.01216116469113855
2025-09-19 19:00:00,WX-MASTER,0.0,5.331,29.64,WEATHER_STATION,VALID,0.0,0.015984060680000012
2025-09-19 20:00:00,WX-MASTER,0.0,6.537,28.91,WEATHER_STATION,VALID,0.0,0.055842580440000004
2025-09-19 21:00:00,WX-MASTER,0.0,4.701,27.5,WEATHER_STATION,VALID,0.0,0.006211167479999995
2025-09-19 22:00:00,WX-MASTER,0.0,5.673,28.89,WEATHER_STATION,VALID,0.0,0.024102227159999996
2025-09-19 23:00:00,WX-MASTER,0.0,5.673,26.41,WEATHER_STATION,VALID,0.0,0.024102227159999996
2025-09-20 00:00:00,WX-MASTER,0.0,6.767,27.7,WEATHER_STATION,VALID,0.0,0.06746012780515775
2025-09-20 01:00:00,WX-MASTER,0.0,6.161,24.89,WEATHER_STATION,VALID,0.0,0.039859678050096
2025-09-20 02:00:00,WX-MASTER,0.0,6.241,24.71,WEATHER_STATION,VALID,0.0,0.042963276267928646
2025-09-20 03:00:00,WX-MASTER,0.0,7.257,23.8,WEATHER_STATION,VALID,0.0,0.09735791163999999
2025-09-20 04:00:00,WX-MASTER,0.0,6.366,25.16,WEATHER_STATION,VALID,0.0,0.04812853407999998
2025-09-20 05:00:00,WX-MASTER,0.0,6.763,19.83,WEATHER_STATION,VALID,0.0,0.06724545771089163
2025-09-20 06:00:00,WX-MASTER,0.0,5.077,25.0,WEATHER_STATION,VALID,0.0,0.011307583114348423
2025-09-20 07:00:00,WX-MASTER,0.0597,5.197,20.88,WEATHER_STATION,VALID,0.058389720032383394,0.013382907302002745
2025-09-20 08:00:00,WX-MASTER,0.4115,8.666,21.58,WEATHER_STATION,VALID,0.4183013901236151,0.2295567193858986
2025-09-20 09:00:00,WX-MASTER,0.6497,4.856,22.35,WEATHER_STATION,VALID,0.6290134588871266,0.00806852622046639
2025-09-20 10:00:00,WX-MASTER,0.2993,2.801,22.59,WEATHER_STATION,VALID,0.28978618816113055,0.0
2025-09-20 11:00:00,WX-MASTER,0.782,5.804,23.77,WEATHER_STATION,VALID,0.7672625101111693,0.02782238313700961
2025-09-20 12:00:00,WX-MASTER,0.9664,4.313,24.21,WEATHER_STATION,VALID,0.9612587423581976,0.002856633186886143
2025-09-20 13:00:00,WX-MASTER,0.7679,5.488,26.77,WEATHER_STATION,VALID,0.7560931671161146,0.019436203031879297
2025-09-20 14:00:00,WX-MASTER,0.7413,5.061,26.11,WEATHER_STATION,VALID,0.6950917293135901,0.011048269879999998
2025-09-20 15:00:00,WX-MASTER,0.5674,5.965,26.0,WEATHER_STATION,VALID,0.5551730875073476,0.03289534095336076
2025-09-20 16:00:00,WX-MASTER,0.5262,5.256,26.32,WEATHER_STATION,VALID,0.5307142446363925,0.014490306939259267
2025-09-20 17:00:00,WX-MASTER,0.2953,5.28,27.01,WEATHER_STATION,VALID,0.28919810261662104,0.014957700740740746
2025-09-20 18:00:00,WX-MASTER,0.0,7.295,29.81,WEATHER_STATION,VALID,0.0,0.09998844250342935
2025-09-20 19:00:00,WX-MASTER,0.0,3.173,30.72,WEATHER_STATION,VALID,0.0,6.534293058984917e-06
2025-09-20 20:00:00,WX-MASTER,0.0,4.594,29.94,WEATHER_STATION,VALID,0.0,0.005111227952373116
2025-09-20 21:00:00,WX-MASTER,0.0,5.496,24.81,WEATHER_STATION,VALID,0.0,0.01962429402074075
2025-09-20 22:00:00,WX-MASTER,0.0,4.591,25.57,WEATHER_STATION,VALID,0.0,0.005082423354348426
2025-09-20 23:00:00,WX-MASTER,0.0,6.349,27.7,WEATHER_STATION,VALID,0.0,0.04740299059681756
2025-09-21 00:00:00,WX-MASTER,0.0,6.329,26.78,WEATHER_STATION,VALID,0.0,0.046558789939478734
2025-09-21 01:00:00,WX-MASTER,0.0,8.409,26.16,WEATHER_STATION,VALID,0.0,0.1997152569200001
2025-09-21 02:00:00,WX-MASTER,0.0,7.022,26.73,WEATHER_STATION,VALID,0.0,0.08210819362984911
2025-09-21 03:00:00,WX-MASTER,0.0,6.787,25.76,WEATHER_STATION,VALID,0.0,0.06854033367731137
2025-09-21 04:00:00,WX-MASTER,0.0,6.434,23.69,WEATHER_STATION,VALID,0.0,0.05110473863330592
2025-09-21 05:00:00,WX-MASTER,0.0,5.372,20.92,WEATHER_STATION,VALID,0.0,0.016842414568120714
2025-09-21 06:00:00,WX-MASTER,0.0,7.669,20.72,WEATHER_STATION,VALID,0.0,0.12844935292768175
2025-09-21 07:00:00,WX-MASTER,0.2886,7.83,21.93,WEATHER_STATION,VALID,0.27452520613748027,0.1422006859259259
2025-09-21 08:00:00,WX-MASTER,0.4048,4.42,22.23,WEATHER_STATION,VALID,0.39333581651405025,0.0036134773113854594
2025-09-21 09:00:00,WX-MASTER,0.6236,7.852,20.38,WEATHER_STATION,VALID,0.6140611066726318,0.1441526649538546
2025-09-21 10:00:00,WX-MASTER,0.7681,4.65,22.99,WEATHER_STATION,VALID,0.7386009102800576,0.005669074074074078
2025-09-21 11:00:00,WX-MASTER,0.786,4.364,20.65,WEATHER_STATION,VALID,0.7809367090524771,0.003202605240713306
2025-09-21 12:00:00,WX-MASTER,0.8804,5.831,20.28,WEATHER_STATION,VALID,0.844512689424054,0.028633860652565166
2025-09-21 13:00:00,WX-MASTER,0.9381,5.885,23.27,WEATHER_STATION,VALID,0.9066078180414958,0.030303846083676263
2025-09-21 14:00:00,WX-MASTER,0.7497,5.067,26.87,WEATHER_STATION,VALID,0.7150686199914474,0.011145042499259262
2025-09-21 15:00:00,WX-MASTER,0.611,4.783,27.96,WEATHER_STATION,VALID,0.6017503312973144,0.007153429947928675
2025-09-21 16:00:00,WX-MASTER,0.5266,6.893,25.06,WEATHER_STATION,VALID,0.527370236340338,0.07445836751775033
2025-09-21 17:00:00,WX-MASTER,0.2679,4.747,25.88,WEATHER_STATION,VALID,0.2527831385424779,0.006728821598299038
2025-09-21 18:00:00,WX-MASTER,0.0,5.697,29.17,WEATHER_STATION,VALID,0.0,0.024757291965925934
2025-09-21 19:00:00,WX-MASTER,0.0,8.241,28.08,WEATHER_STATION,VALID,0.0,0.181678183154074
2025-09-21 20:00:00,WX-MASTER,0.0,4.562,30.36,WEATHER_STATION,VALID,0.0,0.004809538301454048
2025-09-21 21:00:00,WX-MASTER,0.0,5.955,29.5,WEATHER_STATION,VALID,0.0,0.03256362574074075
2025-09-21 22:00:00,WX-MASTER,0.0,8.107,29.36,WEATHER_STATION,VALID,0.0,0.16809619100076814
2025-09-21 23:00:00,WX-MASTER,0.0,7.641,26.71,WEATHER_STATION,VALID,0.0,0.12615225100592597
2025-09-22 00:00:00,WX-MASTER,0.0,8.226,27.5,WEATHER_STATION,VALID,0.0,0.18012272773925936
2025-09-22 01:00:00,WX-MASTER,0.0,5.406,28.55,WEATHER_STATION,VALID,0.0,0.01757709775407407
2025-09-22 02:00:00,WX-MASTER,0.0,7.537,25.39,WEATHER_STATION,VALID,0.0,0.1178600542945953
2025-09-22 03:00:00,WX-MASTER,0.0,6.676,24.26,WEATHER_STATION,VALID,0.0,0.06268834539632373
2025-09-22 04:00:00,WX-MASTER,0.0,9.865,22.95,WEATHER_STATION,VALID,0.0,0.40830239157064474
2025-09-22 05:00:00,WX-MASTER,0.0,7.775,20.82,WEATHER_STATION,VALID,0.0,0.13739800497256516
2025-09-22 06:00:00,WX-MASTER,0.0,6.465,20.87,WEATHER_STATION,VALID,0.0,0.052501295
2025-09-22 07:00:00,WX-MASTER,0.2382,6.612,20.77,WEATHER_STATION,VALID,0.22615264593201284,0.059470764847407404
2025-09-22 08:00:00,WX-MASTER,0.4239,6.05,19.75,WEATHER_STATION,VALID,0.4095770079794329,0.0358063305898491
2025-09-22 09:00:00,WX-MASTER,0.7218,6.637,19.99,WEATHER_STATION,VALID,0.701257822150124,0.06071418955385459
2025-09-22 10:00:00,WX-MASTER,0.7875,4.392,19.25,WEATHER_STATION,VALID,0.7579332828185097,0.0034039094992592616
2025-09-22 11:00:00,WX-MASTER,0.8087,7.1,21.81,WEATHER_STATION,VALID,0.7878333597248144,0.08697849108367624
2025-09-22 12:00:00,WX-MASTER,0.9122,3.477,24.28,WEATHER_STATION,VALID,0.9199242357341998,0.00013696683999999987
2025-09-22 13:00:00,WX-MASTER,0.8305,5.404,23.93,WEATHER_STATION,VALID,0.8040701855607579,0.017533301019039774
2025-09-22 14:00:00,WX-MASTER,0.7898,4.072,24.85,WEATHER_STATION,VALID,0.7609477495318676,0.0015546930427434843
2025-09-22 15:00:00,WX-MASTER,0.5838,5.272,27.05,WEATHER_STATION,VALID,0.5751772607861119,0.014800803067434849
2025-09-22 16:00:00,WX-MASTER,0.5353,6.636,29.0,WEATHER_STATION,VALID,0.5211647368706664,0.06066412288000001
2025-09-22 17:00:00,WX-MASTER,0.2445,3.314,30.42,WEATHER_STATION,VALID,0.2424437639409177,3.90705246639232e-05
2025-09-22 18:00:00,WX-MASTER,0.0,5.549,28.42,WEATHER_STATION,VALID,0.0,0.020901131875281215
2025-09-22 19:00:00,WX-MASTER,0.0,4.151,28.26,WEATHER_STATION,VALID,0.0,0.0019243597735528106
2025-09-22 20:00:00,WX-MASTER,0.0,5.921,28.22,WEATHER_STATION,VALID,0.0,0.03145248543775035
2025-09-22 21:00:00,WX-MASTER,0.0,4.659,29.31,WEATHER_STATION,VALID,0.0,0.005762347660740739
2025-09-22 22:00:00,WX-MASTER,0.0,6.968,28.06,WEATHER_STATION,VALID,0.0,0.07884520550540466
2025-09-22 23:00:00,WX-MASTER,0.0,6.384,27.51,WEATHER_STATION,VALID,0.0,0.04890478592000003
2025-09-23 00:00:00,WX-MASTER,0.0,8.018,26.86,WEATHER_STATION,VALID,0.0,0.15946018733256517
2025-09-23 01:00:00,WX-MASTER,0.0,8.706,24.99,WEATHER_STATION,VALID,0.0,0.2344528956799999
2025-09-23 02:00:00,WX-MASTER,0.0,7.117,22.42,WEATHER_STATION,VALID,0.0,0.08806491089706447
2025-09-23 03:00:00,WX-MASTER,0.0,8.192,23.51,WEATHER_STATION,VALID,0.0,0.1766299517928121
2025-09-23 04:00:00,WX-MASTER,0.0,8.692,25.21,WEATHER_STATION,VALID,0.0,0.23273139530447193
2025-09-23 05:00:00,WX-MASTER,0.0,5.508,24.43,WEATHER_STATION,VALID,0.0,0.01990869968592593
2025-09-23 06:00:00,WX-MASTER,0.0,8.343,23.31,WEATHER_STATION,VALID,0.0,0.19249339028592594
2025-09-23 07:00:00,WX-MASTER,0.2322,6.176,21.24,WEATHER_STATION,VALID,0.22180192841182458,0.04042981744021949
2025-09-23 08:00:00,WX-MASTER,0.4254,4.691,20.77,WEATHER_STATION,VALID,0.4202208608433827,0.006102265817997257
2025-09-23 09:00:00,WX-MASTER,0.7215,6.1,23.78,WEATHER_STATION,VALID,0.7036928875124877,0.037596323731138526
2025-09-23 10:00:00,WX-MASTER,0.8083,5.395,20.89,WEATHER_STATION,VALID,0.7812025981472038,0.017337115891632365
2025-09-23 11:00:00,WX-MASTER,0.9353,3.479,22.79,WEATHER_STATION,VALID,0.9162399840593216,0.00013869692713305907
2025-09-23 12:00:00,WX-MASTER,0.8108,3.752,25.49,WEATHER_STATION,VALID,0.7865846294407722,0.0005366780347873796
2025-09-23 13:00:00,WX-MASTER,0.8397,7.249,24.46,WEATHER_STATION,VALID,0.8193332421365142,0.09681006067089162
2025-09-23 14:00:00,WX-MASTER,0.7036,5.489,24.86,WEATHER_STATION,VALID,0.6738709872383294,0.019459648388861456
2025-09-23 15:00:00,WX-MASTER,0.6489,7.126,27.51,WEATHER_STATION,VALID,0.6495852248598315,0.08864371932224968
2025-09-23 16:00:00,WX-MASTER,0.3831,4.794,27.05,WEATHER_STATION,VALID,0.3682762138557486,0.007286645060740735
2025-09-23 17:00:00,WX-MASTER,0.2795,4.482,27.93,WEATHER_STATION,VALID,0.2776385984507378,0.004107758565925928
2025-09-23 18:00:00,WX-MASTER,0.0,3.564,30.06,WEATHER_STATION,VALID,0.0,0.00022641104592592605
2025-09-23 19:00:00,WX-MASTER,0.0,7.265,25.54,WEATHER_STATION,VALID,0.0,0.0979078255898491
2025-09-23 20:00:00,WX-MASTER,0.0,6.801,29.15,WEATHER_STATION,VALID,0.0,0.06930329888740741
2025-09-23 21:00:00,WX-MASTER,0.0,5.988,27.68,WEATHER_STATION,VALID,0.0,0.03366681856000002
2025-09-23 22:00:00,WX-MASTER,0.0,5.711,28.0,WEATHER_STATION,VALID,0.0,0.025144838568614554
2025-09-23 23:00:00,WX-MASTER,0.0,8.386,27.83,WEATHER_STATION,VALID,0.0,0.1971784036481755
2025-09-24 00:00:00,WX-MASTER,0.0,6.8,26.15,WEATHER_STATION,VALID,0.0,0.0692486145404664
2025-09-24 01:00:00,WX-MASTER,0.0,6.876,26.39,WEATHER_STATION,VALID,0.0,0.07348718373925928
2025-09-24 02:00:00,WX-MASTER,0.0,6.306,25.67,WEATHER_STATION,VALID,0.0,0.04560042042074075
2025-09-24 03:00:00,WX-MASTER,0.0,6.484,24.55,WEATHER_STATION,VALID,0.0,0.05336969710792868
2025-09-24 04:00:00,WX-MASTER,0.0,7.594,23.6,WEATHER_STATION,VALID,0.0,0.12235825412521265
2025-09-24 05:00:00,WX-MASTER,0.0,4.849,22.6,WEATHER_STATION,VALID,0.0,0.007977577510397807
2025-09-24 06:00:00,WX-MASTER,0.0,6.566,22.06,WEATHER_STATION,VALID,0.0,0.057227439583429345
2025-09-24 07:00:00,WX-MASTER,0.2208,7.45,21.93,WEATHER_STATION,VALID,0.21105570246203023,0.11120910150891634
2025-09-24 08:00:00,WX-MASTER,0.4923,5.836,20.58,WEATHER_STATION,VALID,0.489426697964952,0.02878584473459534
2025-09-24 09:00:00,WX-MASTER,0.6374,7.066,23.36,WEATHER_STATION,VALID,0.6242493074999186,0.08483253050249658
2025-09-24 10:00:00,WX-MASTER,0.8539,7.216,22.07,WEATHER_STATION,VALID,0.8554417623348611,0.09457189810743484
2025-09-24 11:00:00,WX-MASTER,0.8046,6.467,22.25,WEATHER_STATION,VALID,0.7750256560800797,0.052592258817503415
2025-09-24 12:00:00,WX-MASTER,0.9577,4.468,23.94,WEATHER_STATION,VALID,0.9307830916769863,0.003992440622002743
2025-09-24 13:00:00,WX-MASTER,0.7145,5.059,24.17,WEATHER_STATION,VALID,0.6859841948551257,0.011016137268422502
2025-09-24 14:00:00,WX-MASTER,0.6727,5.56,26.7,WEATHER_STATION,VALID,0.6539649804422396,0.021172892620027424
2025-09-24 15:00:00,WX-MASTER,0.6876,4.573,27.19,WEATHER_STATION,VALID,0.6486739666642096,0.004911865508422499
2025-09-24 16:00:00,WX-MASTER,0.5277,4.665,27.07,WEATHER_STATION,VALID,0.5172907577932027,0.005825095
2025-09-24 17:00:00,WX-MASTER,0.2332,4.775,28.81,WEATHER_STATION,VALID,0.2273355123440562,0.007057572873799731
2025-09-24 18:00:00,WX-MASTER,0.0,9.043,28.53,WEATHER_STATION,VALID,0.0,0.27849543564669405
2025-09-24 19:00:00,WX-MASTER,0.0,5.638,27.21,WEATHER_STATION,VALID,0.0,0.023167793451632373
2025-09-24 20:00:00,WX-MASTER,0.0,7.64,29.78,WEATHER_STATION,VALID,0.0,0.12607072219478738
2025-09-24 21:00:00,WX-MASTER,0.0,5.371,26.31,WEATHER_STATION,VALID,0.0,0.016821122011138553
2025-09-24 22:00:00,WX-MASTER,0.0,8.937,24.02,WEATHER_STATION,VALID,0.0,0.26409577036592585
2025-09-24 23:00:00,WX-MASTER,0.0,6.413,28.52,WEATHER_STATION,VALID,0.0,0.05017289535972566
2025-09-25 00:00:00,WX-MASTER,0.0,7.084,27.49,WEATHER_STATION,VALID,0.0,0.08596417493508914
2025-09-25 01:00:00,WX-MASTER,0.0,4.694,26.57,WEATHER_STATION,VALID,0.0,0.006134801527133057
2025-09-25 02:00:00,WX-MASTER,0.0,8.523,26.88,WEATHER_STATION,VALID,0.0,0.21261085241925917
2025-09-25 03:00:00,WX-MASTER,0.0,8.731,24.27,WEATHER_STATION,VALID,0.0,0.2375480799173114
2025-09-25 04:00:00,WX-MASTER,0.0,5.319,23.0,WEATHER_STATION,VALID,0.0,0.015738471245925922
2025-09-25 05:00:00,WX-MASTER,0.0,8.201,23.69,WEATHER_STATION,VALID,0.0,0.17755007510688617
2025-09-25 06:00:00,WX-MASTER,0.0,4.707,21.32,WEATHER_STATION,VALID,0.0,0.006277126232592591
2025-09-25 07:00:00,WX-MASTER,0.2313,7.013,21.54,WEATHER_STATION,VALID,0.2256978536936373,0.08155822740910837
2025-09-25 08:00:00,WX-MASTER,0.5329,5.556,22.01,WEATHER_STATION,VALID,0.5168329299488879,0.021073799680000005
2025-09-25 09:00:00,WX-MASTER,0.6274,7.417,22.23,WEATHER_STATION,VALID,0.6265937164203701,0.10875331321805212
2025-09-25 10:00:00,WX-MASTER,0.8526,5.781,21.78,WEATHER_STATION,VALID,0.8237834581222255,0.027143338679999986
2025-09-25 11:00:00,WX-MASTER,0.8175,6.487,22.15,WEATHER_STATION,VALID,0.8072976415125672,0.053507682467434856
2025-09-25 12:00:00,WX-MASTER,0.8462,6.76,22.11,WEATHER_STATION,VALID,0.8047308468990712,0.06708475434842248
2025-09-25 13:00:00,WX-MASTER,0.8828,4.71,23.36,WEATHER_STATION,VALID,0.8427031008772544,0.006310280000000001
2025-09-25 14:00:00,WX-MASTER,0.5381,5.057,27.39,WEATHER_STATION,VALID,0.5277818945086022,0.01098406701997257
2025-09-25 15:00:00,WX-MASTER,0.6512,3.723,25.8,WEATHER_STATION,VALID,0.6422498822649728,0.000476952567407407
2025-09-25 16:00:00,WX-MASTER,0.4695,4.913,27.19,WEATHER_STATION,VALID,0.448672561726621,0.008834972643676272
2025-09-25 17:00:00,WX-MASTER,0.2931,7.997,25.89,WEATHER_STATION,VALID,0.28441285631760654,0.15746656265454043
2025-09-25 18:00:00,WX-MASTER,0.0,6.703,31.32,WEATHER_STATION,VALID,0.0,0.06407984243187931
2025-09-25 19:00:00,WX-MASTER,0.0,4.616,27.56,WEATHER_STATION,VALID,0.0,0.005325794052565155
2025-09-25 20:00:00,WX-MASTER,0.0,8.356,27.3,WEATHER_STATION,VALID,0.0,0.19390187294200278
2025-09-25 21:00:00,WX-MASTER,0.0,6.991,28.52,WEATHER_STATION,VALID,0.0,0.08022421614447188
2025-09-25 22:00:00,WX-MASTER,0.0,7.788,27.17,WEATHER_STATION,VALID,0.0,0.13852326656000002
2025-09-25 23:00:00,WX-MASTER,0.0,7.527,28.12,WEATHER_STATION,VALID,0.0,0.11708244484000002
2025-09-26 00:00:00,WX-MASTER,0.0,7.545,25.14,WEATHER_STATION,VALID,0.0,0.11848461500000002
2025-09-26 01:00:00,WX-MASTER,0.0,4.464,27.48,WEATHER_STATION,VALID,0.0,0.003959893712592596
2025-09-26 02:00:00,WX-MASTER,0.0,8.494,26.33,WEATHER_STATION,VALID,0.0,0.20927929531039782
2025-09-26 03:00:00,WX-MASTER,0.0,4.052,24.16,WEATHER_STATION,VALID,0.0,0.0014692899854046625
2025-09-26 04:00:00,WX-MASTER,0.0,8.168,21.47,WEATHER_STATION,VALID,0.0,0.1741918429375034
2025-09-26 05:00:00,WX-MASTER,0.0,6.788,21.76,WEATHER_STATION,VALID,0.0,0.06859464455725653
2025-09-26 06:00:00,WX-MASTER,0.0,7.515,22.25,WEATHER_STATION,VALID,0.0,0.11615383759259254
2025-09-26 07:00:00,WX-MASTER,0.2926,6.382,20.37,WEATHER_STATION,VALID,0.2897925311146749,0.04881812654397805
2025-09-26 08:00:00,WX-MASTER,0.5021,7.272,20.45,WEATHER_STATION,VALID,0.4859638936207322,0.0983906956325926
2025-09-26 09:00:00,WX-MASTER,0.6477,5.685,23.08,WEATHER_STATION,VALID,0.6466383890259113,0.024428295740740732
2025-09-26 10:00:00,WX-MASTER,0.8513,5.806,22.36,WEATHER_STATION,VALID,0.8245434557763245,0.02788195995434842
2025-09-26 11:00:00,WX-MASTER,0.8166,5.787,22.88,WEATHER_STATION,VALID,0.7916612969503504,0.027319403032592587
2025-09-26 12:00:00,WX-MASTER,0.8513,7.577,24.09,WEATHER_STATION,VALID,0.8339448979575036,0.12100492207182441
2025-09-26 13:00:00,WX-MASTER,0.9311,5.853,24.1,WEATHER_STATION,VALID,0.8658403055329328,0.02930661195999999
2025-09-26 14:00:00,WX-MASTER,0.8513,3.367,25.13,WEATHER_STATION,VALID,0.8283779726933942,6.238188471879285e-05
2025-09-26 16:00:00,WX-MASTER,0.4483,6.065,27.93,WEATHER_STATION,VALID,0.4345215903610341,0.03633722312071332
2025-09-26 17:00:00,WX-MASTER,0.1452,7.113,28.28,WEATHER_STATION,VALID,0.14408059271007598,0.08780847356000004
2025-09-26 18:00:00,WX-MASTER,0.0,4.766,29.99,WEATHER_STATION,VALID,0.0,0.006950761657503429
2025-09-26 19:00:00,WX-MASTER,0.0,8.87,28.62,WEATHER_STATION,VALID,0.0,0.25525520268861446
2025-09-26 20:00:00,WX-MASTER,0.0,6.448,27.09,WEATHER_STATION,VALID,0.0,0.05173233371829907
2025-09-26 21:00:00,WX-MASTER,0.0,7.017,29.89,WEATHER_STATION,VALID,0.0,0.08180235264740743
2025-09-26 22:00:00,WX-MASTER,0.0,5.063,27.94,WEATHER_STATION,VALID,0.0,0.011080464915281203
2025-09-26 23:00:00,WX-MASTER,0.0,8.324,26.76,WEATHER_STATION,VALID,0.0,0.19044713312219474
2025-09-27 00:00:00,WX-MASTER,0.0,6.404,27.81,WEATHER_STATION,VALID,0.0,0.04977702689009603
2025-09-27 01:00:00,WX-MASTER,0.0,6.076,26.55,WEATHER_STATION,VALID,0.0,0.0367298616432373
2025-09-27 02:00:00,WX-MASTER,0.0,6.628,23.67,WEATHER_STATION,VALID,0.0,0.06026457999978054
2025-09-27 03:00:00,WX-MASTER,0.0,8.764,25.1,WEATHER_STATION,VALID,0.0,0.2416752716659533
2025-09-27 04:00:00,WX-MASTER,0.0,7.437,25.7,WEATHER_STATION,VALID,0.0,0.11023730444000004
2025-09-27 05:00:00,WX-MASTER,0.0,5.487,23.12,WEATHER_STATION,VALID,0.0,0.01941277651407407
2025-09-27 06:00:00,WX-MASTER,0.0,5.724,21.87,WEATHER_STATION,VALID,0.0,0.025508305445925937
2025-09-27 07:00:00,WX-MASTER,0.2798,7.993,19.82,WEATHER_STATION,VALID,0.27736348819540435,0.15708871863434845
2025-09-27 08:00:00,WX-MASTER,0.4745,5.592,24.17,WEATHER_STATION,VALID,0.46459729707391384,0.021976842239999995
2025-09-27 09:00:00,WX-MASTER,0.5508,6.377,21.2,WEATHER_STATION,VALID,0.535661136401572,0.04860192612120712
2025-09-27 10:00:00,WX-MASTER,0.8073,6.472,20.48,WEATHER_STATION,VALID,0.7980867540858549,0.05282012790694104
2025-09-27 11:00:00,WX-MASTER,0.8364,1.0,22.86,WEATHER_STATION,VALID,0.8101676170265295,0.0
2025-09-27 12:00:00,WX-MASTER,0.9563,6.763,24.66,WEATHER_STATION,VALID,0.928087904653706,0.06724545771089163
2025-09-27 13:00:00,WX-MASTER,0.9297,3.949,25.78,WEATHER_STATION,VALID,0.9258172509001641,0.0010785963252126194
2025-09-27 14:00:00,WX-MASTER,0.8104,4.594,24.4,WEATHER_STATION,VALID,0.8058041096994238,0.005111227952373116
2025-09-27 15:00:00,WX-MASTER,0.6523,7.137,25.99,WEATHER_STATION,VALID,0.6326510038171587,0.08935458903259257
2025-09-27 16:00:00,WX-MASTER,0.4788,7.153,26.95,WEATHER_STATION,VALID,0.46117859257179106,0.09039535035780517
2025-09-27 17:00:00,WX-MASTER,0.2309,6.101,28.85,WEATHER_STATION,VALID,0.22904070141797211,0.037632719008120714
2025-09-27 18:00:00,WX-MASTER,0.0,6.636,28.95,WEATHER_STATION,VALID,0.0,0.06066412288000001
2025-09-27 19:00:00,WX-MASTER,0.0,7.214,28.91,WEATHER_STATION,VALID,0.0,0.09443737195676272
2025-09-27 20:00:00,WX-MASTER,0.0,8.063,29.8,WEATHER_STATION,VALID,0.0,0.16378875479182445
2025-09-27 21:00:00,WX-MASTER,0.0,8.479,26.95,WEATHER_STATION,VALID,0.0,0.2075698159943483
2025-09-27 22:00:00,WX-MASTER,0.0,6.818,28.74,WEATHER_STATION,VALID,0.0,0.07023734249305895
2025-09-27 23:00:00,WX-MASTER,0.0,5.9,27.94,WEATHER_STATION,VALID,0.0,0.030778984910836766
2025-09-28 00:00:00,WX-MASTER,0.0,6.637,26.89,WEATHER_STATION,VALID,0.0,0.06071418955385459
2025-09-28 01:00:00,WX-MASTER,0.0,7.196,25.81,WEATHER_STATION,VALID,0.0,0.09323237285750342
2025-09-28 02:00:00,WX-MASTER,0.0,6.956,25.36,WEATHER_STATION,VALID,0.0,0.07813203713404666
2025-09-28 03:00:00,WX-MASTER,0.0,5.636,23.61,WEATHER_STATION,VALID,0.0,0.023115139395775045
2025-09-28 04:00:00,WX-MASTER,0.0,7.384,26.72,WEATHER_STATION,VALID,0.0,0.10633394718200279
2025-09-28 05:00:00,WX-MASTER,0.0,4.59,24.36,WEATHER_STATION,VALID,0.0,0.005072845925925924
2025-09-28 06:00:00,WX-MASTER,0.0,6.51,23.48,WEATHER_STATION,VALID,0.0,0.05457347999999999
2025-09-28 07:00:00,WX-MASTER,0.2576,6.34,21.19,WEATHER_STATION,VALID,0.25279249429218387,0.04702184866941015
2025-09-28 08:00:00,WX-MASTER,0.431,6.034,20.55,WEATHER_STATION,VALID,0.41857402043457914,0.03524577207089162
2025-09-28 09:00:00,WX-MASTER,0.5818,6.74,21.57,WEATHER_STATION,VALID,0.5535616448450549,0.0660199370096022
2025-09-28 10:00:00,WX-MASTER,0.8334,6.345,22.31,WEATHER_STATION,VALID,0.8168077899606003,0.04723334092592592
2025-09-28 11:00:00,WX-MASTER,0.7851,8.119,20.99,WEATHER_STATION,VALID,0.7632679192697296,0.16928391240916318
2025-09-28 12:00:00,WX-MASTER,0.7462,4.431,24.03,WEATHER_STATION,VALID,0.7528435827871617,0.00369810468
2025-09-28 13:00:00,WX-MASTER,0.8184,5.405,25.59,WEATHER_STATION,VALID,0.8117374571176076,0.01755519028120714
2025-09-28 14:00:00,WX-MASTER,0.7613,5.328,22.52,WEATHER_STATION,VALID,0.7465819792171138,0.0159224255525926
2025-09-28 15:00:00,WX-MASTER,0.4997,5.34,25.03,WEATHER_STATION,VALID,0.48657665749240553,0.01616992
2025-09-28 16:00:00,WX-MASTER,0.4678,3.612,28.43,WEATHER_STATION,VALID,0.4549148390637421,0.0002892774400000001
2025-09-28 17:00:00,WX-MASTER,0.2825,3.907,28.13,WEATHER_STATION,VALID,0.2697718661521047,0.000941634062496571
2025-09-28 18:00:00,WX-MASTER,0.0,5.682,27.19,WEATHER_STATION,VALID,0.0,0.024346504640000013
2025-09-28 19:00:00,WX-MASTER,0.0,3.879,29.47,WEATHER_STATION,VALID,0.0,0.0008570909792592592
2025-09-28 20:00:00,WX-MASTER,0.0,5.754,27.99,WEATHER_STATION,VALID,0.0,0.026360406719999983
2025-09-28 21:00:00,WX-MASTER,0.0,5.597,28.3,WEATHER_STATION,VALID,0.0,0.022104268531083694
2025-09-28 22:00:00,WX-MASTER,0.0,6.275,26.87,WEATHER_STATION,VALID,0.0,0.04432964077503431
2025-09-28 23:00:00,WX-MASTER,0.0,8.315,27.7,WEATHER_STATION,VALID,0.0,0.18948293608367622
2025-09-29 00:00:00,WX-MASTER,0.0,5.552,28.17,WEATHER_STATION,VALID,0.0,0.02097501640515774
2025-09-29 01:00:00,WX-MASTER,0.0,8.146,25.53,WEATHER_STATION,VALID,0.0,0.17197671325805217
2025-09-29 02:00:00,WX-MASTER,0.0,6.267,25.98,WEATHER_STATION,VALID,0.0,0.04400557524000002
2025-09-29 03:00:00,WX-MASTER,0.0,6.356,24.24,WEATHER_STATION,VALID,0.0,0.047700854121700956
2025-09-29 04:00:00,WX-MASTER,0.0,7.407,24.75,WEATHER_STATION,VALID,0.0,0.10801633823259262
2025-09-29 05:00:00,WX-MASTER,0.0,6.256,22.17,WEATHER_STATION,VALID,0.0,0.043562569435829916
2025-09-29 06:00:00,WX-MASTER,0.0,5.224,24.04,WEATHER_STATION,VALID,0.0,0.01388240300422497
2025-09-29 07:00:00,WX-MASTER,0.239,5.649,22.64,WEATHER_STATION,VALID,0.2317284966916866,0.023458820594074076
2025-09-29 08:00:00,WX-MASTER,0.49,3.56,21.99,WEATHER_STATION,VALID,0.46965552756200984,0.0002216278737997257
2025-09-29 09:00:00,WX-MASTER,0.6239,6.114,22.16,WEATHER_STATION,VALID,0.5979850948572442,0.038107997119999994
2025-09-29 10:00:00,WX-MASTER,0.595,1.363,21.61,WEATHER_STATION,VALID,0.5861689268814159,0.0
2025-09-29 11:00:00,WX-MASTER,0.6925,6.369,22.09,WEATHER_STATION,VALID,0.667364489778544,0.0482573347274074
2025-09-29 12:00:00,WX-MASTER,0.7403,5.889,23.77,WEATHER_STATION,VALID,0.7059349439702156,0.03043006812
2025-09-29 13:00:00,WX-MASTER,0.743,7.109,22.86,WEATHER_STATION,VALID,0.720229200865346,0.08755253452219479
2025-09-29 14:00:00,WX-MASTER,0.7841,7.87,24.48,WEATHER_STATION,VALID,0.7619649717114282,0.14576296126200275
2025-09-29 15:00:00,WX-MASTER,0.6482,6.323,24.98,WEATHER_STATION,VALID,0.6095733968281634,0.046307498663429376
2025-09-29 16:00:00,WX-MASTER,0.5229,4.426,27.64,WEATHER_STATION,VALID,0.5068934059424609,0.0036594757666941033
2025-09-29 17:00:00,WX-MASTER,0.2789,8.255,28.38,WEATHER_STATION,VALID,0.2741641940553459,0.18313799707133072
2025-09-29 18:00:00,WX-MASTER,0.0,4.107,29.75,WEATHER_STATION,VALID,0.0,0.0017119976400000012
2025-09-29 19:00:00,WX-MASTER,0.0,3.439,28.18,WEATHER_STATION,VALID,0.0,0.00010677113508916327
2025-09-29 20:00:00,WX-MASTER,0.0,8.582,27.73,WEATHER_STATION,VALID,0.0,0.21949760984713318
2025-09-29 21:00:00,WX-MASTER,0.0,7.206,26.82,WEATHER_STATION,VALID,0.0,0.09390054308740743
2025-09-29 22:00:00,WX-MASTER,0.0,4.209,28.56,WEATHER_STATION,VALID,0.0,0.0022301763274074063
2025-09-29 23:00:00,WX-MASTER,0.0,5.066,29.35,WEATHER_STATION,VALID,0.0,0.011128874645157747
2025-09-30 00:00:00,WX-MASTER,0.0,7.656,26.86,WEATHER_STATION,VALID,0.0,0.12737940442074072
2025-09-30 01:00:00,WX-MASTER,0.0,5.87,26.14,WEATHER_STATION,VALID,0.0,0.02983362244170096
2025-09-30 02:00:00,WX-MASTER,0.0,6.051,25.19,WEATHER_STATION,VALID,0.0,0.03584156148000001
2025-09-30 03:00:00,WX-MASTER,0.0,9.479,24.6,WEATHER_STATION,VALID,0.0,0.34322920853207123
2025-09-30 04:00:00,WX-MASTER,0.0,9.579,24.65,WEATHER_STATION,VALID,0.0,0.35936845972000014
2025-09-30 05:00:00,WX-MASTER,0.0,6.789,25.03,WEATHER_STATION,VALID,0.0,0.06864898412
2025-09-30 06:00:00,WX-MASTER,0.0,6.174,22.77,WEATHER_STATION,VALID,0.0,0.04035348677925926
2025-09-30 07:00:00,WX-MASTER,0.2909,7.289,22.5,WEATHER_STATION,VALID,0.27917558749085336,0.09956998409256514
2025-09-30 08:00:00,WX-MASTER,0.4094,5.125,21.41,WEATHER_STATION,VALID,0.3996571394929609,0.01210980366941015
2025-09-30 09:00:00,WX-MASTER,0.5548,2.704,21.69,WEATHER_STATION,VALID,0.5370099653898242,0.0
2025-09-30 10:00:00,WX-MASTER,0.7306,1.791,22.02,WEATHER_STATION,VALID,0.6875582958736801,0.0
2025-09-30 11:00:00,WX-MASTER,0.7917,5.105,22.29,WEATHER_STATION,VALID,0.7506635337809583,0.011771087812071335
2025-09-30 12:00:00,WX-MASTER,0.7019,6.221,23.6,WEATHER_STATION,VALID,0.6687640047446479,0.04217280361058986
2025-09-30 13:00:00,WX-MASTER,0.877,5.034,25.04,WEATHER_STATION,VALID,0.8390745045750707,0.010619721919999998
2025-09-30 14:00:00,WX-MASTER,0.8042,6.072,25.28,WEATHER_STATION,VALID,0.7850731886235008,0.03658675844740741
2025-09-30 15:00:00,WX-MASTER,0.7041,6.274,25.77,WEATHER_STATION,VALID,0.685289322633347,0.04428904586842249
2025-09-30 16:00:00,WX-MASTER,0.4466,7.029,27.1,WEATHER_STATION,VALID,0.4403383065110129,0.08253765031259258
2025-09-30 17:00:00,WX-MASTER,0.2565,5.658,26.52,WEATHER_STATION,VALID,0.2517014050137685,0.023698738500740755
2025-09-30 18:00:00,WX-MASTER,0.0,6.003,29.2,WEATHER_STATION,VALID,0.0,0.03417639855259259
2025-09-30 19:00:00,WX-MASTER,0.0,5.85,28.09,WEATHER_STATION,VALID,0.0,0.029214259259259256
2025-09-30 20:00:00,WX-MASTER,0.0,5.823,27.31,WEATHER_STATION,VALID,0.0,0.02839180041925927
2025-09-30 21:00:00,WX-MASTER,0.0,4.366,29.13,WEATHER_STATION,VALID,0.0,0.003216713613607679
2025-09-30 22:00:00,WX-MASTER,0.0,8.157,28.84,WEATHER_STATION,VALID,0.0,0.17308191563999994
2025-09-30 23:00:00,WX-MASTER,0.0,6.315,26.64,WEATHER_STATION,VALID,0.0,0.04597385240740744
2025-10-01 00:00:00,WX-MASTER,0.0,6.351,27.7,WEATHER_STATION,VALID,0.0,0.047487967554074084
2025-10-01 01:00:00,WX-MASTER,0.0,6.283,26.87,WEATHER_STATION,VALID,0.0,0.044655293404718806
2025-10-01 02:00:00,WX-MASTER,0.0,5.238,27.57,WEATHER_STATION,VALID,0.0,0.014146224485925934
2025-10-01 03:00:00,WX-MASTER,0.0,6.797,24.01,WEATHER_STATION,VALID,0.0,0.06908473411133058
2025-10-01 04:00:00,WX-MASTER,0.0,7.444,23.38,WEATHER_STATION,VALID,0.0,0.11075987318694101
2025-10-01 05:00:00,WX-MASTER,0.0,5.667,22.0,WEATHER_STATION,VALID,0.0,0.02394028664740741
2025-10-01 06:00:00,WX-MASTER,0.0,7.704,22.76,WEATHER_STATION,VALID,0.0,0.13135972731259257
2025-10-01 07:00:00,WX-MASTER,0.2527,5.622,21.81,WEATHER_STATION,VALID,0.2504680291736128,0.022748793114074076
2025-10-01 08:00:00,WX-MASTER,0.4674,3.848,22.89,WEATHER_STATION,VALID,0.4451649978007698,0.0007695695152812068
2025-10-01 09:00:00,WX-MASTER,0.5133,7.376,21.3,WEATHER_STATION,VALID,0.48911421321680437,0.10575288865009606
2025-10-01 10:00:00,WX-MASTER,0.7855,5.625,22.74,WEATHER_STATION,VALID,0.7591745287123277,0.022826967592592597
2025-10-01 11:00:00,WX-MASTER,0.7788,6.308,22.44,WEATHER_STATION,VALID,0.7517187119925471,0.0456832298807133
2025-10-01 12:00:00,WX-MASTER,0.9505,6.214,21.24,WEATHER_STATION,VALID,0.8997658656344366,0.04189844608570647
2025-10-01 13:00:00,WX-MASTER,0.8705,3.769,25.05,WEATHER_STATION,VALID,0.8528707816388793,0.0005739040881755833
2025-10-01 14:00:00,WX-MASTER,0.8425,4.326,23.1,WEATHER_STATION,VALID,0.8258109481424825,0.0029423265540740717
2025-10-01 15:00:00,WX-MASTER,0.4376,6.422,25.91,WEATHER_STATION,VALID,0.4313907290372183,0.050570857136021934
2025-10-01 16:00:00,WX-MASTER,0.449,7.599,26.78,WEATHER_STATION,VALID,0.4326106783539461,0.12275820452000001
2025-10-01 17:00:00,WX-MASTER,0.2229,5.484,27.66,WEATHER_STATION,VALID,0.2160806551924896,0.019342609920000007
2025-10-01 18:00:00,WX-MASTER,0.0,4.815,28.29,WEATHER_STATION,VALID,0.0,0.007545537592592599
2025-10-01 19:00:00,WX-MASTER,0.0,8.071,28.63,WEATHER_STATION,VALID,0.0,0.16456638556669406
2025-10-01 20:00:00,WX-MASTER,0.0,5.33,29.14,WEATHER_STATION,VALID,0.0,0.015963497997256517
2025-10-01 21:00:00,WX-MASTER,0.0,6.823,28.45,WEATHER_STATION,VALID,0.0,0.07051364958249659
2025-10-01 22:00:00,WX-MASTER,0.0,6.063,31.37,WEATHER_STATION,VALID,0.0,0.03626613630074074
2025-10-01 23:00:00,WX-MASTER,0.0,7.149,27.26,WEATHER_STATION,VALID,0.0,0.09013440652000002
2025-10-02 00:00:00,WX-MASTER,0.0,5.682,25.48,WEATHER_STATION,VALID,0.0,0.024346504640000013
2025-10-02 01:00:00,WX-MASTER,0.0,6.486,24.41,WEATHER_STATION,VALID,0.0,0.05346166095407407
2025-10-02 02:00:00,WX-MASTER,0.0,6.152,25.99,WEATHER_STATION,VALID,0.0,0.03952018104713306
2025-10-02 03:00:00,WX-MASTER,0.0,7.755,22.38,WEATHER_STATION,VALID,0.0,0.13567875907407406
2025-10-02 04:00:00,WX-MASTER,0.0,6.971,22.0,WEATHER_STATION,VALID,0.0,0.0790241731167627
2025-10-02 05:00:00,WX-MASTER,0.0,7.714,21.1,WEATHER_STATION,VALID,0.0,0.13219926287582992
2025-10-02 06:00:00,WX-MASTER,0.0,5.268,22.72,WEATHER_STATION,VALID,0.0,0.01472276736
2025-10-02 07:00:00,WX-MASTER,0.2683,5.816,23.42,WEATHER_STATION,VALID,0.25958387909292646,0.028181120077256514
2025-10-02 08:00:00,WX-MASTER,0.4599,6.639,20.57,WEATHER_STATION,VALID,0.4460517003626654,0.06081440552740743
2025-10-02 09:00:00,WX-MASTER,0.6057,6.692,22.33,WEATHER_STATION,VALID,0.5717173265891541,0.06351047722491086
2025-10-02 10:00:00,WX-MASTER,0.8151,3.473,19.0,WEATHER_STATION,VALID,0.7962901889779536,0.0001335499473799725
2025-10-02 11:00:00,WX-MASTER,0.8424,5.585,21.83,WEATHER_STATION,VALID,0.8114291484647103,0.02179926954046639
2025-10-02 12:00:00,WX-MASTER,0.7822,3.989,24.17,WEATHER_STATION,VALID,0.773535591032758,0.001220813080219478
2025-10-02 13:00:00,WX-MASTER,0.8206,6.167,23.92,WEATHER_STATION,VALID,0.8032572772316833,0.040087086126145394
2025-10-02 14:00:00,WX-MASTER,0.778,7.409,26.39,WEATHER_STATION,VALID,0.7683146749372434,0.10816346602836763
2025-10-02 15:00:00,WX-MASTER,0.7118,1.668,23.43,WEATHER_STATION,VALID,0.6796515124945058,0.0
2025-10-02 16:00:00,WX-MASTER,0.5065,4.346,26.07,WEATHER_STATION,VALID,0.4884833899935785,0.0030774816970096023
2025-10-02 17:00:00,WX-MASTER,0.29,5.73,28.22,WEATHER_STATION,VALID,0.27589530557956027,0.025677234074074094
2025-10-02 18:00:00,WX-MASTER,0.0,5.611,28.76,WEATHER_STATION,VALID,0.0,0.02246368054941015
2025-10-02 19:00:00,WX-MASTER,0.0,7.091,29.2,WEATHER_STATION,VALID,0.0,0.08640696231182445
2025-10-02 20:00:00,WX-MASTER,0.0,6.234,28.95,WEATHER_STATION,VALID,0.0,0.04268549732740741
2025-10-02 21:00:00,WX-MASTER,0.0,5.693,27.21,WEATHER_STATION,VALID,0.0,0.024647300456021936
2025-10-02 22:00:00,WX-MASTER,0.0,5.278,27.3,WEATHER_STATION,VALID,0.0,0.014918372888669403
2025-10-02 23:00:00,WX-MASTER,0.0,5.24,30.45,WEATHER_STATION,VALID,0.0,0.014184183923182445
2025-10-03 00:00:00,WX-MASTER,0.0,5.931,25.44,WEATHER_STATION,VALID,0.0,0.03177662393925926
2025-10-03 01:00:00,WX-MASTER,0.0,6.224,24.41,WEATHER_STATION,VALID,0.0,0.04229075109750343
2025-10-03 02:00:00,WX-MASTER,0.0,7.452,26.02,WEATHER_STATION,VALID,0.0,0.11135911376592592
2025-10-03 03:00:00,WX-MASTER,0.0,6.676,23.02,WEATHER_STATION,VALID,0.0,0.06268834539632373
2025-10-03 04:00:00,WX-MASTER,0.0,5.899,25.6,WEATHER_STATION,VALID,0.0,0.030747155559780526
2025-10-03 05:00:00,WX-MASTER,0.0,5.244,26.01,WEATHER_STATION,VALID,0.0,0.014260306394074067
2025-10-03 06:00:00,WX-MASTER,0.0,5.414,21.88,WEATHER_STATION,VALID,0.0,0.017753014030836758
2025-10-03 07:00:00,WX-MASTER,0.2549,5.341,22.19,WEATHER_STATION,VALID,0.24884229883603926,0.016190659527187932
2025-10-03 08:00:00,WX-MASTER,0.4976,4.84,19.51,WEATHER_STATION,VALID,0.4816142161348608,0.007861651138545952
2025-10-03 09:00:00,WX-MASTER,0.587,6.437,23.06,WEATHER_STATION,VALID,0.5661695120887865,0.051238793548367655
2025-10-03 10:00:00,WX-MASTER,0.5456,7.117,19.48,WEATHER_STATION,VALID,0.5361439679159196,0.08806491089706447
2025-10-03 11:00:00,WX-MASTER,0.7212,3.63,21.12,WEATHER_STATION,VALID,0.7026493577114247,0.0003155599999999999
2025-10-03 12:00:00,WX-MASTER,0.8339,6.488,23.59,WEATHER_STATION,VALID,0.8007897925843201,0.053553730384417034
2025-10-03 13:00:00,WX-MASTER,0.8217,5.872,24.95,WEATHER_STATION,VALID,0.7975139535630569,0.029896035857558307
2025-10-03 14:00:00,WX-MASTER,0.8424,5.21,23.42,WEATHER_STATION,VALID,0.8219697237702837,0.01362188219478738
2025-10-03 15:00:00,WX-MASTER,0.669,7.034,25.46,WEATHER_STATION,VALID,0.6661725107179646,0.08284532016417008
2025-10-03 16:00:00,WX-MASTER,0.4704,4.964,24.96,WEATHER_STATION,VALID,0.46183629980346536,0.009560591216021954
2025-10-03 17:00:00,WX-MASTER,0.2556,5.896,27.3,WEATHER_STATION,VALID,0.25258861098572744,0.030651799183978055
2025-10-03 18:00:00,WX-MASTER,0.0,5.763,27.27,WEATHER_STATION,VALID,0.0,0.026619687559999997
2025-10-03 19:00:00,WX-MASTER,0.0,5.92,27.82,WEATHER_STATION,VALID,0.0,0.03142019336076817
2025-10-03 20:00:00,WX-MASTER,0.0,6.714,29.48,WEATHER_STATION,VALID,0.0,0.0646526003792593
2025-10-03 21:00:00,WX-MASTER,0.0,6.428,28.92,WEATHER_STATION,VALID,0.0,0.050837330660960224
2025-10-03 22:00:00,WX-MASTER,0.0,7.197,28.91,WEATHER_STATION,VALID,0.0,0.09329904678074073
2025-10-03 23:00:00,WX-MASTER,0.0,5.901,27.52,WEATHER_STATION,VALID,0.0,0.030810836220740732
2025-10-04 00:00:00,WX-MASTER,0.0,6.053,27.81,WEATHER_STATION,VALID,0.0,0.035912092574540457
2025-10-04 01:00:00,WX-MASTER,0.0,6.069,26.07,WEATHER_STATION,VALID,0.0,0.036479675319999995
2025-10-04 02:00:00,WX-MASTER,0.0,6.466,24.61,WEATHER_STATION,VALID,0.0,0.052546763786447195
2025-10-04 03:00:00,WX-MASTER,0.0,8.184,24.98,WEATHER_STATION,VALID,0.0,0.17581473791999996
2025-10-04 04:00:00,WX-MASTER,0.0,6.131,22.94,WEATHER_STATION,VALID,0.0,0.038735529936515786
2025-10-04 05:00:00,WX-MASTER,0.0,7.391,22.33,WEATHER_STATION,VALID,0.0,0.10684411604021948
2025-10-04 06:00:00,WX-MASTER,0.0,6.659,23.45,WEATHER_STATION,VALID,0.0,0.06182263726293553
2025-10-04 07:00:00,WX-MASTER,0.2462,5.487,22.99,WEATHER_STATION,VALID,0.2385996637164439,0.01941277651407407
2025-10-04 08:00:00,WX-MASTER,0.4429,7.501,21.35,WEATHER_STATION,VALID,0.43375616628877,0.11507668370496575
2025-10-04 09:00:00,WX-MASTER,0.1888,6.506,22.87,WEATHER_STATION,VALID,0.18135626471345218,0.05438711654145407
2025-10-04 10:00:00,WX-MASTER,0.7512,5.328,20.64,WEATHER_STATION,VALID,0.7004947806010395,0.0159224255525926
2025-10-04 11:00:00,WX-MASTER,0.799,5.04,22.38,WEATHER_STATION,VALID,0.7620658288835702,0.010713979259259262
2025-10-04 12:00:00,WX-MASTER,0.8092,5.141,22.55,WEATHER_STATION,VALID,0.784182999549441,0.012385407521700963
2025-10-04 13:00:00,WX-MASTER,0.8323,2.969,24.29,WEATHER_STATION,VALID,0.8081285626132964,0.0
2025-10-04 14:00:00,WX-MASTER,0.8049,3.891,26.08,WEATHER_STATION,VALID,0.8010817329585127,0.0008926750800000001
2025-10-04 15:00:00,WX-MASTER,0.676,5.638,26.78,WEATHER_STATION,VALID,0.6616290489082731,0.023167793451632373
2025-10-04 17:00:00,WX-MASTER,0.2495,4.388,27.84,WEATHER_STATION,VALID,0.24232012707002382,0.003374649693058984
2025-10-04 18:00:00,WX-MASTER,0.0,5.079,28.04,WEATHER_STATION,VALID,0.0,0.011340279719999999
2025-10-04 19:00:00,WX-MASTER,0.0,9.618,30.02,WEATHER_STATION,VALID,0.0,0.36579737743407414
2025-10-04 20:00:00,WX-MASTER,0.0,6.98,26.85,WEATHER_STATION,VALID,0.0,0.07956270046639236
2025-10-04 21:00:00,WX-MASTER,0.0,7.781,27.78,WEATHER_STATION,VALID,0.0,0.13791659618342933
2025-10-04 22:00:00,WX-MASTER,0.0,5.531,28.73,WEATHER_STATION,VALID,0.0,0.020461465442688613
2025-10-04 23:00:00,WX-MASTER,0.0,7.229,29.51,WEATHER_STATION,VALID,0.0,0.09544943334688616
2025-10-05 00:00:00,WX-MASTER,0.0,4.582,26.54,WEATHER_STATION,VALID,0.0,0.004996659284718791
2025-10-05 01:00:00,WX-MASTER,0.0,6.503,25.8,WEATHER_STATION,VALID,0.0,0.054247622722688627
2025-10-05 02:00:00,WX-MASTER,0.0,7.584,23.66,WEATHER_STATION,VALID,0.0,0.12156096132740739
2025-10-05 03:00:00,WX-MASTER,0.0,5.011,23.65,WEATHER_STATION,VALID,0.0,0.01026352420373114
2025-10-05 04:00:00,WX-MASTER,0.0,7.229,24.3,WEATHER_STATION,VALID,0.0,0.09544943334688616
2025-10-05 05:00:00,WX-MASTER,0.0,7.149,24.63,WEATHER_STATION,VALID,0.0,0.09013440652000002
2025-10-05 06:00:00,WX-MASTER,0.0,5.518,21.82,WEATHER_STATION,VALID,0.0,0.020147792819533602
2025-10-05 07:00:00,WX-MASTER,0.2887,4.962,20.87,WEATHER_STATION,VALID,0.28150687450466366,0.009531413439999996
2025-10-05 08:00:00,WX-MASTER,0.4448,4.856,21.79,WEATHER_STATION,VALID,0.42906706184910626,0.00806852622046639
2025-10-05 09:00:00,WX-MASTER,0.6131,5.085,19.89,WEATHER_STATION,VALID,0.5905340169922544,0.011438747592592592
2025-10-05 10:00:00,WX-MASTER,0.8296,4.901,23.66,WEATHER_STATION,VALID,0.7880860475200905,0.00866975150194787
2025-10-05 11:00:00,WX-MASTER,0.6553,5.794,21.25,WEATHER_STATION,VALID,0.6364041680469739,0.027525771754842242
2025-10-05 12:00:00,WX-MASTER,0.9449,4.312,23.83,WEATHER_STATION,VALID,0.9139844295902828,0.0028501111958299063
2025-10-05 13:00:00,WX-MASTER,0.9187,7.027,24.66,WEATHER_STATION,VALID,0.8867065249315393,0.08241479597854598
2025-10-05 14:00:00,WX-MASTER,0.5274,7.023,25.96,WEATHER_STATION,VALID,0.5131504748296132,0.08216945315999998
2025-10-05 15:00:00,WX-MASTER,0.6211,5.33,26.42,WEATHER_STATION,VALID,0.609435763080779,0.015963497997256517
2025-10-05 16:00:00,WX-MASTER,0.429,4.711,26.96,WEATHER_STATION,VALID,0.4206445738119369,0.006321357142002748
2025-10-05 17:00:00,WX-MASTER,0.2484,4.654,28.19,WEATHER_STATION,VALID,0.24300746639435253,0.0057104037350891625
2025-10-05 18:00:00,WX-MASTER,0.0,5.988,29.24,WEATHER_STATION,VALID,0.0,0.03366681856000002
2025-10-05 19:00:00,WX-MASTER,0.0,6.469,30.74,WEATHER_STATION,VALID,0.0,0.052683327643731154
2025-10-05 20:00:00,WX-MASTER,0.0,5.829,27.38,WEATHER_STATION,VALID,0.0,0.0285732171274074
2025-10-05 21:00:00,WX-MASTER,0.0,5.83,26.38,WEATHER_STATION,VALID,0.0,0.028603528175583
2025-10-05 22:00:00,WX-MASTER,0.0,7.023,26.38,WEATHER_STATION,VALID,0.0,0.08216945315999998
2025-10-05 23:00:00,WX-MASTER,0.0,6.835,25.5,WEATHER_STATION,VALID,0.0,0.07117974107681756
2025-10-06 00:00:00,WX-MASTER,0.0,6.114,25.52,WEATHER_STATION,VALID,0.0,0.038107997119999994
2025-10-06 01:00:00,WX-MASTER,0.0,7.067,24.52,WEATHER_STATION,VALID,0.0,0.08489513753355282
2025-10-06 02:00:00,WX-MASTER,0.0,6.127,24.71,WEATHER_STATION,VALID,0.0,0.0385872601266941
2025-10-06 03:00:00,WX-MASTER,0.0,5.864,25.33,WEATHER_STATION,VALID,0.0,0.02964690351231823
2025-10-06 04:00:00,WX-MASTER,0.0,6.699,24.21,WEATHER_STATION,VALID,0.0,0.06387240851999999
2025-10-06 05:00:00,WX-MASTER,0.0,5.77,21.99,WEATHER_STATION,VALID,0.0,0.026822521755829887
2025-10-06 06:00:00,WX-MASTER,0.0,5.335,21.53,WEATHER_STATION,VALID,0.0,0.016066487990397803
2025-10-06 07:00:00,WX-MASTER,0.2883,7.394,24.24,WEATHER_STATION,VALID,0.2814804190727216,0.10706325841602196
2025-10-06 08:00:00,WX-MASTER,0.4932,5.264,22.42,WEATHER_STATION,VALID,0.48857556724944007,0.014645006425898497
2025-10-06 09:00:00,WX-MASTER,0.5244,7.919,22.03,WEATHER_STATION,VALID,0.5054974210093256,0.1502072055888614
2025-10-06 10:00:00,WX-MASTER,0.6323,6.114,22.32,WEATHER_STATION,VALID,0.6112864891730126,0.038107997119999994
2025-10-06 11:00:00,WX-MASTER,0.7776,4.052,22.39,WEATHER_STATION,VALID,0.7667715137804662,0.0014692899854046625
2025-10-06 12:00:00,WX-MASTER,0.256,6.501,25.86,WEATHER_STATION,VALID,0.24136788849526408,0.05415475948000001
2025-10-06 13:00:00,WX-MASTER,0.662,4.0,24.07,WEATHER_STATION,VALID,0.6616710056241228,0.0012620027434842246
2025-10-06 14:00:00,WX-MASTER,0.8083,7.503,25.39,WEATHER_STATION,VALID,0.813684494115556,0.11523015336740738
2025-10-06 15:00:00,WX-MASTER,0.5535,5.305,24.13,WEATHER_STATION,VALID,0.5144256326619897,0.015455145150891626
2025-10-06 16:00:00,WX-MASTER,0.5242,5.851,26.19,WEATHER_STATION,VALID,0.5077073321110275,0.02924502190249657
2025-10-06 17:00:00,WX-MASTER,0.2883,5.375,27.02,WEATHER_STATION,VALID,0.27654191356068003,0.016906400034293553
2025-10-06 18:00:00,WX-MASTER,0.0,5.909,28.82,WEATHER_STATION,VALID,0.0,0.03106643812713305
2025-10-06 19:00:00,WX-MASTER,0.0,5.519,27.66,WEATHER_STATION,VALID,0.0,0.020171806872812077
2025-10-06 20:00:00,WX-MASTER,0.0,4.874,28.77,WEATHER_STATION,VALID,0.0,0.008305562653058983
2025-10-06 21:00:00,WX-MASTER,0.0,6.77,27.86,WEATHER_STATION,VALID,0.0,0.06762142984910836
2025-10-06 22:00:00,WX-MASTER,0.0,7.884,26.92,WEATHER_STATION,VALID,0.0,0.147023671845926
2025-10-06 23:00:00,WX-MASTER,0.0,5.184,26.31,WEATHER_STATION,VALID,0.0,0.01314674384592593
2025-10-07 00:00:00,WX-MASTER,0.0,8.848,26.75,WEATHER_STATION,VALID,0.0,0.25239595524916336
2025-10-07 01:00:00,WX-MASTER,0.0,7.689,26.24,WEATHER_STATION,VALID,0.0,0.13010710012
2025-10-07 02:00:00,WX-MASTER,0.0,6.334,24.98,WEATHER_STATION,VALID,0.0,0.04676889246595335
2025-10-07 03:00:00,WX-MASTER,0.0,6.237,23.31,WEATHER_STATION,VALID,0.0,0.042804398365925936
2025-10-07 04:00:00,WX-MASTER,0.0,9.117,23.3,WEATHER_STATION,VALID,0.0,0.2888522404992594
2025-10-07 05:00:00,WX-MASTER,0.0,7.725,22.35,WEATHER_STATION,VALID,0.0,0.13312687499999995
2025-10-07 06:00:00,WX-MASTER,0.0,7.758,20.93,WEATHER_STATION,VALID,0.0,0.13593572635259257
2025-10-07 07:00:00,WX-MASTER,0.2879,5.696,21.93,WEATHER_STATION,VALID,0.2816299167500787,0.02472976347478737
2025-10-07 08:00:00,WX-MASTER,0.4129,6.483,23.88,WEATHER_STATION,VALID,0.4114927743886644,0.05332375475999998
2025-10-07 09:00:00,WX-MASTER,0.6258,5.965,21.65,WEATHER_STATION,VALID,0.6124698389723128,0.03289534095336076
2025-10-07 10:00:00,WX-MASTER,0.7026,5.06,20.43,WEATHER_STATION,VALID,0.665519949710076,0.011032195775034287
2025-10-07 11:00:00,WX-MASTER,0.5202,5.249,24.5,WEATHER_STATION,VALID,0.4937936848990524,0.014355841850589844
2025-10-07 12:00:00,WX-MASTER,0.9063,6.424,24.97,WEATHER_STATION,VALID,0.8736872733618182,0.050659577917805225
2025-10-07 13:00:00,WX-MASTER,0.9159,6.999,26.02,WEATHER_STATION,VALID,0.8847378781882123,0.08070761459407406
2025-10-07 14:00:00,WX-MASTER,0.8367,4.598,25.16,WEATHER_STATION,VALID,0.7899876505915553,0.00514980309552812
2025-10-07 15:00:00,WX-MASTER,0.5986,3.291,25.18,WEATHER_STATION,VALID,0.5879988621222463,3.109848740740739e-05
2025-10-07 16:00:00,WX-MASTER,0.2448,7.27,25.89,WEATHER_STATION,VALID,0.2334670309114592,0.09825257113854592
2025-10-07 17:00:00,WX-MASTER,0.2335,7.475,29.05,WEATHER_STATION,VALID,0.23172528872134546,0.11309396176268859
2025-10-07 18:00:00,WX-MASTER,0.0,6.071,30.17,WEATHER_STATION,VALID,0.0,0.03655104082046639
2025-10-07 19:00:00,WX-MASTER,0.0,8.135,27.49,WEATHER_STATION,VALID,0.0,0.17087622571330582
2025-10-07 20:00:00,WX-MASTER,0.0,6.491,25.69,WEATHER_STATION,VALID,0.0,0.05369203263281205
2025-10-07 21:00:00,WX-MASTER,0.0,5.134,28.57,WEATHER_STATION,VALID,0.0,0.012264321996817566
2025-10-07 22:00:00,WX-MASTER,0.0,4.834,27.16,WEATHER_STATION,VALID,0.0,0.007784994194348417
2025-10-07 23:00:00,WX-MASTER,0.0,5.002,26.84,WEATHER_STATION,VALID,0.0,0.010126340311879284
2025-10-08 00:00:00,WX-MASTER,0.0,6.839,26.68,WEATHER_STATION,VALID,0.0,0.07140270016663924
2025-10-08 01:00:00,WX-MASTER,0.0,6.289,26.61,WEATHER_STATION,VALID,0.0,0.044900576740027426
2025-10-08 02:00:00,WX-MASTER,0.0,6.137,24.28,WEATHER_STATION,VALID,0.0,0.03895864604219477
2025-10-08 03:00:00,WX-MASTER,0.0,6.677,24.47,WEATHER_STATION,VALID,0.0,0.06273951955330588
2025-10-08 04:00:00,WX-MASTER,0.0,7.796,23.31,WEATHER_STATION,VALID,0.0,0.1392187795735529
2025-10-08 05:00:00,WX-MASTER,0.0,5.781,19.97,WEATHER_STATION,VALID,0.0,0.027143338679999986
2025-10-08 06:00:00,WX-MASTER,0.0,5.334,22.84,WEATHER_STATION,VALID,0.0,0.016045854660740735
2025-10-08 07:00:00,WX-MASTER,0.1281,5.385,21.29,WEATHER_STATION,VALID,0.12171089791552608,0.017120854999999994
2025-10-08 08:00:00,WX-MASTER,0.5226,6.946,20.2,WEATHER_STATION,VALID,0.5195853579114469,0.07754102575187928
2025-10-08 09:00:00,WX-MASTER,0.5089,5.407,20.96,WEATHER_STATION,VALID,0.48587346616767524,0.01759902344521262
2025-10-08 10:00:00,WX-MASTER,0.8138,5.639,22.43,WEATHER_STATION,VALID,0.7893736314704255,0.023194150438244184
2025-10-08 11:00:00,WX-MASTER,0.8013,7.114,22.79,WEATHER_STATION,VALID,0.771369087814051,0.08787253615978051
2025-10-08 12:00:00,WX-MASTER,0.8036,8.665,24.24,WEATHER_STATION,VALID,0.7753486945932827,0.22943519650891625
2025-10-08 13:00:00,WX-MASTER,0.6908,5.74,24.83,WEATHER_STATION,VALID,0.6783796636831162,0.025960436323731143
2025-10-08 14:00:00,WX-MASTER,0.7881,5.617,23.81,WEATHER_STATION,VALID,0.7821872024834404,0.022618899292126207
2025-10-08 15:00:00,WX-MASTER,0.6703,3.446,22.57,WEATHER_STATION,VALID,0.6621611306459765,0.00011196051182441715
2025-10-08 16:00:00,WX-MASTER,0.5226,5.6,27.11,WEATHER_STATION,VALID,0.5037483312107722,0.022180960219478733
2025-10-08 17:00:00,WX-MASTER,0.2822,5.391,28.45,WEATHER_STATION,VALID,0.27451395235643844,0.01725039433925926
2025-10-08 18:00:00,WX-MASTER,0.0,6.699,28.0,WEATHER_STATION,VALID,0.0,0.06387240851999999
2025-10-08 19:00:00,WX-MASTER,0.0,5.283,29.39,WEATHER_STATION,VALID,0.0,0.015016822019259267
2025-10-08 20:00:00,WX-MASTER,0.0,6.314,27.51,WEATHER_STATION,VALID,0.0,0.04593225966046639
2025-10-08 21:00:00,WX-MASTER,0.0,7.091,28.18,WEATHER_STATION,VALID,0.0,0.08640696231182445
2025-10-08 22:00:00,WX-MASTER,0.0,8.995,27.14,WEATHER_STATION,VALID,0.0,0.2719116788545952
2025-10-08 23:00:00,WX-MASTER,0.0,8.741,28.53,WEATHER_STATION,VALID,0.0,0.23879374115133054
2025-10-09 00:00:00,WX-MASTER,0.0,8.467,25.88,WEATHER_STATION,VALID,0.0,0.20620895467484227
2025-10-09 01:00:00,WX-MASTER,0.0,7.829,28.6,WEATHER_STATION,VALID,0.0,0.14211238080367627
2025-10-09 02:00:00,WX-MASTER,0.0,6.317,24.62,WEATHER_STATION,VALID,0.0,0.046057113212565164
2025-10-09 03:00:00,WX-MASTER,0.0,7.749,25.27,WEATHER_STATION,VALID,0.0,0.13516579644592588
2025-10-09 04:00:00,WX-MASTER,0.0,5.665,22.88,WEATHER_STATION,VALID,0.0,0.023886468113854593
2025-10-09 05:00:00,WX-MASTER,0.0,6.213,24.35,WEATHER_STATION,VALID,0.0,0.04185934956
2025-10-09 06:00:00,WX-MASTER,0.0,8.564,23.75,WEATHER_STATION,VALID,0.0,0.21738104040120715
2025-10-09 07:00:00,WX-MASTER,0.1445,6.698,21.45,WEATHER_STATION,VALID,0.14257125904617568,0.06382062008318246
2025-10-09 08:00:00,WX-MASTER,0.4225,6.032,22.05,WEATHER_STATION,VALID,0.40847138948566497,0.0351761164150343
2025-10-09 09:00:00,WX-MASTER,0.6642,5.949,23.37,WEATHER_STATION,VALID,0.6625192450939127,0.032365671112592594
2025-10-09 10:00:00,WX-MASTER,0.7345,5.141,22.55,WEATHER_STATION,VALID,0.6934381577626614,0.012385407521700963
2025-10-09 11:00:00,WX-MASTER,0.8514,2.28,21.64,WEATHER_STATION,VALID,0.8375836454421293,0.0
2025-10-09 12:00:00,WX-MASTER,0.7914,3.314,23.55,WEATHER_STATION,VALID,0.7664648595981787,3.90705246639232e-05
2025-10-09 13:00:00,WX-MASTER,0.7037,5.698,23.41,WEATHER_STATION,VALID,0.6790945961150464,0.024784840878792878
2025-10-09 14:00:00,WX-MASTER,0.835,3.704,25.4,WEATHER_STATION,VALID,0.7927927105982178,0.0004403300012071335
2025-10-09 15:00:00,WX-MASTER,0.7045,4.834,25.18,WEATHER_STATION,VALID,0.689660566004176,0.007784994194348417
2025-10-09 16:00:00,WX-MASTER,0.5061,3.514,27.42,WEATHER_STATION,VALID,0.4960498969565335,0.00017137586348422472
2025-10-09 17:00:00,WX-MASTER,0.2436,4.364,25.55,WEATHER_STATION,VALID,0.24281485698838337,0.003202605240713306
2025-10-09 18:00:00,WX-MASTER,0.0,5.521,26.9,WEATHER_STATION,VALID,0.0,0.020219892208669408
2025-10-09 19:00:00,WX-MASTER,0.0,6.982,27.65,WEATHER_STATION,VALID,0.0,0.07968270451928672
2025-10-09 20:00:00,WX-MASTER,0.0,7.503,28.53,WEATHER_STATION,VALID,0.0,0.11523015336740738
2025-10-09 22:00:00,WX-MASTER,0.0,6.914,27.19,WEATHER_STATION,VALID,0.0,0.07566983082096021
2025-10-09 23:00:00,WX-MASTER,0.0,4.843,28.63,WEATHER_STATION,VALID,0.0,0.007900167597311386
2025-10-10 00:00:00,WX-MASTER,0.0,6.883,28.05,WEATHER_STATION,VALID,0.0,0.07388605360224967
2025-10-10 01:00:00,WX-MASTER,0.0,8.111,23.09,WEATHER_STATION,VALID,0.0,0.1684914787661455
2025-10-10 02:00:00,WX-MASTER,0.0,6.779,24.52,WEATHER_STATION,VALID,0.0,0.0681068783098491
2025-10-10 03:00:00,WX-MASTER,0.0,8.504,25.85,WEATHER_STATION,VALID,0.0,0.21042414669256512
2025-10-10 04:00:00,WX-MASTER,0.0,7.746,23.94,WEATHER_STATION,VALID,0.0,0.1349098006874075
2025-10-10 05:00:00,WX-MASTER,0.0,6.783,23.24,WEATHER_STATION,VALID,0.0,0.0683233768340741
2025-10-10 06:00:00,WX-MASTER,0.0,5.916,22.87,WEATHER_STATION,VALID,0.0,0.03129124608000002
2025-10-10 07:00:00,WX-MASTER,0.2834,5.292,20.69,WEATHER_STATION,VALID,0.2733284742979661,0.015195120165925924
2025-10-10 08:00:00,WX-MASTER,0.4233,3.83,21.98,WEATHER_STATION,VALID,0.41502028239282274,0.0007215967626886148
2025-10-10 09:00:00,WX-MASTER,0.6167,3.791,22.41,WEATHER_STATION,VALID,0.59686718600365,0.0006245824105898488
2025-10-10 10:00:00,WX-MASTER,0.6405,6.545,22.32,WEATHER_STATION,VALID,0.6136149986132666,0.056222352997256524
2025-10-10 11:00:00,WX-MASTER,0.9119,7.039,22.28,WEATHER_STATION,VALID,0.8927477305481385,0.08315375365360765
2025-10-10 12:00:00,WX-MASTER,0.934,3.541,23.42,WEATHER_STATION,VALID,0.9050835609646438,0.0001998260457064471
2025-10-10 13:00:00,WX-MASTER,0.805,4.972,22.95,WEATHER_STATION,VALID,0.7867535883919755,0.009677897783484228
2025-10-10 14:00:00,WX-MASTER,0.6468,2.843,25.96,WEATHER_STATION,VALID,0.6229926516542478,0.0
2025-10-10 15:00:00,WX-MASTER,0.7035,3.693,24.41,WEATHER_STATION,VALID,0.6696357474323542,0.00042001036000000025
2025-10-10 16:00:00,WX-MASTER,0.4434,5.436,25.99,WEATHER_STATION,VALID,0.44163797692468243,0.018242827472592593
2025-10-10 17:00:00,WX-MASTER,0.2237,4.612,28.52,WEATHER_STATION,VALID,0.2221786545888172,0.005286343887187929
2025-10-10 18:00:00,WX-MASTER,0.0,3.025,28.6,WEATHER_STATION,VALID,0.0,1.9718792866940805e-08
2025-10-10 19:00:00,WX-MASTER,0.0,8.004,28.02,WEATHER_STATION,VALID,0.0,0.15812924671999995
2025-10-10 20:00:00,WX-MASTER,0.0,5.966,26.67,WEATHER_STATION,VALID,0.0,0.03292863583034295
2025-10-10 21:00:00,WX-MASTER,0.0,4.845,28.55,WEATHER_STATION,VALID,0.0,0.007925914999999995
2025-10-10 22:00:00,WX-MASTER,0.0,6.67,27.5,WEATHER_STATION,VALID,0.0,0.06238188471879288
2025-10-10 23:00:00,WX-MASTER,0.0,6.579,28.27,WEATHER_STATION,VALID,0.0,0.05785559897925924
2025-10-11 00:00:00,WX-MASTER,0.0,7.347,26.36,WEATHER_STATION,VALID,0.0,0.10366430004000003
2025-10-11 01:00:00,WX-MASTER,0.0,6.419,24.03,WEATHER_STATION,VALID,0.0,0.05043797028021946
2025-10-11 02:00:00,WX-MASTER,0.0,7.264,23.57,WEATHER_STATION,VALID,0.0,0.09783897339434844
2025-10-11 03:00:00,WX-MASTER,0.0,8.009,23.81,WEATHER_STATION,VALID,0.0,0.15860372904071335
2025-10-11 04:00:00,WX-MASTER,0.0,4.933,23.61,WEATHER_STATION,VALID,0.0,0.009114982960274347
2025-10-11 05:00:00,WX-MASTER,0.0,5.557,21.36,WEATHER_STATION,VALID,0.0,0.021098543864965718
2025-10-11 06:00:00,WX-MASTER,0.0,7.32,21.29,WEATHER_STATION,VALID,0.0,0.10174464000000003
2025-10-11 07:00:00,WX-MASTER,0.2862,5.259,22.8,WEATHER_STATION,VALID,0.27648062871469437,0.014548190920000011
2025-10-11 08:00:00,WX-MASTER,0.4372,5.608,23.06,WEATHER_STATION,VALID,0.41642588292438953,0.022386338182496565
2025-10-11 09:00:00,WX-MASTER,0.3973,4.852,22.18,WEATHER_STATION,VALID,0.39183122343290683,0.008016471373607685
2025-10-11 10:00:00,WX-MASTER,0.7276,4.71,21.85,WEATHER_STATION,VALID,0.6973668221060595,0.006310280000000001
2025-10-11 11:00:00,WX-MASTER,0.8596,4.419,22.01,WEATHER_STATION,VALID,0.8325895384352254,0.003605848579259256
2025-10-11 12:00:00,WX-MASTER,0.8894,3.298,24.13,WEATHER_STATION,VALID,0.8462485050852867,3.339712570644721e-05
2025-10-11 13:00:00,WX-MASTER,0.7673,5.47,23.94,WEATHER_STATION,VALID,0.7622000783998214,0.019017400768175582
2025-10-11 14:00:00,WX-MASTER,0.824,6.259,26.33,WEATHER_STATION,VALID,0.8135543824405693,0.043683092922743506
2025-10-11 15:00:00,WX-MASTER,0.5714,4.722,27.3,WEATHER_STATION,VALID,0.5539872871144943,0.006444062447407413
2025-10-11 16:00:00,WX-MASTER,0.4994,6.321,27.47,WEATHER_STATION,VALID,0.4757722703235183,0.046223936279999996
2025-10-11 17:00:00,WX-MASTER,0.2428,4.637,27.11,WEATHER_STATION,VALID,0.24110977347334164,0.005536130733552808
2025-10-11 18:00:00,WX-MASTER,0.0,4.789,27.75,WEATHER_STATION,VALID,0.0,0.007225889579533604
2025-10-11 19:00:00,WX-MASTER,0.0,6.292,26.64,WEATHER_STATION,VALID,0.0,0.04502355451434842
2025-10-11 20:00:00,WX-MASTER,0.0,6.575,28.66,WEATHER_STATION,VALID,0.0,0.057661832133059
2025-10-11 21:00:00,WX-MASTER,0.0,6.123,28.51,WEATHER_STATION,VALID,0.0,0.038439369160000014
2025-10-11 22:00:00,WX-MASTER,0.0,7.372,26.61,WEATHER_STATION,VALID,0.0,0.10546315486990397
2025-10-11 23:00:00,WX-MASTER,0.0,5.0,30.54,WEATHER_STATION,VALID,0.0,0.010096021947873797
2025-10-12 00:00:00,WX-MASTER,0.0,6.393,27.65,WEATHER_STATION,VALID,0.0,0.04929602236
2025-10-12 01:00:00,WX-MASTER,0.0,8.104,25.13,WEATHER_STATION,VALID,0.0,0.16780013124126192
2025-10-12 02:00:00,WX-MASTER,0.0,8.095,27.7,WEATHER_STATION,VALID,0.0,0.16691403811385472
2025-10-12 03:00:00,WX-MASTER,0.0,7.858,23.73,WEATHER_STATION,VALID,0.0,0.14468810558990391
2025-10-12 04:00:00,WX-MASTER,0.0,7.963,24.48,WEATHER_STATION,VALID,0.0,0.15427413662447184
2025-10-12 05:00:00,WX-MASTER,0.0,5.963,22.86,WEATHER_STATION,VALID,0.0,0.03282881854491084
2025-10-12 06:00:00,WX-MASTER,0.0,4.002,21.65,WEATHER_STATION,VALID,0.0,0.0012695899140740734
2025-10-12 07:00:00,WX-MASTER,0.2819,5.628,21.45,WEATHER_STATION,VALID,0.2750685598769747,0.02290532096000001
2025-10-12 08:00:00,WX-MASTER,0.4737,6.531,23.46,WEATHER_STATION,VALID,0.448365146285223,0.0555588760874074
2025-10-12 09:00:00,WX-MASTER,0.6996,6.492,22.9,WEATHER_STATION,VALID,0.6945639936486426,0.05373818624000001
2025-10-12 10:00:00,WX-MASTER,0.5796,4.546,22.06,WEATHER_STATION,VALID,0.5580631655679533,0.00466325073953361
2025-10-12 11:00:00,WX-MASTER,0.5839,3.791,20.3,WEATHER_STATION,VALID,0.5755840989727061,0.0006245824105898488
2025-10-12 12:00:00,WX-MASTER,0.2601,3.795,23.85,WEATHER_STATION,VALID,0.2518164120760966,0.0006341057407407405
2025-10-12 13:00:00,WX-MASTER,0.686,4.155,22.83,WEATHER_STATION,VALID,0.6717131516660642,0.0019444924074074085
2025-10-12 14:00:00,WX-MASTER,0.7176,2.401,25.88,WEATHER_STATION,VALID,0.7032947777664992,0.0
2025-10-12 15:00:00,WX-MASTER,0.635,4.255,25.28,WEATHER_STATION,VALID,0.6116405057661414,0.002494545768175582
2025-10-12 16:00:00,WX-MASTER,0.5058,5.138,26.25,WEATHER_STATION,VALID,0.4989102941281252,0.01233341660663923
2025-10-12 17:00:00,WX-MASTER,0.2221,5.137,26.94,WEATHER_STATION,VALID,0.21290844192560698,0.012316118689657058
2025-10-12 18:00:00,WX-MASTER,0.0,5.064,29.49,WEATHER_STATION,VALID,0.0,0.011096585860740742
2025-10-12 19:00:00,WX-MASTER,0.0,4.851,26.49,WEATHER_STATION,VALID,0.0,0.00800349273925926
2025-10-12 20:00:00,WX-MASTER,0.0,5.264,29.62,WEATHER_STATION,VALID,0.0,0.014645006425898497
2025-10-12 21:00:00,WX-MASTER,0.0,5.537,29.03,WEATHER_STATION,VALID,0.0,0.02060732880762688
2025-10-12 22:00:00,WX-MASTER,0.0,7.399,28.18,WEATHER_STATION,VALID,0.0,0.10742916123879286
2025-10-12 23:00:00,WX-MASTER,0.0,6.661,27.17,WEATHER_STATION,VALID,0.0,0.06192406896916322
2025-10-13 00:00:00,WX-MASTER,0.0,10.894,27.57,WEATHER_STATION,VALID,0.0,0.6207999384708918
2025-10-13 01:00:00,WX-MASTER,0.0,6.408,25.62,WEATHER_STATION,VALID,0.0,0.04995271035259261
2025-10-13 02:00:00,WX-MASTER,0.0,7.403,24.7,WEATHER_STATION,VALID,0.0,0.10772248301898488
2025-10-13 03:00:00,WX-MASTER,0.0,6.358,24.41,WEATHER_STATION,VALID,0.0,0.04778618657755828
2025-10-13 04:00:00,WX-MASTER,0.0,12.982,25.55,WEATHER_STATION,VALID,0.0,0.92
2025-10-13 05:00:00,WX-MASTER,0.0,8.468,20.95,WEATHER_STATION,VALID,0.0,0.20632213192515772
2025-10-13 06:00:00,WX-MASTER,0.0,7.505,22.81,WEATHER_STATION,VALID,0.0,0.11538375941700958
2025-10-13 07:00:00,WX-MASTER,0.1804,3.673,21.69,WEATHER_STATION,VALID,0.17226697644793834,0.0003846852121262003
2025-10-13 08:00:00,WX-MASTER,0.1907,4.364,21.48,WEATHER_STATION,VALID,0.19168896935794796,0.003202605240713306
2025-10-13 09:00:00,WX-MASTER,0.7005,5.266,20.03,WEATHER_STATION,VALID,0.6906136893221375,0.014683852576570643
2025-10-13 10:00:00,WX-MASTER,0.8302,4.547,20.1,WEATHER_STATION,VALID,0.8086948408974297,0.00467230559281207
2025-10-13 11:00:00,WX-MASTER,0.908,3.078,23.17,WEATHER_STATION,VALID,0.8967241780722326,5.988859259259223e-07
2025-10-13 12:00:00,WX-MASTER,0.8256,5.064,21.97,WEATHER_STATION,VALID,0.7763209373287481,0.011096585860740742
2025-10-13 13:00:00,WX-MASTER,0.6924,2.41,25.55,WEATHER_STATION,VALID,0.645063938242856,0.0
2025-10-13 14:00:00,WX-MASTER,0.7021,5.022,24.02,WEATHER_STATION,VALID,0.6768318661831808,0.010432868965925927
2025-10-13 15:00:00,WX-MASTER,0.6212,5.879,26.81,WEATHER_STATION,VALID,0.5897185393099155,0.03011516823577502
2025-10-13 16:00:00,WX-MASTER,0.4098,6.2,26.3,WEATHER_STATION,VALID,0.3960515858412161,0.041353305898491094
2025-10-13 17:00:00,WX-MASTER,0.2854,5.067,26.97,WEATHER_STATION,VALID,0.27771841607838677,0.011145042499259262
2025-10-13 18:00:00,WX-MASTER,0.0,7.447,27.17,WEATHER_STATION,VALID,0.0,0.11098433582052127
2025-10-13 19:00:00,WX-MASTER,0.0,6.168,29.14,WEATHER_STATION,VALID,0.0,0.040125071360000014
2025-10-13 20:00:00,WX-MASTER,0.0,7.097,29.6,WEATHER_STATION,VALID,0.0,0.08678770235824419
2025-10-13 21:00:00,WX-MASTER,0.0,5.291,28.24,WEATHER_STATION,VALID,0.0,0.015175239941454052
2025-10-13 22:00:00,WX-MASTER,0.0,8.45,28.98,WEATHER_STATION,VALID,0.0,0.20429126886145402
2025-10-13 23:00:00,WX-MASTER,0.0,6.648,27.73,WEATHER_STATION,VALID,0.0,0.06126674223407407
2025-10-14 00:00:00,WX-MASTER,0.0,8.817,25.4,WEATHER_STATION,VALID,0.0,0.24840337398074072
2025-10-14 01:00:00,WX-MASTER,0.0,8.595,26.61,WEATHER_STATION,VALID,0.0,0.22103475759259264
2025-10-14 02:00:00,WX-MASTER,0.0,7.159,24.89,WEATHER_STATION,VALID,0.0,0.0907877096634842
2025-10-14 03:00:00,WX-MASTER,0.0,7.278,21.2,WEATHER_STATION,VALID,0.0,0.0988058457007407
2025-10-14 04:00:00,WX-MASTER,0.0,6.381,23.03,WEATHER_STATION,VALID,0.0,0.04877483527259261
2025-10-14 05:00:00,WX-MASTER,0.0,5.362,20.74,WEATHER_STATION,VALID,0.0,0.016630295985953367
2025-10-14 06:00:00,WX-MASTER,0.0,6.972,20.74,WEATHER_STATION,VALID,0.0,0.07908388911407409
2025-10-14 07:00:00,WX-MASTER,0.2838,6.651,21.57,WEATHER_STATION,VALID,0.27797776640437033,0.061418018072592576
2025-10-14 08:00:00,WX-MASTER,0.449,3.579,21.66,WEATHER_STATION,VALID,0.4335150666176581,0.000244960460740741
2025-10-14 09:00:00,WX-MASTER,0.6104,5.325,20.86,WEATHER_STATION,VALID,0.5677150453729876,0.01586094907407408
2025-10-14 10:00:00,WX-MASTER,0.6385,6.338,22.85,WEATHER_STATION,VALID,0.5900103805502981,0.04693742885355281
2025-10-14 11:00:00,WX-MASTER,0.8687,6.934,22.63,WEATHER_STATION,VALID,0.8592192969595813,0.07683575547829904
2025-10-14 12:00:00,WX-MASTER,0.7482,5.846,22.99,WEATHER_STATION,VALID,0.7395611906727838,0.02909142441305899
2025-10-14 13:00:00,WX-MASTER,0.7611,2.869,24.39,WEATHER_STATION,VALID,0.7598138279129311,0.0
2025-10-14 14:00:00,WX-MASTER,0.7343,3.476,26.69,WEATHER_STATION,VALID,0.712077935109296,0.0001361072179972565
2025-10-14 15:00:00,WX-MASTER,0.6276,4.47,23.57,WEATHER_STATION,VALID,0.5966031359739918,0.004008780740740739
2025-10-14 16:00:00,WX-MASTER,0.3747,6.874,28.56,WEATHER_STATION,VALID,0.36110072901238,0.07337348517706445
2025-10-14 17:00:00,WX-MASTER,0.2461,4.455,26.98,WEATHER_STATION,VALID,0.2387591735984563,0.003887310925925927
2025-10-14 18:00:00,WX-MASTER,0.0,6.849,27.34,WEATHER_STATION,VALID,0.0,0.07196213377925928
2025-10-14 19:00:00,WX-MASTER,0.0,4.917,28.14,WEATHER_STATION,VALID,0.0,0.008890509239999997
2025-10-14 20:00:00,WX-MASTER,0.0,6.68,27.68,WEATHER_STATION,VALID,0.0,0.06289320910836761
2025-10-14 21:00:00,WX-MASTER,0.0,5.016,27.38,WEATHER_STATION,VALID,0.0,0.010340270080000002
2025-10-14 22:00:00,WX-MASTER,0.0,6.209,29.29,WEATHER_STATION,VALID,0.0,0.04170320667034292
2025-10-14 23:00:00,WX-MASTER,0.0,5.171,27.91,WEATHER_STATION,VALID,0.0,0.01291337519083677
2025-10-15 00:00:00,WX-MASTER,0.0,8.634,24.7,WEATHER_STATION,VALID,0.0,0.22568922592000001
2025-10-15 01:00:00,WX-MASTER,0.0,5.916,26.97,WEATHER_STATION,VALID,0.0,0.03129124608000002
2025-10-15 02:00:00,WX-MASTER,0.0,4.803,25.89,WEATHER_STATION,VALID,0.0,0.007396861367407407
2025-10-15 03:00:00,WX-MASTER,0.0,4.627,22.57,WEATHER_STATION,VALID,0.0,0.005435292966200273
2025-10-15 04:00:00,WX-MASTER,0.0,6.494,23.72,WEATHER_STATION,VALID,0.0,0.053830572786392306
2025-10-15 05:00:00,WX-MASTER,0.0,5.821,23.52,WEATHER_STATION,VALID,0.0,0.028331499270397797
2025-10-15 06:00:00,WX-MASTER,0.0,7.031,20.3,WEATHER_STATION,VALID,0.0,0.08266062667725649
2025-10-15 07:00:00,WX-MASTER,0.229,5.629,22.22,WEATHER_STATION,VALID,0.2258641444950821,0.022931478537558284
2025-10-15 08:00:00,WX-MASTER,0.4628,7.189,20.94,WEATHER_STATION,VALID,0.4481911785524361,0.09276654459187927
2025-10-15 09:00:00,WX-MASTER,0.5386,4.922,22.52,WEATHER_STATION,VALID,0.5318039521530621,0.008960256642194785
2025-10-15 10:00:00,WX-MASTER,0.6517,6.534,21.1,WEATHER_STATION,VALID,0.6301827932935092,0.055700607845925926
2025-10-15 11:00:00,WX-MASTER,0.676,3.781,24.03,WEATHER_STATION,VALID,0.6543389349529305,0.000601192287681756
2025-10-15 12:00:00,WX-MASTER,0.7302,2.939,23.21,WEATHER_STATION,VALID,0.6950154872079181,0.0
2025-10-15 13:00:00,WX-MASTER,0.9054,3.761,23.61,WEATHER_STATION,VALID,0.8885562594505593,0.0005561785933058986
2025-10-15 14:00:00,WX-MASTER,0.6754,3.37,24.39,WEATHER_STATION,VALID,0.646264865425792,6.392422496570652e-05
2025-10-15 15:00:00,WX-MASTER,0.6497,3.298,27.21,WEATHER_STATION,VALID,0.6254685707619869,3.339712570644721e-05
2025-10-15 16:00:00,WX-MASTER,0.417,5.584,26.14,WEATHER_STATION,VALID,0.40449655014894625,0.021773980367187924
2025-10-15 17:00:00,WX-MASTER,0.2726,4.891,29.0,WEATHER_STATION,VALID,0.2649176856871058,0.008533651156817559
2025-10-15 18:00:00,WX-MASTER,0.0,5.648,28.54,WEATHER_STATION,VALID,0.0,0.02343226344120712
2025-10-15 19:00:00,WX-MASTER,0.0,6.403,26.97,WEATHER_STATION,VALID,0.0,0.04973317048126199
2025-10-15 20:00:00,WX-MASTER,0.0,3.786,28.79,WEATHER_STATION,VALID,0.0,0.0006128129540740741
2025-10-15 21:00:00,WX-MASTER,0.0,6.969,28.69,WEATHER_STATION,VALID,0.0,0.07890483132000004
2025-10-15 22:00:00,WX-MASTER,0.0,4.885,26.58,WEATHER_STATION,VALID,0.0,0.008452678731138545
2025-10-15 23:00:00,WX-MASTER,0.0,5.882,27.74,WEATHER_STATION,VALID,0.0,0.03020940895824416
2025-10-16 00:00:00,WX-MASTER,0.0,4.288,27.66,WEATHER_STATION,VALID,0.0,0.0026965463405212633
2025-10-16 01:00:00,WX-MASTER,0.0,7.661,27.52,WEATHER_STATION,VALID,0.0,0.12779021706244167
2025-10-16 02:00:00,WX-MASTER,0.0,4.609,26.56,WEATHER_STATION,VALID,0.0,0.0052568844536076825
2025-10-16 03:00:00,WX-MASTER,0.0,5.171,27.22,WEATHER_STATION,VALID,0.0,0.01291337519083677
2025-10-16 04:00:00,WX-MASTER,0.0,5.13,23.51,WEATHER_STATION,VALID,0.0,0.012195485925925925
2025-10-16 05:00:00,WX-MASTER,0.0,6.24,23.45,WEATHER_STATION,VALID,0.0,0.04292352000000002
2025-10-16 06:00:00,WX-MASTER,0.0,5.972,21.5,WEATHER_STATION,VALID,0.0,0.03312887698787381
2025-10-16 07:00:00,WX-MASTER,0.2164,6.98,24.14,WEATHER_STATION,VALID,0.21296372581129167,0.07956270046639236
2025-10-16 08:00:00,WX-MASTER,0.5167,5.528,20.69,WEATHER_STATION,VALID,0.5004831777179031,0.02038879258688614
2025-10-16 09:00:00,WX-MASTER,0.5233,6.669,24.09,WEATHER_STATION,VALID,0.5009273579760107,0.06233090524592591
2025-10-16 10:00:00,WX-MASTER,0.7164,5.683,24.28,WEATHER_STATION,VALID,0.6958994861391387,0.024373748022002744
2025-10-16 11:00:00,WX-MASTER,0.8909,3.781,21.84,WEATHER_STATION,VALID,0.8480886885282446,0.000601192287681756
2025-10-16 12:00:00,WX-MASTER,0.821,4.017,24.76,WEATHER_STATION,VALID,0.783642502530065,0.0013274652400000018
2025-10-16 13:00:00,WX-MASTER,0.7165,6.786,24.9,WEATHER_STATION,VALID,0.679312214887918,0.06848605147259258
2025-10-16 14:00:00,WX-MASTER,0.626,6.424,24.77,WEATHER_STATION,VALID,0.597202942959336,0.050659577917805225
2025-10-16 15:00:00,WX-MASTER,0.6025,5.972,26.0,WEATHER_STATION,VALID,0.5966919384153982,0.03312887698787381
2025-10-16 16:00:00,WX-MASTER,0.4204,6.279,27.33,WEATHER_STATION,VALID,0.40316495580293193,0.044492268460740746
2025-10-16 17:00:00,WX-MASTER,0.2572,5.83,28.17,WEATHER_STATION,VALID,0.2512826965231894,0.028603528175583
2025-10-16 18:00:00,WX-MASTER,0.0,5.889,30.09,WEATHER_STATION,VALID,0.0,0.03043006812
2025-10-16 19:00:00,WX-MASTER,0.0,5.772,29.33,WEATHER_STATION,VALID,0.0,0.026880663040000016
2025-10-16 20:00:00,WX-MASTER,0.0,8.177,27.84,WEATHER_STATION,VALID,0.0,0.17510348671379972
2025-10-16 21:00:00,WX-MASTER,0.0,5.615,29.53,WEATHER_STATION,VALID,0.0,0.022567080528120717
2025-10-16 22:00:00,WX-MASTER,0.0,6.755,26.2,WEATHER_STATION,VALID,0.0,0.06681748472565158
2025-10-16 23:00:00,WX-MASTER,0.0,4.402,27.27,WEATHER_STATION,VALID,0.0,0.0034777978921262014
2025-10-17 00:00:00,WX-MASTER,0.0,4.879,26.67,WEATHER_STATION,VALID,0.0,0.008372220142496566
2025-10-17 01:00:00,WX-MASTER,0.0,9.161,26.97,WEATHER_STATION,VALID,0.0,0.2951303857044169
2025-10-17 02:00:00,WX-MASTER,0.0,7.597,27.39,WEATHER_STATION,VALID,0.0,0.12259811994397805
2025-10-17 03:00:00,WX-MASTER,0.0,6.446,24.63,WEATHER_STATION,VALID,0.0,0.05164236446244168
2025-10-17 04:00:00,WX-MASTER,0.0,6.689,23.09,WEATHER_STATION,VALID,0.0,0.06335578330244171
2025-10-17 05:00:00,WX-MASTER,0.0,4.633,21.96,WEATHER_STATION,VALID,0.0,0.00549564730595336
2025-10-17 06:00:00,WX-MASTER,0.0,5.613,23.24,WEATHER_STATION,VALID,0.0,0.02251534096740742
2025-10-17 07:00:00,WX-MASTER,0.2611,4.02,21.66,WEATHER_STATION,VALID,0.2516334739583985,0.0013392474074074058
2025-10-17 08:00:00,WX-MASTER,0.4637,5.271,21.17,WEATHER_STATION,VALID,0.4474745107847665,0.014781268354074067
2025-10-17 09:00:00,WX-MASTER,0.6965,6.289,23.03,WEATHER_STATION,VALID,0.6619790334052146,0.044900576740027426
2025-10-17 10:00:00,WX-MASTER,0.8255,5.77,23.64,WEATHER_STATION,VALID,0.818119485833083,0.026822521755829887
2025-10-17 11:00:00,WX-MASTER,0.865,7.067,21.64,WEATHER_STATION,VALID,0.8205916534347658,0.08489513753355282
2025-10-17 12:00:00,WX-MASTER,0.9287,5.258,21.72,WEATHER_STATION,VALID,0.8980499354555537,0.014528879164663923
2025-10-17 13:00:00,WX-MASTER,0.8656,1.591,24.25,WEATHER_STATION,VALID,0.8532110644034209,0.0
2025-10-17 14:00:00,WX-MASTER,0.3076,7.355,23.9,WEATHER_STATION,VALID,0.298232727069129,0.10423768966392322
2025-10-17 15:00:00,WX-MASTER,0.6965,3.799,24.64,WEATHER_STATION,VALID,0.6653727794412834,0.000643725386941015
2025-10-17 16:00:00,WX-MASTER,0.5037,5.238,25.77,WEATHER_STATION,VALID,0.4783990810782666,0.014146224485925934
2025-10-17 17:00:00,WX-MASTER,0.2704,5.348,29.0,WEATHER_STATION,VALID,0.26135512326091126,0.01633633297207133
2025-10-17 18:00:00,WX-MASTER,0.0,5.758,29.08,WEATHER_STATION,VALID,0.0,0.02647543378743485
2025-10-17 19:00:00,WX-MASTER,0.0,5.761,31.6,WEATHER_STATION,VALID,0.0,0.026561923339533618
2025-10-17 20:00:00,WX-MASTER,0.0,6.045,28.0,WEATHER_STATION,VALID,0.0,0.035630522407407404
2025-10-17 21:00:00,WX-MASTER,0.0,4.492,30.25,WEATHER_STATION,VALID,0.0,0.00419147392175583
2025-10-17 22:00:00,WX-MASTER,0.0,9.796,28.89,WEATHER_STATION,VALID,0.0,0.39611419839385453
2025-10-17 23:00:00,WX-MASTER,0.0,7.461,27.08,WEATHER_STATION,VALID,0.0,0.11203583847259262
2025-10-18 00:00:00,WX-MASTER,0.0,6.798,26.85,WEATHER_STATION,VALID,0.0,0.06913933216
2025-10-18 01:00:00,WX-MASTER,0.0,9.187,25.51,WEATHER_STATION,VALID,0.0,0.2988826100229904
2025-10-18 02:00:00,WX-MASTER,0.0,5.393,25.59,WEATHER_STATION,VALID,0.0,0.01729371887577503
2025-10-18 03:00:00,WX-MASTER,0.0,7.843,25.56,WEATHER_STATION,VALID,0.0,0.14335198339978053
2025-10-18 04:00:00,WX-MASTER,0.0,5.857,23.09,WEATHER_STATION,VALID,0.0,0.029430051371138553
2025-10-18 05:00:00,WX-MASTER,0.0,6.913,23.82,WEATHER_STATION,VALID,0.0,0.07561184627879289
2025-10-18 06:00:00,WX-MASTER,0.0,6.713,23.77,WEATHER_STATION,VALID,0.0,0.06460039101404665
2025-10-18 07:00:00,WX-MASTER,0.2175,2.87,23.69,WEATHER_STATION,VALID,0.20437468436197964,0.0
2025-10-18 08:00:00,WX-MASTER,0.5152,3.785,20.37,WEATHER_STATION,VALID,0.4954091406812068,0.0006104769478738003
2025-10-18 09:00:00,WX-MASTER,0.6881,7.458,21.84,WEATHER_STATION,VALID,0.6711709406145802,0.11180995983407409
2025-10-18 10:00:00,WX-MASTER,0.7466,4.845,23.1,WEATHER_STATION,VALID,0.7257279567717329,0.007925914999999995
2025-10-18 11:00:00,WX-MASTER,0.9016,7.594,21.5,WEATHER_STATION,VALID,0.8907747746499244,0.12235825412521265
2025-10-18 12:00:00,WX-MASTER,0.7182,6.57,21.96,WEATHER_STATION,VALID,0.7177204565381218,0.057420232592592615
2025-10-18 13:00:00,WX-MASTER,0.7738,4.518,24.34,WEATHER_STATION,VALID,0.7593995870853185,0.004414439952592591
2025-10-18 14:00:00,WX-MASTER,0.8243,4.409,24.78,WEATHER_STATION,VALID,0.8166651764830565,0.00353015096663923
2025-10-18 15:00:00,WX-MASTER,0.4924,7.026,25.98,WEATHER_STATION,VALID,0.4832913949226554,0.08235341455407406
2025-10-18 16:00:00,WX-MASTER,0.2852,7.753,26.46,WEATHER_STATION,VALID,0.28395894901685736,0.13550762759237311
2025-10-18 17:00:00,WX-MASTER,0.2653,4.835,30.35,WEATHER_STATION,VALID,0.26470647203766207,0.00779773558984911
2025-10-18 18:00:00,WX-MASTER,0.0,7.436,27.76,WEATHER_STATION,VALID,0.0,0.11016278621058984
2025-10-18 19:00:00,WX-MASTER,0.0,7.029,29.36,WEATHER_STATION,VALID,0.0,0.08253765031259258
2025-10-18 20:00:00,WX-MASTER,0.0,7.514,29.4,WEATHER_STATION,VALID,0.0,0.1160766760555281
2025-10-18 21:00:00,WX-MASTER,0.0,6.333,26.63,WEATHER_STATION,VALID,0.0,0.04672682150074075
2025-10-18 22:00:00,WX-MASTER,0.0,5.55,30.07,WEATHER_STATION,VALID,0.0,0.020925740740740738
2025-10-18 23:00:00,WX-MASTER,0.0,5.234,28.5,WEATHER_STATION,VALID,0.0,0.01407050890491084
2025-10-19 00:00:00,WX-MASTER,0.0,5.027,27.23,WEATHER_STATION,VALID,0.0,0.010510455676762691
2025-10-19 01:00:00,WX-MASTER,0.0,9.268,27.46,WEATHER_STATION,VALID,0.0,0.3107758496096572
2025-10-19 02:00:00,WX-MASTER,0.0,6.793,25.23,WEATHER_STATION,VALID,0.0,0.0688666293503978
2025-10-19 03:00:00,WX-MASTER,0.0,5.217,25.44,WEATHER_STATION,VALID,0.0,0.013751731314074069
2025-10-19 04:00:00,WX-MASTER,0.0,7.873,21.29,WEATHER_STATION,VALID,0.0,0.14603250437262008
2025-10-19 06:00:00,WX-MASTER,0.0,5.306,22.48,WEATHER_STATION,VALID,0.0,0.015475269035281212
2025-10-19 07:00:00,WX-MASTER,0.2597,8.587,22.15,WEATHER_STATION,VALID,0.25758780806924825,0.22008797426990398
2025-10-19 08:00:00,WX-MASTER,0.4421,3.908,20.78,WEATHER_STATION,VALID,0.4308283959303912,0.0009447520535528117
2025-10-19 09:00:00,WX-MASTER,0.6175,5.693,21.64,WEATHER_STATION,VALID,0.6123532335406404,0.024647300456021936
2025-10-19 10:00:00,WX-MASTER,0.7837,4.396,21.96,WEATHER_STATION,VALID,0.7455917511492545,0.0034333379494101493
2025-10-19 11:00:00,WX-MASTER,0.8903,4.008,21.45,WEATHER_STATION,VALID,0.8956067656657823,0.0012925337600000002
2025-10-19 12:00:00,WX-MASTER,0.7929,2.955,23.97,WEATHER_STATION,VALID,0.7820425451457261,0.0
2025-10-19 13:00:00,WX-MASTER,0.7079,4.873,26.27,WEATHER_STATION,VALID,0.6888844166664693,0.00829227375533608
2025-10-19 14:00:00,WX-MASTER,0.7351,3.666,23.58,WEATHER_STATION,VALID,0.7287606372611944,0.00037280607999999995
2025-10-19 15:00:00,WX-MASTER,0.6463,5.644,26.78,WEATHER_STATION,VALID,0.615581669097776,0.023326235261015096
2025-10-19 16:00:00,WX-MASTER,0.3841,4.949,26.53,WEATHER_STATION,VALID,0.37091414537596956,0.00934320367775034
2025-10-19 17:00:00,WX-MASTER,0.2266,4.792,27.12,WEATHER_STATION,VALID,0.22471100709737166,0.007262302168669409
2025-10-19 18:00:00,WX-MASTER,0.0,4.299,28.41,WEATHER_STATION,VALID,0.0,0.002766226594074076
2025-10-19 19:00:00,WX-MASTER,0.0,7.541,28.78,WEATHER_STATION,VALID,0.0,0.11817205957108373
2025-10-19 20:00:00,WX-MASTER,0.0,6.899,29.01,WEATHER_STATION,VALID,0.0,0.07480317031972566
2025-10-19 21:00:00,WX-MASTER,0.0,5.307,27.31,WEATHER_STATION,VALID,0.0,0.015495410380740747
2025-10-19 22:00:00,WX-MASTER,0.0,4.649,29.63,WEATHER_STATION,VALID,0.0,0.0056587729123182455
2025-10-19 23:00:00,WX-MASTER,0.0,4.142,27.86,WEATHER_STATION,VALID,0.0,0.0018795704594787403
2025-10-20 00:00:00,WX-MASTER,0.0,8.193,27.76,WEATHER_STATION,VALID,0.0,0.17673203035999996
2025-10-20 01:00:00,WX-MASTER,0.0,7.958,27.66,WEATHER_STATION,VALID,0.0,0.15380833338688615
2025-10-20 02:00:00,WX-MASTER,0.0,8.131,22.99,WEATHER_STATION,VALID,0.0,0.17047721542348426
2025-10-20 03:00:00,WX-MASTER,0.0,6.541,25.15,WEATHER_STATION,VALID,0.0,0.05603225221854597
2025-10-20 04:00:00,WX-MASTER,0.0,7.61,23.35,WEATHER_STATION,VALID,0.0,0.12364116120713307
2025-10-20 05:00:00,WX-MASTER,0.0,7.709,24.05,WEATHER_STATION,VALID,0.0,0.13177904938639226
2025-10-20 06:00:00,WX-MASTER,0.0,6.054,21.31,WEATHER_STATION,VALID,0.0,0.035947392794074086
2025-10-20 07:00:00,WX-MASTER,0.2325,5.425,23.04,WEATHER_STATION,VALID,0.223212905911193,0.017996809842249654
2025-10-20 08:00:00,WX-MASTER,0.5138,4.361,20.53,WEATHER_STATION,VALID,0.48903714845832447,0.003181520124170095
2025-10-20 09:00:00,WX-MASTER,0.6466,5.933,22.4,WEATHER_STATION,VALID,0.6220827790894553,0.03184171772021948
2025-10-20 10:00:00,WX-MASTER,0.6649,5.883,22.61,WEATHER_STATION,VALID,0.6483111491769815,0.03024086616740742
2025-10-20 11:00:00,WX-MASTER,0.8045,4.447,22.64,WEATHER_STATION,VALID,0.7770180395116474,0.00382354224027435
2025-10-20 12:00:00,WX-MASTER,0.8301,4.475,22.31,WEATHER_STATION,VALID,0.8056229672884208,0.004049825960219478
2025-10-20 13:00:00,WX-MASTER,0.8991,4.506,23.95,WEATHER_STATION,VALID,0.8815164019340523,0.00431057508740741
2025-10-20 14:00:00,WX-MASTER,0.6811,5.822,26.41,WEATHER_STATION,VALID,0.6717255587604446,0.028361639160713315
2025-10-20 15:00:00,WX-MASTER,0.665,3.08,27.99,WEATHER_STATION,VALID,0.6419567992968205,6.461454046639251e-07
2025-10-20 16:00:00,WX-MASTER,0.4571,3.565,29.39,WEATHER_STATION,VALID,0.43622729175020203,0.00022761749657064457
2025-10-20 17:00:00,WX-MASTER,0.2826,3.779,28.4,WEATHER_STATION,VALID,0.27444456449615257,0.0005965854703429355
2025-10-20 18:00:00,WX-MASTER,0.0,5.227,28.63,WEATHER_STATION,VALID,0.0,0.013938657608175588
2025-10-20 19:00:00,WX-MASTER,0.0,6.083,29.22,WEATHER_STATION,VALID,0.0,0.03698118925108367
2025-10-20 20:00:00,WX-MASTER,0.0,4.545,31.11,WEATHER_STATION,VALID,0.0,0.004654207592592593
2025-10-20 21:00:00,WX-MASTER,0.0,7.367,29.3,WEATHER_STATION,VALID,0.0,0.10510173244713306
2025-10-20 22:00:00,WX-MASTER,0.0,8.309,28.43,WEATHER_STATION,VALID,0.0,0.18884194943577495
2025-10-20 23:00:00,WX-MASTER,0.0,7.126,27.44,WEATHER_STATION,VALID,0.0,0.08864371932224968
2025-10-21 00:00:00,WX-MASTER,0.0,8.166,26.87,WEATHER_STATION,VALID,0.0,0.17398968608000007
2025-10-21 01:00:00,WX-MASTER,0.0,5.579,26.68,WEATHER_STATION,VALID,0.0,0.021647827840713296
2025-10-21 02:00:00,WX-MASTER,0.0,5.604,24.41,WEATHER_STATION,VALID,0.0,0.02228349146074074
2025-10-21 03:00:00,WX-MASTER,0.0,7.359,23.65,WEATHER_STATION,VALID,0.0,0.10452517566074075
2025-10-21 04:00:00,WX-MASTER,0.0,6.504,23.48,WEATHER_STATION,VALID,0.0,0.054294094127407405
2025-10-21 05:00:00,WX-MASTER,0.0,5.204,22.29,WEATHER_STATION,VALID,0.0,0.013511235680219473
2025-10-21 06:00:00,WX-MASTER,0.0,7.989,22.99,WEATHER_STATION,VALID,0.0,0.1567114795274074
2025-10-21 07:00:00,WX-MASTER,0.2152,6.272,22.74,WEATHER_STATION,VALID,0.20744943055737117,0.04420793041997258
2025-10-21 08:00:00,WX-MASTER,0.4607,6.535,22.12,WEATHER_STATION,VALID,0.4441611145371035,0.055747905274348426
2025-10-21 09:00:00,WX-MASTER,0.6894,4.495,22.52,WEATHER_STATION,VALID,0.6702886064186946,0.004216808484224967
2025-10-21 10:00:00,WX-MASTER,0.5589,7.332,22.42,WEATHER_STATION,VALID,0.5365866534224351,0.10259486938074075
2025-10-21 11:00:00,WX-MASTER,0.8979,4.765,18.28,WEATHER_STATION,VALID,0.8908672382066615,0.006938960706447184
2025-10-21 12:00:00,WX-MASTER,0.7806,6.167,22.51,WEATHER_STATION,VALID,0.7628983881266403,0.040087086126145394
2025-10-21 13:00:00,WX-MASTER,0.8074,4.023,25.25,WEATHER_STATION,VALID,0.773403048151513,0.001351099085925925
2025-10-21 14:00:00,WX-MASTER,0.3567,5.005,24.3,WEATHER_STATION,VALID,0.3465046837452632,0.010171931570644718
2025-10-21 15:00:00,WX-MASTER,0.6614,5.584,27.24,WEATHER_STATION,VALID,0.6427883559758861,0.021773980367187924
2025-10-21 16:00:00,WX-MASTER,0.4678,7.589,28.15,WEATHER_STATION,VALID,0.4622897005865509,0.12195917337651582
2025-10-21 17:00:00,WX-MASTER,0.2768,4.612,27.46,WEATHER_STATION,VALID,0.2660032121551393,0.005286343887187929
2025-10-21 18:00:00,WX-MASTER,0.0,5.675,27.63,WEATHER_STATION,VALID,0.0,0.02415636917009602
2025-10-21 19:00:00,WX-MASTER,0.0,6.435,28.7,WEATHER_STATION,VALID,0.0,0.051149397592592565
2025-10-21 20:00:00,WX-MASTER,0.0,4.087,28.76,WEATHER_STATION,VALID,0.0,0.0016208727884224955
2025-10-21 21:00:00,WX-MASTER,0.0,3.351,29.44,WEATHER_STATION,VALID,0.0,5.457348e-05
2025-10-21 22:00:00,WX-MASTER,0.0,5.106,25.53,WEATHER_STATION,VALID,0.0,0.011787871679999999
2025-10-21 23:00:00,WX-MASTER,0.0,7.838,26.9,WEATHER_STATION,VALID,0.0,0.1429084441621948
2025-10-22 00:00:00,WX-MASTER,0.0,8.93,25.85,WEATHER_STATION,VALID,0.0,0.2631627276268861
2025-10-22 01:00:00,WX-MASTER,0.0,5.561,23.2,WEATHER_STATION,VALID,0.0,0.021197714297009604
2025-10-22 02:00:00,WX-MASTER,0.0,5.174,24.73,WEATHER_STATION,VALID,0.0,0.012966982307379983
2025-10-22 03:00:00,WX-MASTER,0.0,8.678,22.61,WEATHER_STATION,VALID,0.0,0.23101834251281217
2025-10-22 04:00:00,WX-MASTER,0.0,5.812,23.1,WEATHER_STATION,VALID,0.0,0.028061200578545963
2025-10-22 05:00:00,WX-MASTER,0.0,5.875,22.26,WEATHER_STATION,VALID,0.0,0.02998981910150891
2025-10-22 06:00:00,WX-MASTER,0.0,8.026,22.83,WEATHER_STATION,VALID,0.0,0.16022406717410148
2025-10-22 07:00:00,WX-MASTER,0.2428,7.559,21.64,WEATHER_STATION,VALID,0.23754298834451587,0.11958289844812071
2025-10-22 08:00:00,WX-MASTER,0.5124,6.829,19.79,WEATHER_STATION,VALID,0.4907253938965127,0.07084617345113853
2025-10-22 09:00:00,WX-MASTER,0.6416,3.139,22.35,WEATHER_STATION,VALID,0.6329205787790548,3.389258545953345e-06
2025-10-22 10:00:00,WX-MASTER,0.7992,3.505,25.19,WEATHER_STATION,VALID,0.7597242945726291,0.00016253033607681745
2025-10-22 11:00:00,WX-MASTER,0.6094,6.417,24.13,WEATHER_STATION,VALID,0.5922811140850645,0.05034950849925925
2025-10-22 12:00:00,WX-MASTER,0.8094,5.248,24.38,WEATHER_STATION,VALID,0.7990828666519176,0.014336700730644723
2025-10-22 13:00:00,WX-MASTER,0.8293,3.762,24.18,WEATHER_STATION,VALID,0.7776481226396142,0.0005583740325925926
2025-10-22 14:00:00,WX-MASTER,0.7436,4.331,24.73,WEATHER_STATION,VALID,0.7438037338754581,0.002975736455034296
2025-10-22 15:00:00,WX-MASTER,0.676,6.296,25.55,WEATHER_STATION,VALID,0.6514076081004112,0.04518787389454047
2025-10-22 16:00:00,WX-MASTER,0.436,6.973,27.36,WEATHER_STATION,VALID,0.4238427637993404,0.07914363518743484
2025-10-22 17:00:00,WX-MASTER,0.2509,5.168,26.43,WEATHER_STATION,VALID,0.24552364916023076,0.012859916023923185
2025-10-22 18:00:00,WX-MASTER,0.0,4.512,28.61,WEATHER_STATION,VALID,0.0,0.004362301439999997
2025-10-22 19:00:00,WX-MASTER,0.0,5.3,27.9,WEATHER_STATION,VALID,0.0,0.015354787379972562
2025-10-22 20:00:00,WX-MASTER,0.0,7.665,26.76,WEATHER_STATION,VALID,0.0,0.1281195024074074
2025-10-22 21:00:00,WX-MASTER,0.0,7.891,27.89,WEATHER_STATION,VALID,0.0,0.1476567439963237
2025-10-22 22:00:00,WX-MASTER,0.0,6.646,29.85,WEATHER_STATION,VALID,0.0,0.06116602980126199
2025-10-22 23:00:00,WX-MASTER,0.0,5.885,27.96,WEATHER_STATION,VALID,0.0,0.030303846083676263
2025-10-23 00:00:00,WX-MASTER,0.0,8.1,22.82,WEATHER_STATION,VALID,0.0,0.1674059259259259
2025-10-23 01:00:00,WX-MASTER,0.0,8.864,25.43,WEATHER_STATION,VALID,0.0,0.25447327783330603
2025-10-23 02:00:00,WX-MASTER,0.0,4.859,26.41,WEATHER_STATION,VALID,0.0,0.008107714892565156
2025-10-23 03:00:00,WX-MASTER,0.0,6.373,24.07,WEATHER_STATION,VALID,0.0,0.04842942610101511
2025-10-23 04:00:00,WX-MASTER,0.0,8.043,24.21,WEATHER_STATION,VALID,0.0,0.16185540376740734
2025-10-23 05:00:00,WX-MASTER,0.0,6.447,22.38,WEATHER_STATION,VALID,0.0,0.051687336040000004
2025-10-23 06:00:00,WX-MASTER,0.0,5.487,22.52,WEATHER_STATION,VALID,0.0,0.01941277651407407
2025-10-23 07:00:00,WX-MASTER,0.2323,6.11,21.99,WEATHER_STATION,VALID,0.2290283690026162,0.037961334046639254
2025-10-23 08:00:00,WX-MASTER,0.4941,6.09,21.06,WEATHER_STATION,VALID,0.47417433855211816,0.03723366074074074
2025-10-23 09:00:00,WX-MASTER,0.6091,3.893,22.64,WEATHER_STATION,VALID,0.596544115017938,0.0008986998634293546
2025-10-23 10:00:00,WX-MASTER,0.6436,5.252,24.14,WEATHER_STATION,VALID,0.6218476984747624,0.014413367417503424
2025-10-23 11:00:00,WX-MASTER,0.6495,5.431,23.32,WEATHER_STATION,VALID,0.6453984378146644,0.01813072520126201
2025-10-23 12:00:00,WX-MASTER,0.8888,4.19,23.71,WEATHER_STATION,VALID,0.8679843240080035,0.0021266752812071354
2025-10-23 13:00:00,WX-MASTER,0.7465,3.753,23.41,WEATHER_STATION,VALID,0.7345852177259743,0.0005388218859259262
2025-10-23 14:00:00,WX-MASTER,0.751,4.073,26.46,WEATHER_STATION,VALID,0.7040916740428559,0.0015590479226886165
2025-10-23 15:00:00,WX-MASTER,0.6908,3.583,25.62,WEATHER_STATION,VALID,0.6691892958920302,0.0002500725158299042
2025-10-23 16:00:00,WX-MASTER,0.3895,6.086,27.75,WEATHER_STATION,VALID,0.38021364792782814,0.03708925109947875
2025-10-23 17:00:00,WX-MASTER,0.2481,3.89,28.72,WEATHER_STATION,VALID,0.24148918287431537,0.000889672812071331
2025-10-23 18:00:00,WX-MASTER,0.0,5.644,29.55,WEATHER_STATION,VALID,0.0,0.023326235261015096
2025-10-23 19:00:00,WX-MASTER,0.0,5.165,29.92,WEATHER_STATION,VALID,0.0,0.012806604602194786
2025-10-23 20:00:00,WX-MASTER,0.0,4.994,29.99,WEATHER_STATION,VALID,0.0,0.010005430070342932
2025-10-23 21:00:00,WX-MASTER,0.0,7.946,27.2,WEATHER_STATION,VALID,0.0,0.15269423310441702
2025-10-23 22:00:00,WX-MASTER,0.0,6.216,27.33,WEATHER_STATION,VALID,0.0,0.04197671215407408
2025-10-23 23:00:00,WX-MASTER,0.0,5.696,26.16,WEATHER_STATION,VALID,0.0,0.02472976347478737
2025-10-24 00:00:00,WX-MASTER,0.0,5.691,25.36,WEATHER_STATION,VALID,0.0,0.024592427079999996
2025-10-24 01:00:00,WX-MASTER,0.0,7.189,28.08,WEATHER_STATION,VALID,0.0,0.09276654459187927
2025-10-24 02:00:00,WX-MASTER,0.0,7.817,24.16,WEATHER_STATION,VALID,0.0,0.14105556926194793
2025-10-24 03:00:00,WX-MASTER,0.0,8.321,23.08,WEATHER_STATION,VALID,0.0,0.19012537156120712
2025-10-24 04:00:00,WX-MASTER,0.0,6.316,23.53,WEATHER_STATION,VALID,0.0,0.04601547025558298
2025-10-24 05:00:00,WX-MASTER,0.0,6.049,21.97,WEATHER_STATION,VALID,0.0,0.03577112279434845
2025-10-24 06:00:00,WX-MASTER,0.0,6.286,25.03,WEATHER_STATION,VALID,0.0,0.04477782310496569
2025-10-24 07:00:00,WX-MASTER,0.2755,6.08,21.63,WEATHER_STATION,VALID,0.2708222905903275,0.03687333750342935
2025-10-24 08:00:00,WX-MASTER,0.5094,4.598,22.38,WEATHER_STATION,VALID,0.4934503961221617,0.00514980309552812
2025-10-24 09:00:00,WX-MASTER,0.6233,7.252,21.02,WEATHER_STATION,VALID,0.5981210433791861,0.09701526327484226
2025-10-24 10:00:00,WX-MASTER,0.6079,5.157,20.32,WEATHER_STATION,VALID,0.583870618487211,0.012665161565925927
2025-10-24 11:00:00,WX-MASTER,0.7824,5.642,21.99,WEATHER_STATION,VALID,0.7687610469023164,0.023273341323676273
2025-10-24 12:00:00,WX-MASTER,0.8318,5.373,22.73,WEATHER_STATION,VALID,0.8063201342053067,0.016863725085925936
2025-10-24 13:00:00,WX-MASTER,0.3403,5.285,23.57,WEATHER_STATION,VALID,0.3247507628593852,0.015056322626886144
2025-10-24 14:00:00,WX-MASTER,0.6962,3.46,23.42,WEATHER_STATION,VALID,0.6577189774087782,0.0001228382990397805
2025-10-24 15:00:00,WX-MASTER,0.5185,4.83,26.41,WEATHER_STATION,VALID,0.5094145691186795,0.007734167407407408
2025-10-24 16:00:00,WX-MASTER,0.4822,7.939,26.69,WEATHER_STATION,VALID,0.46377915167176287,0.15204683261657068
2025-10-24 17:00:00,WX-MASTER,0.2534,7.226,25.97,WEATHER_STATION,VALID,0.2470538038592484,0.0952464454896022
2025-10-24 18:00:00,WX-MASTER,0.0,5.595,28.5,WEATHER_STATION,VALID,0.0,0.022053239074074076
2025-10-24 19:00:00,WX-MASTER,0.0,5.168,29.64,WEATHER_STATION,VALID,0.0,0.012859916023923185
2025-10-24 20:00:00,WX-MASTER,0.0,3.023,30.28,WEATHER_STATION,VALID,0.0,1.5354787379972828e-08
2025-10-24 21:00:00,WX-MASTER,0.0,5.51,25.82,WEATHER_STATION,VALID,0.0,0.019956366145404657
2025-10-24 22:00:00,WX-MASTER,0.0,6.278,27.5,WEATHER_STATION,VALID,0.0,0.04445157431528119
2025-10-24 23:00:00,WX-MASTER,0.0,6.148,26.17,WEATHER_STATION,VALID,0.0,0.039369914360274344
2025-10-25 00:00:00,WX-MASTER,0.0,6.358,26.32,WEATHER_STATION,VALID,0.0,0.04778618657755828
2025-10-25 01:00:00,WX-MASTER,0.0,7.551,27.93,WEATHER_STATION,VALID,0.0,0.1189544807392593
2025-10-25 02:00:00,WX-MASTER,0.0,5.435,24.48,WEATHER_STATION,VALID,0.0,0.01822037015775033
2025-10-25 03:00:00,WX-MASTER,0.0,7.017,23.88,WEATHER_STATION,VALID,0.0,0.08180235264740743
2025-10-25 04:00:00,WX-MASTER,0.0,6.384,22.61,WEATHER_STATION,VALID,0.0,0.04890478592000003
2025-10-25 05:00:00,WX-MASTER,0.0,5.192,24.83,WEATHER_STATION,VALID,0.0,0.013291743397750348
2025-10-25 06:00:00,WX-MASTER,0.0,8.286,19.56,WEATHER_STATION,VALID,0.0,0.18639822628740735
2025-10-25 07:00:00,WX-MASTER,0.2807,6.828,21.31,WEATHER_STATION,VALID,0.27473099565331927,0.07079068036740742
2025-10-25 08:00:00,WX-MASTER,0.4146,4.573,20.82,WEATHER_STATION,VALID,0.40565260359368915,0.004911865508422499
2025-10-25 09:00:00,WX-MASTER,0.5737,6.017,19.91,WEATHER_STATION,VALID,0.5480386373240245,0.034656622002688625
2025-10-25 10:00:00,WX-MASTER,0.8166,3.315,23.65,WEATHER_STATION,VALID,0.8042317743303878,3.9444999999999986e-05
2025-10-25 11:00:00,WX-MASTER,0.8269,4.078,20.72,WEATHER_STATION,VALID,0.8165651949522266,0.0015809443454595353
2025-10-25 12:00:00,WX-MASTER,0.693,6.541,23.05,WEATHER_STATION,VALID,0.6741443316799106,0.05603225221854597
2025-10-25 13:00:00,WX-MASTER,0.8628,5.21,24.35,WEATHER_STATION,VALID,0.8175786420226342,0.01362188219478738
2025-10-25 14:00:00,WX-MASTER,0.6525,5.112,24.45,WEATHER_STATION,VALID,0.6318019264025241,0.011888910032592596
2025-10-25 15:00:00,WX-MASTER,0.6699,6.115,24.18,WEATHER_STATION,VALID,0.6517564874544373,0.03814472181755831
2025-10-25 16:00:00,WX-MASTER,0.1742,5.762,26.9,WEATHER_STATION,VALID,0.16598315957866303,0.026590794992812056
2025-10-25 17:00:00,WX-MASTER,0.2369,4.81,26.92,WEATHER_STATION,VALID,0.2285132493910791,0.0074833494101508875
2025-10-25 18:00:00,WX-MASTER,0.0,6.602,29.36,WEATHER_STATION,VALID,0.0,0.05897818786194789
2025-10-25 19:00:00,WX-MASTER,0.0,3.443,29.35,WEATHER_STATION,VALID,0.0,0.00010971638194787386
2025-10-25 20:00:00,WX-MASTER,0.0,5.032,31.19,WEATHER_STATION,VALID,0.0,0.010588426099533609
2025-10-25 21:00:00,WX-MASTER,0.0,6.024,28.87,WEATHER_STATION,VALID,0.0,0.034898411520000006
2025-10-25 22:00:00,WX-MASTER,0.0,7.086,29.09,WEATHER_STATION,VALID,0.0,0.08609053088
2025-10-25 23:00:00,WX-MASTER,0.0,6.131,27.4,WEATHER_STATION,VALID,0.0,0.038735529936515786
2025-10-26 00:00:00,WX-MASTER,0.0,4.354,29.17,WEATHER_STATION,VALID,0.0,0.003132681858545955
2025-10-26 01:00:00,WX-MASTER,0.0,4.234,26.29,WEATHER_STATION,VALID,0.0,0.002371405256076817
2025-10-26 02:00:00,WX-MASTER,0.0,6.642,25.24,WEATHER_STATION,VALID,0.0,0.06096493616592596
2025-10-26 03:00:00,WX-MASTER,0.0,6.036,25.11,WEATHER_STATION,VALID,0.0,0.035315519620740726
2025-10-26 04:00:00,WX-MASTER,0.0,5.339,22.84,WEATHER_STATION,VALID,0.0,0.0161491981913306
2025-10-26 05:00:00,WX-MASTER,0.0,4.932,22.29,WEATHER_STATION,VALID,0.0,0.009100843899259263
2025-10-26 06:00:00,WX-MASTER,0.0,6.278,22.98,WEATHER_STATION,VALID,0.0,0.04445157431528119
2025-10-26 07:00:00,WX-MASTER,0.2149,7.543,22.87,WEATHER_STATION,VALID,0.20783821447388556,0.11832826848620027
2025-10-26 08:00:00,WX-MASTER,0.2749,5.763,22.58,WEATHER_STATION,VALID,0.2649074418397128,0.026619687559999997
2025-10-26 10:00:00,WX-MASTER,0.69,4.63,22.66,WEATHER_STATION,VALID,0.6656629761761432,0.005465414595336077
2025-10-26 11:00:00,WX-MASTER,0.8188,5.512,24.05,WEATHER_STATION,VALID,0.8250358758155961,0.020004108627928664
2025-10-26 12:00:00,WX-MASTER,0.8145,6.567,22.3,WEATHER_STATION,VALID,0.7806486654615706,0.0572755973140741
2025-10-26 13:00:00,WX-MASTER,0.8558,4.542,24.46,WEATHER_STATION,VALID,0.8229633133262925,0.004627148314074072
2025-10-26 14:00:00,WX-MASTER,0.7739,4.787,21.87,WEATHER_STATION,VALID,0.7889197054169917,0.007201682264417009
2025-10-26 15:00:00,WX-MASTER,0.6204,4.34,27.16,WEATHER_STATION,VALID,0.6057059497926979,0.003036509849108367
2025-10-26 16:00:00,WX-MASTER,0.3851,5.732,26.18,WEATHER_STATION,VALID,0.3655755416834073,0.025733708908861463
2025-10-26 17:00:00,WX-MASTER,0.2803,6.323,26.93,WEATHER_STATION,VALID,0.2754340783491224,0.046307498663429376
2025-10-26 18:00:00,WX-MASTER,0.0,5.836,28.25,WEATHER_STATION,VALID,0.0,0.02878584473459534
2025-10-26 19:00:00,WX-MASTER,0.0,5.335,29.49,WEATHER_STATION,VALID,0.0,0.016066487990397803
2025-10-26 20:00:00,WX-MASTER,0.0,3.944,31.74,WEATHER_STATION,VALID,0.0,0.0010616375765157748
2025-10-26 21:00:00,WX-MASTER,0.0,6.082,26.88,WEATHER_STATION,VALID,0.0,0.036945215334101514
2025-10-26 22:00:00,WX-MASTER,0.0,6.118,27.38,WEATHER_STATION,VALID,0.0,0.038255037461508934
2025-10-26 23:00:00,WX-MASTER,0.0,6.855,28.12,WEATHER_STATION,VALID,0.0,0.07229919240740744
2025-10-27 00:00:00,WX-MASTER,0.0,6.82,26.26,WEATHER_STATION,VALID,0.0,0.07034777854595338
2025-10-27 01:00:00,WX-MASTER,0.0,8.774,27.29,WEATHER_STATION,VALID,0.0,0.24293530704812055
2025-10-27 02:00:00,WX-MASTER,0.0,5.819,25.18,WEATHER_STATION,VALID,0.0,0.0282712835641701
2025-10-27 03:00:00,WX-MASTER,0.0,4.604,25.54,WEATHER_STATION,VALID,0.0,0.005208028964170096
2025-10-27 04:00:00,WX-MASTER,0.0,5.031,23.33,WEATHER_STATION,VALID,0.0,0.010572801272592587
2025-10-27 05:00:00,WX-MASTER,0.0,5.504,23.56,WEATHER_STATION,VALID,0.0,0.01981359459379971
2025-10-27 06:00:00,WX-MASTER,0.0,7.505,21.2,WEATHER_STATION,VALID,0.0,0.11538375941700958
2025-10-27 07:00:00,WX-MASTER,0.2547,4.159,24.32,WEATHER_STATION,VALID,0.2503082863598329,0.0019647649721262
2025-10-27 08:00:00,WX-MASTER,0.4608,4.071,19.84,WEATHER_STATION,VALID,0.4484412233840213,0.0015503462799999989
2025-10-27 09:00:00,WX-MASTER,0.6482,5.871,21.15,WEATHER_STATION,VALID,0.6311992035410862,0.02986481828000002
2025-10-27 10:00:00,WX-MASTER,0.6734,6.214,20.65,WEATHER_STATION,VALID,0.654584232239702,0.04189844608570647
2025-10-27 11:00:00,WX-MASTER,0.8493,2.916,23.87,WEATHER_STATION,VALID,0.8078808434909127,0.0
2025-10-27 12:00:00,WX-MASTER,0.7325,2.501,24.28,WEATHER_STATION,VALID,0.709535331748553,0.0
2025-10-27 13:00:00,WX-MASTER,0.7405,3.72,23.01,WEATHER_STATION,VALID,0.7207418288859271,0.0004710400000000003
2025-10-27 14:00:00,WX-MASTER,0.6804,5.602,26.58,WEATHER_STATION,VALID,0.6557414352523538,0.022232186435336088
2025-10-27 15:00:00,WX-MASTER,0.5385,5.007,25.45,WEATHER_STATION,VALID,0.5250725861185871,0.010202401639999997
2025-10-27 16:00:00,WX-MASTER,0.5001,3.981,27.6,WEATHER_STATION,VALID,0.4852568381388988,0.0011914266799999994
2025-10-27 17:00:00,WX-MASTER,0.2222,6.106,28.6,WEATHER_STATION,VALID,0.2181127150730322,0.03781504775681755
2025-10-27 18:00:00,WX-MASTER,0.0,5.535,28.12,WEATHER_STATION,VALID,0.0,0.020558630925925928
2025-10-27 19:00:00,WX-MASTER,0.0,5.488,29.85,WEATHER_STATION,VALID,0.0,0.019436203031879297
2025-10-27 20:00:00,WX-MASTER,0.0,3.79,28.71,WEATHER_STATION,VALID,0.0,0.000622216570644719
2025-10-27 21:00:00,WX-MASTER,0.0,5.137,29.17,WEATHER_STATION,VALID,0.0,0.012316118689657058
2025-10-27 22:00:00,WX-MASTER,0.0,8.906,28.08,WEATHER_STATION,VALID,0.0,0.25998041155379975
2025-10-27 23:00:00,WX-MASTER,0.0,6.106,25.61,WEATHER_STATION,VALID,0.0,0.03781504775681755
2025-10-28 00:00:00,WX-MASTER,0.0,5.419,27.0,WEATHER_STATION,VALID,0.0,0.017863555520274337
2025-10-28 01:00:00,WX-MASTER,0.0,6.228,25.25,WEATHER_STATION,VALID,0.0,0.04244835621925925
2025-10-28 02:00:00,WX-MASTER,0.0,6.874,27.07,WEATHER_STATION,VALID,0.0,0.07337348517706445
2025-10-28 03:00:00,WX-MASTER,0.0,7.795,22.85,WEATHER_STATION,VALID,0.0,0.13913171342249658
2025-10-28 04:00:00,WX-MASTER,0.0,7.318,25.11,WEATHER_STATION,VALID,0.0,0.1016033934121262
2025-10-28 05:00:00,WX-MASTER,0.0,5.443,22.71,WEATHER_STATION,VALID,0.0,0.018400545572620015
2025-10-28 06:00:00,WX-MASTER,0.0,7.747,22.85,WEATHER_STATION,VALID,0.0,0.13499509666002737
2025-10-28 07:00:00,WX-MASTER,0.268,6.899,20.36,WEATHER_STATION,VALID,0.26025666386671287,0.07480317031972566
2025-10-28 08:00:00,WX-MASTER,0.4168,5.0,21.52,WEATHER_STATION,VALID,0.403106726314644,0.010096021947873797
2025-10-28 09:00:00,WX-MASTER,0.6105,5.162,21.22,WEATHER_STATION,VALID,0.5952812049761942,0.012753440721207134
2025-10-28 10:00:00,WX-MASTER,0.6973,5.886,24.89,WEATHER_STATION,VALID,0.6717667105458242,0.030335368805925925
2025-10-28 11:00:00,WX-MASTER,0.6925,6.322,22.09,WEATHER_STATION,VALID,0.6743453950423357,0.04626570489459533
2025-10-28 12:00:00,WX-MASTER,0.8261,2.825,25.03,WEATHER_STATION,VALID,0.8038476035998404,0.0
2025-10-28 13:00:00,WX-MASTER,0.7529,4.829,25.89,WEATHER_STATION,VALID,0.7371222579560763,0.0077214953715775
2025-10-28 14:00:00,WX-MASTER,0.4842,4.702,26.76,WEATHER_STATION,VALID,0.46517720827785464,0.006222128361262003
2025-10-28 15:00:00,WX-MASTER,0.5112,4.074,25.59,WEATHER_STATION,VALID,0.5013093255538573,0.0015634109274074068
2025-10-28 16:00:00,WX-MASTER,0.3746,4.203,29.31,WEATHER_STATION,VALID,0.3582694357211111,0.002197137219259262
2025-10-28 17:00:00,WX-MASTER,0.2378,6.511,30.28,WEATHER_STATION,VALID,0.22862365475366705,0.0546201372901509
2025-10-28 18:00:00,WX-MASTER,0.0,6.064,28.87,WEATHER_STATION,VALID,0.0,0.036301668110397804
2025-10-28 19:00:00,WX-MASTER,0.0,8.361,28.22,WEATHER_STATION,VALID,0.0,0.1944454211392594
2025-10-28 20:00:00,WX-MASTER,0.0,5.143,27.86,WEATHER_STATION,VALID,0.0,0.012420149177558295
2025-10-28 21:00:00,WX-MASTER,0.0,6.312,29.34,WEATHER_STATION,VALID,0.0,0.04584914944000002
2025-10-28 22:00:00,WX-MASTER,0.0,6.76,28.5,WEATHER_STATION,VALID,0.0,0.06708475434842248
2025-10-28 23:00:00,WX-MASTER,0.0,7.703,28.09,WEATHER_STATION,VALID,0.0,0.13127596978441702
2025-10-29 00:00:00,WX-MASTER,0.0,8.424,25.54,WEATHER_STATION,VALID,0.0,0.20138139344592584
2025-10-29 01:00:00,WX-MASTER,0.0,6.842,26.35,WEATHER_STATION,VALID,0.0,0.07157022468170095
2025-10-29 02:00:00,WX-MASTER,0.0,5.292,26.78,WEATHER_STATION,VALID,0.0,0.015195120165925924
2025-10-29 03:00:00,WX-MASTER,0.0,5.718,25.48,WEATHER_STATION,VALID,0.0,0.02534011936
2025-10-29 04:00:00,WX-MASTER,0.0,6.692,23.16,WEATHER_STATION,VALID,0.0,0.06351047722491086
2025-10-29 05:00:00,WX-MASTER,0.0,7.777,22.8,WEATHER_STATION,VALID,0.0,0.13757072400323733
2025-10-29 06:00:00,WX-MASTER,0.0,4.209,20.62,WEATHER_STATION,VALID,0.0,0.0022301763274074063
2025-10-29 07:00:00,WX-MASTER,0.2756,4.314,21.23,WEATHER_STATION,VALID,0.2676362173849545,0.0028631651200000012
2025-10-29 08:00:00,WX-MASTER,0.3955,6.559,21.5,WEATHER_STATION,VALID,0.3805241354233904,0.05689109109558301
2025-10-29 09:00:00,WX-MASTER,0.5629,3.642,22.79,WEATHER_STATION,VALID,0.5391318066591654,0.0003339376474074072
2025-10-29 10:00:00,WX-MASTER,0.7491,3.638,21.53,WEATHER_STATION,VALID,0.7411210234514575,0.0003277346313305897
2025-10-29 11:00:00,WX-MASTER,0.8861,6.398,21.69,WEATHER_STATION,VALID,0.869682395977654,0.04951427479923182
2025-10-29 12:00:00,WX-MASTER,0.914,4.507,24.57,WEATHER_STATION,VALID,0.8770747990450821,0.004319167593360765
2025-10-29 13:00:00,WX-MASTER,0.7906,4.345,24.0,WEATHER_STATION,VALID,0.767354364939358,0.003070627620027433
2025-10-29 14:00:00,WX-MASTER,0.8125,6.517,24.4,WEATHER_STATION,VALID,0.7844673473042452,0.05490063958842252
2025-10-29 15:00:00,WX-MASTER,0.1723,3.429,27.29,WEATHER_STATION,VALID,0.1642151394311035,9.963964592592581e-05
2025-10-29 16:00:00,WX-MASTER,0.5029,3.303,27.71,WEATHER_STATION,VALID,0.4891531131595428,3.510655259259257e-05
2025-10-29 17:00:00,WX-MASTER,0.2223,7.253,27.63,WEATHER_STATION,VALID,0.21424553971109442,0.09708372852515776
2025-10-29 18:00:00,WX-MASTER,0.0,5.667,28.02,WEATHER_STATION,VALID,0.0,0.02394028664740741
2025-10-29 19:00:00,WX-MASTER,0.0,6.501,29.24,WEATHER_STATION,VALID,0.0,0.05415475948000001
2025-10-29 20:00:00,WX-MASTER,0.0,5.474,29.56,WEATHER_STATION,VALID,0.0,0.019109942702441703
2025-10-29 21:00:00,WX-MASTER,0.0,5.991,29.04,WEATHER_STATION,VALID,0.0,0.0337683264874074
2025-10-29 22:00:00,WX-MASTER,0.0,5.438,28.58,WEATHER_STATION,VALID,0.0,0.018287797446145396
2025-10-29 23:00:00,WX-MASTER,0.0,6.947,27.16,WEATHER_STATION,VALID,0.0,0.07759999230886147
2025-10-30 00:00:00,WX-MASTER,0.0,7.735,26.52,WEATHER_STATION,VALID,0.0,0.13397391515089171
2025-10-30 01:00:00,WX-MASTER,0.0,6.971,26.12,WEATHER_STATION,VALID,0.0,0.0790241731167627
2025-10-30 02:00:00,WX-MASTER,0.0,8.09,24.27,WEATHER_STATION,VALID,0.0,0.16642311478738
2025-10-30 03:00:00,WX-MASTER,0.0,7.499,23.22,WEATHER_STATION,VALID,0.0,0.11492335036910833
2025-10-30 04:00:00,WX-MASTER,0.0,5.139,23.57,WEATHER_STATION,VALID,0.0,0.012350730712592597
2025-10-30 05:00:00,WX-MASTER,0.0,6.125,24.14,WEATHER_STATION,VALID,0.0,0.03851326731824417
2025-10-30 06:00:00,WX-MASTER,0.0,5.502,19.9,WEATHER_STATION,VALID,0.0,0.019766155839999994
2025-10-30 07:00:00,WX-MASTER,0.2389,6.81,21.57,WEATHER_STATION,VALID,0.23366607793870142,0.06979675407407405
2025-10-30 08:00:00,WX-MASTER,0.5072,6.17,22.25,WEATHER_STATION,VALID,0.48485416883684807,0.04020111379972565
2025-10-30 09:00:00,WX-MASTER,0.5595,5.485,23.33,WEATHER_STATION,VALID,0.550421266478932,0.019365979965706454
2025-10-30 10:00:00,WX-MASTER,0.8115,6.414,24.55,WEATHER_STATION,VALID,0.7830351474288703,0.05021700986074073
2025-10-30 11:00:00,WX-MASTER,0.6981,2.49,22.64,WEATHER_STATION,VALID,0.6882833197160393,0.0
2025-10-30 12:00:00,WX-MASTER,0.8149,4.006,26.04,WEATHER_STATION,VALID,0.7767306154542907,0.0012848553617558311
2025-10-30 13:00:00,WX-MASTER,0.8861,4.054,25.06,WEATHER_STATION,VALID,0.8505084240227628,0.0014776859079286705
2025-10-30 14:00:00,WX-MASTER,0.8062,5.061,26.4,WEATHER_STATION,VALID,0.7866206463122398,0.011048269879999998
2025-10-30 15:00:00,WX-MASTER,0.579,5.526,25.05,WEATHER_STATION,VALID,0.5717957672564112,0.02034043973925925
2025-10-30 16:00:00,WX-MASTER,0.476,4.941,27.72,WEATHER_STATION,VALID,0.4736195876053685,0.009228623005925923
2025-10-30 17:00:00,WX-MASTER,0.2583,3.422,28.98,WEATHER_STATION,VALID,0.25071127320118153,9.484133355281216e-05
2025-10-30 18:00:00,WX-MASTER,0.0,5.889,27.63,WEATHER_STATION,VALID,0.0,0.03043006812
2025-10-30 19:00:00,WX-MASTER,0.0,5.78,25.68,WEATHER_STATION,VALID,0.0,0.0271140683676269
2025-10-30 20:00:00,WX-MASTER,0.0,3.965,29.1,WEATHER_STATION,VALID,0.0,0.0011340762071330585
2025-10-30 21:00:00,WX-MASTER,0.0,5.741,28.55,WEATHER_STATION,VALID,0.0,0.025988870534046634
2025-10-30 22:00:00,WX-MASTER,0.0,6.834,30.07,WEATHER_STATION,VALID,0.0,0.07112407391999997
2025-10-30 23:00:00,WX-MASTER,0.0,8.678,27.25,WEATHER_STATION,VALID,0.0,0.23101834251281217
2025-10-31 00:00:00,WX-MASTER,0.0,5.235,26.34,WEATHER_STATION,VALID,0.0,0.014089412407407416
2025-10-31 01:00:00,WX-MASTER,0.0,7.739,24.94,WEATHER_STATION,VALID,0.0,0.13431373468515775
2025-10-31 02:00:00,WX-MASTER,0.0,5.307,24.68,WEATHER_STATION,VALID,0.0,0.015495410380740747
2025-10-31 03:00:00,WX-MASTER,0.0,4.982,27.73,WEATHER_STATION,VALID,0.0,0.009825875328614543
2025-10-31 04:00:00,WX-MASTER,0.0,4.923,21.78,WEATHER_STATION,VALID,0.0,0.008974249752592594
2025-10-31 05:00:00,WX-MASTER,0.0,7.096,21.36,WEATHER_STATION,VALID,0.0,0.08672416817163238
2025-10-31 06:00:00,WX-MASTER,0.0,6.249,22.34,WEATHER_STATION,VALID,0.0,0.04328221052
2025-10-31 07:00:00,WX-MASTER,0.2773,5.418,24.43,WEATHER_STATION,VALID,0.26700862077135223,0.01784141061925926
2025-10-31 08:00:00,WX-MASTER,0.4029,6.161,22.83,WEATHER_STATION,VALID,0.3849761132490103,0.039859678050096
2025-10-31 09:00:00,WX-MASTER,0.5766,5.369,23.92,WEATHER_STATION,VALID,0.5584266039367203,0.016778590749355275
2025-10-31 10:00:00,WX-MASTER,0.8105,5.236,21.95,WEATHER_STATION,VALID,0.7874261667720769,0.014108332833360764
2025-10-31 11:00:00,WX-MASTER,0.7888,4.517,21.3,WEATHER_STATION,VALID,0.7615152882235184,0.004405721508861458
2025-10-31 12:00:00,WX-MASTER,0.672,3.45,23.15,WEATHER_STATION,VALID,0.6687175411410832,0.00011500000000000013
2025-10-31 13:00:00,WX-MASTER,0.8311,6.923,24.38,WEATHER_STATION,VALID,0.7971985522818723,0.07619302626836762
2025-10-31 14:00:00,WX-MASTER,0.6873,6.55,25.45,WEATHER_STATION,VALID,0.6810259803615326,0.0564605829903978
2025-10-31 15:00:00,WX-MASTER,0.6838,6.87,26.09,WEATHER_STATION,VALID,0.6526060091531466,0.07314644
2025-10-31 16:00:00,WX-MASTER,0.4194,4.237,27.9,WEATHER_STATION,VALID,0.4072758436925023,0.002388742837805213
2025-10-31 17:00:00,WX-MASTER,0.2747,4.241,27.06,WEATHER_STATION,VALID,0.27133398583592233,0.002411990780960217
2025-10-31 18:00:00,WX-MASTER,0.0,4.817,27.36,WEATHER_STATION,VALID,0.0,0.007570509015034294
2025-10-31 19:00:00,WX-MASTER,0.0,7.006,27.37,WEATHER_STATION,VALID,0.0,0.08113217783089165
2025-10-31 20:00:00,WX-MASTER,0.0,5.87,29.18,WEATHER_STATION,VALID,0.0,0.02983362244170096
2025-10-31 21:00:00,WX-MASTER,0.0,5.415,28.95,WEATHER_STATION,VALID,0.0,0.01777508574074074
2025-10-31 22:00:00,WX-MASTER,0.0,6.817,29.78,WEATHER_STATION,VALID,0.0,0.07018216783533607
2025-10-31 23:00:00,WX-MASTER,0.0,5.567,29.77,WEATHER_STATION,VALID,0.0,0.021347051854540475
2025-11-01 00:00:00,WX-MASTER,0.0,4.885,25.76,WEATHER_STATION,VALID,0.0,0.008452678731138545
2025-11-01 01:00:00,WX-MASTER,0.0,6.877,26.39,WEATHER_STATION,VALID,0.0,0.07354407704027434
2025-11-01 02:00:00,WX-MASTER,0.0,6.032,25.21,WEATHER_STATION,VALID,0.0,0.0351761164150343
2025-11-01 03:00:00,WX-MASTER,0.0,6.612,22.7,WEATHER_STATION,VALID,0.0,0.059470764847407404
2025-11-01 04:00:00,WX-MASTER,0.0,3.004,23.07,WEATHER_STATION,VALID,0.0,8.076817558299062e-11
2025-11-01 05:00:00,WX-MASTER,0.0,5.146,24.86,WEATHER_STATION,VALID,0.0,0.012472383381508915
2025-11-01 06:00:00,WX-MASTER,0.0,6.019,21.66,WEATHER_STATION,VALID,0.0,0.03472559038447188
2025-11-01 07:00:00,WX-MASTER,0.2433,3.852,21.11,WEATHER_STATION,VALID,0.23384820760992336,0.0007805110992592589
2025-11-01 08:00:00,WX-MASTER,0.446,3.635,21.89,WEATHER_STATION,VALID,0.4470833905161511,0.00032313312071330564
2025-11-01 09:00:00,WX-MASTER,0.5764,5.362,23.17,WEATHER_STATION,VALID,0.5569183001228899,0.016630295985953367
2025-11-01 10:00:00,WX-MASTER,0.742,6.001,22.06,WEATHER_STATION,VALID,0.7115018622192052,0.03410815950743486
2025-11-01 11:00:00,WX-MASTER,0.6312,3.749,23.13,WEATHER_STATION,VALID,0.6231766518570383,0.0005302806160219482
2025-11-01 12:00:00,WX-MASTER,0.7433,4.442,20.96,WEATHER_STATION,VALID,0.7104348752568088,0.003784043150836764
2025-11-01 13:00:00,WX-MASTER,0.7606,4.41,25.24,WEATHER_STATION,VALID,0.73267739498394,0.0035376725925925934
2025-11-01 14:00:00,WX-MASTER,0.651,2.695,25.72,WEATHER_STATION,VALID,0.6436669944203849,0.0
2025-11-01 15:00:00,WX-MASTER,0.683,6.338,27.42,WEATHER_STATION,VALID,0.6629481537065801,0.04693742885355281
2025-11-01 16:00:00,WX-MASTER,0.449,4.697,24.96,WEATHER_STATION,VALID,0.42501264390107285,0.006167452679231825
2025-11-01 17:00:00,WX-MASTER,0.2512,4.9,27.57,WEATHER_STATION,VALID,0.2457137528667676,0.008656076817558303
2025-11-01 18:00:00,WX-MASTER,0.0,5.837,29.64,WEATHER_STATION,VALID,0.0,0.028816305943429342
2025-11-01 19:00:00,WX-MASTER,0.0,3.578,28.17,WEATHER_STATION,VALID,0.0,0.0002436934263923181
2025-11-01 20:00:00,WX-MASTER,0.0,7.063,29.02,WEATHER_STATION,VALID,0.0,0.08464489410595336
2025-11-01 21:00:00,WX-MASTER,0.0,7.483,28.34,WEATHER_STATION,VALID,0.0,0.11370158417015087
2025-11-01 22:00:00,WX-MASTER,0.0,6.523,28.02,WEATHER_STATION,VALID,0.0,0.05518210059484225
2025-11-01 23:00:00,WX-MASTER,0.0,7.122,29.33,WEATHER_STATION,VALID,0.0,0.08838615903999998
2025-11-02 00:00:00,WX-MASTER,0.0,6.22,25.51,WEATHER_STATION,VALID,0.0,0.04213353657064471
2025-11-02 01:00:00,WX-MASTER,0.0,7.828,26.32,WEATHER_STATION,VALID,0.0,0.14202411224669415
2025-11-02 02:00:00,WX-MASTER,0.0,5.63,25.77,WEATHER_STATION,VALID,0.0,0.022957656021947874
2025-11-02 03:00:00,WX-MASTER,0.0,6.585,25.69,WEATHER_STATION,VALID,0.0,0.058147062407407406
2025-11-02 04:00:00,WX-MASTER,0.0,6.527,23.57,WEATHER_STATION,VALID,0.0,0.05537027468910837
2025-11-02 05:00:00,WX-MASTER,0.0,6.253,24.16,WEATHER_STATION,VALID,0.0,0.0434422678392867
2025-11-02 06:00:00,WX-MASTER,0.0,7.464,22.37,WEATHER_STATION,VALID,0.0,0.11226202112000004
2025-11-02 07:00:00,WX-MASTER,0.2342,8.665,22.23,WEATHER_STATION,VALID,0.2274243529458275,0.22943519650891625
2025-11-02 08:00:00,WX-MASTER,0.3977,5.417,22.07,WEATHER_STATION,VALID,0.3867466307279231,0.01781928402737997
2025-11-02 09:00:00,WX-MASTER,0.6788,5.92,22.88,WEATHER_STATION,VALID,0.652338750150559,0.03142019336076817
2025-11-02 10:00:00,WX-MASTER,0.7211,4.042,23.09,WEATHER_STATION,VALID,0.6934619850435708,0.0014277871069410144
2025-11-02 11:00:00,WX-MASTER,0.8843,6.247,21.66,WEATHER_STATION,VALID,0.8561979949280331,0.0432023294995336
2025-11-02 12:00:00,WX-MASTER,0.774,4.107,23.98,WEATHER_STATION,VALID,0.7502603637852524,0.0017119976400000012
2025-11-02 13:00:00,WX-MASTER,0.8843,8.806,25.21,WEATHER_STATION,VALID,0.8519498829302781,0.24699683797903962
2025-11-02 14:00:00,WX-MASTER,0.7041,2.551,27.22,WEATHER_STATION,VALID,0.6863982885298915,0.0
2025-11-02 15:00:00,WX-MASTER,0.6822,7.588,25.17,WEATHER_STATION,VALID,0.6431635430258067,0.1218794615010151
2025-11-02 16:00:00,WX-MASTER,0.5053,6.22,27.87,WEATHER_STATION,VALID,0.4846044309905996,0.04213353657064471
2025-11-02 17:00:00,WX-MASTER,0.2191,3.661,27.53,WEATHER_STATION,VALID,0.21160701719918432,0.00036447242595336087
2025-11-02 18:00:00,WX-MASTER,0.0,8.364,28.73,WEATHER_STATION,VALID,0.0,0.1947720371200001
2025-11-02 19:00:00,WX-MASTER,0.0,4.396,27.56,WEATHER_STATION,VALID,0.0,0.0034333379494101493
2025-11-02 20:00:00,WX-MASTER,0.0,5.455,28.95,WEATHER_STATION,VALID,0.0,0.018673029718792866
2025-11-02 21:00:00,WX-MASTER,0.0,4.429,29.23,WEATHER_STATION,VALID,0.0,0.0036826206610150905
2025-11-02 22:00:00,WX-MASTER,0.0,6.147,27.34,WEATHER_STATION,VALID,0.0,0.03933240729925926
2025-11-02 23:00:00,WX-MASTER,0.0,6.45,29.68,WEATHER_STATION,VALID,0.0,0.05182240740740742
2025-11-03 00:00:00,WX-MASTER,0.0,7.72,25.38,WEATHER_STATION,VALID,0.0,0.13270469706447185
2025-11-03 01:00:00,WX-MASTER,0.0,9.873,27.04,WEATHER_STATION,VALID,0.0,0.40973147841925917
2025-11-03 02:00:00,WX-MASTER,0.0,6.03,22.57,WEATHER_STATION,VALID,0.0,0.03510655259259259
2025-11-03 03:00:00,WX-MASTER,0.0,3.046,24.28,WEATHER_STATION,VALID,0.0,1.2283829903977903e-07
2025-11-03 04:00:00,WX-MASTER,0.0,7.332,24.31,WEATHER_STATION,VALID,0.0,0.10259486938074075
2025-11-03 05:00:00,WX-MASTER,0.0,5.585,23.87,WEATHER_STATION,VALID,0.0,0.02179926954046639
2025-11-03 06:00:00,WX-MASTER,0.0,8.435,22.33,WEATHER_STATION,VALID,0.0,0.20260909855281212
2025-11-03 07:00:00,WX-MASTER,0.2431,5.773,21.82,WEATHER_STATION,VALID,0.23883504539212067,0.02690976516274347
2025-11-03 08:00:00,WX-MASTER,0.345,4.57,22.67,WEATHER_STATION,VALID,0.3414760285633613,0.004883815582990402
2025-11-03 09:00:00,WX-MASTER,0.6072,3.989,23.25,WEATHER_STATION,VALID,0.6016233653241627,0.001220813080219478
2025-11-03 10:00:00,WX-MASTER,0.7307,5.893,24.11,WEATHER_STATION,VALID,0.7161552786625548,0.030556640165212614
2025-11-03 11:00:00,WX-MASTER,0.6954,4.544,21.46,WEATHER_STATION,VALID,0.6698141267428103,0.004645176144417006
2025-11-03 12:00:00,WX-MASTER,0.8175,6.685,23.5,WEATHER_STATION,VALID,0.7802557102714177,0.06314991576817555
2025-11-03 13:00:00,WX-MASTER,0.752,4.441,21.95,WEATHER_STATION,VALID,0.7423752791494725,0.00377617611978052
2025-11-03 14:00:00,WX-MASTER,0.612,6.559,23.85,WEATHER_STATION,VALID,0.5942327340048762,0.05689109109558301
2025-11-03 15:00:00,WX-MASTER,0.6471,2.999,25.55,WEATHER_STATION,VALID,0.6518952324672109,0.0
2025-11-03 16:00:00,WX-MASTER,0.42,2.669,28.27,WEATHER_STATION,VALID,0.4050998827511322,0.0
2025-11-03 17:00:00,WX-MASTER,0.2351,6.195,27.38,WEATHER_STATION,VALID,0.23500441723188337,0.041159765000000015
2025-11-03 18:00:00,WX-MASTER,0.0,4.743,28.17,WEATHER_STATION,VALID,0.0,0.006682707619259264
2025-11-03 19:00:00,WX-MASTER,0.0,5.257,29.23,WEATHER_STATION,VALID,0.0,0.014509584506941012
2025-11-03 20:00:00,WX-MASTER,0.0,4.545,28.18,WEATHER_STATION,VALID,0.0,0.004654207592592593
2025-11-03 21:00:00,WX-MASTER,0.0,4.7,26.47,WEATHER_STATION,VALID,0.0,0.0062002194787380005
2025-11-03 22:00:00,WX-MASTER,0.0,7.161,27.62,WEATHER_STATION,VALID,0.0,0.09091874795407404
2025-11-03 23:00:00,WX-MASTER,0.0,6.491,27.82,WEATHER_STATION,VALID,0.0,0.05369203263281205
2025-11-04 00:00:00,WX-MASTER,0.0,5.26,27.82,WEATHER_STATION,VALID,0.0,0.014567519780521253
2025-11-04 01:00:00,WX-MASTER,0.0,7.728,26.16,WEATHER_STATION,VALID,0.0,0.13338061103407406
2025-11-04 02:00:00,WX-MASTER,0.0,8.222,26.05,WEATHER_STATION,VALID,0.0,0.1797094443952812
2025-11-04 03:00:00,WX-MASTER,0.0,6.48,25.71,WEATHER_STATION,VALID,0.0,0.05318608592592595
2025-11-04 04:00:00,WX-MASTER,0.0,7.79,25.1,WEATHER_STATION,VALID,0.0,0.13869692713305903
2025-11-04 05:00:00,WX-MASTER,0.0,4.995,23.24,WEATHER_STATION,VALID,0.0,0.010020490925925928
2025-11-04 06:00:00,WX-MASTER,0.0,6.819,21.11,WEATHER_STATION,VALID,0.0,0.07029254606074076
2025-11-04 07:00:00,WX-MASTER,0.2264,6.025,20.63,WEATHER_STATION,VALID,0.21842247622129762,0.034933044410150896
2025-11-04 08:00:00,WX-MASTER,0.3954,4.525,20.62,WEATHER_STATION,VALID,0.38669567214729667,0.0044757913237311415
2025-11-04 09:00:00,WX-MASTER,0.4815,7.973,20.83,WEATHER_STATION,VALID,0.47153809848132816,0.1552085625399726
2025-11-04 10:00:00,WX-MASTER,0.611,5.383,22.59,WEATHER_STATION,VALID,0.6052333504794006,0.017077819775089164
2025-11-04 12:00:00,WX-MASTER,0.2402,4.8,24.01,WEATHER_STATION,VALID,0.23261619883181772,0.0073599999999999985
2025-11-04 13:00:00,WX-MASTER,0.7148,3.582,24.5,WEATHER_STATION,VALID,0.6705863591641417,0.0002487878992592591
2025-11-04 14:00:00,WX-MASTER,0.7205,3.214,26.66,WEATHER_STATION,VALID,0.6995024066823994,1.2368061015089156e-05
2025-11-04 15:00:00,WX-MASTER,0.5747,4.207,25.42,WEATHER_STATION,VALID,0.5591891934707821,0.0022191267538545947
2025-11-04 16:00:00,WX-MASTER,0.4989,4.43,28.5,WEATHER_STATION,VALID,0.47619310886062494,0.0036903572565157735
2025-11-04 17:00:00,WX-MASTER,0.2413,4.07,29.14,WEATHER_STATION,VALID,0.23459484242372,0.0015460076268861468
2025-11-04 18:00:00,WX-MASTER,0.0,6.97,28.61,WEATHER_STATION,VALID,0.0,0.07896448718792864
2025-11-04 19:00:00,WX-MASTER,0.0,4.602,31.4,WEATHER_STATION,VALID,0.0,0.005188571840000005
2025-11-04 20:00:00,WX-MASTER,0.0,4.647,30.34,WEATHER_STATION,VALID,0.0,0.005638208040000003
2025-11-04 21:00:00,WX-MASTER,0.0,4.568,28.94,WEATHER_STATION,VALID,0.0,0.004865175085651573
2025-11-04 22:00:00,WX-MASTER,0.0,4.666,28.36,WEATHER_STATION,VALID,0.0,0.005835596971632376
2025-11-04 23:00:00,WX-MASTER,0.0,7.849,27.46,WEATHER_STATION,VALID,0.0,0.14388544072027437
2025-11-05 00:00:00,WX-MASTER,0.0,6.972,27.11,WEATHER_STATION,VALID,0.0,0.07908388911407409
2025-11-05 01:00:00,WX-MASTER,0.0,7.596,26.31,WEATHER_STATION,VALID,0.0,0.12251812987259264
2025-11-05 02:00:00,WX-MASTER,0.0,8.017,25.14,WEATHER_STATION,VALID,0.0,0.15936487341558297
2025-11-05 03:00:00,WX-MASTER,0.0,6.186,24.36,WEATHER_STATION,VALID,0.0,0.040812914879999995
2025-11-05 04:00:00,WX-MASTER,0.0,8.398,22.34,WEATHER_STATION,VALID,0.0,0.19849928176768175
2025-11-05 05:00:00,WX-MASTER,0.0,5.481,22.36,WEATHER_STATION,VALID,0.0,0.019272612605925925
2025-11-05 06:00:00,WX-MASTER,0.0,4.642,20.57,WEATHER_STATION,VALID,0.0,0.005587013971138551
2025-11-05 07:00:00,WX-MASTER,0.2458,6.299,22.64,WEATHER_STATION,VALID,0.2409584784864416,0.04531137545552813
2025-11-05 08:00:00,WX-MASTER,0.4549,5.74,22.12,WEATHER_STATION,VALID,0.4453896118098518,0.025960436323731143
2025-11-05 09:00:00,WX-MASTER,0.6799,5.487,21.99,WEATHER_STATION,VALID,0.645426595402191,0.01941277651407407
2025-11-05 10:00:00,WX-MASTER,0.6,6.398,23.55,WEATHER_STATION,VALID,0.5741149305147077,0.04951427479923182
2025-11-05 11:00:00,WX-MASTER,0.7041,5.036,22.01,WEATHER_STATION,VALID,0.6808120256425028,0.010651079346392313
2025-11-05 12:00:00,WX-MASTER,0.9065,5.179,22.92,WEATHER_STATION,VALID,0.8694350636821984,0.013056656833854602
2025-11-05 13:00:00,WX-MASTER,0.7577,6.478,22.84,WEATHER_STATION,VALID,0.7228700044451357,0.053094438468916316
2025-11-05 14:00:00,WX-MASTER,0.5686,5.063,26.75,WEATHER_STATION,VALID,0.5355742131061149,0.011080464915281203
2025-11-05 15:00:00,WX-MASTER,0.5644,5.432,27.15,WEATHER_STATION,VALID,0.5360682836816064,0.018153108810096026
2025-11-05 16:00:00,WX-MASTER,0.3132,3.081,28.87,WEATHER_STATION,VALID,0.30259884293160444,6.706799999999991e-07
2025-11-05 17:00:00,WX-MASTER,0.2517,9.948,29.9,WEATHER_STATION,VALID,0.2438868807520753,0.42329167616
2025-11-05 18:00:00,WX-MASTER,0.0,3.274,28.04,WEATHER_STATION,VALID,0.0,2.596043632373115e-05
2025-11-05 19:00:00,WX-MASTER,0.0,4.894,28.05,WEATHER_STATION,VALID,0.0,0.008574330569657066
2025-11-05 20:00:00,WX-MASTER,0.0,5.116,26.87,WEATHER_STATION,VALID,0.0,0.011956588675336072
2025-11-05 21:00:00,WX-MASTER,0.0,8.848,27.58,WEATHER_STATION,VALID,0.0,0.25239595524916336
2025-11-05 22:00:00,WX-MASTER,0.0,5.55,28.16,WEATHER_STATION,VALID,0.0,0.020925740740740738
2025-11-05 23:00:00,WX-MASTER,0.0,7.085,25.52,WEATHER_STATION,VALID,0.0,0.08602733744170098
2025-11-06 00:00:00,WX-MASTER,0.0,5.903,26.0,WEATHER_STATION,VALID,0.0,0.030874604747379953
2025-11-06 01:00:00,WX-MASTER,0.0,5.345,26.35,WEATHER_STATION,VALID,0.0,0.016273794972565155
2025-11-06 02:00:00,WX-MASTER,0.0,7.433,26.61,WEATHER_STATION,VALID,0.0,0.10993943302886144
2025-11-06 03:00:00,WX-MASTER,0.0,5.683,23.77,WEATHER_STATION,VALID,0.0,0.024373748022002744
2025-11-06 04:00:00,WX-MASTER,0.0,6.752,23.94,WEATHER_STATION,VALID,0.0,0.06665746420762687
2025-11-06 05:00:00,WX-MASTER,0.0,7.109,25.3,WEATHER_STATION,VALID,0.0,0.08755253452219479
2025-11-06 06:00:00,WX-MASTER,0.0,8.544,20.34,WEATHER_STATION,VALID,0.0,0.21504530432000013
2025-11-06 07:00:00,WX-MASTER,0.2503,4.171,23.46,WEATHER_STATION,VALID,0.23775113063998315,0.002026427097558301
2025-11-06 08:00:00,WX-MASTER,0.4554,5.352,22.5,WEATHER_STATION,VALID,0.44183842816848384,0.01641996591407408
2025-11-06 09:00:00,WX-MASTER,0.5079,5.155,23.68,WEATHER_STATION,VALID,0.4970239481157577,0.012629964286694105
2025-11-06 10:00:00,WX-MASTER,0.7506,5.078,23.67,WEATHER_STATION,VALID,0.73830061851485,0.011323923549849114
2025-11-06 11:00:00,WX-MASTER,0.752,8.236,22.27,WEATHER_STATION,VALID,0.7208201876910659,0.18115870715434848
2025-11-06 12:00:00,WX-MASTER,0.7876,4.545,23.79,WEATHER_STATION,VALID,0.7641817099856555,0.004654207592592593
2025-11-06 13:00:00,WX-MASTER,0.8676,1.432,22.88,WEATHER_STATION,VALID,0.8439684887054713,0.0
2025-11-06 14:00:00,WX-MASTER,0.6577,4.456,24.91,WEATHER_STATION,VALID,0.6532321743108291,0.003895331509903982
2025-11-06 15:00:00,WX-MASTER,0.6791,4.634,26.48,WEATHER_STATION,VALID,0.6436374313361687,0.005505749596268864
2025-11-06 16:00:00,WX-MASTER,0.503,4.61,27.65,WEATHER_STATION,VALID,0.48103573129743893,0.005266692071330594
2025-11-06 17:00:00,WX-MASTER,0.2649,4.177,28.96,WEATHER_STATION,VALID,0.26809653171488684,0.0020577361513854577
2025-11-06 18:00:00,WX-MASTER,0.0,3.623,30.47,WEATHER_STATION,VALID,0.0,0.0003051577745404666
2025-11-06 19:00:00,WX-MASTER,0.0,8.401,28.4,WEATHER_STATION,VALID,0.0,0.1988304204457064
2025-11-06 20:00:00,WX-MASTER,0.0,6.269,30.41,WEATHER_STATION,VALID,0.0,0.04408644304565158
2025-11-06 21:00:00,WX-MASTER,0.0,5.856,29.24,WEATHER_STATION,VALID,0.0,0.029399159087407402
2025-11-06 22:00:00,WX-MASTER,0.0,9.095,27.0,WEATHER_STATION,VALID,0.0,0.285746835096022
2025-11-06 23:00:00,WX-MASTER,0.0,5.38,27.83,WEATHER_STATION,VALID,0.0,0.017013402249657063
2025-11-07 00:00:00,WX-MASTER,0.0,7.417,27.45,WEATHER_STATION,VALID,0.0,0.10875331321805212
2025-11-07 01:00:00,WX-MASTER,0.0,5.072,25.46,WEATHER_STATION,VALID,0.0,0.011226116691577503
2025-11-07 02:00:00,WX-MASTER,0.0,7.666,24.31,WEATHER_STATION,VALID,0.0,0.1282019120333608
2025-11-07 03:00:00,WX-MASTER,0.0,5.142,23.36,WEATHER_STATION,VALID,0.0,0.012402770240000008
2025-11-07 04:00:00,WX-MASTER,0.0,7.093,23.16,WEATHER_STATION,VALID,0.0,0.08653375167138547
2025-11-07 05:00:00,WX-MASTER,0.0,8.832,22.05,WEATHER_STATION,VALID,0.0,0.2503299686400002
2025-11-07 06:00:00,WX-MASTER,0.0,6.185,24.0,WEATHER_STATION,VALID,0.0,0.040774496700960214
2025-11-07 07:00:00,WX-MASTER,0.2764,2.96,19.24,WEATHER_STATION,VALID,0.26688962784307446,0.0
2025-11-07 08:00:00,WX-MASTER,0.4993,5.596,22.19,WEATHER_STATION,VALID,0.47485614198280485,0.022078743974101513
2025-11-07 09:00:00,WX-MASTER,0.6013,5.923,22.81,WEATHER_STATION,VALID,0.5851940004862689,0.03151713595286694
2025-11-07 10:00:00,WX-MASTER,0.5332,6.247,21.37,WEATHER_STATION,VALID,0.5160104337847304,0.0432023294995336
2025-11-07 11:00:00,WX-MASTER,0.6862,6.811,22.8,WEATHER_STATION,VALID,0.6712668177571406,0.06985172657410152
2025-11-07 12:00:00,WX-MASTER,0.8669,6.751,23.4,WEATHER_STATION,VALID,0.8434988949044955,0.06660418086545955
2025-11-07 13:00:00,WX-MASTER,0.649,4.537,24.56,WEATHER_STATION,VALID,0.6315421278557488,0.004582282936570645
2025-11-07 14:00:00,WX-MASTER,0.6871,3.856,26.35,WEATHER_STATION,VALID,0.6515806332505354,0.000791555904965706
2025-11-07 15:00:00,WX-MASTER,0.6227,3.332,27.15,WEATHER_STATION,VALID,0.6086200513881389,4.6182192812071274e-05
2025-11-07 16:00:00,WX-MASTER,0.5025,4.22,26.59,WEATHER_STATION,VALID,0.48493109449639893,0.0022916051577503422
2025-11-07 17:00:00,WX-MASTER,0.2296,5.73,26.23,WEATHER_STATION,VALID,0.2221382354284547,0.025677234074074094
2025-11-07 18:00:00,WX-MASTER,0.0,3.586,28.79,WEATHER_STATION,VALID,0.0,0.00025395288274348405
2025-11-07 19:00:00,WX-MASTER,0.0,4.388,28.15,WEATHER_STATION,VALID,0.0,0.003374649693058984
2025-11-07 20:00:00,WX-MASTER,0.0,6.585,28.42,WEATHER_STATION,VALID,0.0,0.058147062407407406
2025-11-07 21:00:00,WX-MASTER,0.0,5.264,29.21,WEATHER_STATION,VALID,0.0,0.014645006425898497
2025-11-07 22:00:00,WX-MASTER,0.0,6.808,28.07,WEATHER_STATION,VALID,0.0,0.06968689561459533
2025-11-07 23:00:00,WX-MASTER,0.0,5.449,28.4,WEATHER_STATION,VALID,0.0,0.01853645385607681
2025-11-08 00:00:00,WX-MASTER,0.0,7.007,30.34,WEATHER_STATION,VALID,0.0,0.08119295099528119
2025-11-08 01:00:00,WX-MASTER,0.0,5.691,27.31,WEATHER_STATION,VALID,0.0,0.024592427079999996
2025-11-08 02:00:00,WX-MASTER,0.0,4.216,27.19,WEATHER_STATION,VALID,0.0,0.0022691386012620033
2025-11-08 03:00:00,WX-MASTER,0.0,7.859,25.28,WEATHER_STATION,VALID,0.0,0.14477747439873798
2025-11-08 04:00:00,WX-MASTER,0.0,5.576,23.92,WEATHER_STATION,VALID,0.0,0.021572370724170082
2025-11-08 05:00:00,WX-MASTER,0.0,5.969,23.73,WEATHER_STATION,VALID,0.0,0.03302865524318245
2025-11-08 06:00:00,WX-MASTER,0.0,5.164,23.12,WEATHER_STATION,VALID,0.0,0.012788866925212614
2025-11-08 07:00:00,WX-MASTER,0.2544,6.517,23.23,WEATHER_STATION,VALID,0.24877098163023365,0.05490063958842252
2025-11-08 08:00:00,WX-MASTER,0.4143,5.982,22.15,WEATHER_STATION,VALID,0.39495051520292934,0.03346441338074075
2025-11-08 09:00:00,WX-MASTER,0.5595,6.002,20.63,WEATHER_STATION,VALID,0.5417961814661226,0.034142267664417005
2025-11-08 10:00:00,WX-MASTER,0.8031,4.36,20.78,WEATHER_STATION,VALID,0.7921272910860123,0.0031745123731138566
2025-11-08 11:00:00,WX-MASTER,0.8312,4.829,23.65,WEATHER_STATION,VALID,0.8088961287514683,0.0077214953715775
2025-11-08 12:00:00,WX-MASTER,0.7122,5.311,22.47,WEATHER_STATION,VALID,0.7041602555562874,0.015576150524718793
2025-11-08 13:00:00,WX-MASTER,0.7931,6.715,25.49,WEATHER_STATION,VALID,0.7827929004520183,0.064704837866941
2025-11-08 14:00:00,WX-MASTER,0.5298,5.111,27.18,WEATHER_STATION,VALID,0.5139674965436486,0.011872030371083671
2025-11-08 15:00:00,WX-MASTER,0.5631,3.481,26.22,WEATHER_STATION,VALID,0.5264697139645973,0.00014044152224965698
2025-11-08 16:00:00,WX-MASTER,0.4905,5.269,28.78,WEATHER_STATION,VALID,0.4676492803379534,0.01474225050792867
2025-11-08 17:00:00,WX-MASTER,0.2412,4.895,28.36,WEATHER_STATION,VALID,0.23672574281860706,0.008587919046639225
2025-11-08 18:00:00,WX-MASTER,0.0,2.74,28.64,WEATHER_STATION,VALID,0.0,0.0
2025-11-08 19:00:00,WX-MASTER,0.0,3.193,29.04,WEATHER_STATION,VALID,0.0,9.07260965706448e-06
2025-11-08 20:00:00,WX-MASTER,0.0,5.766,28.08,WEATHER_STATION,VALID,0.0,0.026706490820740746
2025-11-08 21:00:00,WX-MASTER,0.0,6.127,27.81,WEATHER_STATION,VALID,0.0,0.0385872601266941
2025-11-08 22:00:00,WX-MASTER,0.0,5.943,26.63,WEATHER_STATION,VALID,0.0,0.03216852035999999
2025-11-08 23:00:00,WX-MASTER,0.0,7.657,27.17,WEATHER_STATION,VALID,0.0,0.1274614964081756
2025-11-09 00:00:00,WX-MASTER,0.0,5.416,29.91,WEATHER_STATION,VALID,0.0,0.01779717573706448
2025-11-09 01:00:00,WX-MASTER,0.0,4.892,24.71,WEATHER_STATION,VALID,0.0,0.008547196632318248
2025-11-09 02:00:00,WX-MASTER,0.0,5.615,24.18,WEATHER_STATION,VALID,0.0,0.022567080528120717
2025-11-09 03:00:00,WX-MASTER,0.0,5.823,23.72,WEATHER_STATION,VALID,0.0,0.02839180041925927
2025-11-09 04:00:00,WX-MASTER,0.0,6.404,22.94,WEATHER_STATION,VALID,0.0,0.04977702689009603
2025-11-09 05:00:00,WX-MASTER,0.0,5.254,23.44,WEATHER_STATION,VALID,0.0,0.014451803043731136
2025-11-09 06:00:00,WX-MASTER,0.0,3.278,21.83,WEATHER_STATION,VALID,0.0,2.7114068367626896e-05
2025-11-09 07:00:00,WX-MASTER,0.2758,2.469,21.98,WEATHER_STATION,VALID,0.26587023686541944,0.0
2025-11-09 08:00:00,WX-MASTER,0.4312,5.708,21.08,WEATHER_STATION,VALID,0.4236952438696699,0.02506145486836764
2025-11-09 09:00:00,WX-MASTER,0.6137,3.83,21.64,WEATHER_STATION,VALID,0.5966602378514064,0.0007215967626886148
2025-11-09 10:00:00,WX-MASTER,0.6713,2.467,22.49,WEATHER_STATION,VALID,0.6591042819085868,0.0
2025-11-09 11:00:00,WX-MASTER,0.6276,5.706,22.96,WEATHER_STATION,VALID,0.6105992960731718,0.0250059682725926
2025-11-09 12:00:00,WX-MASTER,0.8799,6.777,26.22,WEATHER_STATION,VALID,0.8584709757367742,0.06799880076592595
2025-11-09 13:00:00,WX-MASTER,0.5957,4.583,24.66,WEATHER_STATION,VALID,0.5721782634566726,0.005006140609108369
2025-11-09 14:00:00,WX-MASTER,0.6682,5.061,25.34,WEATHER_STATION,VALID,0.6418317751988684,0.011048269879999998
2025-11-09 15:00:00,WX-MASTER,0.596,5.145,23.5,WEATHER_STATION,VALID,0.5890661045305633,0.012454955740740733
2025-11-09 16:00:00,WX-MASTER,0.4551,1.913,27.63,WEATHER_STATION,VALID,0.44578531204951805,0.0
2025-11-09 17:00:00,WX-MASTER,0.2252,6.264,25.7,WEATHER_STATION,VALID,0.21498842366850074,0.04388445904592594
2025-11-09 18:00:00,WX-MASTER,0.0,6.95,29.29,WEATHER_STATION,VALID,0.0,0.07777707133058985
2025-11-09 19:00:00,WX-MASTER,0.0,7.979,29.15,WEATHER_STATION,VALID,0.0,0.15577102507528126
2025-11-09 20:00:00,WX-MASTER,0.0,5.283,30.05,WEATHER_STATION,VALID,0.0,0.015016822019259267
2025-11-09 21:00:00,WX-MASTER,0.0,4.627,28.21,WEATHER_STATION,VALID,0.0,0.005435292966200273
2025-11-09 22:00:00,WX-MASTER,0.0,8.092,28.66,WEATHER_STATION,VALID,0.0,0.1666193684402744
2025-11-09 23:00:00,WX-MASTER,0.0,7.155,28.88,WEATHER_STATION,VALID,0.0,0.09052601092592592
2025-11-10 00:00:00,WX-MASTER,0.0,7.769,26.25,WEATHER_STATION,VALID,0.0,0.13688071539133057
2025-11-10 01:00:00,WX-MASTER,0.0,5.853,27.25,WEATHER_STATION,VALID,0.0,0.02930661195999999
2025-11-10 02:00:00,WX-MASTER,0.0,7.041,26.29,WEATHER_STATION,VALID,0.0,0.08327734108000004
2025-11-10 03:00:00,WX-MASTER,0.0,5.246,24.55,WEATHER_STATION,VALID,0.0,0.014298469548861464
2025-11-10 04:00:00,WX-MASTER,0.0,6.473,25.76,WEATHER_STATION,VALID,0.0,0.05286578056466393
2025-11-10 05:00:00,WX-MASTER,0.0,5.839,23.76,WEATHER_STATION,VALID,0.0,0.02887729281410152
2025-11-10 06:00:00,WX-MASTER,0.0,9.109,20.57,WEATHER_STATION,VALID,0.0,0.28772041260175585
2025-11-10 07:00:00,WX-MASTER,0.2046,6.522,23.42,WEATHER_STATION,VALID,0.19437373160914112,0.05513512378074076
2025-11-10 08:00:00,WX-MASTER,0.3178,2.75,21.33,WEATHER_STATION,VALID,0.30729104582276134,0.0
2025-11-10 09:00:00,WX-MASTER,0.6232,5.295,23.19,WEATHER_STATION,VALID,0.5927107963167053,0.015254865000000003
2025-11-10 10:00:00,WX-MASTER,0.7427,5.553,22.94,WEATHER_STATION,VALID,0.6998328029303078,0.02099968321925926
2025-11-10 11:00:00,WX-MASTER,0.8161,4.277,19.97,WEATHER_STATION,VALID,0.7783327767407914,0.0026280461705898497
2025-11-10 12:00:00,WX-MASTER,0.7535,3.334,24.59,WEATHER_STATION,VALID,0.7479469111704543,4.7021848669410195e-05
2025-11-10 13:00:00,WX-MASTER,0.8766,5.565,24.44,WEATHER_STATION,VALID,0.8467443907613019,0.02129719500000001
2025-11-10 14:00:00,WX-MASTER,0.6747,3.462,25.06,WEATHER_STATION,VALID,0.6566842688524779,0.00012444751407407424
2025-11-10 15:00:00,WX-MASTER,0.626,5.533,26.01,WEATHER_STATION,VALID,0.6023982702012503,0.020510009824471893
2025-11-10 16:00:00,WX-MASTER,0.472,3.561,28.31,WEATHER_STATION,VALID,0.44516289878228055,0.0002228172874074073
2025-11-10 17:00:00,WX-MASTER,0.2755,4.415,26.98,WEATHER_STATION,VALID,0.27110348748877205,0.003575441021947875
2025-11-10 18:00:00,WX-MASTER,0.0,6.581,29.98,WEATHER_STATION,VALID,0.0,0.05795264497355284
2025-11-10 19:00:00,WX-MASTER,0.0,6.227,27.17,WEATHER_STATION,VALID,0.0,0.042408918294046645
2025-11-10 20:00:00,WX-MASTER,0.0,5.893,29.47,WEATHER_STATION,VALID,0.0,0.030556640165212614
2025-11-10 21:00:00,WX-MASTER,0.0,6.064,29.92,WEATHER_STATION,VALID,0.0,0.036301668110397804
2025-11-10 22:00:00,WX-MASTER,0.0,6.444,29.54,WEATHER_STATION,VALID,0.0,0.05155249957925925
2025-11-10 23:00:00,WX-MASTER,0.0,5.478,28.31,WEATHER_STATION,VALID,0.0,0.019202784367407404
2025-11-11 00:00:00,WX-MASTER,0.0,4.661,27.14,WEATHER_STATION,VALID,0.0,0.005783213111824412
2025-11-11 01:00:00,WX-MASTER,0.0,7.434,25.88,WEATHER_STATION,VALID,0.0,0.11001385051259262
2025-11-11 02:00:00,WX-MASTER,0.0,8.678,24.17,WEATHER_STATION,VALID,0.0,0.23101834251281217
2025-11-11 03:00:00,WX-MASTER,0.0,7.401,23.91,WEATHER_STATION,VALID,0.0,0.10757575548
2025-11-11 04:00:00,WX-MASTER,0.0,6.811,22.73,WEATHER_STATION,VALID,0.0,0.06985172657410152
2025-11-11 05:00:00,WX-MASTER,0.0,4.72,21.81,WEATHER_STATION,VALID,0.0,0.006421635336076816
2025-11-11 06:00:00,WX-MASTER,0.0,7.203,24.77,WEATHER_STATION,VALID,0.0,0.09369975796000002
2025-11-11 07:00:00,WX-MASTER,0.2284,6.435,20.19,WEATHER_STATION,VALID,0.2248385190954179,0.051149397592592565
2025-11-11 08:00:00,WX-MASTER,0.3768,6.536,23.49,WEATHER_STATION,VALID,0.3647435386609429,0.05579522946984909
2025-11-11 09:00:00,WX-MASTER,0.6755,6.642,20.77,WEATHER_STATION,VALID,0.6632511345251293,0.06096493616592596
2025-11-11 10:00:00,WX-MASTER,0.7319,7.136,21.38,WEATHER_STATION,VALID,0.7080522812139339,0.08928980803775034
2025-11-11 11:00:00,WX-MASTER,0.7568,3.445,21.91,WEATHER_STATION,VALID,0.7390272239617907,0.00011120910150891623
2025-11-11 12:00:00,WX-MASTER,0.8627,3.093,22.55,WEATHER_STATION,VALID,0.8173701908604771,1.0151007407407396e-06
2025-11-11 13:00:00,WX-MASTER,0.8149,4.899,25.84,WEATHER_STATION,VALID,0.7582040079344555,0.00864241652
2025-11-11 14:00:00,WX-MASTER,0.7301,3.513,26.34,WEATHER_STATION,VALID,0.7123317043668264,0.00017037755999999992
2025-11-11 15:00:00,WX-MASTER,0.6424,3.361,26.26,WEATHER_STATION,VALID,0.627282880602514,5.9372030891632466e-05
2025-11-11 16:00:00,WX-MASTER,0.4496,6.507,30.63,WEATHER_STATION,VALID,0.4393187877347763,0.0544336675659259
2025-11-11 17:00:00,WX-MASTER,0.2613,3.797,28.09,WEATHER_STATION,VALID,0.251403527008419,0.0006389034940466394
2025-11-11 18:00:00,WX-MASTER,0.0,5.324,28.74,WEATHER_STATION,VALID,0.0,0.01584049213454046
2025-11-11 19:00:00,WX-MASTER,0.0,3.471,28.19,WEATHER_STATION,VALID,0.0,0.00013186302074074082
2025-11-11 20:00:00,WX-MASTER,0.0,5.934,28.17,WEATHER_STATION,VALID,0.0,0.03187429792
2025-11-11 21:00:00,WX-MASTER,0.0,7.641,28.38,WEATHER_STATION,VALID,0.0,0.12615225100592597
2025-11-11 22:00:00,WX-MASTER,0.0,7.903,29.69,WEATHER_STATION,VALID,0.0,0.14874623393805206
2025-11-11 23:00:00,WX-MASTER,0.0,7.865,28.8,WEATHER_STATION,VALID,0.0,0.14531446015775037
2025-11-12 00:00:00,WX-MASTER,0.0,6.531,28.95,WEATHER_STATION,VALID,0.0,0.0555588760874074
2025-11-12 01:00:00,WX-MASTER,0.0,8.14,25.7,WEATHER_STATION,VALID,0.0,0.17137586348422498
2025-11-12 02:00:00,WX-MASTER,0.0,7.248,26.36,WEATHER_STATION,VALID,0.0,0.09674172416000001
2025-11-12 03:00:00,WX-MASTER,0.0,6.046,25.12,WEATHER_STATION,VALID,0.0,0.03566563790002745
2025-11-12 04:00:00,WX-MASTER,0.0,6.977,24.43,WEATHER_STATION,VALID,0.0,0.0793829203928121
2025-11-12 05:00:00,WX-MASTER,0.0,7.444,22.14,WEATHER_STATION,VALID,0.0,0.11075987318694101
2025-11-12 06:00:00,WX-MASTER,0.0,4.337,21.38,WEATHER_STATION,VALID,0.0,0.0030161610051577486
2025-11-12 07:00:00,WX-MASTER,0.2505,4.431,22.92,WEATHER_STATION,VALID,0.23809152732033662,0.00369810468
2025-11-12 08:00:00,WX-MASTER,0.4999,5.362,23.2,WEATHER_STATION,VALID,0.48343401704291517,0.016630295985953367
2025-11-12 10:00:00,WX-MASTER,0.5104,3.468,23.36,WEATHER_STATION,VALID,0.4876250658778547,0.00012935936
2025-11-12 11:00:00,WX-MASTER,0.8282,4.348,24.62,WEATHER_STATION,VALID,0.7984361269340983,0.0030912204343484214
2025-11-12 12:00:00,WX-MASTER,0.7491,6.059,23.47,WEATHER_STATION,VALID,0.7221033019286478,0.03612424091725652
2025-11-12 13:00:00,WX-MASTER,0.8126,5.972,23.02,WEATHER_STATION,VALID,0.7810667596972837,0.03312887698787381
2025-11-12 14:00:00,WX-MASTER,0.7073,5.13,24.08,WEATHER_STATION,VALID,0.6712989692594319,0.012195485925925925
2025-11-12 15:00:00,WX-MASTER,0.5853,5.02,25.75,WEATHER_STATION,VALID,0.581722368092826,0.010401941508916317
2025-11-12 16:00:00,WX-MASTER,0.4379,7.635,26.87,WEATHER_STATION,VALID,0.4267259833798936,0.125663605
2025-11-12 17:00:00,WX-MASTER,0.2429,4.409,28.09,WEATHER_STATION,VALID,0.23479149264156968,0.00353015096663923
2025-11-12 18:00:00,WX-MASTER,0.0,5.652,28.67,WEATHER_STATION,VALID,0.0,0.023538612432592598
2025-11-12 19:00:00,WX-MASTER,0.0,4.827,28.71,WEATHER_STATION,VALID,0.0,0.0076961928399999985
2025-11-12 20:00:00,WX-MASTER,0.0,4.18,29.97,WEATHER_STATION,VALID,0.0,0.002073510891632371
2025-11-12 21:00:00,WX-MASTER,0.0,7.644,28.12,WEATHER_STATION,VALID,0.0,0.12639704832
2025-11-12 22:00:00,WX-MASTER,0.0,5.93,30.2,WEATHER_STATION,VALID,0.0,0.031744110342935526
2025-11-12 23:00:00,WX-MASTER,0.0,7.411,29.26,WEATHER_STATION,VALID,0.0,0.10831072736422492
2025-11-13 00:00:00,WX-MASTER,0.0,6.314,28.47,WEATHER_STATION,VALID,0.0,0.04593225966046639
2025-11-13 01:00:00,WX-MASTER,0.0,8.317,25.79,WEATHER_STATION,VALID,0.0,0.18969692018101514
2025-11-13 02:00:00,WX-MASTER,0.0,5.394,25.54,WEATHER_STATION,VALID,0.0,0.017315408320000003
2025-11-13 03:00:00,WX-MASTER,0.0,8.13,25.64,WEATHER_STATION,VALID,0.0,0.17037756000000007
2025-11-13 04:00:00,WX-MASTER,0.0,7.644,23.69,WEATHER_STATION,VALID,0.0,0.12639704832
2025-11-13 05:00:00,WX-MASTER,0.0,3.96,22.36,WEATHER_STATION,VALID,0.0,0.0011165392592592592
2025-11-13 06:00:00,WX-MASTER,0.0,5.392,21.76,WEATHER_STATION,VALID,0.0,0.01727204755138547
2025-11-13 07:00:00,WX-MASTER,0.2733,7.138,21.47,WEATHER_STATION,VALID,0.2626021175846452,0.08941940135286695
2025-11-13 08:00:00,WX-MASTER,0.4479,7.678,20.78,WEATHER_STATION,VALID,0.42903564530428473,0.12919358553064472
2025-11-13 09:00:00,WX-MASTER,0.5702,6.229,25.74,WEATHER_STATION,VALID,0.5500675036655002,0.04248781858694103
2025-11-13 10:00:00,WX-MASTER,0.7043,4.561,20.3,WEATHER_STATION,VALID,0.6779709750546263,0.004800306944471878
2025-11-13 11:00:00,WX-MASTER,0.6658,3.637,22.02,WEATHER_STATION,VALID,0.6312636500809126,0.0003261959736076817
2025-11-13 12:00:00,WX-MASTER,0.795,5.507,24.64,WEATHER_STATION,VALID,0.7633809211409576,0.01988489494589848
2025-11-13 13:00:00,WX-MASTER,0.6839,4.154,23.95,WEATHER_STATION,VALID,0.6661140484878736,0.0019394461493552808
2025-11-13 14:00:00,WX-MASTER,0.6776,4.215,25.25,WEATHER_STATION,VALID,0.6701390505892864,0.002263544999999999
2025-11-13 15:00:00,WX-MASTER,0.6565,4.495,27.06,WEATHER_STATION,VALID,0.6422643686731223,0.004216808484224967
2025-11-13 16:00:00,WX-MASTER,0.4544,6.068,28.67,WEATHER_STATION,VALID,0.42304957285910844,0.03644402743133058
2025-11-13 17:00:00,WX-MASTER,0.2045,7.459,27.82,WEATHER_STATION,VALID,0.20033219914501807,0.11188521894743482
2025-11-13 18:00:00,WX-MASTER,0.0,6.675,29.81,WEATHER_STATION,VALID,0.0,0.06263719907407407
2025-11-13 19:00:00,WX-MASTER,0.0,5.606,27.02,WEATHER_STATION,VALID,0.0,0.022334875356268862
2025-11-13 20:00:00,WX-MASTER,0.0,4.685,28.45,WEATHER_STATION,VALID,0.0,0.006037539910836759
2025-11-13 21:00:00,WX-MASTER,0.0,6.973,29.65,WEATHER_STATION,VALID,0.0,0.07914363518743484
2025-11-13 22:00:00,WX-MASTER,0.0,8.493,31.08,WEATHER_STATION,VALID,0.0,0.2091650391007408
2025-11-13 23:00:00,WX-MASTER,0.0,7.813,26.99,WEATHER_STATION,VALID,0.0,0.14070446657508917
2025-11-14 00:00:00,WX-MASTER,0.0,6.906,26.08,WEATHER_STATION,VALID,0.0,0.07520678367999997
2025-11-14 01:00:00,WX-MASTER,0.0,6.062,27.01,WEATHER_STATION,VALID,0.0,0.036230627684170104
2025-11-14 02:00:00,WX-MASTER,0.0,7.141,25.76,WEATHER_STATION,VALID,0.0,0.08961402634200276
2025-11-14 03:00:00,WX-MASTER,0.0,8.12,23.93,WEATHER_STATION,VALID,0.0,0.1693831409602194
2025-11-14 04:00:00,WX-MASTER,0.0,6.785,22.49,WEATHER_STATION,VALID,0.0,0.06843179793552813
2025-11-14 05:00:00,WX-MASTER,0.0,6.16,22.61,WEATHER_STATION,VALID,0.0,0.03982186052126201
2025-11-14 06:00:00,WX-MASTER,0.0,5.172,23.29,WEATHER_STATION,VALID,0.0,0.012931227780740734
2025-11-14 07:00:00,WX-MASTER,0.1096,9.179,21.92,WEATHER_STATION,VALID,0.1055592102724411,0.2977247125814541
2025-11-14 08:00:00,WX-MASTER,0.4989,4.393,23.6,WEATHER_STATION,VALID,0.48928914510792304,0.00341125078249657
2025-11-14 10:00:00,WX-MASTER,0.6876,5.291,23.39,WEATHER_STATION,VALID,0.6569412963579584,0.015175239941454052
2025-11-14 11:00:00,WX-MASTER,0.8731,4.634,23.56,WEATHER_STATION,VALID,0.8313866777918788,0.005505749596268864
2025-11-14 12:00:00,WX-MASTER,0.8594,6.102,23.46,WEATHER_STATION,VALID,0.859095627206491,0.03766913776592593
2025-11-14 13:00:00,WX-MASTER,0.7511,6.084,25.79,WEATHER_STATION,VALID,0.7177851502774684,0.03701718651259257
2025-11-14 14:00:00,WX-MASTER,0.6944,3.137,24.24,WEATHER_STATION,VALID,0.685505846752363,3.2450545404663936e-06
2025-11-14 15:00:00,WX-MASTER,0.6177,3.806,25.94,WEATHER_STATION,VALID,0.6002662234882701,0.0006607929858984911
2025-11-14 16:00:00,WX-MASTER,0.4024,3.786,26.95,WEATHER_STATION,VALID,0.387792155327738,0.0006128129540740741
2025-11-14 17:00:00,WX-MASTER,0.2432,6.132,28.63,WEATHER_STATION,VALID,0.2357404642299634,0.03877265663999999
2025-11-14 18:00:00,WX-MASTER,0.0,5.898,29.49,WEATHER_STATION,VALID,0.0,0.03071534815999999
2025-11-14 19:00:00,WX-MASTER,0.0,5.112,28.1,WEATHER_STATION,VALID,0.0,0.011888910032592596
2025-11-14 20:00:00,WX-MASTER,0.0,6.137,28.05,WEATHER_STATION,VALID,0.0,0.03895864604219477
2025-11-14 21:00:00,WX-MASTER,0.0,4.642,29.17,WEATHER_STATION,VALID,0.0,0.005587013971138551
2025-11-14 22:00:00,WX-MASTER,0.0,5.364,26.88,WEATHER_STATION,VALID,0.0,0.016672576379259257
2025-11-14 23:00:00,WX-MASTER,0.0,4.82,29.38,WEATHER_STATION,VALID,0.0,0.007608069355281209
2025-11-15 00:00:00,WX-MASTER,0.0,6.826,27.2,WEATHER_STATION,VALID,0.0,0.07067978114941013
2025-11-15 01:00:00,WX-MASTER,0.0,6.884,25.22,WEATHER_STATION,VALID,0.0,0.07394315255923184
2025-11-15 02:00:00,WX-MASTER,0.0,5.414,24.29,WEATHER_STATION,VALID,0.0,0.017753014030836758
2025-11-15 03:00:00,WX-MASTER,0.0,7.168,25.19,WEATHER_STATION,VALID,0.0,0.09137837484422498
2025-11-15 04:00:00,WX-MASTER,0.0,7.859,24.31,WEATHER_STATION,VALID,0.0,0.14477747439873798
2025-11-15 05:00:00,WX-MASTER,0.0,4.957,22.32,WEATHER_STATION,VALID,0.0,0.009458728852620026
2025-11-15 06:00:00,WX-MASTER,0.0,5.643,22.55,WEATHER_STATION,VALID,0.0,0.02329977828592592
2025-11-15 07:00:00,WX-MASTER,0.2491,6.482,20.98,WEATHER_STATION,VALID,0.24853134098683144,0.05327783878540467
2025-11-15 08:00:00,WX-MASTER,0.4247,5.545,21.91,WEATHER_STATION,VALID,0.41184887034506296,0.0208028893484225
2025-11-15 09:00:00,WX-MASTER,0.6511,3.519,24.11,WEATHER_STATION,VALID,0.6307721514004244,0.00017642591259259271
2025-11-15 10:00:00,WX-MASTER,0.6052,4.506,25.24,WEATHER_STATION,VALID,0.5833664552510297,0.00431057508740741
2025-11-15 11:00:00,WX-MASTER,0.7042,4.283,22.99,WEATHER_STATION,VALID,0.6955379781058906,0.002665264214046642
2025-11-15 12:00:00,WX-MASTER,0.8336,4.552,24.49,WEATHER_STATION,VALID,0.8020289191341919,0.004717755719286691
2025-11-15 13:00:00,WX-MASTER,0.8723,4.545,25.28,WEATHER_STATION,VALID,0.8259157110373795,0.004654207592592593
2025-11-15 14:00:00,WX-MASTER,0.5391,6.753,23.65,WEATHER_STATION,VALID,0.5174388730870781,0.06671077596000002
2025-11-15 15:00:00,WX-MASTER,0.6729,4.519,25.25,WEATHER_STATION,VALID,0.6661047994296905,0.004423169890644721
2025-11-15 16:00:00,WX-MASTER,0.4348,2.692,24.69,WEATHER_STATION,VALID,0.4271831659570233,0.0
2025-11-15 17:00:00,WX-MASTER,0.1936,5.233,28.73,WEATHER_STATION,VALID,0.18705143454467574,0.014051622318299033
2025-11-15 18:00:00,WX-MASTER,0.0,7.615,31.08,WEATHER_STATION,VALID,0.0,0.12404390082990398
2025-11-15 19:00:00,WX-MASTER,0.0,5.379,30.38,WEATHER_STATION,VALID,0.0,0.01699196579407407
2025-11-15 20:00:00,WX-MASTER,0.0,5.288,29.27,WEATHER_STATION,VALID,0.0,0.015115703322688618
2025-11-15 21:00:00,WX-MASTER,0.0,5.711,28.98,WEATHER_STATION,VALID,0.0,0.025144838568614554
2025-11-15 22:00:00,WX-MASTER,0.0,7.091,28.33,WEATHER_STATION,VALID,0.0,0.08640696231182445
2025-11-16 00:00:00,WX-MASTER,0.0,4.669,27.75,WEATHER_STATION,VALID,0.0,0.005867178606694098
2025-11-16 01:00:00,WX-MASTER,0.0,5.828,26.72,WEATHER_STATION,VALID,0.0,0.0285429275004664
2025-11-16 02:00:00,WX-MASTER,0.0,6.612,24.42,WEATHER_STATION,VALID,0.0,0.059470764847407404
2025-11-16 03:00:00,WX-MASTER,0.0,7.319,25.56,WEATHER_STATION,VALID,0.0,0.10167400035429354
2025-11-16 04:00:00,WX-MASTER,0.0,5.73,23.81,WEATHER_STATION,VALID,0.0,0.025677234074074094
2025-11-16 05:00:00,WX-MASTER,0.0,5.914,23.74,WEATHER_STATION,VALID,0.0,0.03122690494990396
2025-11-16 06:00:00,WX-MASTER,0.0,6.128,23.91,WEATHER_STATION,VALID,0.0,0.03862429204367627
2025-11-16 07:00:00,WX-MASTER,0.2199,4.806,20.4,WEATHER_STATION,VALID,0.20721892666591432,0.0074338456059259254
2025-11-16 08:00:00,WX-MASTER,0.4154,5.436,21.89,WEATHER_STATION,VALID,0.40056083599122616,0.018242827472592593
2025-11-16 09:00:00,WX-MASTER,0.6643,5.912,21.83,WEATHER_STATION,VALID,0.6395705558163355,0.031162652079231825
2025-11-16 10:00:00,WX-MASTER,0.6956,3.539,22.08,WEATHER_STATION,VALID,0.684749380437558,0.0001976180431824419
2025-11-16 11:00:00,WX-MASTER,0.7142,5.299,21.93,WEATHER_STATION,VALID,0.6923074856023939,0.015334768102990403
2025-11-16 12:00:00,WX-MASTER,0.873,3.358,23.12,WEATHER_STATION,VALID,0.8703298593848178,5.790410842249661e-05
2025-11-16 13:00:00,WX-MASTER,0.8715,3.322,23.52,WEATHER_STATION,VALID,0.8540117844349713,4.213353657064474e-05
2025-11-16 14:00:00,WX-MASTER,0.7216,3.858,26.73,WEATHER_STATION,VALID,0.6955117463108926,0.0007971171674074077
2025-11-16 15:00:00,WX-MASTER,0.6723,6.567,27.1,WEATHER_STATION,VALID,0.6545478381254488,0.0572755973140741
2025-11-16 16:00:00,WX-MASTER,0.4902,2.698,27.86,WEATHER_STATION,VALID,0.4728905320447064,0.0
2025-11-16 17:00:00,WX-MASTER,0.2268,4.513,25.9,WEATHER_STATION,VALID,0.22291966549984843,0.004370962525706447
2025-11-16 18:00:00,WX-MASTER,0.0,5.311,31.11,WEATHER_STATION,VALID,0.0,0.015576150524718793
2025-11-16 19:00:00,WX-MASTER,0.0,7.116,28.63,WEATHER_STATION,VALID,0.0,0.08800075482074074
2025-11-16 20:00:00,WX-MASTER,0.0,8.392,31.33,WEATHER_STATION,VALID,0.0,0.19783810779829897
2025-11-16 21:00:00,WX-MASTER,0.0,5.562,30.02,WEATHER_STATION,VALID,0.0,0.02122255536592593
2025-11-16 22:00:00,WX-MASTER,0.0,7.035,28.49,WEATHER_STATION,VALID,0.0,0.08290694574074076
2025-11-16 23:00:00,WX-MASTER,0.0,6.391,30.67,WEATHER_STATION,VALID,0.0,0.049208901280274345
2025-11-17 00:00:00,WX-MASTER,0.0,6.511,28.19,WEATHER_STATION,VALID,0.0,0.0546201372901509
2025-11-17 01:00:00,WX-MASTER,0.0,7.059,26.4,WEATHER_STATION,VALID,0.0,0.08439514292000001
2025-11-17 02:00:00,WX-MASTER,0.0,4.637,25.29,WEATHER_STATION,VALID,0.0,0.005536130733552808
2025-11-17 03:00:00,WX-MASTER,0.0,6.563,26.1,WEATHER_STATION,VALID,0.0,0.057083128372071315
2025-11-17 04:00:00,WX-MASTER,0.0,7.076,23.37,WEATHER_STATION,VALID,0.0,0.08545998751429354
2025-11-17 05:00:00,WX-MASTER,0.0,5.184,22.83,WEATHER_STATION,VALID,0.0,0.01314674384592593
2025-11-17 06:00:00,WX-MASTER,0.0,6.667,22.02,WEATHER_STATION,VALID,0.0,0.06222902963780522
2025-11-17 07:00:00,WX-MASTER,0.2555,3.572,21.48,WEATHER_STATION,VALID,0.24572909039199758,0.00023618286441700966
2025-11-17 08:00:00,WX-MASTER,0.4528,5.68,21.43,WEATHER_STATION,VALID,0.4316901886085376,0.024292078792866937
2025-11-17 09:00:00,WX-MASTER,0.5446,7.052,24.51,WEATHER_STATION,VALID,0.5248874972991981,0.08395926134342933
2025-11-17 10:00:00,WX-MASTER,0.7238,4.8,23.94,WEATHER_STATION,VALID,0.702450906884999,0.0073599999999999985
2025-11-17 11:00:00,WX-MASTER,0.7322,3.632,23.57,WEATHER_STATION,VALID,0.7127685776069937,0.0003185748841700963
2025-11-17 12:00:00,WX-MASTER,0.6961,2.925,23.36,WEATHER_STATION,VALID,0.6669769367925472,0.0
2025-11-17 13:00:00,WX-MASTER,0.8327,5.224,24.2,WEATHER_STATION,VALID,0.8189785200105388,0.01388240300422497
2025-11-17 14:00:00,WX-MASTER,0.7671,5.928,25.32,WEATHER_STATION,VALID,0.7369368980461574,0.03167914970074073
2025-11-17 15:00:00,WX-MASTER,0.6556,4.722,28.82,WEATHER_STATION,VALID,0.6273791994588969,0.006444062447407413
2025-11-17 16:00:00,WX-MASTER,0.4119,4.327,27.86,WEATHER_STATION,VALID,0.39619183405875014,0.002948988422990397
2025-11-17 17:00:00,WX-MASTER,0.2731,2.609,29.14,WEATHER_STATION,VALID,0.26931008277976576,0.0
2025-11-17 18:00:00,WX-MASTER,0.0,5.509,29.03,WEATHER_STATION,VALID,0.0,0.019932523416570647
2025-11-17 19:00:00,WX-MASTER,0.0,4.705,28.08,WEATHER_STATION,VALID,0.0,0.006255088360768176
2025-11-17 20:00:00,WX-MASTER,0.0,5.041,29.39,WEATHER_STATION,VALID,0.0,0.010729742835829913
2025-11-17 21:00:00,WX-MASTER,0.0,8.214,27.85,WEATHER_STATION,VALID,0.0,0.1788847751940741
2025-11-17 22:00:00,WX-MASTER,0.0,3.994,30.23,WEATHER_STATION,VALID,0.0,0.0012394227178052137
2025-11-17 23:00:00,WX-MASTER,0.0,4.349,27.34,WEATHER_STATION,VALID,0.0,0.0030981051098491097
2025-11-18 00:00:00,WX-MASTER,0.0,6.946,26.85,WEATHER_STATION,VALID,0.0,0.07754102575187928
2025-11-18 01:00:00,WX-MASTER,0.0,6.206,27.67,WEATHER_STATION,VALID,0.0,0.041586354664910855
2025-11-18 02:00:00,WX-MASTER,0.0,6.027,24.95,WEATHER_STATION,VALID,0.0,0.03500237891407409
2025-11-18 03:00:00,WX-MASTER,0.0,6.983,24.62,WEATHER_STATION,VALID,0.0,0.07974275176960219
2025-11-18 04:00:00,WX-MASTER,0.0,6.826,20.87,WEATHER_STATION,VALID,0.0,0.07067978114941013
2025-11-18 05:00:00,WX-MASTER,0.0,5.039,22.92,WEATHER_STATION,VALID,0.0,0.010698231129602187
2025-11-18 06:00:00,WX-MASTER,0.0,5.306,23.47,WEATHER_STATION,VALID,0.0,0.015475269035281212
2025-11-18 07:00:00,WX-MASTER,0.269,5.886,21.65,WEATHER_STATION,VALID,0.25790417354838036,0.030335368805925925
2025-11-18 08:00:00,WX-MASTER,0.4971,5.778,22.96,WEATHER_STATION,VALID,0.48004626264968975,0.02705559088592592
2025-11-18 09:00:00,WX-MASTER,0.5496,5.938,22.39,WEATHER_STATION,VALID,0.537499726265568,0.03200484095780521
2025-11-18 10:00:00,WX-MASTER,0.6497,4.329,24.06,WEATHER_STATION,VALID,0.629044491586807,0.0029623423125925913
2025-11-18 11:00:00,WX-MASTER,0.6747,5.358,22.43,WEATHER_STATION,VALID,0.6355906110521166,0.016545949759999994
2025-11-18 12:00:00,WX-MASTER,0.8948,6.017,23.75,WEATHER_STATION,VALID,0.8579415697779325,0.034656622002688625
2025-11-18 13:00:00,WX-MASTER,0.8634,4.78,23.12,WEATHER_STATION,VALID,0.817820258985018,0.007117382496570648
2025-11-18 14:00:00,WX-MASTER,0.6965,4.591,25.68,WEATHER_STATION,VALID,0.6781548192109444,0.005082423354348426
2025-11-18 15:00:00,WX-MASTER,0.5052,4.492,26.19,WEATHER_STATION,VALID,0.4938581389848026,0.00419147392175583
2025-11-18 16:00:00,WX-MASTER,0.3784,4.131,28.69,WEATHER_STATION,VALID,0.3685041677072442,0.0018257786059259278
2025-11-18 17:00:00,WX-MASTER,0.2466,3.902,27.51,WEATHER_STATION,VALID,0.2362893911491856,0.0009261469730589854
2025-11-18 18:00:00,WX-MASTER,0.0,4.963,28.31,WEATHER_STATION,VALID,0.0,0.009545994896076819
2025-11-18 19:00:00,WX-MASTER,0.0,6.19,28.36,WEATHER_STATION,VALID,0.0,0.04096682891632375
2025-11-18 20:00:00,WX-MASTER,0.0,4.709,29.32,WEATHER_STATION,VALID,0.0,0.006299215806145402
2025-11-18 21:00:00,WX-MASTER,0.0,6.018,31.55,WEATHER_STATION,VALID,0.0,0.0346910947674074
2025-11-18 22:00:00,WX-MASTER,0.0,6.09,24.62,WEATHER_STATION,VALID,0.0,0.03723366074074074
2025-11-18 23:00:00,WX-MASTER,0.0,8.831,28.2,WEATHER_STATION,VALID,0.0,0.25020122015873797
2025-11-19 00:00:00,WX-MASTER,0.0,7.588,28.97,WEATHER_STATION,VALID,0.0,0.1218794615010151
2025-11-19 01:00:00,WX-MASTER,0.0,7.629,26.1,WEATHER_STATION,VALID,0.0,0.12517622246074073
2025-11-19 02:00:00,WX-MASTER,0.0,7.901,26.44,WEATHER_STATION,VALID,0.0,0.1485642813784911
2025-11-19 03:00:00,WX-MASTER,0.0,5.922,26.32,WEATHER_STATION,VALID,0.0,0.03148479963259259
2025-11-19 04:00:00,WX-MASTER,0.0,8.286,23.73,WEATHER_STATION,VALID,0.0,0.18639822628740735
2025-11-19 05:00:00,WX-MASTER,0.0,6.515,22.55,WEATHER_STATION,VALID,0.0,0.05480703237997256
2025-11-19 06:00:00,WX-MASTER,0.0,6.021,23.9,WEATHER_STATION,VALID,0.0,0.034794650205925926
2025-11-19 07:00:00,WX-MASTER,0.2165,4.246,23.02,WEATHER_STATION,VALID,0.20902453683618105,0.002441262196323733
2025-11-19 08:00:00,WX-MASTER,0.4909,5.042,22.23,WEATHER_STATION,VALID,0.47684374097042154,0.010745521866886142
2025-11-19 09:00:00,WX-MASTER,0.566,3.018,23.16,WEATHER_STATION,VALID,0.545538678748581,7.359999999999746e-09
2025-11-19 10:00:00,WX-MASTER,0.7019,4.768,23.93,WEATHER_STATION,VALID,0.6993330260748343,0.0069744036837311365
2025-11-19 11:00:00,WX-MASTER,0.8164,4.161,23.27,WEATHER_STATION,VALID,0.7776724403191067,0.0019749538799999976
2025-11-19 12:00:00,WX-MASTER,0.7409,4.267,24.43,WEATHER_STATION,VALID,0.7124096399214456,0.0025667888476817577
2025-11-19 13:00:00,WX-MASTER,0.8169,2.921,25.53,WEATHER_STATION,VALID,0.7813051434735383,0.0
2025-11-19 14:00:00,WX-MASTER,0.549,5.643,25.25,WEATHER_STATION,VALID,0.5278872965779723,0.02329977828592592
2025-11-19 15:00:00,WX-MASTER,0.622,5.571,28.14,WEATHER_STATION,VALID,0.6129630838772367,0.021446998872592583
2025-11-19 16:00:00,WX-MASTER,0.3232,7.133,26.32,WEATHER_STATION,VALID,0.3206694981388971,0.08909565293009601
2025-11-19 17:00:00,WX-MASTER,0.2361,7.285,28.13,WEATHER_STATION,VALID,0.22653514296843058,0.09929166144718796
2025-11-19 18:00:00,WX-MASTER,0.0,5.557,29.76,WEATHER_STATION,VALID,0.0,0.021098543864965718
2025-11-19 19:00:00,WX-MASTER,0.0,6.938,27.92,WEATHER_STATION,VALID,0.0,0.07707036831034292
2025-11-19 20:00:00,WX-MASTER,0.0,6.208,30.35,WEATHER_STATION,VALID,0.0,0.04166423171336077
2025-11-19 21:00:00,WX-MASTER,0.0,5.564,29.42,WEATHER_STATION,VALID,0.0,0.021272295709849117
2025-11-19 22:00:00,WX-MASTER,0.0,5.981,30.43,WEATHER_STATION,VALID,0.0,0.03343075825750342
2025-11-19 23:00:00,WX-MASTER,0.0,7.354,29.02,WEATHER_STATION,VALID,0.0,0.10416590062397807
2025-11-20 00:00:00,WX-MASTER,0.0,11.967,27.39,WEATHER_STATION,VALID,0.0,0.9099170613140743
2025-11-20 01:00:00,WX-MASTER,0.0,8.231,27.02,WEATHER_STATION,VALID,0.0,0.18064022233157748
2025-11-20 02:00:00,WX-MASTER,0.0,7.029,26.15,WEATHER_STATION,VALID,0.0,0.08253765031259258
2025-11-20 03:00:00,WX-MASTER,0.0,7.264,27.35,WEATHER_STATION,VALID,0.0,0.09783897339434844
2025-11-20 04:00:00,WX-MASTER,0.0,7.117,24.18,WEATHER_STATION,VALID,0.0,0.08806491089706447
2025-11-20 05:00:00,WX-MASTER,0.0,6.194,23.19,WEATHER_STATION,VALID,0.0,0.04112112942836762
2025-11-20 06:00:00,WX-MASTER,0.0,7.066,22.57,WEATHER_STATION,VALID,0.0,0.08483253050249658
2025-11-20 07:00:00,WX-MASTER,0.1914,5.627,22.68,WEATHER_STATION,VALID,0.18993475095865986,0.022879183281700955
2025-11-20 08:00:00,WX-MASTER,0.4459,4.253,20.97,WEATHER_STATION,VALID,0.43686414503352006,0.002482638648614542
2025-11-20 09:00:00,WX-MASTER,0.5326,5.944,21.99,WEATHER_STATION,VALID,0.5079596902689263,0.03220132306348423
2025-11-20 10:00:00,WX-MASTER,0.6596,5.894,21.59,WEATHER_STATION,VALID,0.6369163102235766,0.0305883379221948
2025-11-20 11:00:00,WX-MASTER,0.8089,4.724,22.3,WEATHER_STATION,VALID,0.7830714884566178,0.006466541714787384
2025-11-20 12:00:00,WX-MASTER,0.8933,5.191,25.05,WEATHER_STATION,VALID,0.853737821243331,0.013273560440768176
2025-11-20 13:00:00,WX-MASTER,0.7661,5.975,24.96,WEATHER_STATION,VALID,0.7319717616158681,0.033229301268861436
2025-11-20 14:00:00,WX-MASTER,0.7452,4.664,24.94,WEATHER_STATION,VALID,0.7396866593227013,0.00581460563577503
2025-11-20 15:00:00,WX-MASTER,0.5012,4.224,26.56,WEATHER_STATION,VALID,0.47881620286114834,0.0023142195200000007
2025-11-20 16:00:00,WX-MASTER,0.4512,4.018,27.29,WEATHER_STATION,VALID,0.4449628553651339,0.0013313849182990391
2025-11-20 17:00:00,WX-MASTER,0.2402,4.799,28.37,WEATHER_STATION,VALID,0.23142134642445084,0.00734774014688615
2025-11-20 18:00:00,WX-MASTER,0.0,7.353,27.06,WEATHER_STATION,VALID,0.0,0.10409414455259258
2025-11-20 19:00:00,WX-MASTER,0.0,5.354,27.9,WEATHER_STATION,VALID,0.0,0.016461889211083675
2025-11-20 20:00:00,WX-MASTER,0.0,6.34,27.6,WEATHER_STATION,VALID,0.0,0.04702184866941015
2025-11-20 21:00:00,WX-MASTER,0.0,5.701,28.13,WEATHER_STATION,VALID,0.0,0.024867610223484212
2025-11-20 22:00:00,WX-MASTER,0.0,5.813,28.0,WEATHER_STATION,VALID,0.0,0.028091148495528115
2025-11-20 23:00:00,WX-MASTER,0.0,5.384,27.07,WEATHER_STATION,VALID,0.0,0.01709932836170097
2025-11-21 00:00:00,WX-MASTER,0.0,6.787,28.52,WEATHER_STATION,VALID,0.0,0.06854033367731137
2025-11-21 01:00:00,WX-MASTER,0.0,6.046,28.97,WEATHER_STATION,VALID,0.0,0.03566563790002745
2025-11-21 02:00:00,WX-MASTER,0.0,8.368,26.85,WEATHER_STATION,VALID,0.0,0.19520809375780523
2025-11-21 03:00:00,WX-MASTER,0.0,6.5,24.27,WEATHER_STATION,VALID,0.0,0.05410836762688615
2025-11-21 04:00:00,WX-MASTER,0.0,6.446,24.36,WEATHER_STATION,VALID,0.0,0.05164236446244168
2025-11-21 05:00:00,WX-MASTER,0.0,6.081,23.3,WEATHER_STATION,VALID,0.0,0.03690926475407409
2025-11-21 06:00:00,WX-MASTER,0.0,6.569,22.09,WEATHER_STATION,VALID,0.0,0.057371993811083676
2025-11-21 07:00:00,WX-MASTER,0.2355,7.771,24.07,WEATHER_STATION,VALID,0.22909280753378009,0.1370530007271879
2025-11-21 08:00:00,WX-MASTER,0.3865,4.22,24.76,WEATHER_STATION,VALID,0.36312486733072163,0.0022916051577503422
2025-11-21 09:00:00,WX-MASTER,0.6695,5.683,20.71,WEATHER_STATION,VALID,0.6492822022395408,0.024373748022002744
2025-11-21 10:00:00,WX-MASTER,0.6861,3.059,24.55,WEATHER_STATION,VALID,0.6687220754004634,2.591888614540488e-07
2025-11-21 12:00:00,WX-MASTER,0.7621,4.652,23.79,WEATHER_STATION,VALID,0.7360014604668733,0.005689713886639235
2025-11-21 13:00:00,WX-MASTER,0.7393,2.787,25.29,WEATHER_STATION,VALID,0.7229465468752243,0.0
2025-11-21 14:00:00,WX-MASTER,0.6683,3.077,27.71,WEATHER_STATION,VALID,0.6504937228251411,5.761458984910827e-07
2025-11-21 15:00:00,WX-MASTER,0.4941,5.867,27.1,WEATHER_STATION,VALID,0.4752625294564651,0.02974016528663923
2025-11-21 16:00:00,WX-MASTER,0.4316,2.78,28.1,WEATHER_STATION,VALID,0.40611711008168,0.0
2025-11-21 17:00:00,WX-MASTER,0.1022,5.495,29.36,WEATHER_STATION,VALID,0.09933852225404806,0.019600716577503438
2025-11-21 18:00:00,WX-MASTER,0.0,4.805,30.1,WEATHER_STATION,VALID,0.0,0.007421503861454043
2025-11-21 19:00:00,WX-MASTER,0.0,5.362,29.85,WEATHER_STATION,VALID,0.0,0.016630295985953367
2025-11-21 20:00:00,WX-MASTER,0.0,5.001,30.58,WEATHER_STATION,VALID,0.0,0.010111173554074081
2025-11-21 21:00:00,WX-MASTER,0.0,4.888,28.52,WEATHER_STATION,VALID,0.0,0.008493100612126199
2025-11-21 22:00:00,WX-MASTER,0.0,5.717,26.81,WEATHER_STATION,VALID,0.0,0.0253121604224417
2025-11-21 23:00:00,WX-MASTER,0.0,7.274,30.52,WEATHER_STATION,VALID,0.0,0.09852894951725655
2025-11-22 00:00:00,WX-MASTER,0.0,6.28,26.39,WEATHER_STATION,VALID,0.0,0.04453298743484226
2025-11-22 01:00:00,WX-MASTER,0.0,7.27,26.15,WEATHER_STATION,VALID,0.0,0.09825257113854592
2025-11-22 02:00:00,WX-MASTER,0.0,6.402,25.48,WEATHER_STATION,VALID,0.0,0.04968933984
2025-11-22 03:00:00,WX-MASTER,0.0,7.439,24.37,WEATHER_STATION,VALID,0.0,0.11038644169750345
2025-11-22 04:00:00,WX-MASTER,0.0,7.048,23.26,WEATHER_STATION,VALID,0.0,0.08371086132323731
2025-11-22 05:00:00,WX-MASTER,0.0,5.617,23.96,WEATHER_STATION,VALID,0.0,0.022618899292126207
2025-11-22 06:00:00,WX-MASTER,0.0,4.851,23.42,WEATHER_STATION,VALID,0.0,0.00800349273925926
2025-11-22 07:00:00,WX-MASTER,0.2516,7.08,23.24,WEATHER_STATION,VALID,0.24370466446750258,0.0857118340740741
2025-11-22 08:00:00,WX-MASTER,0.4443,4.519,23.05,WEATHER_STATION,VALID,0.42358112661441094,0.004423169890644721
2025-11-22 09:00:00,WX-MASTER,0.3984,5.977,22.0,WEATHER_STATION,VALID,0.4016965604411817,0.033296363410644736
2025-11-22 10:00:00,WX-MASTER,0.7378,5.143,22.35,WEATHER_STATION,VALID,0.7037292138881523,0.012420149177558295
2025-11-22 11:00:00,WX-MASTER,0.6909,4.32,24.75,WEATHER_STATION,VALID,0.6695024807048615,0.0029025659259259277
2025-11-22 12:00:00,WX-MASTER,0.3968,5.355,23.5,WEATHER_STATION,VALID,0.3869594879046644,0.0164828775925926
2025-11-22 13:00:00,WX-MASTER,0.8271,6.513,24.32,WEATHER_STATION,VALID,0.8056071966257944,0.05471353163407407
2025-11-22 14:00:00,WX-MASTER,0.6547,5.554,27.0,WEATHER_STATION,VALID,0.6331956219548052,0.021024369364718798
2025-11-22 15:00:00,WX-MASTER,0.4173,4.982,26.76,WEATHER_STATION,VALID,0.4036244924606906,0.009825875328614543
2025-11-22 16:00:00,WX-MASTER,0.4695,7.057,27.02,WEATHER_STATION,VALID,0.45376049233166704,0.08427045176620031
2025-11-22 17:00:00,WX-MASTER,0.1528,2.961,27.76,WEATHER_STATION,VALID,0.14565827959610855,0.0
2025-11-22 18:00:00,WX-MASTER,0.0,3.921,30.26,WEATHER_STATION,VALID,0.0,0.0009859143540740737
2025-11-22 19:00:00,WX-MASTER,0.0,5.016,29.96,WEATHER_STATION,VALID,0.0,0.010340270080000002
2025-11-22 20:00:00,WX-MASTER,0.0,7.726,29.66,WEATHER_STATION,VALID,0.0,0.13321141789015087
2025-11-22 21:00:00,WX-MASTER,0.0,7.357,27.86,WEATHER_STATION,VALID,0.0,0.10438136667978055
2025-11-22 22:00:00,WX-MASTER,0.0,4.124,29.2,WEATHER_STATION,VALID,0.0,0.0017920875913305886
2025-11-22 23:00:00,WX-MASTER,0.0,5.968,28.1,WEATHER_STATION,VALID,0.0,0.032995292967681764
2025-11-23 00:00:00,WX-MASTER,0.0,4.945,26.56,WEATHER_STATION,VALID,0.0,0.009285795521262007
2025-11-23 01:00:00,WX-MASTER,0.0,6.675,26.09,WEATHER_STATION,VALID,0.0,0.06263719907407407
2025-11-23 02:00:00,WX-MASTER,0.0,7.894,26.74,WEATHER_STATION,VALID,0.0,0.14792861600175586
2025-11-23 03:00:00,WX-MASTER,0.0,7.917,26.49,WEATHER_STATION,VALID,0.0,0.15002406331407409
2025-11-23 04:00:00,WX-MASTER,0.0,6.862,22.89,WEATHER_STATION,VALID,0.0,0.07269375573903979
2025-11-23 05:00:00,WX-MASTER,0.0,5.772,22.31,WEATHER_STATION,VALID,0.0,0.026880663040000016
2025-11-23 06:00:00,WX-MASTER,0.0,5.972,23.71,WEATHER_STATION,VALID,0.0,0.03312887698787381
2025-11-23 07:00:00,WX-MASTER,0.2723,6.731,22.03,WEATHER_STATION,VALID,0.2700230153943412,0.06554446850441702
2025-11-23 08:00:00,WX-MASTER,0.4518,8.633,23.07,WEATHER_STATION,VALID,0.4323540189692199,0.22556907194244163
2025-11-23 09:00:00,WX-MASTER,0.6272,3.79,22.02,WEATHER_STATION,VALID,0.6136741169391835,0.000622216570644719
2025-11-23 10:00:00,WX-MASTER,0.7916,7.173,23.57,WEATHER_STATION,VALID,0.7793716973352225,0.09170762641925927
2025-11-23 11:00:00,WX-MASTER,0.6695,5.244,21.78,WEATHER_STATION,VALID,0.6479475606621107,0.014260306394074067
2025-11-23 12:00:00,WX-MASTER,0.678,5.868,24.81,WEATHER_STATION,VALID,0.6436578321204355,0.029771295952592605
2025-11-23 13:00:00,WX-MASTER,0.8665,4.98,22.48,WEATHER_STATION,VALID,0.822774410220719,0.009796160000000009
2025-11-23 14:00:00,WX-MASTER,0.7223,6.571,27.02,WEATHER_STATION,VALID,0.7099461137600331,0.05746849840620026
2025-11-23 15:00:00,WX-MASTER,0.5776,5.247,26.77,WEATHER_STATION,VALID,0.549350213421118,0.01431757663259259
2025-11-23 16:00:00,WX-MASTER,0.4391,4.11,28.18,WEATHER_STATION,VALID,0.4285090832737461,0.0017259540740740755
2025-11-23 17:00:00,WX-MASTER,0.1793,5.728,28.66,WEATHER_STATION,VALID,0.17422854193086248,0.025620841925706447
2025-11-23 18:00:00,WX-MASTER,0.0,6.836,26.89,WEATHER_STATION,VALID,0.0,0.07123543727231826
2025-11-23 19:00:00,WX-MASTER,0.0,5.625,30.93,WEATHER_STATION,VALID,0.0,0.022826967592592597
2025-11-23 20:00:00,WX-MASTER,0.0,3.19,29.81,WEATHER_STATION,VALID,0.0,8.656076817558292e-06
2025-11-23 21:00:00,WX-MASTER,0.0,5.987,30.19,WEATHER_STATION,VALID,0.0,0.03363302784466393
2025-11-23 22:00:00,WX-MASTER,0.0,6.487,27.98,WEATHER_STATION,VALID,0.0,0.053507682467434856
2025-11-23 23:00:00,WX-MASTER,0.0,6.482,28.67,WEATHER_STATION,VALID,0.0,0.05327783878540467
2025-11-24 00:00:00,WX-MASTER,0.0,6.027,26.11,WEATHER_STATION,VALID,0.0,0.03500237891407409
2025-11-24 01:00:00,WX-MASTER,0.0,8.453,27.01,WEATHER_STATION,VALID,0.0,0.2046288163276268
2025-11-24 02:00:00,WX-MASTER,0.0,3.642,24.8,WEATHER_STATION,VALID,0.0,0.0003339376474074072
2025-11-24 03:00:00,WX-MASTER,0.0,6.776,31.03,WEATHER_STATION,VALID,0.0,0.06794480489700959
2025-11-24 04:00:00,WX-MASTER,0.0,6.659,24.91,WEATHER_STATION,VALID,0.0,0.06182263726293553
2025-11-24 05:00:00,WX-MASTER,0.0,9.053,25.05,WEATHER_STATION,VALID,0.0,0.27988029356219496
2025-11-24 06:00:00,WX-MASTER,0.0,6.083,22.6,WEATHER_STATION,VALID,0.0,0.03698118925108367
2025-11-24 07:00:00,WX-MASTER,0.2218,6.427,23.03,WEATHER_STATION,VALID,0.21565768488314394,0.050792853558792844
2025-11-24 08:00:00,WX-MASTER,0.4464,5.749,23.52,WEATHER_STATION,VALID,0.44363742678123314,0.026217092028916315
2025-11-24 09:00:00,WX-MASTER,0.3352,5.459,21.26,WEATHER_STATION,VALID,0.31980372545716923,0.018764451978984905
2025-11-24 10:00:00,WX-MASTER,0.6835,7.405,22.09,WEATHER_STATION,VALID,0.6629107759132798,0.10786934391632375
2025-11-24 11:00:00,WX-MASTER,0.8516,3.487,24.62,WEATHER_STATION,VALID,0.8346509663427997,0.00014576296126200285
2025-11-24 12:00:00,WX-MASTER,0.6954,3.94,23.92,WEATHER_STATION,VALID,0.6725518149626282,0.0010481992866941013
2025-11-24 13:00:00,WX-MASTER,0.681,5.725,24.13,WEATHER_STATION,VALID,0.6723399170508071,0.025536408607681752
2025-11-24 14:00:00,WX-MASTER,0.6239,5.084,25.17,WEATHER_STATION,VALID,0.6011397579694884,0.011422296855528116
2025-11-24 15:00:00,WX-MASTER,0.5687,4.455,25.37,WEATHER_STATION,VALID,0.5692917706089702,0.003887310925925927
2025-11-24 16:00:00,WX-MASTER,0.3803,4.867,25.33,WEATHER_STATION,VALID,0.380997075663121,0.008212837934101507
2025-11-24 17:00:00,WX-MASTER,0.2398,6.336,26.37,WEATHER_STATION,VALID,0.2336206129704296,0.046853110139259274
2025-11-24 18:00:00,WX-MASTER,0.0,6.007,29.02,WEATHER_STATION,VALID,0.0,0.034313149568669404
2025-11-24 19:00:00,WX-MASTER,0.0,4.703,30.12,WEATHER_STATION,VALID,0.0,0.006233102130096027
2025-11-24 20:00:00,WX-MASTER,0.0,6.2,32.45,WEATHER_STATION,VALID,0.0,0.041353305898491094
2025-11-24 21:00:00,WX-MASTER,0.0,6.077,29.26,WEATHER_STATION,VALID,0.0,0.03676569565207134
2025-11-24 22:00:00,WX-MASTER,0.0,6.976,27.42,WEATHER_STATION,VALID,0.0,0.07932305393953361
2025-11-24 23:00:00,WX-MASTER,0.0,6.128,28.37,WEATHER_STATION,VALID,0.0,0.03862429204367627
2025-11-25 00:00:00,WX-MASTER,0.0,5.106,28.55,WEATHER_STATION,VALID,0.0,0.011787871679999999
2025-11-25 01:00:00,WX-MASTER,0.0,7.613,28.1,WEATHER_STATION,VALID,0.0,0.12388270019923191
2025-11-25 02:00:00,WX-MASTER,0.0,7.446,27.07,WEATHER_STATION,VALID,0.0,0.11090948128
2025-11-25 03:00:00,WX-MASTER,0.0,8.5,25.74,WEATHER_STATION,VALID,0.0,0.20996570644718798
2025-11-25 04:00:00,WX-MASTER,0.0,4.813,24.32,WEATHER_STATION,VALID,0.0,0.007520621142990396
2025-11-25 05:00:00,WX-MASTER,0.0,6.244,24.36,WEATHER_STATION,VALID,0.0,0.04308269234743483
2025-11-25 06:00:00,WX-MASTER,0.0,5.807,21.5,WEATHER_STATION,VALID,0.0,0.027911780229849123
2025-11-25 07:00:00,WX-MASTER,0.2605,5.338,20.16,WEATHER_STATION,VALID,0.25493837801486263,0.016128494093607684
2025-11-25 08:00:00,WX-MASTER,0.4106,3.589,24.97,WEATHER_STATION,VALID,0.40071762981795395,0.0002578731844718793
2025-11-25 09:00:00,WX-MASTER,0.6453,3.956,22.52,WEATHER_STATION,VALID,0.6114474321457621,0.0011026405908367625
2025-11-25 10:00:00,WX-MASTER,0.7053,5.47,23.56,WEATHER_STATION,VALID,0.690389708464827,0.019017400768175582
2025-11-25 11:00:00,WX-MASTER,0.8652,4.288,20.12,WEATHER_STATION,VALID,0.8474123265370024,0.0026965463405212633
2025-11-25 12:00:00,WX-MASTER,0.6904,3.738,26.06,WEATHER_STATION,VALID,0.6825832151224289,0.0005072585600000002
2025-11-25 13:00:00,WX-MASTER,0.6447,6.61,26.44,WEATHER_STATION,VALID,0.6458431479911062,0.05937203089163239
2025-11-25 14:00:00,WX-MASTER,0.6542,7.842,24.08,WEATHER_STATION,VALID,0.6179649021102418,0.14326320223999994
2025-11-25 15:00:00,WX-MASTER,0.5032,4.756,26.48,WEATHER_STATION,VALID,0.48517177692023367,0.006833352645706449
2025-11-25 16:00:00,WX-MASTER,0.1869,3.012,28.02,WEATHER_STATION,VALID,0.17921205548272853,2.180740740740747e-09
2025-11-25 17:00:00,WX-MASTER,0.257,5.669,26.91,WEATHER_STATION,VALID,0.24995501521122448,0.023994185959231817
2025-11-25 18:00:00,WX-MASTER,0.0,2.671,29.57,WEATHER_STATION,VALID,0.0,0.0
2025-11-25 19:00:00,WX-MASTER,0.0,3.881,30.59,WEATHER_STATION,VALID,0.0,0.0008629547513305891
2025-11-25 20:00:00,WX-MASTER,0.0,6.434,29.84,WEATHER_STATION,VALID,0.0,0.05110473863330592
2025-11-25 21:00:00,WX-MASTER,0.0,4.349,27.46,WEATHER_STATION,VALID,0.0,0.0030981051098491097
2025-11-25 22:00:00,WX-MASTER,0.0,5.986,27.74,WEATHER_STATION,VALID,0.0,0.033599259746941
2025-11-25 23:00:00,WX-MASTER,0.0,4.622,28.28,WEATHER_STATION,VALID,0.0,0.005385336543429354
2025-11-26 00:00:00,WX-MASTER,0.0,6.756,27.43,WEATHER_STATION,VALID,0.0,0.06687088175407407
2025-11-26 01:00:00,WX-MASTER,0.0,8.205,26.61,WEATHER_STATION,VALID,0.0,0.17796004240740745
2025-11-26 02:00:00,WX-MASTER,0.0,5.942,25.66,WEATHER_STATION,VALID,0.0,0.03213573994096022
2025-11-26 03:00:00,WX-MASTER,0.0,6.641,22.91,WEATHER_STATION,VALID,0.0,0.06091473171923183
2025-11-26 04:00:00,WX-MASTER,0.0,5.47,25.2,WEATHER_STATION,VALID,0.0,0.019017400768175582
2025-11-26 05:00:00,WX-MASTER,0.0,5.372,24.26,WEATHER_STATION,VALID,0.0,0.016842414568120714
2025-11-26 06:00:00,WX-MASTER,0.0,5.032,23.58,WEATHER_STATION,VALID,0.0,0.010588426099533609
2025-11-26 07:00:00,WX-MASTER,0.2272,6.881,23.11,WEATHER_STATION,VALID,0.22400550221662038,0.07377194388713307
2025-11-26 08:00:00,WX-MASTER,0.4027,3.761,22.14,WEATHER_STATION,VALID,0.3894408013737996,0.0005561785933058986
2025-11-26 09:00:00,WX-MASTER,0.6379,4.916,21.87,WEATHER_STATION,VALID,0.6185314912119583,0.00887660333651578
2025-11-26 10:00:00,WX-MASTER,0.7435,5.657,21.73,WEATHER_STATION,VALID,0.7149185692317872,0.023672000550836764
2025-11-26 11:00:00,WX-MASTER,0.6497,6.127,25.36,WEATHER_STATION,VALID,0.6301403279392115,0.0385872601266941
2025-11-26 12:00:00,WX-MASTER,0.6921,5.391,24.21,WEATHER_STATION,VALID,0.6787310293046099,0.01725039433925926
2025-11-26 13:00:00,WX-MASTER,0.557,4.662,23.08,WEATHER_STATION,VALID,0.5368533024893817,0.005793664699259258
2025-11-26 14:00:00,WX-MASTER,0.745,4.023,25.94,WEATHER_STATION,VALID,0.7284432536813249,0.001351099085925925
2025-11-26 15:00:00,WX-MASTER,0.3065,6.038,24.38,WEATHER_STATION,VALID,0.29356839584659217,0.03538535912515777
2025-11-26 16:00:00,WX-MASTER,0.43,3.843,28.03,WEATHER_STATION,VALID,0.42199587614761824,0.0007560369525925926
2025-11-26 17:00:00,WX-MASTER,0.1969,4.051,28.63,WEATHER_STATION,VALID,0.1892802481390342,0.0014651039765706457
2025-11-26 18:00:00,WX-MASTER,0.0,7.146,28.36,WEATHER_STATION,VALID,0.0,0.08993902853925927
2025-11-26 19:00:00,WX-MASTER,0.0,6.11,28.23,WEATHER_STATION,VALID,0.0,0.037961334046639254
2025-11-26 20:00:00,WX-MASTER,0.0,6.417,30.15,WEATHER_STATION,VALID,0.0,0.05034950849925925
2025-11-26 21:00:00,WX-MASTER,0.0,6.931,29.26,WEATHER_STATION,VALID,0.0,0.07666010865805213
2025-11-26 22:00:00,WX-MASTER,0.0,6.253,26.68,WEATHER_STATION,VALID,0.0,0.0434422678392867
2025-11-26 23:00:00,WX-MASTER,0.0,4.688,29.9,WEATHER_STATION,VALID,0.0,0.00606984534737997
2025-11-27 00:00:00,WX-MASTER,0.0,7.015,26.63,WEATHER_STATION,VALID,0.0,0.08168022922496569
2025-11-27 01:00:00,WX-MASTER,0.0,6.727,25.33,WEATHER_STATION,VALID,0.0,0.0653338840279287
2025-11-27 02:00:00,WX-MASTER,0.0,5.628,27.64,WEATHER_STATION,VALID,0.0,0.02290532096000001
2025-11-27 03:00:00,WX-MASTER,0.0,5.256,26.37,WEATHER_STATION,VALID,0.0,0.014490306939259267
2025-11-27 04:00:00,WX-MASTER,0.0,6.476,23.75,WEATHER_STATION,VALID,0.0,0.05300289635379974
2025-11-27 05:00:00,WX-MASTER,0.0,4.583,22.03,WEATHER_STATION,VALID,0.0,0.005006140609108369
2025-11-27 06:00:00,WX-MASTER,0.0,5.933,21.88,WEATHER_STATION,VALID,0.0,0.03184171772021948
2025-11-27 07:00:00,WX-MASTER,0.2203,5.522,22.1,WEATHER_STATION,VALID,0.21914464491505803,0.020243963506392328
2025-11-27 08:00:00,WX-MASTER,0.3454,5.45,23.97,WEATHER_STATION,VALID,0.3312273449287014,0.018559170096021958
2025-11-27 09:00:00,WX-MASTER,0.6666,5.878,24.18,WEATHER_STATION,VALID,0.633381983153065,0.030083798271385458
2025-11-27 10:00:00,WX-MASTER,0.6593,5.939,23.17,WEATHER_STATION,VALID,0.647393542581631,0.03203753231478738
2025-11-27 11:00:00,WX-MASTER,0.3979,4.025,24.31,WEATHER_STATION,VALID,0.3846752625620485,0.0013590389231824432
2025-11-27 12:00:00,WX-MASTER,0.8632,5.956,24.0,WEATHER_STATION,VALID,0.863702041722814,0.032596696448175595
2025-11-27 13:00:00,WX-MASTER,0.7054,4.478,24.05,WEATHER_STATION,VALID,0.6786702181359192,0.004074587056021945
2025-11-27 14:00:00,WX-MASTER,0.7818,7.048,24.2,WEATHER_STATION,VALID,0.768266856476008,0.08371086132323731
2025-11-27 15:00:00,WX-MASTER,0.5438,4.081,27.3,WEATHER_STATION,VALID,0.5363134836256984,0.0015941800901508934
2025-11-27 16:00:00,WX-MASTER,0.4119,2.882,28.84,WEATHER_STATION,VALID,0.3963219265607399,0.0
2025-11-27 17:00:00,WX-MASTER,0.2495,6.249,27.87,WEATHER_STATION,VALID,0.23923461902610044,0.04328221052
2025-11-27 18:00:00,WX-MASTER,0.0,5.948,30.46,WEATHER_STATION,VALID,0.0,0.03233275687330591
2025-11-27 19:00:00,WX-MASTER,0.0,7.21,28.92,WEATHER_STATION,VALID,0.0,0.09416870249657067
2025-11-27 20:00:00,WX-MASTER,0.0,6.312,29.61,WEATHER_STATION,VALID,0.0,0.04584914944000002
2025-11-27 21:00:00,WX-MASTER,0.0,9.202,29.12,WEATHER_STATION,VALID,0.0,0.3010617520649657
2025-11-27 22:00:00,WX-MASTER,0.0,6.137,30.52,WEATHER_STATION,VALID,0.0,0.03895864604219477
2025-11-27 23:00:00,WX-MASTER,0.0,7.924,29.07,WEATHER_STATION,VALID,0.0,0.1506657132264472
2025-11-28 00:00:00,WX-MASTER,0.0,6.013,27.71,WEATHER_STATION,VALID,0.0,0.034518959315829906
2025-11-28 01:00:00,WX-MASTER,0.0,7.397,27.03,WEATHER_STATION,VALID,0.0,0.10728270023478739
2025-11-28 02:00:00,WX-MASTER,0.0,7.633,24.6,WEATHER_STATION,VALID,0.0,0.12550100384916324
2025-11-28 03:00:00,WX-MASTER,0.0,7.761,22.45,WEATHER_STATION,VALID,0.0,0.13619301788000004
2025-11-28 04:00:00,WX-MASTER,0.0,7.553,23.64,WEATHER_STATION,VALID,0.0,0.11911137825355278
2025-11-28 05:00:00,WX-MASTER,0.0,2.147,23.32,WEATHER_STATION,VALID,0.0,0.0
2025-11-28 06:00:00,WX-MASTER,0.0,6.037,23.64,WEATHER_STATION,VALID,0.0,0.03535042787484225
2025-11-28 07:00:00,WX-MASTER,0.2714,5.125,22.46,WEATHER_STATION,VALID,0.2656332987435181,0.01210980366941015
2025-11-28 08:00:00,WX-MASTER,0.436,5.12,21.97,WEATHER_STATION,VALID,0.43776326620312517,0.012024523676268864
2025-11-28 09:00:00,WX-MASTER,0.6102,4.992,19.11,WEATHER_STATION,VALID,0.5917107841241269,0.009975353647407407
2025-11-28 10:00:00,WX-MASTER,0.6696,6.408,23.63,WEATHER_STATION,VALID,0.6607151043481457,0.04995271035259261
2025-11-28 11:00:00,WX-MASTER,0.6278,5.22,23.81,WEATHER_STATION,VALID,0.6011501463591815,0.01380763259259259
2025-11-28 12:00:00,WX-MASTER,0.7749,4.172,25.26,WEATHER_STATION,VALID,0.732184261507884,0.0020316230619478724
2025-11-28 13:00:00,WX-MASTER,0.7924,2.861,25.16,WEATHER_STATION,VALID,0.7644405426272034,0.0
2025-11-28 14:00:00,WX-MASTER,0.7501,6.768,27.41,WEATHER_STATION,VALID,0.709620234091338,0.06751386661925925
2025-11-28 15:00:00,WX-MASTER,0.5775,4.007,26.28,WEATHER_STATION,VALID,0.5603021063106024,0.0012886907483676258
2025-11-28 16:00:00,WX-MASTER,0.334,4.814,27.73,WEATHER_STATION,VALID,0.3200699248362116,0.007533072499972568
2025-11-28 17:00:00,WX-MASTER,0.2005,7.953,28.8,WEATHER_STATION,VALID,0.1886075288043356,0.15334346870074075
2025-11-28 18:00:00,WX-MASTER,0.0,4.595,29.85,WEATHER_STATION,VALID,0.0,0.005120853614540464
2025-11-28 19:00:00,WX-MASTER,0.0,5.296,29.91,WEATHER_STATION,VALID,0.0,0.015274814690150894
2025-11-28 20:00:00,WX-MASTER,0.0,6.218,30.1,WEATHER_STATION,VALID,0.0,0.04205507562886146
2025-11-28 21:00:00,WX-MASTER,0.0,4.079,29.73,WEATHER_STATION,VALID,0.0,0.0015853480876268852
2025-11-28 22:00:00,WX-MASTER,0.0,4.151,28.83,WEATHER_STATION,VALID,0.0,0.0019243597735528106
2025-11-28 23:00:00,WX-MASTER,0.0,5.944,29.59,WEATHER_STATION,VALID,0.0,0.03220132306348423
2025-11-29 00:00:00,WX-MASTER,0.0,6.122,25.8,WEATHER_STATION,VALID,0.0,0.038402455555775025
2025-11-29 01:00:00,WX-MASTER,0.0,6.939,26.21,WEATHER_STATION,VALID,0.0,0.07712909604592592
2025-11-29 02:00:00,WX-MASTER,0.0,5.488,27.97,WEATHER_STATION,VALID,0.0,0.019436203031879297
2025-11-29 03:00:00,WX-MASTER,0.0,7.25,24.34,WEATHER_STATION,VALID,0.0,0.0968784293552812
2025-11-29 04:00:00,WX-MASTER,0.0,3.747,24.21,WEATHER_STATION,VALID,0.0,0.0005260440399999999
2025-11-29 05:00:00,WX-MASTER,0.0,6.271,25.25,WEATHER_STATION,VALID,0.0,0.044167409862990406
2025-11-29 06:00:00,WX-MASTER,0.0,6.601,22.88,WEATHER_STATION,VALID,0.0,0.05892908029755829
2025-11-29 07:00:00,WX-MASTER,0.2368,6.306,21.68,WEATHER_STATION,VALID,0.232344472811792,0.04560042042074075
2025-11-29 08:00:00,WX-MASTER,0.4932,5.407,24.0,WEATHER_STATION,VALID,0.4798878104871176,0.01759902344521262
2025-11-29 09:00:00,WX-MASTER,0.5509,4.509,22.33,WEATHER_STATION,VALID,0.5331941446810404,0.004336386845925929
2025-11-29 10:00:00,WX-MASTER,0.7563,4.895,22.76,WEATHER_STATION,VALID,0.7172148514597919,0.008587919046639225
2025-11-29 11:00:00,WX-MASTER,0.8046,6.568,21.21,WEATHER_STATION,VALID,0.7876934328981777,0.057323782054101484
2025-11-29 12:00:00,WX-MASTER,0.6959,4.059,24.16,WEATHER_STATION,VALID,0.6754632301584849,0.0014988155125925933
2025-11-29 13:00:00,WX-MASTER,0.782,6.048,25.97,WEATHER_STATION,VALID,0.7536882860519263,0.03573593808592593
2025-11-29 14:00:00,WX-MASTER,0.6994,6.261,25.54,WEATHER_STATION,VALID,0.6918230469204402,0.043763565287407415
2025-11-29 15:00:00,WX-MASTER,0.5356,2.599,25.43,WEATHER_STATION,VALID,0.5080607845931744,0.0
2025-11-29 16:00:00,WX-MASTER,0.4536,4.824,27.23,WEATHER_STATION,VALID,0.4511780230897427,0.007658342779259259
2025-11-29 17:00:00,WX-MASTER,0.244,3.908,27.79,WEATHER_STATION,VALID,0.23659847980019785,0.0009447520535528117
2025-11-29 18:00:00,WX-MASTER,0.0,3.456,28.78,WEATHER_STATION,VALID,0.0,0.00011966160592592592
2025-11-29 19:00:00,WX-MASTER,0.0,6.692,28.82,WEATHER_STATION,VALID,0.0,0.06351047722491086
2025-11-29 20:00:00,WX-MASTER,0.0,6.538,31.56,WEATHER_STATION,VALID,0.0,0.05588995819237312
2025-11-29 21:00:00,WX-MASTER,0.0,6.516,29.8,WEATHER_STATION,VALID,0.0,0.05485382267259259
2025-11-29 22:00:00,WX-MASTER,0.0,4.986,27.0,WEATHER_STATION,VALID,0.0,0.009885486139259258
2025-11-29 23:00:00,WX-MASTER,0.0,6.851,28.62,WEATHER_STATION,VALID,0.0,0.07207436999577503
2025-11-30 00:00:00,WX-MASTER,0.0,5.007,27.79,WEATHER_STATION,VALID,0.0,0.010202401639999997
2025-11-30 01:00:00,WX-MASTER,0.0,6.873,28.42,WEATHER_STATION,VALID,0.0,0.07331667990074076
2025-11-30 02:00:00,WX-MASTER,0.0,5.907,25.9,WEATHER_STATION,VALID,0.0,0.031002405640000005
2025-11-30 03:00:00,WX-MASTER,0.0,8.059,24.96,WEATHER_STATION,VALID,0.0,0.16340085973755822
2025-11-30 04:00:00,WX-MASTER,0.0,6.086,26.57,WEATHER_STATION,VALID,0.0,0.03708925109947875
2025-11-30 05:00:00,WX-MASTER,0.0,6.67,22.33,WEATHER_STATION,VALID,0.0,0.06238188471879288
2025-11-30 06:00:00,WX-MASTER,0.0,6.444,24.01,WEATHER_STATION,VALID,0.0,0.05155249957925925
2025-11-30 07:00:00,WX-MASTER,0.2465,5.788,22.78,WEATHER_STATION,VALID,0.2384303692737812,0.027348820908422507
2025-11-30 08:00:00,WX-MASTER,0.4522,5.763,21.98,WEATHER_STATION,VALID,0.44287478762486615,0.026619687559999997
2025-11-30 09:00:00,WX-MASTER,0.6654,5.77,21.93,WEATHER_STATION,VALID,0.6372516392286763,0.026822521755829887
2025-11-30 10:00:00,WX-MASTER,0.7886,3.987,24.68,WEATHER_STATION,VALID,0.7837763128408938,0.0012134216992592598
2025-11-30 11:00:00,WX-MASTER,0.7269,5.496,24.17,WEATHER_STATION,VALID,0.7059187041521988,0.01962429402074075
2025-11-30 12:00:00,WX-MASTER,0.8022,5.969,25.06,WEATHER_STATION,VALID,0.7836794182335239,0.03302865524318245
2025-11-30 13:00:00,WX-MASTER,0.6108,5.301,26.25,WEATHER_STATION,VALID,0.5900241845925288,0.015374824072592599
2025-11-30 14:00:00,WX-MASTER,0.7059,4.329,26.49,WEATHER_STATION,VALID,0.6916978597590805,0.0029623423125925913
2025-11-30 15:00:00,WX-MASTER,0.539,5.09,25.72,WEATHER_STATION,VALID,0.5355945393016862,0.011521238244170095
2025-11-30 16:00:00,WX-MASTER,0.4278,4.525,25.95,WEATHER_STATION,VALID,0.41412353813827185,0.0044757913237311415
2025-11-30 17:00:00,WX-MASTER,0.1966,5.033,30.41,WEATHER_STATION,VALID,0.19580292301991947,0.010604066312812077
2025-11-30 18:00:00,WX-MASTER,0.0,3.872,29.37,WEATHER_STATION,VALID,0.0,0.0008367770372565154
2025-11-30 19:00:00,WX-MASTER,0.0,7.463,29.56,WEATHER_STATION,VALID,0.0,0.11218659311281207
2025-11-30 20:00:00,WX-MASTER,0.0,8.447,31.75,WEATHER_STATION,VALID,0.0,0.2039540928026885
2025-11-30 21:00:00,WX-MASTER,0.0,5.266,28.19,WEATHER_STATION,VALID,0.0,0.014683852576570643
2025-11-30 22:00:00,WX-MASTER,0.0,7.426,26.09,WEATHER_STATION,VALID,0.0,0.10941945008768178
2025-11-30 23:00:00,WX-MASTER,0.0,8.48,26.39,WEATHER_STATION,VALID,0.0,0.20768349058984914
2025-12-01 00:00:00,WX-MASTER,0.0,5.473,27.22,WEATHER_STATION,VALID,0.0,0.019086779138052127
2025-12-01 01:00:00,WX-MASTER,0.0,3.974,27.16,WEATHER_STATION,VALID,0.0,0.0011661036900960228
2025-12-01 02:00:00,WX-MASTER,0.0,8.746,27.78,WEATHER_STATION,VALID,0.0,0.239418201455583
2025-12-01 03:00:00,WX-MASTER,0.0,6.688,26.22,WEATHER_STATION,VALID,0.0,0.06330427453805211
2025-12-01 04:00:00,WX-MASTER,0.0,5.891,21.29,WEATHER_STATION,VALID,0.0,0.030493310361207143
2025-12-01 05:00:00,WX-MASTER,0.0,6.439,27.0,WEATHER_STATION,VALID,0.0,0.05132829360422497
2025-12-01 06:00:00,WX-MASTER,0.0,5.669,22.59,WEATHER_STATION,VALID,0.0,0.023994185959231817
2025-12-01 07:00:00,WX-MASTER,0.2272,9.742,24.2,WEATHER_STATION,VALID,0.22086055459581105,0.38674663490941025
2025-12-01 08:00:00,WX-MASTER,0.3927,4.944,23.27,WEATHER_STATION,VALID,0.3771260233320711,0.009271480319999999
2025-12-01 09:00:00,WX-MASTER,0.1889,5.809,22.74,WEATHER_STATION,VALID,0.19076106969408024,0.027971484552373117
2025-12-01 10:00:00,WX-MASTER,0.769,6.84,22.8,WEATHER_STATION,VALID,0.7296733410135576,0.07145851259259259
2025-12-01 11:00:00,WX-MASTER,0.8387,6.653,22.3,WEATHER_STATION,VALID,0.8061827277803518,0.0615190068461454
2025-12-01 12:00:00,WX-MASTER,0.8035,6.279,22.82,WEATHER_STATION,VALID,0.7732995432845864,0.044492268460740746
2025-12-01 13:00:00,WX-MASTER,0.7744,4.239,25.01,WEATHER_STATION,VALID,0.7748703715007937,0.0024003480459259255
2025-12-01 14:00:00,WX-MASTER,0.7376,4.6,24.45,WEATHER_STATION,VALID,0.700866030232649,0.005169163237311381
2025-12-01 15:00:00,WX-MASTER,0.6083,2.044,28.99,WEATHER_STATION,VALID,0.5939373280079742,0.0
2025-12-01 16:00:00,WX-MASTER,0.4617,4.909,27.98,WEATHER_STATION,VALID,0.4495692530974798,0.008779667811632369
2025-12-01 17:00:00,WX-MASTER,0.2452,5.237,31.1,WEATHER_STATION,VALID,0.23907098927659298,0.014127270190342937
2025-12-01 18:00:00,WX-MASTER,0.0,6.388,28.62,WEATHER_STATION,VALID,0.0,0.04907841221706446
2025-12-01 19:00:00,WX-MASTER,0.0,0.0,28.78,WEATHER_STATION,VALID,0.0,0.0
2025-12-01 20:00:00,WX-MASTER,0.0,6.863,30.32,WEATHER_STATION,VALID,0.0,0.07275023884120717
2025-12-01 21:00:00,WX-MASTER,0.0,7.581,29.18,WEATHER_STATION,VALID,0.0,0.12132245068000001
2025-12-01 22:00:00,WX-MASTER,0.0,6.389,30.31,WEATHER_STATION,VALID,0.0,0.04912188290737998
2025-12-01 23:00:00,WX-MASTER,0.0,8.262,30.31,WEATHER_STATION,VALID,0.0,0.18387082736592594
2025-12-02 00:00:00,WX-MASTER,0.0,6.741,29.21,WEATHER_STATION,VALID,0.0,0.06607290833925925
2025-12-02 01:00:00,WX-MASTER,0.0,8.271,28.68,WEATHER_STATION,VALID,0.0,0.1848159068725927
2025-12-02 02:00:00,WX-MASTER,0.0,7.828,27.12,WEATHER_STATION,VALID,0.0,0.14202411224669415
2025-12-02 03:00:00,WX-MASTER,0.0,7.22,24.57,WEATHER_STATION,VALID,0.0,0.09484133355281205
2025-12-02 04:00:00,WX-MASTER,0.0,4.571,25.76,WEATHER_STATION,VALID,0.0,0.004893153659972563
2025-12-02 05:00:00,WX-MASTER,0.0,7.807,24.5,WEATHER_STATION,VALID,0.0,0.14017890571681765
2025-12-02 06:00:00,WX-MASTER,0.0,6.648,22.37,WEATHER_STATION,VALID,0.0,0.06126674223407407
2025-12-02 07:00:00,WX-MASTER,0.2147,6.816,22.17,WEATHER_STATION,VALID,0.20552273104634486,0.07012702207999999
2025-12-02 08:00:00,WX-MASTER,0.4877,6.05,22.53,WEATHER_STATION,VALID,0.4815164426961691,0.0358063305898491
2025-12-02 09:00:00,WX-MASTER,0.6522,6.023,24.09,WEATHER_STATION,VALID,0.6383856012648729,0.03486380152762687
2025-12-02 10:00:00,WX-MASTER,0.7258,6.859,23.25,WEATHER_STATION,VALID,0.7165373745598191,0.07252448186101508
2025-12-02 11:00:00,WX-MASTER,0.4744,4.372,23.66,WEATHER_STATION,VALID,0.47126701827487916,0.0032592872155829903
2025-12-02 12:00:00,WX-MASTER,0.8031,5.47,24.2,WEATHER_STATION,VALID,0.7696969985144408,0.019017400768175582
2025-12-02 13:00:00,WX-MASTER,0.8087,3.789,24.81,WEATHER_STATION,VALID,0.8026222757512389,0.000619856712592593
2025-12-02 14:00:00,WX-MASTER,0.674,5.556,24.74,WEATHER_STATION,VALID,0.6389637378160313,0.021073799680000005
2025-12-02 15:00:00,WX-MASTER,0.2389,5.206,28.0,WEATHER_STATION,VALID,0.23440665054884166,0.013548051016076828
2025-12-02 16:00:00,WX-MASTER,0.4064,4.194,26.67,WEATHER_STATION,VALID,0.39120061329179856,0.0021481929125925924
2025-12-02 17:00:00,WX-MASTER,0.2708,5.325,28.69,WEATHER_STATION,VALID,0.25889712082059907,0.01586094907407408
2025-12-02 18:00:00,WX-MASTER,0.0,4.693,28.68,WEATHER_STATION,VALID,0.0,0.006123943473854591
2025-12-02 19:00:00,WX-MASTER,0.0,5.194,30.44,WEATHER_STATION,VALID,0.0,0.013328159112866937
2025-12-02 20:00:00,WX-MASTER,0.0,6.408,29.23,WEATHER_STATION,VALID,0.0,0.04995271035259261
2025-12-02 21:00:00,WX-MASTER,0.0,6.546,28.31,WEATHER_STATION,VALID,0.0,0.05626994528000001
2025-12-02 22:00:00,WX-MASTER,0.0,3.924,30.36,WEATHER_STATION,VALID,0.0,0.0009955801125925924
2025-12-02 23:00:00,WX-MASTER,0.0,7.082,27.62,WEATHER_STATION,VALID,0.0,0.08583794268663923
2025-12-03 00:00:00,WX-MASTER,0.0,6.34,28.1,WEATHER_STATION,VALID,0.0,0.04702184866941015
2025-12-03 01:00:00,WX-MASTER,0.0,6.258,28.6,WEATHER_STATION,VALID,0.0,0.04364289376
2025-12-03 02:00:00,WX-MASTER,0.0,5.326,25.29,WEATHER_STATION,VALID,0.0,0.01588142361854595
2025-12-03 03:00:00,WX-MASTER,0.0,6.659,25.14,WEATHER_STATION,VALID,0.0,0.06182263726293553
2025-12-03 04:00:00,WX-MASTER,0.0,5.903,23.9,WEATHER_STATION,VALID,0.0,0.030874604747379953
2025-12-03 05:00:00,WX-MASTER,0.0,8.05,23.85,WEATHER_STATION,VALID,0.0,0.16253033607681766
2025-12-03 06:00:00,WX-MASTER,0.0,3.891,23.05,WEATHER_STATION,VALID,0.0,0.0008926750800000001
2025-12-03 07:00:00,WX-MASTER,0.258,4.658,23.89,WEATHER_STATION,VALID,0.2513308368081309,0.005751933781947877
2025-12-03 08:00:00,WX-MASTER,0.3711,4.309,21.92,WEATHER_STATION,VALID,0.3691068043238896,0.002830604799286695
2025-12-03 09:00:00,WX-MASTER,0.3659,5.736,24.31,WEATHER_STATION,VALID,0.35232098567428405,0.02584690688
2025-12-03 10:00:00,WX-MASTER,0.7874,6.702,25.06,WEATHER_STATION,VALID,0.7652809737298404,0.06402794191407409
2025-12-03 11:00:00,WX-MASTER,0.6915,5.65,24.0,WEATHER_STATION,VALID,0.6786016584505247,0.023485397805212638
2025-12-03 12:00:00,WX-MASTER,0.7796,3.448,23.47,WEATHER_STATION,VALID,0.7320320480359223,0.00011347347138545952
2025-12-03 13:00:00,WX-MASTER,0.8612,4.251,25.21,WEATHER_STATION,VALID,0.8286193767916613,0.0024707694800000022
2025-12-03 14:00:00,WX-MASTER,0.7437,3.762,26.02,WEATHER_STATION,VALID,0.7254553544370184,0.0005583740325925926
2025-12-03 15:00:00,WX-MASTER,0.3295,5.548,29.2,WEATHER_STATION,VALID,0.3052966035684389,0.02087654231089163
2025-12-03 16:00:00,WX-MASTER,0.4015,4.438,27.79,WEATHER_STATION,VALID,0.38357217085045603,0.00375264046397805
2025-12-03 17:00:00,WX-MASTER,0.2142,3.375,30.3,WEATHER_STATION,VALID,0.21131105666847408,6.655092592592592e-05
2025-12-03 18:00:00,WX-MASTER,0.0,6.2,29.33,WEATHER_STATION,VALID,0.0,0.041353305898491094
2025-12-03 19:00:00,WX-MASTER,0.0,7.336,29.6,WEATHER_STATION,VALID,0.0,0.10287932819138548
2025-12-03 20:00:00,WX-MASTER,0.0,5.723,29.24,WEATHER_STATION,VALID,0.0,0.02548022291034293
2025-12-03 21:00:00,WX-MASTER,0.0,6.362,29.23,WEATHER_STATION,VALID,0.0,0.04795715667182443
2025-12-03 22:00:00,WX-MASTER,0.0,4.471,30.26,WEATHER_STATION,VALID,0.0,0.004016967492620028
2025-12-03 23:00:00,WX-MASTER,0.0,3.932,27.76,WEATHER_STATION,VALID,0.0,0.001021663871824417
2025-12-04 00:00:00,WX-MASTER,0.0,4.34,29.09,WEATHER_STATION,VALID,0.0,0.003036509849108367
2025-12-04 01:00:00,WX-MASTER,0.0,6.748,28.83,WEATHER_STATION,VALID,0.0,0.06644450122447189
2025-12-04 02:00:00,WX-MASTER,0.0,6.4,25.48,WEATHER_STATION,VALID,0.0,0.049601755829904004
2025-12-04 03:00:00,WX-MASTER,0.0,7.437,26.74,WEATHER_STATION,VALID,0.0,0.11023730444000004
2025-12-04 04:00:00,WX-MASTER,0.0,6.335,25.7,WEATHER_STATION,VALID,0.0,0.04681098867626886
2025-12-04 05:00:00,WX-MASTER,0.0,7.687,24.76,WEATHER_STATION,VALID,0.0,0.12994068730694103
2025-12-04 06:00:00,WX-MASTER,0.0,7.308,22.4,WEATHER_STATION,VALID,0.0,0.10089912101925924
2025-12-04 07:00:00,WX-MASTER,0.2232,5.501,22.67,WEATHER_STATION,VALID,0.22077930781619154,0.019742464884663927
2025-12-04 08:00:00,WX-MASTER,0.4256,4.355,22.55,WEATHER_STATION,VALID,0.4163043035813435,0.003139627935528124
2025-12-04 09:00:00,WX-MASTER,0.5543,2.918,25.32,WEATHER_STATION,VALID,0.5404030145075983,0.0
2025-12-04 10:00:00,WX-MASTER,0.2208,7.049,23.15,WEATHER_STATION,VALID,0.21207741053466167,0.08377291533207137
2025-12-04 11:00:00,WX-MASTER,0.8608,3.78,23.5,WEATHER_STATION,VALID,0.8404721711487658,0.0005988859259259255
2025-12-04 12:00:00,WX-MASTER,0.8854,2.934,23.07,WEATHER_STATION,VALID,0.8444244220896298,0.0
2025-12-04 13:00:00,WX-MASTER,0.7494,4.986,24.12,WEATHER_STATION,VALID,0.7340454949446844,0.009885486139259258
2025-12-04 14:00:00,WX-MASTER,0.3148,2.889,25.37,WEATHER_STATION,VALID,0.31186710299554055,0.0
2025-12-04 15:00:00,WX-MASTER,0.664,5.064,27.53,WEATHER_STATION,VALID,0.6603252136173232,0.011096585860740742
2025-12-04 16:00:00,WX-MASTER,0.4334,4.595,26.23,WEATHER_STATION,VALID,0.4250041148757679,0.005120853614540464
2025-12-04 17:00:00,WX-MASTER,0.1951,6.421,27.87,WEATHER_STATION,VALID,0.18520251393503379,0.05052653561607682
2025-12-04 18:00:00,WX-MASTER,0.0,6.537,26.99,WEATHER_STATION,VALID,0.0,0.055842580440000004
2025-12-04 19:00:00,WX-MASTER,0.0,7.137,31.26,WEATHER_STATION,VALID,0.0,0.08935458903259257
2025-12-04 20:00:00,WX-MASTER,0.0,6.232,29.82,WEATHER_STATION,VALID,0.0,0.04260635242052128
2025-12-04 21:00:00,WX-MASTER,0.0,5.099,29.95,WEATHER_STATION,VALID,0.0,0.011670719060466397
2025-12-04 22:00:00,WX-MASTER,0.0,5.09,27.92,WEATHER_STATION,VALID,0.0,0.011521238244170095
2025-12-04 23:00:00,WX-MASTER,0.0,5.928,30.06,WEATHER_STATION,VALID,0.0,0.03167914970074073
2025-12-05 00:00:00,WX-MASTER,0.0,9.345,29.77,WEATHER_STATION,VALID,0.0,0.3223704150000001
2025-12-05 01:00:00,WX-MASTER,0.0,6.491,27.21,WEATHER_STATION,VALID,0.0,0.05369203263281205
2025-12-05 02:00:00,WX-MASTER,0.0,7.019,25.65,WEATHER_STATION,VALID,0.0,0.08192459773700962
2025-12-05 03:00:00,WX-MASTER,0.0,8.71,25.98,WEATHER_STATION,VALID,0.0,0.23494630743484243
2025-12-05 04:00:00,WX-MASTER,0.0,6.932,25.35,WEATHER_STATION,VALID,0.0,0.07671862782244174
2025-12-05 05:00:00,WX-MASTER,0.0,5.439,24.79,WEATHER_STATION,VALID,0.0,0.018310310120000006
2025-12-05 06:00:00,WX-MASTER,0.0,7.132,23.99,WEATHER_STATION,VALID,0.0,0.08903099716126198
2025-12-05 07:00:00,WX-MASTER,0.259,5.373,24.0,WEATHER_STATION,VALID,0.2552548191041043,0.016863725085925936
2025-12-05 08:00:00,WX-MASTER,0.4473,6.045,21.89,WEATHER_STATION,VALID,0.43800243093146535,0.035630522407407404
2025-12-05 09:00:00,WX-MASTER,0.6462,6.084,23.93,WEATHER_STATION,VALID,0.6312443302131163,0.03701718651259257
2025-12-05 10:00:00,WX-MASTER,0.6568,4.552,22.65,WEATHER_STATION,VALID,0.6331312509909128,0.004717755719286691
2025-12-05 11:00:00,WX-MASTER,0.6969,5.257,20.73,WEATHER_STATION,VALID,0.688694044513473,0.014509584506941012
2025-12-05 12:00:00,WX-MASTER,0.885,6.969,23.92,WEATHER_STATION,VALID,0.9118928141672044,0.07890483132000004
2025-12-05 13:00:00,WX-MASTER,0.6373,4.012,24.65,WEATHER_STATION,VALID,0.6247893112246535,0.0013079822081755817
2025-12-05 14:00:00,WX-MASTER,0.7866,6.544,26.51,WEATHER_STATION,VALID,0.7641780323768451,0.05617478755731137
2025-12-05 15:00:00,WX-MASTER,0.6637,4.138,28.13,WEATHER_STATION,VALID,0.6308681251922875,0.0018598892541015091
2025-12-05 16:00:00,WX-MASTER,0.4757,7.384,28.2,WEATHER_STATION,VALID,0.4568802511183975,0.10633394718200279
2025-12-05 17:00:00,WX-MASTER,0.2218,4.118,31.11,WEATHER_STATION,VALID,0.2144349860516573,0.0017635416041700978
2025-12-05 18:00:00,WX-MASTER,0.0,4.947,28.62,WEATHER_STATION,VALID,0.0,0.009314470114074077
2025-12-05 19:00:00,WX-MASTER,0.0,7.673,27.22,WEATHER_STATION,VALID,0.0,0.1287797691078738
2025-12-05 20:00:00,WX-MASTER,0.0,7.991,30.05,WEATHER_STATION,VALID,0.0,0.15690002349700954
2025-12-05 21:00:00,WX-MASTER,0.0,7.288,28.95,WEATHER_STATION,VALID,0.0,0.099500354735583
2025-12-05 22:00:00,WX-MASTER,0.0,5.04,27.95,WEATHER_STATION,VALID,0.0,0.010713979259259262
2025-12-05 23:00:00,WX-MASTER,0.0,6.735,28.34,WEATHER_STATION,VALID,0.0,0.06575550500000002
2025-12-06 00:00:00,WX-MASTER,0.0,6.764,27.06,WEATHER_STATION,VALID,0.0,0.06729908247528124
2025-12-06 01:00:00,WX-MASTER,0.0,5.712,26.33,WEATHER_STATION,VALID,0.0,0.02517267418074073
2025-12-06 02:00:00,WX-MASTER,0.0,7.725,28.08,WEATHER_STATION,VALID,0.0,0.13312687499999995
2025-12-06 03:00:00,WX-MASTER,0.0,5.736,25.49,WEATHER_STATION,VALID,0.0,0.02584690688
2025-12-06 04:00:00,WX-MASTER,0.0,4.933,24.18,WEATHER_STATION,VALID,0.0,0.009114982960274347
2025-12-06 05:00:00,WX-MASTER,0.0,4.315,25.69,WEATHER_STATION,VALID,0.0,0.0028697070027434873
2025-12-06 06:00:00,WX-MASTER,0.0,8.419,22.86,WEATHER_STATION,VALID,0.0,0.2008249891005213
2025-12-06 07:00:00,WX-MASTER,0.2646,5.276,21.39,WEATHER_STATION,VALID,0.2562236080291197,0.014879114032812073
2025-12-06 08:00:00,WX-MASTER,0.375,5.042,21.16,WEATHER_STATION,VALID,0.367881623876111,0.010745521866886142
2025-12-06 09:00:00,WX-MASTER,0.5799,4.088,22.77,WEATHER_STATION,VALID,0.5580167783336466,0.0016253503350342937
2025-12-06 10:00:00,WX-MASTER,0.6935,6.983,21.25,WEATHER_STATION,VALID,0.6640386438647161,0.07974275176960219
2025-12-06 11:00:00,WX-MASTER,0.7418,3.23,22.37,WEATHER_STATION,VALID,0.7276372122411925,1.535478737997256e-05
2025-12-06 12:00:00,WX-MASTER,0.8209,3.333,24.04,WEATHER_STATION,VALID,0.7905063124561961,4.6600760000000075e-05
2025-12-06 13:00:00,WX-MASTER,0.8137,4.418,26.7,WEATHER_STATION,VALID,0.7959050480372721,0.0035982305918244176
2025-12-06 14:00:00,WX-MASTER,0.7258,4.814,27.8,WEATHER_STATION,VALID,0.6919249290642916,0.007533072499972568
2025-12-06 15:00:00,WX-MASTER,0.5764,5.771,27.95,WEATHER_STATION,VALID,0.5474157287156821,0.026851581906886145
2025-12-06 16:00:00,WX-MASTER,0.4008,4.172,27.99,WEATHER_STATION,VALID,0.3933166781753132,0.0020316230619478724
2025-12-06 17:00:00,WX-MASTER,0.2676,7.247,28.04,WEATHER_STATION,VALID,0.2605856149200133,0.09667341981503427
2025-12-06 18:00:00,WX-MASTER,0.0,4.599,29.75,WEATHER_STATION,VALID,0.0,0.005159477112592596
2025-12-06 19:00:00,WX-MASTER,0.0,4.411,31.77,WEATHER_STATION,VALID,0.0,0.003545204895089161
2025-12-06 20:00:00,WX-MASTER,0.0,4.548,29.92,WEATHER_STATION,VALID,0.0,0.004681372160000002
2025-12-06 21:00:00,WX-MASTER,0.0,5.227,29.08,WEATHER_STATION,VALID,0.0,0.013938657608175588
2025-12-06 22:00:00,WX-MASTER,0.0,4.937,29.09,WEATHER_STATION,VALID,0.0,0.009171685647133065
2025-12-06 23:00:00,WX-MASTER,0.0,7.613,28.4,WEATHER_STATION,VALID,0.0,0.12388270019923191
2025-12-07 00:00:00,WX-MASTER,0.0,5.471,28.69,WEATHER_STATION,VALID,0.0,0.019040508178491084
2025-12-07 01:00:00,WX-MASTER,0.0,6.662,26.27,WEATHER_STATION,VALID,0.0,0.061974826400219465
2025-12-07 02:00:00,WX-MASTER,0.0,5.49,26.76,WEATHER_STATION,VALID,0.0,0.019483112592592597
2025-12-07 03:00:00,WX-MASTER,0.0,5.229,26.05,WEATHER_STATION,VALID,0.0,0.013976244979259261
2025-12-07 04:00:00,WX-MASTER,0.0,8.059,24.94,WEATHER_STATION,VALID,0.0,0.16340085973755822
2025-12-07 05:00:00,WX-MASTER,0.0,8.515,22.5,WEATHER_STATION,VALID,0.0,0.21168829712620038
2025-12-07 06:00:00,WX-MASTER,0.0,7.852,23.07,WEATHER_STATION,VALID,0.0,0.1441526649538546
2025-12-07 07:00:00,WX-MASTER,0.2101,4.036,22.26,WEATHER_STATION,VALID,0.20582888011969078,0.0014032645864471864
2025-12-07 08:00:00,WX-MASTER,0.3714,3.956,22.69,WEATHER_STATION,VALID,0.3638755239153428,0.0011026405908367625
2025-12-07 09:00:00,WX-MASTER,0.5614,8.009,22.1,WEATHER_STATION,VALID,0.5357195303857492,0.15860372904071335
2025-12-07 10:00:00,WX-MASTER,0.6448,4.884,24.74,WEATHER_STATION,VALID,0.6319954513582223,0.008439233327407413
2025-12-07 11:00:00,WX-MASTER,0.7025,3.247,24.03,WEATHER_STATION,VALID,0.6862122210842332,1.9017400768175557e-05
2025-12-07 12:00:00,WX-MASTER,0.7557,6.315,22.59,WEATHER_STATION,VALID,0.7501443156387587,0.04597385240740744
2025-12-07 13:00:00,WX-MASTER,0.7531,4.934,23.78,WEATHER_STATION,VALID,0.7369362498155564,0.009129136657997259
2025-12-07 14:00:00,WX-MASTER,0.7325,5.592,27.72,WEATHER_STATION,VALID,0.7221561593279064,0.021976842239999995
2025-12-07 15:00:00,WX-MASTER,0.5092,2.016,26.97,WEATHER_STATION,VALID,0.49756791863952493,0.0
2025-12-07 16:00:00,WX-MASTER,0.4032,4.636,27.56,WEATHER_STATION,VALID,0.3970306112554486,0.005525991302496572
2025-12-07 17:00:00,WX-MASTER,0.2352,6.483,30.11,WEATHER_STATION,VALID,0.2236030506716289,0.05332375475999998
2025-12-07 18:00:00,WX-MASTER,0.0,4.646,29.13,WEATHER_STATION,VALID,0.0,0.005627944314293552
2025-12-07 19:00:00,WX-MASTER,0.0,7.337,28.22,WEATHER_STATION,VALID,0.0,0.10295052495577502
2025-12-07 20:00:00,WX-MASTER,0.0,4.281,28.42,WEATHER_STATION,VALID,0.0,0.00265281942074074
2025-12-07 21:00:00,WX-MASTER,0.0,6.097,30.41,WEATHER_STATION,VALID,0.0,0.03748727870941016
2025-12-07 22:00:00,WX-MASTER,0.0,8.605,31.74,WEATHER_STATION,VALID,0.0,0.22222205008916335
2025-12-07 23:00:00,WX-MASTER,0.0,5.151,29.76,WEATHER_STATION,VALID,0.0,0.012559765479999999
2025-12-08 00:00:00,WX-MASTER,0.0,7.136,27.6,WEATHER_STATION,VALID,0.0,0.08928980803775034
2025-12-08 01:00:00,WX-MASTER,0.0,7.605,26.94,WEATHER_STATION,VALID,0.0,0.1232392942592593
2025-12-08 02:00:00,WX-MASTER,0.0,6.958,26.36,WEATHER_STATION,VALID,0.0,0.07825059862694105
2025-12-08 03:00:00,WX-MASTER,0.0,6.441,22.98,WEATHER_STATION,VALID,0.0,0.05141789782074073
2025-12-08 04:00:00,WX-MASTER,0.0,5.491,24.58,WEATHER_STATION,VALID,0.0,0.01950659565064471
2025-12-08 05:00:00,WX-MASTER,0.0,6.697,24.53,WEATHER_STATION,VALID,0.0,0.06376885964768177
2025-12-08 06:00:00,WX-MASTER,0.0,6.08,25.4,WEATHER_STATION,VALID,0.0,0.03687333750342935
2025-12-08 07:00:00,WX-MASTER,0.2701,4.092,24.23,WEATHER_STATION,VALID,0.26214030404402866,0.0016433429807407392
2025-12-08 08:00:00,WX-MASTER,0.4612,7.128,25.12,WEATHER_STATION,VALID,0.4459916075571029,0.08877268688592593
2025-12-08 09:00:00,WX-MASTER,0.5519,4.265,24.94,WEATHER_STATION,VALID,0.5305872753514833,0.0025546527503429338
2025-12-08 10:00:00,WX-MASTER,0.7787,3.391,24.95,WEATHER_STATION,VALID,0.7738479225170001,7.543807039780521e-05
2025-12-08 11:00:00,WX-MASTER,0.7095,4.27,23.86,WEATHER_STATION,VALID,0.675910629782773,0.002585064965706445
2025-12-08 12:00:00,WX-MASTER,0.7967,3.758,24.97,WEATHER_STATION,VALID,0.7812407489690797,0.0005496268189849109
2025-12-08 13:00:00,WX-MASTER,0.6553,4.521,23.4,WEATHER_STATION,VALID,0.6571352478678798,0.004440664279999999
2025-12-08 14:00:00,WX-MASTER,0.6186,3.247,26.46,WEATHER_STATION,VALID,0.6100379688785872,1.9017400768175557e-05
2025-12-08 15:00:00,WX-MASTER,0.5904,5.518,27.89,WEATHER_STATION,VALID,0.5724086925457422,0.020147792819533602
2025-12-08 16:00:00,WX-MASTER,0.4522,6.866,27.72,WEATHER_STATION,VALID,0.43094161241879153,0.07291986368219477
2025-12-08 17:00:00,WX-MASTER,0.1954,5.397,26.93,WEATHER_STATION,VALID,0.18554579576043095,0.017380585447407414
2025-12-08 18:00:00,WX-MASTER,0.0,3.611,31.24,WEATHER_STATION,VALID,0.0,0.00028786172910836796
2025-12-08 19:00:00,WX-MASTER,0.0,4.555,30.17,WEATHER_STATION,VALID,0.0,0.004745166755829902
2025-12-08 20:00:00,WX-MASTER,0.0,6.291,31.87,WEATHER_STATION,VALID,0.0,0.044982537005925936
2025-12-08 21:00:00,WX-MASTER,0.0,3.696,30.58,WEATHER_STATION,VALID,0.0,0.0004254886874074077
2025-12-08 22:00:00,WX-MASTER,0.0,4.874,30.98,WEATHER_STATION,VALID,0.0,0.008305562653058983
2025-12-08 23:00:00,WX-MASTER,0.0,4.515,30.18,WEATHER_STATION,VALID,0.0,0.004388319074074072
2025-12-09 00:00:00,WX-MASTER,0.0,6.943,27.27,WEATHER_STATION,VALID,0.0,0.07736430532570641
2025-12-09 01:00:00,WX-MASTER,0.0,9.666,26.63,WEATHER_STATION,VALID,0.0,0.373814572005926
2025-12-09 02:00:00,WX-MASTER,0.0,5.21,25.82,WEATHER_STATION,VALID,0.0,0.01362188219478738
2025-12-09 03:00:00,WX-MASTER,0.0,7.838,24.27,WEATHER_STATION,VALID,0.0,0.1429084441621948
2025-12-09 04:00:00,WX-MASTER,0.0,5.908,26.7,WEATHER_STATION,VALID,0.0,0.031034410873854598
2025-12-09 05:00:00,WX-MASTER,0.0,4.736,23.91,WEATHER_STATION,VALID,0.0,0.0066025159883676245
2025-12-09 06:00:00,WX-MASTER,0.0,8.257,23.85,WEATHER_STATION,VALID,0.0,0.18334717808718784
2025-12-09 07:00:00,WX-MASTER,0.2496,8.778,21.36,WEATHER_STATION,VALID,0.24367767101778082,0.24344054496
2025-12-09 08:00:00,WX-MASTER,0.3834,6.245,23.82,WEATHER_STATION,VALID,0.3750361120695006,0.04312254682441702
2025-12-09 09:00:00,WX-MASTER,0.5176,5.93,22.46,WEATHER_STATION,VALID,0.5011005059887078,0.031744110342935526
2025-12-09 10:00:00,WX-MASTER,0.7583,5.316,24.82,WEATHER_STATION,VALID,0.7217492195269325,0.015677469487407402
2025-12-09 11:00:00,WX-MASTER,0.8039,4.862,23.04,WEATHER_STATION,VALID,0.8009825025434373,0.008147030252071332
2025-12-09 12:00:00,WX-MASTER,0.6771,5.371,26.18,WEATHER_STATION,VALID,0.645920724031712,0.016821122011138553
2025-12-09 13:00:00,WX-MASTER,0.7103,5.746,26.56,WEATHER_STATION,VALID,0.6960311974732586,0.02613135306052128
2025-12-09 14:00:00,WX-MASTER,0.6281,7.035,25.78,WEATHER_STATION,VALID,0.6111417760595759,0.08290694574074076
2025-12-09 15:00:00,WX-MASTER,0.6627,4.267,28.94,WEATHER_STATION,VALID,0.6487913572626304,0.0025667888476817577
2025-12-09 16:00:00,WX-MASTER,0.4772,5.247,29.46,WEATHER_STATION,VALID,0.47510168902118977,0.01431757663259259
2025-12-09 17:00:00,WX-MASTER,0.2283,5.155,29.4,WEATHER_STATION,VALID,0.22337433231764697,0.012629964286694105
2025-12-09 18:00:00,WX-MASTER,0.0,6.83,28.17,WEATHER_STATION,VALID,0.0,0.07090169552812073
2025-12-09 19:00:00,WX-MASTER,0.0,8.873,30.68,WEATHER_STATION,VALID,0.0,0.255646765058491
2025-12-09 20:00:00,WX-MASTER,0.0,7.39,29.91,WEATHER_STATION,VALID,0.0,0.10677113508916322
2025-12-09 21:00:00,WX-MASTER,0.0,7.302,29.77,WEATHER_STATION,VALID,0.0,0.10047812383999999
2025-12-09 22:00:00,WX-MASTER,0.0,7.668,29.45,WEATHER_STATION,VALID,0.0,0.12836683728592596
2025-12-09 23:00:00,WX-MASTER,0.0,8.315,28.77,WEATHER_STATION,VALID,0.0,0.18948293608367622
2025-12-10 00:00:00,WX-MASTER,0.0,9.943,27.07,WEATHER_STATION,VALID,0.0,0.4223784914985459
2025-12-10 01:00:00,WX-MASTER,0.0,4.675,25.45,WEATHER_STATION,VALID,0.0,0.005930683299039778
2025-12-10 02:00:00,WX-MASTER,0.0,7.64,24.3,WEATHER_STATION,VALID,0.0,0.12607072219478738
2025-12-10 03:00:00,WX-MASTER,0.0,3.432,25.82,WEATHER_STATION,VALID,0.0,0.00010174463999999997
2025-12-10 04:00:00,WX-MASTER,0.0,7.889,21.7,WEATHER_STATION,VALID,0.0,0.14747568117898496
2025-12-10 05:00:00,WX-MASTER,0.0,7.18,24.76,WEATHER_STATION,VALID,0.0,0.09216990595336076
2025-12-10 06:00:00,WX-MASTER,0.0,5.524,23.94,WEATHER_STATION,VALID,0.0,0.020292163399286696
2025-12-10 07:00:00,WX-MASTER,0.2442,2.51,22.62,WEATHER_STATION,VALID,0.2327581716266384,0.0
2025-12-10 08:00:00,WX-MASTER,0.3796,5.701,24.1,WEATHER_STATION,VALID,0.36864363115301996,0.024867610223484212
2025-12-10 09:00:00,WX-MASTER,0.5238,5.759,22.67,WEATHER_STATION,VALID,0.5008871415965245,0.02650424274441702
2025-12-10 10:00:00,WX-MASTER,0.7253,5.164,23.83,WEATHER_STATION,VALID,0.7173464886662216,0.012788866925212614
2025-12-10 11:00:00,WX-MASTER,0.8588,4.258,21.54,WEATHER_STATION,VALID,0.8330428301334414,0.0025124777380521263
2025-12-10 12:00:00,WX-MASTER,0.7952,3.774,21.92,WEATHER_STATION,VALID,0.7695348012397433,0.0005851715200000002
2025-12-10 13:00:00,WX-MASTER,0.727,4.811,25.18,WEATHER_STATION,VALID,0.7116435901114426,0.007495759605651578
2025-12-10 14:00:00,WX-MASTER,0.7123,3.842,26.87,WEATHER_STATION,VALID,0.6801936390858645,0.0007533496199725652
2025-12-10 15:00:00,WX-MASTER,0.5151,6.009,28.41,WEATHER_STATION,VALID,0.4896863542821042,0.034381661660740755
2025-12-10 16:00:00,WX-MASTER,0.4908,4.99,27.9,WEATHER_STATION,VALID,0.47908228432784933,0.009945337558299044
2025-12-10 17:00:00,WX-MASTER,0.2439,3.039,29.13,WEATHER_STATION,VALID,0.23255985471474977,7.486074074074158e-08
2025-12-10 19:00:00,WX-MASTER,0.0,6.302,29.59,WEATHER_STATION,VALID,0.0,0.04543510183725649
2025-12-10 20:00:00,WX-MASTER,0.0,8.128,30.57,WEATHER_STATION,VALID,0.0,0.17017836567879294
2025-12-10 21:00:00,WX-MASTER,0.0,7.482,28.39,WEATHER_STATION,VALID,0.0,0.11362551264
2025-12-10 22:00:00,WX-MASTER,0.0,5.33,27.41,WEATHER_STATION,VALID,0.0,0.015963497997256517
2025-12-10 23:00:00,WX-MASTER,0.0,8.532,28.2,WEATHER_STATION,VALID,0.0,0.21365192656592596
2025-12-11 00:00:00,WX-MASTER,0.0,5.014,29.07,WEATHER_STATION,VALID,0.0,0.010309525986941017
2025-12-11 01:00:00,WX-MASTER,0.0,6.914,26.45,WEATHER_STATION,VALID,0.0,0.07566983082096021
2025-12-11 02:00:00,WX-MASTER,0.0,7.852,27.17,WEATHER_STATION,VALID,0.0,0.1441526649538546
2025-12-11 03:00:00,WX-MASTER,0.0,8.695,24.25,WEATHER_STATION,VALID,0.0,0.23309957638545956
2025-12-11 04:00:00,WX-MASTER,0.0,9.119,23.94,WEATHER_STATION,VALID,0.0,0.2891356605024417
2025-12-11 05:00:00,WX-MASTER,0.0,8.132,24.21,WEATHER_STATION,VALID,0.0,0.17057690969898487
2025-12-11 06:00:00,WX-MASTER,0.0,6.068,22.56,WEATHER_STATION,VALID,0.0,0.03644402743133058
2025-12-11 07:00:00,WX-MASTER,0.2423,6.746,22.41,WEATHER_STATION,VALID,0.23541212554006577,0.06633819004268864
2025-12-11 08:00:00,WX-MASTER,0.4362,6.023,19.76,WEATHER_STATION,VALID,0.42607294579166166,0.03486380152762687
2025-12-11 09:00:00,WX-MASTER,0.603,4.559,24.02,WEATHER_STATION,VALID,0.5840284822097309,0.004781879682688617
2025-12-11 10:00:00,WX-MASTER,0.785,5.107,23.22,WEATHER_STATION,VALID,0.76437035908866,0.01180467149459534
2025-12-11 11:00:00,WX-MASTER,0.664,7.414,22.78,WEATHER_STATION,VALID,0.6448602311411332,0.10853186988817555
2025-12-11 12:00:00,WX-MASTER,0.7534,5.792,26.84,WEATHER_STATION,VALID,0.7289494117797457,0.027466703595281194
2025-12-11 13:00:00,WX-MASTER,0.5447,7.567,24.54,WEATHER_STATION,VALID,0.5259393424390042,0.1202135254896571
2025-12-11 14:00:00,WX-MASTER,0.7312,3.488,25.77,WEATHER_STATION,VALID,0.70458872687647,0.00014666273009602193
2025-12-11 15:00:00,WX-MASTER,0.6156,4.472,26.14,WEATHER_STATION,VALID,0.5992737109546764,0.004025165382935531
2025-12-11 16:00:00,WX-MASTER,0.4906,5.644,29.47,WEATHER_STATION,VALID,0.4789051919209188,0.023326235261015096
2025-12-11 17:00:00,WX-MASTER,0.2548,6.257,30.59,WEATHER_STATION,VALID,0.2479141287374926,0.04360271926688614
2025-12-11 18:00:00,WX-MASTER,0.0,5.369,31.02,WEATHER_STATION,VALID,0.0,0.016778590749355275
2025-12-11 19:00:00,WX-MASTER,0.0,6.815,31.36,WEATHER_STATION,VALID,0.0,0.07007190521947876
2025-12-11 20:00:00,WX-MASTER,0.0,7.067,29.18,WEATHER_STATION,VALID,0.0,0.08489513753355282
2025-12-11 21:00:00,WX-MASTER,0.0,4.482,31.78,WEATHER_STATION,VALID,0.0,0.004107758565925928
2025-12-11 22:00:00,WX-MASTER,0.0,7.489,29.19,WEATHER_STATION,VALID,0.0,0.1141587264684225
2025-12-11 23:00:00,WX-MASTER,0.0,8.085,27.02,WEATHER_STATION,VALID,0.0,0.16593315500000008
2025-12-12 00:00:00,WX-MASTER,0.0,7.212,27.66,WEATHER_STATION,VALID,0.0,0.09430297343999999
2025-12-12 01:00:00,WX-MASTER,0.0,4.497,27.72,WEATHER_STATION,VALID,0.0,0.004233754780740741
2025-12-12 02:00:00,WX-MASTER,0.0,6.524,25.65,WEATHER_STATION,VALID,0.0,0.05522910408515775
2025-12-12 03:00:00,WX-MASTER,0.0,7.38,25.69,WEATHER_STATION,VALID,0.0,0.10604315259259259
2025-12-12 04:00:00,WX-MASTER,0.0,5.55,25.32,WEATHER_STATION,VALID,0.0,0.020925740740740738
2025-12-12 05:00:00,WX-MASTER,0.0,7.68,24.44,WEATHER_STATION,VALID,0.0,0.12935936
2025-12-12 06:00:00,WX-MASTER,0.0,7.206,24.18,WEATHER_STATION,VALID,0.0,0.09390054308740743
2025-12-12 07:00:00,WX-MASTER,0.2585,6.179,22.82,WEATHER_STATION,VALID,0.2558310003351073,0.040544493816021966
2025-12-12 08:00:00,WX-MASTER,0.404,5.766,22.05,WEATHER_STATION,VALID,0.39065442505795084,0.026706490820740746
2025-12-12 09:00:00,WX-MASTER,0.6161,5.743,21.28,WEATHER_STATION,VALID,0.5990528125427272,0.026045801226941025
2025-12-12 10:00:00,WX-MASTER,0.6808,5.264,23.29,WEATHER_STATION,VALID,0.6662348945753229,0.014645006425898497
2025-12-12 11:00:00,WX-MASTER,0.8584,3.418,23.3,WEATHER_STATION,VALID,0.8231098892099278,9.216990595336086e-05
2025-12-12 12:00:00,WX-MASTER,0.7468,4.404,24.53,WEATHER_STATION,VALID,0.726565933439646,0.00349270272
2025-12-12 14:00:00,WX-MASTER,0.7404,6.751,24.6,WEATHER_STATION,VALID,0.721235881433692,0.06660418086545955
2025-12-12 15:00:00,WX-MASTER,0.5314,5.88,27.94,WEATHER_STATION,VALID,0.5030704377176446,0.030146560000000006
2025-12-12 16:00:00,WX-MASTER,0.317,7.029,26.21,WEATHER_STATION,VALID,0.30869157180413753,0.08253765031259258
2025-12-12 17:00:00,WX-MASTER,0.2321,3.478,28.67,WEATHER_STATION,VALID,0.22497767937090046,0.00013783007385459553
2025-12-12 18:00:00,WX-MASTER,0.0,5.07,28.46,WEATHER_STATION,VALID,0.0,0.011193640000000006
2025-12-12 19:00:00,WX-MASTER,0.0,8.482,28.73,WEATHER_STATION,VALID,0.0,0.20791096427237307
2025-12-12 20:00:00,WX-MASTER,0.0,5.082,30.02,WEATHER_STATION,VALID,0.0,0.01138944271407407
2025-12-12 21:00:00,WX-MASTER,0.0,5.306,29.84,WEATHER_STATION,VALID,0.0,0.015475269035281212
2025-12-12 22:00:00,WX-MASTER,0.0,6.168,30.11,WEATHER_STATION,VALID,0.0,0.040125071360000014
2025-12-12 23:00:00,WX-MASTER,0.0,9.325,27.57,WEATHER_STATION,VALID,0.0,0.31933159379286685
2025-12-13 00:00:00,WX-MASTER,0.0,5.966,27.14,WEATHER_STATION,VALID,0.0,0.03292863583034295
2025-12-13 01:00:00,WX-MASTER,0.0,7.626,28.7,WEATHER_STATION,VALID,0.0,0.12493300448
2025-12-13 02:00:00,WX-MASTER,0.0,7.405,26.18,WEATHER_STATION,VALID,0.0,0.10786934391632375
2025-12-13 03:00:00,WX-MASTER,0.0,4.315,25.98,WEATHER_STATION,VALID,0.0,0.0028697070027434873
2025-12-13 04:00:00,WX-MASTER,0.0,6.667,24.1,WEATHER_STATION,VALID,0.0,0.06222902963780522
2025-12-13 05:00:00,WX-MASTER,0.0,5.78,24.52,WEATHER_STATION,VALID,0.0,0.0271140683676269
2025-12-13 06:00:00,WX-MASTER,0.0,7.151,20.43,WEATHER_STATION,VALID,0.0,0.09026481557602195
2025-12-13 07:00:00,WX-MASTER,0.242,8.277,24.45,WEATHER_STATION,VALID,0.23113572808275284,0.18544775558074067
2025-12-13 08:00:00,WX-MASTER,0.4776,5.307,22.4,WEATHER_STATION,VALID,0.4610202299369703,0.015495410380740747
2025-12-13 09:00:00,WX-MASTER,0.3786,5.056,21.57,WEATHER_STATION,VALID,0.3712852218130592,0.010968055262990398
2025-12-13 10:00:00,WX-MASTER,0.6496,8.554,22.15,WEATHER_STATION,VALID,0.6340761306174554,0.21621106961163244
2025-12-13 11:00:00,WX-MASTER,0.7973,4.176,23.66,WEATHER_STATION,VALID,0.7782036847666773,0.00205249573925926
2025-12-13 12:00:00,WX-MASTER,0.8221,3.229,24.57,WEATHER_STATION,VALID,0.7947938121942113,1.5155377064471897e-05
2025-12-13 13:00:00,WX-MASTER,0.5612,6.704,25.71,WEATHER_STATION,VALID,0.5412173295548324,0.06413177098886144
2025-12-13 14:00:00,WX-MASTER,0.7846,4.853,25.02,WEATHER_STATION,VALID,0.7589452600919123,0.00802946403133059
2025-12-13 15:00:00,WX-MASTER,0.6197,5.36,28.4,WEATHER_STATION,VALID,0.6078433615470108,0.01658808713305899
2025-12-13 16:00:00,WX-MASTER,0.4669,8.028,27.57,WEATHER_STATION,VALID,0.4587810345431915,0.1604154175525927
2025-12-13 17:00:00,WX-MASTER,0.2352,3.492,28.24,WEATHER_STATION,VALID,0.2245939794599599,0.0001502988325925926
2025-12-13 18:00:00,WX-MASTER,0.0,5.291,29.21,WEATHER_STATION,VALID,0.0,0.015175239941454052
2025-12-13 19:00:00,WX-MASTER,0.0,4.191,30.63,WEATHER_STATION,VALID,0.0,0.0021320411540740724
2025-12-13 20:00:00,WX-MASTER,0.0,6.495,29.91,WEATHER_STATION,VALID,0.0,0.05387680574074076
2025-12-13 21:00:00,WX-MASTER,0.0,5.591,29.18,WEATHER_STATION,VALID,0.0,0.02195141589207134
2025-12-13 22:00:00,WX-MASTER,0.0,5.008,29.09,WEATHER_STATION,VALID,0.0,0.010217659466447189
2025-12-13 23:00:00,WX-MASTER,0.0,7.666,30.39,WEATHER_STATION,VALID,0.0,0.1282019120333608
2025-12-14 00:00:00,WX-MASTER,0.0,6.865,29.5,WEATHER_STATION,VALID,0.0,0.07286329280521264
2025-12-14 01:00:00,WX-MASTER,0.0,5.286,27.83,WEATHER_STATION,VALID,0.0,0.01507609887999999
2025-12-14 02:00:00,WX-MASTER,0.0,5.36,26.66,WEATHER_STATION,VALID,0.0,0.01658808713305899
2025-12-14 03:00:00,WX-MASTER,0.0,7.105,28.35,WEATHER_STATION,VALID,0.0,0.0872970932990398
2025-12-14 04:00:00,WX-MASTER,0.0,4.527,25.29,WEATHER_STATION,VALID,0.0,0.004493424099259261
2025-12-14 05:00:00,WX-MASTER,0.0,6.806,24.22,WEATHER_STATION,VALID,0.0,0.06957715249207133
2025-12-14 06:00:00,WX-MASTER,0.0,8.023,23.21,WEATHER_STATION,VALID,0.0,0.15993732701459534
2025-12-14 07:00:00,WX-MASTER,0.2367,6.895,23.53,WEATHER_STATION,VALID,0.2335472078306847,0.07457318379286691
2025-12-14 08:00:00,WX-MASTER,0.4887,4.957,19.33,WEATHER_STATION,VALID,0.4696513238388394,0.009458728852620026
2025-12-14 09:00:00,WX-MASTER,0.5802,5.873,24.33,WEATHER_STATION,VALID,0.5677234478028911,0.029927275181947877
2025-12-14 10:00:00,WX-MASTER,0.5787,3.666,21.92,WEATHER_STATION,VALID,0.5640698419151313,0.00037280607999999995
2025-12-14 11:00:00,WX-MASTER,0.858,5.29,23.14,WEATHER_STATION,VALID,0.8142808659099735,0.015155377064471884
2025-12-14 12:00:00,WX-MASTER,0.8765,4.563,23.05,WEATHER_STATION,VALID,0.8570307801917115,0.004818781485925924
2025-12-14 13:00:00,WX-MASTER,0.7574,3.574,24.69,WEATHER_STATION,VALID,0.7186190764239427,0.00023866897953360759
2025-12-14 14:00:00,WX-MASTER,0.6033,5.742,26.07,WEATHER_STATION,VALID,0.5908849169989805,0.026017325499259256
2025-12-14 15:00:00,WX-MASTER,0.5493,2.433,28.45,WEATHER_STATION,VALID,0.5286419944564233,0.0
2025-12-14 16:00:00,WX-MASTER,0.3492,3.598,29.78,WEATHER_STATION,VALID,0.3387678276725573,0.00026987574299039765
2025-12-14 17:00:00,WX-MASTER,0.2631,3.943,31.28,WEATHER_STATION,VALID,0.25009912417879965,0.0010582673010150895
2025-12-14 18:00:00,WX-MASTER,0.0,4.901,29.63,WEATHER_STATION,VALID,0.0,0.00866975150194787
2025-12-14 19:00:00,WX-MASTER,0.0,7.5,29.6,WEATHER_STATION,VALID,0.0,0.115
2025-12-14 20:00:00,WX-MASTER,0.0,7.052,30.92,WEATHER_STATION,VALID,0.0,0.08395926134342933
2025-12-14 21:00:00,WX-MASTER,0.0,6.459,28.84,WEATHER_STATION,VALID,0.0,0.05222903299407407
2025-12-14 22:00:00,WX-MASTER,0.0,6.621,28.35,WEATHER_STATION,VALID,0.0,0.0599164223540741
2025-12-14 23:00:00,WX-MASTER,0.0,6.711,28.51,WEATHER_STATION,VALID,0.0,0.06449605662074076
2025-12-15 00:00:00,WX-MASTER,0.0,8.647,28.22,WEATHER_STATION,VALID,0.0,0.22725511251187933
2025-12-15 01:00:00,WX-MASTER,0.0,4.566,24.94,WEATHER_STATION,VALID,0.0,0.004846582079999999
2025-12-15 02:00:00,WX-MASTER,0.0,7.923,27.79,WEATHER_STATION,VALID,0.0,0.15057393716000003
2025-12-15 03:00:00,WX-MASTER,0.0,6.187,25.89,WEATHER_STATION,VALID,0.0,0.04085135718348424
2025-12-15 04:00:00,WX-MASTER,0.0,7.366,25.72,WEATHER_STATION,VALID,0.0,0.10502954719385456
2025-12-15 05:00:00,WX-MASTER,0.0,7.183,22.15,WEATHER_STATION,VALID,0.0,0.09236850036768174
2025-12-15 06:00:00,WX-MASTER,0.0,7.248,22.68,WEATHER_STATION,VALID,0.0,0.09674172416000001
2025-12-15 07:00:00,WX-MASTER,0.2412,8.1,22.27,WEATHER_STATION,VALID,0.23191914971386063,0.1674059259259259
2025-12-15 08:00:00,WX-MASTER,0.3957,3.998,22.77,WEATHER_STATION,VALID,0.3870575065708252,0.0012544458609602203
2025-12-15 09:00:00,WX-MASTER,0.5673,6.836,23.09,WEATHER_STATION,VALID,0.5484191122925993,0.07123543727231826
2025-12-15 10:00:00,WX-MASTER,0.76,5.223,24.52,WEATHER_STATION,VALID,0.7399136489219267,0.01386368516
2025-12-15 11:00:00,WX-MASTER,0.7178,4.526,24.15,WEATHER_STATION,VALID,0.6879216139613666,0.004484601934046638
2025-12-15 12:00:00,WX-MASTER,0.3006,7.644,23.87,WEATHER_STATION,VALID,0.29547952974253927,0.12639704832
2025-12-15 13:00:00,WX-MASTER,0.7588,5.85,28.23,WEATHER_STATION,VALID,0.7225098697728928,0.029214259259259256
2025-12-15 14:00:00,WX-MASTER,0.6522,4.401,26.19,WEATHER_STATION,VALID,0.6546024056880932,0.0034703614059259247
2025-12-15 15:00:00,WX-MASTER,0.553,6.261,26.33,WEATHER_STATION,VALID,0.5549737839272173,0.043763565287407415
2025-12-15 16:00:00,WX-MASTER,0.4479,5.092,26.0,WEATHER_STATION,VALID,0.4454322921649567,0.011554345230397799
2025-12-15 17:00:00,WX-MASTER,0.2137,4.778,29.09,WEATHER_STATION,VALID,0.21137754788890017,0.007093418265898487
2025-12-15 18:00:00,WX-MASTER,0.0,4.782,30.37,WEATHER_STATION,VALID,0.0,0.007141400640000001
2025-12-15 19:00:00,WX-MASTER,0.0,6.219,28.52,WEATHER_STATION,VALID,0.0,0.042094293912592604
2025-12-15 20:00:00,WX-MASTER,0.0,5.286,30.76,WEATHER_STATION,VALID,0.0,0.01507609887999999
2025-12-15 21:00:00,WX-MASTER,0.0,6.537,29.99,WEATHER_STATION,VALID,0.0,0.055842580440000004
2025-12-15 22:00:00,WX-MASTER,0.0,7.711,27.41,WEATHER_STATION,VALID,0.0,0.13194702775928674
2025-12-15 23:00:00,WX-MASTER,0.0,6.882,29.74,WEATHER_STATION,VALID,0.0,0.07382898404740738
2025-12-16 00:00:00,WX-MASTER,0.0,9.446,27.97,WEATHER_STATION,VALID,0.0,0.3380112869315775
2025-12-16 01:00:00,WX-MASTER,0.0,6.956,26.09,WEATHER_STATION,VALID,0.0,0.07813203713404666
2025-12-16 02:00:00,WX-MASTER,0.0,8.687,27.69,WEATHER_STATION,VALID,0.0,0.23211862206688608
2025-12-16 03:00:00,WX-MASTER,0.0,8.129,26.76,WEATHER_STATION,VALID,0.0,0.17027794342096023
2025-12-16 04:00:00,WX-MASTER,0.0,8.708,23.41,WEATHER_STATION,VALID,0.0,0.23469951511528123
2025-12-16 05:00:00,WX-MASTER,0.0,9.1,24.42,WEATHER_STATION,VALID,0.0,0.2864506447187928
2025-12-16 06:00:00,WX-MASTER,0.0,4.018,23.75,WEATHER_STATION,VALID,0.0,0.0013313849182990391
2025-12-16 07:00:00,WX-MASTER,0.2186,6.398,23.08,WEATHER_STATION,VALID,0.2092755295126304,0.04951427479923182
2025-12-16 08:00:00,WX-MASTER,0.4242,5.647,22.42,WEATHER_STATION,VALID,0.40239588597946835,0.02340572633903979
2025-12-16 09:00:00,WX-MASTER,0.607,5.687,22.98,WEATHER_STATION,VALID,0.5909602231243014,0.024482924782935532
2025-12-16 10:00:00,WX-MASTER,0.7084,4.802,24.64,WEATHER_STATION,VALID,0.6836010477316744,0.007384560602688612
2025-12-16 11:00:00,WX-MASTER,0.8577,4.432,24.56,WEATHER_STATION,VALID,0.84275272193585,0.003705862939039783
2025-12-16 12:00:00,WX-MASTER,0.8191,3.583,22.48,WEATHER_STATION,VALID,0.7789525678657648,0.0002500725158299042
2025-12-16 13:00:00,WX-MASTER,0.8577,5.078,23.06,WEATHER_STATION,VALID,0.8222257684286565,0.011323923549849114
2025-12-16 14:00:00,WX-MASTER,0.6677,6.171,24.31,WEATHER_STATION,VALID,0.6237555694608594,0.04023917102074076
2025-12-16 15:00:00,WX-MASTER,0.5394,4.388,25.82,WEATHER_STATION,VALID,0.5055444509932848,0.003374649693058984
2025-12-16 16:00:00,WX-MASTER,0.4236,4.738,27.38,WEATHER_STATION,VALID,0.42231771457300343,0.006625362044224969
2025-12-16 17:00:00,WX-MASTER,0.209,4.446,28.47,WEATHER_STATION,VALID,0.20926208049525244,0.003815620539259256
2025-12-16 18:00:00,WX-MASTER,0.0,4.29,29.49,WEATHER_STATION,VALID,0.0,0.002709127407407408
2025-12-16 19:00:00,WX-MASTER,0.0,5.529,29.88,WEATHER_STATION,VALID,0.0,0.020412997719999992
2025-12-16 20:00:00,WX-MASTER,0.0,6.543,29.98,WEATHER_STATION,VALID,0.0,0.05612724895259259
2025-12-16 21:00:00,WX-MASTER,0.0,7.982,31.29,WEATHER_STATION,VALID,0.0,0.1560527652051578
2025-12-16 22:00:00,WX-MASTER,0.0,5.021,27.56,WEATHER_STATION,VALID,0.0,0.010417397585898488
2025-12-16 23:00:00,WX-MASTER,0.0,6.712,29.42,WEATHER_STATION,VALID,0.0,0.06454820976373112
2025-12-17 00:00:00,WX-MASTER,0.0,8.422,28.72,WEATHER_STATION,VALID,0.0,0.20115870854891643
2025-12-17 01:00:00,WX-MASTER,0.0,5.42,25.96,WEATHER_STATION,VALID,0.0,0.017885718737997262
2025-12-17 02:00:00,WX-MASTER,0.0,8.594,27.21,WEATHER_STATION,VALID,0.0,0.22091626147775031
2025-12-17 03:00:00,WX-MASTER,0.0,6.303,26.11,WEATHER_STATION,VALID,0.0,0.04547639396
2025-12-17 04:00:00,WX-MASTER,0.0,7.663,24.77,WEATHER_STATION,VALID,0.0,0.1279547891182991
2025-12-17 05:00:00,WX-MASTER,0.0,6.266,21.19,WEATHER_STATION,VALID,0.0,0.04396517844762688
2025-12-17 06:00:00,WX-MASTER,0.0,6.917,24.7,WEATHER_STATION,VALID,0.0,0.07584396229898488
2025-12-17 07:00:00,WX-MASTER,0.196,8.159,23.46,WEATHER_STATION,VALID,0.1904944598756658,0.17328336886787388
2025-12-17 08:00:00,WX-MASTER,0.4812,5.648,23.55,WEATHER_STATION,VALID,0.47675344180260465,0.02343226344120712
2025-12-17 09:00:00,WX-MASTER,0.5805,6.851,19.12,WEATHER_STATION,VALID,0.5616204677661862,0.07207436999577503
2025-12-17 10:00:00,WX-MASTER,0.7535,5.689,22.9,WEATHER_STATION,VALID,0.7412910885550199,0.024537635209163244
2025-12-17 11:00:00,WX-MASTER,0.816,4.13,22.38,WEATHER_STATION,VALID,0.7695855178439819,0.0018209399725651566
2025-12-17 12:00:00,WX-MASTER,0.7164,4.837,26.37,WEATHER_STATION,VALID,0.6898534790554182,0.00782326007237311
2025-12-17 13:00:00,WX-MASTER,0.6849,4.694,24.34,WEATHER_STATION,VALID,0.6646374590486249,0.006134801527133057
2025-12-17 14:00:00,WX-MASTER,0.7435,3.135,28.35,WEATHER_STATION,VALID,0.7426449453998502,3.1049999999999855e-06
2025-12-17 15:00:00,WX-MASTER,0.5669,5.64,28.62,WEATHER_STATION,VALID,0.5332265474599994,0.023220527407407397
2025-12-17 16:00:00,WX-MASTER,0.4778,6.034,28.59,WEATHER_STATION,VALID,0.4627764639198145,0.03524577207089162
2025-12-17 17:00:00,WX-MASTER,0.2342,6.423,30.41,WEATHER_STATION,VALID,0.2322913479332688,0.050615204567407424
2025-12-17 18:00:00,WX-MASTER,0.0,7.455,28.47,WEATHER_STATION,VALID,0.0,0.11158438500000001
2025-12-17 19:00:00,WX-MASTER,0.0,7.09,29.03,WEATHER_STATION,VALID,0.0,0.08634361410150891
2025-12-17 20:00:00,WX-MASTER,0.0,5.327,31.18,WEATHER_STATION,VALID,0.0,0.015901915775528117
2025-12-17 21:00:00,WX-MASTER,0.0,5.854,28.82,WEATHER_STATION,VALID,0.0,0.029337439389410153
2025-12-17 22:00:00,WX-MASTER,0.0,7.675,28.01,WEATHER_STATION,VALID,0.0,0.12894518947187925
2025-12-17 23:00:00,WX-MASTER,0.0,7.271,28.66,WEATHER_STATION,VALID,0.0,0.09832161721552812
2025-12-18 00:00:00,WX-MASTER,0.0,6.881,27.29,WEATHER_STATION,VALID,0.0,0.07377194388713307
2025-12-18 01:00:00,WX-MASTER,0.0,5.829,29.74,WEATHER_STATION,VALID,0.0,0.0285732171274074
2025-12-18 02:00:00,WX-MASTER,0.0,6.27,27.53,WEATHER_STATION,VALID,0.0,0.04412691407407406
2025-12-18 03:00:00,WX-MASTER,0.0,7.645,25.0,WEATHER_STATION,VALID,0.0,0.1264787177434842
2025-12-18 04:00:00,WX-MASTER,0.0,4.215,23.65,WEATHER_STATION,VALID,0.0,0.002263544999999999
2025-12-18 05:00:00,WX-MASTER,0.0,3.521,24.53,WEATHER_STATION,VALID,0.0,0.0001784733883676268
2025-12-18 06:00:00,WX-MASTER,0.0,7.236,24.99,WEATHER_STATION,VALID,0.0,0.09592419280592591
2025-12-18 07:00:00,WX-MASTER,0.2442,5.387,23.57,WEATHER_STATION,VALID,0.23441323725938248,0.017163962461947867
2025-12-18 08:00:00,WX-MASTER,0.4013,6.429,21.96,WEATHER_STATION,VALID,0.3922626742967136,0.050881833720000005
2025-12-18 09:00:00,WX-MASTER,0.5751,7.619,21.5,WEATHER_STATION,VALID,0.5479807358413047,0.12436672149009605
2025-12-18 10:00:00,WX-MASTER,0.7176,4.029,23.12,WEATHER_STATION,VALID,0.7043656858299437,0.001375011794074074
2025-12-18 11:00:00,WX-MASTER,0.829,2.995,24.5,WEATHER_STATION,VALID,0.7981818745741098,0.0
2025-12-18 12:00:00,WX-MASTER,0.8442,4.68,24.29,WEATHER_STATION,VALID,0.8335516382715645,0.005983952592592591
2025-12-18 13:00:00,WX-MASTER,0.669,4.087,26.9,WEATHER_STATION,VALID,0.6449888784024663,0.0016208727884224955
2025-12-18 14:00:00,WX-MASTER,0.7674,4.95,27.23,WEATHER_STATION,VALID,0.7516519121717482,0.009357592592592594
2025-12-18 15:00:00,WX-MASTER,0.5804,5.756,27.79,WEATHER_STATION,VALID,0.564551270026067,0.02641787851676269
2025-12-18 16:00:00,WX-MASTER,0.388,5.617,28.96,WEATHER_STATION,VALID,0.3806895089050183,0.022618899292126207
2025-12-18 17:00:00,WX-MASTER,0.2695,5.441,27.41,WEATHER_STATION,VALID,0.2618594603115068,0.01835539087972565
2025-12-18 18:00:00,WX-MASTER,0.0,6.985,29.03,WEATHER_STATION,VALID,0.0,0.07986293675582994
2025-12-18 19:00:00,WX-MASTER,0.0,6.735,28.73,WEATHER_STATION,VALID,0.0,0.06575550500000002
2025-12-18 20:00:00,WX-MASTER,0.0,5.888,30.56,WEATHER_STATION,VALID,0.0,0.030398479816515778
2025-12-18 21:00:00,WX-MASTER,0.0,7.2,28.75,WEATHER_STATION,VALID,0.0,0.09349925925925927
2025-12-18 22:00:00,WX-MASTER,0.0,4.588,29.73,WEATHER_STATION,VALID,0.0,0.005053727180027437
2025-12-18 23:00:00,WX-MASTER,0.0,8.161,28.88,WEATHER_STATION,VALID,0.0,0.1734849783518793
2025-12-19 00:00:00,WX-MASTER,0.0,6.947,29.1,WEATHER_STATION,VALID,0.0,0.07759999230886147
2025-12-19 01:00:00,WX-MASTER,0.0,5.419,26.1,WEATHER_STATION,VALID,0.0,0.017863555520274337
2025-12-19 02:00:00,WX-MASTER,0.0,6.432,27.17,WEATHER_STATION,VALID,0.0,0.05101549871407409
2025-12-19 03:00:00,WX-MASTER,0.0,8.25,24.44,WEATHER_STATION,VALID,0.0,0.18261574074074077
2025-12-19 04:00:00,WX-MASTER,0.0,5.767,23.72,WEATHER_STATION,VALID,0.0,0.026735467119286697
2025-12-19 05:00:00,WX-MASTER,0.0,7.111,23.98,WEATHER_STATION,VALID,0.0,0.08768044178397802
2025-12-19 06:00:00,WX-MASTER,0.0,7.49,25.03,WEATHER_STATION,VALID,0.0,0.11423503577503433
2025-12-19 07:00:00,WX-MASTER,0.2472,6.126,22.24,WEATHER_STATION,VALID,0.24085181127669206,0.038550251887407426
2025-12-19 08:00:00,WX-MASTER,0.4687,4.709,21.0,WEATHER_STATION,VALID,0.4520095142672565,0.006299215806145402
2025-12-19 09:00:00,WX-MASTER,0.3257,5.5,22.12,WEATHER_STATION,VALID,0.31706452510849753,0.01971879286694102
2025-12-19 10:00:00,WX-MASTER,0.6111,3.527,23.14,WEATHER_STATION,VALID,0.603701284411614,0.0001847107384910838
2025-12-19 11:00:00,WX-MASTER,0.791,4.544,26.4,WEATHER_STATION,VALID,0.7666267335829597,0.004645176144417006
2025-12-19 12:00:00,WX-MASTER,0.7364,12.982,25.35,WEATHER_STATION,VALID,0.7201753529049318,0.92
2025-12-19 13:00:00,WX-MASTER,0.7715,4.931,24.82,WEATHER_STATION,VALID,0.7488915019823996,0.009086719467379973
2025-12-19 14:00:00,WX-MASTER,0.5941,3.347,26.46,WEATHER_STATION,VALID,0.5773874089269257,5.272890145404662e-05
2025-12-19 15:00:00,WX-MASTER,0.57,5.179,29.42,WEATHER_STATION,VALID,0.5676351619718224,0.013056656833854602
2025-12-19 16:00:00,WX-MASTER,0.4674,6.679,28.09,WEATHER_STATION,VALID,0.4618033292476183,0.06284195140175584
2025-12-19 17:00:00,WX-MASTER,0.2543,6.949,28.83,WEATHER_STATION,VALID,0.2469738858530641,0.07771801509064472
2025-12-19 18:00:00,WX-MASTER,0.0,4.004,29.18,WEATHER_STATION,VALID,0.0,0.0012772074333058968
2025-12-19 19:00:00,WX-MASTER,0.0,5.011,30.85,WEATHER_STATION,VALID,0.0,0.01026352420373114
2025-12-19 20:00:00,WX-MASTER,0.0,7.246,29.5,WEATHER_STATION,VALID,0.0,0.09660514762842255
2025-12-19 21:00:00,WX-MASTER,0.0,7.304,31.06,WEATHER_STATION,VALID,0.0,0.10061832585305902
2025-12-19 22:00:00,WX-MASTER,0.0,5.812,30.94,WEATHER_STATION,VALID,0.0,0.028061200578545963
2025-12-19 23:00:00,WX-MASTER,0.0,6.16,29.84,WEATHER_STATION,VALID,0.0,0.03982186052126201
2025-12-20 00:00:00,WX-MASTER,0.0,7.039,28.14,WEATHER_STATION,VALID,0.0,0.08315375365360765
2025-12-20 01:00:00,WX-MASTER,0.0,4.611,25.89,WEATHER_STATION,VALID,0.0,0.005276511879999997
2025-12-20 02:00:00,WX-MASTER,0.0,7.671,26.39,WEATHER_STATION,VALID,0.0,0.12861449028000002
2025-12-20 03:00:00,WX-MASTER,0.0,8.323,24.95,WEATHER_STATION,VALID,0.0,0.19033983896521262
2025-12-20 04:00:00,WX-MASTER,0.0,6.274,23.98,WEATHER_STATION,VALID,0.0,0.04428904586842249
2025-12-20 05:00:00,WX-MASTER,0.0,4.746,23.9,WEATHER_STATION,VALID,0.0,0.006717273280000007
2025-12-20 06:00:00,WX-MASTER,0.0,8.199,24.21,WEATHER_STATION,VALID,0.0,0.17734532777925927
2025-12-20 07:00:00,WX-MASTER,0.2395,6.394,22.53,WEATHER_STATION,VALID,0.23486134101484454,0.0493396214338546
2025-12-20 08:00:00,WX-MASTER,0.4234,6.769,21.51,WEATHER_STATION,VALID,0.4155720699247359,0.06756763396471882
2025-12-20 09:00:00,WX-MASTER,0.3676,3.879,22.13,WEATHER_STATION,VALID,0.3642682876506067,0.0008570909792592592
2025-12-20 10:00:00,WX-MASTER,0.7089,3.661,25.66,WEATHER_STATION,VALID,0.6953749166651781,0.00036447242595336087
2025-12-20 11:00:00,WX-MASTER,0.8526,5.732,24.84,WEATHER_STATION,VALID,0.8100421946198382,0.025733708908861463
2025-12-20 12:00:00,WX-MASTER,0.7883,6.404,23.76,WEATHER_STATION,VALID,0.7884159717277092,0.04977702689009603
2025-12-20 13:00:00,WX-MASTER,0.8575,3.538,27.3,WEATHER_STATION,VALID,0.8454820117409371,0.00019652016768175563
2025-12-20 14:00:00,WX-MASTER,0.6856,4.879,26.37,WEATHER_STATION,VALID,0.6597920530729748,0.008372220142496566
2025-12-20 15:00:00,WX-MASTER,0.5638,3.021,30.3,WEATHER_STATION,VALID,0.5381784607630734,1.1687407407407253e-08
2025-12-20 16:00:00,WX-MASTER,0.4028,4.308,28.73,WEATHER_STATION,VALID,0.3937660827465015,0.0028241225007407398
2025-12-20 17:00:00,WX-MASTER,0.1921,5.074,29.81,WEATHER_STATION,VALID,0.1855351936994438,0.011258656140027433
2025-12-20 18:00:00,WX-MASTER,0.0,6.273,30.7,WEATHER_STATION,VALID,0.0,0.04424847575259259
2025-12-20 19:00:00,WX-MASTER,0.0,3.153,31.83,WEATHER_STATION,VALID,0.0,4.519960000000001e-06
2025-12-20 20:00:00,WX-MASTER,0.0,7.868,29.63,WEATHER_STATION,VALID,0.0,0.14558345024614547
2025-12-20 21:00:00,WX-MASTER,0.0,6.181,31.72,WEATHER_STATION,VALID,0.0,0.04062106507780521
2025-12-20 22:00:00,WX-MASTER,0.0,8.308,28.94,WEATHER_STATION,VALID,0.0,0.18873525907138541
2025-12-20 23:00:00,WX-MASTER,0.0,7.715,28.7,WEATHER_STATION,VALID,0.0,0.13228341262688612
2025-12-21 00:00:00,WX-MASTER,0.0,8.054,28.45,WEATHER_STATION,VALID,0.0,0.16291685276663925
2025-12-21 01:00:00,WX-MASTER,0.0,9.635,28.7,WEATHER_STATION,VALID,0.0,0.3686235528737998
2025-12-21 02:00:00,WX-MASTER,0.0,5.986,26.3,WEATHER_STATION,VALID,0.0,0.033599259746941
2025-12-21 03:00:00,WX-MASTER,0.0,7.106,27.77,WEATHER_STATION,VALID,0.0,0.08736090696120712
2025-12-21 04:00:00,WX-MASTER,0.0,5.506,26.53,WEATHER_STATION,VALID,0.0,0.019861109188916336
2025-12-21 05:00:00,WX-MASTER,0.0,6.473,24.26,WEATHER_STATION,VALID,0.0,0.05286578056466393
2025-12-21 06:00:00,WX-MASTER,0.0,7.313,22.5,WEATHER_STATION,VALID,0.0,0.10125084898935528
2025-12-21 07:00:00,WX-MASTER,0.2015,7.589,24.51,WEATHER_STATION,VALID,0.1955026457522748,0.12195917337651582
2025-12-21 08:00:00,WX-MASTER,0.3814,5.365,20.68,WEATHER_STATION,VALID,0.37316766863174805,0.01669374342249657
2025-12-21 09:00:00,WX-MASTER,0.589,4.045,24.2,WEATHER_STATION,VALID,0.5749097223636012,0.001440154780521262
2025-12-21 10:00:00,WX-MASTER,0.6726,5.484,22.67,WEATHER_STATION,VALID,0.6472548193302387,0.019342609920000007
2025-12-21 11:00:00,WX-MASTER,0.6395,4.1,25.72,WEATHER_STATION,VALID,0.6231718809645527,0.0016797256515775016
2025-12-21 12:00:00,WX-MASTER,0.7781,4.331,23.28,WEATHER_STATION,VALID,0.7722917418829978,0.002975736455034296
2025-12-21 13:00:00,WX-MASTER,0.7335,5.893,24.99,WEATHER_STATION,VALID,0.7137521044221176,0.030556640165212614
2025-12-21 14:00:00,WX-MASTER,0.6068,5.657,27.22,WEATHER_STATION,VALID,0.5737310874881789,0.023672000550836764
2025-12-21 15:00:00,WX-MASTER,0.5626,6.183,28.32,WEATHER_STATION,VALID,0.5474368076532313,0.040697732685925914
2025-12-21 16:00:00,WX-MASTER,0.419,4.796,27.69,WEATHER_STATION,VALID,0.41927626956407127,0.0073110422896022
2025-12-21 17:00:00,WX-MASTER,0.2229,6.735,28.77,WEATHER_STATION,VALID,0.211908608816348,0.06575550500000002
2025-12-21 18:00:00,WX-MASTER,0.0,5.67,30.87,WEATHER_STATION,VALID,0.0,0.024021165925925916
2025-12-21 19:00:00,WX-MASTER,0.0,5.536,31.28,WEATHER_STATION,VALID,0.0,0.020582970265459525
2025-12-21 20:00:00,WX-MASTER,0.0,4.738,29.77,WEATHER_STATION,VALID,0.0,0.006625362044224969
2025-12-21 21:00:00,WX-MASTER,0.0,3.7,29.34,WEATHER_STATION,VALID,0.0,0.00043286694101508943
2025-12-21 22:00:00,WX-MASTER,0.0,4.607,28.08,WEATHER_STATION,VALID,0.0,0.005237305760713309
2025-12-21 23:00:00,WX-MASTER,0.0,7.101,29.47,WEATHER_STATION,VALID,0.0,0.08704214940592593
2025-12-22 00:00:00,WX-MASTER,0.0,5.781,29.45,WEATHER_STATION,VALID,0.0,0.027143338679999986
2025-12-22 01:00:00,WX-MASTER,0.0,4.884,27.81,WEATHER_STATION,VALID,0.0,0.008439233327407413
2025-12-22 02:00:00,WX-MASTER,0.0,6.472,25.61,WEATHER_STATION,VALID,0.0,0.05282012790694104
2025-12-22 03:00:00,WX-MASTER,0.0,7.308,27.96,WEATHER_STATION,VALID,0.0,0.10089912101925924
2025-12-22 04:00:00,WX-MASTER,0.0,7.348,22.45,WEATHER_STATION,VALID,0.0,0.10373585845903978
2025-12-22 05:00:00,WX-MASTER,0.0,6.583,25.3,WEATHER_STATION,VALID,0.0,0.058049799429410166
2025-12-22 06:00:00,WX-MASTER,0.0,6.312,23.95,WEATHER_STATION,VALID,0.0,0.04584914944000002
2025-12-22 07:00:00,WX-MASTER,0.2695,5.438,23.9,WEATHER_STATION,VALID,0.26326741691692807,0.018287797446145396
2025-12-22 08:00:00,WX-MASTER,0.4249,6.701,22.28,WEATHER_STATION,VALID,0.4165299842617494,0.06397606942787377
2025-12-22 09:00:00,WX-MASTER,0.621,5.396,23.16,WEATHER_STATION,VALID,0.5985226132074903,0.017358841598244166
2025-12-22 10:00:00,WX-MASTER,0.7427,5.304,24.04,WEATHER_STATION,VALID,0.7176970038545157,0.015435038720000002
2025-12-22 11:00:00,WX-MASTER,0.8193,6.572,24.14,WEATHER_STATION,VALID,0.8068217515708717,0.05751679125947875
2025-12-22 12:00:00,WX-MASTER,0.8055,6.126,22.82,WEATHER_STATION,VALID,0.8056050409088018,0.038550251887407426
2025-12-22 13:00:00,WX-MASTER,0.7754,4.795,27.87,WEATHER_STATION,VALID,0.7694443224412528,0.007298836879286692
2025-12-22 14:00:00,WX-MASTER,0.7019,4.615,27.5,WEATHER_STATION,VALID,0.6893210180840914,0.005315913175582992
2025-12-22 15:00:00,WX-MASTER,0.5496,4.678,27.67,WEATHER_STATION,VALID,0.5334017813764953,0.0059626067652126195
2025-12-22 16:00:00,WX-MASTER,0.4492,2.621,28.59,WEATHER_STATION,VALID,0.4371370860443332,0.0
2025-12-22 17:00:00,WX-MASTER,0.2695,6.864,31.22,WEATHER_STATION,VALID,0.2583689466612113,0.07280675119407409
2025-12-22 18:00:00,WX-MASTER,0.0,4.776,28.86,WEATHER_STATION,VALID,0.0,0.0070695078874074046
2025-12-22 19:00:00,WX-MASTER,0.0,7.031,28.94,WEATHER_STATION,VALID,0.0,0.08266062667725649
2025-12-22 20:00:00,WX-MASTER,0.0,6.235,31.24,WEATHER_STATION,VALID,0.0,0.04272510650891633
2025-12-22 21:00:00,WX-MASTER,0.0,8.241,30.66,WEATHER_STATION,VALID,0.0,0.181678183154074
2025-12-22 22:00:00,WX-MASTER,0.0,7.343,28.54,WEATHER_STATION,VALID,0.0,0.10337839544367629
2025-12-22 23:00:00,WX-MASTER,0.0,8.021,30.5,WEATHER_STATION,VALID,0.0,0.1597463570920714
2025-12-23 00:00:00,WX-MASTER,0.0,6.206,28.86,WEATHER_STATION,VALID,0.0,0.041586354664910855
2025-12-23 01:00:00,WX-MASTER,0.0,5.367,26.58,WEATHER_STATION,VALID,0.0,0.016736131240000004
2025-12-23 02:00:00,WX-MASTER,0.0,7.224,27.34,WEATHER_STATION,VALID,0.0,0.09511128026074077
2025-12-23 03:00:00,WX-MASTER,0.0,4.467,26.26,WEATHER_STATION,VALID,0.0,0.003984287239999996
2025-12-23 04:00:00,WX-MASTER,0.0,6.215,24.9,WEATHER_STATION,VALID,0.0,0.0419375669478738
2025-12-23 05:00:00,WX-MASTER,0.0,5.089,24.74,WEATHER_STATION,VALID,0.0,0.011504708493113863
2025-12-23 06:00:00,WX-MASTER,0.0,5.315,24.47,WEATHER_STATION,VALID,0.0,0.015657170651577505
2025-12-23 07:00:00,WX-MASTER,0.245,6.927,24.47,WEATHER_STATION,VALID,0.23035218870913718,0.07642632958074072
2025-12-23 08:00:00,WX-MASTER,0.4198,6.581,23.38,WEATHER_STATION,VALID,0.4072266905846759,0.05795264497355284
2025-12-23 09:00:00,WX-MASTER,0.6453,5.431,23.05,WEATHER_STATION,VALID,0.6268714631297228,0.01813072520126201
2025-12-23 10:00:00,WX-MASTER,0.7841,5.834,24.01,WEATHER_STATION,VALID,0.7653311763222872,0.028724986732071314
2025-12-23 11:00:00,WX-MASTER,0.675,4.535,25.71,WEATHER_STATION,VALID,0.6492928932286742,0.004564418305898493
2025-12-23 12:00:00,WX-MASTER,0.7517,8.267,25.76,WEATHER_STATION,VALID,0.7187989501356814,0.18439547274342932
2025-12-23 13:00:00,WX-MASTER,0.8343,5.441,25.45,WEATHER_STATION,VALID,0.809179442257389,0.01835539087972565
2025-12-23 14:00:00,WX-MASTER,0.6848,4.288,26.82,WEATHER_STATION,VALID,0.6597201093937053,0.0026965463405212633
2025-12-23 15:00:00,WX-MASTER,0.5549,6.267,29.66,WEATHER_STATION,VALID,0.5511633428366516,0.04400557524000002
2025-12-23 16:00:00,WX-MASTER,0.4812,6.876,29.4,WEATHER_STATION,VALID,0.4644237277100399,0.07348718373925928
2025-12-23 17:00:00,WX-MASTER,0.267,4.446,29.41,WEATHER_STATION,VALID,0.2587769934673731,0.003815620539259256
2025-12-23 18:00:00,WX-MASTER,0.0,3.837,31.15,WEATHER_STATION,VALID,0.0,0.0007400084400000006
2025-12-23 19:00:00,WX-MASTER,0.0,4.349,29.48,WEATHER_STATION,VALID,0.0,0.0030981051098491097
2025-12-23 20:00:00,WX-MASTER,0.0,5.325,30.65,WEATHER_STATION,VALID,0.0,0.01586094907407408
2025-12-23 21:00:00,WX-MASTER,0.0,6.376,32.38,WEATHER_STATION,VALID,0.0,0.04855876277903981
2025-12-23 22:00:00,WX-MASTER,0.0,4.552,30.57,WEATHER_STATION,VALID,0.0,0.004717755719286691
2025-12-23 23:00:00,WX-MASTER,0.0,6.307,31.17,WEATHER_STATION,VALID,0.0,0.045641812630397814
2025-12-24 00:00:00,WX-MASTER,0.0,6.721,28.43,WEATHER_STATION,VALID,0.0,0.06501885378891632
2025-12-24 01:00:00,WX-MASTER,0.0,7.476,27.12,WEATHER_STATION,VALID,0.0,0.11316979588740743
2025-12-24 02:00:00,WX-MASTER,0.0,7.843,28.18,WEATHER_STATION,VALID,0.0,0.14335198339978053
2025-12-24 03:00:00,WX-MASTER,0.0,7.497,23.68,WEATHER_STATION,VALID,0.0,0.11477015329925926
2025-12-24 04:00:00,WX-MASTER,0.0,9.169,25.25,WEATHER_STATION,VALID,0.0,0.29628155119928684
2025-12-24 05:00:00,WX-MASTER,0.0,8.073,25.55,WEATHER_STATION,VALID,0.0,0.16476117708592602
2025-12-24 06:00:00,WX-MASTER,0.0,6.71,24.43,WEATHER_STATION,VALID,0.0,0.06444393157750343
2025-12-24 07:00:00,WX-MASTER,0.2495,4.906,20.88,WEATHER_STATION,VALID,0.24521794301941166,0.008738340991385454
2025-12-24 08:00:00,WX-MASTER,0.3499,5.029,21.67,WEATHER_STATION,VALID,0.33484113024302714,0.010541597747434843
2025-12-24 09:00:00,WX-MASTER,0.588,3.799,23.27,WEATHER_STATION,VALID,0.5680622827999584,0.000643725386941015
2025-12-24 10:00:00,WX-MASTER,0.7841,5.633,24.32,WEATHER_STATION,VALID,0.7717251359423708,0.02303630799182442
2025-12-24 11:00:00,WX-MASTER,0.8576,5.684,24.93,WEATHER_STATION,VALID,0.8510029187766461,0.024401011719725654
2025-12-24 12:00:00,WX-MASTER,0.6296,6.288,25.03,WEATHER_STATION,VALID,0.6034319398707313,0.044859633967407414
2025-12-24 13:00:00,WX-MASTER,0.784,5.413,26.75,WEATHER_STATION,VALID,0.7547930014811837,0.017730960599780524
2025-12-24 14:00:00,WX-MASTER,0.6207,6.441,27.31,WEATHER_STATION,VALID,0.6223886993289062,0.05141789782074073
2025-12-24 15:00:00,WX-MASTER,0.5108,6.541,27.54,WEATHER_STATION,VALID,0.4962135536957299,0.05603225221854597
2025-12-24 16:00:00,WX-MASTER,0.4288,3.943,29.18,WEATHER_STATION,VALID,0.42766386420840885,0.0010582673010150895
2025-12-24 17:00:00,WX-MASTER,0.2695,4.795,28.48,WEATHER_STATION,VALID,0.26225122070508744,0.007298836879286692
2025-12-24 18:00:00,WX-MASTER,0.0,5.683,30.58,WEATHER_STATION,VALID,0.0,0.024373748022002744
2025-12-24 19:00:00,WX-MASTER,0.0,5.033,29.15,WEATHER_STATION,VALID,0.0,0.010604066312812077
2025-12-24 20:00:00,WX-MASTER,0.0,5.895,30.87,WEATHER_STATION,VALID,0.0,0.03062005759259258
2025-12-24 21:00:00,WX-MASTER,0.0,6.854,30.72,WEATHER_STATION,VALID,0.0,0.07224294303824418
2025-12-24 22:00:00,WX-MASTER,0.0,6.525,29.46,WEATHER_STATION,VALID,0.0,0.055276134259259285
2025-12-24 23:00:00,WX-MASTER,0.0,6.866,30.02,WEATHER_STATION,VALID,0.0,0.07291986368219477
2025-12-25 00:00:00,WX-MASTER,0.0,5.781,30.42,WEATHER_STATION,VALID,0.0,0.027143338679999986
2025-12-25 01:00:00,WX-MASTER,0.0,7.727,26.5,WEATHER_STATION,VALID,0.0,0.1332959965656516
2025-12-25 02:00:00,WX-MASTER,0.0,7.626,27.96,WEATHER_STATION,VALID,0.0,0.12493300448
2025-12-25 03:00:00,WX-MASTER,0.0,5.999,27.21,WEATHER_STATION,VALID,0.0,0.034040011356762684
2025-12-25 04:00:00,WX-MASTER,0.0,5.173,24.82,WEATHER_STATION,VALID,0.0,0.012949096817064474
2025-12-25 05:00:00,WX-MASTER,0.0,8.265,25.3,WEATHER_STATION,VALID,0.0,0.1841854950000001
2025-12-25 06:00:00,WX-MASTER,0.0,8.71,23.48,WEATHER_STATION,VALID,0.0,0.23494630743484243
2025-12-25 07:00:00,WX-MASTER,0.2315,6.489,24.94,WEATHER_STATION,VALID,0.22035857127122255,0.05359980471259259
2025-12-25 08:00:00,WX-MASTER,0.4529,5.452,20.03,WEATHER_STATION,VALID,0.43322955043466294,0.01860465823780521
2025-12-25 09:00:00,WX-MASTER,0.6381,7.032,25.17,WEATHER_STATION,VALID,0.6201454475193646,0.08272216064000001
2025-12-25 10:00:00,WX-MASTER,0.6531,6.06,22.45,WEATHER_STATION,VALID,0.633814676594526,0.03615967999999999
2025-12-25 11:00:00,WX-MASTER,0.7549,4.994,24.45,WEATHER_STATION,VALID,0.7213045785752882,0.010005430070342932
2025-12-25 12:00:00,WX-MASTER,0.8791,6.401,24.09,WEATHER_STATION,VALID,0.8432858098416062,0.049645534958738
2025-12-25 13:00:00,WX-MASTER,0.6696,4.028,27.7,WEATHER_STATION,VALID,0.6388146943481663,0.0013710069078737978
2025-12-25 14:00:00,WX-MASTER,0.7842,4.188,26.54,WEATHER_STATION,VALID,0.76602686909687,0.002115970559999999
2025-12-25 15:00:00,WX-MASTER,0.3539,5.632,27.07,WEATHER_STATION,VALID,0.33283778732436103,0.023010070741508903
2025-12-25 16:00:00,WX-MASTER,0.418,5.444,29.91,WEATHER_STATION,VALID,0.39911741077065754,0.01842315066293553
2025-12-25 17:00:00,WX-MASTER,0.2144,6.312,30.17,WEATHER_STATION,VALID,0.20197677998217126,0.04584914944000002
2025-12-25 18:00:00,WX-MASTER,0.0,7.264,29.45,WEATHER_STATION,VALID,0.0,0.09783897339434844
2025-12-25 19:00:00,WX-MASTER,0.0,3.948,29.01,WEATHER_STATION,VALID,0.0,0.001075190234074074
2025-12-25 20:00:00,WX-MASTER,0.0,6.278,28.96,WEATHER_STATION,VALID,0.0,0.04445157431528119
2025-12-25 21:00:00,WX-MASTER,0.0,8.949,31.73,WEATHER_STATION,VALID,0.0,0.26570039852000005
2025-12-25 22:00:00,WX-MASTER,0.0,5.925,30.35,WEATHER_STATION,VALID,0.0,0.03158187499999999
2025-12-25 23:00:00,WX-MASTER,0.0,5.952,29.5,WEATHER_STATION,VALID,0.0,0.03246454784000001
2025-12-26 00:00:00,WX-MASTER,0.0,4.109,29.19,WEATHER_STATION,VALID,0.0,0.0017212935345404662
2025-12-26 01:00:00,WX-MASTER,0.0,7.217,25.41,WEATHER_STATION,VALID,0.0,0.09463920906441699
2025-12-26 02:00:00,WX-MASTER,0.0,7.834,26.46,WEATHER_STATION,VALID,0.0,0.14255427221903977
2025-12-26 03:00:00,WX-MASTER,0.0,7.758,25.58,WEATHER_STATION,VALID,0.0,0.13593572635259257
2025-12-26 04:00:00,WX-MASTER,0.0,5.522,26.27,WEATHER_STATION,VALID,0.0,0.020243963506392328
2025-12-26 05:00:00,WX-MASTER,0.0,6.671,22.61,WEATHER_STATION,VALID,0.0,0.06243289198096023
2025-12-26 06:00:00,WX-MASTER,0.0,6.741,25.08,WEATHER_STATION,VALID,0.0,0.06607290833925925
2025-12-26 07:00:00,WX-MASTER,0.2598,6.267,25.62,WEATHER_STATION,VALID,0.25475351748790676,0.04400557524000002
2025-12-26 08:00:00,WX-MASTER,0.3828,4.515,21.28,WEATHER_STATION,VALID,0.35843262675833537,0.004388319074074072
2025-12-26 09:00:00,WX-MASTER,0.6345,5.788,23.48,WEATHER_STATION,VALID,0.6082988383634116,0.027348820908422507
2025-12-26 10:00:00,WX-MASTER,0.6519,4.406,24.41,WEATHER_STATION,VALID,0.6242865765301389,0.0035076500723182414
2025-12-26 11:00:00,WX-MASTER,0.663,2.851,25.42,WEATHER_STATION,VALID,0.6438888992793437,0.0
2025-12-26 12:00:00,WX-MASTER,0.7659,6.044,22.5,WEATHER_STATION,VALID,0.740592810939492,0.035595429971577504
2025-12-26 13:00:00,WX-MASTER,0.8579,5.279,26.34,WEATHER_STATION,VALID,0.8303424792317525,0.014938028186392322
2025-12-26 14:00:00,WX-MASTER,0.7082,5.872,26.58,WEATHER_STATION,VALID,0.6850979544316825,0.029896035857558307
2025-12-26 15:00:00,WX-MASTER,0.6618,4.481,27.41,WEATHER_STATION,VALID,0.6421684366812987,0.004099448874787378
2025-12-26 16:00:00,WX-MASTER,0.3992,6.125,31.08,WEATHER_STATION,VALID,0.3904583042301458,0.03851326731824417
2025-12-26 17:00:00,WX-MASTER,0.2657,6.828,29.06,WEATHER_STATION,VALID,0.258324158804531,0.07079068036740742
2025-12-26 18:00:00,WX-MASTER,0.0,8.009,30.42,WEATHER_STATION,VALID,0.0,0.15860372904071335
2025-12-26 19:00:00,WX-MASTER,0.0,7.04,30.08,WEATHER_STATION,VALID,0.0,0.0832155320713306
2025-12-26 20:00:00,WX-MASTER,0.0,6.743,30.63,WEATHER_STATION,VALID,0.0,0.06617893598688616
2025-12-26 21:00:00,WX-MASTER,0.0,4.7,30.89,WEATHER_STATION,VALID,0.0,0.0062002194787380005
2025-12-26 22:00:00,WX-MASTER,0.0,6.578,30.95,WEATHER_STATION,VALID,0.0,0.05780711663626889
2025-12-26 23:00:00,WX-MASTER,0.0,5.048,28.39,WEATHER_STATION,VALID,0.0,0.010840521021454047
2025-12-27 00:00:00,WX-MASTER,0.0,5.974,28.81,WEATHER_STATION,VALID,0.0,0.033195803991879304
2025-12-27 01:00:00,WX-MASTER,0.0,9.642,28.01,WEATHER_STATION,VALID,0.0,0.36979149023999996
2025-12-27 02:00:00,WX-MASTER,0.0,5.765,24.9,WEATHER_STATION,VALID,0.0,0.02667753546639231
2025-12-27 03:00:00,WX-MASTER,0.0,3.977,24.83,WEATHER_STATION,VALID,0.0,0.0011769119977503425
2025-12-27 04:00:00,WX-MASTER,0.0,7.944,26.2,WEATHER_STATION,VALID,0.0,0.15250907439407407
2025-12-27 05:00:00,WX-MASTER,0.0,5.823,23.85,WEATHER_STATION,VALID,0.0,0.02839180041925927
2025-12-27 06:00:00,WX-MASTER,0.0,7.468,26.98,WEATHER_STATION,VALID,0.0,0.11256407123928672
2025-12-27 07:00:00,WX-MASTER,0.2531,4.694,24.65,WEATHER_STATION,VALID,0.2436055565492394,0.006134801527133057
2025-12-27 08:00:00,WX-MASTER,0.4129,5.401,23.92,WEATHER_STATION,VALID,0.39821676767918207,0.017467742421015092
2025-12-27 09:00:00,WX-MASTER,0.5693,7.259,25.31,WEATHER_STATION,VALID,0.5530374001780104,0.09749519657157754
2025-12-27 10:00:00,WX-MASTER,0.6873,3.762,24.77,WEATHER_STATION,VALID,0.6632949294803839,0.0005583740325925926
2025-12-27 11:00:00,WX-MASTER,0.858,5.08,24.62,WEATHER_STATION,VALID,0.8305497468245097,0.011356651632373118
2025-12-27 12:00:00,WX-MASTER,0.7842,5.553,23.43,WEATHER_STATION,VALID,0.7191599033225818,0.02099968321925926
2025-12-27 13:00:00,WX-MASTER,0.659,4.178,26.77,WEATHER_STATION,VALID,0.6397950249788781,0.002062985475775034
2025-12-27 14:00:00,WX-MASTER,0.6055,5.433,28.55,WEATHER_STATION,VALID,0.5874967286396524,0.018175510834074073
2025-12-27 15:00:00,WX-MASTER,0.595,5.212,27.07,WEATHER_STATION,VALID,0.5864192265169056,0.013658898158792865
2025-12-27 16:00:00,WX-MASTER,0.3815,6.022,26.43,WEATHER_STATION,VALID,0.3775461012765289,0.03482921442545954
2025-12-27 17:00:00,WX-MASTER,0.1987,7.91,28.07,WEATHER_STATION,VALID,0.19217953612302174,0.14938423775034293
2025-12-27 18:00:00,WX-MASTER,0.0,9.222,32.02,WEATHER_STATION,VALID,0.0,0.3039837157807407
2025-12-27 19:00:00,WX-MASTER,0.0,6.6,30.35,WEATHER_STATION,VALID,0.0,0.05887999999999999
2025-12-27 20:00:00,WX-MASTER,0.0,6.116,32.13,WEATHER_STATION,VALID,0.0,0.03818147010194787
2025-12-27 21:00:00,WX-MASTER,0.0,7.083,30.28,WEATHER_STATION,VALID,0.0,0.08590104335259259
2025-12-27 22:00:00,WX-MASTER,0.0,6.431,29.31,WEATHER_STATION,VALID,0.0,0.05097091773898492
2025-12-27 23:00:00,WX-MASTER,0.0,4.85,31.91,WEATHER_STATION,VALID,0.0,0.007990528120713302
2025-12-28 00:00:00,WX-MASTER,0.0,6.995,28.21,WEATHER_STATION,VALID,0.0,0.08046567336762689
2025-12-28 01:00:00,WX-MASTER,0.0,8.524,27.51,WEATHER_STATION,VALID,0.0,0.21272635994249645
2025-12-28 02:00:00,WX-MASTER,0.0,5.207,27.46,WEATHER_STATION,VALID,0.0,0.013566483736021944
2025-12-28 03:00:00,WX-MASTER,0.0,5.759,25.65,WEATHER_STATION,VALID,0.0,0.02650424274441702
2025-12-28 04:00:00,WX-MASTER,0.0,6.147,26.09,WEATHER_STATION,VALID,0.0,0.03933240729925926
2025-12-28 05:00:00,WX-MASTER,0.0,7.199,24.97,WEATHER_STATION,VALID,0.0,0.09343248997404664
2025-12-28 06:00:00,WX-MASTER,0.0,9.576,24.46,WEATHER_STATION,VALID,0.0,0.3588770717392593
2025-12-28 07:00:00,WX-MASTER,0.241,5.18,22.79,WEATHER_STATION,VALID,0.2345533084256038,0.013074641207133057
2025-12-28 08:00:00,WX-MASTER,0.4904,6.09,21.41,WEATHER_STATION,VALID,0.4805539331947462,0.03723366074074074
2025-12-28 09:00:00,WX-MASTER,0.6574,5.728,22.53,WEATHER_STATION,VALID,0.6401505532529456,0.025620841925706447
2025-12-28 10:00:00,WX-MASTER,0.6861,5.106,22.98,WEATHER_STATION,VALID,0.6579096823290068,0.011787871679999999
2025-12-28 11:00:00,WX-MASTER,0.7439,5.255,24.78,WEATHER_STATION,VALID,0.7314059051249249,0.014471046454046637
2025-12-28 12:00:00,WX-MASTER,0.5422,4.587,24.18,WEATHER_STATION,VALID,0.5400175630816484,0.005044185847407405
2025-12-28 13:00:00,WX-MASTER,0.7334,8.695,24.24,WEATHER_STATION,VALID,0.7049755785517605,0.23309957638545956
2025-12-28 14:00:00,WX-MASTER,0.5938,6.109,25.53,WEATHER_STATION,VALID,0.559639587895104,0.037924727169657065
2025-12-28 15:00:00,WX-MASTER,0.6003,4.615,28.28,WEATHER_STATION,VALID,0.5867871230532417,0.005315913175582992
2025-12-28 16:00:00,WX-MASTER,0.4415,6.882,29.48,WEATHER_STATION,VALID,0.42606175784038963,0.07382898404740738
2025-12-28 17:00:00,WX-MASTER,0.2568,5.866,28.77,WEATHER_STATION,VALID,0.24859099179886018,0.029709056329657063
2025-12-28 18:00:00,WX-MASTER,0.0,5.836,29.46,WEATHER_STATION,VALID,0.0,0.02878584473459534
2025-12-28 19:00:00,WX-MASTER,0.0,5.778,31.02,WEATHER_STATION,VALID,0.0,0.02705559088592592
2025-12-28 20:00:00,WX-MASTER,0.0,5.95,30.61,WEATHER_STATION,VALID,0.0,0.03239860768175583
2025-12-28 21:00:00,WX-MASTER,0.0,4.94,31.71,WEATHER_STATION,VALID,0.0,0.009214366639231832
2025-12-28 22:00:00,WX-MASTER,0.0,4.573,29.75,WEATHER_STATION,VALID,0.0,0.004911865508422499
2025-12-28 23:00:00,WX-MASTER,0.0,7.412,28.38,WEATHER_STATION,VALID,0.0,0.10838440812861455
2025-12-29 00:00:00,WX-MASTER,0.0,6.822,29.99,WEATHER_STATION,VALID,0.0,0.07045833029925928
2025-12-29 01:00:00,WX-MASTER,0.0,8.275,27.47,WEATHER_STATION,VALID,0.0,0.1852369795953361
2025-12-29 02:00:00,WX-MASTER,0.0,5.971,25.99,WEATHER_STATION,VALID,0.0,0.033095447245706455
2025-12-29 03:00:00,WX-MASTER,0.0,5.628,27.1,WEATHER_STATION,VALID,0.0,0.02290532096000001
2025-12-29 04:00:00,WX-MASTER,0.0,7.929,26.93,WEATHER_STATION,VALID,0.0,0.15112515297925933
2025-12-29 05:00:00,WX-MASTER,0.0,6.347,24.68,WEATHER_STATION,VALID,0.0,0.04731811507429357
2025-12-29 06:00:00,WX-MASTER,0.0,7.615,22.7,WEATHER_STATION,VALID,0.0,0.12404390082990398
2025-12-29 07:00:00,WX-MASTER,0.2554,6.292,25.4,WEATHER_STATION,VALID,0.24632766893865266,0.04502355451434842
2025-12-29 08:00:00,WX-MASTER,0.4889,8.428,23.89,WEATHER_STATION,VALID,0.47638655041166106,0.20182725614792874
2025-12-29 09:00:00,WX-MASTER,0.5656,6.72,23.82,WEATHER_STATION,VALID,0.5502280240293546,0.06496644740740741
2025-12-29 10:00:00,WX-MASTER,0.7848,6.047,23.42,WEATHER_STATION,VALID,0.7683476810116281,0.035700776457009586
2025-12-29 11:00:00,WX-MASTER,0.6488,6.373,25.82,WEATHER_STATION,VALID,0.6352214260651422,0.04842942610101511
2025-12-29 12:00:00,WX-MASTER,0.6653,4.853,23.86,WEATHER_STATION,VALID,0.619336532790772,0.00802946403133059
2025-12-29 13:00:00,WX-MASTER,0.661,3.01,24.59,WEATHER_STATION,VALID,0.6387854528266471,1.2620027434841445e-09
2025-12-29 14:00:00,WX-MASTER,0.6958,5.621,29.21,WEATHER_STATION,VALID,0.6803313660120152,0.022722774672318258
2025-12-29 15:00:00,WX-MASTER,0.6622,7.749,26.81,WEATHER_STATION,VALID,0.6382569346812095,0.13516579644592588
2025-12-29 16:00:00,WX-MASTER,0.4063,2.382,29.84,WEATHER_STATION,VALID,0.39433163698496904,0.0
2025-12-29 17:00:00,WX-MASTER,0.2267,6.159,31.07,WEATHER_STATION,VALID,0.2224517552876963,0.03978406691999999
2025-12-29 18:00:00,WX-MASTER,0.0,3.782,30.22,WEATHER_STATION,VALID,0.0,0.0006035045631824417
2025-12-29 19:00:00,WX-MASTER,0.0,6.001,29.26,WEATHER_STATION,VALID,0.0,0.03410815950743486
2025-12-29 20:00:00,WX-MASTER,0.0,6.395,31.19,WEATHER_STATION,VALID,0.0,0.049383246207133046
2025-12-29 21:00:00,WX-MASTER,0.0,7.514,31.99,WEATHER_STATION,VALID,0.0,0.1160766760555281
2025-12-29 22:00:00,WX-MASTER,0.0,7.039,30.38,WEATHER_STATION,VALID,0.0,0.08315375365360765
2025-12-29 23:00:00,WX-MASTER,0.0,8.732,28.52,WEATHER_STATION,VALID,0.0,0.2376724506372565
2025-12-30 00:00:00,WX-MASTER,0.0,8.605,29.09,WEATHER_STATION,VALID,0.0,0.22222205008916335
2025-12-30 01:00:00,WX-MASTER,0.0,6.895,26.21,WEATHER_STATION,VALID,0.0,0.07457318379286691
2025-12-30 02:00:00,WX-MASTER,0.0,8.568,25.8,WEATHER_STATION,VALID,0.0,0.21785020795259252
2025-12-30 03:00:00,WX-MASTER,0.0,6.665,25.75,WEATHER_STATION,VALID,0.0,0.06212726509602195
2025-12-30 04:00:00,WX-MASTER,0.0,6.306,25.29,WEATHER_STATION,VALID,0.0,0.04560042042074075
2025-12-30 05:00:00,WX-MASTER,0.0,5.182,23.05,WEATHER_STATION,VALID,0.0,0.013110659482249666
2025-12-30 06:00:00,WX-MASTER,0.0,8.225,24.24,WEATHER_STATION,VALID,0.0,0.1800193475651577
2025-12-30 07:00:00,WX-MASTER,0.2404,5.876,24.21,WEATHER_STATION,VALID,0.24141118122079505,0.03002112371182443
2025-12-30 08:00:00,WX-MASTER,0.2106,2.857,23.21,WEATHER_STATION,VALID,0.20501631411544968,0.0
2025-12-30 09:00:00,WX-MASTER,0.1915,6.459,21.0,WEATHER_STATION,VALID,0.18199140340904899,0.05222903299407407
2025-12-30 10:00:00,WX-MASTER,0.7242,4.967,24.06,WEATHER_STATION,VALID,0.6963682132206788,0.009604469434787374
2025-12-30 11:00:00,WX-MASTER,0.734,4.962,26.67,WEATHER_STATION,VALID,0.7078760588296108,0.009531413439999996
2025-12-30 12:00:00,WX-MASTER,0.8626,4.921,25.77,WEATHER_STATION,VALID,0.8443835332087736,0.008946278085212624
2025-12-30 13:00:00,WX-MASTER,0.8179,4.725,26.08,WEATHER_STATION,VALID,0.7817416645990367,0.006477800925925922
2025-12-30 14:00:00,WX-MASTER,0.785,8.715,26.52,WEATHER_STATION,VALID,0.7579413339799194,0.23556404500000006
2025-12-30 15:00:00,WX-MASTER,0.5449,7.403,28.57,WEATHER_STATION,VALID,0.5272367372649132,0.10772248301898488
2025-12-30 16:00:00,WX-MASTER,0.4494,6.286,28.97,WEATHER_STATION,VALID,0.432897217635594,0.04477782310496569
2025-12-30 17:00:00,WX-MASTER,0.2085,5.879,30.29,WEATHER_STATION,VALID,0.2047827016062033,0.03011516823577502
2025-12-30 18:00:00,WX-MASTER,0.0,7.262,28.68,WEATHER_STATION,VALID,0.0,0.09770136585700959
2025-12-30 19:00:00,WX-MASTER,0.0,6.365,30.5,WEATHER_STATION,VALID,0.0,0.048085651515775055
2025-12-30 20:00:00,WX-MASTER,0.0,7.37,29.92,WEATHER_STATION,VALID,0.0,0.10531848663923184
2025-12-30 21:00:00,WX-MASTER,0.0,7.285,30.8,WEATHER_STATION,VALID,0.0,0.09929166144718796
2025-12-30 22:00:00,WX-MASTER,0.0,6.95,27.67,WEATHER_STATION,VALID,0.0,0.07777707133058985
2025-12-30 23:00:00,WX-MASTER,0.0,8.186,28.97,WEATHER_STATION,VALID,0.0,0.17601830571676266
2025-12-31 00:00:00,WX-MASTER,0.0,6.56,29.4,WEATHER_STATION,VALID,0.0,0.05693905997256513
2025-12-31 01:00:00,WX-MASTER,0.0,7.244,28.75,WEATHER_STATION,VALID,0.0,0.09646869969997254
2025-12-31 02:00:00,WX-MASTER,0.0,5.889,26.96,WEATHER_STATION,VALID,0.0,0.03043006812
2025-12-31 03:00:00,WX-MASTER,0.0,5.966,23.5,WEATHER_STATION,VALID,0.0,0.03292863583034295
2025-12-31 04:00:00,WX-MASTER,0.0,3.666,26.02,WEATHER_STATION,VALID,0.0,0.00037280607999999995
2025-12-31 05:00:00,WX-MASTER,0.0,7.359,26.43,WEATHER_STATION,VALID,0.0,0.10452517566074075
2025-12-31 06:00:00,WX-MASTER,0.0,7.487,22.96,WEATHER_STATION,VALID,0.0,0.11400620981997259
2025-12-31 07:00:00,WX-MASTER,0.2056,7.694,23.11,WEATHER_STATION,VALID,0.1979590035644545,0.1305237536258985
2025-12-31 08:00:00,WX-MASTER,0.3982,4.589,24.47,WEATHER_STATION,VALID,0.3830679005103647,0.005063280537009607
2025-12-31 09:00:00,WX-MASTER,0.4518,6.343,24.62,WEATHER_STATION,VALID,0.4291282563002249,0.04714866809113856
2025-12-31 10:00:00,WX-MASTER,0.7852,5.547,25.29,WEATHER_STATION,VALID,0.7549102687525558,0.020851972039999993
2025-12-31 11:00:00,WX-MASTER,0.7908,6.326,25.74,WEATHER_STATION,VALID,0.7810430513133189,0.046433030971083665
2025-12-31 12:00:00,WX-MASTER,0.7799,4.395,23.41,WEATHER_STATION,VALID,0.7575666979101855,0.0034259649999999965
2025-12-31 13:00:00,WX-MASTER,0.5815,4.743,25.52,WEATHER_STATION,VALID,0.5576016190343626,0.006682707619259264
2025-12-31 14:00:00,WX-MASTER,0.5591,3.166,27.75,WEATHER_STATION,VALID,0.5526939214272912,5.772774101508909e-06
2025-12-31 15:00:00,WX-MASTER,0.2544,4.327,27.8,WEATHER_STATION,VALID,0.24453482527613835,0.002948988422990397
2025-12-31 16:00:00,WX-MASTER,0.4908,5.398,29.19,WEATHER_STATION,VALID,0.48652971297614994,0.017402347446694097
2025-12-31 17:00:00,WX-MASTER,0.2211,5.809,29.32,WEATHER_STATION,VALID,0.21912206254220568,0.027971484552373117
2025-12-31 18:00:00,WX-MASTER,0.0,3.62,29.51,WEATHER_STATION,VALID,0.0,0.00030077058984910853
2025-12-31 19:00:00,WX-MASTER,0.0,5.4,30.09,WEATHER_STATION,VALID,0.0,0.017445925925925938
2025-12-31 20:00:00,WX-MASTER,0.0,6.535,29.15,WEATHER_STATION,VALID,0.0,0.055747905274348426
2025-12-31 21:00:00,WX-MASTER,0.0,8.407,29.51,WEATHER_STATION,VALID,0.0,0.1994938022106447
2025-12-31 22:00:00,WX-MASTER,0.0,5.701,29.95,WEATHER_STATION,VALID,0.0,0.024867610223484212
2025-12-31 23:00:00,WX-MASTER,0.0,7.618,29.42,WEATHER_STATION,VALID,0.0,0.12428596388126206
