timestamp,station_id,solar_irradiance_index,wind_speed_mps,temperature_c,source_system,record_status
2025-01-01 00:00:00,WX-MASTER,0.0,8.795,28.11,WEATHER_STATION,VALID
2025-01-01 01:00:00,WX-MASTER,0.0,6.695,27.4,WEATHER_STATION,VALID
2025-01-01 02:00:00,WX-MASTER,0.0,7.087,25.98,WEATHER_STATION,VALID
2025-01-01 03:00:00,WX-MASTER,0.0,6.664,24.87,WEATHER_STATION,VALID
2025-01-01 04:00:00,WX-MASTER,0.0,7.283,24.71,WEATHER_STATION,VALID
2025-01-01 05:00:00,WX-MASTER,0.0,5.834,25.81,WEATHER_STATION,VALID
2025-01-01 06:00:00,WX-MASTER,0.0,7.93,23.09,WEATHER_STATION,VALID
2025-01-01 07:00:00,WX-MASTER,0.231,7.729,22.56,WEATHER_STATION,VALID
2025-01-01 08:00:00,WX-MASTER,0.434,4.761,23.78,WEATHER_STATION,VALID
2025-01-01 09:00:00,WX-MASTER,0.5331,6.656,23.66,WEATHER_STATION,VALID
2025-01-01 10:00:00,WX-MASTER,0.7615,5.102,23.92,WEATHER_STATION,VALID
2025-01-01 11:00:00,WX-MASTER,0.8246,5.452,24.86,WEATHER_STATION,VALID
2025-01-01 12:00:00,WX-MASTER,0.7882,7.242,24.07,WEATHER_STATION,VALID
2025-01-01 13:00:00,WX-MASTER,0.8531,4.321,25.05,WEATHER_STATION,VALID
2025-01-01 14:00:00,WX-MASTER,0.7307,6.408,28.21,WEATHER_STATION,VALID
2025-01-01 15:00:00,WX-MASTER,0.5328,5.87,27.76,WEATHER_STATION,VALID
2025-01-01 16:00:00,WX-MASTER,0.452,5.159,29.5,WEATHER_STATION,VALID
2025-01-01 17:00:00,WX-MASTER,0.2145,6.078,30.97,WEATHER_STATION,VALID
2025-01-01 18:00:00,WX-MASTER,0.0,6.152,31.08,WEATHER_STATION,VALID
2025-01-01 19:00:00,WX-MASTER,0.0,4.577,28.77,WEATHER_STATION,VALID
2025-01-01 20:00:00,WX-MASTER,0.0,5.555,30.39,WEATHER_STATION,VALID
2025-01-01 21:00:00,WX-MASTER,0.0,5.235,31.66,WEATHER_STATION,VALID
2025-01-01 22:00:00,WX-MASTER,0.0,6.458,30.69,WEATHER_STATION,VALID
2025-01-01 23:00:00,WX-MASTER,0.0,8.746,29.73,WEATHER_STATION,VALID
2025-01-02 00:00:00,WX-MASTER,0.0,7.896,26.84,WEATHER_STATION,VALID
2025-01-02 01:00:00,WX-MASTER,0.0,5.341,27.23,WEATHER_STATION,VALID
2025-01-02 02:00:00,WX-MASTER,0.0,6.842,27.15,WEATHER_STATION,VALID
2025-01-02 03:00:00,WX-MASTER,0.0,7.428,24.45,WEATHER_STATION,VALID
2025-01-02 04:00:00,WX-MASTER,0.0,7.956,26.26,WEATHER_STATION,VALID
2025-01-02 05:00:00,WX-MASTER,0.0,5.954,24.45,WEATHER_STATION,VALID
2025-01-02 06:00:00,WX-MASTER,0.0,4.963,21.66,WEATHER_STATION,VALID
2025-01-02 07:00:00,WX-MASTER,0.2288,6.245,23.0,WEATHER_STATION,VALID
2025-01-02 08:00:00,WX-MASTER,0.411,6.797,23.22,WEATHER_STATION,VALID
2025-01-02 09:00:00,WX-MASTER,0.2925,6.111,23.53,WEATHER_STATION,VALID
2025-01-02 10:00:00,WX-MASTER,0.2521,4.433,25.73,WEATHER_STATION,VALID
2025-01-02 11:00:00,WX-MASTER,0.8536,7.683,25.28,WEATHER_STATION,VALID
2025-01-02 12:00:00,WX-MASTER,0.7733,5.148,23.67,WEATHER_STATION,VALID
2025-01-02 13:00:00,WX-MASTER,0.6924,5.467,24.37,WEATHER_STATION,VALID
2025-01-02 14:00:00,WX-MASTER,0.6342,4.36,26.74,WEATHER_STATION,VALID
2025-01-02 15:00:00,WX-MASTER,0.3337,6.732,28.12,WEATHER_STATION,VALID
2025-01-02 16:00:00,WX-MASTER,0.4697,6.173,30.0,WEATHER_STATION,VALID
2025-01-02 17:00:00,WX-MASTER,0.2532,6.027,31.61,WEATHER_STATION,VALID
2025-01-02 18:00:00,WX-MASTER,0.0,4.349,32.23,WEATHER_STATION,VALID
2025-01-02 19:00:00,WX-MASTER,0.0,7.522,29.91,WEATHER_STATION,VALID
2025-01-02 20:00:00,WX-MASTER,0.0,7.345,31.68,WEATHER_STATION,VALID
2025-01-02 21:00:00,WX-MASTER,0.0,7.931,30.95,WEATHER_STATION,VALID
2025-01-02 22:00:00,WX-MASTER,0.0,6.883,28.78,WEATHER_STATION,VALID
2025-01-02 23:00:00,WX-MASTER,0.0,6.918,27.27,WEATHER_STATION,VALID
2025-01-03 00:00:00,WX-MASTER,0.0,6.922,29.02,WEATHER_STATION,VALID
2025-01-03 01:00:00,WX-MASTER,0.0,10.184,26.2,WEATHER_STATION,VALID
2025-01-03 02:00:00,WX-MASTER,0.0,6.51,26.07,WEATHER_STATION,VALID
2025-01-03 03:00:00,WX-MASTER,0.0,5.6,25.37,WEATHER_STATION,VALID
2025-01-03 04:00:00,WX-MASTER,0.0,6.521,25.61,WEATHER_STATION,VALID
2025-01-03 05:00:00,WX-MASTER,0.0,6.125,26.15,WEATHER_STATION,VALID
2025-01-03 06:00:00,WX-MASTER,0.0,8.227,24.08,WEATHER_STATION,VALID
2025-01-03 07:00:00,WX-MASTER,0.2229,4.573,23.07,WEATHER_STATION,VALID
2025-01-03 08:00:00,WX-MASTER,0.4222,5.345,21.11,WEATHER_STATION,VALID
2025-01-03 09:00:00,WX-MASTER,0.6632,6.072,24.26,WEATHER_STATION,VALID
2025-01-03 10:00:00,WX-MASTER,0.472,7.25,24.1,WEATHER_STATION,VALID
2025-01-03 11:00:00,WX-MASTER,0.8407,6.347,23.96,WEATHER_STATION,VALID
2025-01-03 12:00:00,WX-MASTER,0.6415,7.4,26.74,WEATHER_STATION,VALID
2025-01-03 13:00:00,WX-MASTER,0.734,5.682,24.76,WEATHER_STATION,VALID
2025-01-03 14:00:00,WX-MASTER,0.7084,4.974,26.27,WEATHER_STATION,VALID
2025-01-03 15:00:00,WX-MASTER,0.6244,6.424,27.7,WEATHER_STATION,VALID
2025-01-03 16:00:00,WX-MASTER,0.4684,3.67,28.17,WEATHER_STATION,VALID
2025-01-03 17:00:00,WX-MASTER,0.2597,3.413,30.23,WEATHER_STATION,VALID
2025-01-03 18:00:00,WX-MASTER,0.0,7.134,30.68,WEATHER_STATION,VALID
2025-01-03 19:00:00,WX-MASTER,0.0,6.392,31.73,WEATHER_STATION,VALID
2025-01-03 20:00:00,WX-MASTER,0.0,7.632,31.2,WEATHER_STATION,VALID
2025-01-03 21:00:00,WX-MASTER,0.0,5.522,30.34,WEATHER_STATION,VALID
2025-01-03 22:00:00,WX-MASTER,0.0,8.523,29.72,WEATHER_STATION,VALID
2025-01-03 23:00:00,WX-MASTER,0.0,7.905,30.11,WEATHER_STATION,VALID
2025-01-04 00:00:00,WX-MASTER,0.0,7.137,28.65,WEATHER_STATION,VALID
2025-01-04 01:00:00,WX-MASTER,0.0,7.509,28.09,WEATHER_STATION,VALID
2025-01-04 02:00:00,WX-MASTER,0.0,7.684,27.74,WEATHER_STATION,VALID
2025-01-04 03:00:00,WX-MASTER,0.0,6.046,26.38,WEATHER_STATION,VALID
2025-01-04 04:00:00,WX-MASTER,0.0,6.524,25.74,WEATHER_STATION,VALID
2025-01-04 05:00:00,WX-MASTER,0.0,7.267,23.7,WEATHER_STATION,VALID
2025-01-04 06:00:00,WX-MASTER,0.0,6.055,25.71,WEATHER_STATION,VALID
2025-01-04 07:00:00,WX-MASTER,0.2314,4.443,22.42,WEATHER_STATION,VALID
2025-01-04 08:00:00,WX-MASTER,0.4567,6.476,24.15,WEATHER_STATION,VALID
2025-01-04 09:00:00,WX-MASTER,0.5458,6.929,23.16,WEATHER_STATION,VALID
2025-01-04 10:00:00,WX-MASTER,0.6693,7.008,25.39,WEATHER_STATION,VALID
2025-01-04 11:00:00,WX-MASTER,0.7305,6.13,25.71,WEATHER_STATION,VALID
2025-01-04 12:00:00,WX-MASTER,0.6828,6.377,25.37,WEATHER_STATION,VALID
2025-01-04 13:00:00,WX-MASTER,0.8016,6.535,28.08,WEATHER_STATION,VALID
2025-01-04 14:00:00,WX-MASTER,0.6613,5.36,26.9,WEATHER_STATION,VALID
2025-01-04 15:00:00,WX-MASTER,0.5884,2.575,29.09,WEATHER_STATION,VALID
2025-01-04 16:00:00,WX-MASTER,0.3143,6.973,28.0,WEATHER_STATION,VALID
2025-01-04 17:00:00,WX-MASTER,0.2509,4.492,30.08,WEATHER_STATION,VALID
2025-01-04 18:00:00,WX-MASTER,0.0,4.412,29.04,WEATHER_STATION,VALID
2025-01-04 19:00:00,WX-MASTER,0.0,4.702,30.53,WEATHER_STATION,VALID
2025-01-04 20:00:00,WX-MASTER,0.0,9.627,30.56,WEATHER_STATION,VALID
2025-01-04 21:00:00,WX-MASTER,0.0,7.22,31.56,WEATHER_STATION,VALID
2025-01-04 22:00:00,WX-MASTER,0.0,5.517,29.35,WEATHER_STATION,VALID
2025-01-04 23:00:00,WX-MASTER,0.0,6.163,33.29,WEATHER_STATION,VALID
2025-01-05 00:00:00,WX-MASTER,0.0,7.194,27.25,WEATHER_STATION,VALID
2025-01-05 01:00:00,WX-MASTER,0.0,7.962,28.34,WEATHER_STATION,VALID
2025-01-05 02:00:00,WX-MASTER,0.0,7.615,27.5,WEATHER_STATION,VALID
2025-01-05 03:00:00,WX-MASTER,0.0,5.971,26.89,WEATHER_STATION,VALID
2025-01-05 04:00:00,WX-MASTER,0.0,7.455,24.79,WEATHER_STATION,VALID
2025-01-05 05:00:00,WX-MASTER,0.0,6.06,24.97,WEATHER_STATION,VALID
2025-01-05 06:00:00,WX-MASTER,0.0,7.987,23.45,WEATHER_STATION,VALID
2025-01-05 07:00:00,WX-MASTER,0.2585,6.445,26.02,WEATHER_STATION,VALID
2025-01-05 08:00:00,WX-MASTER,0.3917,5.124,22.89,WEATHER_STATION,VALID
2025-01-05 09:00:00,WX-MASTER,0.5749,6.756,23.6,WEATHER_STATION,VALID
2025-01-05 10:00:00,WX-MASTER,0.6256,6.136,23.33,WEATHER_STATION,VALID
2025-01-05 11:00:00,WX-MASTER,0.7343,4.839,23.72,WEATHER_STATION,VALID
2025-01-05 12:00:00,WX-MASTER,0.3686,6.28,23.72,WEATHER_STATION,VALID
2025-01-05 13:00:00,WX-MASTER,0.6205,6.087,27.06,WEATHER_STATION,VALID
2025-01-05 14:00:00,WX-MASTER,0.7293,6.837,26.35,WEATHER_STATION,VALID
2025-01-05 15:00:00,WX-MASTER,0.6029,6.271,27.1,WEATHER_STATION,VALID
2025-01-05 16:00:00,WX-MASTER,0.4076,5.205,27.75,WEATHER_STATION,VALID
2025-01-05 17:00:00,WX-MASTER,0.2023,3.474,29.99,WEATHER_STATION,VALID
2025-01-05 18:00:00,WX-MASTER,0.0,6.144,30.21,WEATHER_STATION,VALID
2025-01-05 19:00:00,WX-MASTER,0.0,6.599,30.57,WEATHER_STATION,VALID
2025-01-05 20:00:00,WX-MASTER,0.0,6.482,29.74,WEATHER_STATION,VALID
2025-01-05 21:00:00,WX-MASTER,0.0,2.752,31.06,WEATHER_STATION,VALID
2025-01-05 22:00:00,WX-MASTER,0.0,7.772,29.39,WEATHER_STATION,VALID
2025-01-05 23:00:00,WX-MASTER,0.0,5.884,29.71,WEATHER_STATION,VALID
2025-01-06 00:00:00,WX-MASTER,0.0,8.105,28.77,WEATHER_STATION,VALID
2025-01-06 01:00:00,WX-MASTER,0.0,9.487,26.07,WEATHER_STATION,VALID
2025-01-06 02:00:00,WX-MASTER,0.0,6.942,29.62,WEATHER_STATION,VALID
2025-01-06 03:00:00,WX-MASTER,0.0,7.767,26.97,WEATHER_STATION,VALID
2025-01-06 04:00:00,WX-MASTER,0.0,7.104,25.65,WEATHER_STATION,VALID
2025-01-06 05:00:00,WX-MASTER,0.0,7.556,25.12,WEATHER_STATION,VALID
2025-01-06 06:00:00,WX-MASTER,0.0,6.779,26.62,WEATHER_STATION,VALID
2025-01-06 07:00:00,WX-MASTER,0.209,5.719,25.17,WEATHER_STATION,VALID
2025-01-06 08:00:00,WX-MASTER,0.4057,4.953,24.1,WEATHER_STATION,VALID
2025-01-06 09:00:00,WX-MASTER,0.5295,7.947,22.95,WEATHER_STATION,VALID
2025-01-06 10:00:00,WX-MASTER,0.6678,6.226,23.49,WEATHER_STATION,VALID
2025-01-06 11:00:00,WX-MASTER,0.6495,6.555,22.55,WEATHER_STATION,VALID
2025-01-06 12:00:00,WX-MASTER,0.8377,5.869,24.99,WEATHER_STATION,VALID
2025-01-06 13:00:00,WX-MASTER,0.7442,6.556,27.07,WEATHER_STATION,VALID
2025-01-06 14:00:00,WX-MASTER,0.5868,4.129,27.95,WEATHER_STATION,VALID
2025-01-06 15:00:00,WX-MASTER,0.5239,5.475,28.83,WEATHER_STATION,VALID
2025-01-06 16:00:00,WX-MASTER,0.4503,6.159,28.32,WEATHER_STATION,VALID
2025-01-06 17:00:00,WX-MASTER,0.2612,7.371,30.32,WEATHER_STATION,VALID
2025-01-06 18:00:00,WX-MASTER,0.0,9.394,31.21,WEATHER_STATION,VALID
2025-01-06 19:00:00,WX-MASTER,0.0,6.703,27.89,WEATHER_STATION,VALID
2025-01-06 20:00:00,WX-MASTER,0.0,5.575,31.05,WEATHER_STATION,VALID
2025-01-06 21:00:00,WX-MASTER,0.0,5.13,33.06,WEATHER_STATION,VALID
2025-01-06 22:00:00,WX-MASTER,0.0,5.732,29.87,WEATHER_STATION,VALID
2025-01-06 23:00:00,WX-MASTER,0.0,6.082,26.63,WEATHER_STATION,VALID
2025-01-07 00:00:00,WX-MASTER,0.0,3.461,27.99,WEATHER_STATION,VALID
2025-01-07 01:00:00,WX-MASTER,0.0,6.416,25.94,WEATHER_STATION,VALID
2025-01-07 02:00:00,WX-MASTER,0.0,8.221,26.46,WEATHER_STATION,VALID
2025-01-07 03:00:00,WX-MASTER,0.0,7.314,24.84,WEATHER_STATION,VALID
2025-01-07 04:00:00,WX-MASTER,0.0,6.744,26.58,WEATHER_STATION,VALID
2025-01-07 05:00:00,WX-MASTER,0.0,4.783,25.68,WEATHER_STATION,VALID
2025-01-07 06:00:00,WX-MASTER,0.0,8.028,24.6,WEATHER_STATION,VALID
2025-01-07 07:00:00,WX-MASTER,0.213,7.075,25.31,WEATHER_STATION,VALID
2025-01-07 08:00:00,WX-MASTER,0.3574,6.132,23.04,WEATHER_STATION,VALID
2025-01-07 09:00:00,WX-MASTER,0.5576,3.034,23.92,WEATHER_STATION,VALID
2025-01-07 10:00:00,WX-MASTER,0.6933,5.037,26.82,WEATHER_STATION,VALID
2025-01-07 11:00:00,WX-MASTER,0.8612,6.058,25.44,WEATHER_STATION,VALID
2025-01-07 12:00:00,WX-MASTER,0.7955,5.331,26.17,WEATHER_STATION,VALID
2025-01-07 13:00:00,WX-MASTER,0.8434,5.556,25.39,WEATHER_STATION,VALID
2025-01-07 14:00:00,WX-MASTER,0.6599,6.203,26.72,WEATHER_STATION,VALID
2025-01-07 15:00:00,WX-MASTER,0.5134,5.586,26.92,WEATHER_STATION,VALID
2025-01-07 16:00:00,WX-MASTER,0.3906,6.365,30.98,WEATHER_STATION,VALID
2025-01-07 17:00:00,WX-MASTER,0.221,4.613,27.82,WEATHER_STATION,VALID
2025-01-07 18:00:00,WX-MASTER,0.0,4.349,31.34,WEATHER_STATION,VALID
2025-01-07 19:00:00,WX-MASTER,0.0,6.812,31.29,WEATHER_STATION,VALID
2025-01-07 20:00:00,WX-MASTER,0.0,7.34,28.79,WEATHER_STATION,VALID
2025-01-07 21:00:00,WX-MASTER,0.0,7.378,31.97,WEATHER_STATION,VALID
2025-01-07 22:00:00,WX-MASTER,0.0,7.098,29.94,WEATHER_STATION,VALID
2025-01-07 23:00:00,WX-MASTER,0.0,6.686,28.11,WEATHER_STATION,VALID
2025-01-08 00:00:00,WX-MASTER,0.0,7.526,29.43,WEATHER_STATION,VALID
2025-01-08 01:00:00,WX-MASTER,0.0,7.807,27.17,WEATHER_STATION,VALID
2025-01-08 02:00:00,WX-MASTER,0.0,7.879,27.0,WEATHER_STATION,VALID
2025-01-08 03:00:00,WX-MASTER,0.0,10.624,25.73,WEATHER_STATION,VALID
2025-01-08 04:00:00,WX-MASTER,0.0,5.902,24.44,WEATHER_STATION,VALID
2025-01-08 05:00:00,WX-MASTER,0.0,11.105,23.35,WEATHER_STATION,VALID
2025-01-08 06:00:00,WX-MASTER,0.0,5.048,25.17,WEATHER_STATION,VALID
2025-01-08 07:00:00,WX-MASTER,0.2443,6.93,24.26,WEATHER_STATION,VALID
2025-01-08 08:00:00,WX-MASTER,0.4923,4.614,24.06,WEATHER_STATION,VALID
2025-01-08 09:00:00,WX-MASTER,0.5988,6.315,23.43,WEATHER_STATION,VALID
2025-01-08 10:00:00,WX-MASTER,0.6888,6.97,24.28,WEATHER_STATION,VALID
2025-01-08 11:00:00,WX-MASTER,0.7866,,23.89,WEATHER_STATION,VALID
2025-01-08 12:00:00,WX-MASTER,0.8862,6.653,24.59,WEATHER_STATION,VALID
2025-01-08 13:00:00,WX-MASTER,0.7811,4.775,28.39,WEATHER_STATION,VALID
2025-01-08 14:00:00,WX-MASTER,0.6669,2.666,28.31,WEATHER_STATION,VALID
2025-01-08 15:00:00,WX-MASTER,0.6587,6.219,27.48,WEATHER_STATION,VALID
2025-01-08 16:00:00,WX-MASTER,0.4562,5.58,27.2,WEATHER_STATION,VALID
2025-01-08 17:00:00,WX-MASTER,0.2708,5.105,27.68,WEATHER_STATION,VALID
2025-01-08 18:00:00,WX-MASTER,0.0,5.423,29.52,WEATHER_STATION,VALID
2025-01-08 19:00:00,WX-MASTER,0.0,6.739,30.76,WEATHER_STATION,VALID
2025-01-08 20:00:00,WX-MASTER,0.0,5.413,30.89,WEATHER_STATION,VALID
2025-01-08 21:00:00,WX-MASTER,0.0,7.21,30.81,WEATHER_STATION,VALID
2025-01-08 22:00:00,WX-MASTER,0.0,8.491,30.68,WEATHER_STATION,VALID
2025-01-08 23:00:00,WX-MASTER,0.0,9.804,28.48,WEATHER_STATION,VALID
2025-01-09 00:00:00,WX-MASTER,0.0,9.097,30.84,WEATHER_STATION,VALID
2025-01-09 01:00:00,WX-MASTER,0.0,7.543,27.95,WEATHER_STATION,VALID
2025-01-09 02:00:00,WX-MASTER,0.0,7.662,27.63,WEATHER_STATION,VALID
2025-01-09 03:00:00,WX-MASTER,0.0,6.734,25.58,WEATHER_STATION,VALID
2025-01-09 04:00:00,WX-MASTER,0.0,6.513,25.9,WEATHER_STATION,VALID
2025-01-09 05:00:00,WX-MASTER,0.0,8.064,27.3,WEATHER_STATION,VALID
2025-01-09 06:00:00,WX-MASTER,0.0,6.301,23.06,WEATHER_STATION,VALID
2025-01-09 07:00:00,WX-MASTER,0.2358,6.923,22.56,WEATHER_STATION,VALID
2025-01-09 08:00:00,WX-MASTER,0.4521,4.935,22.74,WEATHER_STATION,VALID
2025-01-09 09:00:00,WX-MASTER,0.665,7.717,23.5,WEATHER_STATION,VALID
2025-01-09 10:00:00,WX-MASTER,0.4053,5.294,23.62,WEATHER_STATION,VALID
2025-01-09 11:00:00,WX-MASTER,0.8164,6.947,23.55,WEATHER_STATION,VALID
2025-01-09 12:00:00,WX-MASTER,0.6122,4.492,25.47,WEATHER_STATION,VALID
2025-01-09 13:00:00,WX-MASTER,0.7595,4.361,28.25,WEATHER_STATION,VALID
2025-01-09 14:00:00,WX-MASTER,0.6348,7.077,27.1,WEATHER_STATION,VALID
2025-01-09 15:00:00,WX-MASTER,0.5118,4.61,28.07,WEATHER_STATION,VALID
2025-01-09 16:00:00,WX-MASTER,0.3951,3.521,29.44,WEATHER_STATION,VALID
2025-01-09 17:00:00,WX-MASTER,0.1395,4.396,30.53,WEATHER_STATION,VALID
2025-01-09 18:00:00,WX-MASTER,0.0,7.09,31.96,WEATHER_STATION,VALID
2025-01-09 19:00:00,WX-MASTER,0.0,7.219,30.95,WEATHER_STATION,VALID
2025-01-09 20:00:00,WX-MASTER,0.0,5.5,30.77,WEATHER_STATION,VALID
2025-01-09 21:00:00,WX-MASTER,0.0,5.92,29.47,WEATHER_STATION,VALID
2025-01-09 22:00:00,WX-MASTER,0.0,7.84,31.2,WEATHER_STATION,VALID
2025-01-09 23:00:00,WX-MASTER,0.0,8.856,28.74,WEATHER_STATION,VALID
2025-01-10 00:00:00,WX-MASTER,0.0,7.201,28.01,WEATHER_STATION,VALID
2025-01-10 01:00:00,WX-MASTER,0.0,8.073,28.45,WEATHER_STATION,VALID
2025-01-10 02:00:00,WX-MASTER,0.0,8.482,29.16,WEATHER_STATION,VALID
2025-01-10 03:00:00,WX-MASTER,0.0,10.072,27.27,WEATHER_STATION,VALID
2025-01-10 04:00:00,WX-MASTER,0.0,5.635,25.51,WEATHER_STATION,VALID
2025-01-10 05:00:00,WX-MASTER,0.0,6.08,23.66,WEATHER_STATION,VALID
2025-01-10 06:00:00,WX-MASTER,0.0,6.062,26.1,WEATHER_STATION,VALID
2025-01-10 07:00:00,WX-MASTER,0.2121,7.543,23.86,WEATHER_STATION,VALID
2025-01-10 08:00:00,WX-MASTER,0.4408,5.878,23.46,WEATHER_STATION,VALID
2025-01-10 09:00:00,WX-MASTER,0.6038,6.361,24.59,WEATHER_STATION,VALID
2025-01-10 10:00:00,WX-MASTER,0.7886,5.89,23.74,WEATHER_STATION,VALID
2025-01-10 11:00:00,WX-MASTER,0.8625,5.554,23.93,WEATHER_STATION,VALID
2025-01-10 12:00:00,WX-MASTER,0.7137,5.566,24.77,WEATHER_STATION,VALID
2025-01-10 13:00:00,WX-MASTER,0.7403,6.703,25.61,WEATHER_STATION,VALID
2025-01-10 14:00:00,WX-MASTER,0.5886,4.108,25.96,WEATHER_STATION,VALID
2025-01-10 15:00:00,WX-MASTER,0.5519,5.25,26.73,WEATHER_STATION,VALID
2025-01-10 16:00:00,WX-MASTER,0.4514,3.998,30.22,WEATHER_STATION,VALID
2025-01-10 17:00:00,WX-MASTER,0.2711,6.061,30.59,WEATHER_STATION,VALID
2025-01-10 18:00:00,WX-MASTER,0.0,5.742,29.35,WEATHER_STATION,VALID
2025-01-10 19:00:00,WX-MASTER,0.0,7.639,31.76,WEATHER_STATION,VALID
2025-01-10 20:00:00,WX-MASTER,0.0,6.504,31.18,WEATHER_STATION,VALID
2025-01-10 21:00:00,WX-MASTER,0.0,6.184,30.3,WEATHER_STATION,VALID
2025-01-10 22:00:00,WX-MASTER,0.0,6.663,28.87,WEATHER_STATION,VALID
2025-01-10 23:00:00,WX-MASTER,0.0,9.405,30.19,WEATHER_STATION,VALID
2025-01-11 00:00:00,WX-MASTER,0.0,5.269,31.33,WEATHER_STATION,VALID
2025-01-11 01:00:00,WX-MASTER,0.0,6.556,28.26,WEATHER_STATION,VALID
2025-01-11 02:00:00,WX-MASTER,0.0,7.413,28.54,WEATHER_STATION,VALID
2025-01-11 03:00:00,WX-MASTER,0.0,6.466,26.18,WEATHER_STATION,VALID
2025-01-11 04:00:00,WX-MASTER,0.0,7.795,26.7,WEATHER_STATION,VALID
01-11-2025 05:00,WX-MASTER,0.0,6.895,24.68,WEATHER_STATION,VALID
2025-01-11 06:00:00,WX-MASTER,0.0,7.073,21.42,WEATHER_STATION,VALID
2025-01-11 07:00:00,WX-MASTER,0.2712,6.64,23.09,WEATHER_STATION,VALID
2025-01-11 08:00:00,WX-MASTER,0.4932,6.091,24.0,WEATHER_STATION,VALID
2025-01-11 09:00:00,WX-MASTER,0.5154,4.297,25.26,WEATHER_STATION,VALID
2025-01-11 10:00:00,WX-MASTER,0.6712,5.981,24.12,WEATHER_STATION,VALID
2025-01-11 11:00:00,WX-MASTER,0.7925,3.279,24.9,WEATHER_STATION,VALID
2025-01-11 12:00:00,WX-MASTER,0.8877,4.572,24.88,WEATHER_STATION,VALID
2025-01-11 13:00:00,WX-MASTER,0.6833,6.02,28.31,WEATHER_STATION,VALID
2025-01-11 14:00:00,WX-MASTER,0.6804,6.936,29.14,WEATHER_STATION,VALID
2025-01-11 15:00:00,WX-MASTER,0.639,8.517,27.43,WEATHER_STATION,VALID
2025-01-11 16:00:00,WX-MASTER,0.4572,5.041,27.27,WEATHER_STATION,VALID
2025-01-11 17:00:00,WX-MASTER,0.2305,4.662,27.65,WEATHER_STATION,VALID
2025-01-11 18:00:00,WX-MASTER,0.0,6.694,31.09,WEATHER_STATION,VALID
2025-01-11 19:00:00,WX-MASTER,0.0,8.7,30.88,WEATHER_STATION,VALID
2025-01-11 20:00:00,WX-MASTER,0.0,8.522,29.9,WEATHER_STATION,VALID
2025-01-11 21:00:00,WX-MASTER,0.0,5.435,31.05,WEATHER_STATION,VALID
2025-01-11 22:00:00,WX-MASTER,0.0,6.821,28.89,WEATHER_STATION,VALID
2025-01-11 23:00:00,WX-MASTER,0.0,8.29,30.77,WEATHER_STATION,VALID
2025-01-12 00:00:00,WX-MASTER,0.0,8.525,28.66,WEATHER_STATION,VALID
2025-01-12 01:00:00,WX-MASTER,0.0,8.161,26.98,WEATHER_STATION,VALID
2025-01-12 02:00:00,WX-MASTER,0.0,6.802,26.93,WEATHER_STATION,VALID
2025-01-12 03:00:00,WX-MASTER,0.0,8.071,25.98,WEATHER_STATION,VALID
2025-01-12 04:00:00,WX-MASTER,0.0,8.385,26.06,WEATHER_STATION,VALID
2025-01-12 05:00:00,WX-MASTER,0.0,5.777,26.29,WEATHER_STATION,VALID
2025-01-12 06:00:00,WX-MASTER,0.0,8.489,25.68,WEATHER_STATION,VALID
2025-01-12 07:00:00,WX-MASTER,0.2486,7.796,24.18,WEATHER_STATION,VALID
2025-01-12 08:00:00,WX-MASTER,0.3525,5.281,23.64,WEATHER_STATION,VALID
2025-01-12 09:00:00,WX-MASTER,0.6662,7.197,23.31,WEATHER_STATION,VALID
2025-01-12 10:00:00,WX-MASTER,0.7895,6.828,22.22,WEATHER_STATION,VALID
2025-01-12 11:00:00,WX-MASTER,0.7966,6.697,24.87,WEATHER_STATION,VALID
2025-01-12 12:00:00,WX-MASTER,0.7222,7.514,24.6,WEATHER_STATION,VALID
2025-01-12 13:00:00,WX-MASTER,0.6734,5.39,27.93,WEATHER_STATION,VALID
2025-01-12 14:00:00,WX-MASTER,0.7889,5.84,27.13,WEATHER_STATION,VALID
2025-01-12 15:00:00,WX-MASTER,0.6067,2.052,29.17,WEATHER_STATION,VALID
2025-01-12 16:00:00,WX-MASTER,0.4596,7.068,28.54,WEATHER_STATION,VALID
2025-01-12 17:00:00,WX-MASTER,0.1953,7.132,29.03,WEATHER_STATION,VALID
2025-01-12 18:00:00,WX-MASTER,0.0,7.798,31.13,WEATHER_STATION,VALID
2025-01-12 19:00:00,WX-MASTER,0.0,5.071,31.08,WEATHER_STATION,VALID
2025-01-12 20:00:00,WX-MASTER,0.0,7.8,31.26,WEATHER_STATION,VALID
2025-01-12 21:00:00,WX-MASTER,0.0,8.125,30.64,WEATHER_STATION,VALID
2025-01-12 22:00:00,WX-MASTER,0.0,6.177,31.35,WEATHER_STATION,VALID
2025-01-12 23:00:00,WX-MASTER,0.0,8.577,30.62,WEATHER_STATION,VALID
2025-01-13 00:00:00,WX-MASTER,0.0,7.951,26.54,WEATHER_STATION,VALID
2025-01-13 01:00:00,WX-MASTER,0.0,5.204,28.0,WEATHER_STATION,VALID
2025-01-13 02:00:00,WX-MASTER,0.0,8.165,28.62,WEATHER_STATION,VALID
2025-01-13 03:00:00,WX-MASTER,0.0,6.335,25.27,WEATHER_STATION,VALID
2025-01-13 04:00:00,WX-MASTER,0.0,5.018,23.62,WEATHER_STATION,VALID
2025-01-13 05:00:00,WX-MASTER,0.0,7.485,24.76,WEATHER_STATION,VALID
2025-01-13 06:00:00,WX-MASTER,0.0,6.695,24.99,WEATHER_STATION,VALID
2025-01-13 07:00:00,WX-MASTER,0.2451,8.351,23.47,WEATHER_STATION,VALID
2025-01-13 08:00:00,WX-MASTER,0.4513,6.501,25.45,WEATHER_STATION,VALID
2025-01-13 09:00:00,WX-MASTER,0.5668,7.027,26.23,WEATHER_STATION,VALID
2025-01-13 10:00:00,WX-MASTER,0.5676,6.453,22.06,WEATHER_STATION,VALID
2025-01-13 11:00:00,WX-MASTER,0.7923,6.938,24.46,WEATHER_STATION,VALID
2025-01-13 12:00:00,WX-MASTER,0.8888,4.333,22.91,WEATHER_STATION,VALID
2025-01-13 13:00:00,WX-MASTER,0.6391,5.681,27.29,WEATHER_STATION,VALID
2025-01-13 14:00:00,WX-MASTER,0.7647,5.246,26.58,WEATHER_STATION,VALID
2025-01-13 15:00:00,WX-MASTER,0.5695,6.352,27.73,WEATHER_STATION,VALID
2025-01-13 16:00:00,WX-MASTER,0.4345,5.97,30.53,WEATHER_STATION,VALID
2025-01-13 17:00:00,WX-MASTER,0.2133,5.028,28.28,WEATHER_STATION,VALID
2025-01-13 18:00:00,WX-MASTER,0.0,5.616,28.54,WEATHER_STATION,VALID
2025-01-13 19:00:00,WX-MASTER,0.0,8.452,28.05,WEATHER_STATION,VALID
2025-01-13 20:00:00,WX-MASTER,0.0,4.367,32.42,WEATHER_STATION,VALID
2025-01-13 21:00:00,WX-MASTER,0.0,7.742,32.03,WEATHER_STATION,VALID
2025-01-13 22:00:00,WX-MASTER,0.0,8.657,30.08,WEATHER_STATION,VALID
2025-01-13 23:00:00,WX-MASTER,0.0,7.976,28.34,WEATHER_STATION,VALID
2025-01-14 00:00:00,WX-MASTER,0.0,9.932,30.18,WEATHER_STATION,VALID
2025-01-14 01:00:00,WX-MASTER,0.0,8.652,31.64,WEATHER_STATION,VALID
2025-01-14 02:00:00,WX-MASTER,0.0,7.925,27.15,WEATHER_STATION,VALID
2025-01-14 03:00:00,WX-MASTER,0.0,6.746,25.08,WEATHER_STATION,VALID
2025-01-14 04:00:00,WX-MASTER,0.0,7.741,27.17,WEATHER_STATION,VALID
2025-01-14 05:00:00,WX-MASTER,0.0,7.915,23.6,WEATHER_STATION,VALID
2025-01-14 06:00:00,WX-MASTER,0.0,6.804,23.96,WEATHER_STATION,VALID
2025-01-14 07:00:00,WX-MASTER,0.2102,5.58,20.88,WEATHER_STATION,VALID
2025-01-14 08:00:00,WX-MASTER,0.4744,4.72,23.57,WEATHER_STATION,VALID
2025-01-14 09:00:00,WX-MASTER,0.5787,6.276,22.51,WEATHER_STATION,VALID
2025-01-14 10:00:00,WX-MASTER,0.7884,3.887,25.91,WEATHER_STATION,VALID
2025-01-14 11:00:00,WX-MASTER,0.8277,5.018,23.78,WEATHER_STATION,VALID
2025-01-14 12:00:00,WX-MASTER,0.8894,2.344,26.62,WEATHER_STATION,VALID
2025-01-14 13:00:00,WX-MASTER,0.826,6.526,26.4,WEATHER_STATION,VALID
2025-01-14 14:00:00,WX-MASTER,0.5818,6.949,27.58,WEATHER_STATION,VALID
2025-01-14 15:00:00,WX-MASTER,0.5865,5.625,28.96,WEATHER_STATION,VALID
2025-01-14 16:00:00,WX-MASTER,0.3825,8.038,29.12,WEATHER_STATION,VALID
2025-01-14 17:00:00,WX-MASTER,0.2273,7.598,29.13,WEATHER_STATION,VALID
2025-01-14 18:00:00,WX-MASTER,0.0,6.699,29.49,WEATHER_STATION,VALID
2025-01-14 19:00:00,WX-MASTER,0.0,6.181,31.42,WEATHER_STATION,VALID
2025-01-14 20:00:00,WX-MASTER,0.0,6.135,28.65,WEATHER_STATION,VALID
2025-01-14 21:00:00,WX-MASTER,0.0,7.571,32.82,WEATHER_STATION,VALID
2025-01-14 22:00:00,WX-MASTER,0.0,6.88,30.62,WEATHER_STATION,VALID
2025-01-14 23:00:00,WX-MASTER,0.0,7.957,29.5,WEATHER_STATION,VALID
2025-01-15 00:00:00,WX-MASTER,0.0,8.199,29.53,WEATHER_STATION,VALID
2025-01-15 01:00:00,WX-MASTER,0.0,7.153,27.65,WEATHER_STATION,VALID
2025-01-15 02:00:00,WX-MASTER,0.0,8.871,27.25,WEATHER_STATION,VALID
2025-01-15 03:00:00,WX-MASTER,0.0,7.076,25.2,WEATHER_STATION,VALID
2025-01-15 04:00:00,WX-MASTER,0.0,7.265,26.16,WEATHER_STATION,VALID
2025-01-15 05:00:00,WX-MASTER,0.0,5.778,24.89,WEATHER_STATION,VALID
2025-01-15 06:00:00,WX-MASTER,0.0,6.468,24.65,WEATHER_STATION,VALID
2025-01-15 07:00:00,WX-MASTER,0.2516,9.372,25.86,WEATHER_STATION,VALID
2025-01-15 08:00:00,WX-MASTER,0.4944,5.135,22.99,WEATHER_STATION,VALID
2025-01-15 09:00:00,WX-MASTER,0.46,6.624,23.92,WEATHER_STATION,VALID
2025-01-15 10:00:00,WX-MASTER,0.6561,5.241,22.45,WEATHER_STATION,VALID
2025-01-15 11:00:00,WX-MASTER,0.8151,2.773,25.64,WEATHER_STATION,VALID
2025-01-15 12:00:00,WX-MASTER,0.6542,6.252,25.69,WEATHER_STATION,VALID
2025-01-15 13:00:00,WX-MASTER,0.8652,4.741,26.57,WEATHER_STATION,VALID
2025-01-15 14:00:00,WX-MASTER,0.7284,5.884,27.27,WEATHER_STATION,VALID
2025-01-15 15:00:00,WX-MASTER,0.645,6.829,27.67,WEATHER_STATION,VALID
2025-01-15 16:00:00,WX-MASTER,0.411,5.983,32.2,WEATHER_STATION,VALID
2025-01-15 17:00:00,WX-MASTER,0.2619,6.293,29.98,WEATHER_STATION,VALID
2025-01-15 18:00:00,WX-MASTER,0.0,4.967,30.85,WEATHER_STATION,VALID
2025-01-15 19:00:00,WX-MASTER,0.0,7.268,29.47,WEATHER_STATION,VALID
2025-01-15 20:00:00,WX-MASTER,0.0,6.363,32.02,WEATHER_STATION,VALID
2025-01-15 21:00:00,WX-MASTER,0.0,4.263,30.69,WEATHER_STATION,VALID
2025-01-15 22:00:00,WX-MASTER,0.0,8.159,31.03,WEATHER_STATION,VALID
2025-01-15 23:00:00,WX-MASTER,0.0,8.737,31.02,WEATHER_STATION,VALID
2025-01-16 00:00:00,WX-MASTER,0.0,9.336,29.11,WEATHER_STATION,VALID
2025-01-16 01:00:00,WX-MASTER,0.0,10.294,27.58,WEATHER_STATION,VALID
2025-01-16 02:00:00,WX-MASTER,0.0,8.472,24.7,WEATHER_STATION,VALID
2025-01-16 03:00:00,WX-MASTER,0.0,8.062,26.12,WEATHER_STATION,VALID
2025-01-16 04:00:00,WX-MASTER,0.0,8.677,24.92,WEATHER_STATION,VALID
2025-01-16 05:00:00,WX-MASTER,0.0,5.916,23.64,WEATHER_STATION,VALID
2025-01-16 06:00:00,WX-MASTER,0.0,4.667,26.2,WEATHER_STATION,VALID
2025-01-16 07:00:00,WX-MASTER,0.2197,5.967,25.29,WEATHER_STATION,VALID
2025-01-16 08:00:00,WX-MASTER,0.4478,7.986,21.79,WEATHER_STATION,VALID
2025-01-16 09:00:00,WX-MASTER,0.6453,5.216,24.29,WEATHER_STATION,VALID
2025-01-16 10:00:00,WX-MASTER,0.702,6.457,23.48,WEATHER_STATION,VALID
2025-01-16 11:00:00,WX-MASTER,0.4599,6.417,25.45,WEATHER_STATION,VALID
2025-01-16 12:00:00,WX-MASTER,0.8615,5.864,24.78,WEATHER_STATION,VALID
2025-01-16 13:00:00,WX-MASTER,0.8363,3.823,25.94,WEATHER_STATION,VALID
2025-01-16 14:00:00,WX-MASTER,0.7429,5.935,28.65,WEATHER_STATION,VALID
2025-01-16 15:00:00,WX-MASTER,0.6679,5.015,29.38,WEATHER_STATION,VALID
2025-01-16 16:00:00,WX-MASTER,0.4286,7.912,31.05,WEATHER_STATION,VALID
2025-01-16 17:00:00,WX-MASTER,0.1891,7.365,29.7,WEATHER_STATION,VALID
2025-01-16 18:00:00,WX-MASTER,0.0,5.614,28.77,WEATHER_STATION,VALID
2025-01-16 19:00:00,WX-MASTER,0.0,8.665,31.98,WEATHER_STATION,VALID
2025-01-16 20:00:00,WX-MASTER,0.0,7.077,32.1,WEATHER_STATION,VALID
2025-01-16 21:00:00,WX-MASTER,0.0,4.708,31.62,WEATHER_STATION,VALID
2025-01-16 22:00:00,WX-MASTER,0.0,7.002,29.63,WEATHER_STATION,VALID
2025-01-16 23:00:00,WX-MASTER,0.0,9.41,28.68,WEATHER_STATION,VALID
2025-01-17 00:00:00,WX-MASTER,0.0,6.365,29.91,WEATHER_STATION,VALID
2025-01-17 01:00:00,WX-MASTER,0.0,7.404,27.36,WEATHER_STATION,VALID
2025-01-17 02:00:00,WX-MASTER,0.0,5.719,27.15,WEATHER_STATION,VALID
2025-01-17 03:00:00,WX-MASTER,0.0,5.852,30.1,WEATHER_STATION,VALID
2025-01-17 04:00:00,WX-MASTER,0.0,6.194,28.32,WEATHER_STATION,VALID
2025-01-17 05:00:00,WX-MASTER,0.0,5.494,26.0,WEATHER_STATION,VALID
2025-01-17 06:00:00,WX-MASTER,0.0,6.057,23.69,WEATHER_STATION,VALID
2025-01-17 07:00:00,WX-MASTER,0.2426,8.867,23.27,WEATHER_STATION,VALID
2025-01-17 08:00:00,WX-MASTER,0.4163,6.3,24.88,WEATHER_STATION,VALID
2025-01-17 09:00:00,WX-MASTER,0.6213,,25.93,WEATHER_STATION,VALID
2025-01-17 10:00:00,WX-MASTER,0.7546,7.292,23.87,WEATHER_STATION,VALID
2025-01-17 11:00:00,WX-MASTER,0.7789,4.251,24.5,WEATHER_STATION,VALID
2025-01-17 12:00:00,WX-MASTER,0.8539,4.486,25.87,WEATHER_STATION,VALID
2025-01-17 13:00:00,WX-MASTER,0.7864,6.5,24.95,WEATHER_STATION,VALID
2025-01-17 14:00:00,WX-MASTER,0.7417,4.686,25.89,WEATHER_STATION,VALID
2025-01-17 15:00:00,WX-MASTER,0.5472,6.493,27.01,WEATHER_STATION,VALID
2025-01-17 16:00:00,WX-MASTER,0.4301,7.899,29.92,WEATHER_STATION,VALID
2025-01-17 17:00:00,WX-MASTER,0.2463,4.015,30.32,WEATHER_STATION,VALID
2025-01-17 18:00:00,WX-MASTER,0.0,5.672,31.91,WEATHER_STATION,VALID
2025-01-17 19:00:00,WX-MASTER,0.0,6.132,28.82,WEATHER_STATION,VALID
2025-01-17 20:00:00,WX-MASTER,0.0,5.967,29.2,WEATHER_STATION,VALID
2025-01-17 21:00:00,WX-MASTER,0.0,6.111,31.45,WEATHER_STATION,VALID
2025-01-17 22:00:00,WX-MASTER,0.0,6.485,29.5,WEATHER_STATION,VALID
2025-01-17 23:00:00,WX-MASTER,0.0,7.285,29.03,WEATHER_STATION,VALID
2025-01-18 00:00:00,WX-MASTER,0.0,7.666,30.51,WEATHER_STATION,VALID
2025-01-18 01:00:00,WX-MASTER,0.0,8.753,27.79,WEATHER_STATION,VALID
2025-01-18 02:00:00,WX-MASTER,0.0,7.475,27.03,WEATHER_STATION,VALID
2025-01-18 03:00:00,WX-MASTER,0.0,8.888,26.34,WEATHER_STATION,VALID
2025-01-18 04:00:00,WX-MASTER,0.0,6.53,25.57,WEATHER_STATION,VALID
2025-01-18 05:00:00,WX-MASTER,0.0,5.549,25.9,WEATHER_STATION,VALID
2025-01-18 06:00:00,WX-MASTER,0.0,6.486,23.07,WEATHER_STATION,VALID
2025-01-18 07:00:00,WX-MASTER,0.2465,7.229,23.94,WEATHER_STATION,VALID
2025-01-18 08:00:00,WX-MASTER,0.4903,7.486,25.44,WEATHER_STATION,VALID
2025-01-18 09:00:00,WX-MASTER,0.6689,8.015,26.73,WEATHER_STATION,VALID
2025-01-18 10:00:00,WX-MASTER,0.697,6.271,22.89,WEATHER_STATION,VALID
2025-01-18 11:00:00,WX-MASTER,0.3379,6.692,25.47,WEATHER_STATION,VALID
2025-01-18 12:00:00,WX-MASTER,0.7978,7.367,25.57,WEATHER_STATION,VALID
2025-01-18 13:00:00,WX-MASTER,0.6989,4.512,26.52,WEATHER_STATION,VALID
2025-01-18 14:00:00,WX-MASTER,0.6573,5.258,26.6,WEATHER_STATION,VALID
2025-01-18 15:00:00,WX-MASTER,0.4982,9.206,29.36,WEATHER_STATION,VALID
2025-01-18 16:00:00,WX-MASTER,0.397,6.853,30.14,WEATHER_STATION,VALID
2025-01-18 17:00:00,WX-MASTER,0.2321,6.592,33.05,WEATHER_STATION,VALID
2025-01-18 18:00:00,WX-MASTER,0.0,7.319,28.99,WEATHER_STATION,VALID
2025-01-18 19:00:00,WX-MASTER,0.0,4.674,28.83,WEATHER_STATION,VALID
2025-01-18 20:00:00,WX-MASTER,0.0,5.831,33.51,WEATHER_STATION,VALID
2025-01-18 21:00:00,WX-MASTER,0.0,5.606,30.87,WEATHER_STATION,VALID
2025-01-18 22:00:00,WX-MASTER,0.0,7.69,30.03,WEATHER_STATION,VALID
2025-01-18 23:00:00,WX-MASTER,0.0,6.846,30.25,WEATHER_STATION,VALID
2025-01-19 00:00:00,WX-MASTER,0.0,7.596,27.65,WEATHER_STATION,VALID
2025-01-19 01:00:00,WX-MASTER,0.0,7.13,28.94,WEATHER_STATION,VALID
2025-01-19 02:00:00,WX-MASTER,0.0,5.414,27.48,WEATHER_STATION,VALID
2025-01-19 03:00:00,WX-MASTER,0.0,8.606,27.96,WEATHER_STATION,VALID
2025-01-19 04:00:00,WX-MASTER,0.0,5.029,26.86,WEATHER_STATION,VALID
2025-01-19 05:00:00,WX-MASTER,0.0,6.186,26.23,WEATHER_STATION,VALID
2025-01-19 06:00:00,WX-MASTER,0.0,5.192,24.78,WEATHER_STATION,VALID
2025-01-19 07:00:00,WX-MASTER,0.2527,5.505,26.12,WEATHER_STATION,VALID
2025-01-19 08:00:00,WX-MASTER,0.4303,6.65,24.77,WEATHER_STATION,VALID
2025-01-19 09:00:00,WX-MASTER,0.6139,7.743,23.56,WEATHER_STATION,VALID
2025-01-19 10:00:00,WX-MASTER,0.7301,3.885,23.58,WEATHER_STATION,VALID
2025-01-19 11:00:00,WX-MASTER,0.8678,5.009,24.27,WEATHER_STATION,VALID
2025-01-19 12:00:00,WX-MASTER,0.7614,3.334,26.53,WEATHER_STATION,VALID
2025-01-19 13:00:00,WX-MASTER,0.6466,4.759,25.07,WEATHER_STATION,VALID
2025-01-19 14:00:00,WX-MASTER,0.7834,5.645,27.76,WEATHER_STATION,VALID
2025-01-19 15:00:00,WX-MASTER,0.5718,6.622,27.48,WEATHER_STATION,VALID
2025-01-19 16:00:00,WX-MASTER,0.4919,3.006,27.82,WEATHER_STATION,VALID
2025-01-19 17:00:00,WX-MASTER,0.2515,6.665,28.74,WEATHER_STATION,VALID
2025-01-19 18:00:00,WX-MASTER,0.0,4.913,30.58,WEATHER_STATION,VALID
2025-01-19 19:00:00,WX-MASTER,0.0,4.85,31.88,WEATHER_STATION,VALID
2025-01-19 20:00:00,WX-MASTER,0.0,6.78,30.27,WEATHER_STATION,VALID
2025-01-19 21:00:00,WX-MASTER,0.0,7.758,28.47,WEATHER_STATION,VALID
2025-01-19 22:00:00,WX-MASTER,0.0,7.036,34.39,WEATHER_STATION,VALID
2025-01-19 23:00:00,WX-MASTER,0.0,5.926,31.39,WEATHER_STATION,VALID
2025-01-20 00:00:00,WX-MASTER,0.0,7.362,30.48,WEATHER_STATION,VALID
2025-01-20 01:00:00,WX-MASTER,0.0,6.613,30.47,WEATHER_STATION,VALID
2025-01-20 02:00:00,WX-MASTER,0.0,8.335,27.72,WEATHER_STATION,VALID
2025-01-20 03:00:00,WX-MASTER,0.0,8.874,26.54,WEATHER_STATION,VALID
2025-01-20 04:00:00,WX-MASTER,0.0,8.656,27.48,WEATHER_STATION,VALID
2025-01-20 05:00:00,WX-MASTER,0.0,7.127,26.75,WEATHER_STATION,VALID
2025-01-20 06:00:00,WX-MASTER,0.0,8.383,25.31,WEATHER_STATION,VALID
2025-01-20 07:00:00,WX-MASTER,0.1879,5.343,25.29,WEATHER_STATION,VALID
2025-01-20 08:00:00,WX-MASTER,0.3868,8.727,22.62,WEATHER_STATION,VALID
2025-01-20 09:00:00,WX-MASTER,0.5641,4.824,23.92,WEATHER_STATION,VALID
2025-01-20 10:00:00,WX-MASTER,0.6811,3.296,26.62,WEATHER_STATION,VALID
2025-01-20 11:00:00,WX-MASTER,0.8685,7.53,26.1,WEATHER_STATION,VALID
2025-01-20 12:00:00,WX-MASTER,0.8853,4.706,24.1,WEATHER_STATION,VALID
2025-01-20 13:00:00,WX-MASTER,0.6897,5.719,26.06,WEATHER_STATION,VALID
2025-01-20 14:00:00,WX-MASTER,0.7296,4.233,29.46,WEATHER_STATION,VALID
2025-01-20 15:00:00,WX-MASTER,0.5674,8.719,29.06,WEATHER_STATION,VALID
2025-01-20 16:00:00,WX-MASTER,0.4261,8.15,29.58,WEATHER_STATION,VALID
2025-01-20 17:00:00,WX-MASTER,0.2466,7.981,30.34,WEATHER_STATION,VALID
2025-01-20 18:00:00,WX-MASTER,0.0,6.314,30.54,WEATHER_STATION,VALID
2025-01-20 19:00:00,WX-MASTER,0.0,7.727,30.36,WEATHER_STATION,VALID
2025-01-20 20:00:00,WX-MASTER,0.0,6.644,30.11,WEATHER_STATION,VALID
2025-01-20 21:00:00,WX-MASTER,0.0,8.423,32.2,WEATHER_STATION,VALID
2025-01-20 22:00:00,WX-MASTER,0.0,6.653,30.92,WEATHER_STATION,VALID
2025-01-20 23:00:00,WX-MASTER,0.0,9.428,30.93,WEATHER_STATION,VALID
2025-01-21 00:00:00,WX-MASTER,0.0,6.915,30.04,WEATHER_STATION,VALID
2025-01-21 01:00:00,WX-MASTER,0.0,7.125,30.23,WEATHER_STATION,VALID
2025-01-21 02:00:00,WX-MASTER,0.0,6.964,28.18,WEATHER_STATION,VALID
2025-01-21 03:00:00,WX-MASTER,0.0,7.748,27.72,WEATHER_STATION,VALID
2025-01-21 04:00:00,WX-MASTER,0.0,6.858,26.09,WEATHER_STATION,VALID
2025-01-21 05:00:00,WX-MASTER,0.0,7.807,24.02,WEATHER_STATION,VALID
2025-01-21 06:00:00,WX-MASTER,0.0,6.319,24.33,WEATHER_STATION,VALID
2025-01-21 07:00:00,WX-MASTER,0.2532,7.719,24.96,WEATHER_STATION,VALID
2025-01-21 08:00:00,WX-MASTER,0.3996,8.404,24.95,WEATHER_STATION,VALID
2025-01-21 09:00:00,WX-MASTER,0.6364,6.28,26.0,WEATHER_STATION,VALID
2025-01-21 10:00:00,WX-MASTER,0.786,8.84,24.05,WEATHER_STATION,VALID
2025-01-21 11:00:00,WX-MASTER,0.4237,7.242,25.43,WEATHER_STATION,VALID
2025-01-21 12:00:00,WX-MASTER,0.7675,8.43,25.73,WEATHER_STATION,VALID
2025-01-21 13:00:00,WX-MASTER,0.8075,5.509,28.68,WEATHER_STATION,VALID
2025-01-21 14:00:00,WX-MASTER,0.6805,3.434,28.09,WEATHER_STATION,VALID
2025-01-21 15:00:00,WX-MASTER,0.6536,4.749,29.02,WEATHER_STATION,VALID
2025-01-21 16:00:00,WX-MASTER,0.3533,5.017,29.34,WEATHER_STATION,VALID
2025-01-21 17:00:00,WX-MASTER,0.2332,4.752,29.84,WEATHER_STATION,VALID
2025-01-21 18:00:00,WX-MASTER,0.0,3.365,28.93,WEATHER_STATION,VALID
2025-01-21 19:00:00,WX-MASTER,0.0,7.806,29.5,WEATHER_STATION,VALID
2025-01-21 20:00:00,WX-MASTER,0.0,4.317,31.35,WEATHER_STATION,VALID
2025-01-21 21:00:00,WX-MASTER,0.0,8.193,31.08,WEATHER_STATION,VALID
2025-01-21 22:00:00,WX-MASTER,0.0,10.05,30.89,WEATHER_STATION,VALID
2025-01-21 23:00:00,WX-MASTER,0.0,6.377,31.24,WEATHER_STATION,VALID
2025-01-22 00:00:00,WX-MASTER,0.0,8.039,29.53,WEATHER_STATION,VALID
2025-01-22 01:00:00,WX-MASTER,0.0,7.079,28.15,WEATHER_STATION,VALID
2025-01-22 02:00:00,WX-MASTER,0.0,8.667,27.41,WEATHER_STATION,VALID
2025-01-22 03:00:00,WX-MASTER,0.0,5.966,27.05,WEATHER_STATION,VALID
2025-01-22 04:00:00,WX-MASTER,0.0,7.212,25.46,WEATHER_STATION,VALID
2025-01-22 05:00:00,WX-MASTER,0.0,8.652,26.47,WEATHER_STATION,VALID
2025-01-22 06:00:00,WX-MASTER,0.0,6.902,24.62,WEATHER_STATION,VALID
2025-01-22 07:00:00,WX-MASTER,0.2344,4.595,24.59,WEATHER_STATION,VALID
2025-01-22 08:00:00,WX-MASTER,0.445,8.066,23.19,WEATHER_STATION,VALID
2025-01-22 09:00:00,WX-MASTER,0.5889,4.516,25.56,WEATHER_STATION,VALID
2025-01-22 10:00:00,WX-MASTER,0.7644,6.08,26.36,WEATHER_STATION,VALID
2025-01-22 11:00:00,WX-MASTER,0.7991,6.555,23.55,WEATHER_STATION,VALID
2025-01-22 12:00:00,WX-MASTER,0.8495,5.827,26.4,WEATHER_STATION,VALID
2025-01-22 13:00:00,WX-MASTER,0.7135,8.908,26.63,WEATHER_STATION,VALID
2025-01-22 14:00:00,WX-MASTER,0.7725,6.569,28.01,WEATHER_STATION,VALID
2025-01-22 15:00:00,WX-MASTER,0.6711,5.425,29.11,WEATHER_STATION,VALID
2025-01-22 16:00:00,WX-MASTER,0.3944,6.607,26.73,WEATHER_STATION,VALID
2025-01-22 17:00:00,WX-MASTER,0.2191,6.285,31.05,WEATHER_STATION,VALID
2025-01-22 18:00:00,WX-MASTER,0.0,6.299,32.03,WEATHER_STATION,VALID
2025-01-22 19:00:00,WX-MASTER,0.0,6.812,32.52,WEATHER_STATION,VALID
2025-01-22 20:00:00,WX-MASTER,0.0,6.191,30.03,WEATHER_STATION,VALID
2025-01-22 21:00:00,WX-MASTER,0.0,7.283,31.01,WEATHER_STATION,VALID
2025-01-22 22:00:00,WX-MASTER,0.0,6.572,30.05,WEATHER_STATION,VALID
2025-01-22 23:00:00,WX-MASTER,0.0,4.945,27.84,WEATHER_STATION,VALID
2025-01-23 00:00:00,WX-MASTER,0.0,9.039,28.7,WEATHER_STATION,VALID
2025-01-23 01:00:00,WX-MASTER,0.0,6.884,27.3,WEATHER_STATION,VALID
2025-01-23 02:00:00,WX-MASTER,0.0,7.797,28.1,WEATHER_STATION,VALID
2025-01-23 03:00:00,WX-MASTER,0.0,6.552,24.83,WEATHER_STATION,VALID
2025-01-23 04:00:00,WX-MASTER,0.0,6.455,24.77,WEATHER_STATION,VALID
2025-01-23 05:00:00,WX-MASTER,0.0,5.866,24.6,WEATHER_STATION,VALID
2025-01-23 06:00:00,WX-MASTER,0.0,8.22,25.59,WEATHER_STATION,VALID
2025-01-23 07:00:00,WX-MASTER,0.259,8.28,27.65,WEATHER_STATION,VALID
2025-01-23 08:00:00,WX-MASTER,0.4152,6.506,24.56,WEATHER_STATION,VALID
2025-01-23 09:00:00,WX-MASTER,0.6683,5.524,23.07,WEATHER_STATION,VALID
2025-01-23 10:00:00,WX-MASTER,0.5236,3.798,23.85,WEATHER_STATION,VALID
2025-01-23 11:00:00,WX-MASTER,0.706,6.853,26.01,WEATHER_STATION,VALID
2025-01-23 12:00:00,WX-MASTER,0.6494,4.813,24.33,WEATHER_STATION,VALID
2025-01-23 13:00:00,WX-MASTER,0.7027,4.178,28.1,WEATHER_STATION,VALID
2025-01-23 14:00:00,WX-MASTER,0.7239,5.675,28.02,WEATHER_STATION,VALID
2025-01-23 15:00:00,WX-MASTER,0.5835,5.275,28.45,WEATHER_STATION,VALID
2025-01-23 16:00:00,WX-MASTER,0.4287,3.872,27.42,WEATHER_STATION,VALID
2025-01-23 17:00:00,WX-MASTER,0.2382,4.239,31.27,WEATHER_STATION,VALID
2025-01-23 18:00:00,WX-MASTER,0.0,6.7,29.81,WEATHER_STATION,VALID
2025-01-23 19:00:00,WX-MASTER,0.0,5.664,31.26,WEATHER_STATION,VALID
2025-01-23 20:00:00,WX-MASTER,0.0,7.441,31.01,WEATHER_STATION,VALID
2025-01-23 21:00:00,WX-MASTER,0.0,7.218,29.17,WEATHER_STATION,VALID
2025-01-23 22:00:00,WX-MASTER,0.0,8.613,30.45,WEATHER_STATION,VALID
2025-01-23 23:00:00,WX-MASTER,0.0,6.35,28.72,WEATHER_STATION,VALID
2025-01-24 00:00:00,WX-MASTER,0.0,7.881,28.69,WEATHER_STATION,VALID
2025-01-24 01:00:00,WX-MASTER,0.0,8.47,29.15,WEATHER_STATION,VALID
2025-01-24 02:00:00,WX-MASTER,0.0,6.821,28.57,WEATHER_STATION,VALID
2025-01-24 03:00:00,WX-MASTER,0.0,9.027,26.79,WEATHER_STATION,VALID
2025-01-24 04:00:00,WX-MASTER,0.0,5.26,24.91,WEATHER_STATION,VALID
2025-01-24 05:00:00,WX-MASTER,0.0,6.155,24.47,WEATHER_STATION,VALID
2025-01-24 06:00:00,WX-MASTER,0.0,4.794,23.89,WEATHER_STATION,VALID
2025-01-24 07:00:00,WX-MASTER,0.2194,5.799,21.78,WEATHER_STATION,VALID
2025-01-24 08:00:00,WX-MASTER,0.4377,6.293,24.31,WEATHER_STATION,VALID
2025-01-24 09:00:00,WX-MASTER,0.6169,7.325,22.34,WEATHER_STATION,VALID
2025-01-24 10:00:00,WX-MASTER,0.7096,5.819,24.78,WEATHER_STATION,VALID
2025-01-24 11:00:00,WX-MASTER,0.7083,5.066,23.5,WEATHER_STATION,VALID
2025-01-24 12:00:00,WX-MASTER,0.8708,3.7,24.53,WEATHER_STATION,VALID
2025-01-24 13:00:00,WX-MASTER,0.8333,4.074,27.62,WEATHER_STATION,VALID
2025-01-24 14:00:00,WX-MASTER,0.6936,6.061,27.75,WEATHER_STATION,VALID
2025-01-24 15:00:00,WX-MASTER,0.5537,6.877,26.37,WEATHER_STATION,VALID
2025-01-24 16:00:00,WX-MASTER,0.4671,5.322,28.8,WEATHER_STATION,VALID
2025-01-24 17:00:00,WX-MASTER,0.2475,7.63,30.51,WEATHER_STATION,VALID
2025-01-24 18:00:00,WX-MASTER,0.0,5.049,30.01,WEATHER_STATION,VALID
2025-01-24 19:00:00,WX-MASTER,0.0,6.03,30.69,WEATHER_STATION,VALID
2025-01-24 20:00:00,WX-MASTER,0.0,6.401,31.52,WEATHER_STATION,VALID
2025-01-24 21:00:00,WX-MASTER,0.0,9.038,31.16,WEATHER_STATION,VALID
2025-01-24 22:00:00,WX-MASTER,0.0,7.446,29.56,WEATHER_STATION,VALID
2025-01-24 23:00:00,WX-MASTER,0.0,5.115,30.22,WEATHER_STATION,VALID
2025-01-25 00:00:00,WX-MASTER,0.0,8.837,29.16,WEATHER_STATION,VALID
2025-01-25 01:00:00,WX-MASTER,0.0,10.062,30.73,WEATHER_STATION,VALID
2025-01-25 02:00:00,WX-MASTER,0.0,7.332,27.63,WEATHER_STATION,VALID
2025-01-25 03:00:00,WX-MASTER,0.0,6.417,27.01,WEATHER_STATION,VALID
2025-01-25 04:00:00,WX-MASTER,0.0,8.571,26.31,WEATHER_STATION,VALID
2025-01-25 05:00:00,WX-MASTER,0.0,9.813,24.89,WEATHER_STATION,VALID
2025-01-25 06:00:00,WX-MASTER,0.0,8.134,23.86,WEATHER_STATION,VALID
2025-01-25 07:00:00,WX-MASTER,0.2148,4.667,24.92,WEATHER_STATION,VALID
2025-01-25 08:00:00,WX-MASTER,0.4754,7.497,24.81,WEATHER_STATION,VALID
2025-01-25 09:00:00,WX-MASTER,0.3333,6.791,26.87,WEATHER_STATION,VALID
2025-01-25 10:00:00,WX-MASTER,0.617,4.801,25.61,WEATHER_STATION,VALID
2025-01-25 11:00:00,WX-MASTER,0.703,7.537,26.19,WEATHER_STATION,VALID
2025-01-25 12:00:00,WX-MASTER,0.8148,6.306,26.86,WEATHER_STATION,VALID
2025-01-25 13:00:00,WX-MASTER,0.8723,7.383,26.02,WEATHER_STATION,VALID
2025-01-25 14:00:00,WX-MASTER,0.6135,4.3,26.24,WEATHER_STATION,VALID
2025-01-25 15:00:00,WX-MASTER,0.612,6.271,27.45,WEATHER_STATION,VALID
2025-01-25 16:00:00,WX-MASTER,0.4984,4.725,30.33,WEATHER_STATION,VALID
2025-01-25 17:00:00,WX-MASTER,0.1997,6.399,31.93,WEATHER_STATION,VALID
2025-01-25 18:00:00,WX-MASTER,0.0,8.226,31.66,WEATHER_STATION,VALID
2025-01-25 19:00:00,WX-MASTER,0.0,4.705,30.93,WEATHER_STATION,VALID
2025-01-25 20:00:00,WX-MASTER,0.0,5.041,33.26,WEATHER_STATION,VALID
2025-01-25 21:00:00,WX-MASTER,0.0,8.313,30.6,WEATHER_STATION,VALID
2025-01-25 22:00:00,WX-MASTER,0.0,7.276,29.4,WEATHER_STATION,VALID
2025-01-25 23:00:00,WX-MASTER,0.0,8.997,30.53,WEATHER_STATION,VALID
2025-01-26 00:00:00,WX-MASTER,0.0,6.572,31.08,WEATHER_STATION,VALID
2025-01-26 01:00:00,WX-MASTER,0.0,7.75,27.67,WEATHER_STATION,VALID
2025-01-26 02:00:00,WX-MASTER,0.0,8.573,25.73,WEATHER_STATION,VALID
2025-01-26 03:00:00,WX-MASTER,0.0,7.878,26.92,WEATHER_STATION,VALID
2025-01-26 04:00:00,WX-MASTER,0.0,5.144,26.95,WEATHER_STATION,VALID
2025-01-26 05:00:00,WX-MASTER,0.0,10.95,21.75,WEATHER_STATION,VALID
2025-01-26 06:00:00,WX-MASTER,0.0,7.328,25.92,WEATHER_STATION,VALID
2025-01-26 07:00:00,WX-MASTER,0.2548,5.056,22.76,WEATHER_STATION,VALID
2025-01-26 08:00:00,WX-MASTER,0.3618,6.946,25.15,WEATHER_STATION,VALID
2025-01-26 09:00:00,WX-MASTER,0.6311,6.845,22.0,WEATHER_STATION,VALID
2025-01-26 10:00:00,WX-MASTER,0.6284,7.356,22.98,WEATHER_STATION,VALID
2025-01-26 11:00:00,WX-MASTER,0.7929,7.089,26.05,WEATHER_STATION,VALID
2025-01-26 12:00:00,WX-MASTER,0.6736,5.48,27.49,WEATHER_STATION,VALID
2025-01-26 13:00:00,WX-MASTER,0.8104,3.457,26.86,WEATHER_STATION,VALID
2025-01-26 14:00:00,WX-MASTER,0.6457,6.301,30.65,WEATHER_STATION,VALID
2025-01-26 15:00:00,WX-MASTER,0.5143,3.639,27.46,WEATHER_STATION,VALID
2025-01-26 16:00:00,WX-MASTER,0.4758,7.49,28.29,WEATHER_STATION,VALID
2025-01-26 17:00:00,WX-MASTER,0.2494,5.146,29.89,WEATHER_STATION,VALID
2025-01-26 18:00:00,WX-MASTER,0.0,7.153,30.39,WEATHER_STATION,VALID
2025-01-26 19:00:00,WX-MASTER,0.0,5.728,31.5,WEATHER_STATION,VALID
2025-01-26 20:00:00,WX-MASTER,0.0,6.202,30.39,WEATHER_STATION,VALID
2025-01-26 21:00:00,WX-MASTER,0.0,6.051,31.84,WEATHER_STATION,VALID
2025-01-26 22:00:00,WX-MASTER,0.0,8.247,31.46,WEATHER_STATION,VALID
2025-01-26 23:00:00,WX-MASTER,0.0,6.688,32.19,WEATHER_STATION,VALID
2025-01-27 00:00:00,WX-MASTER,0.0,8.643,28.97,WEATHER_STATION,VALID
2025-01-27 01:00:00,WX-MASTER,0.0,6.932,29.12,WEATHER_STATION,VALID
2025-01-27 02:00:00,WX-MASTER,0.0,7.399,28.53,WEATHER_STATION,VALID
2025-01-27 03:00:00,WX-MASTER,0.0,7.673,26.89,WEATHER_STATION,VALID
2025-01-27 04:00:00,WX-MASTER,0.0,7.691,25.8,WEATHER_STATION,VALID
2025-01-27 05:00:00,WX-MASTER,0.0,6.101,22.86,WEATHER_STATION,VALID
2025-01-27 06:00:00,WX-MASTER,0.0,7.989,24.88,WEATHER_STATION,VALID
2025-01-27 07:00:00,WX-MASTER,0.2747,6.468,25.14,WEATHER_STATION,VALID
2025-01-27 08:00:00,WX-MASTER,0.423,7.266,24.24,WEATHER_STATION,VALID
2025-01-27 09:00:00,WX-MASTER,0.4728,6.288,23.49,WEATHER_STATION,VALID
2025-01-27 10:00:00,WX-MASTER,0.6841,6.848,22.76,WEATHER_STATION,VALID
2025-01-27 11:00:00,WX-MASTER,0.7502,5.37,25.88,WEATHER_STATION,VALID
2025-01-27 12:00:00,WX-MASTER,0.7799,4.753,26.1,WEATHER_STATION,VALID
2025-01-27 13:00:00,WX-MASTER,0.6814,6.272,28.57,WEATHER_STATION,VALID
2025-01-27 14:00:00,WX-MASTER,0.7518,5.081,26.07,WEATHER_STATION,VALID
2025-01-27 15:00:00,WX-MASTER,0.6308,7.693,28.15,WEATHER_STATION,VALID
2025-01-27 16:00:00,WX-MASTER,0.3712,6.02,27.97,WEATHER_STATION,VALID
2025-01-27 17:00:00,WX-MASTER,0.2616,4.335,31.51,WEATHER_STATION,VALID
2025-01-27 18:00:00,WX-MASTER,0.0,5.588,32.32,WEATHER_STATION,VALID
2025-01-27 19:00:00,WX-MASTER,0.0,5.304,33.49,WEATHER_STATION,VALID
2025-01-27 20:00:00,WX-MASTER,0.0,8.259,31.93,WEATHER_STATION,VALID
2025-01-27 21:00:00,WX-MASTER,0.0,,32.13,WEATHER_STATION,VALID
2025-01-27 22:00:00,WX-MASTER,0.0,7.258,31.36,WEATHER_STATION,VALID
2025-01-27 23:00:00,WX-MASTER,0.0,7.895,30.97,WEATHER_STATION,VALID
2025-01-28 00:00:00,WX-MASTER,0.0,7.551,29.64,WEATHER_STATION,VALID
2025-01-28 01:00:00,WX-MASTER,0.0,8.846,29.48,WEATHER_STATION,VALID
2025-01-28 02:00:00,WX-MASTER,0.0,8.397,30.4,WEATHER_STATION,VALID
2025-01-28 03:00:00,WX-MASTER,0.0,8.559,27.19,WEATHER_STATION,VALID
2025-01-28 04:00:00,WX-MASTER,0.0,7.264,26.11,WEATHER_STATION,VALID
2025-01-28 05:00:00,WX-MASTER,0.0,6.504,25.6,WEATHER_STATION,VALID
2025-01-28 06:00:00,WX-MASTER,0.0,7.96,24.62,WEATHER_STATION,VALID
2025-01-28 07:00:00,WX-MASTER,0.2519,8.859,24.75,WEATHER_STATION,VALID
2025-01-28 08:00:00,WX-MASTER,0.4014,8.019,24.11,WEATHER_STATION,VALID
2025-01-28 09:00:00,WX-MASTER,0.6091,8.387,25.83,WEATHER_STATION,VALID
2025-01-28 10:00:00,WX-MASTER,0.7998,6.318,26.06,WEATHER_STATION,VALID
2025-01-28 11:00:00,WX-MASTER,0.7478,4.666,27.96,WEATHER_STATION,VALID
2025-01-28 12:00:00,WX-MASTER,0.652,4.656,26.06,WEATHER_STATION,VALID
2025-01-28 13:00:00,WX-MASTER,0.7733,7.533,27.27,WEATHER_STATION,VALID
2025-01-28 14:00:00,WX-MASTER,0.6397,3.324,28.13,WEATHER_STATION,VALID
2025-01-28 15:00:00,WX-MASTER,0.5757,7.774,28.98,WEATHER_STATION,VALID
2025-01-28 16:00:00,WX-MASTER,0.4389,4.93,30.94,WEATHER_STATION,VALID
2025-01-28 17:00:00,WX-MASTER,0.1349,8.643,28.36,WEATHER_STATION,VALID
2025-01-28 18:00:00,WX-MASTER,0.0,6.279,31.42,WEATHER_STATION,VALID
2025-01-28 19:00:00,WX-MASTER,0.0,7.564,33.61,WEATHER_STATION,VALID
2025-01-28 20:00:00,WX-MASTER,0.0,9.986,32.97,WEATHER_STATION,VALID
2025-01-28 21:00:00,WX-MASTER,0.0,6.707,32.71,WEATHER_STATION,VALID
2025-01-28 22:00:00,WX-MASTER,0.0,6.908,31.88,WEATHER_STATION,VALID
2025-01-28 23:00:00,WX-MASTER,0.0,6.637,29.59,WEATHER_STATION,VALID
2025-01-29 00:00:00,WX-MASTER,0.0,6.385,28.71,WEATHER_STATION,VALID
2025-01-29 01:00:00,WX-MASTER,0.0,7.321,27.88,WEATHER_STATION,VALID
2025-01-29 02:00:00,WX-MASTER,0.0,7.022,26.5,WEATHER_STATION,VALID
2025-01-29 03:00:00,WX-MASTER,0.0,6.045,28.09,WEATHER_STATION,VALID
2025-01-29 04:00:00,WX-MASTER,0.0,7.262,27.87,WEATHER_STATION,VALID
2025-01-29 05:00:00,WX-MASTER,0.0,7.931,25.91,WEATHER_STATION,VALID
2025-01-29 06:00:00,WX-MASTER,0.0,5.953,25.8,WEATHER_STATION,VALID
2025-01-29 07:00:00,WX-MASTER,0.2394,6.653,24.83,WEATHER_STATION,VALID
2025-01-29 08:00:00,WX-MASTER,0.4821,8.432,25.04,WEATHER_STATION,VALID
2025-01-29 09:00:00,WX-MASTER,0.6385,4.507,21.94,WEATHER_STATION,VALID
2025-01-29 10:00:00,WX-MASTER,0.8006,8.64,25.21,WEATHER_STATION,VALID
2025-01-29 11:00:00,WX-MASTER,0.7321,5.073,24.88,WEATHER_STATION,VALID
2025-01-29 12:00:00,WX-MASTER,0.7604,6.084,26.06,WEATHER_STATION,VALID
2025-01-29 13:00:00,WX-MASTER,0.7356,7.424,27.23,WEATHER_STATION,VALID
2025-01-29 14:00:00,WX-MASTER,0.7694,7.827,27.0,WEATHER_STATION,VALID
2025-01-29 15:00:00,WX-MASTER,0.6755,6.451,27.48,WEATHER_STATION,VALID
2025-01-29 16:00:00,WX-MASTER,0.4213,5.073,28.72,WEATHER_STATION,VALID
2025-01-29 17:00:00,WX-MASTER,0.2326,5.146,28.6,WEATHER_STATION,VALID
2025-01-29 18:00:00,WX-MASTER,0.0,5.646,29.51,WEATHER_STATION,VALID
2025-01-29 19:00:00,WX-MASTER,0.0,9.103,30.02,WEATHER_STATION,VALID
2025-01-29 20:00:00,WX-MASTER,0.0,6.409,29.64,WEATHER_STATION,VALID
2025-01-29 21:00:00,WX-MASTER,0.0,7.579,31.88,WEATHER_STATION,VALID
2025-01-29 22:00:00,WX-MASTER,0.0,6.024,29.81,WEATHER_STATION,VALID
2025-01-29 23:00:00,WX-MASTER,0.0,6.059,28.1,WEATHER_STATION,VALID
2025-01-30 00:00:00,WX-MASTER,0.0,7.744,29.16,WEATHER_STATION,VALID
2025-01-30 01:00:00,WX-MASTER,0.0,7.349,27.46,WEATHER_STATION,VALID
2025-01-30 02:00:00,WX-MASTER,0.0,7.438,29.64,WEATHER_STATION,VALID
2025-01-30 03:00:00,WX-MASTER,0.0,5.77,27.14,WEATHER_STATION,VALID
2025-01-30 04:00:00,WX-MASTER,0.0,7.462,24.37,WEATHER_STATION,VALID
2025-01-30 05:00:00,WX-MASTER,0.0,9.383,26.1,WEATHER_STATION,VALID
2025-01-30 06:00:00,WX-MASTER,0.0,6.031,24.96,WEATHER_STATION,VALID
2025-01-30 07:00:00,WX-MASTER,0.2425,8.053,24.22,WEATHER_STATION,VALID
2025-01-30 08:00:00,WX-MASTER,0.4937,2.121,26.28,WEATHER_STATION,VALID
2025-01-30 09:00:00,WX-MASTER,0.5361,5.331,23.34,WEATHER_STATION,VALID
2025-01-30 10:00:00,WX-MASTER,0.6403,3.668,26.1,WEATHER_STATION,VALID
2025-01-30 11:00:00,WX-MASTER,0.823,7.578,24.92,WEATHER_STATION,VALID
2025-01-30 12:00:00,WX-MASTER,0.7795,6.988,26.12,WEATHER_STATION,VALID
2025-01-30 13:00:00,WX-MASTER,0.8304,4.439,26.08,WEATHER_STATION,VALID
2025-01-30 14:00:00,WX-MASTER,0.7088,6.165,27.07,WEATHER_STATION,VALID
2025-01-30 15:00:00,WX-MASTER,0.3316,7.424,28.27,WEATHER_STATION,VALID
2025-01-30 16:00:00,WX-MASTER,0.3943,7.762,27.36,WEATHER_STATION,VALID
2025-01-30 17:00:00,WX-MASTER,0.2437,5.659,30.78,WEATHER_STATION,VALID
2025-01-30 18:00:00,WX-MASTER,0.0,3.543,31.06,WEATHER_STATION,VALID
2025-01-30 19:00:00,WX-MASTER,0.0,5.5,29.47,WEATHER_STATION,VALID
2025-01-30 20:00:00,WX-MASTER,0.0,7.926,32.18,WEATHER_STATION,VALID
2025-01-30 21:00:00,WX-MASTER,0.0,9.909,33.02,WEATHER_STATION,VALID
2025-01-30 22:00:00,WX-MASTER,0.0,7.333,30.12,WEATHER_STATION,VALID
2025-01-30 23:00:00,WX-MASTER,0.0,6.795,29.42,WEATHER_STATION,VALID
2025-01-31 00:00:00,WX-MASTER,0.0,10.851,31.0,WEATHER_STATION,VALID
2025-01-31 01:00:00,WX-MASTER,0.0,8.321,29.31,WEATHER_STATION,VALID
2025-01-31 02:00:00,WX-MASTER,0.0,6.192,27.75,WEATHER_STATION,VALID
2025-01-31 03:00:00,WX-MASTER,0.0,7.56,27.99,WEATHER_STATION,VALID
2025-01-31 04:00:00,WX-MASTER,0.0,8.879,26.49,WEATHER_STATION,VALID
2025-01-31 05:00:00,WX-MASTER,0.0,7.299,27.15,WEATHER_STATION,VALID
2025-01-31 06:00:00,WX-MASTER,0.0,8.194,24.86,WEATHER_STATION,VALID
2025-01-31 07:00:00,WX-MASTER,0.2644,4.822,25.05,WEATHER_STATION,VALID
2025-01-31 08:00:00,WX-MASTER,0.3897,4.783,25.73,WEATHER_STATION,VALID
2025-01-31 09:00:00,WX-MASTER,0.5274,5.441,21.6,WEATHER_STATION,VALID
2025-01-31 10:00:00,WX-MASTER,0.7448,5.807,26.25,WEATHER_STATION,VALID
2025-01-31 11:00:00,WX-MASTER,0.7821,6.427,24.83,WEATHER_STATION,VALID
2025-01-31 12:00:00,WX-MASTER,0.8466,6.695,26.77,WEATHER_STATION,VALID
2025-01-31 13:00:00,WX-MASTER,0.7615,9.011,29.01,WEATHER_STATION,VALID
2025-01-31 14:00:00,WX-MASTER,0.7318,4.851,27.55,WEATHER_STATION,VALID
2025-01-31 15:00:00,WX-MASTER,0.6097,5.476,28.27,WEATHER_STATION,VALID
2025-01-31 16:00:00,WX-MASTER,0.4812,5.096,29.6,WEATHER_STATION,VALID
2025-01-31 17:00:00,WX-MASTER,0.2655,7.611,28.65,WEATHER_STATION,VALID
2025-01-31 18:00:00,WX-MASTER,0.0,7.911,33.59,WEATHER_STATION,VALID
2025-01-31 19:00:00,WX-MASTER,0.0,6.109,31.25,WEATHER_STATION,VALID
2025-01-31 20:00:00,WX-MASTER,0.0,9.637,33.39,WEATHER_STATION,VALID
2025-01-31 21:00:00,WX-MASTER,0.0,6.281,30.9,WEATHER_STATION,VALID
2025-01-31 22:00:00,WX-MASTER,0.0,8.764,30.99,WEATHER_STATION,VALID
2025-01-31 23:00:00,WX-MASTER,0.0,9.497,31.52,WEATHER_STATION,VALID
2025-02-01 00:00:00,WX-MASTER,0.0,5.984,28.37,WEATHER_STATION,VALID
2025-02-01 01:00:00,WX-MASTER,0.0,8.567,28.72,WEATHER_STATION,VALID
2025-02-01 02:00:00,WX-MASTER,0.0,4.267,29.03,WEATHER_STATION,VALID
2025-02-01 03:00:00,WX-MASTER,0.0,8.808,26.78,WEATHER_STATION,VALID
2025-02-01 04:00:00,WX-MASTER,0.0,6.169,25.61,WEATHER_STATION,VALID
2025-02-01 05:00:00,WX-MASTER,0.0,8.15,26.81,WEATHER_STATION,VALID
2025-02-01 06:00:00,WX-MASTER,0.0,8.165,26.59,WEATHER_STATION,VALID
2025-02-01 07:00:00,WX-MASTER,0.2366,8.386,26.43,WEATHER_STATION,VALID
2025-02-01 08:00:00,WX-MASTER,0.3961,7.827,23.63,WEATHER_STATION,VALID
2025-02-01 09:00:00,WX-MASTER,0.6776,6.491,23.87,WEATHER_STATION,VALID
2025-02-01 10:00:00,WX-MASTER,0.8031,5.701,24.35,WEATHER_STATION,VALID
2025-02-01 11:00:00,WX-MASTER,0.873,5.918,26.33,WEATHER_STATION,VALID
2025-02-01 12:00:00,WX-MASTER,0.721,4.439,24.76,WEATHER_STATION,VALID
2025-02-01 13:00:00,WX-MASTER,0.8495,5.552,25.67,WEATHER_STATION,VALID
2025-02-01 14:00:00,WX-MASTER,0.7602,5.455,27.08,WEATHER_STATION,VALID
2025-02-01 15:00:00,WX-MASTER,0.6287,4.882,27.72,WEATHER_STATION,VALID
2025-02-01 16:00:00,WX-MASTER,0.5019,3.778,30.75,WEATHER_STATION,VALID
2025-02-01 17:00:00,WX-MASTER,0.2612,4.57,31.4,WEATHER_STATION,VALID
2025-02-01 18:00:00,WX-MASTER,0.0,2.364,30.4,WEATHER_STATION,VALID
2025-02-01 19:00:00,WX-MASTER,0.0,6.313,31.09,WEATHER_STATION,VALID
2025-02-01 20:00:00,WX-MASTER,0.0,7.442,28.39,WEATHER_STATION,VALID
2025-02-01 21:00:00,WX-MASTER,0.0,3.737,30.77,WEATHER_STATION,VALID
2025-02-01 22:00:00,WX-MASTER,0.0,7.755,32.47,WEATHER_STATION,VALID
2025-02-01 23:00:00,WX-MASTER,0.0,7.469,29.8,WEATHER_STATION,VALID
2025-02-02 00:00:00,WX-MASTER,0.0,6.246,28.41,WEATHER_STATION,VALID
2025-02-02 01:00:00,WX-MASTER,0.0,7.277,30.53,WEATHER_STATION,VALID
2025-02-02 02:00:00,WX-MASTER,0.0,9.198,26.63,WEATHER_STATION,VALID
2025-02-02 03:00:00,WX-MASTER,0.0,6.493,28.92,WEATHER_STATION,VALID
2025-02-02 04:00:00,WX-MASTER,0.0,7.726,29.68,WEATHER_STATION,VALID
2025-02-02 05:00:00,WX-MASTER,0.0,7.886,25.36,WEATHER_STATION,VALID
2025-02-02 06:00:00,WX-MASTER,0.0,6.137,26.43,WEATHER_STATION,VALID
2025-02-02 07:00:00,WX-MASTER,0.2501,8.263,22.58,WEATHER_STATION,VALID
2025-02-02 08:00:00,WX-MASTER,0.3927,7.217,22.41,WEATHER_STATION,VALID
2025-02-02 09:00:00,WX-MASTER,0.6265,6.113,23.63,WEATHER_STATION,VALID
2025-02-02 10:00:00,WX-MASTER,0.7167,9.29,25.92,WEATHER_STATION,VALID
2025-02-02 11:00:00,WX-MASTER,0.6698,7.354,25.5,WEATHER_STATION,VALID
2025-02-02 12:00:00,WX-MASTER,0.7967,3.72,25.99,WEATHER_STATION,VALID
2025-02-02 13:00:00,WX-MASTER,0.7722,5.344,25.51,WEATHER_STATION,VALID
2025-02-02 14:00:00,WX-MASTER,0.804,9.062,27.82,WEATHER_STATION,VALID
2025-02-02 15:00:00,WX-MASTER,0.4057,4.652,28.1,WEATHER_STATION,VALID
2025-02-02 16:00:00,WX-MASTER,0.4456,6.15,28.61,WEATHER_STATION,VALID
2025-02-02 17:00:00,WX-MASTER,0.2513,7.853,29.23,WEATHER_STATION,VALID
2025-02-02 18:00:00,WX-MASTER,0.0,7.329,31.23,WEATHER_STATION,VALID
2025-02-02 19:00:00,WX-MASTER,0.0,7.77,30.48,WEATHER_STATION,VALID
2025-02-02 20:00:00,WX-MASTER,0.0,7.955,31.46,WEATHER_STATION,VALID
2025-02-02 21:00:00,WX-MASTER,0.0,7.28,29.23,WEATHER_STATION,VALID
2025-02-02 22:00:00,WX-MASTER,0.0,6.44,31.6,WEATHER_STATION,VALID
2025-02-02 23:00:00,WX-MASTER,0.0,8.215,30.73,WEATHER_STATION,VALID
2025-02-03 00:00:00,WX-MASTER,0.0,7.274,29.47,WEATHER_STATION,VALID
2025-02-03 01:00:00,WX-MASTER,0.0,7.234,29.09,WEATHER_STATION,VALID
2025-02-03 02:00:00,WX-MASTER,0.0,9.782,29.12,WEATHER_STATION,VALID
2025-02-03 03:00:00,WX-MASTER,0.0,7.286,25.35,WEATHER_STATION,VALID
2025-02-03 04:00:00,WX-MASTER,0.0,9.864,26.32,WEATHER_STATION,VALID
2025-02-03 05:00:00,WX-MASTER,0.0,7.791,23.95,WEATHER_STATION,VALID
2025-02-03 06:00:00,WX-MASTER,0.0,7.021,25.07,WEATHER_STATION,VALID
2025-02-03 07:00:00,WX-MASTER,0.2461,4.612,24.3,WEATHER_STATION,VALID
2025-02-03 08:00:00,WX-MASTER,0.4051,9.47,24.46,WEATHER_STATION,VALID
2025-02-03 09:00:00,WX-MASTER,0.5314,6.455,25.63,WEATHER_STATION,VALID
2025-02-03 10:00:00,WX-MASTER,0.7393,3.288,25.95,WEATHER_STATION,VALID
2025-02-03 11:00:00,WX-MASTER,0.8115,7.344,26.82,WEATHER_STATION,VALID
2025-02-03 12:00:00,WX-MASTER,0.9055,5.869,25.77,WEATHER_STATION,VALID
2025-02-03 13:00:00,WX-MASTER,0.8719,4.661,27.93,WEATHER_STATION,VALID
2025-02-03 14:00:00,WX-MASTER,0.7027,7.088,28.6,WEATHER_STATION,VALID
2025-02-03 15:00:00,WX-MASTER,0.521,2.637,28.45,WEATHER_STATION,VALID
2025-02-03 16:00:00,WX-MASTER,0.4303,5.158,29.89,WEATHER_STATION,VALID
2025-02-03 17:00:00,WX-MASTER,0.2508,5.886,30.31,WEATHER_STATION,VALID
2025-02-03 18:00:00,WX-MASTER,0.0,7.611,32.7,WEATHER_STATION,VALID
2025-02-03 19:00:00,WX-MASTER,0.0,9.67,32.35,WEATHER_STATION,VALID
2025-02-03 20:00:00,WX-MASTER,0.0,6.7,31.09,WEATHER_STATION,VALID
2025-02-03 21:00:00,WX-MASTER,0.0,7.867,30.89,WEATHER_STATION,VALID
2025-02-03 22:00:00,WX-MASTER,0.0,11.065,32.17,WEATHER_STATION,VALID
2025-02-03 23:00:00,WX-MASTER,0.0,7.679,32.08,WEATHER_STATION,VALID
2025-02-04 00:00:00,WX-MASTER,0.0,8.429,30.15,WEATHER_STATION,VALID
2025-02-04 01:00:00,WX-MASTER,0.0,6.274,29.72,WEATHER_STATION,VALID
2025-02-04 02:00:00,WX-MASTER,0.0,10.424,29.58,WEATHER_STATION,VALID
2025-02-04 03:00:00,WX-MASTER,0.0,6.877,26.9,WEATHER_STATION,VALID
2025-02-04 04:00:00,WX-MASTER,0.0,8.017,26.37,WEATHER_STATION,VALID
2025-02-04 05:00:00,WX-MASTER,0.0,7.792,26.13,WEATHER_STATION,VALID
2025-02-04 06:00:00,WX-MASTER,0.0,7.362,24.47,WEATHER_STATION,VALID
2025-02-04 07:00:00,WX-MASTER,0.1895,6.432,26.68,WEATHER_STATION,VALID
2025-02-04 08:00:00,WX-MASTER,0.3567,7.05,23.99,WEATHER_STATION,VALID
2025-02-04 09:00:00,WX-MASTER,0.604,8.77,24.71,WEATHER_STATION,VALID
2025-02-04 10:00:00,WX-MASTER,0.3533,9.227,27.29,WEATHER_STATION,VALID
2025-02-04 11:00:00,WX-MASTER,0.7707,5.854,23.31,WEATHER_STATION,VALID
2025-02-04 12:00:00,WX-MASTER,0.9065,5.372,26.53,WEATHER_STATION,VALID
2025-02-04 13:00:00,WX-MASTER,0.5562,4.843,26.32,WEATHER_STATION,VALID
2025-02-04 14:00:00,WX-MASTER,0.7441,9.392,28.02,WEATHER_STATION,VALID
2025-02-04 15:00:00,WX-MASTER,0.6799,6.14,27.48,WEATHER_STATION,VALID
2025-02-04 16:00:00,WX-MASTER,0.392,7.558,29.33,WEATHER_STATION,VALID
2025-02-04 17:00:00,WX-MASTER,0.2353,7.203,30.52,WEATHER_STATION,VALID
2025-02-04 18:00:00,WX-MASTER,0.0,9.397,31.34,WEATHER_STATION,VALID
2025-02-04 19:00:00,WX-MASTER,0.0,6.457,32.48,WEATHER_STATION,VALID
2025-02-04 20:00:00,WX-MASTER,0.0,5.601,28.73,WEATHER_STATION,VALID
2025-02-04 21:00:00,WX-MASTER,0.0,9.708,31.25,WEATHER_STATION,VALID
2025-02-04 22:00:00,WX-MASTER,0.0,8.689,30.84,WEATHER_STATION,VALID
2025-02-04 23:00:00,WX-MASTER,0.0,8.288,30.42,WEATHER_STATION,VALID
2025-02-05 00:00:00,WX-MASTER,0.0,9.838,29.83,WEATHER_STATION,VALID
2025-02-05 01:00:00,WX-MASTER,0.0,8.572,27.96,WEATHER_STATION,VALID
2025-02-05 02:00:00,WX-MASTER,0.0,9.94,26.19,WEATHER_STATION,VALID
2025-02-05 03:00:00,WX-MASTER,0.0,8.146,27.4,WEATHER_STATION,VALID
2025-02-05 04:00:00,WX-MASTER,0.0,8.863,25.1,WEATHER_STATION,VALID
2025-02-05 05:00:00,WX-MASTER,0.0,8.186,26.05,WEATHER_STATION,VALID
2025-02-05 06:00:00,WX-MASTER,0.0,6.85,23.89,WEATHER_STATION,VALID
2025-02-05 07:00:00,WX-MASTER,0.1378,6.752,25.5,WEATHER_STATION,VALID
2025-02-05 08:00:00,WX-MASTER,0.4126,6.248,24.48,WEATHER_STATION,VALID
2025-02-05 09:00:00,WX-MASTER,0.6657,6.853,24.68,WEATHER_STATION,VALID
2025-02-05 10:00:00,WX-MASTER,0.6867,5.692,24.72,WEATHER_STATION,VALID
2025-02-05 11:00:00,WX-MASTER,0.7403,6.671,25.08,WEATHER_STATION,VALID
2025-02-05 12:00:00,WX-MASTER,0.8823,6.501,26.02,WEATHER_STATION,VALID
2025-02-05 13:00:00,WX-MASTER,0.7841,6.183,28.56,WEATHER_STATION,VALID
2025-02-05 14:00:00,WX-MASTER,0.7359,6.211,26.2,WEATHER_STATION,VALID
2025-02-05 15:00:00,WX-MASTER,0.6037,5.259,28.17,WEATHER_STATION,VALID
2025-02-05 16:00:00,WX-MASTER,0.4627,5.764,31.06,WEATHER_STATION,VALID
2025-02-05 17:00:00,WX-MASTER,0.2568,4.148,31.5,WEATHER_STATION,VALID
2025-02-05 18:00:00,WX-MASTER,0.0,6.392,32.69,WEATHER_STATION,VALID
2025-02-05 19:00:00,WX-MASTER,0.0,5.52,31.36,WEATHER_STATION,VALID
2025-02-05 20:00:00,WX-MASTER,0.0,7.193,29.96,WEATHER_STATION,VALID
2025-02-05 21:00:00,WX-MASTER,0.0,6.385,30.1,WEATHER_STATION,VALID
2025-02-05 22:00:00,WX-MASTER,0.0,4.871,30.72,WEATHER_STATION,VALID
2025-02-05 23:00:00,WX-MASTER,0.0,10.645,31.43,WEATHER_STATION,VALID
2025-02-06 00:00:00,WX-MASTER,0.0,7.564,29.51,WEATHER_STATION,VALID
2025-02-06 01:00:00,WX-MASTER,0.0,9.808,28.58,WEATHER_STATION,VALID
2025-02-06 02:00:00,WX-MASTER,0.0,7.236,28.55,WEATHER_STATION,VALID
2025-02-06 03:00:00,WX-MASTER,0.0,10.056,27.2,WEATHER_STATION,VALID
2025-02-06 04:00:00,WX-MASTER,0.0,6.216,25.79,WEATHER_STATION,VALID
2025-02-06 05:00:00,WX-MASTER,0.0,7.753,24.39,WEATHER_STATION,VALID
2025-02-06 06:00:00,WX-MASTER,0.0,5.875,26.18,WEATHER_STATION,VALID
2025-02-06 07:00:00,WX-MASTER,0.2192,10.423,25.95,WEATHER_STATION,VALID
2025-02-06 08:00:00,WX-MASTER,0.4819,6.457,23.3,WEATHER_STATION,VALID
2025-02-06 09:00:00,WX-MASTER,0.6076,7.607,24.21,WEATHER_STATION,VALID
2025-02-06 10:00:00,WX-MASTER,0.5698,6.893,25.84,WEATHER_STATION,VALID
2025-02-06 11:00:00,WX-MASTER,0.6176,6.093,24.23,WEATHER_STATION,VALID
2025-02-06 12:00:00,WX-MASTER,0.8037,6.674,26.76,WEATHER_STATION,VALID
2025-02-06 13:00:00,WX-MASTER,0.7638,7.706,26.77,WEATHER_STATION,VALID
2025-02-06 14:00:00,WX-MASTER,0.7073,6.813,26.61,WEATHER_STATION,VALID
2025-02-06 15:00:00,WX-MASTER,0.2586,6.229,31.11,WEATHER_STATION,VALID
2025-02-06 16:00:00,WX-MASTER,0.4579,6.828,29.41,WEATHER_STATION,VALID
2025-02-06 17:00:00,WX-MASTER,0.2709,8.831,31.17,WEATHER_STATION,VALID
2025-02-06 18:00:00,WX-MASTER,0.0,6.029,29.76,WEATHER_STATION,VALID
2025-02-06 19:00:00,WX-MASTER,0.0,4.414,33.31,WEATHER_STATION,VALID
2025-02-06 20:00:00,WX-MASTER,0.0,5.66,33.91,WEATHER_STATION,VALID
2025-02-06 21:00:00,WX-MASTER,0.0,6.007,29.65,WEATHER_STATION,VALID
2025-02-06 22:00:00,WX-MASTER,0.0,6.413,30.9,WEATHER_STATION,VALID
2025-02-06 23:00:00,WX-MASTER,0.0,6.638,32.14,WEATHER_STATION,VALID
2025-02-07 00:00:00,WX-MASTER,0.0,7.857,29.28,WEATHER_STATION,VALID
2025-02-07 01:00:00,WX-MASTER,0.0,8.271,29.49,WEATHER_STATION,VALID
2025-02-07 02:00:00,WX-MASTER,0.0,8.251,26.08,WEATHER_STATION,VALID
2025-02-07 03:00:00,WX-MASTER,0.0,6.921,26.24,WEATHER_STATION,VALID
2025-02-07 04:00:00,WX-MASTER,0.0,9.027,26.71,WEATHER_STATION,VALID
2025-02-07 05:00:00,WX-MASTER,0.0,8.241,24.91,WEATHER_STATION,VALID
2025-02-07 06:00:00,WX-MASTER,0.0,9.373,24.63,WEATHER_STATION,VALID
2025-02-07 07:00:00,WX-MASTER,0.2739,8.165,22.9,WEATHER_STATION,VALID
2025-02-07 08:00:00,WX-MASTER,0.2457,6.349,25.38,WEATHER_STATION,VALID
2025-02-07 09:00:00,WX-MASTER,0.5482,8.25,23.11,WEATHER_STATION,VALID
2025-02-07 10:00:00,WX-MASTER,0.753,6.685,26.91,WEATHER_STATION,VALID
2025-02-07 11:00:00,WX-MASTER,0.6539,7.186,24.8,WEATHER_STATION,VALID
2025-02-07 12:00:00,WX-MASTER,0.8394,6.96,27.31,WEATHER_STATION,VALID
2025-02-07 13:00:00,WX-MASTER,0.7919,5.8,28.03,WEATHER_STATION,VALID
2025-02-07 14:00:00,WX-MASTER,0.7048,6.101,26.91,WEATHER_STATION,VALID
2025-02-07 15:00:00,WX-MASTER,0.6822,5.869,28.31,WEATHER_STATION,VALID
2025-02-07 16:00:00,WX-MASTER,0.4176,5.067,29.3,WEATHER_STATION,VALID
2025-02-07 17:00:00,WX-MASTER,0.2779,3.576,30.1,WEATHER_STATION,VALID
2025-02-07 18:00:00,WX-MASTER,0.0,5.691,29.57,WEATHER_STATION,VALID
2025-02-07 19:00:00,WX-MASTER,0.0,7.105,32.12,WEATHER_STATION,VALID
2025-02-07 20:00:00,WX-MASTER,0.0,8.519,30.77,WEATHER_STATION,VALID
2025-02-07 21:00:00,WX-MASTER,0.0,8.393,31.34,WEATHER_STATION,VALID
2025-02-07 22:00:00,WX-MASTER,0.0,7.218,32.33,WEATHER_STATION,VALID
2025-02-07 23:00:00,WX-MASTER,0.0,6.878,31.26,WEATHER_STATION,VALID
2025-02-08 00:00:00,WX-MASTER,0.0,7.676,29.12,WEATHER_STATION,VALID
2025-02-08 01:00:00,WX-MASTER,0.0,6.704,30.27,WEATHER_STATION,VALID
2025-02-08 02:00:00,WX-MASTER,0.0,5.216,28.92,WEATHER_STATION,VALID
2025-02-08 03:00:00,WX-MASTER,0.0,5.884,26.37,WEATHER_STATION,VALID
2025-02-08 04:00:00,WX-MASTER,0.0,9.545,25.75,WEATHER_STATION,VALID
2025-02-08 05:00:00,WX-MASTER,0.0,9.983,26.85,WEATHER_STATION,VALID
2025-02-08 06:00:00,WX-MASTER,0.0,8.32,26.02,WEATHER_STATION,VALID
2025-02-08 07:00:00,WX-MASTER,0.1966,7.011,22.94,WEATHER_STATION,VALID
2025-02-08 08:00:00,WX-MASTER,0.4328,5.015,23.41,WEATHER_STATION,VALID
2025-02-08 09:00:00,WX-MASTER,0.5486,6.365,25.57,WEATHER_STATION,VALID
2025-02-08 10:00:00,WX-MASTER,0.3397,7.147,23.68,WEATHER_STATION,VALID
2025-02-08 11:00:00,WX-MASTER,0.736,7.25,26.61,WEATHER_STATION,VALID
2025-02-08 12:00:00,WX-MASTER,0.7922,6.941,28.69,WEATHER_STATION,VALID
2025-02-08 13:00:00,WX-MASTER,0.8854,7.556,27.66,WEATHER_STATION,VALID
2025-02-08 14:00:00,WX-MASTER,0.7039,8.515,27.01,WEATHER_STATION,VALID
2025-02-08 15:00:00,WX-MASTER,0.6319,5.536,29.24,WEATHER_STATION,VALID
2025-02-08 16:00:00,WX-MASTER,0.4369,9.845,31.11,WEATHER_STATION,VALID
2025-02-08 17:00:00,WX-MASTER,0.2485,3.76,30.71,WEATHER_STATION,VALID
2025-02-08 18:00:00,WX-MASTER,0.0,5.603,31.73,WEATHER_STATION,VALID
2025-02-08 19:00:00,WX-MASTER,0.0,7.129,30.54,WEATHER_STATION,VALID
2025-02-08 20:00:00,WX-MASTER,0.0,7.844,30.75,WEATHER_STATION,VALID
2025-02-08 21:00:00,WX-MASTER,0.0,7.144,32.59,WEATHER_STATION,VALID
2025-02-08 22:00:00,WX-MASTER,0.0,6.959,30.3,WEATHER_STATION,VALID
2025-02-08 23:00:00,WX-MASTER,0.0,10.647,27.49,WEATHER_STATION,VALID
2025-02-09 00:00:00,WX-MASTER,0.0,7.225,29.53,WEATHER_STATION,VALID
2025-02-09 01:00:00,WX-MASTER,0.0,6.669,29.43,WEATHER_STATION,VALID
2025-02-09 02:00:00,WX-MASTER,0.0,10.186,29.41,WEATHER_STATION,VALID
2025/02/09 03:00,WX-MASTER,0.0,9.019,29.21,WEATHER_STATION,VALID
2025-02-09 04:00:00,WX-MASTER,0.0,9.203,26.5,WEATHER_STATION,VALID
2025-02-09 05:00:00,WX-MASTER,0.0,7.846,26.46,WEATHER_STATION,VALID
2025-02-09 06:00:00,WX-MASTER,0.0,5.574,25.26,WEATHER_STATION,VALID
2025-02-09 07:00:00,WX-MASTER,0.2786,7.219,25.19,WEATHER_STATION,VALID
2025-02-09 08:00:00,WX-MASTER,0.4626,4.88,24.42,WEATHER_STATION,VALID
2025-02-09 09:00:00,WX-MASTER,0.5825,6.912,25.23,WEATHER_STATION,VALID
2025-02-09 10:00:00,WX-MASTER,0.7438,7.223,24.24,WEATHER_STATION,VALID
2025-02-09 11:00:00,WX-MASTER,0.5377,7.592,28.05,WEATHER_STATION,VALID
2025-02-09 12:00:00,WX-MASTER,0.8408,5.948,23.52,WEATHER_STATION,VALID
2025-02-09 13:00:00,WX-MASTER,0.4771,6.978,27.92,WEATHER_STATION,VALID
2025-02-09 14:00:00,WX-MASTER,0.5848,4.837,28.53,WEATHER_STATION,VALID
2025-02-09 15:00:00,WX-MASTER,0.6351,7.341,29.5,WEATHER_STATION,VALID
2025-02-09 16:00:00,WX-MASTER,0.4717,7.097,28.47,WEATHER_STATION,VALID
2025-02-09 17:00:00,WX-MASTER,0.2159,5.368,28.6,WEATHER_STATION,VALID
2025-02-09 18:00:00,WX-MASTER,0.0,7.327,31.9,WEATHER_STATION,VALID
2025-02-09 19:00:00,WX-MASTER,0.0,8.308,33.13,WEATHER_STATION,VALID
2025-02-09 20:00:00,WX-MASTER,0.0,7.254,31.91,WEATHER_STATION,VALID
2025-02-09 21:00:00,WX-MASTER,0.0,6.334,32.49,WEATHER_STATION,VALID
2025-02-09 22:00:00,WX-MASTER,0.0,7.857,30.63,WEATHER_STATION,VALID
2025-02-09 23:00:00,WX-MASTER,0.0,8.525,31.02,WEATHER_STATION,VALID
2025-02-10 00:00:00,WX-MASTER,0.0,6.875,31.39,WEATHER_STATION,VALID
2025-02-10 01:00:00,WX-MASTER,0.0,6.707,28.7,WEATHER_STATION,VALID
2025-02-10 02:00:00,WX-MASTER,0.0,8.689,29.59,WEATHER_STATION,VALID
2025-02-10 03:00:00,WX-MASTER,0.0,9.008,25.3,WEATHER_STATION,VALID
2025-02-10 04:00:00,WX-MASTER,0.0,10.597,25.68,WEATHER_STATION,VALID
2025-02-10 05:00:00,WX-MASTER,0.0,8.479,26.35,WEATHER_STATION,VALID
2025-02-10 06:00:00,WX-MASTER,0.0,5.813,27.42,WEATHER_STATION,VALID
2025-02-10 07:00:00,WX-MASTER,0.2273,9.783,24.8,WEATHER_STATION,VALID
2025-02-10 08:00:00,WX-MASTER,0.4939,8.242,23.43,WEATHER_STATION,VALID
2025-02-10 09:00:00,WX-MASTER,0.6087,4.013,27.04,WEATHER_STATION,VALID
2025-02-10 10:00:00,WX-MASTER,0.6969,5.057,24.99,WEATHER_STATION,VALID
2025-02-10 11:00:00,WX-MASTER,0.7771,5.577,26.49,WEATHER_STATION,VALID
2025-02-10 12:00:00,WX-MASTER,0.828,7.18,26.02,WEATHER_STATION,VALID
2025-02-10 13:00:00,WX-MASTER,0.8382,2.935,27.43,WEATHER_STATION,VALID
2025-02-10 14:00:00,WX-MASTER,0.6415,5.879,27.49,WEATHER_STATION,VALID
2025-02-10 15:00:00,WX-MASTER,0.4547,7.122,31.78,WEATHER_STATION,VALID
2025-02-10 16:00:00,WX-MASTER,0.5026,2.558,31.35,WEATHER_STATION,VALID
2025-02-10 17:00:00,WX-MASTER,0.2361,7.402,32.76,WEATHER_STATION,VALID
2025-02-10 18:00:00,WX-MASTER,0.0,7.787,30.25,WEATHER_STATION,VALID
2025-02-10 19:00:00,WX-MASTER,0.0,5.813,29.36,WEATHER_STATION,VALID
2025-02-10 20:00:00,WX-MASTER,0.0,5.675,31.32,WEATHER_STATION,VALID
2025-02-10 21:00:00,WX-MASTER,0.0,6.304,34.57,WEATHER_STATION,VALID
2025-02-10 22:00:00,WX-MASTER,0.0,4.175,30.81,WEATHER_STATION,VALID
2025-02-10 23:00:00,WX-MASTER,0.0,7.405,31.9,WEATHER_STATION,VALID
2025-02-11 00:00:00,WX-MASTER,0.0,8.262,28.71,WEATHER_STATION,VALID
2025-02-11 01:00:00,WX-MASTER,0.0,6.454,28.1,WEATHER_STATION,VALID
2025-02-11 02:00:00,WX-MASTER,0.0,9.297,28.1,WEATHER_STATION,VALID
2025-02-11 03:00:00,WX-MASTER,0.0,8.093,29.82,WEATHER_STATION,VALID
2025-02-11 04:00:00,WX-MASTER,0.0,8.163,27.76,WEATHER_STATION,VALID
2025-02-11 05:00:00,WX-MASTER,0.0,7.113,23.25,WEATHER_STATION,VALID
2025-02-11 06:00:00,WX-MASTER,0.0,8.373,25.96,WEATHER_STATION,VALID
2025-02-11 07:00:00,WX-MASTER,0.2793,8.831,23.43,WEATHER_STATION,VALID
2025-02-11 08:00:00,WX-MASTER,0.5078,6.363,23.87,WEATHER_STATION,VALID
2025-02-11 09:00:00,WX-MASTER,0.6855,7.631,25.42,WEATHER_STATION,VALID
2025-02-11 10:00:00,WX-MASTER,0.3117,7.422,26.84,WEATHER_STATION,VALID
2025-02-11 11:00:00,WX-MASTER,0.3709,6.781,27.34,WEATHER_STATION,VALID
2025-02-11 12:00:00,WX-MASTER,0.8763,8.293,26.84,WEATHER_STATION,VALID
2025-02-11 13:00:00,WX-MASTER,0.7973,5.106,27.7,WEATHER_STATION,VALID
2025-02-11 14:00:00,WX-MASTER,0.7297,5.508,29.81,WEATHER_STATION,VALID
2025-02-11 15:00:00,WX-MASTER,0.661,5.119,27.21,WEATHER_STATION,VALID
2025-02-11 16:00:00,WX-MASTER,0.4469,7.207,32.13,WEATHER_STATION,VALID
2025-02-11 17:00:00,WX-MASTER,0.228,6.099,29.78,WEATHER_STATION,VALID
2025-02-11 18:00:00,WX-MASTER,0.0,5.778,31.53,WEATHER_STATION,VALID
2025-02-11 19:00:00,WX-MASTER,0.0,9.098,30.98,WEATHER_STATION,VALID
2025-02-11 20:00:00,WX-MASTER,0.0,9.549,30.3,WEATHER_STATION,VALID
2025-02-11 21:00:00,WX-MASTER,0.0,7.02,32.13,WEATHER_STATION,VALID
2025-02-11 22:00:00,WX-MASTER,0.0,5.893,31.51,WEATHER_STATION,VALID
2025-02-11 23:00:00,WX-MASTER,0.0,10.274,30.54,WEATHER_STATION,VALID
2025-02-12 00:00:00,WX-MASTER,0.0,8.611,29.78,WEATHER_STATION,VALID
2025-02-12 01:00:00,WX-MASTER,0.0,8.608,30.95,WEATHER_STATION,VALID
2025-02-12 02:00:00,WX-MASTER,0.0,8.192,30.85,WEATHER_STATION,VALID
2025-02-12 03:00:00,WX-MASTER,0.0,6.942,28.81,WEATHER_STATION,VALID
2025-02-12 04:00:00,WX-MASTER,0.0,7.31,26.8,WEATHER_STATION,VALID
2025-02-12 05:00:00,WX-MASTER,0.0,8.539,23.77,WEATHER_STATION,VALID
2025-02-12 06:00:00,WX-MASTER,0.0,6.848,25.94,WEATHER_STATION,VALID
2025-02-12 07:00:00,WX-MASTER,0.2205,7.739,25.64,WEATHER_STATION,VALID
2025-02-12 08:00:00,WX-MASTER,0.4529,6.932,25.64,WEATHER_STATION,VALID
2025-02-12 09:00:00,WX-MASTER,0.59,5.29,23.46,WEATHER_STATION,VALID
2025-02-12 10:00:00,WX-MASTER,0.6944,8.549,26.2,WEATHER_STATION,VALID
2025-02-12 11:00:00,WX-MASTER,0.8406,7.033,27.61,WEATHER_STATION,VALID
2025-02-12 12:00:00,WX-MASTER,0.8402,6.565,25.28,WEATHER_STATION,VALID
2025-02-12 13:00:00,WX-MASTER,0.8148,6.795,28.13,WEATHER_STATION,VALID
2025-02-12 14:00:00,WX-MASTER,0.7523,3.748,27.24,WEATHER_STATION,VALID
2025-02-12 15:00:00,WX-MASTER,0.6482,5.511,28.99,WEATHER_STATION,VALID
2025-02-12 16:00:00,WX-MASTER,0.3483,4.302,28.83,WEATHER_STATION,VALID
2025-02-12 17:00:00,WX-MASTER,0.238,6.638,30.27,WEATHER_STATION,VALID
2025-02-12 18:00:00,WX-MASTER,0.0,7.128,30.83,WEATHER_STATION,VALID
2025-02-12 19:00:00,WX-MASTER,0.0,7.142,32.09,WEATHER_STATION,VALID
2025-02-12 20:00:00,WX-MASTER,0.0,8.751,32.78,WEATHER_STATION,VALID
2025-02-12 21:00:00,WX-MASTER,0.0,5.523,33.05,WEATHER_STATION,VALID
2025-02-12 22:00:00,WX-MASTER,0.0,6.654,30.46,WEATHER_STATION,VALID
2025-02-12 23:00:00,WX-MASTER,0.0,8.412,31.12,WEATHER_STATION,VALID
2025-02-13 00:00:00,WX-MASTER,0.0,8.365,28.67,WEATHER_STATION,VALID
2025-02-13 01:00:00,WX-MASTER,0.0,6.373,29.01,WEATHER_STATION,VALID
2025-02-13 02:00:00,WX-MASTER,0.0,9.633,28.29,WEATHER_STATION,VALID
2025-02-13 03:00:00,WX-MASTER,0.0,10.011,26.22,WEATHER_STATION,VALID
2025-02-13 04:00:00,WX-MASTER,0.0,8.423,27.16,WEATHER_STATION,VALID
2025-02-13 05:00:00,WX-MASTER,0.0,5.719,25.57,WEATHER_STATION,VALID
2025-02-13 06:00:00,WX-MASTER,0.0,7.659,25.39,WEATHER_STATION,VALID
2025-02-13 07:00:00,WX-MASTER,0.2661,7.641,26.33,WEATHER_STATION,VALID
2025-02-13 08:00:00,WX-MASTER,0.4046,6.584,24.22,WEATHER_STATION,VALID
2025-02-13 09:00:00,WX-MASTER,0.6725,8.438,25.88,WEATHER_STATION,VALID
2025-02-13 10:00:00,WX-MASTER,0.7756,6.313,26.94,WEATHER_STATION,VALID
2025-02-13 11:00:00,WX-MASTER,0.7977,9.019,27.42,WEATHER_STATION,VALID
2025-02-13 12:00:00,WX-MASTER,0.7451,7.175,26.26,WEATHER_STATION,VALID
2025-02-13 13:00:00,WX-MASTER,0.7162,6.454,26.16,WEATHER_STATION,VALID
2025-02-13 14:00:00,WX-MASTER,0.6797,7.298,27.38,WEATHER_STATION,VALID
2025-02-13 15:00:00,WX-MASTER,0.6442,8.164,27.24,WEATHER_STATION,VALID
2025-02-13 16:00:00,WX-MASTER,0.4046,,30.81,WEATHER_STATION,VALID
2025-02-13 17:00:00,WX-MASTER,0.2597,6.4,31.61,WEATHER_STATION,VALID
2025-02-13 18:00:00,WX-MASTER,0.0,5.869,31.41,WEATHER_STATION,VALID
2025-02-13 19:00:00,WX-MASTER,0.0,5.522,29.97,WEATHER_STATION,VALID
2025-02-13 20:00:00,WX-MASTER,0.0,4.069,31.3,WEATHER_STATION,VALID
2025-02-13 21:00:00,WX-MASTER,0.0,7.719,33.27,WEATHER_STATION,VALID
2025-02-13 22:00:00,WX-MASTER,0.0,7.211,32.0,WEATHER_STATION,VALID
2025-02-13 23:00:00,WX-MASTER,0.0,7.462,31.65,WEATHER_STATION,VALID
2025-02-14 00:00:00,WX-MASTER,0.0,9.381,33.98,WEATHER_STATION,VALID
2025-02-14 01:00:00,WX-MASTER,0.0,7.96,29.56,WEATHER_STATION,VALID
2025-02-14 02:00:00,WX-MASTER,0.0,10.564,25.67,WEATHER_STATION,VALID
2025-02-14 03:00:00,WX-MASTER,0.0,7.282,26.03,WEATHER_STATION,VALID
2025-02-14 04:00:00,WX-MASTER,0.0,6.629,26.88,WEATHER_STATION,VALID
2025-02-14 05:00:00,WX-MASTER,0.0,6.068,25.81,WEATHER_STATION,VALID
2025-02-14 06:00:00,WX-MASTER,0.0,8.414,25.02,WEATHER_STATION,VALID
2025-02-14 07:00:00,WX-MASTER,0.2785,8.717,24.69,WEATHER_STATION,VALID
2025-02-14 08:00:00,WX-MASTER,0.4202,,23.82,WEATHER_STATION,VALID
2025-02-14 09:00:00,WX-MASTER,0.6055,5.326,25.33,WEATHER_STATION,VALID
2025-02-14 10:00:00,WX-MASTER,0.6391,8.475,26.9,WEATHER_STATION,VALID
2025-02-14 11:00:00,WX-MASTER,0.8287,4.42,27.86,WEATHER_STATION,VALID
2025-02-14 12:00:00,WX-MASTER,0.9175,7.493,28.55,WEATHER_STATION,VALID
2025-02-14 13:00:00,WX-MASTER,0.7835,5.375,26.21,WEATHER_STATION,VALID
2025-02-14 14:00:00,WX-MASTER,0.3807,6.64,28.23,WEATHER_STATION,VALID
2025-02-14 15:00:00,WX-MASTER,0.5364,7.596,28.79,WEATHER_STATION,VALID
2025-02-14 16:00:00,WX-MASTER,0.4403,6.951,30.72,WEATHER_STATION,VALID
2025-02-14 17:00:00,WX-MASTER,0.2058,6.137,30.63,WEATHER_STATION,VALID
2025-02-14 18:00:00,WX-MASTER,0.0,8.564,31.02,WEATHER_STATION,VALID
2025-02-14 19:00:00,WX-MASTER,0.0,7.379,33.39,WEATHER_STATION,VALID
2025-02-14 20:00:00,WX-MASTER,0.0,12.051,31.88,WEATHER_STATION,VALID
2025-02-14 21:00:00,WX-MASTER,0.0,5.298,31.79,WEATHER_STATION,VALID
2025-02-14 22:00:00,WX-MASTER,0.0,5.502,31.79,WEATHER_STATION,VALID
2025-02-14 23:00:00,WX-MASTER,0.0,9.211,31.55,WEATHER_STATION,VALID
2025-02-15 00:00:00,WX-MASTER,0.0,8.025,30.85,WEATHER_STATION,VALID
2025-02-15 01:00:00,WX-MASTER,0.0,9.158,31.05,WEATHER_STATION,VALID
2025-02-15 02:00:00,WX-MASTER,0.0,6.694,26.74,WEATHER_STATION,VALID
2025-02-15 03:00:00,WX-MASTER,0.0,8.12,27.76,WEATHER_STATION,VALID
2025-02-15 04:00:00,WX-MASTER,0.0,8.508,26.41,WEATHER_STATION,VALID
2025-02-15 05:00:00,WX-MASTER,0.0,7.018,25.45,WEATHER_STATION,VALID
2025-02-15 06:00:00,WX-MASTER,0.0,7.798,26.16,WEATHER_STATION,VALID
2025-02-15 07:00:00,WX-MASTER,0.2074,5.473,26.46,WEATHER_STATION,VALID
2025-02-15 08:00:00,WX-MASTER,0.4838,7.495,24.07,WEATHER_STATION,VALID
2025-02-15 09:00:00,WX-MASTER,0.5921,8.61,26.92,WEATHER_STATION,VALID
2025-02-15 10:00:00,WX-MASTER,0.6769,4.899,23.53,WEATHER_STATION,VALID
2025-02-15 11:00:00,WX-MASTER,0.7918,4.64,26.51,WEATHER_STATION,VALID
2025-02-15 12:00:00,WX-MASTER,0.8833,7.749,25.46,WEATHER_STATION,VALID
2025-02-15 13:00:00,WX-MASTER,0.8064,4.43,26.6,WEATHER_STATION,VALID
2025-02-15 14:00:00,WX-MASTER,0.6723,7.238,28.35,WEATHER_STATION,VALID
2025-02-15 15:00:00,WX-MASTER,0.689,6.291,28.71,WEATHER_STATION,VALID
2025-02-15 16:00:00,WX-MASTER,0.5104,5.811,26.6,WEATHER_STATION,VALID
2025-02-15 17:00:00,WX-MASTER,0.2619,8.449,31.49,WEATHER_STATION,VALID
2025-02-15 18:00:00,WX-MASTER,0.0,7.978,32.25,WEATHER_STATION,VALID
2025-02-15 19:00:00,WX-MASTER,0.0,7.389,31.47,WEATHER_STATION,VALID
2025-02-15 20:00:00,WX-MASTER,0.0,4.488,31.49,WEATHER_STATION,VALID
2025-02-15 21:00:00,WX-MASTER,0.0,8.463,31.21,WEATHER_STATION,VALID
2025-02-15 22:00:00,WX-MASTER,0.0,6.368,29.26,WEATHER_STATION,VALID
2025-02-15 23:00:00,WX-MASTER,0.0,7.653,28.58,WEATHER_STATION,VALID
2025-02-16 00:00:00,WX-MASTER,0.0,8.098,31.02,WEATHER_STATION,VALID
2025-02-16 01:00:00,WX-MASTER,0.0,10.617,30.49,WEATHER_STATION,VALID
2025-02-16 02:00:00,WX-MASTER,0.0,7.815,29.02,WEATHER_STATION,VALID
2025-02-16 03:00:00,WX-MASTER,0.0,6.222,27.85,WEATHER_STATION,VALID
2025-02-16 04:00:00,WX-MASTER,0.0,9.847,27.49,WEATHER_STATION,VALID
2025-02-16 05:00:00,WX-MASTER,0.0,8.691,26.69,WEATHER_STATION,VALID
2025-02-16 06:00:00,WX-MASTER,0.0,8.51,24.33,WEATHER_STATION,VALID
2025-02-16 07:00:00,WX-MASTER,0.2417,9.2,25.19,WEATHER_STATION,VALID
2025-02-16 08:00:00,WX-MASTER,0.3966,9.244,24.45,WEATHER_STATION,VALID
2025-02-16 09:00:00,WX-MASTER,0.5953,5.594,24.58,WEATHER_STATION,VALID
2025-02-16 10:00:00,WX-MASTER,0.7322,4.722,26.64,WEATHER_STATION,VALID
2025-02-16 11:00:00,WX-MASTER,0.7989,7.445,27.72,WEATHER_STATION,VALID
2025-02-16 12:00:00,WX-MASTER,0.9141,5.883,23.74,WEATHER_STATION,VALID
2025-02-16 13:00:00,WX-MASTER,0.7614,5.939,27.09,WEATHER_STATION,VALID
2025-02-16 14:00:00,WX-MASTER,0.7517,4.71,27.93,WEATHER_STATION,VALID
2025-02-16 15:00:00,WX-MASTER,0.5461,7.0,30.6,WEATHER_STATION,VALID
2025-02-16 16:00:00,WX-MASTER,0.4746,6.899,28.31,WEATHER_STATION,VALID
2025-02-16 17:00:00,WX-MASTER,0.249,6.363,27.19,WEATHER_STATION,VALID
2025-02-16 18:00:00,WX-MASTER,0.0,4.989,32.32,WEATHER_STATION,VALID
2025-02-16 19:00:00,WX-MASTER,0.0,8.619,32.84,WEATHER_STATION,VALID
2025-02-16 20:00:00,WX-MASTER,0.0,7.641,29.66,WEATHER_STATION,VALID
2025-02-16 21:00:00,WX-MASTER,0.0,9.012,31.53,WEATHER_STATION,VALID
2025-02-16 22:00:00,WX-MASTER,0.0,5.048,33.17,WEATHER_STATION,VALID
2025-02-16 23:00:00,WX-MASTER,0.0,8.037,29.48,WEATHER_STATION,VALID
2025-02-17 00:00:00,WX-MASTER,0.0,7.179,30.2,WEATHER_STATION,VALID
2025-02-17 01:00:00,WX-MASTER,0.0,8.22,29.84,WEATHER_STATION,VALID
2025-02-17 02:00:00,WX-MASTER,0.0,9.393,26.61,WEATHER_STATION,VALID
2025-02-17 03:00:00,WX-MASTER,0.0,8.575,26.74,WEATHER_STATION,VALID
2025-02-17 04:00:00,WX-MASTER,0.0,7.982,24.54,WEATHER_STATION,VALID
2025-02-17 05:00:00,WX-MASTER,0.0,7.786,25.65,WEATHER_STATION,VALID
2025-02-17 06:00:00,WX-MASTER,0.0,5.513,24.34,WEATHER_STATION,VALID
2025-02-17 07:00:00,WX-MASTER,0.2815,6.109,25.19,WEATHER_STATION,VALID
2025-02-17 08:00:00,WX-MASTER,0.4563,8.484,25.59,WEATHER_STATION,VALID
2025-02-17 09:00:00,WX-MASTER,0.6143,6.118,26.61,WEATHER_STATION,VALID
2025-02-17 10:00:00,WX-MASTER,0.7183,8.035,28.09,WEATHER_STATION,VALID
2025-02-17 11:00:00,WX-MASTER,0.7935,7.446,26.1,WEATHER_STATION,VALID
2025-02-17 12:00:00,WX-MASTER,0.9211,7.389,26.19,WEATHER_STATION,VALID
2025-02-17 13:00:00,WX-MASTER,0.5953,6.617,26.97,WEATHER_STATION,VALID
2025-02-17 14:00:00,WX-MASTER,0.5691,5.623,27.17,WEATHER_STATION,VALID
2025-02-17 15:00:00,WX-MASTER,0.5761,6.067,29.77,WEATHER_STATION,VALID
2025-02-17 16:00:00,WX-MASTER,0.257,7.231,29.48,WEATHER_STATION,VALID
2025-02-17 17:00:00,WX-MASTER,0.2678,3.824,31.42,WEATHER_STATION,VALID
2025-02-17 18:00:00,WX-MASTER,0.0,8.433,30.24,WEATHER_STATION,VALID
2025-02-17 19:00:00,WX-MASTER,0.0,6.42,31.15,WEATHER_STATION,VALID
2025-02-17 20:00:00,WX-MASTER,0.0,7.219,32.34,WEATHER_STATION,VALID
2025-02-17 21:00:00,WX-MASTER,0.0,7.48,31.55,WEATHER_STATION,VALID
2025-02-17 22:00:00,WX-MASTER,0.0,7.753,29.05,WEATHER_STATION,VALID
2025-02-17 23:00:00,WX-MASTER,0.0,6.277,30.78,WEATHER_STATION,VALID
2025-02-18 00:00:00,WX-MASTER,0.0,8.33,29.13,WEATHER_STATION,VALID
2025-02-18 01:00:00,WX-MASTER,0.0,8.967,30.67,WEATHER_STATION,VALID
2025-02-18 02:00:00,WX-MASTER,0.0,5.531,29.51,WEATHER_STATION,VALID
2025-02-18 03:00:00,WX-MASTER,0.0,6.425,24.7,WEATHER_STATION,VALID
2025-02-18 04:00:00,WX-MASTER,0.0,9.145,27.56,WEATHER_STATION,VALID
2025-02-18 05:00:00,WX-MASTER,0.0,8.715,26.34,WEATHER_STATION,VALID
2025-02-18 06:00:00,WX-MASTER,0.0,7.951,23.53,WEATHER_STATION,VALID
2025-02-18 07:00:00,WX-MASTER,0.2116,6.423,26.02,WEATHER_STATION,VALID
2025-02-18 08:00:00,WX-MASTER,0.3959,7.979,23.31,WEATHER_STATION,VALID
2025-02-18 09:00:00,WX-MASTER,0.5888,5.234,26.34,WEATHER_STATION,VALID
2025-02-18 10:00:00,WX-MASTER,0.7063,6.396,24.54,WEATHER_STATION,VALID
2025-02-18 11:00:00,WX-MASTER,0.6655,4.696,24.05,WEATHER_STATION,VALID
2025-02-18 12:00:00,WX-MASTER,0.7304,6.058,29.14,WEATHER_STATION,VALID
2025-02-18 13:00:00,WX-MASTER,0.7207,4.867,25.58,WEATHER_STATION,VALID
2025-02-18 14:00:00,WX-MASTER,0.8199,7.195,27.38,WEATHER_STATION,VALID
2025-02-18 15:00:00,WX-MASTER,0.6918,6.848,28.52,WEATHER_STATION,VALID
2025-02-18 16:00:00,WX-MASTER,0.4338,5.679,29.55,WEATHER_STATION,VALID
2025-02-18 17:00:00,WX-MASTER,0.2399,8.027,31.66,WEATHER_STATION,VALID
2025-02-18 18:00:00,WX-MASTER,0.0,5.595,31.45,WEATHER_STATION,VALID
2025-02-18 19:00:00,WX-MASTER,0.0,7.046,32.93,WEATHER_STATION,VALID
2025-02-18 20:00:00,WX-MASTER,0.0,6.554,32.29,WEATHER_STATION,VALID
2025-02-18 21:00:00,WX-MASTER,0.0,8.569,29.72,WEATHER_STATION,VALID
2025-02-18 22:00:00,WX-MASTER,0.0,8.663,32.04,WEATHER_STATION,VALID
2025-02-18 23:00:00,WX-MASTER,0.0,9.7,31.1,WEATHER_STATION,VALID
2025-02-19 00:00:00,WX-MASTER,0.0,8.263,29.37,WEATHER_STATION,VALID
2025-02-19 01:00:00,WX-MASTER,0.0,4.369,31.76,WEATHER_STATION,VALID
2025-02-19 02:00:00,WX-MASTER,0.0,7.651,29.09,WEATHER_STATION,VALID
2025-02-19 03:00:00,WX-MASTER,0.0,10.173,28.59,WEATHER_STATION,VALID
2025-02-19 04:00:00,WX-MASTER,0.0,7.58,27.79,WEATHER_STATION,VALID
2025-02-19 05:00:00,WX-MASTER,0.0,5.321,25.39,WEATHER_STATION,VALID
2025-02-19 06:00:00,WX-MASTER,0.0,8.169,26.09,WEATHER_STATION,VALID
2025-02-19 07:00:00,WX-MASTER,0.267,8.013,25.36,WEATHER_STATION,VALID
2025-02-19 08:00:00,WX-MASTER,0.4539,6.125,24.2,WEATHER_STATION,VALID
2025-02-19 09:00:00,WX-MASTER,0.5227,6.499,23.52,WEATHER_STATION,VALID
2025-02-19 10:00:00,WX-MASTER,0.7024,5.495,25.36,WEATHER_STATION,VALID
2025-02-19 11:00:00,WX-MASTER,0.8266,7.096,26.59,WEATHER_STATION,VALID
2025-02-19 12:00:00,WX-MASTER,0.8719,6.364,26.63,WEATHER_STATION,VALID
2025-02-19 13:00:00,WX-MASTER,0.7833,4.713,27.24,WEATHER_STATION,VALID
2025-02-19 14:00:00,WX-MASTER,0.821,6.222,28.4,WEATHER_STATION,VALID
2025-02-19 15:00:00,WX-MASTER,0.68,5.354,28.93,WEATHER_STATION,VALID
2025-02-19 16:00:00,WX-MASTER,0.4419,8.342,31.97,WEATHER_STATION,VALID
2025-02-19 17:00:00,WX-MASTER,0.2701,7.793,31.16,WEATHER_STATION,VALID
2025-02-19 18:00:00,WX-MASTER,0.0,6.701,30.81,WEATHER_STATION,VALID
2025-02-19 19:00:00,WX-MASTER,0.0,,29.58,WEATHER_STATION,VALID
2025-02-19 20:00:00,WX-MASTER,0.0,8.693,31.63,WEATHER_STATION,VALID
2025-02-19 21:00:00,WX-MASTER,0.0,7.4,31.05,WEATHER_STATION,VALID
2025-02-19 22:00:00,WX-MASTER,0.0,8.835,30.66,WEATHER_STATION,VALID
2025-02-19 23:00:00,WX-MASTER,0.0,9.95,31.97,WEATHER_STATION,VALID
2025-02-20 00:00:00,WX-MASTER,0.0,7.539,30.23,WEATHER_STATION,VALID
2025-02-20 01:00:00,WX-MASTER,0.0,10.379,27.27,WEATHER_STATION,VALID
2025-02-20 02:00:00,WX-MASTER,0.0,9.995,29.13,WEATHER_STATION,VALID
2025-02-20 03:00:00,WX-MASTER,0.0,8.483,25.58,WEATHER_STATION,VALID
2025-02-20 04:00:00,WX-MASTER,0.0,7.447,27.47,WEATHER_STATION,VALID
2025-02-20 05:00:00,WX-MASTER,0.0,8.143,25.34,WEATHER_STATION,VALID
2025-02-20 06:00:00,WX-MASTER,0.0,7.289,25.46,WEATHER_STATION,VALID
2025-02-20 07:00:00,WX-MASTER,0.2266,6.323,24.97,WEATHER_STATION,VALID
2025-02-20 08:00:00,WX-MASTER,0.5138,7.784,24.71,WEATHER_STATION,VALID
2025-02-20 09:00:00,WX-MASTER,0.634,5.511,25.26,WEATHER_STATION,VALID
2025-02-20 10:00:00,WX-MASTER,0.7976,6.179,25.45,WEATHER_STATION,VALID
2025-02-20 11:00:00,WX-MASTER,0.7545,6.015,28.15,WEATHER_STATION,VALID
2025-02-20 12:00:00,WX-MASTER,0.8028,4.538,26.9,WEATHER_STATION,VALID
2025-02-20 13:00:00,WX-MASTER,0.7353,7.107,27.78,WEATHER_STATION,VALID
2025-02-20 14:00:00,WX-MASTER,0.5205,5.96,27.53,WEATHER_STATION,VALID
2025-02-20 15:00:00,WX-MASTER,0.5233,8.018,29.75,WEATHER_STATION,VALID
2025-02-20 16:00:00,WX-MASTER,0.3665,6.147,28.91,WEATHER_STATION,VALID
2025-02-20 17:00:00,WX-MASTER,0.1897,6.125,32.24,WEATHER_STATION,VALID
2025-02-20 18:00:00,WX-MASTER,0.0,5.706,29.63,WEATHER_STATION,VALID
2025-02-20 19:00:00,WX-MASTER,0.0,7.187,30.75,WEATHER_STATION,VALID
2025-02-20 20:00:00,WX-MASTER,0.0,7.455,29.93,WEATHER_STATION,VALID
2025-02-20 21:00:00,WX-MASTER,0.0,8.612,32.27,WEATHER_STATION,VALID
2025-02-20 22:00:00,WX-MASTER,0.0,7.958,30.91,WEATHER_STATION,VALID
2025-02-20 23:00:00,WX-MASTER,0.0,10.773,31.68,WEATHER_STATION,VALID
2025-02-21 00:00:00,WX-MASTER,0.0,8.792,28.98,WEATHER_STATION,VALID
2025-02-21 01:00:00,WX-MASTER,0.0,6.978,29.95,WEATHER_STATION,VALID
2025-02-21 02:00:00,WX-MASTER,0.0,6.862,29.1,WEATHER_STATION,VALID
2025-02-21 03:00:00,WX-MASTER,0.0,8.877,27.75,WEATHER_STATION,VALID
2025-02-21 04:00:00,WX-MASTER,0.0,6.723,26.69,WEATHER_STATION,VALID
2025-02-21 05:00:00,WX-MASTER,0.0,8.631,26.09,WEATHER_STATION,VALID
2025-02-21 06:00:00,WX-MASTER,0.0,8.793,24.28,WEATHER_STATION,VALID
2025-02-21 07:00:00,WX-MASTER,0.2204,8.571,23.73,WEATHER_STATION,VALID
2025-02-21 08:00:00,WX-MASTER,0.3977,5.984,25.56,WEATHER_STATION,VALID
2025-02-21 09:00:00,WX-MASTER,0.6209,8.062,24.58,WEATHER_STATION,VALID
2025-02-21 10:00:00,WX-MASTER,0.7548,7.06,25.92,WEATHER_STATION,VALID
2025-02-21 11:00:00,WX-MASTER,0.7295,5.67,27.79,WEATHER_STATION,VALID
2025-02-21 12:00:00,WX-MASTER,0.8226,6.127,26.11,WEATHER_STATION,VALID
2025-02-21 13:00:00,WX-MASTER,0.8464,6.885,26.78,WEATHER_STATION,VALID
2025-02-21 14:00:00,WX-MASTER,0.7776,5.404,28.02,WEATHER_STATION,VALID
2025-02-21 15:00:00,WX-MASTER,0.6946,6.744,29.36,WEATHER_STATION,VALID
2025-02-21 16:00:00,WX-MASTER,0.2072,8.366,30.89,WEATHER_STATION,VALID
2025-02-21 17:00:00,WX-MASTER,0.2237,7.929,30.85,WEATHER_STATION,VALID
2025-02-21 18:00:00,WX-MASTER,0.0,7.011,33.93,WEATHER_STATION,VALID
2025-02-21 19:00:00,WX-MASTER,0.0,7.462,32.29,WEATHER_STATION,VALID
2025-02-21 20:00:00,WX-MASTER,0.0,6.719,32.84,WEATHER_STATION,VALID
2025-02-21 21:00:00,WX-MASTER,0.0,7.007,31.74,WEATHER_STATION,VALID
2025-02-21 22:00:00,WX-MASTER,0.0,5.894,32.65,WEATHER_STATION,VALID
2025-02-21 23:00:00,WX-MASTER,0.0,8.4,30.63,WEATHER_STATION,VALID
2025-02-22 00:00:00,WX-MASTER,0.0,9.108,29.4,WEATHER_STATION,VALID
2025-02-22 01:00:00,WX-MASTER,0.0,8.19,30.42,WEATHER_STATION,VALID
2025-02-22 02:00:00,WX-MASTER,0.0,7.136,28.35,WEATHER_STATION,VALID
2025-02-22 03:00:00,WX-MASTER,0.0,8.29,27.81,WEATHER_STATION,VALID
2025-02-22 04:00:00,WX-MASTER,0.0,9.813,27.85,WEATHER_STATION,VALID
2025-02-22 05:00:00,WX-MASTER,0.0,9.047,26.12,WEATHER_STATION,VALID
2025-02-22 06:00:00,WX-MASTER,0.0,7.613,25.21,WEATHER_STATION,VALID
2025-02-22 07:00:00,WX-MASTER,0.234,10.059,24.4,WEATHER_STATION,VALID
2025-02-22 08:00:00,WX-MASTER,0.4943,10.645,26.2,WEATHER_STATION,VALID
2025-02-22 09:00:00,WX-MASTER,0.6135,6.261,24.63,WEATHER_STATION,VALID
2025-02-22 10:00:00,WX-MASTER,0.8243,6.343,25.33,WEATHER_STATION,VALID
2025-02-22 11:00:00,WX-MASTER,0.7572,7.383,26.29,WEATHER_STATION,VALID
2025-02-22 12:00:00,WX-MASTER,0.9097,5.17,27.01,WEATHER_STATION,VALID
2025-02-22 13:00:00,WX-MASTER,0.8069,7.398,28.73,WEATHER_STATION,VALID
2025-02-22 14:00:00,WX-MASTER,0.7926,6.432,28.34,WEATHER_STATION,VALID
2025-02-22 15:00:00,WX-MASTER,0.5864,6.856,30.98,WEATHER_STATION,VALID
2025-02-22 16:00:00,WX-MASTER,0.4539,5.761,29.88,WEATHER_STATION,VALID
2025-02-22 17:00:00,WX-MASTER,0.2479,5.673,31.34,WEATHER_STATION,VALID
2025-02-22 18:00:00,WX-MASTER,0.0,4.345,31.23,WEATHER_STATION,VALID
2025-02-22 19:00:00,WX-MASTER,0.0,9.11,34.32,WEATHER_STATION,VALID
2025-02-22 20:00:00,WX-MASTER,0.0,8.665,31.5,WEATHER_STATION,VALID
2025-02-22 21:00:00,WX-MASTER,0.0,8.567,31.49,WEATHER_STATION,VALID
2025-02-22 22:00:00,WX-MASTER,0.0,8.367,31.59,WEATHER_STATION,VALID
2025-02-22 23:00:00,WX-MASTER,0.0,5.099,30.58,WEATHER_STATION,VALID
2025-02-23 00:00:00,WX-MASTER,0.0,7.266,30.57,WEATHER_STATION,VALID
2025-02-23 01:00:00,WX-MASTER,0.0,7.971,30.82,WEATHER_STATION,VALID
2025-02-23 02:00:00,WX-MASTER,0.0,6.893,28.62,WEATHER_STATION,VALID
2025-02-23 03:00:00,WX-MASTER,0.0,6.024,27.76,WEATHER_STATION,VALID
2025-02-23 04:00:00,WX-MASTER,0.0,6.82,26.42,WEATHER_STATION,VALID
2025-02-23 05:00:00,WX-MASTER,0.0,7.965,25.36,WEATHER_STATION,VALID
2025-02-23 06:00:00,WX-MASTER,0.0,7.737,25.53,WEATHER_STATION,VALID
2025-02-23 07:00:00,WX-MASTER,0.2454,8.599,25.07,WEATHER_STATION,VALID
2025-02-23 08:00:00,WX-MASTER,0.5156,9.84,26.35,WEATHER_STATION,VALID
2025-02-23 09:00:00,WX-MASTER,0.4729,7.799,23.91,WEATHER_STATION,VALID
2025-02-23 10:00:00,WX-MASTER,0.5728,6.456,27.16,WEATHER_STATION,VALID
2025-02-23 11:00:00,WX-MASTER,0.8681,8.844,25.79,WEATHER_STATION,VALID
2025-02-23 12:00:00,WX-MASTER,0.8279,4.322,26.87,WEATHER_STATION,VALID
2025-02-23 13:00:00,WX-MASTER,0.8212,3.614,26.26,WEATHER_STATION,VALID
2025-02-23 14:00:00,WX-MASTER,0.6269,5.169,29.12,WEATHER_STATION,VALID
2025-02-23 15:00:00,WX-MASTER,0.6154,7.451,28.2,WEATHER_STATION,VALID
2025-02-23 16:00:00,WX-MASTER,0.5159,,30.64,WEATHER_STATION,VALID
2025-02-23 17:00:00,WX-MASTER,0.2736,5.252,31.25,WEATHER_STATION,VALID
2025-02-23 18:00:00,WX-MASTER,0.0,6.003,31.08,WEATHER_STATION,VALID
2025-02-23 19:00:00,WX-MASTER,0.0,5.588,29.34,WEATHER_STATION,VALID
2025-02-23 20:00:00,WX-MASTER,0.0,5.849,34.54,WEATHER_STATION,VALID
2025-02-23 21:00:00,WX-MASTER,0.0,9.729,30.56,WEATHER_STATION,VALID
2025-02-23 22:00:00,WX-MASTER,0.0,7.75,31.8,WEATHER_STATION,VALID
2025-02-23 23:00:00,WX-MASTER,0.0,10.417,30.04,WEATHER_STATION,VALID
2025-02-24 00:00:00,WX-MASTER,0.0,7.107,31.47,WEATHER_STATION,VALID
2025-02-24 01:00:00,WX-MASTER,0.0,8.964,28.91,WEATHER_STATION,VALID
2025-02-24 02:00:00,WX-MASTER,0.0,8.616,27.56,WEATHER_STATION,VALID
2025-02-24 03:00:00,WX-MASTER,0.0,9.391,28.27,WEATHER_STATION,VALID
2025-02-24 04:00:00,WX-MASTER,0.0,8.443,25.18,WEATHER_STATION,VALID
2025-02-24 05:00:00,WX-MASTER,0.0,9.204,25.49,WEATHER_STATION,VALID
2025-02-24 06:00:00,WX-MASTER,0.0,8.415,26.26,WEATHER_STATION,VALID
2025-02-24 07:00:00,WX-MASTER,0.2721,6.022,26.89,WEATHER_STATION,VALID
2025-02-24 08:00:00,WX-MASTER,0.4453,8.132,23.81,WEATHER_STATION,VALID
2025-02-24 09:00:00,WX-MASTER,0.453,6.795,24.35,WEATHER_STATION,VALID
2025-02-24 10:00:00,WX-MASTER,0.6537,5.696,25.85,WEATHER_STATION,VALID
2025-02-24 11:00:00,WX-MASTER,0.9041,7.428,23.59,WEATHER_STATION,VALID
2025-02-24 12:00:00,WX-MASTER,0.5776,7.598,28.34,WEATHER_STATION,VALID
2025-02-24 13:00:00,WX-MASTER,0.7709,5.709,26.36,WEATHER_STATION,VALID
2025-02-24 14:00:00,WX-MASTER,0.6393,5.888,27.94,WEATHER_STATION,VALID
2025-02-24 15:00:00,WX-MASTER,0.6712,4.613,29.68,WEATHER_STATION,VALID
2025-02-24 16:00:00,WX-MASTER,0.4244,4.206,30.27,WEATHER_STATION,VALID
2025-02-24 17:00:00,WX-MASTER,0.2626,6.426,29.78,WEATHER_STATION,VALID
2025-02-24 18:00:00,WX-MASTER,0.0,7.999,33.56,WEATHER_STATION,VALID
2025-02-24 19:00:00,WX-MASTER,0.0,6.478,28.75,WEATHER_STATION,VALID
2025-02-24 20:00:00,WX-MASTER,0.0,9.34,30.61,WEATHER_STATION,VALID
2025-02-24 21:00:00,WX-MASTER,0.0,7.468,31.08,WEATHER_STATION,VALID
2025-02-24 22:00:00,WX-MASTER,0.0,7.697,30.35,WEATHER_STATION,VALID
2025-02-24 23:00:00,WX-MASTER,0.0,7.763,32.4,WEATHER_STATION,VALID
2025-02-25 00:00:00,WX-MASTER,0.0,9.562,28.24,WEATHER_STATION,VALID
2025-02-25 01:00:00,WX-MASTER,0.0,7.101,31.25,WEATHER_STATION,VALID
2025-02-25 02:00:00,WX-MASTER,0.0,8.174,28.14,WEATHER_STATION,VALID
2025-02-25 03:00:00,WX-MASTER,0.0,7.557,25.94,WEATHER_STATION,VALID
2025-02-25 04:00:00,WX-MASTER,0.0,7.403,24.21,WEATHER_STATION,VALID
2025-02-25 05:00:00,WX-MASTER,0.0,7.99,25.75,WEATHER_STATION,VALID
2025-02-25 06:00:00,WX-MASTER,0.0,7.569,24.61,WEATHER_STATION,VALID
2025-02-25 07:00:00,WX-MASTER,0.209,8.829,25.38,WEATHER_STATION,VALID
2025-02-25 08:00:00,WX-MASTER,0.4522,7.187,24.44,WEATHER_STATION,VALID
2025-02-25 09:00:00,WX-MASTER,0.668,7.672,26.24,WEATHER_STATION,VALID
2025-02-25 10:00:00,WX-MASTER,0.5851,6.952,25.28,WEATHER_STATION,VALID
2025-02-25 11:00:00,WX-MASTER,0.7093,8.372,25.5,WEATHER_STATION,VALID
2025-02-25 12:00:00,WX-MASTER,0.9026,6.028,27.9,WEATHER_STATION,VALID
2025-02-25 13:00:00,WX-MASTER,0.8252,5.97,27.85,WEATHER_STATION,VALID
2025-02-25 14:00:00,WX-MASTER,0.7657,7.334,29.41,WEATHER_STATION,VALID
2025-02-25 15:00:00,WX-MASTER,0.6985,6.027,30.76,WEATHER_STATION,VALID
2025-02-25 16:00:00,WX-MASTER,0.4813,7.222,29.88,WEATHER_STATION,VALID
2025-02-25 17:00:00,WX-MASTER,0.2699,9.802,31.0,WEATHER_STATION,VALID
2025-02-25 18:00:00,WX-MASTER,0.0,5.719,32.52,WEATHER_STATION,VALID
2025-02-25 19:00:00,WX-MASTER,0.0,9.236,28.92,WEATHER_STATION,VALID
2025-02-25 20:00:00,WX-MASTER,0.0,6.866,31.86,WEATHER_STATION,VALID
2025-02-25 21:00:00,WX-MASTER,0.0,9.495,31.59,WEATHER_STATION,VALID
2025-02-25 22:00:00,WX-MASTER,0.0,8.871,31.96,WEATHER_STATION,VALID
2025-02-25 23:00:00,WX-MASTER,0.0,8.94,29.99,WEATHER_STATION,VALID
2025-02-26 00:00:00,WX-MASTER,0.0,8.111,31.56,WEATHER_STATION,VALID
2025-02-26 01:00:00,WX-MASTER,0.0,8.043,28.52,WEATHER_STATION,VALID
2025-02-26 02:00:00,WX-MASTER,0.0,7.425,27.95,WEATHER_STATION,VALID
2025-02-26 03:00:00,WX-MASTER,0.0,8.298,26.79,WEATHER_STATION,VALID
2025-02-26 04:00:00,WX-MASTER,0.0,7.916,28.22,WEATHER_STATION,VALID
2025-02-26 05:00:00,WX-MASTER,0.0,8.215,23.52,WEATHER_STATION,VALID
2025-02-26 06:00:00,WX-MASTER,0.0,5.904,27.61,WEATHER_STATION,VALID
2025-02-26 07:00:00,WX-MASTER,0.2677,7.513,26.88,WEATHER_STATION,VALID
2025-02-26 08:00:00,WX-MASTER,0.3952,8.864,24.32,WEATHER_STATION,VALID
2025-02-26 09:00:00,WX-MASTER,0.643,8.199,26.35,WEATHER_STATION,VALID
2025-02-26 10:00:00,WX-MASTER,0.829,6.779,25.62,WEATHER_STATION,VALID
2025-02-26 11:00:00,WX-MASTER,0.6316,9.9,28.0,WEATHER_STATION,VALID
2025-02-26 12:00:00,WX-MASTER,0.7926,5.692,27.89,WEATHER_STATION,VALID
2025-02-26 13:00:00,WX-MASTER,0.7593,6.268,30.22,WEATHER_STATION,VALID
2025-02-26 14:00:00,WX-MASTER,0.7018,4.501,26.62,WEATHER_STATION,VALID
2025-02-26 15:00:00,WX-MASTER,0.6026,5.935,29.63,WEATHER_STATION,VALID
2025-02-26 16:00:00,WX-MASTER,0.4403,8.919,28.18,WEATHER_STATION,VALID
2025-02-26 17:00:00,WX-MASTER,0.2773,6.309,30.35,WEATHER_STATION,VALID
2025-02-26 18:00:00,WX-MASTER,0.0,5.026,34.23,WEATHER_STATION,VALID
2025-02-26 19:00:00,WX-MASTER,0.0,8.4,32.44,WEATHER_STATION,VALID
2025-02-26 20:00:00,WX-MASTER,0.0,8.033,33.18,WEATHER_STATION,VALID
2025-02-26 21:00:00,WX-MASTER,0.0,8.858,32.49,WEATHER_STATION,VALID
2025-02-26 22:00:00,WX-MASTER,0.0,7.615,32.07,WEATHER_STATION,VALID
2025-02-26 23:00:00,WX-MASTER,0.0,6.872,30.34,WEATHER_STATION,VALID
2025-02-27 00:00:00,WX-MASTER,0.0,8.09,29.41,WEATHER_STATION,VALID
2025-02-27 01:00:00,WX-MASTER,0.0,9.112,28.76,WEATHER_STATION,VALID
2025-02-27 02:00:00,WX-MASTER,0.0,8.291,25.24,WEATHER_STATION,VALID
2025-02-27 03:00:00,WX-MASTER,0.0,8.816,27.51,WEATHER_STATION,VALID
2025-02-27 04:00:00,WX-MASTER,0.0,7.478,27.05,WEATHER_STATION,VALID
2025-02-27 05:00:00,WX-MASTER,0.0,8.54,25.3,WEATHER_STATION,VALID
2025-02-27 06:00:00,WX-MASTER,0.0,7.755,25.33,WEATHER_STATION,VALID
2025-02-27 07:00:00,WX-MASTER,0.2627,6.588,25.76,WEATHER_STATION,VALID
2025-02-27 08:00:00,WX-MASTER,0.487,7.426,26.07,WEATHER_STATION,VALID
2025-02-27 09:00:00,WX-MASTER,0.6322,6.491,23.7,WEATHER_STATION,VALID
2025-02-27 10:00:00,WX-MASTER,0.7583,7.573,24.53,WEATHER_STATION,VALID
2025-02-27 11:00:00,WX-MASTER,0.908,7.725,26.94,WEATHER_STATION,VALID
2025-02-27 12:00:00,WX-MASTER,0.9339,7.116,27.47,WEATHER_STATION,VALID
2025-02-27 13:00:00,WX-MASTER,0.5563,4.277,29.22,WEATHER_STATION,VALID
2025-02-27 14:00:00,WX-MASTER,0.7102,5.154,30.08,WEATHER_STATION,VALID
2025-02-27 15:00:00,WX-MASTER,0.6094,5.654,32.32,WEATHER_STATION,VALID
2025-02-27 16:00:00,WX-MASTER,0.373,5.581,29.91,WEATHER_STATION,VALID
2025-02-27 17:00:00,WX-MASTER,0.2553,6.099,32.88,WEATHER_STATION,VALID
2025-02-27 18:00:00,WX-MASTER,0.0,8.237,30.44,WEATHER_STATION,VALID
2025-02-27 19:00:00,WX-MASTER,0.0,8.196,34.77,WEATHER_STATION,VALID
2025-02-27 20:00:00,WX-MASTER,0.0,6.998,32.56,WEATHER_STATION,VALID
2025-02-27 21:00:00,WX-MASTER,0.0,8.569,32.54,WEATHER_STATION,VALID
2025-02-27 22:00:00,WX-MASTER,0.0,8.45,32.73,WEATHER_STATION,VALID
2025-02-27 23:00:00,WX-MASTER,0.0,8.16,29.36,WEATHER_STATION,VALID
2025-02-28 00:00:00,WX-MASTER,0.0,9.842,28.99,WEATHER_STATION,VALID
2025-02-28 01:00:00,WX-MASTER,0.0,7.552,29.57,WEATHER_STATION,VALID
2025-02-28 02:00:00,WX-MASTER,0.0,8.475,28.94,WEATHER_STATION,VALID
2025-02-28 03:00:00,WX-MASTER,0.0,6.967,30.12,WEATHER_STATION,VALID
2025-02-28 04:00:00,WX-MASTER,0.0,6.894,25.64,WEATHER_STATION,VALID
2025-02-28 05:00:00,WX-MASTER,0.0,6.24,27.9,WEATHER_STATION,VALID
2025-02-28 06:00:00,WX-MASTER,0.0,6.498,25.18,WEATHER_STATION,VALID
2025-02-28 07:00:00,WX-MASTER,0.2147,7.634,24.81,WEATHER_STATION,VALID
2025-02-28 08:00:00,WX-MASTER,0.5187,6.872,24.83,WEATHER_STATION,VALID
2025-02-28 09:00:00,WX-MASTER,0.2901,,24.78,WEATHER_STATION,VALID
2025-02-28 10:00:00,WX-MASTER,0.7202,6.403,26.08,WEATHER_STATION,VALID
2025-02-28 11:00:00,WX-MASTER,0.7628,8.916,25.58,WEATHER_STATION,VALID
2025-02-28 12:00:00,WX-MASTER,0.7767,5.007,25.09,WEATHER_STATION,VALID
2025-02-28 13:00:00,WX-MASTER,0.8655,4.806,27.3,WEATHER_STATION,VALID
2025-02-28 14:00:00,WX-MASTER,0.7566,5.33,29.08,WEATHER_STATION,VALID
2025-02-28 15:00:00,WX-MASTER,0.6648,6.409,27.75,WEATHER_STATION,VALID
2025-02-28 16:00:00,WX-MASTER,0.4598,7.307,30.98,WEATHER_STATION,VALID
2025-02-28 17:00:00,WX-MASTER,0.1053,7.631,32.42,WEATHER_STATION,VALID
2025-02-28 18:00:00,WX-MASTER,0.0,8.283,33.34,WEATHER_STATION,VALID
2025-02-28 19:00:00,WX-MASTER,0.0,7.168,32.32,WEATHER_STATION,VALID
2025-02-28 20:00:00,WX-MASTER,0.0,7.055,29.86,WEATHER_STATION,VALID
2025-02-28 21:00:00,WX-MASTER,0.0,9.944,32.69,WEATHER_STATION,VALID
2025-02-28 22:00:00,WX-MASTER,0.0,4.424,32.72,WEATHER_STATION,VALID
2025-02-28 23:00:00,WX-MASTER,0.0,8.306,30.17,WEATHER_STATION,VALID
2025-03-01 00:00:00,WX-MASTER,0.0,8.93,30.21,WEATHER_STATION,VALID
2025-03-01 01:00:00,WX-MASTER,0.0,10.869,30.03,WEATHER_STATION,VALID
2025-03-01 02:00:00,WX-MASTER,0.0,6.268,30.69,WEATHER_STATION,VALID
2025-03-01 03:00:00,WX-MASTER,0.0,7.808,27.33,WEATHER_STATION,VALID
2025-03-01 04:00:00,WX-MASTER,0.0,6.454,27.87,WEATHER_STATION,VALID
2025-03-01 05:00:00,WX-MASTER,0.0,5.692,26.45,WEATHER_STATION,VALID
2025-03-01 06:00:00,WX-MASTER,0.0,7.535,25.75,WEATHER_STATION,VALID
2025-03-01 07:00:00,WX-MASTER,0.2862,8.631,26.76,WEATHER_STATION,VALID
2025-03-01 08:00:00,WX-MASTER,0.4699,8.854,24.05,WEATHER_STATION,VALID
2025-03-01 09:00:00,WX-MASTER,0.5612,6.345,25.44,WEATHER_STATION,VALID
2025-03-01 10:00:00,WX-MASTER,0.8028,7.679,25.55,WEATHER_STATION,VALID
2025-03-01 11:00:00,WX-MASTER,0.8864,6.375,24.26,WEATHER_STATION,VALID
2025-03-01 12:00:00,WX-MASTER,0.888,7.23,28.27,WEATHER_STATION,VALID
2025-03-01 13:00:00,WX-MASTER,0.8712,7.946,28.63,WEATHER_STATION,VALID
2025-03-01 14:00:00,WX-MASTER,0.7159,6.198,28.59,WEATHER_STATION,VALID
2025-03-01 15:00:00,WX-MASTER,0.56,7.924,29.14,WEATHER_STATION,VALID
2025-03-01 16:00:00,WX-MASTER,0.4179,5.082,30.3,WEATHER_STATION,VALID
2025-03-01 17:00:00,WX-MASTER,0.2089,7.701,31.87,WEATHER_STATION,VALID
2025-03-01 18:00:00,WX-MASTER,0.0,8.42,31.64,WEATHER_STATION,VALID
2025-03-01 19:00:00,WX-MASTER,0.0,8.539,31.13,WEATHER_STATION,VALID
2025-03-01 20:00:00,WX-MASTER,0.0,6.05,31.43,WEATHER_STATION,VALID
2025-03-01 21:00:00,WX-MASTER,0.0,7.574,31.91,WEATHER_STATION,VALID
2025-03-01 22:00:00,WX-MASTER,0.0,8.458,30.46,WEATHER_STATION,VALID
2025-03-01 23:00:00,WX-MASTER,0.0,8.821,31.42,WEATHER_STATION,VALID
2025-03-02 00:00:00,WX-MASTER,0.0,8.542,29.36,WEATHER_STATION,VALID
2025-03-02 01:00:00,WX-MASTER,0.0,10.312,28.32,WEATHER_STATION,VALID
2025-03-02 02:00:00,WX-MASTER,0.0,6.764,32.39,WEATHER_STATION,VALID
2025-03-02 03:00:00,WX-MASTER,0.0,8.063,29.98,WEATHER_STATION,VALID
2025-03-02 04:00:00,WX-MASTER,0.0,6.046,26.98,WEATHER_STATION,VALID
2025-03-02 05:00:00,WX-MASTER,0.0,8.859,27.11,WEATHER_STATION,VALID
2025-03-02 06:00:00,WX-MASTER,0.0,8.543,26.76,WEATHER_STATION,VALID
2025-03-02 07:00:00,WX-MASTER,0.2866,11.922,25.09,WEATHER_STATION,VALID
2025-03-02 08:00:00,WX-MASTER,0.2353,8.642,25.4,WEATHER_STATION,VALID
2025-03-02 09:00:00,WX-MASTER,0.5833,7.488,24.87,WEATHER_STATION,VALID
2025-03-02 10:00:00,WX-MASTER,0.7126,7.165,27.04,WEATHER_STATION,VALID
2025-03-02 11:00:00,WX-MASTER,0.852,6.242,27.61,WEATHER_STATION,VALID
2025-03-02 12:00:00,WX-MASTER,0.8214,6.697,28.69,WEATHER_STATION,VALID
2025-03-02 13:00:00,WX-MASTER,0.7734,6.825,27.97,WEATHER_STATION,VALID
2025-03-02 14:00:00,WX-MASTER,0.8338,3.917,31.16,WEATHER_STATION,VALID
2025-03-02 15:00:00,WX-MASTER,0.6154,6.8,29.38,WEATHER_STATION,VALID
2025-03-02 16:00:00,WX-MASTER,0.5211,6.811,32.77,WEATHER_STATION,VALID
2025-03-02 17:00:00,WX-MASTER,0.2563,9.149,30.48,WEATHER_STATION,VALID
2025-03-02 18:00:00,WX-MASTER,0.0,6.926,30.04,WEATHER_STATION,VALID
2025-03-02 19:00:00,WX-MASTER,0.0,6.356,34.38,WEATHER_STATION,VALID
2025-03-02 20:00:00,WX-MASTER,0.0,7.961,32.85,WEATHER_STATION,VALID
2025-03-02 21:00:00,WX-MASTER,0.0,7.959,32.57,WEATHER_STATION,VALID
2025-03-02 22:00:00,WX-MASTER,0.0,7.916,31.16,WEATHER_STATION,VALID
2025-03-02 23:00:00,WX-MASTER,0.0,6.604,30.02,WEATHER_STATION,VALID
2025-03-03 00:00:00,WX-MASTER,0.0,8.21,29.43,WEATHER_STATION,VALID
2025-03-03 01:00:00,WX-MASTER,0.0,7.722,29.65,WEATHER_STATION,VALID
2025-03-03 02:00:00,WX-MASTER,0.0,8.188,28.4,WEATHER_STATION,VALID
03/03/2025 03:00,WX-MASTER,0.0,9.348,25.34,WEATHER_STATION,VALID
2025-03-03 04:00:00,WX-MASTER,0.0,7.384,28.86,WEATHER_STATION,VALID
2025-03-03 05:00:00,WX-MASTER,0.0,7.784,25.6,WEATHER_STATION,VALID
2025-03-03 06:00:00,WX-MASTER,0.0,8.547,27.03,WEATHER_STATION,VALID
2025-03-03 07:00:00,WX-MASTER,0.285,7.239,24.35,WEATHER_STATION,VALID
2025-03-03 08:00:00,WX-MASTER,0.4616,10.72,25.26,WEATHER_STATION,VALID
2025-03-03 09:00:00,WX-MASTER,0.4723,7.401,26.36,WEATHER_STATION,VALID
2025-03-03 10:00:00,WX-MASTER,0.7244,5.24,26.55,WEATHER_STATION,VALID
2025-03-03 11:00:00,WX-MASTER,0.2823,5.583,25.78,WEATHER_STATION,VALID
2025-03-03 12:00:00,WX-MASTER,0.9394,5.327,27.44,WEATHER_STATION,VALID
2025-03-03 13:00:00,WX-MASTER,0.6822,,28.48,WEATHER_STATION,VALID
2025-03-03 14:00:00,WX-MASTER,0.7085,7.19,28.4,WEATHER_STATION,VALID
2025-03-03 15:00:00,WX-MASTER,0.7045,5.127,28.15,WEATHER_STATION,VALID
2025-03-03 16:00:00,WX-MASTER,0.4846,6.27,29.58,WEATHER_STATION,VALID
2025-03-03 17:00:00,WX-MASTER,0.2696,8.375,30.6,WEATHER_STATION,VALID
2025-03-03 18:00:00,WX-MASTER,0.0,6.443,31.64,WEATHER_STATION,VALID
2025-03-03 19:00:00,WX-MASTER,0.0,8.245,33.87,WEATHER_STATION,VALID
2025-03-03 20:00:00,WX-MASTER,0.0,5.445,33.17,WEATHER_STATION,VALID
2025-03-03 21:00:00,WX-MASTER,0.0,7.402,30.98,WEATHER_STATION,VALID
2025-03-03 22:00:00,WX-MASTER,0.0,6.955,33.81,WEATHER_STATION,VALID
2025-03-03 23:00:00,WX-MASTER,0.0,8.677,30.96,WEATHER_STATION,VALID
2025-03-04 00:00:00,WX-MASTER,0.0,7.088,31.15,WEATHER_STATION,VALID
2025-03-04 01:00:00,WX-MASTER,0.0,11.186,28.37,WEATHER_STATION,VALID
2025-03-04 02:00:00,WX-MASTER,0.0,6.359,28.05,WEATHER_STATION,VALID
2025-03-04 03:00:00,WX-MASTER,0.0,9.893,28.93,WEATHER_STATION,VALID
2025-03-04 04:00:00,WX-MASTER,0.0,9.423,25.79,WEATHER_STATION,VALID
2025-03-04 05:00:00,WX-MASTER,0.0,8.495,26.18,WEATHER_STATION,VALID
2025-03-04 06:00:00,WX-MASTER,0.0,7.934,26.13,WEATHER_STATION,VALID
2025-03-04 07:00:00,WX-MASTER,0.2244,10.022,23.98,WEATHER_STATION,VALID
2025-03-04 08:00:00,WX-MASTER,0.479,10.561,22.96,WEATHER_STATION,VALID
2025-03-04 09:00:00,WX-MASTER,0.5476,6.829,26.3,WEATHER_STATION,VALID
2025-03-04 10:00:00,WX-MASTER,0.7973,7.08,29.0,WEATHER_STATION,VALID
2025-03-04 11:00:00,WX-MASTER,0.7072,5.977,26.67,WEATHER_STATION,VALID
2025-03-04 12:00:00,WX-MASTER,0.7825,5.049,27.62,WEATHER_STATION,VALID
2025-03-04 13:00:00,WX-MASTER,0.7557,7.109,26.62,WEATHER_STATION,VALID
2025-03-04 14:00:00,WX-MASTER,0.8362,6.838,30.35,WEATHER_STATION,VALID
2025-03-04 15:00:00,WX-MASTER,0.6471,4.493,29.05,WEATHER_STATION,VALID
2025-03-04 16:00:00,WX-MASTER,0.4524,7.314,31.74,WEATHER_STATION,VALID
2025-03-04 17:00:00,WX-MASTER,0.2682,7.278,31.79,WEATHER_STATION,VALID
2025-03-04 18:00:00,WX-MASTER,0.0,6.357,32.38,WEATHER_STATION,VALID
2025-03-04 19:00:00,WX-MASTER,0.0,6.526,32.68,WEATHER_STATION,VALID
2025-03-04 20:00:00,WX-MASTER,0.0,8.204,32.77,WEATHER_STATION,VALID
2025-03-04 21:00:00,WX-MASTER,0.0,9.996,32.31,WEATHER_STATION,VALID
2025-03-04 22:00:00,WX-MASTER,0.0,8.645,32.79,WEATHER_STATION,VALID
2025-03-04 23:00:00,WX-MASTER,0.0,9.322,30.19,WEATHER_STATION,VALID
2025-03-05 00:00:00,WX-MASTER,0.0,7.372,30.07,WEATHER_STATION,VALID
2025-03-05 01:00:00,WX-MASTER,0.0,7.977,31.27,WEATHER_STATION,VALID
2025-03-05 02:00:00,WX-MASTER,0.0,9.301,28.81,WEATHER_STATION,VALID
2025-03-05 03:00:00,WX-MASTER,0.0,6.671,27.31,WEATHER_STATION,VALID
2025-03-05 04:00:00,WX-MASTER,0.0,8.571,28.1,WEATHER_STATION,VALID
2025-03-05 05:00:00,WX-MASTER,0.0,8.755,27.14,WEATHER_STATION,VALID
2025-03-05 06:00:00,WX-MASTER,0.0,7.834,24.01,WEATHER_STATION,VALID
2025-03-05 07:00:00,WX-MASTER,0.2019,8.046,26.1,WEATHER_STATION,VALID
2025-03-05 08:00:00,WX-MASTER,0.4004,7.445,25.27,WEATHER_STATION,VALID
2025-03-05 09:00:00,WX-MASTER,0.4408,6.31,26.08,WEATHER_STATION,VALID
2025-03-05 10:00:00,WX-MASTER,0.7231,5.364,25.59,WEATHER_STATION,VALID
2025-03-05 11:00:00,WX-MASTER,0.7948,6.598,26.69,WEATHER_STATION,VALID
2025-03-05 12:00:00,WX-MASTER,0.7964,8.286,24.66,WEATHER_STATION,VALID
2025-03-05 13:00:00,WX-MASTER,0.9054,7.86,26.63,WEATHER_STATION,VALID
2025-03-05 14:00:00,WX-MASTER,0.8373,6.085,29.49,WEATHER_STATION,VALID
2025-03-05 15:00:00,WX-MASTER,0.6144,6.131,32.66,WEATHER_STATION,VALID
2025-03-05 16:00:00,WX-MASTER,0.3572,6.17,30.8,WEATHER_STATION,VALID
2025-03-05 17:00:00,WX-MASTER,0.2719,6.359,30.25,WEATHER_STATION,VALID
2025-03-05 18:00:00,WX-MASTER,0.0,7.534,31.8,WEATHER_STATION,VALID
2025-03-05 19:00:00,WX-MASTER,0.0,8.788,30.91,WEATHER_STATION,VALID
2025-03-05 20:00:00,WX-MASTER,0.0,10.616,33.61,WEATHER_STATION,VALID
2025-03-05 21:00:00,WX-MASTER,0.0,6.846,32.04,WEATHER_STATION,VALID
2025-03-05 22:00:00,WX-MASTER,0.0,8.994,32.9,WEATHER_STATION,VALID
2025-03-05 23:00:00,WX-MASTER,0.0,9.033,30.9,WEATHER_STATION,VALID
2025-03-06 00:00:00,WX-MASTER,0.0,8.046,31.74,WEATHER_STATION,VALID
2025-03-06 01:00:00,WX-MASTER,0.0,7.203,27.58,WEATHER_STATION,VALID
2025-03-06 02:00:00,WX-MASTER,0.0,8.889,28.65,WEATHER_STATION,VALID
2025-03-06 03:00:00,WX-MASTER,0.0,11.213,28.36,WEATHER_STATION,VALID
2025-03-06 04:00:00,WX-MASTER,0.0,8.672,26.55,WEATHER_STATION,VALID
2025-03-06 05:00:00,WX-MASTER,0.0,7.11,26.58,WEATHER_STATION,VALID
2025-03-06 06:00:00,WX-MASTER,0.0,7.7,26.0,WEATHER_STATION,VALID
2025-03-06 07:00:00,WX-MASTER,0.2525,6.169,26.5,WEATHER_STATION,VALID
2025-03-06 08:00:00,WX-MASTER,0.5242,7.414,25.87,WEATHER_STATION,VALID
2025-03-06 09:00:00,WX-MASTER,0.6108,8.028,25.71,WEATHER_STATION,VALID
2025-03-06 10:00:00,WX-MASTER,0.6006,6.016,26.64,WEATHER_STATION,VALID
2025-03-06 11:00:00,WX-MASTER,0.7423,2.504,24.52,WEATHER_STATION,VALID
2025-03-06 12:00:00,WX-MASTER,0.8852,6.97,25.97,WEATHER_STATION,VALID
2025-03-06 13:00:00,WX-MASTER,0.847,5.896,26.05,WEATHER_STATION,VALID
2025-03-06 14:00:00,WX-MASTER,0.6177,5.578,29.28,WEATHER_STATION,VALID
2025-03-06 15:00:00,WX-MASTER,0.5779,5.64,30.02,WEATHER_STATION,VALID
2025-03-06 16:00:00,WX-MASTER,0.288,7.283,32.03,WEATHER_STATION,VALID
2025-03-06 17:00:00,WX-MASTER,0.2453,6.421,31.52,WEATHER_STATION,VALID
2025-03-06 18:00:00,WX-MASTER,0.0,8.39,30.89,WEATHER_STATION,VALID
2025-03-06 19:00:00,WX-MASTER,0.0,8.672,32.16,WEATHER_STATION,VALID
2025-03-06 20:00:00,WX-MASTER,0.0,7.343,29.87,WEATHER_STATION,VALID
2025-03-06 21:00:00,WX-MASTER,0.0,7.268,31.51,WEATHER_STATION,VALID
2025-03-06 22:00:00,WX-MASTER,0.0,8.334,28.83,WEATHER_STATION,VALID
2025-03-06 23:00:00,WX-MASTER,0.0,8.16,31.49,WEATHER_STATION,VALID
2025-03-07 00:00:00,WX-MASTER,0.0,6.216,30.05,WEATHER_STATION,VALID
2025-03-07 01:00:00,WX-MASTER,0.0,11.045,29.38,WEATHER_STATION,VALID
2025-03-07 02:00:00,WX-MASTER,0.0,9.48,27.51,WEATHER_STATION,VALID
2025-03-07 03:00:00,WX-MASTER,0.0,7.875,26.92,WEATHER_STATION,VALID
2025-03-07 04:00:00,WX-MASTER,0.0,5.851,27.71,WEATHER_STATION,VALID
2025-03-07 05:00:00,WX-MASTER,0.0,7.919,24.43,WEATHER_STATION,VALID
2025-03-07 06:00:00,WX-MASTER,0.0,7.161,26.21,WEATHER_STATION,VALID
2025-03-07 07:00:00,WX-MASTER,0.2602,7.593,24.28,WEATHER_STATION,VALID
2025-03-07 08:00:00,WX-MASTER,0.5014,4.597,23.12,WEATHER_STATION,VALID
2025-03-07 09:00:00,WX-MASTER,0.5206,6.546,26.72,WEATHER_STATION,VALID
2025-03-07 10:00:00,WX-MASTER,0.7459,6.402,27.2,WEATHER_STATION,VALID
2025-03-07 11:00:00,WX-MASTER,0.7944,6.506,25.51,WEATHER_STATION,VALID
2025-03-07 12:00:00,WX-MASTER,0.8676,6.323,26.22,WEATHER_STATION,VALID
2025-03-07 13:00:00,WX-MASTER,0.8125,6.636,27.43,WEATHER_STATION,VALID
2025-03-07 14:00:00,WX-MASTER,0.6276,8.552,27.66,WEATHER_STATION,VALID
2025-03-07 15:00:00,WX-MASTER,0.5425,5.978,28.78,WEATHER_STATION,VALID
2025-03-07 16:00:00,WX-MASTER,0.4664,5.598,30.92,WEATHER_STATION,VALID
2025-03-07 17:00:00,WX-MASTER,0.284,4.726,33.6,WEATHER_STATION,VALID
2025-03-07 18:00:00,WX-MASTER,0.0,6.536,31.24,WEATHER_STATION,VALID
2025-03-07 19:00:00,WX-MASTER,0.0,5.632,33.24,WEATHER_STATION,VALID
2025-03-07 20:00:00,WX-MASTER,0.0,8.963,32.56,WEATHER_STATION,VALID
2025-03-07 21:00:00,WX-MASTER,0.0,7.84,30.01,WEATHER_STATION,VALID
2025-03-07 22:00:00,WX-MASTER,0.0,9.41,31.63,WEATHER_STATION,VALID
2025-03-07 23:00:00,WX-MASTER,0.0,10.275,30.93,WEATHER_STATION,VALID
2025-03-08 00:00:00,WX-MASTER,0.0,7.39,32.15,WEATHER_STATION,VALID
2025-03-08 01:00:00,WX-MASTER,0.0,8.125,31.36,WEATHER_STATION,VALID
2025-03-08 02:00:00,WX-MASTER,0.0,10.302,29.1,WEATHER_STATION,VALID
2025-03-08 03:00:00,WX-MASTER,0.0,8.744,29.2,WEATHER_STATION,VALID
2025-03-08 04:00:00,WX-MASTER,0.0,9.04,26.72,WEATHER_STATION,VALID
2025-03-08 05:00:00,WX-MASTER,0.0,9.517,27.51,WEATHER_STATION,VALID
2025-03-08 06:00:00,WX-MASTER,0.0,9.111,25.73,WEATHER_STATION,VALID
2025-03-08 07:00:00,WX-MASTER,0.2173,8.225,26.58,WEATHER_STATION,VALID
2025-03-08 08:00:00,WX-MASTER,0.4569,9.246,26.58,WEATHER_STATION,VALID
2025-03-08 09:00:00,WX-MASTER,0.5793,7.091,26.12,WEATHER_STATION,VALID
2025-03-08 10:00:00,WX-MASTER,0.7753,7.632,24.72,WEATHER_STATION,VALID
2025-03-08 11:00:00,WX-MASTER,0.8545,6.546,25.67,WEATHER_STATION,VALID
2025-03-08 12:00:00,WX-MASTER,0.8671,7.977,27.8,WEATHER_STATION,VALID
2025-03-08 13:00:00,WX-MASTER,0.8358,5.678,28.81,WEATHER_STATION,VALID
2025-03-08 14:00:00,WX-MASTER,0.8412,4.407,28.84,WEATHER_STATION,VALID
2025-03-08 15:00:00,WX-MASTER,0.5565,7.519,29.18,WEATHER_STATION,VALID
2025-03-08 16:00:00,WX-MASTER,0.4629,5.477,30.63,WEATHER_STATION,VALID
2025-03-08 17:00:00,WX-MASTER,0.2873,5.536,30.79,WEATHER_STATION,VALID
2025-03-08 18:00:00,WX-MASTER,0.0,8.865,31.35,WEATHER_STATION,VALID
2025-03-08 19:00:00,WX-MASTER,0.0,8.73,34.38,WEATHER_STATION,VALID
2025-03-08 20:00:00,WX-MASTER,0.0,7.29,31.57,WEATHER_STATION,VALID
2025-03-08 21:00:00,WX-MASTER,0.0,4.026,32.64,WEATHER_STATION,VALID
2025-03-08 22:00:00,WX-MASTER,0.0,8.902,31.86,WEATHER_STATION,VALID
2025-03-08 23:00:00,WX-MASTER,0.0,9.25,29.65,WEATHER_STATION,VALID
2025-03-09 00:00:00,WX-MASTER,0.0,9.207,28.89,WEATHER_STATION,VALID
2025-03-09 01:00:00,WX-MASTER,0.0,9.209,29.47,WEATHER_STATION,VALID
2025-03-09 02:00:00,WX-MASTER,0.0,8.355,26.31,WEATHER_STATION,VALID
2025-03-09 03:00:00,WX-MASTER,0.0,7.984,29.95,WEATHER_STATION,VALID
2025-03-09 04:00:00,WX-MASTER,0.0,6.944,26.47,WEATHER_STATION,VALID
2025-03-09 05:00:00,WX-MASTER,0.0,7.287,25.65,WEATHER_STATION,VALID
2025-03-09 06:00:00,WX-MASTER,0.0,8.383,27.09,WEATHER_STATION,VALID
2025-03-09 07:00:00,WX-MASTER,0.2712,8.151,25.11,WEATHER_STATION,VALID
2025-03-09 08:00:00,WX-MASTER,0.5265,8.477,25.94,WEATHER_STATION,VALID
2025-03-09 09:00:00,WX-MASTER,0.5093,5.371,24.59,WEATHER_STATION,VALID
2025-03-09 10:00:00,WX-MASTER,0.7721,4.82,25.68,WEATHER_STATION,VALID
2025-03-09 11:00:00,WX-MASTER,0.7494,6.303,27.35,WEATHER_STATION,VALID
2025-03-09 12:00:00,WX-MASTER,0.8915,5.345,25.87,WEATHER_STATION,VALID
2025-03-09 13:00:00,WX-MASTER,0.8202,6.85,28.39,WEATHER_STATION,VALID
2025-03-09 14:00:00,WX-MASTER,0.8073,4.911,25.76,WEATHER_STATION,VALID
2025-03-09 15:00:00,WX-MASTER,0.7091,8.222,31.08,WEATHER_STATION,VALID
2025-03-09 16:00:00,WX-MASTER,0.476,5.754,29.74,WEATHER_STATION,VALID
2025-03-09 17:00:00,WX-MASTER,0.2877,9.082,31.03,WEATHER_STATION,VALID
2025-03-09 18:00:00,WX-MASTER,0.0,7.922,31.57,WEATHER_STATION,VALID
2025-03-09 19:00:00,WX-MASTER,0.0,6.122,30.87,WEATHER_STATION,VALID
2025-03-09 20:00:00,WX-MASTER,0.0,10.478,30.9,WEATHER_STATION,VALID
2025-03-09 21:00:00,WX-MASTER,0.0,8.351,32.66,WEATHER_STATION,VALID
2025-03-09 22:00:00,WX-MASTER,0.0,8.445,32.37,WEATHER_STATION,VALID
2025-03-09 23:00:00,WX-MASTER,0.0,8.324,30.07,WEATHER_STATION,VALID
2025-03-10 00:00:00,WX-MASTER,0.0,9.161,31.07,WEATHER_STATION,VALID
2025-03-10 01:00:00,WX-MASTER,0.0,9.299,30.24,WEATHER_STATION,VALID
2025-03-10 02:00:00,WX-MASTER,0.0,7.486,28.22,WEATHER_STATION,VALID
2025-03-10 03:00:00,WX-MASTER,0.0,8.26,26.21,WEATHER_STATION,VALID
2025-03-10 04:00:00,WX-MASTER,0.0,8.553,26.87,WEATHER_STATION,VALID
2025-03-10 05:00:00,WX-MASTER,0.0,8.971,26.63,WEATHER_STATION,VALID
2025-03-10 06:00:00,WX-MASTER,0.0,8.764,25.57,WEATHER_STATION,VALID
2025-03-10 07:00:00,WX-MASTER,0.2512,7.945,24.58,WEATHER_STATION,VALID
2025-03-10 08:00:00,WX-MASTER,0.3932,6.755,25.73,WEATHER_STATION,VALID
2025-03-10 09:00:00,WX-MASTER,0.6646,6.437,26.81,WEATHER_STATION,VALID
2025-03-10 10:00:00,WX-MASTER,0.5533,5.447,24.71,WEATHER_STATION,VALID
2025-03-10 11:00:00,WX-MASTER,0.8743,7.586,25.84,WEATHER_STATION,VALID
2025-03-10 12:00:00,WX-MASTER,0.7058,5.89,30.21,WEATHER_STATION,VALID
2025-03-10 13:00:00,WX-MASTER,0.822,6.379,28.11,WEATHER_STATION,VALID
2025-03-10 14:00:00,WX-MASTER,0.7377,6.943,27.15,WEATHER_STATION,VALID
2025-03-10 15:00:00,WX-MASTER,0.7098,,29.0,WEATHER_STATION,VALID
2025-03-10 16:00:00,WX-MASTER,0.4581,6.835,29.51,WEATHER_STATION,VALID
2025-03-10 17:00:00,WX-MASTER,0.2377,5.855,31.6,WEATHER_STATION,VALID
2025-03-10 18:00:00,WX-MASTER,0.0,7.61,32.07,WEATHER_STATION,VALID
2025-03-10 19:00:00,WX-MASTER,0.0,7.107,31.29,WEATHER_STATION,VALID
2025-03-10 20:00:00,WX-MASTER,0.0,7.662,34.4,WEATHER_STATION,VALID
2025-03-10 21:00:00,WX-MASTER,0.0,9.531,32.15,WEATHER_STATION,VALID
2025-03-10 22:00:00,WX-MASTER,0.0,8.905,31.15,WEATHER_STATION,VALID
2025-03-10 23:00:00,WX-MASTER,0.0,7.687,29.68,WEATHER_STATION,VALID
2025-03-11 00:00:00,WX-MASTER,0.0,8.38,29.36,WEATHER_STATION,VALID
2025-03-11 01:00:00,WX-MASTER,0.0,10.715,28.09,WEATHER_STATION,VALID
2025-03-11 02:00:00,WX-MASTER,0.0,8.231,28.45,WEATHER_STATION,VALID
2025-03-11 03:00:00,WX-MASTER,0.0,8.609,26.71,WEATHER_STATION,VALID
2025-03-11 04:00:00,WX-MASTER,0.0,9.285,27.87,WEATHER_STATION,VALID
2025-03-11 05:00:00,WX-MASTER,0.0,8.513,25.5,WEATHER_STATION,VALID
2025-03-11 06:00:00,WX-MASTER,0.0,7.52,26.66,WEATHER_STATION,VALID
2025-03-11 07:00:00,WX-MASTER,0.2904,6.784,25.89,WEATHER_STATION,VALID
2025-03-11 08:00:00,WX-MASTER,0.5276,7.477,25.96,WEATHER_STATION,VALID
2025-03-11 09:00:00,WX-MASTER,0.5842,8.095,26.38,WEATHER_STATION,VALID
2025-03-11 10:00:00,WX-MASTER,0.7664,8.733,28.04,WEATHER_STATION,VALID
2025-03-11 11:00:00,WX-MASTER,0.8187,4.93,25.19,WEATHER_STATION,VALID
2025-03-11 12:00:00,WX-MASTER,0.8674,9.001,27.95,WEATHER_STATION,VALID
2025-03-11 13:00:00,WX-MASTER,0.757,6.273,28.25,WEATHER_STATION,VALID
2025-03-11 14:00:00,WX-MASTER,0.7412,7.856,29.96,WEATHER_STATION,VALID
2025-03-11 15:00:00,WX-MASTER,0.5229,5.768,29.72,WEATHER_STATION,VALID
2025-03-11 16:00:00,WX-MASTER,0.4745,4.768,31.84,WEATHER_STATION,VALID
2025-03-11 17:00:00,WX-MASTER,0.2697,5.344,29.61,WEATHER_STATION,VALID
2025-03-11 18:00:00,WX-MASTER,0.0,6.849,30.51,WEATHER_STATION,VALID
2025-03-11 19:00:00,WX-MASTER,0.0,8.214,31.38,WEATHER_STATION,VALID
2025-03-11 20:00:00,WX-MASTER,0.0,7.835,32.09,WEATHER_STATION,VALID
2025-03-11 21:00:00,WX-MASTER,0.0,7.719,32.12,WEATHER_STATION,VALID
2025-03-11 22:00:00,WX-MASTER,0.0,9.721,30.82,WEATHER_STATION,VALID
2025-03-11 23:00:00,WX-MASTER,0.0,8.451,29.97,WEATHER_STATION,VALID
2025-03-12 00:00:00,WX-MASTER,0.0,8.957,29.66,WEATHER_STATION,VALID
2025-03-12 01:00:00,WX-MASTER,0.0,12.7,27.55,WEATHER_STATION,VALID
2025-03-12 02:00:00,WX-MASTER,0.0,8.639,28.35,WEATHER_STATION,VALID
2025-03-12 03:00:00,WX-MASTER,0.0,7.672,27.72,WEATHER_STATION,VALID
2025-03-12 04:00:00,WX-MASTER,0.0,9.066,27.47,WEATHER_STATION,VALID
2025-03-12 05:00:00,WX-MASTER,0.0,9.207,26.42,WEATHER_STATION,VALID
2025-03-12 06:00:00,WX-MASTER,0.0,8.415,27.81,WEATHER_STATION,VALID
2025-03-12 07:00:00,WX-MASTER,0.2645,7.974,26.29,WEATHER_STATION,VALID
2025-03-12 08:00:00,WX-MASTER,0.4613,9.436,26.08,WEATHER_STATION,VALID
2025-03-12 09:00:00,WX-MASTER,0.6917,9.023,25.75,WEATHER_STATION,VALID
2025-03-12 10:00:00,WX-MASTER,0.7064,6.883,26.3,WEATHER_STATION,VALID
2025-03-12 11:00:00,WX-MASTER,0.6811,6.018,25.95,WEATHER_STATION,VALID
2025-03-12 12:00:00,WX-MASTER,0.7179,7.287,27.06,WEATHER_STATION,VALID
2025-03-12 13:00:00,WX-MASTER,0.7729,5.823,30.09,WEATHER_STATION,VALID
2025-03-12 14:00:00,WX-MASTER,0.6488,7.824,28.61,WEATHER_STATION,VALID
2025-03-12 15:00:00,WX-MASTER,0.6603,7.297,28.0,WEATHER_STATION,VALID
2025-03-12 16:00:00,WX-MASTER,0.445,10.352,31.28,WEATHER_STATION,VALID
2025-03-12 17:00:00,WX-MASTER,0.0988,8.985,32.22,WEATHER_STATION,VALID
2025-03-12 18:00:00,WX-MASTER,0.0,5.897,31.91,WEATHER_STATION,VALID
2025-03-12 19:00:00,WX-MASTER,0.0,6.878,29.82,WEATHER_STATION,VALID
2025-03-12 20:00:00,WX-MASTER,0.0,5.325,33.74,WEATHER_STATION,VALID
2025-03-12 21:00:00,WX-MASTER,0.0,5.285,32.35,WEATHER_STATION,VALID
2025-03-12 22:00:00,WX-MASTER,0.0,8.435,31.35,WEATHER_STATION,VALID
2025-03-12 23:00:00,WX-MASTER,0.0,6.918,32.59,WEATHER_STATION,VALID
2025-03-13 00:00:00,WX-MASTER,0.0,10.746,28.02,WEATHER_STATION,VALID
2025-03-13 01:00:00,WX-MASTER,0.0,10.18,29.74,WEATHER_STATION,VALID
2025-03-13 02:00:00,WX-MASTER,0.0,8.316,28.05,WEATHER_STATION,VALID
2025-03-13 03:00:00,WX-MASTER,0.0,8.169,29.59,WEATHER_STATION,VALID
2025-03-13 04:00:00,WX-MASTER,0.0,10.391,27.24,WEATHER_STATION,VALID
2025-03-13 05:00:00,WX-MASTER,0.0,10.501,25.19,WEATHER_STATION,VALID
2025-03-13 06:00:00,WX-MASTER,0.0,6.83,27.04,WEATHER_STATION,VALID
2025-03-13 07:00:00,WX-MASTER,0.1949,6.41,22.37,WEATHER_STATION,VALID
2025-03-13 08:00:00,WX-MASTER,0.5015,7.137,25.81,WEATHER_STATION,VALID
2025-03-13 09:00:00,WX-MASTER,0.6256,7.838,23.81,WEATHER_STATION,VALID
2025-03-13 10:00:00,WX-MASTER,0.6689,6.387,25.12,WEATHER_STATION,VALID
2025-03-13 11:00:00,WX-MASTER,0.8322,7.462,25.94,WEATHER_STATION,VALID
2025-03-13 12:00:00,WX-MASTER,0.7914,9.284,28.04,WEATHER_STATION,VALID
2025-03-13 13:00:00,WX-MASTER,0.7743,4.859,30.44,WEATHER_STATION,VALID
2025-03-13 14:00:00,WX-MASTER,0.7995,6.113,26.57,WEATHER_STATION,VALID
2025-03-13 15:00:00,WX-MASTER,0.5422,4.962,30.14,WEATHER_STATION,VALID
2025-03-13 16:00:00,WX-MASTER,0.522,5.813,33.1,WEATHER_STATION,VALID
2025-03-13 17:00:00,WX-MASTER,0.2192,6.706,30.49,WEATHER_STATION,VALID
2025-03-13 18:00:00,WX-MASTER,0.0,6.373,30.97,WEATHER_STATION,VALID
2025-03-13 19:00:00,WX-MASTER,0.0,8.248,32.37,WEATHER_STATION,VALID
2025-03-13 20:00:00,WX-MASTER,0.0,8.029,33.2,WEATHER_STATION,VALID
2025-03-13 21:00:00,WX-MASTER,0.0,8.472,32.87,WEATHER_STATION,VALID
2025-03-13 22:00:00,WX-MASTER,0.0,7.908,31.3,WEATHER_STATION,VALID
2025-03-13 23:00:00,WX-MASTER,0.0,8.208,30.21,WEATHER_STATION,VALID
2025-03-14 00:00:00,WX-MASTER,0.0,8.176,32.04,WEATHER_STATION,VALID
2025-03-14 01:00:00,WX-MASTER,0.0,8.37,28.69,WEATHER_STATION,VALID
2025-03-14 02:00:00,WX-MASTER,0.0,9.232,26.41,WEATHER_STATION,VALID
2025-03-14 03:00:00,WX-MASTER,0.0,6.114,26.06,WEATHER_STATION,VALID
2025-03-14 04:00:00,WX-MASTER,0.0,8.854,26.27,WEATHER_STATION,VALID
2025-03-14 05:00:00,WX-MASTER,0.0,7.161,28.03,WEATHER_STATION,VALID
2025-03-14 06:00:00,WX-MASTER,0.0,7.621,24.25,WEATHER_STATION,VALID
2025-03-14 07:00:00,WX-MASTER,0.2838,5.778,27.16,WEATHER_STATION,VALID
2025-03-14 08:00:00,WX-MASTER,0.4007,7.081,26.78,WEATHER_STATION,VALID
2025-03-14 09:00:00,WX-MASTER,0.6213,7.658,25.6,WEATHER_STATION,VALID
2025-03-14 10:00:00,WX-MASTER,0.6855,7.668,22.62,WEATHER_STATION,VALID
2025-03-14 11:00:00,WX-MASTER,0.8321,5.351,24.82,WEATHER_STATION,VALID
2025-03-14 12:00:00,WX-MASTER,0.8104,7.299,26.2,WEATHER_STATION,VALID
2025-03-14 13:00:00,WX-MASTER,0.9283,8.187,29.88,WEATHER_STATION,VALID
2025-03-14 14:00:00,WX-MASTER,0.7927,6.069,28.03,WEATHER_STATION,VALID
2025-03-14 15:00:00,WX-MASTER,0.5448,6.785,28.69,WEATHER_STATION,VALID
2025-03-14 16:00:00,WX-MASTER,0.5037,4.23,30.69,WEATHER_STATION,VALID
2025-03-14 17:00:00,WX-MASTER,0.2369,5.942,29.5,WEATHER_STATION,VALID
2025-03-14 18:00:00,WX-MASTER,0.0,7.689,31.71,WEATHER_STATION,VALID
2025-03-14 19:00:00,WX-MASTER,0.0,8.833,31.13,WEATHER_STATION,VALID
2025-03-14 20:00:00,WX-MASTER,0.0,7.073,35.44,WEATHER_STATION,VALID
2025-03-14 21:00:00,WX-MASTER,0.0,11.572,30.99,WEATHER_STATION,VALID
2025-03-14 22:00:00,WX-MASTER,0.0,8.733,34.06,WEATHER_STATION,VALID
2025-03-14 23:00:00,WX-MASTER,0.0,6.851,29.82,WEATHER_STATION,VALID
2025-03-15 00:00:00,WX-MASTER,0.0,10.324,30.79,WEATHER_STATION,VALID
2025-03-15 01:00:00,WX-MASTER,0.0,7.083,30.23,WEATHER_STATION,VALID
2025-03-15 02:00:00,WX-MASTER,0.0,9.133,28.89,WEATHER_STATION,VALID
2025-03-15 03:00:00,WX-MASTER,0.0,7.425,27.91,WEATHER_STATION,VALID
2025-03-15 04:00:00,WX-MASTER,0.0,6.733,28.0,WEATHER_STATION,VALID
2025-03-15 05:00:00,WX-MASTER,0.0,9.56,26.75,WEATHER_STATION,VALID
2025-03-15 06:00:00,WX-MASTER,0.0,7.743,25.48,WEATHER_STATION,VALID
2025-03-15 07:00:00,WX-MASTER,0.2608,10.07,24.53,WEATHER_STATION,VALID
2025-03-15 08:00:00,WX-MASTER,0.411,6.243,25.02,WEATHER_STATION,VALID
2025-03-15 09:00:00,WX-MASTER,0.3454,5.288,25.13,WEATHER_STATION,VALID
2025-03-15 10:00:00,WX-MASTER,0.7019,6.469,25.45,WEATHER_STATION,VALID
2025-03-15 11:00:00,WX-MASTER,0.7298,10.669,26.34,WEATHER_STATION,VALID
2025-03-15 12:00:00,WX-MASTER,0.7512,7.87,25.28,WEATHER_STATION,VALID
2025-03-15 13:00:00,WX-MASTER,0.8107,7.444,26.58,WEATHER_STATION,VALID
2025-03-15 14:00:00,WX-MASTER,0.6544,7.493,29.72,WEATHER_STATION,VALID
2025-03-15 15:00:00,WX-MASTER,0.6928,6.173,26.93,WEATHER_STATION,VALID
2025-03-15 16:00:00,WX-MASTER,0.4241,10.486,31.91,WEATHER_STATION,VALID
2025-03-15 17:00:00,WX-MASTER,0.2922,7.722,30.53,WEATHER_STATION,VALID
2025-03-15 18:00:00,WX-MASTER,0.0,7.829,33.76,WEATHER_STATION,VALID
2025-03-15 19:00:00,WX-MASTER,0.0,8.89,33.57,WEATHER_STATION,VALID
2025-03-15 20:00:00,WX-MASTER,0.0,6.215,31.83,WEATHER_STATION,VALID
2025-03-15 21:00:00,WX-MASTER,0.0,6.978,31.83,WEATHER_STATION,VALID
2025-03-15 22:00:00,WX-MASTER,0.0,8.025,33.66,WEATHER_STATION,VALID
2025-03-15 23:00:00,WX-MASTER,0.0,9.813,32.72,WEATHER_STATION,VALID
2025-03-16 00:00:00,WX-MASTER,0.0,6.981,31.65,WEATHER_STATION,VALID
2025-03-16 01:00:00,WX-MASTER,0.0,8.643,31.01,WEATHER_STATION,VALID
2025-03-16 02:00:00,WX-MASTER,0.0,8.454,27.43,WEATHER_STATION,VALID
2025-03-16 03:00:00,WX-MASTER,0.0,6.605,28.07,WEATHER_STATION,VALID
16/03/2025 04:00,WX-MASTER,0.0,7.855,26.06,WEATHER_STATION,VALID
2025-03-16 05:00:00,WX-MASTER,0.0,9.033,24.92,WEATHER_STATION,VALID
2025-03-16 06:00:00,WX-MASTER,0.0,6.171,25.9,WEATHER_STATION,VALID
2025-03-16 07:00:00,WX-MASTER,0.2318,9.68,24.85,WEATHER_STATION,VALID
2025-03-16 08:00:00,WX-MASTER,0.5061,8.193,25.03,WEATHER_STATION,VALID
2025-03-16 09:00:00,WX-MASTER,0.7183,7.784,24.75,WEATHER_STATION,VALID
2025-03-16 10:00:00,WX-MASTER,0.8439,7.121,24.19,WEATHER_STATION,VALID
2025-03-16 11:00:00,WX-MASTER,0.6835,5.51,28.29,WEATHER_STATION,VALID
2025-03-16 12:00:00,WX-MASTER,0.8758,5.96,27.17,WEATHER_STATION,VALID
2025-03-16 13:00:00,WX-MASTER,0.9147,7.213,26.09,WEATHER_STATION,VALID
2025-03-16 14:00:00,WX-MASTER,0.6195,5.901,28.95,WEATHER_STATION,VALID
2025-03-16 15:00:00,WX-MASTER,0.6356,7.067,31.46,WEATHER_STATION,VALID
2025-03-16 16:00:00,WX-MASTER,0.4851,5.788,31.63,WEATHER_STATION,VALID
2025-03-16 17:00:00,WX-MASTER,0.2508,7.732,30.58,WEATHER_STATION,VALID
2025-03-16 18:00:00,WX-MASTER,0.0,8.058,31.17,WEATHER_STATION,VALID
2025-03-16 19:00:00,WX-MASTER,0.0,5.512,30.96,WEATHER_STATION,VALID
2025-03-16 20:00:00,WX-MASTER,0.0,7.976,31.34,WEATHER_STATION,VALID
2025-03-16 21:00:00,WX-MASTER,0.0,6.161,31.32,WEATHER_STATION,VALID
2025-03-16 22:00:00,WX-MASTER,0.0,5.943,30.0,WEATHER_STATION,VALID
2025-03-16 23:00:00,WX-MASTER,0.0,7.771,30.67,WEATHER_STATION,VALID
2025-03-17 00:00:00,WX-MASTER,0.0,12.323,30.9,WEATHER_STATION,VALID
2025-03-17 01:00:00,WX-MASTER,0.0,9.757,29.15,WEATHER_STATION,VALID
2025-03-17 02:00:00,WX-MASTER,0.0,10.553,29.0,WEATHER_STATION,VALID
2025-03-17 03:00:00,WX-MASTER,0.0,9.461,29.78,WEATHER_STATION,VALID
2025-03-17 04:00:00,WX-MASTER,0.0,,29.19,WEATHER_STATION,VALID
2025-03-17 05:00:00,WX-MASTER,0.0,9.51,26.18,WEATHER_STATION,VALID
2025-03-17 06:00:00,WX-MASTER,0.0,7.286,26.76,WEATHER_STATION,VALID
2025-03-17 07:00:00,WX-MASTER,0.2596,8.475,25.16,WEATHER_STATION,VALID
2025-03-17 08:00:00,WX-MASTER,0.474,9.133,24.65,WEATHER_STATION,VALID
2025-03-17 09:00:00,WX-MASTER,0.703,8.261,24.02,WEATHER_STATION,VALID
2025-03-17 10:00:00,WX-MASTER,0.5966,8.745,25.81,WEATHER_STATION,VALID
2025-03-17 11:00:00,WX-MASTER,0.6506,7.186,27.56,WEATHER_STATION,VALID
2025-03-17 12:00:00,WX-MASTER,0.8745,9.023,25.46,WEATHER_STATION,VALID
2025-03-17 13:00:00,WX-MASTER,0.8253,6.49,27.49,WEATHER_STATION,VALID
2025-03-17 14:00:00,WX-MASTER,0.7689,9.52,28.34,WEATHER_STATION,VALID
2025-03-17 15:00:00,WX-MASTER,0.6055,7.585,29.94,WEATHER_STATION,VALID
2025-03-17 16:00:00,WX-MASTER,0.5057,6.476,30.8,WEATHER_STATION,VALID
2025-03-17 17:00:00,WX-MASTER,0.2856,5.631,31.86,WEATHER_STATION,VALID
2025-03-17 18:00:00,WX-MASTER,0.0,6.342,34.05,WEATHER_STATION,VALID
2025-03-17 19:00:00,WX-MASTER,0.0,6.399,31.07,WEATHER_STATION,VALID
2025-03-17 20:00:00,WX-MASTER,0.0,7.792,31.13,WEATHER_STATION,VALID
2025-03-17 21:00:00,WX-MASTER,0.0,6.502,32.42,WEATHER_STATION,VALID
2025-03-17 22:00:00,WX-MASTER,0.0,10.062,33.51,WEATHER_STATION,VALID
2025-03-17 23:00:00,WX-MASTER,0.0,8.705,29.46,WEATHER_STATION,VALID
2025-03-18 00:00:00,WX-MASTER,0.0,8.796,30.89,WEATHER_STATION,VALID
2025-03-18 01:00:00,WX-MASTER,0.0,7.252,29.41,WEATHER_STATION,VALID
2025-03-18 02:00:00,WX-MASTER,0.0,7.762,29.77,WEATHER_STATION,VALID
2025-03-18 03:00:00,WX-MASTER,0.0,5.802,28.59,WEATHER_STATION,VALID
2025-03-18 04:00:00,WX-MASTER,0.0,10.656,27.05,WEATHER_STATION,VALID
2025-03-18 05:00:00,WX-MASTER,0.0,6.521,26.86,WEATHER_STATION,VALID
2025-03-18 06:00:00,WX-MASTER,0.0,6.391,24.93,WEATHER_STATION,VALID
2025-03-18 07:00:00,WX-MASTER,0.2616,9.719,26.33,WEATHER_STATION,VALID
2025-03-18 08:00:00,WX-MASTER,0.4159,8.125,26.91,WEATHER_STATION,VALID
2025-03-18 09:00:00,WX-MASTER,0.6665,7.527,25.49,WEATHER_STATION,VALID
2025-03-18 10:00:00,WX-MASTER,0.8033,7.59,25.23,WEATHER_STATION,VALID
2025-03-18 11:00:00,WX-MASTER,0.835,8.207,26.1,WEATHER_STATION,VALID
2025-03-18 12:00:00,WX-MASTER,0.8709,6.971,27.94,WEATHER_STATION,VALID
2025-03-18 13:00:00,WX-MASTER,0.8042,4.772,27.79,WEATHER_STATION,VALID
2025-03-18 14:00:00,WX-MASTER,0.8539,7.738,27.31,WEATHER_STATION,VALID
2025-03-18 15:00:00,WX-MASTER,0.5763,7.407,30.79,WEATHER_STATION,VALID
2025-03-18 16:00:00,WX-MASTER,0.4428,8.516,29.32,WEATHER_STATION,VALID
2025-03-18 17:00:00,WX-MASTER,0.2603,5.558,31.73,WEATHER_STATION,VALID
2025-03-18 18:00:00,WX-MASTER,0.0,6.463,29.54,WEATHER_STATION,VALID
2025-03-18 19:00:00,WX-MASTER,0.0,8.174,32.26,WEATHER_STATION,VALID
2025-03-18 20:00:00,WX-MASTER,0.0,6.697,32.16,WEATHER_STATION,VALID
2025-03-18 21:00:00,WX-MASTER,0.0,5.117,29.77,WEATHER_STATION,VALID
2025-03-18 22:00:00,WX-MASTER,0.0,8.656,32.18,WEATHER_STATION,VALID
2025-03-18 23:00:00,WX-MASTER,0.0,9.743,29.9,WEATHER_STATION,VALID
2025-03-19 00:00:00,WX-MASTER,0.0,8.555,30.61,WEATHER_STATION,VALID
2025-03-19 01:00:00,WX-MASTER,0.0,9.498,29.17,WEATHER_STATION,VALID
2025-03-19 02:00:00,WX-MASTER,0.0,9.304,26.98,WEATHER_STATION,VALID
2025-03-19 03:00:00,WX-MASTER,0.0,8.72,26.59,WEATHER_STATION,VALID
2025-03-19 04:00:00,WX-MASTER,0.0,8.748,25.84,WEATHER_STATION,VALID
2025-03-19 05:00:00,WX-MASTER,0.0,10.136,27.46,WEATHER_STATION,VALID
2025-03-19 06:00:00,WX-MASTER,0.0,6.9,26.73,WEATHER_STATION,VALID
2025-03-19 07:00:00,WX-MASTER,0.241,8.905,28.01,WEATHER_STATION,VALID
2025-03-19 08:00:00,WX-MASTER,0.4648,6.104,24.64,WEATHER_STATION,VALID
2025-03-19 09:00:00,WX-MASTER,0.7108,6.355,24.72,WEATHER_STATION,VALID
2025-03-19 10:00:00,WX-MASTER,0.7894,8.72,25.88,WEATHER_STATION,VALID
2025-03-19 11:00:00,WX-MASTER,0.704,5.412,25.85,WEATHER_STATION,VALID
2025-03-19 12:00:00,WX-MASTER,0.9121,6.545,26.3,WEATHER_STATION,VALID
2025-03-19 13:00:00,WX-MASTER,0.7318,9.867,27.91,WEATHER_STATION,VALID
2025-03-19 14:00:00,WX-MASTER,0.8551,8.136,29.6,WEATHER_STATION,VALID
2025-03-19 15:00:00,WX-MASTER,0.7094,5.917,27.12,WEATHER_STATION,VALID
2025-03-19 16:00:00,WX-MASTER,0.4881,6.276,29.82,WEATHER_STATION,VALID
2025-03-19 17:00:00,WX-MASTER,0.2648,6.979,29.54,WEATHER_STATION,VALID
2025-03-19 18:00:00,WX-MASTER,0.0,9.134,31.6,WEATHER_STATION,VALID
2025-03-19 19:00:00,WX-MASTER,0.0,6.38,32.65,WEATHER_STATION,VALID
2025-03-19 20:00:00,WX-MASTER,0.0,6.562,33.59,WEATHER_STATION,VALID
2025-03-19 21:00:00,WX-MASTER,0.0,9.121,31.61,WEATHER_STATION,VALID
2025-03-19 22:00:00,WX-MASTER,0.0,6.232,31.91,WEATHER_STATION,VALID
2025-03-19 23:00:00,WX-MASTER,0.0,7.413,29.21,WEATHER_STATION,VALID
2025-03-20 00:00:00,WX-MASTER,0.0,8.63,29.48,WEATHER_STATION,VALID
2025-03-20 01:00:00,WX-MASTER,0.0,8.759,29.91,WEATHER_STATION,VALID
2025-03-20 02:00:00,WX-MASTER,0.0,7.023,27.13,WEATHER_STATION,VALID
2025-03-20 03:00:00,WX-MASTER,0.0,9.184,29.34,WEATHER_STATION,VALID
2025-03-20 04:00:00,WX-MASTER,0.0,9.308,27.64,WEATHER_STATION,VALID
2025-03-20 05:00:00,WX-MASTER,0.0,7.539,25.2,WEATHER_STATION,VALID
2025-03-20 06:00:00,WX-MASTER,0.0,10.33,23.95,WEATHER_STATION,VALID
2025-03-20 07:00:00,WX-MASTER,0.2152,8.359,24.52,WEATHER_STATION,VALID
2025-03-20 08:00:00,WX-MASTER,0.511,6.35,24.18,WEATHER_STATION,VALID
2025-03-20 09:00:00,WX-MASTER,0.7226,9.513,23.92,WEATHER_STATION,VALID
2025-03-20 10:00:00,WX-MASTER,0.7213,6.502,24.04,WEATHER_STATION,VALID
2025-03-20 11:00:00,WX-MASTER,0.8387,7.235,26.01,WEATHER_STATION,VALID
2025-03-20 12:00:00,WX-MASTER,0.6691,6.244,27.89,WEATHER_STATION,VALID
2025-03-20 13:00:00,WX-MASTER,0.8535,7.626,27.0,WEATHER_STATION,VALID
2025-03-20 14:00:00,WX-MASTER,0.6718,6.194,29.29,WEATHER_STATION,VALID
2025-03-20 15:00:00,WX-MASTER,0.6538,6.346,29.27,WEATHER_STATION,VALID
2025-03-20 16:00:00,WX-MASTER,0.3945,6.821,31.24,WEATHER_STATION,VALID
2025-03-20 17:00:00,WX-MASTER,0.276,6.565,30.29,WEATHER_STATION,VALID
2025-03-20 18:00:00,WX-MASTER,0.0,8.84,32.13,WEATHER_STATION,VALID
2025-03-20 19:00:00,WX-MASTER,0.0,6.065,32.29,WEATHER_STATION,VALID
2025-03-20 20:00:00,WX-MASTER,0.0,7.913,33.89,WEATHER_STATION,VALID
2025-03-20 21:00:00,WX-MASTER,0.0,8.328,32.81,WEATHER_STATION,VALID
2025-03-20 22:00:00,WX-MASTER,0.0,8.273,32.1,WEATHER_STATION,VALID
2025-03-20 23:00:00,WX-MASTER,0.0,9.874,29.47,WEATHER_STATION,VALID
2025-03-21 00:00:00,WX-MASTER,0.0,6.803,29.89,WEATHER_STATION,VALID
2025-03-21 01:00:00,WX-MASTER,0.0,9.558,28.71,WEATHER_STATION,VALID
2025-03-21 02:00:00,WX-MASTER,0.0,7.196,27.78,WEATHER_STATION,VALID
2025-03-21 03:00:00,WX-MASTER,0.0,8.08,27.88,WEATHER_STATION,VALID
2025-03-21 04:00:00,WX-MASTER,0.0,6.854,27.31,WEATHER_STATION,VALID
2025-03-21 05:00:00,WX-MASTER,0.0,7.986,26.63,WEATHER_STATION,VALID
2025-03-21 06:00:00,WX-MASTER,0.0,7.437,27.25,WEATHER_STATION,VALID
2025-03-21 07:00:00,WX-MASTER,0.2575,10.065,25.97,WEATHER_STATION,VALID
2025-03-21 08:00:00,WX-MASTER,0.5064,7.988,23.79,WEATHER_STATION,VALID
2025-03-21 09:00:00,WX-MASTER,0.561,7.995,25.63,WEATHER_STATION,VALID
2025-03-21 10:00:00,WX-MASTER,0.7623,5.76,26.44,WEATHER_STATION,VALID
2025-03-21 11:00:00,WX-MASTER,0.8441,7.982,27.81,WEATHER_STATION,VALID
2025-03-21 12:00:00,WX-MASTER,0.8115,9.024,26.83,WEATHER_STATION,VALID
2025-03-21 13:00:00,WX-MASTER,0.8698,7.963,27.69,WEATHER_STATION,VALID
2025-03-21 14:00:00,WX-MASTER,0.6959,5.132,30.06,WEATHER_STATION,VALID
2025-03-21 15:00:00,WX-MASTER,0.6761,6.307,29.89,WEATHER_STATION,VALID
2025-03-21 16:00:00,WX-MASTER,0.503,7.187,28.6,WEATHER_STATION,VALID
2025-03-21 17:00:00,WX-MASTER,0.1792,6.485,29.07,WEATHER_STATION,VALID
2025-03-21 18:00:00,WX-MASTER,0.0,10.757,34.01,WEATHER_STATION,VALID
2025-03-21 19:00:00,WX-MASTER,0.0,7.09,30.09,WEATHER_STATION,VALID
2025-03-21 20:00:00,WX-MASTER,0.0,7.922,32.07,WEATHER_STATION,VALID
2025-03-21 21:00:00,WX-MASTER,0.0,7.449,33.21,WEATHER_STATION,VALID
2025-03-21 22:00:00,WX-MASTER,0.0,8.753,29.68,WEATHER_STATION,VALID
2025-03-21 23:00:00,WX-MASTER,0.0,10.43,29.94,WEATHER_STATION,VALID
2025-03-22 00:00:00,WX-MASTER,0.0,8.925,29.03,WEATHER_STATION,VALID
2025-03-22 01:00:00,WX-MASTER,0.0,8.553,31.84,WEATHER_STATION,VALID
2025-03-22 02:00:00,WX-MASTER,0.0,7.435,31.19,WEATHER_STATION,VALID
2025-03-22 03:00:00,WX-MASTER,0.0,10.33,26.99,WEATHER_STATION,VALID
2025-03-22 04:00:00,WX-MASTER,0.0,8.436,27.72,WEATHER_STATION,VALID
2025-03-22 05:00:00,WX-MASTER,0.0,8.192,26.67,WEATHER_STATION,VALID
2025-03-22 06:00:00,WX-MASTER,0.0,5.165,25.4,WEATHER_STATION,VALID
2025-03-22 07:00:00,WX-MASTER,0.2329,7.787,23.44,WEATHER_STATION,VALID
2025-03-22 08:00:00,WX-MASTER,0.2587,7.17,28.04,WEATHER_STATION,VALID
2025-03-22 09:00:00,WX-MASTER,0.6925,5.067,23.21,WEATHER_STATION,VALID
2025-03-22 10:00:00,WX-MASTER,0.6202,8.504,26.0,WEATHER_STATION,VALID
2025-03-22 11:00:00,WX-MASTER,0.796,6.341,25.52,WEATHER_STATION,VALID
2025-03-22 12:00:00,WX-MASTER,0.7765,9.375,28.23,WEATHER_STATION,VALID
2025-03-22 13:00:00,WX-MASTER,0.9395,8.688,28.88,WEATHER_STATION,VALID
2025-03-22 14:00:00,WX-MASTER,0.6504,5.919,27.6,WEATHER_STATION,VALID
2025-03-22 15:00:00,WX-MASTER,0.7248,8.708,28.73,WEATHER_STATION,VALID
2025-03-22 16:00:00,WX-MASTER,0.4738,9.157,28.66,WEATHER_STATION,VALID
2025-03-22 17:00:00,WX-MASTER,0.1724,6.525,31.48,WEATHER_STATION,VALID
2025-03-22 18:00:00,WX-MASTER,0.0,6.138,32.66,WEATHER_STATION,VALID
2025-03-22 19:00:00,WX-MASTER,0.0,4.932,31.62,WEATHER_STATION,VALID
2025-03-22 20:00:00,WX-MASTER,0.0,8.49,31.98,WEATHER_STATION,VALID
2025-03-22 21:00:00,WX-MASTER,0.0,6.981,34.44,WEATHER_STATION,VALID
2025-03-22 22:00:00,WX-MASTER,0.0,9.003,32.93,WEATHER_STATION,VALID
2025-03-22 23:00:00,WX-MASTER,0.0,7.912,32.86,WEATHER_STATION,VALID
2025-03-23 00:00:00,WX-MASTER,0.0,7.779,27.84,WEATHER_STATION,VALID
2025-03-23 01:00:00,WX-MASTER,0.0,8.124,30.34,WEATHER_STATION,VALID
2025-03-23 02:00:00,WX-MASTER,0.0,7.159,29.08,WEATHER_STATION,VALID
2025-03-23 03:00:00,WX-MASTER,0.0,8.045,26.37,WEATHER_STATION,VALID
2025-03-23 04:00:00,WX-MASTER,0.0,7.682,25.77,WEATHER_STATION,VALID
2025-03-23 05:00:00,WX-MASTER,0.0,8.433,26.04,WEATHER_STATION,VALID
2025-03-23 06:00:00,WX-MASTER,0.0,8.358,24.14,WEATHER_STATION,VALID
2025-03-23 07:00:00,WX-MASTER,0.2688,6.576,24.44,WEATHER_STATION,VALID
2025-03-23 08:00:00,WX-MASTER,0.3853,9.139,24.72,WEATHER_STATION,VALID
2025-03-23 09:00:00,WX-MASTER,0.5977,7.25,26.08,WEATHER_STATION,VALID
2025-03-23 10:00:00,WX-MASTER,0.7796,9.187,24.9,WEATHER_STATION,VALID
2025-03-23 11:00:00,WX-MASTER,0.7416,7.367,25.77,WEATHER_STATION,VALID
2025-03-23 12:00:00,WX-MASTER,0.9409,7.018,28.26,WEATHER_STATION,VALID
2025-03-23 13:00:00,WX-MASTER,0.7256,6.228,25.75,WEATHER_STATION,VALID
2025-03-23 14:00:00,WX-MASTER,0.7385,7.671,29.05,WEATHER_STATION,VALID
2025-03-23 15:00:00,WX-MASTER,0.6024,6.988,30.15,WEATHER_STATION,VALID
2025-03-23 16:00:00,WX-MASTER,0.4846,8.196,31.03,WEATHER_STATION,VALID
2025-03-23 17:00:00,WX-MASTER,0.2439,9.355,30.65,WEATHER_STATION,VALID
2025-03-23 18:00:00,WX-MASTER,0.0,6.553,30.53,WEATHER_STATION,VALID
2025-03-23 19:00:00,WX-MASTER,0.0,8.549,33.98,WEATHER_STATION,VALID
2025-03-23 20:00:00,WX-MASTER,0.0,8.773,31.25,WEATHER_STATION,VALID
2025-03-23 21:00:00,WX-MASTER,0.0,8.858,30.82,WEATHER_STATION,VALID
2025-03-23 22:00:00,WX-MASTER,0.0,7.923,31.83,WEATHER_STATION,VALID
2025-03-23 23:00:00,WX-MASTER,0.0,8.13,30.37,WEATHER_STATION,VALID
2025-03-24 00:00:00,WX-MASTER,0.0,8.05,31.79,WEATHER_STATION,VALID
2025-03-24 01:00:00,WX-MASTER,0.0,8.086,29.37,WEATHER_STATION,VALID
2025-03-24 02:00:00,WX-MASTER,0.0,7.773,30.2,WEATHER_STATION,VALID
2025-03-24 03:00:00,WX-MASTER,0.0,8.656,28.41,WEATHER_STATION,VALID
2025-03-24 04:00:00,WX-MASTER,0.0,7.671,26.57,WEATHER_STATION,VALID
2025-03-24 05:00:00,WX-MASTER,0.0,9.034,27.64,WEATHER_STATION,VALID
2025-03-24 06:00:00,WX-MASTER,0.0,8.313,24.97,WEATHER_STATION,VALID
2025-03-24 07:00:00,WX-MASTER,0.284,8.205,25.02,WEATHER_STATION,VALID
2025-03-24 08:00:00,WX-MASTER,0.3798,7.369,25.92,WEATHER_STATION,VALID
2025-03-24 09:00:00,WX-MASTER,0.6589,7.564,25.67,WEATHER_STATION,VALID
2025-03-24 10:00:00,WX-MASTER,0.8616,6.929,24.94,WEATHER_STATION,VALID
2025-03-24 11:00:00,WX-MASTER,0.8785,8.084,24.46,WEATHER_STATION,VALID
2025-03-24 12:00:00,WX-MASTER,0.8742,6.37,27.01,WEATHER_STATION,VALID
2025-03-24 13:00:00,WX-MASTER,0.7843,7.371,27.0,WEATHER_STATION,VALID
2025-03-24 14:00:00,WX-MASTER,0.7656,5.19,28.82,WEATHER_STATION,VALID
2025-03-24 15:00:00,WX-MASTER,0.6264,7.887,29.18,WEATHER_STATION,VALID
2025-03-24 16:00:00,WX-MASTER,0.4366,6.37,29.67,WEATHER_STATION,VALID
2025-03-24 17:00:00,WX-MASTER,0.2541,6.1,30.93,WEATHER_STATION,VALID
2025-03-24 18:00:00,WX-MASTER,0.0,6.034,31.72,WEATHER_STATION,VALID
2025-03-24 19:00:00,WX-MASTER,0.0,6.185,33.0,WEATHER_STATION,VALID
2025-03-24 20:00:00,WX-MASTER,0.0,7.403,32.79,WEATHER_STATION,VALID
2025-03-24 21:00:00,WX-MASTER,0.0,10.228,34.68,WEATHER_STATION,VALID
2025-03-24 22:00:00,WX-MASTER,0.0,7.666,31.98,WEATHER_STATION,VALID
2025-03-24 23:00:00,WX-MASTER,0.0,5.811,30.45,WEATHER_STATION,VALID
2025-03-25 00:00:00,WX-MASTER,0.0,9.3,30.34,WEATHER_STATION,VALID
2025-03-25 01:00:00,WX-MASTER,0.0,7.439,30.37,WEATHER_STATION,VALID
2025-03-25 02:00:00,WX-MASTER,0.0,9.941,29.99,WEATHER_STATION,VALID
2025-03-25 03:00:00,WX-MASTER,0.0,8.261,29.49,WEATHER_STATION,VALID
2025-03-25 04:00:00,WX-MASTER,0.0,8.317,25.82,WEATHER_STATION,VALID
2025-03-25 05:00:00,WX-MASTER,0.0,10.041,27.85,WEATHER_STATION,VALID
2025-03-25 06:00:00,WX-MASTER,0.0,9.059,25.7,WEATHER_STATION,VALID
2025-03-25 07:00:00,WX-MASTER,0.2966,6.382,24.29,WEATHER_STATION,VALID
2025-03-25 08:00:00,WX-MASTER,0.4544,6.312,25.04,WEATHER_STATION,VALID
2025-03-25 09:00:00,WX-MASTER,0.5987,5.172,26.86,WEATHER_STATION,VALID
2025-03-25 10:00:00,WX-MASTER,0.7999,10.651,26.3,WEATHER_STATION,VALID
2025-03-25 11:00:00,WX-MASTER,0.8585,5.965,24.86,WEATHER_STATION,VALID
2025-03-25 12:00:00,WX-MASTER,0.7299,8.482,25.59,WEATHER_STATION,VALID
2025-03-25 13:00:00,WX-MASTER,0.9368,6.207,26.4,WEATHER_STATION,VALID
2025-03-25 14:00:00,WX-MASTER,0.7565,5.501,27.91,WEATHER_STATION,VALID
2025-03-25 15:00:00,WX-MASTER,0.5678,7.006,29.78,WEATHER_STATION,VALID
2025-03-25 16:00:00,WX-MASTER,0.5387,6.689,29.18,WEATHER_STATION,VALID
2025-03-25 17:00:00,WX-MASTER,0.2804,8.344,30.75,WEATHER_STATION,VALID
2025-03-25 18:00:00,WX-MASTER,0.0,8.59,33.5,WEATHER_STATION,VALID
2025-03-25 19:00:00,WX-MASTER,0.0,7.017,34.11,WEATHER_STATION,VALID
2025-03-25 20:00:00,WX-MASTER,0.0,6.173,34.15,WEATHER_STATION,VALID
2025-03-25 21:00:00,WX-MASTER,0.0,6.74,30.01,WEATHER_STATION,VALID
2025-03-25 22:00:00,WX-MASTER,0.0,5.552,33.83,WEATHER_STATION,VALID
2025-03-25 23:00:00,WX-MASTER,0.0,8.343,31.37,WEATHER_STATION,VALID
2025-03-26 00:00:00,WX-MASTER,0.0,8.826,30.63,WEATHER_STATION,VALID
2025-03-26 01:00:00,WX-MASTER,0.0,7.418,30.93,WEATHER_STATION,VALID
2025-03-26 02:00:00,WX-MASTER,0.0,7.255,29.63,WEATHER_STATION,VALID
2025-03-26 03:00:00,WX-MASTER,0.0,8.804,25.64,WEATHER_STATION,VALID
2025-03-26 04:00:00,WX-MASTER,0.0,7.868,26.3,WEATHER_STATION,VALID
2025-03-26 05:00:00,WX-MASTER,0.0,8.224,25.88,WEATHER_STATION,VALID
2025-03-26 06:00:00,WX-MASTER,0.0,7.794,24.16,WEATHER_STATION,VALID
2025-03-26 07:00:00,WX-MASTER,0.2611,8.341,26.61,WEATHER_STATION,VALID
2025-03-26 08:00:00,WX-MASTER,0.4098,7.022,27.02,WEATHER_STATION,VALID
2025-03-26 09:00:00,WX-MASTER,0.5436,6.871,25.4,WEATHER_STATION,VALID
2025-03-26 10:00:00,WX-MASTER,0.8119,4.837,26.12,WEATHER_STATION,VALID
2025-03-26 11:00:00,WX-MASTER,0.6029,7.037,26.3,WEATHER_STATION,VALID
2025-03-26 12:00:00,WX-MASTER,0.8801,7.093,27.16,WEATHER_STATION,VALID
2025-03-26 13:00:00,WX-MASTER,0.7941,6.684,29.22,WEATHER_STATION,VALID
2025-03-26 14:00:00,WX-MASTER,0.8641,9.406,26.67,WEATHER_STATION,VALID
2025-03-26 15:00:00,WX-MASTER,0.6115,7.206,30.28,WEATHER_STATION,VALID
2025-03-26 16:00:00,WX-MASTER,0.5123,6.926,30.55,WEATHER_STATION,VALID
2025-03-26 17:00:00,WX-MASTER,0.2519,7.967,30.41,WEATHER_STATION,VALID
2025-03-26 18:00:00,WX-MASTER,0.0,10.294,31.22,WEATHER_STATION,VALID
2025-03-26 19:00:00,WX-MASTER,0.0,8.129,34.37,WEATHER_STATION,VALID
2025-03-26 20:00:00,WX-MASTER,0.0,5.171,30.7,WEATHER_STATION,VALID
2025-03-26 21:00:00,WX-MASTER,0.0,8.874,31.97,WEATHER_STATION,VALID
2025-03-26 22:00:00,WX-MASTER,0.0,7.392,33.78,WEATHER_STATION,VALID
2025-03-26 23:00:00,WX-MASTER,0.0,6.217,29.74,WEATHER_STATION,VALID
2025-03-27 00:00:00,WX-MASTER,0.0,11.064,30.0,WEATHER_STATION,VALID
2025-03-27 01:00:00,WX-MASTER,0.0,10.845,29.75,WEATHER_STATION,VALID
2025-03-27 02:00:00,WX-MASTER,0.0,7.737,29.29,WEATHER_STATION,VALID
2025-03-27 03:00:00,WX-MASTER,0.0,7.672,27.79,WEATHER_STATION,VALID
2025-03-27 04:00:00,WX-MASTER,0.0,8.913,25.97,WEATHER_STATION,VALID
2025-03-27 05:00:00,WX-MASTER,0.0,7.366,26.85,WEATHER_STATION,VALID
2025-03-27 06:00:00,WX-MASTER,0.0,8.112,25.64,WEATHER_STATION,VALID
2025-03-27 07:00:00,WX-MASTER,0.2776,7.107,26.17,WEATHER_STATION,VALID
2025-03-27 08:00:00,WX-MASTER,0.4843,7.252,26.4,WEATHER_STATION,VALID
2025-03-27 09:00:00,WX-MASTER,0.5686,5.697,23.63,WEATHER_STATION,VALID
2025-03-27 10:00:00,WX-MASTER,0.8297,8.374,27.0,WEATHER_STATION,VALID
2025-03-27 11:00:00,WX-MASTER,0.728,8.684,26.01,WEATHER_STATION,VALID
2025-03-27 12:00:00,WX-MASTER,0.9698,6.863,28.03,WEATHER_STATION,VALID
2025-03-27 13:00:00,WX-MASTER,0.9465,6.884,28.48,WEATHER_STATION,VALID
2025-03-27 14:00:00,WX-MASTER,0.7967,7.755,31.02,WEATHER_STATION,VALID
2025-03-27 15:00:00,WX-MASTER,0.6873,7.012,29.71,WEATHER_STATION,VALID
2025-03-27 16:00:00,WX-MASTER,0.2228,9.394,30.06,WEATHER_STATION,VALID
2025-03-27 17:00:00,WX-MASTER,0.2122,5.623,30.65,WEATHER_STATION,VALID
2025-03-27 18:00:00,WX-MASTER,0.0,8.682,30.58,WEATHER_STATION,VALID
2025-03-27 19:00:00,WX-MASTER,0.0,7.668,33.14,WEATHER_STATION,VALID
2025-03-27 20:00:00,WX-MASTER,0.0,6.62,30.97,WEATHER_STATION,VALID
2025-03-27 21:00:00,WX-MASTER,0.0,11.249,33.13,WEATHER_STATION,VALID
2025-03-27 22:00:00,WX-MASTER,0.0,11.652,31.56,WEATHER_STATION,VALID
2025-03-27 23:00:00,WX-MASTER,0.0,8.461,29.15,WEATHER_STATION,VALID
2025-03-28 00:00:00,WX-MASTER,0.0,9.451,32.33,WEATHER_STATION,VALID
2025-03-28 01:00:00,WX-MASTER,0.0,8.322,25.65,WEATHER_STATION,VALID
2025-03-28 02:00:00,WX-MASTER,0.0,8.526,28.7,WEATHER_STATION,VALID
2025-03-28 03:00:00,WX-MASTER,0.0,7.384,28.17,WEATHER_STATION,VALID
2025-03-28 04:00:00,WX-MASTER,0.0,7.056,24.28,WEATHER_STATION,VALID
2025-03-28 05:00:00,WX-MASTER,0.0,10.929,26.85,WEATHER_STATION,VALID
2025-03-28 06:00:00,WX-MASTER,0.0,8.253,24.96,WEATHER_STATION,VALID
2025-03-28 07:00:00,WX-MASTER,0.224,8.115,25.12,WEATHER_STATION,VALID
2025-03-28 08:00:00,WX-MASTER,0.3777,6.735,26.91,WEATHER_STATION,VALID
2025-03-28 09:00:00,WX-MASTER,0.6295,7.785,25.59,WEATHER_STATION,VALID
2025-03-28 10:00:00,WX-MASTER,0.7723,5.36,25.34,WEATHER_STATION,VALID
2025-03-28 11:00:00,WX-MASTER,0.7235,6.128,26.12,WEATHER_STATION,VALID
2025-03-28 12:00:00,WX-MASTER,0.8604,5.449,29.18,WEATHER_STATION,VALID
2025-03-28 13:00:00,WX-MASTER,0.8445,8.627,28.37,WEATHER_STATION,VALID
2025-03-28 14:00:00,WX-MASTER,0.5897,4.805,27.73,WEATHER_STATION,VALID
2025-03-28 15:00:00,WX-MASTER,0.584,5.492,29.12,WEATHER_STATION,VALID
2025-03-28 16:00:00,WX-MASTER,0.5008,4.499,29.12,WEATHER_STATION,VALID
2025-03-28 17:00:00,WX-MASTER,0.2749,6.192,30.73,WEATHER_STATION,VALID
2025-03-28 18:00:00,WX-MASTER,0.0,6.981,33.76,WEATHER_STATION,VALID
2025-03-28 19:00:00,WX-MASTER,0.0,9.103,31.98,WEATHER_STATION,VALID
2025-03-28 20:00:00,WX-MASTER,0.0,7.804,30.69,WEATHER_STATION,VALID
2025-03-28 21:00:00,WX-MASTER,0.0,7.81,32.69,WEATHER_STATION,VALID
2025-03-28 22:00:00,WX-MASTER,0.0,8.957,31.36,WEATHER_STATION,VALID
2025-03-28 23:00:00,WX-MASTER,0.0,8.171,31.94,WEATHER_STATION,VALID
2025-03-29 00:00:00,WX-MASTER,0.0,12.021,30.26,WEATHER_STATION,VALID
2025-03-29 01:00:00,WX-MASTER,0.0,8.182,31.44,WEATHER_STATION,VALID
2025-03-29 02:00:00,WX-MASTER,0.0,9.482,27.7,WEATHER_STATION,VALID
2025-03-29 03:00:00,WX-MASTER,0.0,9.946,26.49,WEATHER_STATION,VALID
2025-03-29 04:00:00,WX-MASTER,0.0,7.93,28.17,WEATHER_STATION,VALID
2025-03-29 05:00:00,WX-MASTER,0.0,8.762,23.92,WEATHER_STATION,VALID
2025-03-29 06:00:00,WX-MASTER,0.0,7.667,25.56,WEATHER_STATION,VALID
2025-03-29 07:00:00,WX-MASTER,0.2866,8.421,26.38,WEATHER_STATION,VALID
2025-03-29 08:00:00,WX-MASTER,0.5255,7.935,22.66,WEATHER_STATION,VALID
2025-03-29 09:00:00,WX-MASTER,0.5925,7.371,25.49,WEATHER_STATION,VALID
2025-03-29 10:00:00,WX-MASTER,0.6193,5.828,23.97,WEATHER_STATION,VALID
2025-03-29 11:00:00,WX-MASTER,0.9493,9.572,24.11,WEATHER_STATION,VALID
2025-03-29 12:00:00,WX-MASTER,0.8887,7.786,25.77,WEATHER_STATION,VALID
2025-03-29 13:00:00,WX-MASTER,0.6858,4.897,27.67,WEATHER_STATION,VALID
2025-03-29 14:00:00,WX-MASTER,0.7098,6.421,27.95,WEATHER_STATION,VALID
2025-03-29 15:00:00,WX-MASTER,0.7025,5.001,31.03,WEATHER_STATION,VALID
2025-03-29 16:00:00,WX-MASTER,0.466,8.167,30.65,WEATHER_STATION,VALID
2025-03-29 17:00:00,WX-MASTER,0.2497,7.336,30.69,WEATHER_STATION,VALID
2025-03-29 18:00:00,WX-MASTER,0.0,7.599,30.26,WEATHER_STATION,VALID
2025-03-29 19:00:00,WX-MASTER,0.0,6.752,32.45,WEATHER_STATION,VALID
2025-03-29 20:00:00,WX-MASTER,0.0,7.698,34.77,WEATHER_STATION,VALID
2025-03-29 21:00:00,WX-MASTER,0.0,9.382,31.33,WEATHER_STATION,VALID
2025-03-29 22:00:00,WX-MASTER,0.0,9.955,31.13,WEATHER_STATION,VALID
2025-03-29 23:00:00,WX-MASTER,0.0,9.863,30.0,WEATHER_STATION,VALID
2025-03-30 00:00:00,WX-MASTER,0.0,6.885,31.97,WEATHER_STATION,VALID
2025-03-30 01:00:00,WX-MASTER,0.0,8.723,30.82,WEATHER_STATION,VALID
2025-03-30 02:00:00,WX-MASTER,0.0,9.289,28.26,WEATHER_STATION,VALID
2025-03-30 03:00:00,WX-MASTER,0.0,7.931,27.17,WEATHER_STATION,VALID
2025-03-30 04:00:00,WX-MASTER,0.0,6.594,25.92,WEATHER_STATION,VALID
2025-03-30 05:00:00,WX-MASTER,0.0,6.89,25.98,WEATHER_STATION,VALID
2025-03-30 06:00:00,WX-MASTER,0.0,10.283,26.99,WEATHER_STATION,VALID
2025-03-30 07:00:00,WX-MASTER,0.2866,6.531,25.47,WEATHER_STATION,VALID
2025-03-30 08:00:00,WX-MASTER,0.5099,7.881,26.84,WEATHER_STATION,VALID
2025-03-30 09:00:00,WX-MASTER,0.6527,7.365,24.55,WEATHER_STATION,VALID
2025-03-30 10:00:00,WX-MASTER,0.7029,7.145,22.99,WEATHER_STATION,VALID
2025-03-30 11:00:00,WX-MASTER,0.8482,6.749,29.45,WEATHER_STATION,VALID
2025-03-30 12:00:00,WX-MASTER,0.8635,8.065,27.31,WEATHER_STATION,VALID
2025-03-30 13:00:00,WX-MASTER,0.8596,7.023,28.83,WEATHER_STATION,VALID
2025-03-30 14:00:00,WX-MASTER,0.8692,6.169,27.85,WEATHER_STATION,VALID
2025-03-30 15:00:00,WX-MASTER,0.613,7.123,28.07,WEATHER_STATION,VALID
2025-03-30 16:00:00,WX-MASTER,0.503,5.53,30.73,WEATHER_STATION,VALID
2025-03-30 17:00:00,WX-MASTER,0.2951,7.999,28.88,WEATHER_STATION,VALID
2025-03-30 18:00:00,WX-MASTER,0.0,6.723,31.51,WEATHER_STATION,VALID
03-30-2025 19:00,WX-MASTER,0.0,7.052,33.41,WEATHER_STATION,VALID
2025-03-30 20:00:00,WX-MASTER,0.0,8.79,32.84,WEATHER_STATION,VALID
2025-03-30 21:00:00,WX-MASTER,0.0,7.844,32.49,WEATHER_STATION,VALID
2025-03-30 22:00:00,WX-MASTER,0.0,8.141,33.92,WEATHER_STATION,VALID
2025-03-30 23:00:00,WX-MASTER,0.0,10.295,31.72,WEATHER_STATION,VALID
2025-03-31 00:00:00,WX-MASTER,0.0,7.653,28.26,WEATHER_STATION,VALID
2025-03-31 01:00:00,WX-MASTER,0.0,9.628,29.53,WEATHER_STATION,VALID
2025-03-31 02:00:00,WX-MASTER,0.0,10.209,31.11,WEATHER_STATION,VALID
2025-03-31 03:00:00,WX-MASTER,0.0,10.418,27.52,WEATHER_STATION,VALID
2025-03-31 04:00:00,WX-MASTER,0.0,11.595,29.29,WEATHER_STATION,VALID
2025-03-31 05:00:00,WX-MASTER,0.0,7.742,27.55,WEATHER_STATION,VALID
2025-03-31 06:00:00,WX-MASTER,0.0,7.22,25.28,WEATHER_STATION,VALID
2025-03-31 07:00:00,WX-MASTER,0.2763,9.157,24.12,WEATHER_STATION,VALID
2025-03-31 08:00:00,WX-MASTER,0.4446,9.056,25.71,WEATHER_STATION,VALID
2025-03-31 09:00:00,WX-MASTER,0.602,6.555,26.94,WEATHER_STATION,VALID
2025-03-31 10:00:00,WX-MASTER,0.6929,7.99,23.87,WEATHER_STATION,VALID
2025-03-31 11:00:00,WX-MASTER,0.9282,10.721,26.47,WEATHER_STATION,VALID
2025-03-31 12:00:00,WX-MASTER,0.8334,7.19,24.6,WEATHER_STATION,VALID
2025-03-31 13:00:00,WX-MASTER,0.8549,8.192,27.49,WEATHER_STATION,VALID
2025-03-31 14:00:00,WX-MASTER,0.7658,9.047,26.81,WEATHER_STATION,VALID
2025-03-31 15:00:00,WX-MASTER,0.7017,10.325,30.38,WEATHER_STATION,VALID
2025-03-31 16:00:00,WX-MASTER,0.438,7.525,29.72,WEATHER_STATION,VALID
2025-03-31 17:00:00,WX-MASTER,0.2344,9.024,32.66,WEATHER_STATION,VALID
2025-03-31 18:00:00,WX-MASTER,0.0,6.598,31.18,WEATHER_STATION,VALID
2025-03-31 19:00:00,WX-MASTER,0.0,7.909,31.42,WEATHER_STATION,VALID
2025-03-31 20:00:00,WX-MASTER,0.0,7.558,30.36,WEATHER_STATION,VALID
2025-03-31 21:00:00,WX-MASTER,0.0,5.938,32.65,WEATHER_STATION,VALID
2025-03-31 22:00:00,WX-MASTER,0.0,6.528,32.42,WEATHER_STATION,VALID
2025-03-31 23:00:00,WX-MASTER,0.0,9.351,32.4,WEATHER_STATION,VALID
2025-04-01 00:00:00,WX-MASTER,0.0,9.517,31.34,WEATHER_STATION,VALID
2025-04-01 01:00:00,WX-MASTER,0.0,7.64,30.19,WEATHER_STATION,VALID
2025-04-01 02:00:00,WX-MASTER,0.0,11.013,29.52,WEATHER_STATION,VALID
2025-04-01 03:00:00,WX-MASTER,0.0,7.473,28.73,WEATHER_STATION,VALID
2025-04-01 04:00:00,WX-MASTER,0.0,9.115,28.14,WEATHER_STATION,VALID
2025-04-01 05:00:00,WX-MASTER,0.0,8.052,24.49,WEATHER_STATION,VALID
2025-04-01 06:00:00,WX-MASTER,0.0,8.502,25.21,WEATHER_STATION,VALID
2025-04-01 07:00:00,WX-MASTER,0.2166,9.277,23.47,WEATHER_STATION,VALID
2025-04-01 08:00:00,WX-MASTER,0.4443,8.833,25.7,WEATHER_STATION,VALID
2025-04-01 09:00:00,WX-MASTER,0.6083,8.518,27.38,WEATHER_STATION,VALID
2025-04-01 10:00:00,WX-MASTER,0.7015,8.128,26.84,WEATHER_STATION,VALID
2025-04-01 11:00:00,WX-MASTER,0.7467,5.539,25.6,WEATHER_STATION,VALID
2025-04-01 12:00:00,WX-MASTER,0.8407,8.543,27.66,WEATHER_STATION,VALID
2025-04-01 13:00:00,WX-MASTER,0.3808,5.628,28.31,WEATHER_STATION,VALID
2025-04-01 14:00:00,WX-MASTER,0.8,6.874,29.08,WEATHER_STATION,VALID
2025-04-01 15:00:00,WX-MASTER,0.6551,6.628,28.14,WEATHER_STATION,VALID
2025-04-01 16:00:00,WX-MASTER,0.5075,7.676,32.13,WEATHER_STATION,VALID
2025-04-01 17:00:00,WX-MASTER,0.2799,6.779,29.86,WEATHER_STATION,VALID
2025-04-01 18:00:00,WX-MASTER,0.0,7.432,31.39,WEATHER_STATION,VALID
2025-04-01 19:00:00,WX-MASTER,0.0,9.996,33.33,WEATHER_STATION,VALID
2025-04-01 20:00:00,WX-MASTER,0.0,6.469,31.85,WEATHER_STATION,VALID
2025-04-01 21:00:00,WX-MASTER,0.0,8.4,32.28,WEATHER_STATION,VALID
2025-04-01 22:00:00,WX-MASTER,0.0,7.178,31.97,WEATHER_STATION,VALID
2025-04-01 23:00:00,WX-MASTER,0.0,9.683,31.35,WEATHER_STATION,VALID
2025-04-02 00:00:00,WX-MASTER,0.0,8.002,30.69,WEATHER_STATION,VALID
2025-04-02 01:00:00,WX-MASTER,0.0,9.059,29.96,WEATHER_STATION,VALID
2025-04-02 02:00:00,WX-MASTER,0.0,7.281,28.89,WEATHER_STATION,VALID
2025-04-02 03:00:00,WX-MASTER,0.0,10.609,26.82,WEATHER_STATION,VALID
2025-04-02 04:00:00,WX-MASTER,0.0,8.889,25.19,WEATHER_STATION,VALID
2025-04-02 05:00:00,WX-MASTER,0.0,8.785,27.52,WEATHER_STATION,VALID
2025-04-02 06:00:00,WX-MASTER,0.0,9.455,27.02,WEATHER_STATION,VALID
2025-04-02 07:00:00,WX-MASTER,0.2392,6.496,25.82,WEATHER_STATION,VALID
2025-04-02 08:00:00,WX-MASTER,0.4314,7.063,25.69,WEATHER_STATION,VALID
2025-04-02 09:00:00,WX-MASTER,0.655,7.833,24.32,WEATHER_STATION,VALID
2025-04-02 10:00:00,WX-MASTER,0.7876,5.098,22.84,WEATHER_STATION,VALID
2025-04-02 11:00:00,WX-MASTER,0.6769,5.057,26.03,WEATHER_STATION,VALID
2025-04-02 12:00:00,WX-MASTER,0.3992,6.015,24.77,WEATHER_STATION,VALID
2025-04-02 13:00:00,WX-MASTER,0.847,5.537,28.12,WEATHER_STATION,VALID
2025-04-02 14:00:00,WX-MASTER,0.7554,6.579,30.36,WEATHER_STATION,VALID
2025-04-02 15:00:00,WX-MASTER,0.5954,7.778,28.97,WEATHER_STATION,VALID
2025-04-02 16:00:00,WX-MASTER,0.4553,8.209,29.88,WEATHER_STATION,VALID
2025-04-02 17:00:00,WX-MASTER,0.2608,9.775,30.07,WEATHER_STATION,VALID
2025-04-02 18:00:00,WX-MASTER,0.0,,31.88,WEATHER_STATION,VALID
2025-04-02 19:00:00,WX-MASTER,0.0,8.106,32.14,WEATHER_STATION,VALID
2025-04-02 20:00:00,WX-MASTER,0.0,8.134,31.08,WEATHER_STATION,VALID
2025-04-02 21:00:00,WX-MASTER,0.0,8.834,33.28,WEATHER_STATION,VALID
2025-04-02 22:00:00,WX-MASTER,0.0,9.158,35.07,WEATHER_STATION,VALID
2025-04-02 23:00:00,WX-MASTER,0.0,10.02,32.7,WEATHER_STATION,VALID
2025-04-03 00:00:00,WX-MASTER,0.0,10.154,30.42,WEATHER_STATION,VALID
2025-04-03 01:00:00,WX-MASTER,0.0,9.697,29.56,WEATHER_STATION,VALID
2025-04-03 02:00:00,WX-MASTER,0.0,10.98,28.18,WEATHER_STATION,VALID
2025-04-03 03:00:00,WX-MASTER,0.0,8.978,27.25,WEATHER_STATION,VALID
2025-04-03 04:00:00,WX-MASTER,0.0,8.013,28.2,WEATHER_STATION,VALID
2025-04-03 05:00:00,WX-MASTER,0.0,8.037,27.53,WEATHER_STATION,VALID
2025-04-03 06:00:00,WX-MASTER,0.0,8.253,24.36,WEATHER_STATION,VALID
2025-04-03 07:00:00,WX-MASTER,0.2666,6.728,25.86,WEATHER_STATION,VALID
2025-04-03 08:00:00,WX-MASTER,0.4846,7.079,26.63,WEATHER_STATION,VALID
2025-04-03 09:00:00,WX-MASTER,0.6465,6.144,25.0,WEATHER_STATION,VALID
2025-04-03 10:00:00,WX-MASTER,0.7203,7.849,25.51,WEATHER_STATION,VALID
2025-04-03 11:00:00,WX-MASTER,0.7117,7.682,27.16,WEATHER_STATION,VALID
2025-04-03 12:00:00,WX-MASTER,0.8799,4.797,27.92,WEATHER_STATION,VALID
2025-04-03 13:00:00,WX-MASTER,0.777,6.184,28.41,WEATHER_STATION,VALID
2025-04-03 14:00:00,WX-MASTER,0.7815,9.413,29.1,WEATHER_STATION,VALID
2025-04-03 15:00:00,WX-MASTER,0.5976,7.932,30.17,WEATHER_STATION,VALID
2025-04-03 16:00:00,WX-MASTER,0.4268,7.839,30.22,WEATHER_STATION,VALID
2025-04-03 17:00:00,WX-MASTER,0.2729,6.573,29.93,WEATHER_STATION,VALID
2025-04-03 18:00:00,WX-MASTER,0.0,8.039,29.96,WEATHER_STATION,VALID
2025-04-03 19:00:00,WX-MASTER,0.0,7.901,32.89,WEATHER_STATION,VALID
2025-04-03 20:00:00,WX-MASTER,0.0,7.145,32.43,WEATHER_STATION,VALID
2025-04-03 21:00:00,WX-MASTER,0.0,7.789,32.73,WEATHER_STATION,VALID
2025-04-03 22:00:00,WX-MASTER,0.0,8.042,30.84,WEATHER_STATION,VALID
2025-04-03 23:00:00,WX-MASTER,0.0,6.899,31.4,WEATHER_STATION,VALID
2025-04-04 00:00:00,WX-MASTER,0.0,7.253,30.64,WEATHER_STATION,VALID
2025-04-04 01:00:00,WX-MASTER,0.0,8.777,31.24,WEATHER_STATION,VALID
2025-04-04 02:00:00,WX-MASTER,0.0,7.928,29.82,WEATHER_STATION,VALID
2025-04-04 03:00:00,WX-MASTER,0.0,8.566,27.0,WEATHER_STATION,VALID
2025-04-04 04:00:00,WX-MASTER,0.0,6.734,27.65,WEATHER_STATION,VALID
2025-04-04 05:00:00,WX-MASTER,0.0,9.675,25.43,WEATHER_STATION,VALID
2025-04-04 06:00:00,WX-MASTER,0.0,11.109,22.63,WEATHER_STATION,VALID
2025-04-04 07:00:00,WX-MASTER,0.2578,9.486,27.49,WEATHER_STATION,VALID
2025-04-04 08:00:00,WX-MASTER,0.5472,9.359,24.85,WEATHER_STATION,VALID
2025-04-04 09:00:00,WX-MASTER,0.5976,8.453,26.66,WEATHER_STATION,VALID
2025-04-04 10:00:00,WX-MASTER,0.6593,7.761,24.97,WEATHER_STATION,VALID
2025-04-04 11:00:00,WX-MASTER,0.9342,7.348,25.35,WEATHER_STATION,VALID
2025-04-04 12:00:00,WX-MASTER,0.9186,5.921,26.39,WEATHER_STATION,VALID
2025-04-04 13:00:00,WX-MASTER,0.7916,7.945,28.2,WEATHER_STATION,VALID
2025-04-04 14:00:00,WX-MASTER,0.6436,7.873,29.01,WEATHER_STATION,VALID
2025-04-04 15:00:00,WX-MASTER,0.6019,6.525,30.3,WEATHER_STATION,VALID
2025-04-04 16:00:00,WX-MASTER,0.4818,7.946,29.95,WEATHER_STATION,VALID
2025-04-04 17:00:00,WX-MASTER,0.3,,31.32,WEATHER_STATION,VALID
2025-04-04 18:00:00,WX-MASTER,0.0,6.86,30.82,WEATHER_STATION,VALID
2025-04-04 19:00:00,WX-MASTER,0.0,8.941,33.94,WEATHER_STATION,VALID
2025-04-04 20:00:00,WX-MASTER,0.0,8.754,30.72,WEATHER_STATION,VALID
2025-04-04 21:00:00,WX-MASTER,0.0,8.143,31.19,WEATHER_STATION,VALID
2025-04-04 22:00:00,WX-MASTER,0.0,8.216,31.32,WEATHER_STATION,VALID
2025-04-04 23:00:00,WX-MASTER,0.0,9.075,34.14,WEATHER_STATION,VALID
2025-04-05 00:00:00,WX-MASTER,0.0,6.601,31.47,WEATHER_STATION,VALID
2025-04-05 01:00:00,WX-MASTER,0.0,8.064,28.68,WEATHER_STATION,VALID
2025-04-05 02:00:00,WX-MASTER,0.0,7.399,29.78,WEATHER_STATION,VALID
2025-04-05 03:00:00,WX-MASTER,0.0,8.986,28.51,WEATHER_STATION,VALID
2025-04-05 04:00:00,WX-MASTER,0.0,10.25,27.37,WEATHER_STATION,VALID
2025-04-05 05:00:00,WX-MASTER,0.0,9.267,27.16,WEATHER_STATION,VALID
2025-04-05 06:00:00,WX-MASTER,0.0,7.752,25.83,WEATHER_STATION,VALID
2025-04-05 07:00:00,WX-MASTER,0.2614,7.245,25.62,WEATHER_STATION,VALID
2025-04-05 08:00:00,WX-MASTER,0.5103,6.923,23.43,WEATHER_STATION,VALID
2025-04-05 09:00:00,WX-MASTER,0.7109,10.252,27.15,WEATHER_STATION,VALID
2025-04-05 10:00:00,WX-MASTER,0.8274,7.517,25.23,WEATHER_STATION,VALID
2025-04-05 11:00:00,WX-MASTER,0.8298,7.508,24.84,WEATHER_STATION,VALID
2025-04-05 12:00:00,WX-MASTER,0.7002,4.378,26.44,WEATHER_STATION,VALID
2025-04-05 13:00:00,WX-MASTER,0.8078,5.526,27.33,WEATHER_STATION,VALID
2025-04-05 14:00:00,WX-MASTER,0.8114,7.009,27.83,WEATHER_STATION,VALID
2025-04-05 15:00:00,WX-MASTER,0.5784,6.492,30.64,WEATHER_STATION,VALID
2025-04-05 16:00:00,WX-MASTER,0.5183,7.448,31.72,WEATHER_STATION,VALID
2025-04-05 17:00:00,WX-MASTER,0.293,7.62,28.92,WEATHER_STATION,VALID
2025-04-05 18:00:00,WX-MASTER,0.0,8.473,31.21,WEATHER_STATION,VALID
2025-04-05 19:00:00,WX-MASTER,0.0,5.516,31.65,WEATHER_STATION,VALID
2025-04-05 20:00:00,WX-MASTER,0.0,6.77,32.09,WEATHER_STATION,VALID
2025-04-05 21:00:00,WX-MASTER,0.0,8.328,34.22,WEATHER_STATION,VALID
2025-04-05 22:00:00,WX-MASTER,0.0,7.839,30.85,WEATHER_STATION,VALID
2025-04-05 23:00:00,WX-MASTER,0.0,8.458,33.15,WEATHER_STATION,VALID
2025-04-06 00:00:00,WX-MASTER,0.0,9.142,30.37,WEATHER_STATION,VALID
2025-04-06 01:00:00,WX-MASTER,0.0,8.094,31.59,WEATHER_STATION,VALID
2025-04-06 02:00:00,WX-MASTER,0.0,9.306,28.42,WEATHER_STATION,VALID
2025-04-06 03:00:00,WX-MASTER,0.0,9.69,27.37,WEATHER_STATION,VALID
2025-04-06 04:00:00,WX-MASTER,0.0,8.932,27.02,WEATHER_STATION,VALID
2025-04-06 05:00:00,WX-MASTER,0.0,9.596,27.87,WEATHER_STATION,VALID
2025-04-06 06:00:00,WX-MASTER,0.0,5.605,25.95,WEATHER_STATION,VALID
2025-04-06 07:00:00,WX-MASTER,0.3018,7.415,25.66,WEATHER_STATION,VALID
2025-04-06 08:00:00,WX-MASTER,0.5368,9.076,26.06,WEATHER_STATION,VALID
2025-04-06 09:00:00,WX-MASTER,0.5447,6.541,24.36,WEATHER_STATION,VALID
2025-04-06 10:00:00,WX-MASTER,0.815,6.142,26.17,WEATHER_STATION,VALID
2025-04-06 11:00:00,WX-MASTER,0.955,7.097,25.57,WEATHER_STATION,VALID
2025-04-06 12:00:00,WX-MASTER,0.9878,7.113,28.81,WEATHER_STATION,VALID
2025-04-06 13:00:00,WX-MASTER,0.8116,6.379,28.39,WEATHER_STATION,VALID
2025-04-06 14:00:00,WX-MASTER,0.8751,9.476,29.63,WEATHER_STATION,VALID
2025-04-06 15:00:00,WX-MASTER,0.7216,7.525,27.25,WEATHER_STATION,VALID
2025-04-06 16:00:00,WX-MASTER,0.5488,6.114,31.39,WEATHER_STATION,VALID
2025-04-06 17:00:00,WX-MASTER,0.2458,5.605,31.06,WEATHER_STATION,VALID
2025-04-06 18:00:00,WX-MASTER,0.0,8.233,30.1,WEATHER_STATION,VALID
2025-04-06 19:00:00,WX-MASTER,0.0,6.755,32.29,WEATHER_STATION,VALID
2025-04-06 20:00:00,WX-MASTER,0.0,11.019,30.47,WEATHER_STATION,VALID
2025-04-06 21:00:00,WX-MASTER,0.0,9.027,32.91,WEATHER_STATION,VALID
2025-04-06 22:00:00,WX-MASTER,0.0,9.422,33.55,WEATHER_STATION,VALID
2025-04-06 23:00:00,WX-MASTER,0.0,9.198,29.12,WEATHER_STATION,VALID
2025-04-07 00:00:00,WX-MASTER,0.0,10.471,30.51,WEATHER_STATION,VALID
2025-04-07 01:00:00,WX-MASTER,0.0,5.961,29.5,WEATHER_STATION,VALID
2025-04-07 02:00:00,WX-MASTER,0.0,7.505,26.4,WEATHER_STATION,VALID
2025-04-07 03:00:00,WX-MASTER,0.0,10.34,28.99,WEATHER_STATION,VALID
2025-04-07 04:00:00,WX-MASTER,0.0,10.811,27.79,WEATHER_STATION,VALID
2025-04-07 05:00:00,WX-MASTER,0.0,7.066,28.75,WEATHER_STATION,VALID
2025-04-07 06:00:00,WX-MASTER,0.0,6.079,26.36,WEATHER_STATION,VALID
2025-04-07 07:00:00,WX-MASTER,0.2757,8.407,24.36,WEATHER_STATION,VALID
2025-04-07 08:00:00,WX-MASTER,0.5496,8.559,25.91,WEATHER_STATION,VALID
2025-04-07 09:00:00,WX-MASTER,0.6611,7.869,26.95,WEATHER_STATION,VALID
2025-04-07 10:00:00,WX-MASTER,0.8203,7.377,25.2,WEATHER_STATION,VALID
2025-04-07 11:00:00,WX-MASTER,0.8854,4.867,27.34,WEATHER_STATION,VALID
2025-04-07 12:00:00,WX-MASTER,0.849,6.661,24.22,WEATHER_STATION,VALID
2025-04-07 13:00:00,WX-MASTER,0.8889,6.793,29.66,WEATHER_STATION,VALID
2025-04-07 14:00:00,WX-MASTER,0.8793,6.379,29.75,WEATHER_STATION,VALID
2025-04-07 15:00:00,WX-MASTER,0.638,4.671,26.64,WEATHER_STATION,VALID
2025-04-07 16:00:00,WX-MASTER,0.5087,8.061,31.0,WEATHER_STATION,VALID
2025-04-07 17:00:00,WX-MASTER,0.3023,8.615,28.88,WEATHER_STATION,VALID
2025-04-07 18:00:00,WX-MASTER,0.0,6.685,31.09,WEATHER_STATION,VALID
2025-04-07 19:00:00,WX-MASTER,0.0,7.73,32.99,WEATHER_STATION,VALID
2025-04-07 20:00:00,WX-MASTER,0.0,7.587,32.13,WEATHER_STATION,VALID
2025-04-07 21:00:00,WX-MASTER,0.0,7.85,33.68,WEATHER_STATION,VALID
2025-04-07 22:00:00,WX-MASTER,0.0,9.348,31.9,WEATHER_STATION,VALID
2025-04-07 23:00:00,WX-MASTER,0.0,9.56,31.22,WEATHER_STATION,VALID
2025-04-08 00:00:00,WX-MASTER,0.0,10.422,31.86,WEATHER_STATION,VALID
2025-04-08 01:00:00,WX-MASTER,0.0,10.457,29.29,WEATHER_STATION,VALID
2025-04-08 02:00:00,WX-MASTER,0.0,8.858,28.76,WEATHER_STATION,VALID
2025-04-08 03:00:00,WX-MASTER,0.0,12.703,28.01,WEATHER_STATION,VALID
2025-04-08 04:00:00,WX-MASTER,0.0,10.888,26.96,WEATHER_STATION,VALID
2025-04-08 05:00:00,WX-MASTER,0.0,7.828,27.71,WEATHER_STATION,VALID
2025-04-08 06:00:00,WX-MASTER,0.0,8.62,24.96,WEATHER_STATION,VALID
2025-04-08 07:00:00,WX-MASTER,0.2705,5.62,24.41,WEATHER_STATION,VALID
2025-04-08 08:00:00,WX-MASTER,0.5503,7.976,24.01,WEATHER_STATION,VALID
2025-04-08 09:00:00,WX-MASTER,0.7171,9.866,22.84,WEATHER_STATION,VALID
2025-04-08 10:00:00,WX-MASTER,0.2782,11.083,27.54,WEATHER_STATION,VALID
2025-04-08 11:00:00,WX-MASTER,0.9304,7.129,25.23,WEATHER_STATION,VALID
2025-04-08 12:00:00,WX-MASTER,0.9906,7.596,26.75,WEATHER_STATION,VALID
2025-04-08 13:00:00,WX-MASTER,0.8356,7.886,29.75,WEATHER_STATION,VALID
2025-04-08 14:00:00,WX-MASTER,0.6076,9.678,28.62,WEATHER_STATION,VALID
2025-04-08 15:00:00,WX-MASTER,0.6447,5.9,30.31,WEATHER_STATION,VALID
2025-04-08 16:00:00,WX-MASTER,0.53,10.765,28.83,WEATHER_STATION,VALID
2025-04-08 17:00:00,WX-MASTER,0.2401,7.089,32.94,WEATHER_STATION,VALID
2025-04-08 18:00:00,WX-MASTER,0.0,6.209,31.67,WEATHER_STATION,VALID
2025-04-08 19:00:00,WX-MASTER,0.0,7.574,30.95,WEATHER_STATION,VALID
2025-04-08 20:00:00,WX-MASTER,0.0,7.193,31.07,WEATHER_STATION,VALID
2025-04-08 21:00:00,WX-MASTER,0.0,9.041,34.2,WEATHER_STATION,VALID
2025-04-08 22:00:00,WX-MASTER,0.0,6.571,31.12,WEATHER_STATION,VALID
2025-04-08 23:00:00,WX-MASTER,0.0,9.083,30.07,WEATHER_STATION,VALID
2025-04-09 00:00:00,WX-MASTER,0.0,9.9,30.01,WEATHER_STATION,VALID
2025-04-09 01:00:00,WX-MASTER,0.0,11.027,29.74,WEATHER_STATION,VALID
2025-04-09 02:00:00,WX-MASTER,0.0,9.978,28.97,WEATHER_STATION,VALID
2025-04-09 03:00:00,WX-MASTER,0.0,10.868,28.41,WEATHER_STATION,VALID
2025-04-09 04:00:00,WX-MASTER,0.0,8.097,27.32,WEATHER_STATION,VALID
2025-04-09 05:00:00,WX-MASTER,0.0,9.208,27.09,WEATHER_STATION,VALID
2025-04-09 06:00:00,WX-MASTER,0.0,5.569,25.43,WEATHER_STATION,VALID
2025-04-09 07:00:00,WX-MASTER,0.3031,8.065,27.89,WEATHER_STATION,VALID
2025-04-09 08:00:00,WX-MASTER,0.5511,8.455,24.7,WEATHER_STATION,VALID
2025-04-09 09:00:00,WX-MASTER,0.5882,8.322,27.03,WEATHER_STATION,VALID
2025-04-09 10:00:00,WX-MASTER,0.7514,5.432,25.03,WEATHER_STATION,VALID
2025-04-09 11:00:00,WX-MASTER,0.8983,6.791,24.6,WEATHER_STATION,VALID
2025-04-09 12:00:00,WX-MASTER,0.992,6.847,25.03,WEATHER_STATION,VALID
2025-04-09 13:00:00,WX-MASTER,0.4186,6.553,28.24,WEATHER_STATION,VALID
2025-04-09 14:00:00,WX-MASTER,0.875,8.059,30.18,WEATHER_STATION,VALID
2025-04-09 15:00:00,WX-MASTER,0.6315,6.908,28.31,WEATHER_STATION,VALID
2025-04-09 16:00:00,WX-MASTER,0.4418,7.454,29.48,WEATHER_STATION,VALID
2025-04-09 17:00:00,WX-MASTER,0.2912,6.877,31.72,WEATHER_STATION,VALID
2025-04-09 18:00:00,WX-MASTER,0.0,9.127,31.81,WEATHER_STATION,VALID
2025-04-09 19:00:00,WX-MASTER,0.0,9.477,31.46,WEATHER_STATION,VALID
2025-04-09 20:00:00,WX-MASTER,0.0,7.856,30.75,WEATHER_STATION,VALID
2025-04-09 21:00:00,WX-MASTER,0.0,12.213,32.54,WEATHER_STATION,VALID
2025-04-09 22:00:00,WX-MASTER,0.0,7.734,32.6,WEATHER_STATION,VALID
2025-04-09 23:00:00,WX-MASTER,0.0,10.221,31.85,WEATHER_STATION,VALID
2025-04-10 00:00:00,WX-MASTER,0.0,7.812,30.56,WEATHER_STATION,VALID
2025-04-10 01:00:00,WX-MASTER,0.0,10.115,28.42,WEATHER_STATION,VALID
2025-04-10 02:00:00,WX-MASTER,0.0,10.008,29.16,WEATHER_STATION,VALID
2025-04-10 03:00:00,WX-MASTER,0.0,7.716,28.16,WEATHER_STATION,VALID
2025-04-10 04:00:00,WX-MASTER,0.0,8.726,25.45,WEATHER_STATION,VALID
2025-04-10 05:00:00,WX-MASTER,0.0,11.136,25.94,WEATHER_STATION,VALID
2025-04-10 06:00:00,WX-MASTER,0.0,7.42,26.19,WEATHER_STATION,VALID
2025-04-10 07:00:00,WX-MASTER,0.2539,8.748,25.3,WEATHER_STATION,VALID
2025-04-10 08:00:00,WX-MASTER,0.5247,8.4,22.93,WEATHER_STATION,VALID
2025-04-10 09:00:00,WX-MASTER,0.6163,7.659,24.63,WEATHER_STATION,VALID
2025-04-10 10:00:00,WX-MASTER,0.6468,5.24,24.9,WEATHER_STATION,VALID
2025-04-10 11:00:00,WX-MASTER,0.9169,8.387,26.98,WEATHER_STATION,VALID
2025-04-10 12:00:00,WX-MASTER,0.9861,7.199,30.15,WEATHER_STATION,VALID
2025-04-10 13:00:00,WX-MASTER,0.8512,8.557,28.03,WEATHER_STATION,VALID
2025-04-10 14:00:00,WX-MASTER,0.6172,7.429,27.34,WEATHER_STATION,VALID
2025-04-10 15:00:00,WX-MASTER,0.7099,7.285,29.49,WEATHER_STATION,VALID
2025-04-10 16:00:00,WX-MASTER,0.4015,7.821,30.54,WEATHER_STATION,VALID
2025-04-10 17:00:00,WX-MASTER,0.2778,6.241,32.16,WEATHER_STATION,VALID
2025-04-10 18:00:00,WX-MASTER,0.0,9.78,33.3,WEATHER_STATION,VALID
2025-04-10 19:00:00,WX-MASTER,0.0,7.52,33.83,WEATHER_STATION,VALID
2025-04-10 20:00:00,WX-MASTER,0.0,7.797,32.92,WEATHER_STATION,VALID
2025-04-10 21:00:00,WX-MASTER,0.0,10.199,32.16,WEATHER_STATION,VALID
2025-04-10 22:00:00,WX-MASTER,0.0,9.064,33.59,WEATHER_STATION,VALID
2025-04-10 23:00:00,WX-MASTER,0.0,8.616,30.84,WEATHER_STATION,VALID
2025-04-11 00:00:00,WX-MASTER,0.0,9.598,30.59,WEATHER_STATION,VALID
2025-04-11 01:00:00,WX-MASTER,0.0,9.936,29.39,WEATHER_STATION,VALID
2025-04-11 02:00:00,WX-MASTER,0.0,8.962,26.22,WEATHER_STATION,VALID
2025-04-11 03:00:00,WX-MASTER,0.0,10.242,29.39,WEATHER_STATION,VALID
2025-04-11 04:00:00,WX-MASTER,0.0,7.256,27.84,WEATHER_STATION,VALID
2025-04-11 05:00:00,WX-MASTER,0.0,9.059,23.46,WEATHER_STATION,VALID
2025-04-11 06:00:00,WX-MASTER,0.0,9.53,26.95,WEATHER_STATION,VALID
2025-04-11 07:00:00,WX-MASTER,0.2589,9.045,25.03,WEATHER_STATION,VALID
2025-04-11 08:00:00,WX-MASTER,0.3646,5.062,26.46,WEATHER_STATION,VALID
2025-04-11 09:00:00,WX-MASTER,0.6227,7.56,25.48,WEATHER_STATION,VALID
2025-04-11 10:00:00,WX-MASTER,0.7072,5.923,24.11,WEATHER_STATION,VALID
2025-04-11 11:00:00,WX-MASTER,0.9671,8.993,26.33,WEATHER_STATION,VALID
2025-04-11 12:00:00,WX-MASTER,0.7197,6.688,25.95,WEATHER_STATION,VALID
2025-04-11 13:00:00,WX-MASTER,0.7238,8.661,26.4,WEATHER_STATION,VALID
2025-04-11 14:00:00,WX-MASTER,0.8766,5.557,29.82,WEATHER_STATION,VALID
2025-04-11 15:00:00,WX-MASTER,0.746,7.72,30.15,WEATHER_STATION,VALID
2025-04-11 16:00:00,WX-MASTER,0.4502,7.358,32.32,WEATHER_STATION,VALID
2025-04-11 17:00:00,WX-MASTER,0.2509,11.13,30.78,WEATHER_STATION,VALID
2025-04-11 18:00:00,WX-MASTER,0.0,9.297,30.65,WEATHER_STATION,VALID
2025-04-11 19:00:00,WX-MASTER,0.0,9.467,32.92,WEATHER_STATION,VALID
2025-04-11 20:00:00,WX-MASTER,0.0,10.916,31.27,WEATHER_STATION,VALID
2025-04-11 21:00:00,WX-MASTER,0.0,8.899,31.78,WEATHER_STATION,VALID
2025-04-11 22:00:00,WX-MASTER,0.0,8.624,32.44,WEATHER_STATION,VALID
2025-04-11 23:00:00,WX-MASTER,0.0,8.657,31.1,WEATHER_STATION,VALID
2025-04-12 00:00:00,WX-MASTER,0.0,9.497,29.93,WEATHER_STATION,VALID
2025-04-12 01:00:00,WX-MASTER,0.0,5.532,27.99,WEATHER_STATION,VALID
2025-04-12 02:00:00,WX-MASTER,0.0,9.13,29.89,WEATHER_STATION,VALID
2025-04-12 03:00:00,WX-MASTER,0.0,9.349,27.42,WEATHER_STATION,VALID
2025-04-12 04:00:00,WX-MASTER,0.0,8.716,27.76,WEATHER_STATION,VALID
2025-04-12 05:00:00,WX-MASTER,0.0,6.74,26.88,WEATHER_STATION,VALID
2025-04-12 06:00:00,WX-MASTER,0.0,8.306,27.05,WEATHER_STATION,VALID
2025-04-12 07:00:00,WX-MASTER,0.2993,6.254,25.11,WEATHER_STATION,VALID
2025-04-12 08:00:00,WX-MASTER,0.4365,10.292,24.85,WEATHER_STATION,VALID
2025-04-12 09:00:00,WX-MASTER,0.669,7.401,24.06,WEATHER_STATION,VALID
2025-04-12 10:00:00,WX-MASTER,0.7637,4.831,25.09,WEATHER_STATION,VALID
2025-04-12 11:00:00,WX-MASTER,0.7694,7.064,26.7,WEATHER_STATION,VALID
2025-04-12 12:00:00,WX-MASTER,0.789,8.371,26.04,WEATHER_STATION,VALID
2025-04-12 13:00:00,WX-MASTER,0.8832,7.373,28.24,WEATHER_STATION,VALID
2025-04-12 14:00:00,WX-MASTER,0.8681,5.962,30.53,WEATHER_STATION,VALID
2025-04-12 15:00:00,WX-MASTER,0.6524,6.342,29.14,WEATHER_STATION,VALID
2025-04-12 16:00:00,WX-MASTER,0.4938,6.986,28.94,WEATHER_STATION,VALID
2025-04-12 17:00:00,WX-MASTER,0.2861,6.976,30.75,WEATHER_STATION,VALID
2025-04-12 18:00:00,WX-MASTER,0.0,6.139,30.09,WEATHER_STATION,VALID
2025-04-12 19:00:00,WX-MASTER,0.0,7.942,33.75,WEATHER_STATION,VALID
2025-04-12 20:00:00,WX-MASTER,0.0,6.557,32.37,WEATHER_STATION,VALID
2025-04-12 21:00:00,WX-MASTER,0.0,9.775,31.28,WEATHER_STATION,VALID
2025-04-12 22:00:00,WX-MASTER,0.0,10.157,31.13,WEATHER_STATION,VALID
2025-04-12 23:00:00,WX-MASTER,0.0,7.641,29.83,WEATHER_STATION,VALID
2025-04-13 00:00:00,WX-MASTER,0.0,8.15,31.73,WEATHER_STATION,VALID
2025-04-13 01:00:00,WX-MASTER,0.0,8.593,31.87,WEATHER_STATION,VALID
2025-04-13 02:00:00,WX-MASTER,0.0,9.097,26.97,WEATHER_STATION,VALID
2025-04-13 03:00:00,WX-MASTER,0.0,9.398,29.11,WEATHER_STATION,VALID
2025-04-13 04:00:00,WX-MASTER,0.0,9.531,26.72,WEATHER_STATION,VALID
2025-04-13 05:00:00,WX-MASTER,0.0,9.312,27.81,WEATHER_STATION,VALID
2025-04-13 06:00:00,WX-MASTER,0.0,10.532,23.53,WEATHER_STATION,VALID
2025-04-13 07:00:00,WX-MASTER,0.2725,8.337,25.65,WEATHER_STATION,VALID
2025-04-13 08:00:00,WX-MASTER,0.5433,6.304,24.77,WEATHER_STATION,VALID
2025-04-13 09:00:00,WX-MASTER,0.6195,5.655,26.17,WEATHER_STATION,VALID
2025-04-13 10:00:00,WX-MASTER,0.6297,9.65,25.81,WEATHER_STATION,VALID
2025-04-13 11:00:00,WX-MASTER,0.6819,8.005,26.32,WEATHER_STATION,VALID
2025-04-13 12:00:00,WX-MASTER,0.7638,7.486,26.89,WEATHER_STATION,VALID
2025-04-13 13:00:00,WX-MASTER,0.5554,7.739,29.73,WEATHER_STATION,VALID
2025-04-13 14:00:00,WX-MASTER,0.7722,7.369,28.55,WEATHER_STATION,VALID
2025-04-13 15:00:00,WX-MASTER,0.5779,7.797,30.71,WEATHER_STATION,VALID
2025-04-13 16:00:00,WX-MASTER,0.4537,6.885,31.27,WEATHER_STATION,VALID
2025-04-13 17:00:00,WX-MASTER,0.2475,8.93,32.3,WEATHER_STATION,VALID
2025-04-13 18:00:00,WX-MASTER,0.0,7.105,30.58,WEATHER_STATION,VALID
2025-04-13 19:00:00,WX-MASTER,0.0,6.866,32.99,WEATHER_STATION,VALID
2025-04-13 20:00:00,WX-MASTER,0.0,6.103,32.67,WEATHER_STATION,VALID
2025-04-13 21:00:00,WX-MASTER,0.0,8.243,30.72,WEATHER_STATION,VALID
2025-04-13 22:00:00,WX-MASTER,0.0,10.423,31.54,WEATHER_STATION,VALID
2025-04-13 23:00:00,WX-MASTER,0.0,8.361,33.99,WEATHER_STATION,VALID
2025-04-14 00:00:00,WX-MASTER,0.0,7.3,30.04,WEATHER_STATION,VALID
2025-04-14 01:00:00,WX-MASTER,0.0,9.524,29.22,WEATHER_STATION,VALID
2025-04-14 02:00:00,WX-MASTER,0.0,8.302,29.3,WEATHER_STATION,VALID
2025-04-14 03:00:00,WX-MASTER,0.0,11.088,27.2,WEATHER_STATION,VALID
2025-04-14 04:00:00,WX-MASTER,0.0,10.336,27.18,WEATHER_STATION,VALID
2025-04-14 05:00:00,WX-MASTER,0.0,7.099,25.74,WEATHER_STATION,VALID
2025-04-14 06:00:00,WX-MASTER,0.0,8.296,26.21,WEATHER_STATION,VALID
2025-04-14 07:00:00,WX-MASTER,0.2622,7.287,25.3,WEATHER_STATION,VALID
2025-04-14 08:00:00,WX-MASTER,0.5548,6.499,27.6,WEATHER_STATION,VALID
2025-04-14 09:00:00,WX-MASTER,0.6006,7.684,25.43,WEATHER_STATION,VALID
2025-04-14 10:00:00,WX-MASTER,0.8047,8.597,25.46,WEATHER_STATION,VALID
2025-04-14 11:00:00,WX-MASTER,0.8567,7.247,27.52,WEATHER_STATION,VALID
2025-04-14 12:00:00,WX-MASTER,0.875,6.557,25.34,WEATHER_STATION,VALID
2025-04-14 13:00:00,WX-MASTER,0.4109,4.297,29.88,WEATHER_STATION,VALID
2025-04-14 14:00:00,WX-MASTER,0.7954,6.306,27.57,WEATHER_STATION,VALID
2025-04-14 15:00:00,WX-MASTER,0.7239,7.962,31.09,WEATHER_STATION,VALID
2025-04-14 16:00:00,WX-MASTER,0.5548,5.635,32.25,WEATHER_STATION,VALID
2025-04-14 17:00:00,WX-MASTER,0.1547,9.236,30.6,WEATHER_STATION,VALID
2025-04-14 18:00:00,WX-MASTER,0.0,7.038,31.27,WEATHER_STATION,VALID
2025-04-14 19:00:00,WX-MASTER,0.0,8.303,32.01,WEATHER_STATION,VALID
2025-04-14 20:00:00,WX-MASTER,0.0,7.793,33.0,WEATHER_STATION,VALID
2025-04-14 21:00:00,WX-MASTER,0.0,7.033,30.94,WEATHER_STATION,VALID
2025-04-14 22:00:00,WX-MASTER,0.0,9.358,31.66,WEATHER_STATION,VALID
2025-04-14 23:00:00,WX-MASTER,0.0,8.189,30.86,WEATHER_STATION,VALID
2025-04-15 00:00:00,WX-MASTER,0.0,8.019,29.12,WEATHER_STATION,VALID
2025-04-15 01:00:00,WX-MASTER,0.0,6.075,28.4,WEATHER_STATION,VALID
2025-04-15 02:00:00,WX-MASTER,0.0,10.851,28.9,WEATHER_STATION,VALID
2025-04-15 03:00:00,WX-MASTER,0.0,9.093,27.98,WEATHER_STATION,VALID
2025-04-15 04:00:00,WX-MASTER,0.0,10.388,26.08,WEATHER_STATION,VALID
2025-04-15 05:00:00,WX-MASTER,0.0,9.567,26.37,WEATHER_STATION,VALID
2025-04-15 06:00:00,WX-MASTER,0.0,9.97,24.94,WEATHER_STATION,VALID
2025-04-15 07:00:00,WX-MASTER,0.2847,7.545,26.94,WEATHER_STATION,VALID
2025-04-15 08:00:00,WX-MASTER,0.5556,6.233,25.13,WEATHER_STATION,VALID
2025-04-15 09:00:00,WX-MASTER,0.2662,8.758,26.69,WEATHER_STATION,VALID
2025-04-15 10:00:00,WX-MASTER,0.8889,7.713,23.69,WEATHER_STATION,VALID
2025-04-15 11:00:00,WX-MASTER,0.8944,6.757,26.66,WEATHER_STATION,VALID
2025-04-15 12:00:00,WX-MASTER,0.972,8.203,27.72,WEATHER_STATION,VALID
2025-04-15 13:00:00,WX-MASTER,0.8327,7.576,27.68,WEATHER_STATION,VALID
2025-04-15 14:00:00,WX-MASTER,0.7364,8.012,28.1,WEATHER_STATION,VALID
2025-04-15 15:00:00,WX-MASTER,0.75,5.925,29.47,WEATHER_STATION,VALID
2025-04-15 16:00:00,WX-MASTER,0.5035,8.661,31.39,WEATHER_STATION,VALID
2025-04-15 17:00:00,WX-MASTER,0.2941,7.572,29.77,WEATHER_STATION,VALID
2025-04-15 18:00:00,WX-MASTER,0.0,9.217,32.62,WEATHER_STATION,VALID
2025-04-15 19:00:00,WX-MASTER,0.0,9.319,32.51,WEATHER_STATION,VALID
2025-04-15 20:00:00,WX-MASTER,0.0,9.214,31.94,WEATHER_STATION,VALID
2025-04-15 21:00:00,WX-MASTER,0.0,8.428,31.87,WEATHER_STATION,VALID
2025-04-15 22:00:00,WX-MASTER,0.0,9.718,31.86,WEATHER_STATION,VALID
2025-04-15 23:00:00,WX-MASTER,0.0,10.42,33.22,WEATHER_STATION,VALID
2025-04-16 00:00:00,WX-MASTER,0.0,9.9,30.91,WEATHER_STATION,VALID
2025-04-16 01:00:00,WX-MASTER,0.0,9.437,28.52,WEATHER_STATION,VALID
2025-04-16 02:00:00,WX-MASTER,0.0,10.093,28.22,WEATHER_STATION,VALID
2025-04-16 03:00:00,WX-MASTER,0.0,8.411,26.46,WEATHER_STATION,VALID
2025-04-16 04:00:00,WX-MASTER,0.0,10.927,24.72,WEATHER_STATION,VALID
2025-04-16 05:00:00,WX-MASTER,0.0,6.584,24.87,WEATHER_STATION,VALID
2025-04-16 06:00:00,WX-MASTER,0.0,8.586,25.86,WEATHER_STATION,VALID
2025-04-16 07:00:00,WX-MASTER,0.2602,7.76,26.89,WEATHER_STATION,VALID
2025-04-16 08:00:00,WX-MASTER,0.5501,7.194,26.44,WEATHER_STATION,VALID
2025-04-16 09:00:00,WX-MASTER,0.6264,8.173,23.98,WEATHER_STATION,VALID
2025-04-16 10:00:00,WX-MASTER,0.8857,6.09,24.75,WEATHER_STATION,VALID
2025-04-16 11:00:00,WX-MASTER,0.9126,10.17,25.14,WEATHER_STATION,VALID
2025-04-16 12:00:00,WX-MASTER,0.9103,5.489,23.89,WEATHER_STATION,VALID
2025-04-16 13:00:00,WX-MASTER,0.8758,5.948,27.64,WEATHER_STATION,VALID
2025-04-16 14:00:00,WX-MASTER,0.7735,5.831,29.71,WEATHER_STATION,VALID
2025-04-16 15:00:00,WX-MASTER,0.74,7.522,29.35,WEATHER_STATION,VALID
2025-04-16 16:00:00,WX-MASTER,0.4469,8.718,28.97,WEATHER_STATION,VALID
2025-04-16 17:00:00,WX-MASTER,0.1313,8.272,30.2,WEATHER_STATION,VALID
2025-04-16 18:00:00,WX-MASTER,0.0,9.731,31.38,WEATHER_STATION,VALID
2025-04-16 19:00:00,WX-MASTER,0.0,6.995,33.05,WEATHER_STATION,VALID
2025-04-16 20:00:00,WX-MASTER,0.0,9.188,32.02,WEATHER_STATION,VALID
2025-04-16 21:00:00,WX-MASTER,0.0,8.187,32.88,WEATHER_STATION,VALID
2025-04-16 22:00:00,WX-MASTER,0.0,9.102,31.68,WEATHER_STATION,VALID
2025-04-16 23:00:00,WX-MASTER,0.0,10.427,31.5,WEATHER_STATION,VALID
2025-04-17 00:00:00,WX-MASTER,0.0,6.92,29.36,WEATHER_STATION,VALID
2025-04-17 01:00:00,WX-MASTER,0.0,11.771,28.82,WEATHER_STATION,VALID
2025-04-17 02:00:00,WX-MASTER,0.0,8.988,27.23,WEATHER_STATION,VALID
2025-04-17 03:00:00,WX-MASTER,0.0,7.015,28.55,WEATHER_STATION,VALID
2025-04-17 04:00:00,WX-MASTER,0.0,8.067,26.63,WEATHER_STATION,VALID
2025-04-17 05:00:00,WX-MASTER,0.0,8.913,21.94,WEATHER_STATION,VALID
17/04/2025 06:00,WX-MASTER,0.0,7.65,26.28,WEATHER_STATION,VALID
2025-04-17 07:00:00,WX-MASTER,0.2682,5.635,26.52,WEATHER_STATION,VALID
2025-04-17 08:00:00,WX-MASTER,0.4704,8.162,24.26,WEATHER_STATION,VALID
2025-04-17 09:00:00,WX-MASTER,0.3896,6.847,25.93,WEATHER_STATION,VALID
2025-04-17 10:00:00,WX-MASTER,0.8224,8.409,25.45,WEATHER_STATION,VALID
2025-04-17 11:00:00,WX-MASTER,0.8281,5.993,23.72,WEATHER_STATION,VALID
2025-04-17 12:00:00,WX-MASTER,0.6876,10.196,29.33,WEATHER_STATION,VALID
2025-04-17 13:00:00,WX-MASTER,0.9414,7.862,27.58,WEATHER_STATION,VALID
2025-04-17 14:00:00,WX-MASTER,0.8913,7.456,28.98,WEATHER_STATION,VALID
2025-04-17 15:00:00,WX-MASTER,0.752,8.083,28.89,WEATHER_STATION,VALID
2025-04-17 16:00:00,WX-MASTER,0.5124,5.041,30.13,WEATHER_STATION,VALID
2025-04-17 17:00:00,WX-MASTER,0.2727,6.951,31.4,WEATHER_STATION,VALID
2025-04-17 18:00:00,WX-MASTER,0.0,10.144,30.51,WEATHER_STATION,VALID
2025-04-17 19:00:00,WX-MASTER,0.0,7.663,34.15,WEATHER_STATION,VALID
2025-04-17 20:00:00,WX-MASTER,0.0,8.259,33.24,WEATHER_STATION,VALID
2025-04-17 21:00:00,WX-MASTER,0.0,7.985,32.74,WEATHER_STATION,VALID
2025-04-17 22:00:00,WX-MASTER,0.0,10.718,31.6,WEATHER_STATION,VALID
2025-04-17 23:00:00,WX-MASTER,0.0,8.677,30.3,WEATHER_STATION,VALID
2025-04-18 00:00:00,WX-MASTER,0.0,7.502,31.71,WEATHER_STATION,VALID
2025-04-18 01:00:00,WX-MASTER,0.0,12.544,30.36,WEATHER_STATION,VALID
2025-04-18 02:00:00,WX-MASTER,0.0,7.398,28.25,WEATHER_STATION,VALID
2025-04-18 03:00:00,WX-MASTER,0.0,8.986,26.52,WEATHER_STATION,VALID
2025-04-18 04:00:00,WX-MASTER,0.0,7.883,25.08,WEATHER_STATION,VALID
2025-04-18 05:00:00,WX-MASTER,0.0,7.876,26.29,WEATHER_STATION,VALID
2025-04-18 06:00:00,WX-MASTER,0.0,7.182,25.4,WEATHER_STATION,VALID
2025-04-18 07:00:00,WX-MASTER,0.2828,7.604,26.77,WEATHER_STATION,VALID
2025-04-18 08:00:00,WX-MASTER,0.4507,9.324,26.42,WEATHER_STATION,VALID
2025-04-18 09:00:00,WX-MASTER,0.5978,5.322,25.39,WEATHER_STATION,VALID
2025-04-18 10:00:00,WX-MASTER,0.8924,9.21,25.6,WEATHER_STATION,VALID
2025-04-18 11:00:00,WX-MASTER,0.9761,8.806,24.87,WEATHER_STATION,VALID
2025-04-18 12:00:00,WX-MASTER,0.7945,7.927,28.25,WEATHER_STATION,VALID
2025-04-18 13:00:00,WX-MASTER,0.9545,7.367,27.75,WEATHER_STATION,VALID
2025-04-18 14:00:00,WX-MASTER,0.783,7.569,29.45,WEATHER_STATION,VALID
2025-04-18 15:00:00,WX-MASTER,0.6913,9.132,31.04,WEATHER_STATION,VALID
2025-04-18 16:00:00,WX-MASTER,0.5185,5.148,29.8,WEATHER_STATION,VALID
2025-04-18 17:00:00,WX-MASTER,0.3008,8.551,30.21,WEATHER_STATION,VALID
2025-04-18 18:00:00,WX-MASTER,0.0,6.865,34.72,WEATHER_STATION,VALID
2025-04-18 19:00:00,WX-MASTER,0.0,9.162,32.82,WEATHER_STATION,VALID
2025-04-18 20:00:00,WX-MASTER,0.0,7.552,31.89,WEATHER_STATION,VALID
2025-04-18 21:00:00,WX-MASTER,0.0,9.519,33.59,WEATHER_STATION,VALID
2025-04-18 22:00:00,WX-MASTER,0.0,6.81,31.39,WEATHER_STATION,VALID
2025-04-18 23:00:00,WX-MASTER,0.0,6.803,31.59,WEATHER_STATION,VALID
2025-04-19 00:00:00,WX-MASTER,0.0,8.991,29.78,WEATHER_STATION,VALID
2025-04-19 01:00:00,WX-MASTER,0.0,11.066,29.6,WEATHER_STATION,VALID
2025-04-19 02:00:00,WX-MASTER,0.0,9.891,28.39,WEATHER_STATION,VALID
2025-04-19 03:00:00,WX-MASTER,0.0,9.809,26.91,WEATHER_STATION,VALID
2025-04-19 04:00:00,WX-MASTER,0.0,10.104,27.26,WEATHER_STATION,VALID
2025-04-19 05:00:00,WX-MASTER,0.0,8.281,25.48,WEATHER_STATION,VALID
2025-04-19 06:00:00,WX-MASTER,0.0,9.362,26.38,WEATHER_STATION,VALID
2025-04-19 07:00:00,WX-MASTER,0.3024,7.561,24.97,WEATHER_STATION,VALID
2025-04-19 08:00:00,WX-MASTER,0.4657,7.645,23.15,WEATHER_STATION,VALID
2025-04-19 09:00:00,WX-MASTER,0.7539,7.556,26.08,WEATHER_STATION,VALID
2025-04-19 10:00:00,WX-MASTER,0.784,6.871,26.45,WEATHER_STATION,VALID
2025-04-19 11:00:00,WX-MASTER,0.8847,7.313,28.95,WEATHER_STATION,VALID
2025-04-19 12:00:00,WX-MASTER,1.0032,6.943,26.99,WEATHER_STATION,VALID
2025-04-19 13:00:00,WX-MASTER,0.7821,6.292,28.03,WEATHER_STATION,VALID
2025-04-19 14:00:00,WX-MASTER,0.7069,7.035,29.29,WEATHER_STATION,VALID
2025-04-19 15:00:00,WX-MASTER,0.6537,7.492,30.85,WEATHER_STATION,VALID
2025-04-19 16:00:00,WX-MASTER,0.5386,5.996,31.62,WEATHER_STATION,VALID
2025-04-19 17:00:00,WX-MASTER,0.2331,8.157,31.57,WEATHER_STATION,VALID
2025-04-19 18:00:00,WX-MASTER,0.0,7.202,31.71,WEATHER_STATION,VALID
2025-04-19 19:00:00,WX-MASTER,0.0,8.355,33.11,WEATHER_STATION,VALID
2025-04-19 20:00:00,WX-MASTER,0.0,7.493,32.13,WEATHER_STATION,VALID
2025-04-19 21:00:00,WX-MASTER,0.0,9.974,30.55,WEATHER_STATION,VALID
2025-04-19 22:00:00,WX-MASTER,0.0,10.075,29.95,WEATHER_STATION,VALID
2025-04-19 23:00:00,WX-MASTER,0.0,7.648,30.84,WEATHER_STATION,VALID
2025-04-20 00:00:00,WX-MASTER,0.0,9.829,30.6,WEATHER_STATION,VALID
2025-04-20 01:00:00,WX-MASTER,0.0,11.088,32.58,WEATHER_STATION,VALID
2025-04-20 02:00:00,WX-MASTER,0.0,7.97,28.56,WEATHER_STATION,VALID
2025-04-20 03:00:00,WX-MASTER,0.0,8.0,27.86,WEATHER_STATION,VALID
2025-04-20 04:00:00,WX-MASTER,0.0,9.949,26.47,WEATHER_STATION,VALID
2025-04-20 05:00:00,WX-MASTER,0.0,7.106,26.97,WEATHER_STATION,VALID
2025-04-20 06:00:00,WX-MASTER,0.0,7.566,26.01,WEATHER_STATION,VALID
2025-04-20 07:00:00,WX-MASTER,0.2786,7.004,24.56,WEATHER_STATION,VALID
2025-04-20 08:00:00,WX-MASTER,0.4659,9.034,23.99,WEATHER_STATION,VALID
2025-04-20 09:00:00,WX-MASTER,0.6575,6.911,24.84,WEATHER_STATION,VALID
2025-04-20 10:00:00,WX-MASTER,0.8947,7.218,24.66,WEATHER_STATION,VALID
2025-04-20 11:00:00,WX-MASTER,0.9786,6.435,25.95,WEATHER_STATION,VALID
2025-04-20 12:00:00,WX-MASTER,0.8132,8.775,27.13,WEATHER_STATION,VALID
2025-04-20 13:00:00,WX-MASTER,0.8628,6.103,27.2,WEATHER_STATION,VALID
2025-04-20 14:00:00,WX-MASTER,0.8001,5.396,30.45,WEATHER_STATION,VALID
2025-04-20 15:00:00,WX-MASTER,0.5977,5.418,31.0,WEATHER_STATION,VALID
2025-04-20 16:00:00,WX-MASTER,0.4923,8.336,30.18,WEATHER_STATION,VALID
2025-04-20 17:00:00,WX-MASTER,0.2726,8.618,30.02,WEATHER_STATION,VALID
2025-04-20 18:00:00,WX-MASTER,0.0,9.475,31.7,WEATHER_STATION,VALID
2025-04-20 19:00:00,WX-MASTER,0.0,6.466,31.93,WEATHER_STATION,VALID
2025-04-20 20:00:00,WX-MASTER,0.0,8.066,32.13,WEATHER_STATION,VALID
2025-04-20 21:00:00,WX-MASTER,0.0,11.772,31.61,WEATHER_STATION,VALID
2025-04-20 22:00:00,WX-MASTER,0.0,8.447,30.48,WEATHER_STATION,VALID
2025-04-20 23:00:00,WX-MASTER,0.0,8.288,31.22,WEATHER_STATION,VALID
2025-04-21 00:00:00,WX-MASTER,0.0,9.127,30.03,WEATHER_STATION,VALID
2025-04-21 01:00:00,WX-MASTER,0.0,9.905,29.29,WEATHER_STATION,VALID
2025-04-21 02:00:00,WX-MASTER,0.0,9.877,28.81,WEATHER_STATION,VALID
2025-04-21 03:00:00,WX-MASTER,0.0,8.338,27.71,WEATHER_STATION,VALID
2025-04-21 04:00:00,WX-MASTER,0.0,8.241,27.03,WEATHER_STATION,VALID
2025-04-21 05:00:00,WX-MASTER,0.0,8.428,25.75,WEATHER_STATION,VALID
2025-04-21 06:00:00,WX-MASTER,0.0,7.635,26.1,WEATHER_STATION,VALID
2025-04-21 07:00:00,WX-MASTER,0.2577,6.725,24.45,WEATHER_STATION,VALID
2025-04-21 08:00:00,WX-MASTER,0.5114,10.42,23.89,WEATHER_STATION,VALID
2025-04-21 09:00:00,WX-MASTER,0.7558,7.29,24.25,WEATHER_STATION,VALID
2025-04-21 10:00:00,WX-MASTER,0.7032,7.141,24.85,WEATHER_STATION,VALID
2025-04-21 11:00:00,WX-MASTER,0.6907,7.001,24.68,WEATHER_STATION,VALID
2025-04-21 12:00:00,WX-MASTER,1.0078,7.185,24.92,WEATHER_STATION,VALID
2025-04-21 13:00:00,WX-MASTER,0.7907,7.793,28.4,WEATHER_STATION,VALID
2025-04-21 14:00:00,WX-MASTER,0.7917,6.629,30.23,WEATHER_STATION,VALID
2025-04-21 15:00:00,WX-MASTER,0.6273,8.788,30.27,WEATHER_STATION,VALID
2025-04-21 16:00:00,WX-MASTER,0.5102,8.219,29.87,WEATHER_STATION,VALID
2025-04-21 17:00:00,WX-MASTER,0.2449,7.382,29.11,WEATHER_STATION,VALID
2025-04-21 18:00:00,WX-MASTER,0.0,6.993,31.96,WEATHER_STATION,VALID
2025-04-21 19:00:00,WX-MASTER,0.0,9.523,30.15,WEATHER_STATION,VALID
2025-04-21 20:00:00,WX-MASTER,0.0,8.163,32.09,WEATHER_STATION,VALID
2025-04-21 21:00:00,WX-MASTER,0.0,7.009,31.12,WEATHER_STATION,VALID
2025-04-21 22:00:00,WX-MASTER,0.0,10.175,28.99,WEATHER_STATION,VALID
2025-04-21 23:00:00,WX-MASTER,0.0,8.084,32.95,WEATHER_STATION,VALID
2025-04-22 00:00:00,WX-MASTER,0.0,10.29,28.93,WEATHER_STATION,VALID
2025-04-22 01:00:00,WX-MASTER,0.0,5.955,29.17,WEATHER_STATION,VALID
2025-04-22 02:00:00,WX-MASTER,0.0,8.738,28.53,WEATHER_STATION,VALID
2025-04-22 03:00:00,WX-MASTER,0.0,10.653,27.22,WEATHER_STATION,VALID
2025-04-22 04:00:00,WX-MASTER,0.0,9.016,27.49,WEATHER_STATION,VALID
2025-04-22 05:00:00,WX-MASTER,0.0,9.598,25.32,WEATHER_STATION,VALID
2025-04-22 06:00:00,WX-MASTER,0.0,7.419,26.11,WEATHER_STATION,VALID
2025-04-22 07:00:00,WX-MASTER,0.3083,8.79,25.69,WEATHER_STATION,VALID
2025-04-22 08:00:00,WX-MASTER,0.4717,8.082,23.53,WEATHER_STATION,VALID
2025-04-22 09:00:00,WX-MASTER,0.7053,8.143,25.59,WEATHER_STATION,VALID
2025-04-22 10:00:00,WX-MASTER,0.7739,10.254,24.39,WEATHER_STATION,VALID
2025-04-22 11:00:00,WX-MASTER,0.903,9.119,24.81,WEATHER_STATION,VALID
2025-04-22 12:00:00,WX-MASTER,1.009,8.327,27.29,WEATHER_STATION,VALID
2025-04-22 13:00:00,WX-MASTER,0.9164,8.281,27.29,WEATHER_STATION,VALID
2025-04-22 14:00:00,WX-MASTER,0.6429,6.059,29.13,WEATHER_STATION,VALID
2025-04-22 15:00:00,WX-MASTER,0.703,6.701,30.05,WEATHER_STATION,VALID
2025-04-22 16:00:00,WX-MASTER,0.5606,5.457,28.72,WEATHER_STATION,VALID
2025-04-22 17:00:00,WX-MASTER,0.2666,5.988,32.05,WEATHER_STATION,VALID
2025-04-22 18:00:00,WX-MASTER,0.0,6.714,32.06,WEATHER_STATION,VALID
2025-04-22 19:00:00,WX-MASTER,0.0,8.083,31.36,WEATHER_STATION,VALID
2025-04-22 20:00:00,WX-MASTER,0.0,6.789,32.02,WEATHER_STATION,VALID
2025-04-22 21:00:00,WX-MASTER,0.0,8.581,32.99,WEATHER_STATION,VALID
2025-04-22 22:00:00,WX-MASTER,0.0,8.655,31.33,WEATHER_STATION,VALID
2025-04-22 23:00:00,WX-MASTER,0.0,7.561,33.7,WEATHER_STATION,VALID
2025-04-23 00:00:00,WX-MASTER,0.0,11.152,32.21,WEATHER_STATION,VALID
2025-04-23 01:00:00,WX-MASTER,0.0,7.509,29.72,WEATHER_STATION,VALID
2025-04-23 02:00:00,WX-MASTER,0.0,10.677,28.4,WEATHER_STATION,VALID
2025-04-23 03:00:00,WX-MASTER,0.0,6.221,27.55,WEATHER_STATION,VALID
2025-04-23 04:00:00,WX-MASTER,0.0,8.831,26.2,WEATHER_STATION,VALID
2025-04-23 05:00:00,WX-MASTER,0.0,7.271,26.35,WEATHER_STATION,VALID
2025-04-23 06:00:00,WX-MASTER,0.0,7.748,26.47,WEATHER_STATION,VALID
2025-04-23 07:00:00,WX-MASTER,0.3015,10.698,23.68,WEATHER_STATION,VALID
2025-04-23 08:00:00,WX-MASTER,0.5236,7.633,25.95,WEATHER_STATION,VALID
2025-04-23 09:00:00,WX-MASTER,0.6816,6.398,26.41,WEATHER_STATION,VALID
2025-04-23 10:00:00,WX-MASTER,0.829,8.244,26.33,WEATHER_STATION,VALID
2025-04-23 11:00:00,WX-MASTER,0.7893,6.967,26.04,WEATHER_STATION,VALID
2025-04-23 12:00:00,WX-MASTER,0.9773,7.5,27.56,WEATHER_STATION,VALID
2025-04-23 13:00:00,WX-MASTER,0.7659,6.054,29.33,WEATHER_STATION,VALID
2025-04-23 14:00:00,WX-MASTER,0.8668,6.123,28.61,WEATHER_STATION,VALID
2025-04-23 15:00:00,WX-MASTER,0.7567,6.297,29.61,WEATHER_STATION,VALID
2025-04-23 16:00:00,WX-MASTER,0.2906,8.495,32.98,WEATHER_STATION,VALID
2025-04-23 17:00:00,WX-MASTER,0.2682,7.35,31.52,WEATHER_STATION,VALID
2025-04-23 18:00:00,WX-MASTER,0.0,6.511,30.5,WEATHER_STATION,VALID
2025-04-23 19:00:00,WX-MASTER,0.0,8.338,33.1,WEATHER_STATION,VALID
2025-04-23 20:00:00,WX-MASTER,0.0,8.492,32.66,WEATHER_STATION,VALID
2025-04-23 21:00:00,WX-MASTER,0.0,9.385,31.27,WEATHER_STATION,VALID
2025-04-23 22:00:00,WX-MASTER,0.0,8.236,30.38,WEATHER_STATION,VALID
2025-04-23 23:00:00,WX-MASTER,0.0,8.942,31.44,WEATHER_STATION,VALID
2025-04-24 00:00:00,WX-MASTER,0.0,9.723,30.34,WEATHER_STATION,VALID
2025-04-24 01:00:00,WX-MASTER,0.0,7.925,28.08,WEATHER_STATION,VALID
2025-04-24 02:00:00,WX-MASTER,0.0,10.384,28.56,WEATHER_STATION,VALID
2025-04-24 03:00:00,WX-MASTER,0.0,9.18,27.58,WEATHER_STATION,VALID
2025-04-24 04:00:00,WX-MASTER,0.0,7.592,26.84,WEATHER_STATION,VALID
2025-04-24 05:00:00,WX-MASTER,0.0,7.393,26.78,WEATHER_STATION,VALID
2025-04-24 06:00:00,WX-MASTER,0.0,8.476,23.52,WEATHER_STATION,VALID
2025-04-24 07:00:00,WX-MASTER,0.2418,7.637,23.95,WEATHER_STATION,VALID
2025-04-24 08:00:00,WX-MASTER,0.5071,9.072,24.58,WEATHER_STATION,VALID
2025-04-24 09:00:00,WX-MASTER,0.7586,7.468,26.87,WEATHER_STATION,VALID
2025-04-24 10:00:00,WX-MASTER,0.6478,8.011,28.47,WEATHER_STATION,VALID
2025-04-24 11:00:00,WX-MASTER,0.8878,6.333,26.19,WEATHER_STATION,VALID
2025-04-24 12:00:00,WX-MASTER,0.8395,7.281,26.97,WEATHER_STATION,VALID
2025-04-24 13:00:00,WX-MASTER,0.8363,8.959,24.83,WEATHER_STATION,VALID
2025-04-24 14:00:00,WX-MASTER,0.7189,7.062,29.75,WEATHER_STATION,VALID
2025-04-24 15:00:00,WX-MASTER,0.6597,6.609,30.11,WEATHER_STATION,VALID
2025-04-24 16:00:00,WX-MASTER,0.5619,6.34,30.75,WEATHER_STATION,VALID
2025-04-24 17:00:00,WX-MASTER,0.2365,7.627,29.64,WEATHER_STATION,VALID
2025-04-24 18:00:00,WX-MASTER,0.0,9.713,34.07,WEATHER_STATION,VALID
2025-04-24 19:00:00,WX-MASTER,0.0,6.362,33.87,WEATHER_STATION,VALID
2025-04-24 20:00:00,WX-MASTER,0.0,8.33,32.52,WEATHER_STATION,VALID
2025-04-24 21:00:00,WX-MASTER,0.0,6.418,33.23,WEATHER_STATION,VALID
2025-04-24 22:00:00,WX-MASTER,0.0,8.336,31.76,WEATHER_STATION,VALID
2025-04-24 23:00:00,WX-MASTER,0.0,9.391,32.12,WEATHER_STATION,VALID
2025-04-25 00:00:00,WX-MASTER,0.0,7.127,28.83,WEATHER_STATION,VALID
2025-04-25 01:00:00,WX-MASTER,0.0,8.665,26.83,WEATHER_STATION,VALID
2025-04-25 02:00:00,WX-MASTER,0.0,9.615,27.13,WEATHER_STATION,VALID
2025-04-25 03:00:00,WX-MASTER,0.0,9.335,26.78,WEATHER_STATION,VALID
2025-04-25 04:00:00,WX-MASTER,0.0,9.47,26.13,WEATHER_STATION,VALID
2025-04-25 05:00:00,WX-MASTER,0.0,7.574,26.71,WEATHER_STATION,VALID
2025-04-25 06:00:00,WX-MASTER,0.0,8.989,25.31,WEATHER_STATION,VALID
2025-04-25 07:00:00,WX-MASTER,0.2217,7.578,25.24,WEATHER_STATION,VALID
2025-04-25 08:00:00,WX-MASTER,0.5529,9.025,23.73,WEATHER_STATION,VALID
2025-04-25 09:00:00,WX-MASTER,0.7566,4.843,23.75,WEATHER_STATION,VALID
2025-04-25 10:00:00,WX-MASTER,0.887,7.247,25.67,WEATHER_STATION,VALID
2025-04-25 11:00:00,WX-MASTER,0.828,7.572,25.53,WEATHER_STATION,VALID
2025-04-25 12:00:00,WX-MASTER,0.8809,9.072,26.91,WEATHER_STATION,VALID
2025-04-25 13:00:00,WX-MASTER,0.9424,7.368,28.4,WEATHER_STATION,VALID
2025-04-25 14:00:00,WX-MASTER,0.8309,7.506,30.62,WEATHER_STATION,VALID
2025-04-25 15:00:00,WX-MASTER,0.6443,7.822,29.53,WEATHER_STATION,VALID
2025-04-25 16:00:00,WX-MASTER,0.4116,9.099,32.58,WEATHER_STATION,VALID
2025-04-25 17:00:00,WX-MASTER,0.2774,7.162,31.61,WEATHER_STATION,VALID
2025-04-25 18:00:00,WX-MASTER,0.0,6.063,32.51,WEATHER_STATION,VALID
2025-04-25 19:00:00,WX-MASTER,0.0,6.068,33.3,WEATHER_STATION,VALID
2025-04-25 20:00:00,WX-MASTER,0.0,9.265,33.02,WEATHER_STATION,VALID
2025-04-25 21:00:00,WX-MASTER,0.0,8.942,31.07,WEATHER_STATION,VALID
2025-04-25 22:00:00,WX-MASTER,0.0,8.542,32.98,WEATHER_STATION,VALID
2025-04-25 23:00:00,WX-MASTER,0.0,8.294,30.68,WEATHER_STATION,VALID
2025-04-26 00:00:00,WX-MASTER,0.0,9.423,30.75,WEATHER_STATION,VALID
2025-04-26 01:00:00,WX-MASTER,0.0,9.522,29.7,WEATHER_STATION,VALID
2025-04-26 02:00:00,WX-MASTER,0.0,9.868,30.01,WEATHER_STATION,VALID
2025-04-26 03:00:00,WX-MASTER,0.0,7.729,28.2,WEATHER_STATION,VALID
2025-04-26 04:00:00,WX-MASTER,0.0,6.742,25.23,WEATHER_STATION,VALID
2025-04-26 05:00:00,WX-MASTER,0.0,7.659,28.67,WEATHER_STATION,VALID
2025-04-26 06:00:00,WX-MASTER,0.0,6.861,26.61,WEATHER_STATION,VALID
2025-04-26 07:00:00,WX-MASTER,0.3098,6.54,24.6,WEATHER_STATION,VALID
2025-04-26 08:00:00,WX-MASTER,0.5432,10.144,23.77,WEATHER_STATION,VALID
2025-04-26 09:00:00,WX-MASTER,0.7293,4.906,26.4,WEATHER_STATION,VALID
2025-04-26 10:00:00,WX-MASTER,0.8813,8.24,24.39,WEATHER_STATION,VALID
2025-04-26 11:00:00,WX-MASTER,0.9272,8.628,27.13,WEATHER_STATION,VALID
2025-04-26 12:00:00,WX-MASTER,0.8744,8.607,28.17,WEATHER_STATION,VALID
2025-04-26 13:00:00,WX-MASTER,0.8577,7.622,26.95,WEATHER_STATION,VALID
2025-04-26 14:00:00,WX-MASTER,0.7615,8.983,27.75,WEATHER_STATION,VALID
2025-04-26 15:00:00,WX-MASTER,0.7604,9.659,28.98,WEATHER_STATION,VALID
2025-04-26 16:00:00,WX-MASTER,0.5287,7.083,29.2,WEATHER_STATION,VALID
2025-04-26 17:00:00,WX-MASTER,0.2607,8.246,31.39,WEATHER_STATION,VALID
2025-04-26 18:00:00,WX-MASTER,0.0,9.552,32.12,WEATHER_STATION,VALID
2025-04-26 19:00:00,WX-MASTER,0.0,7.026,32.89,WEATHER_STATION,VALID
2025-04-26 20:00:00,WX-MASTER,0.0,8.089,31.14,WEATHER_STATION,VALID
2025-04-26 21:00:00,WX-MASTER,0.0,7.845,33.03,WEATHER_STATION,VALID
2025-04-26 22:00:00,WX-MASTER,0.0,9.481,30.48,WEATHER_STATION,VALID
2025-04-26 23:00:00,WX-MASTER,0.0,6.594,32.12,WEATHER_STATION,VALID
2025-04-27 00:00:00,WX-MASTER,0.0,11.061,28.59,WEATHER_STATION,VALID
2025-04-27 01:00:00,WX-MASTER,0.0,9.949,31.41,WEATHER_STATION,VALID
2025-04-27 02:00:00,WX-MASTER,0.0,10.016,28.0,WEATHER_STATION,VALID
2025-04-27 03:00:00,WX-MASTER,0.0,6.104,28.44,WEATHER_STATION,VALID
2025-04-27 04:00:00,WX-MASTER,0.0,7.689,27.69,WEATHER_STATION,VALID
2025-04-27 05:00:00,WX-MASTER,0.0,10.79,24.63,WEATHER_STATION,VALID
2025-04-27 06:00:00,WX-MASTER,0.0,8.393,26.6,WEATHER_STATION,VALID
2025-04-27 07:00:00,WX-MASTER,0.2715,6.129,24.58,WEATHER_STATION,VALID
2025-04-27 08:00:00,WX-MASTER,0.4573,8.397,24.76,WEATHER_STATION,VALID
2025-04-27 09:00:00,WX-MASTER,0.6369,8.741,24.44,WEATHER_STATION,VALID
2025-04-27 10:00:00,WX-MASTER,0.8937,8.326,27.53,WEATHER_STATION,VALID
2025-04-27 11:00:00,WX-MASTER,0.9376,7.259,24.75,WEATHER_STATION,VALID
2025-04-27 12:00:00,WX-MASTER,0.9532,8.805,27.39,WEATHER_STATION,VALID
2025-04-27 13:00:00,WX-MASTER,0.8499,6.354,26.97,WEATHER_STATION,VALID
2025-04-27 14:00:00,WX-MASTER,0.5298,7.975,29.94,WEATHER_STATION,VALID
2025-04-27 15:00:00,WX-MASTER,0.6276,7.521,32.32,WEATHER_STATION,VALID
2025-04-27 16:00:00,WX-MASTER,0.4855,7.308,29.62,WEATHER_STATION,VALID
2025-04-27 17:00:00,WX-MASTER,0.3034,7.177,31.27,WEATHER_STATION,VALID
2025-04-27 18:00:00,WX-MASTER,0.0,7.452,31.19,WEATHER_STATION,VALID
2025-04-27 19:00:00,WX-MASTER,0.0,8.194,33.25,WEATHER_STATION,VALID
2025-04-27 20:00:00,WX-MASTER,0.0,8.033,31.83,WEATHER_STATION,VALID
2025-04-27 21:00:00,WX-MASTER,0.0,9.617,33.09,WEATHER_STATION,VALID
2025-04-27 22:00:00,WX-MASTER,0.0,8.19,31.18,WEATHER_STATION,VALID
2025-04-27 23:00:00,WX-MASTER,0.0,11.106,33.79,WEATHER_STATION,VALID
2025-04-28 00:00:00,WX-MASTER,0.0,8.444,27.73,WEATHER_STATION,VALID
2025-04-28 01:00:00,WX-MASTER,0.0,10.457,29.97,WEATHER_STATION,VALID
2025-04-28 02:00:00,WX-MASTER,0.0,10.507,28.6,WEATHER_STATION,VALID
2025-04-28 03:00:00,WX-MASTER,0.0,9.397,27.65,WEATHER_STATION,VALID
2025-04-28 04:00:00,WX-MASTER,0.0,9.146,27.2,WEATHER_STATION,VALID
2025-04-28 05:00:00,WX-MASTER,0.0,7.91,26.21,WEATHER_STATION,VALID
2025-04-28 06:00:00,WX-MASTER,0.0,7.956,25.84,WEATHER_STATION,VALID
2025-04-28 07:00:00,WX-MASTER,0.1572,8.661,25.72,WEATHER_STATION,VALID
2025-04-28 08:00:00,WX-MASTER,0.4214,8.055,27.21,WEATHER_STATION,VALID
2025-04-28 09:00:00,WX-MASTER,0.7317,9.402,21.91,WEATHER_STATION,VALID
2025-04-28 10:00:00,WX-MASTER,0.8649,7.049,27.8,WEATHER_STATION,VALID
2025-04-28 11:00:00,WX-MASTER,0.9544,6.948,29.21,WEATHER_STATION,VALID
2025-04-28 12:00:00,WX-MASTER,0.751,5.17,24.76,WEATHER_STATION,VALID
2025-04-28 13:00:00,WX-MASTER,0.9032,8.109,27.76,WEATHER_STATION,VALID
2025-04-28 14:00:00,WX-MASTER,0.8582,7.997,30.26,WEATHER_STATION,VALID
2025-04-28 15:00:00,WX-MASTER,0.6002,8.621,30.62,WEATHER_STATION,VALID
2025-04-28 16:00:00,WX-MASTER,0.5006,8.83,32.37,WEATHER_STATION,VALID
2025-04-28 17:00:00,WX-MASTER,0.2716,8.701,31.53,WEATHER_STATION,VALID
2025-04-28 18:00:00,WX-MASTER,0.0,8.984,29.2,WEATHER_STATION,VALID
2025-04-28 19:00:00,WX-MASTER,0.0,8.951,33.56,WEATHER_STATION,VALID
2025-04-28 20:00:00,WX-MASTER,0.0,9.412,32.88,WEATHER_STATION,VALID
2025-04-28 21:00:00,WX-MASTER,0.0,6.275,33.75,WEATHER_STATION,VALID
2025-04-28 22:00:00,WX-MASTER,0.0,7.463,29.8,WEATHER_STATION,VALID
2025-04-28 23:00:00,WX-MASTER,0.0,7.431,29.63,WEATHER_STATION,VALID
2025-04-29 00:00:00,WX-MASTER,0.0,10.854,30.37,WEATHER_STATION,VALID
2025-04-29 01:00:00,WX-MASTER,0.0,8.247,31.1,WEATHER_STATION,VALID
2025-04-29 02:00:00,WX-MASTER,0.0,8.45,30.53,WEATHER_STATION,VALID
2025-04-29 03:00:00,WX-MASTER,0.0,9.195,26.82,WEATHER_STATION,VALID
2025-04-29 04:00:00,WX-MASTER,0.0,7.434,26.36,WEATHER_STATION,VALID
2025-04-29 05:00:00,WX-MASTER,0.0,9.357,29.57,WEATHER_STATION,VALID
2025-04-29 06:00:00,WX-MASTER,0.0,5.864,24.9,WEATHER_STATION,VALID
2025-04-29 07:00:00,WX-MASTER,0.2776,6.849,26.03,WEATHER_STATION,VALID
2025-04-29 08:00:00,WX-MASTER,0.4916,8.377,24.56,WEATHER_STATION,VALID
2025-04-29 09:00:00,WX-MASTER,0.7555,6.254,25.79,WEATHER_STATION,VALID
2025-04-29 10:00:00,WX-MASTER,0.851,9.334,24.53,WEATHER_STATION,VALID
2025-04-29 11:00:00,WX-MASTER,0.945,7.525,25.12,WEATHER_STATION,VALID
2025-04-29 12:00:00,WX-MASTER,0.8367,8.811,26.4,WEATHER_STATION,VALID
2025-04-29 13:00:00,WX-MASTER,0.7776,7.742,27.04,WEATHER_STATION,VALID
2025-04-29 14:00:00,WX-MASTER,0.7521,7.267,28.23,WEATHER_STATION,VALID
2025-04-29 15:00:00,WX-MASTER,0.6307,6.06,30.14,WEATHER_STATION,VALID
2025-04-29 16:00:00,WX-MASTER,0.5429,8.699,32.62,WEATHER_STATION,VALID
2025-04-29 17:00:00,WX-MASTER,0.3042,8.254,30.36,WEATHER_STATION,VALID
2025-04-29 18:00:00,WX-MASTER,0.0,10.619,30.44,WEATHER_STATION,VALID
2025-04-29 19:00:00,WX-MASTER,0.0,9.239,31.99,WEATHER_STATION,VALID
2025-04-29 20:00:00,WX-MASTER,0.0,7.907,31.08,WEATHER_STATION,VALID
2025-04-29 21:00:00,WX-MASTER,0.0,9.05,30.02,WEATHER_STATION,VALID
2025-04-29 22:00:00,WX-MASTER,0.0,9.446,32.91,WEATHER_STATION,VALID
2025-04-29 23:00:00,WX-MASTER,0.0,10.59,31.17,WEATHER_STATION,VALID
2025-04-30 00:00:00,WX-MASTER,0.0,10.926,30.55,WEATHER_STATION,VALID
2025-04-30 01:00:00,WX-MASTER,0.0,9.059,27.18,WEATHER_STATION,VALID
2025-04-30 02:00:00,WX-MASTER,0.0,7.684,27.88,WEATHER_STATION,VALID
2025-04-30 03:00:00,WX-MASTER,0.0,6.781,25.98,WEATHER_STATION,VALID
2025-04-30 04:00:00,WX-MASTER,0.0,7.574,26.81,WEATHER_STATION,VALID
2025-04-30 05:00:00,WX-MASTER,0.0,8.098,26.27,WEATHER_STATION,VALID
2025-04-30 06:00:00,WX-MASTER,0.0,10.594,25.71,WEATHER_STATION,VALID
2025-04-30 07:00:00,WX-MASTER,0.3112,10.36,24.4,WEATHER_STATION,VALID
2025-04-30 08:00:00,WX-MASTER,0.4427,9.372,24.06,WEATHER_STATION,VALID
2025-04-30 09:00:00,WX-MASTER,0.5851,9.472,24.97,WEATHER_STATION,VALID
2025-04-30 10:00:00,WX-MASTER,0.8459,6.73,25.98,WEATHER_STATION,VALID
2025-04-30 11:00:00,WX-MASTER,0.9902,5.499,25.41,WEATHER_STATION,VALID
2025-04-30 12:00:00,WX-MASTER,0.9084,6.035,25.71,WEATHER_STATION,VALID
2025-04-30 13:00:00,WX-MASTER,0.4145,4.636,26.6,WEATHER_STATION,VALID
2025-04-30 14:00:00,WX-MASTER,0.6429,5.839,27.79,WEATHER_STATION,VALID
2025-04-30 15:00:00,WX-MASTER,0.6273,6.703,28.95,WEATHER_STATION,VALID
2025-04-30 16:00:00,WX-MASTER,0.4433,7.713,29.02,WEATHER_STATION,VALID
2025-04-30 17:00:00,WX-MASTER,0.2195,7.861,30.52,WEATHER_STATION,VALID
2025-04-30 18:00:00,WX-MASTER,0.0,7.017,33.1,WEATHER_STATION,VALID
2025-04-30 19:00:00,WX-MASTER,0.0,8.907,31.61,WEATHER_STATION,VALID
2025-04-30 20:00:00,WX-MASTER,0.0,7.556,30.6,WEATHER_STATION,VALID
2025-04-30 21:00:00,WX-MASTER,0.0,8.692,29.25,WEATHER_STATION,VALID
2025-04-30 22:00:00,WX-MASTER,0.0,7.459,33.82,WEATHER_STATION,VALID
2025-04-30 23:00:00,WX-MASTER,0.0,10.497,32.43,WEATHER_STATION,VALID
2025-05-01 00:00:00,WX-MASTER,0.0,9.239,30.66,WEATHER_STATION,VALID
2025-05-01 01:00:00,WX-MASTER,0.0,10.156,30.87,WEATHER_STATION,VALID
2025-05-01 02:00:00,WX-MASTER,0.0,7.687,29.2,WEATHER_STATION,VALID
2025-05-01 03:00:00,WX-MASTER,0.0,9.422,27.57,WEATHER_STATION,VALID
2025-05-01 04:00:00,WX-MASTER,0.0,,25.33,WEATHER_STATION,VALID
2025-05-01 05:00:00,WX-MASTER,0.0,6.214,28.38,WEATHER_STATION,VALID
2025-05-01 06:00:00,WX-MASTER,0.0,10.161,25.01,WEATHER_STATION,VALID
2025-05-01 07:00:00,WX-MASTER,0.2802,6.764,24.73,WEATHER_STATION,VALID
2025-05-01 08:00:00,WX-MASTER,0.4803,8.402,25.11,WEATHER_STATION,VALID
2025-05-01 09:00:00,WX-MASTER,0.6531,10.201,25.25,WEATHER_STATION,VALID
2025-05-01 10:00:00,WX-MASTER,0.7322,8.895,26.23,WEATHER_STATION,VALID
2025-05-01 11:00:00,WX-MASTER,0.9178,5.536,26.65,WEATHER_STATION,VALID
2025-05-01 12:00:00,WX-MASTER,0.894,7.116,26.13,WEATHER_STATION,VALID
2025-05-01 13:00:00,WX-MASTER,0.8154,8.889,27.69,WEATHER_STATION,VALID
2025-05-01 14:00:00,WX-MASTER,0.7456,6.23,29.22,WEATHER_STATION,VALID
2025-05-01 15:00:00,WX-MASTER,0.5892,6.897,28.68,WEATHER_STATION,VALID
2025-05-01 16:00:00,WX-MASTER,0.5545,,32.06,WEATHER_STATION,VALID
2025-05-01 17:00:00,WX-MASTER,0.2783,8.43,31.02,WEATHER_STATION,VALID
2025-05-01 18:00:00,WX-MASTER,0.0,5.919,33.52,WEATHER_STATION,VALID
2025-05-01 19:00:00,WX-MASTER,0.0,8.985,30.28,WEATHER_STATION,VALID
2025-05-01 20:00:00,WX-MASTER,0.0,7.622,32.85,WEATHER_STATION,VALID
2025-05-01 21:00:00,WX-MASTER,0.0,8.668,30.88,WEATHER_STATION,VALID
2025-05-01 22:00:00,WX-MASTER,0.0,8.613,30.84,WEATHER_STATION,VALID
2025-05-01 23:00:00,WX-MASTER,0.0,9.866,32.13,WEATHER_STATION,VALID
2025-05-02 00:00:00,WX-MASTER,0.0,9.188,30.03,WEATHER_STATION,VALID
2025-05-02 01:00:00,WX-MASTER,0.0,11.15,32.58,WEATHER_STATION,VALID
2025-05-02 02:00:00,WX-MASTER,0.0,10.558,29.18,WEATHER_STATION,VALID
2025-05-02 03:00:00,WX-MASTER,0.0,8.165,26.81,WEATHER_STATION,VALID
2025-05-02 04:00:00,WX-MASTER,0.0,10.838,27.43,WEATHER_STATION,VALID
2025-05-02 05:00:00,WX-MASTER,0.0,9.29,25.79,WEATHER_STATION,VALID
2025-05-02 06:00:00,WX-MASTER,0.0,8.867,26.52,WEATHER_STATION,VALID
2025-05-02 07:00:00,WX-MASTER,0.3119,9.495,24.82,WEATHER_STATION,VALID
2025-05-02 08:00:00,WX-MASTER,0.5022,6.778,25.54,WEATHER_STATION,VALID
2025-05-02 09:00:00,WX-MASTER,0.5151,6.087,25.41,WEATHER_STATION,VALID
2025-05-02 10:00:00,WX-MASTER,0.8345,7.69,25.62,WEATHER_STATION,VALID
2025-05-02 11:00:00,WX-MASTER,0.9924,6.689,27.33,WEATHER_STATION,VALID
2025-05-02 12:00:00,WX-MASTER,1.0208,10.047,24.64,WEATHER_STATION,VALID
2025-05-02 13:00:00,WX-MASTER,0.9924,,27.76,WEATHER_STATION,VALID
2025-05-02 14:00:00,WX-MASTER,0.7155,7.348,27.71,WEATHER_STATION,VALID
2025-05-02 15:00:00,WX-MASTER,0.287,7.618,27.84,WEATHER_STATION,VALID
2025-05-02 16:00:00,WX-MASTER,0.4633,9.104,29.3,WEATHER_STATION,VALID
2025-05-02 17:00:00,WX-MASTER,0.2829,6.399,30.28,WEATHER_STATION,VALID
2025-05-02 18:00:00,WX-MASTER,0.0,5.826,31.3,WEATHER_STATION,VALID
2025-05-02 19:00:00,WX-MASTER,0.0,9.988,32.34,WEATHER_STATION,VALID
2025-05-02 20:00:00,WX-MASTER,0.0,8.54,32.7,WEATHER_STATION,VALID
2025-05-02 21:00:00,WX-MASTER,0.0,9.739,31.44,WEATHER_STATION,VALID
2025-05-02 22:00:00,WX-MASTER,0.0,10.023,33.49,WEATHER_STATION,VALID
2025-05-02 23:00:00,WX-MASTER,0.0,10.429,30.58,WEATHER_STATION,VALID
2025-05-03 00:00:00,WX-MASTER,0.0,8.728,27.95,WEATHER_STATION,VALID
2025-05-03 01:00:00,WX-MASTER,0.0,8.437,29.03,WEATHER_STATION,VALID
2025-05-03 02:00:00,WX-MASTER,0.0,6.68,28.59,WEATHER_STATION,VALID
2025-05-03 03:00:00,WX-MASTER,0.0,7.909,23.7,WEATHER_STATION,VALID
2025-05-03 04:00:00,WX-MASTER,0.0,9.148,28.24,WEATHER_STATION,VALID
2025-05-03 05:00:00,WX-MASTER,0.0,7.966,25.94,WEATHER_STATION,VALID
2025-05-03 06:00:00,WX-MASTER,0.0,7.166,24.12,WEATHER_STATION,VALID
2025-05-03 07:00:00,WX-MASTER,0.1951,8.461,24.0,WEATHER_STATION,VALID
2025-05-03 08:00:00,WX-MASTER,0.4073,9.881,25.95,WEATHER_STATION,VALID
2025-05-03 09:00:00,WX-MASTER,0.7664,7.811,26.22,WEATHER_STATION,VALID
2025-05-03 10:00:00,WX-MASTER,0.7698,6.188,24.73,WEATHER_STATION,VALID
2025-05-03 11:00:00,WX-MASTER,0.8089,9.135,24.44,WEATHER_STATION,VALID
2025-05-03 12:00:00,WX-MASTER,1.0218,6.349,26.94,WEATHER_STATION,VALID
2025-05-03 13:00:00,WX-MASTER,0.9935,9.216,28.01,WEATHER_STATION,VALID
2025-05-03 14:00:00,WX-MASTER,0.8066,6.956,29.22,WEATHER_STATION,VALID
2025-05-03 15:00:00,WX-MASTER,0.6574,7.506,28.77,WEATHER_STATION,VALID
2025-05-03 16:00:00,WX-MASTER,0.4957,9.536,30.14,WEATHER_STATION,VALID
2025-05-03 17:00:00,WX-MASTER,0.2833,5.939,31.04,WEATHER_STATION,VALID
2025-05-03 18:00:00,WX-MASTER,0.0,6.559,32.73,WEATHER_STATION,VALID
2025-05-03 19:00:00,WX-MASTER,0.0,7.754,33.51,WEATHER_STATION,VALID
2025-05-03 20:00:00,WX-MASTER,0.0,8.257,33.96,WEATHER_STATION,VALID
2025-05-03 21:00:00,WX-MASTER,0.0,12.124,33.48,WEATHER_STATION,VALID
2025-05-03 22:00:00,WX-MASTER,0.0,7.758,33.75,WEATHER_STATION,VALID
2025-05-03 23:00:00,WX-MASTER,0.0,7.398,32.23,WEATHER_STATION,VALID
2025-05-04 00:00:00,WX-MASTER,0.0,8.005,29.56,WEATHER_STATION,VALID
2025-05-04 01:00:00,WX-MASTER,0.0,9.586,31.27,WEATHER_STATION,VALID
2025-05-04 02:00:00,WX-MASTER,0.0,9.918,26.87,WEATHER_STATION,VALID
2025-05-04 03:00:00,WX-MASTER,0.0,8.286,30.45,WEATHER_STATION,VALID
2025-05-04 04:00:00,WX-MASTER,0.0,9.097,25.6,WEATHER_STATION,VALID
2025-05-04 05:00:00,WX-MASTER,0.0,11.41,27.11,WEATHER_STATION,VALID
2025-05-04 06:00:00,WX-MASTER,0.0,8.698,27.22,WEATHER_STATION,VALID
2025-05-04 07:00:00,WX-MASTER,0.3126,8.816,25.69,WEATHER_STATION,VALID
2025-05-04 08:00:00,WX-MASTER,0.4347,10.593,22.56,WEATHER_STATION,VALID
2025-05-04 09:00:00,WX-MASTER,0.6775,6.98,24.0,WEATHER_STATION,VALID
2025-05-04 10:00:00,WX-MASTER,0.8317,6.671,25.92,WEATHER_STATION,VALID
2025-05-04 11:00:00,WX-MASTER,0.8111,6.873,26.81,WEATHER_STATION,VALID
2025-05-04 12:00:00,WX-MASTER,0.9088,6.672,26.56,WEATHER_STATION,VALID
2025-05-04 13:00:00,WX-MASTER,0.7293,4.929,27.7,WEATHER_STATION,VALID
2025-05-04 14:00:00,WX-MASTER,0.9093,7.481,26.76,WEATHER_STATION,VALID
2025-05-04 15:00:00,WX-MASTER,0.6297,7.657,31.56,WEATHER_STATION,VALID
2025-05-04 16:00:00,WX-MASTER,0.5683,7.268,29.82,WEATHER_STATION,VALID
2025-05-04 17:00:00,WX-MASTER,0.2759,8.02,31.94,WEATHER_STATION,VALID
2025-05-04 18:00:00,WX-MASTER,0.0,8.263,33.24,WEATHER_STATION,VALID
2025-05-04 19:00:00,WX-MASTER,0.0,6.47,30.52,WEATHER_STATION,VALID
2025-05-04 20:00:00,WX-MASTER,0.0,8.817,32.18,WEATHER_STATION,VALID
2025-05-04 21:00:00,WX-MASTER,0.0,9.419,32.24,WEATHER_STATION,VALID
2025-05-04 22:00:00,WX-MASTER,0.0,6.84,31.24,WEATHER_STATION,VALID
2025-05-04 23:00:00,WX-MASTER,0.0,10.998,32.11,WEATHER_STATION,VALID
2025-05-05 00:00:00,WX-MASTER,0.0,7.618,29.45,WEATHER_STATION,VALID
2025-05-05 01:00:00,WX-MASTER,0.0,7.807,29.48,WEATHER_STATION,VALID
2025-05-05 02:00:00,WX-MASTER,0.0,9.543,28.06,WEATHER_STATION,VALID
2025-05-05 03:00:00,WX-MASTER,0.0,9.903,30.39,WEATHER_STATION,VALID
2025-05-05 04:00:00,WX-MASTER,0.0,10.083,25.96,WEATHER_STATION,VALID
2025-05-05 05:00:00,WX-MASTER,0.0,9.613,26.92,WEATHER_STATION,VALID
2025-05-05 06:00:00,WX-MASTER,0.0,7.979,27.63,WEATHER_STATION,VALID
2025-05-05 07:00:00,WX-MASTER,0.2848,8.542,24.02,WEATHER_STATION,VALID
2025-05-05 08:00:00,WX-MASTER,0.4323,7.729,25.12,WEATHER_STATION,VALID
2025-05-05 09:00:00,WX-MASTER,0.6475,8.116,23.94,WEATHER_STATION,VALID
2025-05-05 10:00:00,WX-MASTER,0.8244,7.755,23.06,WEATHER_STATION,VALID
2025-05-05 11:00:00,WX-MASTER,0.9955,6.83,25.09,WEATHER_STATION,VALID
2025-05-05 12:00:00,WX-MASTER,0.9286,6.909,26.07,WEATHER_STATION,VALID
2025-05-05 13:00:00,WX-MASTER,0.9955,4.891,26.99,WEATHER_STATION,VALID
2025-05-05 14:00:00,WX-MASTER,0.8617,8.383,28.15,WEATHER_STATION,VALID
2025-05-05 15:00:00,WX-MASTER,0.768,7.764,29.42,WEATHER_STATION,VALID
2025-05-05 16:00:00,WX-MASTER,0.5007,4.514,28.82,WEATHER_STATION,VALID
2025-05-05 17:00:00,WX-MASTER,0.3129,8.732,31.4,WEATHER_STATION,VALID
2025-05-05 18:00:00,WX-MASTER,0.0,7.861,32.99,WEATHER_STATION,VALID
2025-05-05 19:00:00,WX-MASTER,0.0,6.966,33.48,WEATHER_STATION,VALID
2025-05-05 20:00:00,WX-MASTER,0.0,7.112,31.69,WEATHER_STATION,VALID
2025-05-05 21:00:00,WX-MASTER,0.0,7.801,32.96,WEATHER_STATION,VALID
2025-05-05 22:00:00,WX-MASTER,0.0,7.707,30.72,WEATHER_STATION,VALID
2025-05-05 23:00:00,WX-MASTER,0.0,8.063,30.57,WEATHER_STATION,VALID
2025-05-06 00:00:00,WX-MASTER,0.0,11.438,30.72,WEATHER_STATION,VALID
2025-05-06 01:00:00,WX-MASTER,0.0,9.771,28.99,WEATHER_STATION,VALID
2025-05-06 02:00:00,WX-MASTER,0.0,11.93,26.97,WEATHER_STATION,VALID
2025-05-06 03:00:00,WX-MASTER,0.0,9.503,28.58,WEATHER_STATION,VALID
2025-05-06 04:00:00,WX-MASTER,0.0,9.828,25.74,WEATHER_STATION,VALID
2025-05-06 05:00:00,WX-MASTER,0.0,7.741,25.39,WEATHER_STATION,VALID
2025-05-06 06:00:00,WX-MASTER,0.0,8.439,26.73,WEATHER_STATION,VALID
2025-05-06 07:00:00,WX-MASTER,0.309,8.297,25.75,WEATHER_STATION,VALID
2025-05-06 08:00:00,WX-MASTER,0.4897,8.949,25.2,WEATHER_STATION,VALID
2025-05-06 09:00:00,WX-MASTER,0.7351,7.828,23.34,WEATHER_STATION,VALID
2025-05-06 10:00:00,WX-MASTER,0.9111,8.125,24.06,WEATHER_STATION,VALID
2025-05-06 11:00:00,WX-MASTER,0.8491,7.898,26.49,WEATHER_STATION,VALID
2025-05-06 12:00:00,WX-MASTER,0.8668,6.969,27.49,WEATHER_STATION,VALID
2025-05-06 13:00:00,WX-MASTER,0.8939,6.773,27.89,WEATHER_STATION,VALID
2025-05-06 14:00:00,WX-MASTER,0.8927,6.437,27.92,WEATHER_STATION,VALID
2025-05-06 15:00:00,WX-MASTER,0.6394,8.786,28.79,WEATHER_STATION,VALID
2025-05-06 16:00:00,WX-MASTER,0.4702,7.122,30.5,WEATHER_STATION,VALID
2025-05-06 17:00:00,WX-MASTER,0.3089,8.131,29.46,WEATHER_STATION,VALID
2025-05-06 18:00:00,WX-MASTER,0.0,7.729,31.63,WEATHER_STATION,VALID
2025-05-06 19:00:00,WX-MASTER,0.0,9.567,30.2,WEATHER_STATION,VALID
2025-05-06 20:00:00,WX-MASTER,0.0,5.862,30.72,WEATHER_STATION,VALID
2025-05-06 21:00:00,WX-MASTER,0.0,9.091,32.08,WEATHER_STATION,VALID
2025-05-06 22:00:00,WX-MASTER,0.0,7.289,32.22,WEATHER_STATION,VALID
2025-05-06 23:00:00,WX-MASTER,0.0,9.609,31.37,WEATHER_STATION,VALID
2025-05-07 00:00:00,WX-MASTER,0.0,9.038,28.88,WEATHER_STATION,VALID
2025-05-07 01:00:00,WX-MASTER,0.0,7.369,27.13,WEATHER_STATION,VALID
2025-05-07 02:00:00,WX-MASTER,0.0,9.724,28.46,WEATHER_STATION,VALID
2025-05-07 03:00:00,WX-MASTER,0.0,9.503,25.28,WEATHER_STATION,VALID
2025-05-07 04:00:00,WX-MASTER,0.0,8.776,27.85,WEATHER_STATION,VALID
2025-05-07 05:00:00,WX-MASTER,0.0,8.752,24.7,WEATHER_STATION,VALID
2025-05-07 06:00:00,WX-MASTER,0.0,8.869,28.12,WEATHER_STATION,VALID
2025-05-07 07:00:00,WX-MASTER,0.2948,9.937,23.93,WEATHER_STATION,VALID
2025-05-07 08:00:00,WX-MASTER,0.4381,7.736,25.53,WEATHER_STATION,VALID
2025-05-07 09:00:00,WX-MASTER,0.7078,9.211,24.21,WEATHER_STATION,VALID
2025-05-07 10:00:00,WX-MASTER,0.9026,7.622,25.24,WEATHER_STATION,VALID
2025-05-07 11:00:00,WX-MASTER,0.9298,9.174,26.22,WEATHER_STATION,VALID
2025-05-07 12:00:00,WX-MASTER,0.9224,7.059,27.75,WEATHER_STATION,VALID
2025-05-07 13:00:00,WX-MASTER,0.8744,6.436,28.79,WEATHER_STATION,VALID
2025-05-07 14:00:00,WX-MASTER,0.7353,5.881,29.34,WEATHER_STATION,VALID
2025-05-07 15:00:00,WX-MASTER,0.6763,7.337,30.62,WEATHER_STATION,VALID
2025-05-07 16:00:00,WX-MASTER,0.57,6.486,29.48,WEATHER_STATION,VALID
2025-05-07 17:00:00,WX-MASTER,0.2741,9.531,31.72,WEATHER_STATION,VALID
2025-05-07 18:00:00,WX-MASTER,0.0,6.802,31.09,WEATHER_STATION,VALID
2025-05-07 19:00:00,WX-MASTER,0.0,7.291,33.03,WEATHER_STATION,VALID
2025-05-07 20:00:00,WX-MASTER,0.0,9.204,32.11,WEATHER_STATION,VALID
2025-05-07 21:00:00,WX-MASTER,0.0,10.241,32.59,WEATHER_STATION,VALID
2025-05-07 22:00:00,WX-MASTER,0.0,9.873,31.85,WEATHER_STATION,VALID
2025-05-07 23:00:00,WX-MASTER,0.0,10.479,31.86,WEATHER_STATION,VALID
2025-05-08 00:00:00,WX-MASTER,0.0,9.126,29.23,WEATHER_STATION,VALID
2025-05-08 01:00:00,WX-MASTER,0.0,9.206,27.47,WEATHER_STATION,VALID
2025-05-08 02:00:00,WX-MASTER,0.0,11.902,29.64,WEATHER_STATION,VALID
2025-05-08 03:00:00,WX-MASTER,0.0,11.411,29.16,WEATHER_STATION,VALID
2025-05-08 04:00:00,WX-MASTER,0.0,10.006,26.56,WEATHER_STATION,VALID
2025-05-08 05:00:00,WX-MASTER,0.0,10.328,26.95,WEATHER_STATION,VALID
2025-05-08 06:00:00,WX-MASTER,0.0,9.776,23.47,WEATHER_STATION,VALID
2025-05-08 07:00:00,WX-MASTER,0.2439,6.839,24.33,WEATHER_STATION,VALID
2025-05-08 08:00:00,WX-MASTER,0.4814,8.094,25.05,WEATHER_STATION,VALID
2025-05-08 09:00:00,WX-MASTER,0.6474,9.841,22.99,WEATHER_STATION,VALID
2025-05-08 10:00:00,WX-MASTER,0.7502,8.608,23.59,WEATHER_STATION,VALID
2025-05-08 11:00:00,WX-MASTER,0.8544,7.409,26.17,WEATHER_STATION,VALID
2025-05-08 12:00:00,WX-MASTER,1.0249,9.327,25.97,WEATHER_STATION,VALID
2025-05-08 13:00:00,WX-MASTER,0.9033,7.784,27.13,WEATHER_STATION,VALID
2025-05-08 14:00:00,WX-MASTER,0.9129,8.292,27.96,WEATHER_STATION,VALID
2025-05-08 15:00:00,WX-MASTER,0.6948,7.87,27.82,WEATHER_STATION,VALID
2025-05-08 16:00:00,WX-MASTER,0.4896,8.222,29.94,WEATHER_STATION,VALID
2025-05-08 17:00:00,WX-MASTER,0.2781,8.503,30.91,WEATHER_STATION,VALID
2025-05-08 18:00:00,WX-MASTER,0.0,9.625,30.78,WEATHER_STATION,VALID
2025-05-08 19:00:00,WX-MASTER,0.0,10.048,31.23,WEATHER_STATION,VALID
2025-05-08 20:00:00,WX-MASTER,0.0,7.864,31.71,WEATHER_STATION,VALID
2025-05-08 21:00:00,WX-MASTER,0.0,9.163,32.82,WEATHER_STATION,VALID
2025-05-08 22:00:00,WX-MASTER,0.0,10.576,31.37,WEATHER_STATION,VALID
2025-05-08 23:00:00,WX-MASTER,0.0,8.933,28.61,WEATHER_STATION,VALID
2025-05-09 00:00:00,WX-MASTER,0.0,7.529,28.75,WEATHER_STATION,VALID
2025-05-09 01:00:00,WX-MASTER,0.0,8.112,30.46,WEATHER_STATION,VALID
2025-05-09 02:00:00,WX-MASTER,0.0,8.196,27.61,WEATHER_STATION,VALID
2025-05-09 03:00:00,WX-MASTER,0.0,8.619,27.42,WEATHER_STATION,VALID
2025-05-09 04:00:00,WX-MASTER,0.0,8.109,28.99,WEATHER_STATION,VALID
2025-05-09 05:00:00,WX-MASTER,0.0,10.228,26.72,WEATHER_STATION,VALID
2025-05-09 06:00:00,WX-MASTER,0.0,8.302,22.82,WEATHER_STATION,VALID
2025-05-09 07:00:00,WX-MASTER,0.3096,10.047,26.79,WEATHER_STATION,VALID
2025-05-09 08:00:00,WX-MASTER,0.4805,6.677,25.11,WEATHER_STATION,VALID
2025-05-09 09:00:00,WX-MASTER,0.6015,7.437,25.5,WEATHER_STATION,VALID
2025-05-09 10:00:00,WX-MASTER,0.8293,7.809,25.77,WEATHER_STATION,VALID
2025-05-09 11:00:00,WX-MASTER,0.8355,8.546,27.05,WEATHER_STATION,VALID
2025-05-09 12:00:00,WX-MASTER,0.8644,8.854,26.59,WEATHER_STATION,VALID
2025-05-09 13:00:00,WX-MASTER,0.9556,6.605,25.75,WEATHER_STATION,VALID
2025-05-09 14:00:00,WX-MASTER,0.7083,8.602,28.82,WEATHER_STATION,VALID
2025-05-09 15:00:00,WX-MASTER,0.6164,5.197,27.68,WEATHER_STATION,VALID
2025-05-09 16:00:00,WX-MASTER,0.5142,8.652,32.36,WEATHER_STATION,VALID
2025-05-09 17:00:00,WX-MASTER,0.3072,5.964,30.47,WEATHER_STATION,VALID
2025-05-09 18:00:00,WX-MASTER,0.0,8.517,31.4,WEATHER_STATION,VALID
2025-05-09 19:00:00,WX-MASTER,0.0,9.658,31.0,WEATHER_STATION,VALID
2025-05-09 20:00:00,WX-MASTER,0.0,9.605,32.34,WEATHER_STATION,VALID
2025-05-09 21:00:00,WX-MASTER,0.0,6.571,32.36,WEATHER_STATION,VALID
2025-05-09 22:00:00,WX-MASTER,0.0,8.344,30.65,WEATHER_STATION,VALID
2025-05-09 23:00:00,WX-MASTER,0.0,10.038,31.45,WEATHER_STATION,VALID
2025-05-10 00:00:00,WX-MASTER,0.0,10.127,30.25,WEATHER_STATION,VALID
2025-05-10 01:00:00,WX-MASTER,0.0,9.652,29.2,WEATHER_STATION,VALID
2025-05-10 02:00:00,WX-MASTER,0.0,6.426,27.51,WEATHER_STATION,VALID
2025-05-10 03:00:00,WX-MASTER,0.0,10.772,30.29,WEATHER_STATION,VALID
2025-05-10 04:00:00,WX-MASTER,0.0,10.869,28.08,WEATHER_STATION,VALID
2025-05-10 05:00:00,WX-MASTER,0.0,9.104,26.81,WEATHER_STATION,VALID
2025-05-10 06:00:00,WX-MASTER,0.0,8.959,26.73,WEATHER_STATION,VALID
2025-05-10 07:00:00,WX-MASTER,0.31,9.062,25.39,WEATHER_STATION,VALID
2025-05-10 08:00:00,WX-MASTER,0.5025,10.046,24.49,WEATHER_STATION,VALID
2025-05-10 09:00:00,WX-MASTER,0.6868,8.223,21.86,WEATHER_STATION,VALID
2025-05-10 10:00:00,WX-MASTER,0.8762,7.425,23.92,WEATHER_STATION,VALID
2025-05-10 11:00:00,WX-MASTER,0.8986,7.989,28.54,WEATHER_STATION,VALID
2025-05-10 12:00:00,WX-MASTER,0.7846,7.353,28.06,WEATHER_STATION,VALID
2025-05-10 13:00:00,WX-MASTER,0.8086,7.306,27.75,WEATHER_STATION,VALID
2025-05-10 14:00:00,WX-MASTER,0.8306,5.016,26.52,WEATHER_STATION,VALID
2025-05-10 15:00:00,WX-MASTER,0.7717,8.064,30.08,WEATHER_STATION,VALID
2025-05-10 16:00:00,WX-MASTER,0.5717,9.043,29.83,WEATHER_STATION,VALID
2025-05-10 17:00:00,WX-MASTER,0.3018,9.035,31.73,WEATHER_STATION,VALID
2025-05-10 18:00:00,WX-MASTER,0.0,9.174,30.11,WEATHER_STATION,VALID
2025-05-10 19:00:00,WX-MASTER,0.0,8.122,31.21,WEATHER_STATION,VALID
2025-05-10 20:00:00,WX-MASTER,0.0,8.641,32.98,WEATHER_STATION,VALID
2025-05-10 21:00:00,WX-MASTER,0.0,10.251,34.11,WEATHER_STATION,VALID
2025-05-10 22:00:00,WX-MASTER,0.0,10.053,30.66,WEATHER_STATION,VALID
2025-05-10 23:00:00,WX-MASTER,0.0,11.038,29.69,WEATHER_STATION,VALID
2025-05-11 00:00:00,WX-MASTER,0.0,8.357,31.37,WEATHER_STATION,VALID
2025-05-11 01:00:00,WX-MASTER,0.0,8.411,27.79,WEATHER_STATION,VALID
2025-05-11 02:00:00,WX-MASTER,0.0,8.856,26.97,WEATHER_STATION,VALID
2025-05-11 03:00:00,WX-MASTER,0.0,7.989,27.81,WEATHER_STATION,VALID
2025-05-11 04:00:00,WX-MASTER,0.0,7.362,29.15,WEATHER_STATION,VALID
2025-05-11 05:00:00,WX-MASTER,0.0,9.5,24.9,WEATHER_STATION,VALID
2025-05-11 06:00:00,WX-MASTER,0.0,9.183,24.92,WEATHER_STATION,VALID
2025-05-11 07:00:00,WX-MASTER,0.2911,8.729,25.15,WEATHER_STATION,VALID
2025-05-11 08:00:00,WX-MASTER,0.4672,8.608,24.33,WEATHER_STATION,VALID
2025-05-11 09:00:00,WX-MASTER,0.7114,5.994,22.89,WEATHER_STATION,VALID
2025-05-11 10:00:00,WX-MASTER,0.8691,7.05,26.33,WEATHER_STATION,VALID
2025-05-11 11:00:00,WX-MASTER,0.823,7.112,26.14,WEATHER_STATION,VALID
2025-05-11 12:00:00,WX-MASTER,0.9173,7.431,27.09,WEATHER_STATION,VALID
2025-05-11 13:00:00,WX-MASTER,0.8274,5.408,27.32,WEATHER_STATION,VALID
2025-05-11 14:00:00,WX-MASTER,0.765,6.106,30.21,WEATHER_STATION,VALID
2025-05-11 15:00:00,WX-MASTER,0.6014,6.817,28.7,WEATHER_STATION,VALID
2025-05-11 16:00:00,WX-MASTER,0.5722,8.896,28.85,WEATHER_STATION,VALID
2025-05-11 17:00:00,WX-MASTER,0.3107,8.049,32.87,WEATHER_STATION,VALID
2025-05-11 18:00:00,WX-MASTER,0.0,9.266,28.79,WEATHER_STATION,VALID
2025-05-11 19:00:00,WX-MASTER,0.0,8.032,31.59,WEATHER_STATION,VALID
2025-05-11 20:00:00,WX-MASTER,0.0,8.453,31.8,WEATHER_STATION,VALID
2025-05-11 21:00:00,WX-MASTER,0.0,9.352,31.64,WEATHER_STATION,VALID
2025-05-11 22:00:00,WX-MASTER,0.0,8.696,29.56,WEATHER_STATION,VALID
2025-05-11 23:00:00,WX-MASTER,0.0,8.294,29.45,WEATHER_STATION,VALID
2025-05-12 00:00:00,WX-MASTER,0.0,7.295,31.27,WEATHER_STATION,VALID
2025-05-12 01:00:00,WX-MASTER,0.0,8.517,30.94,WEATHER_STATION,VALID
2025-05-12 02:00:00,WX-MASTER,0.0,10.375,27.87,WEATHER_STATION,VALID
2025-05-12 03:00:00,WX-MASTER,0.0,10.854,26.35,WEATHER_STATION,VALID
2025-05-12 04:00:00,WX-MASTER,0.0,8.075,24.48,WEATHER_STATION,VALID
2025-05-12 05:00:00,WX-MASTER,0.0,6.637,27.03,WEATHER_STATION,VALID
2025-05-12 06:00:00,WX-MASTER,0.0,9.867,26.54,WEATHER_STATION,VALID
2025-05-12 07:00:00,WX-MASTER,0.2517,8.499,21.62,WEATHER_STATION,VALID
2025-05-12 08:00:00,WX-MASTER,0.5301,6.397,21.97,WEATHER_STATION,VALID
2025-05-12 09:00:00,WX-MASTER,0.6749,3.853,25.16,WEATHER_STATION,VALID
2025-05-12 10:00:00,WX-MASTER,0.7585,6.421,25.66,WEATHER_STATION,VALID
2025-05-12 11:00:00,WX-MASTER,0.8136,6.892,25.33,WEATHER_STATION,VALID
2025-05-12 12:00:00,WX-MASTER,1.0309,5.871,26.59,WEATHER_STATION,VALID
2025-05-12 13:00:00,WX-MASTER,0.8625,8.205,27.17,WEATHER_STATION,VALID
2025-05-12 14:00:00,WX-MASTER,0.6844,6.255,28.41,WEATHER_STATION,VALID
2025-05-12 15:00:00,WX-MASTER,0.6334,7.401,28.2,WEATHER_STATION,VALID
2025-05-12 16:00:00,WX-MASTER,0.5044,10.606,30.11,WEATHER_STATION,VALID
2025-05-12 17:00:00,WX-MASTER,0.2954,7.861,30.04,WEATHER_STATION,VALID
2025-05-12 18:00:00,WX-MASTER,0.0,7.787,30.5,WEATHER_STATION,VALID
2025-05-12 19:00:00,WX-MASTER,0.0,8.07,29.52,WEATHER_STATION,VALID
2025-05-12 20:00:00,WX-MASTER,0.0,9.322,31.66,WEATHER_STATION,VALID
2025-05-12 21:00:00,WX-MASTER,0.0,9.411,32.72,WEATHER_STATION,VALID
2025-05-12 22:00:00,WX-MASTER,0.0,7.621,31.02,WEATHER_STATION,VALID
2025-05-12 23:00:00,WX-MASTER,0.0,8.572,30.43,WEATHER_STATION,VALID
2025-05-13 00:00:00,WX-MASTER,0.0,8.364,31.61,WEATHER_STATION,VALID
2025-05-13 01:00:00,WX-MASTER,0.0,8.926,30.49,WEATHER_STATION,VALID
2025-05-13 02:00:00,WX-MASTER,0.0,11.662,30.44,WEATHER_STATION,VALID
2025-05-13 03:00:00,WX-MASTER,0.0,10.017,30.16,WEATHER_STATION,VALID
2025-05-13 04:00:00,WX-MASTER,0.0,8.976,26.68,WEATHER_STATION,VALID
2025-05-13 05:00:00,WX-MASTER,0.0,10.509,24.49,WEATHER_STATION,VALID
2025-05-13 06:00:00,WX-MASTER,0.0,8.907,24.7,WEATHER_STATION,VALID
2025-05-13 07:00:00,WX-MASTER,0.2264,6.279,25.66,WEATHER_STATION,VALID
2025-05-13 08:00:00,WX-MASTER,0.5548,10.31,26.58,WEATHER_STATION,VALID
2025-05-13 09:00:00,WX-MASTER,0.6984,7.693,23.72,WEATHER_STATION,VALID
2025-05-13 10:00:00,WX-MASTER,0.8671,4.741,25.63,WEATHER_STATION,VALID
2025-05-13 11:00:00,WX-MASTER,0.9248,5.413,24.93,WEATHER_STATION,VALID
2025-05-13 12:00:00,WX-MASTER,0.5427,8.833,26.43,WEATHER_STATION,VALID
2025-05-13 13:00:00,WX-MASTER,0.7454,5.247,27.25,WEATHER_STATION,VALID
2025-05-13 14:00:00,WX-MASTER,0.7501,9.065,28.81,WEATHER_STATION,VALID
2025-05-13 15:00:00,WX-MASTER,0.727,7.489,31.7,WEATHER_STATION,VALID
2025-05-13 16:00:00,WX-MASTER,0.5454,8.448,30.67,WEATHER_STATION,VALID
2025-05-13 17:00:00,WX-MASTER,0.2382,7.374,30.31,WEATHER_STATION,VALID
2025-05-13 18:00:00,WX-MASTER,0.0,8.617,30.67,WEATHER_STATION,VALID
2025-05-13 19:00:00,WX-MASTER,0.0,8.602,31.51,WEATHER_STATION,VALID
2025-05-13 20:00:00,WX-MASTER,0.0,8.402,30.81,WEATHER_STATION,VALID
2025-05-13 21:00:00,WX-MASTER,0.0,7.317,31.9,WEATHER_STATION,VALID
2025-05-13 22:00:00,WX-MASTER,0.0,9.391,28.49,WEATHER_STATION,VALID
2025-05-13 23:00:00,WX-MASTER,0.0,6.744,30.58,WEATHER_STATION,VALID
2025-05-14 00:00:00,WX-MASTER,0.0,10.442,29.93,WEATHER_STATION,VALID
2025-05-14 01:00:00,WX-MASTER,0.0,9.549,27.85,WEATHER_STATION,VALID
2025-05-14 02:00:00,WX-MASTER,0.0,9.89,27.88,WEATHER_STATION,VALID
2025-05-14 03:00:00,WX-MASTER,0.0,5.812,28.77,WEATHER_STATION,VALID
2025-05-14 04:00:00,WX-MASTER,0.0,7.615,28.01,WEATHER_STATION,VALID
2025-05-14 05:00:00,WX-MASTER,0.0,8.232,25.22,WEATHER_STATION,VALID
2025-05-14 06:00:00,WX-MASTER,0.0,9.537,25.93,WEATHER_STATION,VALID
2025-05-14 07:00:00,WX-MASTER,0.2669,7.182,23.16,WEATHER_STATION,VALID
2025-05-14 08:00:00,WX-MASTER,0.4768,11.459,24.48,WEATHER_STATION,VALID
2025-05-14 09:00:00,WX-MASTER,0.7718,7.553,25.23,WEATHER_STATION,VALID
2025-05-14 10:00:00,WX-MASTER,0.7862,6.352,27.14,WEATHER_STATION,VALID
2025-05-14 11:00:00,WX-MASTER,0.9948,7.249,27.29,WEATHER_STATION,VALID
2025-05-14 12:00:00,WX-MASTER,0.9568,6.13,26.83,WEATHER_STATION,VALID
2025-05-14 13:00:00,WX-MASTER,0.8565,5.765,26.33,WEATHER_STATION,VALID
2025-05-14 14:00:00,WX-MASTER,0.8549,8.624,29.96,WEATHER_STATION,VALID
2025-05-14 15:00:00,WX-MASTER,0.7096,8.05,28.83,WEATHER_STATION,VALID
2025-05-14 16:00:00,WX-MASTER,0.5639,8.19,30.62,WEATHER_STATION,VALID
2025-05-14 17:00:00,WX-MASTER,0.263,9.367,30.66,WEATHER_STATION,VALID
2025-05-14 18:00:00,WX-MASTER,0.0,8.569,33.76,WEATHER_STATION,VALID
2025-05-14 19:00:00,WX-MASTER,0.0,6.802,30.98,WEATHER_STATION,VALID
2025-05-14 20:00:00,WX-MASTER,0.0,9.372,32.93,WEATHER_STATION,VALID
2025-05-14 21:00:00,WX-MASTER,0.0,7.237,31.61,WEATHER_STATION,VALID
2025-05-14 22:00:00,WX-MASTER,0.0,8.303,32.05,WEATHER_STATION,VALID
2025-05-14 23:00:00,WX-MASTER,0.0,9.046,32.75,WEATHER_STATION,VALID
2025-05-15 00:00:00,WX-MASTER,0.0,9.038,27.66,WEATHER_STATION,VALID
2025-05-15 01:00:00,WX-MASTER,0.0,6.963,29.14,WEATHER_STATION,VALID
2025-05-15 02:00:00,WX-MASTER,0.0,8.028,27.24,WEATHER_STATION,VALID
2025-05-15 03:00:00,WX-MASTER,0.0,9.183,27.94,WEATHER_STATION,VALID
2025-05-15 04:00:00,WX-MASTER,0.0,8.283,27.39,WEATHER_STATION,VALID
2025-05-15 05:00:00,WX-MASTER,0.0,10.353,25.27,WEATHER_STATION,VALID
2025-05-15 06:00:00,WX-MASTER,0.0,10.346,24.66,WEATHER_STATION,VALID
2025-05-15 07:00:00,WX-MASTER,0.2242,6.95,25.18,WEATHER_STATION,VALID
2025-05-15 08:00:00,WX-MASTER,0.5225,8.223,23.29,WEATHER_STATION,VALID
2025-05-15 09:00:00,WX-MASTER,0.6429,9.952,25.33,WEATHER_STATION,VALID
2025-05-15 10:00:00,WX-MASTER,0.7337,7.497,24.3,WEATHER_STATION,VALID
2025-05-15 11:00:00,WX-MASTER,0.884,6.962,26.72,WEATHER_STATION,VALID
2025-05-15 12:00:00,WX-MASTER,0.976,8.484,24.98,WEATHER_STATION,VALID
2025-05-15 13:00:00,WX-MASTER,0.751,6.947,26.73,WEATHER_STATION,VALID
2025-05-15 14:00:00,WX-MASTER,0.7744,8.961,27.41,WEATHER_STATION,VALID
2025-05-15 15:00:00,WX-MASTER,0.7751,6.609,28.86,WEATHER_STATION,VALID
2025-05-15 16:00:00,WX-MASTER,0.4498,6.9,31.71,WEATHER_STATION,VALID
2025-05-15 17:00:00,WX-MASTER,0.3059,8.733,31.8,WEATHER_STATION,VALID
2025-05-15 18:00:00,WX-MASTER,0.0,8.066,30.77,WEATHER_STATION,VALID
2025-05-15 19:00:00,WX-MASTER,0.0,8.329,31.12,WEATHER_STATION,VALID
2025-05-15 20:00:00,WX-MASTER,0.0,5.967,32.88,WEATHER_STATION,VALID
2025-05-15 21:00:00,WX-MASTER,0.0,8.241,30.3,WEATHER_STATION,VALID
2025-05-15 22:00:00,WX-MASTER,0.0,10.047,31.37,WEATHER_STATION,VALID
2025-05-15 23:00:00,WX-MASTER,0.0,8.085,30.06,WEATHER_STATION,VALID
2025-05-16 00:00:00,WX-MASTER,0.0,10.139,29.84,WEATHER_STATION,VALID
2025-05-16 01:00:00,WX-MASTER,0.0,9.638,30.17,WEATHER_STATION,VALID
2025-05-16 02:00:00,WX-MASTER,0.0,9.024,27.49,WEATHER_STATION,VALID
2025-05-16 03:00:00,WX-MASTER,0.0,10.976,28.55,WEATHER_STATION,VALID
2025-05-16 04:00:00,WX-MASTER,0.0,8.634,29.18,WEATHER_STATION,VALID
2025-05-16 05:00:00,WX-MASTER,0.0,8.536,26.54,WEATHER_STATION,VALID
2025-05-16 06:00:00,WX-MASTER,0.0,8.384,25.16,WEATHER_STATION,VALID
2025-05-16 07:00:00,WX-MASTER,0.2393,8.509,26.3,WEATHER_STATION,VALID
2025-05-16 08:00:00,WX-MASTER,0.5567,9.14,23.46,WEATHER_STATION,VALID
2025-05-16 09:00:00,WX-MASTER,0.7009,5.979,26.74,WEATHER_STATION,VALID
2025-05-16 10:00:00,WX-MASTER,0.915,8.798,24.36,WEATHER_STATION,VALID
2025-05-16 11:00:00,WX-MASTER,0.8864,7.578,28.42,WEATHER_STATION,VALID
2025-05-16 12:00:00,WX-MASTER,0.7777,8.084,25.68,WEATHER_STATION,VALID
2025-05-16 13:00:00,WX-MASTER,0.9832,10.411,28.18,WEATHER_STATION,VALID
2025-05-16 14:00:00,WX-MASTER,0.7819,6.642,26.42,WEATHER_STATION,VALID
2025-05-16 15:00:00,WX-MASTER,0.7124,5.788,28.94,WEATHER_STATION,VALID
2025-05-16 16:00:00,WX-MASTER,0.2125,7.768,28.75,WEATHER_STATION,VALID
2025-05-16 17:00:00,WX-MASTER,0.3161,8.162,29.04,WEATHER_STATION,VALID
2025-05-16 18:00:00,WX-MASTER,0.0,9.066,32.77,WEATHER_STATION,VALID
2025-05-16 19:00:00,WX-MASTER,0.0,7.487,30.2,WEATHER_STATION,VALID
2025-05-16 20:00:00,WX-MASTER,0.0,7.369,30.91,WEATHER_STATION,VALID
2025-05-16 21:00:00,WX-MASTER,0.0,6.706,30.65,WEATHER_STATION,VALID
2025-05-16 22:00:00,WX-MASTER,0.0,7.144,32.69,WEATHER_STATION,VALID
2025-05-16 23:00:00,WX-MASTER,0.0,8.561,31.99,WEATHER_STATION,VALID
2025-05-17 00:00:00,WX-MASTER,0.0,9.074,31.54,WEATHER_STATION,VALID
2025-05-17 01:00:00,WX-MASTER,0.0,11.972,28.23,WEATHER_STATION,VALID
2025-05-17 02:00:00,WX-MASTER,0.0,7.082,29.89,WEATHER_STATION,VALID
2025-05-17 03:00:00,WX-MASTER,0.0,9.645,26.41,WEATHER_STATION,VALID
2025-05-17 04:00:00,WX-MASTER,0.0,8.13,25.61,WEATHER_STATION,VALID
2025-05-17 05:00:00,WX-MASTER,0.0,9.175,24.96,WEATHER_STATION,VALID
2025-05-17 06:00:00,WX-MASTER,0.0,7.937,24.44,WEATHER_STATION,VALID
2025-05-17 07:00:00,WX-MASTER,0.2703,9.748,24.78,WEATHER_STATION,VALID
2025-05-17 08:00:00,WX-MASTER,0.4997,9.479,23.76,WEATHER_STATION,VALID
2025-05-17 09:00:00,WX-MASTER,0.6598,7.744,25.17,WEATHER_STATION,VALID
2025-05-17 10:00:00,WX-MASTER,0.647,9.538,22.11,WEATHER_STATION,VALID
2025-05-17 11:00:00,WX-MASTER,0.7829,8.475,26.07,WEATHER_STATION,VALID
2025-05-17 12:00:00,WX-MASTER,1.0117,9.172,25.21,WEATHER_STATION,VALID
2025-05-17 13:00:00,WX-MASTER,0.6892,7.243,26.56,WEATHER_STATION,VALID
2025-05-17 14:00:00,WX-MASTER,0.7479,8.543,27.5,WEATHER_STATION,VALID
2025-05-17 15:00:00,WX-MASTER,0.6581,6.38,30.31,WEATHER_STATION,VALID
2025-05-17 16:00:00,WX-MASTER,0.5751,6.383,30.63,WEATHER_STATION,VALID
2025-05-17 17:00:00,WX-MASTER,0.3033,10.536,30.55,WEATHER_STATION,VALID
2025-05-17 18:00:00,WX-MASTER,0.0,6.52,30.44,WEATHER_STATION,VALID
2025-05-17 19:00:00,WX-MASTER,0.0,7.618,32.59,WEATHER_STATION,VALID
2025-05-17 20:00:00,WX-MASTER,0.0,5.978,33.92,WEATHER_STATION,VALID
2025-05-17 21:00:00,WX-MASTER,0.0,,31.62,WEATHER_STATION,VALID
2025-05-17 22:00:00,WX-MASTER,0.0,7.627,29.38,WEATHER_STATION,VALID
2025-05-17 23:00:00,WX-MASTER,0.0,8.229,29.9,WEATHER_STATION,VALID
2025-05-18 00:00:00,WX-MASTER,0.0,9.613,30.67,WEATHER_STATION,VALID
2025-05-18 01:00:00,WX-MASTER,0.0,9.989,28.62,WEATHER_STATION,VALID
2025-05-18 02:00:00,WX-MASTER,0.0,7.971,27.22,WEATHER_STATION,VALID
2025-05-18 03:00:00,WX-MASTER,0.0,8.18,26.26,WEATHER_STATION,VALID
2025-05-18 04:00:00,WX-MASTER,0.0,10.48,26.61,WEATHER_STATION,VALID
2025-05-18 05:00:00,WX-MASTER,0.0,11.099,23.93,WEATHER_STATION,VALID
2025-05-18 06:00:00,WX-MASTER,0.0,10.286,25.18,WEATHER_STATION,VALID
2025-05-18 07:00:00,WX-MASTER,0.2991,6.26,24.97,WEATHER_STATION,VALID
2025-05-18 08:00:00,WX-MASTER,0.534,9.685,24.21,WEATHER_STATION,VALID
2025-05-18 09:00:00,WX-MASTER,0.6837,10.298,23.62,WEATHER_STATION,VALID
2025-05-18 10:00:00,WX-MASTER,0.7769,5.461,26.44,WEATHER_STATION,VALID
2025-05-18 11:00:00,WX-MASTER,0.9067,8.892,24.17,WEATHER_STATION,VALID
2025-05-18 12:00:00,WX-MASTER,0.9719,7.652,26.71,WEATHER_STATION,VALID
2025-05-18 13:00:00,WX-MASTER,1.0072,6.872,28.22,WEATHER_STATION,VALID
2025-05-18 14:00:00,WX-MASTER,0.8981,7.441,28.44,WEATHER_STATION,VALID
2025-05-18 15:00:00,WX-MASTER,0.7604,7.952,30.63,WEATHER_STATION,VALID
2025-05-18 16:00:00,WX-MASTER,0.5756,9.016,28.64,WEATHER_STATION,VALID
2025-05-18 17:00:00,WX-MASTER,0.2959,9.138,29.77,WEATHER_STATION,VALID
2025-05-18 18:00:00,WX-MASTER,0.0,5.97,30.73,WEATHER_STATION,VALID
2025-05-18 19:00:00,WX-MASTER,0.0,7.339,35.58,WEATHER_STATION,VALID
2025-05-18 20:00:00,WX-MASTER,0.0,8.565,32.36,WEATHER_STATION,VALID
2025-05-18 21:00:00,WX-MASTER,0.0,10.738,32.46,WEATHER_STATION,VALID
2025-05-18 22:00:00,WX-MASTER,0.0,5.371,32.06,WEATHER_STATION,VALID
2025-05-18 23:00:00,WX-MASTER,0.0,8.304,30.82,WEATHER_STATION,VALID
2025-05-19 00:00:00,WX-MASTER,0.0,7.234,31.23,WEATHER_STATION,VALID
2025-05-19 01:00:00,WX-MASTER,0.0,7.502,26.89,WEATHER_STATION,VALID
2025-05-19 02:00:00,WX-MASTER,0.0,10.558,28.56,WEATHER_STATION,VALID
2025-05-19 03:00:00,WX-MASTER,0.0,8.512,27.83,WEATHER_STATION,VALID
2025-05-19 04:00:00,WX-MASTER,0.0,6.034,27.7,WEATHER_STATION,VALID
2025-05-19 05:00:00,WX-MASTER,0.0,8.674,24.36,WEATHER_STATION,VALID
2025-05-19 06:00:00,WX-MASTER,0.0,11.297,23.9,WEATHER_STATION,VALID
2025-05-19 07:00:00,WX-MASTER,0.3039,6.049,23.62,WEATHER_STATION,VALID
2025-05-19 08:00:00,WX-MASTER,0.4221,8.829,25.35,WEATHER_STATION,VALID
2025-05-19 09:00:00,WX-MASTER,0.6655,9.924,25.49,WEATHER_STATION,VALID
2025-05-19 10:00:00,WX-MASTER,0.8308,7.598,24.05,WEATHER_STATION,VALID
2025-05-19 11:00:00,WX-MASTER,0.9676,9.988,28.05,WEATHER_STATION,VALID
2025-05-19 12:00:00,WX-MASTER,1.0082,6.499,26.82,WEATHER_STATION,VALID
2025-05-19 13:00:00,WX-MASTER,0.9201,9.174,27.47,WEATHER_STATION,VALID
2025-05-19 14:00:00,WX-MASTER,0.8676,8.873,27.98,WEATHER_STATION,VALID
2025-05-19 15:00:00,WX-MASTER,0.6935,7.331,30.25,WEATHER_STATION,VALID
2025-05-19 16:00:00,WX-MASTER,0.4732,5.575,30.44,WEATHER_STATION,VALID
2025-05-19 17:00:00,WX-MASTER,0.2727,6.395,32.97,WEATHER_STATION,VALID
2025-05-19 18:00:00,WX-MASTER,0.0,4.879,29.8,WEATHER_STATION,VALID
2025-05-19 19:00:00,WX-MASTER,0.0,8.952,29.75,WEATHER_STATION,VALID
2025-05-19 20:00:00,WX-MASTER,0.0,9.057,30.84,WEATHER_STATION,VALID
2025-05-19 21:00:00,WX-MASTER,0.0,8.794,32.27,WEATHER_STATION,VALID
2025-05-19 22:00:00,WX-MASTER,0.0,8.755,30.74,WEATHER_STATION,VALID
2025-05-19 23:00:00,WX-MASTER,0.0,10.86,32.23,WEATHER_STATION,VALID
2025-05-20 00:00:00,WX-MASTER,0.0,9.604,29.48,WEATHER_STATION,VALID
2025-05-20 01:00:00,WX-MASTER,0.0,8.558,30.41,WEATHER_STATION,VALID
2025-05-20 02:00:00,WX-MASTER,0.0,9.465,27.21,WEATHER_STATION,VALID
2025-05-20 03:00:00,WX-MASTER,0.0,11.862,28.72,WEATHER_STATION,VALID
2025-05-20 04:00:00,WX-MASTER,0.0,9.874,28.1,WEATHER_STATION,VALID
2025-05-20 05:00:00,WX-MASTER,0.0,8.37,25.05,WEATHER_STATION,VALID
2025-05-20 06:00:00,WX-MASTER,0.0,8.59,25.76,WEATHER_STATION,VALID
2025-05-20 07:00:00,WX-MASTER,0.3044,8.996,25.14,WEATHER_STATION,VALID
2025-05-20 08:00:00,WX-MASTER,0.4299,7.586,25.32,WEATHER_STATION,VALID
2025-05-20 09:00:00,WX-MASTER,0.672,7.22,26.36,WEATHER_STATION,VALID
2025-05-20 10:00:00,WX-MASTER,0.8394,7.645,26.34,WEATHER_STATION,VALID
2025-05-20 11:00:00,WX-MASTER,0.9105,9.454,26.34,WEATHER_STATION,VALID
2025-05-20 12:00:00,WX-MASTER,0.9723,8.382,27.25,WEATHER_STATION,VALID
2025-05-20 13:00:00,WX-MASTER,0.8054,6.759,25.77,WEATHER_STATION,VALID
2025-05-20 14:00:00,WX-MASTER,0.8226,8.427,28.15,WEATHER_STATION,VALID
2025-05-20 15:00:00,WX-MASTER,0.7204,7.381,27.79,WEATHER_STATION,VALID
2025-05-20 16:00:00,WX-MASTER,0.5559,7.953,29.93,WEATHER_STATION,VALID
2025-05-20 17:00:00,WX-MASTER,0.2565,8.024,32.02,WEATHER_STATION,VALID
2025-05-20 18:00:00,WX-MASTER,0.0,5.18,31.23,WEATHER_STATION,VALID
2025-05-20 19:00:00,WX-MASTER,0.0,4.215,28.58,WEATHER_STATION,VALID
2025-05-20 20:00:00,WX-MASTER,0.0,8.732,30.45,WEATHER_STATION,VALID
2025-05-20 21:00:00,WX-MASTER,0.0,7.579,32.28,WEATHER_STATION,VALID
2025-05-20 22:00:00,WX-MASTER,0.0,6.78,30.59,WEATHER_STATION,VALID
2025-05-20 23:00:00,WX-MASTER,0.0,8.023,31.62,WEATHER_STATION,VALID
2025-05-21 00:00:00,WX-MASTER,0.0,10.416,28.48,WEATHER_STATION,VALID
2025-05-21 01:00:00,WX-MASTER,0.0,9.741,29.54,WEATHER_STATION,VALID
2025-05-21 02:00:00,WX-MASTER,0.0,10.273,28.7,WEATHER_STATION,VALID
2025-05-21 03:00:00,WX-MASTER,0.0,9.786,28.22,WEATHER_STATION,VALID
2025-05-21 04:00:00,WX-MASTER,0.0,7.867,25.64,WEATHER_STATION,VALID
2025-05-21 05:00:00,WX-MASTER,0.0,9.882,26.64,WEATHER_STATION,VALID
2025-05-21 06:00:00,WX-MASTER,0.0,9.406,26.96,WEATHER_STATION,VALID
2025-05-21 07:00:00,WX-MASTER,0.2724,8.238,22.07,WEATHER_STATION,VALID
2025-05-21 08:00:00,WX-MASTER,0.5276,8.206,24.74,WEATHER_STATION,VALID
2025-05-21 09:00:00,WX-MASTER,0.699,8.909,22.63,WEATHER_STATION,VALID
2025-05-21 10:00:00,WX-MASTER,0.795,6.681,24.12,WEATHER_STATION,VALID
2025-05-21 11:00:00,WX-MASTER,0.7464,8.889,24.77,WEATHER_STATION,VALID
2025-05-21 12:00:00,WX-MASTER,0.7736,8.084,26.35,WEATHER_STATION,VALID
2025-05-21 13:00:00,WX-MASTER,0.838,7.291,27.73,WEATHER_STATION,VALID
2025-05-21 14:00:00,WX-MASTER,0.8167,9.284,29.27,WEATHER_STATION,VALID
2025-05-21 15:00:00,WX-MASTER,0.6446,5.684,29.4,WEATHER_STATION,VALID
2025-05-21 16:00:00,WX-MASTER,0.5453,6.904,30.74,WEATHER_STATION,VALID
2025-05-21 17:00:00,WX-MASTER,0.2726,6.804,29.36,WEATHER_STATION,VALID
2025-05-21 18:00:00,WX-MASTER,0.0,8.385,32.48,WEATHER_STATION,VALID
2025-05-21 19:00:00,WX-MASTER,0.0,9.71,27.61,WEATHER_STATION,VALID
2025-05-21 20:00:00,WX-MASTER,0.0,7.156,33.51,WEATHER_STATION,VALID
2025-05-21 21:00:00,WX-MASTER,0.0,12.982,33.18,WEATHER_STATION,VALID
2025-05-21 22:00:00,WX-MASTER,0.0,8.046,32.11,WEATHER_STATION,VALID
2025-05-21 23:00:00,WX-MASTER,0.0,9.557,33.33,WEATHER_STATION,VALID
2025-05-22 00:00:00,WX-MASTER,0.0,9.213,27.74,WEATHER_STATION,VALID
2025-05-22 01:00:00,WX-MASTER,0.0,9.332,30.0,WEATHER_STATION,VALID
2025-05-22 02:00:00,WX-MASTER,0.0,8.236,28.32,WEATHER_STATION,VALID
2025-05-22 03:00:00,WX-MASTER,0.0,10.581,27.54,WEATHER_STATION,VALID
2025-05-22 04:00:00,WX-MASTER,0.0,7.948,25.01,WEATHER_STATION,VALID
2025-05-22 05:00:00,WX-MASTER,0.0,6.569,26.15,WEATHER_STATION,VALID
2025-05-22 06:00:00,WX-MASTER,0.0,7.182,25.54,WEATHER_STATION,VALID
2025-05-22 07:00:00,WX-MASTER,0.229,10.265,23.95,WEATHER_STATION,VALID
2025-05-22 08:00:00,WX-MASTER,0.4675,9.751,24.57,WEATHER_STATION,VALID
2025-05-22 09:00:00,WX-MASTER,0.6125,5.266,23.2,WEATHER_STATION,VALID
2025-05-22 10:00:00,WX-MASTER,0.8694,8.71,24.65,WEATHER_STATION,VALID
2025-05-22 11:00:00,WX-MASTER,0.9526,4.895,26.83,WEATHER_STATION,VALID
2025-05-22 12:00:00,WX-MASTER,0.8309,7.31,27.58,WEATHER_STATION,VALID
2025-05-22 13:00:00,WX-MASTER,0.8697,5.714,28.17,WEATHER_STATION,VALID
2025-05-22 14:00:00,WX-MASTER,0.6546,8.447,29.31,WEATHER_STATION,VALID
2025-05-22 15:00:00,WX-MASTER,0.6535,8.084,30.23,WEATHER_STATION,VALID
2025-05-22 16:00:00,WX-MASTER,0.5332,8.771,29.13,WEATHER_STATION,VALID
2025-05-22 17:00:00,WX-MASTER,0.3061,7.303,31.04,WEATHER_STATION,VALID
2025-05-22 18:00:00,WX-MASTER,0.0,7.667,32.49,WEATHER_STATION,VALID
2025-05-22 19:00:00,WX-MASTER,0.0,6.22,29.88,WEATHER_STATION,VALID
2025-05-22 20:00:00,WX-MASTER,0.0,7.09,29.99,WEATHER_STATION,VALID
2025-05-22 21:00:00,WX-MASTER,0.0,9.914,29.81,WEATHER_STATION,VALID
2025-05-22 22:00:00,WX-MASTER,0.0,9.381,29.04,WEATHER_STATION,VALID
2025-05-22 23:00:00,WX-MASTER,0.0,9.22,29.37,WEATHER_STATION,VALID
2025-05-23 00:00:00,WX-MASTER,0.0,10.846,29.25,WEATHER_STATION,VALID
2025-05-23 01:00:00,WX-MASTER,0.0,7.577,30.85,WEATHER_STATION,VALID
2025-05-23 02:00:00,WX-MASTER,0.0,10.198,27.61,WEATHER_STATION,VALID
2025-05-23 03:00:00,WX-MASTER,0.0,7.656,25.41,WEATHER_STATION,VALID
2025-05-23 04:00:00,WX-MASTER,0.0,10.975,26.58,WEATHER_STATION,VALID
2025-05-23 05:00:00,WX-MASTER,0.0,9.573,25.43,WEATHER_STATION,VALID
2025-05-23 06:00:00,WX-MASTER,0.0,9.89,24.16,WEATHER_STATION,VALID
2025-05-23 07:00:00,WX-MASTER,0.2834,7.47,24.04,WEATHER_STATION,VALID
2025-05-23 08:00:00,WX-MASTER,0.518,10.958,25.91,WEATHER_STATION,VALID
2025-05-23 09:00:00,WX-MASTER,0.7608,10.469,23.06,WEATHER_STATION,VALID
2025-05-23 10:00:00,WX-MASTER,0.8306,8.207,23.1,WEATHER_STATION,VALID
2025-05-23 11:00:00,WX-MASTER,1.0109,8.995,26.22,WEATHER_STATION,VALID
2025-05-23 12:00:00,WX-MASTER,0.9217,6.949,25.65,WEATHER_STATION,VALID
2025-05-23 13:00:00,WX-MASTER,0.8842,5.63,29.09,WEATHER_STATION,VALID
2025-05-23 14:00:00,WX-MASTER,0.9123,8.32,27.95,WEATHER_STATION,VALID
2025-05-23 15:00:00,WX-MASTER,0.618,6.163,28.92,WEATHER_STATION,VALID
2025-05-23 16:00:00,WX-MASTER,0.5776,9.197,30.83,WEATHER_STATION,VALID
2025-05-23 17:00:00,WX-MASTER,0.2927,9.044,28.6,WEATHER_STATION,VALID
2025-05-23 18:00:00,WX-MASTER,0.0,8.217,31.57,WEATHER_STATION,VALID
2025-05-23 19:00:00,WX-MASTER,0.0,8.398,31.07,WEATHER_STATION,VALID
2025-05-23 20:00:00,WX-MASTER,0.0,9.712,32.86,WEATHER_STATION,VALID
2025-05-23 21:00:00,WX-MASTER,0.0,9.033,30.74,WEATHER_STATION,VALID
2025-05-23 22:00:00,WX-MASTER,0.0,8.374,31.38,WEATHER_STATION,VALID
2025-05-23 23:00:00,WX-MASTER,0.0,7.111,30.18,WEATHER_STATION,VALID
2025-05-24 00:00:00,WX-MASTER,0.0,10.447,30.35,WEATHER_STATION,VALID
2025-05-24 01:00:00,WX-MASTER,0.0,9.739,28.71,WEATHER_STATION,VALID
2025-05-24 02:00:00,WX-MASTER,0.0,12.84,28.42,WEATHER_STATION,VALID
2025-05-24 03:00:00,WX-MASTER,0.0,9.059,29.31,WEATHER_STATION,VALID
2025-05-24 04:00:00,WX-MASTER,0.0,9.441,26.01,WEATHER_STATION,VALID
2025-05-24 05:00:00,WX-MASTER,0.0,9.283,26.12,WEATHER_STATION,VALID
2025-05-24 06:00:00,WX-MASTER,0.0,9.477,27.82,WEATHER_STATION,VALID
2025-05-24 07:00:00,WX-MASTER,0.3179,7.121,25.19,WEATHER_STATION,VALID
2025-05-24 08:00:00,WX-MASTER,0.578,8.016,21.69,WEATHER_STATION,VALID
2025-05-24 09:00:00,WX-MASTER,0.6946,8.942,23.93,WEATHER_STATION,VALID
2025-05-24 10:00:00,WX-MASTER,0.8248,7.21,23.63,WEATHER_STATION,VALID
2025-05-24 11:00:00,WX-MASTER,0.8599,8.49,26.74,WEATHER_STATION,VALID
2025-05-24 12:00:00,WX-MASTER,1.0311,7.463,26.24,WEATHER_STATION,VALID
2025-05-24 13:00:00,WX-MASTER,0.8642,7.797,28.48,WEATHER_STATION,VALID
2025-05-24 14:00:00,WX-MASTER,0.782,8.777,28.84,WEATHER_STATION,VALID
2025-05-24 15:00:00,WX-MASTER,0.3821,7.058,29.74,WEATHER_STATION,VALID
2025-05-24 16:00:00,WX-MASTER,0.4823,5.602,28.39,WEATHER_STATION,VALID
2025-05-24 17:00:00,WX-MASTER,0.2804,7.331,31.19,WEATHER_STATION,VALID
2025-05-24 18:00:00,WX-MASTER,0.0,6.833,32.78,WEATHER_STATION,VALID
2025-05-24 19:00:00,WX-MASTER,0.0,5.397,29.75,WEATHER_STATION,VALID
2025-05-24 20:00:00,WX-MASTER,0.0,8.282,31.23,WEATHER_STATION,VALID
2025-05-24 21:00:00,WX-MASTER,0.0,8.93,31.91,WEATHER_STATION,VALID
2025-05-24 22:00:00,WX-MASTER,0.0,10.222,31.26,WEATHER_STATION,VALID
2025-05-24 23:00:00,WX-MASTER,0.0,7.594,32.31,WEATHER_STATION,VALID
2025-05-25 00:00:00,WX-MASTER,0.0,9.311,30.71,WEATHER_STATION,VALID
2025-05-25 01:00:00,WX-MASTER,0.0,10.724,29.48,WEATHER_STATION,VALID
2025-05-25 02:00:00,WX-MASTER,0.0,8.505,29.06,WEATHER_STATION,VALID
2025-05-25 03:00:00,WX-MASTER,0.0,9.876,28.09,WEATHER_STATION,VALID
2025-05-25 04:00:00,WX-MASTER,0.0,11.121,26.38,WEATHER_STATION,VALID
2025-05-25 05:00:00,WX-MASTER,0.0,6.434,25.18,WEATHER_STATION,VALID
2025-05-25 06:00:00,WX-MASTER,0.0,8.981,26.24,WEATHER_STATION,VALID
2025-05-25 07:00:00,WX-MASTER,0.2399,9.884,23.81,WEATHER_STATION,VALID
2025-05-25 08:00:00,WX-MASTER,0.5394,7.656,24.5,WEATHER_STATION,VALID
2025-05-25 09:00:00,WX-MASTER,0.7808,9.664,23.31,WEATHER_STATION,VALID
2025-05-25 10:00:00,WX-MASTER,0.9254,8.462,25.93,WEATHER_STATION,VALID
2025-05-25 11:00:00,WX-MASTER,0.3737,9.757,27.09,WEATHER_STATION,VALID
2025-05-25 12:00:00,WX-MASTER,1.0411,8.089,25.21,WEATHER_STATION,VALID
2025-05-25 13:00:00,WX-MASTER,0.9868,9.678,26.99,WEATHER_STATION,VALID
2025-05-25 14:00:00,WX-MASTER,0.6835,7.665,27.51,WEATHER_STATION,VALID
2025-05-25 15:00:00,WX-MASTER,0.669,5.57,30.28,WEATHER_STATION,VALID
2025-05-25 16:00:00,WX-MASTER,0.5726,6.664,31.53,WEATHER_STATION,VALID
2025-05-25 17:00:00,WX-MASTER,0.2984,8.996,29.98,WEATHER_STATION,VALID
2025-05-25 18:00:00,WX-MASTER,0.0,9.2,27.4,WEATHER_STATION,VALID
2025-05-25 19:00:00,WX-MASTER,0.0,7.751,32.85,WEATHER_STATION,VALID
2025-05-25 20:00:00,WX-MASTER,0.0,10.762,31.64,WEATHER_STATION,VALID
2025-05-25 21:00:00,WX-MASTER,0.0,8.206,31.52,WEATHER_STATION,VALID
2025-05-25 22:00:00,WX-MASTER,0.0,9.49,32.27,WEATHER_STATION,VALID
2025-05-25 23:00:00,WX-MASTER,0.0,9.635,30.12,WEATHER_STATION,VALID
2025-05-26 00:00:00,WX-MASTER,0.0,7.461,29.05,WEATHER_STATION,VALID
2025-05-26 01:00:00,WX-MASTER,0.0,9.109,28.54,WEATHER_STATION,VALID
2025-05-26 02:00:00,WX-MASTER,0.0,12.341,28.64,WEATHER_STATION,VALID
2025-05-26 03:00:00,WX-MASTER,0.0,7.975,28.21,WEATHER_STATION,VALID
2025-05-26 04:00:00,WX-MASTER,0.0,9.851,28.27,WEATHER_STATION,VALID
2025-05-26 05:00:00,WX-MASTER,0.0,7.349,26.07,WEATHER_STATION,VALID
2025-05-26 06:00:00,WX-MASTER,0.0,7.408,24.85,WEATHER_STATION,VALID
2025-05-26 07:00:00,WX-MASTER,0.29,6.529,25.74,WEATHER_STATION,VALID
2025-05-26 08:00:00,WX-MASTER,0.5175,9.33,23.39,WEATHER_STATION,VALID
2025-05-26 09:00:00,WX-MASTER,0.6743,6.723,26.38,WEATHER_STATION,VALID
2025-05-26 10:00:00,WX-MASTER,0.7132,9.28,25.28,WEATHER_STATION,VALID
2025-05-26 11:00:00,WX-MASTER,0.8049,6.761,25.31,WEATHER_STATION,VALID
2025-05-26 12:00:00,WX-MASTER,0.8947,7.493,25.15,WEATHER_STATION,VALID
2025-05-26 13:00:00,WX-MASTER,0.9203,7.799,27.9,WEATHER_STATION,VALID
2025-05-26 14:00:00,WX-MASTER,0.926,5.168,27.72,WEATHER_STATION,VALID
2025-05-26 15:00:00,WX-MASTER,0.6889,7.608,28.85,WEATHER_STATION,VALID
2025-05-26 16:00:00,WX-MASTER,0.5679,7.933,27.8,WEATHER_STATION,VALID
2025-05-26 17:00:00,WX-MASTER,0.3146,9.149,30.01,WEATHER_STATION,VALID
2025-05-26 18:00:00,WX-MASTER,0.0,6.649,30.41,WEATHER_STATION,VALID
2025-05-26 19:00:00,WX-MASTER,0.0,7.087,31.94,WEATHER_STATION,VALID
2025-05-26 20:00:00,WX-MASTER,0.0,9.268,31.24,WEATHER_STATION,VALID
2025-05-26 21:00:00,WX-MASTER,0.0,10.497,28.26,WEATHER_STATION,VALID
2025-05-26 22:00:00,WX-MASTER,0.0,8.114,30.59,WEATHER_STATION,VALID
2025-05-26 23:00:00,WX-MASTER,0.0,7.459,28.79,WEATHER_STATION,VALID
2025-05-27 00:00:00,WX-MASTER,0.0,8.773,28.53,WEATHER_STATION,VALID
2025-05-27 01:00:00,WX-MASTER,0.0,7.929,30.14,WEATHER_STATION,VALID
2025-05-27 02:00:00,WX-MASTER,0.0,9.758,26.01,WEATHER_STATION,VALID
2025-05-27 03:00:00,WX-MASTER,0.0,7.764,27.48,WEATHER_STATION,VALID
2025-05-27 04:00:00,WX-MASTER,0.0,10.297,25.67,WEATHER_STATION,VALID
2025-05-27 05:00:00,WX-MASTER,0.0,9.12,24.72,WEATHER_STATION,VALID
2025-05-27 06:00:00,WX-MASTER,0.0,9.92,23.83,WEATHER_STATION,VALID
2025-05-27 07:00:00,WX-MASTER,0.2398,5.211,25.04,WEATHER_STATION,VALID
2025-05-27 08:00:00,WX-MASTER,0.4784,5.815,25.05,WEATHER_STATION,VALID
2025-05-27 09:00:00,WX-MASTER,0.7725,9.53,22.58,WEATHER_STATION,VALID
2025-05-27 10:00:00,WX-MASTER,0.8521,6.691,26.38,WEATHER_STATION,VALID
2025-05-27 11:00:00,WX-MASTER,0.8682,5.54,24.13,WEATHER_STATION,VALID
2025-05-27 12:00:00,WX-MASTER,0.9675,7.057,26.75,WEATHER_STATION,VALID
2025-05-27 13:00:00,WX-MASTER,0.8918,7.573,25.71,WEATHER_STATION,VALID
2025-05-27 14:00:00,WX-MASTER,0.8217,7.059,27.48,WEATHER_STATION,VALID
2025-05-27 15:00:00,WX-MASTER,0.7413,7.946,27.4,WEATHER_STATION,VALID
2025-05-27 16:00:00,WX-MASTER,0.207,7.905,29.15,WEATHER_STATION,VALID
2025-05-27 17:00:00,WX-MASTER,0.2833,8.025,30.27,WEATHER_STATION,VALID
2025-05-27 18:00:00,WX-MASTER,0.0,9.643,29.68,WEATHER_STATION,VALID
2025-05-27 19:00:00,WX-MASTER,0.0,8.125,31.79,WEATHER_STATION,VALID
2025-05-27 20:00:00,WX-MASTER,0.0,8.348,32.07,WEATHER_STATION,VALID
2025-05-27 21:00:00,WX-MASTER,0.0,9.699,34.66,WEATHER_STATION,VALID
2025-05-27 22:00:00,WX-MASTER,0.0,9.597,32.18,WEATHER_STATION,VALID
2025-05-27 23:00:00,WX-MASTER,0.0,7.885,31.92,WEATHER_STATION,VALID
2025-05-28 00:00:00,WX-MASTER,0.0,9.059,27.63,WEATHER_STATION,VALID
2025-05-28 01:00:00,WX-MASTER,0.0,9.81,26.56,WEATHER_STATION,VALID
2025-05-28 02:00:00,WX-MASTER,0.0,8.472,27.65,WEATHER_STATION,VALID
2025-05-28 03:00:00,WX-MASTER,0.0,8.461,29.25,WEATHER_STATION,VALID
2025-05-28 04:00:00,WX-MASTER,0.0,7.217,29.23,WEATHER_STATION,VALID
2025-05-28 05:00:00,WX-MASTER,0.0,5.09,24.71,WEATHER_STATION,VALID
2025-05-28 06:00:00,WX-MASTER,0.0,8.122,24.27,WEATHER_STATION,VALID
2025-05-28 07:00:00,WX-MASTER,0.2417,8.521,25.28,WEATHER_STATION,VALID
2025-05-28 08:00:00,WX-MASTER,0.5649,6.67,24.27,WEATHER_STATION,VALID
2025-05-28 09:00:00,WX-MASTER,0.6679,9.635,24.42,WEATHER_STATION,VALID
2025-05-28 10:00:00,WX-MASTER,0.8973,6.26,25.74,WEATHER_STATION,VALID
2025-05-28 11:00:00,WX-MASTER,0.8195,8.626,28.79,WEATHER_STATION,VALID
2025-05-28 12:00:00,WX-MASTER,0.5527,7.859,27.82,WEATHER_STATION,VALID
2025-05-28 13:00:00,WX-MASTER,0.9321,10.082,29.34,WEATHER_STATION,VALID
2025-05-28 14:00:00,WX-MASTER,0.8075,7.96,25.79,WEATHER_STATION,VALID
2025-05-28 15:00:00,WX-MASTER,0.7229,5.451,30.2,WEATHER_STATION,VALID
2025-05-28 16:00:00,WX-MASTER,0.4985,8.837,28.62,WEATHER_STATION,VALID
2025-05-28 17:00:00,WX-MASTER,0.2626,9.862,32.49,WEATHER_STATION,VALID
2025-05-28 18:00:00,WX-MASTER,0.0,5.58,32.67,WEATHER_STATION,VALID
2025-05-28 19:00:00,WX-MASTER,0.0,8.968,32.11,WEATHER_STATION,VALID
2025-05-28 20:00:00,WX-MASTER,0.0,9.517,30.62,WEATHER_STATION,VALID
2025-05-28 21:00:00,WX-MASTER,0.0,8.372,30.81,WEATHER_STATION,VALID
2025-05-28 22:00:00,WX-MASTER,0.0,5.724,30.55,WEATHER_STATION,VALID
2025-05-28 23:00:00,WX-MASTER,0.0,8.668,31.4,WEATHER_STATION,VALID
2025-05-29 00:00:00,WX-MASTER,0.0,8.416,30.22,WEATHER_STATION,VALID
2025-05-29 01:00:00,WX-MASTER,0.0,11.223,30.59,WEATHER_STATION,VALID
2025-05-29 02:00:00,WX-MASTER,0.0,9.113,29.91,WEATHER_STATION,VALID
2025-05-29 03:00:00,WX-MASTER,0.0,8.619,26.06,WEATHER_STATION,VALID
2025-05-29 04:00:00,WX-MASTER,0.0,8.257,26.8,WEATHER_STATION,VALID
2025-05-29 05:00:00,WX-MASTER,0.0,9.254,26.06,WEATHER_STATION,VALID
2025-05-29 06:00:00,WX-MASTER,0.0,8.676,24.84,WEATHER_STATION,VALID
2025-05-29 07:00:00,WX-MASTER,0.2573,7.322,25.73,WEATHER_STATION,VALID
2025-05-29 08:00:00,WX-MASTER,0.5531,8.431,25.07,WEATHER_STATION,VALID
2025-05-29 09:00:00,WX-MASTER,0.7016,7.113,23.91,WEATHER_STATION,VALID
2025-05-29 10:00:00,WX-MASTER,0.7106,4.244,24.78,WEATHER_STATION,VALID
2025-05-29 11:00:00,WX-MASTER,0.8822,8.302,25.09,WEATHER_STATION,VALID
2025-05-29 12:00:00,WX-MASTER,1.0435,8.053,25.36,WEATHER_STATION,VALID
2025-05-29 13:00:00,WX-MASTER,1.0145,7.505,26.97,WEATHER_STATION,VALID
2025-05-29 14:00:00,WX-MASTER,0.8849,6.676,26.43,WEATHER_STATION,VALID
2025-05-29 15:00:00,WX-MASTER,0.6045,7.231,29.46,WEATHER_STATION,VALID
2025-05-29 16:00:00,WX-MASTER,0.5406,8.525,31.42,WEATHER_STATION,VALID
2025-05-29 17:00:00,WX-MASTER,0.3082,6.827,30.52,WEATHER_STATION,VALID
2025-05-29 18:00:00,WX-MASTER,0.0,8.995,32.15,WEATHER_STATION,VALID
2025-05-29 19:00:00,WX-MASTER,0.0,6.214,31.55,WEATHER_STATION,VALID
2025-05-29 20:00:00,WX-MASTER,0.0,8.611,30.25,WEATHER_STATION,VALID
2025-05-29 21:00:00,WX-MASTER,0.0,8.676,33.77,WEATHER_STATION,VALID
2025-05-29 22:00:00,WX-MASTER,0.0,10.169,28.11,WEATHER_STATION,VALID
2025-05-29 23:00:00,WX-MASTER,0.0,7.852,30.47,WEATHER_STATION,VALID
2025-05-30 00:00:00,WX-MASTER,0.0,8.112,28.78,WEATHER_STATION,VALID
2025-05-30 01:00:00,WX-MASTER,0.0,7.414,30.76,WEATHER_STATION,VALID
2025-05-30 02:00:00,WX-MASTER,0.0,8.484,28.21,WEATHER_STATION,VALID
2025-05-30 03:00:00,WX-MASTER,0.0,9.48,30.12,WEATHER_STATION,VALID
2025-05-30 04:00:00,WX-MASTER,0.0,6.676,26.25,WEATHER_STATION,VALID
2025-05-30 05:00:00,WX-MASTER,0.0,8.248,24.57,WEATHER_STATION,VALID
2025-05-30 06:00:00,WX-MASTER,0.0,9.389,22.87,WEATHER_STATION,VALID
2025-05-30 07:00:00,WX-MASTER,0.2807,8.208,25.9,WEATHER_STATION,VALID
2025-05-30 08:00:00,WX-MASTER,0.5308,8.178,23.45,WEATHER_STATION,VALID
2025-05-30 09:00:00,WX-MASTER,0.783,5.872,24.07,WEATHER_STATION,VALID
2025-05-30 10:00:00,WX-MASTER,0.7315,7.477,26.4,WEATHER_STATION,VALID
2025-05-30 11:00:00,WX-MASTER,0.9187,7.464,26.74,WEATHER_STATION,VALID
2025-05-30 12:00:00,WX-MASTER,0.8452,7.088,25.47,WEATHER_STATION,VALID
2025-05-30 13:00:00,WX-MASTER,0.8462,7.437,26.5,WEATHER_STATION,VALID
2025-05-30 14:00:00,WX-MASTER,0.8176,6.843,25.85,WEATHER_STATION,VALID
2025-05-30 15:00:00,WX-MASTER,0.783,6.725,26.39,WEATHER_STATION,VALID
2025-05-30 16:00:00,WX-MASTER,0.58,6.101,30.62,WEATHER_STATION,VALID
2025-05-30 17:00:00,WX-MASTER,0.2962,8.908,31.48,WEATHER_STATION,VALID
2025-05-30 18:00:00,WX-MASTER,0.0,6.276,31.42,WEATHER_STATION,VALID
2025-05-30 19:00:00,WX-MASTER,0.0,8.329,31.56,WEATHER_STATION,VALID
2025-05-30 20:00:00,WX-MASTER,0.0,10.742,30.61,WEATHER_STATION,VALID
2025-05-30 21:00:00,WX-MASTER,0.0,10.068,33.1,WEATHER_STATION,VALID
2025-05-30 22:00:00,WX-MASTER,0.0,9.521,28.85,WEATHER_STATION,VALID
2025-05-30 23:00:00,WX-MASTER,0.0,9.364,29.87,WEATHER_STATION,VALID
2025-05-31 00:00:00,WX-MASTER,0.0,8.992,29.87,WEATHER_STATION,VALID
2025-05-31 01:00:00,WX-MASTER,0.0,8.048,28.83,WEATHER_STATION,VALID
2025-05-31 02:00:00,WX-MASTER,0.0,8.884,27.93,WEATHER_STATION,VALID
2025-05-31 03:00:00,WX-MASTER,0.0,9.888,26.4,WEATHER_STATION,VALID
2025-05-31 04:00:00,WX-MASTER,0.0,9.512,26.83,WEATHER_STATION,VALID
2025-05-31 05:00:00,WX-MASTER,0.0,9.842,24.0,WEATHER_STATION,VALID
2025-05-31 06:00:00,WX-MASTER,0.0,10.174,24.73,WEATHER_STATION,VALID
2025-05-31 07:00:00,WX-MASTER,0.3192,8.128,25.07,WEATHER_STATION,VALID
2025-05-31 08:00:00,WX-MASTER,0.5575,8.323,24.03,WEATHER_STATION,VALID
2025-05-31 09:00:00,WX-MASTER,0.691,5.354,24.55,WEATHER_STATION,VALID
2025-05-31 10:00:00,WX-MASTER,0.8794,10.533,25.16,WEATHER_STATION,VALID
2025-05-31 11:00:00,WX-MASTER,0.8255,6.881,23.34,WEATHER_STATION,VALID
2025-05-31 12:00:00,WX-MASTER,0.8675,8.141,24.18,WEATHER_STATION,VALID
2025-05-31 13:00:00,WX-MASTER,0.8547,6.693,27.18,WEATHER_STATION,VALID
2025-05-31 14:00:00,WX-MASTER,0.6586,6.668,27.2,WEATHER_STATION,VALID
2025-05-31 15:00:00,WX-MASTER,0.7582,7.002,28.18,WEATHER_STATION,VALID
2025-05-31 16:00:00,WX-MASTER,0.5799,5.827,30.36,WEATHER_STATION,VALID
2025-05-31 17:00:00,WX-MASTER,0.2614,4.41,29.22,WEATHER_STATION,VALID
2025-05-31 18:00:00,WX-MASTER,0.0,9.371,28.06,WEATHER_STATION,VALID
31/05/2025 19:00,WX-MASTER,0.0,8.826,33.3,WEATHER_STATION,VALID
2025-05-31 20:00:00,WX-MASTER,0.0,7.187,32.88,WEATHER_STATION,VALID
2025-05-31 21:00:00,WX-MASTER,0.0,9.216,32.75,WEATHER_STATION,VALID
2025-05-31 22:00:00,WX-MASTER,0.0,9.923,29.62,WEATHER_STATION,VALID
2025-05-31 23:00:00,WX-MASTER,0.0,8.131,30.31,WEATHER_STATION,VALID
2025-06-01 00:00:00,WX-MASTER,0.0,9.685,28.13,WEATHER_STATION,VALID
2025-06-01 01:00:00,WX-MASTER,0.0,10.521,28.74,WEATHER_STATION,VALID
2025-06-01 02:00:00,WX-MASTER,0.0,7.336,27.48,WEATHER_STATION,VALID
2025-06-01 03:00:00,WX-MASTER,0.0,9.827,25.7,WEATHER_STATION,VALID
2025-06-01 04:00:00,WX-MASTER,0.0,9.471,26.76,WEATHER_STATION,VALID
2025-06-01 05:00:00,WX-MASTER,0.0,11.254,25.12,WEATHER_STATION,VALID
2025-06-01 06:00:00,WX-MASTER,0.0,9.304,26.94,WEATHER_STATION,VALID
2025-06-01 07:00:00,WX-MASTER,0.319,7.793,24.62,WEATHER_STATION,VALID
2025-06-01 08:00:00,WX-MASTER,0.4781,7.682,21.34,WEATHER_STATION,VALID
2025-06-01 09:00:00,WX-MASTER,0.6847,10.446,22.35,WEATHER_STATION,VALID
2025-06-01 10:00:00,WX-MASTER,0.8076,7.131,27.39,WEATHER_STATION,VALID
2025-06-01 11:00:00,WX-MASTER,0.775,8.173,25.0,WEATHER_STATION,VALID
2025-06-01 12:00:00,WX-MASTER,0.8994,6.976,26.44,WEATHER_STATION,VALID
2025-06-01 13:00:00,WX-MASTER,1.016,8.63,27.01,WEATHER_STATION,VALID
2025-06-01 14:00:00,WX-MASTER,0.8438,8.699,29.6,WEATHER_STATION,VALID
2025-06-01 15:00:00,WX-MASTER,0.5937,7.273,26.52,WEATHER_STATION,VALID
2025-06-01 16:00:00,WX-MASTER,0.4282,6.909,31.25,WEATHER_STATION,VALID
2025-06-01 17:00:00,WX-MASTER,0.3193,7.067,31.89,WEATHER_STATION,VALID
2025-06-01 18:00:00,WX-MASTER,0.0,5.61,30.94,WEATHER_STATION,VALID
2025-06-01 19:00:00,WX-MASTER,0.0,8.24,31.78,WEATHER_STATION,VALID
2025-06-01 20:00:00,WX-MASTER,0.0,8.475,30.96,WEATHER_STATION,VALID
2025-06-01 21:00:00,WX-MASTER,0.0,7.56,29.26,WEATHER_STATION,VALID
2025-06-01 22:00:00,WX-MASTER,0.0,6.459,31.63,WEATHER_STATION,VALID
2025-06-01 23:00:00,WX-MASTER,0.0,9.293,30.67,WEATHER_STATION,VALID
2025-06-02 00:00:00,WX-MASTER,0.0,9.574,29.95,WEATHER_STATION,VALID
2025-06-02 01:00:00,WX-MASTER,0.0,9.717,29.36,WEATHER_STATION,VALID
2025-06-02 02:00:00,WX-MASTER,0.0,7.911,27.15,WEATHER_STATION,VALID
2025-06-02 03:00:00,WX-MASTER,0.0,9.641,28.76,WEATHER_STATION,VALID
2025-06-02 04:00:00,WX-MASTER,0.0,8.758,26.14,WEATHER_STATION,VALID
2025-06-02 05:00:00,WX-MASTER,0.0,9.925,26.05,WEATHER_STATION,VALID
2025-06-02 06:00:00,WX-MASTER,0.0,7.305,24.52,WEATHER_STATION,VALID
2025-06-02 07:00:00,WX-MASTER,0.2935,9.814,25.75,WEATHER_STATION,VALID
2025-06-02 08:00:00,WX-MASTER,0.5016,10.021,24.5,WEATHER_STATION,VALID
2025-06-02 09:00:00,WX-MASTER,0.7842,7.958,24.39,WEATHER_STATION,VALID
2025-06-02 10:00:00,WX-MASTER,0.7429,8.109,26.29,WEATHER_STATION,VALID
2025-06-02 11:00:00,WX-MASTER,0.9007,8.423,23.33,WEATHER_STATION,VALID
2025-06-02 12:00:00,WX-MASTER,0.9275,5.944,25.79,WEATHER_STATION,VALID
2025-06-02 13:00:00,WX-MASTER,0.9393,6.584,26.23,WEATHER_STATION,VALID
2025-06-02 14:00:00,WX-MASTER,0.7851,7.461,28.32,WEATHER_STATION,VALID
2025-06-02 15:00:00,WX-MASTER,0.718,9.93,29.16,WEATHER_STATION,VALID
2025-06-02 16:00:00,WX-MASTER,0.5051,5.875,29.61,WEATHER_STATION,VALID
2025-06-02 17:00:00,WX-MASTER,0.2348,9.748,29.49,WEATHER_STATION,VALID
2025-06-02 18:00:00,WX-MASTER,0.0,7.596,30.88,WEATHER_STATION,VALID
2025-06-02 19:00:00,WX-MASTER,0.0,8.056,31.64,WEATHER_STATION,VALID
2025-06-02 20:00:00,WX-MASTER,0.0,9.946,31.16,WEATHER_STATION,VALID
2025-06-02 21:00:00,WX-MASTER,0.0,,32.59,WEATHER_STATION,VALID
2025-06-02 22:00:00,WX-MASTER,0.0,9.386,31.64,WEATHER_STATION,VALID
2025-06-02 23:00:00,WX-MASTER,0.0,10.531,30.37,WEATHER_STATION,VALID
2025-06-03 00:00:00,WX-MASTER,0.0,7.937,26.78,WEATHER_STATION,VALID
2025-06-03 01:00:00,WX-MASTER,0.0,8.507,28.49,WEATHER_STATION,VALID
2025-06-03 02:00:00,WX-MASTER,0.0,7.432,28.6,WEATHER_STATION,VALID
2025-06-03 03:00:00,WX-MASTER,0.0,8.447,26.61,WEATHER_STATION,VALID
2025-06-03 04:00:00,WX-MASTER,0.0,9.716,26.46,WEATHER_STATION,VALID
2025-06-03 05:00:00,WX-MASTER,0.0,9.069,25.1,WEATHER_STATION,VALID
2025-06-03 06:00:00,WX-MASTER,0.0,10.809,25.1,WEATHER_STATION,VALID
2025-06-03 07:00:00,WX-MASTER,0.2855,10.981,26.15,WEATHER_STATION,VALID
2025-06-03 08:00:00,WX-MASTER,0.4797,7.872,25.29,WEATHER_STATION,VALID
2025-06-03 09:00:00,WX-MASTER,0.7368,6.915,22.91,WEATHER_STATION,VALID
2025-06-03 10:00:00,WX-MASTER,0.8356,9.084,22.83,WEATHER_STATION,VALID
2025-06-03 11:00:00,WX-MASTER,0.8573,9.039,25.9,WEATHER_STATION,VALID
2025-06-03 12:00:00,WX-MASTER,0.8218,7.843,27.5,WEATHER_STATION,VALID
03/06/2025 13:00,WX-MASTER,0.9267,8.125,24.95,WEATHER_STATION,VALID
2025-06-03 14:00:00,WX-MASTER,0.7161,7.927,27.6,WEATHER_STATION,VALID
2025-06-03 15:00:00,WX-MASTER,0.7268,6.001,31.6,WEATHER_STATION,VALID
2025-06-03 16:00:00,WX-MASTER,0.5811,5.838,29.28,WEATHER_STATION,VALID
2025-06-03 17:00:00,WX-MASTER,0.3196,7.544,33.35,WEATHER_STATION,VALID
2025-06-03 18:00:00,WX-MASTER,0.0,7.578,29.89,WEATHER_STATION,VALID
2025-06-03 19:00:00,WX-MASTER,0.0,8.453,30.45,WEATHER_STATION,VALID
2025-06-03 20:00:00,WX-MASTER,0.0,8.183,30.5,WEATHER_STATION,VALID
2025-06-03 21:00:00,WX-MASTER,0.0,6.39,29.69,WEATHER_STATION,VALID
2025-06-03 22:00:00,WX-MASTER,0.0,6.082,28.85,WEATHER_STATION,VALID
2025-06-03 23:00:00,WX-MASTER,0.0,9.967,30.06,WEATHER_STATION,VALID
2025-06-04 00:00:00,WX-MASTER,0.0,8.263,29.74,WEATHER_STATION,VALID
2025-06-04 01:00:00,WX-MASTER,0.0,8.885,27.87,WEATHER_STATION,VALID
2025-06-04 02:00:00,WX-MASTER,0.0,8.456,27.25,WEATHER_STATION,VALID
2025-06-04 03:00:00,WX-MASTER,0.0,7.921,28.65,WEATHER_STATION,VALID
2025-06-04 04:00:00,WX-MASTER,0.0,7.751,27.24,WEATHER_STATION,VALID
2025-06-04 05:00:00,WX-MASTER,0.0,10.11,25.04,WEATHER_STATION,VALID
2025-06-04 06:00:00,WX-MASTER,0.0,8.244,25.31,WEATHER_STATION,VALID
2025-06-04 07:00:00,WX-MASTER,0.2594,9.127,22.48,WEATHER_STATION,VALID
2025-06-04 08:00:00,WX-MASTER,0.5438,9.04,24.64,WEATHER_STATION,VALID
2025-06-04 09:00:00,WX-MASTER,0.6778,8.202,24.37,WEATHER_STATION,VALID
2025-06-04 10:00:00,WX-MASTER,0.808,8.61,24.34,WEATHER_STATION,VALID
2025-06-04 11:00:00,WX-MASTER,0.9589,7.405,25.39,WEATHER_STATION,VALID
2025-06-04 12:00:00,WX-MASTER,0.9127,9.034,25.92,WEATHER_STATION,VALID
2025-06-04 13:00:00,WX-MASTER,0.8741,8.269,25.34,WEATHER_STATION,VALID
2025-06-04 14:00:00,WX-MASTER,0.8655,8.448,29.84,WEATHER_STATION,VALID
2025-06-04 15:00:00,WX-MASTER,0.7451,6.058,29.87,WEATHER_STATION,VALID
2025-06-04 16:00:00,WX-MASTER,0.2544,7.755,29.11,WEATHER_STATION,VALID
2025-06-04 17:00:00,WX-MASTER,0.2857,5.216,28.18,WEATHER_STATION,VALID
2025-06-04 18:00:00,WX-MASTER,0.0,9.652,27.9,WEATHER_STATION,VALID
2025-06-04 19:00:00,WX-MASTER,0.0,7.274,33.61,WEATHER_STATION,VALID
2025-06-04 20:00:00,WX-MASTER,0.0,7.715,31.11,WEATHER_STATION,VALID
2025-06-04 21:00:00,WX-MASTER,0.0,6.818,32.12,WEATHER_STATION,VALID
2025-06-04 22:00:00,WX-MASTER,0.0,8.772,29.71,WEATHER_STATION,VALID
2025-06-04 23:00:00,WX-MASTER,0.0,8.651,29.93,WEATHER_STATION,VALID
2025-06-05 00:00:00,WX-MASTER,0.0,11.485,29.24,WEATHER_STATION,VALID
2025-06-05 01:00:00,WX-MASTER,0.0,10.295,28.99,WEATHER_STATION,VALID
2025-06-05 02:00:00,WX-MASTER,0.0,8.503,27.9,WEATHER_STATION,VALID
2025-06-05 03:00:00,WX-MASTER,0.0,6.933,25.78,WEATHER_STATION,VALID
2025-06-05 04:00:00,WX-MASTER,0.0,5.995,24.92,WEATHER_STATION,VALID
2025-06-05 05:00:00,WX-MASTER,0.0,7.441,25.22,WEATHER_STATION,VALID
2025-06-05 06:00:00,WX-MASTER,0.0,6.816,22.66,WEATHER_STATION,VALID
2025-06-05 07:00:00,WX-MASTER,0.3026,8.746,23.42,WEATHER_STATION,VALID
2025-06-05 08:00:00,WX-MASTER,0.5307,7.843,24.11,WEATHER_STATION,VALID
2025-06-05 09:00:00,WX-MASTER,0.7139,7.803,24.89,WEATHER_STATION,VALID
2025-06-05 10:00:00,WX-MASTER,0.759,6.324,26.57,WEATHER_STATION,VALID
2025-06-05 11:00:00,WX-MASTER,0.9694,7.575,24.75,WEATHER_STATION,VALID
2025-06-05 12:00:00,WX-MASTER,1.0468,5.405,26.09,WEATHER_STATION,VALID
2025-06-05 13:00:00,WX-MASTER,0.8651,7.075,24.65,WEATHER_STATION,VALID
2025-06-05 14:00:00,WX-MASTER,0.8305,8.275,28.19,WEATHER_STATION,VALID
2025-06-05 15:00:00,WX-MASTER,0.662,6.793,27.61,WEATHER_STATION,VALID
2025-06-05 16:00:00,WX-MASTER,0.4881,7.981,29.17,WEATHER_STATION,VALID
2025-06-05 17:00:00,WX-MASTER,0.3199,5.023,30.84,WEATHER_STATION,VALID
2025-06-05 18:00:00,WX-MASTER,0.0,5.147,31.45,WEATHER_STATION,VALID
2025-06-05 19:00:00,WX-MASTER,0.0,8.5,29.43,WEATHER_STATION,VALID
2025-06-05 20:00:00,WX-MASTER,0.0,9.697,32.26,WEATHER_STATION,VALID
2025-06-05 21:00:00,WX-MASTER,0.0,8.277,31.13,WEATHER_STATION,VALID
2025-06-05 22:00:00,WX-MASTER,0.0,11.599,32.34,WEATHER_STATION,VALID
2025-06-05 23:00:00,WX-MASTER,0.0,7.114,32.02,WEATHER_STATION,VALID
2025-06-06 00:00:00,WX-MASTER,0.0,8.222,31.44,WEATHER_STATION,VALID
2025-06-06 01:00:00,WX-MASTER,0.0,9.351,26.96,WEATHER_STATION,VALID
2025-06-06 02:00:00,WX-MASTER,0.0,9.766,28.25,WEATHER_STATION,VALID
2025-06-06 03:00:00,WX-MASTER,0.0,8.331,24.97,WEATHER_STATION,VALID
2025-06-06 04:00:00,WX-MASTER,0.0,7.577,27.58,WEATHER_STATION,VALID
2025-06-06 05:00:00,WX-MASTER,0.0,9.572,27.02,WEATHER_STATION,VALID
2025-06-06 06:00:00,WX-MASTER,0.0,8.71,25.91,WEATHER_STATION,VALID
2025-06-06 07:00:00,WX-MASTER,0.2642,7.835,23.87,WEATHER_STATION,VALID
2025-06-06 08:00:00,WX-MASTER,0.2871,8.671,24.92,WEATHER_STATION,VALID
2025-06-06 09:00:00,WX-MASTER,0.7523,7.594,23.72,WEATHER_STATION,VALID
2025-06-06 10:00:00,WX-MASTER,0.8043,7.367,24.75,WEATHER_STATION,VALID
2025-06-06 11:00:00,WX-MASTER,0.8536,7.138,25.18,WEATHER_STATION,VALID
2025-06-06 12:00:00,WX-MASTER,0.9077,6.175,23.62,WEATHER_STATION,VALID
2025-06-06 13:00:00,WX-MASTER,0.7784,5.981,25.89,WEATHER_STATION,VALID
2025-06-06 14:00:00,WX-MASTER,0.8597,6.503,30.49,WEATHER_STATION,VALID
2025-06-06 15:00:00,WX-MASTER,0.562,7.301,28.57,WEATHER_STATION,VALID
2025-06-06 16:00:00,WX-MASTER,0.4907,4.962,29.71,WEATHER_STATION,VALID
2025-06-06 17:00:00,WX-MASTER,0.3066,8.811,30.23,WEATHER_STATION,VALID
2025-06-06 18:00:00,WX-MASTER,0.0,7.836,30.3,WEATHER_STATION,VALID
2025-06-06 19:00:00,WX-MASTER,0.0,6.681,31.19,WEATHER_STATION,VALID
2025-06-06 20:00:00,WX-MASTER,0.0,10.428,30.78,WEATHER_STATION,VALID
2025-06-06 21:00:00,WX-MASTER,0.0,8.632,28.41,WEATHER_STATION,VALID
2025-06-06 22:00:00,WX-MASTER,0.0,7.065,31.74,WEATHER_STATION,VALID
2025-06-06 23:00:00,WX-MASTER,0.0,11.024,32.18,WEATHER_STATION,VALID
2025-06-07 00:00:00,WX-MASTER,0.0,10.858,28.09,WEATHER_STATION,VALID
2025-06-07 01:00:00,WX-MASTER,0.0,7.977,28.15,WEATHER_STATION,VALID
2025-06-07 02:00:00,WX-MASTER,0.0,8.733,29.54,WEATHER_STATION,VALID
2025-06-07 03:00:00,WX-MASTER,0.0,8.485,25.91,WEATHER_STATION,VALID
2025-06-07 04:00:00,WX-MASTER,0.0,6.488,26.45,WEATHER_STATION,VALID
2025-06-07 05:00:00,WX-MASTER,0.0,9.178,30.45,WEATHER_STATION,VALID
2025-06-07 06:00:00,WX-MASTER,0.0,9.626,25.46,WEATHER_STATION,VALID
2025-06-07 07:00:00,WX-MASTER,0.255,9.127,24.44,WEATHER_STATION,VALID
2025-06-07 08:00:00,WX-MASTER,0.4652,8.055,25.29,WEATHER_STATION,VALID
2025-06-07 09:00:00,WX-MASTER,0.7303,8.987,25.29,WEATHER_STATION,VALID
2025-06-07 10:00:00,WX-MASTER,0.8184,6.063,23.91,WEATHER_STATION,VALID
2025-06-07 11:00:00,WX-MASTER,0.7192,9.722,23.18,WEATHER_STATION,VALID
2025-06-07 12:00:00,WX-MASTER,0.9653,6.229,26.7,WEATHER_STATION,VALID
2025-06-07 13:00:00,WX-MASTER,0.7224,6.311,27.72,WEATHER_STATION,VALID
2025-06-07 14:00:00,WX-MASTER,0.7409,6.428,27.38,WEATHER_STATION,VALID
2025-06-07 15:00:00,WX-MASTER,0.7857,6.407,30.62,WEATHER_STATION,VALID
2025-06-07 16:00:00,WX-MASTER,0.582,7.134,31.22,WEATHER_STATION,VALID
2025-06-07 17:00:00,WX-MASTER,0.2465,7.272,31.14,WEATHER_STATION,VALID
2025-06-07 18:00:00,WX-MASTER,0.0,7.971,30.43,WEATHER_STATION,VALID
2025-06-07 19:00:00,WX-MASTER,0.0,6.992,28.61,WEATHER_STATION,VALID
2025-06-07 20:00:00,WX-MASTER,0.0,8.533,31.03,WEATHER_STATION,VALID
2025-06-07 21:00:00,WX-MASTER,0.0,7.15,28.91,WEATHER_STATION,VALID
2025-06-07 22:00:00,WX-MASTER,0.0,9.743,27.94,WEATHER_STATION,VALID
2025-06-07 23:00:00,WX-MASTER,0.0,9.907,30.99,WEATHER_STATION,VALID
2025-06-08 00:00:00,WX-MASTER,0.0,9.079,30.87,WEATHER_STATION,VALID
2025-06-08 01:00:00,WX-MASTER,0.0,8.304,26.27,WEATHER_STATION,VALID
2025-06-08 02:00:00,WX-MASTER,0.0,9.547,27.4,WEATHER_STATION,VALID
2025-06-08 03:00:00,WX-MASTER,0.0,7.916,26.78,WEATHER_STATION,VALID
2025-06-08 04:00:00,WX-MASTER,0.0,8.979,25.61,WEATHER_STATION,VALID
2025-06-08 05:00:00,WX-MASTER,0.0,8.548,23.58,WEATHER_STATION,VALID
2025-06-08 06:00:00,WX-MASTER,0.0,11.936,26.27,WEATHER_STATION,VALID
2025-06-08 07:00:00,WX-MASTER,0.2821,6.668,22.71,WEATHER_STATION,VALID
2025-06-08 08:00:00,WX-MASTER,0.4979,4.535,21.87,WEATHER_STATION,VALID
2025-06-08 09:00:00,WX-MASTER,0.6401,6.923,22.68,WEATHER_STATION,VALID
2025-06-08 10:00:00,WX-MASTER,0.8054,5.298,25.25,WEATHER_STATION,VALID
2025-06-08 11:00:00,WX-MASTER,0.3815,6.403,24.91,WEATHER_STATION,VALID
2025-06-08 12:00:00,WX-MASTER,1.0262,5.536,25.03,WEATHER_STATION,VALID
2025-06-08 13:00:00,WX-MASTER,0.6476,5.985,27.44,WEATHER_STATION,VALID
2025-06-08 14:00:00,WX-MASTER,0.7512,5.782,28.11,WEATHER_STATION,VALID
2025-06-08 15:00:00,WX-MASTER,0.3433,8.491,25.85,WEATHER_STATION,VALID
2025-06-08 16:00:00,WX-MASTER,0.5102,7.312,30.08,WEATHER_STATION,VALID
2025-06-08 17:00:00,WX-MASTER,0.2959,8.961,31.6,WEATHER_STATION,VALID
2025-06-08 18:00:00,WX-MASTER,0.0,7.845,30.59,WEATHER_STATION,VALID
2025-06-08 19:00:00,WX-MASTER,0.0,9.253,30.81,WEATHER_STATION,VALID
2025-06-08 20:00:00,WX-MASTER,0.0,7.914,33.48,WEATHER_STATION,VALID
2025-06-08 21:00:00,WX-MASTER,0.0,10.63,30.24,WEATHER_STATION,VALID
2025-06-08 22:00:00,WX-MASTER,0.0,9.393,30.54,WEATHER_STATION,VALID
2025-06-08 23:00:00,WX-MASTER,0.0,7.947,30.58,WEATHER_STATION,VALID
2025-06-09 00:00:00,WX-MASTER,0.0,9.881,29.49,WEATHER_STATION,VALID
2025-06-09 01:00:00,WX-MASTER,0.0,9.173,28.26,WEATHER_STATION,VALID
2025-06-09 02:00:00,WX-MASTER,0.0,8.869,27.79,WEATHER_STATION,VALID
2025-06-09 03:00:00,WX-MASTER,0.0,9.184,28.66,WEATHER_STATION,VALID
2025-06-09 04:00:00,WX-MASTER,0.0,9.9,26.9,WEATHER_STATION,VALID
2025-06-09 05:00:00,WX-MASTER,0.0,5.982,25.12,WEATHER_STATION,VALID
2025-06-09 06:00:00,WX-MASTER,0.0,8.05,23.61,WEATHER_STATION,VALID
2025-06-09 07:00:00,WX-MASTER,0.156,9.14,23.42,WEATHER_STATION,VALID
2025-06-09 08:00:00,WX-MASTER,0.4975,8.315,25.32,WEATHER_STATION,VALID
2025-06-09 09:00:00,WX-MASTER,0.6772,6.277,22.39,WEATHER_STATION,VALID
2025-06-09 10:00:00,WX-MASTER,0.9011,4.44,27.53,WEATHER_STATION,VALID
2025-06-09 11:00:00,WX-MASTER,0.925,9.549,25.17,WEATHER_STATION,VALID
2025-06-09 12:00:00,WX-MASTER,0.9519,6.969,24.28,WEATHER_STATION,VALID
2025-06-09 13:00:00,WX-MASTER,0.7934,9.118,26.99,WEATHER_STATION,VALID
2025-06-09 14:00:00,WX-MASTER,0.7394,8.189,26.72,WEATHER_STATION,VALID
2025-06-09 15:00:00,WX-MASTER,0.7862,6.197,28.08,WEATHER_STATION,VALID
2025-06-09 16:00:00,WX-MASTER,0.5059,4.112,27.62,WEATHER_STATION,VALID
2025-06-09 17:00:00,WX-MASTER,0.2601,6.952,29.87,WEATHER_STATION,VALID
2025-06-09 18:00:00,WX-MASTER,0.0,7.733,28.16,WEATHER_STATION,VALID
2025-06-09 19:00:00,WX-MASTER,0.0,8.621,30.34,WEATHER_STATION,VALID
2025-06-09 20:00:00,WX-MASTER,0.0,6.852,30.19,WEATHER_STATION,VALID
2025-06-09 21:00:00,WX-MASTER,0.0,8.778,30.46,WEATHER_STATION,VALID
2025-06-09 22:00:00,WX-MASTER,0.0,9.001,29.79,WEATHER_STATION,VALID
2025-06-09 23:00:00,WX-MASTER,0.0,10.232,30.2,WEATHER_STATION,VALID
2025-06-10 00:00:00,WX-MASTER,0.0,8.666,30.47,WEATHER_STATION,VALID
2025-06-10 01:00:00,WX-MASTER,0.0,9.703,28.99,WEATHER_STATION,VALID
2025-06-10 02:00:00,WX-MASTER,0.0,9.497,29.21,WEATHER_STATION,VALID
2025-06-10 03:00:00,WX-MASTER,0.0,10.187,26.15,WEATHER_STATION,VALID
2025-06-10 04:00:00,WX-MASTER,0.0,7.847,26.29,WEATHER_STATION,VALID
2025-06-10 05:00:00,WX-MASTER,0.0,4.732,25.61,WEATHER_STATION,VALID
2025-06-10 06:00:00,WX-MASTER,0.0,8.188,26.0,WEATHER_STATION,VALID
2025-06-10 07:00:00,WX-MASTER,0.3204,7.942,23.39,WEATHER_STATION,VALID
2025-06-10 08:00:00,WX-MASTER,0.564,6.476,25.1,WEATHER_STATION,VALID
2025-06-10 09:00:00,WX-MASTER,0.6358,5.77,23.24,WEATHER_STATION,VALID
2025-06-10 10:00:00,WX-MASTER,0.878,6.76,23.94,WEATHER_STATION,VALID
2025-06-10 11:00:00,WX-MASTER,0.8308,7.177,24.75,WEATHER_STATION,VALID
2025-06-10 12:00:00,WX-MASTER,0.7935,7.325,26.44,WEATHER_STATION,VALID
2025-06-10 13:00:00,WX-MASTER,0.8691,4.168,25.44,WEATHER_STATION,VALID
2025-06-10 14:00:00,WX-MASTER,0.8336,4.865,26.51,WEATHER_STATION,VALID
2025-06-10 15:00:00,WX-MASTER,0.5563,8.686,27.78,WEATHER_STATION,VALID
2025-06-10 16:00:00,WX-MASTER,0.4522,7.107,29.46,WEATHER_STATION,VALID
2025-06-10 17:00:00,WX-MASTER,0.2841,7.539,29.0,WEATHER_STATION,VALID
2025-06-10 18:00:00,WX-MASTER,0.0,6.038,31.0,WEATHER_STATION,VALID
2025-06-10 19:00:00,WX-MASTER,0.0,8.019,30.6,WEATHER_STATION,VALID
2025-06-10 20:00:00,WX-MASTER,0.0,7.797,31.94,WEATHER_STATION,VALID
2025-06-10 21:00:00,WX-MASTER,0.0,7.732,31.11,WEATHER_STATION,VALID
2025-06-10 22:00:00,WX-MASTER,0.0,6.859,32.78,WEATHER_STATION,VALID
2025-06-10 23:00:00,WX-MASTER,0.0,7.811,30.27,WEATHER_STATION,VALID
2025-06-11 00:00:00,WX-MASTER,0.0,11.618,27.91,WEATHER_STATION,VALID
2025-06-11 01:00:00,WX-MASTER,0.0,8.662,28.27,WEATHER_STATION,VALID
2025-06-11 02:00:00,WX-MASTER,0.0,10.137,27.65,WEATHER_STATION,VALID
2025-06-11 03:00:00,WX-MASTER,0.0,8.782,25.63,WEATHER_STATION,VALID
2025-06-11 04:00:00,WX-MASTER,0.0,8.496,27.69,WEATHER_STATION,VALID
2025-06-11 05:00:00,WX-MASTER,0.0,7.887,24.78,WEATHER_STATION,VALID
2025-06-11 06:00:00,WX-MASTER,0.0,10.234,23.82,WEATHER_STATION,VALID
2025-06-11 07:00:00,WX-MASTER,0.2525,8.716,24.46,WEATHER_STATION,VALID
2025-06-11 08:00:00,WX-MASTER,0.4889,6.943,23.03,WEATHER_STATION,VALID
2025-06-11 09:00:00,WX-MASTER,0.6059,7.207,25.4,WEATHER_STATION,VALID
2025-06-11 10:00:00,WX-MASTER,0.7122,8.895,25.51,WEATHER_STATION,VALID
2025-06-11 11:00:00,WX-MASTER,0.9421,3.625,25.3,WEATHER_STATION,VALID
2025-06-11 12:00:00,WX-MASTER,0.8167,7.594,26.58,WEATHER_STATION,VALID
2025-06-11 13:00:00,WX-MASTER,0.9341,7.827,26.12,WEATHER_STATION,VALID
2025-06-11 14:00:00,WX-MASTER,0.7101,6.159,25.82,WEATHER_STATION,VALID
2025-06-11 15:00:00,WX-MASTER,0.7189,7.408,28.14,WEATHER_STATION,VALID
2025-06-11 16:00:00,WX-MASTER,0.4889,7.995,28.77,WEATHER_STATION,VALID
2025-06-11 17:00:00,WX-MASTER,0.3205,5.93,27.65,WEATHER_STATION,VALID
2025-06-11 18:00:00,WX-MASTER,0.0,8.854,29.38,WEATHER_STATION,VALID
2025-06-11 19:00:00,WX-MASTER,0.0,8.4,29.53,WEATHER_STATION,VALID
2025-06-11 20:00:00,WX-MASTER,0.0,8.075,29.86,WEATHER_STATION,VALID
2025-06-11 21:00:00,WX-MASTER,0.0,8.661,32.6,WEATHER_STATION,VALID
2025-06-11 22:00:00,WX-MASTER,0.0,9.667,31.27,WEATHER_STATION,VALID
2025-06-11 23:00:00,WX-MASTER,0.0,11.94,31.25,WEATHER_STATION,VALID
2025-06-12 00:00:00,WX-MASTER,0.0,9.836,29.95,WEATHER_STATION,VALID
2025-06-12 01:00:00,WX-MASTER,0.0,10.158,29.8,WEATHER_STATION,VALID
2025-06-12 02:00:00,WX-MASTER,0.0,9.351,27.63,WEATHER_STATION,VALID
2025-06-12 03:00:00,WX-MASTER,0.0,11.498,28.51,WEATHER_STATION,VALID
2025-06-12 04:00:00,WX-MASTER,0.0,6.985,24.37,WEATHER_STATION,VALID
2025-06-12 05:00:00,WX-MASTER,0.0,6.443,25.04,WEATHER_STATION,VALID
2025-06-12 06:00:00,WX-MASTER,0.0,8.672,23.33,WEATHER_STATION,VALID
2025-06-12 07:00:00,WX-MASTER,0.2351,9.078,25.7,WEATHER_STATION,VALID
2025-06-12 08:00:00,WX-MASTER,0.4402,4.611,24.6,WEATHER_STATION,VALID
2025-06-12 09:00:00,WX-MASTER,0.7867,7.703,25.64,WEATHER_STATION,VALID
2025-06-12 10:00:00,WX-MASTER,0.7694,7.25,22.88,WEATHER_STATION,VALID
2025-06-12 11:00:00,WX-MASTER,0.9345,8.272,24.4,WEATHER_STATION,VALID
2025-06-12 12:00:00,WX-MASTER,0.9933,7.736,23.7,WEATHER_STATION,VALID
2025-06-12 13:00:00,WX-MASTER,0.9677,4.766,27.12,WEATHER_STATION,VALID
2025-06-12 14:00:00,WX-MASTER,0.2791,5.718,27.08,WEATHER_STATION,VALID
2025-06-12 15:00:00,WX-MASTER,0.6795,6.147,29.41,WEATHER_STATION,VALID
2025-06-12 16:00:00,WX-MASTER,0.4264,8.291,29.38,WEATHER_STATION,VALID
2025-06-12 17:00:00,WX-MASTER,0.3205,8.006,27.51,WEATHER_STATION,VALID
2025-06-12 18:00:00,WX-MASTER,0.0,6.941,28.63,WEATHER_STATION,VALID
2025-06-12 19:00:00,WX-MASTER,0.0,8.19,31.07,WEATHER_STATION,VALID
2025-06-12 20:00:00,WX-MASTER,0.0,6.887,31.65,WEATHER_STATION,VALID
2025-06-12 21:00:00,WX-MASTER,0.0,11.178,28.31,WEATHER_STATION,VALID
2025-06-12 22:00:00,WX-MASTER,0.0,9.483,30.52,WEATHER_STATION,VALID
2025-06-12 23:00:00,WX-MASTER,0.0,9.939,28.85,WEATHER_STATION,VALID
2025-06-13 00:00:00,WX-MASTER,0.0,10.821,27.98,WEATHER_STATION,VALID
2025-06-13 01:00:00,WX-MASTER,0.0,10.414,27.68,WEATHER_STATION,VALID
2025-06-13 02:00:00,WX-MASTER,0.0,9.128,27.71,WEATHER_STATION,VALID
2025-06-13 03:00:00,WX-MASTER,0.0,8.774,25.81,WEATHER_STATION,VALID
2025-06-13 04:00:00,WX-MASTER,0.0,10.553,23.43,WEATHER_STATION,VALID
2025-06-13 05:00:00,WX-MASTER,0.0,8.725,25.23,WEATHER_STATION,VALID
2025-06-13 06:00:00,WX-MASTER,0.0,7.487,24.11,WEATHER_STATION,VALID
2025-06-13 07:00:00,WX-MASTER,0.296,10.764,23.06,WEATHER_STATION,VALID
06-13-2025 08:00,WX-MASTER,0.5342,6.73,23.69,WEATHER_STATION,VALID
2025-06-13 09:00:00,WX-MASTER,0.6733,5.441,23.77,WEATHER_STATION,VALID
2025-06-13 10:00:00,WX-MASTER,0.7282,8.763,24.59,WEATHER_STATION,VALID
2025-06-13 11:00:00,WX-MASTER,0.9682,6.342,24.79,WEATHER_STATION,VALID
13/06/2025 12:00,WX-MASTER,0.9305,7.732,26.01,WEATHER_STATION,VALID
2025-06-13 13:00:00,WX-MASTER,0.9898,9.467,26.6,WEATHER_STATION,VALID
2025-06-13 14:00:00,WX-MASTER,0.8962,5.323,28.55,WEATHER_STATION,VALID
2025-06-13 15:00:00,WX-MASTER,0.5904,7.13,30.37,WEATHER_STATION,VALID
2025-06-13 16:00:00,WX-MASTER,0.4367,9.247,29.3,WEATHER_STATION,VALID
2025-06-13 17:00:00,WX-MASTER,0.2609,8.394,29.29,WEATHER_STATION,VALID
2025-06-13 18:00:00,WX-MASTER,0.0,7.503,28.87,WEATHER_STATION,VALID
2025-06-13 19:00:00,WX-MASTER,0.0,11.096,31.72,WEATHER_STATION,VALID
2025-06-13 20:00:00,WX-MASTER,0.0,8.127,29.98,WEATHER_STATION,VALID
2025-06-13 21:00:00,WX-MASTER,0.0,9.018,33.76,WEATHER_STATION,VALID
2025-06-13 22:00:00,WX-MASTER,0.0,10.869,33.93,WEATHER_STATION,VALID
2025-06-13 23:00:00,WX-MASTER,0.0,10.18,29.78,WEATHER_STATION,VALID
2025-06-14 00:00:00,WX-MASTER,0.0,10.737,27.29,WEATHER_STATION,VALID
2025-06-14 01:00:00,WX-MASTER,0.0,7.911,29.22,WEATHER_STATION,VALID
2025-06-14 02:00:00,WX-MASTER,0.0,10.672,30.05,WEATHER_STATION,VALID
2025-06-14 03:00:00,WX-MASTER,0.0,9.222,25.05,WEATHER_STATION,VALID
2025-06-14 04:00:00,WX-MASTER,0.0,7.897,28.06,WEATHER_STATION,VALID
2025-06-14 05:00:00,WX-MASTER,0.0,8.966,22.84,WEATHER_STATION,VALID
2025-06-14 06:00:00,WX-MASTER,0.0,8.696,22.76,WEATHER_STATION,VALID
2025-06-14 07:00:00,WX-MASTER,0.3055,10.624,24.52,WEATHER_STATION,VALID
2025-06-14 08:00:00,WX-MASTER,0.583,8.43,25.25,WEATHER_STATION,VALID
2025-06-14 09:00:00,WX-MASTER,0.6933,6.669,24.07,WEATHER_STATION,VALID
2025-06-14 10:00:00,WX-MASTER,0.9328,6.146,25.04,WEATHER_STATION,VALID
2025-06-14 11:00:00,WX-MASTER,0.7122,7.219,26.38,WEATHER_STATION,VALID
2025-06-14 12:00:00,WX-MASTER,0.9239,5.404,27.25,WEATHER_STATION,VALID
2025-06-14 13:00:00,WX-MASTER,0.8997,6.163,25.88,WEATHER_STATION,VALID
2025-06-14 14:00:00,WX-MASTER,0.7616,6.781,26.5,WEATHER_STATION,VALID
2025-06-14 15:00:00,WX-MASTER,0.787,6.623,29.7,WEATHER_STATION,VALID
2025-06-14 16:00:00,WX-MASTER,0.5127,8.252,29.83,WEATHER_STATION,VALID
2025-06-14 17:00:00,WX-MASTER,0.2716,6.536,30.72,WEATHER_STATION,VALID
2025-06-14 18:00:00,WX-MASTER,0.0,4.513,29.77,WEATHER_STATION,VALID
2025-06-14 19:00:00,WX-MASTER,0.0,5.786,31.68,WEATHER_STATION,VALID
2025-06-14 20:00:00,WX-MASTER,0.0,8.216,29.72,WEATHER_STATION,VALID
2025-06-14 21:00:00,WX-MASTER,0.0,7.727,31.21,WEATHER_STATION,VALID
2025-06-14 22:00:00,WX-MASTER,0.0,7.105,30.7,WEATHER_STATION,VALID
2025-06-14 23:00:00,WX-MASTER,0.0,11.439,30.15,WEATHER_STATION,VALID
2025-06-15 00:00:00,WX-MASTER,0.0,10.084,30.19,WEATHER_STATION,VALID
2025-06-15 01:00:00,WX-MASTER,0.0,8.992,27.19,WEATHER_STATION,VALID
2025-06-15 02:00:00,WX-MASTER,0.0,9.366,28.32,WEATHER_STATION,VALID
2025-06-15 03:00:00,WX-MASTER,0.0,8.645,26.62,WEATHER_STATION,VALID
2025-06-15 04:00:00,WX-MASTER,0.0,7.224,24.8,WEATHER_STATION,VALID
2025-06-15 05:00:00,WX-MASTER,0.0,10.005,23.44,WEATHER_STATION,VALID
2025-06-15 06:00:00,WX-MASTER,0.0,9.543,26.74,WEATHER_STATION,VALID
2025-06-15 07:00:00,WX-MASTER,0.2521,5.613,24.04,WEATHER_STATION,VALID
2025-06-15 08:00:00,WX-MASTER,0.4821,8.216,23.58,WEATHER_STATION,VALID
2025-06-15 09:00:00,WX-MASTER,0.6196,8.109,22.75,WEATHER_STATION,VALID
2025-06-15 10:00:00,WX-MASTER,0.6874,7.03,25.78,WEATHER_STATION,VALID
2025-06-15 11:00:00,WX-MASTER,0.9251,9.994,26.24,WEATHER_STATION,VALID
2025-06-15 12:00:00,WX-MASTER,0.9531,9.728,26.74,WEATHER_STATION,VALID
2025-06-15 13:00:00,WX-MASTER,1.0204,6.589,26.53,WEATHER_STATION,VALID
2025-06-15 14:00:00,WX-MASTER,0.7669,6.796,28.41,WEATHER_STATION,VALID
2025-06-15 15:00:00,WX-MASTER,0.7194,6.717,27.42,WEATHER_STATION,VALID
2025-06-15 16:00:00,WX-MASTER,0.5338,6.5,29.52,WEATHER_STATION,VALID
2025-06-15 17:00:00,WX-MASTER,0.2763,6.286,29.91,WEATHER_STATION,VALID
2025-06-15 18:00:00,WX-MASTER,0.0,8.371,30.86,WEATHER_STATION,VALID
2025-06-15 19:00:00,WX-MASTER,0.0,10.515,28.71,WEATHER_STATION,VALID
2025-06-15 20:00:00,WX-MASTER,0.0,10.242,33.25,WEATHER_STATION,VALID
2025-06-15 21:00:00,WX-MASTER,0.0,9.503,32.83,WEATHER_STATION,VALID
2025-06-15 22:00:00,WX-MASTER,0.0,5.571,29.16,WEATHER_STATION,VALID
2025-06-15 23:00:00,WX-MASTER,0.0,6.457,30.67,WEATHER_STATION,VALID
2025-06-16 00:00:00,WX-MASTER,0.0,10.377,27.44,WEATHER_STATION,VALID
2025-06-16 01:00:00,WX-MASTER,0.0,11.161,28.48,WEATHER_STATION,VALID
2025-06-16 02:00:00,WX-MASTER,0.0,9.77,24.84,WEATHER_STATION,VALID
2025-06-16 03:00:00,WX-MASTER,0.0,8.58,26.22,WEATHER_STATION,VALID
2025-06-16 04:00:00,WX-MASTER,0.0,10.599,25.14,WEATHER_STATION,VALID
2025-06-16 05:00:00,WX-MASTER,0.0,9.632,26.39,WEATHER_STATION,VALID
2025-06-16 06:00:00,WX-MASTER,0.0,9.903,26.45,WEATHER_STATION,VALID
2025-06-16 07:00:00,WX-MASTER,0.2525,5.757,26.12,WEATHER_STATION,VALID
2025-06-16 08:00:00,WX-MASTER,0.4996,8.356,25.36,WEATHER_STATION,VALID
2025-06-16 09:00:00,WX-MASTER,0.6455,9.966,24.19,WEATHER_STATION,VALID
2025-06-16 10:00:00,WX-MASTER,0.8799,8.121,24.91,WEATHER_STATION,VALID
2025-06-16 11:00:00,WX-MASTER,0.8379,8.488,25.46,WEATHER_STATION,VALID
2025-06-16 12:00:00,WX-MASTER,1.0309,7.177,24.31,WEATHER_STATION,VALID
2025-06-16 13:00:00,WX-MASTER,0.88,7.205,27.94,WEATHER_STATION,VALID
2025-06-16 14:00:00,WX-MASTER,0.7687,8.896,28.3,WEATHER_STATION,VALID
2025-06-16 15:00:00,WX-MASTER,0.6033,6.275,29.26,WEATHER_STATION,VALID
2025-06-16 16:00:00,WX-MASTER,0.5306,6.284,26.49,WEATHER_STATION,VALID
2025-06-16 17:00:00,WX-MASTER,0.3114,6.849,30.49,WEATHER_STATION,VALID
2025-06-16 18:00:00,WX-MASTER,0.0,7.73,31.71,WEATHER_STATION,VALID
2025-06-16 19:00:00,WX-MASTER,0.0,5.86,30.84,WEATHER_STATION,VALID
2025-06-16 20:00:00,WX-MASTER,0.0,9.164,30.37,WEATHER_STATION,VALID
2025-06-16 21:00:00,WX-MASTER,0.0,8.251,29.22,WEATHER_STATION,VALID
2025-06-16 22:00:00,WX-MASTER,0.0,9.797,28.78,WEATHER_STATION,VALID
2025-06-16 23:00:00,WX-MASTER,0.0,6.113,30.13,WEATHER_STATION,VALID
2025-06-17 00:00:00,WX-MASTER,0.0,10.095,28.91,WEATHER_STATION,VALID
2025-06-17 01:00:00,WX-MASTER,0.0,10.78,28.05,WEATHER_STATION,VALID
2025-06-17 02:00:00,WX-MASTER,0.0,9.607,29.28,WEATHER_STATION,VALID
2025-06-17 03:00:00,WX-MASTER,0.0,9.003,25.03,WEATHER_STATION,VALID
2025-06-17 04:00:00,WX-MASTER,0.0,9.953,25.28,WEATHER_STATION,VALID
2025-06-17 05:00:00,WX-MASTER,0.0,10.293,27.0,WEATHER_STATION,VALID
2025-06-17 06:00:00,WX-MASTER,0.0,9.091,24.04,WEATHER_STATION,VALID
2025-06-17 07:00:00,WX-MASTER,0.2807,8.934,24.14,WEATHER_STATION,VALID
2025-06-17 08:00:00,WX-MASTER,0.5832,10.05,23.73,WEATHER_STATION,VALID
2025-06-17 09:00:00,WX-MASTER,0.5117,8.635,24.91,WEATHER_STATION,VALID
2025-06-17 10:00:00,WX-MASTER,0.798,6.382,21.95,WEATHER_STATION,VALID
2025-06-17 11:00:00,WX-MASTER,0.9045,8.889,24.73,WEATHER_STATION,VALID
2025-06-17 12:00:00,WX-MASTER,0.9494,6.956,25.76,WEATHER_STATION,VALID
2025-06-17 13:00:00,WX-MASTER,0.9392,7.098,25.34,WEATHER_STATION,VALID
2025-06-17 14:00:00,WX-MASTER,0.7059,7.199,27.86,WEATHER_STATION,VALID
2025-06-17 15:00:00,WX-MASTER,0.5817,8.393,29.29,WEATHER_STATION,VALID
2025-06-17 16:00:00,WX-MASTER,0.4673,9.542,29.74,WEATHER_STATION,VALID
2025-06-17 17:00:00,WX-MASTER,0.2546,7.489,32.05,WEATHER_STATION,VALID
2025-06-17 18:00:00,WX-MASTER,0.0,9.937,29.96,WEATHER_STATION,VALID
2025-06-17 19:00:00,WX-MASTER,0.0,8.154,31.42,WEATHER_STATION,VALID
2025-06-17 20:00:00,WX-MASTER,0.0,10.023,31.52,WEATHER_STATION,VALID
2025-06-17 21:00:00,WX-MASTER,0.0,8.709,30.54,WEATHER_STATION,VALID
2025-06-17 22:00:00,WX-MASTER,0.0,8.034,31.84,WEATHER_STATION,VALID
2025-06-17 23:00:00,WX-MASTER,0.0,11.354,30.27,WEATHER_STATION,VALID
2025-06-18 00:00:00,WX-MASTER,0.0,8.203,27.72,WEATHER_STATION,VALID
2025-06-18 01:00:00,WX-MASTER,0.0,8.178,29.22,WEATHER_STATION,VALID
2025-06-18 02:00:00,WX-MASTER,0.0,7.391,26.82,WEATHER_STATION,VALID
2025-06-18 03:00:00,WX-MASTER,0.0,10.598,26.12,WEATHER_STATION,VALID
2025-06-18 04:00:00,WX-MASTER,0.0,10.769,25.37,WEATHER_STATION,VALID
2025-06-18 05:00:00,WX-MASTER,0.0,9.111,25.82,WEATHER_STATION,VALID
2025-06-18 06:00:00,WX-MASTER,0.0,7.118,25.68,WEATHER_STATION,VALID
2025-06-18 07:00:00,WX-MASTER,0.2788,8.135,23.84,WEATHER_STATION,VALID
2025-06-18 08:00:00,WX-MASTER,0.5217,7.489,23.65,WEATHER_STATION,VALID
2025-06-18 09:00:00,WX-MASTER,0.6861,6.293,21.58,WEATHER_STATION,VALID
2025-06-18 10:00:00,WX-MASTER,0.8238,6.773,23.53,WEATHER_STATION,VALID
2025-06-18 11:00:00,WX-MASTER,0.7638,7.886,23.8,WEATHER_STATION,VALID
2025-06-18 12:00:00,WX-MASTER,0.8336,6.316,26.04,WEATHER_STATION,VALID
2025-06-18 13:00:00,WX-MASTER,0.8896,7.42,26.38,WEATHER_STATION,VALID
2025-06-18 14:00:00,WX-MASTER,0.8119,4.737,26.32,WEATHER_STATION,VALID
2025-06-18 15:00:00,WX-MASTER,0.655,9.303,28.5,WEATHER_STATION,VALID
2025-06-18 16:00:00,WX-MASTER,0.5068,6.746,29.08,WEATHER_STATION,VALID
2025-06-18 17:00:00,WX-MASTER,0.286,8.575,26.84,WEATHER_STATION,VALID
2025-06-18 18:00:00,WX-MASTER,0.0,7.918,31.78,WEATHER_STATION,VALID
2025-06-18 19:00:00,WX-MASTER,0.0,8.45,32.01,WEATHER_STATION,VALID
2025-06-18 20:00:00,WX-MASTER,0.0,6.716,30.63,WEATHER_STATION,VALID
2025-06-18 21:00:00,WX-MASTER,0.0,7.449,31.22,WEATHER_STATION,VALID
2025-06-18 22:00:00,WX-MASTER,0.0,7.702,30.06,WEATHER_STATION,VALID
2025-06-18 23:00:00,WX-MASTER,0.0,8.874,27.96,WEATHER_STATION,VALID
2025-06-19 00:00:00,WX-MASTER,0.0,10.677,31.73,WEATHER_STATION,VALID
2025-06-19 01:00:00,WX-MASTER,0.0,9.579,29.19,WEATHER_STATION,VALID
2025-06-19 02:00:00,WX-MASTER,0.0,7.839,28.51,WEATHER_STATION,VALID
2025-06-19 03:00:00,WX-MASTER,0.0,9.05,26.14,WEATHER_STATION,VALID
2025-06-19 04:00:00,WX-MASTER,0.0,8.696,26.99,WEATHER_STATION,VALID
2025-06-19 05:00:00,WX-MASTER,0.0,8.156,23.27,WEATHER_STATION,VALID
2025-06-19 06:00:00,WX-MASTER,0.0,8.364,24.06,WEATHER_STATION,VALID
2025-06-19 07:00:00,WX-MASTER,0.265,9.123,24.89,WEATHER_STATION,VALID
2025-06-19 08:00:00,WX-MASTER,0.3069,6.933,23.13,WEATHER_STATION,VALID
2025-06-19 09:00:00,WX-MASTER,0.7286,7.169,25.1,WEATHER_STATION,VALID
2025-06-19 10:00:00,WX-MASTER,0.7534,8.672,24.72,WEATHER_STATION,VALID
2025-06-19 11:00:00,WX-MASTER,0.8969,7.825,25.16,WEATHER_STATION,VALID
2025-06-19 12:00:00,WX-MASTER,0.9206,8.752,24.77,WEATHER_STATION,VALID
2025-06-19 13:00:00,WX-MASTER,0.6888,8.894,26.96,WEATHER_STATION,VALID
2025-06-19 14:00:00,WX-MASTER,0.8071,5.264,29.7,WEATHER_STATION,VALID
2025-06-19 15:00:00,WX-MASTER,0.6857,7.481,28.5,WEATHER_STATION,VALID
2025-06-19 16:00:00,WX-MASTER,0.5077,6.581,29.8,WEATHER_STATION,VALID
2025-06-19 17:00:00,WX-MASTER,0.3208,5.872,30.7,WEATHER_STATION,VALID
2025-06-19 18:00:00,WX-MASTER,0.0,6.633,29.04,WEATHER_STATION,VALID
2025-06-19 19:00:00,WX-MASTER,0.0,7.522,30.61,WEATHER_STATION,VALID
2025-06-19 20:00:00,WX-MASTER,0.0,7.791,30.69,WEATHER_STATION,VALID
2025-06-19 21:00:00,WX-MASTER,0.0,7.635,28.22,WEATHER_STATION,VALID
2025-06-19 22:00:00,WX-MASTER,0.0,8.63,31.36,WEATHER_STATION,VALID
2025-06-19 23:00:00,WX-MASTER,0.0,12.008,28.74,WEATHER_STATION,VALID
2025-06-20 00:00:00,WX-MASTER,0.0,6.697,29.92,WEATHER_STATION,VALID
2025-06-20 01:00:00,WX-MASTER,0.0,10.48,27.35,WEATHER_STATION,VALID
2025-06-20 02:00:00,WX-MASTER,0.0,8.972,29.8,WEATHER_STATION,VALID
2025-06-20 03:00:00,WX-MASTER,0.0,8.353,26.11,WEATHER_STATION,VALID
2025-06-20 04:00:00,WX-MASTER,0.0,6.164,27.91,WEATHER_STATION,VALID
2025-06-20 05:00:00,WX-MASTER,0.0,9.59,24.67,WEATHER_STATION,VALID
2025-06-20 06:00:00,WX-MASTER,0.0,6.496,24.26,WEATHER_STATION,VALID
2025-06-20 07:00:00,WX-MASTER,0.2317,9.192,25.85,WEATHER_STATION,VALID
2025-06-20 08:00:00,WX-MASTER,0.4921,10.119,22.75,WEATHER_STATION,VALID
2025-06-20 09:00:00,WX-MASTER,0.7541,5.937,24.03,WEATHER_STATION,VALID
2025-06-20 10:00:00,WX-MASTER,0.9333,8.9,24.97,WEATHER_STATION,VALID
2025-06-20 11:00:00,WX-MASTER,0.9101,7.234,25.36,WEATHER_STATION,VALID
2025-06-20 12:00:00,WX-MASTER,0.8535,4.353,25.66,WEATHER_STATION,VALID
2025-06-20 13:00:00,WX-MASTER,0.789,5.447,26.33,WEATHER_STATION,VALID
2025-06-20 14:00:00,WX-MASTER,0.8757,7.251,28.37,WEATHER_STATION,VALID
2025-06-20 15:00:00,WX-MASTER,0.18,7.614,28.47,WEATHER_STATION,VALID
2025-06-20 16:00:00,WX-MASTER,0.5472,5.173,30.26,WEATHER_STATION,VALID
2025-06-20 17:00:00,WX-MASTER,0.3091,7.457,30.3,WEATHER_STATION,VALID
2025-06-20 18:00:00,WX-MASTER,0.0,8.716,31.17,WEATHER_STATION,VALID
2025-06-20 19:00:00,WX-MASTER,0.0,9.197,32.1,WEATHER_STATION,VALID
2025-06-20 20:00:00,WX-MASTER,0.0,7.623,30.48,WEATHER_STATION,VALID
2025-06-20 21:00:00,WX-MASTER,0.0,8.98,32.06,WEATHER_STATION,VALID
2025-06-20 22:00:00,WX-MASTER,0.0,10.028,30.2,WEATHER_STATION,VALID
2025-06-20 23:00:00,WX-MASTER,0.0,9.922,28.15,WEATHER_STATION,VALID
2025-06-21 00:00:00,WX-MASTER,0.0,10.084,28.68,WEATHER_STATION,VALID
2025-06-21 01:00:00,WX-MASTER,0.0,9.135,27.36,WEATHER_STATION,VALID
2025-06-21 02:00:00,WX-MASTER,0.0,8.859,27.77,WEATHER_STATION,VALID
2025-06-21 03:00:00,WX-MASTER,0.0,9.262,26.07,WEATHER_STATION,VALID
2025-06-21 04:00:00,WX-MASTER,0.0,7.78,25.73,WEATHER_STATION,VALID
2025-06-21 05:00:00,WX-MASTER,0.0,10.03,26.07,WEATHER_STATION,VALID
2025-06-21 06:00:00,WX-MASTER,0.0,6.366,26.08,WEATHER_STATION,VALID
2025-06-21 07:00:00,WX-MASTER,0.3012,7.446,24.29,WEATHER_STATION,VALID
2025-06-21 08:00:00,WX-MASTER,0.481,7.794,25.13,WEATHER_STATION,VALID
2025-06-21 09:00:00,WX-MASTER,0.7385,8.201,23.73,WEATHER_STATION,VALID
2025-06-21 10:00:00,WX-MASTER,0.7548,8.222,22.42,WEATHER_STATION,VALID
2025-06-21 11:00:00,WX-MASTER,0.845,9.122,23.43,WEATHER_STATION,VALID
2025-06-21 12:00:00,WX-MASTER,1.0427,7.162,25.34,WEATHER_STATION,VALID
2025-06-21 13:00:00,WX-MASTER,0.9989,6.066,27.37,WEATHER_STATION,VALID
2025-06-21 14:00:00,WX-MASTER,0.7639,6.816,27.09,WEATHER_STATION,VALID
2025-06-21 15:00:00,WX-MASTER,0.6425,6.663,29.65,WEATHER_STATION,VALID
2025-06-21 16:00:00,WX-MASTER,0.4808,7.889,31.27,WEATHER_STATION,VALID
2025-06-21 17:00:00,WX-MASTER,0.3066,6.015,28.73,WEATHER_STATION,VALID
2025-06-21 18:00:00,WX-MASTER,0.0,7.403,32.9,WEATHER_STATION,VALID
2025-06-21 19:00:00,WX-MASTER,0.0,9.994,28.74,WEATHER_STATION,VALID
2025-06-21 20:00:00,WX-MASTER,0.0,8.379,33.04,WEATHER_STATION,VALID
2025-06-21 21:00:00,WX-MASTER,0.0,7.027,30.66,WEATHER_STATION,VALID
2025-06-21 22:00:00,WX-MASTER,0.0,8.177,30.08,WEATHER_STATION,VALID
2025-06-21 23:00:00,WX-MASTER,0.0,5.897,29.79,WEATHER_STATION,VALID
2025-06-22 00:00:00,WX-MASTER,0.0,8.834,28.08,WEATHER_STATION,VALID
2025-06-22 01:00:00,WX-MASTER,0.0,11.115,30.0,WEATHER_STATION,VALID
2025-06-22 02:00:00,WX-MASTER,0.0,7.424,26.46,WEATHER_STATION,VALID
2025-06-22 03:00:00,WX-MASTER,0.0,7.001,25.71,WEATHER_STATION,VALID
2025-06-22 04:00:00,WX-MASTER,0.0,7.909,23.89,WEATHER_STATION,VALID
2025-06-22 05:00:00,WX-MASTER,0.0,9.767,23.94,WEATHER_STATION,VALID
2025-06-22 06:00:00,WX-MASTER,0.0,10.557,23.42,WEATHER_STATION,VALID
2025-06-22 07:00:00,WX-MASTER,0.2656,8.67,22.99,WEATHER_STATION,VALID
2025-06-22 08:00:00,WX-MASTER,0.5833,6.155,23.58,WEATHER_STATION,VALID
2025-06-22 09:00:00,WX-MASTER,0.7126,7.547,22.57,WEATHER_STATION,VALID
2025-06-22 10:00:00,WX-MASTER,0.737,9.679,26.18,WEATHER_STATION,VALID
2025-06-22 11:00:00,WX-MASTER,0.9338,6.768,24.63,WEATHER_STATION,VALID
2025-06-22 12:00:00,WX-MASTER,0.9154,7.229,25.99,WEATHER_STATION,VALID
2025-06-22 13:00:00,WX-MASTER,1.0208,7.297,27.42,WEATHER_STATION,VALID
2025-06-22 14:00:00,WX-MASTER,0.852,4.98,29.72,WEATHER_STATION,VALID
2025-06-22 15:00:00,WX-MASTER,0.6689,8.361,29.29,WEATHER_STATION,VALID
2025-06-22 16:00:00,WX-MASTER,0.5833,8.309,28.75,WEATHER_STATION,VALID
2025-06-22 17:00:00,WX-MASTER,0.2279,4.796,28.48,WEATHER_STATION,VALID
2025-06-22 18:00:00,WX-MASTER,0.0,5.886,30.73,WEATHER_STATION,VALID
2025-06-22 19:00:00,WX-MASTER,0.0,6.609,31.95,WEATHER_STATION,VALID
2025-06-22 20:00:00,WX-MASTER,0.0,9.104,30.96,WEATHER_STATION,VALID
2025-06-22 21:00:00,WX-MASTER,0.0,7.405,30.75,WEATHER_STATION,VALID
2025-06-22 22:00:00,WX-MASTER,0.0,9.126,30.58,WEATHER_STATION,VALID
2025-06-22 23:00:00,WX-MASTER,0.0,8.549,27.52,WEATHER_STATION,VALID
2025-06-23 00:00:00,WX-MASTER,0.0,8.988,29.19,WEATHER_STATION,VALID
2025-06-23 01:00:00,WX-MASTER,0.0,9.602,29.05,WEATHER_STATION,VALID
2025-06-23 02:00:00,WX-MASTER,0.0,9.306,27.21,WEATHER_STATION,VALID
2025-06-23 03:00:00,WX-MASTER,0.0,8.854,27.7,WEATHER_STATION,VALID
2025-06-23 04:00:00,WX-MASTER,0.0,9.169,26.9,WEATHER_STATION,VALID
2025-06-23 05:00:00,WX-MASTER,0.0,8.837,24.18,WEATHER_STATION,VALID
2025-06-23 06:00:00,WX-MASTER,0.0,8.053,24.76,WEATHER_STATION,VALID
2025-06-23 07:00:00,WX-MASTER,0.2981,7.512,23.93,WEATHER_STATION,VALID
2025-06-23 08:00:00,WX-MASTER,0.4427,10.256,21.33,WEATHER_STATION,VALID
2025-06-23 09:00:00,WX-MASTER,0.5979,6.985,23.66,WEATHER_STATION,VALID
2025-06-23 10:00:00,WX-MASTER,0.874,9.115,22.99,WEATHER_STATION,VALID
2025-06-23 11:00:00,WX-MASTER,0.7733,6.266,24.95,WEATHER_STATION,VALID
2025-06-23 12:00:00,WX-MASTER,0.9074,8.085,26.33,WEATHER_STATION,VALID
2025-06-23 13:00:00,WX-MASTER,0.9337,9.288,26.1,WEATHER_STATION,VALID
2025-06-23 14:00:00,WX-MASTER,0.7255,6.536,26.18,WEATHER_STATION,VALID
2025-06-23 15:00:00,WX-MASTER,0.6207,6.181,28.45,WEATHER_STATION,VALID
2025-06-23 16:00:00,WX-MASTER,0.5114,6.626,31.94,WEATHER_STATION,VALID
2025-06-23 17:00:00,WX-MASTER,0.2995,7.347,27.13,WEATHER_STATION,VALID
2025-06-23 18:00:00,WX-MASTER,0.0,8.02,30.57,WEATHER_STATION,VALID
2025-06-23 19:00:00,WX-MASTER,0.0,7.803,29.99,WEATHER_STATION,VALID
2025-06-23 20:00:00,WX-MASTER,0.0,7.57,30.25,WEATHER_STATION,VALID
2025-06-23 21:00:00,WX-MASTER,0.0,10.907,30.52,WEATHER_STATION,VALID
2025-06-23 22:00:00,WX-MASTER,0.0,8.329,29.88,WEATHER_STATION,VALID
2025-06-23 23:00:00,WX-MASTER,0.0,7.964,30.46,WEATHER_STATION,VALID
2025-06-24 00:00:00,WX-MASTER,0.0,9.96,28.69,WEATHER_STATION,VALID
2025-06-24 01:00:00,WX-MASTER,0.0,10.043,25.54,WEATHER_STATION,VALID
2025-06-24 02:00:00,WX-MASTER,0.0,10.773,28.77,WEATHER_STATION,VALID
2025-06-24 03:00:00,WX-MASTER,0.0,11.37,27.68,WEATHER_STATION,VALID
2025-06-24 04:00:00,WX-MASTER,0.0,9.178,24.75,WEATHER_STATION,VALID
2025-06-24 05:00:00,WX-MASTER,0.0,8.165,24.82,WEATHER_STATION,VALID
2025-06-24 06:00:00,WX-MASTER,0.0,5.838,25.66,WEATHER_STATION,VALID
2025-06-24 07:00:00,WX-MASTER,0.3208,6.838,25.09,WEATHER_STATION,VALID
2025-06-24 08:00:00,WX-MASTER,0.515,8.067,25.36,WEATHER_STATION,VALID
2025-06-24 09:00:00,WX-MASTER,0.7262,6.01,24.3,WEATHER_STATION,VALID
2025-06-24 10:00:00,WX-MASTER,0.8621,5.262,25.12,WEATHER_STATION,VALID
2025-06-24 11:00:00,WX-MASTER,0.8683,7.228,26.45,WEATHER_STATION,VALID
2025-06-24 12:00:00,WX-MASTER,0.8572,8.026,25.07,WEATHER_STATION,VALID
2025-06-24 13:00:00,WX-MASTER,0.2084,6.634,26.85,WEATHER_STATION,VALID
2025-06-24 14:00:00,WX-MASTER,0.5597,8.126,24.66,WEATHER_STATION,VALID
2025-06-24 15:00:00,WX-MASTER,0.7591,7.835,26.24,WEATHER_STATION,VALID
2025-06-24 16:00:00,WX-MASTER,0.5486,8.663,29.58,WEATHER_STATION,VALID
2025-06-24 17:00:00,WX-MASTER,0.2535,10.183,30.49,WEATHER_STATION,VALID
2025-06-24 18:00:00,WX-MASTER,0.0,10.984,29.8,WEATHER_STATION,VALID
2025-06-24 19:00:00,WX-MASTER,0.0,8.791,29.88,WEATHER_STATION,VALID
2025-06-24 20:00:00,WX-MASTER,0.0,7.503,30.31,WEATHER_STATION,VALID
2025-06-24 21:00:00,WX-MASTER,0.0,8.432,30.84,WEATHER_STATION,VALID
2025-06-24 22:00:00,WX-MASTER,0.0,10.62,27.49,WEATHER_STATION,VALID
2025-06-24 23:00:00,WX-MASTER,0.0,7.594,30.27,WEATHER_STATION,VALID
2025-06-25 00:00:00,WX-MASTER,0.0,10.747,28.99,WEATHER_STATION,VALID
2025-06-25 01:00:00,WX-MASTER,0.0,8.706,28.4,WEATHER_STATION,VALID
2025-06-25 02:00:00,WX-MASTER,0.0,9.217,27.05,WEATHER_STATION,VALID
2025-06-25 03:00:00,WX-MASTER,0.0,7.798,24.64,WEATHER_STATION,VALID
2025-06-25 04:00:00,WX-MASTER,0.0,6.992,24.13,WEATHER_STATION,VALID
2025-06-25 05:00:00,WX-MASTER,0.0,8.162,26.55,WEATHER_STATION,VALID
2025-06-25 06:00:00,WX-MASTER,0.0,9.989,23.4,WEATHER_STATION,VALID
2025-06-25 07:00:00,WX-MASTER,0.3112,7.129,24.79,WEATHER_STATION,VALID
2025-06-25 08:00:00,WX-MASTER,0.5789,9.877,22.4,WEATHER_STATION,VALID
2025-06-25 09:00:00,WX-MASTER,0.6716,6.785,23.8,WEATHER_STATION,VALID
2025-06-25 10:00:00,WX-MASTER,0.8295,5.918,23.64,WEATHER_STATION,VALID
2025-06-25 11:00:00,WX-MASTER,0.9332,7.456,24.38,WEATHER_STATION,VALID
2025-06-25 12:00:00,WX-MASTER,0.9852,7.884,25.04,WEATHER_STATION,VALID
2025-06-25 13:00:00,WX-MASTER,0.8911,7.183,28.03,WEATHER_STATION,VALID
2025-06-25 14:00:00,WX-MASTER,0.8158,7.141,29.51,WEATHER_STATION,VALID
2025-06-25 15:00:00,WX-MASTER,0.7874,9.102,28.39,WEATHER_STATION,VALID
2025-06-25 16:00:00,WX-MASTER,0.5832,7.277,28.46,WEATHER_STATION,VALID
2025-06-25 17:00:00,WX-MASTER,0.2987,6.73,28.08,WEATHER_STATION,VALID
2025-06-25 18:00:00,WX-MASTER,0.0,6.098,28.55,WEATHER_STATION,VALID
2025-06-25 19:00:00,WX-MASTER,0.0,9.48,32.32,WEATHER_STATION,VALID
2025-06-25 20:00:00,WX-MASTER,0.0,7.532,28.94,WEATHER_STATION,VALID
2025-06-25 21:00:00,WX-MASTER,0.0,7.909,30.05,WEATHER_STATION,VALID
2025-06-25 22:00:00,WX-MASTER,0.0,9.926,30.42,WEATHER_STATION,VALID
2025-06-25 23:00:00,WX-MASTER,0.0,11.41,26.55,WEATHER_STATION,VALID
2025-06-26 00:00:00,WX-MASTER,0.0,9.176,27.42,WEATHER_STATION,VALID
2025-06-26 01:00:00,WX-MASTER,0.0,8.733,26.47,WEATHER_STATION,VALID
2025-06-26 02:00:00,WX-MASTER,0.0,8.898,26.37,WEATHER_STATION,VALID
2025-06-26 03:00:00,WX-MASTER,0.0,8.24,26.57,WEATHER_STATION,VALID
2025-06-26 04:00:00,WX-MASTER,0.0,8.234,26.65,WEATHER_STATION,VALID
2025-06-26 05:00:00,WX-MASTER,0.0,8.053,23.9,WEATHER_STATION,VALID
2025-06-26 06:00:00,WX-MASTER,0.0,9.464,23.59,WEATHER_STATION,VALID
2025-06-26 07:00:00,WX-MASTER,0.1428,7.911,23.65,WEATHER_STATION,VALID
2025-06-26 08:00:00,WX-MASTER,0.4631,9.532,22.7,WEATHER_STATION,VALID
2025-06-26 09:00:00,WX-MASTER,0.7873,7.363,24.29,WEATHER_STATION,VALID
2025-06-26 10:00:00,WX-MASTER,0.9331,6.814,24.68,WEATHER_STATION,VALID
2025-06-26 11:00:00,WX-MASTER,0.9622,8.772,21.43,WEATHER_STATION,VALID
2025-06-26 12:00:00,WX-MASTER,0.9502,7.013,26.19,WEATHER_STATION,VALID
2025-06-26 13:00:00,WX-MASTER,0.9259,6.759,26.42,WEATHER_STATION,VALID
2025-06-26 14:00:00,WX-MASTER,0.8194,6.973,27.48,WEATHER_STATION,VALID
2025-06-26 15:00:00,WX-MASTER,0.7453,8.909,29.49,WEATHER_STATION,VALID
2025-06-26 16:00:00,WX-MASTER,0.5182,7.535,26.78,WEATHER_STATION,VALID
2025-06-26 17:00:00,WX-MASTER,0.2582,8.95,28.14,WEATHER_STATION,VALID
2025-06-26 18:00:00,WX-MASTER,0.0,7.25,30.12,WEATHER_STATION,VALID
2025-06-26 19:00:00,WX-MASTER,0.0,9.225,27.77,WEATHER_STATION,VALID
2025-06-26 20:00:00,WX-MASTER,0.0,8.378,30.42,WEATHER_STATION,VALID
2025-06-26 21:00:00,WX-MASTER,0.0,9.467,31.57,WEATHER_STATION,VALID
2025-06-26 22:00:00,WX-MASTER,0.0,9.8,30.68,WEATHER_STATION,VALID
2025-06-26 23:00:00,WX-MASTER,0.0,7.5,29.74,WEATHER_STATION,VALID
2025-06-27 00:00:00,WX-MASTER,0.0,8.927,28.61,WEATHER_STATION,VALID
2025-06-27 01:00:00,WX-MASTER,0.0,10.14,27.53,WEATHER_STATION,VALID
2025-06-27 02:00:00,WX-MASTER,0.0,10.341,26.56,WEATHER_STATION,VALID
2025-06-27 03:00:00,WX-MASTER,0.0,10.446,26.51,WEATHER_STATION,VALID
2025-06-27 04:00:00,WX-MASTER,0.0,8.817,23.53,WEATHER_STATION,VALID
2025-06-27 05:00:00,WX-MASTER,0.0,10.495,26.42,WEATHER_STATION,VALID
2025-06-27 06:00:00,WX-MASTER,0.0,7.409,23.22,WEATHER_STATION,VALID
2025-06-27 07:00:00,WX-MASTER,0.314,6.067,24.43,WEATHER_STATION,VALID
2025-06-27 08:00:00,WX-MASTER,0.42,7.388,23.74,WEATHER_STATION,VALID
2025-06-27 09:00:00,WX-MASTER,0.781,9.053,22.37,WEATHER_STATION,VALID
2025-06-27 10:00:00,WX-MASTER,0.9329,5.863,25.66,WEATHER_STATION,VALID
2025-06-27 11:00:00,WX-MASTER,0.8679,5.184,25.96,WEATHER_STATION,VALID
2025-06-27 12:00:00,WX-MASTER,0.9588,4.733,23.5,WEATHER_STATION,VALID
2025-06-27 13:00:00,WX-MASTER,1.0125,7.864,26.15,WEATHER_STATION,VALID
2025-06-27 14:00:00,WX-MASTER,0.7848,5.031,27.39,WEATHER_STATION,VALID
2025-06-27 15:00:00,WX-MASTER,0.7623,7.7,25.56,WEATHER_STATION,VALID
2025-06-27 16:00:00,WX-MASTER,0.4792,6.695,26.34,WEATHER_STATION,VALID
2025-06-27 17:00:00,WX-MASTER,0.2695,6.308,28.61,WEATHER_STATION,VALID
2025-06-27 18:00:00,WX-MASTER,0.0,6.241,28.59,WEATHER_STATION,VALID
2025-06-27 19:00:00,WX-MASTER,0.0,8.061,29.27,WEATHER_STATION,VALID
2025-06-27 20:00:00,WX-MASTER,0.0,7.073,29.06,WEATHER_STATION,VALID
2025-06-27 21:00:00,WX-MASTER,0.0,8.298,30.37,WEATHER_STATION,VALID
2025-06-27 22:00:00,WX-MASTER,0.0,9.049,29.1,WEATHER_STATION,VALID
2025-06-27 23:00:00,WX-MASTER,0.0,9.504,30.95,WEATHER_STATION,VALID
2025-06-28 00:00:00,WX-MASTER,0.0,10.032,29.07,WEATHER_STATION,VALID
2025-06-28 01:00:00,WX-MASTER,0.0,9.093,28.97,WEATHER_STATION,VALID
2025-06-28 02:00:00,WX-MASTER,0.0,7.508,25.08,WEATHER_STATION,VALID
2025-06-28 03:00:00,WX-MASTER,0.0,9.406,25.45,WEATHER_STATION,VALID
2025-06-28 04:00:00,WX-MASTER,0.0,9.518,25.52,WEATHER_STATION,VALID
2025-06-28 05:00:00,WX-MASTER,0.0,8.24,25.18,WEATHER_STATION,VALID
2025-06-28 06:00:00,WX-MASTER,0.0,7.873,23.3,WEATHER_STATION,VALID
2025-06-28 07:00:00,WX-MASTER,0.2547,11.212,23.13,WEATHER_STATION,VALID
2025-06-28 08:00:00,WX-MASTER,0.583,6.052,23.14,WEATHER_STATION,VALID
2025-06-28 09:00:00,WX-MASTER,0.2978,8.124,23.37,WEATHER_STATION,VALID
2025-06-28 10:00:00,WX-MASTER,0.8971,8.619,26.67,WEATHER_STATION,VALID
2025-06-28 11:00:00,WX-MASTER,0.8586,6.635,25.01,WEATHER_STATION,VALID
2025-06-28 12:00:00,WX-MASTER,0.8885,6.734,25.41,WEATHER_STATION,VALID
2025-06-28 13:00:00,WX-MASTER,0.5708,6.369,24.69,WEATHER_STATION,VALID
2025-06-28 14:00:00,WX-MASTER,0.7627,6.897,25.63,WEATHER_STATION,VALID
2025-06-28 15:00:00,WX-MASTER,0.6461,8.139,27.76,WEATHER_STATION,VALID
2025-06-28 16:00:00,WX-MASTER,0.5091,6.848,30.21,WEATHER_STATION,VALID
2025-06-28 17:00:00,WX-MASTER,0.2966,11.338,29.34,WEATHER_STATION,VALID
2025-06-28 18:00:00,WX-MASTER,0.0,6.934,29.95,WEATHER_STATION,VALID
2025-06-28 19:00:00,WX-MASTER,0.0,9.567,29.6,WEATHER_STATION,VALID
2025-06-28 20:00:00,WX-MASTER,0.0,8.744,28.52,WEATHER_STATION,VALID
2025-06-28 21:00:00,WX-MASTER,0.0,8.429,31.01,WEATHER_STATION,VALID
2025-06-28 22:00:00,WX-MASTER,0.0,10.423,29.83,WEATHER_STATION,VALID
2025-06-28 23:00:00,WX-MASTER,0.0,6.611,30.12,WEATHER_STATION,VALID
2025-06-29 00:00:00,WX-MASTER,0.0,9.353,29.01,WEATHER_STATION,VALID
2025-06-29 01:00:00,WX-MASTER,0.0,7.931,26.83,WEATHER_STATION,VALID
2025-06-29 02:00:00,WX-MASTER,0.0,8.29,27.35,WEATHER_STATION,VALID
2025-06-29 03:00:00,WX-MASTER,0.0,8.156,24.62,WEATHER_STATION,VALID
2025-06-29 04:00:00,WX-MASTER,0.0,7.395,25.59,WEATHER_STATION,VALID
2025-06-29 05:00:00,WX-MASTER,0.0,-2.0,24.53,WEATHER_STATION,VALID
2025-06-29 06:00:00,WX-MASTER,0.0,8.736,25.9,WEATHER_STATION,VALID
2025-06-29 07:00:00,WX-MASTER,0.2658,7.892,22.66,WEATHER_STATION,VALID
2025-06-29 08:00:00,WX-MASTER,0.5168,7.326,21.99,WEATHER_STATION,VALID
2025-06-29 09:00:00,WX-MASTER,0.697,8.453,23.2,WEATHER_STATION,VALID
2025-06-29 10:00:00,WX-MASTER,0.8491,7.83,24.78,WEATHER_STATION,VALID
2025-06-29 11:00:00,WX-MASTER,1.0201,6.715,21.25,WEATHER_STATION,VALID
2025-06-29 12:00:00,WX-MASTER,0.9629,10.903,26.38,WEATHER_STATION,VALID
2025-06-29 13:00:00,WX-MASTER,0.6725,8.198,25.92,WEATHER_STATION,VALID
2025-06-29 14:00:00,WX-MASTER,0.855,10.058,25.71,WEATHER_STATION,VALID
2025-06-29 15:00:00,WX-MASTER,0.4213,6.414,27.54,WEATHER_STATION,VALID
2025-06-29 16:00:00,WX-MASTER,0.5187,7.413,27.94,WEATHER_STATION,VALID
2025-06-29 17:00:00,WX-MASTER,0.2915,5.667,28.08,WEATHER_STATION,VALID
2025-06-29 18:00:00,WX-MASTER,0.0,7.077,27.78,WEATHER_STATION,VALID
2025-06-29 19:00:00,WX-MASTER,0.0,7.001,31.33,WEATHER_STATION,VALID
2025-06-29 20:00:00,WX-MASTER,0.0,11.915,29.91,WEATHER_STATION,VALID
2025-06-29 21:00:00,WX-MASTER,0.0,7.371,29.99,WEATHER_STATION,VALID
2025-06-29 22:00:00,WX-MASTER,0.0,8.19,31.12,WEATHER_STATION,VALID
2025-06-29 23:00:00,WX-MASTER,0.0,6.785,29.62,WEATHER_STATION,VALID
2025-06-30 00:00:00,WX-MASTER,0.0,9.478,26.93,WEATHER_STATION,VALID
2025-06-30 01:00:00,WX-MASTER,0.0,7.675,28.76,WEATHER_STATION,VALID
2025-06-30 02:00:00,WX-MASTER,0.0,10.034,28.83,WEATHER_STATION,VALID
2025-06-30 03:00:00,WX-MASTER,0.0,6.442,26.74,WEATHER_STATION,VALID
2025-06-30 04:00:00,WX-MASTER,0.0,8.473,24.26,WEATHER_STATION,VALID
2025-06-30 05:00:00,WX-MASTER,0.0,6.043,22.8,WEATHER_STATION,VALID
2025-06-30 06:00:00,WX-MASTER,0.0,7.576,22.93,WEATHER_STATION,VALID
2025-06-30 07:00:00,WX-MASTER,0.2983,7.587,23.79,WEATHER_STATION,VALID
2025-06-30 08:00:00,WX-MASTER,0.5477,6.921,25.26,WEATHER_STATION,VALID
2025-06-30 09:00:00,WX-MASTER,0.5641,6.799,22.75,WEATHER_STATION,VALID
2025-06-30 10:00:00,WX-MASTER,0.9324,8.488,23.24,WEATHER_STATION,VALID
2025-06-30 11:00:00,WX-MASTER,0.7875,9.872,25.8,WEATHER_STATION,VALID
2025-06-30 12:00:00,WX-MASTER,1.049,7.361,24.78,WEATHER_STATION,VALID
2025-06-30 13:00:00,WX-MASTER,1.0025,5.74,28.2,WEATHER_STATION,VALID
2025-06-30 14:00:00,WX-MASTER,0.8771,6.947,26.87,WEATHER_STATION,VALID
2025-06-30 15:00:00,WX-MASTER,0.6328,6.476,29.35,WEATHER_STATION,VALID
2025-06-30 16:00:00,WX-MASTER,0.5246,8.228,29.26,WEATHER_STATION,VALID
2025-06-30 17:00:00,WX-MASTER,0.2695,7.635,30.37,WEATHER_STATION,VALID
2025-06-30 18:00:00,WX-MASTER,0.0,5.438,29.87,WEATHER_STATION,VALID
2025-06-30 19:00:00,WX-MASTER,0.0,9.17,30.29,WEATHER_STATION,VALID
2025-06-30 20:00:00,WX-MASTER,0.0,9.261,31.05,WEATHER_STATION,VALID
2025-06-30 21:00:00,WX-MASTER,0.0,10.198,31.38,WEATHER_STATION,VALID
2025-06-30 22:00:00,WX-MASTER,0.0,7.806,30.71,WEATHER_STATION,VALID
2025-06-30 23:00:00,WX-MASTER,0.0,9.049,27.4,WEATHER_STATION,VALID
2025-07-01 00:00:00,WX-MASTER,0.0,7.227,29.07,WEATHER_STATION,VALID
2025-07-01 01:00:00,WX-MASTER,0.0,8.762,27.13,WEATHER_STATION,VALID
2025-07-01 02:00:00,WX-MASTER,0.0,9.339,26.36,WEATHER_STATION,VALID
2025-07-01 03:00:00,WX-MASTER,0.0,7.923,26.66,WEATHER_STATION,VALID
2025-07-01 04:00:00,WX-MASTER,0.0,9.06,27.3,WEATHER_STATION,VALID
2025-07-01 05:00:00,WX-MASTER,0.0,8.644,24.26,WEATHER_STATION,VALID
2025-07-01 06:00:00,WX-MASTER,0.0,7.612,26.35,WEATHER_STATION,VALID
2025-07-01 07:00:00,WX-MASTER,0.1649,9.76,22.32,WEATHER_STATION,VALID
2025-07-01 08:00:00,WX-MASTER,0.521,7.378,24.99,WEATHER_STATION,VALID
2025-07-01 09:00:00,WX-MASTER,0.587,7.605,24.15,WEATHER_STATION,VALID
2025-07-01 10:00:00,WX-MASTER,0.7345,5.302,24.23,WEATHER_STATION,VALID
2025-07-01 11:00:00,WX-MASTER,0.8302,7.703,26.2,WEATHER_STATION,VALID
2025-07-01 12:00:00,WX-MASTER,1.0132,6.283,24.5,WEATHER_STATION,VALID
2025-07-01 13:00:00,WX-MASTER,0.8679,8.085,27.64,WEATHER_STATION,VALID
2025-07-01 14:00:00,WX-MASTER,0.7859,5.142,26.77,WEATHER_STATION,VALID
2025-07-01 15:00:00,WX-MASTER,0.7866,7.479,27.15,WEATHER_STATION,VALID
2025-07-01 16:00:00,WX-MASTER,0.5356,4.218,27.17,WEATHER_STATION,VALID
2025-07-01 17:00:00,WX-MASTER,0.2942,8.044,31.39,WEATHER_STATION,VALID
2025-07-01 18:00:00,WX-MASTER,0.0,7.245,31.42,WEATHER_STATION,VALID
2025-07-01 19:00:00,WX-MASTER,0.0,8.245,29.82,WEATHER_STATION,VALID
2025-07-01 20:00:00,WX-MASTER,0.0,7.207,31.17,WEATHER_STATION,VALID
2025-07-01 21:00:00,WX-MASTER,0.0,7.003,30.55,WEATHER_STATION,VALID
2025-07-01 22:00:00,WX-MASTER,0.0,7.896,29.62,WEATHER_STATION,VALID
2025-07-01 23:00:00,WX-MASTER,0.0,8.891,30.65,WEATHER_STATION,VALID
2025-07-02 00:00:00,WX-MASTER,0.0,9.499,27.98,WEATHER_STATION,VALID
2025-07-02 01:00:00,WX-MASTER,0.0,9.206,25.26,WEATHER_STATION,VALID
2025-07-02 02:00:00,WX-MASTER,0.0,7.588,27.3,WEATHER_STATION,VALID
2025-07-02 03:00:00,WX-MASTER,0.0,11.122,26.16,WEATHER_STATION,VALID
2025-07-02 04:00:00,WX-MASTER,0.0,9.03,24.52,WEATHER_STATION,VALID
2025-07-02 05:00:00,WX-MASTER,0.0,7.6,23.44,WEATHER_STATION,VALID
2025-07-02 06:00:00,WX-MASTER,0.0,8.731,22.08,WEATHER_STATION,VALID
2025-07-02 07:00:00,WX-MASTER,0.2166,8.259,23.17,WEATHER_STATION,VALID
2025-07-02 08:00:00,WX-MASTER,0.432,7.437,22.43,WEATHER_STATION,VALID
2025-07-02 09:00:00,WX-MASTER,0.6866,7.034,24.76,WEATHER_STATION,VALID
2025-07-02 10:00:00,WX-MASTER,0.7835,8.472,24.57,WEATHER_STATION,VALID
2025-07-02 11:00:00,WX-MASTER,0.7743,9.257,23.93,WEATHER_STATION,VALID
2025-07-02 12:00:00,WX-MASTER,1.0485,4.239,25.86,WEATHER_STATION,VALID
2025-07-02 13:00:00,WX-MASTER,0.9332,8.423,25.95,WEATHER_STATION,VALID
2025-07-02 14:00:00,WX-MASTER,0.8676,6.855,26.66,WEATHER_STATION,VALID
2025-07-02 15:00:00,WX-MASTER,0.6447,7.21,27.82,WEATHER_STATION,VALID
2025-07-02 16:00:00,WX-MASTER,0.556,8.795,30.86,WEATHER_STATION,VALID
2025-07-02 17:00:00,WX-MASTER,0.2722,3.775,30.23,WEATHER_STATION,VALID
2025-07-02 18:00:00,WX-MASTER,0.0,8.514,29.66,WEATHER_STATION,VALID
2025-07-02 19:00:00,WX-MASTER,0.0,9.376,31.44,WEATHER_STATION,VALID
2025-07-02 20:00:00,WX-MASTER,0.0,7.074,31.51,WEATHER_STATION,VALID
2025-07-02 21:00:00,WX-MASTER,0.0,6.408,30.68,WEATHER_STATION,VALID
2025-07-02 22:00:00,WX-MASTER,0.0,10.575,29.62,WEATHER_STATION,VALID
2025-07-02 23:00:00,WX-MASTER,0.0,6.341,28.99,WEATHER_STATION,VALID
2025-07-03 00:00:00,WX-MASTER,0.0,9.276,27.41,WEATHER_STATION,VALID
2025-07-03 01:00:00,WX-MASTER,0.0,10.124,28.08,WEATHER_STATION,VALID
2025-07-03 02:00:00,WX-MASTER,0.0,9.304,26.22,WEATHER_STATION,VALID
2025-07-03 03:00:00,WX-MASTER,0.0,9.449,25.52,WEATHER_STATION,VALID
2025-07-03 04:00:00,WX-MASTER,0.0,8.235,25.95,WEATHER_STATION,VALID
2025-07-03 05:00:00,WX-MASTER,0.0,8.993,26.5,WEATHER_STATION,VALID
2025-07-03 06:00:00,WX-MASTER,0.0,7.241,24.37,WEATHER_STATION,VALID
2025-07-03 07:00:00,WX-MASTER,0.245,7.156,23.45,WEATHER_STATION,VALID
2025-07-03 08:00:00,WX-MASTER,0.259,7.694,23.43,WEATHER_STATION,VALID
2025-07-03 09:00:00,WX-MASTER,0.6615,5.395,24.94,WEATHER_STATION,VALID
2025-07-03 10:00:00,WX-MASTER,0.4814,7.924,24.39,WEATHER_STATION,VALID
2025-07-03 11:00:00,WX-MASTER,1.0191,3.768,24.71,WEATHER_STATION,VALID
2025-07-03 12:00:00,WX-MASTER,0.9202,7.339,25.52,WEATHER_STATION,VALID
2025-07-03 13:00:00,WX-MASTER,1.0191,7.4,24.33,WEATHER_STATION,VALID
2025-07-03 14:00:00,WX-MASTER,0.7779,5.779,27.42,WEATHER_STATION,VALID
2025-07-03 15:00:00,WX-MASTER,0.7146,5.28,26.81,WEATHER_STATION,VALID
2025-07-03 16:00:00,WX-MASTER,0.5127,6.489,29.18,WEATHER_STATION,VALID
2025-07-03 17:00:00,WX-MASTER,0.2319,8.04,28.55,WEATHER_STATION,VALID
2025-07-03 18:00:00,WX-MASTER,0.0,7.887,30.69,WEATHER_STATION,VALID
2025-07-03 19:00:00,WX-MASTER,0.0,6.246,30.15,WEATHER_STATION,VALID
2025-07-03 20:00:00,WX-MASTER,0.0,8.089,29.08,WEATHER_STATION,VALID
2025-07-03 21:00:00,WX-MASTER,0.0,8.543,29.99,WEATHER_STATION,VALID
2025-07-03 22:00:00,WX-MASTER,0.0,8.711,32.63,WEATHER_STATION,VALID
2025-07-03 23:00:00,WX-MASTER,0.0,7.324,26.7,WEATHER_STATION,VALID
2025-07-04 00:00:00,WX-MASTER,0.0,8.917,28.87,WEATHER_STATION,VALID
2025-07-04 01:00:00,WX-MASTER,0.0,9.969,26.62,WEATHER_STATION,VALID
2025-07-04 02:00:00,WX-MASTER,0.0,9.469,28.57,WEATHER_STATION,VALID
2025-07-04 03:00:00,WX-MASTER,0.0,9.232,27.0,WEATHER_STATION,VALID
2025-07-04 04:00:00,WX-MASTER,0.0,10.697,25.4,WEATHER_STATION,VALID
2025-07-04 05:00:00,WX-MASTER,0.0,8.591,25.55,WEATHER_STATION,VALID
2025-07-04 06:00:00,WX-MASTER,0.0,7.05,24.18,WEATHER_STATION,VALID
2025-07-04 07:00:00,WX-MASTER,0.2624,6.801,23.55,WEATHER_STATION,VALID
2025-07-04 08:00:00,WX-MASTER,0.46,7.859,22.7,WEATHER_STATION,VALID
2025-07-04 09:00:00,WX-MASTER,0.7506,5.51,23.11,WEATHER_STATION,VALID
2025-07-04 10:00:00,WX-MASTER,0.8402,6.752,23.33,WEATHER_STATION,VALID
2025-07-04 11:00:00,WX-MASTER,0.7674,7.579,24.46,WEATHER_STATION,VALID
2025-07-04 12:00:00,WX-MASTER,0.9093,8.373,22.9,WEATHER_STATION,VALID
2025-07-04 13:00:00,WX-MASTER,0.7574,4.781,27.25,WEATHER_STATION,VALID
2025-07-04 14:00:00,WX-MASTER,0.8203,6.923,29.26,WEATHER_STATION,VALID
2025-07-04 15:00:00,WX-MASTER,0.5722,6.778,27.31,WEATHER_STATION,VALID
2025-07-04 16:00:00,WX-MASTER,0.545,7.051,30.08,WEATHER_STATION,VALID
2025-07-04 17:00:00,WX-MASTER,0.2951,7.375,29.24,WEATHER_STATION,VALID
2025-07-04 18:00:00,WX-MASTER,0.0,7.379,29.23,WEATHER_STATION,VALID
2025-07-04 19:00:00,WX-MASTER,0.0,9.483,29.85,WEATHER_STATION,VALID
2025-07-04 20:00:00,WX-MASTER,0.0,9.552,30.53,WEATHER_STATION,VALID
2025-07-04 21:00:00,WX-MASTER,0.0,10.971,29.44,WEATHER_STATION,VALID
2025-07-04 22:00:00,WX-MASTER,0.0,8.394,30.68,WEATHER_STATION,VALID
2025-07-04 23:00:00,WX-MASTER,0.0,8.055,28.77,WEATHER_STATION,VALID
2025-07-05 00:00:00,WX-MASTER,0.0,7.438,27.35,WEATHER_STATION,VALID
2025-07-05 01:00:00,WX-MASTER,0.0,8.083,27.77,WEATHER_STATION,VALID
2025-07-05 02:00:00,WX-MASTER,0.0,9.681,26.06,WEATHER_STATION,VALID
2025-07-05 03:00:00,WX-MASTER,0.0,9.808,25.59,WEATHER_STATION,VALID
2025-07-05 04:00:00,WX-MASTER,0.0,9.422,25.08,WEATHER_STATION,VALID
2025-07-05 05:00:00,WX-MASTER,0.0,7.492,22.81,WEATHER_STATION,VALID
2025-07-05 06:00:00,WX-MASTER,0.0,7.27,25.61,WEATHER_STATION,VALID
2025-07-05 07:00:00,WX-MASTER,0.2841,10.416,24.49,WEATHER_STATION,VALID
2025-07-05 08:00:00,WX-MASTER,0.582,6.53,22.64,WEATHER_STATION,VALID
2025-07-05 09:00:00,WX-MASTER,0.6964,9.203,23.49,WEATHER_STATION,VALID
2025-07-05 10:00:00,WX-MASTER,0.7566,7.664,24.62,WEATHER_STATION,VALID
2025-07-05 11:00:00,WX-MASTER,0.8781,6.005,24.67,WEATHER_STATION,VALID
2025-07-05 12:00:00,WX-MASTER,0.7937,5.292,27.4,WEATHER_STATION,VALID
2025-07-05 13:00:00,WX-MASTER,0.9415,5.874,25.7,WEATHER_STATION,VALID
2025-07-05 14:00:00,WX-MASTER,0.8771,7.319,28.32,WEATHER_STATION,VALID
2025-07-05 15:00:00,WX-MASTER,0.7857,5.666,26.2,WEATHER_STATION,VALID
2025-07-05 16:00:00,WX-MASTER,0.481,9.005,27.22,WEATHER_STATION,VALID
2025-07-05 17:00:00,WX-MASTER,0.2753,6.903,31.39,WEATHER_STATION,VALID
2025-07-05 18:00:00,WX-MASTER,0.0,8.312,29.4,WEATHER_STATION,VALID
2025-07-05 19:00:00,WX-MASTER,0.0,8.461,28.87,WEATHER_STATION,VALID
2025-07-05 20:00:00,WX-MASTER,0.0,10.025,30.33,WEATHER_STATION,VALID
2025-07-05 21:00:00,WX-MASTER,0.0,7.598,31.79,WEATHER_STATION,VALID
2025-07-05 22:00:00,WX-MASTER,0.0,8.528,29.01,WEATHER_STATION,VALID
2025-07-05 23:00:00,WX-MASTER,0.0,6.749,29.32,WEATHER_STATION,VALID
2025-07-06 00:00:00,WX-MASTER,0.0,8.812,26.39,WEATHER_STATION,VALID
2025-07-06 01:00:00,WX-MASTER,0.0,10.222,27.2,WEATHER_STATION,VALID
2025-07-06 02:00:00,WX-MASTER,0.0,9.02,28.06,WEATHER_STATION,VALID
2025-07-06 03:00:00,WX-MASTER,0.0,11.668,25.01,WEATHER_STATION,VALID
2025-07-06 04:00:00,WX-MASTER,0.0,9.201,23.58,WEATHER_STATION,VALID
2025-07-06 05:00:00,WX-MASTER,0.0,7.635,23.45,WEATHER_STATION,VALID
2025-07-06 06:00:00,WX-MASTER,0.0,8.701,23.1,WEATHER_STATION,VALID
2025-07-06 07:00:00,WX-MASTER,0.2606,5.952,24.4,WEATHER_STATION,VALID
2025-07-06 08:00:00,WX-MASTER,0.5818,6.555,23.82,WEATHER_STATION,VALID
2025-07-06 09:00:00,WX-MASTER,0.762,5.761,24.17,WEATHER_STATION,VALID
2025-07-06 10:00:00,WX-MASTER,0.7643,7.141,23.86,WEATHER_STATION,VALID
2025-07-06 11:00:00,WX-MASTER,0.9515,6.861,23.64,WEATHER_STATION,VALID
2025-07-06 12:00:00,WX-MASTER,0.9532,8.381,24.18,WEATHER_STATION,VALID
2025-07-06 13:00:00,WX-MASTER,0.8517,6.623,26.47,WEATHER_STATION,VALID
2025-07-06 14:00:00,WX-MASTER,0.8917,5.454,28.77,WEATHER_STATION,VALID
2025-07-06 15:00:00,WX-MASTER,0.7248,8.858,26.64,WEATHER_STATION,VALID
2025-07-06 16:00:00,WX-MASTER,0.5272,3.138,27.39,WEATHER_STATION,VALID
2025-07-06 17:00:00,WX-MASTER,0.2821,7.205,27.97,WEATHER_STATION,VALID
2025-07-06 18:00:00,WX-MASTER,0.0,7.666,30.89,WEATHER_STATION,VALID
2025-07-06 19:00:00,WX-MASTER,0.0,7.624,30.19,WEATHER_STATION,VALID
2025-07-06 20:00:00,WX-MASTER,0.0,8.548,31.03,WEATHER_STATION,VALID
2025-07-06 21:00:00,WX-MASTER,0.0,8.293,29.63,WEATHER_STATION,VALID
2025-07-06 22:00:00,WX-MASTER,0.0,9.021,30.63,WEATHER_STATION,VALID
2025-07-06 23:00:00,WX-MASTER,0.0,7.77,28.99,WEATHER_STATION,VALID
2025-07-07 00:00:00,WX-MASTER,0.0,6.763,26.73,WEATHER_STATION,VALID
2025-07-07 01:00:00,WX-MASTER,0.0,8.661,28.84,WEATHER_STATION,VALID
2025-07-07 02:00:00,WX-MASTER,0.0,7.381,26.79,WEATHER_STATION,VALID
2025-07-07 03:00:00,WX-MASTER,0.0,7.696,25.55,WEATHER_STATION,VALID
2025-07-07 04:00:00,WX-MASTER,0.0,10.017,25.42,WEATHER_STATION,VALID
2025-07-07 05:00:00,WX-MASTER,0.0,10.344,22.62,WEATHER_STATION,VALID
2025-07-07 06:00:00,WX-MASTER,0.0,9.575,24.32,WEATHER_STATION,VALID
2025-07-07 07:00:00,WX-MASTER,0.2415,9.081,22.73,WEATHER_STATION,VALID
2025-07-07 08:00:00,WX-MASTER,0.4886,7.653,23.14,WEATHER_STATION,VALID
2025-07-07 09:00:00,WX-MASTER,0.5345,8.645,24.82,WEATHER_STATION,VALID
2025-07-07 10:00:00,WX-MASTER,0.8455,7.564,24.57,WEATHER_STATION,VALID
2025-07-07 11:00:00,WX-MASTER,0.853,9.453,24.14,WEATHER_STATION,VALID
2025-07-07 12:00:00,WX-MASTER,0.7788,5.602,24.96,WEATHER_STATION,VALID
2025-07-07 13:00:00,WX-MASTER,1.0067,7.608,22.85,WEATHER_STATION,VALID
2025-07-07 14:00:00,WX-MASTER,0.7083,5.096,25.84,WEATHER_STATION,VALID
2025-07-07 15:00:00,WX-MASTER,0.755,7.694,27.94,WEATHER_STATION,VALID
2025-07-07 16:00:00,WX-MASTER,0.4763,4.713,27.66,WEATHER_STATION,VALID
2025-07-07 17:00:00,WX-MASTER,0.3199,5.559,27.71,WEATHER_STATION,VALID
2025-07-07 18:00:00,WX-MASTER,0.0,5.698,30.44,WEATHER_STATION,VALID
2025-07-07 19:00:00,WX-MASTER,0.0,7.946,31.78,WEATHER_STATION,VALID
2025-07-07 20:00:00,WX-MASTER,0.0,8.341,29.46,WEATHER_STATION,VALID
2025-07-07 21:00:00,WX-MASTER,0.0,11.316,31.26,WEATHER_STATION,VALID
2025-07-07 22:00:00,WX-MASTER,0.0,8.235,30.73,WEATHER_STATION,VALID
2025-07-07 23:00:00,WX-MASTER,0.0,9.538,28.13,WEATHER_STATION,VALID
2025-07-08 00:00:00,WX-MASTER,0.0,8.85,27.68,WEATHER_STATION,VALID
2025-07-08 01:00:00,WX-MASTER,0.0,9.598,29.87,WEATHER_STATION,VALID
2025-07-08 02:00:00,WX-MASTER,0.0,8.884,25.46,WEATHER_STATION,VALID
2025-07-08 03:00:00,WX-MASTER,0.0,10.054,25.16,WEATHER_STATION,VALID
2025-07-08 04:00:00,WX-MASTER,0.0,7.12,27.41,WEATHER_STATION,VALID
2025-07-08 05:00:00,WX-MASTER,0.0,5.118,23.64,WEATHER_STATION,VALID
2025-07-08 06:00:00,WX-MASTER,0.0,8.614,25.39,WEATHER_STATION,VALID
2025-07-08 07:00:00,WX-MASTER,0.2303,5.471,22.19,WEATHER_STATION,VALID
2025-07-08 08:00:00,WX-MASTER,0.4564,9.262,23.46,WEATHER_STATION,VALID
2025-07-08 09:00:00,WX-MASTER,0.7189,6.593,24.72,WEATHER_STATION,VALID
2025-07-08 10:00:00,WX-MASTER,0.8116,5.733,23.21,WEATHER_STATION,VALID
2025-07-08 11:00:00,WX-MASTER,0.9084,10.413,24.44,WEATHER_STATION,VALID
2025-07-08 12:00:00,WX-MASTER,1.0304,6.753,25.94,WEATHER_STATION,VALID
2025-07-08 13:00:00,WX-MASTER,0.786,6.442,24.81,WEATHER_STATION,VALID
2025-07-08 14:00:00,WX-MASTER,0.8029,7.693,29.49,WEATHER_STATION,VALID
2025-07-08 15:00:00,WX-MASTER,0.7092,7.854,28.95,WEATHER_STATION,VALID
2025-07-08 16:00:00,WX-MASTER,0.4759,8.41,28.12,WEATHER_STATION,VALID
2025-07-08 17:00:00,WX-MASTER,0.3197,5.385,28.99,WEATHER_STATION,VALID
2025-07-08 18:00:00,WX-MASTER,0.0,8.043,32.12,WEATHER_STATION,VALID
2025-07-08 19:00:00,WX-MASTER,0.0,7.219,29.75,WEATHER_STATION,VALID
2025-07-08 20:00:00,WX-MASTER,0.0,6.664,29.73,WEATHER_STATION,VALID
2025-07-08 21:00:00,WX-MASTER,0.0,8.174,31.56,WEATHER_STATION,VALID
2025-07-08 22:00:00,WX-MASTER,0.0,5.98,28.15,WEATHER_STATION,VALID
2025-07-08 23:00:00,WX-MASTER,0.0,9.715,29.18,WEATHER_STATION,VALID
2025-07-09 00:00:00,WX-MASTER,0.0,8.244,28.62,WEATHER_STATION,VALID
2025-07-09 01:00:00,WX-MASTER,0.0,8.063,26.83,WEATHER_STATION,VALID
2025-07-09 02:00:00,WX-MASTER,0.0,8.499,24.89,WEATHER_STATION,VALID
2025-07-09 03:00:00,WX-MASTER,0.0,8.387,25.95,WEATHER_STATION,VALID
2025-07-09 04:00:00,WX-MASTER,0.0,9.953,25.84,WEATHER_STATION,VALID
2025-07-09 05:00:00,WX-MASTER,0.0,6.857,23.48,WEATHER_STATION,VALID
2025-07-09 06:00:00,WX-MASTER,0.0,7.555,22.32,WEATHER_STATION,VALID
2025-07-09 07:00:00,WX-MASTER,0.2537,7.517,24.89,WEATHER_STATION,VALID
2025-07-09 08:00:00,WX-MASTER,0.546,6.153,23.9,WEATHER_STATION,VALID
2025-07-09 09:00:00,WX-MASTER,0.6964,7.494,22.95,WEATHER_STATION,VALID
2025-07-09 10:00:00,WX-MASTER,0.585,6.123,24.84,WEATHER_STATION,VALID
2025-07-09 11:00:00,WX-MASTER,1.0169,5.058,24.58,WEATHER_STATION,VALID
2025-07-09 12:00:00,WX-MASTER,0.9401,7.442,27.17,WEATHER_STATION,VALID
2025-07-09 13:00:00,WX-MASTER,0.8214,8.707,26.66,WEATHER_STATION,VALID
2025-07-09 14:00:00,WX-MASTER,0.9116,6.765,25.1,WEATHER_STATION,VALID
2025-07-09 15:00:00,WX-MASTER,0.6442,6.64,26.88,WEATHER_STATION,VALID
2025-07-09 16:00:00,WX-MASTER,0.4766,6.748,27.79,WEATHER_STATION,VALID
2025-07-09 17:00:00,WX-MASTER,0.294,6.428,29.61,WEATHER_STATION,VALID
2025-07-09 18:00:00,WX-MASTER,0.0,8.849,29.44,WEATHER_STATION,VALID
2025-07-09 19:00:00,WX-MASTER,0.0,7.703,28.8,WEATHER_STATION,VALID
2025-07-09 20:00:00,WX-MASTER,0.0,5.01,30.98,WEATHER_STATION,VALID
2025-07-09 21:00:00,WX-MASTER,0.0,9.651,31.35,WEATHER_STATION,VALID
2025-07-09 22:00:00,WX-MASTER,0.0,9.556,29.68,WEATHER_STATION,VALID
2025-07-09 23:00:00,WX-MASTER,0.0,9.279,29.49,WEATHER_STATION,VALID
2025-07-10 00:00:00,WX-MASTER,0.0,5.021,27.33,WEATHER_STATION,VALID
2025-07-10 01:00:00,WX-MASTER,0.0,8.661,27.02,WEATHER_STATION,VALID
2025-07-10 02:00:00,WX-MASTER,0.0,9.821,26.16,WEATHER_STATION,VALID
2025-07-10 03:00:00,WX-MASTER,0.0,9.08,26.5,WEATHER_STATION,VALID
2025-07-10 04:00:00,WX-MASTER,0.0,8.717,25.29,WEATHER_STATION,VALID
2025-07-10 05:00:00,WX-MASTER,0.0,9.426,23.87,WEATHER_STATION,VALID
2025-07-10 06:00:00,WX-MASTER,0.0,8.214,23.26,WEATHER_STATION,VALID
2025-07-10 07:00:00,WX-MASTER,0.2884,9.344,21.0,WEATHER_STATION,VALID
2025-07-10 08:00:00,WX-MASTER,0.55,7.729,25.16,WEATHER_STATION,VALID
2025-07-10 09:00:00,WX-MASTER,0.7278,7.375,20.85,WEATHER_STATION,VALID
2025-07-10 10:00:00,WX-MASTER,0.8141,8.205,24.21,WEATHER_STATION,VALID
2025-07-10 11:00:00,WX-MASTER,1.0165,6.346,24.31,WEATHER_STATION,VALID
2025-07-10 12:00:00,WX-MASTER,0.9571,5.312,24.67,WEATHER_STATION,VALID
2025-07-10 13:00:00,WX-MASTER,0.9427,6.682,25.82,WEATHER_STATION,VALID
2025-07-10 14:00:00,WX-MASTER,0.9156,7.45,25.94,WEATHER_STATION,VALID
2025-07-10 15:00:00,WX-MASTER,0.7216,7.959,28.43,WEATHER_STATION,VALID
2025-07-10 16:00:00,WX-MASTER,0.4648,8.101,26.91,WEATHER_STATION,VALID
2025-07-10 17:00:00,WX-MASTER,0.2088,6.99,29.61,WEATHER_STATION,VALID
2025-07-10 18:00:00,WX-MASTER,0.0,7.086,28.96,WEATHER_STATION,VALID
2025-07-10 19:00:00,WX-MASTER,0.0,6.792,29.61,WEATHER_STATION,VALID
2025-07-10 20:00:00,WX-MASTER,0.0,8.148,29.76,WEATHER_STATION,VALID
2025-07-10 21:00:00,WX-MASTER,0.0,5.94,29.92,WEATHER_STATION,VALID
2025-07-10 22:00:00,WX-MASTER,0.0,8.326,30.37,WEATHER_STATION,VALID
2025-07-10 23:00:00,WX-MASTER,0.0,12.182,29.17,WEATHER_STATION,VALID
2025-07-11 00:00:00,WX-MASTER,0.0,6.629,29.58,WEATHER_STATION,VALID
2025-07-11 01:00:00,WX-MASTER,0.0,8.85,28.87,WEATHER_STATION,VALID
2025-07-11 02:00:00,WX-MASTER,0.0,9.131,27.08,WEATHER_STATION,VALID
2025-07-11 03:00:00,WX-MASTER,0.0,9.225,26.62,WEATHER_STATION,VALID
2025-07-11 04:00:00,WX-MASTER,0.0,7.175,27.39,WEATHER_STATION,VALID
2025-07-11 05:00:00,WX-MASTER,0.0,8.913,22.54,WEATHER_STATION,VALID
2025-07-11 06:00:00,WX-MASTER,0.0,7.319,24.97,WEATHER_STATION,VALID
2025-07-11 07:00:00,WX-MASTER,0.3193,5.905,25.18,WEATHER_STATION,VALID
2025-07-11 08:00:00,WX-MASTER,0.5275,8.737,23.73,WEATHER_STATION,VALID
2025-07-11 09:00:00,WX-MASTER,0.6724,8.113,25.61,WEATHER_STATION,VALID
2025-07-11 10:00:00,WX-MASTER,0.8898,5.769,25.8,WEATHER_STATION,VALID
2025-07-11 11:00:00,WX-MASTER,0.984,6.138,23.83,WEATHER_STATION,VALID
2025-07-11 12:00:00,WX-MASTER,0.8898,5.966,24.64,WEATHER_STATION,VALID
2025-07-11 13:00:00,WX-MASTER,0.9319,4.521,26.44,WEATHER_STATION,VALID
2025-07-11 14:00:00,WX-MASTER,0.9272,7.654,25.96,WEATHER_STATION,VALID
2025-07-11 15:00:00,WX-MASTER,0.7838,7.776,30.87,WEATHER_STATION,VALID
2025-07-11 16:00:00,WX-MASTER,0.5553,6.439,29.4,WEATHER_STATION,VALID
2025-07-11 17:00:00,WX-MASTER,0.2842,7.024,29.24,WEATHER_STATION,VALID
2025-07-11 18:00:00,WX-MASTER,0.0,7.438,28.05,WEATHER_STATION,VALID
2025-07-11 19:00:00,WX-MASTER,0.0,7.861,30.39,WEATHER_STATION,VALID
2025-07-11 20:00:00,WX-MASTER,0.0,6.052,28.78,WEATHER_STATION,VALID
2025-07-11 21:00:00,WX-MASTER,0.0,8.689,31.0,WEATHER_STATION,VALID
2025-07-11 22:00:00,WX-MASTER,0.0,6.749,26.74,WEATHER_STATION,VALID
2025-07-11 23:00:00,WX-MASTER,0.0,9.344,30.84,WEATHER_STATION,VALID
2025-07-12 00:00:00,WX-MASTER,0.0,7.18,27.92,WEATHER_STATION,VALID
2025-07-12 01:00:00,WX-MASTER,0.0,6.936,25.55,WEATHER_STATION,VALID
2025-07-12 02:00:00,WX-MASTER,0.0,8.584,26.66,WEATHER_STATION,VALID
2025-07-12 03:00:00,WX-MASTER,0.0,8.482,25.79,WEATHER_STATION,VALID
2025-07-12 04:00:00,WX-MASTER,0.0,8.547,24.85,WEATHER_STATION,VALID
2025-07-12 05:00:00,WX-MASTER,0.0,7.063,25.86,WEATHER_STATION,VALID
2025-07-12 06:00:00,WX-MASTER,0.0,8.258,24.1,WEATHER_STATION,VALID
2025-07-12 07:00:00,WX-MASTER,0.3192,8.127,24.25,WEATHER_STATION,VALID
2025-07-12 08:00:00,WX-MASTER,0.3586,8.995,22.88,WEATHER_STATION,VALID
2025-07-12 09:00:00,WX-MASTER,0.6191,7.47,23.81,WEATHER_STATION,VALID
2025-07-12 10:00:00,WX-MASTER,0.9285,6.227,22.08,WEATHER_STATION,VALID
2025-07-12 11:00:00,WX-MASTER,0.9566,5.074,24.51,WEATHER_STATION,VALID
2025-07-12 12:00:00,WX-MASTER,0.8152,4.711,24.02,WEATHER_STATION,VALID
2025-07-12 13:00:00,WX-MASTER,0.8954,7.058,27.35,WEATHER_STATION,VALID
2025-07-12 14:00:00,WX-MASTER,0.8284,7.675,26.77,WEATHER_STATION,VALID
2025-07-12 15:00:00,WX-MASTER,0.757,5.56,28.38,WEATHER_STATION,VALID
2025-07-12 16:00:00,WX-MASTER,0.5803,7.184,28.74,WEATHER_STATION,VALID
2025-07-12 17:00:00,WX-MASTER,0.2945,6.814,31.32,WEATHER_STATION,VALID
2025-07-12 18:00:00,WX-MASTER,0.0,8.204,27.84,WEATHER_STATION,VALID
2025-07-12 19:00:00,WX-MASTER,0.0,8.649,29.92,WEATHER_STATION,VALID
2025-07-12 20:00:00,WX-MASTER,0.0,4.838,29.02,WEATHER_STATION,VALID
2025-07-12 21:00:00,WX-MASTER,0.0,9.377,27.6,WEATHER_STATION,VALID
2025-07-12 22:00:00,WX-MASTER,0.0,8.586,28.48,WEATHER_STATION,VALID
2025-07-12 23:00:00,WX-MASTER,0.0,7.748,30.56,WEATHER_STATION,VALID
2025-07-13 00:00:00,WX-MASTER,0.0,7.89,28.36,WEATHER_STATION,VALID
2025-07-13 01:00:00,WX-MASTER,0.0,8.648,27.29,WEATHER_STATION,VALID
2025-07-13 02:00:00,WX-MASTER,0.0,7.946,27.57,WEATHER_STATION,VALID
2025-07-13 03:00:00,WX-MASTER,0.0,7.31,25.88,WEATHER_STATION,VALID
2025-07-13 04:00:00,WX-MASTER,0.0,7.472,25.63,WEATHER_STATION,VALID
2025-07-13 05:00:00,WX-MASTER,0.0,6.852,24.56,WEATHER_STATION,VALID
2025-07-13 06:00:00,WX-MASTER,0.0,9.725,24.27,WEATHER_STATION,VALID
2025-07-13 07:00:00,WX-MASTER,0.2642,7.794,22.73,WEATHER_STATION,VALID
2025-07-13 08:00:00,WX-MASTER,0.58,10.389,24.4,WEATHER_STATION,VALID
2025-07-13 09:00:00,WX-MASTER,0.6478,7.692,21.81,WEATHER_STATION,VALID
2025-07-13 10:00:00,WX-MASTER,0.8998,7.752,23.51,WEATHER_STATION,VALID
2025-07-13 11:00:00,WX-MASTER,0.8972,5.426,25.49,WEATHER_STATION,VALID
2025-07-13 12:00:00,WX-MASTER,0.9205,6.397,24.71,WEATHER_STATION,VALID
2025-07-13 13:00:00,WX-MASTER,0.8183,6.713,25.22,WEATHER_STATION,VALID
2025-07-13 14:00:00,WX-MASTER,0.8168,5.796,29.39,WEATHER_STATION,VALID
2025-07-13 15:00:00,WX-MASTER,0.6365,6.093,29.25,WEATHER_STATION,VALID
2025-07-13 16:00:00,WX-MASTER,0.2539,7.379,28.57,WEATHER_STATION,VALID
2025-07-13 17:00:00,WX-MASTER,0.2754,7.593,27.96,WEATHER_STATION,VALID
2025-07-13 18:00:00,WX-MASTER,0.0,5.512,27.23,WEATHER_STATION,VALID
2025-07-13 19:00:00,WX-MASTER,0.0,7.873,30.88,WEATHER_STATION,VALID
2025-07-13 20:00:00,WX-MASTER,0.0,8.484,31.67,WEATHER_STATION,VALID
2025-07-13 21:00:00,WX-MASTER,0.0,7.248,30.5,WEATHER_STATION,VALID
2025-07-13 22:00:00,WX-MASTER,0.0,7.339,27.62,WEATHER_STATION,VALID
2025-07-13 23:00:00,WX-MASTER,0.0,8.993,29.31,WEATHER_STATION,VALID
2025-07-14 00:00:00,WX-MASTER,0.0,5.18,27.78,WEATHER_STATION,VALID
2025-07-14 01:00:00,WX-MASTER,0.0,8.589,27.72,WEATHER_STATION,VALID
2025-07-14 02:00:00,WX-MASTER,0.0,10.706,28.95,WEATHER_STATION,VALID
2025-07-14 03:00:00,WX-MASTER,0.0,5.133,26.66,WEATHER_STATION,VALID
2025-07-14 04:00:00,WX-MASTER,0.0,9.442,25.56,WEATHER_STATION,VALID
2025-07-14 05:00:00,WX-MASTER,0.0,8.892,24.09,WEATHER_STATION,VALID
2025-07-14 06:00:00,WX-MASTER,0.0,6.086,24.08,WEATHER_STATION,VALID
2025-07-14 07:00:00,WX-MASTER,0.2613,8.378,22.37,WEATHER_STATION,VALID
2025-07-14 08:00:00,WX-MASTER,0.5797,8.742,23.78,WEATHER_STATION,VALID
2025-07-14 09:00:00,WX-MASTER,0.7592,5.66,23.0,WEATHER_STATION,VALID
2025-07-14 10:00:00,WX-MASTER,0.4199,6.047,22.6,WEATHER_STATION,VALID
2025-07-14 11:00:00,WX-MASTER,0.9754,6.82,25.12,WEATHER_STATION,VALID
2025-07-14 12:00:00,WX-MASTER,1.0435,7.932,22.19,WEATHER_STATION,VALID
2025-07-14 13:00:00,WX-MASTER,0.8225,5.895,25.06,WEATHER_STATION,VALID
2025-07-14 14:00:00,WX-MASTER,0.5953,6.55,27.35,WEATHER_STATION,VALID
2025-07-14 15:00:00,WX-MASTER,0.6599,5.813,28.99,WEATHER_STATION,VALID
2025-07-14 16:00:00,WX-MASTER,0.5443,6.845,28.93,WEATHER_STATION,VALID
2025-07-14 17:00:00,WX-MASTER,0.287,8.362,28.28,WEATHER_STATION,VALID
2025-07-14 18:00:00,WX-MASTER,0.0,7.368,29.59,WEATHER_STATION,VALID
2025-07-14 19:00:00,WX-MASTER,0.0,7.019,30.35,WEATHER_STATION,VALID
2025-07-14 20:00:00,WX-MASTER,0.0,7.702,31.99,WEATHER_STATION,VALID
2025-07-14 21:00:00,WX-MASTER,0.0,6.955,31.1,WEATHER_STATION,VALID
2025-07-14 22:00:00,WX-MASTER,0.0,6.926,30.76,WEATHER_STATION,VALID
2025-07-14 23:00:00,WX-MASTER,0.0,9.964,29.17,WEATHER_STATION,VALID
2025-07-15 00:00:00,WX-MASTER,0.0,10.634,27.05,WEATHER_STATION,VALID
2025-07-15 01:00:00,WX-MASTER,0.0,6.238,25.8,WEATHER_STATION,VALID
2025-07-15 02:00:00,WX-MASTER,0.0,9.318,26.22,WEATHER_STATION,VALID
2025-07-15 03:00:00,WX-MASTER,0.0,9.605,26.52,WEATHER_STATION,VALID
2025-07-15 04:00:00,WX-MASTER,0.0,6.777,24.23,WEATHER_STATION,VALID
2025-07-15 05:00:00,WX-MASTER,0.0,7.551,24.8,WEATHER_STATION,VALID
2025-07-15 06:00:00,WX-MASTER,0.0,7.185,22.6,WEATHER_STATION,VALID
2025-07-15 07:00:00,WX-MASTER,0.2367,10.153,22.44,WEATHER_STATION,VALID
2025-07-15 08:00:00,WX-MASTER,0.5024,9.569,24.78,WEATHER_STATION,VALID
2025-07-15 09:00:00,WX-MASTER,0.6486,5.972,24.12,WEATHER_STATION,VALID
2025-07-15 10:00:00,WX-MASTER,0.9189,5.05,23.19,WEATHER_STATION,VALID
2025-07-15 11:00:00,WX-MASTER,0.9264,7.771,23.11,WEATHER_STATION,VALID
2025-07-15 12:00:00,WX-MASTER,0.9501,7.348,25.97,WEATHER_STATION,VALID
2025-07-15 13:00:00,WX-MASTER,0.8263,8.196,26.73,WEATHER_STATION,VALID
2025-07-15 14:00:00,WX-MASTER,0.8104,5.208,27.35,WEATHER_STATION,VALID
2025-07-15 15:00:00,WX-MASTER,0.7197,7.598,27.28,WEATHER_STATION,VALID
2025-07-15 16:00:00,WX-MASTER,0.5527,5.842,27.02,WEATHER_STATION,VALID
2025-07-15 17:00:00,WX-MASTER,0.2794,7.792,29.04,WEATHER_STATION,VALID
2025-07-15 18:00:00,WX-MASTER,0.0,7.162,31.31,WEATHER_STATION,VALID
2025-07-15 19:00:00,WX-MASTER,0.0,9.935,28.88,WEATHER_STATION,VALID
2025-07-15 20:00:00,WX-MASTER,0.0,8.306,30.14,WEATHER_STATION,VALID
2025-07-15 21:00:00,WX-MASTER,0.0,7.567,31.93,WEATHER_STATION,VALID
2025-07-15 22:00:00,WX-MASTER,0.0,8.378,29.25,WEATHER_STATION,VALID
2025-07-15 23:00:00,WX-MASTER,0.0,8.248,28.91,WEATHER_STATION,VALID
2025-07-16 00:00:00,WX-MASTER,0.0,6.984,26.68,WEATHER_STATION,VALID
2025-07-16 01:00:00,WX-MASTER,0.0,11.049,28.21,WEATHER_STATION,VALID
2025-07-16 02:00:00,WX-MASTER,0.0,10.619,25.67,WEATHER_STATION,VALID
2025-07-16 03:00:00,WX-MASTER,0.0,8.239,23.78,WEATHER_STATION,VALID
2025-07-16 04:00:00,WX-MASTER,0.0,9.242,23.66,WEATHER_STATION,VALID
2025-07-16 05:00:00,WX-MASTER,0.0,10.811,24.33,WEATHER_STATION,VALID
2025-07-16 06:00:00,WX-MASTER,0.0,9.523,21.63,WEATHER_STATION,VALID
2025-07-16 07:00:00,WX-MASTER,0.2651,7.262,21.51,WEATHER_STATION,VALID
2025-07-16 08:00:00,WX-MASTER,0.2433,7.286,23.73,WEATHER_STATION,VALID
2025-07-16 09:00:00,WX-MASTER,0.6267,4.917,23.09,WEATHER_STATION,VALID
2025-07-16 10:00:00,WX-MASTER,0.7691,7.934,22.43,WEATHER_STATION,VALID
2025-07-16 11:00:00,WX-MASTER,1.0134,8.362,23.69,WEATHER_STATION,VALID
2025-07-16 12:00:00,WX-MASTER,1.0094,8.245,26.89,WEATHER_STATION,VALID
2025-07-16 13:00:00,WX-MASTER,0.863,7.47,27.19,WEATHER_STATION,VALID
2025-07-16 14:00:00,WX-MASTER,0.846,7.022,26.43,WEATHER_STATION,VALID
2025-07-16 15:00:00,WX-MASTER,0.7039,5.34,28.44,WEATHER_STATION,VALID
2025-07-16 16:00:00,WX-MASTER,0.3491,7.188,28.45,WEATHER_STATION,VALID
2025-07-16 17:00:00,WX-MASTER,0.2546,6.14,26.9,WEATHER_STATION,VALID
2025-07-16 18:00:00,WX-MASTER,0.0,7.873,27.24,WEATHER_STATION,VALID
2025-07-16 19:00:00,WX-MASTER,0.0,6.451,28.84,WEATHER_STATION,VALID
2025-07-16 20:00:00,WX-MASTER,0.0,8.379,28.16,WEATHER_STATION,VALID
2025-07-16 21:00:00,WX-MASTER,0.0,9.675,30.26,WEATHER_STATION,VALID
2025-07-16 22:00:00,WX-MASTER,0.0,8.669,28.93,WEATHER_STATION,VALID
2025-07-16 23:00:00,WX-MASTER,0.0,8.786,29.54,WEATHER_STATION,VALID
2025-07-17 00:00:00,WX-MASTER,0.0,9.651,28.8,WEATHER_STATION,VALID
2025-07-17 01:00:00,WX-MASTER,0.0,10.828,28.26,WEATHER_STATION,VALID
2025-07-17 02:00:00,WX-MASTER,0.0,8.381,25.41,WEATHER_STATION,VALID
17/07/2025 03:00,WX-MASTER,0.0,9.125,26.24,WEATHER_STATION,VALID
2025-07-17 04:00:00,WX-MASTER,0.0,10.277,23.63,WEATHER_STATION,VALID
2025-07-17 05:00:00,WX-MASTER,0.0,8.993,24.9,WEATHER_STATION,VALID
2025-07-17 06:00:00,WX-MASTER,0.0,5.291,24.96,WEATHER_STATION,VALID
2025-07-17 07:00:00,WX-MASTER,0.2818,6.711,24.01,WEATHER_STATION,VALID
2025-07-17 08:00:00,WX-MASTER,0.4695,8.356,22.81,WEATHER_STATION,VALID
2025-07-17 09:00:00,WX-MASTER,0.759,6.609,23.82,WEATHER_STATION,VALID
2025-07-17 10:00:00,WX-MASTER,0.8919,8.779,21.65,WEATHER_STATION,VALID
2025-07-17 11:00:00,WX-MASTER,0.8924,9.141,21.94,WEATHER_STATION,VALID
2025-07-17 12:00:00,WX-MASTER,0.8958,5.833,25.34,WEATHER_STATION,VALID
2025-07-17 13:00:00,WX-MASTER,0.8862,5.196,27.19,WEATHER_STATION,VALID
2025-07-17 14:00:00,WX-MASTER,0.8109,6.074,25.05,WEATHER_STATION,VALID
2025-07-17 15:00:00,WX-MASTER,0.6862,6.072,27.45,WEATHER_STATION,VALID
2025-07-17 16:00:00,WX-MASTER,0.5022,8.749,28.8,WEATHER_STATION,VALID
2025-07-17 17:00:00,WX-MASTER,0.2896,5.595,28.26,WEATHER_STATION,VALID
2025-07-17 18:00:00,WX-MASTER,0.0,8.135,29.15,WEATHER_STATION,VALID
2025-07-17 19:00:00,WX-MASTER,0.0,9.228,30.64,WEATHER_STATION,VALID
2025-07-17 20:00:00,WX-MASTER,0.0,8.749,30.16,WEATHER_STATION,VALID
2025-07-17 21:00:00,WX-MASTER,0.0,8.502,30.04,WEATHER_STATION,VALID
2025-07-17 22:00:00,WX-MASTER,0.0,7.947,28.38,WEATHER_STATION,VALID
2025-07-17 23:00:00,WX-MASTER,0.0,10.742,28.96,WEATHER_STATION,VALID
2025-07-18 00:00:00,WX-MASTER,0.0,8.125,27.77,WEATHER_STATION,VALID
2025-07-18 01:00:00,WX-MASTER,0.0,9.739,26.99,WEATHER_STATION,VALID
2025-07-18 02:00:00,WX-MASTER,0.0,8.294,25.85,WEATHER_STATION,VALID
2025-07-18 03:00:00,WX-MASTER,0.0,6.033,25.56,WEATHER_STATION,VALID
2025-07-18 04:00:00,WX-MASTER,0.0,7.941,23.7,WEATHER_STATION,VALID
2025-07-18 05:00:00,WX-MASTER,0.0,7.9,24.04,WEATHER_STATION,VALID
2025-07-18 06:00:00,WX-MASTER,0.0,7.688,23.03,WEATHER_STATION,VALID
2025-07-18 07:00:00,WX-MASTER,0.2652,6.762,22.0,WEATHER_STATION,VALID
2025-07-18 08:00:00,WX-MASTER,0.5222,8.173,20.66,WEATHER_STATION,VALID
2025-07-18 09:00:00,WX-MASTER,0.7808,8.067,24.25,WEATHER_STATION,VALID
2025-07-18 10:00:00,WX-MASTER,0.8462,6.488,24.36,WEATHER_STATION,VALID
2025-07-18 11:00:00,WX-MASTER,1.0122,6.297,23.05,WEATHER_STATION,VALID
2025-07-18 12:00:00,WX-MASTER,1.0411,5.214,25.56,WEATHER_STATION,VALID
2025-07-18 13:00:00,WX-MASTER,0.932,6.848,24.36,WEATHER_STATION,VALID
2025-07-18 14:00:00,WX-MASTER,0.7325,8.315,26.13,WEATHER_STATION,VALID
2025-07-18 15:00:00,WX-MASTER,0.7704,8.389,26.77,WEATHER_STATION,VALID
2025-07-18 16:00:00,WX-MASTER,0.4298,5.953,27.91,WEATHER_STATION,VALID
2025-07-18 17:00:00,WX-MASTER,0.3181,9.509,29.75,WEATHER_STATION,VALID
2025-07-18 18:00:00,WX-MASTER,0.0,6.678,29.04,WEATHER_STATION,VALID
2025-07-18 19:00:00,WX-MASTER,0.0,6.082,29.47,WEATHER_STATION,VALID
2025-07-18 20:00:00,WX-MASTER,0.0,5.893,30.89,WEATHER_STATION,VALID
2025-07-18 21:00:00,WX-MASTER,0.0,6.515,29.95,WEATHER_STATION,VALID
2025-07-18 22:00:00,WX-MASTER,0.0,8.572,28.82,WEATHER_STATION,VALID
2025-07-18 23:00:00,WX-MASTER,0.0,7.983,29.26,WEATHER_STATION,VALID
2025-07-19 00:00:00,WX-MASTER,0.0,7.601,29.41,WEATHER_STATION,VALID
2025-07-19 01:00:00,WX-MASTER,0.0,7.383,28.64,WEATHER_STATION,VALID
2025-07-19 02:00:00,WX-MASTER,0.0,7.067,24.88,WEATHER_STATION,VALID
2025-07-19 03:00:00,WX-MASTER,0.0,7.249,24.03,WEATHER_STATION,VALID
2025-07-19 04:00:00,WX-MASTER,0.0,9.591,25.91,WEATHER_STATION,VALID
2025-07-19 05:00:00,WX-MASTER,0.0,10.427,23.65,WEATHER_STATION,VALID
2025-07-19 06:00:00,WX-MASTER,0.0,10.278,20.79,WEATHER_STATION,VALID
2025-07-19 07:00:00,WX-MASTER,0.2911,8.493,22.21,WEATHER_STATION,VALID
2025-07-19 08:00:00,WX-MASTER,0.5157,6.699,22.44,WEATHER_STATION,VALID
2025-07-19 09:00:00,WX-MASTER,0.5755,6.22,22.71,WEATHER_STATION,VALID
2025-07-19 10:00:00,WX-MASTER,0.703,7.848,24.35,WEATHER_STATION,VALID
2025-07-19 11:00:00,WX-MASTER,0.8971,6.364,22.88,WEATHER_STATION,VALID
2025-07-19 12:00:00,WX-MASTER,1.0404,7.094,25.84,WEATHER_STATION,VALID
2025-07-19 13:00:00,WX-MASTER,0.9517,9.007,25.9,WEATHER_STATION,VALID
2025-07-19 14:00:00,WX-MASTER,0.6671,6.785,24.92,WEATHER_STATION,VALID
2025-07-19 15:00:00,WX-MASTER,0.46,9.537,26.99,WEATHER_STATION,VALID
2025-07-19 16:00:00,WX-MASTER,0.5523,5.246,28.81,WEATHER_STATION,VALID
2025-07-19 17:00:00,WX-MASTER,0.2787,7.481,28.99,WEATHER_STATION,VALID
2025-07-19 18:00:00,WX-MASTER,0.0,7.537,29.95,WEATHER_STATION,VALID
2025-07-19 19:00:00,WX-MASTER,0.0,6.103,29.14,WEATHER_STATION,VALID
2025-07-19 20:00:00,WX-MASTER,0.0,8.685,30.63,WEATHER_STATION,VALID
2025-07-19 21:00:00,WX-MASTER,0.0,9.884,29.37,WEATHER_STATION,VALID
2025-07-19 22:00:00,WX-MASTER,0.0,10.98,32.55,WEATHER_STATION,VALID
2025-07-19 23:00:00,WX-MASTER,0.0,8.832,27.36,WEATHER_STATION,VALID
2025-07-20 00:00:00,WX-MASTER,0.0,5.932,31.42,WEATHER_STATION,VALID
2025-07-20 01:00:00,WX-MASTER,0.0,9.084,26.2,WEATHER_STATION,VALID
2025-07-20 02:00:00,WX-MASTER,0.0,9.423,27.96,WEATHER_STATION,VALID
2025-07-20 03:00:00,WX-MASTER,0.0,8.08,26.52,WEATHER_STATION,VALID
2025-07-20 04:00:00,WX-MASTER,0.0,8.53,23.59,WEATHER_STATION,VALID
2025-07-20 05:00:00,WX-MASTER,0.0,7.433,24.68,WEATHER_STATION,VALID
2025-07-20 06:00:00,WX-MASTER,0.0,7.659,22.81,WEATHER_STATION,VALID
2025-07-20 07:00:00,WX-MASTER,0.2631,8.902,23.39,WEATHER_STATION,VALID
2025-07-20 08:00:00,WX-MASTER,0.4804,9.124,23.11,WEATHER_STATION,VALID
2025-07-20 09:00:00,WX-MASTER,0.6858,5.415,22.64,WEATHER_STATION,VALID
2025-07-20 10:00:00,WX-MASTER,0.8245,6.18,22.89,WEATHER_STATION,VALID
2025-07-20 11:00:00,WX-MASTER,0.8581,4.599,24.37,WEATHER_STATION,VALID
2025-07-20 12:00:00,WX-MASTER,0.9192,8.928,23.6,WEATHER_STATION,VALID
2025-07-20 13:00:00,WX-MASTER,0.3405,7.608,24.49,WEATHER_STATION,VALID
2025-07-20 14:00:00,WX-MASTER,0.834,3.881,27.58,WEATHER_STATION,VALID
2025-07-20 15:00:00,WX-MASTER,0.5156,6.471,27.86,WEATHER_STATION,VALID
2025-07-20 16:00:00,WX-MASTER,0.5776,6.322,26.62,WEATHER_STATION,VALID
2025-07-20 17:00:00,WX-MASTER,0.2769,5.896,27.71,WEATHER_STATION,VALID
2025-07-20 18:00:00,WX-MASTER,0.0,8.455,26.9,WEATHER_STATION,VALID
2025-07-20 19:00:00,WX-MASTER,0.0,8.679,30.91,WEATHER_STATION,VALID
2025-07-20 20:00:00,WX-MASTER,0.0,7.973,30.76,WEATHER_STATION,VALID
2025/07/20 21:00,WX-MASTER,0.0,7.039,28.51,WEATHER_STATION,VALID
2025-07-20 22:00:00,WX-MASTER,0.0,7.273,30.25,WEATHER_STATION,VALID
2025-07-20 23:00:00,WX-MASTER,0.0,8.334,31.29,WEATHER_STATION,VALID
2025-07-21 00:00:00,WX-MASTER,0.0,,26.31,WEATHER_STATION,VALID
2025-07-21 01:00:00,WX-MASTER,0.0,8.436,26.57,WEATHER_STATION,VALID
2025-07-21 02:00:00,WX-MASTER,0.0,9.163,24.53,WEATHER_STATION,VALID
2025-07-21 03:00:00,WX-MASTER,0.0,6.371,26.64,WEATHER_STATION,VALID
2025-07-21 04:00:00,WX-MASTER,0.0,7.243,24.54,WEATHER_STATION,VALID
2025-07-21 05:00:00,WX-MASTER,0.0,7.997,23.45,WEATHER_STATION,VALID
2025-07-21 06:00:00,WX-MASTER,0.0,9.847,23.65,WEATHER_STATION,VALID
2025-07-21 07:00:00,WX-MASTER,0.2223,8.657,22.36,WEATHER_STATION,VALID
2025-07-21 08:00:00,WX-MASTER,0.4515,7.292,22.43,WEATHER_STATION,VALID
2025-07-21 09:00:00,WX-MASTER,0.63,7.569,23.36,WEATHER_STATION,VALID
2025-07-21 10:00:00,WX-MASTER,0.676,6.691,22.64,WEATHER_STATION,VALID
2025-07-21 11:00:00,WX-MASTER,0.5148,8.043,23.37,WEATHER_STATION,VALID
2025-07-21 12:00:00,WX-MASTER,0.3468,7.081,24.47,WEATHER_STATION,VALID
2025/07/21 13:00,WX-MASTER,0.7968,8.118,25.61,WEATHER_STATION,VALID
2025-07-21 14:00:00,WX-MASTER,0.9236,4.699,27.13,WEATHER_STATION,VALID
2025-07-21 15:00:00,WX-MASTER,0.7202,5.486,28.01,WEATHER_STATION,VALID
2025-07-21 16:00:00,WX-MASTER,0.5216,7.026,26.36,WEATHER_STATION,VALID
2025-07-21 17:00:00,WX-MASTER,0.2509,7.5,30.57,WEATHER_STATION,VALID
2025-07-21 18:00:00,WX-MASTER,0.0,10.207,29.51,WEATHER_STATION,VALID
2025-07-21 19:00:00,WX-MASTER,0.0,4.99,29.39,WEATHER_STATION,VALID
2025-07-21 20:00:00,WX-MASTER,0.0,7.559,28.82,WEATHER_STATION,VALID
2025-07-21 21:00:00,WX-MASTER,0.0,7.751,32.17,WEATHER_STATION,VALID
2025-07-21 22:00:00,WX-MASTER,0.0,8.384,32.27,WEATHER_STATION,VALID
2025-07-21 23:00:00,WX-MASTER,0.0,10.509,31.12,WEATHER_STATION,VALID
2025-07-22 00:00:00,WX-MASTER,0.0,9.499,28.27,WEATHER_STATION,VALID
2025-07-22 01:00:00,WX-MASTER,0.0,6.337,27.7,WEATHER_STATION,VALID
2025-07-22 02:00:00,WX-MASTER,0.0,10.41,28.17,WEATHER_STATION,VALID
2025-07-22 03:00:00,WX-MASTER,0.0,10.301,25.18,WEATHER_STATION,VALID
2025-07-22 04:00:00,WX-MASTER,0.0,8.55,25.28,WEATHER_STATION,VALID
2025-07-22 05:00:00,WX-MASTER,0.0,5.916,24.18,WEATHER_STATION,VALID
2025-07-22 06:00:00,WX-MASTER,0.0,7.593,25.65,WEATHER_STATION,VALID
2025-07-22 07:00:00,WX-MASTER,0.3173,8.146,24.72,WEATHER_STATION,VALID
2025-07-22 08:00:00,WX-MASTER,0.4304,8.572,22.71,WEATHER_STATION,VALID
2025-07-22 09:00:00,WX-MASTER,0.642,4.724,24.83,WEATHER_STATION,VALID
2025-07-22 10:00:00,WX-MASTER,0.771,5.802,23.34,WEATHER_STATION,VALID
2025-07-22 11:00:00,WX-MASTER,0.4589,8.049,23.25,WEATHER_STATION,VALID
2025-07-22 12:00:00,WX-MASTER,0.7618,8.448,24.29,WEATHER_STATION,VALID
2025-07-22 13:00:00,WX-MASTER,0.9513,6.994,25.65,WEATHER_STATION,VALID
2025-07-22 14:00:00,WX-MASTER,0.876,7.933,25.44,WEATHER_STATION,VALID
2025-07-22 15:00:00,WX-MASTER,0.7274,7.105,26.66,WEATHER_STATION,VALID
2025-07-22 16:00:00,WX-MASTER,0.4631,7.9,26.4,WEATHER_STATION,VALID
2025-07-22 17:00:00,WX-MASTER,0.2836,7.026,27.87,WEATHER_STATION,VALID
2025-07-22 18:00:00,WX-MASTER,0.0,7.69,29.69,WEATHER_STATION,VALID
2025-07-22 19:00:00,WX-MASTER,0.0,5.731,31.01,WEATHER_STATION,VALID
2025-07-22 20:00:00,WX-MASTER,0.0,8.519,30.97,WEATHER_STATION,VALID
2025-07-22 21:00:00,WX-MASTER,0.0,6.203,30.27,WEATHER_STATION,VALID
2025-07-22 22:00:00,WX-MASTER,0.0,8.992,27.57,WEATHER_STATION,VALID
2025-07-22 23:00:00,WX-MASTER,0.0,7.664,27.82,WEATHER_STATION,VALID
2025-07-23 00:00:00,WX-MASTER,0.0,8.82,27.86,WEATHER_STATION,VALID
2025-07-23 01:00:00,WX-MASTER,0.0,7.162,28.41,WEATHER_STATION,VALID
2025-07-23 02:00:00,WX-MASTER,0.0,7.741,25.68,WEATHER_STATION,VALID
2025-07-23 03:00:00,WX-MASTER,0.0,8.801,23.98,WEATHER_STATION,VALID
2025-07-23 04:00:00,WX-MASTER,0.0,9.168,26.34,WEATHER_STATION,VALID
2025-07-23 05:00:00,WX-MASTER,0.0,9.42,22.99,WEATHER_STATION,VALID
2025-07-23 06:00:00,WX-MASTER,0.0,6.274,21.96,WEATHER_STATION,VALID
2025-07-23 07:00:00,WX-MASTER,0.2476,5.564,23.24,WEATHER_STATION,VALID
2025-07-23 08:00:00,WX-MASTER,0.4808,5.987,22.79,WEATHER_STATION,VALID
2025-07-23 09:00:00,WX-MASTER,0.7094,5.619,22.37,WEATHER_STATION,VALID
2025-07-23 10:00:00,WX-MASTER,0.7617,8.818,23.32,WEATHER_STATION,VALID
2025-07-23 11:00:00,WX-MASTER,0.8667,8.343,22.76,WEATHER_STATION,VALID
2025-07-23 12:00:00,WX-MASTER,0.9626,5.179,23.99,WEATHER_STATION,VALID
2025-07-23 13:00:00,WX-MASTER,0.86,8.636,25.4,WEATHER_STATION,VALID
2025-07-23 14:00:00,WX-MASTER,0.8367,8.083,23.91,WEATHER_STATION,VALID
2025-07-23 15:00:00,WX-MASTER,0.7782,4.373,28.4,WEATHER_STATION,VALID
2025-07-23 16:00:00,WX-MASTER,0.5011,5.288,26.45,WEATHER_STATION,VALID
2025-07-23 17:00:00,WX-MASTER,0.3164,4.659,27.7,WEATHER_STATION,VALID
2025-07-23 18:00:00,WX-MASTER,0.0,6.932,30.58,WEATHER_STATION,VALID
2025-07-23 19:00:00,WX-MASTER,0.0,7.321,30.41,WEATHER_STATION,VALID
2025-07-23 20:00:00,WX-MASTER,0.0,7.579,29.95,WEATHER_STATION,VALID
2025-07-23 21:00:00,WX-MASTER,0.0,5.175,27.68,WEATHER_STATION,VALID
2025-07-23 22:00:00,WX-MASTER,0.0,6.178,28.65,WEATHER_STATION,VALID
2025-07-23 23:00:00,WX-MASTER,0.0,8.552,28.56,WEATHER_STATION,VALID
2025-07-24 00:00:00,WX-MASTER,0.0,9.127,27.9,WEATHER_STATION,VALID
2025-07-24 01:00:00,WX-MASTER,0.0,5.754,28.6,WEATHER_STATION,VALID
2025-07-24 02:00:00,WX-MASTER,0.0,6.709,28.71,WEATHER_STATION,VALID
07-24-2025 03:00,WX-MASTER,0.0,9.63,26.15,WEATHER_STATION,VALID
2025-07-24 04:00:00,WX-MASTER,0.0,6.574,23.93,WEATHER_STATION,VALID
2025-07-24 05:00:00,WX-MASTER,0.0,7.958,25.3,WEATHER_STATION,VALID
2025-07-24 06:00:00,WX-MASTER,0.0,6.033,22.58,WEATHER_STATION,VALID
2025-07-24 07:00:00,WX-MASTER,0.2861,8.575,19.79,WEATHER_STATION,VALID
2025-07-24 08:00:00,WX-MASTER,0.576,4.611,21.32,WEATHER_STATION,VALID
2025-07-24 09:00:00,WX-MASTER,0.7776,6.587,20.09,WEATHER_STATION,VALID
2025-07-24 10:00:00,WX-MASTER,0.8852,7.982,22.83,WEATHER_STATION,VALID
2025-07-24 11:00:00,WX-MASTER,0.8004,7.372,23.63,WEATHER_STATION,VALID
2025-07-24 12:00:00,WX-MASTER,0.8677,5.85,22.66,WEATHER_STATION,VALID
2025-07-24 13:00:00,WX-MASTER,0.8837,5.483,24.39,WEATHER_STATION,VALID
2025-07-24 14:00:00,WX-MASTER,0.7482,6.095,24.61,WEATHER_STATION,VALID
2025-07-24 15:00:00,WX-MASTER,0.7258,4.794,27.07,WEATHER_STATION,VALID
2025-07-24 16:00:00,WX-MASTER,0.5298,6.476,27.05,WEATHER_STATION,VALID
2025-07-24 17:00:00,WX-MASTER,0.2478,6.687,30.01,WEATHER_STATION,VALID
2025-07-24 18:00:00,WX-MASTER,0.0,6.48,29.55,WEATHER_STATION,VALID
2025-07-24 19:00:00,WX-MASTER,0.0,8.577,31.63,WEATHER_STATION,VALID
2025-07-24 20:00:00,WX-MASTER,0.0,6.146,29.27,WEATHER_STATION,VALID
2025-07-24 21:00:00,WX-MASTER,0.0,5.573,32.27,WEATHER_STATION,VALID
2025-07-24 22:00:00,WX-MASTER,0.0,7.329,29.35,WEATHER_STATION,VALID
2025-07-24 23:00:00,WX-MASTER,0.0,8.353,28.16,WEATHER_STATION,VALID
2025-07-25 00:00:00,WX-MASTER,0.0,8.158,30.93,WEATHER_STATION,VALID
2025-07-25 01:00:00,WX-MASTER,0.0,8.162,25.0,WEATHER_STATION,VALID
2025-07-25 02:00:00,WX-MASTER,0.0,6.888,25.63,WEATHER_STATION,VALID
2025-07-25 03:00:00,WX-MASTER,0.0,7.002,23.39,WEATHER_STATION,VALID
2025-07-25 04:00:00,WX-MASTER,0.0,7.509,22.34,WEATHER_STATION,VALID
2025-07-25 05:00:00,WX-MASTER,0.0,7.218,21.34,WEATHER_STATION,VALID
2025-07-25 06:00:00,WX-MASTER,0.0,9.154,24.0,WEATHER_STATION,VALID
2025-07-25 07:00:00,WX-MASTER,0.2901,7.816,21.32,WEATHER_STATION,VALID
2025-07-25 08:00:00,WX-MASTER,0.5756,6.52,22.49,WEATHER_STATION,VALID
2025-07-25 09:00:00,WX-MASTER,0.7664,8.385,23.98,WEATHER_STATION,VALID
2025-07-25 10:00:00,WX-MASTER,0.8756,7.318,23.82,WEATHER_STATION,VALID
2025-07-25 11:00:00,WX-MASTER,0.8047,4.793,24.31,WEATHER_STATION,VALID
2025-07-25 12:00:00,WX-MASTER,1.036,2.218,26.0,WEATHER_STATION,VALID
2025-07-25 13:00:00,WX-MASTER,0.9436,4.646,27.32,WEATHER_STATION,VALID
2025-07-25 14:00:00,WX-MASTER,0.7818,7.149,24.79,WEATHER_STATION,VALID
2025-07-25 15:00:00,WX-MASTER,0.6388,7.608,27.78,WEATHER_STATION,VALID
2025-07-25 16:00:00,WX-MASTER,0.5239,4.426,27.71,WEATHER_STATION,VALID
2025-07-25 17:00:00,WX-MASTER,0.23,7.629,28.59,WEATHER_STATION,VALID
2025-07-25 18:00:00,WX-MASTER,0.0,7.809,27.51,WEATHER_STATION,VALID
2025-07-25 19:00:00,WX-MASTER,0.0,9.069,29.03,WEATHER_STATION,VALID
2025-07-25 20:00:00,WX-MASTER,0.0,8.752,29.28,WEATHER_STATION,VALID
2025-07-25 21:00:00,WX-MASTER,0.0,9.525,31.39,WEATHER_STATION,VALID
2025-07-25 22:00:00,WX-MASTER,0.0,8.625,27.94,WEATHER_STATION,VALID
2025-07-25 23:00:00,WX-MASTER,0.0,-2.0,25.9,WEATHER_STATION,VALID
2025-07-26 00:00:00,WX-MASTER,0.0,7.836,28.01,WEATHER_STATION,VALID
2025-07-26 01:00:00,WX-MASTER,0.0,9.403,25.66,WEATHER_STATION,VALID
2025-07-26 02:00:00,WX-MASTER,0.0,6.599,26.1,WEATHER_STATION,VALID
2025-07-26 03:00:00,WX-MASTER,0.0,8.078,26.15,WEATHER_STATION,VALID
2025-07-26 04:00:00,WX-MASTER,0.0,8.824,24.39,WEATHER_STATION,VALID
2025-07-26 05:00:00,WX-MASTER,0.0,9.765,23.27,WEATHER_STATION,VALID
2025-07-26 06:00:00,WX-MASTER,0.0,7.084,23.04,WEATHER_STATION,VALID
2025-07-26 07:00:00,WX-MASTER,0.2552,8.708,23.9,WEATHER_STATION,VALID
2025-07-26 08:00:00,WX-MASTER,0.5051,6.934,21.38,WEATHER_STATION,VALID
2025-07-26 09:00:00,WX-MASTER,0.553,8.223,23.76,WEATHER_STATION,VALID
2025-07-26 10:00:00,WX-MASTER,0.9134,5.675,22.03,WEATHER_STATION,VALID
2025-07-26 11:00:00,WX-MASTER,1.0065,7.48,24.51,WEATHER_STATION,VALID
2025-07-26 12:00:00,WX-MASTER,0.9248,6.287,22.66,WEATHER_STATION,VALID
2025-07-26 13:00:00,WX-MASTER,0.6877,4.808,26.01,WEATHER_STATION,VALID
2025-07-26 14:00:00,WX-MASTER,0.8684,6.155,26.14,WEATHER_STATION,VALID
2025-07-26 15:00:00,WX-MASTER,0.6208,8.146,27.28,WEATHER_STATION,VALID
2025-07-26 16:00:00,WX-MASTER,0.4731,5.238,29.16,WEATHER_STATION,VALID
2025-07-26 17:00:00,WX-MASTER,0.299,4.822,27.75,WEATHER_STATION,VALID
2025-07-26 18:00:00,WX-MASTER,0.0,7.499,29.26,WEATHER_STATION,VALID
2025-07-26 19:00:00,WX-MASTER,0.0,5.053,30.01,WEATHER_STATION,VALID
2025-07-26 20:00:00,WX-MASTER,0.0,9.527,29.4,WEATHER_STATION,VALID
2025-07-26 21:00:00,WX-MASTER,0.0,9.745,30.5,WEATHER_STATION,VALID
2025-07-26 22:00:00,WX-MASTER,0.0,9.319,29.69,WEATHER_STATION,VALID
2025-07-26 23:00:00,WX-MASTER,0.0,8.135,28.04,WEATHER_STATION,VALID
2025-07-27 00:00:00,WX-MASTER,0.0,10.417,29.5,WEATHER_STATION,VALID
2025-07-27 01:00:00,WX-MASTER,0.0,10.064,27.82,WEATHER_STATION,VALID
2025-07-27 02:00:00,WX-MASTER,0.0,7.617,25.22,WEATHER_STATION,VALID
2025-07-27 03:00:00,WX-MASTER,0.0,10.107,24.31,WEATHER_STATION,VALID
2025/07/27 04:00,WX-MASTER,0.0,6.916,24.22,WEATHER_STATION,VALID
2025-07-27 05:00:00,WX-MASTER,0.0,7.656,24.3,WEATHER_STATION,VALID
2025-07-27 06:00:00,WX-MASTER,0.0,5.352,20.55,WEATHER_STATION,VALID
2025-07-27 07:00:00,WX-MASTER,0.2613,7.62,21.89,WEATHER_STATION,VALID
2025-07-27 08:00:00,WX-MASTER,0.5171,6.786,22.04,WEATHER_STATION,VALID
2025-07-27 09:00:00,WX-MASTER,0.2955,6.33,21.13,WEATHER_STATION,VALID
2025-07-27 10:00:00,WX-MASTER,0.913,6.48,21.98,WEATHER_STATION,VALID
2025-07-27 11:00:00,WX-MASTER,0.8225,5.761,23.92,WEATHER_STATION,VALID
2025-07-27 12:00:00,WX-MASTER,0.974,6.443,23.9,WEATHER_STATION,VALID
2025-07-27 13:00:00,WX-MASTER,0.9095,7.996,24.84,WEATHER_STATION,VALID
2025-07-27 14:00:00,WX-MASTER,0.6645,4.952,24.58,WEATHER_STATION,VALID
2025-07-27 15:00:00,WX-MASTER,0.7758,7.527,26.88,WEATHER_STATION,VALID
2025-07-27 16:00:00,WX-MASTER,0.4302,6.821,26.18,WEATHER_STATION,VALID
2025-07-27 17:00:00,WX-MASTER,0.2926,7.216,30.46,WEATHER_STATION,VALID
2025-07-27 18:00:00,WX-MASTER,0.0,6.919,31.36,WEATHER_STATION,VALID
2025-07-27 19:00:00,WX-MASTER,0.0,6.28,29.05,WEATHER_STATION,VALID
2025-07-27 20:00:00,WX-MASTER,0.0,8.052,28.39,WEATHER_STATION,VALID
2025-07-27 21:00:00,WX-MASTER,0.0,8.398,30.64,WEATHER_STATION,VALID
2025-07-27 22:00:00,WX-MASTER,0.0,6.907,29.98,WEATHER_STATION,VALID
2025-07-27 23:00:00,WX-MASTER,0.0,6.388,30.96,WEATHER_STATION,VALID
2025-07-28 00:00:00,WX-MASTER,0.0,8.342,30.53,WEATHER_STATION,VALID
2025-07-28 01:00:00,WX-MASTER,0.0,9.275,24.68,WEATHER_STATION,VALID
2025-07-28 02:00:00,WX-MASTER,0.0,9.594,27.6,WEATHER_STATION,VALID
2025-07-28 03:00:00,WX-MASTER,0.0,9.779,25.03,WEATHER_STATION,VALID
2025-07-28 04:00:00,WX-MASTER,0.0,8.562,25.12,WEATHER_STATION,VALID
2025-07-28 05:00:00,WX-MASTER,0.0,7.548,24.67,WEATHER_STATION,VALID
2025-07-28 06:00:00,WX-MASTER,0.0,7.659,24.06,WEATHER_STATION,VALID
2025-07-28 07:00:00,WX-MASTER,0.2529,5.792,24.03,WEATHER_STATION,VALID
2025-07-28 08:00:00,WX-MASTER,0.4945,6.26,22.03,WEATHER_STATION,VALID
2025-07-28 09:00:00,WX-MASTER,0.6645,6.827,21.68,WEATHER_STATION,VALID
2025-07-28 10:00:00,WX-MASTER,0.4637,6.327,24.6,WEATHER_STATION,VALID
2025-07-28 11:00:00,WX-MASTER,0.931,6.613,22.69,WEATHER_STATION,VALID
2025-07-28 12:00:00,WX-MASTER,0.9385,4.58,26.69,WEATHER_STATION,VALID
2025-07-28 13:00:00,WX-MASTER,0.7378,4.808,24.38,WEATHER_STATION,VALID
2025-07-28 14:00:00,WX-MASTER,0.6692,7.319,25.75,WEATHER_STATION,VALID
2025-07-28 15:00:00,WX-MASTER,0.7179,5.301,26.88,WEATHER_STATION,VALID
2025-07-28 16:00:00,WX-MASTER,0.464,5.641,26.11,WEATHER_STATION,VALID
2025-07-28 17:00:00,WX-MASTER,0.2888,6.832,26.84,WEATHER_STATION,VALID
2025-07-28 18:00:00,WX-MASTER,0.0,5.726,30.33,WEATHER_STATION,VALID
2025-07-28 19:00:00,WX-MASTER,0.0,8.629,27.52,WEATHER_STATION,VALID
2025-07-28 20:00:00,WX-MASTER,0.0,5.818,32.73,WEATHER_STATION,VALID
2025-07-28 21:00:00,WX-MASTER,0.0,7.704,29.47,WEATHER_STATION,VALID
2025-07-28 22:00:00,WX-MASTER,0.0,6.952,28.0,WEATHER_STATION,VALID
2025-07-28 23:00:00,WX-MASTER,0.0,8.309,29.19,WEATHER_STATION,VALID
2025-07-29 00:00:00,WX-MASTER,0.0,7.563,24.98,WEATHER_STATION,VALID
2025-07-29 01:00:00,WX-MASTER,0.0,8.241,26.68,WEATHER_STATION,VALID
2025-07-29 02:00:00,WX-MASTER,0.0,9.854,25.93,WEATHER_STATION,VALID
2025-07-29 03:00:00,WX-MASTER,0.0,7.299,23.75,WEATHER_STATION,VALID
2025-07-29 04:00:00,WX-MASTER,0.0,7.153,23.67,WEATHER_STATION,VALID
2025-07-29 05:00:00,WX-MASTER,0.0,7.458,25.54,WEATHER_STATION,VALID
2025-07-29 06:00:00,WX-MASTER,0.0,9.556,23.37,WEATHER_STATION,VALID
2025-07-29 07:00:00,WX-MASTER,0.2481,7.27,23.28,WEATHER_STATION,VALID
2025-07-29 08:00:00,WX-MASTER,0.4848,8.73,21.74,WEATHER_STATION,VALID
2025-07-29 09:00:00,WX-MASTER,0.4924,6.645,21.21,WEATHER_STATION,VALID
2025-07-29 10:00:00,WX-MASTER,0.8025,8.198,22.86,WEATHER_STATION,VALID
2025-07-29 11:00:00,WX-MASTER,0.873,7.001,20.76,WEATHER_STATION,VALID
2025-07-29 12:00:00,WX-MASTER,0.9958,7.066,23.11,WEATHER_STATION,VALID
2025-07-29 13:00:00,WX-MASTER,0.7089,4.417,23.77,WEATHER_STATION,VALID
2025-07-29 14:00:00,WX-MASTER,0.9146,4.23,23.73,WEATHER_STATION,VALID
2025-07-29 15:00:00,WX-MASTER,0.7465,7.754,27.86,WEATHER_STATION,VALID
2025-07-29 16:00:00,WX-MASTER,0.5737,7.873,27.77,WEATHER_STATION,VALID
2025-07-29 17:00:00,WX-MASTER,0.2779,9.834,27.91,WEATHER_STATION,VALID
2025-07-29 18:00:00,WX-MASTER,0.0,4.983,30.02,WEATHER_STATION,VALID
2025-07-29 19:00:00,WX-MASTER,0.0,7.8,27.59,WEATHER_STATION,VALID
2025-07-29 20:00:00,WX-MASTER,0.0,6.099,28.07,WEATHER_STATION,VALID
2025-07-29 21:00:00,WX-MASTER,0.0,6.718,30.9,WEATHER_STATION,VALID
2025-07-29 22:00:00,WX-MASTER,0.0,7.251,31.95,WEATHER_STATION,VALID
2025-07-29 23:00:00,WX-MASTER,0.0,8.581,29.48,WEATHER_STATION,VALID
2025-07-30 00:00:00,WX-MASTER,0.0,7.324,28.47,WEATHER_STATION,VALID
2025-07-30 01:00:00,WX-MASTER,0.0,8.293,26.36,WEATHER_STATION,VALID
2025-07-30 02:00:00,WX-MASTER,0.0,9.326,25.48,WEATHER_STATION,VALID
2025-07-30 03:00:00,WX-MASTER,0.0,9.637,25.52,WEATHER_STATION,VALID
2025-07-30 04:00:00,WX-MASTER,0.0,8.936,26.05,WEATHER_STATION,VALID
2025-07-30 05:00:00,WX-MASTER,0.0,8.434,24.19,WEATHER_STATION,VALID
2025-07-30 06:00:00,WX-MASTER,0.0,7.434,24.27,WEATHER_STATION,VALID
2025-07-30 07:00:00,WX-MASTER,0.2477,6.625,21.67,WEATHER_STATION,VALID
2025-07-30 08:00:00,WX-MASTER,0.5075,7.804,23.39,WEATHER_STATION,VALID
2025-07-30 09:00:00,WX-MASTER,0.7605,5.487,21.97,WEATHER_STATION,VALID
2025-07-30 10:00:00,WX-MASTER,0.8489,6.785,23.29,WEATHER_STATION,VALID
2025-07-30 11:00:00,WX-MASTER,0.9026,5.051,24.42,WEATHER_STATION,VALID
2025-07-30 12:00:00,WX-MASTER,1.0215,6.27,23.76,WEATHER_STATION,VALID
2025-07-30 13:00:00,WX-MASTER,0.8187,4.892,24.03,WEATHER_STATION,VALID
2025-07-30 14:00:00,WX-MASTER,0.815,5.747,26.59,WEATHER_STATION,VALID
2025-07-30 15:00:00,WX-MASTER,0.6841,5.462,26.9,WEATHER_STATION,VALID
2025-07-30 16:00:00,WX-MASTER,0.4928,5.44,28.07,WEATHER_STATION,VALID
2025-07-30 17:00:00,WX-MASTER,0.2675,6.551,29.42,WEATHER_STATION,VALID
2025-07-30 18:00:00,WX-MASTER,0.0,3.742,30.75,WEATHER_STATION,VALID
2025-07-30 19:00:00,WX-MASTER,0.0,4.804,30.33,WEATHER_STATION,VALID
2025-07-30 20:00:00,WX-MASTER,0.0,8.453,30.29,WEATHER_STATION,VALID
2025-07-30 21:00:00,WX-MASTER,0.0,7.85,28.93,WEATHER_STATION,VALID
2025-07-30 22:00:00,WX-MASTER,0.0,6.941,28.77,WEATHER_STATION,VALID
2025-07-30 23:00:00,WX-MASTER,0.0,9.328,29.17,WEATHER_STATION,VALID
2025-07-31 00:00:00,WX-MASTER,0.0,7.335,27.44,WEATHER_STATION,VALID
2025-07-31 01:00:00,WX-MASTER,0.0,7.474,27.57,WEATHER_STATION,VALID
2025-07-31 02:00:00,WX-MASTER,0.0,7.204,25.15,WEATHER_STATION,VALID
2025-07-31 03:00:00,WX-MASTER,0.0,10.628,27.53,WEATHER_STATION,VALID
2025-07-31 04:00:00,WX-MASTER,0.0,8.319,24.61,WEATHER_STATION,VALID
2025-07-31 05:00:00,WX-MASTER,0.0,8.079,23.8,WEATHER_STATION,VALID
2025-07-31 06:00:00,WX-MASTER,0.0,8.202,22.51,WEATHER_STATION,VALID
2025-07-31 07:00:00,WX-MASTER,0.2775,4.934,25.04,WEATHER_STATION,VALID
2025-07-31 08:00:00,WX-MASTER,0.5727,6.309,21.12,WEATHER_STATION,VALID
2025-07-31 09:00:00,WX-MASTER,0.6644,7.422,21.9,WEATHER_STATION,VALID
2025-07-31 10:00:00,WX-MASTER,0.9163,6.602,24.12,WEATHER_STATION,VALID
2025-07-31 11:00:00,WX-MASTER,0.8914,9.294,23.94,WEATHER_STATION,VALID
2025-07-31 12:00:00,WX-MASTER,0.9538,5.606,23.68,WEATHER_STATION,VALID
2025-07-31 13:00:00,WX-MASTER,0.8944,7.466,24.56,WEATHER_STATION,VALID
2025-07-31 14:00:00,WX-MASTER,0.8856,7.293,25.78,WEATHER_STATION,VALID
2025-07-31 15:00:00,WX-MASTER,0.6343,6.504,27.15,WEATHER_STATION,VALID
2025-07-31 16:00:00,WX-MASTER,0.4536,6.876,29.74,WEATHER_STATION,VALID
2025-07-31 17:00:00,WX-MASTER,0.2598,6.265,29.33,WEATHER_STATION,VALID
2025-07-31 18:00:00,WX-MASTER,0.0,4.306,30.38,WEATHER_STATION,VALID
2025-07-31 19:00:00,WX-MASTER,0.0,7.579,28.98,WEATHER_STATION,VALID
2025-07-31 20:00:00,WX-MASTER,0.0,7.943,30.24,WEATHER_STATION,VALID
2025-07-31 21:00:00,WX-MASTER,0.0,8.398,27.64,WEATHER_STATION,VALID
2025-07-31 22:00:00,WX-MASTER,0.0,7.942,29.37,WEATHER_STATION,VALID
2025-07-31 23:00:00,WX-MASTER,0.0,9.302,28.74,WEATHER_STATION,VALID
2025-08-01 00:00:00,WX-MASTER,0.0,7.018,30.03,WEATHER_STATION,VALID
2025-08-01 01:00:00,WX-MASTER,0.0,10.115,28.87,WEATHER_STATION,VALID
2025-08-01 02:00:00,WX-MASTER,0.0,6.916,25.79,WEATHER_STATION,VALID
2025-08-01 03:00:00,WX-MASTER,0.0,7.987,24.21,WEATHER_STATION,VALID
2025-08-01 04:00:00,WX-MASTER,0.0,8.877,23.4,WEATHER_STATION,VALID
2025-08-01 05:00:00,WX-MASTER,0.0,7.133,23.27,WEATHER_STATION,VALID
2025-08-01 06:00:00,WX-MASTER,0.0,8.548,24.63,WEATHER_STATION,VALID
2025-08-01 07:00:00,WX-MASTER,0.2712,6.875,23.21,WEATHER_STATION,VALID
2025-08-01 08:00:00,WX-MASTER,0.5654,7.213,23.22,WEATHER_STATION,VALID
2025-08-01 09:00:00,WX-MASTER,0.7724,6.573,23.69,WEATHER_STATION,VALID
2025-08-01 10:00:00,WX-MASTER,0.7283,5.836,21.87,WEATHER_STATION,VALID
2025-08-01 11:00:00,WX-MASTER,0.7894,9.332,22.77,WEATHER_STATION,VALID
2025-08-01 12:00:00,WX-MASTER,0.8261,5.188,24.97,WEATHER_STATION,VALID
2025-08-01 13:00:00,WX-MASTER,1.0013,3.246,24.26,WEATHER_STATION,VALID
2025-08-01 14:00:00,WX-MASTER,0.9018,5.179,24.27,WEATHER_STATION,VALID
2025-08-01 15:00:00,WX-MASTER,0.6742,6.467,25.7,WEATHER_STATION,VALID
2025-08-01 16:00:00,WX-MASTER,0.5088,5.942,29.11,WEATHER_STATION,VALID
2025-08-01 17:00:00,WX-MASTER,0.2543,7.945,28.12,WEATHER_STATION,VALID
2025-08-01 18:00:00,WX-MASTER,0.0,8.126,29.4,WEATHER_STATION,VALID
2025-08-01 19:00:00,WX-MASTER,0.0,6.689,28.24,WEATHER_STATION,VALID
2025-08-01 20:00:00,WX-MASTER,0.0,5.177,30.05,WEATHER_STATION,VALID
2025-08-01 21:00:00,WX-MASTER,0.0,5.946,29.15,WEATHER_STATION,VALID
2025-08-01 22:00:00,WX-MASTER,0.0,7.796,29.66,WEATHER_STATION,VALID
2025-08-01 23:00:00,WX-MASTER,0.0,5.984,28.0,WEATHER_STATION,VALID
2025-08-02 00:00:00,WX-MASTER,0.0,7.643,28.43,WEATHER_STATION,VALID
2025-08-02 01:00:00,WX-MASTER,0.0,10.031,26.34,WEATHER_STATION,VALID
2025-08-02 02:00:00,WX-MASTER,0.0,8.624,25.97,WEATHER_STATION,VALID
2025-08-02 03:00:00,WX-MASTER,0.0,8.164,24.84,WEATHER_STATION,VALID
2025-08-02 04:00:00,WX-MASTER,0.0,6.616,24.35,WEATHER_STATION,VALID
2025-08-02 05:00:00,WX-MASTER,0.0,8.017,23.93,WEATHER_STATION,VALID
2025-08-02 06:00:00,WX-MASTER,0.0,7.216,22.45,WEATHER_STATION,VALID
2025-08-02 07:00:00,WX-MASTER,0.2981,7.609,22.55,WEATHER_STATION,VALID
2025-08-02 08:00:00,WX-MASTER,0.5156,7.983,22.79,WEATHER_STATION,VALID
2025-08-02 09:00:00,WX-MASTER,0.579,7.954,23.3,WEATHER_STATION,VALID
2025-08-02 10:00:00,WX-MASTER,0.7815,6.731,22.95,WEATHER_STATION,VALID
2025-08-02 11:00:00,WX-MASTER,0.8782,7.049,22.53,WEATHER_STATION,VALID
2025-08-02 12:00:00,WX-MASTER,0.5154,5.592,24.42,WEATHER_STATION,VALID
2025-08-02 13:00:00,WX-MASTER,1.0004,7.668,25.97,WEATHER_STATION,VALID
2025-08-02 14:00:00,WX-MASTER,0.8519,5.048,24.47,WEATHER_STATION,VALID
2025-08-02 15:00:00,WX-MASTER,0.7717,6.005,25.39,WEATHER_STATION,VALID
2025-08-02 16:00:00,WX-MASTER,0.5207,8.017,27.03,WEATHER_STATION,VALID
2025-08-02 17:00:00,WX-MASTER,0.2809,5.972,28.32,WEATHER_STATION,VALID
2025-08-02 18:00:00,WX-MASTER,0.0,5.084,26.47,WEATHER_STATION,VALID
2025-08-02 19:00:00,WX-MASTER,0.0,6.547,30.14,WEATHER_STATION,VALID
2025-08-02 20:00:00,WX-MASTER,0.0,9.151,29.35,WEATHER_STATION,VALID
2025-08-02 21:00:00,WX-MASTER,0.0,4.64,26.63,WEATHER_STATION,VALID
2025-08-02 22:00:00,WX-MASTER,0.0,7.949,27.77,WEATHER_STATION,VALID
2025-08-02 23:00:00,WX-MASTER,0.0,7.172,28.19,WEATHER_STATION,VALID
2025-08-03 00:00:00,WX-MASTER,0.0,7.881,25.67,WEATHER_STATION,VALID
2025-08-03 01:00:00,WX-MASTER,0.0,7.708,28.12,WEATHER_STATION,VALID
2025-08-03 02:00:00,WX-MASTER,0.0,9.404,26.27,WEATHER_STATION,VALID
2025-08-03 03:00:00,WX-MASTER,0.0,8.153,25.95,WEATHER_STATION,VALID
2025-08-03 04:00:00,WX-MASTER,0.0,9.261,23.06,WEATHER_STATION,VALID
2025-08-03 05:00:00,WX-MASTER,0.0,9.428,24.06,WEATHER_STATION,VALID
2025-08-03 06:00:00,WX-MASTER,0.0,7.569,22.22,WEATHER_STATION,VALID
2025-08-03 07:00:00,WX-MASTER,0.3105,6.809,22.43,WEATHER_STATION,VALID
2025-08-03 08:00:00,WX-MASTER,0.4144,7.506,22.97,WEATHER_STATION,VALID
2025-08-03 09:00:00,WX-MASTER,0.6912,7.506,22.58,WEATHER_STATION,VALID
2025-08-03 10:00:00,WX-MASTER,0.9138,5.042,23.98,WEATHER_STATION,VALID
2025-08-03 11:00:00,WX-MASTER,0.4243,6.668,23.74,WEATHER_STATION,VALID
2025-08-03 12:00:00,WX-MASTER,0.9107,5.906,23.74,WEATHER_STATION,VALID
2025-08-03 13:00:00,WX-MASTER,0.7611,5.627,26.15,WEATHER_STATION,VALID
2025-08-03 14:00:00,WX-MASTER,0.9138,5.281,27.31,WEATHER_STATION,VALID
2025-08-03 15:00:00,WX-MASTER,0.6768,5.439,27.06,WEATHER_STATION,VALID
2025-08-03 16:00:00,WX-MASTER,0.5084,8.02,29.4,WEATHER_STATION,VALID
2025-08-03 17:00:00,WX-MASTER,0.3141,6.103,28.24,WEATHER_STATION,VALID
2025-08-03 18:00:00,WX-MASTER,0.0,8.292,28.92,WEATHER_STATION,VALID
2025-08-03 19:00:00,WX-MASTER,0.0,7.229,29.43,WEATHER_STATION,VALID
2025-08-03 20:00:00,WX-MASTER,0.0,5.847,29.39,WEATHER_STATION,VALID
2025-08-03 21:00:00,WX-MASTER,0.0,7.818,29.05,WEATHER_STATION,VALID
2025-08-03 22:00:00,WX-MASTER,0.0,6.249,28.22,WEATHER_STATION,VALID
2025-08-03 23:00:00,WX-MASTER,0.0,8.763,27.33,WEATHER_STATION,VALID
2025-08-04 00:00:00,WX-MASTER,0.0,7.807,27.9,WEATHER_STATION,VALID
2025-08-04 01:00:00,WX-MASTER,0.0,9.251,28.36,WEATHER_STATION,VALID
2025-08-04 02:00:00,WX-MASTER,0.0,9.997,27.0,WEATHER_STATION,VALID
2025-08-04 03:00:00,WX-MASTER,0.0,5.804,25.58,WEATHER_STATION,VALID
2025-08-04 04:00:00,WX-MASTER,0.0,7.325,25.77,WEATHER_STATION,VALID
2025-08-04 05:00:00,WX-MASTER,0.0,6.164,23.57,WEATHER_STATION,VALID
2025-08-04 06:00:00,WX-MASTER,0.0,10.313,21.8,WEATHER_STATION,VALID
2025-08-04 07:00:00,WX-MASTER,0.2451,6.682,22.22,WEATHER_STATION,VALID
2025-08-04 08:00:00,WX-MASTER,0.5606,5.283,22.45,WEATHER_STATION,VALID
2025-08-04 09:00:00,WX-MASTER,0.7703,9.655,22.02,WEATHER_STATION,VALID
2025-08-04 10:00:00,WX-MASTER,0.8717,5.575,23.72,WEATHER_STATION,VALID
2025-08-04 11:00:00,WX-MASTER,0.8756,4.23,24.67,WEATHER_STATION,VALID
2025-08-04 12:00:00,WX-MASTER,0.8674,4.707,22.19,WEATHER_STATION,VALID
2025-08-04 13:00:00,WX-MASTER,0.7934,6.337,24.94,WEATHER_STATION,VALID
2025-08-04 14:00:00,WX-MASTER,0.9129,6.216,22.53,WEATHER_STATION,VALID
2025-08-04 15:00:00,WX-MASTER,0.6684,5.143,26.81,WEATHER_STATION,VALID
2025-08-04 16:00:00,WX-MASTER,0.5706,5.735,27.65,WEATHER_STATION,VALID
2025-08-04 17:00:00,WX-MASTER,0.3138,6.623,30.62,WEATHER_STATION,VALID
2025-08-04 18:00:00,WX-MASTER,0.0,8.504,30.82,WEATHER_STATION,VALID
2025-08-04 19:00:00,WX-MASTER,0.0,7.47,30.52,WEATHER_STATION,VALID
2025-08-04 20:00:00,WX-MASTER,0.0,6.565,28.37,WEATHER_STATION,VALID
2025-08-04 21:00:00,WX-MASTER,0.0,7.251,28.18,WEATHER_STATION,VALID
2025-08-04 22:00:00,WX-MASTER,0.0,8.772,27.73,WEATHER_STATION,VALID
2025-08-04 23:00:00,WX-MASTER,0.0,10.136,30.33,WEATHER_STATION,VALID
2025-08-05 00:00:00,WX-MASTER,0.0,6.619,26.65,WEATHER_STATION,VALID
2025-08-05 01:00:00,WX-MASTER,0.0,9.565,26.44,WEATHER_STATION,VALID
2025-08-05 02:00:00,WX-MASTER,0.0,7.705,24.91,WEATHER_STATION,VALID
2025-08-05 03:00:00,WX-MASTER,0.0,5.927,23.58,WEATHER_STATION,VALID
2025-08-05 04:00:00,WX-MASTER,0.0,5.534,24.64,WEATHER_STATION,VALID
2025-08-05 05:00:00,WX-MASTER,0.0,9.449,23.7,WEATHER_STATION,VALID
2025-08-05 06:00:00,WX-MASTER,0.0,9.375,20.29,WEATHER_STATION,VALID
2025-08-05 07:00:00,WX-MASTER,0.2929,6.492,21.05,WEATHER_STATION,VALID
2025-08-05 08:00:00,WX-MASTER,0.5227,6.695,22.8,WEATHER_STATION,VALID
2025-08-05 09:00:00,WX-MASTER,0.7234,4.403,22.53,WEATHER_STATION,VALID
2025-08-05 10:00:00,WX-MASTER,0.912,7.488,22.48,WEATHER_STATION,VALID
2025-08-05 11:00:00,WX-MASTER,0.9725,6.28,24.24,WEATHER_STATION,VALID
2025-08-05 12:00:00,WX-MASTER,0.9157,4.173,22.51,WEATHER_STATION,VALID
2025-08-05 13:00:00,WX-MASTER,0.7722,6.395,24.37,WEATHER_STATION,VALID
2025-08-05 14:00:00,WX-MASTER,0.7557,4.328,26.61,WEATHER_STATION,VALID
2025-08-05 15:00:00,WX-MASTER,0.6655,6.932,26.12,WEATHER_STATION,VALID
2025-08-05 16:00:00,WX-MASTER,0.5186,4.935,28.12,WEATHER_STATION,VALID
2025-08-05 17:00:00,WX-MASTER,0.2634,6.97,27.09,WEATHER_STATION,VALID
2025-08-05 18:00:00,WX-MASTER,0.0,5.912,28.04,WEATHER_STATION,VALID
2025-08-05 19:00:00,WX-MASTER,0.0,3.939,27.23,WEATHER_STATION,VALID
2025-08-05 20:00:00,WX-MASTER,0.0,8.57,27.02,WEATHER_STATION,VALID
2025-08-05 21:00:00,WX-MASTER,0.0,8.892,28.8,WEATHER_STATION,VALID
2025-08-05 22:00:00,WX-MASTER,0.0,7.071,29.56,WEATHER_STATION,VALID
2025-08-05 23:00:00,WX-MASTER,0.0,8.286,28.33,WEATHER_STATION,VALID
2025-08-06 00:00:00,WX-MASTER,0.0,8.602,29.11,WEATHER_STATION,VALID
2025-08-06 01:00:00,WX-MASTER,0.0,8.706,26.4,WEATHER_STATION,VALID
2025-08-06 02:00:00,WX-MASTER,0.0,10.332,23.42,WEATHER_STATION,VALID
2025-08-06 03:00:00,WX-MASTER,0.0,8.558,25.47,WEATHER_STATION,VALID
2025-08-06 04:00:00,WX-MASTER,0.0,7.415,22.92,WEATHER_STATION,VALID
2025-08-06 05:00:00,WX-MASTER,0.0,8.248,23.64,WEATHER_STATION,VALID
2025-08-06 06:00:00,WX-MASTER,0.0,6.904,20.19,WEATHER_STATION,VALID
2025-08-06 07:00:00,WX-MASTER,0.2561,5.824,22.26,WEATHER_STATION,VALID
2025-08-06 08:00:00,WX-MASTER,0.4619,8.534,23.31,WEATHER_STATION,VALID
2025-08-06 09:00:00,WX-MASTER,0.7685,7.392,23.28,WEATHER_STATION,VALID
2025-08-06 10:00:00,WX-MASTER,0.8837,4.055,22.64,WEATHER_STATION,VALID
2025-08-06 11:00:00,WX-MASTER,0.9397,5.405,23.43,WEATHER_STATION,VALID
2025-08-06 12:00:00,WX-MASTER,0.9982,7.153,23.62,WEATHER_STATION,VALID
2025-08-06 13:00:00,WX-MASTER,0.695,4.074,24.7,WEATHER_STATION,VALID
2025-08-06 14:00:00,WX-MASTER,0.9111,5.133,26.72,WEATHER_STATION,VALID
2025-08-06 15:00:00,WX-MASTER,0.7096,9.645,25.97,WEATHER_STATION,VALID
2025-08-06 16:00:00,WX-MASTER,0.5592,5.89,26.93,WEATHER_STATION,VALID
2025-08-06 17:00:00,WX-MASTER,0.289,7.917,26.55,WEATHER_STATION,VALID
2025-08-06 18:00:00,WX-MASTER,0.0,8.689,29.77,WEATHER_STATION,VALID
2025-08-06 19:00:00,WX-MASTER,0.0,5.811,28.96,WEATHER_STATION,VALID
2025-08-06 20:00:00,WX-MASTER,0.0,7.599,27.95,WEATHER_STATION,VALID
2025-08-06 21:00:00,WX-MASTER,0.0,10.18,30.33,WEATHER_STATION,VALID
2025-08-06 22:00:00,WX-MASTER,0.0,8.324,28.88,WEATHER_STATION,VALID
2025-08-06 23:00:00,WX-MASTER,0.0,10.982,27.49,WEATHER_STATION,VALID
2025-08-07 00:00:00,WX-MASTER,0.0,7.182,28.7,WEATHER_STATION,VALID
2025-08-07 01:00:00,WX-MASTER,0.0,10.409,26.37,WEATHER_STATION,VALID
2025-08-07 02:00:00,WX-MASTER,0.0,,23.99,WEATHER_STATION,VALID
2025-08-07 03:00:00,WX-MASTER,0.0,7.568,26.12,WEATHER_STATION,VALID
2025-08-07 04:00:00,WX-MASTER,0.0,8.69,23.12,WEATHER_STATION,VALID
2025-08-07 05:00:00,WX-MASTER,0.0,7.525,27.03,WEATHER_STATION,VALID
2025-08-07 06:00:00,WX-MASTER,0.0,7.331,22.31,WEATHER_STATION,VALID
2025-08-07 07:00:00,WX-MASTER,0.2716,7.818,20.08,WEATHER_STATION,VALID
2025-08-07 08:00:00,WX-MASTER,0.5499,4.576,24.48,WEATHER_STATION,VALID
2025-08-07 09:00:00,WX-MASTER,0.6291,5.637,22.43,WEATHER_STATION,VALID
2025-08-07 10:00:00,WX-MASTER,0.8745,7.392,23.15,WEATHER_STATION,VALID
2025-08-07 11:00:00,WX-MASTER,0.9597,7.561,23.86,WEATHER_STATION,VALID
2025-08-07 12:00:00,WX-MASTER,1.0098,6.611,22.49,WEATHER_STATION,VALID
2025-08-07 13:00:00,WX-MASTER,0.8951,6.443,22.37,WEATHER_STATION,VALID
2025-08-07 14:00:00,WX-MASTER,0.9102,6.613,28.22,WEATHER_STATION,VALID
2025-08-07 15:00:00,WX-MASTER,0.7573,7.408,24.91,WEATHER_STATION,VALID
2025-08-07 16:00:00,WX-MASTER,0.5215,4.444,29.59,WEATHER_STATION,VALID
2025-08-07 17:00:00,WX-MASTER,0.1314,5.825,28.98,WEATHER_STATION,VALID
2025-08-07 18:00:00,WX-MASTER,0.0,6.619,29.12,WEATHER_STATION,VALID
2025-08-07 19:00:00,WX-MASTER,0.0,7.224,28.7,WEATHER_STATION,VALID
2025-08-07 20:00:00,WX-MASTER,0.0,4.488,32.15,WEATHER_STATION,VALID
2025-08-07 21:00:00,WX-MASTER,0.0,5.846,28.43,WEATHER_STATION,VALID
2025-08-07 22:00:00,WX-MASTER,0.0,7.683,28.11,WEATHER_STATION,VALID
2025-08-07 23:00:00,WX-MASTER,0.0,9.202,29.16,WEATHER_STATION,VALID
2025-08-08 00:00:00,WX-MASTER,0.0,7.443,26.79,WEATHER_STATION,VALID
2025-08-08 01:00:00,WX-MASTER,0.0,7.183,25.54,WEATHER_STATION,VALID
2025-08-08 02:00:00,WX-MASTER,0.0,8.732,25.78,WEATHER_STATION,VALID
2025-08-08 03:00:00,WX-MASTER,0.0,7.545,25.77,WEATHER_STATION,VALID
2025-08-08 04:00:00,WX-MASTER,0.0,8.981,26.36,WEATHER_STATION,VALID
2025-08-08 05:00:00,WX-MASTER,0.0,7.359,25.88,WEATHER_STATION,VALID
2025-08-08 06:00:00,WX-MASTER,0.0,5.969,20.67,WEATHER_STATION,VALID
2025-08-08 07:00:00,WX-MASTER,0.2927,9.011,23.72,WEATHER_STATION,VALID
2025-08-08 08:00:00,WX-MASTER,0.45,8.512,21.17,WEATHER_STATION,VALID
2025-08-08 09:00:00,WX-MASTER,0.6718,5.411,21.35,WEATHER_STATION,VALID
2025-08-08 10:00:00,WX-MASTER,0.6748,6.944,22.18,WEATHER_STATION,VALID
2025-08-08 11:00:00,WX-MASTER,0.6911,5.825,22.66,WEATHER_STATION,VALID
2025-08-08 12:00:00,WX-MASTER,0.9782,6.929,22.82,WEATHER_STATION,VALID
2025-08-08 13:00:00,WX-MASTER,0.4353,4.923,22.16,WEATHER_STATION,VALID
2025-08-08 14:00:00,WX-MASTER,0.8809,7.201,27.59,WEATHER_STATION,VALID
2025-08-08 15:00:00,WX-MASTER,0.7605,7.694,27.84,WEATHER_STATION,VALID
2025-08-08 16:00:00,WX-MASTER,0.4698,5.045,27.59,WEATHER_STATION,VALID
2025-08-08 17:00:00,WX-MASTER,0.2944,6.553,27.17,WEATHER_STATION,VALID
2025-08-08 18:00:00,WX-MASTER,0.0,8.274,30.37,WEATHER_STATION,VALID
2025-08-08 19:00:00,WX-MASTER,0.0,5.645,29.16,WEATHER_STATION,VALID
2025-08-08 20:00:00,WX-MASTER,0.0,6.339,28.67,WEATHER_STATION,VALID
2025-08-08 21:00:00,WX-MASTER,0.0,8.319,27.26,WEATHER_STATION,VALID
2025-08-08 22:00:00,WX-MASTER,0.0,7.473,29.53,WEATHER_STATION,VALID
2025-08-08 23:00:00,WX-MASTER,0.0,5.815,27.93,WEATHER_STATION,VALID
2025-08-09 00:00:00,WX-MASTER,0.0,7.549,27.89,WEATHER_STATION,VALID
2025-08-09 01:00:00,WX-MASTER,0.0,10.298,26.94,WEATHER_STATION,VALID
2025-08-09 02:00:00,WX-MASTER,0.0,10.704,26.59,WEATHER_STATION,VALID
2025-08-09 03:00:00,WX-MASTER,0.0,7.121,25.19,WEATHER_STATION,VALID
2025-08-09 04:00:00,WX-MASTER,0.0,6.626,23.72,WEATHER_STATION,VALID
2025-08-09 05:00:00,WX-MASTER,0.0,7.029,24.02,WEATHER_STATION,VALID
2025-08-09 06:00:00,WX-MASTER,0.0,9.738,23.94,WEATHER_STATION,VALID
2025-08-09 07:00:00,WX-MASTER,0.2538,8.237,24.31,WEATHER_STATION,VALID
2025-08-09 08:00:00,WX-MASTER,0.5529,8.785,20.99,WEATHER_STATION,VALID
2025-08-09 09:00:00,WX-MASTER,0.7664,7.929,23.79,WEATHER_STATION,VALID
2025/08/09 10:00,WX-MASTER,0.8461,4.692,20.9,WEATHER_STATION,VALID
08-09-2025 11:00,WX-MASTER,0.795,4.994,24.57,WEATHER_STATION,VALID
2025-08-09 12:00:00,WX-MASTER,0.9381,5.196,23.37,WEATHER_STATION,VALID
2025-08-09 13:00:00,WX-MASTER,0.9935,5.361,25.94,WEATHER_STATION,VALID
2025-08-09 14:00:00,WX-MASTER,0.8134,5.163,27.62,WEATHER_STATION,VALID
2025-08-09 15:00:00,WX-MASTER,0.7664,5.388,27.01,WEATHER_STATION,VALID
2025-08-09 16:00:00,WX-MASTER,0.4628,7.086,27.59,WEATHER_STATION,VALID
2025-08-09 17:00:00,WX-MASTER,0.2753,6.619,28.25,WEATHER_STATION,VALID
2025-08-09 18:00:00,WX-MASTER,0.0,8.257,28.36,WEATHER_STATION,VALID
2025-08-09 19:00:00,WX-MASTER,0.0,7.252,30.62,WEATHER_STATION,VALID
2025-08-09 20:00:00,WX-MASTER,0.0,6.307,29.26,WEATHER_STATION,VALID
2025-08-09 21:00:00,WX-MASTER,0.0,7.681,26.66,WEATHER_STATION,VALID
2025-08-09 22:00:00,WX-MASTER,0.0,5.695,29.98,WEATHER_STATION,VALID
2025-08-09 23:00:00,WX-MASTER,0.0,4.835,29.37,WEATHER_STATION,VALID
2025-08-10 00:00:00,WX-MASTER,0.0,8.779,27.67,WEATHER_STATION,VALID
2025-08-10 01:00:00,WX-MASTER,0.0,9.329,25.83,WEATHER_STATION,VALID
2025-08-10 02:00:00,WX-MASTER,0.0,8.093,24.48,WEATHER_STATION,VALID
2025-08-10 03:00:00,WX-MASTER,0.0,7.418,24.02,WEATHER_STATION,VALID
2025-08-10 04:00:00,WX-MASTER,0.0,6.047,24.36,WEATHER_STATION,VALID
2025-08-10 05:00:00,WX-MASTER,0.0,9.119,21.18,WEATHER_STATION,VALID
2025-08-10 06:00:00,WX-MASTER,0.0,8.014,23.35,WEATHER_STATION,VALID
2025-08-10 07:00:00,WX-MASTER,0.2455,7.498,22.57,WEATHER_STATION,VALID
2025-08-10 08:00:00,WX-MASTER,0.5288,6.853,23.91,WEATHER_STATION,VALID
2025-08-10 09:00:00,WX-MASTER,0.6652,5.998,23.33,WEATHER_STATION,VALID
2025-08-10 10:00:00,WX-MASTER,0.8014,4.938,21.97,WEATHER_STATION,VALID
2025-08-10 11:00:00,WX-MASTER,0.9804,6.533,21.36,WEATHER_STATION,VALID
2025-08-10 12:00:00,WX-MASTER,0.9779,5.379,23.13,WEATHER_STATION,VALID
2025-08-10 13:00:00,WX-MASTER,0.9924,5.466,26.62,WEATHER_STATION,VALID
2025-08-10 14:00:00,WX-MASTER,0.6367,8.256,26.22,WEATHER_STATION,VALID
2025-08-10 15:00:00,WX-MASTER,0.6966,6.033,27.49,WEATHER_STATION,VALID
2025-08-10 16:00:00,WX-MASTER,0.5398,3.043,26.86,WEATHER_STATION,VALID
2025-08-10 17:00:00,WX-MASTER,0.2309,5.724,28.92,WEATHER_STATION,VALID
2025-08-10 18:00:00,WX-MASTER,0.0,5.347,27.08,WEATHER_STATION,VALID
2025-08-10 19:00:00,WX-MASTER,0.0,6.721,30.37,WEATHER_STATION,VALID
2025-08-10 20:00:00,WX-MASTER,0.0,5.312,27.98,WEATHER_STATION,VALID
2025-08-10 21:00:00,WX-MASTER,0.0,7.978,26.88,WEATHER_STATION,VALID
2025-08-10 22:00:00,WX-MASTER,0.0,7.252,31.61,WEATHER_STATION,VALID
2025-08-10 23:00:00,WX-MASTER,0.0,7.199,28.5,WEATHER_STATION,VALID
2025-08-11 00:00:00,WX-MASTER,0.0,8.115,27.72,WEATHER_STATION,VALID
2025-08-11 01:00:00,WX-MASTER,0.0,7.883,24.51,WEATHER_STATION,VALID
2025-08-11 02:00:00,WX-MASTER,0.0,7.802,26.59,WEATHER_STATION,VALID
2025-08-11 03:00:00,WX-MASTER,0.0,7.613,26.0,WEATHER_STATION,VALID
2025-08-11 04:00:00,WX-MASTER,0.0,7.742,23.86,WEATHER_STATION,VALID
2025-08-11 05:00:00,WX-MASTER,0.0,8.026,24.44,WEATHER_STATION,VALID
2025-08-11 06:00:00,WX-MASTER,0.0,7.635,24.22,WEATHER_STATION,VALID
2025-08-11 07:00:00,WX-MASTER,0.2445,8.563,23.09,WEATHER_STATION,VALID
2025-08-11 08:00:00,WX-MASTER,0.5447,6.126,19.74,WEATHER_STATION,VALID
2025-08-11 09:00:00,WX-MASTER,0.7423,6.896,21.08,WEATHER_STATION,VALID
2025-08-11 10:00:00,WX-MASTER,0.83,9.543,24.84,WEATHER_STATION,VALID
2025-08-11 11:00:00,WX-MASTER,0.9849,6.129,23.47,WEATHER_STATION,VALID
2025-08-11 12:00:00,WX-MASTER,0.1714,6.054,24.2,WEATHER_STATION,VALID
2025-08-11 13:00:00,WX-MASTER,0.897,4.352,23.94,WEATHER_STATION,VALID
2025-08-11 14:00:00,WX-MASTER,0.8132,5.073,25.08,WEATHER_STATION,VALID
2025-08-11 15:00:00,WX-MASTER,0.5303,5.935,28.18,WEATHER_STATION,VALID
2025-08-11 16:00:00,WX-MASTER,0.4974,6.902,29.39,WEATHER_STATION,VALID
2025-08-11 17:00:00,WX-MASTER,0.2561,7.241,29.28,WEATHER_STATION,VALID
2025-08-11 18:00:00,WX-MASTER,0.0,7.051,29.54,WEATHER_STATION,VALID
2025-08-11 19:00:00,WX-MASTER,0.0,7.925,29.98,WEATHER_STATION,VALID
2025-08-11 20:00:00,WX-MASTER,0.0,5.842,29.26,WEATHER_STATION,VALID
2025-08-11 21:00:00,WX-MASTER,0.0,8.027,27.78,WEATHER_STATION,VALID
2025-08-11 22:00:00,WX-MASTER,0.0,7.632,27.17,WEATHER_STATION,VALID
2025-08-11 23:00:00,WX-MASTER,0.0,7.958,29.9,WEATHER_STATION,VALID
2025-08-12 00:00:00,WX-MASTER,0.0,7.427,27.53,WEATHER_STATION,VALID
2025-08-12 01:00:00,WX-MASTER,0.0,6.722,27.3,WEATHER_STATION,VALID
2025-08-12 02:00:00,WX-MASTER,0.0,6.375,26.07,WEATHER_STATION,VALID
2025-08-12 03:00:00,WX-MASTER,0.0,8.299,25.23,WEATHER_STATION,VALID
2025-08-12 04:00:00,WX-MASTER,0.0,8.393,24.48,WEATHER_STATION,VALID
2025-08-12 05:00:00,WX-MASTER,0.0,7.389,24.18,WEATHER_STATION,VALID
2025-08-12 06:00:00,WX-MASTER,0.0,7.31,21.87,WEATHER_STATION,VALID
2025-08-12 07:00:00,WX-MASTER,0.2717,6.139,23.86,WEATHER_STATION,VALID
2025-08-12 08:00:00,WX-MASTER,0.4742,7.468,21.44,WEATHER_STATION,VALID
2025-08-12 09:00:00,WX-MASTER,0.6866,6.642,22.73,WEATHER_STATION,VALID
2025-08-12 10:00:00,WX-MASTER,0.9054,5.865,21.37,WEATHER_STATION,VALID
2025-08-12 11:00:00,WX-MASTER,0.3527,7.286,23.15,WEATHER_STATION,VALID
2025-08-12 12:00:00,WX-MASTER,0.9304,6.873,23.28,WEATHER_STATION,VALID
2025-08-12 13:00:00,WX-MASTER,0.9902,3.976,24.94,WEATHER_STATION,VALID
2025-08-12 14:00:00,WX-MASTER,0.7545,6.042,26.7,WEATHER_STATION,VALID
2025-08-12 15:00:00,WX-MASTER,0.7639,4.805,26.82,WEATHER_STATION,VALID
2025-08-12 16:00:00,WX-MASTER,0.5015,6.368,29.92,WEATHER_STATION,VALID
2025-08-12 17:00:00,WX-MASTER,0.3112,2.278,29.25,WEATHER_STATION,VALID
2025-08-12 18:00:00,WX-MASTER,0.0,6.86,28.58,WEATHER_STATION,VALID
2025-08-12 19:00:00,WX-MASTER,0.0,7.783,29.1,WEATHER_STATION,VALID
2025-08-12 20:00:00,WX-MASTER,0.0,6.975,29.77,WEATHER_STATION,VALID
2025-08-12 21:00:00,WX-MASTER,0.0,5.855,30.05,WEATHER_STATION,VALID
2025-08-12 22:00:00,WX-MASTER,0.0,10.136,27.37,WEATHER_STATION,VALID
2025-08-12 23:00:00,WX-MASTER,0.0,9.276,29.06,WEATHER_STATION,VALID
2025-08-13 00:00:00,WX-MASTER,0.0,7.186,26.1,WEATHER_STATION,VALID
2025-08-13 01:00:00,WX-MASTER,0.0,7.599,27.35,WEATHER_STATION,VALID
2025-08-13 02:00:00,WX-MASTER,0.0,5.357,27.12,WEATHER_STATION,VALID
2025-08-13 03:00:00,WX-MASTER,0.0,8.475,25.25,WEATHER_STATION,VALID
2025-08-13 04:00:00,WX-MASTER,0.0,5.944,21.26,WEATHER_STATION,VALID
2025-08-13 05:00:00,WX-MASTER,0.0,8.402,21.18,WEATHER_STATION,VALID
2025-08-13 06:00:00,WX-MASTER,0.0,8.64,23.44,WEATHER_STATION,VALID
2025-08-13 07:00:00,WX-MASTER,0.2866,6.962,19.47,WEATHER_STATION,VALID
2025-08-13 08:00:00,WX-MASTER,0.5652,5.408,23.03,WEATHER_STATION,VALID
2025-08-13 09:00:00,WX-MASTER,0.7591,8.165,23.6,WEATHER_STATION,VALID
2025-08-13 10:00:00,WX-MASTER,0.6932,6.321,24.13,WEATHER_STATION,VALID
2025-08-13 11:00:00,WX-MASTER,0.8512,6.259,23.03,WEATHER_STATION,VALID
2025-08-13 12:00:00,WX-MASTER,0.811,4.801,24.57,WEATHER_STATION,VALID
2025-08-13 13:00:00,WX-MASTER,0.8509,6.201,25.14,WEATHER_STATION,VALID
2025-08-13 14:00:00,WX-MASTER,0.9044,5.692,24.03,WEATHER_STATION,VALID
2025-08-13 15:00:00,WX-MASTER,0.5725,4.302,27.6,WEATHER_STATION,VALID
2025-08-13 16:00:00,WX-MASTER,0.4135,7.906,29.22,WEATHER_STATION,VALID
2025/08/13 17:00,WX-MASTER,0.2508,8.64,29.1,WEATHER_STATION,VALID
2025-08-13 18:00:00,WX-MASTER,0.0,7.905,28.23,WEATHER_STATION,VALID
2025-08-13 19:00:00,WX-MASTER,0.0,7.965,30.07,WEATHER_STATION,VALID
2025-08-13 20:00:00,WX-MASTER,0.0,9.391,30.85,WEATHER_STATION,VALID
2025-08-13 21:00:00,WX-MASTER,0.0,5.985,30.58,WEATHER_STATION,VALID
2025-08-13 22:00:00,WX-MASTER,0.0,,30.06,WEATHER_STATION,VALID
2025-08-13 23:00:00,WX-MASTER,0.0,7.212,26.36,WEATHER_STATION,VALID
2025-08-14 00:00:00,WX-MASTER,0.0,8.241,28.0,WEATHER_STATION,VALID
2025-08-14 01:00:00,WX-MASTER,0.0,7.535,27.46,WEATHER_STATION,VALID
2025-08-14 02:00:00,WX-MASTER,0.0,6.584,27.02,WEATHER_STATION,VALID
2025-08-14 03:00:00,WX-MASTER,0.0,7.844,25.49,WEATHER_STATION,VALID
2025-08-14 04:00:00,WX-MASTER,0.0,7.579,25.89,WEATHER_STATION,VALID
2025-08-14 05:00:00,WX-MASTER,0.0,8.607,21.11,WEATHER_STATION,VALID
2025-08-14 06:00:00,WX-MASTER,0.0,7.342,23.41,WEATHER_STATION,VALID
2025-08-14 07:00:00,WX-MASTER,0.2759,4.555,22.97,WEATHER_STATION,VALID
2025-08-14 08:00:00,WX-MASTER,0.4417,7.271,23.36,WEATHER_STATION,VALID
2025-08-14 09:00:00,WX-MASTER,0.7118,8.575,24.24,WEATHER_STATION,VALID
2025-08-14 10:00:00,WX-MASTER,0.867,6.333,21.68,WEATHER_STATION,VALID
2025-08-14 11:00:00,WX-MASTER,0.988,7.398,25.11,WEATHER_STATION,VALID
2025-08-14 12:00:00,WX-MASTER,0.8483,5.333,25.0,WEATHER_STATION,VALID
2025-08-14 13:00:00,WX-MASTER,0.9624,6.663,24.64,WEATHER_STATION,VALID
2025-08-14 14:00:00,WX-MASTER,0.9033,4.965,24.68,WEATHER_STATION,VALID
2025-08-14 15:00:00,WX-MASTER,0.5558,5.686,26.92,WEATHER_STATION,VALID
2025-08-14 16:00:00,WX-MASTER,0.533,5.832,27.87,WEATHER_STATION,VALID
2025-08-14 17:00:00,WX-MASTER,0.3034,6.95,28.66,WEATHER_STATION,VALID
2025-08-14 18:00:00,WX-MASTER,0.0,5.488,28.05,WEATHER_STATION,VALID
2025-08-14 19:00:00,WX-MASTER,0.0,60.0,29.89,WEATHER_STATION,VALID
2025-08-14 20:00:00,WX-MASTER,0.0,7.685,28.79,WEATHER_STATION,VALID
2025-08-14 21:00:00,WX-MASTER,0.0,7.887,30.62,WEATHER_STATION,VALID
2025-08-14 22:00:00,WX-MASTER,0.0,7.694,30.86,WEATHER_STATION,VALID
2025-08-14 23:00:00,WX-MASTER,0.0,8.941,27.27,WEATHER_STATION,VALID
2025-08-15 00:00:00,WX-MASTER,0.0,7.568,27.57,WEATHER_STATION,VALID
2025-08-15 01:00:00,WX-MASTER,0.0,8.259,27.82,WEATHER_STATION,VALID
2025-08-15 02:00:00,WX-MASTER,0.0,7.433,26.08,WEATHER_STATION,VALID
2025-08-15 03:00:00,WX-MASTER,0.0,7.478,23.22,WEATHER_STATION,VALID
2025-08-15 04:00:00,WX-MASTER,0.0,8.122,25.04,WEATHER_STATION,VALID
2025-08-15 05:00:00,WX-MASTER,0.0,10.437,22.55,WEATHER_STATION,VALID
2025-08-15 06:00:00,WX-MASTER,0.0,8.227,22.96,WEATHER_STATION,VALID
2025-08-15 07:00:00,WX-MASTER,0.284,7.721,21.18,WEATHER_STATION,VALID
2025-08-15 08:00:00,WX-MASTER,0.4411,7.753,23.21,WEATHER_STATION,VALID
2025-08-15 09:00:00,WX-MASTER,0.7482,3.444,21.87,WEATHER_STATION,VALID
2025-08-15 10:00:00,WX-MASTER,0.7185,6.688,23.8,WEATHER_STATION,VALID
2025-08-15 11:00:00,WX-MASTER,0.8107,7.277,23.02,WEATHER_STATION,VALID
2025-08-15 12:00:00,WX-MASTER,0.8421,6.077,23.42,WEATHER_STATION,VALID
2025-08-15 13:00:00,WX-MASTER,0.8669,5.849,25.34,WEATHER_STATION,VALID
2025-08-15 14:00:00,WX-MASTER,0.8269,4.689,24.46,WEATHER_STATION,VALID
2025-08-15 15:00:00,WX-MASTER,0.7094,5.421,28.82,WEATHER_STATION,VALID
2025-08-15 16:00:00,WX-MASTER,0.4992,5.036,27.72,WEATHER_STATION,VALID
2025-08-15 17:00:00,WX-MASTER,0.1396,7.608,27.55,WEATHER_STATION,VALID
2025-08-15 18:00:00,WX-MASTER,0.0,8.489,28.3,WEATHER_STATION,VALID
2025-08-15 19:00:00,WX-MASTER,0.0,9.306,29.15,WEATHER_STATION,VALID
2025-08-15 20:00:00,WX-MASTER,0.0,5.947,30.45,WEATHER_STATION,VALID
2025-08-15 21:00:00,WX-MASTER,0.0,6.433,28.06,WEATHER_STATION,VALID
2025-08-15 22:00:00,WX-MASTER,0.0,6.551,28.34,WEATHER_STATION,VALID
2025-08-15 23:00:00,WX-MASTER,0.0,6.382,28.17,WEATHER_STATION,VALID
2025-08-16 00:00:00,WX-MASTER,0.0,6.506,29.33,WEATHER_STATION,VALID
2025-08-16 01:00:00,WX-MASTER,0.0,7.201,27.83,WEATHER_STATION,VALID
2025-08-16 02:00:00,WX-MASTER,0.0,9.002,27.64,WEATHER_STATION,VALID
2025-08-16 03:00:00,WX-MASTER,0.0,6.859,24.86,WEATHER_STATION,VALID
2025-08-16 04:00:00,WX-MASTER,0.0,9.026,25.7,WEATHER_STATION,VALID
2025-08-16 05:00:00,WX-MASTER,0.0,9.246,24.78,WEATHER_STATION,VALID
2025-08-16 06:00:00,WX-MASTER,0.0,7.61,23.53,WEATHER_STATION,VALID
2025-08-16 07:00:00,WX-MASTER,0.2912,8.584,23.28,WEATHER_STATION,VALID
2025-08-16 08:00:00,WX-MASTER,0.3993,4.955,21.52,WEATHER_STATION,VALID
2025-08-16 09:00:00,WX-MASTER,0.7604,5.749,24.54,WEATHER_STATION,VALID
2025-08-16 10:00:00,WX-MASTER,0.8518,6.497,22.4,WEATHER_STATION,VALID
2025-08-16 11:00:00,WX-MASTER,0.9575,6.361,23.93,WEATHER_STATION,VALID
2025-08-16 12:00:00,WX-MASTER,0.9519,7.803,24.79,WEATHER_STATION,VALID
2025-08-16 13:00:00,WX-MASTER,0.858,4.585,23.18,WEATHER_STATION,VALID
2025-08-16 14:00:00,WX-MASTER,0.707,5.191,25.67,WEATHER_STATION,VALID
2025-08-16 15:00:00,WX-MASTER,0.6634,5.851,26.88,WEATHER_STATION,VALID
2025-08-16 16:00:00,WX-MASTER,0.4466,5.423,27.34,WEATHER_STATION,VALID
2025-08-16 17:00:00,WX-MASTER,0.2887,4.93,28.16,WEATHER_STATION,VALID
2025-08-16 18:00:00,WX-MASTER,0.0,5.895,30.55,WEATHER_STATION,VALID
2025-08-16 19:00:00,WX-MASTER,0.0,6.449,28.12,WEATHER_STATION,VALID
2025-08-16 20:00:00,WX-MASTER,0.0,8.911,27.71,WEATHER_STATION,VALID
2025-08-16 21:00:00,WX-MASTER,0.0,5.954,28.41,WEATHER_STATION,VALID
2025-08-16 22:00:00,WX-MASTER,0.0,8.563,29.65,WEATHER_STATION,VALID
2025-08-16 23:00:00,WX-MASTER,0.0,9.337,29.21,WEATHER_STATION,VALID
2025-08-17 00:00:00,WX-MASTER,0.0,7.121,28.19,WEATHER_STATION,VALID
2025-08-17 01:00:00,WX-MASTER,0.0,8.187,27.71,WEATHER_STATION,VALID
2025-08-17 02:00:00,WX-MASTER,0.0,8.592,26.02,WEATHER_STATION,VALID
2025-08-17 03:00:00,WX-MASTER,0.0,8.304,24.18,WEATHER_STATION,VALID
2025-08-17 04:00:00,WX-MASTER,0.0,7.741,22.82,WEATHER_STATION,VALID
2025-08-17 05:00:00,WX-MASTER,0.0,6.564,21.72,WEATHER_STATION,VALID
2025-08-17 06:00:00,WX-MASTER,0.0,8.078,22.4,WEATHER_STATION,VALID
2025-08-17 07:00:00,WX-MASTER,0.245,6.477,23.27,WEATHER_STATION,VALID
2025-08-17 08:00:00,WX-MASTER,0.5342,6.74,22.49,WEATHER_STATION,VALID
2025-08-17 09:00:00,WX-MASTER,0.6342,6.681,22.35,WEATHER_STATION,VALID
2025-08-17 10:00:00,WX-MASTER,0.7987,7.342,21.41,WEATHER_STATION,VALID
2025-08-17 11:00:00,WX-MASTER,0.9846,8.555,26.33,WEATHER_STATION,VALID
2025-08-17 12:00:00,WX-MASTER,0.9748,4.964,22.97,WEATHER_STATION,VALID
2025-08-17 13:00:00,WX-MASTER,0.9467,5.929,24.95,WEATHER_STATION,VALID
2025-08-17 14:00:00,WX-MASTER,0.9002,3.937,26.91,WEATHER_STATION,VALID
2025-08-17 15:00:00,WX-MASTER,0.6218,7.865,26.66,WEATHER_STATION,VALID
2025-08-17 16:00:00,WX-MASTER,0.4455,6.132,26.49,WEATHER_STATION,VALID
2025-08-17 17:00:00,WX-MASTER,0.2528,5.874,29.15,WEATHER_STATION,VALID
2025-08-17 18:00:00,WX-MASTER,0.0,6.56,27.13,WEATHER_STATION,VALID
2025-08-17 19:00:00,WX-MASTER,0.0,6.88,31.18,WEATHER_STATION,VALID
2025-08-17 20:00:00,WX-MASTER,0.0,6.056,29.55,WEATHER_STATION,VALID
2025-08-17 21:00:00,WX-MASTER,0.0,8.802,28.78,WEATHER_STATION,VALID
2025-08-17 22:00:00,WX-MASTER,0.0,8.319,27.04,WEATHER_STATION,VALID
2025-08-17 23:00:00,WX-MASTER,0.0,8.681,26.8,WEATHER_STATION,VALID
2025-08-18 00:00:00,WX-MASTER,0.0,6.881,27.37,WEATHER_STATION,VALID
2025-08-18 01:00:00,WX-MASTER,0.0,6.872,28.86,WEATHER_STATION,VALID
2025-08-18 02:00:00,WX-MASTER,0.0,7.673,25.97,WEATHER_STATION,VALID
2025-08-18 03:00:00,WX-MASTER,0.0,8.788,25.2,WEATHER_STATION,VALID
2025-08-18 04:00:00,WX-MASTER,0.0,8.265,24.4,WEATHER_STATION,VALID
2025-08-18 05:00:00,WX-MASTER,0.0,6.413,26.05,WEATHER_STATION,VALID
2025-08-18 06:00:00,WX-MASTER,0.0,8.063,22.13,WEATHER_STATION,VALID
2025-08-18 07:00:00,WX-MASTER,0.1327,5.678,24.18,WEATHER_STATION,VALID
2025-08-18 08:00:00,WX-MASTER,0.5017,5.82,21.71,WEATHER_STATION,VALID
2025-08-18 09:00:00,WX-MASTER,0.6036,6.635,21.46,WEATHER_STATION,VALID
2025-08-18 10:00:00,WX-MASTER,0.7524,4.684,22.56,WEATHER_STATION,VALID
2025-08-18 11:00:00,WX-MASTER,0.7563,4.774,23.11,WEATHER_STATION,VALID
2025-08-18 12:00:00,WX-MASTER,0.9124,7.918,24.61,WEATHER_STATION,VALID
2025-08-18 13:00:00,WX-MASTER,0.9109,7.615,21.99,WEATHER_STATION,VALID
2025-08-18 14:00:00,WX-MASTER,0.8308,8.821,25.86,WEATHER_STATION,VALID
2025-08-18 15:00:00,WX-MASTER,0.6728,6.503,25.87,WEATHER_STATION,VALID
2025-08-18 16:00:00,WX-MASTER,0.4152,6.891,26.57,WEATHER_STATION,VALID
2025-08-18 17:00:00,WX-MASTER,0.2555,6.04,26.61,WEATHER_STATION,VALID
2025-08-18 18:00:00,WX-MASTER,0.0,6.015,28.28,WEATHER_STATION,VALID
2025-08-18 19:00:00,WX-MASTER,0.0,7.857,28.45,WEATHER_STATION,VALID
2025-08-18 20:00:00,WX-MASTER,0.0,8.755,28.67,WEATHER_STATION,VALID
2025-08-18 21:00:00,WX-MASTER,0.0,8.258,27.1,WEATHER_STATION,VALID
2025-08-18 22:00:00,WX-MASTER,0.0,6.367,28.84,WEATHER_STATION,VALID
2025-08-18 23:00:00,WX-MASTER,0.0,8.148,27.21,WEATHER_STATION,VALID
2025-08-19 00:00:00,WX-MASTER,0.0,6.741,25.45,WEATHER_STATION,VALID
2025-08-19 01:00:00,WX-MASTER,0.0,7.383,25.91,WEATHER_STATION,VALID
2025-08-19 02:00:00,WX-MASTER,0.0,9.926,24.74,WEATHER_STATION,VALID
2025-08-19 03:00:00,WX-MASTER,0.0,6.166,24.81,WEATHER_STATION,VALID
2025-08-19 04:00:00,WX-MASTER,0.0,10.41,23.24,WEATHER_STATION,VALID
2025-08-19 05:00:00,WX-MASTER,0.0,8.116,21.45,WEATHER_STATION,VALID
2025-08-19 06:00:00,WX-MASTER,0.0,6.567,21.57,WEATHER_STATION,VALID
2025-08-19 07:00:00,WX-MASTER,0.2798,7.008,20.21,WEATHER_STATION,VALID
2025-08-19 08:00:00,WX-MASTER,0.4849,5.768,23.53,WEATHER_STATION,VALID
2025-08-19 09:00:00,WX-MASTER,0.6684,5.697,23.84,WEATHER_STATION,VALID
2025-08-19 10:00:00,WX-MASTER,0.7339,6.28,24.34,WEATHER_STATION,VALID
2025-08-19 11:00:00,WX-MASTER,0.927,5.576,22.48,WEATHER_STATION,VALID
2025-08-19 12:00:00,WX-MASTER,0.8906,4.666,25.47,WEATHER_STATION,VALID
2025-08-19 13:00:00,WX-MASTER,0.8855,5.529,25.25,WEATHER_STATION,VALID
2025-08-19 14:00:00,WX-MASTER,0.8259,4.113,24.68,WEATHER_STATION,VALID
2025-08-19 15:00:00,WX-MASTER,0.5878,4.242,25.82,WEATHER_STATION,VALID
2025-08-19 16:00:00,WX-MASTER,0.4493,4.364,27.21,WEATHER_STATION,VALID
2025-08-19 17:00:00,WX-MASTER,0.2084,8.392,28.26,WEATHER_STATION,VALID
2025-08-19 18:00:00,WX-MASTER,0.0,6.975,29.13,WEATHER_STATION,VALID
2025-08-19 19:00:00,WX-MASTER,0.0,7.476,29.04,WEATHER_STATION,VALID
2025-08-19 20:00:00,WX-MASTER,0.0,6.977,28.75,WEATHER_STATION,VALID
2025-08-19 21:00:00,WX-MASTER,0.0,7.871,30.67,WEATHER_STATION,VALID
2025-08-19 22:00:00,WX-MASTER,0.0,8.965,28.56,WEATHER_STATION,VALID
2025-08-19 23:00:00,WX-MASTER,0.0,8.147,27.94,WEATHER_STATION,VALID
2025-08-20 00:00:00,WX-MASTER,0.0,9.853,27.13,WEATHER_STATION,VALID
2025-08-20 01:00:00,WX-MASTER,0.0,7.734,26.42,WEATHER_STATION,VALID
2025-08-20 02:00:00,WX-MASTER,0.0,8.555,24.01,WEATHER_STATION,VALID
2025-08-20 03:00:00,WX-MASTER,0.0,8.619,23.54,WEATHER_STATION,VALID
2025-08-20 04:00:00,WX-MASTER,0.0,6.357,26.83,WEATHER_STATION,VALID
2025-08-20 05:00:00,WX-MASTER,0.0,7.435,21.19,WEATHER_STATION,VALID
2025-08-20 06:00:00,WX-MASTER,0.0,4.757,22.94,WEATHER_STATION,VALID
2025-08-20 07:00:00,WX-MASTER,0.2684,6.728,22.68,WEATHER_STATION,VALID
2025-08-20 08:00:00,WX-MASTER,0.5264,6.273,23.36,WEATHER_STATION,VALID
2025-08-20 09:00:00,WX-MASTER,0.6247,5.945,22.7,WEATHER_STATION,VALID
2025-08-20 10:00:00,WX-MASTER,0.7796,5.633,24.88,WEATHER_STATION,VALID
2025-08-20 11:00:00,WX-MASTER,0.8842,6.647,23.46,WEATHER_STATION,VALID
2025-08-20 12:00:00,WX-MASTER,0.9174,4.705,25.51,WEATHER_STATION,VALID
2025-08-20 13:00:00,WX-MASTER,0.915,8.212,25.99,WEATHER_STATION,VALID
2025-08-20 14:00:00,WX-MASTER,0.7449,6.538,27.5,WEATHER_STATION,VALID
2025-08-20 15:00:00,WX-MASTER,0.5735,4.829,26.58,WEATHER_STATION,VALID
2025-08-20 16:00:00,WX-MASTER,0.5606,6.85,27.87,WEATHER_STATION,VALID
2025-08-20 17:00:00,WX-MASTER,0.3083,7.49,27.68,WEATHER_STATION,VALID
2025-08-20 18:00:00,WX-MASTER,0.0,6.906,28.87,WEATHER_STATION,VALID
2025-08-20 19:00:00,WX-MASTER,0.0,5.372,29.28,WEATHER_STATION,VALID
2025-08-20 20:00:00,WX-MASTER,0.0,9.849,26.65,WEATHER_STATION,VALID
2025-08-20 21:00:00,WX-MASTER,0.0,8.022,28.85,WEATHER_STATION,VALID
2025-08-20 22:00:00,WX-MASTER,0.0,5.792,29.74,WEATHER_STATION,VALID
2025-08-20 23:00:00,WX-MASTER,0.0,7.867,26.5,WEATHER_STATION,VALID
2025-08-21 00:00:00,WX-MASTER,0.0,7.412,26.19,WEATHER_STATION,VALID
2025-08-21 01:00:00,WX-MASTER,0.0,7.769,27.92,WEATHER_STATION,VALID
2025-08-21 02:00:00,WX-MASTER,0.0,6.203,27.24,WEATHER_STATION,VALID
2025-08-21 03:00:00,WX-MASTER,0.0,7.752,23.97,WEATHER_STATION,VALID
2025-08-21 04:00:00,WX-MASTER,0.0,6.466,24.08,WEATHER_STATION,VALID
2025-08-21 05:00:00,WX-MASTER,0.0,6.903,23.06,WEATHER_STATION,VALID
2025-08-21 06:00:00,WX-MASTER,0.0,7.632,24.01,WEATHER_STATION,VALID
2025-08-21 07:00:00,WX-MASTER,0.2703,6.255,21.6,WEATHER_STATION,VALID
2025-08-21 08:00:00,WX-MASTER,0.5175,6.237,21.67,WEATHER_STATION,VALID
2025-08-21 09:00:00,WX-MASTER,0.4949,7.43,23.85,WEATHER_STATION,VALID
2025-08-21 10:00:00,WX-MASTER,0.7213,4.985,21.39,WEATHER_STATION,VALID
2025-08-21 11:00:00,WX-MASTER,0.4669,5.117,22.55,WEATHER_STATION,VALID
2025-08-21 12:00:00,WX-MASTER,0.9298,4.203,24.03,WEATHER_STATION,VALID
2025-08-21 13:00:00,WX-MASTER,0.9136,4.703,26.55,WEATHER_STATION,VALID
08-21-2025 14:00,WX-MASTER,0.8958,5.946,24.19,WEATHER_STATION,VALID
2025-08-21 15:00:00,WX-MASTER,0.5935,6.682,25.68,WEATHER_STATION,VALID
2025-08-21 16:00:00,WX-MASTER,0.4665,4.938,28.09,WEATHER_STATION,VALID
2025-08-21 17:00:00,WX-MASTER,0.2774,6.968,29.0,WEATHER_STATION,VALID
2025-08-21 18:00:00,WX-MASTER,0.0,6.541,28.91,WEATHER_STATION,VALID
2025-08-21 19:00:00,WX-MASTER,0.0,4.86,28.87,WEATHER_STATION,VALID
2025-08-21 20:00:00,WX-MASTER,0.0,7.145,29.28,WEATHER_STATION,VALID
2025-08-21 21:00:00,WX-MASTER,0.0,8.722,27.2,WEATHER_STATION,VALID
2025-08-21 22:00:00,WX-MASTER,0.0,4.933,28.78,WEATHER_STATION,VALID
2025-08-21 23:00:00,WX-MASTER,0.0,10.18,29.88,WEATHER_STATION,VALID
2025-08-22 00:00:00,WX-MASTER,0.0,6.883,25.77,WEATHER_STATION,VALID
2025-08-22 01:00:00,WX-MASTER,0.0,5.595,25.57,WEATHER_STATION,VALID
2025-08-22 02:00:00,WX-MASTER,0.0,7.913,25.13,WEATHER_STATION,VALID
2025-08-22 03:00:00,WX-MASTER,0.0,8.74,24.3,WEATHER_STATION,VALID
2025-08-22 04:00:00,WX-MASTER,0.0,7.16,26.06,WEATHER_STATION,VALID
2025-08-22 05:00:00,WX-MASTER,0.0,7.741,22.01,WEATHER_STATION,VALID
2025-08-22 06:00:00,WX-MASTER,0.0,9.862,21.22,WEATHER_STATION,VALID
2025-08-22 07:00:00,WX-MASTER,0.2626,7.12,23.15,WEATHER_STATION,VALID
2025-08-22 08:00:00,WX-MASTER,0.5592,10.469,21.33,WEATHER_STATION,VALID
2025-08-22 09:00:00,WX-MASTER,0.7549,7.986,23.17,WEATHER_STATION,VALID
2025-08-22 10:00:00,WX-MASTER,0.8464,6.185,22.34,WEATHER_STATION,VALID
2025-08-22 11:00:00,WX-MASTER,0.902,6.317,23.68,WEATHER_STATION,VALID
2025-08-22 12:00:00,WX-MASTER,0.8831,5.397,21.97,WEATHER_STATION,VALID
2025-08-22 13:00:00,WX-MASTER,0.7492,6.075,25.25,WEATHER_STATION,VALID
2025-08-22 14:00:00,WX-MASTER,0.774,6.486,25.87,WEATHER_STATION,VALID
2025-08-22 15:00:00,WX-MASTER,0.6759,5.304,26.2,WEATHER_STATION,VALID
2025-08-22 16:00:00,WX-MASTER,0.5075,4.171,25.88,WEATHER_STATION,VALID
2025-08-22 17:00:00,WX-MASTER,0.2862,7.871,28.34,WEATHER_STATION,VALID
2025-08-22 18:00:00,WX-MASTER,0.0,7.647,29.51,WEATHER_STATION,VALID
2025-08-22 19:00:00,WX-MASTER,0.0,4.793,28.35,WEATHER_STATION,VALID
2025-08-22 20:00:00,WX-MASTER,0.0,7.119,28.49,WEATHER_STATION,VALID
2025-08-22 21:00:00,WX-MASTER,0.0,8.482,29.94,WEATHER_STATION,VALID
2025-08-22 22:00:00,WX-MASTER,0.0,8.571,30.69,WEATHER_STATION,VALID
2025-08-22 23:00:00,WX-MASTER,0.0,6.649,29.21,WEATHER_STATION,VALID
2025-08-23 00:00:00,WX-MASTER,0.0,8.931,27.61,WEATHER_STATION,VALID
2025-08-23 01:00:00,WX-MASTER,0.0,7.736,26.2,WEATHER_STATION,VALID
2025-08-23 02:00:00,WX-MASTER,0.0,8.216,25.55,WEATHER_STATION,VALID
2025-08-23 03:00:00,WX-MASTER,0.0,6.442,23.09,WEATHER_STATION,VALID
2025-08-23 04:00:00,WX-MASTER,0.0,1.968,23.65,WEATHER_STATION,VALID
2025-08-23 05:00:00,WX-MASTER,0.0,6.303,24.45,WEATHER_STATION,VALID
2025-08-23 06:00:00,WX-MASTER,0.0,7.782,22.6,WEATHER_STATION,VALID
2025-08-23 07:00:00,WX-MASTER,0.2227,6.564,21.45,WEATHER_STATION,VALID
2025-08-23 08:00:00,WX-MASTER,0.4689,7.415,21.22,WEATHER_STATION,VALID
2025-08-23 09:00:00,WX-MASTER,0.7539,7.758,22.17,WEATHER_STATION,VALID
23/08/2025 10:00,WX-MASTER,0.8257,5.667,21.07,WEATHER_STATION,VALID
2025-08-23 11:00:00,WX-MASTER,0.4571,5.358,22.02,WEATHER_STATION,VALID
2025-08-23 12:00:00,WX-MASTER,0.9549,2.947,25.68,WEATHER_STATION,VALID
2025-08-23 13:00:00,WX-MASTER,0.9773,3.716,23.44,WEATHER_STATION,VALID
2025-08-23 14:00:00,WX-MASTER,0.6216,3.992,24.62,WEATHER_STATION,VALID
2025-08-23 15:00:00,WX-MASTER,0.7539,6.531,26.84,WEATHER_STATION,VALID
2025-08-23 16:00:00,WX-MASTER,0.3472,5.526,26.81,WEATHER_STATION,VALID
2025-08-23 17:00:00,WX-MASTER,0.2995,5.437,28.17,WEATHER_STATION,VALID
2025-08-23 18:00:00,WX-MASTER,0.0,5.517,29.65,WEATHER_STATION,VALID
2025-08-23 19:00:00,WX-MASTER,0.0,5.601,27.11,WEATHER_STATION,VALID
2025-08-23 20:00:00,WX-MASTER,0.0,8.075,29.99,WEATHER_STATION,VALID
2025-08-23 21:00:00,WX-MASTER,0.0,7.247,28.27,WEATHER_STATION,VALID
2025-08-23 22:00:00,WX-MASTER,0.0,8.637,28.27,WEATHER_STATION,VALID
2025-08-23 23:00:00,WX-MASTER,0.0,4.678,30.37,WEATHER_STATION,VALID
2025-08-24 00:00:00,WX-MASTER,0.0,8.325,25.63,WEATHER_STATION,VALID
2025-08-24 01:00:00,WX-MASTER,0.0,7.066,27.18,WEATHER_STATION,VALID
2025-08-24 02:00:00,WX-MASTER,0.0,7.323,26.92,WEATHER_STATION,VALID
2025-08-24 03:00:00,WX-MASTER,0.0,9.375,23.84,WEATHER_STATION,VALID
2025-08-24 04:00:00,WX-MASTER,0.0,6.974,23.02,WEATHER_STATION,VALID
2025-08-24 05:00:00,WX-MASTER,0.0,7.931,22.65,WEATHER_STATION,VALID
2025-08-24 06:00:00,WX-MASTER,0.0,5.74,21.71,WEATHER_STATION,VALID
2025-08-24 07:00:00,WX-MASTER,0.247,6.856,22.27,WEATHER_STATION,VALID
2025-08-24 08:00:00,WX-MASTER,0.4094,4.48,23.14,WEATHER_STATION,VALID
2025-08-24 09:00:00,WX-MASTER,0.6701,6.223,21.75,WEATHER_STATION,VALID
2025-08-24 10:00:00,WX-MASTER,0.8239,6.576,23.65,WEATHER_STATION,VALID
2025-08-24 11:00:00,WX-MASTER,0.7316,7.332,24.77,WEATHER_STATION,VALID
2025-08-24 12:00:00,WX-MASTER,0.9635,4.705,24.33,WEATHER_STATION,VALID
2025-08-24 13:00:00,WX-MASTER,0.9204,5.019,25.29,WEATHER_STATION,VALID
2025-08-24 14:00:00,WX-MASTER,0.7438,4.875,24.85,WEATHER_STATION,VALID
2025-08-24 15:00:00,WX-MASTER,0.6546,5.455,23.33,WEATHER_STATION,VALID
2025-08-24 16:00:00,WX-MASTER,0.3904,4.668,28.02,WEATHER_STATION,VALID
2025-08-24 17:00:00,WX-MASTER,0.262,3.305,29.0,WEATHER_STATION,VALID
2025-08-24 18:00:00,WX-MASTER,0.0,4.983,28.89,WEATHER_STATION,VALID
2025-08-24 19:00:00,WX-MASTER,0.0,6.528,30.04,WEATHER_STATION,VALID
2025-08-24 20:00:00,WX-MASTER,0.0,6.66,28.41,WEATHER_STATION,VALID
2025-08-24 21:00:00,WX-MASTER,0.0,7.821,29.57,WEATHER_STATION,VALID
2025-08-24 22:00:00,WX-MASTER,0.0,8.421,30.36,WEATHER_STATION,VALID
2025-08-24 23:00:00,WX-MASTER,0.0,6.923,28.84,WEATHER_STATION,VALID
2025-08-25 00:00:00,WX-MASTER,0.0,5.549,28.91,WEATHER_STATION,VALID
2025-08-25 01:00:00,WX-MASTER,0.0,8.197,28.07,WEATHER_STATION,VALID
2025-08-25 02:00:00,WX-MASTER,0.0,7.654,24.08,WEATHER_STATION,VALID
2025-08-25 03:00:00,WX-MASTER,0.0,7.258,25.51,WEATHER_STATION,VALID
2025-08-25 04:00:00,WX-MASTER,0.0,9.045,23.04,WEATHER_STATION,VALID
2025-08-25 05:00:00,WX-MASTER,0.0,7.856,21.74,WEATHER_STATION,VALID
2025-08-25 06:00:00,WX-MASTER,0.0,7.201,22.17,WEATHER_STATION,VALID
2025-08-25 07:00:00,WX-MASTER,0.2826,7.001,24.27,WEATHER_STATION,VALID
2025-08-25 08:00:00,WX-MASTER,0.4949,7.631,21.4,WEATHER_STATION,VALID
2025-08-25 09:00:00,WX-MASTER,0.6443,5.38,20.06,WEATHER_STATION,VALID
2025-08-25 10:00:00,WX-MASTER,0.7616,4.909,20.78,WEATHER_STATION,VALID
2025-08-25 11:00:00,WX-MASTER,0.8162,5.568,23.65,WEATHER_STATION,VALID
2025-08-25 12:00:00,WX-MASTER,0.7309,4.216,22.89,WEATHER_STATION,VALID
2025-08-25 13:00:00,WX-MASTER,0.899,5.626,22.19,WEATHER_STATION,VALID
2025-08-25 14:00:00,WX-MASTER,0.8091,5.817,23.86,WEATHER_STATION,VALID
2025-08-25 15:00:00,WX-MASTER,0.7269,5.674,26.65,WEATHER_STATION,VALID
2025-08-25 16:00:00,WX-MASTER,0.4652,5.429,28.23,WEATHER_STATION,VALID
2025-08-25 17:00:00,WX-MASTER,0.3064,8.237,27.49,WEATHER_STATION,VALID
2025-08-25 18:00:00,WX-MASTER,0.0,7.539,29.36,WEATHER_STATION,VALID
2025-08-25 19:00:00,WX-MASTER,0.0,6.444,30.03,WEATHER_STATION,VALID
2025-08-25 20:00:00,WX-MASTER,0.0,6.952,28.11,WEATHER_STATION,VALID
2025-08-25 21:00:00,WX-MASTER,0.0,8.871,28.78,WEATHER_STATION,VALID
2025-08-25 22:00:00,WX-MASTER,0.0,6.545,27.86,WEATHER_STATION,VALID
2025-08-25 23:00:00,WX-MASTER,0.0,6.23,28.67,WEATHER_STATION,VALID
2025-08-26 00:00:00,WX-MASTER,0.0,7.884,26.55,WEATHER_STATION,VALID
2025-08-26 01:00:00,WX-MASTER,0.0,8.189,24.98,WEATHER_STATION,VALID
2025-08-26 02:00:00,WX-MASTER,0.0,8.281,25.59,WEATHER_STATION,VALID
2025-08-26 03:00:00,WX-MASTER,0.0,8.649,25.96,WEATHER_STATION,VALID
2025-08-26 04:00:00,WX-MASTER,0.0,6.485,24.39,WEATHER_STATION,VALID
2025-08-26 05:00:00,WX-MASTER,0.0,5.417,24.26,WEATHER_STATION,VALID
2025-08-26 06:00:00,WX-MASTER,0.0,6.26,23.6,WEATHER_STATION,VALID
2025-08-26 07:00:00,WX-MASTER,0.306,7.522,22.2,WEATHER_STATION,VALID
2025-08-26 08:00:00,WX-MASTER,0.5059,5.307,21.31,WEATHER_STATION,VALID
2025-08-26 09:00:00,WX-MASTER,0.6368,3.74,21.11,WEATHER_STATION,VALID
2025-08-26 10:00:00,WX-MASTER,0.7365,6.219,20.6,WEATHER_STATION,VALID
2025-08-26 11:00:00,WX-MASTER,0.691,5.114,24.48,WEATHER_STATION,VALID
2025-08-26 12:00:00,WX-MASTER,0.8604,3.48,23.38,WEATHER_STATION,VALID
2025-08-26 13:00:00,WX-MASTER,0.9684,5.76,22.58,WEATHER_STATION,VALID
2025-08-26 14:00:00,WX-MASTER,0.8391,5.167,27.01,WEATHER_STATION,VALID
2025-08-26 15:00:00,WX-MASTER,0.6666,7.921,26.55,WEATHER_STATION,VALID
2025-08-26 16:00:00,WX-MASTER,0.44,5.993,28.44,WEATHER_STATION,VALID
2025-08-26 17:00:00,WX-MASTER,0.2776,6.828,27.69,WEATHER_STATION,VALID
2025-08-26 18:00:00,WX-MASTER,0.0,6.272,27.61,WEATHER_STATION,VALID
2025-08-26 19:00:00,WX-MASTER,0.0,5.772,29.45,WEATHER_STATION,VALID
2025-08-26 20:00:00,WX-MASTER,0.0,6.176,29.66,WEATHER_STATION,VALID
2025-08-26 21:00:00,WX-MASTER,0.0,8.465,28.58,WEATHER_STATION,VALID
2025-08-26 22:00:00,WX-MASTER,0.0,8.255,30.14,WEATHER_STATION,VALID
2025-08-26 23:00:00,WX-MASTER,0.0,5.529,29.14,WEATHER_STATION,VALID
2025-08-27 00:00:00,WX-MASTER,0.0,5.945,27.94,WEATHER_STATION,VALID
2025-08-27 01:00:00,WX-MASTER,0.0,6.079,25.09,WEATHER_STATION,VALID
2025-08-27 02:00:00,WX-MASTER,0.0,9.002,24.01,WEATHER_STATION,VALID
2025-08-27 03:00:00,WX-MASTER,0.0,5.3,26.05,WEATHER_STATION,VALID
2025-08-27 04:00:00,WX-MASTER,0.0,8.438,21.14,WEATHER_STATION,VALID
2025-08-27 05:00:00,WX-MASTER,0.0,7.745,22.93,WEATHER_STATION,VALID
2025-08-27 06:00:00,WX-MASTER,0.0,7.189,22.66,WEATHER_STATION,VALID
2025-08-27 07:00:00,WX-MASTER,0.2844,6.13,21.54,WEATHER_STATION,VALID
2025-08-27 08:00:00,WX-MASTER,0.5001,8.029,21.97,WEATHER_STATION,VALID
2025-08-27 09:00:00,WX-MASTER,0.7213,6.38,22.64,WEATHER_STATION,VALID
2025-08-27 10:00:00,WX-MASTER,0.7888,4.132,21.78,WEATHER_STATION,VALID
2025-08-27 11:00:00,WX-MASTER,0.9723,4.254,24.1,WEATHER_STATION,VALID
2025-08-27 12:00:00,WX-MASTER,0.9002,3.565,24.46,WEATHER_STATION,VALID
2025-08-27 13:00:00,WX-MASTER,0.8792,7.202,24.39,WEATHER_STATION,VALID
2025-08-27 14:00:00,WX-MASTER,0.6425,7.499,24.52,WEATHER_STATION,VALID
2025-08-27 15:00:00,WX-MASTER,0.6255,7.133,26.31,WEATHER_STATION,VALID
2025-08-27 16:00:00,WX-MASTER,0.5528,5.67,29.8,WEATHER_STATION,VALID
2025-08-27 17:00:00,WX-MASTER,0.2318,4.19,27.08,WEATHER_STATION,VALID
2025-08-27 18:00:00,WX-MASTER,0.0,4.903,30.38,WEATHER_STATION,VALID
2025-08-27 19:00:00,WX-MASTER,0.0,5.241,26.79,WEATHER_STATION,VALID
2025-08-27 20:00:00,WX-MASTER,0.0,6.729,27.98,WEATHER_STATION,VALID
2025-08-27 21:00:00,WX-MASTER,0.0,8.842,28.24,WEATHER_STATION,VALID
2025-08-27 22:00:00,WX-MASTER,0.0,9.06,29.68,WEATHER_STATION,VALID
2025-08-27 23:00:00,WX-MASTER,0.0,6.807,28.05,WEATHER_STATION,VALID
2025-08-28 00:00:00,WX-MASTER,0.0,4.639,28.82,WEATHER_STATION,VALID
2025-08-28 01:00:00,WX-MASTER,0.0,6.091,26.0,WEATHER_STATION,VALID
2025-08-28 02:00:00,WX-MASTER,0.0,9.148,25.43,WEATHER_STATION,VALID
2025-08-28 03:00:00,WX-MASTER,0.0,7.831,24.2,WEATHER_STATION,VALID
2025-08-28 04:00:00,WX-MASTER,0.0,6.932,26.18,WEATHER_STATION,VALID
2025-08-28 05:00:00,WX-MASTER,0.0,6.653,21.68,WEATHER_STATION,VALID
2025-08-28 06:00:00,WX-MASTER,0.0,6.001,21.85,WEATHER_STATION,VALID
2025-08-28 07:00:00,WX-MASTER,0.2893,5.158,20.94,WEATHER_STATION,VALID
2025-08-28 08:00:00,WX-MASTER,0.519,9.156,22.68,WEATHER_STATION,VALID
2025-08-28 09:00:00,WX-MASTER,0.7254,8.445,20.75,WEATHER_STATION,VALID
2025-08-28 10:00:00,WX-MASTER,0.6325,4.92,24.65,WEATHER_STATION,VALID
2025-08-28 11:00:00,WX-MASTER,0.7212,3.528,23.12,WEATHER_STATION,VALID
2025-08-28 12:00:00,WX-MASTER,0.539,5.902,24.24,WEATHER_STATION,VALID
2025-08-28 13:00:00,WX-MASTER,0.848,5.428,25.15,WEATHER_STATION,VALID
2025-08-28 14:00:00,WX-MASTER,0.8191,6.443,25.47,WEATHER_STATION,VALID
2025-08-28 15:00:00,WX-MASTER,0.6866,6.81,26.55,WEATHER_STATION,VALID
2025-08-28 16:00:00,WX-MASTER,0.5505,4.313,27.35,WEATHER_STATION,VALID
2025-08-28 17:00:00,WX-MASTER,0.3037,7.687,28.59,WEATHER_STATION,VALID
2025-08-28 18:00:00,WX-MASTER,0.0,5.793,27.54,WEATHER_STATION,VALID
2025-08-28 19:00:00,WX-MASTER,0.0,7.296,27.69,WEATHER_STATION,VALID
2025-08-28 20:00:00,WX-MASTER,0.0,6.427,29.98,WEATHER_STATION,VALID
2025-08-28 21:00:00,WX-MASTER,0.0,8.216,28.87,WEATHER_STATION,VALID
2025-08-28 22:00:00,WX-MASTER,0.0,4.169,26.12,WEATHER_STATION,VALID
2025-08-28 23:00:00,WX-MASTER,0.0,8.381,27.4,WEATHER_STATION,VALID
2025-08-29 00:00:00,WX-MASTER,0.0,6.444,29.06,WEATHER_STATION,VALID
2025-08-29 01:00:00,WX-MASTER,0.0,7.683,26.19,WEATHER_STATION,VALID
2025-08-29 02:00:00,WX-MASTER,0.0,9.199,24.84,WEATHER_STATION,VALID
2025-08-29 03:00:00,WX-MASTER,0.0,6.464,22.78,WEATHER_STATION,VALID
2025-08-29 04:00:00,WX-MASTER,0.0,6.125,23.05,WEATHER_STATION,VALID
2025-08-29 05:00:00,WX-MASTER,0.0,6.701,21.61,WEATHER_STATION,VALID
2025-08-29 06:00:00,WX-MASTER,0.0,6.39,22.96,WEATHER_STATION,VALID
2025-08-29 07:00:00,WX-MASTER,0.3048,5.337,22.16,WEATHER_STATION,VALID
2025-08-29 08:00:00,WX-MASTER,0.4852,6.579,21.54,WEATHER_STATION,VALID
2025-08-29 09:00:00,WX-MASTER,0.6732,6.396,21.18,WEATHER_STATION,VALID
2025-08-29 10:00:00,WX-MASTER,0.8866,6.569,24.28,WEATHER_STATION,VALID
2025-08-29 11:00:00,WX-MASTER,0.9129,4.721,22.16,WEATHER_STATION,VALID
2025-08-29 12:00:00,WX-MASTER,0.8782,4.434,22.89,WEATHER_STATION,VALID
2025-08-29 13:00:00,WX-MASTER,0.9614,5.445,24.28,WEATHER_STATION,VALID
2025-08-29 14:00:00,WX-MASTER,0.8866,5.286,25.35,WEATHER_STATION,VALID
2025-08-29 15:00:00,WX-MASTER,0.6852,5.384,26.96,WEATHER_STATION,VALID
2025-08-29 16:00:00,WX-MASTER,0.4969,4.894,28.35,WEATHER_STATION,VALID
2025-08-29 17:00:00,WX-MASTER,0.2749,6.431,28.98,WEATHER_STATION,VALID
2025-08-29 18:00:00,WX-MASTER,0.0,5.005,31.43,WEATHER_STATION,VALID
2025-08-29 19:00:00,WX-MASTER,0.0,6.325,26.83,WEATHER_STATION,VALID
2025-08-29 20:00:00,WX-MASTER,0.0,6.347,29.26,WEATHER_STATION,VALID
2025-08-29 21:00:00,WX-MASTER,0.0,6.952,28.23,WEATHER_STATION,VALID
2025-08-29 22:00:00,WX-MASTER,0.0,8.76,30.92,WEATHER_STATION,VALID
2025-08-29 23:00:00,WX-MASTER,0.0,5.691,28.16,WEATHER_STATION,VALID
2025-08-30 00:00:00,WX-MASTER,0.0,4.395,24.78,WEATHER_STATION,VALID
2025-08-30 01:00:00,WX-MASTER,0.0,6.793,26.89,WEATHER_STATION,VALID
2025-08-30 02:00:00,WX-MASTER,0.0,6.063,25.78,WEATHER_STATION,VALID
2025-08-30 03:00:00,WX-MASTER,0.0,3.571,25.47,WEATHER_STATION,VALID
2025-08-30 04:00:00,WX-MASTER,0.0,9.622,22.84,WEATHER_STATION,VALID
2025-08-30 05:00:00,WX-MASTER,0.0,7.891,23.38,WEATHER_STATION,VALID
2025-08-30 06:00:00,WX-MASTER,0.0,7.801,22.11,WEATHER_STATION,VALID
2025-08-30 07:00:00,WX-MASTER,0.2704,6.309,21.28,WEATHER_STATION,VALID
2025-08-30 08:00:00,WX-MASTER,0.4668,6.967,22.37,WEATHER_STATION,VALID
2025-08-30 09:00:00,WX-MASTER,0.7417,5.62,22.26,WEATHER_STATION,VALID
2025-08-30 10:00:00,WX-MASTER,0.7004,7.004,23.69,WEATHER_STATION,VALID
2025-08-30 11:00:00,WX-MASTER,0.8939,6.011,23.02,WEATHER_STATION,VALID
2025-08-30 12:00:00,WX-MASTER,0.996,5.592,24.44,WEATHER_STATION,VALID
2025-08-30 13:00:00,WX-MASTER,0.8766,5.628,23.11,WEATHER_STATION,VALID
2025-08-30 14:00:00,WX-MASTER,0.7188,7.489,27.14,WEATHER_STATION,VALID
2025-08-30 15:00:00,WX-MASTER,0.6909,5.874,25.44,WEATHER_STATION,VALID
2025-08-30 16:00:00,WX-MASTER,0.4653,4.453,28.3,WEATHER_STATION,VALID
2025-08-30 17:00:00,WX-MASTER,0.2292,6.418,28.25,WEATHER_STATION,VALID
2025-08-30 18:00:00,WX-MASTER,0.0,6.845,28.66,WEATHER_STATION,VALID
2025-08-30 19:00:00,WX-MASTER,0.0,6.275,29.76,WEATHER_STATION,VALID
2025-08-30 20:00:00,WX-MASTER,0.0,6.656,26.39,WEATHER_STATION,VALID
2025-08-30 21:00:00,WX-MASTER,0.0,5.589,28.15,WEATHER_STATION,VALID
2025-08-30 22:00:00,WX-MASTER,0.0,7.324,29.39,WEATHER_STATION,VALID
2025-08-30 23:00:00,WX-MASTER,0.0,5.799,30.24,WEATHER_STATION,VALID
2025-08-31 00:00:00,WX-MASTER,0.0,7.157,27.17,WEATHER_STATION,VALID
2025-08-31 01:00:00,WX-MASTER,0.0,6.675,23.43,WEATHER_STATION,VALID
2025-08-31 02:00:00,WX-MASTER,0.0,8.817,25.07,WEATHER_STATION,VALID
2025-08-31 03:00:00,WX-MASTER,0.0,9.481,24.47,WEATHER_STATION,VALID
2025-08-31 04:00:00,WX-MASTER,0.0,5.843,25.03,WEATHER_STATION,VALID
2025-08-31 05:00:00,WX-MASTER,0.0,7.136,23.03,WEATHER_STATION,VALID
2025-08-31 06:00:00,WX-MASTER,0.0,6.51,20.88,WEATHER_STATION,VALID
2025-08-31 07:00:00,WX-MASTER,0.2572,7.263,23.22,WEATHER_STATION,VALID
2025-08-31 08:00:00,WX-MASTER,0.5038,6.524,22.63,WEATHER_STATION,VALID
2025-08-31 09:00:00,WX-MASTER,0.6416,5.644,21.23,WEATHER_STATION,VALID
2025-08-31 10:00:00,WX-MASTER,0.82,6.047,23.28,WEATHER_STATION,VALID
2025-08-31 11:00:00,WX-MASTER,0.888,5.465,22.32,WEATHER_STATION,VALID
2025-08-31 12:00:00,WX-MASTER,0.8448,7.685,23.34,WEATHER_STATION,VALID
2025-08-31 13:00:00,WX-MASTER,0.7341,4.525,23.9,WEATHER_STATION,VALID
2025-08-31 14:00:00,WX-MASTER,0.7954,5.897,25.07,WEATHER_STATION,VALID
2025-08-31 15:00:00,WX-MASTER,0.6462,6.298,27.44,WEATHER_STATION,VALID
2025-08-31 16:00:00,WX-MASTER,0.39,6.341,25.05,WEATHER_STATION,VALID
2025-08-31 17:00:00,WX-MASTER,0.2839,5.572,29.25,WEATHER_STATION,VALID
2025-08-31 18:00:00,WX-MASTER,0.0,7.967,28.69,WEATHER_STATION,VALID
2025-08-31 19:00:00,WX-MASTER,0.0,3.726,28.36,WEATHER_STATION,VALID
2025-08-31 20:00:00,WX-MASTER,0.0,5.281,28.97,WEATHER_STATION,VALID
2025-08-31 21:00:00,WX-MASTER,0.0,7.816,27.74,WEATHER_STATION,VALID
2025-08-31 22:00:00,WX-MASTER,0.0,6.033,26.52,WEATHER_STATION,VALID
2025-08-31 23:00:00,WX-MASTER,0.0,6.137,26.86,WEATHER_STATION,VALID
2025-09-01 00:00:00,WX-MASTER,0.0,6.854,24.91,WEATHER_STATION,VALID
2025-09-01 01:00:00,WX-MASTER,0.0,6.503,24.71,WEATHER_STATION,VALID
2025-09-01 02:00:00,WX-MASTER,0.0,8.346,23.48,WEATHER_STATION,VALID
2025-09-01 03:00:00,WX-MASTER,0.0,8.621,25.99,WEATHER_STATION,VALID
2025-09-01 04:00:00,WX-MASTER,0.0,7.424,22.14,WEATHER_STATION,VALID
2025-09-01 05:00:00,WX-MASTER,0.0,8.492,22.91,WEATHER_STATION,VALID
2025-09-01 06:00:00,WX-MASTER,0.0,5.09,23.74,WEATHER_STATION,VALID
2025-09-01 07:00:00,WX-MASTER,0.1565,6.737,23.07,WEATHER_STATION,VALID
2025-09-01 08:00:00,WX-MASTER,0.4582,8.13,21.58,WEATHER_STATION,VALID
2025-09-01 09:00:00,WX-MASTER,0.64,,21.7,WEATHER_STATION,VALID
2025-09-01 10:00:00,WX-MASTER,0.7811,7.771,22.62,WEATHER_STATION,VALID
2025-09-01 11:00:00,WX-MASTER,0.4214,4.956,25.49,WEATHER_STATION,VALID
2025-09-01 12:00:00,WX-MASTER,0.9933,6.79,24.18,WEATHER_STATION,VALID
2025-09-01 13:00:00,WX-MASTER,0.9228,4.981,25.33,WEATHER_STATION,VALID
2025-09-01 14:00:00,WX-MASTER,0.863,6.315,28.15,WEATHER_STATION,VALID
2025-09-01 15:00:00,WX-MASTER,0.745,7.319,26.67,WEATHER_STATION,VALID
2025-09-01 16:00:00,WX-MASTER,0.5187,4.718,28.56,WEATHER_STATION,VALID
2025-09-01 17:00:00,WX-MASTER,0.2678,3.526,28.48,WEATHER_STATION,VALID
2025/09/01 18:00,WX-MASTER,0.0,8.569,29.02,WEATHER_STATION,VALID
2025-09-01 19:00:00,WX-MASTER,0.0,7.056,27.66,WEATHER_STATION,VALID
2025-09-01 20:00:00,WX-MASTER,0.0,6.543,27.58,WEATHER_STATION,VALID
2025-09-01 21:00:00,WX-MASTER,0.0,6.722,28.2,WEATHER_STATION,VALID
2025-09-01 22:00:00,WX-MASTER,0.0,4.431,29.52,WEATHER_STATION,VALID
2025-09-01 23:00:00,WX-MASTER,0.0,7.608,28.91,WEATHER_STATION,VALID
2025-09-02 00:00:00,WX-MASTER,0.0,6.751,28.77,WEATHER_STATION,VALID
2025-09-02 01:00:00,WX-MASTER,0.0,7.571,26.31,WEATHER_STATION,VALID
2025-09-02 02:00:00,WX-MASTER,0.0,7.537,26.06,WEATHER_STATION,VALID
2025-09-02 03:00:00,WX-MASTER,0.0,3.033,25.16,WEATHER_STATION,VALID
2025-09-02 04:00:00,WX-MASTER,0.0,7.926,23.54,WEATHER_STATION,VALID
2025-09-02 05:00:00,WX-MASTER,0.0,7.346,22.56,WEATHER_STATION,VALID
2025-09-02 06:00:00,WX-MASTER,0.0,7.292,20.6,WEATHER_STATION,VALID
2025-09-02 07:00:00,WX-MASTER,0.2824,6.379,21.85,WEATHER_STATION,VALID
2025-09-02 08:00:00,WX-MASTER,0.4562,6.42,21.79,WEATHER_STATION,VALID
2025-09-02 09:00:00,WX-MASTER,0.5421,6.331,23.4,WEATHER_STATION,VALID
2025-09-02 10:00:00,WX-MASTER,0.7568,6.24,23.86,WEATHER_STATION,VALID
2025-09-02 11:00:00,WX-MASTER,0.9644,6.321,23.12,WEATHER_STATION,VALID
2025-09-02 12:00:00,WX-MASTER,0.9221,5.945,26.14,WEATHER_STATION,VALID
2025-09-02 13:00:00,WX-MASTER,0.9644,7.92,24.74,WEATHER_STATION,VALID
2025-09-02 14:00:00,WX-MASTER,0.7959,4.577,26.66,WEATHER_STATION,VALID
2025-09-02 15:00:00,WX-MASTER,0.744,5.106,26.2,WEATHER_STATION,VALID
2025-09-02 16:00:00,WX-MASTER,0.4974,7.93,25.8,WEATHER_STATION,VALID
2025-09-02 17:00:00,WX-MASTER,0.2691,5.717,27.38,WEATHER_STATION,VALID
2025-09-02 18:00:00,WX-MASTER,0.0,7.358,30.22,WEATHER_STATION,VALID
2025-09-02 19:00:00,WX-MASTER,0.0,6.576,28.48,WEATHER_STATION,VALID
2025-09-02 20:00:00,WX-MASTER,0.0,6.365,28.36,WEATHER_STATION,VALID
2025-09-02 21:00:00,WX-MASTER,0.0,8.194,28.79,WEATHER_STATION,VALID
2025-09-02 22:00:00,WX-MASTER,0.0,7.809,27.98,WEATHER_STATION,VALID
2025-09-02 23:00:00,WX-MASTER,0.0,5.321,29.32,WEATHER_STATION,VALID
2025-09-03 00:00:00,WX-MASTER,0.0,7.646,29.41,WEATHER_STATION,VALID
2025-09-03 01:00:00,WX-MASTER,0.0,6.189,26.31,WEATHER_STATION,VALID
2025-09-03 02:00:00,WX-MASTER,0.0,9.129,26.05,WEATHER_STATION,VALID
2025-09-03 03:00:00,WX-MASTER,0.0,9.683,25.66,WEATHER_STATION,VALID
2025-09-03 04:00:00,WX-MASTER,0.0,9.704,23.78,WEATHER_STATION,VALID
2025-09-03 05:00:00,WX-MASTER,0.0,7.544,21.87,WEATHER_STATION,VALID
2025-09-03 06:00:00,WX-MASTER,0.0,6.251,21.88,WEATHER_STATION,VALID
2025-09-03 07:00:00,WX-MASTER,0.3027,7.015,22.52,WEATHER_STATION,VALID
2025-09-03 08:00:00,WX-MASTER,0.5345,5.114,22.37,WEATHER_STATION,VALID
2025-09-03 09:00:00,WX-MASTER,0.6414,9.135,19.87,WEATHER_STATION,VALID
2025-09-03 10:00:00,WX-MASTER,0.8494,7.415,21.85,WEATHER_STATION,VALID
2025-09-03 11:00:00,WX-MASTER,0.9631,6.078,22.04,WEATHER_STATION,VALID
2025-09-03 12:00:00,WX-MASTER,0.9906,6.852,24.71,WEATHER_STATION,VALID
2025-09-03 13:00:00,WX-MASTER,0.9619,4.855,23.66,WEATHER_STATION,VALID
2025-09-03 14:00:00,WX-MASTER,0.782,4.06,24.85,WEATHER_STATION,VALID
2025-09-03 15:00:00,WX-MASTER,0.6427,2.696,25.71,WEATHER_STATION,VALID
2025-09-03 16:00:00,WX-MASTER,0.5176,5.816,28.1,WEATHER_STATION,VALID
2025-09-03 17:00:00,WX-MASTER,0.1526,5.626,29.04,WEATHER_STATION,VALID
2025-09-03 18:00:00,WX-MASTER,0.0,6.801,29.02,WEATHER_STATION,VALID
2025-09-03 19:00:00,WX-MASTER,0.0,6.397,30.11,WEATHER_STATION,VALID
2025-09-03 20:00:00,WX-MASTER,0.0,7.257,30.38,WEATHER_STATION,VALID
2025-09-03 21:00:00,WX-MASTER,0.0,7.946,26.61,WEATHER_STATION,VALID
2025-09-03 22:00:00,WX-MASTER,0.0,5.216,29.14,WEATHER_STATION,VALID
2025-09-03 23:00:00,WX-MASTER,0.0,8.424,27.43,WEATHER_STATION,VALID
2025-09-04 00:00:00,WX-MASTER,0.0,6.871,25.63,WEATHER_STATION,VALID
2025-09-04 01:00:00,WX-MASTER,0.0,8.135,25.91,WEATHER_STATION,VALID
2025-09-04 02:00:00,WX-MASTER,0.0,8.785,26.26,WEATHER_STATION,VALID
2025-09-04 03:00:00,WX-MASTER,0.0,8.721,26.23,WEATHER_STATION,VALID
2025-09-04 04:00:00,WX-MASTER,0.0,7.416,22.02,WEATHER_STATION,VALID
2025-09-04 05:00:00,WX-MASTER,0.0,7.291,23.65,WEATHER_STATION,VALID
2025-09-04 06:00:00,WX-MASTER,0.0,7.99,24.72,WEATHER_STATION,VALID
2025-09-04 07:00:00,WX-MASTER,0.2736,4.625,24.2,WEATHER_STATION,VALID
2025-09-04 08:00:00,WX-MASTER,0.5168,5.079,17.74,WEATHER_STATION,VALID
2025-09-04 09:00:00,WX-MASTER,0.6463,5.702,24.62,WEATHER_STATION,VALID
2025-09-04 10:00:00,WX-MASTER,0.823,4.109,23.51,WEATHER_STATION,VALID
2025-09-04 11:00:00,WX-MASTER,0.8806,5.308,20.14,WEATHER_STATION,VALID
2025-09-04 12:00:00,WX-MASTER,0.8816,5.112,22.72,WEATHER_STATION,VALID
2025-09-04 13:00:00,WX-MASTER,0.8644,5.587,25.99,WEATHER_STATION,VALID
2025-09-04 14:00:00,WX-MASTER,0.8166,5.406,25.82,WEATHER_STATION,VALID
2025-09-04 15:00:00,WX-MASTER,0.6363,6.943,25.6,WEATHER_STATION,VALID
2025-09-04 16:00:00,WX-MASTER,0.4741,6.433,27.22,WEATHER_STATION,VALID
2025-09-04 17:00:00,WX-MASTER,0.3023,5.784,28.52,WEATHER_STATION,VALID
2025-09-04 18:00:00,WX-MASTER,0.0,5.672,27.72,WEATHER_STATION,VALID
2025-09-04 19:00:00,WX-MASTER,0.0,6.297,28.62,WEATHER_STATION,VALID
2025-09-04 20:00:00,WX-MASTER,0.0,6.581,29.96,WEATHER_STATION,VALID
2025-09-04 21:00:00,WX-MASTER,0.0,10.145,27.93,WEATHER_STATION,VALID
2025-09-04 22:00:00,WX-MASTER,0.0,5.199,26.79,WEATHER_STATION,VALID
2025-09-04 23:00:00,WX-MASTER,0.0,6.07,27.1,WEATHER_STATION,VALID
2025-09-05 00:00:00,WX-MASTER,0.0,5.985,26.06,WEATHER_STATION,VALID
2025-09-05 01:00:00,WX-MASTER,0.0,7.792,25.55,WEATHER_STATION,VALID
2025-09-05 02:00:00,WX-MASTER,0.0,7.734,23.3,WEATHER_STATION,VALID
2025-09-05 03:00:00,WX-MASTER,0.0,6.618,24.75,WEATHER_STATION,VALID
2025-09-05 04:00:00,WX-MASTER,0.0,8.392,24.67,WEATHER_STATION,VALID
2025-09-05 05:00:00,WX-MASTER,0.0,7.519,21.93,WEATHER_STATION,VALID
2025-09-05 06:00:00,WX-MASTER,0.0,8.029,21.56,WEATHER_STATION,VALID
2025-09-05 07:00:00,WX-MASTER,0.234,8.121,21.77,WEATHER_STATION,VALID
2025-09-05 08:00:00,WX-MASTER,0.4274,3.525,20.78,WEATHER_STATION,VALID
2025-09-05 09:00:00,WX-MASTER,0.7101,6.936,23.17,WEATHER_STATION,VALID
2025-09-05 10:00:00,WX-MASTER,0.7982,4.144,21.28,WEATHER_STATION,VALID
2025-09-05 11:00:00,WX-MASTER,0.9065,5.965,22.27,WEATHER_STATION,VALID
2025-09-05 12:00:00,WX-MASTER,0.7018,5.421,22.71,WEATHER_STATION,VALID
2025-09-05 13:00:00,WX-MASTER,0.7149,5.414,25.68,WEATHER_STATION,VALID
2025-09-05 14:00:00,WX-MASTER,0.8332,3.893,25.1,WEATHER_STATION,VALID
2025-09-05 15:00:00,WX-MASTER,0.4601,6.872,28.67,WEATHER_STATION,VALID
2025-09-05 16:00:00,WX-MASTER,0.2328,3.99,27.55,WEATHER_STATION,VALID
2025-09-05 17:00:00,WX-MASTER,0.2149,,29.24,WEATHER_STATION,VALID
2025-09-05 18:00:00,WX-MASTER,0.0,4.224,28.02,WEATHER_STATION,VALID
2025-09-05 19:00:00,WX-MASTER,0.0,6.316,27.62,WEATHER_STATION,VALID
2025-09-05 20:00:00,WX-MASTER,0.0,8.945,28.83,WEATHER_STATION,VALID
2025-09-05 21:00:00,WX-MASTER,0.0,9.92,27.94,WEATHER_STATION,VALID
2025-09-05 22:00:00,WX-MASTER,0.0,4.969,26.01,WEATHER_STATION,VALID
2025-09-05 23:00:00,WX-MASTER,0.0,6.338,29.07,WEATHER_STATION,VALID
2025-09-06 00:00:00,WX-MASTER,0.0,6.68,27.15,WEATHER_STATION,VALID
2025-09-06 01:00:00,WX-MASTER,0.0,10.353,25.43,WEATHER_STATION,VALID
2025-09-06 02:00:00,WX-MASTER,0.0,7.327,25.81,WEATHER_STATION,VALID
2025-09-06 03:00:00,WX-MASTER,0.0,8.74,24.51,WEATHER_STATION,VALID
2025-09-06 04:00:00,WX-MASTER,0.0,7.597,25.3,WEATHER_STATION,VALID
2025-09-06 05:00:00,WX-MASTER,0.0,5.46,23.41,WEATHER_STATION,VALID
2025-09-06 06:00:00,WX-MASTER,0.0,4.372,22.14,WEATHER_STATION,VALID
2025-09-06 07:00:00,WX-MASTER,0.3014,5.739,22.81,WEATHER_STATION,VALID
2025-09-06 08:00:00,WX-MASTER,0.464,9.287,21.82,WEATHER_STATION,VALID
2025-09-06 09:00:00,WX-MASTER,0.5564,6.359,22.2,WEATHER_STATION,VALID
2025-09-06 10:00:00,WX-MASTER,0.8768,7.172,23.8,WEATHER_STATION,VALID
2025-09-06 11:00:00,WX-MASTER,0.8432,3.777,21.48,WEATHER_STATION,VALID
2025-09-06 12:00:00,WX-MASTER,0.9864,5.072,22.57,WEATHER_STATION,VALID
2025-09-06 13:00:00,WX-MASTER,0.2588,6.446,23.95,WEATHER_STATION,VALID
2025-09-06 14:00:00,WX-MASTER,0.7099,4.02,25.03,WEATHER_STATION,VALID
2025-09-06 15:00:00,WX-MASTER,0.6493,5.429,27.65,WEATHER_STATION,VALID
2025-09-06 16:00:00,WX-MASTER,0.4917,4.504,25.41,WEATHER_STATION,VALID
2025-09-06 17:00:00,WX-MASTER,0.3014,6.91,27.8,WEATHER_STATION,VALID
2025-09-06 18:00:00,WX-MASTER,0.0,6.583,27.73,WEATHER_STATION,VALID
2025-09-06 19:00:00,WX-MASTER,0.0,7.207,30.78,WEATHER_STATION,VALID
2025-09-06 20:00:00,WX-MASTER,0.0,7.712,29.92,WEATHER_STATION,VALID
2025-09-06 21:00:00,WX-MASTER,0.0,6.534,29.03,WEATHER_STATION,VALID
2025-09-06 22:00:00,WX-MASTER,0.0,8.358,29.55,WEATHER_STATION,VALID
2025-09-06 23:00:00,WX-MASTER,0.0,6.467,26.25,WEATHER_STATION,VALID
2025-09-07 00:00:00,WX-MASTER,0.0,8.153,29.53,WEATHER_STATION,VALID
2025-09-07 01:00:00,WX-MASTER,0.0,4.839,25.24,WEATHER_STATION,VALID
2025-09-07 02:00:00,WX-MASTER,0.0,6.425,26.86,WEATHER_STATION,VALID
2025-09-07 03:00:00,WX-MASTER,0.0,10.333,25.1,WEATHER_STATION,VALID
2025-09-07 04:00:00,WX-MASTER,0.0,7.981,23.92,WEATHER_STATION,VALID
2025-09-07 05:00:00,WX-MASTER,0.0,7.793,24.33,WEATHER_STATION,VALID
2025-09-07 06:00:00,WX-MASTER,0.0,5.699,23.51,WEATHER_STATION,VALID
2025-09-07 07:00:00,WX-MASTER,0.2868,5.094,22.1,WEATHER_STATION,VALID
2025-09-07 08:00:00,WX-MASTER,0.3555,5.911,21.34,WEATHER_STATION,VALID
2025-09-07 09:00:00,WX-MASTER,0.6943,5.917,22.12,WEATHER_STATION,VALID
2025-09-07 10:00:00,WX-MASTER,0.762,8.27,22.19,WEATHER_STATION,VALID
2025-09-07 11:00:00,WX-MASTER,0.8043,6.925,23.3,WEATHER_STATION,VALID
2025-09-07 12:00:00,WX-MASTER,0.8894,5.617,24.82,WEATHER_STATION,VALID
2025-09-07 13:00:00,WX-MASTER,0.803,5.499,25.0,WEATHER_STATION,VALID
2025-09-07 14:00:00,WX-MASTER,0.5984,6.405,25.57,WEATHER_STATION,VALID
2025-09-07 15:00:00,WX-MASTER,0.7192,3.778,25.47,WEATHER_STATION,VALID
2025-09-07 16:00:00,WX-MASTER,0.4973,3.13,27.49,WEATHER_STATION,VALID
2025-09-07 17:00:00,WX-MASTER,0.2576,6.782,25.79,WEATHER_STATION,VALID
2025-09-07 18:00:00,WX-MASTER,0.0,6.139,27.42,WEATHER_STATION,VALID
2025-09-07 19:00:00,WX-MASTER,0.0,4.593,29.46,WEATHER_STATION,VALID
2025-09-07 20:00:00,WX-MASTER,0.0,3.836,29.91,WEATHER_STATION,VALID
2025-09-07 21:00:00,WX-MASTER,0.0,7.972,28.7,WEATHER_STATION,VALID
2025-09-07 22:00:00,WX-MASTER,0.0,6.355,28.62,WEATHER_STATION,VALID
2025-09-07 23:00:00,WX-MASTER,0.0,7.734,28.27,WEATHER_STATION,VALID
2025-09-08 00:00:00,WX-MASTER,0.0,6.977,27.9,WEATHER_STATION,VALID
2025-09-08 01:00:00,WX-MASTER,0.0,7.337,26.0,WEATHER_STATION,VALID
2025-09-08 02:00:00,WX-MASTER,0.0,6.606,24.16,WEATHER_STATION,VALID
2025-09-08 03:00:00,WX-MASTER,0.0,7.203,24.9,WEATHER_STATION,VALID
2025-09-08 04:00:00,WX-MASTER,0.0,7.918,25.94,WEATHER_STATION,VALID
2025-09-08 05:00:00,WX-MASTER,0.0,6.62,21.75,WEATHER_STATION,VALID
2025-09-08 06:00:00,WX-MASTER,0.0,6.317,22.15,WEATHER_STATION,VALID
2025-09-08 07:00:00,WX-MASTER,0.2255,7.286,21.49,WEATHER_STATION,VALID
2025-09-08 08:00:00,WX-MASTER,0.4742,7.112,24.73,WEATHER_STATION,VALID
2025-09-08 09:00:00,WX-MASTER,0.6823,4.506,20.8,WEATHER_STATION,VALID
2025-09-08 10:00:00,WX-MASTER,0.2796,5.724,22.11,WEATHER_STATION,VALID
2025-09-08 11:00:00,WX-MASTER,0.9111,4.9,22.42,WEATHER_STATION,VALID
2025-09-08 12:00:00,WX-MASTER,0.9427,5.473,22.08,WEATHER_STATION,VALID
2025-09-08 13:00:00,WX-MASTER,0.8513,7.258,22.86,WEATHER_STATION,VALID
2025-09-08 14:00:00,WX-MASTER,0.7021,5.866,26.02,WEATHER_STATION,VALID
2025-09-08 15:00:00,WX-MASTER,0.5846,8.286,27.09,WEATHER_STATION,VALID
2025-09-08 16:00:00,WX-MASTER,0.5374,5.893,26.41,WEATHER_STATION,VALID
2025-09-08 17:00:00,WX-MASTER,0.2229,5.58,29.5,WEATHER_STATION,VALID
2025-09-08 18:00:00,WX-MASTER,0.0,6.0,25.67,WEATHER_STATION,VALID
2025-09-08 19:00:00,WX-MASTER,0.0,6.464,27.21,WEATHER_STATION,VALID
2025-09-08 20:00:00,WX-MASTER,0.0,6.959,27.85,WEATHER_STATION,VALID
2025-09-08 21:00:00,WX-MASTER,0.0,5.501,28.71,WEATHER_STATION,VALID
2025-09-08 22:00:00,WX-MASTER,0.0,6.71,27.83,WEATHER_STATION,VALID
2025-09-08 23:00:00,WX-MASTER,0.0,6.252,27.57,WEATHER_STATION,VALID
2025-09-09 00:00:00,WX-MASTER,0.0,8.638,27.66,WEATHER_STATION,VALID
2025-09-09 01:00:00,WX-MASTER,0.0,4.859,27.98,WEATHER_STATION,VALID
2025-09-09 02:00:00,WX-MASTER,0.0,7.56,26.29,WEATHER_STATION,VALID
2025-09-09 03:00:00,WX-MASTER,0.0,5.31,24.49,WEATHER_STATION,VALID
2025-09-09 04:00:00,WX-MASTER,0.0,7.71,23.48,WEATHER_STATION,VALID
2025-09-09 05:00:00,WX-MASTER,0.0,6.441,24.17,WEATHER_STATION,VALID
2025-09-09 06:00:00,WX-MASTER,0.0,4.368,24.55,WEATHER_STATION,VALID
2025-09-09 07:00:00,WX-MASTER,0.3001,7.702,22.71,WEATHER_STATION,VALID
2025-09-09 08:00:00,WX-MASTER,0.5456,2.944,21.24,WEATHER_STATION,VALID
2025-09-09 09:00:00,WX-MASTER,0.6798,5.924,22.26,WEATHER_STATION,VALID
2025-09-09 10:00:00,WX-MASTER,0.7482,6.64,22.99,WEATHER_STATION,VALID
2025-09-09 11:00:00,WX-MASTER,0.7879,7.351,22.18,WEATHER_STATION,VALID
2025-09-09 12:00:00,WX-MASTER,0.8416,3.343,24.61,WEATHER_STATION,VALID
2025-09-09 13:00:00,WX-MASTER,0.8952,4.703,24.74,WEATHER_STATION,VALID
2025-09-09 14:00:00,WX-MASTER,0.7061,6.788,26.72,WEATHER_STATION,VALID
2025-09-09 15:00:00,WX-MASTER,0.7056,6.949,25.06,WEATHER_STATION,VALID
2025-09-09 16:00:00,WX-MASTER,0.5456,7.253,24.98,WEATHER_STATION,VALID
2025-09-09 17:00:00,WX-MASTER,0.264,9.107,27.33,WEATHER_STATION,VALID
2025-09-09 18:00:00,WX-MASTER,0.0,5.344,28.38,WEATHER_STATION,VALID
2025-09-09 19:00:00,WX-MASTER,0.0,6.743,26.54,WEATHER_STATION,VALID
2025-09-09 20:00:00,WX-MASTER,0.0,6.07,28.09,WEATHER_STATION,VALID
2025-09-09 21:00:00,WX-MASTER,0.0,4.203,30.25,WEATHER_STATION,VALID
2025-09-09 22:00:00,WX-MASTER,0.0,6.877,29.0,WEATHER_STATION,VALID
2025-09-09 23:00:00,WX-MASTER,0.0,4.582,27.97,WEATHER_STATION,VALID
2025-09-10 00:00:00,WX-MASTER,0.0,6.603,25.8,WEATHER_STATION,VALID
2025-09-10 01:00:00,WX-MASTER,0.0,5.434,27.72,WEATHER_STATION,VALID
2025-09-10 02:00:00,WX-MASTER,0.0,7.907,24.81,WEATHER_STATION,VALID
2025-09-10 03:00:00,WX-MASTER,0.0,6.252,24.52,WEATHER_STATION,VALID
2025-09-10 04:00:00,WX-MASTER,0.0,4.807,24.05,WEATHER_STATION,VALID
2025-09-10 05:00:00,WX-MASTER,0.0,8.065,23.04,WEATHER_STATION,VALID
2025-09-10 06:00:00,WX-MASTER,0.0,5.926,24.07,WEATHER_STATION,VALID
2025-09-10 07:00:00,WX-MASTER,0.2838,5.895,22.62,WEATHER_STATION,VALID
2025-09-10 08:00:00,WX-MASTER,0.4547,4.925,22.22,WEATHER_STATION,VALID
2025-09-10 09:00:00,WX-MASTER,0.5778,7.439,21.83,WEATHER_STATION,VALID
2025-09-10 10:00:00,WX-MASTER,0.7527,6.074,22.8,WEATHER_STATION,VALID
2025-09-10 11:00:00,WX-MASTER,0.9445,4.745,22.59,WEATHER_STATION,VALID
2025-09-10 12:00:00,WX-MASTER,0.82,2.928,23.79,WEATHER_STATION,VALID
2025-09-10 13:00:00,WX-MASTER,0.7655,8.618,24.0,WEATHER_STATION,VALID
2025-09-10 14:00:00,WX-MASTER,0.785,7.933,24.71,WEATHER_STATION,VALID
2025-09-10 15:00:00,WX-MASTER,0.6865,7.309,25.12,WEATHER_STATION,VALID
2025-09-10 16:00:00,WX-MASTER,0.5449,4.654,26.74,WEATHER_STATION,VALID
2025-09-10 17:00:00,WX-MASTER,0.1467,5.106,27.38,WEATHER_STATION,VALID
2025-09-10 18:00:00,WX-MASTER,0.0,6.507,30.54,WEATHER_STATION,VALID
2025-09-10 19:00:00,WX-MASTER,0.0,5.078,29.88,WEATHER_STATION,VALID
2025-09-10 20:00:00,WX-MASTER,0.0,5.214,28.65,WEATHER_STATION,VALID
2025-09-10 21:00:00,WX-MASTER,0.0,8.647,28.19,WEATHER_STATION,VALID
2025-09-10 22:00:00,WX-MASTER,0.0,6.903,29.08,WEATHER_STATION,VALID
2025-09-10 23:00:00,WX-MASTER,0.0,5.699,30.12,WEATHER_STATION,VALID
2025-09-11 00:00:00,WX-MASTER,0.0,8.5,28.01,WEATHER_STATION,VALID
2025-09-11 01:00:00,WX-MASTER,0.0,6.577,24.14,WEATHER_STATION,VALID
2025-09-11 02:00:00,WX-MASTER,0.0,4.744,26.34,WEATHER_STATION,VALID
2025-09-11 03:00:00,WX-MASTER,0.0,5.769,25.65,WEATHER_STATION,VALID
2025-09-11 04:00:00,WX-MASTER,0.0,6.438,26.19,WEATHER_STATION,VALID
2025-09-11 05:00:00,WX-MASTER,0.0,7.206,22.53,WEATHER_STATION,VALID
2025-09-11 06:00:00,WX-MASTER,0.0,6.915,22.44,WEATHER_STATION,VALID
2025-09-11 07:00:00,WX-MASTER,0.2237,8.034,22.46,WEATHER_STATION,VALID
2025-09-11 08:00:00,WX-MASTER,0.4398,5.869,20.89,WEATHER_STATION,VALID
2025-09-11 09:00:00,WX-MASTER,0.4965,5.321,20.9,WEATHER_STATION,VALID
2025-09-11 10:00:00,WX-MASTER,0.801,7.322,22.75,WEATHER_STATION,VALID
2025-09-11 11:00:00,WX-MASTER,0.7434,6.795,20.98,WEATHER_STATION,VALID
2025-09-11 12:00:00,WX-MASTER,0.7673,5.12,21.97,WEATHER_STATION,VALID
2025-09-11 13:00:00,WX-MASTER,0.7188,5.715,25.38,WEATHER_STATION,VALID
2025-09-11 14:00:00,WX-MASTER,0.8355,4.723,25.9,WEATHER_STATION,VALID
2025-09-11 15:00:00,WX-MASTER,0.7003,3.903,27.71,WEATHER_STATION,VALID
2025-09-11 16:00:00,WX-MASTER,0.5441,8.406,27.61,WEATHER_STATION,VALID
2025-09-11 17:00:00,WX-MASTER,0.2455,5.033,27.79,WEATHER_STATION,VALID
2025-09-11 18:00:00,WX-MASTER,0.0,6.35,29.88,WEATHER_STATION,VALID
2025-09-11 19:00:00,WX-MASTER,0.0,4.25,28.18,WEATHER_STATION,VALID
2025-09-11 20:00:00,WX-MASTER,0.0,7.439,28.4,WEATHER_STATION,VALID
2025-09-11 21:00:00,WX-MASTER,0.0,5.164,28.61,WEATHER_STATION,VALID
2025-09-11 22:00:00,WX-MASTER,0.0,9.136,28.87,WEATHER_STATION,VALID
2025-09-11 23:00:00,WX-MASTER,0.0,9.472,27.7,WEATHER_STATION,VALID
2025-09-12 00:00:00,WX-MASTER,0.0,7.977,25.26,WEATHER_STATION,VALID
2025-09-12 01:00:00,WX-MASTER,0.0,7.453,25.88,WEATHER_STATION,VALID
2025-09-12 02:00:00,WX-MASTER,0.0,7.055,25.26,WEATHER_STATION,VALID
2025-09-12 03:00:00,WX-MASTER,0.0,7.164,24.52,WEATHER_STATION,VALID
2025-09-12 04:00:00,WX-MASTER,0.0,7.622,23.0,WEATHER_STATION,VALID
2025-09-12 05:00:00,WX-MASTER,0.0,7.018,23.42,WEATHER_STATION,VALID
2025-09-12 06:00:00,WX-MASTER,0.0,7.949,20.33,WEATHER_STATION,VALID
2025-09-12 07:00:00,WX-MASTER,0.2988,5.225,22.41,WEATHER_STATION,VALID
2025-09-12 08:00:00,WX-MASTER,0.4971,8.144,23.94,WEATHER_STATION,VALID
2025-09-12 09:00:00,WX-MASTER,0.6618,5.358,21.18,WEATHER_STATION,VALID
2025-09-12 10:00:00,WX-MASTER,0.7482,4.714,22.33,WEATHER_STATION,VALID
2025-09-12 11:00:00,WX-MASTER,0.9507,5.975,22.52,WEATHER_STATION,VALID
2025-09-12 12:00:00,WX-MASTER,0.9779,5.933,23.27,WEATHER_STATION,VALID
2025-09-12 13:00:00,WX-MASTER,0.7768,3.058,23.15,WEATHER_STATION,VALID
2025-09-12 14:00:00,WX-MASTER,0.7472,4.696,27.68,WEATHER_STATION,VALID
2025-09-12 15:00:00,WX-MASTER,0.6346,2.571,26.66,WEATHER_STATION,VALID
2025-09-12 16:00:00,WX-MASTER,0.4887,4.652,26.24,WEATHER_STATION,VALID
2025-09-12 17:00:00,WX-MASTER,0.2447,4.896,26.83,WEATHER_STATION,VALID
2025-09-12 18:00:00,WX-MASTER,0.0,6.334,28.4,WEATHER_STATION,VALID
2025-09-12 19:00:00,WX-MASTER,0.0,5.177,26.07,WEATHER_STATION,VALID
2025-09-12 20:00:00,WX-MASTER,0.0,5.746,30.06,WEATHER_STATION,VALID
2025-09-12 21:00:00,WX-MASTER,0.0,8.408,28.06,WEATHER_STATION,VALID
2025-09-12 22:00:00,WX-MASTER,0.0,9.619,28.79,WEATHER_STATION,VALID
2025-09-12 23:00:00,WX-MASTER,0.0,5.919,28.29,WEATHER_STATION,VALID
2025-09-13 00:00:00,WX-MASTER,0.0,8.548,28.19,WEATHER_STATION,VALID
2025-09-13 01:00:00,WX-MASTER,0.0,7.789,26.78,WEATHER_STATION,VALID
2025-09-13 02:00:00,WX-MASTER,0.0,5.019,26.18,WEATHER_STATION,VALID
2025-09-13 03:00:00,WX-MASTER,0.0,6.178,25.6,WEATHER_STATION,VALID
2025-09-13 04:00:00,WX-MASTER,0.0,3.135,23.14,WEATHER_STATION,VALID
2025-09-13 05:00:00,WX-MASTER,0.0,7.303,25.39,WEATHER_STATION,VALID
2025-09-13 06:00:00,WX-MASTER,0.0,5.254,22.68,WEATHER_STATION,VALID
2025-09-13 07:00:00,WX-MASTER,0.2782,6.574,21.87,WEATHER_STATION,VALID
2025-09-13 08:00:00,WX-MASTER,0.5425,9.481,20.77,WEATHER_STATION,VALID
2025-09-13 09:00:00,WX-MASTER,0.6339,7.959,21.65,WEATHER_STATION,VALID
2025-09-13 10:00:00,WX-MASTER,0.757,4.668,22.73,WEATHER_STATION,VALID
2025-09-13 11:00:00,WX-MASTER,0.8562,4.173,22.92,WEATHER_STATION,VALID
2025-09-13 12:00:00,WX-MASTER,0.9478,7.04,25.73,WEATHER_STATION,VALID
2025-09-13 13:00:00,WX-MASTER,0.3761,3.991,23.91,WEATHER_STATION,VALID
2025-09-13 14:00:00,WX-MASTER,0.8296,6.591,26.1,WEATHER_STATION,VALID
2025-09-13 15:00:00,WX-MASTER,0.6472,8.933,24.84,WEATHER_STATION,VALID
2025-09-13 16:00:00,WX-MASTER,0.4258,6.389,29.65,WEATHER_STATION,VALID
2025-09-13 17:00:00,WX-MASTER,0.205,7.239,26.33,WEATHER_STATION,VALID
2025-09-13 18:00:00,WX-MASTER,0.0,7.317,30.8,WEATHER_STATION,VALID
2025-09-13 19:00:00,WX-MASTER,0.0,5.458,28.5,WEATHER_STATION,VALID
2025-09-13 20:00:00,WX-MASTER,0.0,6.821,26.1,WEATHER_STATION,VALID
2025-09-13 21:00:00,WX-MASTER,0.0,5.451,30.29,WEATHER_STATION,VALID
2025-09-13 22:00:00,WX-MASTER,0.0,8.594,28.41,WEATHER_STATION,VALID
2025-09-13 23:00:00,WX-MASTER,0.0,5.687,27.21,WEATHER_STATION,VALID
2025-09-14 00:00:00,WX-MASTER,0.0,8.116,27.79,WEATHER_STATION,VALID
2025-09-14 01:00:00,WX-MASTER,0.0,8.738,26.98,WEATHER_STATION,VALID
2025-09-14 02:00:00,WX-MASTER,0.0,6.622,25.77,WEATHER_STATION,VALID
2025-09-14 03:00:00,WX-MASTER,0.0,6.251,25.73,WEATHER_STATION,VALID
2025-09-14 04:00:00,WX-MASTER,0.0,6.832,23.83,WEATHER_STATION,VALID
2025-09-14 05:00:00,WX-MASTER,0.0,5.704,23.58,WEATHER_STATION,VALID
2025-09-14 06:00:00,WX-MASTER,0.0,6.838,21.62,WEATHER_STATION,VALID
2025-09-14 07:00:00,WX-MASTER,0.2411,5.189,22.81,WEATHER_STATION,VALID
2025-09-14 08:00:00,WX-MASTER,0.4189,5.022,21.15,WEATHER_STATION,VALID
2025-09-14 09:00:00,WX-MASTER,0.6335,6.581,20.54,WEATHER_STATION,VALID
2025-09-14 10:00:00,WX-MASTER,0.8667,6.449,22.0,WEATHER_STATION,VALID
2025-09-14 11:00:00,WX-MASTER,0.9479,5.084,22.47,WEATHER_STATION,VALID
2025-09-14 12:00:00,WX-MASTER,0.7094,3.2,24.64,WEATHER_STATION,VALID
2025-09-14 13:00:00,WX-MASTER,0.8076,6.801,22.62,WEATHER_STATION,VALID
2025-09-14 14:00:00,WX-MASTER,0.6823,4.701,26.59,WEATHER_STATION,VALID
2025-09-14 15:00:00,WX-MASTER,0.7165,8.038,25.43,WEATHER_STATION,VALID
2025-09-14 16:00:00,WX-MASTER,0.4946,5.321,24.07,WEATHER_STATION,VALID
2025-09-14 17:00:00,WX-MASTER,0.2458,5.858,26.3,WEATHER_STATION,VALID
2025-09-14 18:00:00,WX-MASTER,0.0,5.349,27.94,WEATHER_STATION,VALID
2025-09-14 19:00:00,WX-MASTER,0.0,6.48,29.19,WEATHER_STATION,VALID
2025-09-14 20:00:00,WX-MASTER,0.0,10.944,28.61,WEATHER_STATION,VALID
2025-09-14 21:00:00,WX-MASTER,0.0,6.222,27.2,WEATHER_STATION,VALID
2025-09-14 22:00:00,WX-MASTER,0.0,8.558,27.37,WEATHER_STATION,VALID
2025-09-14 23:00:00,WX-MASTER,0.0,7.197,26.32,WEATHER_STATION,VALID
2025-09-15 00:00:00,WX-MASTER,0.0,8.712,27.33,WEATHER_STATION,VALID
2025-09-15 01:00:00,WX-MASTER,0.0,4.737,26.06,WEATHER_STATION,VALID
2025-09-15 02:00:00,WX-MASTER,0.0,9.771,26.0,WEATHER_STATION,VALID
2025-09-15 03:00:00,WX-MASTER,0.0,7.613,22.24,WEATHER_STATION,VALID
2025-09-15 04:00:00,WX-MASTER,0.0,6.686,22.87,WEATHER_STATION,VALID
2025-09-15 05:00:00,WX-MASTER,0.0,8.02,25.23,WEATHER_STATION,VALID
2025-09-15 06:00:00,WX-MASTER,0.0,6.804,23.0,WEATHER_STATION,VALID
2025-09-15 07:00:00,WX-MASTER,0.2704,4.871,21.53,WEATHER_STATION,VALID
2025-09-15 08:00:00,WX-MASTER,0.4395,2.952,20.58,WEATHER_STATION,VALID
2025-09-15 09:00:00,WX-MASTER,0.6491,8.225,23.21,WEATHER_STATION,VALID
2025-09-15 10:00:00,WX-MASTER,0.5516,5.338,24.07,WEATHER_STATION,VALID
2025-09-15 11:00:00,WX-MASTER,0.7406,4.651,21.41,WEATHER_STATION,VALID
2025-09-15 12:00:00,WX-MASTER,0.4009,4.626,22.25,WEATHER_STATION,VALID
2025-09-15 13:00:00,WX-MASTER,0.9146,7.164,24.69,WEATHER_STATION,VALID
2025-09-15 14:00:00,WX-MASTER,0.6065,4.629,25.71,WEATHER_STATION,VALID
2025-09-15 15:00:00,WX-MASTER,0.6202,6.176,26.75,WEATHER_STATION,VALID
2025-09-15 16:00:00,WX-MASTER,0.5311,5.039,29.23,WEATHER_STATION,VALID
2025-09-15 17:00:00,WX-MASTER,0.2224,4.032,26.57,WEATHER_STATION,VALID
2025-09-15 18:00:00,WX-MASTER,0.0,7.063,28.34,WEATHER_STATION,VALID
2025-09-15 19:00:00,WX-MASTER,0.0,7.579,29.51,WEATHER_STATION,VALID
2025-09-15 20:00:00,WX-MASTER,0.0,5.523,29.62,WEATHER_STATION,VALID
2025-09-15 21:00:00,WX-MASTER,0.0,6.608,27.87,WEATHER_STATION,VALID
2025-09-15 22:00:00,WX-MASTER,0.0,7.006,27.57,WEATHER_STATION,VALID
2025-09-15 23:00:00,WX-MASTER,0.0,7.639,27.19,WEATHER_STATION,VALID
2025-09-16 00:00:00,WX-MASTER,0.0,9.731,29.05,WEATHER_STATION,VALID
2025-09-16 01:00:00,WX-MASTER,0.0,6.809,24.99,WEATHER_STATION,VALID
2025-09-16 02:00:00,WX-MASTER,0.0,6.795,24.87,WEATHER_STATION,VALID
2025-09-16 03:00:00,WX-MASTER,0.0,6.923,25.28,WEATHER_STATION,VALID
2025-09-16 04:00:00,WX-MASTER,0.0,5.791,22.2,WEATHER_STATION,VALID
2025-09-16 05:00:00,WX-MASTER,0.0,4.588,23.09,WEATHER_STATION,VALID
2025-09-16 06:00:00,WX-MASTER,0.0,6.772,19.95,WEATHER_STATION,VALID
2025-09-16 07:00:00,WX-MASTER,0.267,7.03,22.11,WEATHER_STATION,VALID
2025-09-16 08:00:00,WX-MASTER,0.5401,6.087,21.82,WEATHER_STATION,VALID
2025-09-16 09:00:00,WX-MASTER,0.588,5.752,22.07,WEATHER_STATION,VALID
2025-09-16 10:00:00,WX-MASTER,0.7773,4.442,21.18,WEATHER_STATION,VALID
2025-09-16 11:00:00,WX-MASTER,0.8197,5.758,23.06,WEATHER_STATION,VALID
2025-09-16 12:00:00,WX-MASTER,0.8552,5.525,23.46,WEATHER_STATION,VALID
2025-09-16 13:00:00,WX-MASTER,0.6903,5.859,25.91,WEATHER_STATION,VALID
2025-09-16 14:00:00,WX-MASTER,0.8641,5.668,26.02,WEATHER_STATION,VALID
09-16-2025 15:00,WX-MASTER,0.592,5.833,24.42,WEATHER_STATION,VALID
2025-09-16 16:00:00,WX-MASTER,0.5311,7.17,26.01,WEATHER_STATION,VALID
2025-09-16 17:00:00,WX-MASTER,0.2455,6.388,26.99,WEATHER_STATION,VALID
2025-09-16 18:00:00,WX-MASTER,0.0,6.498,28.51,WEATHER_STATION,VALID
2025-09-16 19:00:00,WX-MASTER,0.0,3.862,28.44,WEATHER_STATION,VALID
2025-09-16 20:00:00,WX-MASTER,0.0,7.758,28.55,WEATHER_STATION,VALID
2025-09-16 21:00:00,WX-MASTER,0.0,6.251,32.02,WEATHER_STATION,VALID
2025-09-16 22:00:00,WX-MASTER,0.0,6.965,27.67,WEATHER_STATION,VALID
2025-09-16 23:00:00,WX-MASTER,0.0,5.388,29.4,WEATHER_STATION,VALID
2025-09-17 00:00:00,WX-MASTER,0.0,9.867,26.82,WEATHER_STATION,VALID
2025-09-17 01:00:00,WX-MASTER,0.0,3.995,23.54,WEATHER_STATION,VALID
2025-09-17 02:00:00,WX-MASTER,0.0,9.141,25.48,WEATHER_STATION,VALID
2025-09-17 03:00:00,WX-MASTER,0.0,7.686,25.69,WEATHER_STATION,VALID
2025-09-17 04:00:00,WX-MASTER,0.0,4.521,24.26,WEATHER_STATION,VALID
2025-09-17 05:00:00,WX-MASTER,0.0,9.456,23.08,WEATHER_STATION,VALID
2025-09-17 06:00:00,WX-MASTER,0.0,7.248,22.25,WEATHER_STATION,VALID
2025-09-17 07:00:00,WX-MASTER,0.2841,3.261,21.28,WEATHER_STATION,VALID
2025-09-17 08:00:00,WX-MASTER,0.4789,5.516,22.83,WEATHER_STATION,VALID
2025-09-17 09:00:00,WX-MASTER,0.6242,6.51,21.35,WEATHER_STATION,VALID
2025-09-17 10:00:00,WX-MASTER,0.7618,7.819,21.45,WEATHER_STATION,VALID
2025-09-17 11:00:00,WX-MASTER,0.9162,4.879,23.27,WEATHER_STATION,VALID
2025-09-17 12:00:00,WX-MASTER,0.7985,1.845,23.14,WEATHER_STATION,VALID
2025-09-17 13:00:00,WX-MASTER,0.8245,7.121,25.88,WEATHER_STATION,VALID
2025-09-17 14:00:00,WX-MASTER,0.7651,5.877,25.81,WEATHER_STATION,VALID
2025-09-17 15:00:00,WX-MASTER,0.7048,2.4,25.22,WEATHER_STATION,VALID
2025-09-17 16:00:00,WX-MASTER,0.4725,5.884,25.63,WEATHER_STATION,VALID
2025-09-17 17:00:00,WX-MASTER,0.2966,6.21,27.04,WEATHER_STATION,VALID
2025-09-17 18:00:00,WX-MASTER,0.0,5.433,31.09,WEATHER_STATION,VALID
2025-09-17 19:00:00,WX-MASTER,0.0,5.034,28.35,WEATHER_STATION,VALID
2025-09-17 20:00:00,WX-MASTER,0.0,5.577,29.66,WEATHER_STATION,VALID
2025-09-17 21:00:00,WX-MASTER,0.0,6.198,27.06,WEATHER_STATION,VALID
2025-09-17 22:00:00,WX-MASTER,0.0,7.305,26.98,WEATHER_STATION,VALID
2025-09-17 23:00:00,WX-MASTER,0.0,8.049,27.5,WEATHER_STATION,VALID
2025-09-18 00:00:00,WX-MASTER,0.0,4.34,29.03,WEATHER_STATION,VALID
2025-09-18 01:00:00,WX-MASTER,0.0,7.527,24.6,WEATHER_STATION,VALID
2025-09-18 02:00:00,WX-MASTER,0.0,7.823,24.49,WEATHER_STATION,VALID
2025-09-18 03:00:00,WX-MASTER,0.0,7.335,25.42,WEATHER_STATION,VALID
2025-09-18 04:00:00,WX-MASTER,0.0,6.454,25.4,WEATHER_STATION,VALID
2025-09-18 05:00:00,WX-MASTER,0.0,8.637,23.29,WEATHER_STATION,VALID
2025-09-18 06:00:00,WX-MASTER,0.0,8.31,23.02,WEATHER_STATION,VALID
2025-09-18 07:00:00,WX-MASTER,0.2483,5.833,20.79,WEATHER_STATION,VALID
2025-09-18 08:00:00,WX-MASTER,0.215,5.94,20.16,WEATHER_STATION,VALID
2025-09-18 09:00:00,WX-MASTER,0.6606,6.801,20.49,WEATHER_STATION,VALID
2025-09-18 10:00:00,WX-MASTER,0.7411,7.242,21.16,WEATHER_STATION,VALID
2025-09-18 11:00:00,WX-MASTER,0.8991,4.333,23.04,WEATHER_STATION,VALID
2025-09-18 12:00:00,WX-MASTER,0.9515,3.908,22.03,WEATHER_STATION,VALID
2025-09-18 13:00:00,WX-MASTER,0.7833,5.562,24.64,WEATHER_STATION,VALID
2025-09-18 14:00:00,WX-MASTER,0.7811,3.751,24.86,WEATHER_STATION,VALID
2025-09-18 15:00:00,WX-MASTER,0.708,2.756,25.47,WEATHER_STATION,VALID
2025-09-18 16:00:00,WX-MASTER,0.4174,4.354,28.06,WEATHER_STATION,VALID
2025-09-18 17:00:00,WX-MASTER,0.2627,6.151,26.57,WEATHER_STATION,VALID
2025-09-18 18:00:00,WX-MASTER,0.0,7.857,30.0,WEATHER_STATION,VALID
2025-09-18 19:00:00,WX-MASTER,0.0,5.17,29.62,WEATHER_STATION,VALID
2025-09-18 20:00:00,WX-MASTER,0.0,6.191,27.56,WEATHER_STATION,VALID
2025-09-18 21:00:00,WX-MASTER,0.0,6.805,30.07,WEATHER_STATION,VALID
2025-09-18 22:00:00,WX-MASTER,0.0,5.983,26.94,WEATHER_STATION,VALID
2025-09-18 23:00:00,WX-MASTER,0.0,6.061,29.27,WEATHER_STATION,VALID
2025-09-19 00:00:00,WX-MASTER,0.0,7.55,27.39,WEATHER_STATION,VALID
2025-09-19 01:00:00,WX-MASTER,0.0,5.62,24.25,WEATHER_STATION,VALID
2025-09-19 02:00:00,WX-MASTER,0.0,6.173,23.68,WEATHER_STATION,VALID
2025-09-19 03:00:00,WX-MASTER,0.0,6.835,23.84,WEATHER_STATION,VALID
2025-09-19 04:00:00,WX-MASTER,0.0,7.382,24.53,WEATHER_STATION,VALID
2025-09-19 05:00:00,WX-MASTER,0.0,4.804,22.56,WEATHER_STATION,VALID
2025-09-19 06:00:00,WX-MASTER,0.0,6.375,21.97,WEATHER_STATION,VALID
2025-09-19 07:00:00,WX-MASTER,0.2048,4.613,21.9,WEATHER_STATION,VALID
2025-09-19 08:00:00,WX-MASTER,0.5037,5.141,19.34,WEATHER_STATION,VALID
2025-09-19 09:00:00,WX-MASTER,0.7259,6.805,22.85,WEATHER_STATION,VALID
2025-09-19 10:00:00,WX-MASTER,0.7519,5.461,23.81,WEATHER_STATION,VALID
2025-09-19 11:00:00,WX-MASTER,0.8227,7.546,23.71,WEATHER_STATION,VALID
2025-09-19 12:00:00,WX-MASTER,0.9257,5.157,22.98,WEATHER_STATION,VALID
2025-09-19 13:00:00,WX-MASTER,0.9409,6.447,23.27,WEATHER_STATION,VALID
2025-09-19 14:00:00,WX-MASTER,0.8418,6.227,23.94,WEATHER_STATION,VALID
2025-09-19 15:00:00,WX-MASTER,0.4939,5.25,24.78,WEATHER_STATION,VALID
2025-09-19 16:00:00,WX-MASTER,0.5051,3.692,29.7,WEATHER_STATION,VALID
2025-09-19 17:00:00,WX-MASTER,0.2957,5.455,27.62,WEATHER_STATION,VALID
2025-09-19 18:00:00,WX-MASTER,0.0,5.128,29.35,WEATHER_STATION,VALID
2025-09-19 19:00:00,WX-MASTER,0.0,5.331,29.64,WEATHER_STATION,VALID
2025-09-19 20:00:00,WX-MASTER,0.0,6.537,28.91,WEATHER_STATION,VALID
2025-09-19 21:00:00,WX-MASTER,0.0,4.701,27.5,WEATHER_STATION,VALID
2025-09-19 22:00:00,WX-MASTER,0.0,5.673,28.89,WEATHER_STATION,VALID
2025-09-19 23:00:00,WX-MASTER,0.0,5.673,26.41,WEATHER_STATION,VALID
2025-09-20 00:00:00,WX-MASTER,0.0,6.767,27.7,WEATHER_STATION,VALID
2025-09-20 01:00:00,WX-MASTER,0.0,6.161,24.89,WEATHER_STATION,VALID
2025-09-20 02:00:00,WX-MASTER,0.0,6.241,24.71,WEATHER_STATION,VALID
2025-09-20 03:00:00,WX-MASTER,0.0,7.257,23.8,WEATHER_STATION,VALID
2025-09-20 04:00:00,WX-MASTER,0.0,6.366,25.16,WEATHER_STATION,VALID
2025-09-20 05:00:00,WX-MASTER,0.0,6.763,19.83,WEATHER_STATION,VALID
2025-09-20 06:00:00,WX-MASTER,0.0,5.077,25.0,WEATHER_STATION,VALID
2025-09-20 07:00:00,WX-MASTER,0.0597,5.197,20.88,WEATHER_STATION,VALID
2025-09-20 08:00:00,WX-MASTER,0.4115,8.666,21.58,WEATHER_STATION,VALID
2025-09-20 09:00:00,WX-MASTER,0.6497,4.856,22.35,WEATHER_STATION,VALID
2025-09-20 10:00:00,WX-MASTER,0.2993,2.801,22.59,WEATHER_STATION,VALID
2025-09-20 11:00:00,WX-MASTER,0.782,5.804,23.77,WEATHER_STATION,VALID
2025-09-20 12:00:00,WX-MASTER,0.9664,4.313,24.21,WEATHER_STATION,VALID
2025-09-20 13:00:00,WX-MASTER,0.7679,5.488,26.77,WEATHER_STATION,VALID
2025-09-20 14:00:00,WX-MASTER,0.7413,5.061,26.11,WEATHER_STATION,VALID
2025-09-20 15:00:00,WX-MASTER,0.5674,5.965,26.0,WEATHER_STATION,VALID
2025-09-20 16:00:00,WX-MASTER,0.5262,5.256,26.32,WEATHER_STATION,VALID
2025-09-20 17:00:00,WX-MASTER,0.2953,5.28,27.01,WEATHER_STATION,VALID
2025-09-20 18:00:00,WX-MASTER,0.0,7.295,29.81,WEATHER_STATION,VALID
2025-09-20 19:00:00,WX-MASTER,0.0,3.173,30.72,WEATHER_STATION,VALID
2025-09-20 20:00:00,WX-MASTER,0.0,4.594,29.94,WEATHER_STATION,VALID
2025-09-20 21:00:00,WX-MASTER,0.0,5.496,24.81,WEATHER_STATION,VALID
2025-09-20 22:00:00,WX-MASTER,0.0,4.591,25.57,WEATHER_STATION,VALID
2025-09-20 23:00:00,WX-MASTER,0.0,6.349,27.7,WEATHER_STATION,VALID
2025-09-21 00:00:00,WX-MASTER,0.0,6.329,26.78,WEATHER_STATION,VALID
2025-09-21 01:00:00,WX-MASTER,0.0,8.409,26.16,WEATHER_STATION,VALID
2025-09-21 02:00:00,WX-MASTER,0.0,7.022,26.73,WEATHER_STATION,VALID
2025-09-21 03:00:00,WX-MASTER,0.0,6.787,25.76,WEATHER_STATION,VALID
2025-09-21 04:00:00,WX-MASTER,0.0,6.434,23.69,WEATHER_STATION,VALID
2025-09-21 05:00:00,WX-MASTER,0.0,5.372,20.92,WEATHER_STATION,VALID
2025-09-21 06:00:00,WX-MASTER,0.0,7.669,20.72,WEATHER_STATION,VALID
2025-09-21 07:00:00,WX-MASTER,0.2886,7.83,21.93,WEATHER_STATION,VALID
2025-09-21 08:00:00,WX-MASTER,0.4048,4.42,22.23,WEATHER_STATION,VALID
2025-09-21 09:00:00,WX-MASTER,0.6236,7.852,20.38,WEATHER_STATION,VALID
2025-09-21 10:00:00,WX-MASTER,0.7681,4.65,22.99,WEATHER_STATION,VALID
2025-09-21 11:00:00,WX-MASTER,0.786,4.364,20.65,WEATHER_STATION,VALID
2025-09-21 12:00:00,WX-MASTER,0.8804,5.831,20.28,WEATHER_STATION,VALID
2025-09-21 13:00:00,WX-MASTER,0.9381,5.885,23.27,WEATHER_STATION,VALID
2025-09-21 14:00:00,WX-MASTER,0.7497,5.067,26.87,WEATHER_STATION,VALID
2025-09-21 15:00:00,WX-MASTER,0.611,4.783,27.96,WEATHER_STATION,VALID
2025-09-21 16:00:00,WX-MASTER,0.5266,6.893,25.06,WEATHER_STATION,VALID
2025-09-21 17:00:00,WX-MASTER,0.2679,4.747,25.88,WEATHER_STATION,VALID
2025-09-21 18:00:00,WX-MASTER,0.0,5.697,29.17,WEATHER_STATION,VALID
2025-09-21 19:00:00,WX-MASTER,0.0,8.241,28.08,WEATHER_STATION,VALID
2025-09-21 20:00:00,WX-MASTER,0.0,4.562,30.36,WEATHER_STATION,VALID
2025-09-21 21:00:00,WX-MASTER,0.0,5.955,29.5,WEATHER_STATION,VALID
2025-09-21 22:00:00,WX-MASTER,0.0,8.107,29.36,WEATHER_STATION,VALID
2025-09-21 23:00:00,WX-MASTER,0.0,7.641,26.71,WEATHER_STATION,VALID
2025-09-22 00:00:00,WX-MASTER,0.0,8.226,27.5,WEATHER_STATION,VALID
2025-09-22 01:00:00,WX-MASTER,0.0,5.406,28.55,WEATHER_STATION,VALID
2025-09-22 02:00:00,WX-MASTER,0.0,7.537,25.39,WEATHER_STATION,VALID
2025-09-22 03:00:00,WX-MASTER,0.0,6.676,24.26,WEATHER_STATION,VALID
2025-09-22 04:00:00,WX-MASTER,0.0,9.865,22.95,WEATHER_STATION,VALID
2025-09-22 05:00:00,WX-MASTER,0.0,7.775,20.82,WEATHER_STATION,VALID
2025-09-22 06:00:00,WX-MASTER,0.0,6.465,20.87,WEATHER_STATION,VALID
2025-09-22 07:00:00,WX-MASTER,0.2382,6.612,20.77,WEATHER_STATION,VALID
2025-09-22 08:00:00,WX-MASTER,0.4239,6.05,19.75,WEATHER_STATION,VALID
2025-09-22 09:00:00,WX-MASTER,0.7218,6.637,19.99,WEATHER_STATION,VALID
2025-09-22 10:00:00,WX-MASTER,0.7875,4.392,19.25,WEATHER_STATION,VALID
2025-09-22 11:00:00,WX-MASTER,0.8087,7.1,21.81,WEATHER_STATION,VALID
2025-09-22 12:00:00,WX-MASTER,0.9122,3.477,24.28,WEATHER_STATION,VALID
2025-09-22 13:00:00,WX-MASTER,0.8305,5.404,23.93,WEATHER_STATION,VALID
2025-09-22 14:00:00,WX-MASTER,0.7898,4.072,24.85,WEATHER_STATION,VALID
2025-09-22 15:00:00,WX-MASTER,0.5838,5.272,27.05,WEATHER_STATION,VALID
2025-09-22 16:00:00,WX-MASTER,0.5353,6.636,29.0,WEATHER_STATION,VALID
2025-09-22 17:00:00,WX-MASTER,0.2445,3.314,30.42,WEATHER_STATION,VALID
2025-09-22 18:00:00,WX-MASTER,0.0,5.549,28.42,WEATHER_STATION,VALID
2025-09-22 19:00:00,WX-MASTER,0.0,4.151,28.26,WEATHER_STATION,VALID
2025-09-22 20:00:00,WX-MASTER,0.0,5.921,28.22,WEATHER_STATION,VALID
2025-09-22 21:00:00,WX-MASTER,0.0,4.659,29.31,WEATHER_STATION,VALID
2025-09-22 22:00:00,WX-MASTER,0.0,6.968,28.06,WEATHER_STATION,VALID
2025-09-22 23:00:00,WX-MASTER,0.0,6.384,27.51,WEATHER_STATION,VALID
2025-09-23 00:00:00,WX-MASTER,0.0,8.018,26.86,WEATHER_STATION,VALID
2025-09-23 01:00:00,WX-MASTER,0.0,8.706,24.99,WEATHER_STATION,VALID
2025-09-23 02:00:00,WX-MASTER,0.0,7.117,22.42,WEATHER_STATION,VALID
2025-09-23 03:00:00,WX-MASTER,0.0,8.192,23.51,WEATHER_STATION,VALID
2025-09-23 04:00:00,WX-MASTER,0.0,8.692,25.21,WEATHER_STATION,VALID
2025/09/23 05:00,WX-MASTER,0.0,5.508,24.43,WEATHER_STATION,VALID
2025-09-23 06:00:00,WX-MASTER,0.0,8.343,23.31,WEATHER_STATION,VALID
2025-09-23 07:00:00,WX-MASTER,0.2322,6.176,21.24,WEATHER_STATION,VALID
2025-09-23 08:00:00,WX-MASTER,0.4254,4.691,20.77,WEATHER_STATION,VALID
2025-09-23 09:00:00,WX-MASTER,0.7215,6.1,23.78,WEATHER_STATION,VALID
2025-09-23 10:00:00,WX-MASTER,0.8083,5.395,20.89,WEATHER_STATION,VALID
2025-09-23 11:00:00,WX-MASTER,0.9353,3.479,22.79,WEATHER_STATION,VALID
2025-09-23 12:00:00,WX-MASTER,0.8108,3.752,25.49,WEATHER_STATION,VALID
2025-09-23 13:00:00,WX-MASTER,0.8397,7.249,24.46,WEATHER_STATION,VALID
2025-09-23 14:00:00,WX-MASTER,0.7036,5.489,24.86,WEATHER_STATION,VALID
2025-09-23 15:00:00,WX-MASTER,0.6489,7.126,27.51,WEATHER_STATION,VALID
2025-09-23 16:00:00,WX-MASTER,0.3831,4.794,27.05,WEATHER_STATION,VALID
2025-09-23 17:00:00,WX-MASTER,0.2795,4.482,27.93,WEATHER_STATION,VALID
2025-09-23 18:00:00,WX-MASTER,0.0,3.564,30.06,WEATHER_STATION,VALID
23/09/2025 19:00,WX-MASTER,0.0,7.265,25.54,WEATHER_STATION,VALID
2025-09-23 20:00:00,WX-MASTER,0.0,6.801,29.15,WEATHER_STATION,VALID
2025-09-23 21:00:00,WX-MASTER,0.0,5.988,27.68,WEATHER_STATION,VALID
2025-09-23 22:00:00,WX-MASTER,0.0,5.711,28.0,WEATHER_STATION,VALID
2025-09-23 23:00:00,WX-MASTER,0.0,8.386,27.83,WEATHER_STATION,VALID
2025-09-24 00:00:00,WX-MASTER,0.0,6.8,26.15,WEATHER_STATION,VALID
2025-09-24 01:00:00,WX-MASTER,0.0,6.876,26.39,WEATHER_STATION,VALID
2025-09-24 02:00:00,WX-MASTER,0.0,6.306,25.67,WEATHER_STATION,VALID
2025-09-24 03:00:00,WX-MASTER,0.0,6.484,24.55,WEATHER_STATION,VALID
2025-09-24 04:00:00,WX-MASTER,0.0,7.594,23.6,WEATHER_STATION,VALID
2025-09-24 05:00:00,WX-MASTER,0.0,4.849,22.6,WEATHER_STATION,VALID
2025-09-24 06:00:00,WX-MASTER,0.0,6.566,22.06,WEATHER_STATION,VALID
2025-09-24 07:00:00,WX-MASTER,0.2208,7.45,21.93,WEATHER_STATION,VALID
2025-09-24 08:00:00,WX-MASTER,0.4923,5.836,20.58,WEATHER_STATION,VALID
2025-09-24 09:00:00,WX-MASTER,0.6374,7.066,23.36,WEATHER_STATION,VALID
2025-09-24 10:00:00,WX-MASTER,0.8539,7.216,22.07,WEATHER_STATION,VALID
2025-09-24 11:00:00,WX-MASTER,0.8046,6.467,22.25,WEATHER_STATION,VALID
2025-09-24 12:00:00,WX-MASTER,0.9577,4.468,23.94,WEATHER_STATION,VALID
2025-09-24 13:00:00,WX-MASTER,0.7145,5.059,24.17,WEATHER_STATION,VALID
2025-09-24 14:00:00,WX-MASTER,0.6727,5.56,26.7,WEATHER_STATION,VALID
2025-09-24 15:00:00,WX-MASTER,0.6876,4.573,27.19,WEATHER_STATION,VALID
2025-09-24 16:00:00,WX-MASTER,0.5277,4.665,27.07,WEATHER_STATION,VALID
2025-09-24 17:00:00,WX-MASTER,0.2332,4.775,28.81,WEATHER_STATION,VALID
2025-09-24 18:00:00,WX-MASTER,0.0,9.043,28.53,WEATHER_STATION,VALID
2025-09-24 19:00:00,WX-MASTER,0.0,5.638,27.21,WEATHER_STATION,VALID
2025-09-24 20:00:00,WX-MASTER,0.0,7.64,29.78,WEATHER_STATION,VALID
2025-09-24 21:00:00,WX-MASTER,0.0,5.371,26.31,WEATHER_STATION,VALID
2025-09-24 22:00:00,WX-MASTER,0.0,8.937,24.02,WEATHER_STATION,VALID
2025-09-24 23:00:00,WX-MASTER,0.0,6.413,28.52,WEATHER_STATION,VALID
2025-09-25 00:00:00,WX-MASTER,0.0,7.084,27.49,WEATHER_STATION,VALID
2025-09-25 01:00:00,WX-MASTER,0.0,4.694,26.57,WEATHER_STATION,VALID
2025-09-25 02:00:00,WX-MASTER,0.0,8.523,26.88,WEATHER_STATION,VALID
2025-09-25 03:00:00,WX-MASTER,0.0,8.731,24.27,WEATHER_STATION,VALID
2025-09-25 04:00:00,WX-MASTER,0.0,5.319,23.0,WEATHER_STATION,VALID
2025-09-25 05:00:00,WX-MASTER,0.0,8.201,23.69,WEATHER_STATION,VALID
2025-09-25 06:00:00,WX-MASTER,0.0,4.707,21.32,WEATHER_STATION,VALID
2025-09-25 07:00:00,WX-MASTER,0.2313,7.013,21.54,WEATHER_STATION,VALID
2025-09-25 08:00:00,WX-MASTER,0.5329,5.556,22.01,WEATHER_STATION,VALID
2025-09-25 09:00:00,WX-MASTER,0.6274,7.417,22.23,WEATHER_STATION,VALID
2025-09-25 10:00:00,WX-MASTER,0.8526,5.781,21.78,WEATHER_STATION,VALID
2025-09-25 11:00:00,WX-MASTER,0.8175,6.487,22.15,WEATHER_STATION,VALID
2025-09-25 12:00:00,WX-MASTER,0.8462,6.76,22.11,WEATHER_STATION,VALID
2025-09-25 13:00:00,WX-MASTER,0.8828,4.71,23.36,WEATHER_STATION,VALID
2025-09-25 14:00:00,WX-MASTER,0.5381,5.057,27.39,WEATHER_STATION,VALID
2025-09-25 15:00:00,WX-MASTER,0.6512,3.723,25.8,WEATHER_STATION,VALID
2025-09-25 16:00:00,WX-MASTER,0.4695,4.913,27.19,WEATHER_STATION,VALID
2025-09-25 17:00:00,WX-MASTER,0.2931,7.997,25.89,WEATHER_STATION,VALID
2025-09-25 18:00:00,WX-MASTER,0.0,6.703,31.32,WEATHER_STATION,VALID
2025-09-25 19:00:00,WX-MASTER,0.0,4.616,27.56,WEATHER_STATION,VALID
2025-09-25 20:00:00,WX-MASTER,0.0,8.356,27.3,WEATHER_STATION,VALID
2025-09-25 21:00:00,WX-MASTER,0.0,6.991,28.52,WEATHER_STATION,VALID
2025-09-25 22:00:00,WX-MASTER,0.0,7.788,27.17,WEATHER_STATION,VALID
2025-09-25 23:00:00,WX-MASTER,0.0,7.527,28.12,WEATHER_STATION,VALID
2025-09-26 00:00:00,WX-MASTER,0.0,7.545,25.14,WEATHER_STATION,VALID
2025-09-26 01:00:00,WX-MASTER,0.0,4.464,27.48,WEATHER_STATION,VALID
2025-09-26 02:00:00,WX-MASTER,0.0,8.494,26.33,WEATHER_STATION,VALID
2025-09-26 03:00:00,WX-MASTER,0.0,4.052,24.16,WEATHER_STATION,VALID
2025-09-26 04:00:00,WX-MASTER,0.0,8.168,21.47,WEATHER_STATION,VALID
2025-09-26 05:00:00,WX-MASTER,0.0,6.788,21.76,WEATHER_STATION,VALID
2025/09/26 06:00,WX-MASTER,0.0,7.515,22.25,WEATHER_STATION,VALID
2025-09-26 07:00:00,WX-MASTER,0.2926,6.382,20.37,WEATHER_STATION,VALID
2025-09-26 08:00:00,WX-MASTER,0.5021,7.272,20.45,WEATHER_STATION,VALID
2025-09-26 09:00:00,WX-MASTER,0.6477,5.685,23.08,WEATHER_STATION,VALID
2025-09-26 10:00:00,WX-MASTER,0.8513,5.806,22.36,WEATHER_STATION,VALID
2025-09-26 11:00:00,WX-MASTER,0.8166,5.787,22.88,WEATHER_STATION,VALID
2025-09-26 12:00:00,WX-MASTER,0.8513,7.577,24.09,WEATHER_STATION,VALID
2025-09-26 13:00:00,WX-MASTER,0.9311,5.853,24.1,WEATHER_STATION,VALID
2025-09-26 14:00:00,WX-MASTER,0.8513,3.367,25.13,WEATHER_STATION,VALID
2025-09-26 15:00:00,WX-MASTER,0.6356,,26.66,WEATHER_STATION,VALID
2025-09-26 16:00:00,WX-MASTER,0.4483,6.065,27.93,WEATHER_STATION,VALID
2025-09-26 17:00:00,WX-MASTER,0.1452,7.113,28.28,WEATHER_STATION,VALID
2025-09-26 18:00:00,WX-MASTER,0.0,4.766,29.99,WEATHER_STATION,VALID
2025-09-26 19:00:00,WX-MASTER,0.0,8.87,28.62,WEATHER_STATION,VALID
2025-09-26 20:00:00,WX-MASTER,0.0,6.448,27.09,WEATHER_STATION,VALID
2025-09-26 21:00:00,WX-MASTER,0.0,7.017,29.89,WEATHER_STATION,VALID
2025-09-26 22:00:00,WX-MASTER,0.0,5.063,27.94,WEATHER_STATION,VALID
2025-09-26 23:00:00,WX-MASTER,0.0,8.324,26.76,WEATHER_STATION,VALID
2025-09-27 00:00:00,WX-MASTER,0.0,6.404,27.81,WEATHER_STATION,VALID
2025-09-27 01:00:00,WX-MASTER,0.0,6.076,26.55,WEATHER_STATION,VALID
2025-09-27 02:00:00,WX-MASTER,0.0,6.628,23.67,WEATHER_STATION,VALID
2025-09-27 03:00:00,WX-MASTER,0.0,8.764,25.1,WEATHER_STATION,VALID
2025-09-27 04:00:00,WX-MASTER,0.0,7.437,25.7,WEATHER_STATION,VALID
2025-09-27 05:00:00,WX-MASTER,0.0,5.487,23.12,WEATHER_STATION,VALID
2025-09-27 06:00:00,WX-MASTER,0.0,5.724,21.87,WEATHER_STATION,VALID
2025-09-27 07:00:00,WX-MASTER,0.2798,7.993,19.82,WEATHER_STATION,VALID
2025-09-27 08:00:00,WX-MASTER,0.4745,5.592,24.17,WEATHER_STATION,VALID
2025-09-27 09:00:00,WX-MASTER,0.5508,6.377,21.2,WEATHER_STATION,VALID
2025-09-27 10:00:00,WX-MASTER,0.8073,6.472,20.48,WEATHER_STATION,VALID
2025-09-27 11:00:00,WX-MASTER,0.8364,1.0,22.86,WEATHER_STATION,VALID
2025-09-27 12:00:00,WX-MASTER,0.9563,6.763,24.66,WEATHER_STATION,VALID
2025-09-27 13:00:00,WX-MASTER,0.9297,3.949,25.78,WEATHER_STATION,VALID
2025-09-27 14:00:00,WX-MASTER,0.8104,4.594,24.4,WEATHER_STATION,VALID
2025-09-27 15:00:00,WX-MASTER,0.6523,7.137,25.99,WEATHER_STATION,VALID
2025-09-27 16:00:00,WX-MASTER,0.4788,7.153,26.95,WEATHER_STATION,VALID
2025-09-27 17:00:00,WX-MASTER,0.2309,6.101,28.85,WEATHER_STATION,VALID
2025-09-27 18:00:00,WX-MASTER,0.0,6.636,28.95,WEATHER_STATION,VALID
2025-09-27 19:00:00,WX-MASTER,0.0,7.214,28.91,WEATHER_STATION,VALID
2025-09-27 20:00:00,WX-MASTER,0.0,8.063,29.8,WEATHER_STATION,VALID
2025-09-27 21:00:00,WX-MASTER,0.0,8.479,26.95,WEATHER_STATION,VALID
2025-09-27 22:00:00,WX-MASTER,0.0,6.818,28.74,WEATHER_STATION,VALID
2025-09-27 23:00:00,WX-MASTER,0.0,5.9,27.94,WEATHER_STATION,VALID
2025-09-28 00:00:00,WX-MASTER,0.0,6.637,26.89,WEATHER_STATION,VALID
2025-09-28 01:00:00,WX-MASTER,0.0,7.196,25.81,WEATHER_STATION,VALID
2025-09-28 02:00:00,WX-MASTER,0.0,6.956,25.36,WEATHER_STATION,VALID
2025-09-28 03:00:00,WX-MASTER,0.0,5.636,23.61,WEATHER_STATION,VALID
2025-09-28 04:00:00,WX-MASTER,0.0,7.384,26.72,WEATHER_STATION,VALID
2025-09-28 05:00:00,WX-MASTER,0.0,4.59,24.36,WEATHER_STATION,VALID
2025-09-28 06:00:00,WX-MASTER,0.0,6.51,23.48,WEATHER_STATION,VALID
2025-09-28 07:00:00,WX-MASTER,0.2576,6.34,21.19,WEATHER_STATION,VALID
2025-09-28 08:00:00,WX-MASTER,0.431,6.034,20.55,WEATHER_STATION,VALID
2025-09-28 09:00:00,WX-MASTER,0.5818,6.74,21.57,WEATHER_STATION,VALID
2025-09-28 10:00:00,WX-MASTER,0.8334,6.345,22.31,WEATHER_STATION,VALID
2025-09-28 11:00:00,WX-MASTER,0.7851,8.119,20.99,WEATHER_STATION,VALID
2025-09-28 12:00:00,WX-MASTER,0.7462,4.431,24.03,WEATHER_STATION,VALID
2025-09-28 13:00:00,WX-MASTER,0.8184,5.405,25.59,WEATHER_STATION,VALID
2025-09-28 14:00:00,WX-MASTER,0.7613,5.328,22.52,WEATHER_STATION,VALID
2025-09-28 15:00:00,WX-MASTER,0.4997,5.34,25.03,WEATHER_STATION,VALID
2025-09-28 16:00:00,WX-MASTER,0.4678,3.612,28.43,WEATHER_STATION,VALID
2025-09-28 17:00:00,WX-MASTER,0.2825,3.907,28.13,WEATHER_STATION,VALID
2025-09-28 18:00:00,WX-MASTER,0.0,5.682,27.19,WEATHER_STATION,VALID
2025-09-28 19:00:00,WX-MASTER,0.0,3.879,29.47,WEATHER_STATION,VALID
2025-09-28 20:00:00,WX-MASTER,0.0,5.754,27.99,WEATHER_STATION,VALID
2025-09-28 21:00:00,WX-MASTER,0.0,5.597,28.3,WEATHER_STATION,VALID
2025-09-28 22:00:00,WX-MASTER,0.0,6.275,26.87,WEATHER_STATION,VALID
2025-09-28 23:00:00,WX-MASTER,0.0,8.315,27.7,WEATHER_STATION,VALID
2025-09-29 00:00:00,WX-MASTER,0.0,5.552,28.17,WEATHER_STATION,VALID
2025-09-29 01:00:00,WX-MASTER,0.0,8.146,25.53,WEATHER_STATION,VALID
2025-09-29 02:00:00,WX-MASTER,0.0,6.267,25.98,WEATHER_STATION,VALID
2025-09-29 03:00:00,WX-MASTER,0.0,6.356,24.24,WEATHER_STATION,VALID
2025-09-29 04:00:00,WX-MASTER,0.0,7.407,24.75,WEATHER_STATION,VALID
2025-09-29 05:00:00,WX-MASTER,0.0,6.256,22.17,WEATHER_STATION,VALID
2025-09-29 06:00:00,WX-MASTER,0.0,5.224,24.04,WEATHER_STATION,VALID
2025-09-29 07:00:00,WX-MASTER,0.239,5.649,22.64,WEATHER_STATION,VALID
2025-09-29 08:00:00,WX-MASTER,0.49,3.56,21.99,WEATHER_STATION,VALID
2025-09-29 09:00:00,WX-MASTER,0.6239,6.114,22.16,WEATHER_STATION,VALID
2025-09-29 10:00:00,WX-MASTER,0.595,1.363,21.61,WEATHER_STATION,VALID
2025-09-29 11:00:00,WX-MASTER,0.6925,6.369,22.09,WEATHER_STATION,VALID
2025-09-29 12:00:00,WX-MASTER,0.7403,5.889,23.77,WEATHER_STATION,VALID
2025-09-29 13:00:00,WX-MASTER,0.743,7.109,22.86,WEATHER_STATION,VALID
2025-09-29 14:00:00,WX-MASTER,0.7841,7.87,24.48,WEATHER_STATION,VALID
2025-09-29 15:00:00,WX-MASTER,0.6482,6.323,24.98,WEATHER_STATION,VALID
2025-09-29 16:00:00,WX-MASTER,0.5229,4.426,27.64,WEATHER_STATION,VALID
2025-09-29 17:00:00,WX-MASTER,0.2789,8.255,28.38,WEATHER_STATION,VALID
2025-09-29 18:00:00,WX-MASTER,0.0,4.107,29.75,WEATHER_STATION,VALID
2025-09-29 19:00:00,WX-MASTER,0.0,3.439,28.18,WEATHER_STATION,VALID
2025-09-29 20:00:00,WX-MASTER,0.0,8.582,27.73,WEATHER_STATION,VALID
2025-09-29 21:00:00,WX-MASTER,0.0,7.206,26.82,WEATHER_STATION,VALID
2025-09-29 22:00:00,WX-MASTER,0.0,4.209,28.56,WEATHER_STATION,VALID
2025-09-29 23:00:00,WX-MASTER,0.0,5.066,29.35,WEATHER_STATION,VALID
2025-09-30 00:00:00,WX-MASTER,0.0,7.656,26.86,WEATHER_STATION,VALID
2025-09-30 01:00:00,WX-MASTER,0.0,5.87,26.14,WEATHER_STATION,VALID
2025-09-30 02:00:00,WX-MASTER,0.0,6.051,25.19,WEATHER_STATION,VALID
2025-09-30 03:00:00,WX-MASTER,0.0,9.479,24.6,WEATHER_STATION,VALID
2025-09-30 04:00:00,WX-MASTER,0.0,9.579,24.65,WEATHER_STATION,VALID
2025-09-30 05:00:00,WX-MASTER,0.0,6.789,25.03,WEATHER_STATION,VALID
2025-09-30 06:00:00,WX-MASTER,0.0,6.174,22.77,WEATHER_STATION,VALID
2025-09-30 07:00:00,WX-MASTER,0.2909,7.289,22.5,WEATHER_STATION,VALID
2025-09-30 08:00:00,WX-MASTER,0.4094,5.125,21.41,WEATHER_STATION,VALID
2025-09-30 09:00:00,WX-MASTER,0.5548,2.704,21.69,WEATHER_STATION,VALID
2025-09-30 10:00:00,WX-MASTER,0.7306,1.791,22.02,WEATHER_STATION,VALID
2025-09-30 11:00:00,WX-MASTER,0.7917,5.105,22.29,WEATHER_STATION,VALID
2025-09-30 12:00:00,WX-MASTER,0.7019,6.221,23.6,WEATHER_STATION,VALID
2025-09-30 13:00:00,WX-MASTER,0.877,5.034,25.04,WEATHER_STATION,VALID
2025-09-30 14:00:00,WX-MASTER,0.8042,6.072,25.28,WEATHER_STATION,VALID
2025-09-30 15:00:00,WX-MASTER,0.7041,6.274,25.77,WEATHER_STATION,VALID
2025-09-30 16:00:00,WX-MASTER,0.4466,7.029,27.1,WEATHER_STATION,VALID
2025-09-30 17:00:00,WX-MASTER,0.2565,5.658,26.52,WEATHER_STATION,VALID
2025-09-30 18:00:00,WX-MASTER,0.0,6.003,29.2,WEATHER_STATION,VALID
2025-09-30 19:00:00,WX-MASTER,0.0,5.85,28.09,WEATHER_STATION,VALID
2025-09-30 20:00:00,WX-MASTER,0.0,5.823,27.31,WEATHER_STATION,VALID
2025-09-30 21:00:00,WX-MASTER,0.0,4.366,29.13,WEATHER_STATION,VALID
2025-09-30 22:00:00,WX-MASTER,0.0,8.157,28.84,WEATHER_STATION,VALID
2025-09-30 23:00:00,WX-MASTER,0.0,6.315,26.64,WEATHER_STATION,VALID
2025-10-01 00:00:00,WX-MASTER,0.0,6.351,27.7,WEATHER_STATION,VALID
2025-10-01 01:00:00,WX-MASTER,0.0,6.283,26.87,WEATHER_STATION,VALID
2025-10-01 02:00:00,WX-MASTER,0.0,5.238,27.57,WEATHER_STATION,VALID
2025-10-01 03:00:00,WX-MASTER,0.0,6.797,24.01,WEATHER_STATION,VALID
2025-10-01 04:00:00,WX-MASTER,0.0,7.444,23.38,WEATHER_STATION,VALID
2025-10-01 05:00:00,WX-MASTER,0.0,5.667,22.0,WEATHER_STATION,VALID
2025-10-01 06:00:00,WX-MASTER,0.0,7.704,22.76,WEATHER_STATION,VALID
2025-10-01 07:00:00,WX-MASTER,0.2527,5.622,21.81,WEATHER_STATION,VALID
2025-10-01 08:00:00,WX-MASTER,0.4674,3.848,22.89,WEATHER_STATION,VALID
2025-10-01 09:00:00,WX-MASTER,0.5133,7.376,21.3,WEATHER_STATION,VALID
2025-10-01 10:00:00,WX-MASTER,0.7855,5.625,22.74,WEATHER_STATION,VALID
2025-10-01 11:00:00,WX-MASTER,0.7788,6.308,22.44,WEATHER_STATION,VALID
2025-10-01 12:00:00,WX-MASTER,0.9505,6.214,21.24,WEATHER_STATION,VALID
2025-10-01 13:00:00,WX-MASTER,0.8705,3.769,25.05,WEATHER_STATION,VALID
2025-10-01 14:00:00,WX-MASTER,0.8425,4.326,23.1,WEATHER_STATION,VALID
2025-10-01 15:00:00,WX-MASTER,0.4376,6.422,25.91,WEATHER_STATION,VALID
2025-10-01 16:00:00,WX-MASTER,0.449,7.599,26.78,WEATHER_STATION,VALID
2025-10-01 17:00:00,WX-MASTER,0.2229,5.484,27.66,WEATHER_STATION,VALID
2025-10-01 18:00:00,WX-MASTER,0.0,4.815,28.29,WEATHER_STATION,VALID
2025-10-01 19:00:00,WX-MASTER,0.0,8.071,28.63,WEATHER_STATION,VALID
2025-10-01 20:00:00,WX-MASTER,0.0,5.33,29.14,WEATHER_STATION,VALID
2025-10-01 21:00:00,WX-MASTER,0.0,6.823,28.45,WEATHER_STATION,VALID
2025-10-01 22:00:00,WX-MASTER,0.0,6.063,31.37,WEATHER_STATION,VALID
2025-10-01 23:00:00,WX-MASTER,0.0,7.149,27.26,WEATHER_STATION,VALID
2025-10-02 00:00:00,WX-MASTER,0.0,5.682,25.48,WEATHER_STATION,VALID
2025-10-02 01:00:00,WX-MASTER,0.0,6.486,24.41,WEATHER_STATION,VALID
2025-10-02 02:00:00,WX-MASTER,0.0,6.152,25.99,WEATHER_STATION,VALID
2025-10-02 03:00:00,WX-MASTER,0.0,7.755,22.38,WEATHER_STATION,VALID
2025-10-02 04:00:00,WX-MASTER,0.0,6.971,22.0,WEATHER_STATION,VALID
2025-10-02 05:00:00,WX-MASTER,0.0,7.714,21.1,WEATHER_STATION,VALID
2025-10-02 06:00:00,WX-MASTER,0.0,5.268,22.72,WEATHER_STATION,VALID
2025-10-02 07:00:00,WX-MASTER,0.2683,5.816,23.42,WEATHER_STATION,VALID
2025-10-02 08:00:00,WX-MASTER,0.4599,6.639,20.57,WEATHER_STATION,VALID
2025-10-02 09:00:00,WX-MASTER,0.6057,6.692,22.33,WEATHER_STATION,VALID
2025-10-02 10:00:00,WX-MASTER,0.8151,3.473,19.0,WEATHER_STATION,VALID
2025-10-02 11:00:00,WX-MASTER,0.8424,5.585,21.83,WEATHER_STATION,VALID
2025-10-02 12:00:00,WX-MASTER,0.7822,3.989,24.17,WEATHER_STATION,VALID
2025-10-02 13:00:00,WX-MASTER,0.8206,6.167,23.92,WEATHER_STATION,VALID
2025-10-02 14:00:00,WX-MASTER,0.778,7.409,26.39,WEATHER_STATION,VALID
2025-10-02 15:00:00,WX-MASTER,0.7118,1.668,23.43,WEATHER_STATION,VALID
2025-10-02 16:00:00,WX-MASTER,0.5065,4.346,26.07,WEATHER_STATION,VALID
2025-10-02 17:00:00,WX-MASTER,0.29,5.73,28.22,WEATHER_STATION,VALID
2025-10-02 18:00:00,WX-MASTER,0.0,5.611,28.76,WEATHER_STATION,VALID
2025-10-02 19:00:00,WX-MASTER,0.0,7.091,29.2,WEATHER_STATION,VALID
2025-10-02 20:00:00,WX-MASTER,0.0,6.234,28.95,WEATHER_STATION,VALID
2025-10-02 21:00:00,WX-MASTER,0.0,5.693,27.21,WEATHER_STATION,VALID
2025-10-02 22:00:00,WX-MASTER,0.0,5.278,27.3,WEATHER_STATION,VALID
2025-10-02 23:00:00,WX-MASTER,0.0,5.24,30.45,WEATHER_STATION,VALID
2025-10-03 00:00:00,WX-MASTER,0.0,5.931,25.44,WEATHER_STATION,VALID
2025-10-03 01:00:00,WX-MASTER,0.0,6.224,24.41,WEATHER_STATION,VALID
2025-10-03 02:00:00,WX-MASTER,0.0,7.452,26.02,WEATHER_STATION,VALID
2025-10-03 03:00:00,WX-MASTER,0.0,6.676,23.02,WEATHER_STATION,VALID
2025-10-03 04:00:00,WX-MASTER,0.0,5.899,25.6,WEATHER_STATION,VALID
2025-10-03 05:00:00,WX-MASTER,0.0,5.244,26.01,WEATHER_STATION,VALID
2025-10-03 06:00:00,WX-MASTER,0.0,5.414,21.88,WEATHER_STATION,VALID
2025-10-03 07:00:00,WX-MASTER,0.2549,5.341,22.19,WEATHER_STATION,VALID
2025-10-03 08:00:00,WX-MASTER,0.4976,4.84,19.51,WEATHER_STATION,VALID
2025-10-03 09:00:00,WX-MASTER,0.587,6.437,23.06,WEATHER_STATION,VALID
2025-10-03 10:00:00,WX-MASTER,0.5456,7.117,19.48,WEATHER_STATION,VALID
2025-10-03 11:00:00,WX-MASTER,0.7212,3.63,21.12,WEATHER_STATION,VALID
2025-10-03 12:00:00,WX-MASTER,0.8339,6.488,23.59,WEATHER_STATION,VALID
2025-10-03 13:00:00,WX-MASTER,0.8217,5.872,24.95,WEATHER_STATION,VALID
2025-10-03 14:00:00,WX-MASTER,0.8424,5.21,23.42,WEATHER_STATION,VALID
2025-10-03 15:00:00,WX-MASTER,0.669,7.034,25.46,WEATHER_STATION,VALID
2025-10-03 16:00:00,WX-MASTER,0.4704,4.964,24.96,WEATHER_STATION,VALID
2025-10-03 17:00:00,WX-MASTER,0.2556,5.896,27.3,WEATHER_STATION,VALID
2025-10-03 18:00:00,WX-MASTER,0.0,5.763,27.27,WEATHER_STATION,VALID
2025-10-03 19:00:00,WX-MASTER,0.0,5.92,27.82,WEATHER_STATION,VALID
2025-10-03 20:00:00,WX-MASTER,0.0,6.714,29.48,WEATHER_STATION,VALID
2025-10-03 21:00:00,WX-MASTER,0.0,6.428,28.92,WEATHER_STATION,VALID
2025-10-03 22:00:00,WX-MASTER,0.0,7.197,28.91,WEATHER_STATION,VALID
2025-10-03 23:00:00,WX-MASTER,0.0,5.901,27.52,WEATHER_STATION,VALID
2025-10-04 00:00:00,WX-MASTER,0.0,6.053,27.81,WEATHER_STATION,VALID
2025-10-04 01:00:00,WX-MASTER,0.0,6.069,26.07,WEATHER_STATION,VALID
2025-10-04 02:00:00,WX-MASTER,0.0,6.466,24.61,WEATHER_STATION,VALID
2025-10-04 03:00:00,WX-MASTER,0.0,8.184,24.98,WEATHER_STATION,VALID
2025-10-04 04:00:00,WX-MASTER,0.0,6.131,22.94,WEATHER_STATION,VALID
2025-10-04 05:00:00,WX-MASTER,0.0,7.391,22.33,WEATHER_STATION,VALID
2025-10-04 06:00:00,WX-MASTER,0.0,6.659,23.45,WEATHER_STATION,VALID
2025-10-04 07:00:00,WX-MASTER,0.2462,5.487,22.99,WEATHER_STATION,VALID
2025-10-04 08:00:00,WX-MASTER,0.4429,7.501,21.35,WEATHER_STATION,VALID
2025-10-04 09:00:00,WX-MASTER,0.1888,6.506,22.87,WEATHER_STATION,VALID
2025-10-04 10:00:00,WX-MASTER,0.7512,5.328,20.64,WEATHER_STATION,VALID
2025-10-04 11:00:00,WX-MASTER,0.799,5.04,22.38,WEATHER_STATION,VALID
2025-10-04 12:00:00,WX-MASTER,0.8092,5.141,22.55,WEATHER_STATION,VALID
2025-10-04 13:00:00,WX-MASTER,0.8323,2.969,24.29,WEATHER_STATION,VALID
2025-10-04 14:00:00,WX-MASTER,0.8049,3.891,26.08,WEATHER_STATION,VALID
2025-10-04 15:00:00,WX-MASTER,0.676,5.638,26.78,WEATHER_STATION,VALID
2025-10-04 16:00:00,WX-MASTER,0.4933,,27.46,WEATHER_STATION,VALID
2025-10-04 17:00:00,WX-MASTER,0.2495,4.388,27.84,WEATHER_STATION,VALID
2025-10-04 18:00:00,WX-MASTER,0.0,5.079,28.04,WEATHER_STATION,VALID
2025-10-04 19:00:00,WX-MASTER,0.0,9.618,30.02,WEATHER_STATION,VALID
2025-10-04 20:00:00,WX-MASTER,0.0,6.98,26.85,WEATHER_STATION,VALID
2025-10-04 21:00:00,WX-MASTER,0.0,7.781,27.78,WEATHER_STATION,VALID
2025-10-04 22:00:00,WX-MASTER,0.0,5.531,28.73,WEATHER_STATION,VALID
2025-10-04 23:00:00,WX-MASTER,0.0,7.229,29.51,WEATHER_STATION,VALID
2025-10-05 00:00:00,WX-MASTER,0.0,4.582,26.54,WEATHER_STATION,VALID
2025-10-05 01:00:00,WX-MASTER,0.0,6.503,25.8,WEATHER_STATION,VALID
2025-10-05 02:00:00,WX-MASTER,0.0,7.584,23.66,WEATHER_STATION,VALID
2025-10-05 03:00:00,WX-MASTER,0.0,5.011,23.65,WEATHER_STATION,VALID
2025-10-05 04:00:00,WX-MASTER,0.0,7.229,24.3,WEATHER_STATION,VALID
2025-10-05 05:00:00,WX-MASTER,0.0,7.149,24.63,WEATHER_STATION,VALID
2025-10-05 06:00:00,WX-MASTER,0.0,5.518,21.82,WEATHER_STATION,VALID
2025-10-05 07:00:00,WX-MASTER,0.2887,4.962,20.87,WEATHER_STATION,VALID
2025-10-05 08:00:00,WX-MASTER,0.4448,4.856,21.79,WEATHER_STATION,VALID
2025-10-05 09:00:00,WX-MASTER,0.6131,5.085,19.89,WEATHER_STATION,VALID
2025-10-05 10:00:00,WX-MASTER,0.8296,4.901,23.66,WEATHER_STATION,VALID
2025-10-05 11:00:00,WX-MASTER,0.6553,5.794,21.25,WEATHER_STATION,VALID
2025-10-05 12:00:00,WX-MASTER,0.9449,4.312,23.83,WEATHER_STATION,VALID
2025-10-05 13:00:00,WX-MASTER,0.9187,7.027,24.66,WEATHER_STATION,VALID
2025-10-05 14:00:00,WX-MASTER,0.5274,7.023,25.96,WEATHER_STATION,VALID
2025-10-05 15:00:00,WX-MASTER,0.6211,5.33,26.42,WEATHER_STATION,VALID
2025-10-05 16:00:00,WX-MASTER,0.429,4.711,26.96,WEATHER_STATION,VALID
2025-10-05 17:00:00,WX-MASTER,0.2484,4.654,28.19,WEATHER_STATION,VALID
2025-10-05 18:00:00,WX-MASTER,0.0,5.988,29.24,WEATHER_STATION,VALID
2025-10-05 19:00:00,WX-MASTER,0.0,6.469,30.74,WEATHER_STATION,VALID
2025-10-05 20:00:00,WX-MASTER,0.0,5.829,27.38,WEATHER_STATION,VALID
2025-10-05 21:00:00,WX-MASTER,0.0,5.83,26.38,WEATHER_STATION,VALID
2025-10-05 22:00:00,WX-MASTER,0.0,7.023,26.38,WEATHER_STATION,VALID
2025-10-05 23:00:00,WX-MASTER,0.0,6.835,25.5,WEATHER_STATION,VALID
2025-10-06 00:00:00,WX-MASTER,0.0,6.114,25.52,WEATHER_STATION,VALID
2025-10-06 01:00:00,WX-MASTER,0.0,7.067,24.52,WEATHER_STATION,VALID
2025-10-06 02:00:00,WX-MASTER,0.0,6.127,24.71,WEATHER_STATION,VALID
2025-10-06 03:00:00,WX-MASTER,0.0,5.864,25.33,WEATHER_STATION,VALID
2025-10-06 04:00:00,WX-MASTER,0.0,6.699,24.21,WEATHER_STATION,VALID
2025-10-06 05:00:00,WX-MASTER,0.0,5.77,21.99,WEATHER_STATION,VALID
2025-10-06 06:00:00,WX-MASTER,0.0,5.335,21.53,WEATHER_STATION,VALID
2025-10-06 07:00:00,WX-MASTER,0.2883,7.394,24.24,WEATHER_STATION,VALID
2025-10-06 08:00:00,WX-MASTER,0.4932,5.264,22.42,WEATHER_STATION,VALID
2025-10-06 09:00:00,WX-MASTER,0.5244,7.919,22.03,WEATHER_STATION,VALID
2025-10-06 10:00:00,WX-MASTER,0.6323,6.114,22.32,WEATHER_STATION,VALID
2025-10-06 11:00:00,WX-MASTER,0.7776,4.052,22.39,WEATHER_STATION,VALID
2025-10-06 12:00:00,WX-MASTER,0.256,6.501,25.86,WEATHER_STATION,VALID
2025-10-06 13:00:00,WX-MASTER,0.662,4.0,24.07,WEATHER_STATION,VALID
2025-10-06 14:00:00,WX-MASTER,0.8083,7.503,25.39,WEATHER_STATION,VALID
2025-10-06 15:00:00,WX-MASTER,0.5535,5.305,24.13,WEATHER_STATION,VALID
2025-10-06 16:00:00,WX-MASTER,0.5242,5.851,26.19,WEATHER_STATION,VALID
2025-10-06 17:00:00,WX-MASTER,0.2883,5.375,27.02,WEATHER_STATION,VALID
2025-10-06 18:00:00,WX-MASTER,0.0,5.909,28.82,WEATHER_STATION,VALID
2025-10-06 19:00:00,WX-MASTER,0.0,5.519,27.66,WEATHER_STATION,VALID
2025-10-06 20:00:00,WX-MASTER,0.0,4.874,28.77,WEATHER_STATION,VALID
2025-10-06 21:00:00,WX-MASTER,0.0,6.77,27.86,WEATHER_STATION,VALID
2025-10-06 22:00:00,WX-MASTER,0.0,7.884,26.92,WEATHER_STATION,VALID
2025-10-06 23:00:00,WX-MASTER,0.0,5.184,26.31,WEATHER_STATION,VALID
2025-10-07 00:00:00,WX-MASTER,0.0,8.848,26.75,WEATHER_STATION,VALID
2025-10-07 01:00:00,WX-MASTER,0.0,7.689,26.24,WEATHER_STATION,VALID
2025-10-07 02:00:00,WX-MASTER,0.0,6.334,24.98,WEATHER_STATION,VALID
2025-10-07 03:00:00,WX-MASTER,0.0,6.237,23.31,WEATHER_STATION,VALID
2025-10-07 04:00:00,WX-MASTER,0.0,9.117,23.3,WEATHER_STATION,VALID
2025-10-07 05:00:00,WX-MASTER,0.0,7.725,22.35,WEATHER_STATION,VALID
2025-10-07 06:00:00,WX-MASTER,0.0,7.758,20.93,WEATHER_STATION,VALID
2025-10-07 07:00:00,WX-MASTER,0.2879,5.696,21.93,WEATHER_STATION,VALID
2025-10-07 08:00:00,WX-MASTER,0.4129,6.483,23.88,WEATHER_STATION,VALID
2025-10-07 09:00:00,WX-MASTER,0.6258,5.965,21.65,WEATHER_STATION,VALID
2025-10-07 10:00:00,WX-MASTER,0.7026,5.06,20.43,WEATHER_STATION,VALID
2025-10-07 11:00:00,WX-MASTER,0.5202,5.249,24.5,WEATHER_STATION,VALID
2025-10-07 12:00:00,WX-MASTER,0.9063,6.424,24.97,WEATHER_STATION,VALID
2025-10-07 13:00:00,WX-MASTER,0.9159,6.999,26.02,WEATHER_STATION,VALID
2025-10-07 14:00:00,WX-MASTER,0.8367,4.598,25.16,WEATHER_STATION,VALID
2025-10-07 15:00:00,WX-MASTER,0.5986,3.291,25.18,WEATHER_STATION,VALID
2025-10-07 16:00:00,WX-MASTER,0.2448,7.27,25.89,WEATHER_STATION,VALID
2025-10-07 17:00:00,WX-MASTER,0.2335,7.475,29.05,WEATHER_STATION,VALID
2025-10-07 18:00:00,WX-MASTER,0.0,6.071,30.17,WEATHER_STATION,VALID
2025-10-07 19:00:00,WX-MASTER,0.0,8.135,27.49,WEATHER_STATION,VALID
2025-10-07 20:00:00,WX-MASTER,0.0,6.491,25.69,WEATHER_STATION,VALID
2025-10-07 21:00:00,WX-MASTER,0.0,5.134,28.57,WEATHER_STATION,VALID
2025-10-07 22:00:00,WX-MASTER,0.0,4.834,27.16,WEATHER_STATION,VALID
2025-10-07 23:00:00,WX-MASTER,0.0,5.002,26.84,WEATHER_STATION,VALID
2025-10-08 00:00:00,WX-MASTER,0.0,6.839,26.68,WEATHER_STATION,VALID
2025-10-08 01:00:00,WX-MASTER,0.0,6.289,26.61,WEATHER_STATION,VALID
2025-10-08 02:00:00,WX-MASTER,0.0,6.137,24.28,WEATHER_STATION,VALID
2025-10-08 03:00:00,WX-MASTER,0.0,6.677,24.47,WEATHER_STATION,VALID
2025-10-08 04:00:00,WX-MASTER,0.0,7.796,23.31,WEATHER_STATION,VALID
2025-10-08 05:00:00,WX-MASTER,0.0,5.781,19.97,WEATHER_STATION,VALID
2025-10-08 06:00:00,WX-MASTER,0.0,5.334,22.84,WEATHER_STATION,VALID
2025-10-08 07:00:00,WX-MASTER,0.1281,5.385,21.29,WEATHER_STATION,VALID
2025-10-08 08:00:00,WX-MASTER,0.5226,6.946,20.2,WEATHER_STATION,VALID
2025-10-08 09:00:00,WX-MASTER,0.5089,5.407,20.96,WEATHER_STATION,VALID
2025-10-08 10:00:00,WX-MASTER,0.8138,5.639,22.43,WEATHER_STATION,VALID
2025-10-08 11:00:00,WX-MASTER,0.8013,7.114,22.79,WEATHER_STATION,VALID
2025-10-08 12:00:00,WX-MASTER,0.8036,8.665,24.24,WEATHER_STATION,VALID
2025-10-08 13:00:00,WX-MASTER,0.6908,5.74,24.83,WEATHER_STATION,VALID
2025-10-08 14:00:00,WX-MASTER,0.7881,5.617,23.81,WEATHER_STATION,VALID
2025-10-08 15:00:00,WX-MASTER,0.6703,3.446,22.57,WEATHER_STATION,VALID
2025-10-08 16:00:00,WX-MASTER,0.5226,5.6,27.11,WEATHER_STATION,VALID
2025-10-08 17:00:00,WX-MASTER,0.2822,5.391,28.45,WEATHER_STATION,VALID
2025-10-08 18:00:00,WX-MASTER,0.0,6.699,28.0,WEATHER_STATION,VALID
2025-10-08 19:00:00,WX-MASTER,0.0,5.283,29.39,WEATHER_STATION,VALID
2025-10-08 20:00:00,WX-MASTER,0.0,6.314,27.51,WEATHER_STATION,VALID
2025-10-08 21:00:00,WX-MASTER,0.0,7.091,28.18,WEATHER_STATION,VALID
2025-10-08 22:00:00,WX-MASTER,0.0,8.995,27.14,WEATHER_STATION,VALID
2025-10-08 23:00:00,WX-MASTER,0.0,8.741,28.53,WEATHER_STATION,VALID
2025-10-09 00:00:00,WX-MASTER,0.0,8.467,25.88,WEATHER_STATION,VALID
2025-10-09 01:00:00,WX-MASTER,0.0,7.829,28.6,WEATHER_STATION,VALID
2025-10-09 02:00:00,WX-MASTER,0.0,6.317,24.62,WEATHER_STATION,VALID
2025-10-09 03:00:00,WX-MASTER,0.0,7.749,25.27,WEATHER_STATION,VALID
2025-10-09 04:00:00,WX-MASTER,0.0,5.665,22.88,WEATHER_STATION,VALID
2025-10-09 05:00:00,WX-MASTER,0.0,6.213,24.35,WEATHER_STATION,VALID
2025-10-09 06:00:00,WX-MASTER,0.0,8.564,23.75,WEATHER_STATION,VALID
2025-10-09 07:00:00,WX-MASTER,0.1445,6.698,21.45,WEATHER_STATION,VALID
2025-10-09 08:00:00,WX-MASTER,0.4225,6.032,22.05,WEATHER_STATION,VALID
2025-10-09 09:00:00,WX-MASTER,0.6642,5.949,23.37,WEATHER_STATION,VALID
2025-10-09 10:00:00,WX-MASTER,0.7345,5.141,22.55,WEATHER_STATION,VALID
2025-10-09 11:00:00,WX-MASTER,0.8514,2.28,21.64,WEATHER_STATION,VALID
2025-10-09 12:00:00,WX-MASTER,0.7914,3.314,23.55,WEATHER_STATION,VALID
2025-10-09 13:00:00,WX-MASTER,0.7037,5.698,23.41,WEATHER_STATION,VALID
2025-10-09 14:00:00,WX-MASTER,0.835,3.704,25.4,WEATHER_STATION,VALID
2025-10-09 15:00:00,WX-MASTER,0.7045,4.834,25.18,WEATHER_STATION,VALID
2025-10-09 16:00:00,WX-MASTER,0.5061,3.514,27.42,WEATHER_STATION,VALID
2025-10-09 17:00:00,WX-MASTER,0.2436,4.364,25.55,WEATHER_STATION,VALID
2025-10-09 18:00:00,WX-MASTER,0.0,5.521,26.9,WEATHER_STATION,VALID
2025-10-09 19:00:00,WX-MASTER,0.0,6.982,27.65,WEATHER_STATION,VALID
2025-10-09 20:00:00,WX-MASTER,0.0,7.503,28.53,WEATHER_STATION,VALID
2025-10-09 21:00:00,WX-MASTER,0.0,,26.78,WEATHER_STATION,VALID
2025-10-09 22:00:00,WX-MASTER,0.0,6.914,27.19,WEATHER_STATION,VALID
2025-10-09 23:00:00,WX-MASTER,0.0,4.843,28.63,WEATHER_STATION,VALID
2025-10-10 00:00:00,WX-MASTER,0.0,6.883,28.05,WEATHER_STATION,VALID
2025-10-10 01:00:00,WX-MASTER,0.0,8.111,23.09,WEATHER_STATION,VALID
2025-10-10 02:00:00,WX-MASTER,0.0,6.779,24.52,WEATHER_STATION,VALID
2025-10-10 03:00:00,WX-MASTER,0.0,8.504,25.85,WEATHER_STATION,VALID
2025-10-10 04:00:00,WX-MASTER,0.0,7.746,23.94,WEATHER_STATION,VALID
2025-10-10 05:00:00,WX-MASTER,0.0,6.783,23.24,WEATHER_STATION,VALID
2025-10-10 06:00:00,WX-MASTER,0.0,5.916,22.87,WEATHER_STATION,VALID
2025-10-10 07:00:00,WX-MASTER,0.2834,5.292,20.69,WEATHER_STATION,VALID
2025-10-10 08:00:00,WX-MASTER,0.4233,3.83,21.98,WEATHER_STATION,VALID
2025-10-10 09:00:00,WX-MASTER,0.6167,3.791,22.41,WEATHER_STATION,VALID
2025-10-10 10:00:00,WX-MASTER,0.6405,6.545,22.32,WEATHER_STATION,VALID
2025-10-10 11:00:00,WX-MASTER,0.9119,7.039,22.28,WEATHER_STATION,VALID
2025-10-10 12:00:00,WX-MASTER,0.934,3.541,23.42,WEATHER_STATION,VALID
2025-10-10 13:00:00,WX-MASTER,0.805,4.972,22.95,WEATHER_STATION,VALID
2025-10-10 14:00:00,WX-MASTER,0.6468,2.843,25.96,WEATHER_STATION,VALID
2025-10-10 15:00:00,WX-MASTER,0.7035,3.693,24.41,WEATHER_STATION,VALID
2025-10-10 16:00:00,WX-MASTER,0.4434,5.436,25.99,WEATHER_STATION,VALID
2025-10-10 17:00:00,WX-MASTER,0.2237,4.612,28.52,WEATHER_STATION,VALID
2025-10-10 18:00:00,WX-MASTER,0.0,3.025,28.6,WEATHER_STATION,VALID
2025-10-10 19:00:00,WX-MASTER,0.0,8.004,28.02,WEATHER_STATION,VALID
2025-10-10 20:00:00,WX-MASTER,0.0,5.966,26.67,WEATHER_STATION,VALID
2025-10-10 21:00:00,WX-MASTER,0.0,4.845,28.55,WEATHER_STATION,VALID
2025-10-10 22:00:00,WX-MASTER,0.0,6.67,27.5,WEATHER_STATION,VALID
2025-10-10 23:00:00,WX-MASTER,0.0,6.579,28.27,WEATHER_STATION,VALID
2025-10-11 00:00:00,WX-MASTER,0.0,7.347,26.36,WEATHER_STATION,VALID
2025-10-11 01:00:00,WX-MASTER,0.0,6.419,24.03,WEATHER_STATION,VALID
2025-10-11 02:00:00,WX-MASTER,0.0,7.264,23.57,WEATHER_STATION,VALID
2025-10-11 03:00:00,WX-MASTER,0.0,8.009,23.81,WEATHER_STATION,VALID
2025-10-11 04:00:00,WX-MASTER,0.0,4.933,23.61,WEATHER_STATION,VALID
2025-10-11 05:00:00,WX-MASTER,0.0,5.557,21.36,WEATHER_STATION,VALID
2025-10-11 06:00:00,WX-MASTER,0.0,7.32,21.29,WEATHER_STATION,VALID
2025-10-11 07:00:00,WX-MASTER,0.2862,5.259,22.8,WEATHER_STATION,VALID
2025-10-11 08:00:00,WX-MASTER,0.4372,5.608,23.06,WEATHER_STATION,VALID
2025-10-11 09:00:00,WX-MASTER,0.3973,4.852,22.18,WEATHER_STATION,VALID
2025-10-11 10:00:00,WX-MASTER,0.7276,4.71,21.85,WEATHER_STATION,VALID
2025-10-11 11:00:00,WX-MASTER,0.8596,4.419,22.01,WEATHER_STATION,VALID
2025-10-11 12:00:00,WX-MASTER,0.8894,3.298,24.13,WEATHER_STATION,VALID
2025-10-11 13:00:00,WX-MASTER,0.7673,5.47,23.94,WEATHER_STATION,VALID
2025-10-11 14:00:00,WX-MASTER,0.824,6.259,26.33,WEATHER_STATION,VALID
2025-10-11 15:00:00,WX-MASTER,0.5714,4.722,27.3,WEATHER_STATION,VALID
2025-10-11 16:00:00,WX-MASTER,0.4994,6.321,27.47,WEATHER_STATION,VALID
2025-10-11 17:00:00,WX-MASTER,0.2428,4.637,27.11,WEATHER_STATION,VALID
2025-10-11 18:00:00,WX-MASTER,0.0,4.789,27.75,WEATHER_STATION,VALID
2025-10-11 19:00:00,WX-MASTER,0.0,6.292,26.64,WEATHER_STATION,VALID
2025-10-11 20:00:00,WX-MASTER,0.0,6.575,28.66,WEATHER_STATION,VALID
2025-10-11 21:00:00,WX-MASTER,0.0,6.123,28.51,WEATHER_STATION,VALID
2025-10-11 22:00:00,WX-MASTER,0.0,7.372,26.61,WEATHER_STATION,VALID
2025-10-11 23:00:00,WX-MASTER,0.0,5.0,30.54,WEATHER_STATION,VALID
2025-10-12 00:00:00,WX-MASTER,0.0,6.393,27.65,WEATHER_STATION,VALID
2025-10-12 01:00:00,WX-MASTER,0.0,8.104,25.13,WEATHER_STATION,VALID
2025-10-12 02:00:00,WX-MASTER,0.0,8.095,27.7,WEATHER_STATION,VALID
2025-10-12 03:00:00,WX-MASTER,0.0,7.858,23.73,WEATHER_STATION,VALID
2025-10-12 04:00:00,WX-MASTER,0.0,7.963,24.48,WEATHER_STATION,VALID
2025-10-12 05:00:00,WX-MASTER,0.0,5.963,22.86,WEATHER_STATION,VALID
2025-10-12 06:00:00,WX-MASTER,0.0,4.002,21.65,WEATHER_STATION,VALID
2025-10-12 07:00:00,WX-MASTER,0.2819,5.628,21.45,WEATHER_STATION,VALID
2025-10-12 08:00:00,WX-MASTER,0.4737,6.531,23.46,WEATHER_STATION,VALID
2025-10-12 09:00:00,WX-MASTER,0.6996,6.492,22.9,WEATHER_STATION,VALID
2025-10-12 10:00:00,WX-MASTER,0.5796,4.546,22.06,WEATHER_STATION,VALID
2025-10-12 11:00:00,WX-MASTER,0.5839,3.791,20.3,WEATHER_STATION,VALID
2025-10-12 12:00:00,WX-MASTER,0.2601,3.795,23.85,WEATHER_STATION,VALID
2025-10-12 13:00:00,WX-MASTER,0.686,4.155,22.83,WEATHER_STATION,VALID
2025-10-12 14:00:00,WX-MASTER,0.7176,2.401,25.88,WEATHER_STATION,VALID
2025-10-12 15:00:00,WX-MASTER,0.635,4.255,25.28,WEATHER_STATION,VALID
2025-10-12 16:00:00,WX-MASTER,0.5058,5.138,26.25,WEATHER_STATION,VALID
2025-10-12 17:00:00,WX-MASTER,0.2221,5.137,26.94,WEATHER_STATION,VALID
2025-10-12 18:00:00,WX-MASTER,0.0,5.064,29.49,WEATHER_STATION,VALID
2025-10-12 19:00:00,WX-MASTER,0.0,4.851,26.49,WEATHER_STATION,VALID
2025-10-12 20:00:00,WX-MASTER,0.0,5.264,29.62,WEATHER_STATION,VALID
2025-10-12 21:00:00,WX-MASTER,0.0,5.537,29.03,WEATHER_STATION,VALID
2025-10-12 22:00:00,WX-MASTER,0.0,7.399,28.18,WEATHER_STATION,VALID
2025-10-12 23:00:00,WX-MASTER,0.0,6.661,27.17,WEATHER_STATION,VALID
2025-10-13 00:00:00,WX-MASTER,0.0,10.894,27.57,WEATHER_STATION,VALID
2025-10-13 01:00:00,WX-MASTER,0.0,6.408,25.62,WEATHER_STATION,VALID
2025-10-13 02:00:00,WX-MASTER,0.0,7.403,24.7,WEATHER_STATION,VALID
2025-10-13 03:00:00,WX-MASTER,0.0,6.358,24.41,WEATHER_STATION,VALID
2025-10-13 04:00:00,WX-MASTER,0.0,60.0,25.55,WEATHER_STATION,VALID
2025-10-13 05:00:00,WX-MASTER,0.0,8.468,20.95,WEATHER_STATION,VALID
2025-10-13 06:00:00,WX-MASTER,0.0,7.505,22.81,WEATHER_STATION,VALID
2025-10-13 07:00:00,WX-MASTER,0.1804,3.673,21.69,WEATHER_STATION,VALID
2025-10-13 08:00:00,WX-MASTER,0.1907,4.364,21.48,WEATHER_STATION,VALID
2025-10-13 09:00:00,WX-MASTER,0.7005,5.266,20.03,WEATHER_STATION,VALID
2025-10-13 10:00:00,WX-MASTER,0.8302,4.547,20.1,WEATHER_STATION,VALID
2025-10-13 11:00:00,WX-MASTER,0.908,3.078,23.17,WEATHER_STATION,VALID
2025-10-13 12:00:00,WX-MASTER,0.8256,5.064,21.97,WEATHER_STATION,VALID
2025-10-13 13:00:00,WX-MASTER,0.6924,2.41,25.55,WEATHER_STATION,VALID
2025-10-13 14:00:00,WX-MASTER,0.7021,5.022,24.02,WEATHER_STATION,VALID
2025-10-13 15:00:00,WX-MASTER,0.6212,5.879,26.81,WEATHER_STATION,VALID
2025-10-13 16:00:00,WX-MASTER,0.4098,6.2,26.3,WEATHER_STATION,VALID
2025-10-13 17:00:00,WX-MASTER,0.2854,5.067,26.97,WEATHER_STATION,VALID
2025-10-13 18:00:00,WX-MASTER,0.0,7.447,27.17,WEATHER_STATION,VALID
2025-10-13 19:00:00,WX-MASTER,0.0,6.168,29.14,WEATHER_STATION,VALID
2025-10-13 20:00:00,WX-MASTER,0.0,7.097,29.6,WEATHER_STATION,VALID
2025-10-13 21:00:00,WX-MASTER,0.0,5.291,28.24,WEATHER_STATION,VALID
2025-10-13 22:00:00,WX-MASTER,0.0,8.45,28.98,WEATHER_STATION,VALID
2025-10-13 23:00:00,WX-MASTER,0.0,6.648,27.73,WEATHER_STATION,VALID
2025-10-14 00:00:00,WX-MASTER,0.0,8.817,25.4,WEATHER_STATION,VALID
2025-10-14 01:00:00,WX-MASTER,0.0,8.595,26.61,WEATHER_STATION,VALID
2025-10-14 02:00:00,WX-MASTER,0.0,7.159,24.89,WEATHER_STATION,VALID
2025-10-14 03:00:00,WX-MASTER,0.0,7.278,21.2,WEATHER_STATION,VALID
2025-10-14 04:00:00,WX-MASTER,0.0,6.381,23.03,WEATHER_STATION,VALID
2025-10-14 05:00:00,WX-MASTER,0.0,5.362,20.74,WEATHER_STATION,VALID
2025-10-14 06:00:00,WX-MASTER,0.0,6.972,20.74,WEATHER_STATION,VALID
2025-10-14 07:00:00,WX-MASTER,0.2838,6.651,21.57,WEATHER_STATION,VALID
2025-10-14 08:00:00,WX-MASTER,0.449,3.579,21.66,WEATHER_STATION,VALID
2025-10-14 09:00:00,WX-MASTER,0.6104,5.325,20.86,WEATHER_STATION,VALID
2025-10-14 10:00:00,WX-MASTER,0.6385,6.338,22.85,WEATHER_STATION,VALID
2025-10-14 11:00:00,WX-MASTER,0.8687,6.934,22.63,WEATHER_STATION,VALID
2025-10-14 12:00:00,WX-MASTER,0.7482,5.846,22.99,WEATHER_STATION,VALID
2025-10-14 13:00:00,WX-MASTER,0.7611,2.869,24.39,WEATHER_STATION,VALID
2025-10-14 14:00:00,WX-MASTER,0.7343,3.476,26.69,WEATHER_STATION,VALID
2025-10-14 15:00:00,WX-MASTER,0.6276,4.47,23.57,WEATHER_STATION,VALID
2025-10-14 16:00:00,WX-MASTER,0.3747,6.874,28.56,WEATHER_STATION,VALID
2025-10-14 17:00:00,WX-MASTER,0.2461,4.455,26.98,WEATHER_STATION,VALID
2025-10-14 18:00:00,WX-MASTER,0.0,6.849,27.34,WEATHER_STATION,VALID
2025-10-14 19:00:00,WX-MASTER,0.0,4.917,28.14,WEATHER_STATION,VALID
2025-10-14 20:00:00,WX-MASTER,0.0,6.68,27.68,WEATHER_STATION,VALID
2025-10-14 21:00:00,WX-MASTER,0.0,5.016,27.38,WEATHER_STATION,VALID
2025-10-14 22:00:00,WX-MASTER,0.0,6.209,29.29,WEATHER_STATION,VALID
2025-10-14 23:00:00,WX-MASTER,0.0,5.171,27.91,WEATHER_STATION,VALID
2025-10-15 00:00:00,WX-MASTER,0.0,8.634,24.7,WEATHER_STATION,VALID
2025-10-15 01:00:00,WX-MASTER,0.0,5.916,26.97,WEATHER_STATION,VALID
2025-10-15 02:00:00,WX-MASTER,0.0,4.803,25.89,WEATHER_STATION,VALID
2025-10-15 03:00:00,WX-MASTER,0.0,4.627,22.57,WEATHER_STATION,VALID
2025-10-15 04:00:00,WX-MASTER,0.0,6.494,23.72,WEATHER_STATION,VALID
2025-10-15 05:00:00,WX-MASTER,0.0,5.821,23.52,WEATHER_STATION,VALID
2025-10-15 06:00:00,WX-MASTER,0.0,7.031,20.3,WEATHER_STATION,VALID
2025-10-15 07:00:00,WX-MASTER,0.229,5.629,22.22,WEATHER_STATION,VALID
2025-10-15 08:00:00,WX-MASTER,0.4628,7.189,20.94,WEATHER_STATION,VALID
2025-10-15 09:00:00,WX-MASTER,0.5386,4.922,22.52,WEATHER_STATION,VALID
2025-10-15 10:00:00,WX-MASTER,0.6517,6.534,21.1,WEATHER_STATION,VALID
2025-10-15 11:00:00,WX-MASTER,0.676,3.781,24.03,WEATHER_STATION,VALID
2025-10-15 12:00:00,WX-MASTER,0.7302,2.939,23.21,WEATHER_STATION,VALID
2025-10-15 13:00:00,WX-MASTER,0.9054,3.761,23.61,WEATHER_STATION,VALID
2025-10-15 14:00:00,WX-MASTER,0.6754,3.37,24.39,WEATHER_STATION,VALID
2025-10-15 15:00:00,WX-MASTER,0.6497,3.298,27.21,WEATHER_STATION,VALID
2025-10-15 16:00:00,WX-MASTER,0.417,5.584,26.14,WEATHER_STATION,VALID
2025-10-15 17:00:00,WX-MASTER,0.2726,4.891,29.0,WEATHER_STATION,VALID
2025-10-15 18:00:00,WX-MASTER,0.0,5.648,28.54,WEATHER_STATION,VALID
2025-10-15 19:00:00,WX-MASTER,0.0,6.403,26.97,WEATHER_STATION,VALID
2025-10-15 20:00:00,WX-MASTER,0.0,3.786,28.79,WEATHER_STATION,VALID
2025-10-15 21:00:00,WX-MASTER,0.0,6.969,28.69,WEATHER_STATION,VALID
2025-10-15 22:00:00,WX-MASTER,0.0,4.885,26.58,WEATHER_STATION,VALID
2025-10-15 23:00:00,WX-MASTER,0.0,5.882,27.74,WEATHER_STATION,VALID
2025-10-16 00:00:00,WX-MASTER,0.0,4.288,27.66,WEATHER_STATION,VALID
2025-10-16 01:00:00,WX-MASTER,0.0,7.661,27.52,WEATHER_STATION,VALID
2025-10-16 02:00:00,WX-MASTER,0.0,4.609,26.56,WEATHER_STATION,VALID
2025-10-16 03:00:00,WX-MASTER,0.0,5.171,27.22,WEATHER_STATION,VALID
2025-10-16 04:00:00,WX-MASTER,0.0,5.13,23.51,WEATHER_STATION,VALID
2025-10-16 05:00:00,WX-MASTER,0.0,6.24,23.45,WEATHER_STATION,VALID
2025-10-16 06:00:00,WX-MASTER,0.0,5.972,21.5,WEATHER_STATION,VALID
2025-10-16 07:00:00,WX-MASTER,0.2164,6.98,24.14,WEATHER_STATION,VALID
2025-10-16 08:00:00,WX-MASTER,0.5167,5.528,20.69,WEATHER_STATION,VALID
2025-10-16 09:00:00,WX-MASTER,0.5233,6.669,24.09,WEATHER_STATION,VALID
2025-10-16 10:00:00,WX-MASTER,0.7164,5.683,24.28,WEATHER_STATION,VALID
2025-10-16 11:00:00,WX-MASTER,0.8909,3.781,21.84,WEATHER_STATION,VALID
2025-10-16 12:00:00,WX-MASTER,0.821,4.017,24.76,WEATHER_STATION,VALID
2025-10-16 13:00:00,WX-MASTER,0.7165,6.786,24.9,WEATHER_STATION,VALID
2025-10-16 14:00:00,WX-MASTER,0.626,6.424,24.77,WEATHER_STATION,VALID
2025-10-16 15:00:00,WX-MASTER,0.6025,5.972,26.0,WEATHER_STATION,VALID
2025-10-16 16:00:00,WX-MASTER,0.4204,6.279,27.33,WEATHER_STATION,VALID
2025-10-16 17:00:00,WX-MASTER,0.2572,5.83,28.17,WEATHER_STATION,VALID
2025-10-16 18:00:00,WX-MASTER,0.0,5.889,30.09,WEATHER_STATION,VALID
2025-10-16 19:00:00,WX-MASTER,0.0,5.772,29.33,WEATHER_STATION,VALID
2025-10-16 20:00:00,WX-MASTER,0.0,8.177,27.84,WEATHER_STATION,VALID
2025-10-16 21:00:00,WX-MASTER,0.0,5.615,29.53,WEATHER_STATION,VALID
2025-10-16 22:00:00,WX-MASTER,0.0,6.755,26.2,WEATHER_STATION,VALID
2025-10-16 23:00:00,WX-MASTER,0.0,4.402,27.27,WEATHER_STATION,VALID
2025-10-17 00:00:00,WX-MASTER,0.0,4.879,26.67,WEATHER_STATION,VALID
2025-10-17 01:00:00,WX-MASTER,0.0,9.161,26.97,WEATHER_STATION,VALID
2025-10-17 02:00:00,WX-MASTER,0.0,7.597,27.39,WEATHER_STATION,VALID
2025-10-17 03:00:00,WX-MASTER,0.0,6.446,24.63,WEATHER_STATION,VALID
2025-10-17 04:00:00,WX-MASTER,0.0,6.689,23.09,WEATHER_STATION,VALID
2025-10-17 05:00:00,WX-MASTER,0.0,4.633,21.96,WEATHER_STATION,VALID
2025-10-17 06:00:00,WX-MASTER,0.0,5.613,23.24,WEATHER_STATION,VALID
2025-10-17 07:00:00,WX-MASTER,0.2611,4.02,21.66,WEATHER_STATION,VALID
2025-10-17 08:00:00,WX-MASTER,0.4637,5.271,21.17,WEATHER_STATION,VALID
2025-10-17 09:00:00,WX-MASTER,0.6965,6.289,23.03,WEATHER_STATION,VALID
2025-10-17 10:00:00,WX-MASTER,0.8255,5.77,23.64,WEATHER_STATION,VALID
2025-10-17 11:00:00,WX-MASTER,0.865,7.067,21.64,WEATHER_STATION,VALID
2025-10-17 12:00:00,WX-MASTER,0.9287,5.258,21.72,WEATHER_STATION,VALID
2025-10-17 13:00:00,WX-MASTER,0.8656,1.591,24.25,WEATHER_STATION,VALID
2025-10-17 14:00:00,WX-MASTER,0.3076,7.355,23.9,WEATHER_STATION,VALID
2025-10-17 15:00:00,WX-MASTER,0.6965,3.799,24.64,WEATHER_STATION,VALID
2025-10-17 16:00:00,WX-MASTER,0.5037,5.238,25.77,WEATHER_STATION,VALID
2025-10-17 17:00:00,WX-MASTER,0.2704,5.348,29.0,WEATHER_STATION,VALID
2025-10-17 18:00:00,WX-MASTER,0.0,5.758,29.08,WEATHER_STATION,VALID
2025-10-17 19:00:00,WX-MASTER,0.0,5.761,31.6,WEATHER_STATION,VALID
2025-10-17 20:00:00,WX-MASTER,0.0,6.045,28.0,WEATHER_STATION,VALID
2025-10-17 21:00:00,WX-MASTER,0.0,4.492,30.25,WEATHER_STATION,VALID
2025-10-17 22:00:00,WX-MASTER,0.0,9.796,28.89,WEATHER_STATION,VALID
2025-10-17 23:00:00,WX-MASTER,0.0,7.461,27.08,WEATHER_STATION,VALID
2025-10-18 00:00:00,WX-MASTER,0.0,6.798,26.85,WEATHER_STATION,VALID
2025-10-18 01:00:00,WX-MASTER,0.0,9.187,25.51,WEATHER_STATION,VALID
2025-10-18 02:00:00,WX-MASTER,0.0,5.393,25.59,WEATHER_STATION,VALID
2025-10-18 03:00:00,WX-MASTER,0.0,7.843,25.56,WEATHER_STATION,VALID
2025-10-18 04:00:00,WX-MASTER,0.0,5.857,23.09,WEATHER_STATION,VALID
2025-10-18 05:00:00,WX-MASTER,0.0,6.913,23.82,WEATHER_STATION,VALID
2025-10-18 06:00:00,WX-MASTER,0.0,6.713,23.77,WEATHER_STATION,VALID
2025-10-18 07:00:00,WX-MASTER,0.2175,2.87,23.69,WEATHER_STATION,VALID
2025-10-18 08:00:00,WX-MASTER,0.5152,3.785,20.37,WEATHER_STATION,VALID
2025-10-18 09:00:00,WX-MASTER,0.6881,7.458,21.84,WEATHER_STATION,VALID
2025-10-18 10:00:00,WX-MASTER,0.7466,4.845,23.1,WEATHER_STATION,VALID
2025-10-18 11:00:00,WX-MASTER,0.9016,7.594,21.5,WEATHER_STATION,VALID
2025-10-18 12:00:00,WX-MASTER,0.7182,6.57,21.96,WEATHER_STATION,VALID
2025-10-18 13:00:00,WX-MASTER,0.7738,4.518,24.34,WEATHER_STATION,VALID
2025-10-18 14:00:00,WX-MASTER,0.8243,4.409,24.78,WEATHER_STATION,VALID
2025-10-18 15:00:00,WX-MASTER,0.4924,7.026,25.98,WEATHER_STATION,VALID
2025-10-18 16:00:00,WX-MASTER,0.2852,7.753,26.46,WEATHER_STATION,VALID
2025-10-18 17:00:00,WX-MASTER,0.2653,4.835,30.35,WEATHER_STATION,VALID
2025-10-18 18:00:00,WX-MASTER,0.0,7.436,27.76,WEATHER_STATION,VALID
2025-10-18 19:00:00,WX-MASTER,0.0,7.029,29.36,WEATHER_STATION,VALID
2025-10-18 20:00:00,WX-MASTER,0.0,7.514,29.4,WEATHER_STATION,VALID
2025-10-18 21:00:00,WX-MASTER,0.0,6.333,26.63,WEATHER_STATION,VALID
2025-10-18 22:00:00,WX-MASTER,0.0,5.55,30.07,WEATHER_STATION,VALID
2025-10-18 23:00:00,WX-MASTER,0.0,5.234,28.5,WEATHER_STATION,VALID
2025-10-19 00:00:00,WX-MASTER,0.0,5.027,27.23,WEATHER_STATION,VALID
2025-10-19 01:00:00,WX-MASTER,0.0,9.268,27.46,WEATHER_STATION,VALID
2025-10-19 02:00:00,WX-MASTER,0.0,6.793,25.23,WEATHER_STATION,VALID
2025-10-19 03:00:00,WX-MASTER,0.0,5.217,25.44,WEATHER_STATION,VALID
2025-10-19 04:00:00,WX-MASTER,0.0,7.873,21.29,WEATHER_STATION,VALID
2025-10-19 05:00:00,WX-MASTER,0.0,,23.79,WEATHER_STATION,VALID
2025-10-19 06:00:00,WX-MASTER,0.0,5.306,22.48,WEATHER_STATION,VALID
2025-10-19 07:00:00,WX-MASTER,0.2597,8.587,22.15,WEATHER_STATION,VALID
2025-10-19 08:00:00,WX-MASTER,0.4421,3.908,20.78,WEATHER_STATION,VALID
2025-10-19 09:00:00,WX-MASTER,0.6175,5.693,21.64,WEATHER_STATION,VALID
2025-10-19 10:00:00,WX-MASTER,0.7837,4.396,21.96,WEATHER_STATION,VALID
2025-10-19 11:00:00,WX-MASTER,0.8903,4.008,21.45,WEATHER_STATION,VALID
2025-10-19 12:00:00,WX-MASTER,0.7929,2.955,23.97,WEATHER_STATION,VALID
2025-10-19 13:00:00,WX-MASTER,0.7079,4.873,26.27,WEATHER_STATION,VALID
2025-10-19 14:00:00,WX-MASTER,0.7351,3.666,23.58,WEATHER_STATION,VALID
2025-10-19 15:00:00,WX-MASTER,0.6463,5.644,26.78,WEATHER_STATION,VALID
2025-10-19 16:00:00,WX-MASTER,0.3841,4.949,26.53,WEATHER_STATION,VALID
2025-10-19 17:00:00,WX-MASTER,0.2266,4.792,27.12,WEATHER_STATION,VALID
2025-10-19 18:00:00,WX-MASTER,0.0,4.299,28.41,WEATHER_STATION,VALID
2025-10-19 19:00:00,WX-MASTER,0.0,7.541,28.78,WEATHER_STATION,VALID
2025-10-19 20:00:00,WX-MASTER,0.0,6.899,29.01,WEATHER_STATION,VALID
2025-10-19 21:00:00,WX-MASTER,0.0,5.307,27.31,WEATHER_STATION,VALID
2025-10-19 22:00:00,WX-MASTER,0.0,4.649,29.63,WEATHER_STATION,VALID
2025-10-19 23:00:00,WX-MASTER,0.0,4.142,27.86,WEATHER_STATION,VALID
2025-10-20 00:00:00,WX-MASTER,0.0,8.193,27.76,WEATHER_STATION,VALID
2025-10-20 01:00:00,WX-MASTER,0.0,7.958,27.66,WEATHER_STATION,VALID
2025-10-20 02:00:00,WX-MASTER,0.0,8.131,22.99,WEATHER_STATION,VALID
2025-10-20 03:00:00,WX-MASTER,0.0,6.541,25.15,WEATHER_STATION,VALID
2025-10-20 04:00:00,WX-MASTER,0.0,7.61,23.35,WEATHER_STATION,VALID
2025-10-20 05:00:00,WX-MASTER,0.0,7.709,24.05,WEATHER_STATION,VALID
2025-10-20 06:00:00,WX-MASTER,0.0,6.054,21.31,WEATHER_STATION,VALID
2025-10-20 07:00:00,WX-MASTER,0.2325,5.425,23.04,WEATHER_STATION,VALID
2025-10-20 08:00:00,WX-MASTER,0.5138,4.361,20.53,WEATHER_STATION,VALID
2025-10-20 09:00:00,WX-MASTER,0.6466,5.933,22.4,WEATHER_STATION,VALID
2025-10-20 10:00:00,WX-MASTER,0.6649,5.883,22.61,WEATHER_STATION,VALID
2025-10-20 11:00:00,WX-MASTER,0.8045,4.447,22.64,WEATHER_STATION,VALID
2025-10-20 12:00:00,WX-MASTER,0.8301,4.475,22.31,WEATHER_STATION,VALID
2025-10-20 13:00:00,WX-MASTER,0.8991,4.506,23.95,WEATHER_STATION,VALID
2025-10-20 14:00:00,WX-MASTER,0.6811,5.822,26.41,WEATHER_STATION,VALID
2025-10-20 15:00:00,WX-MASTER,0.665,3.08,27.99,WEATHER_STATION,VALID
2025-10-20 16:00:00,WX-MASTER,0.4571,3.565,29.39,WEATHER_STATION,VALID
2025-10-20 17:00:00,WX-MASTER,0.2826,3.779,28.4,WEATHER_STATION,VALID
2025-10-20 18:00:00,WX-MASTER,0.0,5.227,28.63,WEATHER_STATION,VALID
2025-10-20 19:00:00,WX-MASTER,0.0,6.083,29.22,WEATHER_STATION,VALID
2025-10-20 20:00:00,WX-MASTER,0.0,4.545,31.11,WEATHER_STATION,VALID
2025-10-20 21:00:00,WX-MASTER,0.0,7.367,29.3,WEATHER_STATION,VALID
2025-10-20 22:00:00,WX-MASTER,0.0,8.309,28.43,WEATHER_STATION,VALID
2025-10-20 23:00:00,WX-MASTER,0.0,7.126,27.44,WEATHER_STATION,VALID
2025-10-21 00:00:00,WX-MASTER,0.0,8.166,26.87,WEATHER_STATION,VALID
2025-10-21 01:00:00,WX-MASTER,0.0,5.579,26.68,WEATHER_STATION,VALID
2025-10-21 02:00:00,WX-MASTER,0.0,5.604,24.41,WEATHER_STATION,VALID
2025-10-21 03:00:00,WX-MASTER,0.0,7.359,23.65,WEATHER_STATION,VALID
2025-10-21 04:00:00,WX-MASTER,0.0,6.504,23.48,WEATHER_STATION,VALID
2025-10-21 05:00:00,WX-MASTER,0.0,5.204,22.29,WEATHER_STATION,VALID
2025-10-21 06:00:00,WX-MASTER,0.0,7.989,22.99,WEATHER_STATION,VALID
2025-10-21 07:00:00,WX-MASTER,0.2152,6.272,22.74,WEATHER_STATION,VALID
2025-10-21 08:00:00,WX-MASTER,0.4607,6.535,22.12,WEATHER_STATION,VALID
2025-10-21 09:00:00,WX-MASTER,0.6894,4.495,22.52,WEATHER_STATION,VALID
2025-10-21 10:00:00,WX-MASTER,0.5589,7.332,22.42,WEATHER_STATION,VALID
2025-10-21 11:00:00,WX-MASTER,0.8979,4.765,18.28,WEATHER_STATION,VALID
2025-10-21 12:00:00,WX-MASTER,0.7806,6.167,22.51,WEATHER_STATION,VALID
2025-10-21 13:00:00,WX-MASTER,0.8074,4.023,25.25,WEATHER_STATION,VALID
2025-10-21 14:00:00,WX-MASTER,0.3567,5.005,24.3,WEATHER_STATION,VALID
2025-10-21 15:00:00,WX-MASTER,0.6614,5.584,27.24,WEATHER_STATION,VALID
2025-10-21 16:00:00,WX-MASTER,0.4678,7.589,28.15,WEATHER_STATION,VALID
2025-10-21 17:00:00,WX-MASTER,0.2768,4.612,27.46,WEATHER_STATION,VALID
2025-10-21 18:00:00,WX-MASTER,0.0,5.675,27.63,WEATHER_STATION,VALID
2025-10-21 19:00:00,WX-MASTER,0.0,6.435,28.7,WEATHER_STATION,VALID
2025-10-21 20:00:00,WX-MASTER,0.0,4.087,28.76,WEATHER_STATION,VALID
2025-10-21 21:00:00,WX-MASTER,0.0,3.351,29.44,WEATHER_STATION,VALID
2025-10-21 22:00:00,WX-MASTER,0.0,5.106,25.53,WEATHER_STATION,VALID
2025-10-21 23:00:00,WX-MASTER,0.0,7.838,26.9,WEATHER_STATION,VALID
2025-10-22 00:00:00,WX-MASTER,0.0,8.93,25.85,WEATHER_STATION,VALID
2025-10-22 01:00:00,WX-MASTER,0.0,5.561,23.2,WEATHER_STATION,VALID
2025-10-22 02:00:00,WX-MASTER,0.0,5.174,24.73,WEATHER_STATION,VALID
2025-10-22 03:00:00,WX-MASTER,0.0,8.678,22.61,WEATHER_STATION,VALID
2025-10-22 04:00:00,WX-MASTER,0.0,5.812,23.1,WEATHER_STATION,VALID
2025-10-22 05:00:00,WX-MASTER,0.0,5.875,22.26,WEATHER_STATION,VALID
2025-10-22 06:00:00,WX-MASTER,0.0,8.026,22.83,WEATHER_STATION,VALID
2025-10-22 07:00:00,WX-MASTER,0.2428,7.559,21.64,WEATHER_STATION,VALID
2025-10-22 08:00:00,WX-MASTER,0.5124,6.829,19.79,WEATHER_STATION,VALID
2025-10-22 09:00:00,WX-MASTER,0.6416,3.139,22.35,WEATHER_STATION,VALID
2025-10-22 10:00:00,WX-MASTER,0.7992,3.505,25.19,WEATHER_STATION,VALID
2025-10-22 11:00:00,WX-MASTER,0.6094,6.417,24.13,WEATHER_STATION,VALID
2025-10-22 12:00:00,WX-MASTER,0.8094,5.248,24.38,WEATHER_STATION,VALID
2025-10-22 13:00:00,WX-MASTER,0.8293,3.762,24.18,WEATHER_STATION,VALID
2025-10-22 14:00:00,WX-MASTER,0.7436,4.331,24.73,WEATHER_STATION,VALID
2025-10-22 15:00:00,WX-MASTER,0.676,6.296,25.55,WEATHER_STATION,VALID
2025-10-22 16:00:00,WX-MASTER,0.436,6.973,27.36,WEATHER_STATION,VALID
2025-10-22 17:00:00,WX-MASTER,0.2509,5.168,26.43,WEATHER_STATION,VALID
2025-10-22 18:00:00,WX-MASTER,0.0,4.512,28.61,WEATHER_STATION,VALID
2025-10-22 19:00:00,WX-MASTER,0.0,5.3,27.9,WEATHER_STATION,VALID
2025-10-22 20:00:00,WX-MASTER,0.0,7.665,26.76,WEATHER_STATION,VALID
2025-10-22 21:00:00,WX-MASTER,0.0,7.891,27.89,WEATHER_STATION,VALID
2025-10-22 22:00:00,WX-MASTER,0.0,6.646,29.85,WEATHER_STATION,VALID
2025-10-22 23:00:00,WX-MASTER,0.0,5.885,27.96,WEATHER_STATION,VALID
2025-10-23 00:00:00,WX-MASTER,0.0,8.1,22.82,WEATHER_STATION,VALID
2025-10-23 01:00:00,WX-MASTER,0.0,8.864,25.43,WEATHER_STATION,VALID
2025-10-23 02:00:00,WX-MASTER,0.0,4.859,26.41,WEATHER_STATION,VALID
2025-10-23 03:00:00,WX-MASTER,0.0,6.373,24.07,WEATHER_STATION,VALID
2025-10-23 04:00:00,WX-MASTER,0.0,8.043,24.21,WEATHER_STATION,VALID
2025-10-23 05:00:00,WX-MASTER,0.0,6.447,22.38,WEATHER_STATION,VALID
2025-10-23 06:00:00,WX-MASTER,0.0,5.487,22.52,WEATHER_STATION,VALID
2025-10-23 07:00:00,WX-MASTER,0.2323,6.11,21.99,WEATHER_STATION,VALID
2025-10-23 08:00:00,WX-MASTER,0.4941,6.09,21.06,WEATHER_STATION,VALID
2025-10-23 09:00:00,WX-MASTER,0.6091,3.893,22.64,WEATHER_STATION,VALID
2025-10-23 10:00:00,WX-MASTER,0.6436,5.252,24.14,WEATHER_STATION,VALID
2025-10-23 11:00:00,WX-MASTER,0.6495,5.431,23.32,WEATHER_STATION,VALID
2025-10-23 12:00:00,WX-MASTER,0.8888,4.19,23.71,WEATHER_STATION,VALID
2025-10-23 13:00:00,WX-MASTER,0.7465,3.753,23.41,WEATHER_STATION,VALID
2025-10-23 14:00:00,WX-MASTER,0.751,4.073,26.46,WEATHER_STATION,VALID
2025-10-23 15:00:00,WX-MASTER,0.6908,3.583,25.62,WEATHER_STATION,VALID
2025-10-23 16:00:00,WX-MASTER,0.3895,6.086,27.75,WEATHER_STATION,VALID
2025-10-23 17:00:00,WX-MASTER,0.2481,3.89,28.72,WEATHER_STATION,VALID
2025-10-23 18:00:00,WX-MASTER,0.0,5.644,29.55,WEATHER_STATION,VALID
2025-10-23 19:00:00,WX-MASTER,0.0,5.165,29.92,WEATHER_STATION,VALID
2025-10-23 20:00:00,WX-MASTER,0.0,4.994,29.99,WEATHER_STATION,VALID
2025-10-23 21:00:00,WX-MASTER,0.0,7.946,27.2,WEATHER_STATION,VALID
2025-10-23 22:00:00,WX-MASTER,0.0,6.216,27.33,WEATHER_STATION,VALID
2025-10-23 23:00:00,WX-MASTER,0.0,5.696,26.16,WEATHER_STATION,VALID
2025-10-24 00:00:00,WX-MASTER,0.0,5.691,25.36,WEATHER_STATION,VALID
2025-10-24 01:00:00,WX-MASTER,0.0,7.189,28.08,WEATHER_STATION,VALID
2025-10-24 02:00:00,WX-MASTER,0.0,7.817,24.16,WEATHER_STATION,VALID
2025-10-24 03:00:00,WX-MASTER,0.0,8.321,23.08,WEATHER_STATION,VALID
2025-10-24 04:00:00,WX-MASTER,0.0,6.316,23.53,WEATHER_STATION,VALID
2025-10-24 05:00:00,WX-MASTER,0.0,6.049,21.97,WEATHER_STATION,VALID
2025-10-24 06:00:00,WX-MASTER,0.0,6.286,25.03,WEATHER_STATION,VALID
2025-10-24 07:00:00,WX-MASTER,0.2755,6.08,21.63,WEATHER_STATION,VALID
2025-10-24 08:00:00,WX-MASTER,0.5094,4.598,22.38,WEATHER_STATION,VALID
2025-10-24 09:00:00,WX-MASTER,0.6233,7.252,21.02,WEATHER_STATION,VALID
2025-10-24 10:00:00,WX-MASTER,0.6079,5.157,20.32,WEATHER_STATION,VALID
2025-10-24 11:00:00,WX-MASTER,0.7824,5.642,21.99,WEATHER_STATION,VALID
2025-10-24 12:00:00,WX-MASTER,0.8318,5.373,22.73,WEATHER_STATION,VALID
2025-10-24 13:00:00,WX-MASTER,0.3403,5.285,23.57,WEATHER_STATION,VALID
2025-10-24 14:00:00,WX-MASTER,0.6962,3.46,23.42,WEATHER_STATION,VALID
2025-10-24 15:00:00,WX-MASTER,0.5185,4.83,26.41,WEATHER_STATION,VALID
2025-10-24 16:00:00,WX-MASTER,0.4822,7.939,26.69,WEATHER_STATION,VALID
2025-10-24 17:00:00,WX-MASTER,0.2534,7.226,25.97,WEATHER_STATION,VALID
2025-10-24 18:00:00,WX-MASTER,0.0,5.595,28.5,WEATHER_STATION,VALID
2025-10-24 19:00:00,WX-MASTER,0.0,5.168,29.64,WEATHER_STATION,VALID
2025-10-24 20:00:00,WX-MASTER,0.0,3.023,30.28,WEATHER_STATION,VALID
2025-10-24 21:00:00,WX-MASTER,0.0,5.51,25.82,WEATHER_STATION,VALID
2025-10-24 22:00:00,WX-MASTER,0.0,6.278,27.5,WEATHER_STATION,VALID
2025-10-24 23:00:00,WX-MASTER,0.0,6.148,26.17,WEATHER_STATION,VALID
2025-10-25 00:00:00,WX-MASTER,0.0,6.358,26.32,WEATHER_STATION,VALID
2025-10-25 01:00:00,WX-MASTER,0.0,7.551,27.93,WEATHER_STATION,VALID
2025-10-25 02:00:00,WX-MASTER,0.0,5.435,24.48,WEATHER_STATION,VALID
2025-10-25 03:00:00,WX-MASTER,0.0,7.017,23.88,WEATHER_STATION,VALID
2025-10-25 04:00:00,WX-MASTER,0.0,6.384,22.61,WEATHER_STATION,VALID
2025-10-25 05:00:00,WX-MASTER,0.0,5.192,24.83,WEATHER_STATION,VALID
2025-10-25 06:00:00,WX-MASTER,0.0,8.286,19.56,WEATHER_STATION,VALID
2025-10-25 07:00:00,WX-MASTER,0.2807,6.828,21.31,WEATHER_STATION,VALID
2025-10-25 08:00:00,WX-MASTER,0.4146,4.573,20.82,WEATHER_STATION,VALID
2025-10-25 09:00:00,WX-MASTER,0.5737,6.017,19.91,WEATHER_STATION,VALID
2025-10-25 10:00:00,WX-MASTER,0.8166,3.315,23.65,WEATHER_STATION,VALID
2025-10-25 11:00:00,WX-MASTER,0.8269,4.078,20.72,WEATHER_STATION,VALID
2025-10-25 12:00:00,WX-MASTER,0.693,6.541,23.05,WEATHER_STATION,VALID
2025-10-25 13:00:00,WX-MASTER,0.8628,5.21,24.35,WEATHER_STATION,VALID
2025-10-25 14:00:00,WX-MASTER,0.6525,5.112,24.45,WEATHER_STATION,VALID
2025-10-25 15:00:00,WX-MASTER,0.6699,6.115,24.18,WEATHER_STATION,VALID
2025-10-25 16:00:00,WX-MASTER,0.1742,5.762,26.9,WEATHER_STATION,VALID
2025-10-25 17:00:00,WX-MASTER,0.2369,4.81,26.92,WEATHER_STATION,VALID
2025-10-25 18:00:00,WX-MASTER,0.0,6.602,29.36,WEATHER_STATION,VALID
2025-10-25 19:00:00,WX-MASTER,0.0,3.443,29.35,WEATHER_STATION,VALID
2025-10-25 20:00:00,WX-MASTER,0.0,5.032,31.19,WEATHER_STATION,VALID
2025-10-25 21:00:00,WX-MASTER,0.0,6.024,28.87,WEATHER_STATION,VALID
2025-10-25 22:00:00,WX-MASTER,0.0,7.086,29.09,WEATHER_STATION,VALID
2025-10-25 23:00:00,WX-MASTER,0.0,6.131,27.4,WEATHER_STATION,VALID
2025-10-26 00:00:00,WX-MASTER,0.0,4.354,29.17,WEATHER_STATION,VALID
2025-10-26 01:00:00,WX-MASTER,0.0,4.234,26.29,WEATHER_STATION,VALID
2025-10-26 02:00:00,WX-MASTER,0.0,6.642,25.24,WEATHER_STATION,VALID
2025-10-26 03:00:00,WX-MASTER,0.0,6.036,25.11,WEATHER_STATION,VALID
2025-10-26 04:00:00,WX-MASTER,0.0,5.339,22.84,WEATHER_STATION,VALID
2025-10-26 05:00:00,WX-MASTER,0.0,4.932,22.29,WEATHER_STATION,VALID
2025-10-26 06:00:00,WX-MASTER,0.0,6.278,22.98,WEATHER_STATION,VALID
2025-10-26 07:00:00,WX-MASTER,0.2149,7.543,22.87,WEATHER_STATION,VALID
2025-10-26 08:00:00,WX-MASTER,0.2749,5.763,22.58,WEATHER_STATION,VALID
2025-10-26 09:00:00,WX-MASTER,0.624,,21.89,WEATHER_STATION,VALID
2025-10-26 10:00:00,WX-MASTER,0.69,4.63,22.66,WEATHER_STATION,VALID
2025-10-26 11:00:00,WX-MASTER,0.8188,5.512,24.05,WEATHER_STATION,VALID
2025-10-26 12:00:00,WX-MASTER,0.8145,6.567,22.3,WEATHER_STATION,VALID
2025-10-26 13:00:00,WX-MASTER,0.8558,4.542,24.46,WEATHER_STATION,VALID
2025-10-26 14:00:00,WX-MASTER,0.7739,4.787,21.87,WEATHER_STATION,VALID
2025-10-26 15:00:00,WX-MASTER,0.6204,4.34,27.16,WEATHER_STATION,VALID
2025-10-26 16:00:00,WX-MASTER,0.3851,5.732,26.18,WEATHER_STATION,VALID
2025-10-26 17:00:00,WX-MASTER,0.2803,6.323,26.93,WEATHER_STATION,VALID
2025-10-26 18:00:00,WX-MASTER,0.0,5.836,28.25,WEATHER_STATION,VALID
2025-10-26 19:00:00,WX-MASTER,0.0,5.335,29.49,WEATHER_STATION,VALID
2025-10-26 20:00:00,WX-MASTER,0.0,3.944,31.74,WEATHER_STATION,VALID
2025-10-26 21:00:00,WX-MASTER,0.0,6.082,26.88,WEATHER_STATION,VALID
2025-10-26 22:00:00,WX-MASTER,0.0,6.118,27.38,WEATHER_STATION,VALID
2025-10-26 23:00:00,WX-MASTER,0.0,6.855,28.12,WEATHER_STATION,VALID
2025-10-27 00:00:00,WX-MASTER,0.0,6.82,26.26,WEATHER_STATION,VALID
2025-10-27 01:00:00,WX-MASTER,0.0,8.774,27.29,WEATHER_STATION,VALID
2025-10-27 02:00:00,WX-MASTER,0.0,5.819,25.18,WEATHER_STATION,VALID
2025-10-27 03:00:00,WX-MASTER,0.0,4.604,25.54,WEATHER_STATION,VALID
2025-10-27 04:00:00,WX-MASTER,0.0,5.031,23.33,WEATHER_STATION,VALID
2025-10-27 05:00:00,WX-MASTER,0.0,5.504,23.56,WEATHER_STATION,VALID
2025-10-27 06:00:00,WX-MASTER,0.0,7.505,21.2,WEATHER_STATION,VALID
2025-10-27 07:00:00,WX-MASTER,0.2547,4.159,24.32,WEATHER_STATION,VALID
2025-10-27 08:00:00,WX-MASTER,0.4608,4.071,19.84,WEATHER_STATION,VALID
2025-10-27 09:00:00,WX-MASTER,0.6482,5.871,21.15,WEATHER_STATION,VALID
2025-10-27 10:00:00,WX-MASTER,0.6734,6.214,20.65,WEATHER_STATION,VALID
2025-10-27 11:00:00,WX-MASTER,0.8493,2.916,23.87,WEATHER_STATION,VALID
2025-10-27 12:00:00,WX-MASTER,0.7325,2.501,24.28,WEATHER_STATION,VALID
2025-10-27 13:00:00,WX-MASTER,0.7405,3.72,23.01,WEATHER_STATION,VALID
2025-10-27 14:00:00,WX-MASTER,0.6804,5.602,26.58,WEATHER_STATION,VALID
2025-10-27 15:00:00,WX-MASTER,0.5385,5.007,25.45,WEATHER_STATION,VALID
2025-10-27 16:00:00,WX-MASTER,0.5001,3.981,27.6,WEATHER_STATION,VALID
2025-10-27 17:00:00,WX-MASTER,0.2222,6.106,28.6,WEATHER_STATION,VALID
2025-10-27 18:00:00,WX-MASTER,0.0,5.535,28.12,WEATHER_STATION,VALID
2025-10-27 19:00:00,WX-MASTER,0.0,5.488,29.85,WEATHER_STATION,VALID
2025-10-27 20:00:00,WX-MASTER,0.0,3.79,28.71,WEATHER_STATION,VALID
2025-10-27 21:00:00,WX-MASTER,0.0,5.137,29.17,WEATHER_STATION,VALID
2025-10-27 22:00:00,WX-MASTER,0.0,8.906,28.08,WEATHER_STATION,VALID
2025-10-27 23:00:00,WX-MASTER,0.0,6.106,25.61,WEATHER_STATION,VALID
2025-10-28 00:00:00,WX-MASTER,0.0,5.419,27.0,WEATHER_STATION,VALID
2025-10-28 01:00:00,WX-MASTER,0.0,6.228,25.25,WEATHER_STATION,VALID
2025-10-28 02:00:00,WX-MASTER,0.0,6.874,27.07,WEATHER_STATION,VALID
2025-10-28 03:00:00,WX-MASTER,0.0,7.795,22.85,WEATHER_STATION,VALID
2025-10-28 04:00:00,WX-MASTER,0.0,7.318,25.11,WEATHER_STATION,VALID
2025-10-28 05:00:00,WX-MASTER,0.0,5.443,22.71,WEATHER_STATION,VALID
2025-10-28 06:00:00,WX-MASTER,0.0,7.747,22.85,WEATHER_STATION,VALID
2025-10-28 07:00:00,WX-MASTER,0.268,6.899,20.36,WEATHER_STATION,VALID
2025-10-28 08:00:00,WX-MASTER,0.4168,5.0,21.52,WEATHER_STATION,VALID
2025-10-28 09:00:00,WX-MASTER,0.6105,5.162,21.22,WEATHER_STATION,VALID
2025-10-28 10:00:00,WX-MASTER,0.6973,5.886,24.89,WEATHER_STATION,VALID
2025-10-28 11:00:00,WX-MASTER,0.6925,6.322,22.09,WEATHER_STATION,VALID
2025-10-28 12:00:00,WX-MASTER,0.8261,2.825,25.03,WEATHER_STATION,VALID
2025-10-28 13:00:00,WX-MASTER,0.7529,4.829,25.89,WEATHER_STATION,VALID
2025-10-28 14:00:00,WX-MASTER,0.4842,4.702,26.76,WEATHER_STATION,VALID
2025-10-28 15:00:00,WX-MASTER,0.5112,4.074,25.59,WEATHER_STATION,VALID
2025-10-28 16:00:00,WX-MASTER,0.3746,4.203,29.31,WEATHER_STATION,VALID
2025-10-28 17:00:00,WX-MASTER,0.2378,6.511,30.28,WEATHER_STATION,VALID
2025-10-28 18:00:00,WX-MASTER,0.0,6.064,28.87,WEATHER_STATION,VALID
2025-10-28 19:00:00,WX-MASTER,0.0,8.361,28.22,WEATHER_STATION,VALID
2025-10-28 20:00:00,WX-MASTER,0.0,5.143,27.86,WEATHER_STATION,VALID
2025-10-28 21:00:00,WX-MASTER,0.0,6.312,29.34,WEATHER_STATION,VALID
2025-10-28 22:00:00,WX-MASTER,0.0,6.76,28.5,WEATHER_STATION,VALID
2025-10-28 23:00:00,WX-MASTER,0.0,7.703,28.09,WEATHER_STATION,VALID
2025-10-29 00:00:00,WX-MASTER,0.0,8.424,25.54,WEATHER_STATION,VALID
2025-10-29 01:00:00,WX-MASTER,0.0,6.842,26.35,WEATHER_STATION,VALID
2025-10-29 02:00:00,WX-MASTER,0.0,5.292,26.78,WEATHER_STATION,VALID
2025-10-29 03:00:00,WX-MASTER,0.0,5.718,25.48,WEATHER_STATION,VALID
2025-10-29 04:00:00,WX-MASTER,0.0,6.692,23.16,WEATHER_STATION,VALID
2025-10-29 05:00:00,WX-MASTER,0.0,7.777,22.8,WEATHER_STATION,VALID
2025-10-29 06:00:00,WX-MASTER,0.0,4.209,20.62,WEATHER_STATION,VALID
2025-10-29 07:00:00,WX-MASTER,0.2756,4.314,21.23,WEATHER_STATION,VALID
2025-10-29 08:00:00,WX-MASTER,0.3955,6.559,21.5,WEATHER_STATION,VALID
2025-10-29 09:00:00,WX-MASTER,0.5629,3.642,22.79,WEATHER_STATION,VALID
2025-10-29 10:00:00,WX-MASTER,0.7491,3.638,21.53,WEATHER_STATION,VALID
2025-10-29 11:00:00,WX-MASTER,0.8861,6.398,21.69,WEATHER_STATION,VALID
2025-10-29 12:00:00,WX-MASTER,0.914,4.507,24.57,WEATHER_STATION,VALID
2025-10-29 13:00:00,WX-MASTER,0.7906,4.345,24.0,WEATHER_STATION,VALID
2025-10-29 14:00:00,WX-MASTER,0.8125,6.517,24.4,WEATHER_STATION,VALID
2025-10-29 15:00:00,WX-MASTER,0.1723,3.429,27.29,WEATHER_STATION,VALID
2025-10-29 16:00:00,WX-MASTER,0.5029,3.303,27.71,WEATHER_STATION,VALID
2025-10-29 17:00:00,WX-MASTER,0.2223,7.253,27.63,WEATHER_STATION,VALID
2025-10-29 18:00:00,WX-MASTER,0.0,5.667,28.02,WEATHER_STATION,VALID
2025-10-29 19:00:00,WX-MASTER,0.0,6.501,29.24,WEATHER_STATION,VALID
2025-10-29 20:00:00,WX-MASTER,0.0,5.474,29.56,WEATHER_STATION,VALID
2025-10-29 21:00:00,WX-MASTER,0.0,5.991,29.04,WEATHER_STATION,VALID
2025-10-29 22:00:00,WX-MASTER,0.0,5.438,28.58,WEATHER_STATION,VALID
2025-10-29 23:00:00,WX-MASTER,0.0,6.947,27.16,WEATHER_STATION,VALID
2025-10-30 00:00:00,WX-MASTER,0.0,7.735,26.52,WEATHER_STATION,VALID
2025-10-30 01:00:00,WX-MASTER,0.0,6.971,26.12,WEATHER_STATION,VALID
2025-10-30 02:00:00,WX-MASTER,0.0,8.09,24.27,WEATHER_STATION,VALID
2025-10-30 03:00:00,WX-MASTER,0.0,7.499,23.22,WEATHER_STATION,VALID
2025-10-30 04:00:00,WX-MASTER,0.0,5.139,23.57,WEATHER_STATION,VALID
2025-10-30 05:00:00,WX-MASTER,0.0,6.125,24.14,WEATHER_STATION,VALID
2025-10-30 06:00:00,WX-MASTER,0.0,5.502,19.9,WEATHER_STATION,VALID
2025-10-30 07:00:00,WX-MASTER,0.2389,6.81,21.57,WEATHER_STATION,VALID
2025-10-30 08:00:00,WX-MASTER,0.5072,6.17,22.25,WEATHER_STATION,VALID
2025-10-30 09:00:00,WX-MASTER,0.5595,5.485,23.33,WEATHER_STATION,VALID
2025-10-30 10:00:00,WX-MASTER,0.8115,6.414,24.55,WEATHER_STATION,VALID
2025-10-30 11:00:00,WX-MASTER,0.6981,2.49,22.64,WEATHER_STATION,VALID
2025-10-30 12:00:00,WX-MASTER,0.8149,4.006,26.04,WEATHER_STATION,VALID
2025-10-30 13:00:00,WX-MASTER,0.8861,4.054,25.06,WEATHER_STATION,VALID
2025-10-30 14:00:00,WX-MASTER,0.8062,5.061,26.4,WEATHER_STATION,VALID
2025-10-30 15:00:00,WX-MASTER,0.579,5.526,25.05,WEATHER_STATION,VALID
2025-10-30 16:00:00,WX-MASTER,0.476,4.941,27.72,WEATHER_STATION,VALID
2025-10-30 17:00:00,WX-MASTER,0.2583,3.422,28.98,WEATHER_STATION,VALID
2025-10-30 18:00:00,WX-MASTER,0.0,5.889,27.63,WEATHER_STATION,VALID
2025-10-30 19:00:00,WX-MASTER,0.0,5.78,25.68,WEATHER_STATION,VALID
2025-10-30 20:00:00,WX-MASTER,0.0,3.965,29.1,WEATHER_STATION,VALID
2025-10-30 21:00:00,WX-MASTER,0.0,5.741,28.55,WEATHER_STATION,VALID
2025-10-30 22:00:00,WX-MASTER,0.0,6.834,30.07,WEATHER_STATION,VALID
2025-10-30 23:00:00,WX-MASTER,0.0,8.678,27.25,WEATHER_STATION,VALID
2025-10-31 00:00:00,WX-MASTER,0.0,5.235,26.34,WEATHER_STATION,VALID
2025-10-31 01:00:00,WX-MASTER,0.0,7.739,24.94,WEATHER_STATION,VALID
2025-10-31 02:00:00,WX-MASTER,0.0,5.307,24.68,WEATHER_STATION,VALID
2025-10-31 03:00:00,WX-MASTER,0.0,4.982,27.73,WEATHER_STATION,VALID
2025-10-31 04:00:00,WX-MASTER,0.0,4.923,21.78,WEATHER_STATION,VALID
2025-10-31 05:00:00,WX-MASTER,0.0,7.096,21.36,WEATHER_STATION,VALID
2025-10-31 06:00:00,WX-MASTER,0.0,6.249,22.34,WEATHER_STATION,VALID
2025-10-31 07:00:00,WX-MASTER,0.2773,5.418,24.43,WEATHER_STATION,VALID
2025-10-31 08:00:00,WX-MASTER,0.4029,6.161,22.83,WEATHER_STATION,VALID
2025-10-31 09:00:00,WX-MASTER,0.5766,5.369,23.92,WEATHER_STATION,VALID
2025-10-31 10:00:00,WX-MASTER,0.8105,5.236,21.95,WEATHER_STATION,VALID
2025-10-31 11:00:00,WX-MASTER,0.7888,4.517,21.3,WEATHER_STATION,VALID
2025-10-31 12:00:00,WX-MASTER,0.672,3.45,23.15,WEATHER_STATION,VALID
2025-10-31 13:00:00,WX-MASTER,0.8311,6.923,24.38,WEATHER_STATION,VALID
2025-10-31 14:00:00,WX-MASTER,0.6873,6.55,25.45,WEATHER_STATION,VALID
2025-10-31 15:00:00,WX-MASTER,0.6838,6.87,26.09,WEATHER_STATION,VALID
2025-10-31 16:00:00,WX-MASTER,0.4194,4.237,27.9,WEATHER_STATION,VALID
2025-10-31 17:00:00,WX-MASTER,0.2747,4.241,27.06,WEATHER_STATION,VALID
2025-10-31 18:00:00,WX-MASTER,0.0,4.817,27.36,WEATHER_STATION,VALID
2025-10-31 19:00:00,WX-MASTER,0.0,7.006,27.37,WEATHER_STATION,VALID
2025-10-31 20:00:00,WX-MASTER,0.0,5.87,29.18,WEATHER_STATION,VALID
2025-10-31 21:00:00,WX-MASTER,0.0,5.415,28.95,WEATHER_STATION,VALID
2025-10-31 22:00:00,WX-MASTER,0.0,6.817,29.78,WEATHER_STATION,VALID
2025-10-31 23:00:00,WX-MASTER,0.0,5.567,29.77,WEATHER_STATION,VALID
2025-11-01 00:00:00,WX-MASTER,0.0,4.885,25.76,WEATHER_STATION,VALID
2025-11-01 01:00:00,WX-MASTER,0.0,6.877,26.39,WEATHER_STATION,VALID
2025-11-01 02:00:00,WX-MASTER,0.0,6.032,25.21,WEATHER_STATION,VALID
2025-11-01 03:00:00,WX-MASTER,0.0,6.612,22.7,WEATHER_STATION,VALID
2025-11-01 04:00:00,WX-MASTER,0.0,3.004,23.07,WEATHER_STATION,VALID
2025-11-01 05:00:00,WX-MASTER,0.0,5.146,24.86,WEATHER_STATION,VALID
2025-11-01 06:00:00,WX-MASTER,0.0,6.019,21.66,WEATHER_STATION,VALID
2025-11-01 07:00:00,WX-MASTER,0.2433,3.852,21.11,WEATHER_STATION,VALID
2025-11-01 08:00:00,WX-MASTER,0.446,3.635,21.89,WEATHER_STATION,VALID
2025-11-01 09:00:00,WX-MASTER,0.5764,5.362,23.17,WEATHER_STATION,VALID
2025-11-01 10:00:00,WX-MASTER,0.742,6.001,22.06,WEATHER_STATION,VALID
2025-11-01 11:00:00,WX-MASTER,0.6312,3.749,23.13,WEATHER_STATION,VALID
2025-11-01 12:00:00,WX-MASTER,0.7433,4.442,20.96,WEATHER_STATION,VALID
2025-11-01 13:00:00,WX-MASTER,0.7606,4.41,25.24,WEATHER_STATION,VALID
2025-11-01 14:00:00,WX-MASTER,0.651,2.695,25.72,WEATHER_STATION,VALID
2025-11-01 15:00:00,WX-MASTER,0.683,6.338,27.42,WEATHER_STATION,VALID
2025-11-01 16:00:00,WX-MASTER,0.449,4.697,24.96,WEATHER_STATION,VALID
2025-11-01 17:00:00,WX-MASTER,0.2512,4.9,27.57,WEATHER_STATION,VALID
2025-11-01 18:00:00,WX-MASTER,0.0,5.837,29.64,WEATHER_STATION,VALID
2025-11-01 19:00:00,WX-MASTER,0.0,3.578,28.17,WEATHER_STATION,VALID
2025-11-01 20:00:00,WX-MASTER,0.0,7.063,29.02,WEATHER_STATION,VALID
2025-11-01 21:00:00,WX-MASTER,0.0,7.483,28.34,WEATHER_STATION,VALID
2025-11-01 22:00:00,WX-MASTER,0.0,6.523,28.02,WEATHER_STATION,VALID
2025-11-01 23:00:00,WX-MASTER,0.0,7.122,29.33,WEATHER_STATION,VALID
2025-11-02 00:00:00,WX-MASTER,0.0,6.22,25.51,WEATHER_STATION,VALID
2025-11-02 01:00:00,WX-MASTER,0.0,7.828,26.32,WEATHER_STATION,VALID
2025-11-02 02:00:00,WX-MASTER,0.0,5.63,25.77,WEATHER_STATION,VALID
2025-11-02 03:00:00,WX-MASTER,0.0,6.585,25.69,WEATHER_STATION,VALID
2025-11-02 04:00:00,WX-MASTER,0.0,6.527,23.57,WEATHER_STATION,VALID
2025-11-02 05:00:00,WX-MASTER,0.0,6.253,24.16,WEATHER_STATION,VALID
2025-11-02 06:00:00,WX-MASTER,0.0,7.464,22.37,WEATHER_STATION,VALID
2025-11-02 07:00:00,WX-MASTER,0.2342,8.665,22.23,WEATHER_STATION,VALID
2025-11-02 08:00:00,WX-MASTER,0.3977,5.417,22.07,WEATHER_STATION,VALID
2025-11-02 09:00:00,WX-MASTER,0.6788,5.92,22.88,WEATHER_STATION,VALID
2025-11-02 10:00:00,WX-MASTER,0.7211,4.042,23.09,WEATHER_STATION,VALID
2025-11-02 11:00:00,WX-MASTER,0.8843,6.247,21.66,WEATHER_STATION,VALID
2025-11-02 12:00:00,WX-MASTER,0.774,4.107,23.98,WEATHER_STATION,VALID
2025-11-02 13:00:00,WX-MASTER,0.8843,8.806,25.21,WEATHER_STATION,VALID
2025-11-02 14:00:00,WX-MASTER,0.7041,2.551,27.22,WEATHER_STATION,VALID
2025-11-02 15:00:00,WX-MASTER,0.6822,7.588,25.17,WEATHER_STATION,VALID
2025-11-02 16:00:00,WX-MASTER,0.5053,6.22,27.87,WEATHER_STATION,VALID
2025-11-02 17:00:00,WX-MASTER,0.2191,3.661,27.53,WEATHER_STATION,VALID
2025-11-02 18:00:00,WX-MASTER,0.0,8.364,28.73,WEATHER_STATION,VALID
2025-11-02 19:00:00,WX-MASTER,0.0,4.396,27.56,WEATHER_STATION,VALID
2025-11-02 20:00:00,WX-MASTER,0.0,5.455,28.95,WEATHER_STATION,VALID
2025-11-02 21:00:00,WX-MASTER,0.0,4.429,29.23,WEATHER_STATION,VALID
2025-11-02 22:00:00,WX-MASTER,0.0,6.147,27.34,WEATHER_STATION,VALID
2025-11-02 23:00:00,WX-MASTER,0.0,6.45,29.68,WEATHER_STATION,VALID
2025-11-03 00:00:00,WX-MASTER,0.0,7.72,25.38,WEATHER_STATION,VALID
2025-11-03 01:00:00,WX-MASTER,0.0,9.873,27.04,WEATHER_STATION,VALID
2025-11-03 02:00:00,WX-MASTER,0.0,6.03,22.57,WEATHER_STATION,VALID
2025-11-03 03:00:00,WX-MASTER,0.0,3.046,24.28,WEATHER_STATION,VALID
2025-11-03 04:00:00,WX-MASTER,0.0,7.332,24.31,WEATHER_STATION,VALID
2025-11-03 05:00:00,WX-MASTER,0.0,5.585,23.87,WEATHER_STATION,VALID
2025-11-03 06:00:00,WX-MASTER,0.0,8.435,22.33,WEATHER_STATION,VALID
2025-11-03 07:00:00,WX-MASTER,0.2431,5.773,21.82,WEATHER_STATION,VALID
2025-11-03 08:00:00,WX-MASTER,0.345,4.57,22.67,WEATHER_STATION,VALID
2025-11-03 09:00:00,WX-MASTER,0.6072,3.989,23.25,WEATHER_STATION,VALID
2025-11-03 10:00:00,WX-MASTER,0.7307,5.893,24.11,WEATHER_STATION,VALID
2025-11-03 11:00:00,WX-MASTER,0.6954,4.544,21.46,WEATHER_STATION,VALID
2025-11-03 12:00:00,WX-MASTER,0.8175,6.685,23.5,WEATHER_STATION,VALID
2025-11-03 13:00:00,WX-MASTER,0.752,4.441,21.95,WEATHER_STATION,VALID
2025-11-03 14:00:00,WX-MASTER,0.612,6.559,23.85,WEATHER_STATION,VALID
2025-11-03 15:00:00,WX-MASTER,0.6471,2.999,25.55,WEATHER_STATION,VALID
2025-11-03 16:00:00,WX-MASTER,0.42,2.669,28.27,WEATHER_STATION,VALID
2025-11-03 17:00:00,WX-MASTER,0.2351,6.195,27.38,WEATHER_STATION,VALID
2025-11-03 18:00:00,WX-MASTER,0.0,4.743,28.17,WEATHER_STATION,VALID
2025-11-03 19:00:00,WX-MASTER,0.0,5.257,29.23,WEATHER_STATION,VALID
2025-11-03 20:00:00,WX-MASTER,0.0,4.545,28.18,WEATHER_STATION,VALID
2025-11-03 21:00:00,WX-MASTER,0.0,4.7,26.47,WEATHER_STATION,VALID
2025-11-03 22:00:00,WX-MASTER,0.0,7.161,27.62,WEATHER_STATION,VALID
2025-11-03 23:00:00,WX-MASTER,0.0,6.491,27.82,WEATHER_STATION,VALID
2025-11-04 00:00:00,WX-MASTER,0.0,5.26,27.82,WEATHER_STATION,VALID
2025-11-04 01:00:00,WX-MASTER,0.0,7.728,26.16,WEATHER_STATION,VALID
2025-11-04 02:00:00,WX-MASTER,0.0,8.222,26.05,WEATHER_STATION,VALID
2025-11-04 03:00:00,WX-MASTER,0.0,6.48,25.71,WEATHER_STATION,VALID
2025-11-04 04:00:00,WX-MASTER,0.0,7.79,25.1,WEATHER_STATION,VALID
2025-11-04 05:00:00,WX-MASTER,0.0,4.995,23.24,WEATHER_STATION,VALID
2025-11-04 06:00:00,WX-MASTER,0.0,6.819,21.11,WEATHER_STATION,VALID
2025-11-04 07:00:00,WX-MASTER,0.2264,6.025,20.63,WEATHER_STATION,VALID
2025-11-04 08:00:00,WX-MASTER,0.3954,4.525,20.62,WEATHER_STATION,VALID
2025-11-04 09:00:00,WX-MASTER,0.4815,7.973,20.83,WEATHER_STATION,VALID
2025-11-04 10:00:00,WX-MASTER,0.611,5.383,22.59,WEATHER_STATION,VALID
2025-11-04 11:00:00,WX-MASTER,0.7599,,25.29,WEATHER_STATION,VALID
2025-11-04 12:00:00,WX-MASTER,0.2402,4.8,24.01,WEATHER_STATION,VALID
2025-11-04 13:00:00,WX-MASTER,0.7148,3.582,24.5,WEATHER_STATION,VALID
2025-11-04 14:00:00,WX-MASTER,0.7205,3.214,26.66,WEATHER_STATION,VALID
2025-11-04 15:00:00,WX-MASTER,0.5747,4.207,25.42,WEATHER_STATION,VALID
2025-11-04 16:00:00,WX-MASTER,0.4989,4.43,28.5,WEATHER_STATION,VALID
2025-11-04 17:00:00,WX-MASTER,0.2413,4.07,29.14,WEATHER_STATION,VALID
2025-11-04 18:00:00,WX-MASTER,0.0,6.97,28.61,WEATHER_STATION,VALID
2025-11-04 19:00:00,WX-MASTER,0.0,4.602,31.4,WEATHER_STATION,VALID
2025-11-04 20:00:00,WX-MASTER,0.0,4.647,30.34,WEATHER_STATION,VALID
2025-11-04 21:00:00,WX-MASTER,0.0,4.568,28.94,WEATHER_STATION,VALID
2025-11-04 22:00:00,WX-MASTER,0.0,4.666,28.36,WEATHER_STATION,VALID
2025-11-04 23:00:00,WX-MASTER,0.0,7.849,27.46,WEATHER_STATION,VALID
2025-11-05 00:00:00,WX-MASTER,0.0,6.972,27.11,WEATHER_STATION,VALID
2025-11-05 01:00:00,WX-MASTER,0.0,7.596,26.31,WEATHER_STATION,VALID
2025-11-05 02:00:00,WX-MASTER,0.0,8.017,25.14,WEATHER_STATION,VALID
2025-11-05 03:00:00,WX-MASTER,0.0,6.186,24.36,WEATHER_STATION,VALID
2025-11-05 04:00:00,WX-MASTER,0.0,8.398,22.34,WEATHER_STATION,VALID
2025-11-05 05:00:00,WX-MASTER,0.0,5.481,22.36,WEATHER_STATION,VALID
2025-11-05 06:00:00,WX-MASTER,0.0,4.642,20.57,WEATHER_STATION,VALID
2025-11-05 07:00:00,WX-MASTER,0.2458,6.299,22.64,WEATHER_STATION,VALID
2025-11-05 08:00:00,WX-MASTER,0.4549,5.74,22.12,WEATHER_STATION,VALID
2025-11-05 09:00:00,WX-MASTER,0.6799,5.487,21.99,WEATHER_STATION,VALID
2025-11-05 10:00:00,WX-MASTER,0.6,6.398,23.55,WEATHER_STATION,VALID
2025-11-05 11:00:00,WX-MASTER,0.7041,5.036,22.01,WEATHER_STATION,VALID
2025-11-05 12:00:00,WX-MASTER,0.9065,5.179,22.92,WEATHER_STATION,VALID
2025-11-05 13:00:00,WX-MASTER,0.7577,6.478,22.84,WEATHER_STATION,VALID
2025-11-05 14:00:00,WX-MASTER,0.5686,5.063,26.75,WEATHER_STATION,VALID
2025-11-05 15:00:00,WX-MASTER,0.5644,5.432,27.15,WEATHER_STATION,VALID
2025-11-05 16:00:00,WX-MASTER,0.3132,3.081,28.87,WEATHER_STATION,VALID
2025-11-05 17:00:00,WX-MASTER,0.2517,9.948,29.9,WEATHER_STATION,VALID
2025-11-05 18:00:00,WX-MASTER,0.0,3.274,28.04,WEATHER_STATION,VALID
2025-11-05 19:00:00,WX-MASTER,0.0,4.894,28.05,WEATHER_STATION,VALID
2025-11-05 20:00:00,WX-MASTER,0.0,5.116,26.87,WEATHER_STATION,VALID
2025-11-05 21:00:00,WX-MASTER,0.0,8.848,27.58,WEATHER_STATION,VALID
2025-11-05 22:00:00,WX-MASTER,0.0,5.55,28.16,WEATHER_STATION,VALID
2025-11-05 23:00:00,WX-MASTER,0.0,7.085,25.52,WEATHER_STATION,VALID
2025-11-06 00:00:00,WX-MASTER,0.0,5.903,26.0,WEATHER_STATION,VALID
2025-11-06 01:00:00,WX-MASTER,0.0,5.345,26.35,WEATHER_STATION,VALID
2025-11-06 02:00:00,WX-MASTER,0.0,7.433,26.61,WEATHER_STATION,VALID
2025-11-06 03:00:00,WX-MASTER,0.0,5.683,23.77,WEATHER_STATION,VALID
2025-11-06 04:00:00,WX-MASTER,0.0,6.752,23.94,WEATHER_STATION,VALID
2025-11-06 05:00:00,WX-MASTER,0.0,7.109,25.3,WEATHER_STATION,VALID
2025-11-06 06:00:00,WX-MASTER,0.0,8.544,20.34,WEATHER_STATION,VALID
2025-11-06 07:00:00,WX-MASTER,0.2503,4.171,23.46,WEATHER_STATION,VALID
2025-11-06 08:00:00,WX-MASTER,0.4554,5.352,22.5,WEATHER_STATION,VALID
2025-11-06 09:00:00,WX-MASTER,0.5079,5.155,23.68,WEATHER_STATION,VALID
2025-11-06 10:00:00,WX-MASTER,0.7506,5.078,23.67,WEATHER_STATION,VALID
2025-11-06 11:00:00,WX-MASTER,0.752,8.236,22.27,WEATHER_STATION,VALID
2025-11-06 12:00:00,WX-MASTER,0.7876,4.545,23.79,WEATHER_STATION,VALID
2025-11-06 13:00:00,WX-MASTER,0.8676,1.432,22.88,WEATHER_STATION,VALID
2025-11-06 14:00:00,WX-MASTER,0.6577,4.456,24.91,WEATHER_STATION,VALID
2025-11-06 15:00:00,WX-MASTER,0.6791,4.634,26.48,WEATHER_STATION,VALID
2025-11-06 16:00:00,WX-MASTER,0.503,4.61,27.65,WEATHER_STATION,VALID
2025-11-06 17:00:00,WX-MASTER,0.2649,4.177,28.96,WEATHER_STATION,VALID
2025-11-06 18:00:00,WX-MASTER,0.0,3.623,30.47,WEATHER_STATION,VALID
2025-11-06 19:00:00,WX-MASTER,0.0,8.401,28.4,WEATHER_STATION,VALID
2025-11-06 20:00:00,WX-MASTER,0.0,6.269,30.41,WEATHER_STATION,VALID
2025-11-06 21:00:00,WX-MASTER,0.0,5.856,29.24,WEATHER_STATION,VALID
2025-11-06 22:00:00,WX-MASTER,0.0,9.095,27.0,WEATHER_STATION,VALID
2025-11-06 23:00:00,WX-MASTER,0.0,5.38,27.83,WEATHER_STATION,VALID
2025-11-07 00:00:00,WX-MASTER,0.0,7.417,27.45,WEATHER_STATION,VALID
2025-11-07 01:00:00,WX-MASTER,0.0,5.072,25.46,WEATHER_STATION,VALID
2025-11-07 02:00:00,WX-MASTER,0.0,7.666,24.31,WEATHER_STATION,VALID
2025-11-07 03:00:00,WX-MASTER,0.0,5.142,23.36,WEATHER_STATION,VALID
2025-11-07 04:00:00,WX-MASTER,0.0,7.093,23.16,WEATHER_STATION,VALID
2025-11-07 05:00:00,WX-MASTER,0.0,8.832,22.05,WEATHER_STATION,VALID
2025-11-07 06:00:00,WX-MASTER,0.0,6.185,24.0,WEATHER_STATION,VALID
2025-11-07 07:00:00,WX-MASTER,0.2764,2.96,19.24,WEATHER_STATION,VALID
2025-11-07 08:00:00,WX-MASTER,0.4993,5.596,22.19,WEATHER_STATION,VALID
2025-11-07 09:00:00,WX-MASTER,0.6013,5.923,22.81,WEATHER_STATION,VALID
2025-11-07 10:00:00,WX-MASTER,0.5332,6.247,21.37,WEATHER_STATION,VALID
2025-11-07 11:00:00,WX-MASTER,0.6862,6.811,22.8,WEATHER_STATION,VALID
2025-11-07 12:00:00,WX-MASTER,0.8669,6.751,23.4,WEATHER_STATION,VALID
2025-11-07 13:00:00,WX-MASTER,0.649,4.537,24.56,WEATHER_STATION,VALID
2025-11-07 14:00:00,WX-MASTER,0.6871,3.856,26.35,WEATHER_STATION,VALID
2025-11-07 15:00:00,WX-MASTER,0.6227,3.332,27.15,WEATHER_STATION,VALID
2025-11-07 16:00:00,WX-MASTER,0.5025,4.22,26.59,WEATHER_STATION,VALID
2025-11-07 17:00:00,WX-MASTER,0.2296,5.73,26.23,WEATHER_STATION,VALID
2025-11-07 18:00:00,WX-MASTER,0.0,3.586,28.79,WEATHER_STATION,VALID
2025-11-07 19:00:00,WX-MASTER,0.0,4.388,28.15,WEATHER_STATION,VALID
2025-11-07 20:00:00,WX-MASTER,0.0,6.585,28.42,WEATHER_STATION,VALID
2025-11-07 21:00:00,WX-MASTER,0.0,5.264,29.21,WEATHER_STATION,VALID
2025-11-07 22:00:00,WX-MASTER,0.0,6.808,28.07,WEATHER_STATION,VALID
2025-11-07 23:00:00,WX-MASTER,0.0,5.449,28.4,WEATHER_STATION,VALID
2025-11-08 00:00:00,WX-MASTER,0.0,7.007,30.34,WEATHER_STATION,VALID
2025-11-08 01:00:00,WX-MASTER,0.0,5.691,27.31,WEATHER_STATION,VALID
2025-11-08 02:00:00,WX-MASTER,0.0,4.216,27.19,WEATHER_STATION,VALID
2025-11-08 03:00:00,WX-MASTER,0.0,7.859,25.28,WEATHER_STATION,VALID
2025-11-08 04:00:00,WX-MASTER,0.0,5.576,23.92,WEATHER_STATION,VALID
2025-11-08 05:00:00,WX-MASTER,0.0,5.969,23.73,WEATHER_STATION,VALID
2025-11-08 06:00:00,WX-MASTER,0.0,5.164,23.12,WEATHER_STATION,VALID
2025-11-08 07:00:00,WX-MASTER,0.2544,6.517,23.23,WEATHER_STATION,VALID
2025-11-08 08:00:00,WX-MASTER,0.4143,5.982,22.15,WEATHER_STATION,VALID
2025-11-08 09:00:00,WX-MASTER,0.5595,6.002,20.63,WEATHER_STATION,VALID
2025-11-08 10:00:00,WX-MASTER,0.8031,4.36,20.78,WEATHER_STATION,VALID
2025-11-08 11:00:00,WX-MASTER,0.8312,4.829,23.65,WEATHER_STATION,VALID
2025-11-08 12:00:00,WX-MASTER,0.7122,5.311,22.47,WEATHER_STATION,VALID
2025-11-08 13:00:00,WX-MASTER,0.7931,6.715,25.49,WEATHER_STATION,VALID
2025-11-08 14:00:00,WX-MASTER,0.5298,5.111,27.18,WEATHER_STATION,VALID
2025-11-08 15:00:00,WX-MASTER,0.5631,3.481,26.22,WEATHER_STATION,VALID
2025-11-08 16:00:00,WX-MASTER,0.4905,5.269,28.78,WEATHER_STATION,VALID
2025-11-08 17:00:00,WX-MASTER,0.2412,4.895,28.36,WEATHER_STATION,VALID
2025-11-08 18:00:00,WX-MASTER,0.0,2.74,28.64,WEATHER_STATION,VALID
2025-11-08 19:00:00,WX-MASTER,0.0,3.193,29.04,WEATHER_STATION,VALID
2025-11-08 20:00:00,WX-MASTER,0.0,5.766,28.08,WEATHER_STATION,VALID
2025-11-08 21:00:00,WX-MASTER,0.0,6.127,27.81,WEATHER_STATION,VALID
2025-11-08 22:00:00,WX-MASTER,0.0,5.943,26.63,WEATHER_STATION,VALID
2025-11-08 23:00:00,WX-MASTER,0.0,7.657,27.17,WEATHER_STATION,VALID
2025-11-09 00:00:00,WX-MASTER,0.0,5.416,29.91,WEATHER_STATION,VALID
2025-11-09 01:00:00,WX-MASTER,0.0,4.892,24.71,WEATHER_STATION,VALID
2025-11-09 02:00:00,WX-MASTER,0.0,5.615,24.18,WEATHER_STATION,VALID
2025-11-09 03:00:00,WX-MASTER,0.0,5.823,23.72,WEATHER_STATION,VALID
2025-11-09 04:00:00,WX-MASTER,0.0,6.404,22.94,WEATHER_STATION,VALID
2025-11-09 05:00:00,WX-MASTER,0.0,5.254,23.44,WEATHER_STATION,VALID
2025-11-09 06:00:00,WX-MASTER,0.0,3.278,21.83,WEATHER_STATION,VALID
2025-11-09 07:00:00,WX-MASTER,0.2758,2.469,21.98,WEATHER_STATION,VALID
2025-11-09 08:00:00,WX-MASTER,0.4312,5.708,21.08,WEATHER_STATION,VALID
2025-11-09 09:00:00,WX-MASTER,0.6137,3.83,21.64,WEATHER_STATION,VALID
2025-11-09 10:00:00,WX-MASTER,0.6713,2.467,22.49,WEATHER_STATION,VALID
2025-11-09 11:00:00,WX-MASTER,0.6276,5.706,22.96,WEATHER_STATION,VALID
2025-11-09 12:00:00,WX-MASTER,0.8799,6.777,26.22,WEATHER_STATION,VALID
2025-11-09 13:00:00,WX-MASTER,0.5957,4.583,24.66,WEATHER_STATION,VALID
2025-11-09 14:00:00,WX-MASTER,0.6682,5.061,25.34,WEATHER_STATION,VALID
2025-11-09 15:00:00,WX-MASTER,0.596,5.145,23.5,WEATHER_STATION,VALID
2025-11-09 16:00:00,WX-MASTER,0.4551,1.913,27.63,WEATHER_STATION,VALID
2025-11-09 17:00:00,WX-MASTER,0.2252,6.264,25.7,WEATHER_STATION,VALID
2025-11-09 18:00:00,WX-MASTER,0.0,6.95,29.29,WEATHER_STATION,VALID
2025-11-09 19:00:00,WX-MASTER,0.0,7.979,29.15,WEATHER_STATION,VALID
2025-11-09 20:00:00,WX-MASTER,0.0,5.283,30.05,WEATHER_STATION,VALID
2025-11-09 21:00:00,WX-MASTER,0.0,4.627,28.21,WEATHER_STATION,VALID
2025-11-09 22:00:00,WX-MASTER,0.0,8.092,28.66,WEATHER_STATION,VALID
2025-11-09 23:00:00,WX-MASTER,0.0,7.155,28.88,WEATHER_STATION,VALID
2025-11-10 00:00:00,WX-MASTER,0.0,7.769,26.25,WEATHER_STATION,VALID
2025-11-10 01:00:00,WX-MASTER,0.0,5.853,27.25,WEATHER_STATION,VALID
2025-11-10 02:00:00,WX-MASTER,0.0,7.041,26.29,WEATHER_STATION,VALID
2025-11-10 03:00:00,WX-MASTER,0.0,5.246,24.55,WEATHER_STATION,VALID
2025-11-10 04:00:00,WX-MASTER,0.0,6.473,25.76,WEATHER_STATION,VALID
2025-11-10 05:00:00,WX-MASTER,0.0,5.839,23.76,WEATHER_STATION,VALID
2025-11-10 06:00:00,WX-MASTER,0.0,9.109,20.57,WEATHER_STATION,VALID
2025-11-10 07:00:00,WX-MASTER,0.2046,6.522,23.42,WEATHER_STATION,VALID
2025-11-10 08:00:00,WX-MASTER,0.3178,2.75,21.33,WEATHER_STATION,VALID
2025-11-10 09:00:00,WX-MASTER,0.6232,5.295,23.19,WEATHER_STATION,VALID
2025-11-10 10:00:00,WX-MASTER,0.7427,5.553,22.94,WEATHER_STATION,VALID
2025-11-10 11:00:00,WX-MASTER,0.8161,4.277,19.97,WEATHER_STATION,VALID
2025-11-10 12:00:00,WX-MASTER,0.7535,3.334,24.59,WEATHER_STATION,VALID
2025-11-10 13:00:00,WX-MASTER,0.8766,5.565,24.44,WEATHER_STATION,VALID
2025-11-10 14:00:00,WX-MASTER,0.6747,3.462,25.06,WEATHER_STATION,VALID
2025-11-10 15:00:00,WX-MASTER,0.626,5.533,26.01,WEATHER_STATION,VALID
2025-11-10 16:00:00,WX-MASTER,0.472,3.561,28.31,WEATHER_STATION,VALID
2025-11-10 17:00:00,WX-MASTER,0.2755,4.415,26.98,WEATHER_STATION,VALID
2025-11-10 18:00:00,WX-MASTER,0.0,6.581,29.98,WEATHER_STATION,VALID
2025-11-10 19:00:00,WX-MASTER,0.0,6.227,27.17,WEATHER_STATION,VALID
2025-11-10 20:00:00,WX-MASTER,0.0,5.893,29.47,WEATHER_STATION,VALID
2025-11-10 21:00:00,WX-MASTER,0.0,6.064,29.92,WEATHER_STATION,VALID
2025-11-10 22:00:00,WX-MASTER,0.0,6.444,29.54,WEATHER_STATION,VALID
2025-11-10 23:00:00,WX-MASTER,0.0,5.478,28.31,WEATHER_STATION,VALID
2025-11-11 00:00:00,WX-MASTER,0.0,4.661,27.14,WEATHER_STATION,VALID
2025-11-11 01:00:00,WX-MASTER,0.0,7.434,25.88,WEATHER_STATION,VALID
2025-11-11 02:00:00,WX-MASTER,0.0,8.678,24.17,WEATHER_STATION,VALID
2025-11-11 03:00:00,WX-MASTER,0.0,7.401,23.91,WEATHER_STATION,VALID
2025-11-11 04:00:00,WX-MASTER,0.0,6.811,22.73,WEATHER_STATION,VALID
2025-11-11 05:00:00,WX-MASTER,0.0,4.72,21.81,WEATHER_STATION,VALID
2025-11-11 06:00:00,WX-MASTER,0.0,7.203,24.77,WEATHER_STATION,VALID
2025-11-11 07:00:00,WX-MASTER,0.2284,6.435,20.19,WEATHER_STATION,VALID
2025-11-11 08:00:00,WX-MASTER,0.3768,6.536,23.49,WEATHER_STATION,VALID
2025-11-11 09:00:00,WX-MASTER,0.6755,6.642,20.77,WEATHER_STATION,VALID
2025-11-11 10:00:00,WX-MASTER,0.7319,7.136,21.38,WEATHER_STATION,VALID
2025-11-11 11:00:00,WX-MASTER,0.7568,3.445,21.91,WEATHER_STATION,VALID
2025-11-11 12:00:00,WX-MASTER,0.8627,3.093,22.55,WEATHER_STATION,VALID
2025-11-11 13:00:00,WX-MASTER,0.8149,4.899,25.84,WEATHER_STATION,VALID
2025-11-11 14:00:00,WX-MASTER,0.7301,3.513,26.34,WEATHER_STATION,VALID
2025-11-11 15:00:00,WX-MASTER,0.6424,3.361,26.26,WEATHER_STATION,VALID
2025-11-11 16:00:00,WX-MASTER,0.4496,6.507,30.63,WEATHER_STATION,VALID
2025-11-11 17:00:00,WX-MASTER,0.2613,3.797,28.09,WEATHER_STATION,VALID
2025-11-11 18:00:00,WX-MASTER,0.0,5.324,28.74,WEATHER_STATION,VALID
2025-11-11 19:00:00,WX-MASTER,0.0,3.471,28.19,WEATHER_STATION,VALID
2025-11-11 20:00:00,WX-MASTER,0.0,5.934,28.17,WEATHER_STATION,VALID
2025-11-11 21:00:00,WX-MASTER,0.0,7.641,28.38,WEATHER_STATION,VALID
2025-11-11 22:00:00,WX-MASTER,0.0,7.903,29.69,WEATHER_STATION,VALID
2025-11-11 23:00:00,WX-MASTER,0.0,7.865,28.8,WEATHER_STATION,VALID
2025-11-12 00:00:00,WX-MASTER,0.0,6.531,28.95,WEATHER_STATION,VALID
2025-11-12 01:00:00,WX-MASTER,0.0,8.14,25.7,WEATHER_STATION,VALID
2025-11-12 02:00:00,WX-MASTER,0.0,7.248,26.36,WEATHER_STATION,VALID
2025-11-12 03:00:00,WX-MASTER,0.0,6.046,25.12,WEATHER_STATION,VALID
2025-11-12 04:00:00,WX-MASTER,0.0,6.977,24.43,WEATHER_STATION,VALID
2025-11-12 05:00:00,WX-MASTER,0.0,7.444,22.14,WEATHER_STATION,VALID
2025-11-12 06:00:00,WX-MASTER,0.0,4.337,21.38,WEATHER_STATION,VALID
2025-11-12 07:00:00,WX-MASTER,0.2505,4.431,22.92,WEATHER_STATION,VALID
2025-11-12 08:00:00,WX-MASTER,0.4999,5.362,23.2,WEATHER_STATION,VALID
2025-11-12 09:00:00,WX-MASTER,0.6333,,21.53,WEATHER_STATION,VALID
2025-11-12 10:00:00,WX-MASTER,0.5104,3.468,23.36,WEATHER_STATION,VALID
2025-11-12 11:00:00,WX-MASTER,0.8282,4.348,24.62,WEATHER_STATION,VALID
2025-11-12 12:00:00,WX-MASTER,0.7491,6.059,23.47,WEATHER_STATION,VALID
2025-11-12 13:00:00,WX-MASTER,0.8126,5.972,23.02,WEATHER_STATION,VALID
2025-11-12 14:00:00,WX-MASTER,0.7073,5.13,24.08,WEATHER_STATION,VALID
2025-11-12 15:00:00,WX-MASTER,0.5853,5.02,25.75,WEATHER_STATION,VALID
2025-11-12 16:00:00,WX-MASTER,0.4379,7.635,26.87,WEATHER_STATION,VALID
2025-11-12 17:00:00,WX-MASTER,0.2429,4.409,28.09,WEATHER_STATION,VALID
2025-11-12 18:00:00,WX-MASTER,0.0,5.652,28.67,WEATHER_STATION,VALID
2025-11-12 19:00:00,WX-MASTER,0.0,4.827,28.71,WEATHER_STATION,VALID
2025-11-12 20:00:00,WX-MASTER,0.0,4.18,29.97,WEATHER_STATION,VALID
2025-11-12 21:00:00,WX-MASTER,0.0,7.644,28.12,WEATHER_STATION,VALID
2025-11-12 22:00:00,WX-MASTER,0.0,5.93,30.2,WEATHER_STATION,VALID
2025-11-12 23:00:00,WX-MASTER,0.0,7.411,29.26,WEATHER_STATION,VALID
2025-11-13 00:00:00,WX-MASTER,0.0,6.314,28.47,WEATHER_STATION,VALID
2025-11-13 01:00:00,WX-MASTER,0.0,8.317,25.79,WEATHER_STATION,VALID
2025-11-13 02:00:00,WX-MASTER,0.0,5.394,25.54,WEATHER_STATION,VALID
2025-11-13 03:00:00,WX-MASTER,0.0,8.13,25.64,WEATHER_STATION,VALID
2025-11-13 04:00:00,WX-MASTER,0.0,7.644,23.69,WEATHER_STATION,VALID
2025-11-13 05:00:00,WX-MASTER,0.0,3.96,22.36,WEATHER_STATION,VALID
2025-11-13 06:00:00,WX-MASTER,0.0,5.392,21.76,WEATHER_STATION,VALID
2025-11-13 07:00:00,WX-MASTER,0.2733,7.138,21.47,WEATHER_STATION,VALID
2025-11-13 08:00:00,WX-MASTER,0.4479,7.678,20.78,WEATHER_STATION,VALID
2025-11-13 09:00:00,WX-MASTER,0.5702,6.229,25.74,WEATHER_STATION,VALID
2025-11-13 10:00:00,WX-MASTER,0.7043,4.561,20.3,WEATHER_STATION,VALID
2025-11-13 11:00:00,WX-MASTER,0.6658,3.637,22.02,WEATHER_STATION,VALID
2025-11-13 12:00:00,WX-MASTER,0.795,5.507,24.64,WEATHER_STATION,VALID
2025-11-13 13:00:00,WX-MASTER,0.6839,4.154,23.95,WEATHER_STATION,VALID
2025-11-13 14:00:00,WX-MASTER,0.6776,4.215,25.25,WEATHER_STATION,VALID
2025-11-13 15:00:00,WX-MASTER,0.6565,4.495,27.06,WEATHER_STATION,VALID
2025-11-13 16:00:00,WX-MASTER,0.4544,6.068,28.67,WEATHER_STATION,VALID
2025-11-13 17:00:00,WX-MASTER,0.2045,7.459,27.82,WEATHER_STATION,VALID
2025-11-13 18:00:00,WX-MASTER,0.0,6.675,29.81,WEATHER_STATION,VALID
2025-11-13 19:00:00,WX-MASTER,0.0,5.606,27.02,WEATHER_STATION,VALID
2025-11-13 20:00:00,WX-MASTER,0.0,4.685,28.45,WEATHER_STATION,VALID
2025-11-13 21:00:00,WX-MASTER,0.0,6.973,29.65,WEATHER_STATION,VALID
2025-11-13 22:00:00,WX-MASTER,0.0,8.493,31.08,WEATHER_STATION,VALID
2025-11-13 23:00:00,WX-MASTER,0.0,7.813,26.99,WEATHER_STATION,VALID
2025-11-14 00:00:00,WX-MASTER,0.0,6.906,26.08,WEATHER_STATION,VALID
2025-11-14 01:00:00,WX-MASTER,0.0,6.062,27.01,WEATHER_STATION,VALID
2025-11-14 02:00:00,WX-MASTER,0.0,7.141,25.76,WEATHER_STATION,VALID
2025-11-14 03:00:00,WX-MASTER,0.0,8.12,23.93,WEATHER_STATION,VALID
2025-11-14 04:00:00,WX-MASTER,0.0,6.785,22.49,WEATHER_STATION,VALID
2025-11-14 05:00:00,WX-MASTER,0.0,6.16,22.61,WEATHER_STATION,VALID
2025-11-14 06:00:00,WX-MASTER,0.0,5.172,23.29,WEATHER_STATION,VALID
2025-11-14 07:00:00,WX-MASTER,0.1096,9.179,21.92,WEATHER_STATION,VALID
2025-11-14 08:00:00,WX-MASTER,0.4989,4.393,23.6,WEATHER_STATION,VALID
2025-11-14 09:00:00,WX-MASTER,0.6499,,22.15,WEATHER_STATION,VALID
2025-11-14 10:00:00,WX-MASTER,0.6876,5.291,23.39,WEATHER_STATION,VALID
2025-11-14 11:00:00,WX-MASTER,0.8731,4.634,23.56,WEATHER_STATION,VALID
2025-11-14 12:00:00,WX-MASTER,0.8594,6.102,23.46,WEATHER_STATION,VALID
2025-11-14 13:00:00,WX-MASTER,0.7511,6.084,25.79,WEATHER_STATION,VALID
2025-11-14 14:00:00,WX-MASTER,0.6944,3.137,24.24,WEATHER_STATION,VALID
2025-11-14 15:00:00,WX-MASTER,0.6177,3.806,25.94,WEATHER_STATION,VALID
2025-11-14 16:00:00,WX-MASTER,0.4024,3.786,26.95,WEATHER_STATION,VALID
2025-11-14 17:00:00,WX-MASTER,0.2432,6.132,28.63,WEATHER_STATION,VALID
2025-11-14 18:00:00,WX-MASTER,0.0,5.898,29.49,WEATHER_STATION,VALID
2025-11-14 19:00:00,WX-MASTER,0.0,5.112,28.1,WEATHER_STATION,VALID
2025-11-14 20:00:00,WX-MASTER,0.0,6.137,28.05,WEATHER_STATION,VALID
2025-11-14 21:00:00,WX-MASTER,0.0,4.642,29.17,WEATHER_STATION,VALID
2025-11-14 22:00:00,WX-MASTER,0.0,5.364,26.88,WEATHER_STATION,VALID
2025-11-14 23:00:00,WX-MASTER,0.0,4.82,29.38,WEATHER_STATION,VALID
2025-11-15 00:00:00,WX-MASTER,0.0,6.826,27.2,WEATHER_STATION,VALID
2025-11-15 01:00:00,WX-MASTER,0.0,6.884,25.22,WEATHER_STATION,VALID
2025-11-15 02:00:00,WX-MASTER,0.0,5.414,24.29,WEATHER_STATION,VALID
2025-11-15 03:00:00,WX-MASTER,0.0,7.168,25.19,WEATHER_STATION,VALID
2025-11-15 04:00:00,WX-MASTER,0.0,7.859,24.31,WEATHER_STATION,VALID
2025-11-15 05:00:00,WX-MASTER,0.0,4.957,22.32,WEATHER_STATION,VALID
2025-11-15 06:00:00,WX-MASTER,0.0,5.643,22.55,WEATHER_STATION,VALID
2025-11-15 07:00:00,WX-MASTER,0.2491,6.482,20.98,WEATHER_STATION,VALID
2025-11-15 08:00:00,WX-MASTER,0.4247,5.545,21.91,WEATHER_STATION,VALID
2025-11-15 09:00:00,WX-MASTER,0.6511,3.519,24.11,WEATHER_STATION,VALID
2025-11-15 10:00:00,WX-MASTER,0.6052,4.506,25.24,WEATHER_STATION,VALID
2025-11-15 11:00:00,WX-MASTER,0.7042,4.283,22.99,WEATHER_STATION,VALID
2025-11-15 12:00:00,WX-MASTER,0.8336,4.552,24.49,WEATHER_STATION,VALID
2025-11-15 13:00:00,WX-MASTER,0.8723,4.545,25.28,WEATHER_STATION,VALID
2025-11-15 14:00:00,WX-MASTER,0.5391,6.753,23.65,WEATHER_STATION,VALID
2025-11-15 15:00:00,WX-MASTER,0.6729,4.519,25.25,WEATHER_STATION,VALID
2025-11-15 16:00:00,WX-MASTER,0.4348,2.692,24.69,WEATHER_STATION,VALID
2025-11-15 17:00:00,WX-MASTER,0.1936,5.233,28.73,WEATHER_STATION,VALID
2025-11-15 18:00:00,WX-MASTER,0.0,7.615,31.08,WEATHER_STATION,VALID
2025-11-15 19:00:00,WX-MASTER,0.0,5.379,30.38,WEATHER_STATION,VALID
2025-11-15 20:00:00,WX-MASTER,0.0,5.288,29.27,WEATHER_STATION,VALID
2025-11-15 21:00:00,WX-MASTER,0.0,5.711,28.98,WEATHER_STATION,VALID
2025-11-15 22:00:00,WX-MASTER,0.0,7.091,28.33,WEATHER_STATION,VALID
2025-11-15 23:00:00,WX-MASTER,0.0,,29.47,WEATHER_STATION,VALID
2025-11-16 00:00:00,WX-MASTER,0.0,4.669,27.75,WEATHER_STATION,VALID
2025-11-16 01:00:00,WX-MASTER,0.0,5.828,26.72,WEATHER_STATION,VALID
2025-11-16 02:00:00,WX-MASTER,0.0,6.612,24.42,WEATHER_STATION,VALID
2025-11-16 03:00:00,WX-MASTER,0.0,7.319,25.56,WEATHER_STATION,VALID
2025-11-16 04:00:00,WX-MASTER,0.0,5.73,23.81,WEATHER_STATION,VALID
2025-11-16 05:00:00,WX-MASTER,0.0,5.914,23.74,WEATHER_STATION,VALID
2025-11-16 06:00:00,WX-MASTER,0.0,6.128,23.91,WEATHER_STATION,VALID
2025-11-16 07:00:00,WX-MASTER,0.2199,4.806,20.4,WEATHER_STATION,VALID
2025-11-16 08:00:00,WX-MASTER,0.4154,5.436,21.89,WEATHER_STATION,VALID
2025-11-16 09:00:00,WX-MASTER,0.6643,5.912,21.83,WEATHER_STATION,VALID
2025-11-16 10:00:00,WX-MASTER,0.6956,3.539,22.08,WEATHER_STATION,VALID
2025-11-16 11:00:00,WX-MASTER,0.7142,5.299,21.93,WEATHER_STATION,VALID
2025-11-16 12:00:00,WX-MASTER,0.873,3.358,23.12,WEATHER_STATION,VALID
2025-11-16 13:00:00,WX-MASTER,0.8715,3.322,23.52,WEATHER_STATION,VALID
2025-11-16 14:00:00,WX-MASTER,0.7216,3.858,26.73,WEATHER_STATION,VALID
2025-11-16 15:00:00,WX-MASTER,0.6723,6.567,27.1,WEATHER_STATION,VALID
2025-11-16 16:00:00,WX-MASTER,0.4902,2.698,27.86,WEATHER_STATION,VALID
2025-11-16 17:00:00,WX-MASTER,0.2268,4.513,25.9,WEATHER_STATION,VALID
2025-11-16 18:00:00,WX-MASTER,0.0,5.311,31.11,WEATHER_STATION,VALID
2025-11-16 19:00:00,WX-MASTER,0.0,7.116,28.63,WEATHER_STATION,VALID
2025-11-16 20:00:00,WX-MASTER,0.0,8.392,31.33,WEATHER_STATION,VALID
2025-11-16 21:00:00,WX-MASTER,0.0,5.562,30.02,WEATHER_STATION,VALID
2025-11-16 22:00:00,WX-MASTER,0.0,7.035,28.49,WEATHER_STATION,VALID
2025-11-16 23:00:00,WX-MASTER,0.0,6.391,30.67,WEATHER_STATION,VALID
2025-11-17 00:00:00,WX-MASTER,0.0,6.511,28.19,WEATHER_STATION,VALID
2025-11-17 01:00:00,WX-MASTER,0.0,7.059,26.4,WEATHER_STATION,VALID
2025-11-17 02:00:00,WX-MASTER,0.0,4.637,25.29,WEATHER_STATION,VALID
2025-11-17 03:00:00,WX-MASTER,0.0,6.563,26.1,WEATHER_STATION,VALID
2025-11-17 04:00:00,WX-MASTER,0.0,7.076,23.37,WEATHER_STATION,VALID
2025-11-17 05:00:00,WX-MASTER,0.0,5.184,22.83,WEATHER_STATION,VALID
2025-11-17 06:00:00,WX-MASTER,0.0,6.667,22.02,WEATHER_STATION,VALID
2025-11-17 07:00:00,WX-MASTER,0.2555,3.572,21.48,WEATHER_STATION,VALID
2025-11-17 08:00:00,WX-MASTER,0.4528,5.68,21.43,WEATHER_STATION,VALID
2025-11-17 09:00:00,WX-MASTER,0.5446,7.052,24.51,WEATHER_STATION,VALID
2025-11-17 10:00:00,WX-MASTER,0.7238,4.8,23.94,WEATHER_STATION,VALID
2025-11-17 11:00:00,WX-MASTER,0.7322,3.632,23.57,WEATHER_STATION,VALID
2025-11-17 12:00:00,WX-MASTER,0.6961,2.925,23.36,WEATHER_STATION,VALID
2025-11-17 13:00:00,WX-MASTER,0.8327,5.224,24.2,WEATHER_STATION,VALID
2025-11-17 14:00:00,WX-MASTER,0.7671,5.928,25.32,WEATHER_STATION,VALID
2025-11-17 15:00:00,WX-MASTER,0.6556,4.722,28.82,WEATHER_STATION,VALID
2025-11-17 16:00:00,WX-MASTER,0.4119,4.327,27.86,WEATHER_STATION,VALID
2025-11-17 17:00:00,WX-MASTER,0.2731,2.609,29.14,WEATHER_STATION,VALID
2025-11-17 18:00:00,WX-MASTER,0.0,5.509,29.03,WEATHER_STATION,VALID
2025-11-17 19:00:00,WX-MASTER,0.0,4.705,28.08,WEATHER_STATION,VALID
2025-11-17 20:00:00,WX-MASTER,0.0,5.041,29.39,WEATHER_STATION,VALID
2025-11-17 21:00:00,WX-MASTER,0.0,8.214,27.85,WEATHER_STATION,VALID
2025-11-17 22:00:00,WX-MASTER,0.0,3.994,30.23,WEATHER_STATION,VALID
2025-11-17 23:00:00,WX-MASTER,0.0,4.349,27.34,WEATHER_STATION,VALID
2025-11-18 00:00:00,WX-MASTER,0.0,6.946,26.85,WEATHER_STATION,VALID
2025-11-18 01:00:00,WX-MASTER,0.0,6.206,27.67,WEATHER_STATION,VALID
2025-11-18 02:00:00,WX-MASTER,0.0,6.027,24.95,WEATHER_STATION,VALID
2025-11-18 03:00:00,WX-MASTER,0.0,6.983,24.62,WEATHER_STATION,VALID
2025-11-18 04:00:00,WX-MASTER,0.0,6.826,20.87,WEATHER_STATION,VALID
2025-11-18 05:00:00,WX-MASTER,0.0,5.039,22.92,WEATHER_STATION,VALID
2025-11-18 06:00:00,WX-MASTER,0.0,5.306,23.47,WEATHER_STATION,VALID
2025-11-18 07:00:00,WX-MASTER,0.269,5.886,21.65,WEATHER_STATION,VALID
2025-11-18 08:00:00,WX-MASTER,0.4971,5.778,22.96,WEATHER_STATION,VALID
2025-11-18 09:00:00,WX-MASTER,0.5496,5.938,22.39,WEATHER_STATION,VALID
2025-11-18 10:00:00,WX-MASTER,0.6497,4.329,24.06,WEATHER_STATION,VALID
2025-11-18 11:00:00,WX-MASTER,0.6747,5.358,22.43,WEATHER_STATION,VALID
2025-11-18 12:00:00,WX-MASTER,0.8948,6.017,23.75,WEATHER_STATION,VALID
2025-11-18 13:00:00,WX-MASTER,0.8634,4.78,23.12,WEATHER_STATION,VALID
2025-11-18 14:00:00,WX-MASTER,0.6965,4.591,25.68,WEATHER_STATION,VALID
2025-11-18 15:00:00,WX-MASTER,0.5052,4.492,26.19,WEATHER_STATION,VALID
2025-11-18 16:00:00,WX-MASTER,0.3784,4.131,28.69,WEATHER_STATION,VALID
2025-11-18 17:00:00,WX-MASTER,0.2466,3.902,27.51,WEATHER_STATION,VALID
2025-11-18 18:00:00,WX-MASTER,0.0,4.963,28.31,WEATHER_STATION,VALID
2025-11-18 19:00:00,WX-MASTER,0.0,6.19,28.36,WEATHER_STATION,VALID
2025-11-18 20:00:00,WX-MASTER,0.0,4.709,29.32,WEATHER_STATION,VALID
2025-11-18 21:00:00,WX-MASTER,0.0,6.018,31.55,WEATHER_STATION,VALID
2025-11-18 22:00:00,WX-MASTER,0.0,6.09,24.62,WEATHER_STATION,VALID
2025-11-18 23:00:00,WX-MASTER,0.0,8.831,28.2,WEATHER_STATION,VALID
2025-11-19 00:00:00,WX-MASTER,0.0,7.588,28.97,WEATHER_STATION,VALID
2025-11-19 01:00:00,WX-MASTER,0.0,7.629,26.1,WEATHER_STATION,VALID
2025-11-19 02:00:00,WX-MASTER,0.0,7.901,26.44,WEATHER_STATION,VALID
2025-11-19 03:00:00,WX-MASTER,0.0,5.922,26.32,WEATHER_STATION,VALID
2025-11-19 04:00:00,WX-MASTER,0.0,8.286,23.73,WEATHER_STATION,VALID
2025-11-19 05:00:00,WX-MASTER,0.0,6.515,22.55,WEATHER_STATION,VALID
2025-11-19 06:00:00,WX-MASTER,0.0,6.021,23.9,WEATHER_STATION,VALID
2025-11-19 07:00:00,WX-MASTER,0.2165,4.246,23.02,WEATHER_STATION,VALID
2025-11-19 08:00:00,WX-MASTER,0.4909,5.042,22.23,WEATHER_STATION,VALID
2025-11-19 09:00:00,WX-MASTER,0.566,3.018,23.16,WEATHER_STATION,VALID
2025-11-19 10:00:00,WX-MASTER,0.7019,4.768,23.93,WEATHER_STATION,VALID
2025-11-19 11:00:00,WX-MASTER,0.8164,4.161,23.27,WEATHER_STATION,VALID
2025-11-19 12:00:00,WX-MASTER,0.7409,4.267,24.43,WEATHER_STATION,VALID
2025-11-19 13:00:00,WX-MASTER,0.8169,2.921,25.53,WEATHER_STATION,VALID
2025-11-19 14:00:00,WX-MASTER,0.549,5.643,25.25,WEATHER_STATION,VALID
2025-11-19 15:00:00,WX-MASTER,0.622,5.571,28.14,WEATHER_STATION,VALID
2025-11-19 16:00:00,WX-MASTER,0.3232,7.133,26.32,WEATHER_STATION,VALID
2025-11-19 17:00:00,WX-MASTER,0.2361,7.285,28.13,WEATHER_STATION,VALID
2025-11-19 18:00:00,WX-MASTER,0.0,5.557,29.76,WEATHER_STATION,VALID
2025-11-19 19:00:00,WX-MASTER,0.0,6.938,27.92,WEATHER_STATION,VALID
2025-11-19 20:00:00,WX-MASTER,0.0,6.208,30.35,WEATHER_STATION,VALID
2025-11-19 21:00:00,WX-MASTER,0.0,5.564,29.42,WEATHER_STATION,VALID
2025-11-19 22:00:00,WX-MASTER,0.0,5.981,30.43,WEATHER_STATION,VALID
2025-11-19 23:00:00,WX-MASTER,0.0,7.354,29.02,WEATHER_STATION,VALID
2025-11-20 00:00:00,WX-MASTER,0.0,11.967,27.39,WEATHER_STATION,VALID
2025-11-20 01:00:00,WX-MASTER,0.0,8.231,27.02,WEATHER_STATION,VALID
2025-11-20 02:00:00,WX-MASTER,0.0,7.029,26.15,WEATHER_STATION,VALID
2025-11-20 03:00:00,WX-MASTER,0.0,7.264,27.35,WEATHER_STATION,VALID
2025-11-20 04:00:00,WX-MASTER,0.0,7.117,24.18,WEATHER_STATION,VALID
2025-11-20 05:00:00,WX-MASTER,0.0,6.194,23.19,WEATHER_STATION,VALID
2025-11-20 06:00:00,WX-MASTER,0.0,7.066,22.57,WEATHER_STATION,VALID
2025-11-20 07:00:00,WX-MASTER,0.1914,5.627,22.68,WEATHER_STATION,VALID
2025-11-20 08:00:00,WX-MASTER,0.4459,4.253,20.97,WEATHER_STATION,VALID
2025-11-20 09:00:00,WX-MASTER,0.5326,5.944,21.99,WEATHER_STATION,VALID
2025-11-20 10:00:00,WX-MASTER,0.6596,5.894,21.59,WEATHER_STATION,VALID
2025-11-20 11:00:00,WX-MASTER,0.8089,4.724,22.3,WEATHER_STATION,VALID
2025-11-20 12:00:00,WX-MASTER,0.8933,5.191,25.05,WEATHER_STATION,VALID
2025-11-20 13:00:00,WX-MASTER,0.7661,5.975,24.96,WEATHER_STATION,VALID
2025-11-20 14:00:00,WX-MASTER,0.7452,4.664,24.94,WEATHER_STATION,VALID
2025-11-20 15:00:00,WX-MASTER,0.5012,4.224,26.56,WEATHER_STATION,VALID
2025-11-20 16:00:00,WX-MASTER,0.4512,4.018,27.29,WEATHER_STATION,VALID
2025-11-20 17:00:00,WX-MASTER,0.2402,4.799,28.37,WEATHER_STATION,VALID
2025-11-20 18:00:00,WX-MASTER,0.0,7.353,27.06,WEATHER_STATION,VALID
2025-11-20 19:00:00,WX-MASTER,0.0,5.354,27.9,WEATHER_STATION,VALID
2025-11-20 20:00:00,WX-MASTER,0.0,6.34,27.6,WEATHER_STATION,VALID
2025-11-20 21:00:00,WX-MASTER,0.0,5.701,28.13,WEATHER_STATION,VALID
2025-11-20 22:00:00,WX-MASTER,0.0,5.813,28.0,WEATHER_STATION,VALID
2025-11-20 23:00:00,WX-MASTER,0.0,5.384,27.07,WEATHER_STATION,VALID
2025-11-21 00:00:00,WX-MASTER,0.0,6.787,28.52,WEATHER_STATION,VALID
2025-11-21 01:00:00,WX-MASTER,0.0,6.046,28.97,WEATHER_STATION,VALID
2025-11-21 02:00:00,WX-MASTER,0.0,8.368,26.85,WEATHER_STATION,VALID
2025-11-21 03:00:00,WX-MASTER,0.0,6.5,24.27,WEATHER_STATION,VALID
2025-11-21 04:00:00,WX-MASTER,0.0,6.446,24.36,WEATHER_STATION,VALID
2025-11-21 05:00:00,WX-MASTER,0.0,6.081,23.3,WEATHER_STATION,VALID
2025-11-21 06:00:00,WX-MASTER,0.0,6.569,22.09,WEATHER_STATION,VALID
2025-11-21 07:00:00,WX-MASTER,0.2355,7.771,24.07,WEATHER_STATION,VALID
2025-11-21 08:00:00,WX-MASTER,0.3865,4.22,24.76,WEATHER_STATION,VALID
2025-11-21 09:00:00,WX-MASTER,0.6695,5.683,20.71,WEATHER_STATION,VALID
2025-11-21 10:00:00,WX-MASTER,0.6861,3.059,24.55,WEATHER_STATION,VALID
2025-11-21 11:00:00,WX-MASTER,0.818,,22.67,WEATHER_STATION,VALID
2025-11-21 12:00:00,WX-MASTER,0.7621,4.652,23.79,WEATHER_STATION,VALID
2025-11-21 13:00:00,WX-MASTER,0.7393,2.787,25.29,WEATHER_STATION,VALID
2025-11-21 14:00:00,WX-MASTER,0.6683,3.077,27.71,WEATHER_STATION,VALID
2025-11-21 15:00:00,WX-MASTER,0.4941,5.867,27.1,WEATHER_STATION,VALID
2025-11-21 16:00:00,WX-MASTER,0.4316,2.78,28.1,WEATHER_STATION,VALID
2025-11-21 17:00:00,WX-MASTER,0.1022,5.495,29.36,WEATHER_STATION,VALID
2025-11-21 18:00:00,WX-MASTER,0.0,4.805,30.1,WEATHER_STATION,VALID
2025-11-21 19:00:00,WX-MASTER,0.0,5.362,29.85,WEATHER_STATION,VALID
2025-11-21 20:00:00,WX-MASTER,0.0,5.001,30.58,WEATHER_STATION,VALID
2025-11-21 21:00:00,WX-MASTER,0.0,4.888,28.52,WEATHER_STATION,VALID
2025-11-21 22:00:00,WX-MASTER,0.0,5.717,26.81,WEATHER_STATION,VALID
2025-11-21 23:00:00,WX-MASTER,0.0,7.274,30.52,WEATHER_STATION,VALID
2025-11-22 00:00:00,WX-MASTER,0.0,6.28,26.39,WEATHER_STATION,VALID
2025-11-22 01:00:00,WX-MASTER,0.0,7.27,26.15,WEATHER_STATION,VALID
2025-11-22 02:00:00,WX-MASTER,0.0,6.402,25.48,WEATHER_STATION,VALID
2025-11-22 03:00:00,WX-MASTER,0.0,7.439,24.37,WEATHER_STATION,VALID
2025-11-22 04:00:00,WX-MASTER,0.0,7.048,23.26,WEATHER_STATION,VALID
2025-11-22 05:00:00,WX-MASTER,0.0,5.617,23.96,WEATHER_STATION,VALID
2025-11-22 06:00:00,WX-MASTER,0.0,4.851,23.42,WEATHER_STATION,VALID
2025-11-22 07:00:00,WX-MASTER,0.2516,7.08,23.24,WEATHER_STATION,VALID
2025-11-22 08:00:00,WX-MASTER,0.4443,4.519,23.05,WEATHER_STATION,VALID
2025-11-22 09:00:00,WX-MASTER,0.3984,5.977,22.0,WEATHER_STATION,VALID
2025-11-22 10:00:00,WX-MASTER,0.7378,5.143,22.35,WEATHER_STATION,VALID
2025-11-22 11:00:00,WX-MASTER,0.6909,4.32,24.75,WEATHER_STATION,VALID
2025-11-22 12:00:00,WX-MASTER,0.3968,5.355,23.5,WEATHER_STATION,VALID
2025-11-22 13:00:00,WX-MASTER,0.8271,6.513,24.32,WEATHER_STATION,VALID
2025-11-22 14:00:00,WX-MASTER,0.6547,5.554,27.0,WEATHER_STATION,VALID
2025-11-22 15:00:00,WX-MASTER,0.4173,4.982,26.76,WEATHER_STATION,VALID
2025-11-22 16:00:00,WX-MASTER,0.4695,7.057,27.02,WEATHER_STATION,VALID
2025-11-22 17:00:00,WX-MASTER,0.1528,2.961,27.76,WEATHER_STATION,VALID
2025-11-22 18:00:00,WX-MASTER,0.0,3.921,30.26,WEATHER_STATION,VALID
2025-11-22 19:00:00,WX-MASTER,0.0,5.016,29.96,WEATHER_STATION,VALID
2025-11-22 20:00:00,WX-MASTER,0.0,7.726,29.66,WEATHER_STATION,VALID
2025-11-22 21:00:00,WX-MASTER,0.0,7.357,27.86,WEATHER_STATION,VALID
2025-11-22 22:00:00,WX-MASTER,0.0,4.124,29.2,WEATHER_STATION,VALID
2025-11-22 23:00:00,WX-MASTER,0.0,5.968,28.1,WEATHER_STATION,VALID
2025-11-23 00:00:00,WX-MASTER,0.0,4.945,26.56,WEATHER_STATION,VALID
2025-11-23 01:00:00,WX-MASTER,0.0,6.675,26.09,WEATHER_STATION,VALID
2025-11-23 02:00:00,WX-MASTER,0.0,7.894,26.74,WEATHER_STATION,VALID
2025-11-23 03:00:00,WX-MASTER,0.0,7.917,26.49,WEATHER_STATION,VALID
2025-11-23 04:00:00,WX-MASTER,0.0,6.862,22.89,WEATHER_STATION,VALID
2025-11-23 05:00:00,WX-MASTER,0.0,5.772,22.31,WEATHER_STATION,VALID
2025-11-23 06:00:00,WX-MASTER,0.0,5.972,23.71,WEATHER_STATION,VALID
2025-11-23 07:00:00,WX-MASTER,0.2723,6.731,22.03,WEATHER_STATION,VALID
2025-11-23 08:00:00,WX-MASTER,0.4518,8.633,23.07,WEATHER_STATION,VALID
2025-11-23 09:00:00,WX-MASTER,0.6272,3.79,22.02,WEATHER_STATION,VALID
2025-11-23 10:00:00,WX-MASTER,0.7916,7.173,23.57,WEATHER_STATION,VALID
2025-11-23 11:00:00,WX-MASTER,0.6695,5.244,21.78,WEATHER_STATION,VALID
2025-11-23 12:00:00,WX-MASTER,0.678,5.868,24.81,WEATHER_STATION,VALID
2025-11-23 13:00:00,WX-MASTER,0.8665,4.98,22.48,WEATHER_STATION,VALID
2025-11-23 14:00:00,WX-MASTER,0.7223,6.571,27.02,WEATHER_STATION,VALID
2025-11-23 15:00:00,WX-MASTER,0.5776,5.247,26.77,WEATHER_STATION,VALID
2025-11-23 16:00:00,WX-MASTER,0.4391,4.11,28.18,WEATHER_STATION,VALID
2025-11-23 17:00:00,WX-MASTER,0.1793,5.728,28.66,WEATHER_STATION,VALID
2025-11-23 18:00:00,WX-MASTER,0.0,6.836,26.89,WEATHER_STATION,VALID
2025-11-23 19:00:00,WX-MASTER,0.0,5.625,30.93,WEATHER_STATION,VALID
2025-11-23 20:00:00,WX-MASTER,0.0,3.19,29.81,WEATHER_STATION,VALID
2025-11-23 21:00:00,WX-MASTER,0.0,5.987,30.19,WEATHER_STATION,VALID
2025-11-23 22:00:00,WX-MASTER,0.0,6.487,27.98,WEATHER_STATION,VALID
2025-11-23 23:00:00,WX-MASTER,0.0,6.482,28.67,WEATHER_STATION,VALID
2025-11-24 00:00:00,WX-MASTER,0.0,6.027,26.11,WEATHER_STATION,VALID
2025-11-24 01:00:00,WX-MASTER,0.0,8.453,27.01,WEATHER_STATION,VALID
2025-11-24 02:00:00,WX-MASTER,0.0,3.642,24.8,WEATHER_STATION,VALID
2025-11-24 03:00:00,WX-MASTER,0.0,6.776,31.03,WEATHER_STATION,VALID
2025-11-24 04:00:00,WX-MASTER,0.0,6.659,24.91,WEATHER_STATION,VALID
2025-11-24 05:00:00,WX-MASTER,0.0,9.053,25.05,WEATHER_STATION,VALID
2025-11-24 06:00:00,WX-MASTER,0.0,6.083,22.6,WEATHER_STATION,VALID
2025-11-24 07:00:00,WX-MASTER,0.2218,6.427,23.03,WEATHER_STATION,VALID
2025-11-24 08:00:00,WX-MASTER,0.4464,5.749,23.52,WEATHER_STATION,VALID
2025-11-24 09:00:00,WX-MASTER,0.3352,5.459,21.26,WEATHER_STATION,VALID
2025-11-24 10:00:00,WX-MASTER,0.6835,7.405,22.09,WEATHER_STATION,VALID
2025-11-24 11:00:00,WX-MASTER,0.8516,3.487,24.62,WEATHER_STATION,VALID
2025-11-24 12:00:00,WX-MASTER,0.6954,3.94,23.92,WEATHER_STATION,VALID
2025-11-24 13:00:00,WX-MASTER,0.681,5.725,24.13,WEATHER_STATION,VALID
2025-11-24 14:00:00,WX-MASTER,0.6239,5.084,25.17,WEATHER_STATION,VALID
2025-11-24 15:00:00,WX-MASTER,0.5687,4.455,25.37,WEATHER_STATION,VALID
2025-11-24 16:00:00,WX-MASTER,0.3803,4.867,25.33,WEATHER_STATION,VALID
2025-11-24 17:00:00,WX-MASTER,0.2398,6.336,26.37,WEATHER_STATION,VALID
2025-11-24 18:00:00,WX-MASTER,0.0,6.007,29.02,WEATHER_STATION,VALID
2025-11-24 19:00:00,WX-MASTER,0.0,4.703,30.12,WEATHER_STATION,VALID
2025-11-24 20:00:00,WX-MASTER,0.0,6.2,32.45,WEATHER_STATION,VALID
2025-11-24 21:00:00,WX-MASTER,0.0,6.077,29.26,WEATHER_STATION,VALID
2025-11-24 22:00:00,WX-MASTER,0.0,6.976,27.42,WEATHER_STATION,VALID
2025-11-24 23:00:00,WX-MASTER,0.0,6.128,28.37,WEATHER_STATION,VALID
2025-11-25 00:00:00,WX-MASTER,0.0,5.106,28.55,WEATHER_STATION,VALID
2025-11-25 01:00:00,WX-MASTER,0.0,7.613,28.1,WEATHER_STATION,VALID
2025-11-25 02:00:00,WX-MASTER,0.0,7.446,27.07,WEATHER_STATION,VALID
2025-11-25 03:00:00,WX-MASTER,0.0,8.5,25.74,WEATHER_STATION,VALID
2025-11-25 04:00:00,WX-MASTER,0.0,4.813,24.32,WEATHER_STATION,VALID
2025-11-25 05:00:00,WX-MASTER,0.0,6.244,24.36,WEATHER_STATION,VALID
2025-11-25 06:00:00,WX-MASTER,0.0,5.807,21.5,WEATHER_STATION,VALID
2025-11-25 07:00:00,WX-MASTER,0.2605,5.338,20.16,WEATHER_STATION,VALID
2025-11-25 08:00:00,WX-MASTER,0.4106,3.589,24.97,WEATHER_STATION,VALID
2025-11-25 09:00:00,WX-MASTER,0.6453,3.956,22.52,WEATHER_STATION,VALID
2025-11-25 10:00:00,WX-MASTER,0.7053,5.47,23.56,WEATHER_STATION,VALID
2025-11-25 11:00:00,WX-MASTER,0.8652,4.288,20.12,WEATHER_STATION,VALID
2025-11-25 12:00:00,WX-MASTER,0.6904,3.738,26.06,WEATHER_STATION,VALID
2025-11-25 13:00:00,WX-MASTER,0.6447,6.61,26.44,WEATHER_STATION,VALID
2025-11-25 14:00:00,WX-MASTER,0.6542,7.842,24.08,WEATHER_STATION,VALID
2025-11-25 15:00:00,WX-MASTER,0.5032,4.756,26.48,WEATHER_STATION,VALID
2025-11-25 16:00:00,WX-MASTER,0.1869,3.012,28.02,WEATHER_STATION,VALID
2025-11-25 17:00:00,WX-MASTER,0.257,5.669,26.91,WEATHER_STATION,VALID
2025-11-25 18:00:00,WX-MASTER,0.0,2.671,29.57,WEATHER_STATION,VALID
2025-11-25 19:00:00,WX-MASTER,0.0,3.881,30.59,WEATHER_STATION,VALID
2025-11-25 20:00:00,WX-MASTER,0.0,6.434,29.84,WEATHER_STATION,VALID
2025-11-25 21:00:00,WX-MASTER,0.0,4.349,27.46,WEATHER_STATION,VALID
2025-11-25 22:00:00,WX-MASTER,0.0,5.986,27.74,WEATHER_STATION,VALID
2025-11-25 23:00:00,WX-MASTER,0.0,4.622,28.28,WEATHER_STATION,VALID
2025-11-26 00:00:00,WX-MASTER,0.0,6.756,27.43,WEATHER_STATION,VALID
2025-11-26 01:00:00,WX-MASTER,0.0,8.205,26.61,WEATHER_STATION,VALID
2025-11-26 02:00:00,WX-MASTER,0.0,5.942,25.66,WEATHER_STATION,VALID
2025-11-26 03:00:00,WX-MASTER,0.0,6.641,22.91,WEATHER_STATION,VALID
2025-11-26 04:00:00,WX-MASTER,0.0,5.47,25.2,WEATHER_STATION,VALID
2025-11-26 05:00:00,WX-MASTER,0.0,5.372,24.26,WEATHER_STATION,VALID
2025-11-26 06:00:00,WX-MASTER,0.0,5.032,23.58,WEATHER_STATION,VALID
2025-11-26 07:00:00,WX-MASTER,0.2272,6.881,23.11,WEATHER_STATION,VALID
2025-11-26 08:00:00,WX-MASTER,0.4027,3.761,22.14,WEATHER_STATION,VALID
2025-11-26 09:00:00,WX-MASTER,0.6379,4.916,21.87,WEATHER_STATION,VALID
2025-11-26 10:00:00,WX-MASTER,0.7435,5.657,21.73,WEATHER_STATION,VALID
2025-11-26 11:00:00,WX-MASTER,0.6497,6.127,25.36,WEATHER_STATION,VALID
2025-11-26 12:00:00,WX-MASTER,0.6921,5.391,24.21,WEATHER_STATION,VALID
2025-11-26 13:00:00,WX-MASTER,0.557,4.662,23.08,WEATHER_STATION,VALID
2025-11-26 14:00:00,WX-MASTER,0.745,4.023,25.94,WEATHER_STATION,VALID
2025-11-26 15:00:00,WX-MASTER,0.3065,6.038,24.38,WEATHER_STATION,VALID
2025-11-26 16:00:00,WX-MASTER,0.43,3.843,28.03,WEATHER_STATION,VALID
2025-11-26 17:00:00,WX-MASTER,0.1969,4.051,28.63,WEATHER_STATION,VALID
2025-11-26 18:00:00,WX-MASTER,0.0,7.146,28.36,WEATHER_STATION,VALID
2025-11-26 19:00:00,WX-MASTER,0.0,6.11,28.23,WEATHER_STATION,VALID
2025-11-26 20:00:00,WX-MASTER,0.0,6.417,30.15,WEATHER_STATION,VALID
2025-11-26 21:00:00,WX-MASTER,0.0,6.931,29.26,WEATHER_STATION,VALID
2025-11-26 22:00:00,WX-MASTER,0.0,6.253,26.68,WEATHER_STATION,VALID
2025-11-26 23:00:00,WX-MASTER,0.0,4.688,29.9,WEATHER_STATION,VALID
2025-11-27 00:00:00,WX-MASTER,0.0,7.015,26.63,WEATHER_STATION,VALID
2025-11-27 01:00:00,WX-MASTER,0.0,6.727,25.33,WEATHER_STATION,VALID
2025-11-27 02:00:00,WX-MASTER,0.0,5.628,27.64,WEATHER_STATION,VALID
2025-11-27 03:00:00,WX-MASTER,0.0,5.256,26.37,WEATHER_STATION,VALID
2025-11-27 04:00:00,WX-MASTER,0.0,6.476,23.75,WEATHER_STATION,VALID
2025-11-27 05:00:00,WX-MASTER,0.0,4.583,22.03,WEATHER_STATION,VALID
2025-11-27 06:00:00,WX-MASTER,0.0,5.933,21.88,WEATHER_STATION,VALID
2025-11-27 07:00:00,WX-MASTER,0.2203,5.522,22.1,WEATHER_STATION,VALID
2025-11-27 08:00:00,WX-MASTER,0.3454,5.45,23.97,WEATHER_STATION,VALID
2025-11-27 09:00:00,WX-MASTER,0.6666,5.878,24.18,WEATHER_STATION,VALID
2025-11-27 10:00:00,WX-MASTER,0.6593,5.939,23.17,WEATHER_STATION,VALID
2025-11-27 11:00:00,WX-MASTER,0.3979,4.025,24.31,WEATHER_STATION,VALID
2025-11-27 12:00:00,WX-MASTER,0.8632,5.956,24.0,WEATHER_STATION,VALID
2025-11-27 13:00:00,WX-MASTER,0.7054,4.478,24.05,WEATHER_STATION,VALID
2025-11-27 14:00:00,WX-MASTER,0.7818,7.048,24.2,WEATHER_STATION,VALID
2025-11-27 15:00:00,WX-MASTER,0.5438,4.081,27.3,WEATHER_STATION,VALID
2025-11-27 16:00:00,WX-MASTER,0.4119,2.882,28.84,WEATHER_STATION,VALID
2025-11-27 17:00:00,WX-MASTER,0.2495,6.249,27.87,WEATHER_STATION,VALID
2025-11-27 18:00:00,WX-MASTER,0.0,5.948,30.46,WEATHER_STATION,VALID
2025-11-27 19:00:00,WX-MASTER,0.0,7.21,28.92,WEATHER_STATION,VALID
2025-11-27 20:00:00,WX-MASTER,0.0,6.312,29.61,WEATHER_STATION,VALID
2025-11-27 21:00:00,WX-MASTER,0.0,9.202,29.12,WEATHER_STATION,VALID
2025-11-27 22:00:00,WX-MASTER,0.0,6.137,30.52,WEATHER_STATION,VALID
2025-11-27 23:00:00,WX-MASTER,0.0,7.924,29.07,WEATHER_STATION,VALID
2025-11-28 00:00:00,WX-MASTER,0.0,6.013,27.71,WEATHER_STATION,VALID
2025-11-28 01:00:00,WX-MASTER,0.0,7.397,27.03,WEATHER_STATION,VALID
2025-11-28 02:00:00,WX-MASTER,0.0,7.633,24.6,WEATHER_STATION,VALID
2025-11-28 03:00:00,WX-MASTER,0.0,7.761,22.45,WEATHER_STATION,VALID
2025-11-28 04:00:00,WX-MASTER,0.0,7.553,23.64,WEATHER_STATION,VALID
2025-11-28 05:00:00,WX-MASTER,0.0,2.147,23.32,WEATHER_STATION,VALID
2025-11-28 06:00:00,WX-MASTER,0.0,6.037,23.64,WEATHER_STATION,VALID
2025-11-28 07:00:00,WX-MASTER,0.2714,5.125,22.46,WEATHER_STATION,VALID
2025-11-28 08:00:00,WX-MASTER,0.436,5.12,21.97,WEATHER_STATION,VALID
2025-11-28 09:00:00,WX-MASTER,0.6102,4.992,19.11,WEATHER_STATION,VALID
2025-11-28 10:00:00,WX-MASTER,0.6696,6.408,23.63,WEATHER_STATION,VALID
2025-11-28 11:00:00,WX-MASTER,0.6278,5.22,23.81,WEATHER_STATION,VALID
2025-11-28 12:00:00,WX-MASTER,0.7749,4.172,25.26,WEATHER_STATION,VALID
2025-11-28 13:00:00,WX-MASTER,0.7924,2.861,25.16,WEATHER_STATION,VALID
2025-11-28 14:00:00,WX-MASTER,0.7501,6.768,27.41,WEATHER_STATION,VALID
2025-11-28 15:00:00,WX-MASTER,0.5775,4.007,26.28,WEATHER_STATION,VALID
2025-11-28 16:00:00,WX-MASTER,0.334,4.814,27.73,WEATHER_STATION,VALID
2025-11-28 17:00:00,WX-MASTER,0.2005,7.953,28.8,WEATHER_STATION,VALID
2025-11-28 18:00:00,WX-MASTER,0.0,4.595,29.85,WEATHER_STATION,VALID
2025-11-28 19:00:00,WX-MASTER,0.0,5.296,29.91,WEATHER_STATION,VALID
2025-11-28 20:00:00,WX-MASTER,0.0,6.218,30.1,WEATHER_STATION,VALID
2025-11-28 21:00:00,WX-MASTER,0.0,4.079,29.73,WEATHER_STATION,VALID
2025-11-28 22:00:00,WX-MASTER,0.0,4.151,28.83,WEATHER_STATION,VALID
2025-11-28 23:00:00,WX-MASTER,0.0,5.944,29.59,WEATHER_STATION,VALID
2025-11-29 00:00:00,WX-MASTER,0.0,6.122,25.8,WEATHER_STATION,VALID
2025-11-29 01:00:00,WX-MASTER,0.0,6.939,26.21,WEATHER_STATION,VALID
2025-11-29 02:00:00,WX-MASTER,0.0,5.488,27.97,WEATHER_STATION,VALID
2025-11-29 03:00:00,WX-MASTER,0.0,7.25,24.34,WEATHER_STATION,VALID
2025-11-29 04:00:00,WX-MASTER,0.0,3.747,24.21,WEATHER_STATION,VALID
2025-11-29 05:00:00,WX-MASTER,0.0,6.271,25.25,WEATHER_STATION,VALID
2025-11-29 06:00:00,WX-MASTER,0.0,6.601,22.88,WEATHER_STATION,VALID
2025-11-29 07:00:00,WX-MASTER,0.2368,6.306,21.68,WEATHER_STATION,VALID
2025-11-29 08:00:00,WX-MASTER,0.4932,5.407,24.0,WEATHER_STATION,VALID
2025-11-29 09:00:00,WX-MASTER,0.5509,4.509,22.33,WEATHER_STATION,VALID
2025-11-29 10:00:00,WX-MASTER,0.7563,4.895,22.76,WEATHER_STATION,VALID
2025-11-29 11:00:00,WX-MASTER,0.8046,6.568,21.21,WEATHER_STATION,VALID
2025-11-29 12:00:00,WX-MASTER,0.6959,4.059,24.16,WEATHER_STATION,VALID
2025-11-29 13:00:00,WX-MASTER,0.782,6.048,25.97,WEATHER_STATION,VALID
2025-11-29 14:00:00,WX-MASTER,0.6994,6.261,25.54,WEATHER_STATION,VALID
2025-11-29 15:00:00,WX-MASTER,0.5356,2.599,25.43,WEATHER_STATION,VALID
2025-11-29 16:00:00,WX-MASTER,0.4536,4.824,27.23,WEATHER_STATION,VALID
2025-11-29 17:00:00,WX-MASTER,0.244,3.908,27.79,WEATHER_STATION,VALID
2025-11-29 18:00:00,WX-MASTER,0.0,3.456,28.78,WEATHER_STATION,VALID
2025-11-29 19:00:00,WX-MASTER,0.0,6.692,28.82,WEATHER_STATION,VALID
2025-11-29 20:00:00,WX-MASTER,0.0,6.538,31.56,WEATHER_STATION,VALID
2025-11-29 21:00:00,WX-MASTER,0.0,6.516,29.8,WEATHER_STATION,VALID
2025-11-29 22:00:00,WX-MASTER,0.0,4.986,27.0,WEATHER_STATION,VALID
2025-11-29 23:00:00,WX-MASTER,0.0,6.851,28.62,WEATHER_STATION,VALID
2025-11-30 00:00:00,WX-MASTER,0.0,5.007,27.79,WEATHER_STATION,VALID
2025-11-30 01:00:00,WX-MASTER,0.0,6.873,28.42,WEATHER_STATION,VALID
2025-11-30 02:00:00,WX-MASTER,0.0,5.907,25.9,WEATHER_STATION,VALID
2025-11-30 03:00:00,WX-MASTER,0.0,8.059,24.96,WEATHER_STATION,VALID
2025-11-30 04:00:00,WX-MASTER,0.0,6.086,26.57,WEATHER_STATION,VALID
2025-11-30 05:00:00,WX-MASTER,0.0,6.67,22.33,WEATHER_STATION,VALID
2025-11-30 06:00:00,WX-MASTER,0.0,6.444,24.01,WEATHER_STATION,VALID
2025-11-30 07:00:00,WX-MASTER,0.2465,5.788,22.78,WEATHER_STATION,VALID
2025-11-30 08:00:00,WX-MASTER,0.4522,5.763,21.98,WEATHER_STATION,VALID
2025-11-30 09:00:00,WX-MASTER,0.6654,5.77,21.93,WEATHER_STATION,VALID
2025-11-30 10:00:00,WX-MASTER,0.7886,3.987,24.68,WEATHER_STATION,VALID
2025-11-30 11:00:00,WX-MASTER,0.7269,5.496,24.17,WEATHER_STATION,VALID
2025-11-30 12:00:00,WX-MASTER,0.8022,5.969,25.06,WEATHER_STATION,VALID
2025-11-30 13:00:00,WX-MASTER,0.6108,5.301,26.25,WEATHER_STATION,VALID
2025-11-30 14:00:00,WX-MASTER,0.7059,4.329,26.49,WEATHER_STATION,VALID
2025-11-30 15:00:00,WX-MASTER,0.539,5.09,25.72,WEATHER_STATION,VALID
2025-11-30 16:00:00,WX-MASTER,0.4278,4.525,25.95,WEATHER_STATION,VALID
2025-11-30 17:00:00,WX-MASTER,0.1966,5.033,30.41,WEATHER_STATION,VALID
2025-11-30 18:00:00,WX-MASTER,0.0,3.872,29.37,WEATHER_STATION,VALID
2025-11-30 19:00:00,WX-MASTER,0.0,7.463,29.56,WEATHER_STATION,VALID
2025-11-30 20:00:00,WX-MASTER,0.0,8.447,31.75,WEATHER_STATION,VALID
2025-11-30 21:00:00,WX-MASTER,0.0,5.266,28.19,WEATHER_STATION,VALID
2025-11-30 22:00:00,WX-MASTER,0.0,7.426,26.09,WEATHER_STATION,VALID
2025-11-30 23:00:00,WX-MASTER,0.0,8.48,26.39,WEATHER_STATION,VALID
2025-12-01 00:00:00,WX-MASTER,0.0,5.473,27.22,WEATHER_STATION,VALID
2025-12-01 01:00:00,WX-MASTER,0.0,3.974,27.16,WEATHER_STATION,VALID
2025-12-01 02:00:00,WX-MASTER,0.0,8.746,27.78,WEATHER_STATION,VALID
2025-12-01 03:00:00,WX-MASTER,0.0,6.688,26.22,WEATHER_STATION,VALID
2025-12-01 04:00:00,WX-MASTER,0.0,5.891,21.29,WEATHER_STATION,VALID
2025-12-01 05:00:00,WX-MASTER,0.0,6.439,27.0,WEATHER_STATION,VALID
2025-12-01 06:00:00,WX-MASTER,0.0,5.669,22.59,WEATHER_STATION,VALID
2025-12-01 07:00:00,WX-MASTER,0.2272,9.742,24.2,WEATHER_STATION,VALID
2025-12-01 08:00:00,WX-MASTER,0.3927,4.944,23.27,WEATHER_STATION,VALID
2025-12-01 09:00:00,WX-MASTER,0.1889,5.809,22.74,WEATHER_STATION,VALID
2025-12-01 10:00:00,WX-MASTER,0.769,6.84,22.8,WEATHER_STATION,VALID
2025-12-01 11:00:00,WX-MASTER,0.8387,6.653,22.3,WEATHER_STATION,VALID
2025-12-01 12:00:00,WX-MASTER,0.8035,6.279,22.82,WEATHER_STATION,VALID
2025-12-01 13:00:00,WX-MASTER,0.7744,4.239,25.01,WEATHER_STATION,VALID
2025-12-01 14:00:00,WX-MASTER,0.7376,4.6,24.45,WEATHER_STATION,VALID
2025-12-01 15:00:00,WX-MASTER,0.6083,2.044,28.99,WEATHER_STATION,VALID
2025-12-01 16:00:00,WX-MASTER,0.4617,4.909,27.98,WEATHER_STATION,VALID
2025-12-01 17:00:00,WX-MASTER,0.2452,5.237,31.1,WEATHER_STATION,VALID
2025-12-01 18:00:00,WX-MASTER,0.0,6.388,28.62,WEATHER_STATION,VALID
2025-12-01 19:00:00,WX-MASTER,0.0,-2.0,28.78,WEATHER_STATION,VALID
2025-12-01 20:00:00,WX-MASTER,0.0,6.863,30.32,WEATHER_STATION,VALID
2025-12-01 21:00:00,WX-MASTER,0.0,7.581,29.18,WEATHER_STATION,VALID
2025-12-01 22:00:00,WX-MASTER,0.0,6.389,30.31,WEATHER_STATION,VALID
2025-12-01 23:00:00,WX-MASTER,0.0,8.262,30.31,WEATHER_STATION,VALID
2025-12-02 00:00:00,WX-MASTER,0.0,6.741,29.21,WEATHER_STATION,VALID
2025-12-02 01:00:00,WX-MASTER,0.0,8.271,28.68,WEATHER_STATION,VALID
2025-12-02 02:00:00,WX-MASTER,0.0,7.828,27.12,WEATHER_STATION,VALID
2025-12-02 03:00:00,WX-MASTER,0.0,7.22,24.57,WEATHER_STATION,VALID
2025-12-02 04:00:00,WX-MASTER,0.0,4.571,25.76,WEATHER_STATION,VALID
2025-12-02 05:00:00,WX-MASTER,0.0,7.807,24.5,WEATHER_STATION,VALID
2025-12-02 06:00:00,WX-MASTER,0.0,6.648,22.37,WEATHER_STATION,VALID
2025-12-02 07:00:00,WX-MASTER,0.2147,6.816,22.17,WEATHER_STATION,VALID
2025-12-02 08:00:00,WX-MASTER,0.4877,6.05,22.53,WEATHER_STATION,VALID
2025-12-02 09:00:00,WX-MASTER,0.6522,6.023,24.09,WEATHER_STATION,VALID
2025-12-02 10:00:00,WX-MASTER,0.7258,6.859,23.25,WEATHER_STATION,VALID
2025-12-02 11:00:00,WX-MASTER,0.4744,4.372,23.66,WEATHER_STATION,VALID
2025-12-02 12:00:00,WX-MASTER,0.8031,5.47,24.2,WEATHER_STATION,VALID
2025-12-02 13:00:00,WX-MASTER,0.8087,3.789,24.81,WEATHER_STATION,VALID
2025-12-02 14:00:00,WX-MASTER,0.674,5.556,24.74,WEATHER_STATION,VALID
2025-12-02 15:00:00,WX-MASTER,0.2389,5.206,28.0,WEATHER_STATION,VALID
2025-12-02 16:00:00,WX-MASTER,0.4064,4.194,26.67,WEATHER_STATION,VALID
2025-12-02 17:00:00,WX-MASTER,0.2708,5.325,28.69,WEATHER_STATION,VALID
2025-12-02 18:00:00,WX-MASTER,0.0,4.693,28.68,WEATHER_STATION,VALID
2025-12-02 19:00:00,WX-MASTER,0.0,5.194,30.44,WEATHER_STATION,VALID
2025-12-02 20:00:00,WX-MASTER,0.0,6.408,29.23,WEATHER_STATION,VALID
2025-12-02 21:00:00,WX-MASTER,0.0,6.546,28.31,WEATHER_STATION,VALID
2025-12-02 22:00:00,WX-MASTER,0.0,3.924,30.36,WEATHER_STATION,VALID
2025-12-02 23:00:00,WX-MASTER,0.0,7.082,27.62,WEATHER_STATION,VALID
2025-12-03 00:00:00,WX-MASTER,0.0,6.34,28.1,WEATHER_STATION,VALID
2025-12-03 01:00:00,WX-MASTER,0.0,6.258,28.6,WEATHER_STATION,VALID
2025-12-03 02:00:00,WX-MASTER,0.0,5.326,25.29,WEATHER_STATION,VALID
2025-12-03 03:00:00,WX-MASTER,0.0,6.659,25.14,WEATHER_STATION,VALID
2025-12-03 04:00:00,WX-MASTER,0.0,5.903,23.9,WEATHER_STATION,VALID
2025-12-03 05:00:00,WX-MASTER,0.0,8.05,23.85,WEATHER_STATION,VALID
2025-12-03 06:00:00,WX-MASTER,0.0,3.891,23.05,WEATHER_STATION,VALID
2025-12-03 07:00:00,WX-MASTER,0.258,4.658,23.89,WEATHER_STATION,VALID
2025-12-03 08:00:00,WX-MASTER,0.3711,4.309,21.92,WEATHER_STATION,VALID
2025-12-03 09:00:00,WX-MASTER,0.3659,5.736,24.31,WEATHER_STATION,VALID
2025-12-03 10:00:00,WX-MASTER,0.7874,6.702,25.06,WEATHER_STATION,VALID
2025-12-03 11:00:00,WX-MASTER,0.6915,5.65,24.0,WEATHER_STATION,VALID
2025-12-03 12:00:00,WX-MASTER,0.7796,3.448,23.47,WEATHER_STATION,VALID
2025-12-03 13:00:00,WX-MASTER,0.8612,4.251,25.21,WEATHER_STATION,VALID
2025-12-03 14:00:00,WX-MASTER,0.7437,3.762,26.02,WEATHER_STATION,VALID
2025-12-03 15:00:00,WX-MASTER,0.3295,5.548,29.2,WEATHER_STATION,VALID
2025-12-03 16:00:00,WX-MASTER,0.4015,4.438,27.79,WEATHER_STATION,VALID
2025-12-03 17:00:00,WX-MASTER,0.2142,3.375,30.3,WEATHER_STATION,VALID
2025-12-03 18:00:00,WX-MASTER,0.0,6.2,29.33,WEATHER_STATION,VALID
2025-12-03 19:00:00,WX-MASTER,0.0,7.336,29.6,WEATHER_STATION,VALID
2025-12-03 20:00:00,WX-MASTER,0.0,5.723,29.24,WEATHER_STATION,VALID
2025-12-03 21:00:00,WX-MASTER,0.0,6.362,29.23,WEATHER_STATION,VALID
2025-12-03 22:00:00,WX-MASTER,0.0,4.471,30.26,WEATHER_STATION,VALID
2025-12-03 23:00:00,WX-MASTER,0.0,3.932,27.76,WEATHER_STATION,VALID
2025-12-04 00:00:00,WX-MASTER,0.0,4.34,29.09,WEATHER_STATION,VALID
2025-12-04 01:00:00,WX-MASTER,0.0,6.748,28.83,WEATHER_STATION,VALID
2025-12-04 02:00:00,WX-MASTER,0.0,6.4,25.48,WEATHER_STATION,VALID
2025-12-04 03:00:00,WX-MASTER,0.0,7.437,26.74,WEATHER_STATION,VALID
2025-12-04 04:00:00,WX-MASTER,0.0,6.335,25.7,WEATHER_STATION,VALID
2025-12-04 05:00:00,WX-MASTER,0.0,7.687,24.76,WEATHER_STATION,VALID
2025-12-04 06:00:00,WX-MASTER,0.0,7.308,22.4,WEATHER_STATION,VALID
2025-12-04 07:00:00,WX-MASTER,0.2232,5.501,22.67,WEATHER_STATION,VALID
2025-12-04 08:00:00,WX-MASTER,0.4256,4.355,22.55,WEATHER_STATION,VALID
2025-12-04 09:00:00,WX-MASTER,0.5543,2.918,25.32,WEATHER_STATION,VALID
2025-12-04 10:00:00,WX-MASTER,0.2208,7.049,23.15,WEATHER_STATION,VALID
2025-12-04 11:00:00,WX-MASTER,0.8608,3.78,23.5,WEATHER_STATION,VALID
2025-12-04 12:00:00,WX-MASTER,0.8854,2.934,23.07,WEATHER_STATION,VALID
2025-12-04 13:00:00,WX-MASTER,0.7494,4.986,24.12,WEATHER_STATION,VALID
2025-12-04 14:00:00,WX-MASTER,0.3148,2.889,25.37,WEATHER_STATION,VALID
2025-12-04 15:00:00,WX-MASTER,0.664,5.064,27.53,WEATHER_STATION,VALID
2025-12-04 16:00:00,WX-MASTER,0.4334,4.595,26.23,WEATHER_STATION,VALID
2025-12-04 17:00:00,WX-MASTER,0.1951,6.421,27.87,WEATHER_STATION,VALID
2025-12-04 18:00:00,WX-MASTER,0.0,6.537,26.99,WEATHER_STATION,VALID
2025-12-04 19:00:00,WX-MASTER,0.0,7.137,31.26,WEATHER_STATION,VALID
2025-12-04 20:00:00,WX-MASTER,0.0,6.232,29.82,WEATHER_STATION,VALID
2025-12-04 21:00:00,WX-MASTER,0.0,5.099,29.95,WEATHER_STATION,VALID
2025-12-04 22:00:00,WX-MASTER,0.0,5.09,27.92,WEATHER_STATION,VALID
2025-12-04 23:00:00,WX-MASTER,0.0,5.928,30.06,WEATHER_STATION,VALID
2025-12-05 00:00:00,WX-MASTER,0.0,9.345,29.77,WEATHER_STATION,VALID
2025-12-05 01:00:00,WX-MASTER,0.0,6.491,27.21,WEATHER_STATION,VALID
2025-12-05 02:00:00,WX-MASTER,0.0,7.019,25.65,WEATHER_STATION,VALID
2025-12-05 03:00:00,WX-MASTER,0.0,8.71,25.98,WEATHER_STATION,VALID
2025-12-05 04:00:00,WX-MASTER,0.0,6.932,25.35,WEATHER_STATION,VALID
2025-12-05 05:00:00,WX-MASTER,0.0,5.439,24.79,WEATHER_STATION,VALID
2025-12-05 06:00:00,WX-MASTER,0.0,7.132,23.99,WEATHER_STATION,VALID
2025-12-05 07:00:00,WX-MASTER,0.259,5.373,24.0,WEATHER_STATION,VALID
2025-12-05 08:00:00,WX-MASTER,0.4473,6.045,21.89,WEATHER_STATION,VALID
2025-12-05 09:00:00,WX-MASTER,0.6462,6.084,23.93,WEATHER_STATION,VALID
2025-12-05 10:00:00,WX-MASTER,0.6568,4.552,22.65,WEATHER_STATION,VALID
2025-12-05 11:00:00,WX-MASTER,0.6969,5.257,20.73,WEATHER_STATION,VALID
2025-12-05 12:00:00,WX-MASTER,0.885,6.969,23.92,WEATHER_STATION,VALID
2025-12-05 13:00:00,WX-MASTER,0.6373,4.012,24.65,WEATHER_STATION,VALID
2025-12-05 14:00:00,WX-MASTER,0.7866,6.544,26.51,WEATHER_STATION,VALID
2025-12-05 15:00:00,WX-MASTER,0.6637,4.138,28.13,WEATHER_STATION,VALID
2025-12-05 16:00:00,WX-MASTER,0.4757,7.384,28.2,WEATHER_STATION,VALID
2025-12-05 17:00:00,WX-MASTER,0.2218,4.118,31.11,WEATHER_STATION,VALID
2025-12-05 18:00:00,WX-MASTER,0.0,4.947,28.62,WEATHER_STATION,VALID
2025-12-05 19:00:00,WX-MASTER,0.0,7.673,27.22,WEATHER_STATION,VALID
2025-12-05 20:00:00,WX-MASTER,0.0,7.991,30.05,WEATHER_STATION,VALID
2025-12-05 21:00:00,WX-MASTER,0.0,7.288,28.95,WEATHER_STATION,VALID
2025-12-05 22:00:00,WX-MASTER,0.0,5.04,27.95,WEATHER_STATION,VALID
2025-12-05 23:00:00,WX-MASTER,0.0,6.735,28.34,WEATHER_STATION,VALID
2025-12-06 00:00:00,WX-MASTER,0.0,6.764,27.06,WEATHER_STATION,VALID
2025-12-06 01:00:00,WX-MASTER,0.0,5.712,26.33,WEATHER_STATION,VALID
2025-12-06 02:00:00,WX-MASTER,0.0,7.725,28.08,WEATHER_STATION,VALID
2025-12-06 03:00:00,WX-MASTER,0.0,5.736,25.49,WEATHER_STATION,VALID
2025-12-06 04:00:00,WX-MASTER,0.0,4.933,24.18,WEATHER_STATION,VALID
2025-12-06 05:00:00,WX-MASTER,0.0,4.315,25.69,WEATHER_STATION,VALID
2025-12-06 06:00:00,WX-MASTER,0.0,8.419,22.86,WEATHER_STATION,VALID
2025-12-06 07:00:00,WX-MASTER,0.2646,5.276,21.39,WEATHER_STATION,VALID
2025-12-06 08:00:00,WX-MASTER,0.375,5.042,21.16,WEATHER_STATION,VALID
2025-12-06 09:00:00,WX-MASTER,0.5799,4.088,22.77,WEATHER_STATION,VALID
2025-12-06 10:00:00,WX-MASTER,0.6935,6.983,21.25,WEATHER_STATION,VALID
2025-12-06 11:00:00,WX-MASTER,0.7418,3.23,22.37,WEATHER_STATION,VALID
2025-12-06 12:00:00,WX-MASTER,0.8209,3.333,24.04,WEATHER_STATION,VALID
2025-12-06 13:00:00,WX-MASTER,0.8137,4.418,26.7,WEATHER_STATION,VALID
2025-12-06 14:00:00,WX-MASTER,0.7258,4.814,27.8,WEATHER_STATION,VALID
2025-12-06 15:00:00,WX-MASTER,0.5764,5.771,27.95,WEATHER_STATION,VALID
2025-12-06 16:00:00,WX-MASTER,0.4008,4.172,27.99,WEATHER_STATION,VALID
2025-12-06 17:00:00,WX-MASTER,0.2676,7.247,28.04,WEATHER_STATION,VALID
2025-12-06 18:00:00,WX-MASTER,0.0,4.599,29.75,WEATHER_STATION,VALID
2025-12-06 19:00:00,WX-MASTER,0.0,4.411,31.77,WEATHER_STATION,VALID
2025-12-06 20:00:00,WX-MASTER,0.0,4.548,29.92,WEATHER_STATION,VALID
2025-12-06 21:00:00,WX-MASTER,0.0,5.227,29.08,WEATHER_STATION,VALID
2025-12-06 22:00:00,WX-MASTER,0.0,4.937,29.09,WEATHER_STATION,VALID
2025-12-06 23:00:00,WX-MASTER,0.0,7.613,28.4,WEATHER_STATION,VALID
2025-12-07 00:00:00,WX-MASTER,0.0,5.471,28.69,WEATHER_STATION,VALID
2025-12-07 01:00:00,WX-MASTER,0.0,6.662,26.27,WEATHER_STATION,VALID
2025-12-07 02:00:00,WX-MASTER,0.0,5.49,26.76,WEATHER_STATION,VALID
2025-12-07 03:00:00,WX-MASTER,0.0,5.229,26.05,WEATHER_STATION,VALID
2025-12-07 04:00:00,WX-MASTER,0.0,8.059,24.94,WEATHER_STATION,VALID
2025-12-07 05:00:00,WX-MASTER,0.0,8.515,22.5,WEATHER_STATION,VALID
2025-12-07 06:00:00,WX-MASTER,0.0,7.852,23.07,WEATHER_STATION,VALID
2025-12-07 07:00:00,WX-MASTER,0.2101,4.036,22.26,WEATHER_STATION,VALID
2025-12-07 08:00:00,WX-MASTER,0.3714,3.956,22.69,WEATHER_STATION,VALID
2025-12-07 09:00:00,WX-MASTER,0.5614,8.009,22.1,WEATHER_STATION,VALID
2025-12-07 10:00:00,WX-MASTER,0.6448,4.884,24.74,WEATHER_STATION,VALID
2025-12-07 11:00:00,WX-MASTER,0.7025,3.247,24.03,WEATHER_STATION,VALID
2025-12-07 12:00:00,WX-MASTER,0.7557,6.315,22.59,WEATHER_STATION,VALID
2025-12-07 13:00:00,WX-MASTER,0.7531,4.934,23.78,WEATHER_STATION,VALID
2025-12-07 14:00:00,WX-MASTER,0.7325,5.592,27.72,WEATHER_STATION,VALID
2025-12-07 15:00:00,WX-MASTER,0.5092,2.016,26.97,WEATHER_STATION,VALID
2025-12-07 16:00:00,WX-MASTER,0.4032,4.636,27.56,WEATHER_STATION,VALID
2025-12-07 17:00:00,WX-MASTER,0.2352,6.483,30.11,WEATHER_STATION,VALID
2025-12-07 18:00:00,WX-MASTER,0.0,4.646,29.13,WEATHER_STATION,VALID
2025-12-07 19:00:00,WX-MASTER,0.0,7.337,28.22,WEATHER_STATION,VALID
2025-12-07 20:00:00,WX-MASTER,0.0,4.281,28.42,WEATHER_STATION,VALID
2025-12-07 21:00:00,WX-MASTER,0.0,6.097,30.41,WEATHER_STATION,VALID
2025-12-07 22:00:00,WX-MASTER,0.0,8.605,31.74,WEATHER_STATION,VALID
2025-12-07 23:00:00,WX-MASTER,0.0,5.151,29.76,WEATHER_STATION,VALID
2025-12-08 00:00:00,WX-MASTER,0.0,7.136,27.6,WEATHER_STATION,VALID
2025-12-08 01:00:00,WX-MASTER,0.0,7.605,26.94,WEATHER_STATION,VALID
2025-12-08 02:00:00,WX-MASTER,0.0,6.958,26.36,WEATHER_STATION,VALID
2025-12-08 03:00:00,WX-MASTER,0.0,6.441,22.98,WEATHER_STATION,VALID
2025-12-08 04:00:00,WX-MASTER,0.0,5.491,24.58,WEATHER_STATION,VALID
2025-12-08 05:00:00,WX-MASTER,0.0,6.697,24.53,WEATHER_STATION,VALID
2025-12-08 06:00:00,WX-MASTER,0.0,6.08,25.4,WEATHER_STATION,VALID
2025-12-08 07:00:00,WX-MASTER,0.2701,4.092,24.23,WEATHER_STATION,VALID
2025-12-08 08:00:00,WX-MASTER,0.4612,7.128,25.12,WEATHER_STATION,VALID
2025-12-08 09:00:00,WX-MASTER,0.5519,4.265,24.94,WEATHER_STATION,VALID
2025-12-08 10:00:00,WX-MASTER,0.7787,3.391,24.95,WEATHER_STATION,VALID
2025-12-08 11:00:00,WX-MASTER,0.7095,4.27,23.86,WEATHER_STATION,VALID
2025-12-08 12:00:00,WX-MASTER,0.7967,3.758,24.97,WEATHER_STATION,VALID
2025-12-08 13:00:00,WX-MASTER,0.6553,4.521,23.4,WEATHER_STATION,VALID
2025-12-08 14:00:00,WX-MASTER,0.6186,3.247,26.46,WEATHER_STATION,VALID
2025-12-08 15:00:00,WX-MASTER,0.5904,5.518,27.89,WEATHER_STATION,VALID
2025-12-08 16:00:00,WX-MASTER,0.4522,6.866,27.72,WEATHER_STATION,VALID
2025-12-08 17:00:00,WX-MASTER,0.1954,5.397,26.93,WEATHER_STATION,VALID
2025-12-08 18:00:00,WX-MASTER,0.0,3.611,31.24,WEATHER_STATION,VALID
2025-12-08 19:00:00,WX-MASTER,0.0,4.555,30.17,WEATHER_STATION,VALID
2025-12-08 20:00:00,WX-MASTER,0.0,6.291,31.87,WEATHER_STATION,VALID
2025-12-08 21:00:00,WX-MASTER,0.0,3.696,30.58,WEATHER_STATION,VALID
2025-12-08 22:00:00,WX-MASTER,0.0,4.874,30.98,WEATHER_STATION,VALID
2025-12-08 23:00:00,WX-MASTER,0.0,4.515,30.18,WEATHER_STATION,VALID
2025-12-09 00:00:00,WX-MASTER,0.0,6.943,27.27,WEATHER_STATION,VALID
2025-12-09 01:00:00,WX-MASTER,0.0,9.666,26.63,WEATHER_STATION,VALID
2025-12-09 02:00:00,WX-MASTER,0.0,5.21,25.82,WEATHER_STATION,VALID
2025-12-09 03:00:00,WX-MASTER,0.0,7.838,24.27,WEATHER_STATION,VALID
2025-12-09 04:00:00,WX-MASTER,0.0,5.908,26.7,WEATHER_STATION,VALID
2025-12-09 05:00:00,WX-MASTER,0.0,4.736,23.91,WEATHER_STATION,VALID
2025-12-09 06:00:00,WX-MASTER,0.0,8.257,23.85,WEATHER_STATION,VALID
2025-12-09 07:00:00,WX-MASTER,0.2496,8.778,21.36,WEATHER_STATION,VALID
2025-12-09 08:00:00,WX-MASTER,0.3834,6.245,23.82,WEATHER_STATION,VALID
2025-12-09 09:00:00,WX-MASTER,0.5176,5.93,22.46,WEATHER_STATION,VALID
2025-12-09 10:00:00,WX-MASTER,0.7583,5.316,24.82,WEATHER_STATION,VALID
2025-12-09 11:00:00,WX-MASTER,0.8039,4.862,23.04,WEATHER_STATION,VALID
2025-12-09 12:00:00,WX-MASTER,0.6771,5.371,26.18,WEATHER_STATION,VALID
2025-12-09 13:00:00,WX-MASTER,0.7103,5.746,26.56,WEATHER_STATION,VALID
2025-12-09 14:00:00,WX-MASTER,0.6281,7.035,25.78,WEATHER_STATION,VALID
2025-12-09 15:00:00,WX-MASTER,0.6627,4.267,28.94,WEATHER_STATION,VALID
2025-12-09 16:00:00,WX-MASTER,0.4772,5.247,29.46,WEATHER_STATION,VALID
2025-12-09 17:00:00,WX-MASTER,0.2283,5.155,29.4,WEATHER_STATION,VALID
2025-12-09 18:00:00,WX-MASTER,0.0,6.83,28.17,WEATHER_STATION,VALID
2025-12-09 19:00:00,WX-MASTER,0.0,8.873,30.68,WEATHER_STATION,VALID
2025-12-09 20:00:00,WX-MASTER,0.0,7.39,29.91,WEATHER_STATION,VALID
2025-12-09 21:00:00,WX-MASTER,0.0,7.302,29.77,WEATHER_STATION,VALID
2025-12-09 22:00:00,WX-MASTER,0.0,7.668,29.45,WEATHER_STATION,VALID
2025-12-09 23:00:00,WX-MASTER,0.0,8.315,28.77,WEATHER_STATION,VALID
2025-12-10 00:00:00,WX-MASTER,0.0,9.943,27.07,WEATHER_STATION,VALID
2025-12-10 01:00:00,WX-MASTER,0.0,4.675,25.45,WEATHER_STATION,VALID
2025-12-10 02:00:00,WX-MASTER,0.0,7.64,24.3,WEATHER_STATION,VALID
2025-12-10 03:00:00,WX-MASTER,0.0,3.432,25.82,WEATHER_STATION,VALID
2025-12-10 04:00:00,WX-MASTER,0.0,7.889,21.7,WEATHER_STATION,VALID
2025-12-10 05:00:00,WX-MASTER,0.0,7.18,24.76,WEATHER_STATION,VALID
2025-12-10 06:00:00,WX-MASTER,0.0,5.524,23.94,WEATHER_STATION,VALID
2025-12-10 07:00:00,WX-MASTER,0.2442,2.51,22.62,WEATHER_STATION,VALID
2025-12-10 08:00:00,WX-MASTER,0.3796,5.701,24.1,WEATHER_STATION,VALID
2025-12-10 09:00:00,WX-MASTER,0.5238,5.759,22.67,WEATHER_STATION,VALID
2025-12-10 10:00:00,WX-MASTER,0.7253,5.164,23.83,WEATHER_STATION,VALID
2025-12-10 11:00:00,WX-MASTER,0.8588,4.258,21.54,WEATHER_STATION,VALID
2025-12-10 12:00:00,WX-MASTER,0.7952,3.774,21.92,WEATHER_STATION,VALID
2025-12-10 13:00:00,WX-MASTER,0.727,4.811,25.18,WEATHER_STATION,VALID
2025-12-10 14:00:00,WX-MASTER,0.7123,3.842,26.87,WEATHER_STATION,VALID
2025-12-10 15:00:00,WX-MASTER,0.5151,6.009,28.41,WEATHER_STATION,VALID
2025-12-10 16:00:00,WX-MASTER,0.4908,4.99,27.9,WEATHER_STATION,VALID
2025-12-10 17:00:00,WX-MASTER,0.2439,3.039,29.13,WEATHER_STATION,VALID
2025-12-10 18:00:00,WX-MASTER,0.0,,30.34,WEATHER_STATION,VALID
2025-12-10 19:00:00,WX-MASTER,0.0,6.302,29.59,WEATHER_STATION,VALID
2025-12-10 20:00:00,WX-MASTER,0.0,8.128,30.57,WEATHER_STATION,VALID
2025-12-10 21:00:00,WX-MASTER,0.0,7.482,28.39,WEATHER_STATION,VALID
2025-12-10 22:00:00,WX-MASTER,0.0,5.33,27.41,WEATHER_STATION,VALID
2025-12-10 23:00:00,WX-MASTER,0.0,8.532,28.2,WEATHER_STATION,VALID
2025-12-11 00:00:00,WX-MASTER,0.0,5.014,29.07,WEATHER_STATION,VALID
2025-12-11 01:00:00,WX-MASTER,0.0,6.914,26.45,WEATHER_STATION,VALID
2025-12-11 02:00:00,WX-MASTER,0.0,7.852,27.17,WEATHER_STATION,VALID
2025-12-11 03:00:00,WX-MASTER,0.0,8.695,24.25,WEATHER_STATION,VALID
2025-12-11 04:00:00,WX-MASTER,0.0,9.119,23.94,WEATHER_STATION,VALID
2025-12-11 05:00:00,WX-MASTER,0.0,8.132,24.21,WEATHER_STATION,VALID
2025-12-11 06:00:00,WX-MASTER,0.0,6.068,22.56,WEATHER_STATION,VALID
2025-12-11 07:00:00,WX-MASTER,0.2423,6.746,22.41,WEATHER_STATION,VALID
2025-12-11 08:00:00,WX-MASTER,0.4362,6.023,19.76,WEATHER_STATION,VALID
2025-12-11 09:00:00,WX-MASTER,0.603,4.559,24.02,WEATHER_STATION,VALID
2025-12-11 10:00:00,WX-MASTER,0.785,5.107,23.22,WEATHER_STATION,VALID
2025-12-11 11:00:00,WX-MASTER,0.664,7.414,22.78,WEATHER_STATION,VALID
2025-12-11 12:00:00,WX-MASTER,0.7534,5.792,26.84,WEATHER_STATION,VALID
2025-12-11 13:00:00,WX-MASTER,0.5447,7.567,24.54,WEATHER_STATION,VALID
2025-12-11 14:00:00,WX-MASTER,0.7312,3.488,25.77,WEATHER_STATION,VALID
2025-12-11 15:00:00,WX-MASTER,0.6156,4.472,26.14,WEATHER_STATION,VALID
2025-12-11 16:00:00,WX-MASTER,0.4906,5.644,29.47,WEATHER_STATION,VALID
2025-12-11 17:00:00,WX-MASTER,0.2548,6.257,30.59,WEATHER_STATION,VALID
2025-12-11 18:00:00,WX-MASTER,0.0,5.369,31.02,WEATHER_STATION,VALID
2025-12-11 19:00:00,WX-MASTER,0.0,6.815,31.36,WEATHER_STATION,VALID
2025-12-11 20:00:00,WX-MASTER,0.0,7.067,29.18,WEATHER_STATION,VALID
2025-12-11 21:00:00,WX-MASTER,0.0,4.482,31.78,WEATHER_STATION,VALID
2025-12-11 22:00:00,WX-MASTER,0.0,7.489,29.19,WEATHER_STATION,VALID
2025-12-11 23:00:00,WX-MASTER,0.0,8.085,27.02,WEATHER_STATION,VALID
2025-12-12 00:00:00,WX-MASTER,0.0,7.212,27.66,WEATHER_STATION,VALID
2025-12-12 01:00:00,WX-MASTER,0.0,4.497,27.72,WEATHER_STATION,VALID
2025-12-12 02:00:00,WX-MASTER,0.0,6.524,25.65,WEATHER_STATION,VALID
2025-12-12 03:00:00,WX-MASTER,0.0,7.38,25.69,WEATHER_STATION,VALID
2025-12-12 04:00:00,WX-MASTER,0.0,5.55,25.32,WEATHER_STATION,VALID
2025-12-12 05:00:00,WX-MASTER,0.0,7.68,24.44,WEATHER_STATION,VALID
2025-12-12 06:00:00,WX-MASTER,0.0,7.206,24.18,WEATHER_STATION,VALID
2025-12-12 07:00:00,WX-MASTER,0.2585,6.179,22.82,WEATHER_STATION,VALID
2025-12-12 08:00:00,WX-MASTER,0.404,5.766,22.05,WEATHER_STATION,VALID
2025-12-12 09:00:00,WX-MASTER,0.6161,5.743,21.28,WEATHER_STATION,VALID
2025-12-12 10:00:00,WX-MASTER,0.6808,5.264,23.29,WEATHER_STATION,VALID
2025-12-12 11:00:00,WX-MASTER,0.8584,3.418,23.3,WEATHER_STATION,VALID
2025-12-12 12:00:00,WX-MASTER,0.7468,4.404,24.53,WEATHER_STATION,VALID
2025-12-12 13:00:00,WX-MASTER,0.7749,,23.03,WEATHER_STATION,VALID
2025-12-12 14:00:00,WX-MASTER,0.7404,6.751,24.6,WEATHER_STATION,VALID
2025-12-12 15:00:00,WX-MASTER,0.5314,5.88,27.94,WEATHER_STATION,VALID
2025-12-12 16:00:00,WX-MASTER,0.317,7.029,26.21,WEATHER_STATION,VALID
2025-12-12 17:00:00,WX-MASTER,0.2321,3.478,28.67,WEATHER_STATION,VALID
2025-12-12 18:00:00,WX-MASTER,0.0,5.07,28.46,WEATHER_STATION,VALID
2025-12-12 19:00:00,WX-MASTER,0.0,8.482,28.73,WEATHER_STATION,VALID
2025-12-12 20:00:00,WX-MASTER,0.0,5.082,30.02,WEATHER_STATION,VALID
2025-12-12 21:00:00,WX-MASTER,0.0,5.306,29.84,WEATHER_STATION,VALID
2025-12-12 22:00:00,WX-MASTER,0.0,6.168,30.11,WEATHER_STATION,VALID
2025-12-12 23:00:00,WX-MASTER,0.0,9.325,27.57,WEATHER_STATION,VALID
2025-12-13 00:00:00,WX-MASTER,0.0,5.966,27.14,WEATHER_STATION,VALID
2025-12-13 01:00:00,WX-MASTER,0.0,7.626,28.7,WEATHER_STATION,VALID
2025-12-13 02:00:00,WX-MASTER,0.0,7.405,26.18,WEATHER_STATION,VALID
2025-12-13 03:00:00,WX-MASTER,0.0,4.315,25.98,WEATHER_STATION,VALID
2025-12-13 04:00:00,WX-MASTER,0.0,6.667,24.1,WEATHER_STATION,VALID
2025-12-13 05:00:00,WX-MASTER,0.0,5.78,24.52,WEATHER_STATION,VALID
2025-12-13 06:00:00,WX-MASTER,0.0,7.151,20.43,WEATHER_STATION,VALID
2025-12-13 07:00:00,WX-MASTER,0.242,8.277,24.45,WEATHER_STATION,VALID
2025-12-13 08:00:00,WX-MASTER,0.4776,5.307,22.4,WEATHER_STATION,VALID
2025-12-13 09:00:00,WX-MASTER,0.3786,5.056,21.57,WEATHER_STATION,VALID
2025-12-13 10:00:00,WX-MASTER,0.6496,8.554,22.15,WEATHER_STATION,VALID
2025-12-13 11:00:00,WX-MASTER,0.7973,4.176,23.66,WEATHER_STATION,VALID
2025-12-13 12:00:00,WX-MASTER,0.8221,3.229,24.57,WEATHER_STATION,VALID
2025-12-13 13:00:00,WX-MASTER,0.5612,6.704,25.71,WEATHER_STATION,VALID
2025-12-13 14:00:00,WX-MASTER,0.7846,4.853,25.02,WEATHER_STATION,VALID
2025-12-13 15:00:00,WX-MASTER,0.6197,5.36,28.4,WEATHER_STATION,VALID
2025-12-13 16:00:00,WX-MASTER,0.4669,8.028,27.57,WEATHER_STATION,VALID
2025-12-13 17:00:00,WX-MASTER,0.2352,3.492,28.24,WEATHER_STATION,VALID
2025-12-13 18:00:00,WX-MASTER,0.0,5.291,29.21,WEATHER_STATION,VALID
2025-12-13 19:00:00,WX-MASTER,0.0,4.191,30.63,WEATHER_STATION,VALID
2025-12-13 20:00:00,WX-MASTER,0.0,6.495,29.91,WEATHER_STATION,VALID
2025-12-13 21:00:00,WX-MASTER,0.0,5.591,29.18,WEATHER_STATION,VALID
2025-12-13 22:00:00,WX-MASTER,0.0,5.008,29.09,WEATHER_STATION,VALID
2025-12-13 23:00:00,WX-MASTER,0.0,7.666,30.39,WEATHER_STATION,VALID
2025-12-14 00:00:00,WX-MASTER,0.0,6.865,29.5,WEATHER_STATION,VALID
2025-12-14 01:00:00,WX-MASTER,0.0,5.286,27.83,WEATHER_STATION,VALID
2025-12-14 02:00:00,WX-MASTER,0.0,5.36,26.66,WEATHER_STATION,VALID
2025-12-14 03:00:00,WX-MASTER,0.0,7.105,28.35,WEATHER_STATION,VALID
2025-12-14 04:00:00,WX-MASTER,0.0,4.527,25.29,WEATHER_STATION,VALID
2025-12-14 05:00:00,WX-MASTER,0.0,6.806,24.22,WEATHER_STATION,VALID
2025-12-14 06:00:00,WX-MASTER,0.0,8.023,23.21,WEATHER_STATION,VALID
2025-12-14 07:00:00,WX-MASTER,0.2367,6.895,23.53,WEATHER_STATION,VALID
2025-12-14 08:00:00,WX-MASTER,0.4887,4.957,19.33,WEATHER_STATION,VALID
2025-12-14 09:00:00,WX-MASTER,0.5802,5.873,24.33,WEATHER_STATION,VALID
2025-12-14 10:00:00,WX-MASTER,0.5787,3.666,21.92,WEATHER_STATION,VALID
2025-12-14 11:00:00,WX-MASTER,0.858,5.29,23.14,WEATHER_STATION,VALID
2025-12-14 12:00:00,WX-MASTER,0.8765,4.563,23.05,WEATHER_STATION,VALID
2025-12-14 13:00:00,WX-MASTER,0.7574,3.574,24.69,WEATHER_STATION,VALID
2025-12-14 14:00:00,WX-MASTER,0.6033,5.742,26.07,WEATHER_STATION,VALID
2025-12-14 15:00:00,WX-MASTER,0.5493,2.433,28.45,WEATHER_STATION,VALID
2025-12-14 16:00:00,WX-MASTER,0.3492,3.598,29.78,WEATHER_STATION,VALID
2025-12-14 17:00:00,WX-MASTER,0.2631,3.943,31.28,WEATHER_STATION,VALID
2025-12-14 18:00:00,WX-MASTER,0.0,4.901,29.63,WEATHER_STATION,VALID
2025-12-14 19:00:00,WX-MASTER,0.0,7.5,29.6,WEATHER_STATION,VALID
2025-12-14 20:00:00,WX-MASTER,0.0,7.052,30.92,WEATHER_STATION,VALID
2025-12-14 21:00:00,WX-MASTER,0.0,6.459,28.84,WEATHER_STATION,VALID
2025-12-14 22:00:00,WX-MASTER,0.0,6.621,28.35,WEATHER_STATION,VALID
2025-12-14 23:00:00,WX-MASTER,0.0,6.711,28.51,WEATHER_STATION,VALID
2025-12-15 00:00:00,WX-MASTER,0.0,8.647,28.22,WEATHER_STATION,VALID
2025-12-15 01:00:00,WX-MASTER,0.0,4.566,24.94,WEATHER_STATION,VALID
2025-12-15 02:00:00,WX-MASTER,0.0,7.923,27.79,WEATHER_STATION,VALID
2025-12-15 03:00:00,WX-MASTER,0.0,6.187,25.89,WEATHER_STATION,VALID
2025-12-15 04:00:00,WX-MASTER,0.0,7.366,25.72,WEATHER_STATION,VALID
2025-12-15 05:00:00,WX-MASTER,0.0,7.183,22.15,WEATHER_STATION,VALID
2025-12-15 06:00:00,WX-MASTER,0.0,7.248,22.68,WEATHER_STATION,VALID
2025-12-15 07:00:00,WX-MASTER,0.2412,8.1,22.27,WEATHER_STATION,VALID
2025-12-15 08:00:00,WX-MASTER,0.3957,3.998,22.77,WEATHER_STATION,VALID
2025-12-15 09:00:00,WX-MASTER,0.5673,6.836,23.09,WEATHER_STATION,VALID
2025-12-15 10:00:00,WX-MASTER,0.76,5.223,24.52,WEATHER_STATION,VALID
2025-12-15 11:00:00,WX-MASTER,0.7178,4.526,24.15,WEATHER_STATION,VALID
2025-12-15 12:00:00,WX-MASTER,0.3006,7.644,23.87,WEATHER_STATION,VALID
2025-12-15 13:00:00,WX-MASTER,0.7588,5.85,28.23,WEATHER_STATION,VALID
2025-12-15 14:00:00,WX-MASTER,0.6522,4.401,26.19,WEATHER_STATION,VALID
2025-12-15 15:00:00,WX-MASTER,0.553,6.261,26.33,WEATHER_STATION,VALID
2025-12-15 16:00:00,WX-MASTER,0.4479,5.092,26.0,WEATHER_STATION,VALID
2025-12-15 17:00:00,WX-MASTER,0.2137,4.778,29.09,WEATHER_STATION,VALID
2025-12-15 18:00:00,WX-MASTER,0.0,4.782,30.37,WEATHER_STATION,VALID
2025-12-15 19:00:00,WX-MASTER,0.0,6.219,28.52,WEATHER_STATION,VALID
2025-12-15 20:00:00,WX-MASTER,0.0,5.286,30.76,WEATHER_STATION,VALID
2025-12-15 21:00:00,WX-MASTER,0.0,6.537,29.99,WEATHER_STATION,VALID
2025-12-15 22:00:00,WX-MASTER,0.0,7.711,27.41,WEATHER_STATION,VALID
2025-12-15 23:00:00,WX-MASTER,0.0,6.882,29.74,WEATHER_STATION,VALID
2025-12-16 00:00:00,WX-MASTER,0.0,9.446,27.97,WEATHER_STATION,VALID
2025-12-16 01:00:00,WX-MASTER,0.0,6.956,26.09,WEATHER_STATION,VALID
2025-12-16 02:00:00,WX-MASTER,0.0,8.687,27.69,WEATHER_STATION,VALID
2025-12-16 03:00:00,WX-MASTER,0.0,8.129,26.76,WEATHER_STATION,VALID
2025-12-16 04:00:00,WX-MASTER,0.0,8.708,23.41,WEATHER_STATION,VALID
2025-12-16 05:00:00,WX-MASTER,0.0,9.1,24.42,WEATHER_STATION,VALID
2025-12-16 06:00:00,WX-MASTER,0.0,4.018,23.75,WEATHER_STATION,VALID
2025-12-16 07:00:00,WX-MASTER,0.2186,6.398,23.08,WEATHER_STATION,VALID
2025-12-16 08:00:00,WX-MASTER,0.4242,5.647,22.42,WEATHER_STATION,VALID
2025-12-16 09:00:00,WX-MASTER,0.607,5.687,22.98,WEATHER_STATION,VALID
2025-12-16 10:00:00,WX-MASTER,0.7084,4.802,24.64,WEATHER_STATION,VALID
2025-12-16 11:00:00,WX-MASTER,0.8577,4.432,24.56,WEATHER_STATION,VALID
2025-12-16 12:00:00,WX-MASTER,0.8191,3.583,22.48,WEATHER_STATION,VALID
2025-12-16 13:00:00,WX-MASTER,0.8577,5.078,23.06,WEATHER_STATION,VALID
2025-12-16 14:00:00,WX-MASTER,0.6677,6.171,24.31,WEATHER_STATION,VALID
2025-12-16 15:00:00,WX-MASTER,0.5394,4.388,25.82,WEATHER_STATION,VALID
2025-12-16 16:00:00,WX-MASTER,0.4236,4.738,27.38,WEATHER_STATION,VALID
2025-12-16 17:00:00,WX-MASTER,0.209,4.446,28.47,WEATHER_STATION,VALID
2025-12-16 18:00:00,WX-MASTER,0.0,4.29,29.49,WEATHER_STATION,VALID
2025-12-16 19:00:00,WX-MASTER,0.0,5.529,29.88,WEATHER_STATION,VALID
2025-12-16 20:00:00,WX-MASTER,0.0,6.543,29.98,WEATHER_STATION,VALID
2025-12-16 21:00:00,WX-MASTER,0.0,7.982,31.29,WEATHER_STATION,VALID
2025-12-16 22:00:00,WX-MASTER,0.0,5.021,27.56,WEATHER_STATION,VALID
2025-12-16 23:00:00,WX-MASTER,0.0,6.712,29.42,WEATHER_STATION,VALID
2025-12-17 00:00:00,WX-MASTER,0.0,8.422,28.72,WEATHER_STATION,VALID
2025-12-17 01:00:00,WX-MASTER,0.0,5.42,25.96,WEATHER_STATION,VALID
2025-12-17 02:00:00,WX-MASTER,0.0,8.594,27.21,WEATHER_STATION,VALID
2025-12-17 03:00:00,WX-MASTER,0.0,6.303,26.11,WEATHER_STATION,VALID
2025-12-17 04:00:00,WX-MASTER,0.0,7.663,24.77,WEATHER_STATION,VALID
2025-12-17 05:00:00,WX-MASTER,0.0,6.266,21.19,WEATHER_STATION,VALID
2025-12-17 06:00:00,WX-MASTER,0.0,6.917,24.7,WEATHER_STATION,VALID
2025-12-17 07:00:00,WX-MASTER,0.196,8.159,23.46,WEATHER_STATION,VALID
2025-12-17 08:00:00,WX-MASTER,0.4812,5.648,23.55,WEATHER_STATION,VALID
2025-12-17 09:00:00,WX-MASTER,0.5805,6.851,19.12,WEATHER_STATION,VALID
2025-12-17 10:00:00,WX-MASTER,0.7535,5.689,22.9,WEATHER_STATION,VALID
2025-12-17 11:00:00,WX-MASTER,0.816,4.13,22.38,WEATHER_STATION,VALID
2025-12-17 12:00:00,WX-MASTER,0.7164,4.837,26.37,WEATHER_STATION,VALID
2025-12-17 13:00:00,WX-MASTER,0.6849,4.694,24.34,WEATHER_STATION,VALID
2025-12-17 14:00:00,WX-MASTER,0.7435,3.135,28.35,WEATHER_STATION,VALID
2025-12-17 15:00:00,WX-MASTER,0.5669,5.64,28.62,WEATHER_STATION,VALID
2025-12-17 16:00:00,WX-MASTER,0.4778,6.034,28.59,WEATHER_STATION,VALID
2025-12-17 17:00:00,WX-MASTER,0.2342,6.423,30.41,WEATHER_STATION,VALID
2025-12-17 18:00:00,WX-MASTER,0.0,7.455,28.47,WEATHER_STATION,VALID
2025-12-17 19:00:00,WX-MASTER,0.0,7.09,29.03,WEATHER_STATION,VALID
2025-12-17 20:00:00,WX-MASTER,0.0,5.327,31.18,WEATHER_STATION,VALID
2025-12-17 21:00:00,WX-MASTER,0.0,5.854,28.82,WEATHER_STATION,VALID
2025-12-17 22:00:00,WX-MASTER,0.0,7.675,28.01,WEATHER_STATION,VALID
2025-12-17 23:00:00,WX-MASTER,0.0,7.271,28.66,WEATHER_STATION,VALID
2025-12-18 00:00:00,WX-MASTER,0.0,6.881,27.29,WEATHER_STATION,VALID
2025-12-18 01:00:00,WX-MASTER,0.0,5.829,29.74,WEATHER_STATION,VALID
2025-12-18 02:00:00,WX-MASTER,0.0,6.27,27.53,WEATHER_STATION,VALID
12-18-2025 03:00,WX-MASTER,0.0,7.645,25.0,WEATHER_STATION,VALID
2025-12-18 04:00:00,WX-MASTER,0.0,4.215,23.65,WEATHER_STATION,VALID
2025-12-18 05:00:00,WX-MASTER,0.0,3.521,24.53,WEATHER_STATION,VALID
2025-12-18 06:00:00,WX-MASTER,0.0,7.236,24.99,WEATHER_STATION,VALID
2025-12-18 07:00:00,WX-MASTER,0.2442,5.387,23.57,WEATHER_STATION,VALID
2025-12-18 08:00:00,WX-MASTER,0.4013,6.429,21.96,WEATHER_STATION,VALID
2025-12-18 09:00:00,WX-MASTER,0.5751,7.619,21.5,WEATHER_STATION,VALID
2025-12-18 10:00:00,WX-MASTER,0.7176,4.029,23.12,WEATHER_STATION,VALID
2025-12-18 11:00:00,WX-MASTER,0.829,2.995,24.5,WEATHER_STATION,VALID
2025-12-18 12:00:00,WX-MASTER,0.8442,4.68,24.29,WEATHER_STATION,VALID
2025-12-18 13:00:00,WX-MASTER,0.669,4.087,26.9,WEATHER_STATION,VALID
2025-12-18 14:00:00,WX-MASTER,0.7674,4.95,27.23,WEATHER_STATION,VALID
2025-12-18 15:00:00,WX-MASTER,0.5804,5.756,27.79,WEATHER_STATION,VALID
2025-12-18 16:00:00,WX-MASTER,0.388,5.617,28.96,WEATHER_STATION,VALID
2025-12-18 17:00:00,WX-MASTER,0.2695,5.441,27.41,WEATHER_STATION,VALID
2025-12-18 18:00:00,WX-MASTER,0.0,6.985,29.03,WEATHER_STATION,VALID
2025-12-18 19:00:00,WX-MASTER,0.0,6.735,28.73,WEATHER_STATION,VALID
2025-12-18 20:00:00,WX-MASTER,0.0,5.888,30.56,WEATHER_STATION,VALID
2025-12-18 21:00:00,WX-MASTER,0.0,7.2,28.75,WEATHER_STATION,VALID
2025-12-18 22:00:00,WX-MASTER,0.0,4.588,29.73,WEATHER_STATION,VALID
2025-12-18 23:00:00,WX-MASTER,0.0,8.161,28.88,WEATHER_STATION,VALID
2025-12-19 00:00:00,WX-MASTER,0.0,6.947,29.1,WEATHER_STATION,VALID
2025-12-19 01:00:00,WX-MASTER,0.0,5.419,26.1,WEATHER_STATION,VALID
2025-12-19 02:00:00,WX-MASTER,0.0,6.432,27.17,WEATHER_STATION,VALID
2025-12-19 03:00:00,WX-MASTER,0.0,8.25,24.44,WEATHER_STATION,VALID
2025-12-19 04:00:00,WX-MASTER,0.0,5.767,23.72,WEATHER_STATION,VALID
2025-12-19 05:00:00,WX-MASTER,0.0,7.111,23.98,WEATHER_STATION,VALID
2025-12-19 06:00:00,WX-MASTER,0.0,7.49,25.03,WEATHER_STATION,VALID
2025-12-19 07:00:00,WX-MASTER,0.2472,6.126,22.24,WEATHER_STATION,VALID
2025-12-19 08:00:00,WX-MASTER,0.4687,4.709,21.0,WEATHER_STATION,VALID
2025-12-19 09:00:00,WX-MASTER,0.3257,5.5,22.12,WEATHER_STATION,VALID
2025-12-19 10:00:00,WX-MASTER,0.6111,3.527,23.14,WEATHER_STATION,VALID
2025-12-19 11:00:00,WX-MASTER,0.791,4.544,26.4,WEATHER_STATION,VALID
2025-12-19 12:00:00,WX-MASTER,0.7364,60.0,25.35,WEATHER_STATION,VALID
2025-12-19 13:00:00,WX-MASTER,0.7715,4.931,24.82,WEATHER_STATION,VALID
2025-12-19 14:00:00,WX-MASTER,0.5941,3.347,26.46,WEATHER_STATION,VALID
2025-12-19 15:00:00,WX-MASTER,0.57,5.179,29.42,WEATHER_STATION,VALID
2025-12-19 16:00:00,WX-MASTER,0.4674,6.679,28.09,WEATHER_STATION,VALID
2025-12-19 17:00:00,WX-MASTER,0.2543,6.949,28.83,WEATHER_STATION,VALID
2025-12-19 18:00:00,WX-MASTER,0.0,4.004,29.18,WEATHER_STATION,VALID
2025-12-19 19:00:00,WX-MASTER,0.0,5.011,30.85,WEATHER_STATION,VALID
2025-12-19 20:00:00,WX-MASTER,0.0,7.246,29.5,WEATHER_STATION,VALID
2025-12-19 21:00:00,WX-MASTER,0.0,7.304,31.06,WEATHER_STATION,VALID
2025-12-19 22:00:00,WX-MASTER,0.0,5.812,30.94,WEATHER_STATION,VALID
2025-12-19 23:00:00,WX-MASTER,0.0,6.16,29.84,WEATHER_STATION,VALID
2025-12-20 00:00:00,WX-MASTER,0.0,7.039,28.14,WEATHER_STATION,VALID
2025-12-20 01:00:00,WX-MASTER,0.0,4.611,25.89,WEATHER_STATION,VALID
2025-12-20 02:00:00,WX-MASTER,0.0,7.671,26.39,WEATHER_STATION,VALID
2025-12-20 03:00:00,WX-MASTER,0.0,8.323,24.95,WEATHER_STATION,VALID
2025-12-20 04:00:00,WX-MASTER,0.0,6.274,23.98,WEATHER_STATION,VALID
2025-12-20 05:00:00,WX-MASTER,0.0,4.746,23.9,WEATHER_STATION,VALID
2025-12-20 06:00:00,WX-MASTER,0.0,8.199,24.21,WEATHER_STATION,VALID
2025-12-20 07:00:00,WX-MASTER,0.2395,6.394,22.53,WEATHER_STATION,VALID
2025-12-20 08:00:00,WX-MASTER,0.4234,6.769,21.51,WEATHER_STATION,VALID
2025-12-20 09:00:00,WX-MASTER,0.3676,3.879,22.13,WEATHER_STATION,VALID
2025-12-20 10:00:00,WX-MASTER,0.7089,3.661,25.66,WEATHER_STATION,VALID
2025-12-20 11:00:00,WX-MASTER,0.8526,5.732,24.84,WEATHER_STATION,VALID
2025-12-20 12:00:00,WX-MASTER,0.7883,6.404,23.76,WEATHER_STATION,VALID
2025-12-20 13:00:00,WX-MASTER,0.8575,3.538,27.3,WEATHER_STATION,VALID
2025-12-20 14:00:00,WX-MASTER,0.6856,4.879,26.37,WEATHER_STATION,VALID
2025-12-20 15:00:00,WX-MASTER,0.5638,3.021,30.3,WEATHER_STATION,VALID
2025-12-20 16:00:00,WX-MASTER,0.4028,4.308,28.73,WEATHER_STATION,VALID
2025-12-20 17:00:00,WX-MASTER,0.1921,5.074,29.81,WEATHER_STATION,VALID
2025-12-20 18:00:00,WX-MASTER,0.0,6.273,30.7,WEATHER_STATION,VALID
2025-12-20 19:00:00,WX-MASTER,0.0,3.153,31.83,WEATHER_STATION,VALID
2025-12-20 20:00:00,WX-MASTER,0.0,7.868,29.63,WEATHER_STATION,VALID
2025-12-20 21:00:00,WX-MASTER,0.0,6.181,31.72,WEATHER_STATION,VALID
2025-12-20 22:00:00,WX-MASTER,0.0,8.308,28.94,WEATHER_STATION,VALID
2025-12-20 23:00:00,WX-MASTER,0.0,7.715,28.7,WEATHER_STATION,VALID
2025-12-21 00:00:00,WX-MASTER,0.0,8.054,28.45,WEATHER_STATION,VALID
2025-12-21 01:00:00,WX-MASTER,0.0,9.635,28.7,WEATHER_STATION,VALID
2025-12-21 02:00:00,WX-MASTER,0.0,5.986,26.3,WEATHER_STATION,VALID
2025-12-21 03:00:00,WX-MASTER,0.0,7.106,27.77,WEATHER_STATION,VALID
2025-12-21 04:00:00,WX-MASTER,0.0,5.506,26.53,WEATHER_STATION,VALID
2025-12-21 05:00:00,WX-MASTER,0.0,6.473,24.26,WEATHER_STATION,VALID
2025-12-21 06:00:00,WX-MASTER,0.0,7.313,22.5,WEATHER_STATION,VALID
2025-12-21 07:00:00,WX-MASTER,0.2015,7.589,24.51,WEATHER_STATION,VALID
2025-12-21 08:00:00,WX-MASTER,0.3814,5.365,20.68,WEATHER_STATION,VALID
2025-12-21 09:00:00,WX-MASTER,0.589,4.045,24.2,WEATHER_STATION,VALID
2025-12-21 10:00:00,WX-MASTER,0.6726,5.484,22.67,WEATHER_STATION,VALID
2025-12-21 11:00:00,WX-MASTER,0.6395,4.1,25.72,WEATHER_STATION,VALID
2025-12-21 12:00:00,WX-MASTER,0.7781,4.331,23.28,WEATHER_STATION,VALID
2025-12-21 13:00:00,WX-MASTER,0.7335,5.893,24.99,WEATHER_STATION,VALID
2025-12-21 14:00:00,WX-MASTER,0.6068,5.657,27.22,WEATHER_STATION,VALID
2025-12-21 15:00:00,WX-MASTER,0.5626,6.183,28.32,WEATHER_STATION,VALID
2025-12-21 16:00:00,WX-MASTER,0.419,4.796,27.69,WEATHER_STATION,VALID
2025-12-21 17:00:00,WX-MASTER,0.2229,6.735,28.77,WEATHER_STATION,VALID
2025-12-21 18:00:00,WX-MASTER,0.0,5.67,30.87,WEATHER_STATION,VALID
2025-12-21 19:00:00,WX-MASTER,0.0,5.536,31.28,WEATHER_STATION,VALID
2025-12-21 20:00:00,WX-MASTER,0.0,4.738,29.77,WEATHER_STATION,VALID
2025-12-21 21:00:00,WX-MASTER,0.0,3.7,29.34,WEATHER_STATION,VALID
2025-12-21 22:00:00,WX-MASTER,0.0,4.607,28.08,WEATHER_STATION,VALID
2025-12-21 23:00:00,WX-MASTER,0.0,7.101,29.47,WEATHER_STATION,VALID
2025-12-22 00:00:00,WX-MASTER,0.0,5.781,29.45,WEATHER_STATION,VALID
2025-12-22 01:00:00,WX-MASTER,0.0,4.884,27.81,WEATHER_STATION,VALID
2025-12-22 02:00:00,WX-MASTER,0.0,6.472,25.61,WEATHER_STATION,VALID
2025-12-22 03:00:00,WX-MASTER,0.0,7.308,27.96,WEATHER_STATION,VALID
2025-12-22 04:00:00,WX-MASTER,0.0,7.348,22.45,WEATHER_STATION,VALID
2025-12-22 05:00:00,WX-MASTER,0.0,6.583,25.3,WEATHER_STATION,VALID
2025-12-22 06:00:00,WX-MASTER,0.0,6.312,23.95,WEATHER_STATION,VALID
2025-12-22 07:00:00,WX-MASTER,0.2695,5.438,23.9,WEATHER_STATION,VALID
2025-12-22 08:00:00,WX-MASTER,0.4249,6.701,22.28,WEATHER_STATION,VALID
2025-12-22 09:00:00,WX-MASTER,0.621,5.396,23.16,WEATHER_STATION,VALID
2025-12-22 10:00:00,WX-MASTER,0.7427,5.304,24.04,WEATHER_STATION,VALID
2025-12-22 11:00:00,WX-MASTER,0.8193,6.572,24.14,WEATHER_STATION,VALID
2025-12-22 12:00:00,WX-MASTER,0.8055,6.126,22.82,WEATHER_STATION,VALID
2025-12-22 13:00:00,WX-MASTER,0.7754,4.795,27.87,WEATHER_STATION,VALID
2025-12-22 14:00:00,WX-MASTER,0.7019,4.615,27.5,WEATHER_STATION,VALID
2025-12-22 15:00:00,WX-MASTER,0.5496,4.678,27.67,WEATHER_STATION,VALID
2025-12-22 16:00:00,WX-MASTER,0.4492,2.621,28.59,WEATHER_STATION,VALID
2025-12-22 17:00:00,WX-MASTER,0.2695,6.864,31.22,WEATHER_STATION,VALID
2025-12-22 18:00:00,WX-MASTER,0.0,4.776,28.86,WEATHER_STATION,VALID
2025-12-22 19:00:00,WX-MASTER,0.0,7.031,28.94,WEATHER_STATION,VALID
2025-12-22 20:00:00,WX-MASTER,0.0,6.235,31.24,WEATHER_STATION,VALID
2025-12-22 21:00:00,WX-MASTER,0.0,8.241,30.66,WEATHER_STATION,VALID
2025-12-22 22:00:00,WX-MASTER,0.0,7.343,28.54,WEATHER_STATION,VALID
2025-12-22 23:00:00,WX-MASTER,0.0,8.021,30.5,WEATHER_STATION,VALID
2025-12-23 00:00:00,WX-MASTER,0.0,6.206,28.86,WEATHER_STATION,VALID
2025-12-23 01:00:00,WX-MASTER,0.0,5.367,26.58,WEATHER_STATION,VALID
2025-12-23 02:00:00,WX-MASTER,0.0,7.224,27.34,WEATHER_STATION,VALID
2025-12-23 03:00:00,WX-MASTER,0.0,4.467,26.26,WEATHER_STATION,VALID
2025-12-23 04:00:00,WX-MASTER,0.0,6.215,24.9,WEATHER_STATION,VALID
2025-12-23 05:00:00,WX-MASTER,0.0,5.089,24.74,WEATHER_STATION,VALID
2025-12-23 06:00:00,WX-MASTER,0.0,5.315,24.47,WEATHER_STATION,VALID
2025-12-23 07:00:00,WX-MASTER,0.245,6.927,24.47,WEATHER_STATION,VALID
2025-12-23 08:00:00,WX-MASTER,0.4198,6.581,23.38,WEATHER_STATION,VALID
2025-12-23 09:00:00,WX-MASTER,0.6453,5.431,23.05,WEATHER_STATION,VALID
2025-12-23 10:00:00,WX-MASTER,0.7841,5.834,24.01,WEATHER_STATION,VALID
2025-12-23 11:00:00,WX-MASTER,0.675,4.535,25.71,WEATHER_STATION,VALID
2025-12-23 12:00:00,WX-MASTER,0.7517,8.267,25.76,WEATHER_STATION,VALID
2025-12-23 13:00:00,WX-MASTER,0.8343,5.441,25.45,WEATHER_STATION,VALID
2025-12-23 14:00:00,WX-MASTER,0.6848,4.288,26.82,WEATHER_STATION,VALID
2025-12-23 15:00:00,WX-MASTER,0.5549,6.267,29.66,WEATHER_STATION,VALID
2025-12-23 16:00:00,WX-MASTER,0.4812,6.876,29.4,WEATHER_STATION,VALID
2025-12-23 17:00:00,WX-MASTER,0.267,4.446,29.41,WEATHER_STATION,VALID
2025-12-23 18:00:00,WX-MASTER,0.0,3.837,31.15,WEATHER_STATION,VALID
2025-12-23 19:00:00,WX-MASTER,0.0,4.349,29.48,WEATHER_STATION,VALID
2025-12-23 20:00:00,WX-MASTER,0.0,5.325,30.65,WEATHER_STATION,VALID
2025-12-23 21:00:00,WX-MASTER,0.0,6.376,32.38,WEATHER_STATION,VALID
2025-12-23 22:00:00,WX-MASTER,0.0,4.552,30.57,WEATHER_STATION,VALID
2025-12-23 23:00:00,WX-MASTER,0.0,6.307,31.17,WEATHER_STATION,VALID
2025-12-24 00:00:00,WX-MASTER,0.0,6.721,28.43,WEATHER_STATION,VALID
2025-12-24 01:00:00,WX-MASTER,0.0,7.476,27.12,WEATHER_STATION,VALID
2025-12-24 02:00:00,WX-MASTER,0.0,7.843,28.18,WEATHER_STATION,VALID
2025-12-24 03:00:00,WX-MASTER,0.0,7.497,23.68,WEATHER_STATION,VALID
2025-12-24 04:00:00,WX-MASTER,0.0,9.169,25.25,WEATHER_STATION,VALID
2025-12-24 05:00:00,WX-MASTER,0.0,8.073,25.55,WEATHER_STATION,VALID
2025-12-24 06:00:00,WX-MASTER,0.0,6.71,24.43,WEATHER_STATION,VALID
2025-12-24 07:00:00,WX-MASTER,0.2495,4.906,20.88,WEATHER_STATION,VALID
2025-12-24 08:00:00,WX-MASTER,0.3499,5.029,21.67,WEATHER_STATION,VALID
2025-12-24 09:00:00,WX-MASTER,0.588,3.799,23.27,WEATHER_STATION,VALID
2025-12-24 10:00:00,WX-MASTER,0.7841,5.633,24.32,WEATHER_STATION,VALID
2025-12-24 11:00:00,WX-MASTER,0.8576,5.684,24.93,WEATHER_STATION,VALID
2025-12-24 12:00:00,WX-MASTER,0.6296,6.288,25.03,WEATHER_STATION,VALID
2025-12-24 13:00:00,WX-MASTER,0.784,5.413,26.75,WEATHER_STATION,VALID
2025-12-24 14:00:00,WX-MASTER,0.6207,6.441,27.31,WEATHER_STATION,VALID
2025-12-24 15:00:00,WX-MASTER,0.5108,6.541,27.54,WEATHER_STATION,VALID
2025-12-24 16:00:00,WX-MASTER,0.4288,3.943,29.18,WEATHER_STATION,VALID
2025-12-24 17:00:00,WX-MASTER,0.2695,4.795,28.48,WEATHER_STATION,VALID
2025-12-24 18:00:00,WX-MASTER,0.0,5.683,30.58,WEATHER_STATION,VALID
2025-12-24 19:00:00,WX-MASTER,0.0,5.033,29.15,WEATHER_STATION,VALID
2025-12-24 20:00:00,WX-MASTER,0.0,5.895,30.87,WEATHER_STATION,VALID
2025-12-24 21:00:00,WX-MASTER,0.0,6.854,30.72,WEATHER_STATION,VALID
2025-12-24 22:00:00,WX-MASTER,0.0,6.525,29.46,WEATHER_STATION,VALID
2025-12-24 23:00:00,WX-MASTER,0.0,6.866,30.02,WEATHER_STATION,VALID
2025-12-25 00:00:00,WX-MASTER,0.0,5.781,30.42,WEATHER_STATION,VALID
2025-12-25 01:00:00,WX-MASTER,0.0,7.727,26.5,WEATHER_STATION,VALID
2025-12-25 02:00:00,WX-MASTER,0.0,7.626,27.96,WEATHER_STATION,VALID
2025-12-25 03:00:00,WX-MASTER,0.0,5.999,27.21,WEATHER_STATION,VALID
2025-12-25 04:00:00,WX-MASTER,0.0,5.173,24.82,WEATHER_STATION,VALID
2025-12-25 05:00:00,WX-MASTER,0.0,8.265,25.3,WEATHER_STATION,VALID
2025-12-25 06:00:00,WX-MASTER,0.0,8.71,23.48,WEATHER_STATION,VALID
2025-12-25 07:00:00,WX-MASTER,0.2315,6.489,24.94,WEATHER_STATION,VALID
2025-12-25 08:00:00,WX-MASTER,0.4529,5.452,20.03,WEATHER_STATION,VALID
2025-12-25 09:00:00,WX-MASTER,0.6381,7.032,25.17,WEATHER_STATION,VALID
2025-12-25 10:00:00,WX-MASTER,0.6531,6.06,22.45,WEATHER_STATION,VALID
2025-12-25 11:00:00,WX-MASTER,0.7549,4.994,24.45,WEATHER_STATION,VALID
2025-12-25 12:00:00,WX-MASTER,0.8791,6.401,24.09,WEATHER_STATION,VALID
2025-12-25 13:00:00,WX-MASTER,0.6696,4.028,27.7,WEATHER_STATION,VALID
2025-12-25 14:00:00,WX-MASTER,0.7842,4.188,26.54,WEATHER_STATION,VALID
2025-12-25 15:00:00,WX-MASTER,0.3539,5.632,27.07,WEATHER_STATION,VALID
2025-12-25 16:00:00,WX-MASTER,0.418,5.444,29.91,WEATHER_STATION,VALID
2025-12-25 17:00:00,WX-MASTER,0.2144,6.312,30.17,WEATHER_STATION,VALID
2025-12-25 18:00:00,WX-MASTER,0.0,7.264,29.45,WEATHER_STATION,VALID
2025-12-25 19:00:00,WX-MASTER,0.0,3.948,29.01,WEATHER_STATION,VALID
2025-12-25 20:00:00,WX-MASTER,0.0,6.278,28.96,WEATHER_STATION,VALID
2025-12-25 21:00:00,WX-MASTER,0.0,8.949,31.73,WEATHER_STATION,VALID
2025-12-25 22:00:00,WX-MASTER,0.0,5.925,30.35,WEATHER_STATION,VALID
2025-12-25 23:00:00,WX-MASTER,0.0,5.952,29.5,WEATHER_STATION,VALID
2025-12-26 00:00:00,WX-MASTER,0.0,4.109,29.19,WEATHER_STATION,VALID
2025-12-26 01:00:00,WX-MASTER,0.0,7.217,25.41,WEATHER_STATION,VALID
2025-12-26 02:00:00,WX-MASTER,0.0,7.834,26.46,WEATHER_STATION,VALID
2025-12-26 03:00:00,WX-MASTER,0.0,7.758,25.58,WEATHER_STATION,VALID
2025-12-26 04:00:00,WX-MASTER,0.0,5.522,26.27,WEATHER_STATION,VALID
2025-12-26 05:00:00,WX-MASTER,0.0,6.671,22.61,WEATHER_STATION,VALID
2025-12-26 06:00:00,WX-MASTER,0.0,6.741,25.08,WEATHER_STATION,VALID
2025-12-26 07:00:00,WX-MASTER,0.2598,6.267,25.62,WEATHER_STATION,VALID
2025-12-26 08:00:00,WX-MASTER,0.3828,4.515,21.28,WEATHER_STATION,VALID
2025-12-26 09:00:00,WX-MASTER,0.6345,5.788,23.48,WEATHER_STATION,VALID
2025-12-26 10:00:00,WX-MASTER,0.6519,4.406,24.41,WEATHER_STATION,VALID
2025-12-26 11:00:00,WX-MASTER,0.663,2.851,25.42,WEATHER_STATION,VALID
2025-12-26 12:00:00,WX-MASTER,0.7659,6.044,22.5,WEATHER_STATION,VALID
2025-12-26 13:00:00,WX-MASTER,0.8579,5.279,26.34,WEATHER_STATION,VALID
2025-12-26 14:00:00,WX-MASTER,0.7082,5.872,26.58,WEATHER_STATION,VALID
2025-12-26 15:00:00,WX-MASTER,0.6618,4.481,27.41,WEATHER_STATION,VALID
2025-12-26 16:00:00,WX-MASTER,0.3992,6.125,31.08,WEATHER_STATION,VALID
2025-12-26 17:00:00,WX-MASTER,0.2657,6.828,29.06,WEATHER_STATION,VALID
2025-12-26 18:00:00,WX-MASTER,0.0,8.009,30.42,WEATHER_STATION,VALID
2025-12-26 19:00:00,WX-MASTER,0.0,7.04,30.08,WEATHER_STATION,VALID
2025-12-26 20:00:00,WX-MASTER,0.0,6.743,30.63,WEATHER_STATION,VALID
2025-12-26 21:00:00,WX-MASTER,0.0,4.7,30.89,WEATHER_STATION,VALID
2025-12-26 22:00:00,WX-MASTER,0.0,6.578,30.95,WEATHER_STATION,VALID
2025-12-26 23:00:00,WX-MASTER,0.0,5.048,28.39,WEATHER_STATION,VALID
2025-12-27 00:00:00,WX-MASTER,0.0,5.974,28.81,WEATHER_STATION,VALID
2025-12-27 01:00:00,WX-MASTER,0.0,9.642,28.01,WEATHER_STATION,VALID
2025-12-27 02:00:00,WX-MASTER,0.0,5.765,24.9,WEATHER_STATION,VALID
2025-12-27 03:00:00,WX-MASTER,0.0,3.977,24.83,WEATHER_STATION,VALID
2025-12-27 04:00:00,WX-MASTER,0.0,7.944,26.2,WEATHER_STATION,VALID
2025-12-27 05:00:00,WX-MASTER,0.0,5.823,23.85,WEATHER_STATION,VALID
2025-12-27 06:00:00,WX-MASTER,0.0,7.468,26.98,WEATHER_STATION,VALID
2025-12-27 07:00:00,WX-MASTER,0.2531,4.694,24.65,WEATHER_STATION,VALID
2025-12-27 08:00:00,WX-MASTER,0.4129,5.401,23.92,WEATHER_STATION,VALID
2025-12-27 09:00:00,WX-MASTER,0.5693,7.259,25.31,WEATHER_STATION,VALID
2025-12-27 10:00:00,WX-MASTER,0.6873,3.762,24.77,WEATHER_STATION,VALID
2025-12-27 11:00:00,WX-MASTER,0.858,5.08,24.62,WEATHER_STATION,VALID
2025-12-27 12:00:00,WX-MASTER,0.7842,5.553,23.43,WEATHER_STATION,VALID
2025-12-27 13:00:00,WX-MASTER,0.659,4.178,26.77,WEATHER_STATION,VALID
2025-12-27 14:00:00,WX-MASTER,0.6055,5.433,28.55,WEATHER_STATION,VALID
2025-12-27 15:00:00,WX-MASTER,0.595,5.212,27.07,WEATHER_STATION,VALID
2025-12-27 16:00:00,WX-MASTER,0.3815,6.022,26.43,WEATHER_STATION,VALID
2025-12-27 17:00:00,WX-MASTER,0.1987,7.91,28.07,WEATHER_STATION,VALID
2025-12-27 18:00:00,WX-MASTER,0.0,9.222,32.02,WEATHER_STATION,VALID
2025-12-27 19:00:00,WX-MASTER,0.0,6.6,30.35,WEATHER_STATION,VALID
2025-12-27 20:00:00,WX-MASTER,0.0,6.116,32.13,WEATHER_STATION,VALID
2025-12-27 21:00:00,WX-MASTER,0.0,7.083,30.28,WEATHER_STATION,VALID
2025-12-27 22:00:00,WX-MASTER,0.0,6.431,29.31,WEATHER_STATION,VALID
2025-12-27 23:00:00,WX-MASTER,0.0,4.85,31.91,WEATHER_STATION,VALID
2025-12-28 00:00:00,WX-MASTER,0.0,6.995,28.21,WEATHER_STATION,VALID
2025-12-28 01:00:00,WX-MASTER,0.0,8.524,27.51,WEATHER_STATION,VALID
2025-12-28 02:00:00,WX-MASTER,0.0,5.207,27.46,WEATHER_STATION,VALID
2025-12-28 03:00:00,WX-MASTER,0.0,5.759,25.65,WEATHER_STATION,VALID
2025-12-28 04:00:00,WX-MASTER,0.0,6.147,26.09,WEATHER_STATION,VALID
2025-12-28 05:00:00,WX-MASTER,0.0,7.199,24.97,WEATHER_STATION,VALID
2025-12-28 06:00:00,WX-MASTER,0.0,9.576,24.46,WEATHER_STATION,VALID
2025-12-28 07:00:00,WX-MASTER,0.241,5.18,22.79,WEATHER_STATION,VALID
2025-12-28 08:00:00,WX-MASTER,0.4904,6.09,21.41,WEATHER_STATION,VALID
2025-12-28 09:00:00,WX-MASTER,0.6574,5.728,22.53,WEATHER_STATION,VALID
2025-12-28 10:00:00,WX-MASTER,0.6861,5.106,22.98,WEATHER_STATION,VALID
2025-12-28 11:00:00,WX-MASTER,0.7439,5.255,24.78,WEATHER_STATION,VALID
2025-12-28 12:00:00,WX-MASTER,0.5422,4.587,24.18,WEATHER_STATION,VALID
2025-12-28 13:00:00,WX-MASTER,0.7334,8.695,24.24,WEATHER_STATION,VALID
2025-12-28 14:00:00,WX-MASTER,0.5938,6.109,25.53,WEATHER_STATION,VALID
2025-12-28 15:00:00,WX-MASTER,0.6003,4.615,28.28,WEATHER_STATION,VALID
2025-12-28 16:00:00,WX-MASTER,0.4415,6.882,29.48,WEATHER_STATION,VALID
2025-12-28 17:00:00,WX-MASTER,0.2568,5.866,28.77,WEATHER_STATION,VALID
2025-12-28 18:00:00,WX-MASTER,0.0,5.836,29.46,WEATHER_STATION,VALID
2025-12-28 19:00:00,WX-MASTER,0.0,5.778,31.02,WEATHER_STATION,VALID
2025-12-28 20:00:00,WX-MASTER,0.0,5.95,30.61,WEATHER_STATION,VALID
2025-12-28 21:00:00,WX-MASTER,0.0,4.94,31.71,WEATHER_STATION,VALID
2025-12-28 22:00:00,WX-MASTER,0.0,4.573,29.75,WEATHER_STATION,VALID
2025-12-28 23:00:00,WX-MASTER,0.0,7.412,28.38,WEATHER_STATION,VALID
2025-12-29 00:00:00,WX-MASTER,0.0,6.822,29.99,WEATHER_STATION,VALID
2025-12-29 01:00:00,WX-MASTER,0.0,8.275,27.47,WEATHER_STATION,VALID
2025-12-29 02:00:00,WX-MASTER,0.0,5.971,25.99,WEATHER_STATION,VALID
2025-12-29 03:00:00,WX-MASTER,0.0,5.628,27.1,WEATHER_STATION,VALID
2025-12-29 04:00:00,WX-MASTER,0.0,7.929,26.93,WEATHER_STATION,VALID
2025-12-29 05:00:00,WX-MASTER,0.0,6.347,24.68,WEATHER_STATION,VALID
2025-12-29 06:00:00,WX-MASTER,0.0,7.615,22.7,WEATHER_STATION,VALID
2025-12-29 07:00:00,WX-MASTER,0.2554,6.292,25.4,WEATHER_STATION,VALID
2025-12-29 08:00:00,WX-MASTER,0.4889,8.428,23.89,WEATHER_STATION,VALID
2025-12-29 09:00:00,WX-MASTER,0.5656,6.72,23.82,WEATHER_STATION,VALID
2025-12-29 10:00:00,WX-MASTER,0.7848,6.047,23.42,WEATHER_STATION,VALID
2025-12-29 11:00:00,WX-MASTER,0.6488,6.373,25.82,WEATHER_STATION,VALID
2025-12-29 12:00:00,WX-MASTER,0.6653,4.853,23.86,WEATHER_STATION,VALID
2025-12-29 13:00:00,WX-MASTER,0.661,3.01,24.59,WEATHER_STATION,VALID
2025-12-29 14:00:00,WX-MASTER,0.6958,5.621,29.21,WEATHER_STATION,VALID
2025-12-29 15:00:00,WX-MASTER,0.6622,7.749,26.81,WEATHER_STATION,VALID
2025-12-29 16:00:00,WX-MASTER,0.4063,2.382,29.84,WEATHER_STATION,VALID
2025-12-29 17:00:00,WX-MASTER,0.2267,6.159,31.07,WEATHER_STATION,VALID
2025-12-29 18:00:00,WX-MASTER,0.0,3.782,30.22,WEATHER_STATION,VALID
2025-12-29 19:00:00,WX-MASTER,0.0,6.001,29.26,WEATHER_STATION,VALID
2025-12-29 20:00:00,WX-MASTER,0.0,6.395,31.19,WEATHER_STATION,VALID
2025-12-29 21:00:00,WX-MASTER,0.0,7.514,31.99,WEATHER_STATION,VALID
2025-12-29 22:00:00,WX-MASTER,0.0,7.039,30.38,WEATHER_STATION,VALID
2025-12-29 23:00:00,WX-MASTER,0.0,8.732,28.52,WEATHER_STATION,VALID
2025-12-30 00:00:00,WX-MASTER,0.0,8.605,29.09,WEATHER_STATION,VALID
2025-12-30 01:00:00,WX-MASTER,0.0,6.895,26.21,WEATHER_STATION,VALID
2025-12-30 02:00:00,WX-MASTER,0.0,8.568,25.8,WEATHER_STATION,VALID
2025-12-30 03:00:00,WX-MASTER,0.0,6.665,25.75,WEATHER_STATION,VALID
2025-12-30 04:00:00,WX-MASTER,0.0,6.306,25.29,WEATHER_STATION,VALID
2025-12-30 05:00:00,WX-MASTER,0.0,5.182,23.05,WEATHER_STATION,VALID
2025-12-30 06:00:00,WX-MASTER,0.0,8.225,24.24,WEATHER_STATION,VALID
2025-12-30 07:00:00,WX-MASTER,0.2404,5.876,24.21,WEATHER_STATION,VALID
2025-12-30 08:00:00,WX-MASTER,0.2106,2.857,23.21,WEATHER_STATION,VALID
2025-12-30 09:00:00,WX-MASTER,0.1915,6.459,21.0,WEATHER_STATION,VALID
2025-12-30 10:00:00,WX-MASTER,0.7242,4.967,24.06,WEATHER_STATION,VALID
2025-12-30 11:00:00,WX-MASTER,0.734,4.962,26.67,WEATHER_STATION,VALID
2025-12-30 12:00:00,WX-MASTER,0.8626,4.921,25.77,WEATHER_STATION,VALID
2025-12-30 13:00:00,WX-MASTER,0.8179,4.725,26.08,WEATHER_STATION,VALID
2025-12-30 14:00:00,WX-MASTER,0.785,8.715,26.52,WEATHER_STATION,VALID
2025-12-30 15:00:00,WX-MASTER,0.5449,7.403,28.57,WEATHER_STATION,VALID
2025-12-30 16:00:00,WX-MASTER,0.4494,6.286,28.97,WEATHER_STATION,VALID
2025-12-30 17:00:00,WX-MASTER,0.2085,5.879,30.29,WEATHER_STATION,VALID
2025-12-30 18:00:00,WX-MASTER,0.0,7.262,28.68,WEATHER_STATION,VALID
2025-12-30 19:00:00,WX-MASTER,0.0,6.365,30.5,WEATHER_STATION,VALID
2025-12-30 20:00:00,WX-MASTER,0.0,7.37,29.92,WEATHER_STATION,VALID
2025-12-30 21:00:00,WX-MASTER,0.0,7.285,30.8,WEATHER_STATION,VALID
2025-12-30 22:00:00,WX-MASTER,0.0,6.95,27.67,WEATHER_STATION,VALID
2025-12-30 23:00:00,WX-MASTER,0.0,8.186,28.97,WEATHER_STATION,VALID
2025-12-31 00:00:00,WX-MASTER,0.0,6.56,29.4,WEATHER_STATION,VALID
2025-12-31 01:00:00,WX-MASTER,0.0,7.244,28.75,WEATHER_STATION,VALID
2025-12-31 02:00:00,WX-MASTER,0.0,5.889,26.96,WEATHER_STATION,VALID
2025-12-31 03:00:00,WX-MASTER,0.0,5.966,23.5,WEATHER_STATION,VALID
2025-12-31 04:00:00,WX-MASTER,0.0,3.666,26.02,WEATHER_STATION,VALID
2025-12-31 05:00:00,WX-MASTER,0.0,7.359,26.43,WEATHER_STATION,VALID
2025-12-31 06:00:00,WX-MASTER,0.0,7.487,22.96,WEATHER_STATION,VALID
2025-12-31 07:00:00,WX-MASTER,0.2056,7.694,23.11,WEATHER_STATION,VALID
2025-12-31 08:00:00,WX-MASTER,0.3982,4.589,24.47,WEATHER_STATION,VALID
2025-12-31 09:00:00,WX-MASTER,0.4518,6.343,24.62,WEATHER_STATION,VALID
2025-12-31 10:00:00,WX-MASTER,0.7852,5.547,25.29,WEATHER_STATION,VALID
2025-12-31 11:00:00,WX-MASTER,0.7908,6.326,25.74,WEATHER_STATION,VALID
2025-12-31 12:00:00,WX-MASTER,0.7799,4.395,23.41,WEATHER_STATION,VALID
2025-12-31 13:00:00,WX-MASTER,0.5815,4.743,25.52,WEATHER_STATION,VALID
2025-12-31 14:00:00,WX-MASTER,0.5591,3.166,27.75,WEATHER_STATION,VALID
2025-12-31 15:00:00,WX-MASTER,0.2544,4.327,27.8,WEATHER_STATION,VALID
2025-12-31 16:00:00,WX-MASTER,0.4908,5.398,29.19,WEATHER_STATION,VALID
2025-12-31 17:00:00,WX-MASTER,0.2211,5.809,29.32,WEATHER_STATION,VALID
2025-12-31 18:00:00,WX-MASTER,0.0,3.62,29.51,WEATHER_STATION,VALID
2025-12-31 19:00:00,WX-MASTER,0.0,5.4,30.09,WEATHER_STATION,VALID
12-31-2025 20:00,WX-MASTER,0.0,6.535,29.15,WEATHER_STATION,VALID
2025-12-31 21:00:00,WX-MASTER,0.0,8.407,29.51,WEATHER_STATION,VALID
2025-12-31 22:00:00,WX-MASTER,0.0,5.701,29.95,WEATHER_STATION,VALID
2025-12-31 23:00:00,WX-MASTER,0.0,7.618,29.42,WEATHER_STATION,VALID
2025-09-10 08:00:00,WX-MASTER,0.4547,4.925,22.22,WEATHER_STATION,VALID
2025-08-20 12:00:00,WX-MASTER,0.9174,4.705,25.51,WEATHER_STATION,VALID
2025-09-07 14:00:00,WX-MASTER,0.5984,6.405,25.57,WEATHER_STATION,VALID
2025-11-16 18:00:00,WX-MASTER,0.0,5.311,31.11,WEATHER_STATION,VALID
2025-05-19 07:00:00,WX-MASTER,0.3039,6.049,23.62,WEATHER_STATION,VALID
2025-08-29 01:00:00,WX-MASTER,0.0,7.683,26.19,WEATHER_STATION,VALID
2025-09-06 20:00:00,WX-MASTER,0.0,7.712,29.92,WEATHER_STATION,VALID
2025-12-31 22:00:00,WX-MASTER,0.0,5.701,29.95,WEATHER_STATION,VALID
2025-09-11 07:00:00,WX-MASTER,0.2237,8.034,22.46,WEATHER_STATION,VALID
2025-10-27 01:00:00,WX-MASTER,0.0,8.774,27.29,WEATHER_STATION,VALID
2025-10-22 05:00:00,WX-MASTER,0.0,5.875,22.26,WEATHER_STATION,VALID
2025-10-04 03:00:00,WX-MASTER,0.0,8.184,24.98,WEATHER_STATION,VALID
2025-02-16 23:00:00,WX-MASTER,0.0,8.037,29.48,WEATHER_STATION,VALID
2025-08-23 16:00:00,WX-MASTER,0.3472,5.526,26.81,WEATHER_STATION,VALID
2025-08-18 07:00:00,WX-MASTER,0.1327,5.678,24.18,WEATHER_STATION,VALID
2025-08-05 14:00:00,WX-MASTER,0.7557,4.328,26.61,WEATHER_STATION,VALID
2025-10-14 06:00:00,WX-MASTER,0.0,6.972,20.74,WEATHER_STATION,VALID
